episode,mass
1,2.49816047538945
2,2.49816047538945
3,4.802857225639665
4,3.9279757672456204
5,3.3946339367881464
6,1.624074561769746
7,1.6239780813448106
8,1.2323344486727978
9,4.46470458309974
10,3.404460046972835
11,3.832290311184182
12,1.0823379771832098
13,4.879639408647977
14,4.329770563201687
15,1.8493564427131046
16,1.7272998688284025
17,1.7336180394137353
18,2.216968971838151
19,3.0990257265289514
20,2.727780074568463
21,2.1649165607921677
22,3.447411578889518
23,1.5579754426081673
24,2.1685785941408726
25,2.465447373174767
26,2.8242799368681437
27,4.140703845572054
28,1.798695128633439
29,3.0569377536544464
30,3.36965827544817
31,1.185801650879991
32,3.4301794076057535
33,1.6820964947491661
34,1.260206371941118
35,4.7955421490133325
36,4.862528132298237
37,4.233589392465845
38,2.2184550766934827
39,1.3906884560255355
40,3.7369321060486276
41,2.760609974958405
42,1.4881529393791153
43,2.9807076404450807
44,1.1375540844608736
45,4.637281608315128
46,2.0351199264000677
47,3.650089137415928
48,2.246844304357644
49,3.0802720847112433
50,3.1868411173731186
51,1.7394178221021082
52,4.878338511058234
53,4.100531293444458
54,4.757995766256757
55,4.579309401710596
56,3.3915999152443406
57,4.687496940092467
58,1.353970008207678
59,1.7839314496765808
60,1.1809091556421523
61,2.3013213230530574
62,2.554709158757928
63,2.0853961270955836
64,4.314950036607717
65,2.427013306774357
66,2.123738038749523
67,3.170784332632994
68,1.5636968998990506
69,4.208787923016159
70,1.2982025747190833
71,4.947547746402069
72,4.08897907718663
73,1.7948627261366896
74,1.0220884684944096
75,4.261845713819337
76,3.8274293753904685
77,3.9160286721639492
78,4.0850813867437825
79,1.2961786069363614
80,2.4338629141770904
81,1.4634762381005189
82,4.4524137035023745
83,3.4931925073102317
84,2.3235920994105967
85,1.2542334011440945
86,2.243929286862649
87,2.300733288106988
88,3.9184247133522563
89,3.5502298854208525
90,4.548850970305306
91,2.888859700647797
92,1.4783769837532068
93,3.85297914889198
94,4.04314019446759
95,3.245108790277985
96,4.083868719818244
97,2.975182385457563
98,3.0909313175279762
99,2.7101640734341985
100,1.1016765069763808
101,1.4315657079732178
102,1.125716742746937
103,3.5456416450551216
104,2.2574239243053067
105,3.034282764658811
106,4.6302658957043725
107,1.9971689165954998
108,2.641531692142519
109,4.022204554172195
110,1.9151926619664899
111,1.307919639315172
112,2.159005811655072
113,1.6448851490160177
114,4.718790609370292
115,4.232481518257668
116,3.533615026041694
117,4.485842360750871
118,4.214688307596457
119,1.7462802355441434
120,4.570235993959911
121,3.157368967662603
122,4.229760620656251
123,4.584365199693973
124,2.2720138998874555
125,1.440207698110707
126,1.9117406501677667
127,2.7084311545050253
128,4.272059063689973
129,4.442922333025374
130,1.0278085221247628
131,3.042989210310263
132,2.669644012595116
133,1.888431241882921
134,1.4794614693347312
135,2.350460685614512
136,4.771638815650077
137,2.292811728083021
138,3.0751624869734644
139,3.8120758355807114
140,2.454518409517176
141,4.887128330883843
142,4.849789179768445
143,2.0071291833014566
144,2.988994023569542
145,2.2035132392670786
146,2.1393619775098704
147,1.1475477894181312
148,3.4382573359195874
149,3.010716092915446
150,1.2059150049999574
151,2.1145858569464457
152,4.633063543866615
153,1.9582475626678897
154,1.5795794883648924
155,2.957811041110252
156,4.942601816442403
157,1.9682210860460017
158,3.688542189623514
159,4.04647846131487
160,1.9505501759695987
161,3.9128653944474383
162,2.471132530877013
163,3.529223322374318
164,3.534118843043579
165,3.143098736299034
166,1.3611590802176332
167,4.341209982356952
168,2.2831202598869433
169,1.746074041599417
170,1.1631005662190557
171,3.3635717727529673
172,3.7102574473691297
173,1.0663513157114246
174,3.048372233197124
175,1.9059831007917518
176,3.5806911616377994
177,1.6974657160199658
178,3.763750952409864
179,2.5469413852021496
180,4.746919954946938
181,1.550083776583973
182,2.364265404201034
183,1.4538940849623563
184,4.698774473114251
185,4.509357413523924
186,2.0317665108606224
187,3.639936184136716
188,4.268888800804863
189,3.2208032463978493
190,3.118602313424026
191,1.9674091636018067
192,1.3724110712235968
193,4.5888630318133075
194,4.601672228653322
195,3.5324058290930718
196,2.3561191641948027
197,2.3968382984506436
198,3.9038227154809575
199,4.588441039810308
200,4.548345697060469
201,4.1195021834304955
202,3.568126584617151
203,1.3365598599801953
204,1.646514856378455
205,4.5942167541083165
206,3.4257162386383597
207,1.0367882064665186
208,1.4058861714641284
209,3.6540070764322232
210,1.0202463353848747
211,1.6432322056699946
212,3.1949351574663445
213,3.767580790770773
214,3.607845038010402
215,1.8970772378422391
216,3.8487168853901434
217,1.9489963499872003
218,2.301598792637071
219,3.9859656204720966
220,3.5985315961888587
221,4.396893641976712
222,3.6304515692013735
223,3.2732344133418865
224,1.37469907131237
225,2.470863212237734
226,2.060809470726902
227,1.9759585735163343
228,4.892042219009783
229,2.5723908986670416
230,4.568186220708453
231,3.5245545039890516
232,4.179245214166594
233,3.0105483724207684
234,3.3076155385054364
235,2.9700707752754556
236,1.780971951192178
237,3.8898084610460213
238,2.123089449763423
239,1.0972638657258154
240,3.5818891836286713
241,1.7084427176281958
242,4.761834337411657
243,4.8157143080103495
244,4.659457560881794
245,2.4806348010217776
246,1.0618264661154697
247,4.713274250350901
248,2.7127365932692573
249,4.866619276174678
250,4.854479908357011
251,4.41203782186944
252,2.1777955682783428
253,4.412054235951702
254,2.653893056487874
255,2.6321810688602705
256,2.9473726633382458
257,4.831198366199945
258,1.7110651395545755
259,4.5802931000141704
260,1.4583629158854947
261,4.827241512100917
262,2.8130038246202864
263,1.485738676692021
264,2.7236926240838963
265,1.8123866775639712
266,1.041132075259661
267,2.282158137519439
268,4.990882749213756
269,1.0231442584844257
270,2.1033822610305424
271,4.1158710583437585
272,1.577313023330043
273,3.1648688053278202
274,1.2650438228345955
275,3.6352319108932174
276,2.160540824686513
277,4.052386835496
278,2.25757128155058
279,4.873047300743246
280,1.5323081171679442
281,4.09846917101223
282,3.112041718313303
283,3.89309338692635
284,1.6854227638389614
285,4.634524889696024
286,2.6176653184048306
287,2.9445200707894417
288,1.8355195263561979
289,4.849228034212234
290,3.2639115939472587
291,2.574708901486767
292,1.7038039647578929
293,3.1925732601480314
294,1.8433417204086457
295,1.7952237946995417
296,1.5435479039497397
297,1.7986154517577297
298,1.8662973936195568
299,2.7946087868660965
300,3.8739667122017387
301,3.5226345632212084
302,1.3423037023308986
303,2.1186098708050403
304,3.6097947201556853
305,1.1859362657981594
306,1.755512327915711
307,1.963002007067416
308,3.4708289136120256
309,3.8125684948102228
310,3.4729359912194195
311,1.806201692184802
312,4.792337184648977
313,3.6903934174259954
314,3.4196247037056136
315,1.6469767632933845
316,1.3958330809556934
317,2.742060363838232
318,3.0908841075110858
319,4.069475576930548
320,4.765128427626656
321,3.076333565716349
322,1.3871758863801982
323,2.063368082912811
324,2.998096029188767
325,1.7041425336694078
326,3.0050735867991376
327,3.398143393460552
328,1.5106711235279113
329,4.883593933881123
330,2.064226883181664
331,2.650878340498719
332,1.8868805453573758
333,3.3977753180065857
334,3.0264672431309023
335,4.800625889027014
336,2.980664452395679
337,2.6055887005668024
338,4.147851455033257
339,3.4987959617925988
340,3.4033777188970626
341,4.366342745791112
342,4.913295610324077
343,1.1556097824301435
344,1.8385698690586727
345,3.6562198829930908
346,3.5291545449012713
347,4.930130355866726
348,1.1268876310906535
349,2.1419612494591487
350,1.287327845972022
351,4.442491095034518
352,1.056764431949757
353,2.848772806094531
354,3.46633034738808
355,1.4528078029953573
356,1.9164087655672755
357,3.534665284578689
358,3.4456870976136154
359,1.7594464093631097
360,1.6884965480139758
361,1.7656421735116883
362,2.4198262057576128
363,3.30761495728948
364,2.2927850078679035
365,1.3910406573520264
366,4.5751805413244595
367,3.9598824321476047
368,1.0484824515916507
369,1.930751164337626
370,2.7456201163326135
371,4.195088346648189
372,4.347396682561712
373,1.9798457261069928
374,1.5280960646549078
375,1.6341909512952713
376,3.780184960817212
377,3.7605965452706775
378,1.0242317574313606
379,3.514777028538972
380,1.77572913477074
381,1.9709495634226517
382,1.7096746189502183
383,4.6751765960195915
384,3.4916550077003143
385,3.2441581644382693
386,1.501726785006959
387,2.305805293925104
388,1.1728340601223128
389,1.9987087214086534
390,4.354923258523553
391,1.7337809541765257
392,3.638728505633338
393,2.186555113195114
394,2.936993328614553
395,3.99070140324575
396,1.7479731899885027
397,3.578846267786634
398,3.9553182696268054
399,2.584715507942937
400,1.847877641342392
401,3.3017395161654868
402,4.906042747639653
403,3.198189511885555
404,2.7357626949770504
405,2.898678281089608
406,3.99920694135759
407,4.269532065534722
408,4.708690145745173
409,4.96756215352524
410,3.363191066569945
411,1.7115281136838232
412,4.487535450637596
413,4.76797531222711
414,4.054574973400588
415,1.2283664553107094
416,3.3127216302488702
417,3.0851405338052613
418,2.7046684653936763
419,1.1324783108038319
420,4.804855984388714
421,3.8936425706310454
422,1.80354819515557
423,4.76322786000414
424,2.1550441337608146
425,1.076125003978023
426,2.569374550331395
427,3.4541660677302475
428,3.5830325588527314
429,1.16269636178043
430,1.2745219460655957
431,1.680019166688067
432,3.484679180955214
433,1.5845305038113127
434,3.3421427027976778
435,3.928586870201689
436,2.285829528828186
437,1.9906192749416567
438,4.041031829619273
439,2.4531672760269196
440,3.044676690129947
441,1.6738365915798012
442,1.0688495595285405
443,4.899669919591476
444,2.879788103195708
445,2.4305653613709586
446,3.9656334221991383
447,4.440839732639656
448,3.000353173923799
449,4.583098212358527
450,3.462820833189872
451,2.133103259267454
452,3.045741492914426
453,3.6405249805543307
454,3.285854224682852
455,1.460196397819693
456,3.6826036092280994
457,3.9303228373805603
458,2.6055038092192944
459,1.2859395263120206
460,2.430191198691527
461,1.5680582034276669
462,3.065437739800966
463,4.464193279354739
464,1.6343998087286646
465,3.8101896073781627
466,4.749091011021868
467,2.3853080285118913
468,3.4336400725653644
469,2.7384558234615484
470,3.2719766823678866
471,4.2063884288775775
472,1.6217273071214442
473,1.3498299270451621
474,3.551703482764757
475,3.342229544399453
476,4.401055300770574
477,3.053326861830582
478,3.8938683462540755
479,2.760288734492406
480,4.998148084306646
481,2.3566263424332665
482,1.9508151566632477
483,4.6441209562655175
484,1.9209861118939262
485,1.8826845195378934
486,3.4341215490580566
487,1.8449344800052652
488,2.8158839789517804
489,1.1472890409800756
490,2.4383448172548587
491,2.4231541729728345
492,1.4058348399430445
493,1.7412308027606334
494,1.3670492154773646
495,2.454709094880144
496,1.5325733631347056
497,1.1741115129965478
498,2.0936434184281416
499,1.6481008757463131
500,4.991409558618866
501,1.123555895375842
502,4.214718058386736
503,2.4074153876498023
504,1.3571100676433487
505,1.6121216936497715
506,3.913251641953284
507,2.671300703461563
508,4.657944085719395
509,2.638448685832982
510,4.979840002502405
511,1.0839685454643657
512,4.895109764820718
513,3.0263830309363873
514,1.3686947448185216
515,1.4885142930146489
516,3.9659499161554472
517,2.084294090166608
518,4.654777246498675
519,2.3310494838913187
520,1.9460549342897244
521,4.185019316126797
522,1.9154666780297207
523,1.1227378405753514
524,2.700796495131946
525,3.8520762142598737
526,2.036922654567542
527,2.3370292019911925
528,4.539098474896653
529,3.998432411746811
530,4.412996773307263
531,1.220613702910338
532,4.239728445154625
533,3.674521396014051
534,2.612210107541937
535,3.485470319363989
536,3.606774395071011
537,4.939894366546761
538,1.081165623471938
539,1.9517171728788028
540,1.0432600909461351
541,2.5429081695291225
542,2.9714689204967764
543,1.4664554664896592
544,1.559168558845581
545,3.4979141763897084
546,4.5267753476480195
547,4.52417996180889
548,2.3851180878953526
549,3.536462271420424
550,4.212257291781597
551,1.8674063251526567
552,3.68001604686718
553,4.012925333509635
554,4.907533189473304
555,3.6536314731680415
556,1.5874177300857077
557,4.952936874596096
558,2.028124422258378
559,2.0196931852362505
560,4.72561298227133
561,4.767571371744962
562,4.4753260985213394
563,3.203753642987326
564,3.691455288891108
565,4.5313745923406525
566,1.6155634099992944
567,4.9600457205804265
568,3.31123665153383
569,4.9771521399034615
570,1.533657420460774
571,3.8670821455427857
572,3.4727014318727814
573,3.152022483245098
574,4.896743758134271
575,3.4617399765000525
576,3.57610578014454
577,2.975836790894941
578,3.940783522474998
579,3.897477339342331
580,4.342578204778423
581,1.8140246809311038
582,4.479751497761032
583,4.0339107859348875
584,1.045430259423723
585,3.1278762461843423
586,4.969657823499517
587,2.482186752371793
588,1.1462113295353191
589,3.1360850382010335
590,3.5862807244045998
591,4.465341624391167
592,2.0373449227037335
593,3.2864141381497523
594,3.620499112020239
595,2.4837891927481035
596,4.652265674549184
597,2.1361769653798635
598,1.4253968627322524
599,1.7392199781818762
600,4.420987442536559
601,3.407270385895113
602,3.9298420958194296
603,2.429692808057519
604,3.143424488331138
605,1.4504183580823224
606,4.41234563448809
607,3.6309792374392242
608,1.427162572385411
609,3.047961655377495
610,4.5102311388997265
611,1.0099148953910495
612,2.721056010586072
613,3.628290620729162
614,4.143588188722333
615,4.369134604353912
616,4.105337191580449
617,2.4210439904227035
618,3.0918930707603804
619,3.436482142994291
620,1.5879794079489296
621,3.9344296762883455
622,1.0466246885927313
623,2.771004329470865
624,4.111562608985411
625,1.7976241487909226
626,1.1718848125775478
627,1.2385323663598715
628,4.015125455162414
629,3.3178054308377107
630,4.828300825261571
631,4.513473474086799
632,2.4649445817974622
633,2.784492718558989
634,4.424314059608873
635,3.2754713874203634
636,4.650833649411815
637,2.8280713626543665
638,2.3074166419948825
639,4.531436303586583
640,1.1502886114103004
641,2.5910644316374385
642,1.1591353608068795
643,3.9215013492655957
644,1.6517884366905298
645,1.541843493675743
646,4.298577459374167
647,2.6271138958561786
648,2.40536515454524
649,4.578598593184163
650,3.6276748457396724
651,3.0967999922517837
652,4.917334234295822
653,3.4219855465473503
654,4.178103908350202
655,4.796884481903135
656,3.379695196661438
657,4.969259322401399
658,4.933112945480769
659,3.2338256606515974
660,1.5708614116193482
661,1.4625243469378018
662,2.914803592824636
663,1.27864574158348
664,1.6204864268838421
665,3.8414600864616464
666,2.734388965972249
667,2.73031248565693
668,1.2117794320402067
669,3.8947175469017012
670,2.7748737734628635
671,3.2566408191788176
672,3.009747126031296
673,2.5028874945112514
674,1.9519845903515218
675,4.889074632378464
676,3.4100509856437533
677,2.042358780517731
678,2.8000315266011016
679,1.0767947162136284
680,4.684539766038883
681,3.7298181257132286
682,4.635979818210993
683,3.57834113399777
684,3.0958146330545833
685,2.194006049828785
686,1.928238043243657
687,3.816677732106421
688,4.44466870128514
689,1.4026237527357357
690,2.3828023760030215
691,2.4098989686253045
692,4.040783475240492
693,2.172839504883217
694,1.6321485671289753
695,1.2866239693413553
696,2.8008781595514547
697,4.5426302153481135
698,4.201371308442094
699,3.7030943439276096
700,3.5191903713145387
701,2.368470594689222
702,4.0728448427633595
703,3.1262638812683314
704,3.9537177437104742
705,2.9662370637973465
706,1.0360975256466807
707,4.870902481464805
708,4.968818926720282
709,1.3843872626030822
710,1.6214575031193537
711,4.987009423385256
712,4.613644107390826
713,1.3335200128194096
714,4.09836176045922
715,1.6654867407249725
716,3.993834715550141
717,1.3284772001851533
718,3.311613844169534
719,3.797238187170026
720,4.010457896411978
721,4.492423417422415
722,4.531988318195581
723,3.7873148309686737
724,3.3283172043784646
725,1.4066656597284948
726,4.2291468902499725
727,1.2537538315983516
728,4.076838635776534
729,3.2720368662354833
730,3.4797131587155428
731,4.225484238508382
732,3.50320188378446
733,2.5217404290394736
734,3.8959441438371294
735,4.811366449308011
736,4.602398246021581
737,2.942189010609724
738,3.97328387440948
739,3.2130997007642206
740,3.5352557555940027
741,3.19058616086872
742,3.7237930499797818
743,2.3955793087451958
744,1.4915052685585368
745,2.0333973915153036
746,1.8254106634729546
747,1.4606689465700229
748,2.0479447944694837
749,4.060847299899269
750,3.6687775795467927
751,2.1734492944367196
752,4.778673838201557
753,3.3882513282299027
754,3.332338953297016
755,2.1119946495051227
756,2.99537764910358
757,4.544498447454838
758,2.7224031136182028
759,1.9987808189260114
760,1.9197928886173288
761,3.5054274945226314
762,3.09752093276983
763,2.933515700667528
764,4.532808004406617
765,2.8852872082487244
766,3.099154537579198
767,1.9686171379723847
768,4.9247373972695865
769,3.819034981738705
770,2.4842040930146205
771,3.5894033018339666
772,1.809510071290589
773,4.062792443969348
774,1.1339109045729034
775,3.8643736421302477
776,3.9048391561894698
777,4.171382628835525
778,3.0561705998445317
779,3.9450378919979303
780,3.3945627404177197
781,2.370489391237447
782,4.809575425587083
783,4.776983790462417
784,4.305121452393122
785,4.076297935748528
786,1.0137574413079604
787,1.4575826557136011
788,2.092887487289949
789,1.1443079641712188
790,1.0484168953357358
791,3.8992552670454534
792,4.649156461978157
793,4.6442383511414835
794,4.662051312235283
795,3.2885765953327204
796,3.2988247490726854
797,4.29119598229482
798,1.8191136004296924
799,3.7492949472036643
800,2.0495781655695837
801,2.7120457584768993
802,4.185902728793107
803,4.696880673517214
804,1.4462591190228773
805,1.864155237697648
806,1.2697983096446226
807,3.37653047010566
808,3.0645108045886427
809,3.3640835035174526
810,3.018532600465491
811,1.049988231900036
812,4.770296241176696
813,2.7275918463178415
814,1.3568019255959118
815,3.974390438706091
816,2.1494542073050154
817,4.345284317166813
818,3.5113599911339333
819,4.958833779951835
820,1.8241105982865724
821,2.9670090610960584
822,2.818066945009746
823,4.144010570633256
824,4.6174581511073765
825,3.416933624909233
826,3.618796623116089
827,4.139694757032672
828,2.4956556153971925
829,3.0124010794298246
830,3.7696515729523425
831,4.891136828034917
832,3.4065612035581867
833,1.292821741127474
834,3.493718021019483
835,2.7732504596242658
836,4.668826804389036
837,3.309129185120436
838,1.6429797451811718
839,3.3240632678420203
840,2.4308111161834525
841,2.53594656186444
842,1.0744024265380476
843,2.2984114980489436
844,1.7278205696778772
845,2.048659412117569
846,3.683332013003411
847,2.9717165028458563
848,4.864764884138104
849,4.0180948468689826
850,3.3113161229164585
851,3.5156011124100526
852,4.735583787073939
853,2.765931429154596
854,4.916613911567608
855,1.4587161109146898
856,1.6500239773842322
857,4.876639569297698
858,2.6904585481366143
859,3.574650677263712
860,3.615004538530412
861,2.167084060690034
862,2.246062077012945
863,3.8112857703405294
864,3.866347256025254
865,1.02231936528921
866,1.878629189711686
867,1.23078712915086
868,4.895996924624762
869,1.7809568225777062
870,4.916526947846247
871,4.433969684181738
872,3.0557791283619826
873,3.9664009396400703
874,1.4821128210535055
875,4.830374260567886
876,1.2728754301973746
877,3.7052448543119962
878,3.012076921095338
879,3.0213242910004605
880,3.28860652788151
881,2.1245027656188737
882,2.5076801253442493
883,2.1602103590721753
884,4.8267728519857585
885,3.692083937903974
886,1.8548575011868742
887,2.1050378641645677
888,1.8794648310269815
889,3.2614835899520385
890,4.69150176164283
891,4.709650513878556
892,4.319915737923745
893,3.0161065664790616
894,3.419424944510919
895,1.5902132336608732
896,4.161774856239557
897,3.5810967617367195
898,1.5396550521227481
899,1.6286534762534517
900,3.8524819326356203
901,2.9315441658484716
902,2.2206913307534863
903,2.3723880238016783
904,3.559021841094409
905,4.413062485284289
906,1.1246007485203249
907,3.4419428083383488
908,2.38930577967239
909,2.009889056399242
910,1.8954210560733613
911,3.3602164805902026
912,3.34677215497994
913,3.400434678158037
914,1.2138242339440115
915,1.3200938385745373
916,3.6098945760508485
917,2.8761206721902512
918,4.783495778208949
919,3.0377508493888024
920,4.214406535108678
921,1.842012254620725
922,1.3482819694039416
923,1.354956845830063
924,3.152803572955121
925,2.9950499794332464
926,3.93224585040313
927,3.1314683974804134
928,1.4483066752155924
929,2.7643583145370356
930,4.502096944962077
931,2.256384220920024
932,2.396533173878789
933,1.5216888449396841
934,3.1331440237950186
935,4.896383508084504
936,2.43219230834084
937,3.178745508014759
938,2.6501260494018584
939,4.980596810951424
940,1.8231129889321878
941,4.07264992041069
942,2.8657462116025973
943,1.5358352342830024
944,3.5571916198751943
945,2.9505647572116374
946,2.31611580582117
947,1.1982673047183643
948,3.8849643039204924
949,2.7476521963423046
950,1.6047294944966284
951,4.987305880409113
952,3.2424655181319295
953,4.37395496565103
954,4.757855229795909
955,3.7237325314140697
956,1.175049802318965
957,2.637344972872978
958,3.635268336957788
959,3.7290444890839622
960,2.7450957085773195
961,3.98005049111802
962,1.0186742621136702
963,1.7500582814942156
964,4.296421673744943
965,2.8670725411271323
966,2.545369960970324
967,3.556011804335286
968,2.7557708976070208
969,2.605309638542736
970,4.230776278851651
971,1.8469232773581976
972,2.16621335102751
973,2.358906975157423
974,3.885234832413046
975,2.0895738961692594
976,4.7203316722913655
977,3.2678657093166796
978,4.040176267315042
979,1.7471628297481159
980,2.521160051282098
981,2.6701661508471126
982,4.164937000139814
983,2.9927262606001266
984,2.551421216882699
985,1.4107360539087677
986,1.3580558868669153
987,2.886892883550947
988,2.454053845808068
989,4.140772931509796
990,4.203506529070696
991,2.102247106099247
992,1.1564385767538443
993,2.190211643734785
994,2.508424225204532
995,3.7739499680549002
996,3.5758478949127332
997,1.9232911167920639
998,4.20876634655569
999,2.588652923341157
1000,4.471557622679809
1001,3.629639842647357
1002,1.892193155232062
1003,2.3379651853482377
1004,1.9336914285243973
1005,2.9271223404506412
1006,3.082950557833264
1007,3.065652962334612
1008,4.558536433321834
1009,4.526552316084972
1010,2.2218353893840046
1011,4.99640807503099
1012,3.6790699280897328
1013,2.990806729528249
1014,1.7247458560761397
1015,2.3959376575874507
1016,2.752811217423102
1017,4.213730671343276
1018,1.5520106403119192
1019,4.591219894803599
1020,4.892117533887735
1021,4.0597983843241146
1022,1.662249299104178
1023,3.5706448598545313
1024,1.2102067342821856
1025,3.117926405130229
1026,1.212980512650872
1027,2.1697248125873947
1028,3.1724914633735026
1029,4.133199341328393
1030,2.309287838461392
1031,3.0660528904961555
1032,3.5172423318154817
1033,4.980288175436078
1034,2.3171628957791013
1035,4.78130658869974
1036,3.217889229083536
1037,2.606041586598383
1038,2.995956089400061
1039,3.5732263087383624
1040,4.430526219974377
1041,4.747018650447657
1042,4.41129514774204
1043,1.0948970456131306
1044,1.5631293699958348
1045,3.9869120625290972
1046,1.0160534705639814
1047,4.735445260177726
1048,3.092699415338035
1049,3.953218838334059
1050,2.14409156619417
1051,4.228618472574151
1052,2.714423546635634
1053,3.7877934375471813
1054,2.452769891797502
1055,3.817878635315489
1056,4.653249267823565
1057,1.9147218302649196
1058,4.172559565147546
1059,3.336137054156802
1060,2.0438121011504196
1061,1.0701308837353385
1062,2.2532307048739604
1063,4.50291292911844
1064,3.317314054078574
1065,4.417077254014586
1066,4.199460032168282
1067,1.5219627849873363
1068,2.0278592258284696
1069,4.254636279447878
1070,4.410518028557234
1071,4.752129253058994
1072,4.3254409071574065
1073,3.7680875866524683
1074,1.192502721609272
1075,2.0220381221601755
1076,2.7288476496795884
1077,4.209284316805503
1078,4.960409719498174
1079,2.9858968455880923
1080,2.345887365341817
1081,1.8190122388190306
1082,3.7146030450783982
1083,3.334169806238931
1084,2.9381879533763287
1085,2.795094404558293
1086,2.0171865432596294
1087,2.6376295681540225
1088,3.447148109749404
1089,2.54957339649505
1090,4.090978109701101
1091,3.9603087231763716
1092,1.871389474125316
1093,3.5322964783896045
1094,4.712376262339971
1095,1.399562129073579
1096,3.5934551165415742
1097,2.753417995687108
1098,1.2837091052668717
1099,2.3749305140277914
1100,2.41675882429321
1101,4.546421100157637
1102,2.8326674692070046
1103,1.257922031036287
1104,1.177272277671368
1105,1.8524521838942127
1106,2.4918627364073873
1107,4.655172682207548
1108,2.493510154181595
1109,3.778361749430986
1110,4.445994564999646
1111,3.5149353778075056
1112,2.138535276201263
1113,2.541281669186072
1114,2.8504405196239295
1115,1.3501304095595117
1116,2.3687069265944247
1117,4.271765797678128
1118,3.8352919273185937
1119,1.3631435292061593
1120,4.584259111993138
1121,2.835282455280631
1122,1.8652032985822284
1123,3.704292402862897
1124,3.513908582480471
1125,2.17348179121634
1126,2.1863099225502305
1127,3.813656347335505
1128,3.411162595173477
1129,1.325558877386098
1130,3.877759509637268
1131,4.750120448774196
1132,1.2290981500072946
1133,1.6700991518191675
1134,4.531128211222702
1135,2.381218072750293
1136,3.929136718602376
1137,1.276070008996737
1138,2.0681925332169837
1139,1.569725295863536
1140,2.404029736330537
1141,3.7613324276772393
1142,2.8370741955970056
1143,2.198755985692317
1144,1.2950719997781044
1145,4.6067183616872445
1146,1.7991647817351253
1147,3.0992283545221087
1148,4.336842425795764
1149,1.5838864457427912
1150,4.22455588560335
1151,1.5261763862704103
1152,2.813374661230977
1153,4.88497363551325
1154,3.670333021758979
1155,3.9498998373150016
1156,3.1184961626461276
1157,2.9716874586105915
1158,4.419032491080506
1159,1.245134438226978
1160,2.823043606545705
1161,1.0080927459436158
1162,2.6020556316704013
1163,3.5298442529876826
1164,2.056572307321543
1165,4.5613450668409525
1166,4.890743382967752
1167,2.818142777628943
1168,2.2989240919581864
1169,3.035045051478029
1170,1.8822329260207704
1171,2.775077830623813
1172,3.6196811609998725
1173,3.361881549300702
1174,1.2255760799463258
1175,2.720764025077264
1176,3.7360904122487573
1177,2.8568858346871813
1178,3.165100875248672
1179,2.106502595181494
1180,2.6527536283232194
1181,3.9039282675967573
1182,4.924624830689253
1183,1.6929925260584744
1184,3.357170422402362
1185,4.736511246247424
1186,4.966350670485876
1187,3.316114872370457
1188,4.951020811576177
1189,2.6925903317430038
1190,1.8222900792349273
1191,2.8023599559099024
1192,1.9369712739249598
1193,2.3650176485368446
1194,4.441708460723334
1195,2.7851662201476763
1196,1.8709358687764772
1197,3.574880828802625
1198,4.535971483693621
1199,3.5274832848904336
1200,1.6112403425798871
1201,2.4185226284677905
1202,1.0423676808822755
1203,2.4437695384282345
1204,2.4075317501576365
1205,1.1574541052671985
1206,2.1008513843818135
1207,4.452753518981429
1208,3.7656340073415686
1209,2.640567713277679
1210,2.7167115525972028
1211,1.9561870585105376
1212,2.6109367321690655
1213,2.972144333644266
1214,3.6639021185117735
1215,2.3072377899655097
1216,4.190393892737123
1217,2.156494877401787
1218,4.597729928510331
1219,2.780030059204843
1220,2.9797882364949966
1221,2.0639482378381957
1222,1.9108086177491908
1223,4.584619593751977
1224,3.084817649930103
1225,1.8904820396135782
1226,4.482365564797288
1227,4.380286236772419
1228,3.458112089157422
1229,3.395028894628341
1230,4.15433501458903
1231,4.8009590533711
1232,2.4018255050711272
1233,4.173972390378135
1234,2.271740510470566
1235,2.8844830194602666
1236,1.6346366891629347
1237,1.591440297008067
1238,3.5022893310299628
1239,4.943759048431334
1240,2.8113696839016757
1241,4.39042355649641
1242,1.3591552533466635
1243,2.6185924545818917
1244,1.0151456647388075
1245,3.884317893705113
1246,1.5638225182651624
1247,1.0038669038859775
1248,3.407477685424473
1249,4.230136033182694
1250,1.9723824788113058
1251,3.673085659525616
1252,4.715120562420298
1253,2.9026112907815755
1254,1.7860177207407935
1255,1.1667458953045093
1256,4.137474222708564
1257,3.2502826086080656
1258,3.0953538097502458
1259,4.418041563665708
1260,4.418433469601086
1261,2.8815675030756034
1262,1.1832131101245023
1263,4.843507905363482
1264,4.531703025215555
1265,1.656728444563221
1266,2.085623471706332
1267,3.5718915699368887
1268,1.8224864071234994
1269,4.916215242591617
1270,2.3253124031279016
1271,4.811860443132019
1272,4.483824139662241
1273,1.2297417585492156
1274,1.6945215351687835
1275,2.518317897683161
1276,2.824939188542993
1277,1.3254474535625986
1278,3.6254488159101697
1279,4.438634656516957
1280,2.859803164918447
1281,1.8401601962916385
1282,1.3717351947931373
1283,1.0940990879351329
1284,1.7521695800082502
1285,3.72983809478069
1286,2.068947201875
1287,1.650475663729634
1288,3.4754133078181
1289,4.987882075645272
1290,2.2642682135632066
1291,4.160170648818415
1292,4.033505478512964
1293,2.2383106312039596
1294,3.018365299386794
1295,4.443371710819406
1296,1.3197334781830135
1297,3.6812635037992267
1298,4.004164779046096
1299,3.469701931328574
1300,1.9828320310703904
1301,1.3059913240002579
1302,2.805066452770137
1303,1.4567239407818695
1304,4.419142653790986
1305,1.1929456714540052
1306,4.6905547348099255
1307,3.2543647071762263
1308,2.5282494891827647
1309,3.1873115976299933
1310,1.5444690762580189
1311,4.065343676852196
1312,3.39368727642095
1313,2.655532557064957
1314,2.2400278423448055
1315,3.3706501593354203
1316,4.214086897473629
1317,3.9928962764460034
1318,2.2746194059563773
1319,1.4204679407772312
1320,4.4654466953827825
1321,1.4592967359112978
1322,4.065442591405769
1323,4.390570521580729
1324,2.3560059004427627
1325,2.6723357920285706
1326,1.101066139442346
1327,2.2752117595575267
1328,1.9064188902574477
1329,1.454245649628818
1330,2.3351717165710233
1331,1.9063635158278323
1332,4.348272697966155
1333,3.089167554468858
1334,2.3434557936618803
1335,2.6646884036223284
1336,2.595499002057208
1337,3.962797538915995
1338,1.7355968447484784
1339,1.5900070315656056
1340,4.868793191759261
1341,1.5289180773802378
1342,1.1501016163675426
1343,2.588665418321556
1344,3.6637488131055806
1345,2.2110819944453812
1346,2.398612516766124
1347,3.296281263646764
1348,1.8820988679578772
1349,4.2980746780873496
1350,1.4913537709001776
1351,3.4081593850275085
1352,4.802097479462457
1353,1.4986471659085443
1354,2.8243047586484327
1355,3.804213181848378
1356,1.5376691088562402
1357,3.6193110427682047
1358,1.6433330803885475
1359,1.151248204579085
1360,1.98960403955053
1361,4.276854913521924
1362,2.247201211753852
1363,4.138880926972579
1364,1.3262049488732583
1365,3.7499740244947066
1366,1.2693724611152852
1367,3.326373018356855
1368,2.9365649960291376
1369,1.3890779127564445
1370,3.390265352908948
1371,1.8447117580720707
1372,4.984493723084496
1373,4.784363135124085
1374,4.74076521812201
1375,2.565623767580182
1376,4.64858547417856
1377,3.656426769549295
1378,4.861076413621888
1379,1.452131515647515
1380,4.624178790014385
1381,3.5111611156463036
1382,3.1711089597690774
1383,1.275971825233516
1384,3.4486658428373684
1385,2.6750094945238283
1386,1.7618333943005609
1387,1.6592616895225394
1388,1.624939870386592
1389,3.7338778520426184
1390,1.3177224586283498
1391,1.9605961306543582
1392,3.115358506252892
1393,3.4845219391323075
1394,1.6894643735688026
1395,2.6185956841194966
1396,2.029823383197651
1397,1.8821768998191666
1398,3.112224919145842
1399,4.25309732690644
1400,4.487220712615807
1401,1.2281642995317954
1402,3.937821061826458
1403,3.270973269697868
1404,1.2981142996423705
1405,3.2506582515154676
1406,1.3713180272784942
1407,3.7653896943090226
1408,2.7521999613844303
1409,4.899728246042077
1410,4.929606844659039
1411,3.4380199302591374
1412,4.517031140357301
1413,4.5606143008242
1414,2.9865808014920234
1415,4.462849012398324
1416,3.4378293981173376
1417,2.473102562025101
1418,3.528785513252529
1419,3.4268704014616955
1420,1.8820430673641861
1421,4.164879502090331
1422,3.2400823888288364
1423,2.493181322440917
1424,4.793485465132292
1425,3.1803497722102643
1426,1.5655020314406616
1427,2.8313454047877062
1428,1.340843175150312
1429,2.5817800503775423
1430,2.8781273949159676
1431,3.357341945285265
1432,1.4752868579569136
1433,3.600245000418151
1434,2.8831760721308637
1435,1.8834020463041132
1436,1.0294842604094723
1437,4.110157738973264
1438,3.8475069590011803
1439,2.497019483150506
1440,1.0157006899189769
1441,4.455603156063571
1442,4.030297620241836
1443,3.2498279178587803
1444,3.258938101667795
1445,1.995269111193176
1446,3.2176395058605793
1447,2.364475318156372
1448,1.0525267281458142
1449,2.87264237178936
1450,3.33746679961281
1451,3.879178552282523
1452,2.0720941220044167
1453,3.2033079790945167
1454,4.083027521082546
1455,1.1113776979673702
1456,2.8843809507287914
1457,2.4124431037761886
1458,2.8675127780077694
1459,3.460223989723001
1460,4.481008133828407
1461,1.3893796640909066
1462,4.105064266556083
1463,2.9676394733883837
1464,3.318762278535955
1465,1.8080991586761859
1466,2.472689084701398
1467,3.702868588623262
1468,1.2093015172713675
1469,3.8739534137105935
1470,3.8026214344684286
1471,4.1960021298182335
1472,3.3247649791653386
1473,2.5228734663304953
1474,4.290124857855912
1475,3.9964931026980213
1476,2.3999615900098994
1477,4.187179583357992
1478,4.550028722118446
1479,2.1086890086336703
1480,4.868167998271841
1481,3.6450213488918415
1482,2.6665135438910466
1483,2.4752274541725607
1484,4.27349731489742
1485,2.950752632637095
1486,3.5162212266216675
1487,3.2231506014147144
1488,4.536037540894714
1489,4.854293739517235
1490,4.8431313271948735
1491,4.69219684860586
1492,1.1815797631972575
1493,4.88873403024213
1494,1.4411174999071994
1495,2.4407479398469127
1496,2.6976418467041148
1497,4.726013588202989
1498,4.716813780425717
1499,2.7774770819162202
1500,4.047442847133175
1501,1.5872793414110338
1502,4.742566142167751
1503,2.2814489803628955
1504,3.166700731854177
1505,2.060719230045322
1506,2.221659337047274
1507,2.6206208561637876
1508,2.538745774481907
1509,1.6958303344703238
1510,4.956589002319366
1511,1.1135869844555946
1512,3.603982761509196
1513,4.91457455167199
1514,3.8994276615536285
1515,2.1582473520773413
1516,4.920229960312813
1517,3.853047850443026
1518,3.764497470701516
1519,3.2989964978911335
1520,4.703792583790387
1521,1.816075560548947
1522,4.786786862804055
1523,2.628171939838354
1524,2.2719098593848623
1525,1.143261717058747
1526,4.642016655116963
1527,3.9963802240444486
1528,3.147954119386021
1529,3.783661256604677
1530,4.222367013269952
1531,1.9753869690582184
1532,3.9288897266809166
1533,2.948062247337998
1534,2.04100313266445
1535,4.078178446265117
1536,3.6969632047377807
1537,1.8660514343191918
1538,1.949005898427306
1539,4.144876224778523
1540,3.0605591281273443
1541,2.610787636184103
1542,4.221733969033485
1543,2.216234249241418
1544,3.986773899600714
1545,3.5828664758567372
1546,3.1438960738161326
1547,3.2132949048301542
1548,3.225030389368815
1549,3.793927696973479
1550,4.615947569987334
1551,3.9942690562990752
1552,3.6975486039573493
1553,2.9311952040595193
1554,1.3765613058779795
1555,1.868434221009566
1556,4.190562063496366
1557,2.1533586885156444
1558,2.4644070089879913
1559,3.5296427187900163
1560,1.8902850507797995
1561,1.437048949829843
1562,4.140113918601459
1563,4.007854963280163
1564,1.805713836867623
1565,1.3004680917007754
1566,3.864746401595022
1567,2.994964279022031
1568,3.220436328500452
1569,4.074942563126422
1570,1.0678654426831575
1571,2.428030751089085
1572,4.120525624684161
1573,2.00467933512944
1574,1.098762433355526
1575,1.2540888507283015
1576,2.2457080430942766
1577,3.131383157835037
1578,3.2640031667727074
1579,2.9534893131795554
1580,1.206187148843675
1581,1.1740556198379002
1582,3.6198867906111567
1583,2.907390351071415
1584,2.749410846980675
1585,2.0758917369991914
1586,3.1973478235432924
1587,3.9345501724551557
1588,2.3318486985270264
1589,4.115884345529288
1590,3.2861416624702273
1591,4.0029630144380715
1592,3.8535806577874987
1593,3.2007753697326966
1594,1.239902877934814
1595,3.6006536469102284
1596,4.598371516057732
1597,4.3604664744778985
1598,1.4931824293296319
1599,2.7867230212541405
1600,1.3093501568758517
1601,4.967269975865944
1602,1.8391232467797631
1603,4.338178150467892
1604,3.9831221346090833
1605,1.93724839364477
1606,1.2655381844701141
1607,3.934875716599696
1608,1.37761711837866
1609,2.484560918868112
1610,2.4184910629218845
1611,2.8931293114074608
1612,1.9792114692409206
1613,4.876573248486076
1614,2.8965861531278407
1615,4.671786511279486
1616,3.078494102655982
1617,3.3499431654926
1618,1.1386343224670519
1619,4.031879352793231
1620,1.338563496156579
1621,1.6232036723244865
1622,1.1295914999442265
1623,2.205293330834798
1624,4.82015372885448
1625,4.451905616431249
1626,4.537014651635063
1627,4.415535098864789
1628,1.4876480223361792
1629,1.7327812433317775
1630,3.6109078265369177
1631,3.3358596786455754
1632,1.306210426466278
1633,1.7934096802680326
1634,3.391989560454617
1635,2.6211397314313105
1636,3.59091309216133
1637,3.1176507803659304
1638,4.966272948580151
1639,3.6227386502610313
1640,4.659556377134835
1641,1.64495455288188
1642,4.163219851838561
1643,1.2708553501744873
1644,4.528757571486962
1645,3.2413633686855285
1646,4.675721544952213
1647,1.815622414850138
1648,2.6894204599049436
1649,4.257835220110158
1650,2.7251498270227237
1651,1.6547448770088047
1652,2.3633934029286827
1653,2.6952531142890157
1654,3.4909078902287187
1655,2.5657866089514587
1656,3.7913824322669814
1657,3.8859713316159987
1658,4.883336572742506
1659,2.512214367219199
1660,1.8912975755552774
1661,1.4652423693074899
1662,4.6887768580115825
1663,4.39764420190142
1664,4.5802227769331605
1665,3.9744348576585855
1666,2.1698685593330875
1667,4.7424396977165895
1668,1.184063397249966
1669,3.4350282881906553
1670,3.3493693481658275
1671,4.392133400361905
1672,2.194858065062243
1673,4.6929648849179815
1674,3.024595194097078
1675,1.17362071492012
1676,4.015298633694261
1677,3.0519755779848157
1678,1.6208135255882494
1679,1.7566940849768593
1680,2.65583251122271
1681,4.120214573903026
1682,4.679398769269724
1683,1.1881120966838332
1684,4.18121316495734
1685,4.979105218852997
1686,4.4324653796678035
1687,4.070690094021877
1688,4.349634289541491
1689,4.344271347384391
1690,1.4839060380255393
1691,1.3433580553433466
1692,1.83483475854811
1693,3.159287758552671
1694,4.262983803695594
1695,1.4787748158426663
1696,3.505986920833784
1697,3.59955058930358
1698,3.8049090832076278
1699,3.913113251937084
1700,1.1512978025361669
1701,4.768663184685572
1702,1.028012731495377
1703,2.8789343169693082
1704,1.2066168818119007
1705,3.351899484981627
1706,3.896504965425552
1707,1.8236616528889549
1708,2.0702337709890744
1709,2.0259628942417534
1710,4.985596967879259
1711,2.8647709513942234
1712,2.8124090336016967
1713,2.9423880273810328
1714,3.7328383241674423
1715,2.7592602220146776
1716,1.8498350052735435
1717,1.749304665230241
1718,3.223057008991795
1719,4.6251257197305335
1720,1.8264129543079402
1721,2.084994638161376
1722,3.161446026985905
1723,4.161085769620227
1724,1.2491065917554618
1725,3.239540653292355
1726,3.399529431457158
1727,2.755252370543344
1728,2.3982003598858643
1729,2.938090419557193
1730,2.0780931440688586
1731,2.232475018208659
1732,4.246160393857563
1733,3.754382446051169
1734,2.3812437081965387
1735,1.244242537258982
1736,1.1182047998883013
1737,1.961289917912036
1738,1.0253178077311644
1739,3.6359108025039015
1740,2.0724820027862227
1741,3.7314970397222558
1742,2.070687003246011
1743,1.7024351589182252
1744,4.976019348633185
1745,3.265861181418771
1746,1.6640717230692479
1747,2.2374293564777408
1748,4.727168999008649
1749,4.462082027368667
1750,1.568871004825319
1751,4.678404491899828
1752,3.948751208097615
1753,4.31309122997957
1754,2.0369040805912126
1755,4.125426405099559
1756,1.2378135769044185
1757,2.7904261428374872
1758,1.5639977303652977
1759,1.39659931372245
1760,2.5442404089436317
1761,1.695455660416176
1762,3.5809559477511366
1763,3.2588700187657764
1764,3.3070003957837906
1765,2.1629662454515275
1766,1.1190489257998966
1767,2.2836074817504795
1768,4.3472857029735
1769,4.805922222470587
1770,4.850767244639568
1771,2.767116355980554
1772,3.878416041445884
1773,4.395251489832345
1774,3.824287679763099
1775,1.768146749096978
1776,4.8287043023461
1777,2.775594530367471
1778,4.324081087990843
1779,3.960319991389825
1780,4.156677622286804
1781,4.1457836193366795
1782,3.786144429085488
1783,4.886265526319107
1784,2.6765967761412797
1785,2.8723744304689833
1786,2.142153870988708
1787,3.291064413584006
1788,2.0047551303168807
1789,3.1728715403896226
1790,3.675523108430941
1791,3.563907109223533
1792,1.4922573077367005
1793,2.1484903457504707
1794,2.624846325243471
1795,3.9068829777631446
1796,3.7900431046603984
1797,2.0456088088943307
1798,4.148781803214416
1799,3.154690692552742
1800,2.204161570207776
1801,2.4971200207778197
1802,1.3030288976801536
1803,1.3805886538141738
1804,3.263158890681175
1805,3.384224249438415
1806,2.544793229285059
1807,1.853372770831545
1808,3.066309193229358
1809,4.795070506350369
1810,2.057872079838383
1811,1.758547480212402
1812,1.0092745746958247
1813,3.837664324307069
1814,3.8348980473527
1815,1.9924152647705267
1816,1.1901855863387851
1817,4.980541335338364
1818,4.507769253655711
1819,1.9469977323463787
1820,3.6675497915646993
1821,3.5548655476933284
1822,4.115738135262118
1823,1.310525429467615
1824,4.221139544862019
1825,4.076608289987819
1826,2.235576059223643
1827,3.229097680652456
1828,2.0314434752834094
1829,2.8929951490425494
1830,3.8955615407454087
1831,3.670054285847485
1832,3.998913500683189
1833,4.875804799375738
1834,3.579736093844065
1835,3.7196742675912735
1836,2.4749670193298403
1837,1.5074198287204186
1838,4.406176977649649
1839,3.5891676660392005
1840,3.5460591575473757
1841,3.189291156072161
1842,1.3894163106704691
1843,2.182253967153165
1844,2.350286834547645
1845,2.1382080023238235
1846,1.3065015715565265
1847,4.612599057347818
1848,1.8966136960097035
1849,4.941821254486549
1850,2.5280650530271247
1851,1.1696017182335043
1852,3.2158699243652675
1853,3.54337599361271
1854,2.5808341536553105
1855,1.8674389568782308
1856,4.479915762758049
1857,3.103255523490467
1858,2.4119910361796273
1859,3.8239067997459135
1860,4.44973260833356
1861,3.245934119679351
1862,3.217062259315948
1863,1.8534516772363347
1864,4.262290571655111
1865,3.838145453157719
1866,2.2807500313394677
1867,1.6800429895561768
1868,4.866362834608657
1869,3.710472208157487
1870,4.989786554014575
1871,4.133778303958441
1872,4.843299733197915
1873,2.280530718240131
1874,2.147940023294155
1875,3.4142183342775767
1876,2.4535225789845017
1877,4.890258119920349
1878,2.638030008566362
1879,3.6257215661614435
1880,1.4651502873552205
1881,4.9858284124318955
1882,1.286353112753559
1883,1.1035867441117087
1884,4.6880145425896576
1885,2.4801938206590006
1886,2.6800760674029904
1887,1.4478244160941571
1888,2.5176686758816684
1889,1.091040564079489
1890,4.694681065828657
1891,2.907179476043866
1892,4.327461569455013
1893,1.3224526857131123
1894,2.193991545954493
1895,4.223069968412926
1896,2.8614131452486182
1897,1.2996918808512663
1898,2.565723006087902
1899,4.111993285117574
1900,3.468310575028292
1901,2.443010813457194
1902,3.947691781727334
1903,1.414750829352946
1904,4.726987762763372
1905,1.21322916915698
1906,3.0743429120426047
1907,1.959139165411786
1908,4.275351500683552
1909,1.049300441938707
1910,3.6409187888662937
1911,1.2435389349796084
1912,2.3412809092301896
1913,3.169489705568915
1914,3.815700877963485
1915,3.185844851153161
1916,2.313762273428512
1917,1.2231594668778945
1918,3.8580529395510896
1919,2.441939814655019
1920,1.0699439052766597
1921,4.1779474955412415
1922,1.4211968066989553
1923,2.3814547041118272
1924,2.215904234356852
1925,4.03961587071461
1926,1.3971295260725447
1927,1.1760558645191241
1928,2.5951070523871937
1929,2.623840365288864
1930,3.0182330266213064
1931,2.8059477867930025
1932,4.917504870265379
1933,4.169405224291264
1934,1.5842039313704666
1935,4.6197706595748205
1936,4.934181762779568
1937,1.7638232074162588
1938,3.0329849463496106
1939,1.9621751407645749
1940,2.304556132538764
1941,4.478498575103196
1942,1.3667381804898824
1943,2.605962731158426
1944,4.9677587575606905
1945,2.3759049925921514
1946,4.132302495664273
1947,1.013496298776166
1948,4.477615420908354
1949,1.769856552630971
1950,3.498896737949265
1951,2.3176802705320934
1952,4.1634937646791474
1953,3.7634973909329292
1954,1.0001346977416574
1955,2.470888539397398
1956,4.542989744495904
1957,2.1594630963820074
1958,1.01701303340377
1959,3.0877815080435433
1960,4.2608636487213065
1961,4.997442243887504
1962,2.8416464066107014
1963,4.769826336045024
1964,1.0002400916788012
1965,4.504205597807393
1966,2.655806860258001
1967,4.454395022718488
1968,2.707275145217804
1969,3.6638436466989335
1970,3.3379919342188953
1971,4.277136965178919
1972,2.5284515780762225
1973,3.5206361404160784
1974,2.38903299986613
1975,1.1177277196155098
1976,3.1190999347997552
1977,1.1259144328533086
1978,1.2183520252903732
1979,2.304192854906824
1980,4.273453148331342
1981,2.0556605960174776
1982,1.6014612771083248
1983,4.3171255327760605
1984,3.0743979503226364
1985,4.039413946261803
1986,4.59816823624987
1987,2.8748096561058682
1988,4.5216379054094915
1989,2.3001188286006045
1990,1.2265055837922922
1991,3.5896575185742443
1992,3.508029354659029
1993,2.490863247151682
1994,1.596163028002894
1995,2.67317107981625
1996,1.6596078563638619
1997,4.911902378390706
1998,2.0693401236986118
1999,2.0618663392300327
2000,3.985595742538111
2001,1.9208888807382225
2002,3.938014454653182
2003,1.4673073542224429
2004,4.739007630126986
2005,4.857893243044035
2006,1.7926286012978498
2007,3.0134138660672605
2008,1.3917590040341294
2009,4.405410019163089
2010,4.92025190969588
2011,4.380266410935863
2012,1.9909276487594583
2013,4.786371748813922
2014,4.865081730337798
2015,4.2429103869529055
2016,4.648618604889155
2017,4.96068512218373
2018,2.1828693332960483
2019,1.3496656861320422
2020,2.092427829473034
2021,2.6547961664066073
2022,3.483334907319547
2023,4.158608796343401
2024,3.6740702044307967
2025,2.929075783587513
2026,3.25622398973699
2027,2.5763679613382164
2028,2.274287330675789
2029,1.4820144904988823
2030,3.483047702451102
2031,1.7541474668331483
2032,1.7489057562968218
2033,4.063696312307824
2034,1.2928617901588937
2035,3.6456995888581356
2036,4.710807195039163
2037,2.374259257233878
2038,4.449870111959935
2039,3.7683218196523063
2040,3.585709700401717
2041,4.7353893203158535
2042,1.0478092351624917
2043,3.188702991997423
2044,2.282939178650399
2045,4.14458140027865
2046,2.765079881808916
2047,3.220015957938859
2048,2.4653499580833658
2049,4.153609878418266
2050,3.1079165158530713
2051,3.9242822489663256
2052,1.1982755532727034
2053,1.1082906556281995
2054,3.856748191456523
2055,4.679063154242594
2056,4.009807295645061
2057,2.599460901478995
2058,1.5326295438246755
2059,4.474597022768575
2060,1.1142355005947224
2061,1.3502100877514458
2062,3.821445416343843
2063,2.5676914123797303
2064,4.802984822488637
2065,4.889778544620979
2066,4.8558501706086865
2067,4.882501769338955
2068,1.0354678657565182
2069,3.9386116879688755
2070,1.4163385548083247
2071,4.067404367741914
2072,3.4770451699207423
2073,2.566288859766238
2074,1.3149585493880873
2075,4.311495724009308
2076,4.405133216172986
2077,3.5775699980541393
2078,2.0526806045056265
2079,2.1994404211615977
2080,1.9964339726792848
2081,4.49563585937917
2082,1.6582910065432435
2083,4.027842566345996
2084,4.427185285734959
2085,2.173338095133646
2086,3.7183159478489665
2087,1.8037119159399024
2088,2.803151473433725
2089,2.3543708139799397
2090,4.770631801673451
2091,2.222756415615495
2092,2.80214963761633
2093,3.844004095256757
2094,4.71680373731547
2095,3.678575616871313
2096,2.354975726843239
2097,1.7964455884769075
2098,4.771816910711271
2099,3.292359116329295
2100,3.5124357941179127
2101,3.663940505388751
2102,2.6493177688677494
2103,1.6255867442685887
2104,2.1136854602399935
2105,2.742666896009059
2106,3.9298430777996294
2107,2.8373484248853633
2108,4.663264307603339
2109,2.9865383259684393
2110,3.562955943989622
2111,4.502765513453058
2112,3.9172122797244477
2113,3.881818276379056
2114,4.575224073054965
2115,2.8396398474087055
2116,4.335324843650375
2117,4.6813940168771655
2118,3.437905484483593
2119,2.2462868050150724
2120,1.655486048290987
2121,2.245720680365217
2122,1.8357652472422523
2123,4.073527091180461
2124,1.9809509485755243
2125,2.312971694866778
2126,3.3128846182249205
2127,2.654686537429344
2128,1.7529745575744586
2129,1.1976853782164953
2130,4.621232705897299
2131,4.377523031465408
2132,2.3320652776251865
2133,1.5206953158443346
2134,2.528675659851561
2135,3.2997139888745495
2136,4.471431703952409
2137,2.673451053699734
2138,3.890080269456903
2139,1.2769669384342515
2140,3.87428472140945
2141,1.991228107872597
2142,2.798126086046317
2143,3.513893990731574
2144,2.2687725867963393
2145,2.911687858012759
2146,4.138844175547362
2147,1.6085498716694624
2148,3.803848437115966
2149,3.563027478125975
2150,3.2531738829700334
2151,1.575108413015756
2152,1.5475536129479672
2153,4.669842785711683
2154,4.728365442825467
2155,3.062842880771802
2156,3.7875144874113995
2157,2.698551581643729
2158,1.7878912888169904
2159,4.486905850120728
2160,2.805275259083947
2161,2.0315832859712244
2162,2.899704974150342
2163,3.9936550280523093
2164,1.6474192258036444
2165,4.828861050563503
2166,1.7696848262842475
2167,4.470150159052956
2168,1.9755910162380705
2169,1.9734261747198687
2170,1.9288918186303219
2171,4.210318417499737
2172,4.421213341874579
2173,2.3090332413041463
2174,2.3650927189710003
2175,3.3342354070846323
2176,4.830205776994132
2177,1.5219434423786349
2178,4.107619819398342
2179,3.956533005167759
2180,1.044272865216883
2181,4.6495649952428195
2182,2.1090656485044783
2183,1.0507416714967897
2184,2.2193398269258733
2185,1.420844595586602
2186,1.2045912990437166
2187,4.585135040508782
2188,4.067964265474466
2189,4.625155005474138
2190,3.782556553478058
2191,2.021528674438806
2192,4.903517000656911
2193,2.1504117989601363
2194,2.702258407568687
2195,4.953763336475406
2196,4.0473151728314996
2197,3.272987651081467
2198,1.7703375352215844
2199,1.4747534788960355
2200,3.473537946115773
2201,1.1882429892327186
2202,3.8602238865178826
2203,3.7677620743564293
2204,3.3568683671060167
2205,4.751035305155426
2206,4.916283120609004
2207,1.739983623161557
2208,4.047930628970315
2209,3.604068879131223
2210,2.1903979825299817
2211,2.2837569888209597
2212,4.292338205518208
2213,2.5315226280637333
2214,3.434183810088792
2215,3.0600210913858157
2216,4.741436583821958
2217,2.837246914157154
2218,4.689275063639785
2219,1.2478522621028683
2220,1.4632816777583275
2221,2.4188271312763767
2222,4.28755238538546
2223,3.6954854209565053
2224,3.4863449313618404
2225,4.688478915677546
2226,3.162564117655308
2227,3.683371305882789
2228,3.5945071504045165
2229,4.790939324655567
2230,4.976865396516123
2231,4.333657508319263
2232,3.7065374339630144
2233,3.5420917585066594
2234,1.5931880959248335
2235,2.7575723661427056
2236,3.454412394468562
2237,2.9819129683402807
2238,2.460385243941798
2239,2.7689550780958627
2240,3.407487355824613
2241,3.238792389389476
2242,1.7468671723402713
2243,1.5273573385937431
2244,2.616307255831045
2245,3.1304186530188485
2246,3.702040105420803
2247,2.6473504253688147
2248,1.161959885667084
2249,2.5642785696588315
2250,3.495209850170579
2251,3.809857270824638
2252,4.569785035251982
2253,1.125481732949873
2254,3.863951267731973
2255,2.0772561805762013
2256,1.441182568445119
2257,2.328707007201334
2258,4.153432399848976
2259,2.989094950986574
2260,1.5924555736355623
2261,4.322160050037114
2262,2.171482565507137
2263,1.2912480737505603
2264,3.644229358094063
2265,3.827972122098151
2266,4.069613406908828
2267,4.371114598941979
2268,4.546779407613013
2269,2.2853549690332255
2270,1.4159654771380148
2271,1.442304725903747
2272,4.710699782958018
2273,2.210427106592769
2274,3.4540005747278486
2275,3.7555281606172484
2276,4.4013238479775785
2277,2.4010101974790756
2278,1.343346143643875
2279,4.782480634491767
2280,3.24399410749251
2281,3.30730391509253
2282,3.1062844483736747
2283,1.504607726360247
2284,4.059698124305843
2285,2.092114185050331
2286,3.2094798545744254
2287,2.233411078088779
2288,4.571333426218308
2289,2.056591188149146
2290,2.840932927246758
2291,4.398414896536606
2292,3.4810923091971375
2293,3.920815415846548
2294,3.845988241769414
2295,3.8429791796124295
2296,4.015193621115984
2297,2.0686651544204406
2298,1.4469006235053592
2299,4.768870669325827
2300,3.8840262166932455
2301,3.32262973432009
2302,1.3241539851220012
2303,4.2627082680873585
2304,1.93749485124067
2305,2.00812439819901
2306,4.743442841173625
2307,1.7821688900279398
2308,2.8618596947174213
2309,1.7502105252870543
2310,1.546670623552692
2311,2.6352761419000332
2312,2.8074986794722556
2313,1.157260297842289
2314,1.3746058465525537
2315,1.905918137303635
2316,4.936299013969742
2317,2.603884055735547
2318,4.83723060774525
2319,1.0310416755683645
2320,2.0240233581523572
2321,1.8641537884354737
2322,2.45962023953392
2323,4.078069411362904
2324,3.2725160771859687
2325,4.995439390858395
2326,3.2339473372792225
2327,2.0893182130171057
2328,1.9274137416313057
2329,3.5389629352151406
2330,1.993454045260107
2331,3.22578071388716
2332,4.252397021727701
2333,3.0328993895099927
2334,4.840272716397813
2335,1.0024582600660175
2336,2.7503183035094687
2337,1.0059415900625694
2338,2.7539333146522904
2339,1.62367130793699
2340,2.9744258967508133
2341,2.4567487613547043
2342,3.589086065196189
2343,1.974013518388107
2344,2.432103687250622
2345,1.6630480872769398
2346,3.777124686754602
2347,4.230541280765326
2348,4.162158752108587
2349,3.3523671175051373
2350,4.512178115077042
2351,2.269776513169641
2352,3.3912408955708475
2353,3.1966599315394406
2354,4.6820209978712874
2355,4.203477573751343
2356,4.158178978747117
2357,4.665874476239431
2358,2.7312888911621642
2359,1.9024710390059805
2360,2.6868741241582708
2361,3.3700364397139855
2362,2.928474693350341
2363,3.033759452164308
2364,3.2093539613033393
2365,4.143860895273767
2366,1.9479906444762265
2367,1.8369505713844654
2368,1.2597077866849404
2369,2.4639040072487655
2370,4.323334226741068
2371,1.2226513195367321
2372,4.794533217988432
2373,3.6983460648804125
2374,1.23111126251169
2375,1.2785914016144004
2376,4.448323845276057
2377,2.877665258881627
2378,2.536488429033423
2379,3.9195010365169933
2380,1.5631580047253926
2381,1.3999411997549824
2382,4.071102907070825
2383,1.2712793370264879
2384,2.738952564001716
2385,3.06528911570651
2386,2.9480315359906695
2387,4.401243086178443
2388,2.909364782491051
2389,4.577630792533336
2390,4.848184524854966
2391,4.78669880017873
2392,2.784518022424914
2393,2.654717110294679
2394,3.2503390323844163
2395,2.464614574314475
2396,2.6765690819493657
2397,2.9675088622546224
2398,4.9041987260796205
2399,2.8975609896569696
2400,1.7946758276828803
2401,2.707472702268004
2402,3.754631150282327
2403,1.6207497599221696
2404,2.8076887223970406
2405,4.143707664100944
2406,1.1847514331087896
2407,4.92143150850033
2408,3.3755164610096595
2409,4.750477600534907
2410,2.3946149277491977
2411,4.5132738903237675
2412,1.2135366441675406
2413,3.9899378971860706
2414,3.8482352812210596
2415,3.0341794230541344
2416,4.061206571832352
2417,1.0409232848210794
2418,3.1983551517973376
2419,1.5687932735136316
2420,4.350312165565737
2421,4.889866342254004
2422,4.545698849831578
2423,2.6915529005012675
2424,1.2720330053368931
2425,3.5979154968200424
2426,2.1904530510669464
2427,1.4148365748205474
2428,3.1640422353791284
2429,2.7071427971732356
2430,4.205578047896118
2431,3.0528533173316705
2432,4.610836543435233
2433,2.3630833912332214
2434,3.7637333568409708
2435,3.097125695543042
2436,3.0168612506394896
2437,1.139743949164457
2438,1.2277236734134456
2439,3.1312943367995176
2440,2.5474231000951386
2441,1.9189722696923375
2442,2.2739541180637746
2443,3.917584501287492
2444,4.556127240002386
2445,1.8917535604041311
2446,2.3449850925843903
2447,1.816148585608842
2448,1.9865228342503634
2449,1.9729536946755974
2450,3.0962659899000187
2451,4.046628140867053
2452,3.408166746606331
2453,4.916040906720266
2454,2.4082934514962635
2455,1.536704298023282
2456,2.4354424053420676
2457,2.1845980893859385
2458,4.640612578580152
2459,1.2528004176987277
2460,4.977307939687403
2461,3.1647950554228017
2462,2.1254871219874225
2463,2.7562841996618808
2464,3.1251880053190844
2465,4.1298973408685065
2466,4.440196537770242
2467,1.2191983633294021
2468,4.023887197995657
2469,1.2451640084794753
2470,2.9781478620508244
2471,2.8086820622603037
2472,2.744123312194117
2473,1.1231339307798467
2474,2.210559124644226
2475,3.211727502936739
2476,4.860750215026972
2477,4.05545801243429
2478,3.1733256005797776
2479,4.356621580895046
2480,3.8050171971872477
2481,2.090079534377895
2482,3.815849990093545
2483,2.329715617064425
2484,2.2538258900011474
2485,4.557015442840573
2486,2.6016659106616586
2487,4.009258750345172
2488,4.1506245531508466
2489,2.8804019024445586
2490,1.0271352535932992
2491,4.542687859466305
2492,4.060822785138355
2493,1.7713627629639639
2494,2.3899732250232955
2495,2.4004663365999592
2496,3.155611100945753
2497,4.26202783478087
2498,4.818032495130115
2499,4.393968095264162
2500,4.064213345304722
2501,3.0097563854439744
2502,2.829607806014566
2503,1.3028079460292186
2504,1.608263509159007
2505,2.5826190242726454
2506,2.138560221621995
2507,1.6722782985047622
2508,3.8048167248724956
2509,4.1923652098999575
2510,2.7730720841082044
2511,3.0511275757614893
2512,3.722096597497963
2513,2.4565373197159652
2514,4.006068648015495
2515,2.1957300226160426
2516,1.8060182666602724
2517,4.147794680675912
2518,3.323038960770377
2519,2.913458669320878
2520,2.4217490538927047
2521,4.010587034453511
2522,3.8525064208202213
2523,3.884089100742585
2524,1.82815238545649
2525,4.998289265495342
2526,4.262642107372953
2527,1.0235696689825193
2528,2.904431106434903
2529,1.941470607602533
2530,2.1488881676882996
2531,3.4769690648306453
2532,1.8294915347147174
2533,1.918374477526294
2534,3.378919516018299
2535,1.1534133957232404
2536,1.4445881332309787
2537,3.7733450289288863
2538,1.2721602674895078
2539,1.9542501562603776
2540,2.1090466454322137
2541,2.0760484955903187
2542,2.2449832627970645
2543,4.063130617022479
2544,1.2829332735637178
2545,2.5864499833237757
2546,3.987461322562347
2547,2.9365646275704274
2548,2.9617004345786406
2549,3.281749345142899
2550,4.299432668580387
2551,1.710996825393793
2552,4.472354304555886
2553,4.081516746018412
2554,3.1409715419176654
2555,1.5430726815518208
2556,4.870975787716828
2557,3.3904802137717613
2558,1.1449262614752689
2559,2.07966072470129
2560,1.3414489615690726
2561,2.684557386688179
2562,3.5877453143598705
2563,3.838960119019019
2564,1.6452562272717346
2565,1.7298300712215942
2566,1.8698989534858956
2567,3.1410868907269647
2568,2.6200013111395597
2569,2.7020195525812847
2570,1.4590436464406906
2571,2.253624656438066
2572,1.3138302759755498
2573,2.9754381194177824
2574,4.154985290528794
2575,4.387079064987029
2576,2.773974113780864
2577,3.842562388197642
2578,1.1568548293000323
2579,4.713187064152219
2580,2.617152605761113
2581,3.6329275249944426
2582,4.766883864735951
2583,4.0548811355773475
2584,2.7933985557249787
2585,2.167123258679957
2586,2.935324200184761
2587,3.2335568672901713
2588,3.317592854471429
2589,2.951845532582604
2590,3.5781521664116225
2591,2.086788146168779
2592,4.145045511628711
2593,3.4552219411133067
2594,2.0683834521513584
2595,3.5119438607777713
2596,1.3347513047577833
2597,3.6583484211326085
2598,4.865680752797763
2599,4.460310684049119
2600,1.310665654732976
2601,2.8877002190962315
2602,1.291855709668205
2603,3.096464906520319
2604,4.759842757833733
2605,4.445872579696329
2606,3.8765793609854082
2607,4.910762965224441
2608,4.100071988684764
2609,4.016748152910433
2610,2.255666810972572
2611,1.5294698267921016
2612,1.9046975539288766
2613,2.6424466524599795
2614,3.9861464129790884
2615,2.0628788769177118
2616,1.8434015118051144
2617,2.4776652878992045
2618,1.0184138201086976
2619,3.3302364250986134
2620,1.9059647254673142
2621,4.1162795208423795
2622,4.168621858150964
2623,1.3838520545268067
2624,3.0799427247559557
2625,3.5365109328245508
2626,2.4568585181708626
2627,4.168626782872746
2628,3.7133134584748895
2629,1.0130203485917861
2630,1.4259277036394873
2631,3.546768644364499
2632,4.8100159587248665
2633,3.903852682832926
2634,4.598585435115888
2635,1.1727186166945862
2636,1.4260352827129439
2637,3.0463361293093993
2638,3.2223459016523175
2639,3.670429794906543
2640,3.674972065517822
2641,4.199333364803294
2642,1.8687605926000463
2643,4.060076170441257
2644,3.171004116460648
2645,1.1401731931094532
2646,3.6456094643678236
2647,2.4120596617027723
2648,2.473098081126875
2649,3.0887359548787656
2650,3.5288678347511446
2651,3.344694109350614
2652,4.112786041063982
2653,2.496413949582936
2654,1.1913623557801647
2655,4.818586680534462
2656,2.7854555584804586
2657,4.620730533011848
2658,3.314656216200454
2659,3.406474182898031
2660,4.811292784246713
2661,2.7694037576544575
2662,4.529131914385978
2663,3.61189591178972
2664,1.3607078328638869
2665,1.8032867431461161
2666,3.9204920461997035
2667,1.5281913607580182
2668,1.0577944168341724
2669,2.2936578940587244
2670,1.1740630848391764
2671,3.0077704084232644
2672,3.928249359255834
2673,1.9754685449677054
2674,3.29534030312222
2675,1.6745615886917071
2676,1.2923056585743136
2677,2.617411825827641
2678,3.7029335879788117
2679,2.540042683423696
2680,3.1767807951611413
2681,4.6307099199402675
2682,3.965607428613297
2683,3.049728910211513
2684,4.042578542188407
2685,1.2044451362947406
2686,2.0762442800244085
2687,2.8988353725286915
2688,4.82485495618498
2689,2.676892054888293
2690,2.43281549304282
2691,2.3565980210764295
2692,2.4900109423331127
2693,1.0978978488377784
2694,4.496012656873394
2695,4.105582402802272
2696,3.5528465030148992
2697,2.867042649933585
2698,4.064599571736945
2699,2.449868858918613
2700,1.2348453682611988
2701,4.040684893332714
2702,2.2245320502056973
2703,4.729221261370611
2704,2.3121734726445466
2705,3.783998216389395
2706,3.353646234093048
2707,2.6627482475062916
2708,1.1300255898526763
2709,1.0875574354952997
2710,2.8766577645938924
2711,2.2689503553636188
2712,2.038415845195813
2713,1.0871637955975673
2714,4.901499370120787
2715,4.164639688552448
2716,2.8751574523303387
2717,4.334693201844288
2718,3.118280763204626
2719,4.954666574608707
2720,2.683393024384681
2721,2.6550040863268576
2722,3.659197997273962
2723,1.6684821384527186
2724,4.77990902481148
2725,2.954883887641088
2726,4.042935769275367
2727,2.873564202360377
2728,3.5380430360384216
2729,2.146226978070307
2730,1.9532926742564674
2731,4.527529453748382
2732,3.6288539014920773
2733,4.714370597134579
2734,4.0352912041780655
2735,4.672972065375369
2736,4.450563005989571
2737,2.931125117857881
2738,3.956367184162217
2739,2.855558514517352
2740,3.8254935700938613
2741,2.902956921522747
2742,2.0984010335214824
2743,4.160193260398512
2744,1.1355786867118285
2745,1.7176526370800578
2746,1.313168308289705
2747,2.0064062408253887
2748,2.576361912154216
2749,4.464267119476781
2750,4.522218920972451
2751,4.085148099085734
2752,2.922595686522566
2753,1.6088860132499319
2754,1.9415441920013645
2755,1.563769933429057
2756,3.126462749439559
2757,3.314215492218266
2758,2.4065880636055295
2759,1.5980443667202064
2760,1.0857040605690496
2761,2.7565534096032533
2762,4.7514665026418
2763,2.0161935945757117
2764,3.2352985737196382
2765,1.3767180346616485
2766,2.1416956941224212
2767,3.3334189527494966
2768,3.0449274999913194
2769,3.4462464933525454
2770,1.5747910311828086
2771,3.0429955914992264
2772,1.6217544593107833
2773,3.424950993724783
2774,4.594258891484931
2775,4.405025687952048
2776,4.347345585040653
2777,4.9130408073326
2778,1.680645031091943
2779,3.6123308481334613
2780,4.970910429617146
2781,4.728944986718863
2782,4.1870697978104
2783,1.3292952170800816
2784,4.95924473397327
2785,2.9539847171439146
2786,3.1270070789116904
2787,2.869799329753313
2788,4.163995734356819
2789,4.985741605034444
2790,1.8224745977675347
2791,2.8622904219005205
2792,2.707643582517366
2793,2.4243286401248105
2794,4.114996357833282
2795,2.7967848083580065
2796,4.948069523568568
2797,4.917981449158564
2798,4.300971433861138
2799,2.931535696849946
2800,1.9208737549861068
2801,1.990707524454883
2802,1.4263835054042513
2803,4.62695936705605
2804,4.043707848284444
2805,3.6898639809751015
2806,3.283893405640284
2807,4.655324437015653
2808,1.9481676037827427
2809,1.6067249379968187
2810,3.499974966284246
2811,4.291599319133575
2812,2.6642966190278474
2813,3.3522936067908145
2814,1.5852827617308938
2815,4.602798498710975
2816,1.7798357334526487
2817,2.6109752261703
2818,1.2992869139455068
2819,3.2867638790185234
2820,3.296199216707846
2821,2.5612508313843882
2822,1.3904500044718957
2823,2.1131917390119552
2824,1.2098044384351843
2825,4.32507004954479
2826,1.0859098337756756
2827,4.560599393970856
2828,3.6876766369823573
2829,2.417211983987193
2830,2.06846951928723
2831,4.122097486324224
2832,3.7185367937213516
2833,4.452664571248571
2834,3.330926954896381
2835,4.401271066263391
2836,1.4660552880438211
2837,4.171349665519099
2838,2.2564902423899085
2839,3.5866307135924087
2840,1.5078770234005598
2841,1.2160412091506525
2842,4.117853814562058
2843,4.996020847157775
2844,1.3921503090334406
2845,1.782743836410324
2846,1.9633832179940773
2847,2.9331458566476307
2848,2.2108925599227254
2849,3.2705014036081606
2850,4.402708203263623
2851,1.4470954198752857
2852,4.690512849236757
2853,3.19650327941824
2854,3.721023899094322
2855,2.6932800001454553
2856,4.834715643400395
2857,1.9319946551905613
2858,3.960197436817027
2859,1.7385426991866915
2860,3.962633022661355
2861,4.962105249023452
2862,3.2242490701876383
2863,1.8296221660966694
2864,3.8971025005978053
2865,4.931113609710657
2866,3.001468611859469
2867,2.502532887663774
2868,3.7726388657749563
2869,1.521814291028984
2870,1.6013320913900526
2871,3.6143121560561102
2872,1.7539115865239765
2873,4.253495385869805
2874,2.628922780603133
2875,1.3112313270905598
2876,4.670458527833994
2877,1.4621713568197472
2878,1.6450964816254858
2879,1.8770566516905447
2880,2.1497580920756865
2881,4.838907763596692
2882,4.329224293404989
2883,3.1253844623060845
2884,3.118105920066432
2885,4.857874003603979
2886,4.97732014210303
2887,4.743393405855569
2888,2.600758395332307
2889,4.913052336231044
2890,4.4664461563246185
2891,2.29842404073111
2892,1.8074011756111954
2893,3.0825015350273635
2894,4.007197882810752
2895,4.3098020813185745
2896,3.443406464639708
2897,4.164824668553276
2898,4.687340856137389
2899,4.891431401306345
2900,3.6798419745221467
2901,1.501484106374964
2902,4.1938778617942285
2903,2.7607572804784613
2904,3.367303671825449
2905,1.2549594404636664
2906,3.022565618862335
2907,3.3466807628348936
2908,4.1872993893691834
2909,2.2661990042923232
2910,2.784191494610169
2911,3.2819167910883684
2912,1.7400428004425832
2913,3.4668626934514997
2914,4.56058968252443
2915,1.7021459907743006
2916,2.5227546523701085
2917,1.5974232956023529
2918,4.205332834334605
2919,1.8941775851089977
2920,2.1743081165655345
2921,4.351024136142016
2922,1.9934255028895773
2923,2.2890994344111477
2924,1.3895988060241558
2925,4.724311808231988
2926,3.7739091303721035
2927,4.079103058097692
2928,3.666116769486598
2929,3.1879693424282154
2930,2.684475197134505
2931,3.9588293882053263
2932,4.629221013912015
2933,4.183174484764642
2934,3.284632830347851
2935,3.302566823602827
2936,4.772329099896027
2937,2.175127509705637
2938,1.7412027000973742
2939,4.508276109821782
2940,1.8449855073640955
2941,2.804550380393047
2942,2.6002727145354054
2943,3.3729567824085556
2944,1.9612372097584139
2945,4.533160898989261
2946,4.754395029565769
2947,3.954440845821642
2948,1.000520923274447
2949,1.5081302294698746
2950,4.374483753057502
2951,2.745603721337658
2952,3.8185353123429735
2953,1.3586005437540942
2954,2.0179594383646817
2955,4.039554839621783
2956,2.1532800286910163
2957,3.922638849677311
2958,1.0496443098391888
2959,4.964774590192617
2960,4.364245101078362
2961,3.369137806066884
2962,4.264759775410832
2963,1.8112018085680694
2964,3.3275775100693497
2965,1.7465259407994154
2966,1.4494953771763028
2967,2.4335878076968442
2968,4.88766412466074
2969,3.4871045297215746
2970,3.0223376477648
2971,3.1158761943792763
2972,4.360205775023358
2973,4.070399508626595
2974,4.532263031873528
2975,1.4240359073131303
2976,4.99251983053308
2977,2.6139050142804
2978,2.5265593414051164
2979,3.2880407258476496
2980,3.034432661095466
2981,3.880251096011042
2982,2.4729184172437506
2983,4.244919264006694
2984,3.44522227771447
2985,3.664308094498935
2986,2.0673169929675117
2987,1.6403829422674998
2988,1.840355103888767
2989,1.5046764095034302
2990,4.591193421649486
2991,2.970041740951985
2992,2.1894265562754764
2993,3.742857365773517
2994,1.172119119454341
2995,3.784944239610579
2996,2.4827980074751235
2997,3.151965900981503
2998,2.7719206051721264
2999,2.9585188453839164
3000,1.3945492212536656
3001,3.655762381386141
3002,1.4922444033543192
3003,4.492624714713122
3004,3.3539577685293804
3005,1.2138159504689159
3006,3.453861362273782
3007,1.8610035588049367
3008,1.2059167698356057
3009,2.7107474956726825
3010,4.103442357263755
3011,2.6381055984084223
3012,1.1495762578527091
3013,4.7592782021134
3014,1.3820024074137969
3015,2.6106134917910246
3016,1.1241542736433483
3017,2.4158544451325237
3018,1.443648336641889
3019,1.7586618983760127
3020,1.847660303950029
3021,2.4643078413881727
3022,1.4224022460853214
3023,2.3026457993267764
3024,3.898415512081854
3025,3.7729305172836596
3026,2.9744713130653304
3027,2.285927103309357
3028,4.104824119054116
3029,2.04114771247224
3030,4.17410228472213
3031,2.5925669689683946
3032,2.273071451542224
3033,3.5864190794178317
3034,1.7219213827802333
3035,1.830249559165407
3036,2.529430678076672
3037,4.782457859514325
3038,3.5670042257324925
3039,4.319527013086371
3040,1.272641428583066
3041,2.322137191959041
3042,1.7155193642186672
3043,2.8734569704938613
3044,1.488507722353647
3045,1.8732421448528727
3046,4.273615221843489
3047,3.3790244408691326
3048,3.1544120262256397
3049,4.42353814949502
3050,2.1518754245975695
3051,1.7119784246991818
3052,1.3793266255043064
3053,3.5309568500484714
3054,1.0389367630658644
3055,2.789367687763592
3056,1.6237717586523868
3057,1.4244712688136416
3058,4.482228237356663
3059,3.045210868590334
3060,4.220103594955069
3061,4.958721891803003
3062,2.519414114793684
3063,1.1609124385701266
3064,4.972433673888201
3065,4.692475568564664
3066,2.8053027201605514
3067,3.9853641752294284
3068,2.97435953995889
3069,2.615276687880788
3070,1.665999467390328
3071,2.9606283425037447
3072,4.5165197311820435
3073,4.326665414139411
3074,1.9923734009045493
3075,2.838280341236277
3076,2.823925949861984
3077,1.4974002584576867
3078,2.717940190368348
3079,3.268133534437466
3080,1.4956489355553995
3081,3.1469232361816513
3082,3.6376073676300815
3083,2.4310016904093166
3084,1.1296505055824584
3085,1.1681753866592834
3086,2.282992307723812
3087,2.6689818833138927
3088,2.525922257301509
3089,4.363737201029906
3090,4.705159791195273
3091,3.3071464701006006
3092,3.289028014011299
3093,1.183454695572986
3094,1.9462484234493775
3095,2.82147828034152
3096,2.25854522649477
3097,4.0247862349067525
3098,1.0980163796071234
3099,4.167207351278462
3100,2.3553606185312606
3101,2.0847795520127277
3102,1.0466942654199447
3103,2.0410356438537613
3104,3.0298991897663634
3105,4.180325317776755
3106,2.4990690915686793
3107,2.311831063918657
3108,4.947881066787952
3109,3.8507853400298666
3110,3.0338021789861194
3111,2.51013675838593
3112,4.960970684122591
3113,2.806124208959984
3114,4.112385126498541
3115,4.445800381312216
3116,2.645762866587374
3117,1.2677994907139754
3118,3.9894951733638937
3119,4.0997693438187195
3120,4.561067196300426
3121,4.879707059978733
3122,2.721901273283103
3123,4.062036126912069
3124,3.0497546314665485
3125,3.4999139310733107
3126,4.795074803844807
3127,1.280632652772295
3128,3.7166009897675676
3129,3.785651500630393
3130,3.145715530240918
3131,1.6885652750788616
3132,3.2352354130235845
3133,3.30505495278653
3134,4.397913677369125
3135,2.0270458019538284
3136,4.967270801567336
3137,4.365346003107701
3138,2.7301351494865678
3139,4.207229670884276
3140,3.576875548827689
3141,1.848164832783719
3142,3.259575904633477
3143,2.418332531271389
3144,2.6803159641110734
3145,4.396522121781297
3146,4.954819098674928
3147,2.635803413369271
3148,4.328866226272894
3149,4.403935183110368
3150,4.137767342850266
3151,2.731803108229142
3152,4.131306203230103
3153,1.1953448255533248
3154,4.270018947743299
3155,2.4251553662529095
3156,4.5068337849933675
3157,2.7136228863693095
3158,4.265341320662714
3159,1.4120080900115517
3160,4.058083242787527
3161,4.14406557907967
3162,2.4491890630034576
3163,4.131034087298488
3164,1.5959913103908927
3165,2.7076689528302693
3166,1.5586470110631208
3167,4.949668402949279
3168,3.0608555144047376
3169,2.798083784680493
3170,4.897189846659304
3171,3.733110882893241
3172,4.898058942852418
3173,2.585893305075559
3174,2.208724234051755
3175,4.088929926599827
3176,2.9467479050710255
3177,2.147536708245069
3178,4.576421552932439
3179,1.3631555548246146
3180,3.951752248185892
3181,4.1320985749184
3182,3.811538523835373
3183,1.0046461525919002
3184,4.170185263878937
3185,3.0608310457012196
3186,2.4982828837725584
3187,2.970058467226187
3188,2.7754969877486313
3189,1.8210303377915618
3190,1.4815339206213243
3191,1.6550435760416158
3192,1.320619089281387
3193,2.8515485049660274
3194,1.9509601615147196
3195,3.2068299684260397
3196,4.329260445527785
3197,4.4655938680495515
3198,3.918879824848721
3199,1.98272668764618
3200,2.272006525503265
3201,1.1004479587077611
3202,3.540872467574147
3203,1.9940174657117278
3204,1.811564120526647
3205,4.518441332969031
3206,4.49961059447801
3207,2.629273719539362
3208,1.4544756408456068
3209,4.973021699808761
3210,3.063019560695974
3211,4.280364655168002
3212,1.0407519771494074
3213,1.5275893893935018
3214,3.5480355529749157
3215,3.406101922659634
3216,3.8579149544532547
3217,2.1953266556770865
3218,4.775646065444898
3219,1.3334342432050978
3220,3.992418874660135
3221,3.1378245616637233
3222,1.9829514072035472
3223,1.8495911785652117
3224,4.863006207366919
3225,2.575524819265011
3226,1.389842487561411
3227,1.586459009129828
3228,3.627636656500629
3229,4.755515161364627
3230,1.3867020389889047
3231,1.0609486245841429
3232,4.883461516930025
3233,3.008342664925165
3234,1.589954476466478
3235,4.989020281747765
3236,1.791689219693683
3237,2.717516470493351
3238,1.9076026238373882
3239,1.9002396682282674
3240,3.8403426846088213
3241,3.1952713266615493
3242,4.8115934560635125
3243,3.9841053840005736
3244,1.901599556467442
3245,4.523969696095847
3246,2.6659996688802687
3247,3.1680564492635925
3248,1.2283687532563712
3249,4.622211843838148
3250,2.1855341702260063
3251,4.003324261166381
3252,3.7990138583589057
3253,2.4322021140949994
3254,1.3420581822631927
3255,3.6145765005992914
3256,4.836424125298116
3257,4.409490775904739
3258,1.8556087182708905
3259,4.441782270371636
3260,4.776415179043293
3261,2.8514924904987455
3262,3.6842261084727976
3263,4.019277415187038
3264,4.2343013250413115
3265,4.995903223120413
3266,1.9060804426465903
3267,3.7894063062365855
3268,3.7462386513028822
3269,3.569814389860384
3270,3.550645128246931
3271,2.601024407627218
3272,3.22462553900084
3273,1.7276842187467407
3274,1.0797839320117952
3275,4.862616301040828
3276,2.195923074946964
3277,4.297550117700996
3278,4.68315983139772
3279,2.0544197961236224
3280,3.1199778747359996
3281,3.0451439906371083
3282,3.398848426863735
3283,1.19842251832777
3284,3.7805956116254142
3285,2.0168174176263003
3286,3.41779473882455
3287,2.939695464559448
3288,1.7748948101672157
3289,4.101021067302024
3290,1.226963132472886
3291,2.4344670145948775
3292,4.488026129947495
3293,2.463193760489724
3294,1.059688523553739
3295,3.5707534814309283
3296,4.53050638592455
3297,4.844199316526309
3298,2.9631238299957845
3299,4.687498174813715
3300,3.2000537709906034
3301,2.669160073702033
3302,3.748150559646718
3303,4.317215943490046
3304,4.328730942168546
3305,1.5884748476588295
3306,3.565659852089542
3307,3.145461459166436
3308,1.1155479523760183
3309,3.4509203835345508
3310,2.4022220413342272
3311,4.976292472762575
3312,2.6685432408822414
3313,4.391622510844942
3314,3.0035992494355988
3315,2.1474329753508736
3316,1.544213947464884
3317,2.65490896863528
3318,2.760328870130982
3319,4.8276092470699705
3320,1.0050398472955915
3321,4.983797454169581
3322,2.650832629275577
3323,2.7372958626183563
3324,2.8832589223915224
3325,3.9756582578444184
3326,3.9841880389023197
3327,1.2159082358808369
3328,1.827566865182391
3329,2.000474604983762
3330,2.3147196294317447
3331,4.419025929687113
3332,4.454341649311093
3333,3.100666502089485
3334,4.7913531900144966
3335,3.3763837336753766
3336,2.9254241453315126
3337,3.1961788208853443
3338,3.7187991229255433
3339,1.4828912519558197
3340,3.9604697447915194
3341,4.104372039641186
3342,1.087061087276096
3343,3.765813819377397
3344,2.752912827125151
3345,4.936834066656225
3346,1.5631667255094222
3347,2.2578103969174026
3348,1.0472348798704
3349,2.0779949596512277
3350,2.4504900274558086
3351,2.6217427014025856
3352,1.4049024618075912
3353,1.2152929562064108
3354,3.025702255517962
3355,1.9181014464545236
3356,2.8557938735502675
3357,3.769454236709496
3358,3.6225967261342085
3359,4.384586691968636
3360,3.315286128062127
3361,4.015222169869536
3362,1.1217102776742878
3363,4.381333345151708
3364,3.6135105974556803
3365,3.653256747501104
3366,2.8933889397560177
3367,1.246984861778166
3368,1.9593522911853372
3369,4.615885302099933
3370,2.655205399226892
3371,3.796073076167084
3372,2.126929126700263
3373,3.8469564454372067
3374,4.657716070384201
3375,3.411863189515529
3376,3.164603723209381
3377,4.921933840613235
3378,3.6540435237813127
3379,3.6208765827068095
3380,3.2284067020411182
3381,3.2733282550780713
3382,3.410757723385645
3383,3.003529987598625
3384,3.011059083792834
3385,1.1837389405761778
3386,1.3164957720361028
3387,1.8897638304792435
3388,3.3422145463668103
3389,3.9016574615952724
3390,2.855344819224586
3391,1.896267248528229
3392,1.6971008517185515
3393,1.1297105121866715
3394,4.526468690869686
3395,2.107880329522338
3396,3.807740099160012
3397,3.085775944652233
3398,4.976723039775468
3399,2.7340215936058376
3400,2.334954444122797
3401,2.4354635272143783
3402,4.819271154148023
3403,4.259098294555281
3404,3.973331739086632
3405,2.407845584652982
3406,4.885445056763096
3407,3.4248700536103347
3408,4.348029831618632
3409,3.9726001273449785
3410,2.2866921590387714
3411,1.889244959956784
3412,2.675582271113602
3413,2.0195655854882557
3414,2.1491561668198846
3415,3.1382281611458342
3416,1.1245117757801162
3417,1.3819317580138049
3418,2.4595634064361063
3419,1.0285399115662544
3420,3.0275737862322907
3421,1.7670199944024532
3422,3.9265666884848045
3423,2.135752387333217
3424,1.0897427776350788
3425,4.475942918084172
3426,1.9217259856909363
3427,3.0522142861876937
3428,4.116553948202627
3429,3.646108412637457
3430,4.5269040477612
3431,1.2322824967114707
3432,2.879495145729926
3433,3.8970880230785383
3434,3.1822525509723434
3435,1.2816107962865035
3436,4.196730158664833
3437,2.4514365560615436
3438,1.4637850863207285
3439,4.038063057270617
3440,3.0156675663622328
3441,1.5302230833022699
3442,4.179992304895547
3443,4.216677592299773
3444,3.9413517537618827
3445,4.604870109249529
3446,3.07607811053738
3447,4.80078547359269
3448,1.0772786630414175
3449,2.8910594997030716
3450,1.6980858364213183
3451,4.669279445143021
3452,3.7734378735831937
3453,1.5009872107289834
3454,4.169959464737959
3455,1.2883597754641012
3456,1.6862937067050128
3457,3.4229147253586483
3458,4.197924419172136
3459,3.1113399048789323
3460,2.6212239053308473
3461,1.2293218973385747
3462,3.1589835914619373
3463,2.822361983152249
3464,3.89025866436423
3465,2.4967258923753515
3466,2.683509203601531
3467,1.5886072368284831
3468,3.8124948670602405
3469,3.407553117626422
3470,1.8439218655133716
3471,1.8432439424433285
3472,2.214256398844296
3473,2.2847952915259557
3474,2.406887681367038
3475,1.5312842450147999
3476,4.419899390865027
3477,1.7285351186432822
3478,1.5100106949538707
3479,3.626405194311047
3480,4.022879471336054
3481,2.1711624018153772
3482,4.113916882597115
3483,1.4160314266006542
3484,4.019131100451239
3485,1.854974996144239
3486,1.2284289187046968
3487,3.2253553177151915
3488,2.2234971259432967
3489,2.501421185146843
3490,3.2434150579164247
3491,4.822853021529983
3492,4.788888124841858
3493,1.3443591936147299
3494,3.7449781312917314
3495,1.5312144469423257
3496,2.295232770439688
3497,3.282217906725233
3498,2.729970667503861
3499,4.893262129143536
3500,2.442639061044853
3501,3.3863435710842453
3502,2.8621444479655316
3503,3.123254764829228
3504,2.85114985611769
3505,4.127507774583275
3506,3.1078288202476183
3507,3.832670795596489
3508,1.1233666224051255
3509,3.8795348942271457
3510,2.868898414772626
3511,4.393177497477385
3512,2.790385928621644
3513,2.8084428718765087
3514,3.236545046895834
3515,3.8316021350635663
3516,1.874523061417038
3517,3.398271710151974
3518,3.5026823686317012
3519,1.017306469013468
3520,3.3041844866821086
3521,1.2049193837639534
3522,1.2484704684534118
3523,4.540006857531221
3524,3.513542871146126
3525,1.979097544538519
3526,2.4114982943383065
3527,3.455195721615952
3528,1.3936794453049623
3529,3.9864096223596106
3530,4.8823771620632925
3531,4.6017136619729655
3532,1.0077894772279135
3533,4.5491117995898485
3534,2.653901312597841
3535,2.7607741497991207
3536,2.309704964751528
3537,1.970798282301005
3538,3.3293400908544863
3539,2.1950223039840147
3540,2.1996649809438535
3541,1.2589162945954966
3542,4.401530241313794
3543,2.8187912938381685
3544,3.3651900097084093
3545,1.8111781954427468
3546,1.3136173364579111
3547,1.095816971186888
3548,4.016137178077467
3549,1.384282261308944
3550,3.3573206363554684
3551,3.2275615794004815
3552,3.815601760576059
3553,1.5661904101523434
3554,1.3917217046437114
3555,3.1767026207405147
3556,2.5435743597632565
3557,4.31142098658783
3558,4.19996901416239
3559,1.265713068061098
3560,2.568002985314663
3561,1.53176826356747
3562,4.2173013808807145
3563,2.043974652809611
3564,1.4477459229243355
3565,4.485417591732408
3566,1.0982506434617965
3567,1.476584819439668
3568,3.4303740086954013
3569,3.3834782791500975
3570,4.211583009664951
3571,2.7982796763841487
3572,3.209172293970524
3573,2.5405166716737044
3574,4.871002153089796
3575,4.593480610738099
3576,1.3647783687305477
3577,2.816051978094342
3578,3.3290662665553667
3579,2.889903623559594
3580,2.2346439858027134
3581,3.101957706434023
3582,4.666650740717156
3583,4.52168283490921
3584,1.3432773722775093
3585,2.2568406438604347
3586,4.988249104210789
3587,3.1357579834143148
3588,1.2874410565655334
3589,3.5423698073003673
3590,2.493488775081439
3591,4.44710397885852
3592,3.600824074740451
3593,3.245941523772362
3594,1.3404510516527943
3595,4.8472784602448815
3596,2.282665128971793
3597,2.9826482965991867
3598,3.6795538092031657
3599,2.0315321428446564
3600,3.557808400669206
3601,1.6807961596112246
3602,2.0403437331422856
3603,4.415399411139781
3604,1.0372122957627945
3605,3.2711438388754117
3606,4.345475467583123
3607,4.145390798430666
3608,1.5291915959234976
3609,3.373407794095513
3610,1.8981890741209835
3611,1.8025998990533179
3612,3.7512178047817306
3613,4.213968755515294
3614,2.4750061504812924
3615,3.893693407794856
3616,2.7651412808950266
3617,1.7863577624819555
3618,2.316712485057219
3619,2.423789059862717
3620,3.2766017243744403
3621,3.414760825946882
3622,3.2376558971618694
3623,4.070234428869782
3624,2.1102903025337976
3625,2.914771439664176
3626,4.962961020912301
3627,2.914261013599662
3628,4.605988965237045
3629,3.503916355712158
3630,3.8338605263748367
3631,1.2938092739939568
3632,3.2416956049366865
3633,3.8399314476126594
3634,1.8990558279084921
3635,4.1445950645243
3636,2.537406534231194
3637,4.0492125413126
3638,2.6254540235366095
3639,1.2880148781444518
3640,2.1289144867423238
3641,2.3990825996284024
3642,4.2310125613706
3643,1.4558828771365873
3644,2.1783461435985294
3645,1.2093430472080904
3646,4.03944730754616
3647,1.5831875987139834
3648,2.760262140513038
3649,1.0770890396947244
3650,4.203744693205916
3651,4.212981119940587
3652,3.0319714355040084
3653,1.960677090298899
3654,2.0047970382136198
3655,4.833489371980187
3656,4.604580568722641
3657,4.8498187665197685
3658,2.767258099384827
3659,1.0403892469404639
3660,4.902309764008876
3661,2.3650173386194027
3662,3.2821282552893
3663,4.338311463159408
3664,3.6472114702475333
3665,3.2244784904514723
3666,4.433441168204119
3667,3.6081579299677693
3668,1.4651070728480988
3669,4.25213832104317
3670,3.0045704048274344
3671,4.321737142028823
3672,3.6040653649486596
3673,4.240245552944918
3674,2.5825768641744125
3675,4.009507558934626
3676,4.568427158779336
3677,3.9115965459276496
3678,3.7423219706566155
3679,2.396506527742738
3680,2.8220940497117315
3681,2.807730148343512
3682,3.995852530658034
3683,1.7414977723902973
3684,3.1049460049620663
3685,3.6854244244665635
3686,3.6565652294455586
3687,2.514120288787268
3688,4.909197502224863
3689,4.453373090624896
3690,4.219461191877962
3691,3.0832491714320573
3692,2.106894362369891
3693,2.3310497184617542
3694,4.6182285398027485
3695,1.3635738142239817
3696,2.964976383513791
3697,2.4580592813546587
3698,3.297216801140371
3699,2.499345648065056
3700,2.7452141673588937
3701,3.6737814883619455
3702,2.3665199242015786
3703,3.023252220049024
3704,4.440945824545889
3705,3.8089366340711543
3706,1.1151485762520283
3707,4.090246474130174
3708,4.422651754693623
3709,2.5467531145821423
3710,2.2007033456947465
3711,4.881835346534496
3712,2.434135169049159
3713,2.1316908031910784
3714,3.7885266912049667
3715,1.151812511227091
3716,1.8420955926692155
3717,1.625481149956074
3718,3.4130666904856946
3719,3.234943834956314
3720,2.324636047601914
3721,1.3074859719944842
3722,3.0043886288055712
3723,4.958522578309834
3724,1.6579252735843917
3725,4.592806260193761
3726,1.5360433926011123
3727,1.9320572894989891
3728,3.859637751800556
3729,2.9551218611876546
3730,4.346343330924826
3731,3.023817443913724
3732,1.3392082180447327
3733,2.1754109100360464
3734,3.626537772982911
3735,2.0891275780404563
3736,2.302050676743262
3737,2.413275037271477
3738,1.9706023390609544
3739,4.150259571320097
3740,1.370667389937763
3741,1.6953912064352594
3742,3.5002007918835742
3743,3.7215077815907467
3744,2.074445578416251
3745,1.7184717496556945
3746,2.08702283933648
3747,4.958637483890285
3748,1.298414601550478
3749,2.010405588482631
3750,2.3706108256945417
3751,2.5884067269274484
3752,4.333571340184786
3753,2.042311891740619
3754,4.2313826466442
3755,4.038075410540719
3756,1.8609098278380585
3757,2.3710364129714314
3758,4.448152005120145
3759,4.298898891360553
3760,2.2588096064212206
3761,2.5809997273370113
3762,1.2185058601515988
3763,2.1563330938130703
3764,3.846836949989932
3765,1.3324432170517664
3766,1.7465801719064467
3767,4.54400090271572
3768,4.1582074185597815
3769,4.291311626598548
3770,3.9218422293834156
3771,3.878977960377659
3772,1.8439778104809732
3773,2.765348713786549
3774,4.430438768868714
3775,3.640707776024505
3776,2.976278447890989
3777,1.0183982555981728
3778,3.9298144004944953
3779,1.1657661972310653
3780,2.3919719548148506
3781,4.981588806171402
3782,4.06239532120855
3783,3.855918772482521
3784,2.9869357070011153
3785,2.8925225193422275
3786,3.27209233858505
3787,2.284416744475687
3788,2.2163257134501837
3789,4.764705532897857
3790,3.989745093788637
3791,4.2059380990737125
3792,3.0293560509171362
3793,4.812201728168382
3794,4.432453918727388
3795,4.393872087122019
3796,1.4412200602954135
3797,1.4909503384365146
3798,2.2784304342389663
3799,4.206047229247744
3800,2.2558445110971084
3801,4.202190891655554
3802,3.043375599267161
3803,3.9563982513949605
3804,1.6876576450091778
3805,3.588466468575659
3806,4.492363598841614
3807,1.1240369043972036
3808,2.4600499762290147
3809,3.7527219407948804
3810,3.5680543920098855
3811,2.970156404661398
3812,3.880329579929008
3813,2.9865102813262965
3814,2.337400457721791
3815,1.5519069780158294
3816,3.315239133002675
3817,3.152463903042473
3818,4.004949210793771
3819,4.902187363827588
3820,3.9361894423141894
3821,3.899336778578424
3822,1.3209104144556014
3823,4.407033284521214
3824,3.119796682139689
3825,1.5192652144120182
3826,4.114982810045511
3827,2.700752805403223
3828,2.930197004344471
3829,1.838812790849044
3830,4.32605464019505
3831,3.6165124387361414
3832,4.867224724928091
3833,2.58839480423393
3834,4.531074240200597
3835,4.228598401887249
3836,4.247954586853979
3837,3.5103402617362454
3838,3.852914316256509
3839,4.357113327524916
3840,4.787352170991572
3841,3.0380503412301727
3842,3.7027344851601005
3843,1.374917311878888
3844,3.2938821973805013
3845,2.6663810147304954
3846,2.670810365286011
3847,4.417627353361949
3848,1.4034440372305714
3849,1.438863336712099
3850,3.5433165736000074
3851,1.7072193398502415
3852,2.8174454606511823
3853,2.375671566115185
3854,2.430883002979981
3855,1.983304057643105
3856,4.701202634551628
3857,1.3279424173532028
3858,3.4993024062307767
3859,2.317321045729101
3860,2.737694369659523
3861,3.8239877834621425
3862,2.0203869315054557
3863,1.8400785553186352
3864,3.226376701891877
3865,1.1312406798874477
3866,2.7379329395109013
3867,4.922038016775762
3868,2.519728685625234
3869,2.9166833332017066
3870,2.8678058666684905
3871,2.846833774891044
3872,2.549540188830126
3873,3.4785567804117767
3874,1.693873756469578
3875,4.481783118311654
3876,1.3056572091255068
3877,4.047516707309635
3878,1.4208234790424643
3879,1.566721661074919
3880,3.8395771761586692
3881,2.8965601140600996
3882,3.895527744353138
3883,2.3623842777425637
3884,2.3218307032416283
3885,3.005776713729878
3886,2.972704219484371
3887,3.804054525342541
3888,4.352086973515727
3889,2.2186142003795157
3890,3.9469720106177495
3891,3.9914917755731962
3892,3.4638051565180223
3893,4.982061554082778
3894,2.827125049995418
3895,4.782139170534898
3896,4.377561483663537
3897,1.2702085430375196
3898,4.054535740599311
3899,4.211309610542059
3900,4.787914553663255
3901,4.431991485340396
3902,4.916707168672492
3903,2.0205626133751164
3904,2.501171547496997
3905,1.222187000008812
3906,1.279378161461369
3907,2.192869002062012
3908,2.3321511639762704
3909,3.689882489305864
3910,2.588672768056504
3911,1.972969177747038
3912,4.626165555312593
3913,2.914693981965686
3914,2.1596721697367727
3915,3.7042191408495806
3916,2.5722093824251027
3917,2.8901023873605562
3918,4.220594177837215
3919,4.364386130420983
3920,3.0443264551754217
3921,2.7859899221874183
3922,2.7576800183539754
3923,4.063144419343536
3924,3.741149608539813
3925,2.7876410602879416
3926,2.7274442549791034
3927,3.5969372061259777
3928,1.0823850617190898
3929,1.2264966440881082
3930,3.6039865958317905
3931,4.5200250249630365
3932,2.820041475130086
3933,1.2536787764548811
3934,2.667707895753165
3935,3.2124074541471597
3936,4.262299283849788
3937,3.6410757927923583
3938,2.2489373483681727
3939,4.217351726227553
3940,2.692292316488587
3941,2.185974122376508
3942,3.367234202237236
3943,4.632768167680894
3944,3.038742164729341
3945,1.477436709542062
3946,2.9745684932081384
3947,3.3907669611671625
3948,1.5448378621432322
3949,2.2652619204065476
3950,3.2091642561175906
3951,2.680043414950752
3952,2.8906982761053954
3953,4.223929222840262
3954,1.373387190327664
3955,2.560782315217431
3956,4.7833646289405065
3957,1.1479919192465076
3958,1.18115054999409
3959,4.775374346670562
3960,4.945202062710467
3961,3.813416745439846
3962,1.6592630553176084
3963,3.671721220299349
3964,4.621873235784168
3965,4.420330212335407
3966,2.973099424713596
3967,2.78632700253639
3968,4.1067317521057785
3969,2.8450657701909337
3970,2.8572509827368613
3971,2.537449813265796
3972,4.787669561453269
3973,4.035044251174277
3974,4.232724500625652
3975,3.032679444271427
3976,3.055008390414752
3977,1.1528600287636128
3978,4.960945046616345
3979,4.195564138911533
3980,3.771489303802337
3981,4.211128784075342
3982,1.968393009124028
3983,1.1774866669365154
3984,1.572123855408409
3985,3.4823268818880426
3986,1.7458084746230846
3987,1.0318550783452314
3988,3.7929222771898026
3989,1.573734597442419
3990,3.738858254373704
3991,2.9921582352003635
3992,1.0363190570415082
3993,1.0945977058141882
3994,3.0914270903368157
3995,1.0525175417321577
3996,4.8813206042915365
3997,3.624509946674868
3998,2.2939857162925144
3999,1.741009498740345
4000,4.516799419590111
4001,2.153325872012685
4002,4.072628011905543
4003,1.470310974613466
4004,4.286496159410245
4005,3.460661322672364
4006,4.235315021093118
4007,2.083546855685668
4008,3.564903845760641
4009,1.1791384643134353
4010,2.9499026096934298
4011,2.9465873392885027
4012,2.75725187987081
4013,4.010732356038297
4014,1.6218058461751825
4015,3.567751990389655
4016,4.641208367419853
4017,4.071384843636602
4018,1.077782465103347
4019,3.035959349167149
4020,3.365298033050019
4021,4.400633796806634
4022,3.2795527965066844
4023,2.8973554241926367
4024,2.9736227975367284
4025,4.941798730939297
4026,4.197104102593831
4027,2.2067547638497547
4028,1.3245606415670164
4029,3.607423869389683
4030,1.966760988817589
4031,3.3864873467193313
4032,2.3439158911516094
4033,1.2892253270117329
4034,2.416220541320821
4035,2.5773778945661983
4036,2.331580929152264
4037,2.328346301512163
4038,3.526983332358037
4039,4.288266741639967
4040,3.4490501185641205
4041,1.1542768801022958
4042,2.7429715524303995
4043,3.1074216385809628
4044,4.682825137893415
4045,1.9522689024796112
4046,1.363633120059537
4047,4.176932517404932
4048,1.4135425694112675
4049,2.858522710028635
4050,3.8443731570083686
4051,1.4943293633490176
4052,3.7781820574455613
4053,4.297105990167521
4054,2.5317647216278947
4055,3.838433190060276
4056,2.134372214705366
4057,1.2336470262255137
4058,3.0479829676868277
4059,2.666601406972172
4060,4.430666260912954
4061,2.5350717786587267
4062,4.652650716006665
4063,4.711695581982939
4064,2.9092677892346464
4065,3.92994856711777
4066,3.541891612638214
4067,2.2147513353478288
4068,3.103836201612788
4069,3.329134955512156
4070,2.4117033570209205
4071,2.1529796503079512
4072,1.0030977953552922
4073,3.662106167078309
4074,1.1956149883526495
4075,3.1958798618240745
4076,4.894445939998627
4077,3.3722874991226037
4078,2.6122123034564266
4079,1.096725587013737
4080,1.95789899292311
4081,1.2066480104525046
4082,3.5838101942033727
4083,3.8726040453651467
4084,2.9308077724865504
4085,2.9793030533650326
4086,3.2809735620187306
4087,2.210464543186245
4088,1.7617020423145382
4089,1.3670224991684363
4090,3.2969975313317357
4091,1.4571781403111723
4092,1.9450529016028137
4093,3.09486240323568
4094,1.1696923097914906
4095,3.089228887122868
4096,2.588167822990743
4097,3.706079939140361
4098,2.4693482760907832
4099,2.814866309603096
4100,4.7447949543006
4101,2.1308775705415726
4102,3.570910545898021
4103,4.526974795966153
4104,2.048924514995465
4105,3.786205758451865
4106,1.8552796929931175
4107,1.7910788451903787
4108,2.332028816256062
4109,4.852881027416084
4110,3.643121203393785
4111,1.6649408531915535
4112,2.6742221234701433
4113,2.0110286684155847
4114,3.0667480588033933
4115,1.2701141831428235
4116,1.8332690697294063
4117,3.7990084499320678
4118,1.5726488244489278
4119,2.273427990364047
4120,4.243128820492938
4121,3.7792484857630355
4122,4.262751657368292
4123,2.0930282092036943
4124,4.528412627577422
4125,1.3459558524887552
4126,2.553020800421669
4127,1.8787473244233257
4128,2.1060643555983503
4129,4.133352663467996
4130,3.9165009129374115
4131,3.551063159645679
4132,4.776325130781449
4133,3.632627888149342
4134,4.613312407223313
4135,3.324156966586943
4136,2.2131998306220293
4137,3.8470287562324765
4138,2.819262049673435
4139,3.351118904715874
4140,4.57310224072349
4141,4.028452319548114
4142,3.5397776908512495
4143,2.8775012791138352
4144,3.4209664220223255
4145,4.961808832288069
4146,4.069315932073405
4147,1.9171933101025278
4148,3.0078154850737064
4149,2.07204593898206
4150,3.323490994050176
4151,3.3927676589040674
4152,2.8662409762775125
4153,1.7018118800979853
4154,1.572473017838123
4155,3.00651194783637
4156,1.069743279743844
4157,4.061882345185035
4158,2.31657129786742
4159,3.147155243752541
4160,2.3394400563223225
4161,2.3910024528138027
4162,1.9132894281327566
4163,1.9408619375020852
4164,3.3314361008615623
4165,2.630223570970321
4166,2.1273479939597206
4167,4.321894806616186
4168,1.782005501641223
4169,2.3234914771116624
4170,3.392297735616354
4171,1.694710532214525
4172,3.7895239032671593
4173,2.108877660023453
4174,3.2392923483913747
4175,4.659691914907878
4176,1.1932287186385446
4177,2.9565022200287308
4178,2.1514629450150644
4179,2.894447837972749
4180,2.86820662588386
4181,1.8610983186372425
4182,2.9142194315388927
4183,3.6584168599858726
4184,3.27467633343686
4185,1.404168810295344
4186,1.4249735524835985
4187,3.3047082635170915
4188,2.3813312052097877
4189,1.584904824022296
4190,2.1106718702818834
4191,2.3283613254636557
4192,3.252615045949916
4193,2.7809966455036155
4194,3.364916434127905
4195,4.865627968292273
4196,4.787241634778736
4197,3.959497452400028
4198,1.0728343021431708
4199,4.363291444484812
4200,2.777107983653114
4201,1.0460451812117584
4202,3.2175048417473993
4203,2.4511143763251284
4204,1.7250973575729285
4205,4.88235470858433
4206,3.657789313267373
4207,2.429818837896417
4208,2.446700567476783
4209,2.5788293801695854
4210,4.384863021504303
4211,4.394811293152746
4212,3.013297640116519
4213,1.218305379259359
4214,2.2196871588433384
4215,3.4158277365866834
4216,4.290189967094849
4217,2.1160636801246504
4218,1.0496603992201639
4219,2.957539394639281
4220,2.2991137386440186
4221,4.75770527036752
4222,4.430997405023829
4223,2.1219180714232926
4224,4.821016661249655
4225,3.826471770325197
4226,4.346160959806724
4227,4.5480830689029546
4228,3.785171502216618
4229,3.952023319238312
4230,4.150545955130754
4231,3.8511527163917374
4232,3.221690228377142
4233,3.8935893234347363
4234,1.7806019850936607
4235,3.1071415105576126
4236,3.8953826568604506
4237,4.98039525514112
4238,4.649287483772266
4239,2.5352286654278005
4240,3.8954848769831294
4241,4.317540420862281
4242,4.3918228635291
4243,3.8395885968848096
4244,4.154549542724249
4245,3.5780424856289135
4246,1.5515505719573177
4247,2.5273402490169343
4248,3.80919580223006
4249,2.1407126376579146
4250,4.4249594217472445
4251,1.8012440504260683
4252,3.2388804621294494
4253,3.347191251416036
4254,1.5069317418158334
4255,2.698724134704824
4256,1.7463499528463613
4257,3.7888111356797123
4258,2.3415125758468407
4259,2.017149670083515
4260,2.8445621345457397
4261,3.6108395097520902
4262,2.0922127026465374
4263,4.234559993216665
4264,4.4012448408631055
4265,1.1380042863557929
4266,2.9366194661624725
4267,1.0839258609150537
4268,4.213032590093305
4269,1.240691070254372
4270,2.4238809849764076
4271,1.7075120615260322
4272,3.2165050926244634
4273,3.9752191782226314
4274,3.6917343069037116
4275,4.629532967636315
4276,2.7018402989199615
4277,2.36220286539958
4278,2.8018789487320177
4279,3.1876985112392098
4280,1.4010122407291452
4281,3.2946166391747367
4282,3.0329938009849777
4283,3.4813431461966426
4284,4.755337414197803
4285,1.9953340033805933
4286,3.972740470845739
4287,1.1823867777703034
4288,1.0301397835021624
4289,2.3044790989339257
4290,1.1358686509636788
4291,2.362418735901237
4292,3.4940966039397567
4293,2.4773778217891023
4294,4.738318373585696
4295,3.292313739212277
4296,3.833047948146327
4297,3.345731733642405
4298,2.1772716886652304
4299,4.003141575972447
4300,4.971744357146797
4301,2.1727878888838483
4302,1.7896441719052052
4303,4.263212095381421
4304,1.5227942319406762
4305,4.6520637838443655
4306,1.6937227394669607
4307,2.4459824822360847
4308,1.9632067717176191
4309,1.2545504239979293
4310,3.695467975021506
4311,2.5436050081266766
4312,4.125313569292869
4313,1.0628562087496696
4314,2.305777776268672
4315,1.824379203873816
4316,1.1543227388139266
4317,2.3659709077806284
4318,2.902329642211572
4319,1.6307145884805867
4320,3.239175417459774
4321,1.4532434349062786
4322,2.4670427658113927
4323,4.372026002336721
4324,4.883166604326455
4325,2.527895327129497
4326,2.3595826946167193
4327,3.0462873402777015
4328,4.984166069546697
4329,4.465937125394619
4330,2.925397684159652
4331,4.656322375276073
4332,2.450372080637183
4333,4.753366983668622
4334,2.6866276948125902
4335,3.0745735371053455
4336,3.9281157710995878
4337,1.5965934579449623
4338,4.523415440989197
4339,4.104137238463087
4340,3.297073989979805
4341,4.563724106850634
4342,3.4068759094427588
4343,2.470104392115911
4344,3.3098691288183337
4345,4.108254497017418
4346,2.485584965281642
4347,4.160051825885905
4348,3.0180632403988534
4349,2.433332456446613
4350,2.63963154063675
4351,2.074235358875736
4352,3.257734844535842
4353,3.515131449063858
4354,1.8293390405621972
4355,1.179868566767778
4356,4.743136512126113
4357,2.3729030256271875
4358,2.2555785302819893
4359,1.8653115419048234
4360,2.5212376065726474
4361,2.0221284380217255
4362,3.3159869279525513
4363,2.520995792635313
4364,4.0201764996989855
4365,2.6601469879250086
4366,1.0266742489220841
4367,2.5999459485320573
4368,4.058351739909858
4369,4.094428697210251
4370,4.707871828503597
4371,1.961993702002112
4372,1.7498577647065248
4373,4.47302719731374
4374,4.598428238421521
4375,4.863056086328939
4376,3.1081932521398286
4377,3.5186908099101033
4378,4.127659018615004
4379,3.5778901070973483
4380,2.321312887744019
4381,1.0098165940238468
4382,2.7700698425859325
4383,3.068985389388359
4384,4.614254572744705
4385,2.9612625432465656
4386,1.7496129991919087
4387,3.7493405725285
4388,2.1772965969186235
4389,4.851918976921991
4390,4.58575751099522
4391,2.6770109281144765
4392,3.5911625419899367
4393,4.963196206361527
4394,2.907273414187232
4395,2.2166033040859916
4396,4.293000797398844
4397,1.9303138594675078
4398,4.4364516294503735
4399,4.563046874202627
4400,3.284297591103657
4401,1.6978904854358587
4402,3.521926406707281
4403,1.4675761073125875
4404,4.102011746727509
4405,1.2636207513157172
4406,1.4736682223844895
4407,4.894238997317759
4408,4.7850330516284485
4409,1.209866618091843
4410,3.8982523971085885
4411,2.8803485407276215
4412,4.0944398777562165
4413,2.96214005993584
4414,3.535766553417221
4415,4.927975553940992
4416,3.8953113607645746
4417,2.6810911392868286
4418,3.4511743402652546
4419,2.9115688800335775
4420,4.614015736514422
4421,1.9042125283042326
4422,2.0267767836383515
4423,4.2506879329834835
4424,4.77305498151041
4425,1.5461111506359542
4426,3.9577924016454316
4427,4.457637065723917
4428,2.5989675040864704
4429,2.0123795100568693
4430,4.3721949921125605
4431,3.78220635017056
4432,4.23058801543615
4433,3.0650862656824516
4434,4.935434219600477
4435,3.486952281487927
4436,1.8045542900514309
4437,3.6274548054865727
4438,1.8752700475138875
4439,3.2035237378747943
4440,1.173536857040817
4441,3.2035883522217343
4442,3.8884149181718772
4443,1.4085831619958062
4444,4.133491333283358
4445,3.275423479016665
4446,3.0491936737688183
4447,1.3111138918272176
4448,4.433706667566297
4449,3.597189086910734
4450,2.623563872973413
4451,4.709779654942639
4452,2.4592731177558904
4453,2.377068914266177
4454,3.652158025933138
4455,1.0870177265904548
4456,4.5432354392435865
4457,2.6371824810077493
4458,1.259036503550793
4459,3.0289215185780693
4460,3.6586944079767254
4461,1.5607478818980005
4462,4.87284004714333
4463,4.755521567474892
4464,2.9395206074169
4465,4.175660973930231
4466,2.615165518483159
4467,3.285189155237964
4468,2.0642184229498164
4469,3.0532375100612463
4470,1.2383698167484707
4471,1.993433812408183
4472,3.2471307666273446
4473,4.085176852962007
4474,3.814002212377573
4475,4.459444329327148
4476,4.008274193257398
4477,1.2411527511633929
4478,2.967967102861585
4479,3.2127374325598184
4480,1.6710094541500191
4481,2.7089892030832665
4482,4.330128088529648
4483,2.652415330134946
4484,3.7514937549469094
4485,2.729283580467325
4486,3.5086951658424947
4487,2.7166548273936124
4488,3.7873464634049423
4489,2.2201509907408266
4490,2.8746577240567897
4491,1.519175498615596
4492,1.0217375347276678
4493,3.3353183289750836
4494,1.9568008744538625
4495,4.123616251008992
4496,2.616896089131392
4497,2.7230642523450053
4498,2.7483500187533934
4499,3.5908297972914607
4500,2.169754721735704
4501,4.458467243164618
4502,2.580491290605654
4503,1.0837096325915492
4504,3.8920873381344387
4505,4.350162102817961
4506,2.8695390396458906
4507,4.841782455153954
4508,4.854853147181872
4509,2.1163780532519447
4510,4.536374395617958
4511,2.4818752400776707
4512,4.650725418087427
4513,4.3378564399891415
4514,2.5244769589858653
4515,2.5655564306695346
4516,2.2993258779179517
4517,3.009940869175617
4518,4.337896401821704
4519,2.7138219133526595
4520,1.652846772980142
4521,2.1977500670345638
4522,3.7201390108567747
4523,3.5065690756382666
4524,1.9051625644686223
4525,3.9233052469326135
4526,3.380438849079895
4527,4.163185953067102
4528,3.6757901630507512
4529,3.3275783193402666
4530,3.6522300155938776
4531,1.6557697649195116
4532,2.3592255670411983
4533,3.159338183132153
4534,4.6677959765233155
4535,4.295417118646181
4536,4.696170167435447
4537,2.1650029154496946
4538,3.8960224459603343
4539,1.015946954610203
4540,2.5654191851643295
4541,4.5188941509887925
4542,1.3171747227238537
4543,2.3382306585243033
4544,2.8780847193085326
4545,1.117856240105811
4546,4.547534796715992
4547,2.0519186569009187
4548,3.3664558692265834
4549,3.3117638789256154
4550,1.8187128676295172
4551,1.3242051917167625
4552,3.0971404032500294
4553,1.9788777685588768
4554,3.6715531478820957
4555,1.321428816272816
4556,2.697977747624232
4557,1.088633475486997
4558,4.913704328552699
4559,3.9399966980378816
4560,3.938691230654123
4561,2.9911064088043826
4562,1.6909752643583609
4563,2.355883971572324
4564,2.7195975813575095
4565,1.003406929762336
4566,4.198818127985723
4567,1.2222790045634415
4568,2.4149307654704244
4569,4.5120344147656155
4570,1.7967100814739312
4571,2.718989048817592
4572,2.297733744701352
4573,2.643228162326861
4574,4.573646032860231
4575,4.390107304535
4576,1.3229906060389816
4577,2.163225670294936
4578,3.2356023320910454
4579,4.546003364938821
4580,3.8574928420896843
4581,1.040637800551365
4582,1.4086869614067425
4583,3.3422438175214744
4584,3.9146266109371157
4585,2.146153579593968
4586,1.9057890660319208
4587,4.355663041297738
4588,3.29139415426704
4589,2.90652813730063
4590,4.2647062035287036
4591,4.045134207956224
4592,2.6631348392552923
4593,1.136243715673218
4594,2.9923723247644416
4595,3.3148670489444396
4596,4.842891274049999
4597,4.085573328130986
4598,1.3502037649168903
4599,1.4882907569713675
4600,4.654599903882681
4601,1.064670289358837
4602,2.515376824946462
4603,4.650150841877874
4604,3.7023832694783527
4605,1.3052055325266672
4606,2.4072746858441505
4607,4.755773456822924
4608,2.7271176865566638
4609,3.882617550602735
4610,4.547433318704831
4611,4.554150268108327
4612,2.1965697575259875
4613,4.274016251343916
4614,1.9972716589565356
4615,2.270385371054483
4616,4.4902953182652965
4617,4.78460451452414
4618,1.9053629573402318
4619,2.083466757856408
4620,2.5195019549282445
4621,1.1307613577554099
4622,1.353084564900226
4623,1.9628693831493003
4624,3.4583231190316996
4625,3.6595228135338687
4626,3.2068426317094927
4627,3.2886060705993976
4628,3.7269547622450343
4629,4.461767126007365
4630,2.6496828326590927
4631,4.9801326693846875
4632,1.5773849849761654
4633,4.800482061233138
4634,3.321115647758295
4635,2.184978207442133
4636,2.799386716010338
4637,4.667657612299688
4638,4.684042232638371
4639,1.1512628010370007
4640,3.7039380126413315
4641,4.465598017324995
4642,2.8173440454290732
4643,4.38991619908763
4644,1.82238861753721
4645,2.7768249016129984
4646,1.6587276259981554
4647,1.1066817099938056
4648,2.639849422369279
4649,4.915607495641665
4650,3.381372259642244
4651,1.7524756074918444
4652,2.123266311591904
4653,4.561049442572669
4654,2.422143010025954
4655,2.302198715657407
4656,2.6559163439682933
4657,1.4658930466100024
4658,3.6551944287568627
4659,3.317837100874377
4660,1.5859944002415944
4661,2.5349926615494587
4662,2.2420722826694446
4663,4.0586869878790495
4664,1.5991165379691998
4665,3.4256423918082906
4666,4.704450541129644
4667,4.2779241670454216
4668,3.5173155757226
4669,4.985087467960241
4670,3.6280208710565467
4671,3.399131688979818
4672,2.6627646320323524
4673,3.095542129515896
4674,4.740801369848292
4675,3.0920750699574455
4676,2.3966162373356084
4677,3.9804328447774973
4678,1.530778216868542
4679,3.593353788627463
4680,4.72917293316539
4681,1.9318636732167684
4682,3.0840035749428245
4683,2.0005214573439645
4684,1.3878307373163157
4685,3.7320055966088437
4686,2.4796169843039566
4687,4.782064104293316
4688,3.081465627513696
4689,1.0961366614369377
4690,1.0704939844493158
4691,4.77881159420104
4692,3.045552943931817
4693,2.8781416433995495
4694,4.993949101704194
4695,1.2501597432422753
4696,2.685359196547032
4697,2.758324585915309
4698,1.275875509133368
4699,2.6172185235767325
4700,1.365543805582925
4701,1.6248911580756271
4702,1.752025370075183
4703,1.9916886008452965
4704,3.5711915833605867
4705,4.321026755985896
4706,3.168803713049903
4707,1.5992238946653115
4708,4.412807476317011
4709,4.943011537483061
4710,1.2155903761651525
4711,1.0697494072451734
4712,1.8542844635088942
4713,4.999870318029839
4714,2.968998298357346
4715,1.8881670148833152
4716,1.1701852221055327
4717,3.5586107795048516
4718,1.631074912163883
4719,4.493691300470491
4720,2.9139871670232638
4721,2.220466005669545
4722,4.244426725445667
4723,2.0256443271823548
4724,1.9951289780293426
4725,3.0470025266600858
4726,1.9103069517403792
4727,1.9312937558871854
4728,3.3601621677160427
4729,2.6482971939546815
4730,3.168025337261853
4731,4.5069686700622675
4732,1.7044694610985935
4733,4.248526063032729
4734,4.208548048113301
4735,4.750119261789958
4736,3.4405635163037376
4737,3.860952577115129
4738,3.2829855326364985
4739,4.588489030504784
4740,1.7331951585144414
4741,4.150036627428486
4742,3.002246865204318
4743,3.2043242767763096
4744,4.438312046730006
4745,3.693612319041404
4746,4.895005288208804
4747,1.7505230711304223
4748,4.949823861467142
4749,2.844506327453864
4750,2.634854804688285
4751,2.528900905138053
4752,2.373725468289216
4753,3.7342244541919594
4754,3.119309883115814
4755,2.789668363605877
4756,1.5537865379968578
4757,1.4863585620769477
4758,2.972535451321592
4759,3.5242083648507996
4760,2.1827013980423127
4761,3.6950589458089977
4762,2.683312197518117
4763,2.769515044731733
4764,4.497462655830252
4765,4.94419225014931
4766,1.772215598876263
4767,4.721088363827878
4768,3.852115159096237
4769,3.690253376282078
4770,1.8548027340117268
4771,2.609982664206731
4772,1.640906062660258
4773,4.229578384727065
4774,3.491264377608115
4775,2.50429903605798
4776,1.160198480281987
4777,4.599685552923711
4778,1.2346764628938454
4779,4.341581836136314
4780,1.0987007510116915
4781,2.858686797642924
4782,3.563190272515507
4783,3.9422944865548497
4784,1.5576882368672882
4785,2.520164084326884
4786,3.8205165672150763
4787,1.2908947172997514
4788,2.235761146391472
4789,3.149972869554574
4790,3.816564817247743
4791,3.088005457050682
4792,4.518357769331017
4793,2.1707001889451076
4794,2.055006997671491
4795,4.871138150481494
4796,1.0993630152853968
4797,1.9120520697684618
4798,1.0575772391041935
4799,4.632090856112942
4800,3.250425531813108
4801,4.256726210575936
4802,4.013580042519992
4803,4.998728887361079
4804,3.5609727886875886
4805,3.8900213865393565
4806,3.343646743734383
4807,3.038226834085413
4808,2.623045269249426
4809,3.8062072406481744
4810,1.8627065949470065
4811,4.472928477208203
4812,3.3754586658644112
4813,4.380704080450655
4814,1.1556333317855643
4815,4.708305354913348
4816,2.022078966942892
4817,1.2792991216690908
4818,3.3416133563294865
4819,2.5727725103414447
4820,3.1459307267284355
4821,4.406405977562612
4822,3.7847336030917234
4823,2.1189520322217343
4824,2.6509820782711984
4825,3.809858442775918
4826,4.050450995930305
4827,1.9649025984107786
4828,3.6072531884410868
4829,2.217490770930155
4830,2.3868633169515765
4831,1.513716384362148
4832,3.492645916078099
4833,2.4238423275287
4834,4.301055444990219
4835,3.6129783173837575
4836,3.2597633736563125
4837,1.631171548733295
4838,1.1804732474495943
4839,4.768734431709468
4840,3.839148254062761
4841,1.794293505885011
4842,2.9866667484247125
4843,4.95014409551523
4844,3.5927116795820044
4845,2.4168680043574575
4846,1.4895824828843733
4847,3.6629137057994834
4848,1.368639012578245
4849,2.565927040133554
4850,4.870863903282364
4851,1.6025470555557102
4852,3.743412328652597
4853,4.388729648185002
4854,3.8198051724348
4855,1.6588804320649717
4856,2.6210890384243983
4857,2.13266786938605
4858,4.526275486852558
4859,1.6845217533030756
4860,4.349027726605623
4861,2.88247805958363
4862,3.297506886902692
4863,1.0007828578379478
4864,4.443847081392406
4865,4.60294648374442
4866,1.8922552118875755
4867,4.739412309066786
4868,2.8800512520137382
4869,2.6771587739633986
4870,2.014771771225057
4871,4.88790918410069
4872,1.9448302605229033
4873,1.7210010566259881
4874,2.6673745601075645
4875,4.4694836204088
4876,2.3453307847231684
4877,1.4345957172923902
4878,3.5652481225613637
4879,1.7675474756832612
4880,1.9899150091712468
4881,2.4064390648182625
4882,4.552274575071163
4883,4.620530890623508
4884,3.0454637052990825
4885,3.9162148727929975
4886,3.04826276636409
4887,2.6460661087376627
4888,3.913122958684377
4889,1.512749721003877
4890,1.0604805072173127
4891,2.456038395527051
4892,3.619399742985545
4893,1.5042134925726471
4894,3.3426190011902763
4895,2.850811657821741
4896,2.6611644365953646
4897,3.8677396479748527
4898,2.011219655030333
4899,4.405569524227996
4900,1.669094917927783
4901,1.9726466200810058
4902,4.777521510470928
4903,2.2720095229609605
4904,4.025522923536938
4905,4.720371919307858
4906,3.079103836018688
4907,4.602916099538213
4908,3.4385981203186837
4909,3.2867216130731336
4910,2.5060859258439434
4911,2.875903178742862
4912,1.0851023919499805
4913,4.868212702110345
4914,2.1724216957035063
4915,3.281613794264776
4916,3.3466535792262375
4917,4.8971381138478565
4918,2.4095948443886024
4919,1.1730242743055772
4920,1.2766665676770201
4921,3.6037915765912842
4922,2.318268347216143
4923,1.5858470031579155
4924,2.6081050413445896
4925,4.620164072751406
4926,1.6683671548332217
4927,1.7667572512523106
4928,2.400273989942055
4929,4.228304423766536
4930,3.1186439060262905
4931,3.755194940980797
4932,2.478732051873449
4933,4.400649138165966
4934,2.073302836789334
4935,2.446804878745466
4936,3.954955503213878
4937,3.203933128164051
4938,2.1059362101305767
4939,2.4072137120154133
4940,1.8984766969022733
4941,3.2188955851663033
4942,4.774557279899066
4943,3.6044413701621396
4944,2.5359300543351595
4945,4.732718734261097
4946,3.939628760820273
4947,3.4468279102487074
4948,4.560617389281315
4949,3.473592779568284
4950,4.889476996578928
4951,4.058018091817685
4952,4.466508109021822
4953,4.233911606819716
4954,1.6452921975091996
4955,2.3651522233789937
4956,1.998777551022806
4957,1.7905510987114135
4958,1.7475580323970612
4959,2.257032024521814
4960,3.949307960099945
4961,4.804277482737914
4962,3.6223028695576973
4963,3.927833816539568
4964,2.049102120657099
4965,2.034487175739394
4966,1.800862194671307
4967,4.8879661128634915
4968,4.541302372342728
4969,3.01810832948345
4970,3.3885112651985407
4971,3.941041789119411
4972,2.7943831678434803
4973,3.2708921074092663
4974,4.426758118586603
4975,1.6026400090125352
4976,3.70101524572242
4977,3.6520434732125637
4978,4.205523646313839
4979,4.610669600759241
4980,1.318233006889622
4981,1.9069293317418725
4982,2.4027238369272776
4983,1.5629676093060723
4984,4.837826731592939
4985,4.348994400290638
4986,1.7409193599321413
4987,3.0882357322297223
4988,4.460376973496963
4989,4.769362348672035
4990,1.9388545694509696
4991,1.190805869209691
4992,3.9139413066134354
4993,2.438219929497255
4994,1.385192350800799
4995,3.0365095791910846
4996,4.741113340413458
4997,4.306270541776158
4998,1.4906067522064461
4999,4.374557506917093
5000,3.541559448615146
5001,2.9887172060190137
5002,2.6056388034218187
5003,1.5345284070366705
5004,1.1796369176072545
5005,2.8040705018262084
5006,1.2029087304813486
5007,2.0429520021844163
5008,1.3901620490768094
5009,3.515482380982687
5010,2.1226684266171567
5011,3.2302776941155975
5012,1.3111018696928598
5013,2.9489468664678817
5014,2.2493521668233516
5015,4.171362216165821
5016,1.844112181042608
5017,2.974785272402861
5018,4.715883308872429
5019,2.7864278564453353
5020,4.233817022064639
5021,3.8087100476318367
5022,1.2537647671524712
5023,4.520598679339665
5024,3.436183644683425
5025,1.1251624486578269
5026,1.946969329907037
5027,1.5215684691569455
5028,2.8214364066720536
5029,1.04400040990879
5030,2.751108947738385
5031,4.764643005655619
5032,1.374282271801726
5033,1.8076873662893127
5034,3.9640579241446394
5035,3.1470715502697884
5036,2.3663290755508273
5037,4.860766501477972
5038,4.193660266281796
5039,2.7254359056296966
5040,1.1992119882785377
5041,1.3772707797812296
5042,3.290023444077029
5043,1.6712870581904786
5044,1.2261903833165952
5045,2.4081379237994813
5046,1.2113743075578203
5047,3.963024989514664
5048,3.4124848714501654
5049,2.568919850131386
5050,2.493791970508314
5051,2.6714072389003616
5052,2.3927704899362037
5053,3.196580153482795
5054,1.080545185873508
5055,1.0224010156342644
5056,1.8805611878688553
5057,2.6771502534243496
5058,2.613297647981894
5059,1.7666683727430263
5060,3.371939728959367
5061,4.77425911319229
5062,4.051117084682756
5063,4.47164936651218
5064,3.4462238435614667
5065,4.131885488838383
5066,2.2525444721064787
5067,2.201341247219289
5068,3.4787240914455926
5069,3.939267665320655
5070,3.4349264427570114
5071,1.8090032573271748
5072,3.2468614582661544
5073,3.0630047205794364
5074,2.8931276551908747
5075,1.9847405086309866
5076,2.1798285350868416
5077,4.727025208702983
5078,2.6556238680568427
5079,1.4078355386699704
5080,4.434235721671369
5081,2.816395740622612
5082,4.684957457810354
5083,4.532252899665402
5084,1.4462958790413696
5085,4.156804081879388
5086,3.143539342862765
5087,2.2667935028241004
5088,3.013304920874847
5089,1.8307975010898607
5090,2.300260828468735
5091,1.4018978020866744
5092,4.146084669959904
5093,3.1736968231339633
5094,2.25072460076192
5095,2.6974505625887
5096,1.311971238357931
5097,3.6127969125192894
5098,1.7318218956693978
5099,2.6003494955552022
5100,3.8217170383534267
5101,1.4357825267838975
5102,4.054889131520236
5103,2.1913916354034364
5104,4.445974039431348
5105,4.044822426473394
5106,2.374789882469734
5107,2.8746336375269395
5108,4.240867758475261
5109,1.5207113481209507
5110,4.790679724744612
5111,1.683904277303259
5112,3.3346039570212658
5113,2.400105180213528
5114,1.2552036872852077
5115,3.2869684179404874
5116,3.7899826611183998
5117,3.3397471024572734
5118,4.929877560697468
5119,2.5727311943959723
5120,4.962681194646636
5121,3.367071080454706
5122,3.6933467768101957
5123,1.9442552046606498
5124,4.742928960836929
5125,3.6129191102801754
5126,2.974714090232928
5127,1.6138258819929083
5128,3.370470338082639
5129,3.3167685575983574
5130,1.1014523747659615
5131,1.2035467657742052
5132,4.668525438510816
5133,3.818945455665738
5134,1.7022787693238906
5135,3.513022756606265
5136,1.5974913921208147
5137,3.9066288096514588
5138,1.004256585635619
5139,1.6046549548189346
5140,2.0197283512863566
5141,2.412412106564134
5142,2.055818483651705
5143,1.7907497958665886
5144,4.102131541095652
5145,4.947458240827589
5146,4.5272655080993935
5147,1.499713252900475
5148,2.16190519555698
5149,4.219196489544432
5150,2.2149992658277666
5151,3.794028769222321
5152,2.9520006093887368
5153,1.8906289650639279
5154,2.473905221414914
5155,4.240860242840908
5156,1.0910480196506112
5157,3.6840458392188005
5158,2.7986749910426973
5159,1.9188757603212125
5160,3.9824760393021243
5161,4.34011622852948
5162,3.5550110879291648
5163,4.001289656236281
5164,1.6304256579917245
5165,3.3010542968537773
5166,4.730019261880282
5167,4.362221700637001
5168,1.4975599050895565
5169,4.839259728166567
5170,1.2007595152140413
5171,2.766045705855799
5172,4.678842805611643
5173,3.7511409758756704
5174,4.2244934088275246
5175,1.7040808331004178
5176,4.319549260329859
5177,2.6147263013889477
5178,2.497973150539534
5179,2.3810770920458504
5180,2.313884226283097
5181,2.6526654991850225
5182,3.907012964456093
5183,1.3467773246288548
5184,3.11044435163701
5185,2.496621805830951
5186,3.821745576629812
5187,1.7859417654449858
5188,3.7582411291042455
5189,2.5255949860969396
5190,3.4591105435403846
5191,2.946383648892927
5192,1.572452201066723
5193,3.6331359372589707
5194,3.0292531687546647
5195,2.229678342909771
5196,3.850618849221554
5197,2.2168404307862644
5198,2.185184930703929
5199,4.080238732257129
5200,1.7116066721864542
5201,1.7028707309994466
5202,3.9033483575514336
5203,3.39163433762235
5204,1.8245152265729718
5205,2.6327063517918003
5206,2.462705255640333
5207,2.0448002262853624
5208,4.581131905473001
5209,4.515581964060495
5210,4.953370969605537
5211,1.159166989779341
5212,4.733802820251501
5213,1.9803928614061719
5214,3.9903759025891725
5215,3.649373335689832
5216,4.168695898624108
5217,4.93003453340363
5218,2.6552791153908326
5219,1.169361466805423
5220,4.544596300346068
5221,4.970241119905689
5222,1.3032870544777593
5223,1.700307574032942
5224,4.2449648375276645
5225,1.7955408527258547
5226,1.101332799169342
5227,1.0647247298895839
5228,4.847021370502093
5229,3.628896993734376
5230,3.2734466408034897
5231,4.585760902490131
5232,3.4936991763327616
5233,2.4976421940197744
5234,2.914591850345204
5235,4.536963285823813
5236,1.9257023016615227
5237,1.5969851129099308
5238,2.7823645842521056
5239,3.978426671063045
5240,1.4680427597490389
5241,3.320129702927753
5242,4.114119242600081
5243,4.264000640235423
5244,1.4785602157053304
5245,4.948247452516602
5246,4.0941946015292165
5247,2.103227360564257
5248,2.941655268426427
5249,1.5159025998702473
5250,3.6641631623348347
5251,2.414731707775439
5252,1.6938019301138416
5253,2.7478600523102545
5254,2.879716733660682
5255,4.991154044712421
5256,4.758014291927084
5257,3.742482248188125
5258,3.345056186938576
5259,1.972066739471508
5260,4.489988763892104
5261,4.928355073551722
5262,3.610438297190629
5263,3.8097528135117207
5264,2.2335224907057247
5265,1.915370951859905
5266,3.4649037311946804
5267,1.5586011474560957
5268,4.335222677538699
5269,2.7835419123284724
5270,1.9639122846837833
5271,4.700495534051809
5272,3.9156760147050043
5273,4.803398203510016
5274,2.4349166317264848
5275,3.1437217304049994
5276,4.654565228423346
5277,1.6274310251448014
5278,3.7097011763798053
5279,2.1801970952885217
5280,2.989175567681339
5281,3.1774066437994026
5282,4.211888541426349
5283,2.9204986321056428
5284,3.866273479657449
5285,3.2325163621655517
5286,2.3076582011529716
5287,2.883913484206592
5288,4.392124262528949
5289,4.7569584853614
5290,4.737812495485716
5291,1.5249976201353013
5292,3.2540601878875957
5293,3.248963597578369
5294,3.5441203460452737
5295,3.303925524304169
5296,3.702703646785481
5297,3.968954395893814
5298,2.420405311221393
5299,4.6351842073184395
5300,2.9299847520379876
5301,1.0910659620712435
5302,4.1962080486254365
5303,1.210223099995119
5304,2.9530751357403515
5305,1.8706176581999174
5306,3.0818422763554936
5307,3.0242985421394595
5308,4.733325301335696
5309,4.4800888573001485
5310,2.416033479208502
5311,4.097941088562323
5312,3.756887784362693
5313,2.276692255786104
5314,4.767655360050373
5315,2.1291007543177534
5316,1.3783359022335016
5317,3.8057025211498163
5318,2.590946513574859
5319,4.021222384084116
5320,2.2938143254041874
5321,1.9472248261548675
5322,1.45393681615655
5323,1.989907421327675
5324,4.448728997997126
5325,4.595422197229025
5326,2.613354362538872
5327,2.888723510421872
5328,3.338160950290358
5329,1.3003652304584112
5330,3.3870077066876
5331,2.3588176037532675
5332,3.8921224171735576
5333,4.352276806317561
5334,1.2039550264974945
5335,2.3149634353441
5336,3.6619644526036237
5337,2.890471453971981
5338,2.9490508099645973
5339,1.811653419832726
5340,4.940709063886763
5341,2.0103241923212396
5342,2.0352495900555563
5343,1.9215151318096115
5344,2.150462072490467
5345,1.8441514068920304
5346,3.635200566298417
5347,4.913378897252306
5348,2.4063521095214866
5349,4.948263069492181
5350,4.051984688287412
5351,1.5684835304590816
5352,4.026141575855949
5353,4.749177064577135
5354,1.783052860165379
5355,1.145271829135261
5356,4.875797883478246
5357,4.501349484697716
5358,4.648572487185898
5359,1.4085746381981017
5360,1.601094447149538
5361,4.472458405053957
5362,3.7447565994209433
5363,3.01823283970309
5364,1.9300942793708877
5365,1.2486121879588157
5366,2.078351959556309
5367,3.928932843780344
5368,3.3223298860166843
5369,1.2274416830831352
5370,1.00342877110235
5371,1.6977896724766115
5372,2.465344033785039
5373,3.4947246894747583
5374,1.8504847865384622
5375,1.3106132712611043
5376,3.415458875430618
5377,2.8265393421936684
5378,3.3781111905930943
5379,4.869680640547595
5380,2.397881801754656
5381,4.88185914203053
5382,1.3214052196981472
5383,4.619302621666006
5384,2.6021848314849505
5385,4.864739046777375
5386,4.822499255875085
5387,3.790500851339391
5388,4.578809036539361
5389,2.989301524434005
5390,2.3796915001778336
5391,4.727330256638606
5392,3.034650729821327
5393,4.9910222788984
5394,3.064974661020152
5395,4.988731580660488
5396,1.9025543209393612
5397,3.1202417881864752
5398,3.580969784277675
5399,1.3041834343292167
5400,4.482072829846413
5401,3.3123980711152283
5402,1.5779798527417448
5403,1.0315012868971292
5404,1.564864429157327
5405,4.059341302662869
5406,1.0444767076119317
5407,4.141479887471217
5408,3.214298992169264
5409,2.281422222385249
5410,1.6300163131441834
5411,3.693873450184639
5412,3.0081006469778826
5413,3.585289286680501
5414,3.3615053154629497
5415,3.767810160087665
5416,4.047602454012274
5417,2.92400077513712
5418,3.6512902637849667
5419,1.013249378770586
5420,3.937695849686474
5421,1.1074532470248295
5422,1.3809784956121058
5423,4.063677595820945
5424,3.98447916359443
5425,4.3146913466612595
5426,3.241326895138956
5427,4.43743543982454
5428,3.6540725784569017
5429,2.845382866661423
5430,4.432851319207985
5431,4.970973465269292
5432,4.857618913923565
5433,3.5656588663955695
5434,1.1589785090911193
5435,2.279097102035812
5436,1.9567848629814515
5437,1.3584087147831196
5438,1.2589687468408255
5439,2.086736149147494
5440,4.794969934207602
5441,2.2571473395176262
5442,2.937051841694792
5443,4.14822634566887
5444,2.65904613035435
5445,4.9249349538519525
5446,4.8813543396212005
5447,2.6472849636227576
5448,4.560051595258468
5449,4.320319179052358
5450,3.119386201561123
5451,1.9476869904340761
5452,2.8336261970877774
5453,4.588363164207305
5454,4.4173285927118195
5455,4.991086285056566
5456,3.0851982822355835
5457,1.1518203183793059
5458,2.2461693383513626
5459,3.804946069394171
5460,1.4486174212702347
5461,1.1534730386105596
5462,2.1065755844575293
5463,2.4441577860073527
5464,3.024005082820153
5465,3.25957766136646
5466,2.592373342577717
5467,1.8987752849402084
5468,3.18417138462059
5469,2.721478948747921
5470,4.832634097994859
5471,3.1993764634204984
5472,2.3929104425446255
5473,3.6758203863032715
5474,3.785504287255505
5475,2.3502424987176727
5476,4.498191752080535
5477,2.965174034402079
5478,4.552436664526386
5479,4.34794279562956
5480,2.9592572386622984
5481,4.085280276618782
5482,2.1322146642827358
5483,4.367340158497292
5484,3.029780652131975
5485,1.0258595687991554
5486,3.191803890695772
5487,3.988732508881279
5488,2.131407120986079
5489,1.8387301086525718
5490,2.618676902486779
5491,2.493392300928605
5492,2.5492361660117053
5493,1.1723355635394213
5494,3.279597395049162
5495,3.7539062125127023
5496,1.2992810956917018
5497,1.3315044218635905
5498,3.9564643028753537
5499,1.6627362614714722
5500,4.684448254494858
5501,3.7086777332285297
5502,4.339428794186827
5503,4.225312317279194
5504,1.9266244339288314
5505,3.877736798391952
5506,2.787396875836727
5507,1.8942027361224283
5508,1.4689681344271266
5509,1.9429824848525539
5510,3.500861253381652
5511,1.9534851279282504
5512,3.139724400447771
5513,1.7940901006590515
5514,2.63592025894509
5515,1.9996222122211136
5516,1.1807189031769791
5517,2.19526654990847
5518,2.4729090137339518
5519,2.6567560271524
5520,4.335273232532543
5521,3.5721909350082566
5522,1.2276639633439634
5523,2.7653719378422243
5524,4.4211080707157375
5525,2.9180158076279348
5526,2.4671091903064073
5527,1.2239813352639741
5528,3.96978227603711
5529,4.15047134164932
5530,2.768628763693351
5531,3.836035841486678
5532,1.1225818900486404
5533,2.248757938575557
5534,1.9383038444451812
5535,2.84402657803336
5536,2.003444135266315
5537,3.1177935111083173
5538,4.336171583065679
5539,2.3894516811074302
5540,2.336859616343405
5541,3.068386432523499
5542,4.44215010164992
5543,3.6982932033160933
5544,4.2171537502461245
5545,1.5704515861985309
5546,1.5695343327530362
5547,3.2235854158625714
5548,2.0004792791021035
5549,1.7441641474596246
5550,4.095180613051597
5551,4.926251965912593
5552,1.2900419264987533
5553,2.793459770652892
5554,2.6950591577004195
5555,2.761086844940694
5556,3.464153918296854
5557,3.637314670486255
5558,1.3001724190893111
5559,2.888143215655996
5560,1.3160121783057006
5561,4.392433267549002
5562,2.3245527570297515
5563,1.002684910679129
5564,1.8030606523316277
5565,4.512352684111821
5566,1.6163221187717607
5567,1.657584047874244
5568,3.1419157021964192
5569,4.08091393219488
5570,4.805594505185169
5571,4.229300366699535
5572,3.79224934101934
5573,3.1156109592831225
5574,4.099935622742818
5575,4.39374848391148
5576,1.5315336520402711
5577,2.7260638869876725
5578,3.970343457702626
5579,4.196095876420167
5580,4.562304406617235
5581,2.624429620138832
5582,4.264541192852702
5583,1.3622476793536622
5584,3.830190879994385
5585,1.2438357554422108
5586,3.0028545918340503
5587,4.190311332144006
5588,1.8128901519468834
5589,4.0466053419004275
5590,1.9547106415694828
5591,1.970655864446675
5592,1.7594876435634288
5593,1.3005656534191576
5594,4.619952481426885
5595,4.370879537752234
5596,1.2954530598432834
5597,2.002138461643065
5598,1.5696576907805961
5599,1.8191457795898498
5600,4.746353150604892
5601,4.809485907159466
5602,1.3044606792974656
5603,4.459226562015354
5604,1.8733164607696269
5605,2.9148055725470536
5606,1.1815401720729226
5607,3.8443238928451553
5608,1.9968802959307004
5609,4.909100084103397
5610,3.451626819519734
5611,2.353421562071231
5612,4.86801219113438
5613,4.411118498275364
5614,4.882708379131434
5615,3.1656775245605373
5616,2.5942342140556685
5617,2.4679035140015806
5618,4.2255551032294925
5619,1.0096940814673006
5620,1.0216747310381518
5621,4.570542991089528
5622,2.5969799006571055
5623,3.1435667749388196
5624,4.861491156466459
5625,4.2226114517120825
5626,4.4745838610105695
5627,2.8989049275472376
5628,4.395923087930013
5629,3.783969543424097
5630,1.3215818601825373
5631,2.3719426593187007
5632,1.7181904019213174
5633,2.218003798797437
5634,4.080447375254923
5635,4.942328866379128
5636,1.7173347724355956
5637,4.715925228609839
5638,2.6445820259056316
5639,4.780438591218913
5640,4.698424789269142
5641,4.634075000183726
5642,1.5562149152020321
5643,4.805932066351218
5644,2.0945255820024613
5645,1.628646897195836
5646,3.759694124044357
5647,1.7230768704363846
5648,3.2984554749297748
5649,1.7300045052875124
5650,3.0239248393188474
5651,4.731451243561141
5652,3.5686422229296966
5653,4.256143933480239
5654,2.339011394976633
5655,1.4201444434323318
5656,3.646876557287652
5657,2.3215640028313542
5658,3.406315788632636
5659,2.5119245455879673
5660,3.9580965160075685
5661,2.427409252922613
5662,1.899612938952354
5663,2.9684451960408866
5664,1.9943837138116907
5665,2.3713079000463133
5666,4.286280588794424
5667,1.640095806605565
5668,1.9132702138418893
5669,2.7705151817558504
5670,4.8565835393295185
5671,1.8908375149341397
5672,1.2573918985320227
5673,2.293436026189277
5674,2.698356924427201
5675,1.4418289171758412
5676,2.5152660188990605
5677,2.8206409084695023
5678,4.3367769464803265
5679,3.970251345306504
5680,3.9246963630069445
5681,2.7641512332057485
5682,2.736257439680693
5683,4.078975399973809
5684,2.969929443749107
5685,4.53509806711777
5686,1.6474099034502943
5687,3.551175849642913
5688,2.068772957821793
5689,1.7899733249210112
5690,1.072286294889635
5691,3.037153521939002
5692,3.297223548905731
5693,1.3626088561127756
5694,3.354116526096655
5695,2.3873475205004633
5696,3.6823219767518713
5697,1.2199958651750156
5698,2.5072756969019636
5699,2.664742629946383
5700,4.59045021379365
5701,4.480126254051519
5702,4.652582763891921
5703,3.0067009166588936
5704,2.5091441693005008
5705,3.5334571701477078
5706,1.7747150047984768
5707,1.0776281129909604
5708,3.505818432461293
5709,4.8860073223779565
5710,4.925420993739872
5711,2.1347919315265527
5712,4.019226388614317
5713,4.391432576114038
5714,1.367541536819732
5715,1.2899168688131226
5716,4.862188956189987
5717,4.655083715775364
5718,4.923027959154155
5719,1.7587040815587112
5720,3.6025096210453547
5721,4.8843562964289235
5722,1.7050838262603825
5723,2.9979433268281284
5724,4.346396260608716
5725,1.7774006815167738
5726,1.3183749518496994
5727,2.0055794558261066
5728,3.2884033766612353
5729,2.4511212274482634
5730,3.142363381034202
5731,2.779405142867868
5732,4.632506980353666
5733,2.022332106444262
5734,1.7296128233411938
5735,2.3021414653176415
5736,4.088055861814249
5737,3.6328423456270866
5738,2.377982839700122
5739,2.0703411922009307
5740,4.836232531090424
5741,4.498489769922298
5742,2.2306154954560484
5743,4.96793670385478
5744,2.9930034672258903
5745,2.2883549081216086
5746,2.4060390276081347
5747,1.8574414337526375
5748,3.036814237365421
5749,3.920506650634145
5750,1.8045791142447176
5751,3.25061963602122
5752,3.2436843882636173
5753,3.1866671704332057
5754,3.936912545562007
5755,1.214972300066135
5756,3.568252371699452
5757,2.7641671431497548
5758,3.4712273951213253
5759,4.162440718228902
5760,4.4369772494581525
5761,2.770899733796942
5762,1.9806446199628098
5763,1.7742035869473054
5764,3.7919528909229143
5765,1.9026459643708846
5766,1.1871696644205318
5767,1.6565821789844017
5768,3.463915667032366
5769,1.8502855546649237
5770,3.43187622436626
5771,2.7715465161807935
5772,1.7721791839294765
5773,4.336180676442661
5774,3.4248280806154408
5775,3.042456101168924
5776,4.870553776623554
5777,1.0491270935667556
5778,3.4199201539403887
5779,1.227940206972074
5780,1.3182681577444115
5781,2.461883278015549
5782,3.710113001483471
5783,1.37883064397163
5784,4.4547148468171045
5785,2.9991841242145463
5786,1.7533603023108144
5787,2.789283979794105
5788,3.1345910571415407
5789,3.6442011683751794
5790,3.167711794859397
5791,3.559017364669922
5792,2.9925601519082443
5793,4.860574879551807
5794,4.19999977143876
5795,1.3068003789361677
5796,3.4948261034601558
5797,3.4991950182798064
5798,1.5802882016754403
5799,2.876933907131159
5800,4.990414921912698
5801,4.223562801606166
5802,2.6481694725479654
5803,4.312891217177361
5804,3.1400342995995927
5805,2.740372423301192
5806,3.074293517379966
5807,1.0421151415978267
5808,3.102253944997562
5809,2.145352663860097
5810,1.1769336583096166
5811,1.9105802653897532
5812,3.608220122487294
5813,1.3910895978613955
5814,4.763771315371134
5815,4.780862715843744
5816,4.254230385365627
5817,4.10057951324651
5818,3.384715374804565
5819,4.423833566749554
5820,1.1254277611636416
5821,4.584799041903511
5822,2.1253405035866133
5823,2.073956324958752
5824,1.0623703547403136
5825,3.030934935959892
5826,2.4895215887249633
5827,3.075348460352128
5828,3.5702692508832112
5829,1.0810897815893932
5830,2.6690781772930046
5831,2.5024960337097286
5832,3.9843865813996158
5833,4.420144507421982
5834,1.1067011101525681
5835,4.2973902585950725
5836,1.707958261903252
5837,1.753286714799224
5838,3.986997004559736
5839,2.636174513265753
5840,2.1943327917995803
5841,2.626335682202445
5842,1.1689458392467298
5843,1.2505412290180669
5844,3.0648579756866514
5845,3.1025527064040523
5846,4.687004956819792
5847,4.340937645431504
5848,2.420152724689895
5849,2.246942704870255
5850,3.064290269687474
5851,4.271117197440381
5852,2.42392677201036
5853,1.0779868071203986
5854,1.1396745346913684
5855,2.426660948965752
5856,3.2010664562433124
5857,2.6372961226134253
5858,3.5470135594470853
5859,3.31229009171962
5860,1.8616927861586796
5861,3.1780914997889202
5862,4.001839713572428
5863,4.873751968801335
5864,1.8338348568594798
5865,3.783024068967287
5866,2.211137113594698
5867,4.127687161167568
5868,2.0506165641634926
5869,2.7345201411333018
5870,3.279341066617529
5871,2.7244543817971074
5872,4.88179330016623
5873,1.9736842093236966
5874,3.1421544050455443
5875,4.182662279788662
5876,3.072414709217131
5877,3.263241972008301
5878,4.181129053502078
5879,2.4867122580070165
5880,1.1133070317153346
5881,4.825833777671649
5882,3.5641897126881825
5883,1.6230220906284907
5884,1.5687488007917088
5885,2.1374618235741125
5886,2.9613849412495057
5887,1.8250028312864508
5888,2.4976368499104953
5889,3.8267327259701713
5890,4.8877982692532305
5891,3.475334877962281
5892,4.966202940204967
5893,3.529248969940993
5894,2.4436255082095606
5895,4.217837277278538
5896,1.6108824286433188
5897,2.963738550354687
5898,4.239262102380188
5899,1.321874295542957
5900,2.7267693886124498
5901,3.2798229467525353
5902,2.511122146266666
5903,3.001526171454144
5904,3.8727119217591124
5905,4.623534597478972
5906,1.9646940987046988
5907,3.49083275257824
5908,3.5371621024258593
5909,1.6019233120824494
5910,3.8744787081818695
5911,3.700572121178349
5912,3.9103258837786097
5913,2.2490193866022947
5914,4.045962566662979
5915,2.734405112173835
5916,4.281357230442902
5917,4.879943763359339
5918,4.340258093172853
5919,3.679895135748669
5920,2.7900002728782964
5921,2.0033599210692077
5922,2.6951791835529932
5923,4.994244712902033
5924,3.9545040238439064
5925,4.642713229668379
5926,3.1783513885487187
5927,3.673461463398111
5928,4.5767110944585845
5929,2.1905671165287237
5930,2.415433365073564
5931,2.1805954486612094
5932,4.031352234465051
5933,4.266441900235158
5934,3.7967225193312273
5935,4.7162985494837315
5936,4.8855218743860345
5937,4.42824949851831
5938,4.303967687601993
5939,4.763282737967538
5940,3.7649682754693266
5941,1.4057184199204036
5942,4.559573444704583
5943,4.47313885948458
5944,3.020761569276245
5945,1.3093591671248714
5946,1.0817371861827865
5947,2.864262394260736
5948,1.4625333721640437
5949,2.5892586732286635
5950,4.847667158892152
5951,2.003053886882639
5952,1.1651891616907033
5953,2.866756905964954
5954,3.5214589411525172
5955,3.671540029515466
5956,4.4893449264028
5957,1.109722309701291
5958,4.713241304770835
5959,3.71028818583048
5960,3.228337401439593
5961,2.4532614010715483
5962,3.056252307050228
5963,4.498691809007525
5964,4.265014506134488
5965,4.4946694023964024
5966,2.673332125182589
5967,4.129453521555371
5968,4.661187677281725
5969,3.540521580410784
5970,2.116590360886036
5971,2.408580652115653
5972,3.0593713581093893
5973,1.1495746790829724
5974,4.088597105571806
5975,4.272434614730711
5976,3.5686956903983065
5977,1.9964531244081796
5978,3.9304663740012376
5979,3.2813194231741805
5980,4.773527338841598
5981,2.606251911145788
5982,3.373726397598422
5983,3.3098642755301624
5984,3.9300205004119144
5985,1.8336561501448712
5986,1.0518383026297196
5987,3.968742496514995
5988,4.7233669066031485
5989,4.526920721732246
5990,4.437908607199153
5991,2.343401192481386
5992,2.3682687638919746
5993,3.2804036774070373
5994,4.378364559738487
5995,3.671524113098074
5996,2.674839260367885
5997,4.248963763994622
5998,1.2151903099927845
5999,4.775248008450381
6000,3.4410353018075366
6001,2.1219454264099147
6002,2.32474385205145
6003,3.2683106622965448
6004,2.6780113354849817
6005,2.796107916345668
6006,2.8152153057506997
6007,1.6369774289112402
6008,2.0682769734267468
6009,4.85707944434524
6010,4.7423064294132224
6011,2.0590229631063703
6012,2.0159014232390904
6013,1.7423799137291844
6014,3.8726892655024825
6015,3.8820920347450314
6016,4.926660154934927
6017,3.210057791657839
6018,2.9277913946626413
6019,4.297748897992655
6020,4.5375613781037885
6021,4.470095740124754
6022,3.724896879508997
6023,1.117557430157254
6024,3.3722681678550854
6025,1.6291181987555516
6026,2.583110689268977
6027,3.2310883388415412
6028,1.6017522883848492
6029,3.0431202695880097
6030,4.101284373675725
6031,1.7107765143703793
6032,4.110482083443565
6033,1.502717773807733
6034,4.656243897810365
6035,1.234425639659229
6036,2.636305243361206
6037,4.471763115978334
6038,4.707482550722138
6039,3.8092080936409287
6040,4.555716962237596
6041,3.768616976312038
6042,3.63599006481611
6043,1.5669988750265875
6044,4.691397850278689
6045,3.658517631446466
6046,2.342717054055813
6047,1.661775374224502
6048,3.7620069362261397
6049,4.878521324352182
6050,3.5348123663042985
6051,1.6139774363187214
6052,2.1019959245133233
6053,1.4939630252970515
6054,1.1554590196396446
6055,4.331539784417849
6056,3.130526977996531
6057,1.4428528213795637
6058,1.8210881242330514
6059,4.87685420967209
6060,1.5846951504786952
6061,1.8975360901806946
6062,2.1555017718407687
6063,3.8410432576996345
6064,3.8486835670454043
6065,4.607130315199251
6066,3.3066719697756564
6067,4.599070339329332
6068,1.2762196953171534
6069,4.251145481763563
6070,1.9972345725267457
6071,1.2278045631387022
6072,4.205742939817563
6073,3.210160030853836
6074,2.284911716529483
6075,2.575928774087002
6076,4.183580460398181
6077,1.5611141137359157
6078,2.712914783360201
6079,4.799412724074632
6080,4.629316255965444
6081,1.554587369888671
6082,1.0710303050327301
6083,4.172952414759026
6084,2.768084295085691
6085,4.696426349396679
6086,3.9889998618110685
6087,1.1253888833067847
6088,3.520222196147978
6089,3.120873680013154
6090,2.7291218584080466
6091,1.6989298447148853
6092,2.3677899590898894
6093,3.9069953557240678
6094,2.2159245328119757
6095,3.5367862454213266
6096,3.1863058002446314
6097,3.76881115286521
6098,1.8609444024755355
6099,3.5857054634301138
6100,3.092023486601954
6101,3.414014703694011
6102,4.246630843959597
6103,2.1707900645707903
6104,4.162490776708088
6105,3.1041130031266198
6106,3.4504265355777637
6107,2.04775303047922
6108,3.6389330689880444
6109,4.130666286633643
6110,4.747419766343722
6111,3.250211660597649
6112,4.767507264958544
6113,1.49374118400257
6114,2.636531344679098
6115,3.1425968437748866
6116,1.6597971509098297
6117,4.450052326855443
6118,4.4583203788500985
6119,2.628651461682244
6120,4.49267786849051
6121,2.480866258826097
6122,2.6502386395326862
6123,1.7300063052145882
6124,4.669672055022859
6125,4.101301864020973
6126,4.277150367089982
6127,3.9438130252848596
6128,2.710262758613523
6129,2.5377293157197105
6130,4.231644183362697
6131,4.689241082110028
6132,2.3988230185556842
6133,2.58817785801005
6134,3.8667161129913286
6135,4.909190312987791
6136,4.000137702781421
6137,4.783632093732914
6138,3.1429455249651683
6139,2.623597681766103
6140,2.654174932640786
6141,3.9058704267281588
6142,3.838924044749936
6143,1.0649853988461788
6144,2.5806485354938826
6145,3.1316004095612544
6146,4.640504231698319
6147,4.751312832108064
6148,4.121482968419903
6149,1.6127968469161464
6150,2.33198537990865
6151,1.012068034652025
6152,2.9708305426602313
6153,3.872681503775224
6154,3.749362373777482
6155,4.25639219747386
6156,3.507619789180452
6157,2.757816133951547
6158,2.690652224096673
6159,2.675906461055445
6160,1.7335928951798456
6161,2.962238134449929
6162,4.5899639662560485
6163,3.4688802113336337
6164,3.4144862145187016
6165,3.2134683964046804
6166,2.0749074666346456
6167,3.355229462127129
6168,1.076405116391383
6169,3.725016076165362
6170,2.2174071430283653
6171,1.3177323312190166
6172,3.031239045937148
6173,1.438675426175715
6174,1.6438375209529386
6175,1.4831269786526478
6176,4.433389998224959
6177,2.6763307318555354
6178,3.126519188014433
6179,1.6828076728225296
6180,1.6919566400239172
6181,4.076687180196666
6182,3.467331395984502
6183,3.9668842895366554
6184,1.8894803477585325
6185,1.2845879676688172
6186,1.6872230449075443
6187,1.5594169344214226
6188,2.2050097208998776
6189,3.934813130544837
6190,4.064131522039959
6191,3.9726493386918746
6192,4.705073063786774
6193,1.0795542059960614
6194,3.967604813368608
6195,3.9779513474266404
6196,1.347462043342631
6197,1.3632922298979682
6198,4.396573636767952
6199,1.6802181866221035
6200,4.8009008874328885
6201,3.1527193472746515
6202,1.333625971437256
6203,1.1665407982866136
6204,4.222690521272025
6205,1.4932874095156459
6206,3.7257772042551465
6207,2.862698299936759
6208,4.3170992274807425
6209,3.8542950465436863
6210,3.2172428436883758
6211,3.663714806237648
6212,1.5046615884484336
6213,4.762675674886258
6214,2.508539745590909
6215,3.6997497749651713
6216,4.200419613536656
6217,4.183505656389558
6218,1.9861600703986615
6219,4.184645283839125
6220,2.9288736651210012
6221,1.1544185224906132
6222,3.023925866883432
6223,3.044354758074993
6224,1.9804097828937346
6225,4.253559671355214
6226,3.5108746867009213
6227,3.6008319319252964
6228,1.0893444303144015
6229,1.2516049176790136
6230,1.6162857830805373
6231,3.1254241141904138
6232,4.116325855682975
6233,2.0371162969307295
6234,2.28560278239644
6235,1.0183578555684671
6236,4.157554078446374
6237,2.620105876038271
6238,1.8939121963758505
6239,4.492741737209219
6240,2.4073326120197547
6241,4.484971211008247
6242,4.26274280348079
6243,4.640065271900534
6244,4.33667633318961
6245,1.7807068081958333
6246,4.1726913241239885
6247,2.378006638245167
6248,3.594835490978659
6249,1.0499409849645214
6250,4.604185196086785
6251,4.029624187658891
6252,4.130391967569407
6253,1.8898509004299453
6254,4.777018927336017
6255,2.8850968566536728
6256,2.181460590462568
6257,2.1548702939763222
6258,2.9711122726971353
6259,1.7182950338318022
6260,1.535615342380369
6261,4.312057626872242
6262,2.0584097157101637
6263,3.980263411633914
6264,2.6590443817486613
6265,1.8759215203034967
6266,2.9041553315075013
6267,2.922672546667063
6268,3.7792707072250784
6269,4.897418932772812
6270,4.203291264285399
6271,3.2962377664777485
6272,2.254475541143744
6273,1.3676073816560796
6274,3.8581937780274758
6275,4.114806044111843
6276,3.0982167382826513
6277,3.7018314818479188
6278,2.6908751831147177
6279,3.8891691820430436
6280,4.570417394773079
6281,4.503397256488487
6282,2.6771792575753754
6283,1.2710476932165111
6284,3.9936778241445325
6285,2.623345701388078
6286,1.574198591952631
6287,3.8550007211020074
6288,1.2517831315247872
6289,1.9929861130142434
6290,3.0742072529313287
6291,3.7514170010547945
6292,2.4918310827960712
6293,1.1798980744381744
6294,4.310283557481441
6295,2.3901957165441337
6296,1.9659503655622554
6297,2.443667246090893
6298,4.195602165981967
6299,1.980426153142659
6300,2.2649397142653704
6301,1.8449379096176113
6302,3.6424963164327138
6303,2.751074852295566
6304,4.788721543048833
6305,1.5623157795377836
6306,1.8487624383016037
6307,2.997475798271619
6308,2.5279321401082826
6309,4.1397375660907585
6310,1.8479271196812093
6311,3.62479274898163
6312,3.9917061792305972
6313,1.5578376718095912
6314,3.140725426744419
6315,3.8397887813107348
6316,4.988344136366624
6317,3.2137272667051633
6318,2.5921833885542513
6319,4.5993985922104255
6320,3.2865198703760443
6321,1.5226798103582948
6322,4.194772037627433
6323,2.5842933300337867
6324,2.2290390946657257
6325,3.327512607326029
6326,2.5233589605789395
6327,4.933710345414742
6328,2.789884375734884
6329,2.5983105218521123
6330,2.2523391393166374
6331,1.9816937017758733
6332,3.351880447910601
6333,3.1607556075377357
6334,4.046359245651869
6335,1.9329160114283437
6336,2.4110107139077
6337,3.9049891042057623
6338,2.868827723671068
6339,1.4910094223540158
6340,4.24160090516653
6341,2.540078487149469
6342,2.7040913692498325
6343,4.218866186824027
6344,3.8065101348554555
6345,2.5265504992740957
6346,3.068688380247573
6347,2.3010425669326358
6348,1.8650167144965857
6349,1.3100041434071157
6350,1.8389341213974624
6351,3.9376255751568037
6352,2.823322436394204
6353,4.7395467027012685
6354,3.4981477353262185
6355,1.6624729150485824
6356,1.0596377266311814
6357,4.97817487575041
6358,4.912831586693104
6359,1.1100593132645296
6360,2.31183475900655
6361,2.3393712990876727
6362,2.505724759498782
6363,4.518524197466402
6364,1.5426299776024948
6365,1.846971198328792
6366,4.74072284844771
6367,3.8482039808549726
6368,2.396428396923554
6369,3.8220212235196867
6370,4.269450046936223
6371,3.5485254166812403
6372,4.559184467864743
6373,4.128968919253911
6374,4.76090713077104
6375,1.8020145047757183
6376,1.6432600800997679
6377,1.536063000436843
6378,1.9122064064897044
6379,3.8550442595297927
6380,2.1397077604462695
6381,2.2597511390887797
6382,2.305373882630383
6383,3.193927396223078
6384,1.579814845950989
6385,4.798091099833405
6386,4.66679366185293
6387,3.987932060845379
6388,1.1475782218341197
6389,1.697174441454432
6390,4.923077911894049
6391,2.2831629518723906
6392,3.5845506062839423
6393,1.091709659166129
6394,1.2803845501438982
6395,2.0757756409724126
6396,4.5913531372830505
6397,3.533752846543647
6398,4.680172791148292
6399,3.3125544618270664
6400,1.5048690117036916
6401,2.251208354191285
6402,2.963705624428732
6403,4.894312815715194
6404,2.4928493377485137
6405,3.412562587722178
6406,1.0280741358133358
6407,4.737007780028896
6408,2.805280133120454
6409,3.7922989867512746
6410,3.9025809971014778
6411,2.150349168637344
6412,2.9520855304388207
6413,2.1315357124714285
6414,1.642739074204436
6415,3.8484283014945415
6416,1.378284493479888
6417,1.0125129871955951
6418,2.5046873785591623
6419,1.8974906026477893
6420,3.9577970269122087
6421,2.2160857993664136
6422,4.814642582490548
6423,4.402780492168881
6424,4.406250237296225
6425,3.751889279466892
6426,1.323373576515336
6427,1.2934256553865082
6428,4.410505373160854
6429,2.0599639421322244
6430,3.7331744575311516
6431,3.005808735495408
6432,3.040302405985098
6433,2.228468765062961
6434,2.3120150599798373
6435,1.0081507438427888
6436,3.7106126990270263
6437,2.9633914916549617
6438,3.2443853091761867
6439,3.647341385811799
6440,3.402989059701236
6441,2.496143615888233
6442,4.84702338830267
6443,2.846824798647947
6444,4.266428702031025
6445,4.783524702407103
6446,4.666285617286042
6447,2.7841574337913504
6448,1.586209711623272
6449,4.205815692424316
6450,2.0201779261322192
6451,3.882729901682911
6452,2.6345405090185428
6453,2.384211537158807
6454,2.2696507980381937
6455,2.863320504347364
6456,3.1144304676291985
6457,3.526292662621739
6458,1.7876707899933604
6459,1.0276869977334298
6460,3.201663317376693
6461,1.4488154108427422
6462,2.5931216449269416
6463,1.2331086544147736
6464,3.2303825985514925
6465,2.1782790839143646
6466,2.452734141974401
6467,2.9770790369022238
6468,4.1041055329129055
6469,2.9653395936662417
6470,1.2569469177902945
6471,1.4807521935227812
6472,2.4030630519010097
6473,1.1052995757611432
6474,2.496138704748671
6475,1.3390127895930193
6476,2.211047357200081
6477,3.7197096895803705
6478,4.773732982759382
6479,2.827940255190403
6480,4.78598792720217
6481,1.7208252162581008
6482,2.8086043945513315
6483,2.298822057743897
6484,3.6902704551304053
6485,2.9115136656019316
6486,1.389668847243461
6487,3.4463165441751276
6488,4.323499903969296
6489,4.1957990753345875
6490,4.668057780540417
6491,1.3116129814600606
6492,3.0340771935133293
6493,1.7495744801126216
6494,2.4973646050708047
6495,4.30858270230042
6496,1.219739001375558
6497,2.5354812780720675
6498,2.732553507127314
6499,1.5386596440160702
6500,1.410385314205438
6501,1.9893190350806713
6502,4.33524697495549
6503,4.750723262548171
6504,4.480858929249656
6505,2.867221277348185
6506,3.2355243917626653
6507,3.915598623890718
6508,3.4203802447595706
6509,2.029759886615456
6510,3.642051082517528
6511,4.16333866655995
6512,4.176894361077656
6513,3.1188666422342495
6514,1.3029720227031398
6515,2.9973788812979394
6516,4.850200245989109
6517,3.2115418404791227
6518,1.9073642750597228
6519,4.6442377563225286
6520,2.418802083987212
6521,1.6439787144023241
6522,2.7019683395609917
6523,4.6614693275419725
6524,1.1542728909329085
6525,3.9776977220694425
6526,4.654054436393498
6527,2.4652324861178108
6528,4.242344796822604
6529,1.7682602289727272
6530,4.287602898545864
6531,2.5662189881793642
6532,2.7731964230873802
6533,1.6441118399886063
6534,3.2760400311281797
6535,2.1066267910808487
6536,1.432072014269541
6537,2.9314487346798472
6538,2.783228898983919
6539,4.086745369531382
6540,4.2903344423789775
6541,4.624857237368354
6542,3.979133517387808
6543,4.753729065864368
6544,1.2593438599528635
6545,4.413007417310076
6546,2.448421763645827
6547,2.00247386281993
6548,2.0102978203523048
6549,1.2070558532070876
6550,1.3914188362952915
6551,2.0655433314974445
6552,1.2211830716226872
6553,1.6583196394386173
6554,4.491960758538392
6555,3.032726392588122
6556,2.6165761315784564
6557,4.432757285087957
6558,1.2243837165298808
6559,3.455662730303285
6560,1.7520522165395187
6561,3.560668834696139
6562,1.9086745673194412
6563,4.174205996933482
6564,2.8530643770373896
6565,1.1897702198374134
6566,2.628340748339457
6567,4.828648154957705
6568,3.105922258475506
6569,1.6746784388849005
6570,3.0805946533332156
6571,4.960940288464255
6572,1.8232961631935787
6573,2.7311153922901994
6574,4.8370704176159744
6575,3.6144653346195925
6576,1.2728987279959307
6577,1.111299949212317
6578,4.883310159842508
6579,2.159067262066609
6580,2.311942218711414
6581,3.965127696317899
6582,2.910154622990402
6583,2.654537993750116
6584,2.0873523639394516
6585,1.225510896101449
6586,4.987135794934996
6587,1.6834405467865308
6588,4.077488350960365
6589,4.311573296518752
6590,4.343132806188551
6591,1.673585642858579
6592,1.248757631472302
6593,2.0520629200587455
6594,1.263607873454359
6595,2.411027569278093
6596,2.1162826372417425
6597,1.837498028948977
6598,4.815859079438006
6599,3.975663071349379
6600,2.1097011586575722
6601,3.360654417753848
6602,2.459775563449773
6603,3.286253853952667
6604,2.734406455017184
6605,3.924611310419643
6606,4.601889342998311
6607,4.278481874311266
6608,1.703842377381363
6609,1.63390518331944
6610,3.431702598653436
6611,4.645214636432957
6612,2.9887578505091135
6613,1.7195550469756764
6614,3.9745557339967927
6615,2.9174943910914686
6616,3.9328744794736537
6617,1.859905704651835
6618,1.53053920101924
6619,1.8863447400233522
6620,2.762016903669508
6621,3.072108477058905
6622,2.8631708500640185
6623,4.309972687830312
6624,2.25744491699698
6625,4.706734478524593
6626,3.2246313230958803
6627,2.8002468598083246
6628,1.4455103181907516
6629,3.5335395057570675
6630,4.776900169908119
6631,4.035571328860687
6632,1.6190191773125715
6633,4.023749743906329
6634,4.01632122536427
6635,3.8763239530155977
6636,1.9003514593547934
6637,2.6670618960373025
6638,4.154104960288835
6639,1.889010565380263
6640,2.3752369138566674
6641,1.5848357736771086
6642,3.0607916892239313
6643,2.7892767899871957
6644,3.351455154237902
6645,3.016875242524989
6646,2.294723243603452
6647,3.1308632362805793
6648,1.3209524504667418
6649,2.088743146767587
6650,1.3679787274065824
6651,4.693381210788036
6652,4.4487519123358386
6653,1.4563503614662316
6654,4.761330432844531
6655,1.4628077924932672
6656,3.517164380871294
6657,1.9125139556993638
6658,2.095916548971956
6659,2.103889479217685
6660,2.7506554142758186
6661,1.8727225083841597
6662,3.4210758036403206
6663,2.1304955695186854
6664,4.684706023294533
6665,4.619558518407201
6666,1.375406171342581
6667,1.9906248993018503
6668,1.0594720381713993
6669,3.9809593182427134
6670,1.0450287860684182
6671,2.8004294876861366
6672,2.4626380032393302
6673,4.5956067379928065
6674,1.4999185514743285
6675,1.3506367506400228
6676,3.2611285539988892
6677,2.097409426187374
6678,2.4814982196546196
6679,3.2340920811514176
6680,1.9027410024990559
6681,1.1176597861313349
6682,4.003961926127481
6683,4.791400945759193
6684,4.783052145476609
6685,2.819215523891332
6686,2.622051293487076
6687,1.8710360643983828
6688,3.8842942266856957
6689,1.5653897196261082
6690,2.8121245051250012
6691,3.89228051299381
6692,2.419920017567872
6693,3.8842708166150004
6694,3.304172479680705
6695,4.284337717517617
6696,1.5196884907694348
6697,4.019907673221226
6698,3.6872287717130265
6699,3.986307117219865
6700,4.003108752190508
6701,3.41703524346822
6702,1.1908392918943491
6703,2.835390111931515
6704,1.519809651989383
6705,1.3751469975693267
6706,2.869181927585365
6707,4.160663384866744
6708,2.4137490224403537
6709,4.007865789932728
6710,2.020010567033424
6711,3.353983099708576
6712,4.990917849021697
6713,3.4661743516450514
6714,1.3630692976293988
6715,2.543808141449758
6716,4.327890840887897
6717,1.8746286714857159
6718,2.311529005512328
6719,3.4220874184593018
6720,1.1702129763433464
6721,3.610383731474608
6722,4.491889753658688
6723,4.9855786233518895
6724,3.9953988796869764
6725,2.160015542883925
6726,2.5205393397961116
6727,4.763924676431381
6728,2.5255581919291044
6729,3.017591617253519
6730,2.502863578716614
6731,2.286456954889608
6732,3.292301752035965
6733,2.976362048974341
6734,3.183619107949269
6735,4.5863016284529765
6736,2.2563906635821662
6737,2.2191264408685925
6738,2.3639332111157465
6739,1.7368692377259283
6740,1.4563006536196048
6741,1.0027757692090025
6742,3.5335573273436918
6743,4.398740709429763
6744,1.3342840617349165
6745,1.8461678315348808
6746,3.345985151520176
6747,4.973305048076471
6748,4.190695855344849
6749,1.0321719439261372
6750,4.849948272493037
6751,2.9935777468176985
6752,2.7922680580597308
6753,3.3797550393015316
6754,2.785244444366391
6755,4.828418616039779
6756,4.145650099047495
6757,2.470295598371144
6758,2.0966356883266153
6759,1.5194735467416294
6760,4.559018019945903
6761,3.2969627832848465
6762,2.3504839216052233
6763,4.752681407621946
6764,3.661171452470844
6765,4.959885318597527
6766,3.4609857186390194
6767,3.0895964382707737
6768,1.8357501386437431
6769,4.462914826525918
6770,2.626452806465163
6771,2.1806442712821426
6772,2.9703521878562515
6773,3.7506804306904042
6774,2.8330455334531948
6775,4.867974796199567
6776,2.682812073744202
6777,4.926520596171781
6778,2.5088470970631365
6779,1.8361899415345513
6780,1.3890397377564123
6781,1.7333889654518435
6782,3.783032283451574
6783,2.3650494584343154
6784,3.208705584810073
6785,1.7427542376161909
6786,4.808675220192216
6787,3.927637114597088
6788,4.944143165754207
6789,4.880779847934512
6790,3.3314679928106465
6791,4.069911091368297
6792,1.871346402988718
6793,3.5447026955592835
6794,4.771081470720359
6795,1.848843705950752
6796,4.905012118552134
6797,2.414089851077702
6798,2.488185335411653
6799,1.2241721173291804
6800,2.310129775105973
6801,3.173279862375695
6802,2.24178790414239
6803,4.048883283934625
6804,2.6265578568685544
6805,4.565515447967083
6806,1.8699869384321732
6807,1.341926951504481
6808,1.0902256922227287
6809,1.844281133292367
6810,2.204873076144867
6811,4.303359630281163
6812,4.783353291014419
6813,2.3367677177570294
6814,3.106877774089297
6815,1.4457467087496885
6816,4.831617555846931
6817,3.0672922410481913
6818,2.4724921446865222
6819,3.249401205650661
6820,3.420697122728978
6821,2.75423977178676
6822,4.3803146222110305
6823,4.743611084994866
6824,4.865245408841788
6825,3.3946038668883203
6826,1.722811804625918
6827,4.183427258312115
6828,4.305996137382834
6829,2.1225403581698497
6830,3.1680939147397176
6831,1.271751654876439
6832,3.1764724823377684
6833,2.8879643383984535
6834,4.900045427528255
6835,2.7149662031833226
6836,4.104920739070531
6837,1.2524680078833197
6838,4.747938547518755
6839,3.7328386596114234
6840,4.717744367109712
6841,2.1769507058643396
6842,1.460915690197511
6843,2.2331984637216236
6844,1.9130109701984503
6845,2.0386343729740344
6846,4.843789964503808
6847,3.293944581341214
6848,3.060579888874378
6849,4.551068269163444
6850,3.520984296345057
6851,4.885580580008378
6852,2.5760751177148298
6853,2.90536252106593
6854,3.923002364447917
6855,1.1210092180390974
6856,2.8419233992468897
6857,4.339625356373266
6858,4.345042971806732
6859,1.8030664994811332
6860,3.0791096183808606
6861,3.2582780978668655
6862,4.961510291765913
6863,3.3527827690347602
6864,4.0044531963279875
6865,2.4052532083165827
6866,4.717760614834884
6867,1.5813939604269742
6868,4.87294041186927
6869,3.2059745599547647
6870,2.2073265057395606
6871,3.9482410695684167
6872,1.188695700933164
6873,4.13614045577263
6874,1.7895038377760715
6875,3.4537107931878617
6876,1.6957560101064568
6877,3.6277396809190154
6878,1.9004209533137164
6879,4.257254823121255
6880,3.0606524437833946
6881,1.5930792894056456
6882,3.134846831608816
6883,2.908624957000021
6884,1.6316187397279558
6885,1.782403741453023
6886,2.7901610679281537
6887,1.448805916496724
6888,2.7013436568986147
6889,2.051095795735291
6890,3.142454052368809
6891,3.6020468420123346
6892,1.3212589411420912
6893,3.0930245017106426
6894,1.8976082296139478
6895,4.903539168554997
6896,2.735738259943851
6897,3.085947265413564
6898,3.0927250533873933
6899,2.1721302599510124
6900,4.0163352479964045
6901,3.495436320112376
6902,3.21798329922058
6903,2.839030987563469
6904,1.2040539919575877
6905,2.8715417834163874
6906,1.9707763939357648
6907,2.2571604920647306
6908,3.5037239427837656
6909,1.4977238015143568
6910,3.14239673648719
6911,4.637641466374659
6912,1.477150903211724
6913,4.629213751853017
6914,3.1964852451880006
6915,2.615046085517289
6916,3.5652947915113637
6917,2.2654597100693534
6918,1.5972957122631328
6919,2.3107429820273713
6920,1.4788203053323303
6921,1.5635535647187822
6922,4.21752636327712
6923,4.759313770793989
6924,1.683035390314123
6925,3.360104450131034
6926,3.3523127615165644
6927,4.460473117495791
6928,4.2908807965448315
6929,4.8327848378580835
6930,2.9384988871365882
6931,4.1633458198662545
6932,2.907262914334792
6933,2.4015912080944326
6934,2.3235890944633195
6935,4.39606245341662
6936,4.8661877245275225
6937,2.05650629256487
6938,2.075069723770773
6939,1.392662250108034
6940,2.9162140706808413
6941,2.4216486412776628
6942,4.869289047965259
6943,3.5234706963706386
6944,4.539930972354067
6945,4.593051148591688
6946,1.6958550818388596
6947,4.532528432669306
6948,2.366516090319382
6949,4.2954686977673955
6950,3.3972077902512128
6951,1.7695023745880984
6952,1.300850356593167
6953,2.2707095132255213
6954,3.7402359963420966
6955,2.816628156809644
6956,1.9328621454178494
6957,1.1139413511192862
6958,4.8852064851516435
6959,1.3340509137947625
6960,1.9999428029319328
6961,1.6699782713501676
6962,2.3191233662695336
6963,1.6062966272843284
6964,3.4218131759580492
6965,4.013009437442372
6966,2.084328793560813
6967,1.298717200026985
6968,1.2947372420123742
6969,1.6718918048935438
6970,4.103227739332432
6971,4.014768845226596
6972,3.970305363546729
6973,3.8590445992613844
6974,3.649314112544575
6975,2.4779099522255277
6976,4.625332399169639
6977,3.106340702396185
6978,2.0711537626657446
6979,4.648441050360491
6980,2.934231048880119
6981,4.278437055863482
6982,2.998750240293164
6983,1.964367302701933
6984,2.5910276604984492
6985,2.895602552596819
6986,2.1662658082285917
6987,3.4314676763639995
6988,4.277405249243672
6989,3.6825047689888706
6990,4.107922327175029
6991,4.649066330614
6992,1.3937291080862027
6993,2.498926011957814
6994,2.7216983796353675
6995,1.3284626571050602
6996,3.7136583291980667
6997,2.580941099553451
6998,1.8005933408947477
6999,2.1415420803478926
7000,2.9084073990259935
7001,1.2987528083774116
7002,2.8376778987174216
7003,3.3629137122602426
7004,3.061044641247054
7005,1.525601740779551
7006,3.0970796402433023
7007,2.442507399761365
7008,4.0835184035211345
7009,3.2656899849673615
7010,2.172794798089627
7011,2.4472739520409537
7012,3.9180268729386025
7013,4.304493902050655
7014,2.9463560455744484
7015,4.429992665883008
7016,4.709227437976727
7017,4.684601425976994
7018,3.0798892617977347
7019,2.831157035202762
7020,4.337961628591
7021,2.9615152729435135
7022,2.8816943854673904
7023,4.083911381115449
7024,1.714234598212058
7025,3.1034203419544637
7026,4.896510728446616
7027,2.412195420006726
7028,1.2282397759268875
7029,4.709100110353351
7030,1.9794734460952834
7031,3.826886209243083
7032,1.04874593739786
7033,2.9398094208118475
7034,4.903375745771497
7035,4.231378258460529
7036,2.689447309677208
7037,4.807932621675947
7038,2.3492773982382062
7039,2.6533807611623277
7040,1.852083201260447
7041,2.925173223085201
7042,3.3660236451904226
7043,1.57278784785038
7044,4.740330807509935
7045,2.419208618311231
7046,3.390994509016407
7047,4.233625582240621
7048,4.375991523538886
7049,3.177168814166973
7050,1.4383883720265414
7051,1.363644368592304
7052,2.1470093145527773
7053,2.545087050695566
7054,2.0868008677447953
7055,4.888161138605017
7056,2.9185344080007325
7057,4.090557501671375
7058,3.6178154221325585
7059,3.200286190103422
7060,2.7322704237966833
7061,2.4828825782604436
7062,4.973245746682154
7063,4.441041563721555
7064,2.0858152118283217
7065,2.1417896694704814
7066,2.1105741864547642
7067,3.0398263176831737
7068,1.029399941588094
7069,3.614115205074718
7070,2.8862990529069292
7071,3.8162740034823397
7072,3.0541528426572007
7073,2.909768687267896
7074,1.6029112486321475
7075,2.3618819885125504
7076,3.0354758497986056
7077,4.016734072886926
7078,3.9524007599707813
7079,4.945602536468171
7080,1.2643599342310217
7081,2.9711332090442117
7082,3.5308116043829063
7083,3.1859664376843
7084,3.2363788228771315
7085,1.5954528499750396
7086,1.3997984633799638
7087,2.7678437605010204
7088,1.9127346770321085
7089,4.32565622865272
7090,4.840965609987082
7091,2.5374859838787676
7092,1.3944666451534906
7093,1.5509608750360697
7094,2.347662174937613
7095,1.8626760605762365
7096,1.5506401640136964
7097,2.9414790068382652
7098,3.761608355477681
7099,3.2153395379647964
7100,2.7641316735121872
7101,4.9163757030023065
7102,4.891848633258219
7103,3.5330333585196376
7104,2.6199830626041045
7105,1.5581405700358109
7106,2.993231411089136
7107,2.5923458645400177
7108,3.3174091415588043
7109,3.3681281942169754
7110,1.1403450604197447
7111,4.53558458770169
7112,1.811448631538818
7113,1.4124283609995238
7114,4.5902675043009165
7115,4.262697284520699
7116,2.3199092930801775
7117,4.962400250066599
7118,2.914317764446645
7119,4.297841195371351
7120,3.378429770447794
7121,3.989117713312338
7122,1.9221926081064806
7123,3.3152317249523295
7124,3.206937023609955
7125,4.746815139472964
7126,4.594186125826768
7127,1.3186574976868983
7128,1.9338716700893173
7129,1.7709247742256058
7130,4.93892617759709
7131,3.794651507826564
7132,1.1356681957632992
7133,3.528358797522334
7134,4.650455723591059
7135,2.0029097296366922
7136,3.8515578289828856
7137,4.465539804137071
7138,2.649762996145738
7139,4.639476291702692
7140,1.7138331070207635
7141,4.937429083646718
7142,1.4321559104517947
7143,3.067931147269866
7144,4.579638422160293
7145,1.271148404757596
7146,3.0707844356802907
7147,4.608277929466308
7148,2.8374749763183287
7149,4.382429412587781
7150,1.5896394031858208
7151,4.509543385387185
7152,1.709727807213301
7153,2.9599856856881157
7154,3.8593451101520415
7155,4.784021728303102
7156,4.563590226966586
7157,3.117975921575881
7158,1.898524906824088
7159,2.662948998575416
7160,2.4661163460019204
7161,1.183264661094908
7162,1.867960002499971
7163,1.7040843275277333
7164,1.9762532911348893
7165,1.4916925135585513
7166,3.3203965206108754
7167,4.535254247544637
7168,2.307837006847653
7169,2.324955564949807
7170,4.097381428425594
7171,1.8108445220137477
7172,4.290779461700273
7173,4.712024928214378
7174,3.6830086904039727
7175,3.65164712846737
7176,1.4482984046586553
7177,2.1830551244424043
7178,3.3898169925907844
7179,2.056016782472696
7180,1.3448935996639806
7181,4.150920139203755
7182,3.012559995996286
7183,4.726924822815691
7184,2.853613142225243
7185,2.1669175791641804
7186,1.1688185945179241
7187,2.1665252231231755
7188,4.008559405720709
7189,2.813220832245564
7190,2.5164009090128654
7191,2.811407189319303
7192,1.6010507595649055
7193,2.7580174303867615
7194,3.86715201643807
7195,3.6814103717879294
7196,3.3618315662603417
7197,3.812961220088425
7198,2.2732706657908324
7199,2.296096170059357
7200,1.807971452153236
7201,2.039531938908785
7202,4.250344673700168
7203,3.9279237493044663
7204,3.789956623918234
7205,1.0485534468453874
7206,3.867353719250685
7207,1.9199645525555535
7208,4.986884988910246
7209,3.50901625109836
7210,4.910433453262964
7211,3.1586853754763786
7212,4.040724146719093
7213,3.1693281439138525
7214,1.1392668709366052
7215,1.4885783199973606
7216,4.861187587235737
7217,3.978078428211896
7218,1.1026358095125128
7219,2.6465036894866287
7220,3.5567130181173376
7221,2.8489138442170123
7222,3.068694138162777
7223,1.9904027759594243
7224,4.042238508611341
7225,2.633241726260195
7226,1.740223426888409
7227,4.9633132896151
7228,3.1321653385472903
7229,4.95963794327802
7230,3.174316987788298
7231,1.905207271401268
7232,4.655932417067328
7233,1.1455728976915616
7234,2.2697896995109423
7235,1.1275589827806218
7236,4.347698757060718
7237,1.9748970871069487
7238,3.967014346824384
7239,2.7875425838886616
7240,2.147679422920026
7241,3.155118704868979
7242,4.364041319004166
7243,3.6388865165113127
7244,4.318018436303324
7245,2.6270759982181846
7246,1.2230140371368594
7247,4.368993370073256
7248,3.1828823012640157
7249,3.5448245997899885
7250,3.8222353751516347
7251,1.158989388113882
7252,2.6712912910726474
7253,4.98871089017951
7254,3.317650638984901
7255,1.067533589475404
7256,2.2187980993218526
7257,1.888836177806923
7258,4.374841766354532
7259,1.4578979551268603
7260,2.858584616678722
7261,4.580090344718201
7262,4.42366237871177
7263,4.848578445405776
7264,3.2991183313176675
7265,2.7122064707267337
7266,4.795080174784432
7267,1.1953582233777662
7268,1.0585448073886061
7269,4.681607488852814
7270,3.2738984753625995
7271,2.227887352820864
7272,1.579093879838537
7273,2.6133660942753862
7274,1.6458095694574295
7275,2.3278919723157205
7276,1.6880771422275291
7277,2.981248841382837
7278,2.2069841982578238
7279,2.1880943121913
7280,2.1685183426514785
7281,3.43672904479523
7282,3.0166387450916146
7283,4.619004183310402
7284,4.4332082703151885
7285,2.5986040529586223
7286,3.7818276038950036
7287,1.8794132980686986
7288,3.7273286982903993
7289,2.3985556354985036
7290,1.9600314995162553
7291,3.201046289761165
7292,1.9336424199355755
7293,3.179042002256981
7294,3.6438562083889283
7295,2.614672982857276
7296,3.065813097055954
7297,4.773298688689168
7298,1.648046074542059
7299,4.547350814763327
7300,3.591860522171601
7301,3.843214107020703
7302,4.772152494896437
7303,1.5780481572562772
7304,2.2045427347123163
7305,1.4633188101720696
7306,1.145610396434516
7307,4.417337450448846
7308,1.8740021484799354
7309,1.3611346733335945
7310,4.115632951005901
7311,3.037906169379848
7312,3.369198131352433
7313,1.7017230567603843
7314,3.420508304222884
7315,1.232786955673213
7316,2.4639494834160125
7317,2.0147970728707296
7318,1.4325678322884179
7319,3.9492849573564714
7320,4.154900435156793
7321,4.862455554652117
7322,1.4230642898545023
7323,3.7158233277701163
7324,3.7571613356673943
7325,3.715225427166404
7326,2.174867548808991
7327,2.933872338158646
7328,2.415776068713314
7329,2.346830915733144
7330,2.195725053797669
7331,3.8185415724559473
7332,2.867695939433843
7333,3.91156572268348
7334,2.36513245003711
7335,1.5083916846456855
7336,2.639341215129033
7337,1.6312609807784093
7338,2.308102985705561
7339,4.928231122057941
7340,4.509007140219064
7341,2.596021926793933
7342,2.3118940890669903
7343,4.303532243800076
7344,2.315427879300454
7345,2.67497454732254
7346,4.477321404597859
7347,3.510820085535538
7348,1.3847505179593256
7349,1.9906558757663215
7350,3.8283643700097603
7351,3.3953563542680225
7352,4.393242656802138
7353,3.1692948092319724
7354,4.705303406900773
7355,4.042607495835397
7356,2.596571224996674
7357,4.979873037007101
7358,4.99411796221046
7359,3.730608882558004
7360,2.164555158723914
7361,2.9481444130823315
7362,2.877096867307289
7363,3.220592212541481
7364,4.443698379789436
7365,4.001494186114193
7366,3.843826932448228
7367,4.579966904781651
7368,1.4764307405354802
7369,1.0045190091059708
7370,3.1497584327746115
7371,2.04727590697801
7372,4.8195004500715655
7373,4.437915762604247
7374,2.7101032416260207
7375,3.2901807546630897
7376,2.8605532106593072
7377,2.791497962660894
7378,1.753328285153783
7379,1.7020468881701385
7380,3.2253323015596327
7381,2.7109433774902656
7382,4.4248432705507135
7383,4.169286182946774
7384,1.1324965167333967
7385,2.2281614502885927
7386,4.95982769478036
7387,4.747306601965301
7388,4.860932143508996
7389,4.538020559660974
7390,2.6436665100839143
7391,2.4952581415383968
7392,4.0205211198881425
7393,4.744390874205289
7394,1.84165687253526
7395,2.32098865679651
7396,2.0562548438549126
7397,3.365444860218346
7398,2.1027262785138148
7399,2.480878322668244
7400,4.4025976075286675
7401,1.867237459977654
7402,2.419168931377722
7403,4.099331373353211
7404,1.7445251626424318
7405,2.8858298145706676
7406,4.1427124735161485
7407,2.933912798861913
7408,2.0152508487716125
7409,4.676434692434103
7410,4.8469367477227205
7411,2.07528384189465
7412,2.024768866891562
7413,2.092512206682319
7414,4.686334738474269
7415,4.869281818222615
7416,2.6496566021551495
7417,1.8254035365450507
7418,3.393928968043001
7419,4.399264001162937
7420,3.5087648154295126
7421,2.11425779647295
7422,2.30469790540645
7423,4.718954267031815
7424,3.5539488922447657
7425,1.4456106194482716
7426,3.534945640540504
7427,2.8581404911637494
7428,1.5190969408235975
7429,4.1690571330398605
7430,2.854098776438043
7431,3.7645950387664606
7432,2.1030555631010657
7433,4.805090447279202
7434,3.057538269428537
7435,3.30118882167756
7436,3.6872548601768567
7437,2.368622897767622
7438,3.1890351411671416
7439,1.2820994089270048
7440,4.630021861841321
7441,3.6832045479128315
7442,3.0039442548246478
7443,1.3415059699590883
7444,1.043921948454701
7445,2.0888722012988286
7446,4.394535138665056
7447,1.5559496806201358
7448,3.4569543848206123
7449,2.4204517690372644
7450,1.568539485413166
7451,4.369517260906495
7452,1.8241251315802738
7453,1.7525883679879901
7454,3.4383695145717916
7455,3.783437111004463
7456,1.9400929089535262
7457,2.2352956132407766
7458,4.295350463221602
7459,3.574819951964135
7460,4.78612667876528
7461,4.645668719791807
7462,4.603634258943973
7463,2.7933371283088526
7464,3.6908960964175717
7465,4.013319215414876
7466,3.302722204427537
7467,3.2579147497281777
7468,4.653897707883766
7469,4.368851410081932
7470,4.189720320683424
7471,4.344097167718392
7472,2.5939768431288477
7473,2.528510559405839
7474,2.6581705599421106
7475,2.401826914641033
7476,3.4119842342917237
7477,4.278828484340556
7478,3.5842888480885216
7479,1.7349572462184288
7480,4.277282876171531
7481,3.2320885696185244
7482,2.1263066943487607
7483,1.02506576323428
7484,2.86367360569874
7485,3.005784607049006
7486,4.547712609493338
7487,2.2896527189778872
7488,2.124127602796905
7489,4.445989521994628
7490,1.3958152030556228
7491,1.1079154329910792
7492,4.748450315515576
7493,2.808385015067484
7494,4.322003586144586
7495,3.003398863513602
7496,4.767198523588194
7497,3.675714544124692
7498,4.983869915717999
7499,2.062425226905143
7500,4.631421448114997
7501,4.573715777138062
7502,3.6640132166938457
7503,2.402617122667197
7504,4.263293415102707
7505,4.01215638766885
7506,3.996194667274932
7507,3.6071945877476264
7508,4.595087143582325
7509,3.8678963322930415
7510,4.224652669894246
7511,4.552492489790065
7512,3.924686625943226
7513,4.591387699761128
7514,4.021243083137442
7515,4.105437814258256
7516,4.964343523621778
7517,1.1282106794877569
7518,1.240561843109775
7519,3.309771702928668
7520,1.7268791634178275
7521,1.2839464550959652
7522,4.776198061019507
7523,4.982762741525575
7524,2.820997823672443
7525,1.4565333600627004
7526,1.2504153555085464
7527,1.8322401998837687
7528,1.331648410567583
7529,4.172815948423263
7530,3.5224202535329314
7531,4.427148371366107
7532,3.210374970257846
7533,1.308993857923514
7534,3.2486670703346245
7535,3.3580126128836962
7536,4.50555079328889
7537,1.19244130762011
7538,2.4427467347464153
7539,3.435726237323258
7540,4.435451219223811
7541,1.1991240817920987
7542,2.832752020071127
7543,2.7997239464216586
7544,1.8222091461023369
7545,2.2632872579144525
7546,2.908739266360962
7547,4.01689397104515
7548,2.371436690071086
7549,3.4690555477685594
7550,2.891690010449692
7551,1.3129742786257768
7552,4.589482246212995
7553,1.5469972902889855
7554,1.3338025542054806
7555,1.8777728321534264
7556,4.24780293592195
7557,3.2220607959966974
7558,3.6760441432182716
7559,2.7201330331367273
7560,3.139432126660966
7561,2.375480240546595
7562,1.4830443328196763
7563,1.4587174754998804
7564,2.2756622623312777
7565,1.6058597380529078
7566,2.064102388341558
7567,1.525058642109168
7568,2.5842070790774776
7569,4.872628194901815
7570,3.418299844663983
7571,4.699104627372719
7572,3.910337104795188
7573,2.039872029222042
7574,1.0052895274910942
7575,3.1709873794551506
7576,4.110354145687548
7577,1.643141176713403
7578,3.609182182366749
7579,1.0349360689877862
7580,3.5918893474350395
7581,4.689409008715318
7582,4.670573531600051
7583,4.898610931051593
7584,4.070738210087804
7585,1.5445989250507304
7586,1.190330299078468
7587,2.5646548106364007
7588,2.678863553048825
7589,3.3482527675731832
7590,4.6072573259912755
7591,4.637740819457285
7592,4.980221175681187
7593,3.2776106412232457
7594,3.3611472855028186
7595,4.151895360392452
7596,2.5697882953623474
7597,1.5873228377838235
7598,3.5502428716137575
7599,3.324016636655618
7600,3.5361409364495553
7601,4.229448290392355
7602,1.051779191522514
7603,3.5795573962877403
7604,1.994257826182889
7605,4.872424092758205
7606,1.9713036391524246
7607,1.5080992365171983
7608,3.8555359724160048
7609,1.9896560310161258
7610,3.4518281305605516
7611,1.9922829065982017
7612,4.874743262634342
7613,4.364836882315018
7614,2.7653587999245994
7615,4.209751933492319
7616,3.302367706904298
7617,3.668474519430944
7618,1.8935230572431085
7619,1.9700787114067877
7620,2.0046318725221424
7621,4.83418756263422
7622,4.983550913469535
7623,1.9576526947738815
7624,4.755282634647795
7625,4.186973923030377
7626,1.0060830760563508
7627,2.929434518304377
7628,3.9843323249533578
7629,3.8882680713378686
7630,4.172190363902459
7631,4.801335614806834
7632,2.231711607528421
7633,1.5200541590805905
7634,1.6108287142587079
7635,4.900562525338353
7636,1.9867405781333942
7637,2.3420033240167877
7638,1.2759117077665594
7639,4.467842151387925
7640,1.3016729410682784
7641,2.4632705188086805
7642,3.056549765003715
7643,4.025624791202873
7644,4.787642899113037
7645,1.8625479937115612
7646,3.583465772008362
7647,2.030070743475984
7648,2.258075727766176
7649,3.3247950417291667
7650,2.586715507081717
7651,3.4250506036588795
7652,1.049840151962949
7653,4.705040871521786
7654,1.2114762901928828
7655,3.920571194585281
7656,4.005454025594934
7657,4.151083678877104
7658,3.028813140886913
7659,3.676139617641285
7660,3.3983016902891374
7661,4.629745930556002
7662,2.6883262953019957
7663,3.337490442560175
7664,2.690380710000675
7665,3.8614176514588787
7666,1.7274410245944933
7667,2.921583363571665
7668,2.0310287850843864
7669,3.695396721257584
7670,4.138679008543447
7671,1.9638572336553035
7672,1.8764145551690077
7673,1.9443984054603058
7674,1.775686727321458
7675,1.153639486847426
7676,2.9299819824954443
7677,3.9457206672157676
7678,3.0583907149505825
7679,3.9911067907295634
7680,2.0609209508270934
7681,2.488788810173233
7682,4.5804717379027755
7683,4.925861794191945
7684,3.3940326815442
7685,3.401439486844934
7686,1.1395350174395276
7687,2.7577379807122036
7688,3.16224911694037
7689,4.550054838471025
7690,4.5361600329186365
7691,3.6689869014590273
7692,4.551778757507754
7693,1.5784568740491691
7694,4.870883597514947
7695,1.8166131653448305
7696,1.2366940455835023
7697,4.041013253032331
7698,4.886725483631533
7699,1.292055588464616
7700,4.885648517493293
7701,1.5606165638013367
7702,3.4511621179983694
7703,1.8095077957567969
7704,2.805131303589953
7705,2.5578301248147346
7706,4.173276061389176
7707,2.235445860998098
7708,3.6620554769474545
7709,3.1722312618181383
7710,3.550185914927502
7711,1.6650662594076566
7712,3.3571680067437497
7713,4.691605283284384
7714,2.10082049149118
7715,2.5475330646635586
7716,3.2554884303940574
7717,4.077274203546107
7718,2.5025681861844222
7719,2.9871340806992674
7720,2.409397667732728
7721,3.390536766909166
7722,1.4545217628005531
7723,3.3887982792518954
7724,2.04407286923906
7725,1.8183817391390318
7726,3.8755174068433527
7727,3.3334019526882934
7728,3.246515760176368
7729,2.0695659996407993
7730,3.7265891795478523
7731,1.822186788001591
7732,3.323980844741246
7733,3.155286640904667
7734,4.256384591278045
7735,4.757653998938549
7736,1.0745347314232778
7737,3.719763445491181
7738,3.3810931014076937
7739,4.042900325696603
7740,1.1545050831531394
7741,1.8176387178018194
7742,4.058667428271045
7743,3.6201603557099364
7744,4.151772734363324
7745,3.185160056112272
7746,1.5291189064788173
7747,2.5944009964878774
7748,3.086913472295182
7749,3.9491686992611172
7750,3.147316479697879
7751,3.7552366803310835
7752,4.8685283518866775
7753,2.5704726591559286
7754,3.5130814944968973
7755,3.61829994045928
7756,2.1552581818603613
7757,2.0456266492858424
7758,2.0834664929478692
7759,2.076411058615722
7760,2.504698646450187
7761,4.23792297743967
7762,3.67567264665374
7763,2.983592357801611
7764,2.7486733339096423
7765,3.916698183305403
7766,1.9477502853284316
7767,2.1469380040380237
7768,4.992285087052573
7769,1.1650545293338723
7770,4.748131326072477
7771,2.6325494254707476
7772,3.6837473237069167
7773,1.1138589047235112
7774,3.868080699702756
7775,1.3815511324894856
7776,1.3112711471023197
7777,1.4781192949160866
7778,2.0190843912796304
7779,3.8878148069239753
7780,4.859787345649716
7781,4.40473353474602
7782,2.8626445347898506
7783,3.451243695431552
7784,4.121488210852046
7785,2.2385333536333754
7786,2.1983412463262355
7787,2.426209673025363
7788,2.383271770154538
7789,3.0235447781502067
7790,2.7925251233474766
7791,4.309836889269556
7792,3.3221480174563425
7793,4.772936926008526
7794,1.5576853695235306
7795,4.465142940923686
7796,2.32865946967405
7797,1.1970163242469147
7798,2.956645287528589
7799,2.5420980235267927
7800,2.7673624391755522
7801,1.8971350026956135
7802,1.3922402629798527
7803,1.7950288687508902
7804,1.1970584923307044
7805,3.708488667935697
7806,2.788419663202294
7807,3.2224059191914387
7808,3.0765092956496676
7809,3.902506238214751
7810,2.630165670056623
7811,4.2964154108240304
7812,4.472744214481608
7813,4.351174647191407
7814,3.6766006428285594
7815,4.492935106814681
7816,3.214982669305456
7817,4.501025456630618
7818,3.6067980939081234
7819,1.530489279295062
7820,3.630828687447871
7821,1.5634666982740062
7822,1.8383462728175384
7823,4.9726838481498135
7824,1.102583561784796
7825,3.445205849122836
7826,2.8062892912684467
7827,4.117264080125255
7828,3.9027273308955337
7829,3.0714527703243624
7830,1.034553633308425
7831,1.732986200794282
7832,3.185547553358601
7833,3.5772885341171543
7834,4.1397246840388355
7835,4.558812780254961
7836,2.4824977005460176
7837,3.93232759079602
7838,4.159028581451622
7839,2.820667707025782
7840,2.2635979935391934
7841,2.149217010354386
7842,4.215515834635463
7843,1.5800317899108687
7844,4.722275386386461
7845,3.6915704226001367
7846,4.9939625522595765
7847,1.259412522005976
7848,2.6352690109678067
7849,4.512291284593702
7850,4.68580557798202
7851,2.6010081519526005
7852,2.239692658321842
7853,4.533375224022637
7854,3.0558739199566474
7855,2.101064529354523
7856,3.7846263905932607
7857,4.705621553648875
7858,1.4343976793254916
7859,1.1546479322859104
7860,3.590030421860498
7861,2.279919869166592
7862,4.7554352111457945
7863,4.5463099350365965
7864,1.7705821982114283
7865,2.739335136903974
7866,4.947963253928896
7867,2.38833586904661
7868,2.215748251700551
7869,4.330521116030576
7870,1.0652591406679153
7871,3.4454020301960866
7872,3.247096832923585
7873,1.078282779602103
7874,3.103498747597984
7875,2.910600175797887
7876,1.0707045096540955
7877,4.633957847098198
7878,3.456179512722813
7879,3.2904951892813186
7880,1.8210575308517676
7881,3.890994083513432
7882,4.809342668604986
7883,3.342047852297757
7884,3.7875041808060663
7885,1.6698987543752382
7886,2.147027063173023
7887,3.0224168747396165
7888,3.6543562571338284
7889,3.517243726151589
7890,2.883542135600083
7891,1.1956702839220754
7892,1.7153803119194992
7893,3.222694408409089
7894,3.0616614260488517
7895,1.0699710911589317
7896,1.8315545060270728
7897,3.17402884661843
7898,3.100189198634384
7899,4.390254906483365
7900,1.683638702023564
7901,4.559840344023069
7902,1.8058005221740085
7903,2.9144493048605598
7904,3.7226023964865496
7905,3.8482256339164715
7906,3.840251088588201
7907,4.100626446649523
7908,1.276295351110937
7909,2.6986179420036205
7910,2.0440388845037663
7911,1.9237150918260935
7912,2.7172242897220973
7913,4.831888054557343
7914,3.6567294013826253
7915,1.963955005425503
7916,2.668196453807796
7917,3.8905807114478272
7918,2.008725262059197
7919,4.031449710073312
7920,4.913299247958972
7921,4.825412395064848
7922,4.627883812264239
7923,2.548548492898424
7924,2.042081023782771
7925,3.4128362229594327
7926,4.537539078606507
7927,4.008467749365549
7928,2.5050783101243095
7929,4.742823062528461
7930,4.126700926019185
7931,1.8201459829510842
7932,4.487968915285968
7933,3.1494632141107006
7934,3.151713765035753
7935,1.7483517558862487
7936,4.591987339008659
7937,1.4243907307066754
7938,1.2286131807902052
7939,3.175434256350228
7940,2.753012272682253
7941,2.772569387892226
7942,3.626624704828233
7943,1.2271433264148928
7944,3.4200404416482644
7945,1.594094546829477
7946,1.195088108999828
7947,2.835306674823589
7948,3.202893966923027
7949,1.6135237468759445
7950,1.9342038261247851
7951,1.5039722374819497
7952,1.5312648656623762
7953,4.189199016176509
7954,3.3626314207912653
7955,3.0751849105795612
7956,2.5108069540159903
7957,4.87284153865629
7958,4.6458864922149505
7959,4.668267118458255
7960,3.8494457067381203
7961,3.8828777559037824
7962,1.3339031445822065
7963,4.578224843097624
7964,1.9712565879753128
7965,3.301157914541667
7966,2.625531129298473
7967,1.6703984035022437
7968,3.7774273693019373
7969,3.4048602530060834
7970,1.0783462404484463
7971,3.6463381934277774
7972,4.544709560368904
7973,1.3671742248119214
7974,1.5392806928441733
7975,4.394349278920542
7976,3.334769822474995
7977,2.3437673970292936
7978,4.954711985733634
7979,4.568716958460561
7980,3.610525940798398
7981,4.078310355739432
7982,3.2313071657476953
7983,2.8933147283351017
7984,4.168606533133223
7985,1.4334788597362742
7986,4.204662419305963
7987,2.837762347944671
7988,1.3154415709994414
7989,1.232907278619856
7990,4.641527643698642
7991,1.322655373456541
7992,1.7095754488803672
7993,3.4573293337968645
7994,2.3799647959424286
7995,3.780234944942169
7996,1.559226288631042
7997,1.744241985267645
7998,4.717536739409924
7999,2.7109476756292143
8000,4.23697391143047
8001,3.7156996910950055
8002,2.3420450328139637
8003,3.282404166317107
8004,1.779483572188298
8005,3.8394797263362133
8006,2.2018871201266816
8007,3.370818591008182
8008,2.645295644851154
8009,3.096600516308754
8010,4.552279412378094
8011,1.4686344925211925
8012,1.2464407102879926
8013,3.1292806508146755
8014,2.4979001012760396
8015,1.4765929666015611
8016,2.760595601079712
8017,1.076261287317097
8018,3.491370333954079
8019,2.8511339015971293
8020,2.2631725555512787
8021,1.3300689024382835
8022,3.1921361137576634
8023,1.896366127527978
8024,4.350907578194864
8025,4.205965290604658
8026,4.298323106277289
8027,4.686005251001593
8028,4.69904347242098
8029,4.9938789010946385
8030,2.8461233366214103
8031,1.6246819865085933
8032,3.8983007139407952
8033,4.426906744366843
8034,2.3868724615106527
8035,4.034019052381879
8036,2.5951802347567567
8037,2.2376355845889138
8038,1.8434910353109863
8039,4.585739230325323
8040,4.501228482294465
8041,1.6521318067121396
8042,3.469110073491903
8043,4.445686923264008
8044,1.8540691579838282
8045,3.0634046612746837
8046,4.331028783399189
8047,2.5232145240390675
8048,4.914754339924205
8049,3.6821911371033926
8050,1.20884493550557
8051,3.637025478666911
8052,1.2826791677873182
8053,2.4786530714739268
8054,3.4524442597810583
8055,1.1626193927997095
8056,4.04531736796854
8057,1.9654177143098752
8058,1.425777970225166
8059,3.936691420417081
8060,1.025758666457377
8061,2.7072578036892754
8062,2.2098907721008203
8063,3.833345530844034
8064,2.952847161470835
8065,3.7410987257051977
8066,1.7559547279341619
8067,4.106518346127235
8068,4.989651315269249
8069,3.686623129010426
8070,3.428784446683536
8071,3.7465094880856475
8072,2.340784084028941
8073,2.610428215179164
8074,3.4719600245507425
8075,4.1133042899730405
8076,2.507380089778798
8077,1.5754293315559607
8078,2.872226782163433
8079,4.251934051023177
8080,4.890581496436538
8081,3.6640924566403243
8082,4.87962962873462
8083,2.952457352516931
8084,4.844675171759979
8085,1.540929421208666
8086,1.5946081491949196
8087,4.522669073288661
8088,4.1119084253442395
8089,2.240355143246308
8090,2.238354323149604
8091,3.3770933363059137
8092,3.0206610170305717
8093,1.9910937987962511
8094,4.230020088882203
8095,2.110132770694698
8096,1.9969237762931074
8097,3.565713642735388
8098,1.434511422838689
8099,2.5263420957035114
8100,1.7271494569515542
8101,3.104894434999246
8102,1.4492687277205576
8103,4.318870475718917
8104,3.9335675442431874
8105,4.206343596783013
8106,1.951809705708082
8107,2.23573615498567
8108,2.199109454865992
8109,3.119017129521022
8110,4.490080389748769
8111,4.290756190359549
8112,3.3213001862236204
8113,1.024326173558748
8114,2.571360203041093
8115,4.466289501280794
8116,4.353569425376121
8117,2.928549053184931
8118,4.871927207548023
8119,4.108509876606087
8120,1.4076921717310098
8121,2.955306590977004
8122,3.6060705051641095
8123,2.1512892200423406
8124,2.7110187243892123
8125,2.6302390838250007
8126,2.6187732079372785
8127,3.4950625734151965
8128,4.8043992232551425
8129,1.91033068107492
8130,1.070613133292714
8131,1.1943732845985786
8132,4.007071032153003
8133,4.0876813971193595
8134,1.3173758965764297
8135,3.572459458687431
8136,4.424290431336953
8137,2.1690381941385284
8138,2.76361165385525
8139,1.03262033574359
8140,1.0081231148407177
8141,4.65549710402248
8142,2.1002902795332727
8143,1.94003792878329
8144,4.718370979664399
8145,4.436901040298036
8146,4.949658817196568
8147,2.1565971916876086
8148,2.138138435972288
8149,1.4644037753563377
8150,2.146042971216107
8151,1.0386605117824863
8152,1.2023732931680633
8153,1.7521512774476573
8154,1.6681907435356207
8155,3.934155363694401
8156,1.9260973068759975
8157,2.755086339169246
8158,2.7763122554877526
8159,1.4274903615807517
8160,3.264144874843005
8161,3.521962174006555
8162,2.6864816245929206
8163,3.8517942462036276
8164,4.011308549033825
8165,3.2030333773410473
8166,3.5921999881326956
8167,2.773679333231695
8168,4.521885567338269
8169,3.50244179831716
8170,3.2852767254504105
8171,4.891976172973234
8172,3.2978459705648806
8173,3.6384499897842484
8174,2.984978558580332
8175,2.2638156942519103
8176,2.833849784219164
8177,3.5732703053947508
8178,4.413970124226649
8179,2.1385714389725554
8180,4.609964159660115
8181,3.9287239080124303
8182,4.928075339517508
8183,4.7886791573705105
8184,4.123315200745228
8185,4.493109773290742
8186,1.2883936885509732
8187,3.795578192219891
8188,4.6811506909453655
8189,1.023894949454895
8190,1.0668033530437109
8191,3.523116413066823
8192,3.4602169378401237
8193,1.6544054388859264
8194,2.9846085556282995
8195,4.093030374764826
8196,3.594805502963622
8197,4.248459717009602
8198,3.766832259432332
8199,2.760503981423907
8200,4.04699455149429
8201,3.212826744434499
8202,1.0645746303545036
8203,3.0460346617648
8204,3.1330806547122365
8205,2.431211449136269
8206,4.680081197104755
8207,3.6108372464995595
8208,1.6194802131261552
8209,2.8762739961486634
8210,4.094850626698629
8211,4.210127949420526
8212,4.402808705209743
8213,3.8351297935990094
8214,1.3411919457515231
8215,2.8678745043394205
8216,1.326602174640675
8217,3.793733693979136
8218,2.8101135193603297
8219,1.217638552927141
8220,4.83090115671504
8221,4.460383988539498
8222,1.2547630066179694
8223,4.427692156172751
8224,2.522324735051651
8225,3.3046210572361567
8226,3.3205848177658956
8227,1.151908095422217
8228,4.742375347928306
8229,1.2446647595562657
8230,3.2428107567324997
8231,4.867175680513633
8232,4.796743194661777
8233,2.684940676995542
8234,1.5785323606641999
8235,3.211940625432527
8236,4.866389743858919
8237,4.542053556491025
8238,1.7707631057379585
8239,2.1424493140785903
8240,4.301134527926536
8241,2.404663664776784
8242,3.4762891041417627
8243,4.098403204880551
8244,3.3401083647828056
8245,3.167056034822934
8246,2.7592816261804063
8247,1.049368628126044
8248,2.2308071233876032
8249,3.956033851880462
8250,3.6062647190507082
8251,4.359195931365812
8252,3.230818028186256
8253,3.901350984235733
8254,1.7526816436566834
8255,1.4883099770599042
8256,1.1231439974907094
8257,1.9516626819615048
8258,2.5580966162115875
8259,3.618283285507761
8260,4.905700006145307
8261,2.971825466629882
8262,3.1642006458160137
8263,1.4917717581057484
8264,4.323878487951758
8265,1.8146044469609772
8266,3.948838515751827
8267,3.8488259077396805
8268,2.390017816760105
8269,4.884422483364519
8270,1.9248215294259499
8271,3.35338703267559
8272,1.201803606510293
8273,2.594101289176733
8274,4.1318399736596945
8275,1.6340718075095166
8276,4.233077043454893
8277,2.648638375127803
8278,4.513747008861179
8279,2.368090168960881
8280,1.24039348106762
8281,4.602820510282406
8282,3.1562210003506888
8283,1.9979415975568644
8284,3.716847801711858
8285,2.8335628329759763
8286,3.3709137727676284
8287,3.2398766778556767
8288,3.743500370829497
8289,1.0680120546082925
8290,2.3152709719326103
8291,1.9814259725848067
8292,2.238057837391253
8293,3.9204096906853674
8294,1.3718032357810013
8295,1.0069672621254537
8296,3.783090620780662
8297,4.29445093237959
8298,3.6279061737663136
8299,3.503819079720052
8300,4.338643767998404
8301,2.2147415954642335
8302,3.865836715960929
8303,3.8758818546225364
8304,4.100767117786432
8305,4.234144935988889
8306,3.8602066581820553
8307,3.292800024876917
8308,3.065329655688168
8309,3.8435498291980883
8310,3.760788442366667
8311,2.4025615211410396
8312,3.645348161584463
8313,3.4480320708287633
8314,1.5820952552507692
8315,4.575937357556744
8316,3.8614909774755466
8317,3.1954745829105473
8318,2.2908625721204388
8319,1.5433484501070915
8320,1.5718692546594126
8321,2.085304800555963
8322,3.5753130566321207
8323,1.4608657151531745
8324,4.7463230198195765
8325,2.33283820571933
8326,3.616560167449381
8327,1.307339256633477
8328,1.6852227371912436
8329,3.6704997376285258
8330,3.383520969402989
8331,4.7830662292929835
8332,3.758453216154837
8333,4.407279892638972
8334,4.962506428810899
8335,4.154180315611517
8336,3.730912125033526
8337,4.075983185408921
8338,3.238148411181752
8339,2.7471406417894433
8340,3.5815412741585457
8341,3.4326814961394465
8342,1.3515294869618946
8343,4.095696339586726
8344,2.1861756425431933
8345,4.214069123052669
8346,2.698509431768724
8347,3.5910883351866865
8348,3.719844391730182
8349,4.955780580885747
8350,3.0743810958908835
8351,1.3473687616480525
8352,4.306932433686928
8353,1.5874023509318063
8354,2.298839243351648
8355,1.2044596138054304
8356,1.8015547990967562
8357,3.3957244239766378
8358,2.9666043056623472
8359,1.4243047709697638
8360,3.498650760622131
8361,1.7410889103466447
8362,1.3165882724045526
8363,2.2390093500620205
8364,3.066542615158792
8365,4.1439620625646665
8366,2.892337746844655
8367,3.052725074746144
8368,1.7593240649526414
8369,4.247013602773524
8370,3.752263454230481
8371,4.0373708318418835
8372,3.9538861517983688
8373,3.9615190884591893
8374,1.759271422943943
8375,3.3274105767445175
8376,3.7122166695816015
8377,1.9301114726094117
8378,4.678774491776663
8379,3.9172963982734252
8380,2.995719019075308
8381,1.2904246805871824
8382,2.3028934495221036
8383,1.7946222950013593
8384,1.936166041015615
8385,2.685847358985273
8386,3.532509113607372
8387,1.9560639140792837
8388,1.2262475541028603
8389,4.100036315996784
8390,1.16718185179082
8391,1.0117163885698308
8392,2.98873450009626
8393,4.80803055302682
8394,3.5644316282886526
8395,2.0886226221598263
8396,2.3589794781991977
8397,2.211201156437072
8398,1.5766378881033165
8399,2.9258423293524563
8400,4.704144130636704
8401,2.4566513516711983
8402,3.5113475636834526
8403,2.129016667488641
8404,1.20706512084142
8405,1.9879282937828453
8406,4.0223367366954115
8407,4.255977771307119
8408,3.441476959466246
8409,1.1165811420201872
8410,3.577416571828629
8411,3.839319307243943
8412,3.9148190469348263
8413,3.093755152297047
8414,1.160665191768961
8415,1.3127216232135726
8416,2.1884231968443943
8417,4.912452151667423
8418,2.478214754131745
8419,1.0334841905031338
8420,1.3449048118013334
8421,4.793868324557861
8422,3.8079703035313366
8423,3.4494046046220666
8424,1.5979590038578921
8425,3.7816480583058962
8426,2.078329854778201
8427,3.899321865392071
8428,3.9858847195535394
8429,2.156603279154081
8430,2.1785217537404487
8431,1.0138936970844474
8432,1.8980068101732859
8433,1.5225123255575332
8434,4.498243147740264
8435,4.092534202189624
8436,1.401797383180337
8437,1.1137730703042665
8438,2.118742801249846
8439,3.7578452997259375
8440,3.4786117569704564
8441,3.880587041434133
8442,2.5117837905501417
8443,4.847683149886926
8444,4.664796011174953
8445,4.097079165258766
8446,1.6064269668844702
8447,4.659166723270047
8448,2.3430240045029955
8449,1.4259925119067267
8450,2.031870612475393
8451,1.6225876288333994
8452,1.4123892770774984
8453,3.793978292402783
8454,1.7071936978850455
8455,1.828602771256274
8456,3.141711800881407
8457,3.9600215900791023
8458,3.116802559238505
8459,2.0764994506384284
8460,3.1720563786631635
8461,4.89932100259322
8462,2.730505914808781
8463,4.881653622334401
8464,1.8422760244565373
8465,2.1786682401730744
8466,4.13182795515742
8467,3.890150036740891
8468,4.972789548508008
8469,2.7122656257400326
8470,4.309431378319198
8471,3.389813957432622
8472,3.5230130946339413
8473,2.865436604467576
8474,2.7445408475901436
8475,2.2569175287898724
8476,1.7682861374894996
8477,1.2914830661007737
8478,4.697440782177113
8479,1.3524418152830364
8480,4.696920848549858
8481,1.7516339784321455
8482,4.770737319855277
8483,2.2595774880512223
8484,1.4608341286572197
8485,3.385586816930604
8486,4.374569546145627
8487,4.796480014376662
8488,2.0324304809175775
8489,2.4585668724120713
8490,1.9607476042603769
8491,3.0261141772110984
8492,1.9780800137054206
8493,3.0910079350057513
8494,4.36798612453085
8495,3.6226414676883083
8496,2.6240024109774627
8497,2.3166028781668038
8498,3.303883627509295
8499,3.337411418651125
8500,4.293925980851162
8501,3.685406541730541
8502,3.166898491032367
8503,3.4795804415168488
8504,4.022036111227797
8505,4.082159669165055
8506,4.021136709364383
8507,3.0460951112930124
8508,4.267342754858957
8509,3.061416872738448
8510,1.4086522313535395
8511,1.8799938346575749
8512,2.965527345335716
8513,4.702632547897195
8514,3.439425076383095
8515,1.9724284330707351
8516,1.5122027410606842
8517,4.524862740148874
8518,4.480798825515425
8519,3.0384954696027107
8520,4.453798326496145
8521,4.415111538956156
8522,1.456577506635588
8523,4.3210373032038625
8524,2.12565103736255
8525,2.726557198078636
8526,1.1600858166188157
8527,2.725887964555976
8528,4.913452500879878
8529,1.5084135734849986
8530,3.427007819326484
8531,3.3252613906897457
8532,1.497498245636638
8533,3.9766222545568923
8534,4.858092461086815
8535,2.802375727886721
8536,4.065771681288345
8537,1.9822195598238608
8538,1.0981199970964601
8539,4.13611379128224
8540,4.936817471548169
8541,2.039823985794162
8542,4.2580101240801795
8543,2.3443469416500977
8544,1.8551160566751834
8545,3.970102211297627
8546,3.7373557509999875
8547,3.2093584030302793
8548,2.716223140491409
8549,1.045064968566146
8550,4.949502519243687
8551,3.1697617952638377
8552,3.9220797246640795
8553,3.219805949995324
8554,2.594101571372772
8555,2.887149663518752
8556,4.098439233199671
8557,3.774805314260416
8558,4.572276285250187
8559,3.9704378362982817
8560,3.6285497886451834
8561,3.248210480568872
8562,3.694748307021495
8563,2.3697531444200677
8564,2.9319941412608554
8565,4.062045145532419
8566,1.7258610370927578
8567,2.5687290328951207
8568,2.4701004991331876
8569,3.273597843225176
8570,4.632993524736786
8571,4.930321894771321
8572,3.9486832689518865
8573,2.8046345529103327
8574,1.1509359430829251
8575,1.866759286235943
8576,3.5843278998608463
8577,4.122050102924037
8578,1.6445712061658417
8579,2.1851734898089994
8580,4.5651015523021865
8581,2.2151260490156797
8582,2.806822332385882
8583,1.3796584471760784
8584,3.2950411203044676
8585,2.241662830008838
8586,4.432737852869375
8587,3.504267707409503
8588,4.181063629157753
8589,2.805209165245599
8590,1.1860145997797233
8591,1.4696180842431081
8592,3.6194285815702467
8593,3.2148563536380363
8594,2.851063934989835
8595,2.899912078306189
8596,1.4161372253030824
8597,2.7941821496376216
8598,1.9935098400032665
8599,2.617879274769239
8600,2.849051268046634
8601,4.789164912023077
8602,3.6548665657391535
8603,4.654780934193807
8604,2.466411428358869
8605,3.156354977667387
8606,4.533063600835976
8607,4.940321752587966
8608,2.570861976356586
8609,2.6359899746346533
8610,3.2641945902866714
8611,1.6595606982746824
8612,1.7180074915822017
8613,4.50273417396849
8614,3.881143103464976
8615,4.359798568826424
8616,2.181053809833167
8617,3.1403508583737016
8618,2.258838738027063
8619,1.5410295024406193
8620,4.730683112284221
8621,4.040401271350508
8622,1.372336032341022
8623,3.8206358874997615
8624,2.341105521086707
8625,2.468512088615572
8626,1.7544961908551269
8627,4.562571469524515
8628,4.123107883364421
8629,4.8293515919975505
8630,2.6819950804953865
8631,2.921086102782406
8632,3.8505873726461743
8633,1.5686283171969002
8634,4.529264783335611
8635,1.9119556632586865
8636,4.199971881442615
8637,1.6765867856396066
8638,3.4090374313801557
8639,2.7806861379222148
8640,3.206442313221397
8641,4.736713801856082
8642,4.482865179630426
8643,3.935927235319203
8644,2.7163921079660236
8645,3.830386050476872
8646,3.768069710026528
8647,3.3516400080233604
8648,2.765251758820414
8649,2.682637322454305
8650,3.76409327643547
8651,1.6268430108014398
8652,1.2053271980052362
8653,4.96417764024449
8654,1.9093404036020236
8655,3.472564136725999
8656,3.8337324324531523
8657,3.8203807856813703
8658,1.0866290383705461
8659,2.3396704983154564
8660,3.975100149323627
8661,3.4197127550933546
8662,3.205480732842759
8663,1.4931258592584014
8664,4.958882433799566
8665,4.8342305669502394
8666,3.228881284026561
8667,1.414674502976771
8668,1.6764931676733763
8669,1.278180209418271
8670,4.518541153798601
8671,1.6399819624816434
8672,4.789007080398036
8673,1.2070116249575862
8674,2.560367072230188
8675,4.222884490988394
8676,1.6356964876724174
8677,3.7155885024950845
8678,4.6172553325328085
8679,2.867787585307816
8680,4.751762202437849
8681,2.590074680880805
8682,3.4220779102574506
8683,1.3560692175607767
8684,1.6746062729046165
8685,1.7628897698113204
8686,2.6777802843807397
8687,1.3347696020830195
8688,2.2894664734541217
8689,4.380885094955815
8690,3.5644487617400893
8691,3.433342668506003
8692,2.474712595827544
8693,4.112633662633241
8694,4.723952038638497
8695,3.2212638275289347
8696,3.8995821687458574
8697,2.2046331021025067
8698,3.6559841360090166
8699,3.674988911297
8700,1.3748954432108103
8701,3.736878088335412
8702,2.3820635649708444
8703,4.1795096000308565
8704,4.928447492389989
8705,1.6295110824170904
8706,2.328671671431388
8707,4.511969615758995
8708,3.4683965816797286
8709,1.70489057623888
8710,4.5039483821140465
8711,1.0988426087868501
8712,3.6587264715939614
8713,2.1945164549608025
8714,3.1252217024452573
8715,1.4200002669032168
8716,1.922413186579767
8717,4.92816317799574
8718,2.728458653240621
8719,4.505654317462452
8720,4.220071341471565
8721,1.5324884838919397
8722,4.947979899142436
8723,4.596216872235338
8724,1.1805095398188477
8725,4.903727417882332
8726,4.4898279253617535
8727,3.351097034432962
8728,3.103280169501879
8729,4.812357169288591
8730,4.500968999320332
8731,3.745504720682334
8732,1.133836353976022
8733,3.8118479096700373
8734,2.210288178375015
8735,3.1337097426387825
8736,1.921159932995904
8737,3.3700407419560907
8738,3.583946644508257
8739,2.080929824464669
8740,1.2542360415478009
8741,2.6928205444927324
8742,2.8693325414037885
8743,3.016081054200696
8744,2.393990489680784
8745,3.9823099513222546
8746,3.1776830455109537
8747,4.1663619282506295
8748,3.6027003300718707
8749,3.0588451326525226
8750,4.489165939118866
8751,4.901502850048036
8752,2.4423702611174307
8753,3.031725799951398
8754,3.800120661178681
8755,3.880458809691583
8756,3.278752164821234
8757,1.7027997491010525
8758,4.7584284512312784
8759,2.7705480318361175
8760,3.3520486305602772
8761,1.6256931127042122
8762,1.9123651647350592
8763,1.9525055661970172
8764,1.5756195368264878
8765,2.217474268679064
8766,2.417555985664773
8767,2.4856813922359677
8768,4.266114862716396
8769,2.49372570713556
8770,2.6325606054722193
8771,3.9087476869353805
8772,4.104186320805954
8773,4.1835722988760145
8774,3.4899775961386967
8775,2.9083243577518494
8776,1.1419727641066255
8777,2.823328139217913
8778,3.913378588493188
8779,4.118637278215389
8780,2.4467468601514804
8781,2.6703782574839994
8782,1.920700750328757
8783,3.7354901560019247
8784,4.8186763389246074
8785,4.102521893344297
8786,1.6465274269206418
8787,2.0915074816873123
8788,1.9278173815347235
8789,3.4376375612970933
8790,2.6400905832275434
8791,1.5479512385452017
8792,1.695836090355904
8793,4.238444379467854
8794,2.6297556213441444
8795,1.1549850171758829
8796,2.9750652616107494
8797,2.0761138825617347
8798,4.66318651909285
8799,3.4608591982335875
8800,4.883898882698991
8801,3.1013663195550136
8802,2.8303949250182794
8803,1.1125433199986494
8804,1.8622657900309245
8805,1.1733252988069869
8806,4.720952682654888
8807,1.5324842193266095
8808,4.797322765870955
8809,4.11587899661521
8810,2.1679115287150346
8811,3.3320621601725313
8812,4.7471564435417655
8813,2.2432914077923347
8814,2.583082242405191
8815,3.6727924601579156
8816,2.0106843654787974
8817,4.828565427487837
8818,4.322240334369608
8819,3.2428090830550595
8820,1.5214196637877961
8821,1.1080337141725858
8822,2.375032240778135
8823,4.839125199385144
8824,1.9376717740884986
8825,3.7706197779342507
8826,3.3073167875375438
8827,4.2949695677921635
8828,1.6397382767625057
8829,1.165574882639409
8830,4.083690437835873
8831,4.302861844784253
8832,3.0844154538691457
8833,4.712321412929694
8834,1.5141517862437608
8835,4.418061069891438
8836,3.953100227083021
8837,1.5450539056978907
8838,1.3399668499027015
8839,2.5263963949937143
8840,1.4796195345392067
8841,2.783478503916432
8842,4.0214375910968165
8843,1.7667004778999207
8844,1.8848572334239786
8845,1.927699509099221
8846,2.0387261990276797
8847,4.200118485528575
8848,4.740012593724714
8849,3.1448661263900464
8850,4.665923198621002
8851,2.7109053288958247
8852,4.657399932462967
8853,4.253344949827565
8854,3.9995389271433988
8855,1.8354634706860402
8856,2.7653597327373634
8857,4.719529988110361
8858,4.121689822639052
8859,3.1562174546211192
8860,4.901263874419911
8861,1.3159492564441222
8862,2.0689734240038264
8863,1.0755545517172114
8864,4.776447869851263
8865,1.9838589223220704
8866,4.9188679820006005
8867,2.588003592552153
8868,3.9528786570484256
8869,4.9544227267284855
8870,4.705459752520445
8871,4.673299826357586
8872,3.5115147115616043
8873,3.5341972884297457
8874,1.6763303706678458
8875,2.485766901528185
8876,2.756262988828344
8877,3.451189640971781
8878,4.194334872031886
8879,4.101442894137062
8880,1.7963756412653065
8881,4.494523878098947
8882,4.994938438616289
8883,4.6803141017534
8884,3.242461651496115
8885,2.5736199960875017
8886,4.932269695868575
8887,4.10717826147242
8888,1.0313100763347762
8889,4.518434952229997
8890,3.484158304508106
8891,4.8298771307369694
8892,1.7865518531676
8893,1.8011939247407467
8894,3.2222067469817004
8895,1.1344421305452363
8896,1.6790820095575447
8897,1.714819379137034
8898,3.2677079050197793
8899,2.4877287113397424
8900,1.393885998568655
8901,1.653504132412809
8902,1.7218142593069672
8903,1.3117054465705729
8904,1.7643538293005623
8905,3.3762456588003955
8906,3.0794975023999283
8907,4.8081761161908485
8908,3.1611340230757135
8909,4.862394184452901
8910,2.2105865170941215
8911,1.2675161585547428
8912,1.3168863847231278
8913,3.495546051189108
8914,2.2392793998175793
8915,2.4540125268081403
8916,1.4366042994479202
8917,3.7602392590820117
8918,2.8421903542273284
8919,1.6048340971014161
8920,2.0987880773706578
8921,4.5636762696679405
8922,4.446049909795005
8923,1.5113640422176822
8924,1.1743817688704805
8925,3.9267235862405165
8926,4.657821264556779
8927,3.295303497674236
8928,3.507331039499769
8929,1.2954514000382926
8930,1.1538906920584804
8931,3.717360800751658
8932,4.77958707780679
8933,2.867606729383576
8934,4.493343164355542
8935,2.7718666871639996
8936,1.3700862630488908
8937,3.6445732945438087
8938,4.803374731187286
8939,3.3437766784942524
8940,3.168522326756437
8941,2.279783120393095
8942,3.3765479359423023
8943,2.150912795665761
8944,2.3205668896120493
8945,3.911982167925209
8946,4.275714282882555
8947,1.2718296795251032
8948,1.9870787472476836
8949,3.6367529119063584
8950,2.48897655986005
8951,1.7623566553326868
8952,4.1425167847725985
8953,4.101144653350959
8954,1.8308407388894814
8955,2.779190886608707
8956,1.5319460446587736
8957,1.1064718565958147
8958,4.868131891831
8959,4.353800129271274
8960,3.8506325660277367
8961,1.2671139737145456
8962,1.6284094225789176
8963,4.468927270855355
8964,3.392867161365068
8965,1.2670377479201629
8966,4.766066597996884
8967,4.719655246393394
8968,1.3230471173205385
8969,1.2463478463943516
8970,4.427240000352375
8971,4.01344900578818
8972,4.345266481584476
8973,1.3149620492817036
8974,2.18149014465001
8975,2.9613665400874116
8976,4.0867274948900505
8977,2.0978885958190605
8978,1.7628681944261833
8979,1.345455926583102
8980,1.4930879970435345
8981,3.305935127775505
8982,4.896938866068911
8983,2.6100007876558537
8984,3.3021149708379456
8985,4.55746714425384
8986,3.0639115217146418
8987,3.402510697673597
8988,4.579258845077687
8989,1.0124327428407973
8990,2.293422743833159
8991,2.572799667731653
8992,2.31782847516626
8993,3.2455616239866076
8994,2.0733369117718183
8995,4.551823960396014
8996,1.0508951421078971
8997,4.100905254336457
8998,4.545030699655176
8999,3.052185052369613
9000,1.6764842290220527
9001,3.6811399480156046
9002,1.7515828111107674
9003,3.2884533410572128
9004,1.7173156347735525
9005,2.215501230655342
9006,3.973529851928598
9007,1.4004153252930145
9008,4.852322096439419
9009,2.8854782846632823
9010,1.0722274180087097
9011,4.084649797309338
9012,3.4412993932136207
9013,1.67992343386019
9014,2.443561400283114
9015,1.235809911638699
9016,4.121530284020038
9017,1.1571101543410083
9018,2.6672791596648286
9019,4.927967400014095
9020,3.8563351005010023
9021,3.5867494691817483
9022,1.607767064302557
9023,2.5884426410655457
9024,4.61364388432418
9025,1.6148639105783835
9026,1.087051572913904
9027,3.561540773114211
9028,4.264810022600377
9029,2.3610858870292915
9030,2.7949516688732916
9031,1.595086903702743
9032,4.367924004609904
9033,4.29662179337788
9034,2.3592879392152546
9035,3.599685824978358
9036,4.130702513511948
9037,4.8788053351477725
9038,1.8284640769077782
9039,4.46641371599514
9040,4.726748959844834
9041,1.3157161976898664
9042,2.370289321061014
9043,4.7758451076360355
9044,3.4757381230975453
9045,2.995711365711558
9046,2.6610133078595575
9047,2.061709029620361
9048,2.9143420712149246
9049,4.459800957524751
9050,4.14808723710923
9051,1.8872669920403635
9052,3.603823367873148
9053,1.7095196594017983
9054,1.2903782796377699
9055,3.8288172349841396
9056,1.483493658583697
9057,3.758891954992476
9058,2.5096989740876166
9059,1.5118932169732062
9060,2.826034045919441
9061,4.912550205994211
9062,1.87225224666674
9063,1.8796299272953356
9064,3.0993964236228564
9065,3.8662708504404697
9066,1.8846127846929233
9067,4.962036209695034
9068,4.5390020240300615
9069,3.872001999924001
9070,2.659003072848604
9071,3.686975507860839
9072,2.5269797030817776
9073,3.488291006326817
9074,2.103648595606783
9075,1.3780477368304274
9076,4.1094898847839785
9077,4.348124868372432
9078,1.4133923259344012
9079,3.6846748974336454
9080,3.75537579311176
9081,3.9801530396372993
9082,1.764306440956683
9083,4.207947203339256
9084,1.1156729672936323
9085,1.8906898534020233
9086,3.0230999190137773
9087,1.9104615831564002
9088,4.5516613280584135
9089,4.908700679268479
9090,4.1196134388007595
9091,3.427437256136974
9092,4.221805438420651
9093,4.425770112323066
9094,3.723948252070391
9095,2.094517816466409
9096,4.154802802242251
9097,3.3661048544827286
9098,1.520419477912014
9099,3.121130522152461
9100,4.4170139966527735
9101,3.609984347443156
9102,3.175403729521806
9103,1.5351812184752762
9104,4.398459946941069
9105,3.8404125028287694
9106,1.66347037510451
9107,2.7621488521211135
9108,1.648110361200274
9109,1.51690730634447
9110,4.872148500598389
9111,2.5355291829888498
9112,4.901122923254933
9113,3.0356159957945694
9114,2.9157606945149377
9115,2.5127203648018046
9116,4.410492140837579
9117,3.046657872265412
9118,2.905282922345338
9119,4.955204895510975
9120,3.393994493645093
9121,4.979389160727111
9122,3.0311953056136396
9123,2.907728308990711
9124,4.470561385323278
9125,4.520531615036923
9126,1.2559260951207114
9127,1.0675655330029108
9128,4.717380724966247
9129,4.54245054064182
9130,4.970444990844393
9131,1.7020010431563017
9132,3.2976561928175254
9133,2.7745943404080555
9134,3.4109595789913283
9135,1.1468164104995595
9136,2.1334359264581395
9137,4.3722246007493855
9138,3.126715613694116
9139,1.6246154002946191
9140,4.763478750684461
9141,3.7548977117361555
9142,3.6251655609686138
9143,1.6847763814201637
9144,3.7089446707467926
9145,1.0907813602848808
9146,3.4178946403671713
9147,3.948495948992881
9148,1.6760360354437096
9149,1.1320300589918029
9150,1.7824274432332707
9151,1.8278020508072195
9152,4.129686474656851
9153,3.376786932352727
9154,1.4028317717715266
9155,2.9738115244205514
9156,4.796480037021468
9157,1.7980754720832186
9158,4.2530000322217605
9159,3.5299103909075096
9160,1.2796013826113284
9161,3.8473312128423434
9162,1.148238144243607
9163,4.1306851132509195
9164,3.5267841743598294
9165,2.9029878674944234
9166,3.533306211720583
9167,3.739976254005468
9168,4.902849089716163
9169,4.70249016536171
9170,1.556795008670663
9171,2.0460227636841495
9172,4.978163395288386
9173,2.3655341226960407
9174,3.6539400452904394
9175,1.5651281274228719
9176,2.7512682233143013
9177,1.6727874537341703
9178,3.742254538694723
9179,3.679386346811411
9180,3.627856874816248
9181,4.923100378364982
9182,1.9061106552008664
9183,4.665492478532128
9184,3.9751844505433165
9185,4.114723125740332
9186,1.671298784432822
9187,2.8055033171479162
9188,1.0198768849111537
9189,4.999990710426552
9190,3.867399547864668
9191,1.749814177049433
9192,1.794196083121137
9193,2.7928907258722853
9194,1.3982001063860316
9195,1.8584048418328227
9196,2.9092350513071383
9197,3.6604945536723243
9198,1.5988697793527096
9199,2.5081669342295587
9200,1.581768975169925
9201,4.4400003927343
9202,4.2147085488306795
9203,4.221436977661571
9204,1.9127856872654156
9205,4.67654528127577
9206,1.1532922614095247
9207,4.97670391110762
9208,2.3653726490403875
9209,2.534515640920811
9210,2.8561748279082004
9211,3.4940094103571746
9212,4.878097216949958
9213,4.5908353520989245
9214,4.6252928476761355
9215,1.2531032216842837
9216,3.4743281346158956
9217,4.229581513287779
9218,2.279924026346433
9219,1.078343093535271
9220,3.843400508290636
9221,3.4038103099843893
9222,2.330205934778056
9223,3.481985275581257
9224,1.8975315723547297
9225,3.06261937462461
9226,2.667372851643128
9227,4.420561819627725
9228,2.3995068969598816
9229,4.0136624288077645
9230,3.6414511472120648
9231,2.009164585553468
9232,1.32232938642212
9233,1.66885627101813
9234,2.996296120944286
9235,3.361303050737188
9236,3.4535248784324595
9237,3.913234662522254
9238,3.17241245538646
9239,4.890225885150344
9240,4.514594204122098
9241,1.0402713439869298
9242,3.226124490913622
9243,4.127842435712877
9244,4.870426174672181
9245,3.0529482871355094
9246,3.391226835434915
9247,2.1861800820922532
9248,2.3065989218633884
9249,4.334520529847316
9250,1.8342643965059682
9251,4.509407954385711
9252,4.766511047830455
9253,1.3290683930766019
9254,2.745025441004703
9255,1.0638158621354035
9256,1.2643409003210184
9257,3.4108438833445334
9258,1.029075199539553
9259,4.1374397790729684
9260,4.409491447974187
9261,4.464779621995528
9262,3.28204178346818
9263,4.104086824883693
9264,3.8138822822082705
9265,2.4472438034037154
9266,1.6652280775877752
9267,3.3244752556393995
9268,1.9780684300115774
9269,1.4008596737051229
9270,1.372929649601001
9271,1.059335673123889
9272,4.827113680922948
9273,2.939755376234216
9274,3.74327661542373
9275,4.252935428646917
9276,2.6336489308698545
9277,3.0652049411231985
9278,2.728534159152721
9279,4.9707712938683235
9280,2.1683761796398957
9281,2.467170608958955
9282,2.3200560078988848
9283,3.2857428232461507
9284,3.152775412039638
9285,1.4325756156800202
9286,1.3273803124899604
9287,1.9582272859494165
9288,2.7539709507329477
9289,1.3140443460704194
9290,1.1540602073103114
9291,2.9990915265298335
9292,1.6448218080093118
9293,4.739056904026428
9294,1.9535298105354948
9295,2.645939838641846
9296,3.140254286478967
9297,3.9225990669188424
9298,2.601596477493998
9299,1.776469736218265
9300,4.273750440830273
9301,3.0205495069363066
9302,1.1382362523829581
9303,2.866713525106495
9304,1.4751709860228508
9305,3.2316550361568885
9306,4.378073098545024
9307,4.492864153880184
9308,2.6456663593305167
9309,3.8516350947153075
9310,3.8671778951580817
9311,4.071691349146206
9312,1.5733365582064796
9313,4.038346695558223
9314,2.86230903542497
9315,2.945650106487951
9316,3.5971107223564984
9317,1.5852229662027475
9318,1.1799617822108677
9319,1.3029361533508337
9320,2.965556598050872
9321,4.213313894223093
9322,4.440062443360943
9323,4.628317742915962
9324,2.522097437456352
9325,1.046106803801551
9326,4.876393027914119
9327,3.594587345085849
9328,2.3800859091347326
9329,2.669943862149804
9330,2.1085370052398718
9331,4.465530030343988
9332,1.7634987161538676
9333,1.9203252594069333
9334,1.9589804056064497
9335,4.551800747756036
9336,1.8895711217055582
9337,4.748566771560862
9338,2.069758060816748
9339,2.1235615396466314
9340,3.399734983381982
9341,1.1080974045086016
9342,1.7179345469213159
9343,4.608645583934519
9344,1.7003405778759824
9345,3.011242103148316
9346,2.489663207184547
9347,2.454307058632439
9348,3.7234375987577395
9349,2.6546049934915463
9350,4.510133342898085
9351,4.981382370773336
9352,2.1857706278885187
9353,1.4589323876233675
9354,2.5429285187208213
9355,4.6119332220242
9356,2.438251373577725
9357,4.799083079345572
9358,2.331187431224075
9359,1.4316608798740353
9360,4.462845492594038
9361,2.288847981416742
9362,3.2753254080711653
9363,1.5575963138675535
9364,1.4567924653401665
9365,2.035825828070399
9366,2.1581093972540604
9367,3.2699412195747226
9368,2.0664765606339768
9369,3.6233926542474406
9370,3.461999853804164
9371,3.646166063471477
9372,2.372068030458378
9373,1.156025801880015
9374,1.934014736388665
9375,3.7169596405786502
9376,4.945275337818311
9377,4.611182091505732
9378,1.3059104442894145
9379,2.999734386240704
9380,2.4777896019923116
9381,2.5780619005740752
9382,3.8007204892000175
9383,4.953667172143454
9384,2.8567767961755433
9385,2.4261194959118706
9386,2.2230469377044324
9387,1.0184262867173883
9388,1.8125597705788188
9389,4.786829076282219
9390,2.1706993966231765
9391,4.876430702899945
9392,1.988374228829243
9393,4.774076477157955
9394,2.787969589851088
9395,3.1349772300090826
9396,4.231669733202242
9397,1.4274973544474365
9398,1.95448948907252
9399,2.050311636921429
9400,4.680492188381091
9401,2.8844089607422667
9402,2.1941734008034213
9403,3.2003300468092517
9404,2.7320419271195493
9405,4.281616009127379
9406,1.1655241014018154
9407,4.652740972577815
9408,1.8059020500254603
9409,1.4124903676441214
9410,4.062081990556333
9411,2.624856255676799
9412,3.476791967829306
9413,4.450006895406061
9414,1.3533625679359687
9415,4.257598385091607
9416,2.503271850259699
9417,4.1942382078498985
9418,3.088546334090105
9419,3.4302477741453625
9420,3.4894027417770004
9421,4.1243419379495645
9422,1.9423114747659551
9423,4.745643258266277
9424,1.3028997918275036
9425,3.1793364847202876
9426,2.6524321135499296
9427,1.424641152714329
9428,2.3795000051834636
9429,2.850976155051873
9430,1.8172277729928266
9431,1.1932720600262967
9432,1.1797471687198269
9433,1.1151816268839188
9434,1.8751515772463225
9435,4.1544244092100175
9436,4.946068952597772
9437,2.317567285856507
9438,2.358279474613726
9439,3.862751206760485
9440,4.401562630618127
9441,1.4776069904303046
9442,3.2761831213973283
9443,2.6889126440565345
9444,4.853730921853441
9445,4.987364449237923
9446,4.413697017163372
9447,3.2799307685216865
9448,1.2030096595908248
9449,1.8215938555917077
9450,4.31019549798214
9451,1.724460219615477
9452,1.4117664690069387
9453,4.010797640228516
9454,3.450910132647761
9455,1.3693376321003128
9456,2.309111865703963
9457,4.18559291591443
9458,1.4342126068760743
9459,3.6413917879590563
9460,2.946560494727044
9461,2.067540608251167
9462,1.1804744314655875
9463,3.4221001245508287
9464,4.597388732767705
9465,1.7804525249279624
9466,3.8831345789612453
9467,1.8170293619991158
9468,3.6596492283740454
9469,2.4384260447287165
9470,2.7533464362332416
9471,2.7763545598511037
9472,4.043781181832484
9473,2.6444761203564107
9474,4.178762542960886
9475,1.5594503600463918
9476,1.2595852135002676
9477,2.551870737916567
9478,3.5717969769619415
9479,4.065386038855429
9480,1.1911850992974586
9481,1.6199206755831637
9482,4.327034120699964
9483,3.507209472220876
9484,1.2909800034559966
9485,1.0531603059877708
9486,4.749710541563406
9487,1.1842446803131952
9488,3.3469704419852917
9489,3.6624050437888735
9490,2.0049173616183116
9491,4.2347617674129525
9492,4.230523899294621
9493,2.994025270826243
9494,2.2747709590181566
9495,2.0524827376373174
9496,2.275575201617977
9497,1.4954498679475243
9498,3.6101199376603303
9499,4.772479453463884
9500,2.85834449026107
9501,1.8720872815393799
9502,2.387802917550176
9503,2.0380092368406175
9504,4.430916006941088
9505,3.845106459874555
9506,4.4879302138591655
9507,4.2305428948804575
9508,3.091721031504642
9509,3.3269862824896146
9510,1.5749757996129614
9511,3.7167417911766836
9512,1.8352181339293923
9513,4.104494163180519
9514,1.3126529838127352
9515,2.3933648719941862
9516,3.8661702148130863
9517,4.900439105979055
9518,3.002185354728914
9519,2.1523279785477425
9520,4.26419472916954
9521,2.268896211960436
9522,1.0425311691170598
9523,2.1278494105983983
9524,1.4385082136694916
9525,3.897251249517603
9526,2.053099332478556
9527,4.182706779048189
9528,3.058920373194192
9529,1.2958572878848176
9530,1.334592444507213
9531,3.256974452199415
9532,1.3863777762877416
9533,4.61280083566628
9534,2.59883534795458
9535,2.857320492977306
9536,1.2690164789499674
9537,4.879872738352361
9538,4.132840208002317
9539,3.958469055240002
9540,1.7435119170130893
9541,2.842129258524374
9542,3.5433505999332384
9543,4.618640822216808
9544,4.364952577268731
9545,2.19594877308421
9546,3.478215283786127
9547,1.2473269729903063
9548,4.501512814583189
9549,3.0638608551034783
9550,4.186713184688257
9551,2.564943624247174
9552,4.57428339957956
9553,3.3329924694491853
9554,4.16962748314069
9555,1.8973736906033016
9556,3.9320896877231872
9557,2.5014063814754617
9558,1.9151868571605388
9559,1.9075377349713163
9560,4.404093598133076
9561,4.29751477071412
9562,3.408964938062608
9563,1.0582347372848298
9564,3.723215239935339
9565,2.506719474154866
9566,4.695861918249749
9567,2.8398991620450786
9568,3.6326956850264436
9569,4.760859670445854
9570,2.746329298889831
9571,4.910000635939761
9572,4.217779643595785
9573,4.144548127683493
9574,1.4395409091602307
9575,1.519147884845303
9576,1.4135277088085956
9577,2.2846750085776177
9578,2.754822310339585
9579,4.036626979881399
9580,2.23332460929079
9581,1.3142157422502936
9582,1.1833835115548217
9583,2.645556574915866
9584,4.922430061866958
9585,4.73487602784969
9586,2.262933001712103
9587,2.039548264992308
9588,2.768730331186539
9589,1.0481938475115955
9590,1.5838889987028462
9591,1.8895537533381077
9592,1.2773273550402453
9593,1.495622888127674
9594,3.0463329920411
9595,4.850725613594554
9596,3.2833877406202325
9597,1.3796072086829088
9598,3.148985883567394
9599,2.488470816447446
9600,2.7620512057549345
9601,2.09742410172538
9602,4.948592178961702
9603,3.9924051603797968
9604,1.9500575548398809
9605,2.6765166885424723
9606,4.415356329964878
9607,4.6923543384710715
9608,4.930386111115758
9609,4.932872426140603
9610,1.3903364621800143
9611,4.749106309098844
9612,1.9844257664105815
9613,3.370283342914867
9614,2.2154450739556055
9615,3.2427051081570637
9616,1.7596847776568554
9617,4.231110545972384
9618,2.8855257091357496
9619,2.829352865055517
9620,4.906708452822304
9621,4.970054133282851
9622,2.848409863959519
9623,4.808957902048703
9624,2.85864984863651
9625,4.47420306078636
9626,2.733734286722116
9627,2.3248901304742513
9628,3.310632810473208
9629,3.513182989952619
9630,1.5817155531013682
9631,2.7037363714104394
9632,4.30067766250272
9633,1.0420318105288664
9634,3.1185347020612246
9635,1.6866691850456759
9636,2.198504791115846
9637,3.5377407252843183
9638,1.5217781515505933
9639,4.875258947086842
9640,4.854390493924133
9641,3.100228429106098
9642,2.6652512612608206
9643,3.957476374634033
9644,2.6729872612538466
9645,2.1313508134444574
9646,2.1002422651177333
9647,2.5674125414371307
9648,2.6795320386112493
9649,4.251233438229487
9650,4.301366262701595
9651,1.2053972998970104
9652,3.1881464908823105
9653,1.7736810088986283
9654,3.069824756451053
9655,2.834209221064029
9656,3.288491796184058
9657,3.4831400033595763
9658,2.1438954217642503
9659,2.4076804575636594
9660,2.1541079106808207
9661,3.840523217817495
9662,3.4023700761634164
9663,4.457841512766608
9664,4.439678065380352
9665,3.212054275392135
9666,2.8811139301302067
9667,2.3092865617482867
9668,4.769575242493066
9669,4.8949914643053685
9670,2.3409280400150667
9671,2.7790102064548745
9672,3.4215326634500296
9673,4.819421557116073
9674,2.9520682369591227
9675,2.472533742481994
9676,4.6321044474463
9677,2.2756930764834444
9678,3.98415978350735
9679,3.2574608942738683
9680,3.6631046817601898
9681,3.8437190369401018
9682,2.5320094766291734
9683,2.421280164249702
9684,3.1672142221055815
9685,3.119927341182335
9686,4.403603814225649
9687,4.2320932346583024
9688,2.030945690210977
9689,2.641203901359546
9690,4.855335740211373
9691,3.197423043019584
9692,1.8554031354250058
9693,4.875717638243512
9694,4.379956823568968
9695,4.970525627552107
9696,4.972768397160529
9697,2.5302913855694604
9698,4.216689692809664
9699,1.4147166402785856
9700,3.4594973156966
9701,4.157638968526182
9702,2.668021790308256
9703,2.4440628996569136
9704,2.281630229274557
9705,3.09984585077369
9706,1.0860042643128494
9707,3.477498652078835
9708,4.048581984139036
9709,4.729349778896962
9710,2.4511028512506514
9711,3.6863018174253677
9712,2.2193317450391845
9713,1.3060369247378643
9714,1.121237742860567
9715,4.453873280796226
9716,3.243878146218306
9717,1.5467670418188972
9718,2.9437565478583303
9719,1.8383039116164124
9720,2.371729551171062
9721,4.658989877502291
9722,2.6696154151980207
9723,2.8387612450562654
9724,3.8149170278976037
9725,4.924300375174711
9726,2.3668647619956635
9727,1.2646242232361584
9728,3.3362341433836185
9729,2.7917694039650542
9730,4.897051122383633
9731,2.6653585644933497
9732,1.1716134823088162
9733,1.0727691441257234
9734,3.6461494397985574
9735,4.955260572022577
9736,1.0123796735013095
9737,3.996169763288569
9738,4.916683283780978
9739,2.983111622703344
9740,3.035179966518208
9741,2.1417331255715233
9742,1.2259251279723502
9743,1.9909334655850537
9744,4.639944803236014
9745,1.700952002641849
9746,2.3183648407138504
9747,1.0586206135259149
9748,4.025190337449226
9749,1.3716676780295907
9750,4.137275764833431
9751,1.1278329326529999
9752,2.98610789683032
9753,4.693407418287983
9754,3.253640562792282
9755,1.8577592901309337
9756,2.4635927438781797
9757,4.1499048959853315
9758,4.043701153209006
9759,3.8195059019134554
9760,2.475221409405696
9761,1.5724628218860244
9762,2.2134936624139034
9763,2.6085455536819504
9764,3.2020947699943316
9765,1.9756255313524322
9766,1.8921171482671868
9767,3.2409921253150267
9768,2.0166065189874796
9769,1.072843405668083
9770,4.224438601940334
9771,3.0160222470342575
9772,1.488897564295403
9773,2.318062619677413
9774,4.981692208165148
9775,2.857677405225091
9776,2.864057160629626
9777,2.07088292389755
9778,1.9425110173644584
9779,3.3656788312126547
9780,1.8888470867025098
9781,4.078811267286875
9782,4.185424864595239
9783,3.696190901913543
9784,4.705236560611454
9785,3.908328571985953
9786,3.7250824124068402
9787,4.873825120845672
9788,1.2976397524707086
9789,1.1718773582227828
9790,3.4239215602905566
9791,4.566400182869497
9792,3.570215112935232
9793,1.85754517011436
9794,1.1884847417178852
9795,3.273282733401432
9796,1.0141108338015279
9797,4.421226157274145
9798,3.395363790452474
9799,4.81083373575054
9800,3.6158253356520196
9801,4.324409192820124
9802,2.805310235536612
9803,4.4193105546223865
9804,3.570026443478914
9805,2.8174404427592106
9806,2.252472615921643
9807,1.658572227963631
9808,4.1511711480639555
9809,3.3397256751296225
9810,3.5510785701644916
9811,1.2404526989276903
9812,3.9468797914631315
9813,1.833045026011308
9814,2.767687763374036
9815,1.0893228939782298
9816,1.359407619521856
9817,4.80704287745079
9818,1.37127810612446
9819,1.6909918659422072
9820,2.410487497712954
9821,1.1383678142349964
9822,2.689551145057136
9823,4.358730604481037
9824,4.108615811249986
9825,2.680419956522848
9826,2.947665619906003
9827,4.827220997239078
9828,3.4645325221937533
9829,4.483501235052262
9830,3.432770905363004
9831,3.0939676770170306
9832,3.9203837717034644
9833,4.575195108511808
9834,4.430903555686948
9835,2.3532048776268693
9836,3.3165500784470505
9837,4.216589331620708
9838,4.901775931246663
9839,3.008448469063604
9840,4.7840398383129115
9841,4.691791663698229
9842,4.152886054157503
9843,1.9245332549786065
9844,3.558178883256513
9845,1.6319747247933858
9846,2.597712032072254
9847,4.401739135266868
9848,2.280829243909986
9849,4.651908211419373
9850,3.153823586073355
9851,3.398307570319618
9852,2.0084436149709135
9853,2.4026837424042995
9854,4.111889723158498
9855,1.7859027162215777
9856,4.44483001908848
9857,4.573537822923173
9858,1.8527790503198114
9859,4.524377930929056
9860,2.3701745899950195
9861,1.8983860683540978
9862,3.70111514489529
9863,3.8282380466858403
9864,3.875651924776531
9865,4.537643652662396
9866,2.5137261456929716
9867,1.9163745678495259
9868,1.9152970041927055
9869,1.518864052433953
9870,1.5395479157499752
9871,1.5104217806006561
9872,4.049725847155726
9873,1.4300784770242574
9874,3.030017418226221
9875,2.6811544791630193
9876,3.030338939794682
9877,4.390598457067545
9878,3.0774411426506214
9879,1.2338996655590853
9880,4.828583295481663
9881,3.097957853627541
9882,2.025013527543857
9883,2.265645279957548
9884,2.931006162977711
9885,2.1370177041845104
9886,4.781205677838563
9887,2.2078977314626824
9888,2.6917914630771964
9889,2.8859722750297254
9890,4.883265721091596
9891,4.071626788496285
9892,3.392945768312764
9893,3.703187571580647
9894,1.173234768371393
9895,3.428250864799306
9896,4.260100705411313
9897,4.548021798093295
9898,3.937420246434756
9899,1.5418833397748863
9900,4.896412712806606
9901,2.819945839215655
9902,2.4855486181341293
9903,2.163976952988918
9904,2.946958844874261
9905,1.9275801587993682
9906,2.749022072642509
9907,4.021614958946131
9908,1.6969386644187558
9909,2.539209026759342
9910,2.6371222340998832
9911,4.2198331077103965
9912,4.3535302288302375
9913,4.752485547548808
9914,2.4253980918149787
9915,1.3957604263344274
9916,1.30292033393453
9917,2.8477460800252348
9918,1.1191259301098735
9919,4.665244924128412
9920,2.294049020438593
9921,1.6194194436195732
9922,4.364760810690115
9923,3.8399871820231737
9924,2.368476829977148
9925,3.295358953183188
9926,1.5349173955952673
9927,1.4858645261526555
9928,3.191723065250628
9929,4.812728863331335
9930,1.4532399490388896
9931,1.5705288612581927
9932,4.052892554359238
9933,3.7164356250766852
9934,4.5485957179020025
9935,4.481934790216659
9936,1.0796343555589951
9937,1.5633589717797207
9938,3.7652592947001686
9939,2.1584170158547584
9940,1.755230169328569
9941,2.608877630476444
9942,3.111336672815802
9943,3.7151445013207796
9944,1.219593470037689
9945,3.566353432226087
9946,2.6920393839880425
9947,3.375512769548304
9948,2.300699200767397
9949,3.092329905682274
9950,4.794123196703833
9951,3.85289671612929
9952,2.5562711774698785
9953,4.2316395206490744
9954,3.4265700496287175
9955,2.0666332908238267
9956,4.576269340261456
9957,1.6587267667190342
9958,1.1439222429925686
9959,2.7108580953507015
9960,4.985752192602524
9961,1.9326012000685036
9962,4.108494378639956
9963,1.3776912465424704
9964,3.3388693390387303
9965,2.805977400689393
9966,4.864451820292915
9967,1.316745637447284
9968,4.009008134361915
9969,2.606500134165449
9970,3.668000939706872
9971,1.3231262644797122
9972,3.662689127020184
9973,4.566806463119686
9974,3.31844630448724
9975,2.8298900939987384
9976,1.2487067748526344
9977,3.634802272618595
9978,3.221528540058745
9979,1.8348578386853074
9980,4.362685373912807
9981,3.7761844292727393
9982,1.9823063874137308
9983,3.826889612289415
9984,1.817255938881634
9985,2.045016919984218
9986,4.356899860901317
9987,1.5883568373068573
9988,4.734220653286868
9989,3.6354977214007387
9990,4.915848506504663
9991,1.5979021800019821
9992,3.3981666405571174
9993,2.9126040893767957
9994,1.6595054567532634
9995,4.763436834117949
9996,3.542208624973657
9997,3.243404157153769
9998,4.149604752021421
9999,3.804927887893119
10000,2.9688243825129077
10001,4.961374523486315
10002,1.5448495397961364
10003,4.40523734840968
10004,1.348183349429772
10005,2.1276583022217337
10006,2.2381124957391774
10007,3.1214527648330037
10008,1.0359119746385064
10009,4.461836043390611
10010,4.514593262614848
10011,3.648459473477472
10012,4.9292178250190695
10013,1.2076954053796523
10014,4.338704983125409
10015,4.41542492663028
10016,1.726399261396124
10017,2.367091634352278
10018,4.012444462956124
10019,2.3693040595683637
10020,4.760686316834963
10021,4.614342960672077
10022,1.376727328958519
10023,2.332951794499154
10024,4.752979157036788
10025,3.247120861313696
10026,2.7001969985805423
10027,1.7230039040891345
10028,3.0936987767743998
10029,1.258687217126265
10030,1.2971481627238308
10031,1.1104722409516588
10032,2.200536194141513
10033,2.138918766102007
10034,2.3068752327797437
10035,1.3741310999750604
10036,1.537211204050711
10037,1.961114164492738
10038,1.9151207161632908
10039,4.09843042966992
10040,3.959377127079037
10041,2.4306886191637203
10042,4.245212538086317
10043,2.2678578295095053
10044,4.908515883803171
10045,4.577547218596473
10046,4.544364811996239
10047,4.221285314654485
10048,3.8908473480934975
10049,4.701230666863516
10050,1.034912840278039
10051,1.9054068211962232
10052,1.890495212166444
10053,4.8659863511885355
10054,4.077387624871344
10055,4.367985361507868
10056,2.1716365991799296
10057,3.0002692849406007
10058,4.328758559629401
10059,3.6762123380975495
10060,2.1731621550864118
10061,3.323015237273571
10062,1.8408018972983786
10063,1.2178964966002068
10064,2.938563648172483
10065,3.369268486562108
10066,4.903265657575077
10067,1.7416197047905015
10068,1.6607161014293905
10069,3.9857503177092815
10070,2.066987015702424
10071,2.1263049805831478
10072,2.1355497386811457
10073,1.407089249493647
10074,2.3851044421431458
10075,2.5616476915751836
10076,2.840004300225042
10077,4.347890440997478
10078,4.34025106432682
10079,3.1755999619347577
10080,1.2102187473345003
10081,2.079078976979695
10082,1.6488317465747602
10083,4.594760068612732
10084,1.8601165765373224
10085,3.277366515261226
10086,3.946536181859569
10087,1.5558970760086175
10088,3.8776129400424115
10089,2.687443144771978
10090,3.357181474947039
10091,1.5267816797824398
10092,4.447391639161303
10093,2.6528302680840428
10094,1.262400067589783
10095,1.0450420180416886
10096,1.7431725263580633
10097,4.471806553914227
10098,4.0209710048435126
10099,2.9809815516065807
10100,4.400248358714508
10101,4.213648685594565
10102,4.177647155391703
10103,1.8522321833407842
10104,4.87373517288834
10105,4.057592853631522
10106,1.1427559442273374
10107,1.0603771051534987
10108,4.415819587596025
10109,4.390142506482919
10110,1.9696238028050677
10111,4.335470707383525
10112,2.8590814821926696
10113,1.540521863289611
10114,1.9025386441588181
10115,4.578524154402501
10116,4.841784803503156
10117,1.6099423889003974
10118,1.740755072024474
10119,3.2676344127607537
10120,4.25221370264315
10121,4.891133947692861
10122,3.5127148615611645
10123,1.1384610829561814
10124,3.788629563065651
10125,4.757518555491986
10126,4.687298542976846
10127,3.8191076870687617
10128,4.9878073285649585
10129,1.8691166384617652
10130,3.942791001961391
10131,1.5228898266586355
10132,1.7601132467579395
10133,4.143757136113587
10134,4.400898664307618
10135,3.308668327597201
10136,3.454724501479479
10137,4.578068380179721
10138,2.4183316650989752
10139,4.932337117897984
10140,2.6507598023908048
10141,1.2783314907180006
10142,3.6756075224136198
10143,2.6701878543339572
10144,3.7562449063148895
10145,1.825367304573779
10146,2.2504400764275205
10147,3.3403005839513655
10148,1.9812717373361104
10149,2.2532936158077765
10150,4.437400624446893
10151,1.2510535694750105
10152,3.060132028389188
10153,3.6946171490533812
10154,2.4991642728228305
10155,3.801185224588164
10156,1.4162491482656918
10157,3.0420570312018524
10158,4.1425789600507
10159,2.7356666972875634
10160,2.5794093097214135
10161,1.6450750495838542
10162,3.2780240773144804
10163,1.8798709719440652
10164,4.44234866001894
10165,3.839210048295866
10166,3.76548167762765
10167,1.1592084581896849
10168,4.850872683042691
10169,4.406323334924623
10170,4.434339631456598
10171,1.1870801663372057
10172,1.7746745077056656
10173,4.375469621973891
10174,2.7143265795912384
10175,2.537894275305336
10176,1.4576554257137424
10177,3.9196777229685993
10178,1.8976325124564575
10179,3.549267358940166
10180,2.00612821059206
10181,1.8809152387221793
10182,1.3374542081451355
10183,4.432612373771441
10184,1.8827820956477042
10185,2.692263331838269
10186,3.8099380898563893
10187,3.9013727136505927
10188,1.4824399053124928
10189,4.861407205859015
10190,4.809430507075156
10191,2.1465663172618936
10192,1.8205564124153488
10193,4.493282192917135
10194,2.1938340527591875
10195,1.7889846363546251
10196,2.6348360682296814
10197,4.859996576966774
10198,3.3926722337937734
10199,4.7016696142670416
10200,3.6435918060279366
10201,3.0324059550014972
10202,3.6251636496032584
10203,3.6708161081796864
10204,2.5502281517149914
10205,1.9158380773780714
10206,3.2817442428115102
10207,3.123200260545283
10208,1.7844955850541542
10209,3.007752761788231
10210,4.622036688540205
10211,3.6518513449761354
10212,4.8095660363928
10213,1.0557695184748366
10214,4.5339019704653705
10215,1.6560409682262334
10216,4.069480007535329
10217,4.445256355708105
10218,1.054033595301536
10219,3.235854338626768
10220,4.760409168986801
10221,1.5332607282854203
10222,3.6665826983691536
10223,4.478193326208906
10224,1.7904566109006446
10225,1.349643490725981
10226,3.299919291112154
10227,2.0872054700742355
10228,1.1118417071103628
10229,1.7790607004317645
10230,1.504213053026255
10231,2.1675740251277165
10232,1.143110065931812
10233,2.033850431487484
10234,4.089089351236764
10235,1.4936026112585967
10236,4.999435634660997
10237,2.0705482643299185
10238,3.6562474795935276
10239,1.4763593499718923
10240,2.911114424895975
10241,4.653759911416631
10242,4.457367158893989
10243,4.797567670520041
10244,4.021931758113681
10245,4.813469765349243
10246,2.43665254899745
10247,4.339020403013012
10248,3.8930297700800574
10249,3.509632472435244
10250,1.2878540728281638
10251,3.6232781644678145
10252,1.7436028152970002
10253,1.9920264900564426
10254,2.9155933767637268
10255,1.871661378989804
10256,4.399866723507086
10257,2.5691479515542013
10258,3.381270230300067
10259,3.7694317988477963
10260,1.0280362446233235
10261,4.123825245830545
10262,2.3910282452985654
10263,1.0413829106606487
10264,4.047997997243728
10265,1.794836773880605
10266,3.775398752505159
10267,4.002121704532785
10268,4.216875993697572
10269,2.86927609616983
10270,1.1640689945114282
10271,1.634698865693594
10272,4.063369519975403
10273,2.408173399505458
10274,3.6875722995603835
10275,2.5561292603918635
10276,2.7336285411688466
10277,2.984165871872855
10278,1.6593563233261013
10279,2.7589523653374477
10280,4.6977554472465775
10281,3.376518124426153
10282,3.6965017454578692
10283,4.831065215940469
10284,2.5129933071640185
10285,1.371168119186442
10286,3.5795657422683527
10287,4.561030115980586
10288,2.5805236614661515
10289,2.0822798653565653
10290,2.8336672547935593
10291,1.4686061982637058
10292,1.718509011642889
10293,3.6650334938077096
10294,4.676041858296269
10295,2.558879816113084
10296,2.9326626310128354
10297,2.8422817485798744
10298,3.2328011626461257
10299,3.4878412343219583
10300,3.45068027368022
10301,1.7041229357371184
10302,3.4117866372043952
10303,2.4983135312799027
10304,4.481880214466122
10305,2.070749592597073
10306,1.1120672924894088
10307,4.92143276310652
10308,4.5169268600746815
10309,1.4565992644228953
10310,3.227838818296387
10311,1.90782662880991
10312,4.390313938529797
10313,2.455692056329793
10314,1.2497602170188302
10315,4.216013725018929
10316,3.0142960305126887
10317,2.8358444015466153
10318,3.484159270091487
10319,2.4278031237541584
10320,4.413440339146817
10321,3.067787990812541
10322,3.9795714432767997
10323,4.737120222732475
10324,4.65911787543622
10325,1.140202658556488
10326,2.9499408046972135
10327,4.500723777115681
10328,4.090033426364768
10329,2.3158164932497836
10330,2.160901034890887
10331,4.718518881053736
10332,3.1242440775247773
10333,3.440574815992475
10334,2.3669225800834406
10335,3.939776907788472
10336,1.0360778057732376
10337,4.986158783538019
10338,3.8619757822952323
10339,2.3608094968575495
10340,3.383967042899437
10341,4.896096234980847
10342,4.656035290803903
10343,3.1461749244275072
10344,2.939285131428533
10345,2.1501691242958465
10346,1.6191044993375936
10347,3.2572121157982568
10348,3.271796151226707
10349,1.7182002851063318
10350,2.697902410705054
10351,4.92559380389857
10352,3.6428113945045624
10353,4.156627845107053
10354,1.5690983737723143
10355,1.97157338047746
10356,2.403883333782849
10357,1.6532316000613703
10358,4.742322743600877
10359,1.8969731209133114
10360,1.315430544313859
10361,3.9443413803063967
10362,3.3041714052132605
10363,1.6049519672145935
10364,2.181082526999792
10365,1.83220381279633
10366,4.88926780360656
10367,4.020323231405959
10368,4.095463037820013
10369,1.343894227844911
10370,3.5077961281433976
10371,3.324398184209583
10372,1.4845623560645214
10373,4.507396548085211
10374,1.3719141599503812
10375,4.021872780399788
10376,2.772055323183265
10377,3.0965528841246366
10378,3.7673433153397378
10379,3.679480142102711
10380,4.204766808259519
10381,2.129213368364477
10382,2.265791801495144
10383,2.317063926890275
10384,3.911418040653803
10385,1.3102876320787504
10386,3.27251178456647
10387,2.810800655741242
10388,3.3553397163259393
10389,4.361353829148989
10390,2.74764752868085
10391,2.728683569928806
10392,2.2359207554177716
10393,4.722495149892197
10394,4.738170347326152
10395,2.148988549447307
10396,3.806020983734326
10397,3.556428428590118
10398,1.095490248978543
10399,1.396373404004195
10400,3.2069570443215225
10401,3.7658883230664104
10402,1.7235445036112216
10403,3.1279549252542167
10404,2.722135999332441
10405,4.400627680337742
10406,3.0030084399891015
10407,3.6501268628584294
10408,2.4750975336604015
10409,3.3017833879802354
10410,1.296775558981527
10411,2.587419795684975
10412,4.828568969689833
10413,3.805586402651046
10414,4.558952696788371
10415,4.599115749330677
10416,3.360476718144818
10417,1.4941422395531392
10418,2.6305871990042173
10419,3.128083002458055
10420,3.6898062496959025
10421,2.5910527746648544
10422,3.514601052078114
10423,3.0116420226431773
10424,1.7826236728988527
10425,1.4049855641301674
10426,1.3760151352302952
10427,1.167701328674735
10428,2.997728101463259
10429,4.894724059926398
10430,4.147236520747754
10431,1.4893898619556838
10432,3.9895954923435455
10433,4.238347597921624
10434,1.9635884551797225
10435,2.523081024132894
10436,3.978618080730184
10437,1.739682397346006
10438,1.6990400232324427
10439,1.709088081490087
10440,3.304472100174924
10441,3.276464492532474
10442,3.34272197021492
10443,2.50177565711229
10444,1.6385427468167353
10445,4.357792246542543
10446,3.1618753891157576
10447,2.65496768379927
10448,1.2134623121695762
10449,4.297872830775064
10450,1.4617395598028255
10451,3.7821752395361417
10452,3.253595145124898
10453,4.998392733627705
10454,3.605906359058683
10455,4.774325996284309
10456,2.2742123154135503
10457,2.939073056544496
10458,2.003562447913686
10459,1.3473475052832145
10460,2.9195976531555554
10461,1.2469429332053483
10462,1.2190778883706375
10463,3.649843843613911
10464,2.286467484003457
10465,3.8476634596552377
10466,2.650231614102342
10467,4.499313660111325
10468,3.309427084495422
10469,1.0113975470368812
10470,2.133896587976066
10471,1.658955187653942
10472,4.78258007065455
10473,1.9938638787817968
10474,2.6343077326045177
10475,2.463419330861299
10476,1.6983286716530115
10477,3.6889719200444557
10478,3.3628769591412184
10479,1.1567374326069446
10480,4.452719056496381
10481,2.7308402187720535
10482,4.137362277747095
10483,1.7548341004534485
10484,1.3394771064744408
10485,2.4310633488589493
10486,2.288463174890484
10487,3.93589232001617
10488,1.7953483727498938
10489,1.8945808802045527
10490,1.841011101834487
10491,3.69277951579669
10492,1.2541775376584705
10493,1.5243506959541562
10494,1.5587057381333138
10495,2.4724038550974314
10496,4.159653920411032
10497,3.185492904402635
10498,3.4313986470898454
10499,4.111255828152178
10500,4.218196589486038
10501,1.6007782711721337
10502,3.0225490766510585
10503,3.752534354074659
10504,1.0978045606147786
10505,4.215132701247242
10506,1.205972432125983
10507,1.737360465794977
10508,1.8762752285793352
10509,3.1310318789928218
10510,4.932794713024267
10511,3.9649229396741625
10512,1.7309928119808609
10513,3.8826424707929337
10514,1.204327089181636
10515,4.606911559452809
10516,3.577203749558595
10517,3.3302253395392833
10518,3.8993223204032743
10519,1.5724992801902302
10520,3.152169490399795
10521,3.543866544772876
10522,4.268540690339348
10523,4.027767498418409
10524,4.593889652095012
10525,2.7916082145705388
10526,4.778440844867255
10527,3.438063683806945
10528,2.605841142209803
10529,2.30782105076566
10530,3.606137065565623
10531,1.0947825375257176
10532,1.6227299393801964
10533,1.1563148126961598
10534,4.4874569523540115
10535,4.717299616700615
10536,2.4840558884288866
10537,3.020925682353515
10538,1.4395036075510559
10539,2.656896580017471
10540,1.5076292625501138
10541,3.0379898364101043
10542,3.9421824275715567
10543,4.85662041826064
10544,3.934085432417709
10545,3.602684439035917
10546,2.9249037903587025
10547,2.609208762291595
10548,1.452645625519243
10549,4.438497719703983
10550,4.812957745599743
10551,2.5136809322212117
10552,2.1102452044485402
10553,2.1819815375678577
10554,2.172191811104534
10555,2.674332520497944
10556,3.133174862360356
10557,3.2669120718743905
10558,3.165572359802672
10559,4.414238915626441
10560,4.129244414655234
10561,1.9478477832795438
10562,2.6288693469832998
10563,1.6033899020406022
10564,4.66476806137896
10565,4.448693466983027
10566,4.6200285300004555
10567,4.362399022206786
10568,4.122296850805844
10569,4.373397301240255
10570,4.08475262560798
10571,2.397697104123163
10572,4.422118654090953
10573,3.305659626582824
10574,1.0467995629843476
10575,3.195412901938209
10576,4.890909050909066
10577,2.7353608446980697
10578,3.477399021796123
10579,3.0660341699319558
10580,1.2744177981957514
10581,4.073835231837841
10582,3.672639895043039
10583,1.8084369010084247
10584,3.993770703541196
10585,2.137389985459041
10586,1.3756932947125162
10587,1.7120651921730032
10588,3.533927390185377
10589,1.6054768156376764
10590,4.681953645075171
10591,4.978836135551106
10592,3.4616207811696373
10593,4.771938056805874
10594,3.2058161326195167
10595,1.7621841202524204
10596,3.1244631839473205
10597,2.4917921962893677
10598,4.118929611659562
10599,3.595013253411508
10600,4.864331292282011
10601,3.8079669897545476
10602,4.490651004346963
10603,3.287180285639303
10604,4.861339792184234
10605,4.391537136138886
10606,1.9654153597849966
10607,3.427267696062904
10608,4.210694184124696
10609,4.161728534292071
10610,2.683360163529713
10611,2.174822140402008
10612,4.754150983245956
10613,1.0548999759666655
10614,2.6475304693851003
10615,3.647730373757449
10616,3.72353132948054
10617,4.74780474647233
10618,2.0484320407510967
10619,2.2675463962895868
10620,3.6010043029771737
10621,2.7755273444497424
10622,1.1084748246374652
10623,1.2376891298035502
10624,3.6219614583908553
10625,4.701532884558855
10626,3.433241035402891
10627,2.3595125434440987
10628,4.361618533800569
10629,4.189418846329557
10630,4.252764327599959
10631,3.1623424580435153
10632,3.0515753878424525
10633,3.6827466722323177
10634,4.647927612366096
10635,2.4599143260232568
10636,3.390114311552896
10637,3.608422719427801
10638,1.701938584502133
10639,2.8413119211096394
10640,4.437037218615705
10641,2.2388839029403313
10642,2.327914139650145
10643,1.383337471357391
10644,3.949426549739706
10645,2.482061569491865
10646,4.067171863843223
10647,2.5040412378482477
10648,3.2414066966865738
10649,4.956878539152786
10650,3.4191941225202216
10651,3.5466913725364235
10652,2.81881733646802
10653,3.9364661392933065
10654,3.736702884691468
10655,1.4622239632659881
10656,2.1830681117251656
10657,2.9723718242200907
10658,3.4806768638299483
10659,4.2407444820443665
10660,4.90967056823882
10661,2.2070451110870706
10662,4.588057305453509
10663,3.153940218081412
10664,4.101989606940512
10665,2.213961633620563
10666,3.291135208436404
10667,4.8205756581253265
10668,3.5646043346737475
10669,1.5523247415000814
10670,2.3260752110672533
10671,4.890292695918372
10672,4.979790050070523
10673,2.7505447709884407
10674,4.315398430580313
10675,3.6074471313630423
10676,2.123014288115376
10677,1.296345918383036
10678,2.8835669759732014
10679,4.392793932515324
10680,3.1721297301399307
10681,2.4650876536908766
10682,2.0818443861445792
10683,4.355626791744873
10684,3.77869802498084
10685,3.6116489223141572
10686,1.2654809317755173
10687,2.5079368659992425
10688,3.9625431243955154
10689,4.658280518827317
10690,3.316060664166032
10691,3.4665040661313204
10692,1.3897731941059113
10693,1.4702361717893782
10694,3.348308080078701
10695,4.33144877839002
10696,1.9209344150300014
10697,3.8526586400805494
10698,2.498895754057754
10699,2.1603240520847606
10700,2.0620045581542574
10701,2.445688982774091
10702,1.2843357089039542
10703,2.267661677412661
10704,2.827572862152018
10705,1.7854789796926842
10706,3.5459553277084517
10707,1.3924208645191989
10708,2.256558604104923
10709,2.5724949993372994
10710,3.138188492495655
10711,1.455851958992627
10712,3.81990220696421
10713,2.688840633661886
10714,1.935968695083742
10715,2.69255895011985
10716,4.19382511072293
10717,1.6547981335614477
10718,2.794465939233511
10719,1.5680165294733603
10720,1.2571322880306597
10721,1.9989724760935772
10722,4.095795617449983
10723,4.116339890687831
10724,4.700770673574539
10725,1.0213613590844188
10726,2.8914238940962242
10727,4.136365371301327
10728,3.290276508623997
10729,2.9970925129066
10730,1.9164232686176752
10731,3.5960351250114027
10732,3.5924494903830078
10733,3.211088438689749
10734,3.366941722249171
10735,2.8857840883040398
10736,1.4566017851616766
10737,4.192025704918627
10738,4.865448384257222
10739,4.11784061577797
10740,4.921823369227116
10741,2.951708580206488
10742,3.6636523537865378
10743,1.867002612213862
10744,1.7069032640481203
10745,2.1015747446954873
10746,1.4038869484692325
10747,1.138083471709539
10748,3.081375870660571
10749,3.6886402985063462
10750,4.682963169299098
10751,1.022000667494305
10752,1.7313086744734547
10753,3.4766229736352656
10754,2.0423729562762802
10755,3.5197491763776396
10756,3.4580822165241223
10757,4.441546449973115
10758,1.2560304484702125
10759,4.8456027847504535
10760,3.730428206590713
10761,3.5161728769953604
10762,3.321573685897368
10763,1.5469197751252701
10764,4.326957849306179
10765,2.841406885124797
10766,4.835247040992003
10767,3.946156493988141
10768,4.397380606587743
10769,4.625593875275593
10770,1.2275752768733827
10771,1.5919204537046032
10772,3.4669708524574148
10773,3.860592813787626
10774,1.3982970952442964
10775,2.2904041820636896
10776,1.5888850996827313
10777,1.6183897015681987
10778,1.7715946790751222
10779,1.5565121867099712
10780,2.372749004825299
10781,2.7841534314047065
10782,3.425569442845541
10783,3.5749468914358156
10784,1.3487106536067581
10785,2.8757417382094057
10786,2.982858868367459
10787,1.659778747699777
10788,1.1836437145973355
10789,1.268263839995171
10790,3.8874042063227594
10791,3.7996563288673464
10792,2.67715148929942
10793,4.164256923355236
10794,4.11079889818574
10795,1.0212961024496274
10796,1.970647191472839
10797,1.3494795405460334
10798,4.391243484974819
10799,4.09779712006846
10800,1.5452307293879817
10801,2.0055120053424895
10802,3.9442942586909293
10803,3.145223068459738
10804,2.1705920982445766
10805,1.8674686684754902
10806,3.6126806055330802
10807,1.718725820582196
10808,4.390445549994881
10809,2.649139051116956
10810,2.135140510234444
10811,4.738547049511896
10812,4.129474315673511
10813,2.013483510690358
10814,1.2159133694363553
10815,3.1532261926999205
10816,4.32941030268084
10817,4.7558975744426775
10818,1.7842703895261298
10819,2.2837066495608944
10820,3.8289998849235767
10821,3.57992874338598
10822,3.1776119311014073
10823,3.101496673828512
10824,1.6657617097639208
10825,3.2472205369208287
10826,2.7187871995956843
10827,4.429617599282646
10828,3.967610805317824
10829,3.877122596777945
10830,1.1560754169726377
10831,3.670293560043871
10832,2.640897449011984
10833,4.689701293761915
10834,1.531840749988691
10835,1.9390200460421623
10836,1.080534690678535
10837,1.6617859719057435
10838,3.2092809144818872
10839,4.9762372513896675
10840,3.791153708872749
10841,3.7178070994222514
10842,4.2361008543129035
10843,3.0699776956142655
10844,1.6687937761089238
10845,1.3281372094458477
10846,2.1999271023427083
10847,1.6986113099894795
10848,1.291230637173502
10849,1.8851445192961118
10850,2.6663420204966415
10851,4.63529548863111
10852,3.1933248534782765
10853,2.145527119724045
10854,1.8526492651528264
10855,3.33436445474482
10856,1.3107755717933456
10857,3.545831916571552
10858,3.1607862693623106
10859,3.8420341026228058
10860,4.5897029283750825
10861,2.1957315035088554
10862,1.3717223185516927
10863,1.0276254388542538
10864,2.3774477326187795
10865,2.233745088929599
10866,2.569683491475013
10867,1.1962274711220169
10868,4.138754311503986
10869,3.239930186505747
10870,4.7944543156336525
10871,4.72912565981695
10872,3.7737814942908097
10873,3.16986416313886
10874,3.798813172410242
10875,4.452550552858904
10876,1.798327643788765
10877,4.942538034136052
10878,4.002733850918409
10879,3.890552524418632
10880,2.981263599009823
10881,2.362051581440565
10882,3.1853953010006206
10883,3.6727012220605513
10884,3.3938113718705707
10885,2.7307449432037503
10886,2.2315317445384593
10887,2.9628910043392955
10888,2.5935983422886637
10889,4.5171513632957
10890,1.9029241446655223
10891,4.111878107851968
10892,2.7870631498816376
10893,4.863653028286487
10894,3.5103534143336703
10895,3.2307749803840577
10896,2.7109127391387173
10897,3.1941390520112996
10898,3.2195786274379956
10899,3.2256484005715036
10900,1.5035415710119926
10901,3.795237467998585
10902,4.750489309804191
10903,2.530214944778074
10904,1.1254839900252738
10905,1.9227382747962367
10906,4.478079396830214
10907,4.022846229408936
10908,2.838058459552993
10909,4.5747807683575745
10910,3.3592187333795853
10911,2.3775635705417506
10912,1.839870269262783
10913,3.2060114678941476
10914,3.8058523290487996
10915,4.835416024044553
10916,3.4860500071258236
10917,4.2171758409328906
10918,1.8491991330616369
10919,1.128223587129927
10920,4.547370969586645
10921,4.611522262591107
10922,1.1289068545701304
10923,2.330461951083709
10924,2.0422590311548365
10925,2.8629854373101242
10926,2.685084207830152
10927,4.494957941066473
10928,4.848344932838532
10929,2.4511349758905676
10930,1.1661331948068336
10931,3.183997352424834
10932,1.3633001876412965
10933,1.347141149261656
10934,3.6272860852946396
10935,1.0068494010164621
10936,3.074170138179294
10937,4.809144479045228
10938,2.4597843316779615
10939,3.642344170473967
10940,4.686490897164719
10941,4.261854856570951
10942,3.1560098990173984
10943,4.579780117625343
10944,2.4955586049171963
10945,4.308651816787414
10946,1.6829537045915939
10947,1.0005255053707014
10948,3.8591191964911795
10949,4.8209753530750845
10950,2.679063609485545
10951,1.8766842586161196
10952,2.722257584716824
10953,2.9332406676826466
10954,2.381319643117438
10955,4.5431193736542355
10956,3.3374026703151394
10957,1.337974214176838
10958,1.0583109038988816
10959,3.199160203382444
10960,2.879914413948668
10961,2.7562020825166615
10962,4.282578047556587
10963,2.7516823286108614
10964,4.926238795406517
10965,1.6243896617191411
10966,3.3166668415273515
10967,2.827726859173379
10968,2.634363956256542
10969,2.814040667250755
10970,4.635971514789677
10971,1.5281284342947998
10972,4.652833509458295
10973,3.0688778636514296
10974,2.088677757818189
10975,1.4337182913133248
10976,2.308941400740704
10977,4.769367876307635
10978,2.7266884100992925
10979,3.033144903120356
10980,2.960296261903142
10981,4.4358574754413995
10982,3.4137866385376654
10983,1.7295764730669254
10984,2.851099366766597
10985,1.3608566859539026
10986,1.1445019538082524
10987,3.788804713200911
10988,2.4847365829048176
10989,4.797824371624956
10990,2.9625571509026476
10991,1.4626382292355342
10992,3.275566437740026
10993,2.628337606331279
10994,1.0495400099908352
10995,4.641622677367269
10996,3.2190976996773335
10997,2.3662715258484597
10998,3.8958385665530013
10999,3.3180757158064305
11000,1.5908990126761524
11001,1.4826040850631785
11002,1.924704882492866
11003,1.5699632522483258
11004,4.99172728379884
11005,1.1389680061405616
11006,3.478331874377129
11007,3.51932698127562
11008,2.5575519825004656
11009,4.983180372124867
11010,2.4408154760073524
11011,2.340378063732092
11012,3.0901233862895525
11013,3.786031013368108
11014,4.4538840498729595
11015,4.489499856490763
11016,1.939647013539957
11017,1.3378143159948368
11018,4.719630643880325
11019,2.9776759116396385
11020,1.1339042058678208
11021,3.8102411286774607
11022,3.3378647109150528
11023,2.115887595788175
11024,1.4636789280573534
11025,1.498118207264017
11026,3.9541703787297395
11027,3.228708011967464
11028,3.2491828957653777
11029,2.2362314444693077
11030,1.0658168982873382
11031,1.4424844926491067
11032,2.3024709326638164
11033,1.628475842641735
11034,2.0311643141375617
11035,2.3163775563756754
11036,3.4886806064975895
11037,1.2598144194527583
11038,2.4799410504574633
11039,2.3101440928522137
11040,1.7842730755528748
11041,4.534885376132481
11042,1.4332726866461991
11043,2.780516954176701
11044,3.3190930326349775
11045,2.3953528420722705
11046,3.8652705571385972
11047,4.590183618782893
11048,3.857577319151243
11049,3.755561933896802
11050,2.0919757103752112
11051,3.3328917362448958
11052,1.372189301090737
11053,2.8657087706582054
11054,2.2900642587112503
11055,4.200475212473114
11056,2.1152336193006227
11057,1.8855484027970912
11058,4.860741191157265
11059,2.066761823516278
11060,2.233165580535177
11061,1.561259106691311
11062,2.9243760543689796
11063,3.0619953863589378
11064,4.929206664714387
11065,2.4278106264072337
11066,1.5509920647966728
11067,1.1334936403274067
11068,3.784957584005462
11069,4.503071156853863
11070,3.3666683631773857
11071,3.8145935802394932
11072,4.861903953473105
11073,4.451378997200555
11074,4.088254547242902
11075,3.9533768179341138
11076,2.428320751388224
11077,4.814314084767167
11078,2.405001950351044
11079,4.347746893172978
11080,4.813638829111877
11081,3.6329514168273023
11082,3.569641817057573
11083,1.1821860890136553
11084,3.442731913532592
11085,1.524387977518133
11086,4.6829325001828925
11087,3.7734453014709306
11088,2.0632520733873356
11089,2.458176889347234
11090,2.9443450802363205
11091,2.2851941205105533
11092,4.733840963620937
11093,1.1336141704620206
11094,3.7079861959593177
11095,2.5792958389179206
11096,4.031874794306873
11097,1.6579025130073526
11098,4.819022838549861
11099,4.39833858599551
11100,1.8506644148693971
11101,3.5465037750407435
11102,1.4608364963706806
11103,3.1557547815035387
11104,4.266839407560069
11105,3.092359297159035
11106,4.302814095078581
11107,3.748636767687397
11108,3.3340567869014066
11109,4.945616694962338
11110,4.865554473622257
11111,4.139940763706578
11112,2.2587672568337602
11113,1.2393764279404862
11114,3.4316606355621095
11115,2.726533875652029
11116,4.859302987490869
11117,4.741035463759706
11118,3.5910817079593107
11119,4.535583940050342
11120,1.5710180436425252
11121,3.386708049991042
11122,2.8677014882871505
11123,1.2969833306314684
11124,1.651696445084362
11125,4.158735154203354
11126,2.89559693522623
11127,4.906107168375227
11128,2.727449627660036
11129,1.786619015110651
11130,1.896081914957585
11131,2.927456286509932
11132,3.83163458804075
11133,1.857582211892618
11134,4.15184338707853
11135,1.0726733235385142
11136,4.454507932688664
11137,3.261157171702299
11138,2.917064247285119
11139,2.320353649410011
11140,2.6279933522943044
11141,3.720204797531155
11142,3.335134394384008
11143,1.284657263079188
11144,1.6278587016079364
11145,1.4482729924512663
11146,3.634401260772121
11147,1.7593901200703206
11148,1.7544237276663313
11149,4.214013056566061
11150,3.999803365081543
11151,4.934825978291033
11152,3.0871371303844013
11153,4.5654261418992
11154,4.920165222314145
11155,1.8012815193231528
11156,2.931318272538587
11157,3.5184153814919146
11158,3.076721429710126
11159,3.8310601292026445
11160,1.453318905264653
11161,3.8347235370838284
11162,2.3829809364521037
11163,1.3435587860358713
11164,2.0964312911799023
11165,4.461171363535412
11166,3.2089051790356633
11167,2.007759391010622
11168,3.423101590333241
11169,2.152660694162369
11170,3.9857175428136684
11171,1.1744763564303615
11172,3.878694394356402
11173,4.4712478262326565
11174,1.4184385989744945
11175,3.871406704040115
11176,1.3193668310416151
11177,4.351893966302903
11178,4.831069656838405
11179,1.893841846951199
11180,1.9516549379314139
11181,2.5040333284501637
11182,1.7274009719871244
11183,2.912522076014083
11184,1.4171802915354177
11185,1.507560439815037
11186,3.052861253072386
11187,3.0636352496822594
11188,3.448182414841672
11189,3.901761722503833
11190,4.067549417914692
11191,3.3075092799934405
11192,2.6084159578113506
11193,2.3352155562395778
11194,1.1064603151425931
11195,2.8510999718562497
11196,2.7816815406916513
11197,1.2327088666361066
11198,4.044017776715826
11199,3.9878915511564643
11200,1.5571127343387992
11201,3.979391737988407
11202,3.0255472234105283
11203,2.030888181319984
11204,2.366563762576745
11205,3.206543088183959
11206,4.067209917503523
11207,1.9611461642004455
11208,4.554739620492286
11209,3.02470961397785
11210,2.276123381152969
11211,3.8813356584226826
11212,2.6104442060977746
11213,2.7435827094824514
11214,4.02924083560637
11215,3.7395929040208724
11216,4.789736111489528
11217,4.404366998265008
11218,2.134382057589346
11219,4.778794782632273
11220,4.052209821980865
11221,2.272789708014329
11222,3.1873063170104765
11223,3.230990491310609
11224,4.096237092319964
11225,1.8150053178191294
11226,3.1881898688654777
11227,1.905528635931799
11228,2.8175810854475833
11229,1.440509578053001
11230,3.315461587998698
11231,3.5445481340186635
11232,3.867643104434732
11233,1.1151541110930152
11234,4.172207324755189
11235,1.4944189408930808
11236,3.7358980677715055
11237,4.0863840690412605
11238,2.7689727773665096
11239,2.9474196513356006
11240,3.7442196727977546
11241,2.3582311815396992
11242,1.0692803730066807
11243,2.5234987530338766
11244,1.0006086616837533
11245,2.7146909051670893
11246,3.2325499824787625
11247,2.0942680210773426
11248,1.7444469756276209
11249,2.1975133603700003
11250,2.717791008655798
11251,2.5575925778212496
11252,3.0934449055194557
11253,1.530876209737439
11254,2.059994666052753
11255,4.505487036778606
11256,3.8680681063715907
11257,1.1122785121613523
11258,3.822268829303633
11259,3.5277338411168206
11260,2.8991711636568986
11261,1.2514289882109777
11262,1.4322039291652136
11263,3.2541132449660974
11264,1.613780631762673
11265,2.562536377559667
11266,1.27981877684373
11267,2.231750775662596
11268,4.738355078677294
11269,2.85810912693151
11270,2.106806439267945
11271,2.2851431939816047
11272,3.6928430860352277
11273,3.1154393535325178
11274,1.31050200612257
11275,2.5536907021589466
11276,4.987139509263116
11277,2.373373408770996
11278,3.9515431377622483
11279,1.7922746048839295
11280,3.8648900221205675
11281,3.717612694687616
11282,3.3372168706342995
11283,3.0534437813705826
11284,2.3593031252455505
11285,4.834062541475721
11286,3.3377574995519046
11287,3.1326844659355984
11288,3.5575569576449166
11289,1.6249608384811536
11290,1.4267447161854507
11291,3.041512682154578
11292,2.6991932301823964
11293,3.689255325401789
11294,2.8280433384543007
11295,3.651780618472753
11296,1.7603166720672592
11297,2.5321025098932632
11298,1.4608818364856826
11299,1.170399675519898
11300,2.0683387517577043
11301,3.748278043734676
11302,4.986333734517148
11303,2.9731361794623354
11304,2.3826541646266124
11305,3.131415677633176
11306,2.3693507331035715
11307,2.2267757893556013
11308,4.593284363583127
11309,3.1853292061303335
11310,1.355530021836743
11311,1.2011913784725383
11312,4.752711790332381
11313,4.5603452975032726
11314,2.6231106087254403
11315,2.034161880149993
11316,2.0899551814025226
11317,2.793729885851105
11318,4.067219732904661
11319,4.521168844661929
11320,3.933118413914157
11321,3.5424636176475834
11322,4.437282393922028
11323,3.102515714814034
11324,2.98060403158904
11325,1.1347955037157056
11326,3.952989887501714
11327,1.5275868915143067
11328,4.9081800830342095
11329,2.7147058208273847
11330,4.003774950147184
11331,2.180951005004936
11332,4.002741686698389
11333,2.9799715698395572
11334,3.4579322287005185
11335,3.680150409765963
11336,3.5247828571229185
11337,2.288166449437105
11338,4.403296892836797
11339,1.9851553369014963
11340,4.118910308917716
11341,4.025494102243141
11342,2.5071378840398193
11343,2.85958315544767
11344,2.153833598694407
11345,4.105317100187479
11346,1.790935206039555
11347,2.111969024297799
11348,2.553372220918307
11349,1.959135029128157
11350,2.2321552790427273
11351,1.3842935197061923
11352,4.862564871769951
11353,4.978003256394474
11354,1.7076708083843077
11355,1.1571339931118696
11356,4.802628532550093
11357,1.2694089270726994
11358,1.7453383372098679
11359,1.6447647682136424
11360,2.0825264959518366
11361,1.7207518384195266
11362,1.0405907642674954
11363,4.812769573421031
11364,3.4854971085214492
11365,4.069312301966625
11366,2.2978640137780073
11367,4.832665566636306
11368,2.616990241263695
11369,4.997547729224955
11370,3.788641749099842
11371,1.9341782101961922
11372,2.982712001199644
11373,4.433976488007859
11374,4.6390244273159755
11375,4.396644721426874
11376,4.953144603926125
11377,1.9346878664921472
11378,4.53118452787583
11379,2.461460889059302
11380,3.586282279753488
11381,1.372472205330034
11382,4.69886565956288
11383,3.6927238299863085
11384,3.6570235183248645
11385,3.552235319062981
11386,2.0844983730242235
11387,3.9047760109460286
11388,2.833759094358758
11389,3.848458736391925
11390,1.5926157815973423
11391,4.406029984759131
11392,4.972548274728444
11393,1.066584704433296
11394,1.1708987364834456
11395,2.2516957489520717
11396,2.444580702417188
11397,1.391132367858698
11398,2.8022131867037285
11399,4.153848188708592
11400,4.937790641379049
11401,2.032369649193939
11402,2.561376440820906
11403,3.7585941125136095
11404,4.424812414615671
11405,4.983893443892343
11406,2.0345828772441994
11407,2.375030031069447
11408,3.6300102637827965
11409,2.3247625557820086
11410,2.9494770860294017
11411,3.296876950205031
11412,2.1500299446756443
11413,4.917471421151543
11414,4.143565039994306
11415,4.706212004351495
11416,2.2653908504868285
11417,1.8332018123502367
11418,1.0545446083006036
11419,4.537285877208616
11420,3.1463000988921763
11421,2.379618045737853
11422,1.7092388441014372
11423,1.5273569411157184
11424,1.605439330970552
11425,3.210166620262149
11426,2.6593350421379354
11427,2.1538271379030935
11428,4.706800612182678
11429,3.933427021438657
11430,2.492412081288307
11431,3.312466158119038
11432,1.3582088521052111
11433,1.0468342880415906
11434,3.015937812897954
11435,1.1091929233570603
11436,3.96434523970421
11437,2.0058311768871238
11438,1.4998651584059495
11439,1.3283493915228264
11440,4.910237229799913
11441,1.6760930234828635
11442,1.785044936042735
11443,2.25582457354136
11444,4.704175024285686
11445,4.142908545981784
11446,1.739325564016271
11447,2.053664312357533
11448,2.12305442921783
11449,1.7315036921930087
11450,3.645043037449866
11451,1.5745436401214157
11452,3.5349958129947363
11453,2.989964036308572
11454,1.972967129920018
11455,1.1558265820623395
11456,4.0976083950365165
11457,2.661087380801379
11458,2.542702578682923
11459,4.672937084484227
11460,1.014676868778789
11461,2.5868749704667
11462,3.7374885162550706
11463,2.3269361418407906
11464,1.467438314917087
11465,1.561485112700474
11466,1.1273068155461834
11467,3.5186274566269815
11468,2.2575629733210727
11469,3.6946143896268677
11470,4.107812403444134
11471,1.8758080373927797
11472,3.8980274883680908
11473,3.7688596655706537
11474,4.231247163941939
11475,3.263946526313232
11476,1.335900617043921
11477,1.5395941587024713
11478,3.9637709557742493
11479,3.9102219403191425
11480,4.902218930544386
11481,2.4912595592015414
11482,2.520250439648963
11483,3.0118597800640328
11484,2.038597749722068
11485,1.3003049011092345
11486,1.186511901849332
11487,2.5110136921860153
11488,2.3040328995120483
11489,2.808222233562392
11490,4.340757584293268
11491,2.947855695646063
11492,1.0556349636483344
11493,2.879427019818155
11494,3.529983353724578
11495,4.741363170194395
11496,1.8524525750656906
11497,4.940557434876613
11498,3.1420797145463832
11499,4.633765397902625
11500,3.263533771548953
11501,4.9340199750086375
11502,2.282979130748446
11503,1.918001962241945
11504,1.1286442082385713
11505,4.082816631390287
11506,4.154541717564888
11507,4.197235055201919
11508,2.965406464972592
11509,3.382144707922086
11510,2.5620524195106014
11511,4.029074628244278
11512,1.0374581859332443
11513,3.1864183600988305
11514,4.853875870872895
11515,1.5288166190229227
11516,1.483243089657893
11517,4.347195594802275
11518,1.3174180464441196
11519,1.9579859304604388
11520,4.557125836241837
11521,2.331986404482331
11522,4.655641784016796
11523,2.980420735141544
11524,4.198147161884372
11525,1.3582894770729967
11526,1.8589944541447139
11527,4.519552736109572
11528,4.613077954556683
11529,3.102820053423891
11530,1.184613156906809
11531,3.2966829562048052
11532,3.850777270030763
11533,2.8082937475368377
11534,4.518423648478445
11535,3.1572948249268666
11536,2.5382194884912352
11537,4.456251831458049
11538,4.714069832187755
11539,2.2297765006452885
11540,2.9674470872369616
11541,2.4739432793693084
11542,4.446745290173993
11543,1.8668193430737725
11544,2.472693516665163
11545,1.4889830729284266
11546,2.265827937838544
11547,4.47416732690098
11548,2.9481981798814334
11549,2.3658374502962896
11550,4.326857557445711
11551,1.8160131415248784
11552,2.226835109764949
11553,2.8166152403870193
11554,1.8345223901476566
11555,1.4120845158006814
11556,2.3807736142247564
11557,4.31810937573147
11558,1.9604161084168932
11559,2.7244789338944146
11560,2.64320142079439
11561,2.92017388250132
11562,4.226340733479862
11563,4.639973172782602
11564,2.532102996918209
11565,2.898637918179283
11566,3.6363731445981133
11567,1.5485902724679588
11568,4.02254077985541
11569,1.9495375772604993
11570,4.522623212904813
11571,3.352123443264436
11572,1.1495331788489387
11573,1.960907388609062
11574,1.703183901797252
11575,1.117078391909676
11576,2.8087230726747663
11577,1.3033433216589545
11578,2.58517456863926
11579,1.9221362460493623
11580,2.028122017757031
11581,4.609223833917914
11582,2.0437333809094467
11583,3.79585234794797
11584,1.441880190702205
11585,2.3988057060389996
11586,4.707615879272971
11587,2.0220989129164564
11588,1.8586494991539513
11589,4.443979579571325
11590,2.073625491757286
11591,2.844402753646107
11592,4.676952438928757
11593,4.8489661619351825
11594,1.4218345382769821
11595,1.6623436774793978
11596,4.182091272753084
11597,3.9051435735336084
11598,1.0147072985487187
11599,4.5209496641875875
11600,1.5958709595525886
11601,2.168363811305277
11602,4.9902138313042474
11603,3.0372875981180556
11604,2.5973697322467473
11605,2.278647894818586
11606,4.399604653702176
11607,1.1954664209189572
11608,1.9082176265124469
11609,1.1582979837687124
11610,4.237671738260375
11611,1.1621762003890148
11612,4.366030556126208
11613,4.732975604507654
11614,1.6891690155333832
11615,2.474368490431472
11616,3.6288812947280125
11617,2.1990310718336565
11618,3.336527425156827
11619,1.487294419750289
11620,4.832167104083872
11621,4.73650670176542
11622,2.6453544027536884
11623,1.8181474684996157
11624,1.4422543886138857
11625,4.079041398977166
11626,1.2661032855917917
11627,4.841004759122439
11628,1.0586747393320075
11629,4.2995730010363555
11630,2.2972380737711204
11631,2.3265349531731907
11632,2.832721101945841
11633,4.496662491059611
11634,4.294005889842012
11635,4.712589184910609
11636,1.0489542229444058
11637,3.9348559250935597
11638,2.0019515615384957
11639,1.0884782779800748
11640,4.24048874122809
11641,2.3401288652871473
11642,1.8598547044569438
11643,4.858405286440702
11644,1.7014079951931746
11645,3.4180542877359334
11646,1.468670580808015
11647,4.991397133500593
11648,4.043183322185669
11649,3.1213318242468544
11650,3.1894439971244264
11651,2.0324274900660977
11652,2.843385148187684
11653,3.1987974233940024
11654,1.143838992149211
11655,3.142544433006813
11656,4.672103230320452
11657,2.49599148481427
11658,1.5406979758750716
11659,1.6719073134408045
11660,1.3200534608172179
11661,4.373518734766922
11662,2.710982481962142
11663,3.284255034251261
11664,1.8434047581759985
11665,4.5832121966872155
11666,4.602284168407129
11667,2.917464698369965
11668,4.9271989450154265
11669,4.042796406008101
11670,3.188778402337424
11671,3.5469395469807434
11672,3.7541872871810056
11673,2.7384548860230593
11674,4.291980101942261
11675,2.4575036612429635
11676,4.8065432700447825
11677,4.586685660547305
11678,4.74983908825824
11679,3.676409608082492
11680,1.2533491942819355
11681,4.066257420070425
11682,2.967556606316524
11683,2.822311905789796
11684,3.3839264457029214
11685,1.5566150941801356
11686,4.254399839159177
11687,3.6320449349180772
11688,4.505971526632871
11689,4.366966113568992
11690,2.2576064127600013
11691,3.5319018800463544
11692,2.846742301473738
11693,1.6610557412377127
11694,2.742473980221372
11695,3.0676425100410145
11696,4.765581462289841
11697,2.8734977503728576
11698,3.0805906791006827
11699,4.313445584372094
11700,1.3783974502554979
11701,2.8417228566792736
11702,1.581730473460429
11703,2.3646096031361816
11704,4.8257539241620275
11705,1.7492483397390504
11706,1.4726824945961403
11707,1.049582870870882
11708,1.207206217401164
11709,2.6041877791560255
11710,4.185462905814298
11711,4.704718372757743
11712,1.6928999631649928
11713,1.7203850166980201
11714,1.563449347227868
11715,2.4043692642914634
11716,4.644302940219854
11717,3.532981239046674
11718,1.6647484940520565
11719,4.871644835139939
11720,4.309482580326258
11721,4.995977922484569
11722,1.3742718880002087
11723,1.7751384591278878
11724,4.9319612764304175
11725,1.1659795985740153
11726,3.5800870367946787
11727,3.9510267545608144
11728,3.429253404496889
11729,2.79899144028274
11730,1.333990633003388
11731,1.6759583611419373
11732,2.442111539235618
11733,4.476904533105971
11734,3.811453612884222
11735,1.0053154903814354
11736,4.202659141176621
11737,1.9857551567355647
11738,4.5362985924696595
11739,2.037588173202882
11740,1.8466981944989613
11741,1.2854654848696616
11742,1.3891528846817613
11743,4.674337282101481
11744,4.052917768713961
11745,1.9757056839571119
11746,1.9321746829778839
11747,1.690253816403899
11748,3.762135124328741
11749,3.7362292386983316
11750,3.768432405272029
11751,4.042047711332472
11752,3.5261426437865766
11753,2.166074190967524
11754,2.496859372745674
11755,3.6603635644160377
11756,3.6060869226027674
11757,2.0347560906302102
11758,1.5378216133271079
11759,1.5890352095410107
11760,4.788046238106821
11761,3.235075626656712
11762,4.276068249239186
11763,1.5037321171381453
11764,4.122017533653726
11765,4.154186931793369
11766,1.6450391906765849
11767,3.439297553618907
11768,1.1443166842007124
11769,1.6065388375662573
11770,2.221315809031519
11771,1.7110858157378637
11772,1.0473792751353104
11773,1.4859330656421603
11774,4.9503502618970145
11775,1.0024164649386385
11776,4.5401708320063445
11777,2.5335642228117754
11778,3.164245639833066
11779,3.1838192135299663
11780,1.7922151243125017
11781,1.9947573695662055
11782,2.819848543376896
11783,4.44973435063255
11784,3.087337890783483
11785,3.90944674817011
11786,3.7154979761651323
11787,3.724863895418193
11788,3.8942042400211627
11789,1.8475614862563936
11790,1.8785562206114
11791,2.5710560790480463
11792,1.1458790570424977
11793,1.2025580888736704
11794,4.545056050412399
11795,2.2983542654831135
11796,2.9068357842584827
11797,4.2657800172728155
11798,1.5432924971721764
11799,3.010774256517394
11800,2.6931198696085117
11801,2.8617734309790066
11802,1.702255989786316
11803,1.9913112317464208
11804,2.812724673477622
11805,4.096133844371316
11806,4.284105576062144
11807,4.056565569187681
11808,2.3443110016261155
11809,4.537265874262134
11810,1.0259679962121684
11811,2.8004829500703163
11812,4.505300071561105
11813,1.927355782380177
11814,3.7972415924447684
11815,4.517048578057461
11816,2.1267034584791364
11817,4.743690374954018
11818,3.7069780770825744
11819,4.019449734288882
11820,3.8835956914881424
11821,1.407662633809883
11822,2.5460533797636544
11823,1.9476871394498803
11824,2.1242078789772343
11825,3.6090686558295424
11826,2.1060027446391554
11827,3.96140548143835
11828,4.983822587568092
11829,3.4026465953524823
11830,4.3566601296690735
11831,1.9452968403092572
11832,1.581099661442154
11833,1.7950436085108294
11834,4.516897501500963
11835,4.301068055055864
11836,4.972509698489651
11837,4.047095723761494
11838,4.037219419125702
11839,4.629335801992195
11840,2.10812420474249
11841,1.8236109810074432
11842,4.84564068282544
11843,1.6382098515538521
11844,4.300841885793012
11845,1.2216901402011593
11846,3.1904667483922653
11847,4.106142838938235
11848,4.704062680023931
11849,4.6977944215134855
11850,4.89851506974334
11851,3.421466632533713
11852,4.136639436206181
11853,1.4834237195048132
11854,3.203528702697471
11855,4.394439050079158
11856,1.2286713559766458
11857,4.511815891858868
11858,3.2204036947048227
11859,1.6117427959798944
11860,1.91068747889214
11861,1.3714458878512765
11862,3.8434600479134304
11863,4.209525689047977
11864,2.037054656024521
11865,3.9797710817659047
11866,2.2249716365115577
11867,3.602419773074424
11868,4.328309989752071
11869,3.6964490147363565
11870,3.250209471265445
11871,4.989327475733864
11872,4.651032663527561
11873,3.168921966142591
11874,1.4083974160219999
11875,4.3953214232072515
11876,4.192087659937076
11877,2.1838225874144945
11878,4.282419399551024
11879,4.505239940998009
11880,2.1199852601341465
11881,1.7340360745006338
11882,4.528119336352322
11883,3.349627801170257
11884,2.7919964654385625
11885,3.9794385914730492
11886,1.5787412338811642
11887,2.31171618955678
11888,3.024298897075288
11889,4.977931275024083
11890,4.762758006128272
11891,1.8542892283835894
11892,2.0936206456977695
11893,2.235122635591131
11894,2.924432604951519
11895,2.4393146457968444
11896,1.615594345118733
11897,2.711718217604857
11898,1.2973511831517195
11899,1.848728995090816
11900,1.6079580729455194
11901,3.535451452634538
11902,4.070930388068572
11903,1.3997776779715116
11904,3.26627658770774
11905,2.360741232294085
11906,2.4401014017246783
11907,4.344264644395643
11908,4.291823027453043
11909,1.253612580760897
11910,1.6172199055725764
11911,2.6611245012712867
11912,3.2614162792520593
11913,3.435924930359986
11914,1.817304137795014
11915,4.2554187676565585
11916,1.8942856112364397
11917,2.751137894985237
11918,3.360048490712781
11919,4.467488531320871
11920,3.926658609745982
11921,1.4024243246375891
11922,2.060270645291924
11923,4.579723922712192
11924,2.24168551528519
11925,2.512965444520177
11926,2.226136371039047
11927,3.8904082866404357
11928,1.0902795548507545
11929,2.8924231968625396
11930,1.7658406668271356
11931,3.423612356836622
11932,2.1107247391155433
11933,4.6483863172540945
11934,2.961797550056773
11935,3.2967855305942972
11936,3.641633760067236
11937,2.773842657911878
11938,3.0980741967821235
11939,3.4524994662924553
11940,1.2251236014261218
11941,2.963098804350014
11942,2.741303323239943
11943,1.5158782255247352
11944,1.5738688520782542
11945,4.784518406586214
11946,4.882270646824221
11947,3.136175278531897
11948,4.662117348791635
11949,1.9268349758343395
11950,4.7359392126583035
11951,2.174684682424576
11952,1.9805742902516372
11953,1.0003185158542602
11954,2.707066375836904
11955,4.859299197146893
11956,4.397324484678043
11957,4.897344531833025
11958,2.1142010340373796
11959,2.3718087390515747
11960,1.964977908921456
11961,4.422483370209843
11962,1.240948994660787
11963,4.088013569430125
11964,2.1224199705780116
11965,2.971229193180425
11966,1.3234783768150722
11967,2.992651914056336
11968,1.4635565515987707
11969,2.1807799755973574
11970,1.1348623243729383
11971,1.9970135766475359
11972,2.6324293525934137
11973,2.5107859530022667
11974,2.0565139321314088
11975,1.1098137828772945
11976,3.9689449570213338
11977,3.5049676064673867
11978,4.25303381004432
11979,2.6491399259278374
11980,3.5871265820915545
11981,2.2011488332156066
11982,4.027735510215955
11983,3.850898673237181
11984,4.733288114657123
11985,2.883280499709869
11986,1.5605498504681217
11987,2.429114014702151
11988,1.7809236072243788
11989,4.412963322515052
11990,1.8974866699394304
11991,2.6222183816589464
11992,4.161329436759331
11993,1.9947159056234702
11994,1.2558967027933319
11995,4.3071822240566515
11996,3.1795087050614725
11997,4.648958398366178
11998,2.5033328196666433
11999,1.0892175441615692
12000,4.261229243057432
12001,4.0085693124727735
12002,4.550712041269515
12003,2.018716472165439
12004,4.498107892394884
12005,3.69613892603843
12006,1.3189760797384849
12007,2.3140502551689957
12008,2.3600210310276255
12009,1.976290140397337
12010,1.8001104168814992
12011,1.7676156313427942
12012,1.346739456960449
12013,2.7952134303522653
12014,4.4616762731832225
12015,3.3108686820254247
12016,2.295161985112002
12017,4.26942135067142
12018,4.978165813475611
12019,3.980171871865975
12020,2.9680605100572226
12021,4.563835930138779
12022,1.0854368093535238
12023,4.984086429436061
12024,3.56857045905485
12025,3.790164890656109
12026,1.0861986635694132
12027,4.2072477724223
12028,3.4149958633838695
12029,1.315268221159771
12030,1.6075855497165987
12031,2.271065860824568
12032,1.1154606021041027
12033,1.2493729739193244
12034,4.126816557956799
12035,3.116737493972051
12036,1.2453685005223045
12037,3.8109532156405534
12038,4.301561532489488
12039,1.4078266475691081
12040,2.2497097779305757
12041,1.768753081145833
12042,1.1287364128319126
12043,4.224288891054599
12044,1.1760409438109347
12045,3.062926360378948
12046,1.791919666410318
12047,1.5448479016748737
12048,3.9000316240295194
12049,3.8611957731710618
12050,3.469650785000983
12051,3.4396070728476817
12052,4.872574285633897
12053,1.597078064994926
12054,3.148573504598285
12055,2.224951779101268
12056,3.6436551335691214
12057,2.4756785391837752
12058,3.9704191218097686
12059,2.2883999505210624
12060,4.977050700359406
12061,1.588217731688922
12062,4.209490789575754
12063,2.2742951350937783
12064,2.194223638136048
12065,3.6324750092651095
12066,2.845584480374363
12067,1.9795412567793575
12068,2.973844430972583
12069,4.967521787486482
12070,4.930901295617099
12071,4.715919414234077
12072,4.865826097650545
12073,3.379536595818114
12074,4.1001411444643034
12075,3.533342178751402
12076,3.6716035569731647
12077,2.1642212514961523
12078,2.770249778426352
12079,1.666388426812429
12080,1.0986971970040824
12081,1.8757180034717846
12082,4.901468027902292
12083,3.496371745857496
12084,4.879462181549734
12085,1.863367430389029
12086,4.638240709956232
12087,1.8679425979706314
12088,1.7133282059032449
12089,2.8319185938528184
12090,1.3626967570026753
12091,2.8993522463767643
12092,2.5956660351370515
12093,1.156875481839755
12094,4.969193941661864
12095,1.238818402816281
12096,2.362042703127215
12097,1.1268097508935382
12098,3.948993196167693
12099,3.352101007047915
12100,1.4887291128346503
12101,4.529384999405076
12102,3.9898619977988123
12103,3.493403304973947
12104,2.1751770008864395
12105,3.0205495119504397
12106,2.2310832414059045
12107,2.610148195062763
12108,4.178668686570809
12109,3.164744160874287
12110,4.81348816066915
12111,1.4661376952947074
12112,3.739320242357092
12113,1.5234515571612715
12114,4.605764859554382
12115,1.3133367483546041
12116,4.749512283851398
12117,3.126180295203526
12118,3.2405910248146035
12119,3.103274757060413
12120,3.1871925858810357
12121,1.0175339267943584
12122,2.2439937879380545
12123,4.251779204651909
12124,4.713676595334864
12125,1.245009183331586
12126,2.7827889499914407
12127,3.7879910867341295
12128,3.629515060900934
12129,4.748703480401582
12130,4.714986617513102
12131,2.7613418997708123
12132,1.6192564441852588
12133,4.225955361747286
12134,4.338306456845884
12135,3.881976439590457
12136,2.0606468616660356
12137,3.498555750281657
12138,3.7455774035298663
12139,4.031525131885457
12140,1.4674846379124067
12141,2.6750593136202627
12142,3.3698628401170265
12143,1.5370857719061926
12144,4.320588879323607
12145,4.754776425876075
12146,1.483026176961061
12147,1.4928406747231122
12148,4.599395310303569
12149,3.625053600588849
12150,3.0154229640156918
12151,2.167914050280023
12152,4.837530639838873
12153,2.4560342872275096
12154,3.7931667555859763
12155,3.147238107873167
12156,1.7326836876883247
12157,2.1505924613730087
12158,2.1035515865430443
12159,4.57710368157845
12160,3.9369514267755847
12161,3.30382189112737
12162,4.636761108238088
12163,3.799109609577251
12164,1.4168833502493183
12165,2.4870453952401723
12166,3.506336558171091
12167,1.9149391587605544
12168,3.860700377222972
12169,2.7881185690021573
12170,2.0937293528370162
12171,1.6702340163591005
12172,4.484431164001322
12173,3.7443145583318542
12174,2.5449814966208635
12175,4.329349217013091
12176,3.042039134611783
12177,2.8258372970710126
12178,1.2019902597583734
12179,3.31874222907904
12180,4.177101099224373
12181,1.9987430163917193
12182,3.770937371702673
12183,4.033990480239444
12184,4.006994448725482
12185,4.63138833787171
12186,3.267646684460895
12187,4.803381966514759
12188,1.273048870659033
12189,3.9500737878955623
12190,1.8068270668384914
12191,3.286102074431974
12192,4.781589966117477
12193,3.0826205737791232
12194,3.8660562726582164
12195,1.9679475207752306
12196,3.134969234853168
12197,2.136161496510929
12198,1.290466820113911
12199,3.7462343451568514
12200,2.5340372084653713
12201,4.363658269919293
12202,2.57913706486072
12203,3.1095800626750583
12204,4.340269872347838
12205,4.665253756204157
12206,1.1466948731942206
12207,4.278270423672897
12208,1.3211471723654684
12209,3.652307318784356
12210,1.617495537802892
12211,3.9619771181552825
12212,4.0813514007735945
12213,3.6527810350635512
12214,3.725924638172697
12215,2.7262028758210164
12216,2.488283004841906
12217,2.5759480169118043
12218,2.262903188724266
12219,1.84664000506177
12220,4.512645661233439
12221,3.644308228483082
12222,1.8481074930361157
12223,3.653035744205416
12224,4.732511175017365
12225,3.7106239028095573
12226,4.566956159868328
12227,1.5611269758200805
12228,2.6046640415363194
12229,4.300734466504604
12230,2.543447332439268
12231,4.303687765050083
12232,3.6869236107862715
12233,3.9329083772385283
12234,2.832555964169751
12235,3.8836202730551577
12236,2.5197674708613182
12237,1.7069907884083881
12238,3.1702183058155
12239,2.686662350921534
12240,2.4322647028309974
12241,4.659364769511079
12242,1.3744734377488586
12243,3.0423357842353007
12244,3.3019552502850407
12245,4.03626614890121
12246,1.7777786185545619
12247,2.8065798472518786
12248,1.1813748967847815
12249,1.5915411832513477
12250,2.62647746404869
12251,3.700743196259678
12252,1.1753189291663224
12253,4.42016019831752
12254,3.9849667388131826
12255,2.922033386361843
12256,3.4509487624228474
12257,2.686325687308279
12258,2.8824510750404997
12259,4.903220915895154
12260,3.934969260273022
12261,2.3378815182513817
12262,2.2051000573983868
12263,4.615341471694624
12264,3.1232208916855546
12265,2.683875859566311
12266,3.313369426086766
12267,4.866347334867502
12268,2.148940477220682
12269,2.3578079704501236
12270,1.3361911283440246
12271,4.661401534343492
12272,3.0701918364914453
12273,2.4513972148523324
12274,3.0671833523477505
12275,2.3345456269287634
12276,2.8155440672423437
12277,1.1936874447238317
12278,3.6879043444224378
12279,2.7545721277003126
12280,1.6868417392910118
12281,3.8877110748206074
12282,3.382124944915804
12283,4.586403770127622
12284,3.496142844520463
12285,2.1980164107472864
12286,1.0814474261936167
12287,3.8706794263234165
12288,3.312628047297462
12289,1.1072515933026814
12290,3.0996726928150697
12291,1.6145644388177494
12292,4.494294700716949
12293,3.372173864642227
12294,4.610181570480842
12295,3.7562427406824486
12296,2.744629605895405
12297,1.1862481786794108
12298,4.187834707679786
12299,4.819828972850929
12300,4.704675072862499
12301,1.1738034630564194
12302,3.4249834829193575
12303,2.1584612152788885
12304,3.0441057757324463
12305,1.0613930301740497
12306,2.6901820429150405
12307,4.574499531280515
12308,4.3920653890653405
12309,2.0473771929663873
12310,3.716806756101445
12311,3.7618437516896956
12312,2.0256224638472142
12313,2.466701530095912
12314,4.337572411748848
12315,1.9209951125629527
12316,1.1131776645393785
12317,1.6922965410436457
12318,4.4512699703572345
12319,1.4146586801131775
12320,1.1613293717359587
12321,4.189360214254515
12322,4.446482481890751
12323,2.5288403799094326
12324,4.332795183997937
12325,1.9872795862790715
12326,3.478397713071816
12327,2.759151134488082
12328,4.258817377601984
12329,2.2372176902656995
12330,3.6071506012192303
12331,2.5354196251559524
12332,1.580574791820812
12333,1.978354317378824
12334,4.66574911092209
12335,3.3767934934222907
12336,2.4930650459084447
12337,1.4044532178643236
12338,3.7315197375885916
12339,2.793338022874676
12340,4.73946264819301
12341,4.868929282751322
12342,3.771956280236902
12343,4.080447630802043
12344,2.265506005032991
12345,1.2285218806088265
12346,4.847094049136265
12347,3.31210884338222
12348,1.2342277644016435
12349,1.772936139555175
12350,4.181095967772229
12351,4.663406418994186
12352,1.398096905773552
12353,1.5345045955824035
12354,2.5203097764508446
12355,1.4175429539736903
12356,1.2248843627820118
12357,2.2173881278966077
12358,4.431816327927411
12359,3.8445813694144566
12360,4.9050269195483605
12361,3.3175285283879656
12362,1.386796773924977
12363,4.206583202465042
12364,2.442729671895478
12365,4.238532997992203
12366,3.176960758759361
12367,2.7764155004425244
12368,4.0923848111310965
12369,3.223694057382875
12370,4.414679369595011
12371,2.9042217910716457
12372,1.3729931163389133
12373,3.0517673877525198
12374,3.5323226629718794
12375,1.5710268353511565
12376,4.10706238616452
12377,3.5041009243004853
12378,4.111333720696228
12379,2.295576282613747
12380,2.2491434559772694
12381,3.6302906102791015
12382,1.404143395810698
12383,1.126920969430067
12384,4.201403754277472
12385,3.684668967984456
12386,3.6616183895004504
12387,3.3402736136880957
12388,4.112578451209741
12389,4.579441950774381
12390,1.5523267273506347
12391,2.755828949213767
12392,1.05768281024501
12393,1.4761845374589933
12394,2.544377686157517
12395,3.1086922266738224
12396,4.808654338323665
12397,1.7558846061380309
12398,4.453046061115662
12399,1.7549181344483586
12400,2.1405320757424087
12401,3.1090848313263586
12402,3.6760690927752817
12403,4.56245818643143
12404,3.5460870760463217
12405,2.3623930921022134
12406,1.9867183411637188
12407,3.1442720304183864
12408,2.5019031244462675
12409,1.6787191828065802
12410,2.6673216899438303
12411,2.38400099305201
12412,2.746653864364051
12413,1.692045766393388
12414,1.7219200423262606
12415,3.859229417292506
12416,4.110245542760637
12417,3.7897543031330048
12418,1.2887970007935743
12419,4.5596699824226405
12420,4.563616585129623
12421,4.628750000303887
12422,1.8974336022461937
12423,3.2068834377191773
12424,4.615146619135299
12425,4.558961698766591
12426,2.233723900541854
12427,4.8402851300159115
12428,1.3205322159774333
12429,2.060073237297123
12430,4.628549779865433
12431,1.9761239253753216
12432,4.601169539452504
12433,2.844110298467432
12434,1.465930533248338
12435,1.4327816008632963
12436,2.8676074381535193
12437,3.2558017604409746
12438,1.3663058164391848
12439,3.2632894474847234
12440,1.7817721801027644
12441,3.3201643173537017
12442,3.5264005893436012
12443,3.1033284230198737
12444,1.7298370670401848
12445,4.128743738403612
12446,3.6518882571670503
12447,1.6396739828371167
12448,4.3694858009681035
12449,2.072984800464898
12450,1.0588873555028342
12451,3.423463796886262
12452,2.291573953602425
12453,4.896875713739568
12454,1.3068906337848034
12455,1.907643185029983
12456,2.3929004914153644
12457,2.085337750160218
12458,1.0649900998999509
12459,1.278522192661085
12460,4.024963000736295
12461,4.775224740059933
12462,4.0264313970281105
12463,1.1163847268032963
12464,4.933502113556807
12465,3.6276422142041183
12466,1.7911024083426854
12467,1.9859508417574814
12468,4.888691096255778
12469,1.6141175268075347
12470,4.982061505143572
12471,2.8408534084326287
12472,2.2169131848756463
12473,4.3404487517269015
12474,1.1948066176991308
12475,1.3517000043566356
12476,1.8973005771597955
12477,2.049466182785262
12478,1.4001695763190538
12479,4.164316742560532
12480,3.8876764449973167
12481,3.707279549084826
12482,2.261644244697525
12483,1.992229220680036
12484,3.4688031503788554
12485,4.404658991105498
12486,2.013143133659877
12487,3.559119213340558
12488,3.0311730571961784
12489,1.7400922416797622
12490,3.739069767362191
12491,1.5011802905195988
12492,4.832490918487762
12493,4.77338792984496
12494,1.0155521989518053
12495,2.6695146203922877
12496,3.480586239973439
12497,1.19521707384256
12498,4.450815430897311
12499,1.8432862098861458
12500,3.3969449525388047
12501,3.0604142891605415
12502,3.3840054626734712
12503,1.0184425394899157
12504,2.2741599007831264
12505,1.8868559803618186
12506,1.0759886071277562
12507,3.616995000941231
12508,3.790007442089276
12509,2.667416209462398
12510,2.8736839146966044
12511,2.6490970801305083
12512,4.466301684431398
12513,4.16565520345247
12514,1.5077503833186192
12515,3.291815527621143
12516,3.6333307721665133
12517,3.4974817295636114
12518,3.7326866039822573
12519,1.2559278780940817
12520,4.792297408821618
12521,2.0531822731599525
12522,3.9068374382916247
12523,4.111107687526086
12524,4.276089633605183
12525,1.459061795152913
12526,4.729798358677424
12527,4.102523853317933
12528,2.868976580007144
12529,4.5809051430153485
12530,4.438528072577432
12531,2.5128563422587424
12532,1.662664431443572
12533,2.2890346723340107
12534,3.9922992541036577
12535,4.683774406592111
12536,3.5919426007832302
12537,4.837145651576391
12538,3.733372302304416
12539,2.855147248891776
12540,3.152906379681247
12541,2.6483505925338626
12542,4.370047270809444
12543,2.2004039588999444
12544,2.4731416877997243
12545,2.3191346179580403
12546,3.7782307671009185
12547,2.3420286982440497
12548,4.957010518156443
12549,1.7225255418440342
12550,2.064673220315654
12551,2.6332729549604132
12552,2.2089767679603187
12553,4.860146931056805
12554,4.541369806653636
12555,4.4128479489483095
12556,3.4554614171451328
12557,3.346223749199556
12558,1.5501124336315808
12559,2.547911203748565
12560,4.963077421002703
12561,2.490413991873979
12562,2.310543946209989
12563,3.7663305403112495
12564,3.2345758435429475
12565,3.352476209977782
12566,1.5617137122940297
12567,3.170044696232385
12568,4.4715328834310055
12569,4.293256332828276
12570,1.9141064666989673
12571,1.0736072085290158
12572,3.445280416551646
12573,4.015562937356764
12574,3.2862125996159266
12575,4.423873690497876
12576,4.024600995117707
12577,1.8069645919228186
12578,2.101539474572476
12579,3.6359493749428444
12580,3.309462702386438
12581,2.8625303630731
12582,4.531755751496997
12583,1.8605527788109182
12584,3.607129043501143
12585,4.756577639148549
12586,3.16268447943186
12587,2.171257294779639
12588,4.276612172230694
12589,3.68690818006373
12590,2.199714418680349
12591,4.831630131479468
12592,3.095092564260001
12593,3.534993633105911
12594,2.1353423213340204
12595,4.561195035914545
12596,1.269177458977937
12597,3.508148121868309
12598,3.204448237511647
12599,4.109439650584557
12600,3.2243184578221498
12601,2.475060620353728
12602,4.92448732306626
12603,3.3911433506119426
12604,4.7222788497381805
12605,1.1071380533066328
12606,1.9949894810268414
12607,2.5378055079734274
12608,1.624604733560616
12609,1.776362334627605
12610,4.67670476546528
12611,1.4967229833077282
12612,4.60797466333343
12613,4.392778509277411
12614,4.1423014055663545
12615,4.276645100259893
12616,3.27139311154977
12617,3.2549668395666957
12618,2.509169814278483
12619,2.6817013303165247
12620,2.689588758528378
12621,4.0098187314880605
12622,1.9539001247057342
12623,3.60461084150319
12624,1.5582973494169572
12625,1.0248878859969208
12626,3.4466310575360923
12627,4.057328575717328
12628,3.0124391431803375
12629,3.787194083660017
12630,2.4890086180158697
12631,2.58120856745389
12632,4.688752066524302
12633,1.7608298438795882
12634,2.169921669453127
12635,1.3351617285128192
12636,2.803861967860178
12637,1.8728383041448171
12638,4.710518062675778
12639,4.4404047258047505
12640,1.7886010826181553
12641,4.13826751826976
12642,4.292770177587194
12643,4.838640404858149
12644,4.376536156023651
12645,2.275772402748643
12646,3.0846658730028986
12647,3.417286944037911
12648,1.2609945746201219
12649,1.959368694466638
12650,1.6077191548422065
12651,2.82089238211407
12652,4.851659625124038
12653,4.14914133888941
12654,4.761640695609072
12655,3.552056879659203
12656,1.446413422596076
12657,1.5837740321418448
12658,4.745714201724431
12659,1.856813913676414
12660,1.7635498245253745
12661,4.619815551706115
12662,1.8625720696839276
12663,3.505055089833096
12664,1.4591503083733985
12665,3.802665880865141
12666,4.302906973568861
12667,3.9668951557337717
12668,1.9521218106803793
12669,3.2122951602987997
12670,1.1852427510800578
12671,1.107935477049525
12672,4.050757380009276
12673,1.398969908935002
12674,2.543754263885012
12675,3.8753385984225006
12676,2.724898021797126
12677,2.700911624847736
12678,3.2945699272991362
12679,2.7532671137026536
12680,1.4498366394269198
12681,4.543227868420855
12682,2.7171193642092173
12683,2.548475424760578
12684,4.848023774081262
12685,2.4081486270535915
12686,1.0053507190298983
12687,2.205402752747813
12688,4.577725034107664
12689,3.35593676074129
12690,2.7800448162950353
12691,3.4913857913333253
12692,2.806158173147509
12693,3.5950842587927725
12694,4.5629698615615
12695,1.4501668616671122
12696,3.0845071607361905
12697,4.995196459588902
12698,3.043269895938035
12699,3.125625050078135
12700,2.872372090859615
12701,4.296815610762591
12702,2.0677270142229935
12703,2.000252391281721
12704,2.1050303006365705
12705,3.739880336188746
12706,4.675595417190781
12707,1.3164731461567634
12708,2.1331157442974886
12709,4.443838720719017
12710,2.006746052029642
12711,4.032311648486655
12712,1.9911246241418592
12713,3.5961697620188215
12714,3.743551795457782
12715,2.6874059141830897
12716,1.3495114185638335
12717,2.5269761680427942
12718,3.4792054438439184
12719,2.581925323223242
12720,4.6337225423884325
12721,1.321203403145021
12722,2.4779113203487033
12723,2.566514270678287
12724,1.4657292320990414
12725,2.988731400245977
12726,2.8959053256212988
12727,4.198056582971106
12728,2.8541948486555873
12729,4.315376895376453
12730,3.798411147404676
12731,1.9054771951511644
12732,4.49498174123342
12733,4.348413463407662
12734,4.63039734655734
12735,4.962912219264435
12736,3.673873252571765
12737,3.7520242080948623
12738,4.559322316772514
12739,3.6870341485252816
12740,1.1873078542319213
12741,3.8637985921199296
12742,3.676966988799674
12743,1.5742238156619104
12744,4.6523712903931
12745,2.1912420490945457
12746,4.613901539481847
12747,3.5262420297410926
12748,4.4353650142675285
12749,2.474407158433516
12750,2.5406514946263448
12751,4.693898184487145
12752,2.28409637166644
12753,1.0288603385378097
12754,1.2586965071890224
12755,1.4719474133317632
12756,1.9790157592501725
12757,2.6418871829696133
12758,2.3642461882974555
12759,1.9080828193419617
12760,1.4832061296314936
12761,3.776738674105707
12762,1.8776468395901054
12763,1.0471882799962309
12764,4.963374934698849
12765,2.4405313444918315
12766,1.9703951578145453
12767,3.57970960338253
12768,2.205066999815031
12769,4.5563465208052865
12770,4.181755916552712
12771,4.582582397997969
12772,2.976232545341271
12773,2.6913205569145395
12774,2.676056101302542
12775,4.125918216092206
12776,1.6375141082783808
12777,4.00677981091491
12778,3.4312228204406607
12779,2.086499849036821
12780,3.2244888875805615
12781,2.546388604598403
12782,4.578789191620796
12783,3.8293274972877653
12784,3.0014281990687226
12785,4.66646098611451
12786,4.260904651764577
12787,2.8280431843437954
12788,3.328653140501615
12789,2.567175719193226
12790,4.937816760118716
12791,3.9009148004374947
12792,2.6393089561101495
12793,2.6088378695390526
12794,3.4619601210432376
12795,4.369067104343913
12796,1.3315215548229369
12797,2.7058519907175893
12798,2.846510818122399
12799,1.718722350509509
12800,3.8095390811586687
12801,4.476714447564975
12802,2.915651035356346
12803,2.127184168241112
12804,4.4686572162210165
12805,1.7258370782844112
12806,4.294640315535066
12807,4.032083256940382
12808,4.913614372238488
12809,2.3800812266007885
12810,4.551785970502115
12811,4.647288983143254
12812,2.5503138237260647
12813,1.133050124682324
12814,2.518956197315183
12815,3.0721183649719017
12816,2.407961535279109
12817,3.0432493543580175
12818,1.2858363556029477
12819,1.9592067522611942
12820,3.498783390410521
12821,2.4804887659487576
12822,2.1164789312802625
12823,4.50679312890092
12824,2.4618686868100323
12825,2.5164608982995786
12826,4.119226577907009
12827,4.769414850293318
12828,3.2814558871262904
12829,1.444505638201126
12830,4.439654560794378
12831,1.4431981661162308
12832,2.042396086957069
12833,2.3236324060872144
12834,2.2415587754925332
12835,3.9840852024558773
12836,1.0678786959296627
12837,3.3955309675321113
12838,1.7793387262004048
12839,2.4731988937697813
12840,4.522805240901539
12841,4.9273333932811765
12842,2.0625266089913605
12843,4.185999798144421
12844,4.990116743622791
12845,4.338180508763491
12846,3.6227299274050226
12847,1.135541971700854
12848,2.387911807707316
12849,3.0591543950486506
12850,2.0550379343212946
12851,3.922315324259045
12852,4.770611812416254
12853,1.306466388008964
12854,1.8504188191043873
12855,4.278886014743991
12856,1.9546294330947802
12857,4.685263990600736
12858,2.629280696108266
12859,3.496677002114424
12860,1.9016038103346666
12861,1.5750921878431958
12862,2.412906085874844
12863,2.4612053420379847
12864,4.70932708626019
12865,4.844251551959951
12866,3.5807499158586755
12867,4.940846473329012
12868,2.229914926920114
12869,2.468279829253693
12870,3.9316148145436247
12871,2.6657031643100955
12872,3.263019830977797
12873,2.1553716374756275
12874,2.7348452129949488
12875,1.2637068025380294
12876,4.1060757618691754
12877,3.2393283122749703
12878,1.408662736306356
12879,2.709161315845126
12880,3.7121304107650035
12881,4.066504886685785
12882,4.2563188736110025
12883,2.6531745748779985
12884,4.082105465455083
12885,3.125308755919161
12886,1.3697374986339823
12887,2.9404507987279884
12888,3.6646528295458203
12889,3.5949716666623766
12890,2.5776464817523443
12891,1.657972970999606
12892,1.8767044890661588
12893,1.031433331523067
12894,4.855736989497219
12895,3.2248938330530383
12896,4.2756943618571395
12897,3.8393295576457205
12898,1.1617332031557739
12899,4.54458519826653
12900,4.898946236432169
12901,2.380735554270421
12902,4.027315851861125
12903,2.3949252637888576
12904,2.342247837662758
12905,1.2055184320427919
12906,4.690672826885839
12907,2.68330625959742
12908,2.4445266716846183
12909,1.5733085691939213
12910,1.2522316336746409
12911,1.7040297458459412
12912,2.3271660426195107
12913,1.5700511521235945
12914,3.3676645809130696
12915,3.816771096087275
12916,4.045289937582793
12917,3.7647733259546476
12918,3.5250716097422394
12919,1.138903088768724
12920,1.9233299453494048
12921,1.8561239551940236
12922,2.4844109662907696
12923,4.308663758553461
12924,1.0588306408417902
12925,4.124468001752417
12926,1.7228261555408633
12927,1.7305402923691942
12928,3.9493335782781323
12929,3.9698062974308046
12930,4.464305490815526
12931,2.741331393824791
12932,3.0501229736015105
12933,2.706528203246834
12934,4.900828269383274
12935,1.8521533919158677
12936,3.7491223963333185
12937,4.154695266561863
12938,2.1852270166120333
12939,1.1404799864912447
12940,2.142368777985476
12941,4.221414018782724
12942,1.3644202687604228
12943,4.953889455303573
12944,1.9546715100410101
12945,3.515835850250793
12946,1.4901534471323474
12947,2.1093589847898024
12948,2.715679594940847
12949,1.6689500501241108
12950,3.02469043987458
12951,1.088358162360862
12952,4.932436139222174
12953,3.233263523031479
12954,2.562296543817475
12955,2.2277773863868635
12956,1.498536430552261
12957,3.1066852653970916
12958,4.326853589659523
12959,2.584611466208796
12960,1.653288951096743
12961,3.619857159790326
12962,4.542639785960578
12963,3.384845071532283
12964,2.073857130465366
12965,1.43044549740518
12966,3.6572045758006064
12967,4.248750409633886
12968,1.4971745007568305
12969,1.6035605404483166
12970,1.5781851153626443
12971,3.479886304406298
12972,1.7086688453714194
12973,3.9588642529139677
12974,3.469450733087269
12975,1.7091729930008932
12976,1.1023557035348688
12977,4.804329530118
12978,2.8474243477360934
12979,1.6995111355236419
12980,3.3830682995089862
12981,4.682960613386928
12982,3.2866269741982417
12983,2.647877077380194
12984,4.354913004542034
12985,1.1098368036023896
12986,2.5194427579405847
12987,1.92442229896134
12988,2.050523079384668
12989,2.4630831451114883
12990,3.7933993356728988
12991,2.596929447970253
12992,2.454211072623078
12993,4.636290380386966
12994,1.750153465161575
12995,3.0875039908763213
12996,1.4080368320418652
12997,2.900391335957929
12998,2.8824610569045728
12999,4.356870468411922
13000,3.925862757077854
13001,2.8411389084956653
13002,1.5096675994578939
13003,3.3285428158376202
13004,2.1908674515670112
13005,2.4058279315120976
13006,3.5170920981021054
13007,3.998581652814917
13008,4.545297659361109
13009,4.811868931728933
13010,1.9449000787899569
13011,1.327724271230418
13012,2.454038415966576
13013,2.8066470935400964
13014,1.898043721176614
13015,3.524193564631523
13016,1.5925243816938428
13017,4.809781440168923
13018,3.8674086747979453
13019,3.0326245456239715
13020,1.5039651039940494
13021,4.976403536269162
13022,1.531723182649181
13023,2.7402274413133827
13024,4.690895819648576
13025,3.20297163327162
13026,3.4364091064073796
13027,3.1188426362485
13028,2.6782205308059566
13029,1.717004674540855
13030,4.28889417233642
13031,1.0796500217422236
13032,4.663642055184982
13033,4.150070449989461
13034,4.22160993398704
13035,3.104705692868856
13036,1.3805631061599608
13037,3.037582367981237
13038,4.413973328870423
13039,2.3272890933343855
13040,1.2416947637453406
13041,4.839238461619503
13042,1.5481182143182202
13043,1.679082634694978
13044,2.8544253380686246
13045,3.177100031034958
13046,4.7491734403295975
13047,3.4032479337434323
13048,4.537943334240716
13049,1.8924400314515584
13050,1.0260013283545675
13051,1.0170641140805512
13052,4.497302445871304
13053,4.244863488069344
13054,2.0733843502593072
13055,4.788910361839345
13056,2.4324909155207806
13057,3.755873464693144
13058,1.8954755076791
13059,4.460390532532777
13060,1.723557561093262
13061,3.014993354673827
13062,2.027261462046174
13063,1.5868884922480015
13064,3.9687765626358593
13065,1.605280278480469
13066,4.32391184892842
13067,4.803335168811021
13068,2.374044989868118
13069,2.3666364036419942
13070,1.832296155351175
13071,1.652934235760509
13072,1.038614057924263
13073,2.8122404971242485
13074,1.8904046879357574
13075,1.7713112058311142
13076,3.164421031486362
13077,2.4495554186591804
13078,2.184511189731146
13079,2.014148670090962
13080,2.338279376812993
13081,1.6436154439005368
13082,3.194809041734762
13083,2.1651123494229205
13084,4.0285547905677905
13085,2.911649392092688
13086,1.9547839527640978
13087,2.3155854659804134
13088,2.215202275833982
13089,4.235059808228463
13090,4.215959088542657
13091,2.6394450458239156
13092,4.84297974449078
13093,2.887675173279559
13094,3.343400841851634
13095,2.3748156001361904
13096,3.782420404448031
13097,1.9656390263256163
13098,3.052491217774398
13099,3.8228315673543314
13100,2.159622504038552
13101,1.1706293521453572
13102,3.981518090079442
13103,3.411185834435168
13104,3.0904360676080627
13105,2.0438249211231474
13106,1.6622081513936209
13107,3.518745890218546
13108,2.0682282851511746
13109,2.094302147422432
13110,2.5115854639391357
13111,4.784356960175625
13112,4.992787269291423
13113,4.429654977325136
13114,1.4918347587121277
13115,4.43070885092829
13116,4.8033282083407745
13117,2.0366639198345897
13118,4.057492104640616
13119,1.0024638966598451
13120,4.151132666056768
13121,4.052607661402076
13122,2.2053845963597434
13123,2.3292936790616614
13124,3.6959430791166152
13125,4.108990571304847
13126,3.3997450301251195
13127,3.334466035465207
13128,1.9555329695029169
13129,2.854541230352102
13130,3.4894909415517503
13131,2.7111171635865907
13132,1.6685572748899817
13133,3.351422648810536
13134,3.616674585646461
13135,3.936429346298357
13136,2.56737012563409
13137,3.1264843629769796
13138,2.1270511843173847
13139,4.609200644856109
13140,1.5774514094275052
13141,4.080635011704427
13142,2.842362222839758
13143,2.112065293081181
13144,3.073729588888395
13145,1.0695717199790735
13146,4.293655439342931
13147,4.472009183782502
13148,3.827153720412432
13149,2.6752142342292964
13150,4.532306436709646
13151,2.494110492540237
13152,3.4624705423368223
13153,3.066280667204302
13154,4.527086082136714
13155,3.940839421649192
13156,4.165768179644531
13157,1.6296102386795024
13158,1.2673494013130053
13159,1.252850898612245
13160,4.276180485069874
13161,1.7630624344295711
13162,3.81659417845877
13163,1.603862360512934
13164,1.3598274441973826
13165,3.0451786565562635
13166,2.470130777779304
13167,2.8812440320661223
13168,4.434883505881083
13169,1.9490799590598473
13170,4.146047351509377
13171,4.224621902782746
13172,2.7693383300518533
13173,2.0372632569527425
13174,1.2431969407339314
13175,3.125268217517215
13176,1.8506524090991565
13177,1.5249780087710523
13178,2.367561237406548
13179,1.9880182522987195
13180,4.693839948104058
13181,2.389352189445668
13182,4.486907501433489
13183,2.8304958630165964
13184,1.7763877748324268
13185,1.595912110266502
13186,4.560999066389973
13187,1.4991150137299591
13188,4.074921167154628
13189,2.939770505844536
13190,2.842782473546097
13191,1.137206865308999
13192,2.384217861025789
13193,3.953033955440729
13194,3.3087032688303397
13195,3.189952258802905
13196,4.055131804614167
13197,2.03668855984805
13198,1.6415359760069137
13199,3.4804342423891526
13200,3.7665534663070535
13201,3.75228992421798
13202,3.7448855103097953
13203,1.7180634981456002
13204,3.220606367002089
13205,3.60315335164638
13206,3.384755135699866
13207,3.443098166188212
13208,3.7335388919001837
13209,2.3045414614571422
13210,2.180258695617009
13211,1.733513287033543
13212,3.741655731770819
13213,1.2624626496517024
13214,1.2785420025555543
13215,3.933662302149295
13216,2.9557207522728484
13217,2.415478518198594
13218,3.2158638843269833
13219,2.5473769513135114
13220,2.4259133363927803
13221,3.520798147672571
13222,4.363625152575029
13223,2.8829849077065974
13224,3.8296389504403248
13225,4.331080381097731
13226,2.224085882554147
13227,3.001941933386634
13228,4.806970693839405
13229,2.3641067428932945
13230,4.32431690427631
13231,3.443606113435062
13232,4.588343027934213
13233,4.752920899523856
13234,2.899527374038712
13235,3.763303216342322
13236,1.2144219597632566
13237,4.341562513475878
13238,2.2459044798980803
13239,4.656584704715515
13240,4.723620244228158
13241,3.3221149306246907
13242,2.7542392744804003
13243,1.6618903521176773
13244,2.3591844442264147
13245,4.354307992505019
13246,1.9670602379400943
13247,1.5199192221833844
13248,4.998541220595817
13249,2.097577786254141
13250,1.6348649247936557
13251,3.1353319793259473
13252,3.1318266149263625
13253,3.369452945167141
13254,2.9124296250472166
13255,3.685465294300018
13256,2.3689010196594658
13257,4.143740289781905
13258,1.9971585425946294
13259,4.558989182250945
13260,2.668480342299706
13261,4.370683236113964
13262,2.6067451511322153
13263,3.795504316459614
13264,1.8169020572507808
13265,1.7665638721542822
13266,3.1632152000202467
13267,2.6992240203946545
13268,4.157329676105374
13269,2.2762415328667496
13270,2.3527731984499503
13271,4.084877138489713
13272,2.44076466865403
13273,3.9086285064278603
13274,1.8918398398222092
13275,2.5338790460722236
13276,2.5732969498803326
13277,1.8219380037006068
13278,3.84280844038553
13279,2.443931679207089
13280,4.084538328318752
13281,2.0808176487288006
13282,2.5049389234005757
13283,3.0347419746127096
13284,2.0538101261009367
13285,4.496247640694256
13286,4.672591376949026
13287,4.412927959673646
13288,3.2472169553131067
13289,3.027329446474316
13290,2.619650079205938
13291,1.7209824390732424
13292,1.2120786286659024
13293,2.2824165781562775
13294,2.086685588205487
13295,2.9385307629574315
13296,4.718308098322753
13297,2.7524668178529303
13298,3.8946952535530825
13299,4.328639263239232
13300,3.3481292975646046
13301,3.9526037621145576
13302,2.624622633610343
13303,3.0631600082748927
13304,4.128755818662427
13305,1.3471715580021866
13306,3.881327581711344
13307,4.0488669930840135
13308,3.9487915278674253
13309,3.3645449152163738
13310,2.9536205974727383
13311,3.1604082323749236
13312,1.0923083763705561
13313,4.7024237439595815
13314,2.5660074962058212
13315,1.346115694058128
13316,2.72589020824148
13317,3.9871904294007505
13318,3.5300770409516176
13319,2.4308722099344875
13320,4.012085234025341
13321,3.0829744943579533
13322,1.938246420698575
13323,3.5820375669161115
13324,1.9093428417697917
13325,2.0233113886191108
13326,1.6593895980187874
13327,2.696238165756793
13328,1.0184489664872451
13329,3.9656528048856066
13330,1.1397195170906125
13331,1.9499500345852088
13332,1.0562106034851038
13333,3.904948569763264
13334,1.532710917436627
13335,1.3522081850082994
13336,1.0869371510794674
13337,3.2567958624903524
13338,4.337400542039326
13339,4.059095465362185
13340,1.8641325217094793
13341,3.209083624894638
13342,2.6867814687039546
13343,3.0123726304421483
13344,1.4252592415807284
13345,2.9610053915185928
13346,2.579250154169381
13347,1.0282786963191595
13348,3.5683231375101263
13349,4.4699579276512935
13350,3.050040326526277
13351,2.5165238336230167
13352,3.4267530339857486
13353,3.9120691467641073
13354,4.0382922581865675
13355,4.003445637459555
13356,1.5159569910407402
13357,1.1104846903841272
13358,4.90774560700991
13359,1.553314943164041
13360,2.958087885923125
13361,3.5157046064692232
13362,4.32847311956969
13363,1.9262450111646205
13364,4.736615306670311
13365,4.95003673928084
13366,4.227156929738704
13367,2.723166339749759
13368,2.050308531548776
13369,4.397239817517155
13370,2.172476820262428
13371,3.9606060635239526
13372,2.9724499592159406
13373,4.067754021943395
13374,2.59749830214941
13375,2.402026124507285
13376,4.618962717997073
13377,1.7066300414897126
13378,1.1881815628300267
13379,1.6977916776939486
13380,2.847903742930174
13381,1.9617137516058474
13382,4.9576538944452615
13383,2.913173051717035
13384,2.473749189407477
13385,3.9916053947450316
13386,1.673376040234897
13387,2.411294797510488
13388,4.2799450240665635
13389,1.531846033579313
13390,2.706252518310244
13391,2.196671475952586
13392,2.4956091375165115
13393,4.800541768247517
13394,2.161479680527497
13395,3.9033997661360167
13396,3.459726011133143
13397,4.877921741372271
13398,3.345022000536899
13399,1.7553726650728185
13400,3.334868690948317
13401,3.1908872105612818
13402,4.879296969150909
13403,3.743406305472725
13404,2.520857252143492
13405,4.249648169322846
13406,4.5980369260654985
13407,3.9544668077241463
13408,2.2119312610601156
13409,2.9843321845618695
13410,2.9366277674353167
13411,2.309707097464613
13412,2.4346207211996864
13413,4.860341233981467
13414,4.132860415477436
13415,4.945692328134865
13416,4.738043863908128
13417,4.161387344609306
13418,4.792506781986372
13419,4.009674649623838
13420,4.979134892022852
13421,1.6573101304929132
13422,3.923203139288315
13423,1.5973467238263388
13424,4.496609960289913
13425,1.777710265378598
13426,3.817727596284381
13427,1.3424717078631527
13428,4.7825676566695545
13429,2.7322450268473935
13430,1.0513577532608966
13431,4.164751824727819
13432,2.209717877811635
13433,3.896061736653993
13434,1.9371082062141411
13435,3.730043556962077
13436,4.807365394390759
13437,1.4725677427540176
13438,2.881605516369156
13439,2.2585528356957174
13440,2.438332690911951
13441,2.816846946925022
13442,4.628081006375754
13443,3.1084602812020434
13444,3.973606213508064
13445,4.495400700429357
13446,4.980925066125371
13447,4.138498518289365
13448,2.8813356121148415
13449,3.9934660870649643
13450,4.46423736004834
13451,2.8424874130393647
13452,2.38698048478713
13453,3.703489757090943
13454,3.4485611001609096
13455,4.168008864127042
13456,4.237067913262974
13457,1.1899646715720662
13458,4.283062901034729
13459,2.62359627192308
13460,2.484255336851043
13461,3.215648763996843
13462,2.926254881781467
13463,3.300456718022528
13464,4.429096865628837
13465,4.833888083832955
13466,2.2421236003573806
13467,3.0833867679089866
13468,1.7763783981240304
13469,2.32777666319986
13470,4.218192489833235
13471,4.89098644654085
13472,3.3107917712937946
13473,3.0938361189407324
13474,2.55271827031973
13475,4.8498220277198865
13476,2.542163984804025
13477,2.413224027733056
13478,2.621371603035304
13479,2.1749282029284833
13480,1.168986030252427
13481,2.5574357385490134
13482,2.2763797616967643
13483,3.1040230205096755
13484,2.736618450183489
13485,2.067702630759914
13486,4.33477115827854
13487,3.8440930146567807
13488,3.7641499508003533
13489,1.6578876157207132
13490,1.925840712250472
13491,2.4802706867180753
13492,4.39148676196168
13493,3.444249946822877
13494,1.7015593548660712
13495,2.656098487190879
13496,3.5097443224603673
13497,1.4731943609681393
13498,2.4793609767653204
13499,1.774214949745454
13500,3.9254161452152503
13501,1.6929602128147891
13502,4.125062420334425
13503,3.5388423488242204
13504,2.7614269731712553
13505,1.464298240403691
13506,4.956586751717795
13507,3.5467847097385343
13508,3.47030042118177
13509,3.151811577971453
13510,1.4262291043776036
13511,4.561791220426247
13512,3.3541279802798747
13513,4.601105883877462
13514,2.1237085072671897
13515,3.3654287490288612
13516,3.66671995557397
13517,1.858042192276145
13518,1.31738227555654
13519,2.2023506616774804
13520,4.002206112851592
13521,1.8268337555604797
13522,2.0817293834741926
13523,2.562200020123197
13524,1.482102659360348
13525,4.86964607191697
13526,4.512418555733952
13527,3.3791384200944004
13528,4.973203463508505
13529,1.5989139779552968
13530,4.61748918228124
13531,3.921090772626163
13532,4.519953437292896
13533,3.425564529235257
13534,2.301420996737879
13535,4.8806543327360465
13536,4.332644447255749
13537,4.915270195759712
13538,1.8168755244841917
13539,2.4392218851309653
13540,3.9022626445885
13541,4.711480234547503
13542,2.8343746742763853
13543,3.3754143056154193
13544,2.0224088262885473
13545,4.938466571148316
13546,1.488287645191507
13547,4.725019028641636
13548,1.1241084664869656
13549,4.775127043536321
13550,4.192085002954402
13551,1.1683927951495212
13552,1.6172811614738603
13553,3.3184015807855416
13554,1.1064772162441083
13555,4.00991359942389
13556,3.728247177810359
13557,3.1742835900417457
13558,1.1070210473586806
13559,3.6476261761500184
13560,3.198291211435632
13561,2.9343204778277046
13562,1.4371341066503138
13563,2.2059902410840646
13564,1.0261029057324835
13565,3.844154303336643
13566,2.067091473862566
13567,3.540227627501798
13568,1.5387517680198939
13569,3.3133586173140253
13570,2.4187945582623245
13571,2.155791627523281
13572,4.952007396867266
13573,1.2385651907572481
13574,4.718422638858134
13575,4.303081072288279
13576,4.442236629267727
13577,2.748645206708083
13578,2.114192237418358
13579,4.834139825405446
13580,4.64814790984533
13581,4.300500871132011
13582,1.4004520664265563
13583,3.758929036170019
13584,2.0096313781031014
13585,2.6436845460153786
13586,2.276996689498597
13587,4.524200182694049
13588,2.7020986890713745
13589,2.622536594717891
13590,1.4947106163919095
13591,4.810782706861987
13592,4.809294281299964
13593,4.402799522442718
13594,4.253403399785199
13595,3.362693383513617
13596,3.637448646276999
13597,4.950016687760767
13598,3.1986538212937057
13599,3.5283771103871815
13600,1.905947764035428
13601,3.636374130583529
13602,3.72857492784076
13603,2.310902515385334
13604,1.0340283224258657
13605,3.3320843763955192
13606,1.2584537644262976
13607,3.2012773606983
13608,2.2190173766583694
13609,3.6347706005216427
13610,4.920334948997045
13611,3.319570317761003
13612,2.2439659873933837
13613,3.692587854936198
13614,4.938547566923869
13615,2.0788669516932288
13616,2.3413226755592067
13617,2.9562863681135814
13618,2.6719552686541963
13619,4.090867324234948
13620,2.249040320084303
13621,3.2653953459288574
13622,2.406754607726982
13623,2.535002833175781
13624,1.2928704452446738
13625,3.522025568301225
13626,1.6408148598906687
13627,2.8273040660614024
13628,1.594918173494925
13629,2.907455294908274
13630,4.294738314319776
13631,1.3749265520091076
13632,1.5557527378605855
13633,4.683096627020417
13634,2.8487060553462804
13635,1.7527487791377516
13636,4.613156878892882
13637,4.7046293351422115
13638,4.571176873934432
13639,2.4587067148058144
13640,2.807692291130403
13641,3.4497407239138393
13642,4.426961165017637
13643,3.5440576497012217
13644,3.9539870740879923
13645,3.0014387079116926
13646,4.720408335571956
13647,2.074478904146782
13648,2.7703818892930157
13649,4.67321009981414
13650,1.2823550512538615
13651,4.403455174030448
13652,1.0326778212982273
13653,1.24443959406991
13654,4.965766303381355
13655,3.590449139360341
13656,3.3963433498751465
13657,4.938011975371326
13658,4.371869745071146
13659,3.4585839900794855
13660,2.716895101222871
13661,3.64224088395192
13662,2.080878998400452
13663,1.4015524329660325
13664,3.127156165594859
13665,2.3455292010670075
13666,2.4188679607567893
13667,1.8075221002023536
13668,2.4734128761257903
13669,3.6864157118181917
13670,4.328777996999959
13671,3.827806538282282
13672,3.026758798561286
13673,2.3285510840729344
13674,1.4186113553114659
13675,2.4199583938774207
13676,1.2802152243918505
13677,3.9467490678023363
13678,2.563437950762213
13679,2.9406618889314027
13680,2.801747822303891
13681,4.945296862126106
13682,4.007477510890258
13683,3.508948452981968
13684,4.259271882883587
13685,2.261807916512451
13686,2.222477553780166
13687,4.5187042947796545
13688,2.8419919006275474
13689,3.7024849639015054
13690,1.1331169396806078
13691,2.7448071322792402
13692,2.1071120775109344
13693,3.0310327135478223
13694,4.421873865242105
13695,4.7668828311465266
13696,4.606998311529004
13697,3.071361569742343
13698,1.3060085120621285
13699,2.0015225968975336
13700,3.8211430164072326
13701,1.9702602821273985
13702,2.0540732939358017
13703,1.5616942480893496
13704,1.6426656481955155
13705,2.131623986407749
13706,1.267704793156423
13707,3.402673417292534
13708,4.560698987788297
13709,1.6898841367695576
13710,3.432995967778268
13711,2.216405604723329
13712,3.851901421818377
13713,3.0942741616491194
13714,1.2763842784362964
13715,3.0241388456892517
13716,3.1908129344638634
13717,4.7300820401042545
13718,4.5047340476848525
13719,4.46815979517706
13720,1.9924370660889066
13721,3.5562178013518726
13722,1.0038606725671113
13723,1.7145274220537412
13724,3.5962123153750793
13725,1.8589522677510697
13726,3.157828410598613
13727,2.7809011659560663
13728,1.6631801884317339
13729,1.3639237066409406
13730,1.999269873999772
13731,4.845738777491338
13732,1.3564427844468812
13733,3.3568197967177476
13734,1.2467625855240434
13735,3.7244498493801896
13736,1.5801928345658305
13737,2.159800825414961
13738,1.0311743524140287
13739,2.5219428546115266
13740,3.529068899068288
13741,4.856110063361767
13742,2.360352473645136
13743,4.843905504166724
13744,4.586468290019559
13745,4.195739666621911
13746,3.462535754906351
13747,2.320984171830593
13748,1.892865720144834
13749,3.4296961317517067
13750,2.5315272856264284
13751,3.3792119776277985
13752,4.39802498270952
13753,4.68516202978625
13754,1.6429339203251825
13755,3.6462638703334136
13756,2.7600019696342217
13757,4.838849434984127
13758,1.09340116970382
13759,4.32348338396219
13760,4.622320287725831
13761,1.8475222683968915
13762,4.3966946780720555
13763,1.3417443915714027
13764,4.027651062105611
13765,2.184722615239793
13766,3.481730312246615
13767,4.857919571115918
13768,1.588285677320505
13769,4.607407260019873
13770,4.515249308970361
13771,2.9047421954473545
13772,4.110365210641912
13773,2.3813659709587673
13774,2.47714379032615
13775,3.594305058620833
13776,1.095646135705386
13777,3.7260457510499427
13778,4.841721548771674
13779,2.288359112181333
13780,3.0838821056627115
13781,1.0513369805131285
13782,4.283326905789138
13783,2.2261422973674376
13784,3.1355314749312795
13785,1.4027241340219927
13786,2.0390500129928495
13787,3.4822388848673596
13788,2.516660014337471
13789,2.6593077698511993
13790,3.1455478396629144
13791,1.7424024977323112
13792,1.2325652089560388
13793,1.397527705176437
13794,4.72921779847543
13795,1.1060861111533158
13796,2.4384782162379306
13797,4.491695533293085
13798,1.0953076190358662
13799,3.5241293828516085
13800,1.1731434828465792
13801,1.643718563220809
13802,2.1246294013879172
13803,2.8144221574547355
13804,3.148062890265744
13805,4.442565186268389
13806,4.008448890906787
13807,4.928271303183546
13808,1.6257631720259043
13809,1.1460379477503957
13810,3.8561575457279123
13811,4.319941160867526
13812,3.5494752416595445
13813,2.7401265684176477
13814,2.129909706721621
13815,1.5476445719372736
13816,1.1083755766928367
13817,1.343698940972971
13818,3.160621755411703
13819,1.947056399784076
13820,1.7531783864280652
13821,4.653660481109463
13822,4.1820546664211005
13823,4.297090598952201
13824,4.192057754775515
13825,4.044895302954702
13826,4.288469733127545
13827,1.5414486266758898
13828,3.3365210200896684
13829,3.9582020540624923
13830,2.8474627829777224
13831,3.4891602776954196
13832,1.5244202273561558
13833,4.620881403519238
13834,1.9258925236965072
13835,4.278106781817973
13836,3.081174715818468
13837,3.305496166658243
13838,2.5399964030270747
13839,2.0500869742822965
13840,2.4784493581113147
13841,3.544823931554714
13842,4.810021716576483
13843,2.482696246979582
13844,4.269352870915716
13845,1.7239226214798533
13846,4.954603713547249
13847,4.118199064343163
13848,3.60914350862222
13849,4.440452432594698
13850,3.4575886029830123
13851,2.612110586871982
13852,3.908458205376182
13853,1.2302513252070955
13854,1.7212162442162957
13855,4.973013969171639
13856,1.5879443866180964
13857,4.909972898995067
13858,2.61030800244837
13859,4.7394897636326805
13860,2.009758442375847
13861,4.622049727988532
13862,3.8539248201938126
13863,2.1675629068786813
13864,3.776003895877456
13865,3.119390751592008
13866,2.9584689467515846
13867,3.3516900958822338
13868,3.1360635464100612
13869,2.3603527215794737
13870,3.505379090074369
13871,3.95447277728031
13872,4.325854322312081
13873,2.6636017636626668
13874,1.6081094043184319
13875,3.2784430561806683
13876,1.9728264534364377
13877,4.950048483304538
13878,2.6961061755987785
13879,2.63695228059307
13880,2.318847173385713
13881,1.6106781944262956
13882,2.749788120677771
13883,3.583110595680052
13884,3.963282493619236
13885,1.4957196723637565
13886,3.452774246143935
13887,2.328741673024892
13888,2.672713320740468
13889,2.2533529220843245
13890,3.8688862988671677
13891,4.830436430240607
13892,4.301683861387488
13893,2.062022065602912
13894,1.0179759399597663
13895,2.1812472958843148
13896,3.30884414991012
13897,3.083014385207156
13898,4.544261222365566
13899,3.9696990735879623
13900,4.152668655997582
13901,3.0167156082242115
13902,2.3497472052023025
13903,4.208530223826762
13904,1.0780472458775936
13905,2.6413051968516545
13906,4.331907721303568
13907,3.99320061936787
13908,2.328459359210077
13909,4.361090529899241
13910,1.7076822618392682
13911,4.051467018299227
13912,1.6673250709171445
13913,2.8430433571068168
13914,3.0163801703115736
13915,4.259172975295806
13916,2.3747283446099714
13917,4.573298574744683
13918,1.6526619758897754
13919,1.7174530546349382
13920,3.2901405427875545
13921,3.840362147016892
13922,2.5510547168856874
13923,3.9535880834964456
13924,1.7084265128143192
13925,1.632525380186077
13926,3.294350621190592
13927,3.656309632262681
13928,1.231936633549997
13929,3.5281175108392047
13930,4.652156901077874
13931,3.134794079957877
13932,2.7048903399584296
13933,4.588263434367441
13934,2.892661012716575
13935,1.5335171178724991
13936,2.267248351520711
13937,2.925040484730579
13938,4.8247605709648695
13939,3.906148922671871
13940,1.9156829999836376
13941,2.2719737539138496
13942,3.531261505334787
13943,4.519198979355172
13944,2.822334008329999
13945,4.241440952933971
13946,3.2203123225860164
13947,4.693729471608034
13948,2.153147995446879
13949,4.347183832302573
13950,1.6615057541179086
13951,2.762573322357229
13952,4.980891217609623
13953,3.164670926718076
13954,1.3783529233520282
13955,2.218600666588716
13956,2.7151838067894754
13957,4.934986982257849
13958,4.036100354922359
13959,4.796528312142099
13960,1.6533733599204572
13961,2.313966134959819
13962,2.911337771424616
13963,4.043790194453877
13964,2.831997862097669
13965,1.4715439231743388
13966,3.1521306673688496
13967,4.497075886067135
13968,1.8968248020382865
13969,1.7298208871440863
13970,4.504893138889541
13971,4.481402690047784
13972,4.216610111323703
13973,2.7982500088819577
13974,3.895416657752089
13975,1.8737735984782495
13976,1.5557654887146684
13977,2.6212392591930485
13978,3.2094197712736263
13979,3.2714114138930355
13980,3.081907466218157
13981,4.826325322643071
13982,1.2903714647074294
13983,3.1674727054447214
13984,3.8118408267945596
13985,2.0752455741976643
13986,2.27061720436221
13987,4.302753865224709
13988,2.1099008643511836
13989,2.037490215584978
13990,1.1614628379238763
13991,2.704462210617256
13992,4.792202753836542
13993,2.1646496561177497
13994,2.7170431356673603
13995,1.2786774321975538
13996,3.3307013217714387
13997,2.0412931465793918
13998,4.457223203068019
13999,4.115693437918529
14000,2.8337339949625684
14001,2.0064239619981925
14002,3.1509539328767504
14003,4.6995521770755815
14004,3.529544405272054
14005,4.455445666011045
14006,4.860850638672472
14007,1.2789704569066482
14008,4.54819660517474
14009,3.741427144025272
14010,4.599527823110455
14011,1.5545296934843957
14012,3.981573010271594
14013,4.853183801824979
14014,3.7934348325610423
14015,2.8899706640913316
14016,3.412647079970173
14017,4.608374928059394
14018,3.7846719598746903
14019,3.2348684827364287
14020,1.573871906288208
14021,2.172579033104249
14022,4.766191904859044
14023,3.4836987122570884
14024,2.9665910728191816
14025,4.817774912770461
14026,3.3747575104196987
14027,3.5902749668982867
14028,2.1021358654923565
14029,1.4101631635117386
14030,4.064501750151874
14031,2.88321159417152
14032,1.863212656335087
14033,3.407126010838642
14034,3.576466413624683
14035,3.0143809581061767
14036,3.166369933764391
14037,3.26044342313801
14038,2.9477629115465915
14039,2.7816508145353604
14040,1.4748358202890666
14041,4.311506163961322
14042,4.853258745941444
14043,3.5425983736733007
14044,1.7635133876784432
14045,3.322656810091405
14046,2.407862787140707
14047,4.572937323035386
14048,1.3885455807484925
14049,3.9075560102471547
14050,2.111552074713048
14051,1.5492962208576206
14052,2.4344263604621084
14053,1.7947313280103985
14054,2.424016179368018
14055,2.5746416971701493
14056,4.649011851128813
14057,3.9393754769468856
14058,1.0966415753567547
14059,3.4744491143606715
14060,1.3808501286923125
14061,4.824394578753427
14062,3.9478872643890672
14063,4.778644133008112
14064,2.586701893406365
14065,4.15617327610871
14066,3.845564169272975
14067,1.8996186547729184
14068,2.2758528490351564
14069,2.9529083819632973
14070,4.724360806613062
14071,2.366611384443985
14072,2.7881429830149855
14073,2.6522122964124892
14074,4.942516865716934
14075,2.3978325012529584
14076,1.9441327623768
14077,2.6558581077634997
14078,2.4626001302625133
14079,2.5323184505699796
14080,3.841219711268156
14081,3.575842327765322
14082,3.284543349061753
14083,4.729196767952564
14084,1.4779078129861336
14085,3.422448036882438
14086,4.48037738038454
14087,3.3267036366932996
14088,1.0426513461645865
14089,1.3279276572881993
14090,2.4246497123911106
14091,4.561861681177862
14092,3.524348670143185
14093,1.750783292146259
14094,1.8686247981165391
14095,2.4345184369305644
14096,3.295741596991444
14097,4.313208303967991
14098,3.926221236369632
14099,3.1805269389793684
14100,1.7191242203582342
14101,2.120178507015206
14102,3.600145624828801
14103,2.423940243457302
14104,2.7106218499176045
14105,4.355817962883852
14106,3.4526744880422844
14107,3.822068044837028
14108,2.2666142209479587
14109,2.992563047373818
14110,3.3404682428571006
14111,4.89670760440309
14112,4.2978901694029465
14113,3.3652484464377395
14114,1.8888152547832995
14115,3.421994537868271
14116,1.2002824052925658
14117,4.082013786598871
14118,4.418345572873966
14119,3.9515673257140156
14120,4.625664889954532
14121,3.1747266638199307
14122,1.408022627380919
14123,4.4141619005579695
14124,3.7400504856192542
14125,2.847315262611562
14126,3.050161482272995
14127,1.8087322005947954
14128,4.4997249657397
14129,3.8670171266162043
14130,1.2753536439593471
14131,4.594630067224234
14132,1.0540882238773963
14133,1.7777016129547865
14134,4.158092352266744
14135,3.392044556636478
14136,3.7764770675827446
14137,1.1089750993433678
14138,4.714869299159448
14139,2.571475580144826
14140,1.4959029895718365
14141,1.4014789526842977
14142,3.36365421368486
14143,3.821363942535861
14144,4.443698052056302
14145,1.8796716362741015
14146,1.638279173414464
14147,1.5780469333500133
14148,2.736987937339862
14149,4.900031848241422
14150,4.074512030697772
14151,4.486243182911206
14152,3.5061528094183236
14153,3.6150306218204307
14154,1.8788506198662622
14155,1.8090851845180822
14156,1.421784773176551
14157,3.747981590980011
14158,4.146528866658384
14159,2.9624267005499334
14160,2.6531978322385203
14161,4.566054256781216
14162,4.089764137988693
14163,2.239454232659651
14164,4.793400032088922
14165,2.8787960009439693
14166,2.040556775144471
14167,3.5558261296737483
14168,2.089708610799128
14169,4.664965657143723
14170,1.67028818930766
14171,1.6164055058305
14172,2.5318666439743573
14173,1.245055898863947
14174,4.72222682901019
14175,4.754583076515669
14176,3.172619998491187
14177,2.454570009867787
14178,1.0550979716598023
14179,4.896961334882105
14180,4.913547332151035
14181,1.7819484026863885
14182,3.1372842551859246
14183,1.5610824997303525
14184,4.92222088832619
14185,2.1332411358629915
14186,1.749392003512511
14187,3.265602955319009
14188,4.06530878778319
14189,3.097651096100597
14190,4.825208304075815
14191,4.2093610799044905
14192,2.5795100284370243
14193,4.819772597100817
14194,2.9460124116523456
14195,1.8624871138315564
14196,3.84838697074196
14197,3.650016011958934
14198,1.043482891694882
14199,4.891901204359807
14200,3.6480536764710942
14201,4.485653847827937
14202,3.170998830696994
14203,1.9159018783863315
14204,3.4686975959529187
14205,3.286388601830687
14206,2.9104422863267847
14207,4.905140912612344
14208,1.2633112828192705
14209,2.2944364656221232
14210,1.637741712551183
14211,1.0765828126011776
14212,1.3866211193833209
14213,1.3150730055610902
14214,4.875508293165332
14215,2.6035409125241418
14216,2.0843753710349113
14217,1.6132424092102702
14218,4.172455060516582
14219,2.9404696758445423
14220,1.3138142359462708
14221,2.538055375868937
14222,1.6781562019871195
14223,1.9023551903605402
14224,1.025189055754459
14225,3.358990148772799
14226,3.9627633608175494
14227,4.518526505922992
14228,1.2672806538609112
14229,4.602617408832122
14230,3.4534537496049578
14231,4.24914985389565
14232,4.560449293020427
14233,2.4038544547334237
14234,4.058458966553378
14235,2.283819229366954
14236,4.636482153545963
14237,3.5943636743315497
14238,2.2175001528217066
14239,4.31514917666193
14240,1.901509709511347
14241,4.133945583927604
14242,3.5489151976470854
14243,2.267360170668277
14244,1.0154385707441724
14245,4.872500522851649
14246,3.8640767645062337
14247,4.557692420314319
14248,4.153453517336217
14249,4.937339165301567
14250,3.6837738472130708
14251,4.643022828395544
14252,3.6641389127209303
14253,2.6099249627299
14254,4.786883951228606
14255,4.988915576803336
14256,3.9528664159009943
14257,3.002610642698172
14258,4.402963510662908
14259,3.009265668510251
14260,3.354617282969078
14261,3.5106969560255985
14262,1.9870393103702777
14263,1.9605303451940328
14264,3.2393432129052173
14265,4.873444250404297
14266,2.508984572024799
14267,3.0114919732177245
14268,4.763396879693952
14269,4.296394237996804
14270,1.080905800240354
14271,1.006257144251626
14272,1.9579905527856996
14273,2.0834172886945463
14274,2.5705717239984818
14275,3.655829044327536
14276,3.5006728971761496
14277,4.572859075425541
14278,2.8251279197524357
14279,1.0581051514434634
14280,3.218035462432242
14281,2.401835071471186
14282,1.7592825114719393
14283,3.019454908414422
14284,1.2473802755519157
14285,2.9642645918217028
14286,3.215960799541593
14287,2.3798549812533767
14288,1.3497323906312504
14289,4.457714360842209
14290,2.0335814680165467
14291,1.4822382194521704
14292,1.2952572823566748
14293,4.338381991441841
14294,1.1459528762816809
14295,3.9289247256547073
14296,3.7443260381580092
14297,1.5352968758094372
14298,1.9771628272225796
14299,3.4978345061599594
14300,4.084101574492125
14301,2.7946016652708896
14302,3.9929797342331605
14303,1.9501163809588076
14304,1.1511545729484096
14305,4.511894125580676
14306,3.58973760289771
14307,1.1215083584369028
14308,3.850330374456973
14309,1.9555593355753023
14310,2.2538765640433236
14311,4.8588978329071955
14312,3.038616648779497
14313,1.5913256974249945
14314,1.8467499015403663
14315,2.9137269239179595
14316,3.6948879513173263
14317,4.579636355663769
14318,1.8343416728296384
14319,3.114390307572551
14320,1.217688841987758
14321,2.5412190798850576
14322,1.5152941896151635
14323,4.487495623469384
14324,1.9043407122770168
14325,2.382779252956748
14326,1.983392841193897
14327,2.478634832850147
14328,4.410831326074535
14329,4.043280414848902
14330,4.320056591011475
14331,4.376834494121149
14332,2.8842142645527264
14333,3.951003744586468
14334,4.995388911137627
14335,1.947873415122939
14336,4.293648533765783
14337,3.6497150936839255
14338,4.922230867722472
14339,2.4982852079172013
14340,2.9326631409400394
14341,4.038873372212615
14342,3.119608089590005
14343,1.1539743028496963
14344,3.6614646592493965
14345,3.112144339583238
14346,4.5330695959305825
14347,3.2472423359637625
14348,1.2218123010154391
14349,3.7712647468047966
14350,4.861099908651109
14351,4.373328713266211
14352,3.604073906997076
14353,3.972246166146746
14354,1.9785375507626464
14355,4.832928357664255
14356,1.043565971733591
14357,4.531918741413467
14358,1.736545054954934
14359,2.667464529285106
14360,4.544342931598285
14361,1.6714618754069606
14362,1.9078847119343734
14363,4.052789869066828
14364,4.81529349440274
14365,3.6848468601735775
14366,2.0604772389087103
14367,1.9857953107519157
14368,4.111526996194266
14369,1.2210405022577628
14370,4.782687971038804
14371,1.077186451379812
14372,2.2559783601644035
14373,2.135269464628524
14374,3.8115379119487343
14375,3.6465984231190203
14376,3.6725746998720177
14377,1.5131795066717406
14378,3.5630046122110435
14379,3.0955531387308572
14380,1.091554054020833
14381,2.7338898886094913
14382,1.415553935613306
14383,4.340150345352494
14384,4.717353790789038
14385,1.4484010611012104
14386,1.3097482099871232
14387,2.941683718050861
14388,3.028511382070759
14389,1.7185654878387413
14390,4.517572910235965
14391,1.3730704021277575
14392,2.6026234071576817
14393,3.3808226704218813
14394,1.2040894370730055
14395,3.644732789143591
14396,3.6489214387228692
14397,4.640939485077574
14398,2.1416312238377504
14399,4.306141760379617
14400,3.0991494208214254
14401,2.709617574101743
14402,4.949291676976776
14403,1.8299192177035297
14404,2.958038948401952
14405,1.0932649317786813
14406,3.746434892331808
14407,4.917412628374327
14408,1.0756394116093349
14409,3.017677974312396
14410,3.2528623484492956
14411,1.725262675177507
14412,1.7540259160369214
14413,3.713613326954363
14414,4.940069587841487
14415,3.6104801463369647
14416,4.50600638564555
14417,4.02097287723814
14418,2.4618524165803577
14419,3.1572493242819486
14420,1.9552866806686673
14421,2.1814780212752014
14422,4.718032418142302
14423,4.9368966923061155
14424,4.5051151738777335
14425,4.501478437333759
14426,2.4119072049337795
14427,4.290089087752804
14428,4.279854267346556
14429,3.3663094993149354
14430,3.4289838816915843
14431,2.46323482093847
14432,4.596249696542843
14433,2.9815916026490052
14434,4.794982615737879
14435,3.6709227566579634
14436,3.0336630185575855
14437,2.0892283830902176
14438,2.3349129120827623
14439,3.658287302775639
14440,3.565315427607097
14441,3.190570624610659
14442,3.5458450965876427
14443,4.1807088096617955
14444,1.7856838666525094
14445,1.1928437101385714
14446,2.581281724273238
14447,1.5163281307706167
14448,4.609985099276264
14449,4.644768026218802
14450,4.086136161165074
14451,4.603869531169446
14452,4.918135193176017
14453,3.6785877783364347
14454,2.935579501618393
14455,3.7603314573010276
14456,1.5762712300550414
14457,2.6579579191244878
14458,1.4850914651689147
14459,4.390506508553505
14460,2.9053348395677174
14461,2.0257897057999488
14462,2.2544385652268004
14463,2.4667207083383396
14464,3.7043242340450546
14465,2.108692519218487
14466,1.9155196417204894
14467,1.8135423463940148
14468,4.016455935530663
14469,1.2370270177630966
14470,2.002697044152669
14471,4.775954032532045
14472,1.2403043297555856
14473,4.693595363006723
14474,1.2636188790648792
14475,4.46145434906162
14476,2.810862828092263
14477,3.806759141106368
14478,4.5084664470433
14479,1.3560890668302283
14480,1.320084002666241
14481,1.9206678544674345
14482,2.1355738082009923
14483,3.3541681942545907
14484,1.9346551075235205
14485,4.6102729908594835
14486,3.677734139120432
14487,2.809572642038489
14488,2.098217719727506
14489,4.607931824639312
14490,1.1943994980963608
14491,3.1504763791244925
14492,1.9204797492205605
14493,4.537583274900847
14494,3.2765245600297868
14495,1.117298232178599
14496,3.3004985853113267
14497,3.8495563090150147
14498,1.0647382268042556
14499,2.787540595332844
14500,2.153047759162413
14501,3.6684189289637694
14502,4.846328263654734
14503,2.5555015348594563
14504,3.24338123530209
14505,2.7442348469949613
14506,1.6747530720939952
14507,2.2594335750192474
14508,1.4455211396018917
14509,3.8856721918567043
14510,4.241511252008916
14511,4.2254543532788205
14512,1.4024071358759471
14513,3.745246920241534
14514,4.676490394836753
14515,2.7872331184964723
14516,2.32432158257111
14517,1.715665848450863
14518,4.273803757657529
14519,1.5709655827704245
14520,1.0401207579561627
14521,1.3908872671951436
14522,1.2321266259250914
14523,3.9109200340076606
14524,2.8847059673635127
14525,4.578935266974658
14526,4.955328414090402
14527,2.80553967565481
14528,3.202784315597813
14529,4.8545198446011675
14530,3.271186251252197
14531,2.02694760245583
14532,1.1928003117541501
14533,2.600845731353808
14534,3.821275656401811
14535,1.1739792928547153
14536,2.104067188216043
14537,1.6904522913102533
14538,4.5916550818963
14539,1.6043161744372147
14540,4.6256386306174
14541,4.897704785944407
14542,4.039265346675334
14543,2.5338417012344547
14544,3.4167779276018537
14545,2.9504468070867964
14546,2.9738072862921614
14547,4.211675396815041
14548,3.9924247770273253
14549,2.8276896712346695
14550,4.58441541131671
14551,3.0593702232751627
14552,2.014544841404919
14553,2.0113947346628267
14554,1.1933040462933744
14555,3.705409837156341
14556,4.725726194659554
14557,3.3853921086407324
14558,1.0267590599964813
14559,2.639782083309659
14560,4.896493237594232
14561,2.4465939608878626
14562,4.355016158667063
14563,4.707794067542078
14564,2.010178265665705
14565,3.8231397644620952
14566,2.5247335178926864
14567,1.3791775991074822
14568,1.3303709963045982
14569,1.5725821643004094
14570,4.947413747500125
14571,1.1921573416851925
14572,3.3127830193728665
14573,3.349582832871946
14574,2.194686097666232
14575,1.6666151935739908
14576,3.71840178876335
14577,2.982568812301137
14578,2.4953936581734637
14579,3.163297225312925
14580,2.2013823944681836
14581,1.3379668378235308
14582,3.6987559654049784
14583,3.0147128057525316
14584,3.0351256018602877
14585,2.800705619901114
14586,4.507854877614439
14587,4.812059732212142
14588,3.233385754054827
14589,4.646341128367197
14590,4.118077953815051
14591,2.9416259809470597
14592,3.6234210936288216
14593,3.2816599242327475
14594,4.558799307683579
14595,3.7212411072022764
14596,1.5309007679210942
14597,3.186912733243904
14598,1.1958759303222752
14599,1.5635808663661699
14600,4.125022205882116
14601,4.644596250293483
14602,2.373430038556864
14603,2.329097521152428
14604,4.181060532962168
14605,2.0728062714488273
14606,1.219683543590501
14607,3.140708178746533
14608,1.2804488419982478
14609,1.4081253911796665
14610,3.0910274862862672
14611,1.8961099631445624
14612,1.4427494414062956
14613,4.853314782683563
14614,4.146275233908465
14615,3.9941108766994837
14616,1.5143481146366464
14617,1.9695428115967686
14618,3.4592731142853084
14619,4.579748839840265
14620,4.146272180372965
14621,1.418532125764722
14622,1.9639267369288858
14623,4.465709804289409
14624,4.654915323119309
14625,3.016058943703994
14626,4.593320994444374
14627,2.1714827359888402
14628,2.5981175559347665
14629,1.2100246898078733
14630,2.2380552536905602
14631,4.521083894400135
14632,2.839180846426097
14633,4.974736356731352
14634,4.335530470738255
14635,3.5965082851582224
14636,1.026303918485163
14637,1.982428081125068
14638,4.616041307270535
14639,2.054692319182575
14640,4.470205203416631
14641,1.6524475775491645
14642,3.289793897582769
14643,2.1606355612479926
14644,1.0280138099774234
14645,3.263986964784889
14646,4.095970349135186
14647,1.4071287534873793
14648,1.3338037451360716
14649,3.57052432414183
14650,1.8459382044941046
14651,1.8029457642368096
14652,4.806290683777613
14653,2.337070726384041
14654,3.3245430207004416
14655,2.1865668002395826
14656,4.658608830686333
14657,3.974820537845753
14658,4.17849641019877
14659,3.3975860341223965
14660,3.15125132415327
14661,4.585943460053134
14662,2.1786902818904124
14663,4.6874973535775375
14664,2.0290773803692503
14665,3.598886673051343
14666,1.7779687068142773
14667,4.409534619486774
14668,4.604636863667478
14669,4.582443305676463
14670,4.377122863243177
14671,4.503884805676929
14672,2.81532423730549
14673,4.412018073043194
14674,2.628454232995027
14675,3.0214199398095687
14676,4.440918977666227
14677,1.2507765223943261
14678,4.673823708963472
14679,1.5004513013470548
14680,3.3258502065817495
14681,3.5151658579400045
14682,2.951220309373077
14683,4.354434361643297
14684,1.369660453150749
14685,3.7454891914966684
14686,3.9346573195764645
14687,2.3263587832479695
14688,1.168930023876511
14689,2.1110626134775354
14690,3.351491730246337
14691,4.827919899698669
14692,1.7893435431517157
14693,3.714021470613381
14694,4.829019990501449
14695,3.471246158808252
14696,1.2942161092021283
14697,3.405525914316718
14698,3.4044204130260747
14699,2.855120723447097
14700,4.4172372103205895
14701,2.102814094623418
14702,3.8841591561371414
14703,1.5223262724285354
14704,1.468308113332863
14705,3.6178657158484344
14706,2.2255067467179406
14707,4.788687550624411
14708,1.6721209007995044
14709,3.0972917315299346
14710,1.8666089730303073
14711,3.9535426327943766
14712,1.307216149808787
14713,2.7994825877176917
14714,2.601889542619826
14715,1.7815928694760794
14716,1.0998988302503707
14717,2.7565353782512405
14718,2.771558677840365
14719,3.6906279344306063
14720,2.423816188630724
14721,3.994819079497606
14722,3.9086841095785707
14723,4.496227298966985
14724,2.8213610741805772
14725,1.12704139968341
14726,2.0088809807152512
14727,3.448875871009657
14728,2.78507988170705
14729,3.8585652766753498
14730,3.4303002562066744
14731,2.072369990749575
14732,1.0421080338532276
14733,4.976877626203496
14734,3.3212544795156487
14735,4.152267418381184
14736,3.693890933499613
14737,3.2740226350449104
14738,1.7971746227666574
14739,1.9850444668827518
14740,1.863640294778321
14741,2.932738074218606
14742,2.658590526391648
14743,1.2897682998731597
14744,3.894180252277183
14745,1.742226429650683
14746,4.600719069818211
14747,2.8814771564896366
14748,2.4185351688369643
14749,3.1986914971828813
14750,2.912177748625854
14751,1.7885930639247896
14752,2.608492502328409
14753,2.5213928328088904
14754,4.9708743604405
14755,1.8040534317260088
14756,3.5116867858889926
14757,1.932312308533716
14758,4.128733234061855
14759,1.7137824709284555
14760,2.7956648656563345
14761,1.3596083029382378
14762,4.879837254278207
14763,2.450325490914026
14764,2.7124032994793055
14765,4.742475130218518
14766,4.873067525977552
14767,2.0544711339262007
14768,2.126506294955218
14769,3.923958323086851
14770,3.3650817561792947
14771,4.57433126890075
14772,2.195654228996001
14773,4.744064260383851
14774,4.937599519424938
14775,2.2198595501451406
14776,1.6798062956344189
14777,3.297369802747951
14778,4.373488228901252
14779,4.909611590124313
14780,1.379122104292863
14781,1.9476181218177038
14782,1.8306442334161144
14783,3.374229919314374
14784,4.718518229033802
14785,3.233550398990249
14786,3.295060859657812
14787,1.3417435313028045
14788,3.764122264604051
14789,4.075977056996134
14790,1.9614016945188948
14791,4.41456315531651
14792,1.8058145205273228
14793,3.3870974696221188
14794,2.9452750881960172
14795,3.873510549577484
14796,4.294234466922479
14797,1.013738848110314
14798,4.393872447823039
14799,3.7109186399679808
14800,1.196389763214901
14801,1.990553581508716
14802,2.8579489560660964
14803,4.643817376279163
14804,3.579782271093825
14805,1.897463938970295
14806,4.865141239345068
14807,3.131873339019381
14808,1.868727727754099
14809,2.261217400343996
14810,1.1601674716460622
14811,3.724177084263492
14812,4.649866018393732
14813,1.0791676934144676
14814,3.9841405450829144
14815,1.3583388148692315
14816,2.027039258904094
14817,4.553246267544598
14818,2.1944147089391546
14819,4.736914542919583
14820,2.605373714032909
14821,4.436677781255227
14822,2.137573825533134
14823,3.3372663200286627
14824,3.50236560137326
14825,1.1341146992006275
14826,3.344814053131593
14827,2.802679184528881
14828,2.625014445331444
14829,2.2743310042177263
14830,4.5778898250547595
14831,4.1938773835087115
14832,3.690126465968222
14833,1.9912466497212655
14834,4.0758375584934905
14835,3.959282789035921
14836,1.7597975678259328
14837,2.441602287784533
14838,1.9805007176141012
14839,4.674327511213001
14840,1.8871852777958642
14841,2.1688026699998466
14842,4.032326888879558
14843,4.152421654098166
14844,4.626245166841219
14845,4.5499062721748835
14846,3.632947290061957
14847,2.568621022487326
14848,3.8868107609513105
14849,2.19730496433964
14850,1.9401573014202969
14851,4.96836274232922
14852,2.2899769461020725
14853,2.7830205378519457
14854,1.9507541979332568
14855,3.458585444884238
14856,4.195205816187965
14857,1.8205260247381077
14858,2.651243287756014
14859,1.5652946765850775
14860,1.1528906922430813
14861,3.333138773433459
14862,3.809228018791472
14863,1.3922729691256808
14864,1.7977508700708515
14865,3.522380361640736
14866,2.52808321731346
14867,4.4512092182256335
14868,4.447399095071999
14869,4.6890962061837325
14870,1.0774573474769995
14871,1.866565529214974
14872,1.241377359233618
14873,4.198698842522514
14874,1.1141614993289353
14875,4.534739478904445
14876,1.374212436318425
14877,2.520930202182748
14878,4.622207762740362
14879,4.9838735839918336
14880,1.9261825917577768
14881,1.4951388192334458
14882,2.202380072520168
14883,2.65576570161756
14884,4.434666412819093
14885,1.8313565453773086
14886,3.8645202212888004
14887,2.024680488236584
14888,1.8530721196342985
14889,4.033477560813901
14890,4.706647426011456
14891,1.4743989132348498
14892,1.3008797042498816
14893,4.477801423219923
14894,4.356770054852165
14895,1.300598537387068
14896,2.1310078680781928
14897,1.4282895297461602
14898,3.2523216848034586
14899,1.3659665125302132
14900,3.126117294873031
14901,2.661665940177814
14902,4.650188243251428
14903,4.854923403956344
14904,2.8751549089350696
14905,2.571198676444145
14906,4.446384666514499
14907,2.454051486728465
14908,2.84546893807113
14909,4.185634964693855
14910,4.299802293364536
14911,4.07955328287645
14912,2.219569102478626
14913,1.4741811070352804
14914,4.6821617582001105
14915,1.0068765459286135
14916,3.6794364790677845
14917,3.0687425019938366
14918,3.5762134106303245
14919,1.109257215449242
14920,2.3218291222459295
14921,4.526532356266701
14922,2.7386403004528654
14923,2.0808238405286437
14924,4.883322481222372
14925,4.220526671940156
14926,3.257135386018933
14927,2.4984364467756786
14928,2.274877213235095
14929,1.240802091874495
14930,1.5662074028218997
14931,2.391621700267859
14932,4.022648850609125
14933,4.943498291024897
14934,4.083061271956053
14935,4.634792812517608
14936,2.44775894207666
14937,1.999165614923398
14938,3.90734882275174
14939,1.4984452758133067
14940,1.3874325126676936
14941,3.8284781305892532
14942,4.31125313261496
14943,4.002622425181054
14944,3.548850235368492
14945,3.897102823857481
14946,1.7163421978800728
14947,2.2786798933899877
14948,3.890668269838185
14949,3.851437863495442
14950,4.871299395410585
14951,1.7213286546166784
14952,2.400940716404336
14953,3.92446521538641
14954,1.0071374352410691
14955,2.298269652647267
14956,2.4671003237558664
14957,3.649249022983738
14958,2.120224688438783
14959,3.657567217264751
14960,4.747107235673252
14961,2.24177832126389
14962,4.472469786946404
14963,4.712508277893144
14964,1.4698754669210805
14965,4.1356020614672495
14966,2.6733708867551846
14967,4.3621503035498055
14968,4.91892271784573
14969,2.33942884831804
14970,3.6539030571671507
14971,2.506630958535052
14972,1.5868416878734881
14973,4.3423408193323
14974,1.0863736675675422
14975,4.7195473790245295
14976,3.078236777055769
14977,2.6070436503121432
14978,2.8269293339467465
14979,4.34097839670792
14980,2.7196239782217075
14981,3.9347839881638733
14982,1.3901633845143309
14983,4.603710898591068
14984,2.109456627043655
14985,1.936204709922638
14986,4.1556540959154535
14987,4.244219588294115
14988,1.1132438635090378
14989,4.681554246170026
14990,1.0267850201909678
14991,1.0704798424388882
14992,1.5721299695010815
14993,4.895371461192138
14994,1.4399725882569685
14995,2.1416184137718033
14996,2.1777528430924598
14997,1.495566322377135
14998,3.5175626604546033
14999,4.6845461414709675
15000,3.6455204847941
15001,3.2469329996213103
15002,4.310871624740161
15003,3.539563411089449
15004,4.4345626885193035
15005,4.0851699549262595
15006,1.2473097648534828
15007,4.101658974799031
15008,4.832956001599673
15009,1.1214710205609015
15010,3.700573837108461
15011,3.1924180160401012
15012,3.6868784168707984
15013,2.33565820292211
15014,2.2274179799523464
15015,3.800838501746198
15016,3.198186475777147
15017,2.447901227046711
15018,1.6355484047082718
15019,3.6175076785687126
15020,1.6144368886008444
15021,4.968181387598361
15022,3.7701994020493856
15023,1.8184731545023909
15024,3.2701693598622223
15025,1.4499966165973102
15026,1.325760687511
15027,4.958977765218558
15028,2.742729662739564
15029,4.959441922727475
15030,3.5897830077986277
15031,4.542527979481542
15032,3.125839750721164
15033,4.574312027298745
15034,3.8660614960849977
15035,2.209575717183851
15036,3.5595140514010644
15037,4.247097141508183
15038,2.558932510989166
15039,4.629454297682507
15040,4.9173420485867885
15041,2.741923869675347
15042,1.991810945086463
15043,4.48777086236532
15044,3.657335200269158
15045,4.605117857529879
15046,1.1898894705570897
15047,2.5651812777458884
15048,2.114368976003349
15049,1.7626341696308856
15050,2.7384259409704743
15051,4.901979912141411
15052,2.9495763769408865
15053,3.9179571701462033
15054,4.552826752146021
15055,2.5361001000216015
15056,2.050448281880077
15057,2.8925486510667384
15058,4.5558783230239595
15059,1.4996144791676103
15060,3.672974597178797
15061,1.5375255250071844
15062,3.131279899449172
15063,2.5317395881405345
15064,3.2272305760716615
15065,3.9996999802711404
15066,3.2606950780806
15067,3.2216001181843086
15068,1.1793006725745352
15069,1.645606799462966
15070,1.948551802991958
15071,3.7453212207586906
15072,4.793747096507502
15073,1.2841077012556008
15074,2.502971159082049
15075,3.7355195260256657
15076,2.7234198825430784
15077,2.898663698499937
15078,2.0490906527557406
15079,1.0636171687173412
15080,4.427560201598614
15081,3.9613671204938883
15082,2.682159849707144
15083,2.040060777423686
15084,3.759527150543696
15085,3.9203431446146286
15086,3.5058414937181355
15087,3.0660119925639555
15088,4.818991207900595
15089,1.3396408504811084
15090,3.849089815160414
15091,4.927613483188051
15092,4.326112735737451
15093,1.9994449108693706
15094,1.0708906091895574
15095,1.3302430321545433
15096,2.9685421968717836
15097,3.2845532332229785
15098,4.867342878771071
15099,1.1888838014505207
15100,3.86485523211684
15101,3.853566530393224
15102,2.4931388763111246
15103,3.1512275774490557
15104,3.5937777089431036
15105,4.552078626106022
15106,3.563841589303174
15107,4.409477720404146
15108,1.7147504057649643
15109,1.7628635988924453
15110,2.3768463930901986
15111,1.9863242784069755
15112,1.7893480991304154
15113,2.3357979565493903
15114,1.1632575204675004
15115,1.7924702249914288
15116,2.2651319584481446
15117,3.931163877681222
15118,1.650242648724345
15119,1.5817394776329143
15120,2.4824479320517523
15121,4.907032616237435
15122,4.335595607184832
15123,2.297759140979249
15124,4.76074802942736
15125,1.8869907746945076
15126,4.229023195640192
15127,4.737728782742174
15128,3.972753453633958
15129,4.108478722875265
15130,1.9145211525668162
15131,2.7868400983616763
15132,2.0270664619415233
15133,1.1811183136961985
15134,1.0254757066068287
15135,3.7943035661591145
15136,2.1056584323730845
15137,2.4022240531468046
15138,2.893007770703829
15139,3.432044296008032
15140,2.0792782107854975
15141,1.1070762544773238
15142,1.8650037902442755
15143,2.2486757436843954
15144,2.3032093716209974
15145,1.119939277709424
15146,1.4520280460895085
15147,2.701156678384687
15148,2.2135396521943593
15149,4.396053953229346
15150,3.0225113859319657
15151,1.6398556264546764
15152,2.102312609271128
15153,2.8782437930156948
15154,1.3783004314725344
15155,2.731483377941662
15156,2.7517242067070202
15157,1.2933082740808213
15158,2.787658962609935
15159,2.7958201343405493
15160,1.9669973061821833
15161,1.694918815555917
15162,4.908141991199267
15163,3.9928007864218675
15164,1.4455646408779943
15165,4.2012326002951
15166,2.8287713332268
15167,4.970972459389586
15168,2.8456176769913517
15169,4.689507311674147
15170,4.571830690342701
15171,4.372948287173839
15172,3.7342654083784907
15173,1.5057424507341732
15174,4.658784907726554
15175,1.316111875876814
15176,4.517880006830039
15177,4.6717259054469
15178,1.5465171215773394
15179,4.762760515909958
15180,3.1540131798926976
15181,2.196481387411944
15182,3.0849026619048416
15183,2.6668713977152483
15184,3.1961410367511656
15185,2.4825792945788803
15186,1.2150543055816359
15187,4.988864981674572
15188,3.271063978754286
15189,4.715654994819776
15190,3.978418696050106
15191,3.824583328119609
15192,1.4098512238130847
15193,1.5394134468450398
15194,3.7429279262530954
15195,2.960101369305342
15196,4.274827259408917
15197,2.792069704249052
15198,4.884808441794711
15199,1.3407026766430263
15200,1.1502537002856603
15201,2.777035928344934
15202,3.8083955052671454
15203,2.86463690262787
15204,1.662467086651283
15205,1.6414226177247615
15206,4.500173206202496
15207,1.958133787365124
15208,3.464350768320881
15209,3.1823521357554205
15210,3.930600624411485
15211,3.653151357594446
15212,3.7947978917182263
15213,3.1547975301574542
15214,4.754046484312026
15215,1.3963912387550863
15216,4.4052620742795
15217,1.7453703672624794
15218,2.7765524456515713
15219,2.1560734302176017
15220,2.078974837032759
15221,2.0188233350082956
15222,2.4072613376132166
15223,1.4456557491382998
15224,4.403384200779508
15225,2.120443982438803
15226,2.273964291115089
15227,2.392042186382238
15228,4.439689786778869
15229,3.672677880774671
15230,1.327284948501498
15231,1.487617319824936
15232,2.010995209631512
15233,4.759327366664213
15234,1.6584494811114663
15235,1.8133406017937652
15236,1.1667840462999073
15237,4.554509603789127
15238,1.752556211207489
15239,1.7380441298439262
15240,4.003881420596047
15241,3.276899264929676
15242,2.025242025511269
15243,4.76180149241029
15244,2.242877332633574
15245,2.086998115335418
15246,4.402880059273512
15247,4.930297494204407
15248,1.1690788595523776
15249,4.069891428995602
15250,1.0942677766862952
15251,1.0000387402974291
15252,1.0423188776527885
15253,1.3356506583787509
15254,2.2153704687388327
15255,4.232678672870889
15256,1.5813285578678649
15257,3.729719334422303
15258,1.6282114847524785
15259,3.202777658707906
15260,4.6506781408989895
15261,4.332639409913528
15262,1.8490384272756941
15263,3.145961067255003
15264,2.002377766880717
15265,2.1949394106741806
15266,1.60089306750357
15267,4.134049073741485
15268,1.6567776656724238
15269,3.109808364353413
15270,4.217037895197225
15271,3.6960781095043016
15272,3.1875057336299863
15273,4.1484082722543345
15274,4.3621927546298584
15275,4.259032284632124
15276,3.2850775339537455
15277,4.149337705040749
15278,3.7013699495119488
15279,3.364933893743989
15280,1.6394398544881175
15281,3.551466515702448
15282,2.8097263992837793
15283,2.83866391276321
15284,2.2246159597346735
15285,4.707378068876461
15286,4.225243929247947
15287,2.5988447588636028
15288,2.8954634844103713
15289,1.18233764053641
15290,4.834138598908028
15291,4.038643706843947
15292,2.074112190832455
15293,3.2787883305097423
15294,4.433079991822503
15295,1.3080359713715284
15296,4.224070451074194
15297,4.172022961105935
15298,1.2437401920408768
15299,2.7775786546247394
15300,1.417120711457415
15301,2.6686393102814616
15302,1.0282062450750438
15303,4.155625872746528
15304,4.110455292860205
15305,4.464687805338451
15306,2.214700568973677
15307,3.723209402455893
15308,3.331780723782753
15309,4.145881830275172
15310,2.298001190965258
15311,1.2647095559638672
15312,3.5238837847557147
15313,4.447055942717245
15314,2.9316763129978534
15315,1.6102970798550484
15316,2.0748350181775184
15317,1.7573049568049481
15318,1.3046641253148303
15319,3.1122229140212543
15320,4.305827344823916
15321,2.07554771741105
15322,2.166325196035553
15323,2.772435665170243
15324,1.4497318838714617
15325,4.219633938099899
15326,4.990129928549521
15327,1.0773298948575927
15328,2.1323992030314884
15329,1.9143908886394145
15330,4.577192933441443
15331,1.2585306124243174
15332,2.587242649370779
15333,4.3108445613305015
15334,4.175003055143957
15335,1.5056306758491012
15336,4.473484522219303
15337,3.1472821861086064
15338,2.607834337951386
15339,4.508613771310019
15340,4.506475043314115
15341,4.618961968315354
15342,3.978394231468312
15343,1.772240207629435
15344,3.0318419355802146
15345,1.2091320719642047
15346,3.1745936591412964
15347,3.5008130323392934
15348,3.3819489911055727
15349,1.4156949742684226
15350,2.601562358746766
15351,3.6737143476885366
15352,3.0255543918482646
15353,3.8224958194469747
15354,1.52164174238938
15355,3.7043557604829447
15356,1.0442254606111923
15357,3.789874824562903
15358,4.509633924432761
15359,4.578439912538242
15360,2.7425668889724983
15361,2.1562800214058186
15362,2.026344328941587
15363,1.9946637116430224
15364,4.3148769293152665
15365,1.1357523303792352
15366,2.384468330126954
15367,3.0429605804360937
15368,2.514982263290384
15369,2.0944837572688506
15370,3.5686110319306192
15371,3.2333824566927216
15372,1.4747923457065686
15373,1.9145796605316407
15374,1.1779478283938363
15375,4.835093688798526
15376,4.599852497717961
15377,1.0973294468515524
15378,4.693481804840224
15379,3.3037074874333014
15380,4.424212937911434
15381,4.3189342147812155
15382,4.198162111406084
15383,1.1748863621647687
15384,2.3131044893781043
15385,2.311555915543061
15386,1.5310381579433523
15387,3.664803502969287
15388,3.6100419784402673
15389,4.342614768725663
15390,3.74488410964082
15391,3.074717793389887
15392,4.020591866184979
15393,4.2775961986011595
15394,2.7230691544855805
15395,2.65450365116475
15396,1.4528014244796066
15397,3.306045448781289
15398,4.353356186470596
15399,1.3940289961316572
15400,3.217188139343139
15401,1.764374482890715
15402,3.627136412653837
15403,3.5992180015006348
15404,1.45979332521167
15405,4.0280165900377805
15406,1.3822452292676908
15407,4.660634525858283
15408,2.7133424420930465
15409,2.498615366186737
15410,3.9663379438293007
15411,2.6148071528595556
15412,2.0005874996395994
15413,4.42768631897512
15414,2.4187330891704337
15415,4.780037725852607
15416,4.635603028954934
15417,4.613692949175105
15418,3.074556913488879
15419,1.161893598854343
15420,3.0983757448899185
15421,4.467832892465154
15422,4.095419908674794
15423,4.905416845321303
15424,2.8515351783604856
15425,3.8055380233002976
15426,4.58398945885723
15427,1.845393847067605
15428,1.7963472334615544
15429,2.517426334329613
15430,2.7965462003324784
15431,1.090957830624459
15432,4.27726725209939
15433,2.247436409069635
15434,2.6513483366558193
15435,1.898830095166212
15436,1.2040839552581994
15437,3.7838785105959083
15438,1.7456053342009175
15439,4.5469373925857495
15440,4.870371112353511
15441,4.955336515356437
15442,2.830513410890357
15443,4.439941685685248
15444,3.83655916131272
15445,2.462302346713774
15446,4.743842318934082
15447,2.799452153414839
15448,1.9517344397914544
15449,3.0631747436377683
15450,2.5097803518790753
15451,2.744733790702787
15452,4.626047275144765
15453,3.93957346059666
15454,1.528540031778923
15455,3.2774615903256294
15456,1.421101262267134
15457,1.9274684260450217
15458,3.906575424983055
15459,4.6622232698585115
15460,3.8768762939193344
15461,2.0559322665418693
15462,1.350243204103132
15463,4.0061251327121425
15464,3.4587191387146183
15465,2.2665943065985896
15466,3.2069149923306823
15467,3.500231426794698
15468,1.803397177866957
15469,3.4870506839752835
15470,2.5187373373712374
15471,2.415451312463383
15472,4.385802120879221
15473,1.9558435101390796
15474,2.2962719031244725
15475,4.598585846891677
15476,4.177247741249548
15477,1.3032555922320825
15478,2.1478703042649703
15479,3.3036349569929957
15480,3.2602873281156106
15481,1.1626328672845485
15482,2.618154256086358
15483,4.629684187452282
15484,2.9557549946375
15485,1.7823859125714896
15486,4.504754631214009
15487,4.126829387505294
15488,4.496892728449833
15489,1.7837793663065153
15490,3.2728316565602826
15491,3.9035301913446045
15492,4.161871371531618
15493,1.9055409891087738
15494,2.2775775098270072
15495,4.916374938776122
15496,3.614766191554355
15497,1.3149239770880916
15498,3.036333859531482
15499,4.7243906742729
15500,2.8631753046690505
15501,4.157650615293093
15502,1.6580231799684988
15503,2.3133550766902604
15504,2.238433200705997
15505,3.171015880140895
15506,3.033252551693933
15507,3.044380229452972
15508,3.6902649327490002
15509,4.172524664889768
15510,3.673830325404687
15511,3.5615920321049033
15512,1.1502255896596756
15513,3.4204365662040557
15514,2.0837326642496183
15515,4.484049704071896
15516,2.517457546330379
15517,3.1610758046315177
15518,4.136397200580499
15519,3.8521482506657994
15520,3.141160971769696
15521,2.019828558432919
15522,2.1204262307733073
15523,1.4901058227375703
15524,3.3887001680958924
15525,2.715250389812261
15526,1.3558915348746212
15527,2.8414278407437776
15528,4.2396695873580335
15529,1.051752942135809
15530,4.460352918727235
15531,2.3685582256669937
15532,4.910902273240279
15533,1.3930955136257595
15534,1.1930122503139593
15535,4.5157806564378085
15536,4.456321227852069
15537,1.0099662258705515
15538,2.666741546014189
15539,1.3457871803461945
15540,1.9156420226378796
15541,2.8995155266836696
15542,3.4093967791903723
15543,1.1450734625532473
15544,2.354402274945559
15545,2.84089151578338
15546,2.5744520363579535
15547,2.5488543054261976
15548,1.124333697913415
15549,3.3684740102864374
15550,4.613721736118189
15551,4.370513722537572
15552,4.752704474675266
15553,1.531229574115402
15554,1.5755585464642152
15555,4.815939228810274
15556,3.853582321980047
15557,3.874182025187784
15558,2.756305008153238
15559,4.846288427621351
15560,2.145641990841965
15561,1.8041514940321757
15562,2.4857487157770053
15563,2.1260196841238392
15564,1.7083510535068425
15565,4.7114044749125465
15566,1.7453707925858049
15567,3.184094780578981
15568,2.8712078009103763
15569,4.937463844423946
15570,4.79760449166403
15571,4.479652007425599
15572,1.136558443156145
15573,3.4665156175848746
15574,4.022942818753313
15575,1.1934979304048778
15576,3.57917587705265
15577,3.937944708680689
15578,2.743512754026538
15579,4.915483019030777
15580,4.667812811943797
15581,4.01930561093374
15582,1.4505089352692626
15583,2.2511084952486313
15584,4.9432005897027995
15585,1.9999318076147246
15586,1.4131225043734945
15587,4.5377106715062485
15588,3.5866691157104174
15589,1.2523079671334316
15590,4.501840691352539
15591,1.0539413175479226
15592,4.933992104287427
15593,2.2106147136411494
15594,1.7609740100686397
15595,3.7143391079618673
15596,4.249971817710591
15597,3.800709043429349
15598,1.826099685662832
15599,1.0347640665178468
15600,1.612770515038787
15601,2.898452444423611
15602,2.715038771262475
15603,1.436982267504991
15604,1.4647099881636962
15605,2.8285423631948596
15606,2.231342293806923
15607,1.849754566252587
15608,4.564992521115272
15609,1.2485414334680605
15610,4.860874175424071
15611,1.1357103710074212
15612,4.845833303175466
15613,1.7173011875663775
15614,1.4114584704995714
15615,4.76299818912568
15616,2.985457582473263
15617,1.4908485818382826
15618,4.121932174620674
15619,2.259834889820955
15620,2.152745222950332
15621,3.978619947435543
15622,4.478829450027661
15623,2.6379366860803097
15624,4.702747642572174
15625,2.392615703151572
15626,3.9904983828524796
15627,1.5737620521075133
15628,4.6543353880626
15629,3.930606845996956
15630,2.9714809955880597
15631,2.671438411762044
15632,1.7982372038874712
15633,1.8977347781367326
15634,3.2143174911887895
15635,2.0376937091601297
15636,2.4682570853670653
15637,3.807380317952309
15638,1.0909422637397506
15639,2.6333767516792914
15640,3.606189157449866
15641,3.000520583078882
15642,4.451852594237373
15643,1.9090672724512059
15644,3.820770913196997
15645,3.4405618619118474
15646,2.4574220401810325
15647,3.617973115167269
15648,1.2067687305401602
15649,2.785434442960746
15650,2.9388566212743674
15651,3.8113554837501864
15652,3.465096653033211
15653,2.718809187345593
15654,2.8942418874462037
15655,3.9666419122265593
15656,1.6599870250017972
15657,4.265529853618511
15658,4.171309980613757
15659,1.6223572879984598
15660,4.039154469831433
15661,2.994813793533218
15662,2.946703205787423
15663,1.7676426162794865
15664,2.451920512519362
15665,4.032769963188166
15666,2.4878533520683765
15667,1.91747845226524
15668,3.463777775690202
15669,4.62534510878726
15670,4.453511255282187
15671,1.213521199317885
15672,4.856377727401133
15673,2.643835912639204
15674,4.3667208087022455
15675,3.7537301010261293
15676,4.938006472888604
15677,2.2313895714121825
15678,3.3935987521663984
15679,3.0687451018392027
15680,4.0053380543135315
15681,3.3087476286037782
15682,3.7047768777612458
15683,1.699865832597077
15684,1.0646963417004653
15685,2.0866218982388127
15686,1.1631460359605992
15687,1.6532636904433442
15688,3.263421869529854
15689,1.8711356923137448
15690,2.6921001788611263
15691,4.4053399050234034
15692,3.326178601904147
15693,3.4147089620334885
15694,4.344369327589227
15695,3.4922968174886075
15696,3.6215906609252517
15697,1.616329409069508
15698,1.07448349658597
15699,1.5427504244846841
15700,2.922109242186122
15701,2.908270342401867
15702,2.935821219855338
15703,4.312612164307911
15704,2.620915429098627
15705,1.3831236288597428
15706,4.771569997956469
15707,2.6778907252603017
15708,1.2918353341784998
15709,2.546484752345766
15710,1.0849410199575638
15711,2.4977509500139017
15712,3.5632487702323132
15713,1.106396272256112
15714,4.73570909044153
15715,1.4599800937787353
15716,2.9515568262339555
15717,4.974880220496604
15718,3.2437650171473966
15719,2.8426216714577928
15720,4.23041969657809
15721,2.358375346139296
15722,2.766884857875306
15723,4.756025203593468
15724,2.1353821044402617
15725,4.339654513605678
15726,4.817966171732423
15727,3.2825436093691414
15728,1.7615941452731243
15729,3.443696045493424
15730,1.188494402560948
15731,4.566517129053253
15732,2.1648073281940943
15733,2.693706458602424
15734,4.490501383873882
15735,2.7988091880532875
15736,2.5026737851108423
15737,4.669855037180193
15738,3.1977969970838136
15739,1.7749504553506763
15740,1.2585142398505846
15741,4.564029032415041
15742,4.561637081668049
15743,1.8954339009824146
15744,3.85844863281289
15745,1.9860334379043652
15746,2.296813823611018
15747,4.517462561555676
15748,2.877103126649017
15749,3.0519105941160913
15750,4.706664085508637
15751,3.4766722023108474
15752,2.108027520467751
15753,2.150110030951262
15754,2.8673376640568073
15755,2.400129182928693
15756,2.462184464739672
15757,4.9275410018914885
15758,3.7563527904699137
15759,4.118301251407006
15760,3.3906338011914054
15761,2.820532458449823
15762,3.413056416866662
15763,2.5699054451305763
15764,2.1941758216437584
15765,1.7435023096647235
15766,3.7123492161822025
15767,3.4350820022299833
15768,4.529086239242778
15769,1.889547494938189
15770,1.3919072491525468
15771,1.9243974045705512
15772,4.480388642577097
15773,4.384297821042914
15774,1.206388903727177
15775,2.780831395712754
15776,2.4401021675987873
15777,1.8526799619945593
15778,4.883575880383103
15779,3.2779045546331447
15780,4.3383919081625475
15781,3.189074198279378
15782,4.010701992413843
15783,1.4525490433447565
15784,4.6297019673386135
15785,1.4138212359671134
15786,4.76930225429065
15787,1.146909501118167
15788,4.464670081164907
15789,2.9256461464180057
15790,1.8884053816513156
15791,4.416868785399068
15792,1.0894737976501685
15793,4.212430989950581
15794,4.110724610852987
15795,2.3407363607376115
15796,3.4776298889865234
15797,1.954140177091582
15798,3.8854964271020327
15799,1.0462476578292939
15800,4.310761183266967
15801,1.4357530306104467
15802,4.639966478578883
15803,1.134587635246231
15804,2.1165899934883012
15805,3.9513875133569094
15806,4.695352503935641
15807,2.1074764709041136
15808,1.7029349863515977
15809,3.346573244499174
15810,1.6040272890185823
15811,4.301814288777223
15812,2.0401749711585597
15813,1.7564021972700812
15814,3.1435205483027246
15815,1.533495284740665
15816,3.5676079365507083
15817,2.273221451113767
15818,1.7803061242320242
15819,1.1830575356014226
15820,1.3838943255131388
15821,3.0867158578131875
15822,3.7791622064794974
15823,3.5911191559768465
15824,3.2469388701911144
15825,3.681561441967065
15826,2.7195547014558663
15827,4.95761157994697
15828,1.6274317605990913
15829,1.2207249569109835
15830,2.8483536870786574
15831,4.361866515588114
15832,3.3753623743668473
15833,3.5675291822014255
15834,1.8613130803000728
15835,2.099200317227677
15836,2.0071606263847963
15837,1.9429541313086012
15838,2.8503685796069753
15839,4.8633923747265335
15840,4.829081125022659
15841,2.482549499747984
15842,2.9076506923920493
15843,4.534638739299433
15844,2.871885249495355
15845,3.2514488384186753
15846,1.257601433681117
15847,4.818927252389258
15848,4.790013173463909
15849,2.140693947062539
15850,1.9378664063498823
15851,4.460894509061072
15852,4.163216725873246
15853,4.035383685921209
15854,1.3471075922664775
15855,4.001467754116311
15856,2.3489400578322974
15857,2.7599923356879064
15858,4.610077526100351
15859,1.8265841112367451
15860,4.973530404724963
15861,1.0646133579329131
15862,3.25647116916453
15863,1.361107565665896
15864,2.054665235452198
15865,2.1280817068319977
15866,4.274926035541927
15867,3.5282232942049583
15868,2.4332497610690558
15869,1.8545278140361794
15870,2.5128503506474833
15871,1.1412355371607577
15872,2.12146786124111
15873,1.1183160694962764
15874,3.0409399454368615
15875,3.352391918309035
15876,3.2150950664947775
15877,1.2119534015199975
15878,1.0929965982273409
15879,3.285300280419191
15880,1.0403501703136229
15881,4.9280124458739145
15882,2.3686622170747778
15883,4.723595908775454
15884,1.4375080933200017
15885,4.139271546775491
15886,1.4461949179359297
15887,2.8655564668594717
15888,1.0792449630374992
15889,1.1808561333989385
15890,3.277974023056431
15891,4.8927057803650165
15892,2.065897634278637
15893,1.1868645377330402
15894,4.232964840360754
15895,1.3181749997025065
15896,4.578307065706422
15897,1.5858835250269085
15898,2.634855281477371
15899,2.0910091994919418
15900,4.644350041201375
15901,1.3822402958865192
15902,2.502444752983624
15903,3.601870015859565
15904,1.4345535653840549
15905,1.7137051788937185
15906,1.332426401235844
15907,4.683862706981742
15908,4.594775510714568
15909,4.1793237679967605
15910,3.1238494190957606
15911,1.1930726728291283
15912,1.2122842614027878
15913,4.268140558639891
15914,2.1926873916697844
15915,3.293127451867611
15916,1.9253423240982421
15917,1.680936855879342
15918,3.2161121010547724
15919,1.9041837787550304
15920,4.174130004354321
15921,3.0137497280893335
15922,4.650735571345215
15923,4.798512060384292
15924,2.3712370988094675
15925,4.488095301567668
15926,2.3090159161499706
15927,3.7918341654964394
15928,4.666612222732304
15929,1.8269033523376472
15930,1.781044178423877
15931,3.6038177795147033
15932,3.2909607369475085
15933,3.0620220250650942
15934,2.3809572188332577
15935,1.2527156883911394
15936,2.427194457714014
15937,1.5662455934067605
15938,4.712735812386746
15939,1.2882196210392411
15940,3.3612053238138713
15941,4.187659982575198
15942,4.680627334003402
15943,4.554886467162442
15944,1.357668337705364
15945,2.076072917752796
15946,2.157390999169431
15947,4.3969472752776495
15948,2.6718811100118627
15949,1.61954015563402
15950,3.514801737846524
15951,2.495613725068371
15952,2.701714355660949
15953,3.5296555750425207
15954,4.964525782637862
15955,3.7637780464108843
15956,4.768409730334931
15957,4.586656718771073
15958,3.4706645052496436
15959,4.376018643101432
15960,4.035615017954669
15961,4.1317037821859675
15962,4.594271409560601
15963,3.1458386618324448
15964,4.719474483637122
15965,1.6464324968606099
15966,1.3202172128850105
15967,3.466315941331621
15968,1.2457706755981217
15969,2.1538876647146656
15970,1.760307748315928
15971,4.294906654802836
15972,1.830554268802512
15973,4.677668303375979
15974,1.6346338286066846
15975,4.881445856193337
15976,2.7008032210164754
15977,4.025711790648951
15978,2.864133151531059
15979,1.3464904753738627
15980,2.262137513682162
15981,1.1051740899857343
15982,3.864869779742628
15983,4.494077832470217
15984,3.885219101229463
15985,2.166566791752762
15986,1.802812294304891
15987,2.8204327762034964
15988,4.481151885685519
15989,4.5638058934613115
15990,3.5307197134074664
15991,1.8199067205331936
15992,3.4102505783830224
15993,4.745951526102221
15994,1.2225817987132577
15995,3.2835601465717708
15996,4.1304031286271154
15997,1.9163996044174918
15998,3.680682876747753
15999,3.9777303449742685
16000,1.256697349030801
16001,1.3141256265796901
16002,4.524293778712687
16003,1.5021709137221446
16004,1.4272264771209398
16005,2.8561544668334355
16006,2.3126281543996976
16007,4.880306583483694
16008,1.3902774306093515
16009,4.879495071902881
16010,1.0097518104637224
16011,1.9354869302177962
16012,1.5467033317886534
16013,1.7817758773152308
16014,3.4432940779820163
16015,1.7325460823268215
16016,2.2480991955650547
16017,1.9144437583960041
16018,2.5298015888119525
16019,2.99514700728618
16020,4.049075079501863
16021,1.9485277433508554
16022,1.4308918502141919
16023,3.020390439978202
16024,4.4762404086446885
16025,2.504740631206622
16026,1.3507162405266735
16027,1.6268873871145861
16028,4.875733653600244
16029,4.180011807402794
16030,3.305517937370136
16031,3.7540373196647048
16032,1.348032393613547
16033,1.901098883432292
16034,2.659886098608781
16035,4.371242224900018
16036,1.9693391126329987
16037,1.6785597190901314
16038,2.116458677119868
16039,3.5895735330305265
16040,2.140039996210035
16041,2.1513635636129957
16042,2.702453048833759
16043,4.221450077090486
16044,3.384475709519466
16045,2.808468401695114
16046,3.46995691893711
16047,2.5954050316844977
16048,3.2081762969215717
16049,4.1425358126830165
16050,2.49066094675667
16051,3.6316273138727944
16052,1.5096629263710475
16053,3.110396923804889
16054,4.050970804677195
16055,1.715584065054884
16056,3.5164474315694028
16057,3.252165952877243
16058,1.793137132446505
16059,4.7732992310876465
16060,4.851012488075948
16061,1.3400595190673577
16062,4.7388856043689715
16063,4.4357066652597705
16064,1.8252684041575362
16065,3.594172087560947
16066,2.0768591099740012
16067,2.7079155122794587
16068,1.6600245470040949
16069,1.295784859196496
16070,1.6346088240404044
16071,2.416987773041948
16072,2.2805120279966737
16073,1.9100425952087186
16074,3.96626476595002
16075,2.474298746288389
16076,1.9648210048321957
16077,4.232915384109301
16078,4.834605821327452
16079,1.5984125221668108
16080,3.953847298831487
16081,4.314424048624483
16082,1.586001850268374
16083,4.99343686082248
16084,2.059316381305878
16085,2.188388515579609
16086,2.9617408992076366
16087,1.3505012397845402
16088,3.5668458904078966
16089,3.4460581138085478
16090,1.4270694250781015
16091,4.020654983521764
16092,3.143473698308448
16093,2.0949522880091624
16094,4.555087824123629
16095,3.874355747891901
16096,4.764967305088966
16097,3.5860913296662136
16098,1.5356185780400362
16099,3.6345990907017343
16100,3.541031022713193
16101,1.9930219166865335
16102,4.870402832801934
16103,4.576277925479024
16104,1.0088363182392945
16105,3.3688127266124344
16106,3.60546629202393
16107,2.5542635175207917
16108,4.862799076838289
16109,3.100497797593667
16110,2.9173941850752914
16111,2.154121035079992
16112,4.3087242111871475
16113,3.7190215137413394
16114,1.7356923564029776
16115,3.7744264089721287
16116,4.2230836188329395
16117,3.9745830978087513
16118,2.6952304327819676
16119,1.7810639764273914
16120,2.992271303308878
16121,1.6289192214071848
16122,4.857018174726486
16123,4.478241092807474
16124,2.895570328936879
16125,4.830677307781762
16126,1.6066005389524727
16127,4.326960711134821
16128,1.4937293631852664
16129,4.251945200998893
16130,1.7174175460646883
16131,4.4124006840443215
16132,1.253366236667107
16133,2.447298409250226
16134,1.1826884870711738
16135,2.4588799482643067
16136,3.741748272556249
16137,2.5423461342208786
16138,2.0830837872928982
16139,2.3667446161026544
16140,2.5241028158279355
16141,3.020559827870368
16142,2.5812065203084886
16143,2.876756444733285
16144,2.4828803344618766
16145,1.1747400297006787
16146,4.260512286595611
16147,3.7392217685305087
16148,3.0473721858242544
16149,4.582930059302514
16150,4.396111683710963
16151,1.100095675313205
16152,1.7403816866390653
16153,2.441328923923559
16154,4.332993925542655
16155,1.811525807859962
16156,1.5316586018054985
16157,1.2702499329653425
16158,1.3896006424009246
16159,1.7078776187031641
16160,1.631525924162109
16161,3.3364167575187356
16162,3.8241545504096113
16163,3.2201395238234793
16164,3.7986567389606782
16165,3.3238079391959956
16166,2.8965050347075416
16167,4.352575490640119
16168,3.9030936785535317
16169,1.6534853220720995
16170,1.8229309120225285
16171,1.7465017929521647
16172,2.347151812313712
16173,2.532143288232878
16174,2.672590924491786
16175,1.522806694158843
16176,1.1824738613689085
16177,1.5843002146506975
16178,1.5288610717520887
16179,1.2981756837803822
16180,1.0669227702143376
16181,4.327868631513152
16182,1.0146816681461552
16183,1.2178611166830584
16184,3.3318625136894937
16185,2.359990258423977
16186,4.518999376152879
16187,1.0912749807927122
16188,4.745071475653836
16189,2.0887200533572505
16190,1.0899060538358754
16191,1.200486823738638
16192,4.826144217916312
16193,1.3564853759388606
16194,4.947374786959594
16195,1.082779641948934
16196,3.8365674879940643
16197,2.552240506588256
16198,4.535637883334961
16199,4.570315079282528
16200,1.0766619861303592
16201,2.851626896742845
16202,1.8454915581114557
16203,1.4048343989789989
16204,2.5861270597002743
16205,4.322408472439744
16206,1.779977726437577
16207,4.203197973693751
16208,4.142764179130571
16209,3.031472778841994
16210,4.625504386107428
16211,4.3344850238364305
16212,1.7926299239078913
16213,4.621874059836129
16214,4.972226615631497
16215,2.9834859511808434
16216,3.695975523945879
16217,3.4287681596186816
16218,4.035752754428149
16219,1.2979916052800529
16220,4.519996099163205
16221,3.2644466741651494
16222,1.6631496720882866
16223,1.2547599510465997
16224,4.075730389213128
16225,4.415532637861109
16226,1.1347458463059072
16227,3.610100237887899
16228,3.1076469403747944
16229,4.841932562616649
16230,2.4240390147794475
16231,2.341375538229008
16232,4.6352583165685655
16233,3.3219545506091395
16234,3.1112053244334508
16235,1.1046686305391766
16236,2.9225988370819076
16237,2.812828754953473
16238,2.653743981529107
16239,1.1004376657196961
16240,2.3240753840252992
16241,1.2378782718683565
16242,3.844560502072403
16243,4.309946222624314
16244,2.9550634427499367
16245,1.7408267353869395
16246,3.8169621112211454
16247,1.2429078746880986
16248,1.9314227348279172
16249,1.7150020934906793
16250,2.498973680156185
16251,2.4384777943122122
16252,4.743374692511885
16253,3.695247006799657
16254,1.9926903538225749
16255,1.7631459668237786
16256,1.7455010856758775
16257,4.935316001760783
16258,1.0069350997388393
16259,1.0469259302052172
16260,2.151019643363683
16261,1.3512365720556678
16262,2.0739581653029204
16263,1.6666501218714576
16264,3.0317107552415488
16265,2.983843536294226
16266,1.4024491056886785
16267,4.169359971688997
16268,3.946279870612325
16269,2.9723902902372554
16270,4.871315684164923
16271,1.781574491849499
16272,4.223554905949772
16273,3.626467739315086
16274,1.5014931089743544
16275,1.7541687724503205
16276,3.575691940480455
16277,3.924002646072624
16278,2.140176978999965
16279,2.8829998239047687
16280,1.5952781856888145
16281,2.210145767325814
16282,2.250418364926811
16283,2.1050135835803734
16284,3.4531494153964433
16285,1.3495988273940593
16286,3.89474861761958
16287,1.4365121251172095
16288,2.7915353942014187
16289,1.0915650688431122
16290,3.5481711853046582
16291,2.5893183668423485
16292,4.599924170508487
16293,4.771603389817395
16294,1.36315669504889
16295,3.442716658900018
16296,1.5588103194715797
16297,2.4600022645538666
16298,3.2531369142108453
16299,3.091547304792311
16300,2.0345064557048667
16301,1.9365233383295593
16302,1.5620197107849627
16303,2.4995370664696797
16304,4.687425276747117
16305,4.380354203706759
16306,4.464566111303501
16307,4.845991865790312
16308,3.405857046441202
16309,2.9830634749321066
16310,3.435018593659857
16311,2.2633477022988604
16312,3.2889699978476434
16313,4.921753497152045
16314,4.593467898561931
16315,3.0933347083650604
16316,1.901207839837451
16317,4.768856742751764
16318,1.6980476659752686
16319,1.5052304872714153
16320,4.13393987320992
16321,4.99133311822324
16322,4.100802274519095
16323,1.20288917924585
16324,4.1497275766255814
16325,1.9307748313126591
16326,2.762469634000805
16327,4.757530423818768
16328,1.5032639735716993
16329,3.9869776534586303
16330,1.5473471193159063
16331,2.5334482528801923
16332,3.2389444737514044
16333,2.263219749885593
16334,1.5594309974180316
16335,4.029668199192929
16336,3.041541322604308
16337,4.123475228397263
16338,1.0466452361254377
16339,1.2155100094549902
16340,4.4016291051558945
16341,2.1392603457909205
16342,2.191409120623314
16343,2.155922229880008
16344,4.16777845120693
16345,3.0048777541645713
16346,4.193947341290029
16347,2.8780034978367066
16348,2.223412100763049
16349,1.833972008085531
16350,3.7186530642099043
16351,3.9489550958325195
16352,3.6376232432348523
16353,1.8720797543471295
16354,2.4457415921463945
16355,3.40719120555344
16356,1.1427451271279478
16357,3.1526863817802417
16358,4.969426424940591
16359,2.5627261918103197
16360,3.9758505460527873
16361,3.221804262297312
16362,2.5175578893799706
16363,2.079305039128606
16364,3.072052964614777
16365,2.7262226457554988
16366,4.044678094475923
16367,1.0604395715030983
16368,3.1929575306398745
16369,1.7791675242836047
16370,2.6298957382211094
16371,2.8110404834863556
16372,1.8983490124088833
16373,2.8769814881746303
16374,3.845803624696165
16375,4.902596821377187
16376,4.120269356555723
16377,1.1026800631074023
16378,4.929767693148305
16379,4.551810647791891
16380,3.077907239524375
16381,4.016666691725349
16382,1.1202617444500111
16383,1.9784706348475072
16384,2.132338206569565
16385,4.562030450879552
16386,4.976715676668141
16387,1.117165873709189
16388,4.243499430221466
16389,4.513191208640209
16390,1.7445615159715868
16391,3.437093037656938
16392,4.318220963789898
16393,1.1735960782048207
16394,2.436337433443459
16395,4.469061809212233
16396,4.203967202345802
16397,4.069121566662625
16398,2.298795479860015
16399,3.3704071382273963
16400,2.7296449018499773
16401,2.5228346484731574
16402,4.901972056801855
16403,2.3623943584787033
16404,2.9853876996993476
16405,1.4305822157122212
16406,2.6021111184317895
16407,1.926439441119956
16408,1.9186858594623213
16409,1.9535466305300329
16410,2.3634916028862114
16411,4.662873281401161
16412,4.422105195125326
16413,2.1415751281042676
16414,3.714944689270962
16415,1.8000238689677177
16416,1.4139325440503718
16417,3.0490978553693497
16418,2.382670333646668
16419,2.861796039097283
16420,3.3998707064813294
16421,2.1776858411989903
16422,4.088498761498592
16423,3.5850260393455344
16424,3.4996144801456808
16425,2.7108018426945897
16426,4.573808736683356
16427,4.342439912579536
16428,2.773549368857741
16429,3.6206563103719787
16430,1.7767302277303068
16431,1.9829256841684204
16432,3.9540362990507805
16433,4.076568257809162
16434,3.910108661154079
16435,1.9823763978092757
16436,3.562737106831234
16437,3.7840547327843503
16438,2.8363182888854066
16439,1.4687290100190666
16440,1.6915049011653251
16441,2.3346823585372003
16442,4.408740345057204
16443,3.1682807216083284
16444,1.1479602433409464
16445,3.4046608379901864
16446,3.806526118227534
16447,2.557502591657611
16448,3.442512845503971
16449,2.8908907898272087
16450,2.1069423121481314
16451,1.773647315527891
16452,3.4768540082819785
16453,4.0313794147395186
16454,2.8654795445595664
16455,4.545857745654295
16456,2.670224350538167
16457,3.96686532489862
16458,3.6149061989864846
16459,2.4970841176702643
16460,4.870830056633338
16461,2.949256130171257
16462,1.289157310280085
16463,4.676085789577092
16464,1.286497734126414
16465,2.732675557553318
16466,3.9364854777664693
16467,4.836948674464226
16468,2.757033963960944
16469,4.868800048170869
16470,4.770063275968982
16471,3.267426914793123
16472,3.9961382289715375
16473,3.1326025770529724
16474,4.639954391485422
16475,4.209676639873965
16476,4.998143425326138
16477,4.383467730543325
16478,1.1451402504611585
16479,3.223248796843529
16480,4.818428840923211
16481,1.5034568996687412
16482,2.7119874796079464
16483,3.702977186725966
16484,1.1626000774436944
16485,2.2515343315051215
16486,4.573351640100023
16487,2.931177218819886
16488,2.684641532085443
16489,3.5625226695394665
16490,3.8225267661346214
16491,3.7779510060673407
16492,1.2179816202777736
16493,2.325694448231136
16494,4.343493570586572
16495,3.6077459762070765
16496,4.967818506684007
16497,1.7740860290840628
16498,4.967750821704644
16499,1.4061727306609675
16500,1.4234173698180586
16501,1.2206850808996381
16502,2.3737194248646123
16503,4.888756557731169
16504,2.418351126726778
16505,2.8227835131517525
16506,3.3707825744833015
16507,2.004336385785166
16508,2.5559228518650356
16509,2.4689677338100555
16510,4.5337274427128875
16511,4.280657963035817
16512,3.3380856134661347
16513,3.0419949803229644
16514,2.3128003760204425
16515,1.8205422928973976
16516,4.89100486388734
16517,3.999769004568252
16518,2.4198899137755885
16519,2.753319922802224
16520,2.25294545983639
16521,3.2457559696591787
16522,2.483613221201334
16523,3.9355290517474386
16524,3.7045635627983247
16525,4.354424636129485
16526,1.4561469636002222
16527,2.0774532522627718
16528,4.4555486571381575
16529,1.3935971833665572
16530,2.6837484063874752
16531,3.4930681998170434
16532,3.813440920138855
16533,1.7246146486668348
16534,4.324012121123643
16535,3.540468765247635
16536,3.400244030336954
16537,3.1525955578368006
16538,1.3113070657241175
16539,4.411893993992383
16540,1.1587708274642914
16541,2.4844604054192674
16542,2.4338833370934503
16543,2.3907438279558706
16544,1.2404200225534794
16545,1.0072437748179954
16546,4.287446012187413
16547,2.9968210813713743
16548,4.955085272355232
16549,3.381279826803243
16550,2.9564231571544766
16551,3.0544745450228468
16552,3.291519275017402
16553,3.3717411019725607
16554,3.2433591015583443
16555,4.332901163932275
16556,1.8843870991709863
16557,3.0390988942266906
16558,3.652781263574341
16559,2.0837181503855007
16560,2.497550395551359
16561,1.107080388525373
16562,4.252387834613339
16563,2.9412794105625557
16564,3.7766360648864907
16565,4.6314881091369156
16566,2.9241866601477873
16567,4.098965304113008
16568,2.7270157852179433
16569,2.1620521431409716
16570,3.7658462097607908
16571,2.529147081913921
16572,1.2054322746927522
16573,2.280222978375095
16574,2.8776792424775017
16575,4.288684715178579
16576,1.99533438080543
16577,2.5274554163705436
16578,3.883747165497671
16579,1.1594342104641853
16580,3.4593220687408515
16581,2.1070117550734118
16582,3.3031579195744714
16583,2.1872180734814726
16584,4.842949336482997
16585,3.0275293283697837
16586,4.550071449173502
16587,3.052637617190028
16588,4.583197194112196
16589,2.5195435542257183
16590,3.3133411490634406
16591,1.1513545667119205
16592,1.0609481712792777
16593,2.434555065681448
16594,2.737720315953543
16595,3.690913889552066
16596,2.6378660872123123
16597,3.427222698254
16598,3.441078452700085
16599,2.7533130297892465
16600,3.6239948684545906
16601,2.831911261163772
16602,4.332738845345505
16603,2.8923798430286936
16604,2.7146981693401315
16605,2.708183156005187
16606,1.25453285811064
16607,2.404201468673685
16608,3.342445686592677
16609,2.489841706111109
16610,4.448346051229793
16611,1.9639750100496318
16612,2.441659394760294
16613,4.277763686078466
16614,3.114090005044278
16615,2.363302045190556
16616,2.956439378657976
16617,3.019382226009234
16618,4.411819656068813
16619,3.0819734346555703
16620,1.9797315767004338
16621,1.4109942559392001
16622,1.024467762561216
16623,4.060215940963452
16624,3.6795865705937434
16625,1.097368518405903
16626,3.9778287078306658
16627,3.00922004890111
16628,1.624931551002994
16629,4.500699876739675
16630,2.9395256089491095
16631,3.6193127886257423
16632,4.278832157356505
16633,4.694476048000091
16634,1.0481569087012534
16635,3.6817034739347974
16636,1.4550665587328173
16637,1.5853519345282971
16638,3.528002996492535
16639,4.159217910791117
16640,2.470691161636293
16641,2.8464448894800514
16642,4.348622730435005
16643,1.851894549824673
16644,2.881790526468576
16645,1.2725623937896806
16646,2.6283069280351756
16647,2.330714426268196
16648,4.837673792201063
16649,4.704947898820697
16650,1.2420035812738162
16651,3.5813829806678004
16652,3.985057263993923
16653,1.7214723049186476
16654,4.022995051752829
16655,1.0159985126343178
16656,3.3027021100642218
16657,1.5354033592166196
16658,3.995388984622876
16659,2.9124683810060157
16660,3.721993878065942
16661,4.419982710996427
16662,3.322446006884785
16663,1.7947259844967869
16664,4.121714342124005
16665,2.989262158929936
16666,1.5512886684887608
16667,3.6382344133808515
16668,4.1104676485891956
16669,4.633264716874772
16670,1.2240494087944778
16671,3.2107032810594522
16672,3.067783169867245
16673,4.046534243418815
16674,1.0306564569281034
16675,4.956565480003981
16676,2.926405418175986
16677,2.234764356405746
16678,3.9336408067408373
16679,4.041863055952364
16680,3.181128073107237
16681,3.008525221353574
16682,3.9468334932470537
16683,4.024368898019384
16684,4.007591577452979
16685,4.726905435565431
16686,3.5447893178753587
16687,4.019327373605703
16688,1.6363235800024016
16689,3.1906504180608635
16690,2.995902697779456
16691,1.055742513998196
16692,3.2566204200182773
16693,3.2045011699249826
16694,1.9924615688958296
16695,4.72797748955755
16696,3.4479871148524843
16697,2.4200626497346875
16698,1.015815657025089
16699,3.932762790807657
16700,4.901990736874643
16701,4.705669396160048
16702,4.764021922326249
16703,4.428522642112128
16704,2.5075600345339106
16705,4.829066071689102
16706,4.869085894820383
16707,1.5021621844498387
16708,4.148077648078207
16709,2.8736888821979796
16710,2.140598698745859
16711,1.977294163120169
16712,4.338904992947775
16713,1.490017235517584
16714,4.99228507678048
16715,3.163444460816459
16716,3.175868931401164
16717,1.2575036059988616
16718,1.6652361291092657
16719,2.751029390173694
16720,1.022403866327393
16721,4.682208497958285
16722,1.9513122340698539
16723,4.284940184811699
16724,3.9390539499634034
16725,2.6763108805515405
16726,1.083555705889148
16727,1.5893117245249377
16728,4.191067826082287
16729,2.431690940676681
16730,4.075873281642873
16731,3.6349183756397654
16732,2.7041617885149773
16733,3.5810405352504033
16734,2.9944339364861157
16735,4.877537250761902
16736,1.7443013611982918
16737,3.872013990568667
16738,1.0525814513364176
16739,2.365139656526113
16740,1.2367066089905614
16741,3.3391344758313632
16742,4.392128266724805
16743,3.223610029381564
16744,2.6381620041376452
16745,2.1290648836049755
16746,1.8976526331200558
16747,2.9361755627057824
16748,2.5338728860916473
16749,1.6980481943311503
16750,2.005516993722616
16751,3.5605432666845735
16752,4.5087440849530065
16753,1.7158045569306735
16754,4.210137515320925
16755,3.1444149631139755
16756,1.782387768247292
16757,3.1171182631464185
16758,3.8043205155980497
16759,4.415420919871113
16760,1.9908511685423642
16761,3.3139286175644496
16762,3.0796379526665323
16763,2.2273981858044207
16764,4.774977783316129
16765,1.9384022410056438
16766,4.952042693521657
16767,3.3673812502018814
16768,2.715364449611336
16769,4.283705409769288
16770,3.9409983926679817
16771,2.6514968460815056
16772,4.086966413981367
16773,3.833293553054977
16774,1.560449692419497
16775,1.3416917025894342
16776,2.3166101593025563
16777,2.1625947747876344
16778,3.8598267268128406
16779,2.022087003660295
16780,1.5095327701402002
16781,1.4361823387336146
16782,4.652799402634362
16783,2.6442324026539996
16784,4.702894360998512
16785,1.6191840420126753
16786,2.794528483305634
16787,3.278114303966194
16788,4.295208139108142
16789,3.279011039839354
16790,4.007835687245219
16791,3.3587076944258487
16792,3.245440963440676
16793,3.6559549493306602
16794,1.3160934348077515
16795,1.7334715565730061
16796,3.559543726860894
16797,4.061474957352296
16798,1.8605992760598737
16799,2.750288693130157
16800,4.668562261818556
16801,3.8001725528416763
16802,2.7508551466354185
16803,1.6657000131460502
16804,4.779789798454022
16805,1.578279441497998
16806,4.124370976179662
16807,2.439403420838862
16808,1.3948315401053204
16809,1.481417167776935
16810,1.906154227194666
16811,4.142948004392849
16812,4.333912988783444
16813,3.6591780652888604
16814,1.9321005995106884
16815,3.681063746143223
16816,2.804910532799068
16817,3.594065336500904
16818,3.3775170137940314
16819,4.771807151584495
16820,4.704056489302289
16821,4.942656705000657
16822,4.279379623136706
16823,2.8527039590952903
16824,1.3240878731174295
16825,4.988689074565038
16826,1.2554055058600087
16827,2.2156254134432887
16828,3.1441609550063623
16829,1.0200371222197355
16830,1.48108434865888
16831,2.8317085550799836
16832,2.703289446979658
16833,3.673324280754482
16834,2.6849295852451918
16835,1.8876742694796556
16836,3.070686567024142
16837,2.6084487681737247
16838,4.007243912468833
16839,2.665616688509798
16840,4.186521983144447
16841,1.586844966357094
16842,1.6609269421684711
16843,1.5889928891807328
16844,2.147256627780113
16845,4.500606706077322
16846,4.370379547816686
16847,1.1346520639402256
16848,1.317590879307736
16849,3.8004912919716594
16850,3.34539092629066
16851,4.222122521274773
16852,2.220886384689651
16853,1.0538785867780627
16854,3.0213016769627528
16855,1.8987343468106057
16856,1.305815582460236
16857,4.996279123469185
16858,1.4236511899889859
16859,3.1717975429823584
16860,2.2992488848522297
16861,4.329140929843703
16862,2.7344941199824784
16863,3.887325257326986
16864,3.5885886891206993
16865,4.833679206493631
16866,2.899344060203582
16867,4.808552721583121
16868,2.0041536750997997
16869,1.5394494552294833
16870,1.7008319490705346
16871,2.4553949282923773
16872,1.5580965084663383
16873,1.2259858147360072
16874,4.764630485389063
16875,2.1262665387761586
16876,2.1112272421155827
16877,4.750248233904049
16878,1.547831070981331
16879,4.977444853304309
16880,2.567414911828623
16881,3.803836322298486
16882,1.9926829433132167
16883,1.1957428903793157
16884,1.135859495950926
16885,4.795193876912191
16886,4.2307709428218665
16887,3.59484442867477
16888,4.579028202221805
16889,3.8194982840662433
16890,2.891378629089214
16891,2.629405076015513
16892,1.6870585292676599
16893,4.489377598786975
16894,2.945034780875916
16895,4.88336884973452
16896,3.430994937615607
16897,4.169498202019225
16898,4.76644719999921
16899,2.4163474335561737
16900,2.654063004123805
16901,1.9720153842572388
16902,1.8952136164880997
16903,1.579031845628942
16904,3.453034682566613
16905,2.6264866598839345
16906,2.0807687752502106
16907,4.787157570462407
16908,1.5490451476892333
16909,2.8202932002512178
16910,4.9660839327777255
16911,1.0717155505708846
16912,4.4753376085662335
16913,3.0793318743622065
16914,2.0598192693150796
16915,1.4399145750930122
16916,4.520145008754012
16917,3.218259492153005
16918,4.006341597287561
16919,1.4151855942538356
16920,2.4039541785444847
16921,3.533698428832694
16922,4.362243454211849
16923,4.995976199274162
16924,1.7741616012682848
16925,4.713047162181443
16926,4.758099701445969
16927,1.964832275194512
16928,1.5634467027515542
16929,1.4484344013948283
16930,3.3065291861297275
16931,2.311381867148129
16932,4.634322714097085
16933,2.5774090586408747
16934,1.9440570877783498
16935,4.36080115666369
16936,4.728593025352754
16937,2.988690860290214
16938,3.595022141868456
16939,2.5654579865378957
16940,4.609989185559488
16941,4.9359605920046565
16942,3.909978229580197
16943,4.2334628420345215
16944,2.388489750184215
16945,1.159992393920191
16946,2.737168941523618
16947,3.8127151406765836
16948,3.3503992779398475
16949,1.9570520294497706
16950,4.189420405868278
16951,2.788192178721346
16952,4.882401277577356
16953,4.8884332417526535
16954,1.559467597569057
16955,4.9305154864359775
16956,1.9997367285178984
16957,2.4650890102369667
16958,2.094517560066367
16959,3.6001657765271333
16960,4.203677752634697
16961,3.5538302897256604
16962,3.9062900516779817
16963,2.425983861581981
16964,4.757663520596244
16965,3.5034062237722705
16966,3.7593327387380153
16967,1.0595145821175498
16968,1.3167792606107862
16969,4.500152049385088
16970,3.933678177919682
16971,1.1834706843291798
16972,4.504674400958669
16973,1.2363623781710094
16974,4.788710692611157
16975,2.9002069611838315
16976,4.0225494592388955
16977,3.1913065785639327
16978,2.203509558176533
16979,1.248591987780149
16980,4.410897214835085
16981,3.895667360211481
16982,2.1545163940513237
16983,4.407896905448121
16984,2.709596196257107
16985,2.580422442446897
16986,2.565014344596459
16987,1.5303229747255886
16988,3.5703672116802303
16989,2.7529523815387784
16990,3.417186902677099
16991,4.411804814254847
16992,3.9211818706020534
16993,1.9553844409491408
16994,4.848887618681184
16995,3.774168839258886
16996,1.729206272424471
16997,1.7541948807019732
16998,1.3839119744827961
16999,1.0166614775876641
17000,3.7500282126716806
17001,1.8819767010418347
17002,3.407434121271431
17003,1.3794654255165222
17004,1.3645756977664596
17005,2.8249542133665932
17006,2.974822618939233
17007,3.9210938153765134
17008,3.5920754377869093
17009,3.348037844214314
17010,2.774799165275553
17011,2.146159732237757
17012,3.777263110021535
17013,1.6449378512367776
17014,1.7000037462214705
17015,4.26494011223763
17016,2.4414593214473586
17017,4.439672414060638
17018,3.741195321947687
17019,1.7412377514959032
17020,2.663761298275628
17021,4.764834278170239
17022,1.0330524555057288
17023,1.9502898996724563
17024,3.390747548732928
17025,2.8492906798534166
17026,1.7466624960679553
17027,1.377249972827614
17028,3.190899742431275
17029,3.861513141550434
17030,1.2519290610961242
17031,2.0334137400021186
17032,3.500750969889728
17033,4.890678551365216
17034,1.872374080040816
17035,4.942148093595874
17036,2.977128042607353
17037,4.420820272309806
17038,2.602083098995236
17039,2.9439840391731957
17040,3.4800169153784477
17041,4.626539823682977
17042,2.0125127584712166
17043,2.430307904580286
17044,3.524788306740763
17045,1.5655480675417253
17046,1.5734102491465904
17047,2.3193808755359524
17048,4.121372754830832
17049,4.945040175424347
17050,4.522140653748423
17051,4.407650058523732
17052,1.3805594583556249
17053,2.9315224616180733
17054,4.783822518941042
17055,1.5555659392166294
17056,4.613809145669428
17057,4.011999641974766
17058,3.0687979012799884
17059,3.8113417057302397
17060,3.9920485895806666
17061,2.9729067384514405
17062,4.219262468935975
17063,3.536115304840574
17064,1.9315726167830438
17065,1.0645760515519136
17066,1.5018729757267324
17067,2.8155062685149095
17068,4.341292584664789
17069,1.9658759955808462
17070,2.963901260785334
17071,2.191041665399697
17072,4.6206925981308045
17073,4.57651158927706
17074,4.7220212511319355
17075,3.153477635622427
17076,1.0460088740428368
17077,1.9384253972677876
17078,3.7479729660756
17079,4.071602994677971
17080,4.620567512254917
17081,2.560285591914417
17082,3.558799844310988
17083,4.123935632500466
17084,4.70275235478878
17085,1.5550066195338896
17086,4.724954741864157
17087,2.5596945301257925
17088,4.969524079840465
17089,2.2418192430337096
17090,4.251070114424598
17091,2.6616781572564507
17092,2.719860470251524
17093,3.7034809588427846
17094,4.43078843086543
17095,1.5868099785313836
17096,1.0182179389625023
17097,1.1756426795634467
17098,2.1397514184589785
17099,4.8659401024227416
17100,2.8242349450961637
17101,3.7289166959743363
17102,1.0531278995386488
17103,1.6062222908224446
17104,1.688495567895997
17105,4.884627203633009
17106,3.3280224256725406
17107,3.9309128613452557
17108,1.1194799711033916
17109,3.4921864921659598
17110,1.1375439134021006
17111,1.4326025106810416
17112,4.164725181430727
17113,1.2808558612430296
17114,3.2220587425774534
17115,2.9338329627431787
17116,2.6337377636912604
17117,4.549915640850037
17118,2.375057938780538
17119,4.278503679202274
17120,2.1823645111235104
17121,3.6268833855373814
17122,1.4848305739105587
17123,3.653454077883255
17124,4.162431961987826
17125,2.658177537128132
17126,3.1203211173174856
17127,1.8847699392020325
17128,3.560266553479142
17129,4.7023687537728645
17130,4.323630846579245
17131,3.5862314020656703
17132,1.0088770831720075
17133,2.0840187616031534
17134,4.618613820743985
17135,4.345104056570084
17136,1.9292950589295583
17137,2.7867876276700163
17138,1.171277203579021
17139,4.3572301302781735
17140,3.277064613601654
17141,1.7684870163902637
17142,3.9163416826934356
17143,4.4961056605618985
17144,3.5077197813711094
17145,3.408923498257249
17146,3.3889582492755834
17147,2.336173029705624
17148,2.1737841267294558
17149,4.070696591830426
17150,1.9367010658576556
17151,1.3338417325209613
17152,4.203134254067821
17153,1.7024561647987824
17154,4.813135285188848
17155,2.224973329328981
17156,4.978870928546672
17157,4.300479249966301
17158,4.158406060097647
17159,1.9993818652456783
17160,2.4886867783273
17161,1.051868534130663
17162,3.3195147537652043
17163,2.9375216746799118
17164,4.302835907022408
17165,2.1391818110921
17166,2.6514681055285947
17167,4.656603030965527
17168,2.1010085003827332
17169,2.009746198670241
17170,2.2092944638047474
17171,1.9316203570385744
17172,3.2589157481556548
17173,2.1293771587011032
17174,4.132728160952313
17175,3.110907531201001
17176,3.0220350875788085
17177,3.3121784663602214
17178,4.118607217239754
17179,4.150658485474738
17180,1.8996374671283474
17181,3.1779274566133195
17182,4.294421297788742
17183,2.660564230404362
17184,2.5813085580659876
17185,1.0293451109344014
17186,2.5779541559603425
17187,4.965921439295554
17188,2.1562528848843603
17189,2.2663316900871533
17190,1.1086661903311028
17191,1.4796714028477322
17192,3.9414999065716296
17193,4.165809516403954
17194,4.640774447700806
17195,4.97518201959369
17196,4.390889303967708
17197,2.3047331479327453
17198,4.436259433667436
17199,2.8830242455602586
17200,4.860366094237953
17201,4.547715551144847
17202,2.681845798415468
17203,4.988839846262568
17204,4.878832336990458
17205,3.5973013938994907
17206,1.3118941590877915
17207,2.6711923657385235
17208,3.005854104672985
17209,1.0110168035818656
17210,3.822775315878116
17211,3.565516194620698
17212,1.8105666681811652
17213,4.433683747932847
17214,3.3867226901203717
17215,2.8135069053768915
17216,4.032826292983281
17217,1.5999485466145629
17218,1.8008196153155915
17219,3.58259363104981
17220,2.3433250180394527
17221,1.4467691961370832
17222,1.4613329187222392
17223,2.0632405873728072
17224,3.7064215838042034
17225,2.987743901584023
17226,2.2233608326615393
17227,2.2254344148416054
17228,3.790528235847104
17229,3.868480049958398
17230,4.399578845694979
17231,1.3433043980623904
17232,4.737587054360356
17233,4.084047921394651
17234,2.98092992825193
17235,4.071068388594767
17236,1.3796991731986537
17237,1.100447207280547
17238,1.0464269495636112
17239,2.0425226845504203
17240,1.32783635725825
17241,4.932508211401739
17242,3.256577343652676
17243,4.059437810758166
17244,2.3962573196175367
17245,2.583891341019664
17246,3.524987724564689
17247,2.475525946654636
17248,3.997058626881929
17249,2.49204105325972
17250,3.0441906531272194
17251,3.138241434658403
17252,3.061152944410937
17253,1.2101205911863393
17254,2.4876658152329867
17255,4.144057101838922
17256,4.812193142158703
17257,4.248146810890036
17258,2.121175023862476
17259,2.2587698368149853
17260,2.7431377968590334
17261,4.945865533486998
17262,1.7213517538168754
17263,2.2103351832475764
17264,3.5851073105097244
17265,2.573002562713837
17266,2.2847723118105274
17267,2.623752304986924
17268,4.216660985498967
17269,1.7358167686608175
17270,2.5466341684241818
17271,1.1664227405546104
17272,3.199726783161424
17273,3.0568685257474297
17274,4.150258563390139
17275,3.714956247682073
17276,3.4499020802665696
17277,4.231229443399784
17278,2.4675016490029757
17279,3.207332010891807
17280,2.1838154916236094
17281,1.559283915105377
17282,4.817887659116174
17283,3.040828164802877
17284,1.1412484032926105
17285,1.4815739340753797
17286,4.527242105124847
17287,2.884449272527094
17288,1.034120082180563
17289,2.97117703257576
17290,4.3265788762013315
17291,3.6289304330896046
17292,1.9191546368388073
17293,2.784489993610948
17294,2.7938645207249886
17295,3.573991770589723
17296,2.7450755579068606
17297,1.047783412791981
17298,3.1381443243072544
17299,3.752713846176641
17300,2.4186496443257512
17301,2.606083847495236
17302,4.238012088431876
17303,4.235757140962848
17304,2.853907686286023
17305,2.4319836745218786
17306,1.187292270939127
17307,2.715082483784868
17308,4.742232019535925
17309,4.0732091826321914
17310,3.6794406050992907
17311,2.8279590981858314
17312,2.9975608929917614
17313,1.809482755564273
17314,4.598583365199556
17315,2.879230215717745
17316,3.5195901173961572
17317,3.522292100197641
17318,1.4347924760573632
17319,3.407989303177633
17320,3.6307949574811316
17321,3.987999317956677
17322,1.4950896538902034
17323,2.2347803346316164
17324,3.831413780620203
17325,1.6735137982605228
17326,4.479178805332651
17327,1.8440174538664635
17328,4.424248853479595
17329,4.318973680296227
17330,2.4690325869453127
17331,4.119292548379826
17332,2.423545435475584
17333,1.7967997888541403
17334,2.564709347570618
17335,1.483054613589116
17336,2.0805072187317055
17337,2.065108873860142
17338,4.07250319426401
17339,1.5626295969553397
17340,1.3674024732875978
17341,4.406505586360993
17342,3.4230833658054993
17343,4.43858868722899
17344,3.5462537916952326
17345,2.636404080382206
17346,3.8883182187826413
17347,3.1051512944952404
17348,4.336230238305022
17349,1.0150854508430478
17350,3.1977983114942194
17351,3.726288558116918
17352,3.0942549622298836
17353,2.957556398890113
17354,4.453611074143554
17355,1.9565788002120095
17356,4.543888348403366
17357,1.5807972532069527
17358,3.9244233397973525
17359,4.852444991696725
17360,3.2421167091003373
17361,2.7649591719827042
17362,4.925264309215327
17363,2.863508751934201
17364,2.205344907278667
17365,3.81037369637712
17366,3.160347928238177
17367,2.4553229195995607
17368,1.398554018365084
17369,3.6349868388590214
17370,4.882556355378959
17371,2.9239899316726388
17372,2.6948326816769423
17373,1.098855648306091
17374,3.5674780068599987
17375,3.1819371260687124
17376,2.391749254425631
17377,1.164201230058079
17378,4.5437446660872425
17379,1.9583016418288843
17380,1.1387898878898755
17381,2.64862666483601
17382,3.3909589505854694
17383,4.307166198153201
17384,2.8475208087118307
17385,3.2175539190681772
17386,4.118212317368725
17387,3.287087988544906
17388,2.8120212727846385
17389,4.715674978148224
17390,1.6003251330873312
17391,1.8706066374519157
17392,1.9688044980562402
17393,2.8492393301584724
17394,4.452229417355552
17395,3.282898047778073
17396,4.018166666575876
17397,4.5102380458161075
17398,2.2771578826664225
17399,2.607594252887267
17400,4.819982875179484
17401,2.3259039184385366
17402,1.6674337302193538
17403,3.889346194953903
17404,4.935602101781761
17405,1.6651754155514378
17406,3.980970330474364
17407,2.717927383582925
17408,3.409159593224028
17409,2.4333582791428765
17410,4.638900699872298
17411,2.5435683960108695
17412,3.70528656738145
17413,2.2501599038757942
17414,4.4139449645088735
17415,4.19952311173847
17416,3.7131590781054493
17417,2.034624946848958
17418,1.9857611303589189
17419,3.0321723742824127
17420,2.0324624749482716
17421,2.3098321783226563
17422,2.253975275510424
17423,1.5222963895636168
17424,4.5051240701700115
17425,1.4066378757740683
17426,4.856250882521964
17427,3.857146217273742
17428,3.8281186038379347
17429,1.0553524756613557
17430,1.7143765907297226
17431,3.0488825430728625
17432,2.5412105139581547
17433,1.8619660972310532
17434,2.9729876555079753
17435,4.286909784881196
17436,2.4485609874930216
17437,1.152135266351805
17438,4.733098347322237
17439,3.9539420651778086
17440,3.3582482937017084
17441,2.2046430557358736
17442,4.883667093792303
17443,4.882803756346414
17444,4.301384390009914
17445,1.197440387482997
17446,4.672053343985313
17447,3.328366026734723
17448,2.654502512412839
17449,2.305347327638669
17450,1.1930078824154746
17451,1.6148215813623095
17452,3.0517849685528904
17453,2.0315765311023943
17454,2.5462554094500534
17455,3.6904137701366126
17456,2.9217731668995173
17457,3.9391930763052128
17458,2.2459095686995423
17459,1.8566679376024284
17460,3.680300707224353
17461,4.434022726155368
17462,4.311444053861138
17463,3.9605632096713443
17464,1.2406108491104297
17465,4.7065412590487865
17466,4.906959405702192
17467,1.650982229148891
17468,4.224981720720201
17469,1.1496821469862728
17470,3.437131308833862
17471,3.923934561950013
17472,1.741411078013134
17473,2.8310541652922745
17474,1.3780704267773944
17475,4.3113623518119155
17476,4.420534714057099
17477,2.82570050841729
17478,1.5389539944643529
17479,4.354498452310005
17480,4.335009417023336
17481,2.2339135196508377
17482,1.5502676739547847
17483,4.887690438980543
17484,2.633949936147751
17485,4.4975448239552485
17486,3.9761780916932516
17487,1.041253785063469
17488,3.8992081001355863
17489,4.223622369308575
17490,2.863213653870208
17491,1.7413296389277355
17492,3.103847277788484
17493,1.2630724664084263
17494,2.3134235234926703
17495,3.2652240852340406
17496,4.60286828236573
17497,1.1160347455759045
17498,4.236373311482984
17499,1.4226299185174565
17500,2.5144258178870893
17501,2.4456959595795804
17502,3.581736574572965
17503,2.1362835187426166
17504,4.638157152696165
17505,4.559953764747117
17506,1.682464799513038
17507,3.9411405558624732
17508,3.626332925490111
17509,3.6955072681324608
17510,1.5446906945162655
17511,4.625499095167864
17512,2.424352957281853
17513,4.132091778612226
17514,1.8412493413633926
17515,3.6703991164813186
17516,2.9754986451599676
17517,3.0525685878922006
17518,2.9108279690804433
17519,1.4970850701386897
17520,3.316016863468685
17521,3.9697416785105575
17522,2.948768159608327
17523,3.4393909210558093
17524,1.5629879216155498
17525,2.667222052532389
17526,2.8711607002711665
17527,1.4558784463647516
17528,1.4533928857682432
17529,1.341521551241914
17530,1.9200565045472877
17531,1.3874881083121573
17532,1.680769104436262
17533,1.056142430217423
17534,4.807647532654249
17535,1.540060338400366
17536,4.462952690124054
17537,2.8661552422724403
17538,4.963723328936478
17539,1.48190922280568
17540,1.0037805537374354
17541,3.6485886766366784
17542,4.531644298495667
17543,4.341977490840403
17544,2.2143913461302827
17545,1.8608242175423872
17546,1.864434022556667
17547,1.3056423862198172
17548,1.2844792734657378
17549,1.6523278196982005
17550,4.4166601491273285
17551,1.6487102104493712
17552,1.1637417582422973
17553,2.0908276157704435
17554,1.9775265674174096
17555,2.3826714738544315
17556,2.579926151324993
17557,3.8246575830626846
17558,4.205570795463894
17559,3.178325342830044
17560,2.338788363887986
17561,2.4057602519294856
17562,1.4565265255104483
17563,2.075680697154444
17564,4.000608448165611
17565,1.438994043141601
17566,1.319199383371378
17567,1.5346920927933119
17568,1.5350936391235792
17569,2.345227637446142
17570,3.522595877028285
17571,2.883097467304544
17572,2.0492512998007117
17573,2.743752608548181
17574,3.5931809632147775
17575,3.4587824698108576
17576,3.509519315312798
17577,1.9920587285836002
17578,3.204181210126624
17579,2.297523562427506
17580,3.7062266053472976
17581,4.005725496561272
17582,3.7237745760454777
17583,1.567132812305196
17584,3.6232622646703323
17585,2.6001660086905805
17586,1.3061933671495054
17587,3.4603805003272616
17588,4.902439731160612
17589,2.6107835117823117
17590,3.7665340275301147
17591,2.811343592193423
17592,4.07748793899564
17593,2.3852035075532325
17594,1.2370185125869342
17595,1.2194654663269993
17596,3.510198882580774
17597,1.7685538259518085
17598,3.8602419182244208
17599,2.344660196981637
17600,1.9813500237056072
17601,2.3111727484009212
17602,1.5182537706039048
17603,2.48121642240672
17604,4.767878219265194
17605,4.448981418821555
17606,4.33318079089451
17607,2.6304457782097144
17608,4.417480802951879
17609,1.2703828724757353
17610,4.638902545003961
17611,2.1354247604407863
17612,4.308153570355225
17613,1.1579460177004246
17614,3.4422438843262197
17615,4.4914503237009376
17616,3.4493880204799745
17617,3.381908772163018
17618,1.408932615872966
17619,2.995701045236175
17620,3.104796666774161
17621,3.6141563306407907
17622,4.257436946792638
17623,1.5573046097792287
17624,2.2301601942112232
17625,1.801525183302266
17626,1.7961792579710716
17627,3.537574784445554
17628,4.922858754640224
17629,3.514594507058202
17630,4.022696316939702
17631,1.207842090866471
17632,1.4388742882691798
17633,1.7985835107458708
17634,3.1948730700087316
17635,3.5143876991994967
17636,2.7573470453333004
17637,2.627244940330914
17638,1.170686109614337
17639,1.9551661214952092
17640,4.881942382972212
17641,3.458117911146346
17642,2.7809635564988078
17643,1.6957868469123545
17644,4.791474631711299
17645,3.6985741918132904
17646,4.649373323188227
17647,1.7454109235276687
17648,2.1262234881625885
17649,1.677247027979988
17650,3.4160580686701074
17651,2.1681754837063303
17652,1.377377574084071
17653,4.2768295947703265
17654,4.420990138160817
17655,3.021840124661601
17656,2.996633207343358
17657,3.318763553624332
17658,4.860256604391138
17659,2.655506336088352
17660,1.0825232444564183
17661,2.2546030841030666
17662,1.381003750522133
17663,2.7153582193429644
17664,4.531680051064055
17665,2.0999414740865165
17666,3.2611492282673793
17667,3.8990570098228017
17668,3.244902166531633
17669,2.6264487393901557
17670,2.2701656734259688
17671,1.3255715748212835
17672,1.2781909774419264
17673,1.0307478646124886
17674,4.460180911295282
17675,4.585322785865628
17676,1.120557446405745
17677,1.7085363593739502
17678,3.8202602490106763
17679,4.547497200594586
17680,4.983786076259664
17681,3.1310020407132426
17682,2.472942591301422
17683,3.614051974846649
17684,4.585553469025053
17685,3.2120683868535944
17686,4.694332657125912
17687,3.4920661310630075
17688,4.461177395731048
17689,3.802158955370424
17690,4.638086619856935
17691,4.497980994623203
17692,2.011232953822263
17693,4.1477996742004395
17694,4.517782262597139
17695,4.5358813256076225
17696,1.039150460350041
17697,4.822035256570546
17698,2.3323807186469585
17699,1.2839959598563997
17700,4.860909359094203
17701,2.8286635846808212
17702,3.3643291338778405
17703,1.657612088889715
17704,4.869135266919769
17705,4.50292456130159
17706,4.253077019505428
17707,1.4501104626143264
17708,3.092430910631413
17709,4.283039053113163
17710,2.3260119854916357
17711,2.822502888512911
17712,1.4730037178079138
17713,2.462374502826164
17714,1.6731563446447315
17715,2.8572114216419515
17716,4.756000195034352
17717,4.584314154044079
17718,4.6893325016188285
17719,4.8671179539317
17720,2.3378642314098808
17721,1.1764270025644623
17722,2.538439746283261
17723,4.2644454414668855
17724,1.2019913848791735
17725,4.209578409775954
17726,4.813925327918957
17727,3.794698438873684
17728,1.071498642515365
17729,1.8039886227685136
17730,4.840526722889454
17731,2.798723802884657
17732,3.649745958470774
17733,2.0204684911692756
17734,2.811995584543416
17735,1.0368857738764254
17736,1.0589513532881485
17737,2.5016761579202176
17738,3.453925828450981
17739,4.496848621994809
17740,2.770202841423003
17741,1.962899329209376
17742,4.3071416104824385
17743,2.5146046231502064
17744,3.8888134630228084
17745,3.399513863717443
17746,1.2798540087620531
17747,3.736125512306642
17748,4.548916055931896
17749,2.053660548659787
17750,2.028891738996989
17751,3.9164243889987405
17752,3.703539410406501
17753,4.4987626626527835
17754,2.4061449552020138
17755,3.369618635022789
17756,3.4678324281509836
17757,2.8191977060951805
17758,1.588978887344744
17759,4.099783088089866
17760,2.3760510975055147
17761,4.950950229756199
17762,4.503315533500057
17763,2.980555582711742
17764,2.771279570602505
17765,3.651359714513506
17766,3.726233530629023
17767,1.7500363896681783
17768,3.1284249847774697
17769,2.4125310398558737
17770,4.498846860079368
17771,1.399564744985466
17772,1.7620585525681078
17773,3.707169740606203
17774,4.418467913460659
17775,1.4651337546921432
17776,4.0104970010315375
17777,4.189370110919279
17778,3.7779546891499054
17779,3.9168712239750345
17780,3.553625213506557
17781,3.284725861610488
17782,3.6965350113881503
17783,1.5569510391221066
17784,2.0599662386303264
17785,2.9303928773302452
17786,2.9853731662393197
17787,4.976673186814187
17788,3.866190560647964
17789,4.192061065274579
17790,2.8259844808821564
17791,2.0943123464831714
17792,2.373334127872266
17793,1.66770630062459
17794,2.3112610753550524
17795,1.4581622068541056
17796,2.3108118374171704
17797,2.9726396274657576
17798,2.9212363808763895
17799,1.8592783639286417
17800,4.348006549120022
17801,3.5672480837366742
17802,3.1344927747859477
17803,2.5476587425560506
17804,3.1479275956545343
17805,2.7504105270721046
17806,4.613718133650234
17807,1.1465799395355516
17808,2.2746462255787936
17809,3.1371940164239325
17810,2.567710923089462
17811,3.790855485160951
17812,2.262916164491596
17813,2.8130839278621753
17814,4.390025235200472
17815,2.434836087674127
17816,3.2918914112492312
17817,4.406220352032315
17818,1.3529388975644188
17819,3.1017725793049764
17820,3.034783793021818
17821,3.9022816310869683
17822,1.2431158264293147
17823,2.685825938322664
17824,3.915176514848623
17825,3.5916738855047456
17826,1.6880128401045909
17827,1.9262453914105566
17828,2.6155065951929024
17829,3.397431916372154
17830,4.322721388429994
17831,4.8351043489896774
17832,3.6597143972749855
17833,1.877023954588783
17834,2.9034676756050857
17835,3.282463631909405
17836,3.309176749897265
17837,1.0747742952806907
17838,4.321699727134669
17839,1.1325051964144661
17840,4.0060622978590805
17841,1.296362060599269
17842,4.066372290548922
17843,4.290526836358638
17844,4.594820136291121
17845,3.128864691397256
17846,1.9799916374395323
17847,2.0830670110212353
17848,2.5222441758493086
17849,2.966163056784809
17850,1.5858249029732785
17851,3.3592581207918846
17852,1.1378066879049888
17853,4.391651273034899
17854,4.256375218994911
17855,3.1270426248279577
17856,1.4508158611331203
17857,3.6826378277354594
17858,4.470951151144767
17859,1.243683421393095
17860,2.1530635612546707
17861,4.391578965750005
17862,3.349772445494063
17863,1.5834120287471478
17864,4.344108460183657
17865,2.3019524493879064
17866,2.0583553769648786
17867,1.6179095792542828
17868,3.8176774378307132
17869,4.107548055737054
17870,3.9129014432881797
17871,2.4369900783743215
17872,1.884588898744957
17873,2.681969701019581
17874,2.267914718866886
17875,4.954324449313903
17876,1.7545328050425941
17877,4.568767517764192
17878,4.855884240453762
17879,4.218467873896781
17880,1.8885719929985338
17881,2.002372297120195
17882,4.8322184833092265
17883,1.1477901570624547
17884,2.399334058934371
17885,4.391063604870607
17886,3.4872300878395857
17887,4.750606125162973
17888,2.392032234761823
17889,2.181112222556683
17890,1.7319507799374287
17891,2.1444005622222226
17892,3.0195693142247326
17893,2.1171214820655364
17894,4.032453904670862
17895,2.131971199355057
17896,4.528724570839194
17897,2.4487587759529066
17898,3.456108598382672
17899,3.9006161337949754
17900,4.061981717244043
17901,2.700232745242372
17902,3.291877075490974
17903,4.874471467168155
17904,4.701629579499471
17905,3.1948307644664795
17906,2.488914164445545
17907,1.4681439010180495
17908,2.7472649015111092
17909,2.9438779869395884
17910,2.985262849261581
17911,3.9584942078701704
17912,3.2164105885706658
17913,1.5726493415695635
17914,1.1282144556984974
17915,3.3569276718141237
17916,2.9908181456760112
17917,2.9440044857192627
17918,2.752288959371035
17919,3.602708557557075
17920,1.7432891966065611
17921,2.6125755576454623
17922,4.899133521780678
17923,1.8849192608342107
17924,1.8789906289870824
17925,1.5477501295528944
17926,2.310803171215021
17927,4.545198820620303
17928,4.892286276183558
17929,2.9475755291286805
17930,4.316513506358205
17931,3.612057625768841
17932,4.587496766877299
17933,1.9230228298189744
17934,3.347792649235833
17935,1.0037412205767278
17936,2.884411999339996
17937,3.767800404621418
17938,4.174350329726689
17939,4.807716659939394
17940,4.885625050089033
17941,2.298573503007572
17942,3.807097373274375
17943,2.1785622629863814
17944,2.135041482758403
17945,2.4013447558903187
17946,3.6872526951676714
17947,3.5814114178844534
17948,2.341890940256073
17949,1.328466698297186
17950,2.099152618137351
17951,4.283314019008941
17952,4.78792762912834
17953,3.1313532213288675
17954,4.595118187684658
17955,2.3990857803320917
17956,4.803473452167829
17957,3.7840898594895394
17958,3.0486127172852497
17959,1.3291441780032152
17960,2.8789445156166718
17961,4.736710653989934
17962,4.374816296480811
17963,1.2555094527014656
17964,4.427957168707421
17965,4.905095815580329
17966,2.469132118375463
17967,2.1641205355448005
17968,3.528027451671366
17969,4.5327454053573515
17970,1.4016997285151676
17971,4.843970069322717
17972,4.277201262447891
17973,3.1066831854997337
17974,2.4982023140815133
17975,4.191952551192036
17976,1.4620515407265953
17977,3.6415451777774384
17978,3.7863818118739183
17979,4.365585112075842
17980,4.199063994198481
17981,3.7211990004928173
17982,4.832835826323342
17983,2.7877213797066265
17984,2.46502200253837
17985,1.240805733542543
17986,1.251827221789314
17987,4.839629755490005
17988,1.1568665900211035
17989,3.4680497836805197
17990,4.766411572303536
17991,3.334866069123139
17992,4.6645626304055074
17993,1.793880435894717
17994,1.9773642930140056
17995,4.952825841221767
17996,1.4161233028790225
17997,3.7998403225112787
17998,4.6799018468335145
17999,2.4730941535134954
18000,2.344369747819207
18001,4.424683233552294
18002,3.6103113411973564
18003,2.1733267963431353
18004,3.968046600245665
18005,3.643817999780262
18006,1.8838218545893364
18007,1.3974091604023102
18008,1.8816402990279113
18009,1.0393131130754778
18010,2.175762513330225
18011,2.7248340610570168
18012,3.0519319981742057
18013,4.95104297456621
18014,2.4687207607944686
18015,4.343431011121437
18016,3.8161940020151137
18017,3.9133246937025876
18018,1.047367135568806
18019,1.0225491101880366
18020,1.3165073554036688
18021,3.481022427179997
18022,3.181651149466288
18023,3.157320567809965
18024,4.218532955931318
18025,1.2280843952112654
18026,4.252720284111668
18027,2.136722700641723
18028,4.599228144514634
18029,1.0045323656915275
18030,4.952101853891882
18031,3.776275643089062
18032,1.6642536069030083
18033,4.925953497508292
18034,1.827959534917543
18035,2.7380738172484604
18036,2.3881244081233666
18037,2.135306022308974
18038,3.634881477494023
18039,4.248877931813925
18040,4.737310096165153
18041,3.5774908665944034
18042,2.392709356508874
18043,3.668754503450507
18044,2.7721615370318338
18045,3.4726805041147952
18046,4.533148863050602
18047,1.271598031670615
18048,4.31084099245497
18049,1.800765756316813
18050,1.6510758522190518
18051,2.1623784471534897
18052,2.6104958324226377
18053,2.8745455477208837
18054,1.80888709830226
18055,4.927518839610224
18056,4.541490409284891
18057,4.828563465559791
18058,2.223876722085002
18059,4.096024292264856
18060,3.4301827879168845
18061,2.1376934742264386
18062,3.1732453680357646
18063,4.8503476638070735
18064,1.713888779737354
18065,3.1836556484452894
18066,3.3419893760766524
18067,1.5589220236643815
18068,3.190593976335011
18069,1.8917623268642316
18070,4.217960139934564
18071,3.9609790294402094
18072,4.461293536042007
18073,2.494765690589284
18074,3.807291452300802
18075,2.0652064231090606
18076,3.562978914293305
18077,4.99125647048702
18078,4.386401809345528
18079,3.353707150160602
18080,2.8597658547226255
18081,1.0595569957309547
18082,2.1384438107669106
18083,4.49330311202729
18084,4.310864700589948
18085,2.076204135647089
18086,4.1970203477589365
18087,3.38302980394258
18088,3.8556157713059727
18089,1.7754360710314665
18090,4.875660357797116
18091,3.9387505479240796
18092,2.731078956112666
18093,4.0842301995975685
18094,3.009977773662511
18095,3.0627157638476312
18096,1.8839569321470782
18097,1.1310751580371048
18098,4.530915043014007
18099,3.7399222522253317
18100,4.4593283567999835
18101,1.4513836295709792
18102,1.1577971550340402
18103,3.4891215366562096
18104,3.9948184868930006
18105,4.608630494186265
18106,1.3830724131182097
18107,4.8097534413469445
18108,4.184024087567138
18109,4.220640948688953
18110,1.8235717610263986
18111,1.057104525272298
18112,2.7279939831055975
18113,3.347677817569518
18114,2.229383822964487
18115,2.423628421308768
18116,4.218026231113157
18117,4.89157028173018
18118,1.3834695438538023
18119,1.4151484877426284
18120,4.814256349713418
18121,4.662351972827119
18122,4.521548714337824
18123,3.3602510643601615
18124,1.7526911121207944
18125,2.8206186785185263
18126,2.5166946437706867
18127,4.249702043538845
18128,3.977056030988723
18129,1.476902860478511
18130,2.8969761382275347
18131,1.590743121796863
18132,1.5422524140667786
18133,2.9018163841161564
18134,2.3690917538954817
18135,3.9151678394974883
18136,3.7097321710589948
18137,2.9540341180557625
18138,4.192849076507932
18139,1.0052921241735921
18140,3.923272299243825
18141,2.7339850691350294
18142,3.1377899834519822
18143,3.9783745535456974
18144,2.3735365186534274
18145,2.573742470257783
18146,3.1812094124314827
18147,4.030152232403352
18148,2.5485376727199913
18149,1.982450128065735
18150,2.2212322097579142
18151,2.035027412311423
18152,1.2179314007493547
18153,2.935598893081054
18154,2.681068126114644
18155,1.8574446397038913
18156,4.241108837147334
18157,3.826247885547612
18158,1.3682878928953097
18159,1.9275225578886648
18160,1.3618069083701445
18161,4.118894834486072
18162,2.6269259812884176
18163,2.7573547945043955
18164,1.8646076801695832
18165,3.779181406380587
18166,2.0375171425015095
18167,3.2658857347562673
18168,2.005666060615898
18169,1.0365161427777916
18170,3.699315815323741
18171,4.218503615365263
18172,4.20412404426097
18173,3.952447664208225
18174,3.0351894225872553
18175,3.931524720983442
18176,4.356017984598825
18177,3.367759956835574
18178,1.1587670148873919
18179,2.8764309898682314
18180,4.457441924855128
18181,4.508809324546901
18182,1.6822884398954248
18183,3.5184533203874024
18184,4.219146293296353
18185,2.4336716131577987
18186,2.8956765195734233
18187,4.301307895467247
18188,2.185975526209154
18189,4.497592694905558
18190,3.1209253445823015
18191,2.504968582914966
18192,1.317709065435574
18193,2.7298343942368617
18194,1.175412903195102
18195,4.426809339508589
18196,3.0060381773249927
18197,3.97428471489722
18198,2.0009424538824363
18199,1.706230700577644
18200,4.295813062679855
18201,1.5110136623928505
18202,3.9786260654449697
18203,4.1008600503385475
18204,4.639680977032316
18205,2.1812167683609744
18206,4.688620925783045
18207,4.317243066484497
18208,1.4653208501350057
18209,1.9547381477278223
18210,2.4428158410746024
18211,4.264545653551048
18212,4.394462643763618
18213,2.7311665980370066
18214,1.4476629689445097
18215,2.299780741556116
18216,2.4436938081367674
18217,4.565244207757191
18218,1.2799980288181039
18219,2.9181422711630223
18220,4.09057066440131
18221,2.892512297729645
18222,3.7067829188627797
18223,1.853383556694176
18224,2.0844577274538034
18225,2.517987536833881
18226,4.8725495454993695
18227,2.0453489022927847
18228,2.3956469139795193
18229,4.816016975479652
18230,4.449103909095959
18231,1.4275901255155814
18232,4.744042012861941
18233,2.4584781359958985
18234,1.325808880152449
18235,4.061775057633689
18236,3.011688277145991
18237,2.6667276341330934
18238,2.7995424834305673
18239,2.969455087254891
18240,4.590309702064083
18241,3.2411410356152794
18242,2.948600178018613
18243,3.76328493860312
18244,4.6392459481883215
18245,1.9288416493124538
18246,2.8927191407738952
18247,4.547577245795688
18248,1.729390619137892
18249,1.7391711505842555
18250,1.9782715246817482
18251,3.67387573226389
18252,4.056843860498326
18253,4.81098426442319
18254,2.7775027063315387
18255,1.0720623458129643
18256,3.0795565567771215
18257,2.8546615147365397
18258,3.5984783109643432
18259,1.6982180425535476
18260,3.003100997004158
18261,2.8730030287162758
18262,3.8422877975381753
18263,2.4833280948393934
18264,2.9320714814694395
18265,3.4439191571519108
18266,3.08985025947462
18267,3.01942879614012
18268,2.2671764224688196
18269,4.783224505846579
18270,4.477685551028088
18271,1.6230573880423416
18272,3.077184234494411
18273,2.7459321664605714
18274,3.099043189620395
18275,2.235352250368665
18276,4.857418883624493
18277,4.686945729852411
18278,1.7229563124861307
18279,3.9338100369702445
18280,1.8128332791734287
18281,3.29056825804984
18282,1.1312518879115223
18283,1.402565629963148
18284,1.5505209778791955
18285,1.419228216506661
18286,1.5624535786469211
18287,2.9614436010563163
18288,3.859753530372413
18289,1.2229513795363882
18290,1.2380819582910743
18291,2.3882423874280576
18292,3.142765405154447
18293,2.275423793578009
18294,1.0695059875951292
18295,3.146776339225483
18296,2.1690351948807063
18297,3.5513777660552286
18298,2.569832766755444
18299,1.036671842087057
18300,1.6521910113853036
18301,4.952036390165084
18302,2.6361028688089623
18303,3.203201540056225
18304,4.561792671972636
18305,3.26949525016617
18306,3.2806069514230187
18307,1.6825266404219423
18308,4.756804502381305
18309,2.2170651400762162
18310,2.3156585095303654
18311,3.7230516745061135
18312,2.041883521939143
18313,3.7290324258147836
18314,1.6781250293815222
18315,1.1280669490637805
18316,1.3277867005814254
18317,1.0602381099217326
18318,2.4793717891289204
18319,2.7416707789533734
18320,2.435051528011245
18321,4.748567475218736
18322,2.5315011392824323
18323,3.428538455656635
18324,4.352370514222599
18325,1.9918870943263256
18326,4.553908010136766
18327,3.987347579913682
18328,3.3219676674510357
18329,2.899924252900319
18330,4.178312639515426
18331,2.0072175334918514
18332,1.9289808015564014
18333,2.595082802543268
18334,2.2935335498379397
18335,2.9288592097857804
18336,2.8186996220250724
18337,2.325875786351208
18338,3.4129797728597797
18339,4.676964506580964
18340,1.8169283504731282
18341,3.2600513365262778
18342,4.772629792105608
18343,2.0918956435784977
18344,4.067050470609379
18345,1.7180921144240182
18346,2.9192366252588515
18347,4.659709742339971
18348,2.1300210818283705
18349,4.998359600202698
18350,1.6374128129748349
18351,1.7263404949432544
18352,4.720392800513428
18353,3.751661870486364
18354,3.144960816162893
18355,3.0156702123680805
18356,4.731070894308852
18357,1.591157775380326
18358,2.814542124866093
18359,3.4984182502973105
18360,3.983379588779429
18361,1.6369073838946395
18362,4.43127607230581
18363,3.523413125902867
18364,1.003745581239388
18365,4.941305020448388
18366,1.546140831203373
18367,4.497919374897164
18368,4.182888203689055
18369,4.1047828984919335
18370,4.872860237184646
18371,2.0253180679150127
18372,1.8393935694998356
18373,2.6860374445238637
18374,3.9088340993185295
18375,1.647865351093444
18376,1.5992236269729267
18377,2.486448724461566
18378,1.588347666021145
18379,1.136467533405313
18380,3.7164518827188084
18381,4.141386040804972
18382,3.4041045075927845
18383,3.7559268483391866
18384,4.692912017178509
18385,3.7296562396882
18386,4.730723891839421
18387,3.2231595596729115
18388,2.267193123663168
18389,4.388450647367528
18390,4.144829772627682
18391,4.2922128994087005
18392,3.3196683498512147
18393,1.821065485464466
18394,3.165111447232791
18395,1.7299151499151932
18396,3.7996813860979555
18397,1.0161393837961854
18398,3.389775290968181
18399,4.472557632852759
18400,4.615141159224275
18401,4.084125727038179
18402,3.5822011105253257
18403,1.3284393860034474
18404,3.1476301683025487
18405,1.2883033585072332
18406,2.6536375330139634
18407,3.137151494467242
18408,1.0506189026612351
18409,2.099316653247025
18410,4.713704576970124
18411,2.221018522952416
18412,1.628004189920249
18413,2.6374654171547114
18414,2.6404309884699275
18415,1.1927098383984007
18416,2.3058694832902207
18417,2.2032555422240274
18418,1.9244275372433637
18419,1.8641262243367231
18420,1.0612297270071038
18421,2.3076230774671624
18422,2.514015676262972
18423,1.3002363118467644
18424,3.669959933898622
18425,1.6527824061915837
18426,1.0903223840533887
18427,2.869587102781463
18428,2.362555647582178
18429,2.592125483839607
18430,3.2745748108976143
18431,2.81382415345852
18432,4.777591966510242
18433,3.204377753864446
18434,2.829003650764756
18435,1.1146752283348063
18436,1.2149139087489496
18437,3.1834245004023747
18438,4.6284226236428205
18439,2.0566349106486577
18440,1.9545304520740197
18441,2.257825362171389
18442,3.7679093885673205
18443,3.8110488743692956
18444,2.809317924223086
18445,3.833032545506263
18446,3.3774808849251525
18447,4.1600499044572565
18448,3.8455154504711446
18449,3.8382811361165454
18450,2.2934859798311305
18451,1.427060811664722
18452,1.1419191486583342
18453,4.064429177264939
18454,3.465386259105406
18455,4.977667164435401
18456,2.1337712332447953
18457,3.0214326056708307
18458,1.9513533852120202
18459,4.161809193313488
18460,3.519873761872365
18461,1.7475975458511672
18462,4.438989372414654
18463,3.919607569849561
18464,2.4232855186071633
18465,2.315463791658119
18466,4.988998782331064
18467,1.2744015753178108
18468,3.778820984162144
18469,2.0330860128670176
18470,4.191040914320052
18471,1.191064676418506
18472,2.154476532860295
18473,3.0109243252893045
18474,1.727413463710168
18475,4.640125951428962
18476,4.1964091675046005
18477,3.9858324930071523
18478,2.044295261246765
18479,2.908022850267217
18480,3.5870479166991105
18481,1.9902267871493189
18482,3.2894184239252344
18483,2.8918566040646874
18484,1.0762173906716344
18485,4.837753724505526
18486,2.6805338631445292
18487,1.3956189198566884
18488,3.17554061384325
18489,1.1443106089141915
18490,4.817597546674738
18491,3.8058900214935587
18492,2.004492759999412
18493,4.659723710089569
18494,3.4264492021229676
18495,2.43645208276087
18496,2.784101185183564
18497,4.99942772137158
18498,4.4451420485442315
18499,3.863223022293833
18500,4.184645363341367
18501,4.576029151801979
18502,3.2586197024606083
18503,2.3829878296081284
18504,3.959417600777469
18505,4.7999138441602005
18506,4.8347402906833565
18507,2.2953773338983825
18508,3.2443583125849713
18509,3.9732762444410343
18510,1.9943167516798899
18511,2.90360957809646
18512,3.505342585906373
18513,3.695767666179787
18514,1.9809932550150826
18515,1.863734874610525
18516,3.845409238882745
18517,3.206704190661895
18518,1.7482778570611832
18519,4.310706007280645
18520,2.27520476941035
18521,3.4458435687909286
18522,4.032394414266889
18523,2.4407438154000944
18524,2.6564834128156196
18525,4.244801802389443
18526,4.6090080834535225
18527,4.5646813989575605
18528,2.3465256318011294
18529,4.478632383149445
18530,1.4619375106486667
18531,1.1316176533874356
18532,2.9716381512844707
18533,3.697192267331182
18534,3.75297554122784
18535,1.4699843610637235
18536,3.5801578635729334
18537,4.4849495984621255
18538,4.700804929584285
18539,2.995336684410304
18540,1.4114125859828897
18541,3.6499619146700586
18542,3.613850953133381
18543,1.650538659304567
18544,4.174895993006725
18545,4.784150629416195
18546,2.596672502295237
18547,1.7658307519903915
18548,3.9158207168528794
18549,4.779985638500716
18550,1.581965481085681
18551,2.5140292692613126
18552,4.126997045377436
18553,2.6780028355351204
18554,1.3100123546073617
18555,3.7803809847503254
18556,4.579547876213706
18557,4.6771794513310905
18558,2.7389019554354914
18559,4.720394361892548
18560,3.807611525292536
18561,1.9664477559134226
18562,3.4954787340621665
18563,4.072954563156009
18564,4.699275995485646
18565,2.2601552859596303
18566,2.5900923884201092
18567,4.698699821498567
18568,3.0663510955888897
18569,3.067476622749868
18570,2.30920522931257
18571,3.4929260336868015
18572,1.9981503914055319
18573,1.3249888237255458
18574,2.750639165075285
18575,1.8046982435126635
18576,2.7845887321506773
18577,2.0110564076608046
18578,2.7509236106128605
18579,3.396056862406575
18580,2.3918730054251416
18581,3.374156306977367
18582,3.5604936391408604
18583,4.820813986907593
18584,3.745710300060398
18585,3.387088998423039
18586,4.840567357604625
18587,1.2622552705666275
18588,4.013271105285041
18589,4.950118801173234
18590,2.939362719146113
18591,1.1905237295957178
18592,3.2678953738459975
18593,1.3255680852565153
18594,1.7252512853590805
18595,1.1040180014963332
18596,4.317712050539921
18597,2.458405340575339
18598,4.585082735290285
18599,4.984238379044049
18600,3.8181046140221775
18601,2.1929487579417293
18602,1.9435991379857778
18603,4.427548924189544
18604,4.960642184168398
18605,4.730243990237728
18606,4.454166812365376
18607,1.2026461450472872
18608,1.5185956972185028
18609,3.127454353322665
18610,3.967226517636855
18611,4.960309917522853
18612,2.2968023522905936
18613,2.69961782721595
18614,1.0665960233713672
18615,1.0458728409287312
18616,4.144094214676409
18617,1.6952830813132622
18618,2.136574676103414
18619,4.8843374429765145
18620,4.375051231322938
18621,2.3014190861185853
18622,4.346682462111243
18623,4.495288583880821
18624,1.9105630677795493
18625,1.1002032002208546
18626,2.2544427825816125
18627,1.7491770922964252
18628,3.8977972044163804
18629,3.1104766832237463
18630,1.5255857086925868
18631,2.2267742411774827
18632,3.609790609243051
18633,1.5256905550507724
18634,2.108245517160272
18635,1.6121481223721967
18636,4.124232062013536
18637,3.05103385503239
18638,1.8702942563252476
18639,4.375894978409919
18640,4.27887174151337
18641,4.015833428682755
18642,4.751461995773507
18643,2.75235108958708
18644,2.6055081633892994
18645,1.8821658892649413
18646,3.4997110438224626
18647,4.764356718045635
18648,1.8631493850505523
18649,2.184195956394259
18650,1.3721396548383136
18651,2.664727532682908
18652,4.851953025665514
18653,3.9118278745481887
18654,3.841195349635543
18655,4.196745884276956
18656,1.5252645330260872
18657,1.3103977535689695
18658,3.8635874612436263
18659,2.0967069151541495
18660,2.0757414845314375
18661,2.744943996927599
18662,4.290817809020579
18663,3.2418208756114697
18664,4.50047946928987
18665,3.7990726617801043
18666,2.471889431637591
18667,4.794863881380894
18668,2.5427605450019897
18669,2.804656170978344
18670,4.767164212256283
18671,4.441784085098904
18672,4.056135635546447
18673,1.7180254749274049
18674,2.8786618616295114
18675,4.654574297735843
18676,1.6816110139813252
18677,1.082338957115958
18678,3.9257293315398814
18679,1.983391229392745
18680,1.9616320812982568
18681,1.8717720445926171
18682,1.0142080530053588
18683,1.3397565848990567
18684,2.4258754714966533
18685,2.077934142724705
18686,3.044433975587614
18687,3.5819330622741705
18688,1.2735362412317048
18689,2.2526944121492076
18690,3.852647900044104
18691,2.335873813777219
18692,3.836395697133392
18693,2.3859172885516773
18694,4.748566992641303
18695,3.21870009442565
18696,4.261076866942863
18697,1.16795283862088
18698,1.8032363531026627
18699,1.2255960158439443
18700,1.7259497569833027
18701,2.9513923594858507
18702,3.1688382849959598
18703,2.6024733693916415
18704,1.9093570437856884
18705,4.279731643512855
18706,1.697259134581269
18707,3.6583879322936537
18708,2.3850654629349357
18709,1.10906608923219
18710,3.3208153949604724
18711,4.546197613807077
18712,3.934035508492681
18713,2.8110583347069675
18714,2.172266205132629
18715,4.53072944929116
18716,1.273680483311741
18717,4.880854531078553
18718,4.686077974096632
18719,4.176764428612323
18720,2.885956181482766
18721,3.653716615874751
18722,3.0363076082873244
18723,4.4334718393292185
18724,1.4482942826178684
18725,4.336739897819786
18726,3.022172682622512
18727,4.15276754116285
18728,2.0507127511323424
18729,3.107057088585747
18730,3.889038203754389
18731,2.1946885754466168
18732,1.0761518922188102
18733,3.440239008660715
18734,3.7026962660530196
18735,3.0730596483932433
18736,4.178821270040977
18737,4.756166872973924
18738,1.7934536797400429
18739,3.432847364783371
18740,4.372037628719381
18741,2.413775386926615
18742,2.562507222164095
18743,1.5243589299238036
18744,1.1829402864532272
18745,4.3330446435140875
18746,1.2553160313175882
18747,3.4218361700382767
18748,3.138151025769786
18749,2.9036450330529835
18750,1.307062392197988
18751,2.793477187704932
18752,1.1886131678688185
18753,3.861201962570476
18754,4.0025029594145956
18755,3.3293128068667923
18756,1.4628489844413064
18757,3.7591949904258466
18758,2.677930043362572
18759,1.9337074226567386
18760,4.305724243381292
18761,1.5049239972215753
18762,1.6620335898245622
18763,2.670619621080519
18764,2.710235978918681
18765,3.6002715274515897
18766,3.6817738269604416
18767,1.144438423297491
18768,1.7640017574876241
18769,2.699811153395055
18770,4.247244445630336
18771,1.807248249826749
18772,1.312483496828528
18773,2.79751237783276
18774,3.0498797055897384
18775,2.448687164364632
18776,3.6252270728256883
18777,1.6563482123763453
18778,1.6855141291420277
18779,3.542463369217807
18780,4.096906901633333
18781,3.038863713001807
18782,4.635978595738669
18783,2.1222537592499835
18784,1.5987290068521487
18785,4.212991482794969
18786,4.194507386349574
18787,4.75447342595019
18788,4.997139061916546
18789,3.852316944771511
18790,1.150578801801161
18791,4.430722829742473
18792,4.668079627796633
18793,2.7241444351805555
18794,4.791764364990183
18795,4.103875437500077
18796,4.558130006661812
18797,4.426013695818421
18798,1.6695213806556515
18799,1.7950481870535921
18800,3.362893093776211
18801,3.380292051216523
18802,1.955132394069858
18803,4.191964806599767
18804,2.6285449386138633
18805,4.65434299238508
18806,3.6443465262086345
18807,2.069058733123431
18808,2.9459249567083234
18809,2.4159787974283002
18810,3.3584400043772167
18811,2.713249010546124
18812,3.99677639125006
18813,1.9552487503981761
18814,3.9260759482705216
18815,3.058095361357823
18816,4.807666387722673
18817,4.09016101481802
18818,3.250088524260095
18819,1.2389450812080964
18820,1.2155171173979946
18821,1.9725415095499317
18822,4.118669633378477
18823,1.1508710483593863
18824,4.914423616058162
18825,2.8484706113822456
18826,4.332790409035264
18827,4.701687480963113
18828,2.653824648794651
18829,2.0084772631922894
18830,3.2785434097979507
18831,1.9849710874551065
18832,1.8108623077628243
18833,4.231959508708874
18834,2.1491353975974987
18835,3.056323731424035
18836,1.3473666102484931
18837,1.991171664697445
18838,3.3973486778915274
18839,4.606924964932475
18840,3.4320111785048484
18841,4.292886050439137
18842,2.8182646826481585
18843,3.618909461770324
18844,2.6116112689127653
18845,4.966292079966495
18846,4.03981110872582
18847,1.1325777525590657
18848,2.316790494348293
18849,3.592268878870016
18850,3.3268317065118325
18851,4.601695412903987
18852,1.7695719578557076
18853,4.9759486275548666
18854,1.8767252146498064
18855,4.297457767831845
18856,4.001190709892855
18857,3.7169242447898063
18858,3.7603859389575836
18859,4.525430127297384
18860,2.3022795661811735
18861,1.4538867714134933
18862,4.912452838808913
18863,4.1630612119669665
18864,1.9859658529642852
18865,2.6315875431676914
18866,1.460831406857622
18867,2.27907772299046
18868,2.0620495016781333
18869,3.4030947730864063
18870,3.436664672870141
18871,2.369812793591425
18872,3.8995013409922143
18873,3.7322733713722496
18874,3.701452082878661
18875,1.7715109935191329
18876,2.2514725705078478
18877,3.6311636715552176
18878,2.8392106149008827
18879,1.7598967369488157
18880,1.5347643217683862
18881,2.17423681398824
18882,2.506174421074166
18883,1.2415013246174982
18884,2.5637082083914478
18885,4.994494818045988
18886,2.705086064134657
18887,2.2027074569162832
18888,2.6896484301348824
18889,1.1624371957561945
18890,3.8856562316214442
18891,1.6038523063752081
18892,4.368830091317413
18893,4.840335994441294
18894,4.628201867026222
18895,1.5919394130234292
18896,1.4997108213311559
18897,1.9864258586943966
18898,1.2569955873925753
18899,4.756296224477666
18900,2.2933984194643324
18901,4.139639554564358
18902,3.8999658707106124
18903,3.1387909656096893
18904,2.709103796184263
18905,4.199684917055651
18906,1.1203356396370432
18907,4.1941102039600064
18908,3.100022932066203
18909,1.2376487013003823
18910,2.5680095681479145
18911,1.5511997072058206
18912,2.3716467173967333
18913,1.226448936783549
18914,4.32103784261991
18915,3.605891152710223
18916,4.554448865186688
18917,4.482640298825929
18918,4.716412025491104
18919,1.564890436016798
18920,4.005656039514252
18921,2.9930338326418116
18922,1.7804345898472205
18923,2.3267402433339353
18924,1.5888922798309015
18925,3.3198110308613833
18926,2.300697633542889
18927,4.4670175732977055
18928,2.851428130488346
18929,3.174000764662435
18930,3.318800762507429
18931,4.02998225013512
18932,2.2825495964501448
18933,3.2295733707067074
18934,2.033081118815576
18935,2.948009936594222
18936,3.0780921700506387
18937,1.5598131086728606
18938,3.703013311726709
18939,3.8355605527665415
18940,1.3191946544258664
18941,1.1865378017481425
18942,3.0622506183147498
18943,1.8042047357017967
18944,3.516635858485711
18945,2.0918834822886585
18946,1.2559292185974358
18947,4.860104419127742
18948,1.6823915801823284
18949,4.238746136480563
18950,1.5457434659583198
18951,1.3158409162844746
18952,1.7674894061684427
18953,2.22669924647331
18954,1.8616049394021426
18955,1.0744914177313287
18956,1.2532716383072926
18957,1.7898869675853306
18958,4.846690308478539
18959,3.1416598026465152
18960,2.129419217149832
18961,3.2119989330085263
18962,1.3533791908751684
18963,1.0903256879330159
18964,3.531830767954533
18965,3.268226421584793
18966,4.994095394300274
18967,4.867444820426693
18968,4.6082055821085195
18969,1.4254664185179884
18970,3.1522611925972157
18971,1.6501892986982662
18972,2.628607508157091
18973,4.829807626093906
18974,2.3045952486941217
18975,2.3819030169452073
18976,2.7661675087645228
18977,2.2021178194703155
18978,4.010510598926347
18979,4.463762404080113
18980,2.2751694813204697
18981,4.27653154914756
18982,3.1825901369878067
18983,1.7654218661327343
18984,4.143827827894725
18985,2.414343423584285
18986,2.850399922205902
18987,2.032031315668668
18988,3.5671549072072932
18989,2.217057510162826
18990,4.6892127251261355
18991,4.4593187736450455
18992,2.3464449151741964
18993,1.828270351540572
18994,2.394306916927412
18995,1.8035612773906622
18996,2.1901098253778564
18997,2.8012099053840425
18998,3.7578032624999578
18999,3.6224249973119726
19000,1.0808818434205585
19001,3.8156345830536664
19002,4.146459158009819
19003,1.1242449092892515
19004,2.4644465189916738
19005,4.725306317171736
19006,4.503124364494525
19007,2.1389620262083806
19008,2.0216879381657673
19009,1.5456328071577832
19010,3.0209367089095176
19011,3.4632298756860687
19012,3.2233995945012697
19013,1.716366116190423
19014,1.6824924952934022
19015,1.888096257998737
19016,1.8321886051694696
19017,3.463285301789242
19018,3.4371636663710485
19019,2.655441895586689
19020,4.989678201057636
19021,3.098575620259817
19022,1.8745279111932942
19023,1.1844478662560372
19024,3.041825864232867
19025,2.192329930378747
19026,3.0351021053308407
19027,3.8467706077737245
19028,1.5525682775463343
19029,4.140634621275318
19030,1.0515684836789805
19031,2.437375812720743
19032,4.223135412370341
19033,4.290257743968149
19034,2.8624102521369963
19035,3.577180988988136
19036,2.4924043619522918
19037,3.2741220932368633
19038,1.5221426064937424
19039,3.7787092421869932
19040,4.975943209369088
19041,4.330247075412151
19042,4.853896068336857
19043,4.441798764964585
19044,2.081707256020487
19045,3.276897683817265
19046,4.641059637913233
19047,1.791201442104796
19048,1.9297275184176192
19049,4.917502639166516
19050,3.395411222554724
19051,1.7360174503163686
19052,3.0803113490328613
19053,3.3365533163925374
19054,2.7184558043346736
19055,3.0883424685379146
19056,2.5927602638475826
19057,1.4350972380291118
19058,2.583467572195956
19059,1.5731962661663124
19060,1.6452250751339061
19061,1.166568934401226
19062,4.07473722916723
19063,4.334943832125255
19064,2.5719341358479686
19065,4.545818278541173
19066,3.064370118082628
19067,3.4590235812194656
19068,4.945197773268326
19069,1.7138690895049122
19070,3.580295775652212
19071,2.700141404163772
19072,3.585955832607898
19073,1.9375260769497546
19074,3.126167363594856
19075,2.997433618526508
19076,4.473871709962093
19077,3.918898626761558
19078,4.185994369149119
19079,1.057478030753804
19080,2.8407690418280986
19081,1.8050439768847895
19082,4.948536015279654
19083,1.9342334798650902
19084,1.3512136876340155
19085,3.1055371630081896
19086,3.1632697131119683
19087,1.1370483167421592
19088,2.668628950107119
19089,2.996447898830161
19090,3.895587016366331
19091,3.9539039441877426
19092,2.0935410411757513
19093,4.035337824696166
19094,4.0595948588239334
19095,1.274207679504026
19096,3.761463887173039
19097,1.935064399345865
19098,4.961447448355786
19099,4.8136124527477255
19100,2.1901688778860673
19101,4.040830473353086
19102,3.6617310634966023
19103,1.9045841130255132
19104,4.159229653831353
19105,1.7174916906749997
19106,1.256478531624455
19107,4.035289851877366
19108,1.510356447663988
19109,2.008437693939357
19110,3.7893477399435516
19111,3.0166244550586514
19112,4.810572558364777
19113,2.2936142497412755
19114,3.344744303078419
19115,1.2444308869842735
19116,4.401536748936733
19117,2.3332423002834433
19118,1.156924097603096
19119,2.410500114038565
19120,3.840646970088956
19121,3.425360180424682
19122,3.7774976990412252
19123,2.443631124711363
19124,2.0851667810513455
19125,1.8600479065807138
19126,3.065834208232478
19127,2.0093144326693775
19128,2.6366125789913144
19129,1.574227717131555
19130,2.147338003834391
19131,3.293331536698482
19132,2.4873066617749977
19133,1.908164017272755
19134,1.8389042417497468
19135,2.265955232794115
19136,2.089693670613892
19137,4.632355242436647
19138,2.7771318866845904
19139,4.738421797442095
19140,4.176012294929999
19141,1.6351557960795287
19142,3.2218277781646756
19143,3.440093344610225
19144,2.5473904632054567
19145,3.7564436578593856
19146,1.8090016302464815
19147,4.17094180982936
19148,4.580785475827642
19149,4.041037927003229
19150,2.1100386894619736
19151,4.973520675679211
19152,4.151353265956546
19153,2.079743441619342
19154,2.393915339108999
19155,4.434989526301038
19156,3.985250990047228
19157,3.841235526269053
19158,1.2163282671381737
19159,2.1262302585885564
19160,1.773992195698793
19161,4.739449674650263
19162,1.5509012725396913
19163,1.8126796486426655
19164,1.9147357852769948
19165,4.853926911652966
19166,3.170822509818938
19167,3.9271508159632504
19168,4.027711286653202
19169,3.629208637919472
19170,3.897447570392005
19171,2.929491655586007
19172,1.5952495971499951
19173,2.7050389427949257
19174,4.697738146566355
19175,3.601200550254371
19176,3.7162566293347568
19177,4.907063536425208
19178,2.341298466685875
19179,2.659162773239586
19180,3.954948572613138
19181,4.856395344285757
19182,2.926370195631574
19183,1.9096465497298944
19184,4.1163608461092585
19185,1.881660475539856
19186,1.4450714971209724
19187,4.653441658767176
19188,1.6065604873145638
19189,3.3040955903532487
19190,2.4393062605504574
19191,4.757751611736705
19192,1.3705711287845048
19193,2.2280690009679187
19194,2.0554853084559523
19195,1.4411323707758017
19196,3.592818348836527
19197,3.651386904786592
19198,2.5355087848120297
19199,2.6619354890287
19200,1.5955982298149083
19201,3.022263807814554
19202,1.4721471055182964
19203,1.1206857882325383
19204,2.1359212285573266
19205,1.862447765980317
19206,1.8301489842067409
19207,2.652083174617135
19208,3.636365672293503
19209,1.5362621265009637
19210,3.831415314758703
19211,4.7614896360342716
19212,1.14680152796269
19213,3.725500072059406
19214,1.0160958561890365
19215,3.842563257104869
19216,1.8405527508248412
19217,2.1103873604818992
19218,3.5912630886227737
19219,3.5133428333460293
19220,2.4115896995311745
19221,1.1502219581018966
19222,3.2314723435266632
19223,1.421036711656872
19224,2.100334765894147
19225,1.6688127645783974
19226,1.3625419818070132
19227,2.1975093919746476
19228,2.0666034199471466
19229,4.895867950636935
19230,3.52747034141086
19231,2.9227932037652953
19232,3.3177430053794237
19233,4.959075355598371
19234,3.8553426871821204
19235,1.7368913363751797
19236,3.6612151240846984
19237,1.2451279275614957
19238,4.280945216357249
19239,1.5529346133827744
19240,2.204241019925402
19241,2.495103919698203
19242,2.9365527689635615
19243,2.86349419635868
19244,1.4095560993085683
19245,4.834446707085352
19246,4.206047328528881
19247,2.225932383456506
19248,3.228596383607364
19249,4.490686049996153
19250,2.3648190362482677
19251,2.8477037979441513
19252,1.1012632448667556
19253,1.1906019101534167
19254,1.8650242319924524
19255,4.913568684970004
19256,1.3868144303753875
19257,1.7634997935361625
19258,3.104608558006875
19259,4.722461066317003
19260,2.8415028276173455
19261,1.0155156495370128
19262,2.1004656373831616
19263,2.8256371083968053
19264,4.991961780974112
19265,1.8401971176105323
19266,3.1686591560928514
19267,2.711838464488036
19268,3.24409320650573
19269,3.0012094114197283
19270,1.0028651785212994
19271,2.544388592811945
19272,2.4041173552062527
19273,3.2646386466699697
19274,4.943982213370173
19275,4.3439019379164066
19276,4.3912400061568775
19277,3.508872840415475
19278,1.0395948011515737
19279,3.586505669356813
19280,2.5754773811748484
19281,4.129501359640053
19282,1.344679759229403
19283,3.7399672028821525
19284,2.9990376397962377
19285,3.2836092947037954
19286,1.0283426071703494
19287,1.2156413904990444
19288,4.1631623512264415
19289,4.9852635046653475
19290,3.6589984585237625
19291,2.554703085727584
19292,1.2374549686277856
19293,2.8770836047133552
19294,1.7994528568383013
19295,3.5921108973340483
19296,2.6234037278025535
19297,1.5281128409107718
19298,4.978515883259124
19299,1.4101297457514708
19300,3.4546190932483825
19301,3.779060053345254
19302,3.375302939344663
19303,2.7675530780788797
19304,3.408779105677453
19305,1.5760264489210631
19306,2.429091290066344
19307,3.947562558396112
19308,2.2232853594130395
19309,2.783647432293773
19310,4.464902307337503
19311,1.4436338717539474
19312,4.440586021287751
19313,1.9360797323691155
19314,3.0839757148329903
19315,4.07783627984983
19316,1.5729429758024982
19317,3.4882916130446358
19318,4.843157768735333
19319,4.824876263176113
19320,3.832433669202194
19321,4.496247683358405
19322,1.8159514235844854
19323,1.5795695623208705
19324,1.9904465008020318
19325,1.2500524648990172
19326,3.73316120285908
19327,1.9044822833319994
19328,2.069299378478084
19329,4.44891137195555
19330,2.025420536083869
19331,2.7099405213929333
19332,2.3714843151716325
19333,3.674283816842259
19334,1.5015718302132646
19335,2.706529950973223
19336,2.7548854472484954
19337,1.8650522645280687
19338,2.283009549145358
19339,1.3191849818166461
19340,4.070505273318575
19341,4.474502274432579
19342,2.491027539220729
19343,3.5137719413012727
19344,2.462649782249893
19345,2.1960017668769223
19346,4.327211761917068
19347,3.8293044173621253
19348,4.5914963786852905
19349,3.4856322766646426
19350,4.248753526966288
19351,3.931685127848426
19352,4.906436624894766
19353,2.0295384837637
19354,2.8248095399874615
19355,2.9688502521941635
19356,3.675652618027362
19357,2.536580078311248
19358,4.81805541956961
19359,4.602507991403845
19360,2.9256425319142005
19361,3.5692156980287812
19362,1.7078758802179794
19363,3.3124674219305517
19364,1.232016264634221
19365,2.774417658291476
19366,3.8929363345963
19367,1.3246095401429447
19368,1.6582330640409082
19369,2.8494376766437695
19370,1.733096638655247
19371,1.2795399140993173
19372,4.730343668055051
19373,2.348116945993908
19374,4.102632131343529
19375,2.5898961709372177
19376,2.7022454679750565
19377,3.4756415244033256
19378,1.3444590084605852
19379,3.6639912179571863
19380,1.4074308578813115
19381,2.8841315358632644
19382,3.3081775421235173
19383,3.483270658730237
19384,2.0853365662747323
19385,1.8019619192575793
19386,3.2816782592308917
19387,2.551893921183791
19388,1.1720640504108868
19389,3.604618870984707
19390,4.205054391275601
19391,2.916101530470539
19392,4.365725175500906
19393,2.5576214369323913
19394,4.8241588656928025
19395,4.917802162128617
19396,2.7334564569207664
19397,3.605191266219603
19398,3.222605614488382
19399,4.952815036472338
19400,3.7613783796681832
19401,4.192020670042429
19402,1.4600645368012493
19403,1.9679379786132003
19404,3.001805253207558
19405,4.932398518435554
19406,3.2376128691299138
19407,2.310686588103283
19408,2.861478246009365
19409,3.818797734717901
19410,3.615381387471917
19411,4.435675644903126
19412,3.5337889606732515
19413,1.9974761683310005
19414,3.280906090601719
19415,1.373722075620468
19416,1.9162627694174552
19417,1.8740149443432714
19418,4.062955381215215
19419,3.4585160458003306
19420,1.3277689883897468
19421,3.1391232707728904
19422,1.7722595959616028
19423,1.3043796687278997
19424,2.2103941960625897
19425,3.7945206277149
19426,4.006171909016921
19427,3.534854557817434
19428,3.9219992519760623
19429,3.1969140992956984
19430,4.779518953030798
19431,3.985913308849132
19432,4.0070410569659565
19433,1.8290337436010575
19434,4.391709755112
19435,4.461136382284273
19436,4.351703872134637
19437,4.609151896049451
19438,4.720864273858156
19439,2.6272755392845277
19440,4.011911939696695
19441,4.785204659339049
19442,4.724175472940584
19443,2.4760837779455898
19444,2.961862799185969
19445,1.9125620764381108
19446,4.508771873945509
19447,2.2055476456834606
19448,1.5425875082131308
19449,2.043721563396773
19450,3.0180483392956123
19451,3.129660910529834
19452,2.2491956553785886
19453,1.4699144588825517
19454,2.764265553325731
19455,1.0744966193457683
19456,4.86892324538471
19457,3.1059447282666763
19458,2.377100378325015
19459,4.60341460310785
19460,3.1649049776521236
19461,4.810630208844076
19462,3.134753342979732
19463,2.3496957345772413
19464,1.805583178423781
19465,2.2771826030543814
19466,4.868116143393653
19467,4.0963528244554945
19468,2.9085078168917198
19469,4.910501588489105
19470,4.2960139409436815
19471,4.687050461014822
19472,2.829213098596318
19473,3.9957379869356875
19474,1.378888148745165
19475,3.079017864113169
19476,1.5511366213575135
19477,1.2429524900316187
19478,3.7805957112747772
19479,4.656796314010955
19480,4.195207813179298
19481,4.377279922453274
19482,1.9731526574038387
19483,4.411258784133961
19484,2.400233239357704
19485,3.7772775762217803
19486,2.816562467634807
19487,3.993100038411011
19488,1.3224478548238392
19489,3.5390089033493575
19490,3.622580753673205
19491,3.187185606825904
19492,4.375265395591446
19493,1.4254313223205508
19494,1.9436084462012646
19495,3.0690590158218365
19496,3.263843948981086
19497,1.637291434567412
19498,1.473820701276387
19499,4.389557858457075
19500,4.863811601517366
19501,4.694350120228648
19502,3.647885218073358
19503,4.98267352534358
19504,1.9603311641345664
19505,3.6738956803260363
19506,3.4297087507862454
19507,2.5647675398130576
19508,2.288829660615082
19509,3.3577849276517573
19510,3.817605052798944
19511,4.1643836437820365
19512,2.1991973523093136
19513,2.633581355655378
19514,4.7258673455841205
19515,4.963287639463945
19516,3.0064888828184984
19517,3.545806616088196
19518,3.490954167273978
19519,1.2730502614838906
19520,2.1162953020653097
19521,4.302480461251548
19522,3.029288116762259
19523,4.9975531802435444
19524,1.5298924074211597
19525,4.387282503336311
19526,4.599141281700873
19527,2.9329866595902176
19528,1.8636331745709542
19529,3.7196728638938126
19530,2.4114100984299864
19531,4.341727284539734
19532,2.224907853609042
19533,3.4741076300136426
19534,1.2525972468806446
19535,3.6137015403723405
19536,1.6001792781447524
19537,3.822813271824958
19538,2.5080440149357592
19539,3.0580327684227364
19540,2.0153971950436014
19541,1.9015337667324483
19542,1.1443688380635435
19543,2.9997554027818265
19544,2.476509009335618
19545,2.946142292008139
19546,3.4780777751864482
19547,4.195910857229632
19548,4.5998083888377845
19549,3.1256063725616694
19550,3.4356450558922815
19551,3.778778285464055
19552,3.4077653338749623
19553,2.489800848017538
19554,4.380505338196761
19555,3.0954238328097086
19556,1.6196494809878068
19557,1.2080103002146747
19558,3.0888720378179486
19559,3.09311997939337
19560,2.5633502659556453
19561,2.1832920313209665
19562,1.9884576083476486
19563,1.337752763421812
19564,2.90755399812734
19565,2.6222336693924766
19566,3.64774595440305
19567,2.800709256071677
19568,1.8286091698142486
19569,4.703811830184431
19570,1.313888889827485
19571,1.9772958048593665
19572,1.132461277205425
19573,3.7601791477991227
19574,2.271469005676
19575,1.0146872835586476
19576,2.800728347875668
19577,1.3441302351256663
19578,1.0848468151133677
19579,1.7204934623989439
19580,1.0321892419917145
19581,3.8667044254718212
19582,4.7261327551019825
19583,1.9011577013594048
19584,1.3310968062318458
19585,4.276324585259181
19586,3.7386929588007125
19587,1.3614380088326192
19588,4.964913725808241
19589,3.3323378983884853
19590,1.270877347696218
19591,1.1800105109318824
19592,2.5359799468981143
19593,3.5752168690250103
19594,3.1523151367492135
19595,2.309014883030792
19596,4.1754257511405894
19597,2.686515772120324
19598,1.7668648328306755
19599,3.9243914244358566
19600,3.107299426423612
19601,4.9114815674875505
19602,4.91342240210525
19603,4.486616076912018
19604,4.952592327446924
19605,1.9603904576334168
19606,4.163589494102699
19607,4.9157497297258645
19608,1.5550734185308301
19609,2.6996111042171673
19610,4.598827128240973
19611,4.394665460417713
19612,1.7815692681861406
19613,1.1910930638468251
19614,1.7414289845589548
19615,4.911218959525605
19616,4.973458715422043
19617,3.1503372046438205
19618,4.915731770019115
19619,3.2960604594849543
19620,3.697823446201801
19621,3.0197337401492996
19622,4.616411086589627
19623,1.7345391233395855
19624,4.184716024262613
19625,1.3074636386977825
19626,2.8659352866224195
19627,2.01887189981692
19628,2.5655566725088605
19629,1.8603284369080804
19630,2.342850142262777
19631,2.6697020472307265
19632,2.046569104479123
19633,2.40104782019685
19634,2.3761769837096716
19635,2.4645841736728276
19636,1.6675189167039317
19637,3.2142906892566496
19638,3.7198578830126405
19639,2.784706332122936
19640,2.1164432589500097
19641,4.945069881152762
19642,2.843063046100779
19643,1.526822622447384
19644,4.632591683453797
19645,1.6070823070239317
19646,4.805158093785603
19647,1.9797777871133198
19648,2.5834642947742785
19649,1.204476421174209
19650,1.5776428341765487
19651,4.06008070037449
19652,2.339116805310341
19653,2.8826620158869565
19654,3.853003902122244
19655,1.2307876682363061
19656,3.5753393056956435
19657,4.562734227317191
19658,3.3729195427219842
19659,3.0944844253873027
19660,2.278104710540749
19661,2.239443295391334
19662,3.0432698931370674
19663,2.6534673366593906
19664,1.7409389695099562
19665,1.2532220281426576
19666,1.4572217556056541
19667,3.5341262696211144
19668,2.4359452531416244
19669,3.386338876531242
19670,4.299302863028609
19671,4.2507276465500246
19672,3.7864614371473837
19673,4.392361772960438
19674,4.260345740219236
19675,4.7576181614285105
19676,4.836328460138535
19677,2.6691964664186436
19678,3.597422052133879
19679,1.543407719039609
19680,2.5983965939110734
19681,3.0235962374462146
19682,3.372415161190126
19683,2.035525563482961
19684,4.0339744620383495
19685,4.146481059583842
19686,1.4658271347962093
19687,3.352225982678532
19688,2.5634767286215223
19689,1.458627508267825
19690,4.132672734657141
19691,2.841705620596133
19692,3.5053592452121642
19693,4.338797672724975
19694,1.66032049101489
19695,2.345533883481453
19696,3.9263997575366827
19697,4.328175311592805
19698,3.641993940280808
19699,4.586125410816104
19700,4.841572165688315
19701,2.563857973986666
19702,1.7317386466873517
19703,3.1332684676143265
19704,1.549852106683577
19705,3.372526391596224
19706,1.6880068865651867
19707,1.1509697070986076
19708,2.4403915764763413
19709,2.477627648715378
19710,3.515748748705949
19711,2.1486415768172504
19712,2.808330391717967
19713,1.2918546200692664
19714,2.0911371201670126
19715,1.5436513658711677
19716,1.403664531816522
19717,3.972545693448818
19718,1.139610585236214
19719,3.49804416226799
19720,2.7978397481213135
19721,3.1878022458468918
19722,3.569067888721544
19723,1.0499379045670088
19724,1.89837381026266
19725,2.632058749752336
19726,4.608457128441492
19727,2.4002391307591293
19728,4.9015391741482155
19729,4.565158778255082
19730,4.67768718867233
19731,4.791865180522688
19732,1.2770731331529621
19733,3.0863802638754017
19734,2.9855354809046033
19735,4.4182225940048445
19736,4.854892763955575
19737,4.181174679879476
19738,2.9379167356768714
19739,2.8287605266943583
19740,3.6534309620547156
19741,2.764907178531019
19742,4.282551807353925
19743,4.857178751415475
19744,3.7624702963324475
19745,3.3888801975992067
19746,1.3477439227309804
19747,2.793313005619075
19748,3.7504665939230626
19749,4.180049207615875
19750,2.2797418467780215
19751,4.05544740167146
19752,4.448431493170133
19753,2.512065412665719
19754,4.819193422459274
19755,3.6939629455003513
19756,2.476801422950559
19757,1.391615315785295
19758,3.352782176936152
19759,4.040671526929867
19760,1.9148706468995575
19761,3.879672090435365
19762,3.3614604543349746
19763,1.219533157954714
19764,2.3845857819535716
19765,4.34108771538658
19766,3.369981543142358
19767,1.337154903211601
19768,1.4985043507245606
19769,3.521146347868909
19770,2.7130511282302985
19771,4.003860424483067
19772,4.876234572656774
19773,2.6604224944800783
19774,4.673049107803561
19775,2.6841304170165197
19776,3.8784967985446084
19777,2.1221389758442237
19778,4.365559382760331
19779,3.7442220297783626
19780,4.700285339253545
19781,2.613053281859162
19782,3.905381812519054
19783,4.002550150977347
19784,3.163778637362243
19785,3.7444594663954427
19786,3.9208031478682175
19787,4.171035476323443
19788,1.1372763867294693
19789,1.3602284835766953
19790,2.987882706558066
19791,4.599185915245292
19792,4.490552558121353
19793,4.967318698292409
19794,1.0999270559078864
19795,2.785582507684851
19796,3.281508505799918
19797,4.196292985521552
19798,4.242964161070331
19799,2.2600554925869676
19800,4.814075873286182
19801,3.958159350847995
19802,2.5037680171663306
19803,2.5435479614697103
19804,2.3113720685081462
19805,2.696829614830912
19806,1.1086492669732912
19807,3.741982279307623
19808,2.9853763886430587
19809,2.0944732051684625
19810,4.0007810287620025
19811,4.572625823999644
19812,4.76749931141193
19813,4.53612026416751
19814,1.700661346769992
19815,4.497089258404035
19816,2.007008799406127
19817,2.0024713158127234
19818,1.3330589399547295
19819,3.8432967446747983
19820,2.0703097929014413
19821,3.2580952811495028
19822,4.70681331929165
19823,3.0435804871345447
19824,1.0314272471059116
19825,4.139150863233298
19826,1.4021522939341167
19827,2.902141641992741
19828,3.1305687833308142
19829,4.278783891085517
19830,1.9415354675074346
19831,1.153874922498459
19832,3.42563803440275
19833,2.891945405961807
19834,3.7131980770003534
19835,4.604514692718141
19836,3.677383723361301
19837,2.012444461624752
19838,1.9217272077385714
19839,3.5041928391694537
19840,3.6471783227689873
19841,4.72483337921749
19842,4.577049852433936
19843,2.9165923862633276
19844,3.8022741176449895
19845,2.747829647892536
19846,1.137768371394794
19847,3.9407033576942854
19848,1.7013012611729708
19849,4.9958407427851474
19850,1.2217353528635528
19851,2.4838695542962745
19852,1.1354706883754302
19853,2.8656966254032814
19854,1.7883161262484806
19855,2.347178391424051
19856,3.2752153323738624
19857,3.057090524872004
19858,2.3917432832061216
19859,3.3618025510917446
19860,4.170348558390479
19861,3.2400570987074677
19862,4.25565535855843
19863,1.0726115925806603
19864,3.3837483384767233
19865,2.476529030483994
19866,4.912023677164667
19867,1.715537604131598
19868,2.798404189112016
19869,2.1569683059543086
19870,3.832105873994572
19871,4.607952977996907
19872,3.5262228981739483
19873,3.6681030184286847
19874,4.990401698565433
19875,4.372472906428371
19876,4.742931131385763
19877,4.725096191989765
19878,1.0191691114815389
19879,4.841154959649647
19880,2.8223022655579837
19881,4.500671529751791
19882,3.258578207876501
19883,4.548766581019175
19884,2.0054197609836826
19885,1.2827352054758352
19886,4.7443113874030125
19887,1.72696260909479
19888,2.8296983324598113
19889,1.4993820531288429
19890,1.5468075089808186
19891,4.452063312836684
19892,2.820112792088789
19893,3.190095330333741
19894,4.973105539038774
19895,2.937125129887592
19896,2.5830228106190285
19897,4.265692294739834
19898,4.857043767612384
19899,4.689025900678384
19900,4.632989018296582
19901,3.891443237344446
19902,1.2881272981861813
19903,2.3537312327021027
19904,4.823151946957433
19905,1.8011645633903735
19906,2.5717649662831494
19907,2.919644138746778
19908,3.879832567163899
19909,2.532909160944109
19910,4.845586987598349
19911,2.0302841311825746
19912,4.232128666920207
19913,1.6915560353756125
19914,1.9016418358648948
19915,1.0411628704659583
19916,3.5611922928246966
19917,1.3717657777410412
19918,4.142793693285709
19919,2.858736477623604
19920,1.0972638774478627
19921,2.4916173617977244
19922,4.166168479612031
19923,2.8908349226950367
19924,2.1556459395790015
19925,2.2971764455631503
19926,3.1390488089827615
19927,3.7645081010124635
19928,3.1740749080043735
19929,3.064422111135867
19930,4.43539817564556
19931,4.317018652597499
19932,4.47135529114403
19933,2.880771108848623
19934,2.3954162493776012
19935,4.7775956605734855
19936,2.7951014096402322
19937,3.6147126793418005
19938,1.3818913340315682
19939,4.48824073844031
19940,3.3735818816089904
19941,3.130757969490729
19942,1.2590834893049445
19943,2.3734983297446974
19944,3.9299899023356075
19945,1.1585133017128504
19946,3.540353330731469
19947,4.765228045272655
19948,3.0481775029532714
19949,1.0871859879272354
19950,2.3846135632717074
19951,4.958286986218447
19952,4.8437462323427205
19953,2.73544893650013
19954,4.445301220509858
19955,4.2530977381005926
19956,4.463236210955108
19957,3.9450394000812925
19958,3.473009201269503
19959,3.234740655325248
19960,4.453190936350133
19961,2.031435214197907
19962,4.128342514094346
19963,3.249995739954063
19964,1.5486477931087195
19965,2.434448336637024
19966,3.3834215628140254
19967,4.535527123396528
19968,3.3032054563891817
19969,4.1624016944084214
19970,4.647290615993288
19971,1.5272501201105455
19972,3.2291273885120613
19973,4.0197845745997505
19974,4.594596313830561
19975,3.4617645800561587
19976,4.782599263995684
19977,3.7786702128306198
19978,1.4811393941908322
19979,1.6526680835802559
19980,1.2605127634127564
19981,3.6101446351093904
19982,4.543787115222464
19983,1.5008533793593855
19984,2.513057276713922
19985,3.4564491035506166
19986,4.087757476768663
19987,2.5049644643131637
19988,2.716563385838342
19989,3.8945803001891304
19990,1.9198665307513547
19991,4.606550971275993
19992,3.7235654033238634
19993,1.7418774989196217
19994,1.6027342625004342
19995,2.666844192533772
19996,2.1367356820706833
19997,2.7997491501048297
19998,1.7256283552678382
19999,2.0566314063437994
20000,2.212597821181605
20001,2.6604320563158264
20002,4.3053881245358
20003,4.606346387619482
20004,2.4398839504379937
20005,1.9243079193677826
20006,3.922155858409293
20007,1.8154672278866184
20008,2.1328296580324118
20009,2.8768805006090092
20010,3.6749302210153747
20011,4.8984218065637
20012,2.5783817964679225
20013,3.685511615077882
20014,1.238716080226626
20015,3.5943635230821522
20016,3.923021552197939
20017,1.2124004987436976
20018,4.492867269090908
20019,2.6498540298561295
20020,1.545791020619078
20021,4.984705438867536
20022,4.80235135560317
20023,2.9104587976514047
20024,4.33902844696056
20025,2.8664468796811993
20026,4.644874170833194
20027,3.108089830536561
20028,1.6986999971001788
20029,1.4638279194596184
20030,1.6642825513555217
20031,3.852695819357805
20032,4.950868890465591
20033,1.4392930095432637
20034,2.579369087320352
20035,4.8922743497445325
20036,3.467534480048317
20037,4.86607149574067
20038,2.6662144560915455
20039,2.383235845645187
20040,4.104730437476698
20041,3.0759579047831016
20042,2.6659884794269972
20043,4.480013397786651
20044,2.968689597716243
20045,4.228849510271944
20046,4.369342346551306
20047,3.8542925743633707
20048,1.7311370711734968
20049,1.8618038144846567
20050,1.2869374303477716
20051,1.3705810910079577
20052,4.964079081037216
20053,3.8163052999626714
20054,1.536634111503564
20055,1.2588102349213637
20056,3.431567986870192
20057,1.9711288852507982
20058,1.76648542813184
20059,4.255097878279258
20060,4.696850762796545
20061,1.7242771552245109
20062,1.9231165210861971
20063,1.160721324191237
20064,2.383746111287429
20065,1.9848757270711102
20066,3.8983476157963146
20067,3.911885933353729
20068,1.894040297917098
20069,3.9961240967315415
20070,4.651482517119275
20071,2.0261892668339976
20072,1.725726422182086
20073,4.447936566993656
20074,3.110612310663655
20075,1.9609795861880288
20076,1.6347717016834449
20077,4.67155150539764
20078,4.822527373802613
20079,4.20219202421426
20080,3.1551052835904407
20081,3.746465433784825
20082,4.162569933554348
20083,4.226772688583672
20084,2.004380478631785
20085,1.390355197599074
20086,2.9387962862225976
20087,2.733246606723526
20088,2.596889965318883
20089,2.1933775264034425
20090,4.172585408395722
20091,3.793970056485519
20092,4.591406525391132
20093,4.493564789750277
20094,2.8237271386063463
20095,1.7495493254709165
20096,3.177504148076127
20097,2.074460589943044
20098,3.9508734534591925
20099,3.8908678277952475
20100,3.219188803295457
20101,3.977038245856839
20102,3.589119037590906
20103,3.4234322363289773
20104,1.0322112466534734
20105,1.848044402580462
20106,2.6207275798838774
20107,1.1776242701538169
20108,1.026408410992456
20109,4.322028556010537
20110,1.868693010903188
20111,2.7796899069286156
20112,1.9972539144799413
20113,1.7999642472049433
20114,3.6059646512191037
20115,3.945984567886045
20116,3.676827647467845
20117,2.9407677520877398
20118,2.5050251328931936
20119,3.526960991128044
20120,2.7054706604175798
20121,3.9600219385257267
20122,3.9944490079891675
20123,4.818664871762497
20124,3.6490170629352017
20125,2.5140279917468855
20126,3.8795615131876304
20127,1.4572370356713735
20128,4.708059383272278
20129,4.772830153612299
20130,2.8893331516276803
20131,1.6834486554231352
20132,3.608321542378506
20133,4.377206561979304
20134,4.921894369823278
20135,3.46311735255648
20136,1.7788764335732772
20137,4.633551065693153
20138,2.45639866036751
20139,3.1328954390543653
20140,3.146538463035924
20141,4.5912324266684745
20142,4.9697280314657934
20143,2.7199941170664186
20144,2.4500817596861477
20145,4.737610802519567
20146,1.475194660656149
20147,4.565718039628639
20148,4.179818049548334
20149,1.415794710762846
20150,1.12907465276801
20151,1.5011753215400279
20152,3.9475441025363325
20153,3.2816285648555046
20154,2.1761080170057165
20155,2.0276386968612368
20156,4.618438523388628
20157,2.276458829199946
20158,4.295421367578589
20159,3.721671889348392
20160,4.938212833987505
20161,4.701317010325845
20162,4.513140306521322
20163,2.072683037194441
20164,1.060767774867081
20165,4.895649705073452
20166,2.0880694531903328
20167,3.842814703608024
20168,2.5157689587985357
20169,4.226488089302773
20170,4.929730009912061
20171,2.5536401563757147
20172,2.3817101047591445
20173,3.059420816548778
20174,3.6230009958969265
20175,2.7297100487436388
20176,2.437235296326632
20177,4.143648656212105
20178,4.9480845391062855
20179,1.9822971093552337
20180,2.2612463852753524
20181,3.0105023776907402
20182,4.775153381365605
20183,4.98578338454164
20184,2.565220593920586
20185,1.4424114797897425
20186,3.665551683500445
20187,4.5365808504088045
20188,4.188463047420411
20189,1.894013737413235
20190,1.9823054960058415
20191,2.3236081222707052
20192,2.861572848359997
20193,2.2453155015552073
20194,3.5188064260520306
20195,2.9843576079572727
20196,1.3645216128303574
20197,1.2479751438388647
20198,2.0570868583067594
20199,3.7201289550485765
20200,2.9335120016159557
20201,3.081261232499922
20202,4.729370993539258
20203,1.6342793986644972
20204,4.894285632775929
20205,2.944409904046664
20206,4.8580649138913135
20207,4.197293251323244
20208,3.526471684216092
20209,2.159627138586935
20210,3.9706851109555075
20211,2.8623718866186407
20212,3.9643798256971188
20213,2.926671438536724
20214,2.3935186399001624
20215,1.7573651265721955
20216,3.2880824073110646
20217,3.9690069761154194
20218,1.7694998058039575
20219,4.640242694946243
20220,1.110687496195236
20221,2.8905519554423447
20222,1.3266375515614302
20223,3.920640271760329
20224,4.810605742488464
20225,3.834977109453916
20226,2.5554412604908903
20227,3.187319996877063
20228,1.9109685064785333
20229,4.0892859911314545
20230,2.709941890787868
20231,1.288883875382509
20232,1.6444584026021838
20233,2.095408780839253
20234,3.1527530512664157
20235,3.7159752267110733
20236,3.1032972481219976
20237,4.15179980602862
20238,4.493652933202833
20239,2.5136312048697937
20240,2.8990576127684187
20241,3.746559654371736
20242,4.6165743539586845
20243,2.5236114397572904
20244,1.1108857803549932
20245,2.9518225319441695
20246,4.160900674086782
20247,2.280921838929691
20248,3.8689823174265707
20249,1.9364986758824743
20250,1.130892846337463
20251,2.804429199864621
20252,4.568827052843989
20253,4.168264681484471
20254,3.5865079559622255
20255,3.1671469464600737
20256,2.8718792768185923
20257,3.419172903890941
20258,2.7096058393381655
20259,4.172349214601384
20260,3.307728881284687
20261,2.470919031865408
20262,4.683315540265816
20263,4.059593185426769
20264,2.112286043815073
20265,1.7977049520313955
20266,2.8920298439127383
20267,4.627619483698744
20268,2.9669153033914535
20269,4.963802026925096
20270,3.5994378935749283
20271,1.2246663287246617
20272,4.701735416105999
20273,3.9498801454141432
20274,4.571940334870089
20275,2.132610636946103
20276,3.194768198210341
20277,4.384576344847018
20278,2.3148547011759697
20279,1.7789150378684262
20280,3.5022642329655036
20281,3.062210468650316
20282,4.792340946116809
20283,4.674170536933586
20284,4.4316598857808875
20285,3.1252586189721754
20286,2.1679586993398843
20287,3.099705390788166
20288,1.6800393734820749
20289,3.0924500425113557
20290,2.841518128910127
20291,3.8421246627904635
20292,3.8799246469627797
20293,2.0543328013875466
20294,1.810567476153063
20295,4.0268321363549875
20296,1.248477955390404
20297,1.1027655958275564
20298,3.919858755018221
20299,2.970809998122209
20300,2.170979437734325
20301,1.99122732173976
20302,4.7611956653411855
20303,2.1353185225573252
20304,4.7073743908106565
20305,1.0249847076618495
20306,1.2257251557596964
20307,3.455474069366973
20308,1.950428697358845
20309,2.009201464916397
20310,3.561745063886727
20311,4.991493357024915
20312,2.415280363011569
20313,4.3324257598017475
20314,3.339827311123291
20315,4.6651047686502185
20316,4.548772182689369
20317,2.303294815543614
20318,4.513948553402822
20319,4.836859489141515
20320,3.27485729319411
20321,2.2502922206038516
20322,3.262665298254666
20323,1.320639960003295
20324,4.5161566499152475
20325,2.7650059648946907
20326,4.439194682299835
20327,4.399486018141021
20328,4.503985975451288
20329,2.7832458632782564
20330,4.982843725749268
20331,1.4869553041866364
20332,4.850890119581264
20333,4.04696104829052
20334,1.9033825964915674
20335,3.0558079297320275
20336,2.009551254517858
20337,3.9294894154242397
20338,4.38788602880612
20339,1.908884533681939
20340,2.353404801179953
20341,4.786577313985596
20342,3.9781094468941167
20343,1.0501847767331252
20344,3.0648898366553134
20345,2.6712701300229806
20346,3.6886042128109358
20347,3.9289283272740274
20348,2.498897268636199
20349,3.458777990720807
20350,4.369464310799533
20351,3.985920896742912
20352,3.8885667684987935
20353,1.1137318205149618
20354,3.2904820923130247
20355,1.438225769676118
20356,4.078455945086321
20357,1.9902336739276754
20358,4.3550385742169375
20359,4.080059916032165
20360,4.460554532267793
20361,1.9334733713427097
20362,1.6187485584846133
20363,4.4895245801320245
20364,3.289350522563097
20365,2.6751429733311625
20366,3.5063106789735987
20367,1.3739799147023635
20368,3.078656340778205
20369,3.203668646451725
20370,1.1395069224495988
20371,4.527400035179456
20372,3.280559872502546
20373,3.226577141723757
20374,1.306339502873516
20375,3.749070258771947
20376,1.6942361837589206
20377,4.608560889664601
20378,1.93937533495787
20379,1.2114636080026728
20380,2.3495883824174575
20381,2.2018739939187797
20382,3.4516639255837194
20383,3.1081569985621633
20384,4.394139138819966
20385,1.4656751311681777
20386,4.281236013392284
20387,1.2958472670900725
20388,3.7852391878476435
20389,3.7257993976988644
20390,1.9011753470443105
20391,3.8050442107123845
20392,3.727792039550813
20393,1.997838081630385
20394,4.34979953037363
20395,4.120949685447227
20396,1.4557844731267053
20397,2.278603441975946
20398,3.6875612694006117
20399,4.9960017968303845
20400,1.410786790558101
20401,1.1353107902803474
20402,1.837500609195894
20403,2.0839274112356256
20404,4.149836885848692
20405,1.6634383488654656
20406,1.5085108325289966
20407,1.5639366336635314
20408,2.9253757721486098
20409,4.928980391489498
20410,1.1594101258553677
20411,2.938489155807058
20412,3.0896733493267177
20413,2.546758542532121
20414,4.1302991223526995
20415,2.2802344192885515
20416,1.1498099723192623
20417,3.3442776417605775
20418,4.752501133920876
20419,4.956135279623205
20420,3.4647267859131796
20421,1.2351276541565182
20422,4.432280186307121
20423,2.346063003585796
20424,1.504276416435519
20425,3.3643107801738905
20426,3.0593914353065763
20427,1.2344848499717238
20428,2.2133647449437315
20429,4.5178335581649645
20430,1.1910590516750452
20431,2.2681044422487475
20432,2.289787504361239
20433,4.5740704867674395
20434,4.732523034937294
20435,1.510223043166973
20436,4.819801049372922
20437,4.094999711930214
20438,4.68159461593525
20439,4.04087493630013
20440,3.230595054769161
20441,2.3742681414275975
20442,2.3020003045483466
20443,1.4987679708156363
20444,3.0485526710410737
20445,3.954280372007479
20446,3.921914576393926
20447,1.5576155399781082
20448,3.20698639163622
20449,2.6743095078126236
20450,3.6970336726187214
20451,1.606378135033499
20452,4.241389280762796
20453,4.219610095163594
20454,4.305231459801094
20455,1.4310456686474793
20456,4.2448467575601745
20457,4.090060428870003
20458,1.1602796978690195
20459,3.6329038237496234
20460,1.2133111885559802
20461,1.8900075948260024
20462,4.930378035467392
20463,4.489133639229108
20464,1.8173093920325907
20465,1.2120729918018966
20466,1.1844817282785205
20467,4.344577363358516
20468,3.857368500193833
20469,2.597908857614503
20470,3.538996618094403
20471,3.1372385465692023
20472,4.266681417017735
20473,1.3244799442474124
20474,3.146621195444133
20475,2.54892288371983
20476,1.972508939913431
20477,3.4000374100334736
20478,1.4663489683941782
20479,1.2079156105981714
20480,1.9490243928596906
20481,3.908725925138293
20482,3.475708890655302
20483,1.5167819040564
20484,2.1239917911484154
20485,4.476409262958837
20486,2.0846399786509533
20487,1.3368748907855932
20488,3.244779087628658
20489,1.1483398950943742
20490,4.704202288333318
20491,3.7358519403638937
20492,1.7664901647017754
20493,4.70615926038408
20494,1.8630905831506732
20495,4.228819470575783
20496,2.600301701975909
20497,2.145826721442703
20498,1.0617743389435041
20499,1.4507181961001665
20500,2.668095049737676
20501,1.0682722221863576
20502,3.017965785055651
20503,4.361343696976577
20504,1.3638857610514319
20505,3.0222869725007517
20506,3.8804874817926462
20507,1.2077762155111826
20508,2.5489945170215362
20509,4.584482014688517
20510,1.1179787855797043
20511,1.1124926331020446
20512,4.22944579847025
20513,4.409202099899515
20514,4.959290698065455
20515,2.0073326281921826
20516,2.25975758407167
20517,3.3461715402370853
20518,4.9629070105823345
20519,3.3580438481225747
20520,3.758172424739492
20521,3.35811040631659
20522,3.5225966091157797
20523,4.590412615982062
20524,1.049411115093097
20525,2.479168184284997
20526,2.4304870254372317
20527,2.4627003736613626
20528,3.1734764779824802
20529,2.7233085320742756
20530,4.358494945948306
20531,1.4840532785560998
20532,3.959951402883238
20533,4.262392197019789
20534,2.8090928155417134
20535,3.342720244612757
20536,1.096347200535838
20537,1.3508025012666551
20538,4.976375442892463
20539,4.721014750431822
20540,1.7442896371848602
20541,4.307371102230119
20542,3.205712729524802
20543,1.9310869899671377
20544,1.8946819659430605
20545,2.720222497647244
20546,1.0049731607728178
20547,4.167647630879973
20548,3.643545876641768
20549,3.830651988661943
20550,4.159915474871397
20551,1.816178997209751
20552,3.3827146727920265
20553,2.4518643926851844
20554,2.846953196336888
20555,4.880190990446649
20556,4.0386655436660135
20557,3.820384247199341
20558,4.475191628579765
20559,2.90686384351903
20560,4.9844563823795704
20561,1.4455105273483593
20562,2.038041929416556
20563,1.8136302250273584
20564,1.7279282705342003
20565,3.5474251188428005
20566,3.7574883616044557
20567,1.9986874388255575
20568,2.8307885916738225
20569,3.4755363481577333
20570,1.982081612928952
20571,4.4287502160893855
20572,2.2458029300929847
20573,1.480423093210805
20574,4.531745533497325
20575,2.22646152627201
20576,2.915382048898879
20577,1.5129170367532283
20578,2.71543729741225
20579,1.3896202361218823
20580,2.147209397590774
20581,3.797162064277689
20582,2.7109835126549258
20583,1.6538835574524828
20584,1.8120992273897358
20585,4.39639469184964
20586,2.1004304248442613
20587,2.8992095722839437
20588,3.1118443928980333
20589,3.596941893334727
20590,4.641175889532653
20591,3.555364664302554
20592,1.0273060385518198
20593,3.765151917970428
20594,1.7528629035854393
20595,3.6857778573484508
20596,4.559574342371025
20597,1.1139617506287132
20598,1.5233080144303552
20599,3.15037047814351
20600,4.140645645191851
20601,3.2620243853610043
20602,2.9443215061921566
20603,2.460005913162307
20604,1.9349267479191163
20605,1.9257117530351002
20606,3.7640405020094843
20607,2.094052202655609
20608,3.584676266852495
20609,2.977551467863277
20610,4.232911173337458
20611,2.783595872037298
20612,4.025787086767414
20613,3.068765295603997
20614,4.822855765637211
20615,3.6191771106013793
20616,3.767321137720066
20617,3.9929555655258597
20618,4.3646102884361655
20619,4.693798393353006
20620,3.212865219425006
20621,1.8350278565623248
20622,3.0114183993326256
20623,3.41827561263223
20624,1.7508194791114717
20625,3.695982195344253
20626,3.9666719740561582
20627,4.482247378147456
20628,2.875987745262236
20629,4.117469602167878
20630,2.190105546025124
20631,1.1895357789485135
20632,1.9762792094265298
20633,2.3810059532257957
20634,1.5527310376884649
20635,3.6432040262420395
20636,4.073735359132998
20637,2.7365790012511937
20638,1.9890685273502644
20639,2.903476746626232
20640,1.1535907654622446
20641,2.9492457454410594
20642,1.6380926019783404
20643,3.6750184190197586
20644,4.277904403587784
20645,3.8936761487699942
20646,3.807350175728897
20647,2.687096006445643
20648,3.226039290933705
20649,2.5639308148466533
20650,2.667135043813092
20651,1.7380635725130968
20652,1.7953548897535905
20653,2.203195328010197
20654,3.1475859427235044
20655,4.207564128671039
20656,3.5928945493313456
20657,2.2899835662046724
20658,1.0841387685280472
20659,1.952863648833894
20660,3.9261549647363427
20661,4.804469896644194
20662,1.5161881217648179
20663,4.917189750070233
20664,4.314268437017727
20665,1.1950423497539058
20666,4.5568412483265455
20667,4.376279920076584
20668,2.9053016817213657
20669,3.4578696146003685
20670,4.777962098476749
20671,2.555489143436543
20672,1.735385227631582
20673,3.4560987103761396
20674,2.497264706548714
20675,4.461258183783583
20676,4.371489933922013
20677,4.1571432762118175
20678,4.4053954596563365
20679,1.8942146409332459
20680,3.501873834942282
20681,1.1043297481851577
20682,1.0160075961762445
20683,1.4965244679009673
20684,2.7619957557747807
20685,2.5377768961642744
20686,4.692064219960671
20687,4.242501906092633
20688,1.5988633547212872
20689,1.6878657393026772
20690,1.364918875326425
20691,4.515667517066897
20692,2.2655625372517774
20693,3.674621210267708
20694,1.5358133011850597
20695,1.868203882437319
20696,4.887293366628328
20697,2.274529646273523
20698,2.2161772154500805
20699,1.7278603238584798
20700,1.036614615881562
20701,4.23590977736473
20702,1.2581919188862112
20703,1.7290619507251943
20704,3.695757165817311
20705,1.645412731456454
20706,4.61812746700611
20707,3.57010169264027
20708,1.9004990785962113
20709,4.204532778557899
20710,3.732809127568282
20711,1.2596898135664776
20712,3.0801952291005246
20713,1.8909348121103888
20714,1.7478285667420987
20715,1.502086436264789
20716,4.144389078846691
20717,2.220367899592587
20718,2.6610793198940486
20719,3.1958782053770562
20720,1.7931456225190714
20721,4.835708869778001
20722,2.0213123274613403
20723,3.6880008816545087
20724,2.731395349527944
20725,2.2721646098475246
20726,1.3445717602055538
20727,2.6750829888072256
20728,3.793595256209094
20729,3.207092709612893
20730,4.613637757784774
20731,3.8816436839949517
20732,2.5942326621776086
20733,1.749433910305768
20734,3.586749188870909
20735,4.197158136613517
20736,2.2811566098277942
20737,4.4719925715664495
20738,3.5168614022089644
20739,1.061066950442569
20740,1.515684682679796
20741,4.888016371478948
20742,4.6949743791616125
20743,1.0989187577403197
20744,4.597860924711112
20745,2.173103336646131
20746,3.014309709534825
20747,1.8888667870416276
20748,2.620019376326985
20749,3.11531736603958
20750,1.3706350877145983
20751,2.323415086980418
20752,3.1038526211446693
20753,2.998733110421365
20754,1.5787563021691144
20755,3.0329294464787613
20756,2.46886231344229
20757,3.442730204946404
20758,3.9630913081071797
20759,2.1493231705518023
20760,2.1313025964283243
20761,1.4242959071097996
20762,4.566237896376428
20763,4.477957290588752
20764,3.5305817238267965
20765,2.9979736552987464
20766,4.648350212413999
20767,2.363755734444175
20768,2.8179867100029696
20769,1.7018245743565545
20770,3.610768692931244
20771,3.6258476374782878
20772,2.289099493429953
20773,1.0550320770024793
20774,3.2509978755837197
20775,3.495872272255372
20776,3.722503561146703
20777,3.8233258981646134
20778,1.5419130222855655
20779,3.732840968491298
20780,1.5450083513870365
20781,4.870132503958926
20782,2.5301707878290483
20783,4.99380394773496
20784,4.7106787778888135
20785,2.7085776969022772
20786,3.561307598087497
20787,1.4842902282443848
20788,4.468054883339837
20789,3.617374743661535
20790,4.904116865132584
20791,4.86182042512847
20792,4.501592504763724
20793,3.1475375660978715
20794,1.5111555955079106
20795,4.466469196174548
20796,2.2407273373820167
20797,3.0933291480115734
20798,3.2721605801476215
20799,1.0371385204889552
20800,1.6777092304376127
20801,2.618119522063233
20802,2.9633024031758937
20803,4.2000503921621375
20804,4.383815537747134
20805,2.843926555175111
20806,3.2820367773984627
20807,1.2644580229951812
20808,1.9170290589128842
20809,3.4382792537330755
20810,1.2913249712598645
20811,3.6903505852282183
20812,4.1106093842212434
20813,4.727284873350271
20814,3.9639918896578274
20815,4.466543703361623
20816,1.5264967312977733
20817,2.0462900953953675
20818,1.7121488468649422
20819,1.9778094193465066
20820,1.49790511903606
20821,1.0230511444151347
20822,1.4919263501499858
20823,4.810058797800335
20824,1.2804714733828901
20825,1.6375693304584509
20826,2.5516687757976255
20827,3.854592979317926
20828,3.5980577497829445
20829,4.059390599979192
20830,1.664481979223055
20831,2.0888269812232836
20832,3.3023408101229577
20833,1.6238755175384276
20834,4.830387443620021
20835,3.1008351649714823
20836,2.4612521832857426
20837,2.1256508705150026
20838,4.695349208439681
20839,1.5685962003061027
20840,4.299317572939483
20841,2.0495610848562893
20842,2.792191557280986
20843,2.5375105796576083
20844,2.0320974316148686
20845,3.4298047894983332
20846,4.497222932742877
20847,2.7372487571015203
20848,1.111948421919616
20849,4.615281602145533
20850,3.388745150819698
20851,1.0891574354539615
20852,1.6679725768848161
20853,3.349354887975737
20854,2.488594123598476
20855,3.2452011220367196
20856,4.875834722933359
20857,2.066125157774977
20858,1.547692477468705
20859,3.6483373528364553
20860,2.280030270033346
20861,4.566444771409804
20862,1.8685651082875725
20863,1.7989291447795481
20864,4.291442250998582
20865,3.4531449816577275
20866,4.034690367023608
20867,3.3577263994312196
20868,2.4215255401662454
20869,2.4747570942610797
20870,2.4667303792941393
20871,1.1459150429010605
20872,1.400517162735504
20873,2.460837663479213
20874,1.9122620140249804
20875,1.0027511067513264
20876,3.531395290809669
20877,1.0661119660643692
20878,2.4621353684594887
20879,4.09723509263193
20880,4.643545937148986
20881,3.247830333308493
20882,4.810640515809723
20883,1.3336606933654838
20884,1.6565390554816948
20885,4.654020751327793
20886,2.5780408942736805
20887,4.509370015201906
20888,2.0834366180665693
20889,4.054210373879814
20890,1.5784089765944302
20891,2.672445906915767
20892,3.9941173597067583
20893,2.677071308225361
20894,4.771622506708216
20895,2.013519716419397
20896,4.339692391636507
20897,3.40640075144766
20898,1.120687976571633
20899,1.157941499824128
20900,1.600148171681055
20901,3.973459443645062
20902,1.708785569250162
20903,2.831519173613183
20904,1.7991550961264946
20905,4.986764071564384
20906,4.743731016678686
20907,4.285596675532014
20908,2.5918030754469457
20909,2.5906499229522884
20910,2.188278287645094
20911,1.9365895778045252
20912,4.371599590023692
20913,2.214262752810952
20914,2.730348145792201
20915,2.690825512366056
20916,2.880650741939565
20917,1.0874448192198365
20918,3.244799938163338
20919,1.2400959561087062
20920,4.667974041737985
20921,3.2673160542017334
20922,4.909322465969269
20923,4.2638486751379165
20924,3.697689947008059
20925,2.3868970933751297
20926,3.961570338076955
20927,1.60666936880929
20928,4.294079190870218
20929,3.6758999613555834
20930,4.498293167158572
20931,2.536919333706716
20932,3.5247314841147164
20933,3.7814509387932875
20934,2.4622939497197796
20935,2.908881260852067
20936,4.249407943514005
20937,2.9008278037212047
20938,4.468560198994588
20939,2.4342869101628164
20940,2.3308847118889964
20941,4.360280507115783
20942,1.7550808472999702
20943,3.235892488161265
20944,2.375230003486378
20945,2.8534154293851297
20946,1.9707279195166265
20947,4.139400688499876
20948,3.3976600264078987
20949,2.0748526018671054
20950,3.3199513468316586
20951,1.2169529399877885
20952,3.739733090872121
20953,1.7578860079847112
20954,4.777701554384938
20955,3.7159411560687086
20956,4.185247797413808
20957,3.546775869384818
20958,1.5369637837809362
20959,1.8661560981970222
20960,2.518802669875263
20961,3.9863004613982547
20962,1.0100912486362335
20963,4.967361330487883
20964,4.319061035352844
20965,1.849971174935562
20966,3.7973090060419863
20967,1.3056787444887634
20968,2.678127959296308
20969,4.182527243935795
20970,3.9942269810611672
20971,3.8987840775424063
20972,1.9764452656719964
20973,3.6425886573170083
20974,1.52674008981182
20975,3.71779991110605
20976,4.199111870304149
20977,4.881984658900917
20978,3.5487712375515925
20979,3.012625663669608
20980,3.0240864320707987
20981,4.159676933855126
20982,1.9556664169600264
20983,2.9752035407055066
20984,1.7670333187759093
20985,2.1861303497563638
20986,3.7528828878183123
20987,2.963682456254747
20988,1.9221409730444394
20989,2.213620001475649
20990,2.512242418765312
20991,2.4902207370317635
20992,4.451662433658901
20993,2.653282454971397
20994,1.991289273178042
20995,2.515733658037006
20996,1.3099666685487104
20997,4.543098910086853
20998,3.820010392457363
20999,3.5794117310468176
21000,1.3643710631295174
21001,3.639966346113144
21002,4.390083730833155
21003,2.3817983777256773
21004,2.980597669511848
21005,2.1142619783984116
21006,2.221906783868601
21007,2.7091047647605992
21008,4.29543145072943
21009,4.72336794641556
21010,3.352599602357203
21011,2.7176598749174965
21012,4.137817462980273
21013,2.0829346491225627
21014,2.1977341359789664
21015,3.4077436182926575
21016,3.3211242745172687
21017,2.584744772183575
21018,3.374741258020286
21019,4.084904768572795
21020,4.587002863233238
21021,2.769127454086259
21022,3.083025222742464
21023,2.3753749873367123
21024,2.06827265057281
21025,1.1814468581194908
21026,1.3226121290340846
21027,1.7530636694381343
21028,4.383190217856777
21029,2.8761851686807365
21030,4.216468597961917
21031,2.507795675457301
21032,3.2177634900871324
21033,3.78581415472006
21034,4.186654844588637
21035,4.651104774717785
21036,3.9976170286339605
21037,3.7069122841345465
21038,2.1562890049238317
21039,1.652657966807784
21040,4.086395823154151
21041,3.642704904236455
21042,2.614891658999023
21043,4.216530542875184
21044,2.4623626604660216
21045,1.8550078414881392
21046,1.0794439456294573
21047,3.170281360822093
21048,4.97365863756195
21049,1.9769996595023787
21050,4.642799093342249
21051,1.9503174764286575
21052,2.385071068880919
21053,1.9331090168178493
21054,1.0877425139842587
21055,3.931965060749621
21056,2.440111072234054
21057,1.5393295070170567
21058,3.9943413677475186
21059,2.609515203918843
21060,2.3623059582864685
21061,4.6788495522062
21062,1.0282710508744581
21063,3.060196050182789
21064,3.7830419183611497
21065,2.2619580343615966
21066,2.888858128951637
21067,2.085004759809001
21068,4.393357841415503
21069,2.7708011538123642
21070,2.8593456196064033
21071,4.153023602804312
21072,4.541705961747038
21073,1.8973719714039623
21074,4.67749392180299
21075,3.049579164928169
21076,1.2976240994560864
21077,2.812797944207418
21078,1.4138608418442264
21079,3.8695000814485927
21080,2.838297759452835
21081,2.0708786818340563
21082,2.4531501413624412
21083,3.464890209541629
21084,3.0417326970374203
21085,4.762118009537497
21086,4.778418535658488
21087,4.7201234813220125
21088,2.703983678565626
21089,1.8758367866505492
21090,3.0262427701658914
21091,4.1519911903362825
21092,4.8978218866159695
21093,3.1972781698045227
21094,2.7630765444206213
21095,1.966478979485291
21096,4.5474650102275405
21097,4.821842824519562
21098,1.6772328051355245
21099,2.8452482917430304
21100,1.9437001572665307
21101,1.5993927397824015
21102,3.492182945784555
21103,1.4151946408993807
21104,2.3585869155640538
21105,3.5196912738938115
21106,3.9335013304053787
21107,3.5796547997024066
21108,3.9732858830559312
21109,2.8623859672657006
21110,4.668824977995028
21111,4.553144700150874
21112,2.346815550784448
21113,1.7417466826217272
21114,4.124070708638543
21115,2.3671205491785394
21116,3.5116701207774987
21117,3.271636958214352
21118,2.0135201154990763
21119,3.29565445091146
21120,3.973840175129103
21121,2.844675465726255
21122,3.220341619826945
21123,4.558372160999931
21124,2.2737366905171355
21125,3.1397335626805036
21126,1.7406193966542256
21127,2.1943347746776993
21128,1.6843487126019796
21129,1.9618411689670099
21130,4.495541875984774
21131,3.0351709057764125
21132,4.73868378496492
21133,1.7502808576253193
21134,4.704009596033923
21135,2.4385396165544937
21136,3.6949682663397114
21137,3.1956035444907784
21138,2.666585941369618
21139,3.923602023272224
21140,4.009497416504205
21141,2.49272901236043
21142,4.630594820056157
21143,4.29324924744421
21144,1.8762577939973748
21145,2.0579822122534432
21146,3.6890579232692358
21147,2.287510763324568
21148,2.672477640973064
21149,4.201795689863903
21150,4.092802217165325
21151,3.977717963992053
21152,2.400349810275906
21153,1.0115395412931893
21154,2.302691801819164
21155,2.4793012878006757
21156,2.0223765704357253
21157,4.4397420603169895
21158,4.614262123964382
21159,3.639515851610799
21160,1.7459598270608305
21161,4.826263226595941
21162,2.9527563340368657
21163,2.7742100584777782
21164,2.8816641663910887
21165,2.6767975726130833
21166,1.2026887666631167
21167,4.420422932425919
21168,4.922569455145325
21169,2.905096248787816
21170,4.277442167876437
21171,1.4679583880547837
21172,2.486926151366754
21173,3.4460644034128327
21174,1.5059494558128868
21175,4.21186955035684
21176,3.883331868115914
21177,4.567761695815421
21178,1.7386608390553868
21179,1.9860306401765784
21180,4.405537293639956
21181,1.4239089829746372
21182,2.419486141912181
21183,1.636514454105269
21184,3.7544620264368156
21185,3.786553940177096
21186,3.753867679947273
21187,1.4472813610780615
21188,4.269680451154276
21189,2.772577053779772
21190,1.5448067717262148
21191,2.3470768806660147
21192,4.937934987830538
21193,3.950924275659226
21194,3.8711877962807897
21195,4.593742754536552
21196,4.256122129239185
21197,4.693762135274253
21198,3.773471572427666
21199,1.8165994298673662
21200,3.4357057562339275
21201,3.9700416038306896
21202,1.3798392322969253
21203,3.40073065467211
21204,3.128728077368589
21205,4.8558484969245335
21206,3.7318009035112665
21207,1.2068732938956117
21208,1.4118036619995524
21209,3.059932228615809
21210,2.6069596504251695
21211,2.22833816663127
21212,3.0478299424986055
21213,3.6831077581291116
21214,1.1561482328548585
21215,3.6621531599879495
21216,2.8171978038717267
21217,4.564806792630524
21218,3.9686332231171644
21219,1.5711792173218804
21220,1.4270174726892217
21221,4.336335444160331
21222,3.1099137444144165
21223,1.5664686932293534
21224,3.099281291606435
21225,2.126300023537558
21226,3.6249820561534682
21227,2.210633208447808
21228,4.529032523894216
21229,3.3601867840174124
21230,2.963806067786639
21231,3.653611731831997
21232,3.7286024467313315
21233,1.6219479507378494
21234,2.9697739868455515
21235,3.979560695899014
21236,4.234672858250303
21237,1.0959016337027196
21238,2.6154831108307506
21239,4.982311928788503
21240,3.289641539464327
21241,4.518123602260692
21242,4.567077093103588
21243,2.6846449322397548
21244,1.4038672231426874
21245,1.0186857396987814
21246,1.8083447422654855
21247,4.497522940475024
21248,3.769528994928836
21249,3.062182444932769
21250,2.578217494169194
21251,4.329354890452549
21252,1.0711295355742814
21253,2.4991812010979744
21254,4.905877958762417
21255,4.953772547574729
21256,4.760110426141841
21257,4.663276165563248
21258,4.895031930457823
21259,2.2266975362268036
21260,2.5055653749597315
21261,3.1359081515645277
21262,4.005513500933299
21263,3.3323304368137148
21264,4.804064955112379
21265,3.6056229724817044
21266,3.23296409098776
21267,2.5879901454723444
21268,1.1850800723218016
21269,3.656032072695945
21270,1.8475349612668621
21271,4.843628891058055
21272,2.572480383635692
21273,4.7353233037125495
21274,4.992693496008139
21275,3.190785160857945
21276,3.535129320080315
21277,2.5567662667319135
21278,3.5859063497131465
21279,1.5875154356049115
21280,3.6038163829998915
21281,2.043907407977284
21282,3.9134059220249906
21283,3.6708414963155005
21284,4.344427834259761
21285,4.879356380444664
21286,3.7952510314428722
21287,3.3637919546931485
21288,3.8986060645116503
21289,4.9141610744955315
21290,2.7765346493244327
21291,4.861410203873967
21292,1.384576866506619
21293,1.4497123593358752
21294,2.794048119386279
21295,1.6715808519884643
21296,3.770543950457551
21297,4.848333293030576
21298,3.717605418375437
21299,2.844625419910569
21300,2.669504000958341
21301,2.0871086783142325
21302,2.9964467622168214
21303,1.5348108128504427
21304,2.1526005615618047
21305,2.580817543656824
21306,1.0199499402641754
21307,4.106374255691942
21308,2.4198525297557296
21309,1.4106592746189257
21310,2.690122802637609
21311,3.6211006217809696
21312,3.199525696443054
21313,2.3487164073211195
21314,2.591935588039169
21315,3.0313288948192545
21316,1.073371708943708
21317,1.8494962404278166
21318,3.1716842666227967
21319,4.590843722793236
21320,2.7684520004538995
21321,4.2777782431368445
21322,3.1503796539243685
21323,2.918602080181098
21324,4.806973211952016
21325,3.087415173624497
21326,2.3722897659297377
21327,2.429946684584024
21328,1.706886885848181
21329,3.3051095164198747
21330,1.1714765609457332
21331,4.2161905419739
21332,1.068378668273818
21333,2.9379049876111636
21334,1.7810994430417453
21335,3.5713667163257705
21336,2.5513841178894237
21337,1.689961554563911
21338,3.805304625237629
21339,1.5214486566875864
21340,2.386509564243962
21341,2.544349735754132
21342,1.5146295864393502
21343,2.778461173088343
21344,2.7639944528733844
21345,3.9224211308247168
21346,3.1901933329032133
21347,1.3353114420659775
21348,2.4483568233450232
21349,4.113777802476036
21350,2.839447495226235
21351,4.298255960173382
21352,1.1109033917189448
21353,2.0291793089820063
21354,1.8212023999613929
21355,4.622510596645899
21356,1.7244810764129634
21357,2.220190635782002
21358,2.82913202742625
21359,3.494234075701975
21360,3.865991947936032
21361,3.4764405797269204
21362,3.829555359491083
21363,1.7468529362596215
21364,4.395034674560023
21365,4.413694008101526
21366,3.399668643671147
21367,4.042072679177654
21368,1.8452983089414903
21369,4.551761501652601
21370,1.0617204589377511
21371,1.3845582278335096
21372,1.304753292426267
21373,3.972731234438476
21374,2.164764088400613
21375,1.398776699056369
21376,1.9822810605197994
21377,4.73038537597276
21378,1.3782202759417808
21379,4.729808457041592
21380,1.0588048208145877
21381,1.335543805734305
21382,2.470880621137706
21383,3.1075913834607722
21384,2.7232382431001527
21385,3.3042300238112894
21386,2.9557702945450113
21387,4.201060955583141
21388,2.74155790054675
21389,2.0399369889984547
21390,3.090441875422058
21391,2.5856723080813264
21392,4.155967770061784
21393,1.904724754166328
21394,4.979198309949442
21395,4.065341555574242
21396,2.9254203424421514
21397,2.4012893992697784
21398,4.08486864494288
21399,3.518662749940071
21400,4.103736260428585
21401,4.400194165539768
21402,4.70057337176252
21403,4.429693085155252
21404,4.691708968429063
21405,4.699303374947534
21406,2.57791766020531
21407,2.737912756891818
21408,4.069032575419316
21409,4.610681643306934
21410,2.6694185540285047
21411,3.1486363999973372
21412,3.502398451408395
21413,3.8013481401926676
21414,3.841100064942171
21415,1.110604574745234
21416,3.38382003570414
21417,4.368674084381423
21418,3.166232749291533
21419,4.8342515071116505
21420,2.833529266080314
21421,1.0617021656273757
21422,3.1032336343792113
21423,2.9734955083676007
21424,3.593412693004443
21425,4.080591043047491
21426,3.1689059503014088
21427,3.1320238434547547
21428,4.9517613740411255
21429,4.937157287695039
21430,4.6559613008774345
21431,2.509705780605298
21432,3.6245694177191283
21433,1.5851747446266997
21434,2.1500792954233097
21435,3.404089681765926
21436,3.240907013327822
21437,2.7859078342551085
21438,4.063971293460311
21439,3.5637696902501106
21440,4.263234885282642
21441,1.8008518196860641
21442,3.87838956684443
21443,4.015125848575828
21444,4.789228395369676
21445,3.8560631557635743
21446,2.4347855146950197
21447,2.99931039382351
21448,3.914201503584399
21449,2.9073103835824337
21450,1.0339338297798766
21451,3.2507152934011714
21452,4.326037750381207
21453,1.401095609005237
21454,1.8148871883625448
21455,3.8168271365571003
21456,4.979666600707283
21457,4.692652283651827
21458,3.1970802948677206
21459,4.650529462041664
21460,1.648421255731559
21461,3.2270902185352988
21462,1.2560753807746163
21463,3.8082769318835403
21464,4.567394278148154
21465,3.9760455209983045
21466,3.5880514048764844
21467,3.9430567009561193
21468,2.281296457692718
21469,2.083566565096283
21470,1.3786277950811314
21471,4.498421974444902
21472,2.124798621198267
21473,4.895564672411499
21474,3.45875178594528
21475,1.9415212260777466
21476,4.153806407412769
21477,3.745554229703772
21478,1.5117878828597515
21479,1.4958489779194855
21480,2.2575685404212766
21481,3.737560670295741
21482,4.707722521895558
21483,3.3113858021427363
21484,1.2420020775612062
21485,4.0600909215056005
21486,4.342783497630242
21487,3.314334700642936
21488,4.569405454516777
21489,2.769919633967909
21490,2.080660254734929
21491,3.260572340193653
21492,3.3796338414832126
21493,1.358037928437788
21494,2.2185327797662677
21495,3.5299645648776243
21496,1.2904868245944359
21497,1.511706350080292
21498,1.1069300672934683
21499,4.399342692461303
21500,4.460441707359285
21501,1.2120901465576188
21502,4.862210352690202
21503,2.306596193102773
21504,1.1556444958116034
21505,1.4246479154300564
21506,2.1752685880770724
21507,1.738969695167007
21508,1.3344366656739028
21509,2.9881457188474365
21510,2.427868267563231
21511,4.260595424828892
21512,1.377576387684372
21513,4.796266970794574
21514,1.8406948904146825
21515,4.29082605990951
21516,4.606296371865483
21517,3.0804968868693265
21518,1.7295433238875155
21519,4.970567058239677
21520,3.882227951277147
21521,4.059533134093137
21522,1.3752012706175285
21523,3.3396289331704048
21524,4.083598511446947
21525,2.962920160932792
21526,2.72437966867457
21527,2.7068606833009463
21528,2.740291116607537
21529,3.371322200693227
21530,2.678252967986764
21531,2.223376807421236
21532,3.3419304570300583
21533,2.3439592600528374
21534,3.656772187059225
21535,1.4764338584126406
21536,1.8733735230319066
21537,1.5782470368205144
21538,1.1452617991655982
21539,3.486785344398513
21540,4.6084522946539765
21541,2.2071875253258897
21542,1.6293725894400217
21543,1.3400865711986838
21544,3.6785380359370334
21545,3.9052602476420946
21546,4.1906038276634305
21547,1.4731516393944504
21548,1.644552240912915
21549,2.832939264312545
21550,3.8263516217940046
21551,4.216425765994566
21552,4.045381373138616
21553,2.029382419204248
21554,3.3042922994640658
21555,1.1225449940689765
21556,4.612193769312987
21557,4.915041601264056
21558,3.9087675317775457
21559,3.593693001691738
21560,1.0308344483933998
21561,3.042800216942755
21562,3.666696646338923
21563,1.738444563220051
21564,1.1347448465676582
21565,3.301778870477492
21566,1.255443772790882
21567,1.0513799256701382
21568,2.4300038509191872
21569,2.3029564963043208
21570,3.6834927595822715
21571,3.534923758147019
21572,3.4452411209657257
21573,4.1720517257380045
21574,1.5236111183706122
21575,3.8389233394002953
21576,3.8427552093706208
21577,2.369623042635586
21578,3.6635540080488753
21579,4.728724109607894
21580,3.6095317744520306
21581,4.855588739456807
21582,4.4210538805479125
21583,2.9751625526500836
21584,1.8426459258495003
21585,1.5324483022810331
21586,4.290607019837472
21587,4.181130371988797
21588,2.656148786576579
21589,2.0495593859792196
21590,4.200630691264923
21591,2.1646343926749347
21592,4.5651528050218495
21593,3.711579096240957
21594,2.4290731997798307
21595,2.700300983128502
21596,1.3205021573381268
21597,3.941680338648734
21598,3.724150484654795
21599,1.3983731858429764
21600,3.5957993220247504
21601,3.544404487055786
21602,4.104934503428371
21603,4.152657490581536
21604,3.126857422014232
21605,1.3898479760008815
21606,3.544128281665465
21607,4.343532109844646
21608,3.5585837021891695
21609,1.767894669650802
21610,4.498302719538865
21611,4.116617322670303
21612,4.90168573928697
21613,1.2748412610488438
21614,2.266909400306171
21615,4.232933168524691
21616,2.9410969472580755
21617,3.4737095779359253
21618,4.5470370038812895
21619,1.959726835801328
21620,4.49345408332997
21621,3.7145173115689643
21622,2.660245597212713
21623,2.299406448396518
21624,4.163284846700543
21625,1.8516198591957513
21626,3.497411655625699
21627,1.945185004712942
21628,3.9264849302131557
21629,3.9515499545921484
21630,3.430690175389323
21631,2.7328633089590983
21632,4.839696625855639
21633,3.9843814166626377
21634,2.7491135490068763
21635,1.2148323727279653
21636,1.0857464447008938
21637,3.679888932423598
21638,4.870349797166344
21639,3.9556436682388645
21640,4.041797011837357
21641,3.7040300181072485
21642,3.243198651150891
21643,4.567699357898156
21644,4.746764704103958
21645,2.6928772698141237
21646,4.07845436550963
21647,4.657568662807774
21648,3.8755891561191276
21649,3.320329761893961
21650,3.9372041851906747
21651,2.3703449550703186
21652,2.926224832879432
21653,1.6063270418760878
21654,4.2180021332663475
21655,4.579777382365789
21656,1.3788791119016475
21657,2.543570085625044
21658,2.3785709772728754
21659,1.696393629026848
21660,3.762478527382396
21661,4.766849915028362
21662,1.7329097726321443
21663,4.668356912176301
21664,2.3149197468890677
21665,1.0289768396071026
21666,1.3328501572498936
21667,1.097571342702218
21668,2.5545841700578547
21669,3.56392303744303
21670,4.528078807437474
21671,3.52693842627156
21672,2.215567999672491
21673,3.396117451313794
21674,4.966013850517826
21675,4.680508601395129
21676,3.5942284050792437
21677,3.275257102590068
21678,3.7691732763306636
21679,1.7814162841015517
21680,1.3328631438838197
21681,2.5774611109457375
21682,1.809966526630871
21683,4.260424751410055
21684,1.669933615176077
21685,2.569577331409686
21686,2.541180615924838
21687,4.807690506519764
21688,1.9510840258922921
21689,4.551164391782853
21690,3.4566093345740017
21691,4.156656744625948
21692,4.442391933324424
21693,1.0184000478260238
21694,3.391748278926727
21695,1.4449747082894921
21696,3.141418054404088
21697,3.919655206273258
21698,4.998799449556703
21699,1.2245066958554403
21700,3.642737706867784
21701,4.631237533007939
21702,4.61974436788009
21703,3.9480746258024157
21704,1.386971890911655
21705,3.653055525556106
21706,2.3196831037922374
21707,2.2497298106925334
21708,1.0184748907546841
21709,1.3654540422614758
21710,2.443093548363205
21711,2.317088675395805
21712,1.4656262366155675
21713,4.162306590354746
21714,2.841747317279497
21715,2.99832902083732
21716,3.6683954225100814
21717,4.686375580566857
21718,1.394156397491444
21719,2.025625594250545
21720,4.369316275596814
21721,3.0834196489949157
21722,4.487083983754204
21723,3.8957021850219586
21724,2.8542283926358136
21725,2.469269853553125
21726,2.72668864539153
21727,2.186155607725007
21728,3.399082440377592
21729,1.9304252505714294
21730,4.260474882288472
21731,4.244028263337819
21732,2.034130111135983
21733,4.1068987759721525
21734,2.286751313567457
21735,4.717064386229623
21736,1.8656036262995968
21737,1.6997189343490224
21738,3.117706570695929
21739,3.603618283556734
21740,3.1725859669609737
21741,2.692914302587507
21742,1.8552379518707935
21743,3.762515876211925
21744,1.1940624048009507
21745,4.985180797452619
21746,2.907652261974041
21747,1.0903745921639438
21748,1.7519588152669932
21749,4.806572505798103
21750,4.656555802815681
21751,4.659709002645585
21752,4.611783794880109
21753,4.447949922855338
21754,4.68789985301799
21755,4.851716992655136
21756,3.6873671496626454
21757,1.0486293721214888
21758,3.0264092865543715
21759,4.023984919159373
21760,4.28289868053554
21761,4.546943808904814
21762,2.7385753858644906
21763,1.97008466842321
21764,2.8363188690657384
21765,2.268558938249492
21766,1.1344909258784273
21767,2.783720549291323
21768,2.1284242501064274
21769,4.14360265589171
21770,3.497142931042753
21771,3.0645107371477707
21772,4.923689287015261
21773,2.3782231213850986
21774,1.704815316099368
21775,2.142009556009816
21776,1.6749581765873565
21777,1.9889740730632326
21778,2.551376259330258
21779,2.811289986381243
21780,4.069622638549067
21781,2.3116653539121783
21782,2.577813470114119
21783,2.7043022846936124
21784,3.052855734210137
21785,2.9702341757561626
21786,4.4318845272412855
21787,1.749617312598943
21788,2.3835794589964263
21789,1.5753847921822306
21790,2.2015659105651135
21791,4.778827112092165
21792,4.363081515964032
21793,3.4706529004665563
21794,3.26108525355859
21795,2.1891125516856476
21796,2.208624421079629
21797,1.8228785802805318
21798,1.9046026958026472
21799,3.912463510696381
21800,3.7240778991435093
21801,1.5220173192735929
21802,1.4103760678237158
21803,2.853412261051872
21804,3.9936885882042037
21805,1.3834879502389534
21806,1.0874713313258164
21807,4.531183381692207
21808,3.4277217765933785
21809,3.575108002986059
21810,2.099834603337777
21811,1.5094167788470485
21812,1.0020869676141264
21813,1.8817855412416131
21814,3.8945749704083497
21815,2.78123645353759
21816,3.9369106565545566
21817,3.406661795229949
21818,3.8093461494458296
21819,3.714933367990794
21820,2.4735514908351344
21821,4.845647272378829
21822,4.721536548319674
21823,4.156165120286008
21824,3.6880952481695704
21825,1.5717321136134177
21826,2.700738117410246
21827,4.604517488531633
21828,3.8001725480158677
21829,3.932634121167574
21830,1.183857694056941
21831,2.765764472198721
21832,2.862397555538913
21833,2.0044544647205913
21834,3.962415150330481
21835,3.456121573972286
21836,4.374628310185976
21837,4.757978618156551
21838,2.935570898502109
21839,2.9321062675546896
21840,4.308184995502002
21841,1.7729654117457594
21842,3.1550166035244103
21843,4.690514329210684
21844,3.305992718945446
21845,3.8165803012253012
21846,1.9859435248885111
21847,2.5150438070880363
21848,4.871089659238026
21849,2.8754037824958045
21850,4.529935942970155
21851,1.1810525714853504
21852,1.3213934920708637
21853,4.572912628018979
21854,3.7640565063453235
21855,2.517687621280112
21856,1.8658564852819475
21857,4.178515495743243
21858,4.871020454894666
21859,4.134433011403035
21860,1.0310315739196287
21861,2.7737083032704892
21862,1.546410987388716
21863,4.705160325657426
21864,4.8323537647403265
21865,4.406981427539666
21866,3.748665123351398
21867,2.0468511207698667
21868,2.8714034761445903
21869,1.7013319157515379
21870,3.199871504313746
21871,4.353395457491523
21872,1.6704678642479647
21873,2.6776442380646093
21874,1.0669069480839068
21875,4.585464465905938
21876,4.517862142531003
21877,1.5309054497460637
21878,4.667613521365722
21879,4.332410553727507
21880,1.5317049319747817
21881,2.1753872132362027
21882,4.315939449279684
21883,1.2369233163078053
21884,2.984416021347836
21885,4.141970684196448
21886,2.039345724997546
21887,1.803071188720717
21888,1.678263142017689
21889,2.4207823142523215
21890,1.9074060748311772
21891,2.774076169365623
21892,1.3405706189869018
21893,3.543264276374068
21894,4.449077477204357
21895,2.1115388153669272
21896,4.542766599257513
21897,4.791137840589425
21898,3.7338529563080427
21899,3.300517313167823
21900,3.2537216229000427
21901,4.588739470126983
21902,3.1864088843689613
21903,2.2222548187392093
21904,1.9708705990582636
21905,1.3666067909322277
21906,3.107170691035052
21907,3.038607795993249
21908,4.086842864219562
21909,3.5045879196617205
21910,3.6993629463035416
21911,2.7429462633400665
21912,2.322203273918336
21913,3.92177631878443
21914,4.275647489030295
21915,2.64215387893203
21916,3.0470999108996852
21917,1.678237748016696
21918,2.9606796851139427
21919,3.03606488238577
21920,3.5157066644943513
21921,2.4046225262057566
21922,4.818957249203649
21923,4.424617964911797
21924,2.2830541315015216
21925,2.645835788716342
21926,3.88322137506347
21927,2.018400995507267
21928,2.350425199574599
21929,4.304178703837111
21930,3.763465511166892
21931,1.134845370330693
21932,2.9665157646676454
21933,1.8487584753397162
21934,1.0859531572772565
21935,4.107750160639258
21936,3.049823457790594
21937,3.603020216333283
21938,2.5498723951312408
21939,2.0672033416335793
21940,3.1436005059451633
21941,3.2962112767492933
21942,1.9006845519984221
21943,4.128860226481358
21944,2.9069048560934996
21945,4.009196287461992
21946,2.101428568707981
21947,3.424813477025277
21948,2.151816284396139
21949,1.5131899074712583
21950,4.407192846064229
21951,1.6787855120806046
21952,1.413847777839687
21953,4.502224767119377
21954,3.1242068651578725
21955,1.95365757187498
21956,2.8792501342258365
21957,4.76519389237494
21958,4.674592029094104
21959,1.4188629714680774
21960,4.643501288545728
21961,1.2126293636893029
21962,2.1927430848571574
21963,4.69364524534457
21964,3.4476904847375223
21965,3.1306127736936786
21966,1.2125467764906408
21967,1.156509475331292
21968,2.948558910772365
21969,3.9123877722270963
21970,3.470580293814114
21971,2.1302099607939495
21972,1.244785129527524
21973,1.472333393136286
21974,3.7950853034381153
21975,3.9260833037909606
21976,3.398633847733493
21977,4.654372440842025
21978,2.595052109010166
21979,4.447833806514902
21980,4.933504810941885
21981,3.9612677002635324
21982,1.0466928044112276
21983,3.5643887509374372
21984,4.7969506119162215
21985,1.2008003256199853
21986,2.0618426253740756
21987,2.026902984621078
21988,3.6290787009800183
21989,2.607777812132962
21990,3.773949566596541
21991,3.9550398336628603
21992,4.405037062951764
21993,2.434025503858329
21994,1.4696659412638446
21995,3.242388915232697
21996,4.8470444531357835
21997,1.886552416926584
21998,2.625859908174943
21999,2.9151099149791433
22000,2.6755021979702276
22001,4.8425576888416755
22002,1.9979714148791454
22003,1.9310357036809611
22004,2.6437127570180565
22005,3.4151557629194818
22006,4.240172826760871
22007,4.252866599033047
22008,1.9657569462991313
22009,3.125903390900907
22010,3.4131041619203684
22011,2.8523312106537246
22012,4.362070929397856
22013,4.8473817974620825
22014,4.461525889761048
22015,4.2582754918209345
22016,4.140196993750278
22017,1.2848598000531082
22018,3.7897635748995473
22019,3.310330456037966
22020,4.678183631229926
22021,3.861331657261824
22022,2.8385390551953846
22023,3.766241973866497
22024,3.579934808067862
22025,4.206723086900865
22026,3.687009133151736
22027,4.738649456069586
22028,1.2930985863647835
22029,1.4093937207315035
22030,2.3300204947827776
22031,3.720100506932694
22032,1.2908531359182431
22033,3.9707714910410807
22034,1.0596184228702734
22035,1.4099043204042587
22036,4.743762735003797
22037,4.132732760891648
22038,4.022060012913104
22039,1.622722442969204
22040,4.1829638529067275
22041,2.347670571087106
22042,1.2759733546237135
22043,2.8260118455134897
22044,3.6012297791633583
22045,3.2894619823914457
22046,2.6158843629451267
22047,1.6643274682884823
22048,1.809627332836726
22049,1.7005138000107403
22050,2.3262928749745786
22051,4.593952675881162
22052,1.0776751071847186
22053,4.27266016027051
22054,4.236475137304771
22055,1.9455559023619267
22056,3.6310240831437253
22057,2.368997570745834
22058,4.369750600632231
22059,3.3748554132625026
22060,4.702584207880943
22061,2.27454506632694
22062,4.899397652281798
22063,1.7205490000951666
22064,4.157377491108079
22065,1.1962337935506087
22066,4.913934697298858
22067,4.928292915289342
22068,3.03279787571527
22069,1.0501309387741196
22070,1.3759397373403148
22071,3.1535558022499566
22072,1.9510558485848866
22073,4.662729698750523
22074,3.7836503568960493
22075,1.385420684581363
22076,3.9772039889646065
22077,1.21838887373343
22078,2.8058376726575394
22079,2.3238263559945245
22080,3.1405661071809345
22081,4.795953821203725
22082,4.8680306885094495
22083,4.619565617110702
22084,2.4728946996063486
22085,3.958962075085986
22086,1.6402130998626365
22087,2.7095648514083206
22088,2.762834034165264
22089,3.984151333347363
22090,2.3054094972011336
22091,2.367939353570589
22092,3.1678655176355734
22093,1.054271688867404
22094,1.6077024357690863
22095,2.406441083144112
22096,3.857640174049756
22097,3.873027083299292
22098,3.410251472138017
22099,3.780863592817806
22100,2.441813577267984
22101,2.102826454182199
22102,1.4479312720261674
22103,3.4431865679110474
22104,3.068426183216133
22105,3.6158665389173446
22106,3.7730468043596357
22107,2.8585700204248408
22108,3.320192888153232
22109,4.97137857225187
22110,4.885617755221961
22111,1.6149143756858995
22112,2.560275217229156
22113,4.8718848679776565
22114,4.7296468567411605
22115,4.204043727827633
22116,3.0477366122498872
22117,3.737627670885731
22118,2.5268699985085594
22119,3.0612051128942706
22120,2.719561367653497
22121,2.244086410925977
22122,3.542262203068437
22123,2.1258442124210775
22124,4.969903497137593
22125,4.708838313391172
22126,2.4232598803699656
22127,3.5639185257858177
22128,3.177765447467259
22129,3.4656407791184964
22130,3.6805846153426267
22131,3.8393582117997913
22132,2.8073052598789454
22133,4.867647485778656
22134,2.69541760600348
22135,1.4535195522158801
22136,2.3692308662927486
22137,3.7303387532805914
22138,4.927034502550274
22139,1.2507558475664884
22140,1.818082097573651
22141,4.094823872805213
22142,3.3078081404178397
22143,4.3551185967664034
22144,3.7385420413855432
22145,1.628165749391973
22146,1.1833976785834177
22147,3.310772297150009
22148,3.3922623820264044
22149,2.0152721467209687
22150,3.4840182824812924
22151,3.259949122065812
22152,4.779043216824173
22153,3.401042868690006
22154,1.7343190757374893
22155,1.9480760433267577
22156,1.2919375438438836
22157,1.3388927213945316
22158,3.7180077254941564
22159,3.00278632961206
22160,2.356797481447168
22161,4.180570436155326
22162,1.3842733321968819
22163,2.9070560203694145
22164,1.0521098710101033
22165,4.839272554698002
22166,3.2959016894254676
22167,3.40062669690863
22168,1.6819100286591042
22169,1.38167575108426
22170,2.6596977188725246
22171,4.2066232284152445
22172,1.153574973553285
22173,1.855084909273641
22174,2.6632819348899055
22175,1.2441892048003709
22176,2.11605130448311
22177,1.0996571240291364
22178,3.1132525176986494
22179,1.158148936192604
22180,2.2286042515948146
22181,2.6489479532349915
22182,3.635739201971923
22183,3.086045425383233
22184,4.916886596325609
22185,1.016499158381535
22186,3.7797998701305664
22187,3.8471428906974636
22188,4.135717581741421
22189,4.680609492637744
22190,3.447083964890419
22191,1.7763142699043022
22192,2.06127470812767
22193,2.5615685623065967
22194,4.969098955148884
22195,3.471935648343763
22196,2.245608816999228
22197,3.491771539926278
22198,3.303678975072974
22199,1.476909751338079
22200,1.7323752317705252
22201,1.1154103660324832
22202,3.6352583866103574
22203,4.769803171591081
22204,4.294388089089467
22205,3.804695873973042
22206,3.7343031225822876
22207,1.839989871619061
22208,3.6626826159570745
22209,3.5132485646683795
22210,1.5651131699360508
22211,3.6235704958496084
22212,3.2236144356208682
22213,1.3503919496212329
22214,4.8773431516948325
22215,2.0198065669470955
22216,1.1773718243651512
22217,2.4591308524533275
22218,2.410194708755441
22219,2.3056955738910347
22220,3.577836918600697
22221,3.6017658496097487
22222,4.484881832910335
22223,4.325684792015119
22224,3.4388003826078406
22225,4.714030804511122
22226,2.1274308143603573
22227,4.387355054041881
22228,4.293543578399474
22229,2.3200265122617845
22230,3.997861070484869
22231,3.8836470261804417
22232,1.7571114178601608
22233,4.782949037768047
22234,4.150511848783852
22235,4.577884226239696
22236,2.7532485823014072
22237,2.655709015228711
22238,1.0689068648836062
22239,3.198330632717328
22240,4.334218000725221
22241,2.252425698099027
22242,2.6262608861499586
22243,1.1990018588672569
22244,4.4372825463011685
22245,4.6357127868777095
22246,3.517385664457224
22247,4.155093650035815
22248,2.4048016282152873
22249,3.374735351367362
22250,2.0588756819234812
22251,1.7175441074848679
22252,3.3327812787150783
22253,3.2936805325973304
22254,4.813902872085623
22255,1.543911184758112
22256,2.7062325894994426
22257,4.64330980518975
22258,1.6815924736412717
22259,4.533517290611703
22260,3.5287952982591895
22261,1.4751998532377297
22262,2.931030432655561
22263,1.6352254391621508
22264,4.82861313375081
22265,1.7527376067630174
22266,4.353173008397776
22267,2.5693198483859927
22268,2.679195766188958
22269,2.8647465250859914
22270,2.7965619980742424
22271,3.5072856806650696
22272,4.3106474876989065
22273,2.217217950169004
22274,1.743461744055237
22275,2.229882574022278
22276,1.2154404476756628
22277,4.205452922882413
22278,1.1956101706464568
22279,3.583738627672761
22280,4.72851029611389
22281,2.4328569780212432
22282,4.352009020868686
22283,4.105267390225237
22284,3.8568395338407018
22285,3.1821705815835304
22286,1.0688658493853893
22287,2.8921492221925797
22288,3.0768447636649845
22289,2.765242469223518
22290,3.8736567964252613
22291,2.4321979740237425
22292,3.9211216565981104
22293,1.7031916878701554
22294,2.7877418857220433
22295,4.882419952556511
22296,3.9200323387745484
22297,3.6244020532183256
22298,4.110400974634926
22299,3.428576329119372
22300,3.155071565684956
22301,2.1069772281242845
22302,1.7912877017656053
22303,4.980910844878357
22304,3.0362162393542356
22305,2.4744349916956465
22306,1.6864518377023212
22307,4.397334495003642
22308,4.462062205247975
22309,4.928917426261572
22310,4.169156593056851
22311,1.5588245263868483
22312,4.769467975182083
22313,1.3208136817331395
22314,4.232377828621161
22315,2.046085154994935
22316,3.755041812095999
22317,4.877675240755867
22318,2.6985954427127856
22319,2.617887622991111
22320,1.4240105210714136
22321,2.824098449608675
22322,3.813340772554164
22323,2.2347567572597464
22324,4.706401221141429
22325,4.8138449797035054
22326,3.3209210573449015
22327,4.8682530445268934
22328,1.0849270708523289
22329,4.353921667725003
22330,2.584831547046576
22331,1.175885552279396
22332,1.8770633710331381
22333,4.773961278205465
22334,3.4183303448623272
22335,1.9937577280896934
22336,3.6449123473012848
22337,3.617230492755147
22338,4.3060693674161605
22339,3.319748275914567
22340,1.432710014136834
22341,2.3222280290781647
22342,2.7192713401121806
22343,2.4625150107295997
22344,2.7925325420509006
22345,2.9319616969512294
22346,1.5245396048640996
22347,4.800811291758119
22348,4.790659114988004
22349,3.9763613879263873
22350,3.439217675022995
22351,2.1943201359159574
22352,2.6307300250391585
22353,3.508095520434305
22354,1.301371097219313
22355,1.9042370798723787
22356,1.0856133268553974
22357,2.7710521624454914
22358,2.11438134013053
22359,2.1137521643635258
22360,1.5512100155665758
22361,4.03447774401935
22362,3.6600004659170646
22363,2.972185659851462
22364,2.3969991000074193
22365,4.307948822815325
22366,4.1744635328383914
22367,4.362312310812426
22368,3.8227649879757735
22369,3.2730969571057416
22370,1.9579798017235088
22371,4.897469431632258
22372,4.347193908137156
22373,1.1076027411445493
22374,1.9140876663768096
22375,3.7449859669371826
22376,3.3361729486657232
22377,1.3266809036130232
22378,1.7580180026919234
22379,1.235306190865158
22380,3.3324536885534224
22381,1.0963218756827726
22382,2.668435233899961
22383,4.3564734746798575
22384,3.7556130554935003
22385,4.567785704898945
22386,3.8397720520901006
22387,2.319274225501205
22388,3.793959699108757
22389,2.8840311857649725
22390,3.4548823110814064
22391,1.8383892595600066
22392,1.3562375120184318
22393,2.160610435297798
22394,1.5388058837645562
22395,4.614347024821944
22396,3.179260654600011
22397,2.2885205901201093
22398,4.863256861906782
22399,1.156102164658658
22400,4.8964065321903165
22401,1.1831187312998588
22402,1.1714611809967495
22403,1.3060098438722823
22404,3.3626494748647673
22405,3.7039567533117217
22406,2.232531188681754
22407,1.74912896159306
22408,1.1084013258542678
22409,2.401281508944305
22410,2.435974619466592
22411,2.7751502414383147
22412,2.660891771971247
22413,2.935083146914813
22414,2.4142423469225207
22415,3.5636628190875923
22416,2.890835882379649
22417,3.2694781541523503
22418,3.638807177455548
22419,2.12283966961453
22420,3.4418441891529308
22421,1.9998241463958997
22422,3.6019766866031593
22423,4.791533590602044
22424,4.474983778214801
22425,4.747003800412072
22426,1.4193201675137197
22427,3.230370619261469
22428,3.4742854221848467
22429,4.221073681721911
22430,3.2116544382496715
22431,2.4488176092227123
22432,2.8644015616952903
22433,2.0262898581686333
22434,2.5512618055156855
22435,2.426341089774583
22436,1.402088469480645
22437,1.7402901764405958
22438,1.7640540645156264
22439,3.753123110690302
22440,1.8656057266243935
22441,2.6590389700203536
22442,3.7790974555310717
22443,3.9715115266441443
22444,1.4660561712150058
22445,4.681929182749846
22446,2.2786078419410036
22447,2.4628942992984904
22448,4.391457818038349
22449,3.400811804682756
22450,1.7988095222638818
22451,3.582717887045639
22452,4.736423778479725
22453,2.1614069599023495
22454,1.9462654758308249
22455,2.4637945616003227
22456,1.3268909624380454
22457,4.008134416002059
22458,1.034115336226039
22459,3.0830986134994482
22460,3.775663580968246
22461,2.04290982349152
22462,1.5509737846013936
22463,3.714685340852433
22464,1.122315486094645
22465,2.0981403799367397
22466,1.0256359966470279
22467,1.0347959997331286
22468,2.5196257872657926
22469,1.9720102773121932
22470,2.304226560429917
22471,2.606125588274728
22472,4.458500866133745
22473,4.558745027343805
22474,2.6612176003846817
22475,4.535050539905484
22476,2.944510904002663
22477,4.888266494489004
22478,4.030867232780389
22479,2.930080776667272
22480,1.6464925732033202
22481,4.5700098281259764
22482,4.6624307244586785
22483,1.3162228149358053
22484,4.213472756692438
22485,1.6578658642470656
22486,3.706538716682656
22487,4.512706375413853
22488,2.4028398920575738
22489,1.7127180155620425
22490,4.986163095595503
22491,3.733184442950671
22492,1.765722007811549
22493,1.1891674865386865
22494,3.623856913329592
22495,4.308706051874883
22496,3.6024572743117047
22497,1.2282048762180509
22498,2.3964265061698224
22499,4.8500903196914384
22500,3.780148815303885
22501,2.0180248321226797
22502,1.8457559027608545
22503,4.829286804992384
22504,4.7223931139231725
22505,4.731436577024126
22506,2.3533167924406118
22507,3.1855990448636855
22508,2.619048898891328
22509,2.892701420429288
22510,1.9442474345057277
22511,3.358446228135387
22512,1.327497173310603
22513,1.5621649448032837
22514,1.2555450536372472
22515,3.423042632987577
22516,3.173723032258775
22517,1.2984562340418826
22518,1.8510983651481996
22519,1.4472704721567027
22520,2.0577871916329182
22521,4.65618887075789
22522,1.643427629753861
22523,4.477351158551954
22524,2.3150509206317946
22525,1.7763677620055263
22526,3.2663269752482593
22527,2.9134146518675963
22528,4.555087676147376
22529,2.6379542067064685
22530,2.9795624572086306
22531,2.798295022005398
22532,4.375446812636847
22533,3.179334169183134
22534,3.815568331679118
22535,3.025774080783095
22536,4.47191307476817
22537,3.916635979355958
22538,3.9140331423740795
22539,2.4241493074919833
22540,1.7661730769967918
22541,4.131374595254719
22542,4.4188525083403345
22543,3.5555135297189793
22544,2.61253842321084
22545,3.6246928083072047
22546,1.391835571873282
22547,3.2651082588390596
22548,3.0149622597611305
22549,3.1296280830529244
22550,4.8155422701478106
22551,3.2617572259980014
22552,2.1135968008291584
22553,4.317634976248874
22554,4.619726470488272
22555,2.7877998785977582
22556,2.203284027325464
22557,1.564635279941156
22558,1.1386529137450285
22559,2.9611880920531974
22560,3.1330004822811914
22561,4.321795452804972
22562,1.7328677370384002
22563,1.2866644679787913
22564,3.447787309085346
22565,3.2620761710050723
22566,3.085024054727464
22567,3.3865290876457195
22568,1.7032898842821873
22569,3.0566343042823214
22570,1.9073282045625972
22571,4.805283856708641
22572,1.012954873037346
22573,1.2332165724772555
22574,2.892630101954684
22575,2.0617873360060215
22576,1.1261700498896987
22577,2.6413878816120766
22578,3.3841270977942233
22579,1.3231862305888211
22580,1.946403013001567
22581,3.571346501313743
22582,4.155089269210642
22583,2.544687583153496
22584,4.722005848101917
22585,4.102785389230611
22586,2.1900644297248686
22587,4.744398269384428
22588,4.923609177243636
22589,4.684886283612576
22590,3.2653606417588907
22591,2.289667666995677
22592,3.443263220194361
22593,3.4178903758633186
22594,1.9258960939784822
22595,4.243255566231517
22596,1.7156791622520018
22597,3.356345345854034
22598,4.212607374920509
22599,1.9557046870981725
22600,2.868736048446297
22601,2.17160339566539
22602,1.0339968177172234
22603,4.03195351507841
22604,1.1346131801862822
22605,2.5722482686111814
22606,2.064273289181811
22607,2.047536003635451
22608,4.501137856011265
22609,3.7708380921507167
22610,2.0049413088624517
22611,2.47994404689804
22612,3.951366804771575
22613,2.171583474991779
22614,1.466626496064526
22615,4.544235741288318
22616,4.900360260765645
22617,3.9258272899179123
22618,4.070479494121839
22619,4.468996654567215
22620,3.669697775254126
22621,4.645768487690628
22622,1.0961888077606248
22623,3.1258747337022648
22624,3.699184722558058
22625,1.1898074917538368
22626,4.812039620232417
22627,2.5029647562842694
22628,3.955086230282967
22629,4.938537226117216
22630,2.0354462942862788
22631,1.0016522032540727
22632,4.595895343470435
22633,1.4145675059475775
22634,2.0980291969973623
22635,3.279362842327325
22636,3.4112680406296336
22637,3.066908252736308
22638,2.7063214524467916
22639,2.373294158550652
22640,2.4470517974582298
22641,3.4558188971763477
22642,1.4065110711562498
22643,1.7273601007333936
22644,2.7225069917999623
22645,2.4505428005606693
22646,1.8547793762072424
22647,4.965624797018049
22648,1.9986130221420062
22649,4.9749670712385425
22650,1.563068493866043
22651,4.681412596644794
22652,4.768965760791133
22653,2.3588727928848794
22654,2.8274713442558967
22655,3.0649854806038803
22656,1.1715864185896745
22657,2.9572557253794565
22658,1.2375348790392988
22659,2.403654237741612
22660,2.444778006497781
22661,4.479556476025776
22662,1.7761088421619489
22663,3.2415799355994666
22664,2.269098730756638
22665,4.840986548049971
22666,1.4932592579868524
22667,4.840349352267383
22668,2.8445748022745514
22669,2.8098574993763403
22670,1.892607401992477
22671,2.189782469618143
22672,4.654390075309221
22673,3.180266264306057
22674,4.714257882667469
22675,4.32687692638665
22676,1.4779550432928819
22677,2.3622605136226578
22678,4.457540262822275
22679,3.1322158948374828
22680,4.501271785741023
22681,2.262301182331123
22682,3.872779179305328
22683,1.3913961482683503
22684,4.7172106455811535
22685,4.708885510468489
22686,1.7453793406800036
22687,4.552554963790675
22688,3.9795009329986093
22689,3.9162422409672066
22690,1.9963161520847392
22691,3.950715317506175
22692,2.526746262508553
22693,3.2346503677720393
22694,1.5907487972039647
22695,2.82991272862888
22696,4.617476137132526
22697,4.810730421116933
22698,4.263140372126393
22699,2.4228233971250814
22700,4.910001266810151
22701,1.822296787161862
22702,3.688179073475717
22703,3.3522286618747033
22704,1.765838223809212
22705,3.049560594797021
22706,1.7338221544861514
22707,4.352281318474186
22708,1.6347088553312403
22709,4.844292868523313
22710,4.330331185643468
22711,1.0808197411857092
22712,3.4053582417191706
22713,2.398174124340586
22714,1.2933201097008769
22715,4.993455734169586
22716,3.153518580356406
22717,4.394422750955782
22718,1.043990523569883
22719,4.85969536155011
22720,3.544439216418885
22721,2.8546260107984764
22722,1.7628400286278838
22723,2.297241098061149
22724,2.9199438553775123
22725,1.6693918353372839
22726,4.100303309323553
22727,3.677480659091984
22728,2.3496738249721485
22729,1.447554250620907
22730,3.265299959125043
22731,3.314431467766281
22732,4.427843205964813
22733,1.5797475014188245
22734,4.39830539153393
22735,2.19196067052278
22736,3.3928888314579173
22737,4.36297021035002
22738,2.439637246537772
22739,3.311987535055298
22740,2.5819012944105353
22741,3.6802501533158147
22742,3.8218337236956823
22743,3.7690250727523726
22744,2.034719810643835
22745,1.272786990566456
22746,1.9073220003586417
22747,3.9880156975118974
22748,4.405548512423183
22749,2.8679478670165035
22750,3.2660425975491556
22751,4.29317097780992
22752,3.7401013787342716
22753,1.861074861501212
22754,3.573545385993828
22755,3.458284828461802
22756,1.8025591746788407
22757,3.1407725022575086
22758,1.5700483203042674
22759,4.803760839055336
22760,2.6331619152606933
22761,1.7759361486318643
22762,1.2532111150467222
22763,1.4063352608510193
22764,3.2591935621741537
22765,3.5290494422168464
22766,4.89185932399459
22767,1.393596914226455
22768,3.499790609116917
22769,2.321629012946983
22770,1.1207702662237895
22771,2.6431997174188293
22772,3.150522169980598
22773,2.97703612720199
22774,3.77705611982077
22775,3.178764024786736
22776,3.551212633573065
22777,1.4242620049681975
22778,4.258950125171484
22779,4.272259370057814
22780,3.6576128062939257
22781,4.684002037773901
22782,2.6051557603400424
22783,3.171723928083916
22784,1.8115818924717209
22785,1.8493893822988583
22786,2.7253565209360455
22787,4.243416841750398
22788,1.3756032451921252
22789,3.0108138901411547
22790,3.185244957590375
22791,4.336810100641744
22792,3.2750132392883837
22793,2.760119714512017
22794,4.510968139090118
22795,2.785145942671494
22796,3.741293640527036
22797,3.3457211508687617
22798,3.0381588430964572
22799,2.208787989852222
22800,4.6219500200502495
22801,4.529842749259998
22802,2.1818582098940955
22803,1.0264285257170127
22804,3.478247248514834
22805,2.117651065588532
22806,2.1562506331060973
22807,2.630745476553003
22808,1.0981085846898262
22809,1.1490528013764423
22810,1.8327690553319576
22811,3.591200251520696
22812,1.5085402099084773
22813,2.875779721549456
22814,1.3269450494964632
22815,3.305935822660807
22816,2.538037449204642
22817,4.7509378320680025
22818,1.3859970920220497
22819,4.978208892050349
22820,3.0424698599564555
22821,1.919021450720976
22822,1.796617013897929
22823,4.312446946103556
22824,4.442060303650585
22825,2.48082056750997
22826,2.361623508845281
22827,1.3029150668063658
22828,2.041858623863853
22829,3.415161606095902
22830,4.565621403715605
22831,2.6213312565943676
22832,2.9107300339186377
22833,4.374636654106518
22834,2.3305122576415345
22835,1.7501808726104797
22836,3.1869440738983847
22837,1.4436707691426451
22838,1.688001341461307
22839,2.746519585113153
22840,1.9670964465434957
22841,2.4351440961629094
22842,2.497107629732375
22843,4.739566151854602
22844,4.579691386203892
22845,3.3037902166988173
22846,3.3914222512107886
22847,1.35924631563454
22848,4.781941325460148
22849,2.664984514280153
22850,2.3012798901201075
22851,4.458621516844191
22852,1.7310949305175822
22853,2.7567705115492998
22854,2.3908538816321205
22855,2.2628494005287108
22856,4.423191909447859
22857,1.697933802793631
22858,2.3603729859492697
22859,4.397961360100439
22860,4.350337576278777
22861,1.7519588209908803
22862,2.806415147853701
22863,1.9305130684719916
22864,3.2231924880439773
22865,3.5534237283256793
22866,3.7961328872025857
22867,1.737055432863016
22868,3.157391527590325
22869,4.0567624305015855
22870,1.2353711820287483
22871,4.28354955593969
22872,1.6316492021308098
22873,2.644730085792761
22874,1.5160665676317833
22875,1.106665014855023
22876,3.639974571973108
22877,4.4536582600357715
22878,3.42561616072818
22879,3.8791100957940237
22880,4.909785624046224
22881,1.508971253782157
22882,2.998615322107393
22883,2.248797115189521
22884,2.3836847668741163
22885,4.8065748912746065
22886,3.9452927106979065
22887,3.0647032592193257
22888,2.7299357166856577
22889,3.578743933623116
22890,4.632587590944515
22891,2.7019321499239064
22892,3.960334752299976
22893,3.412962823323424
22894,1.2103107303717935
22895,4.7115590371574925
22896,3.0419329833195214
22897,3.475803771628523
22898,2.8973162022176
22899,3.939528929339692
22900,4.946887911317322
22901,2.004991682832386
22902,4.167783930324177
22903,2.6050668024125994
22904,2.216282583594579
22905,3.3715600674087547
22906,4.789580688044885
22907,3.1576410741679313
22908,2.743462319383362
22909,3.2390157907567887
22910,3.3883465466306872
22911,2.6322942419509334
22912,2.832115774016199
22913,1.7771367743498856
22914,1.0841922078915371
22915,2.0688431121737723
22916,3.063118338746342
22917,2.382526104050854
22918,4.2241818597075
22919,2.899535289726932
22920,1.4018243051295594
22921,2.1004388215136593
22922,2.0733278861508357
22923,4.5764499846491695
22924,2.7839017188833672
22925,1.2866760249655291
22926,4.355731868007469
22927,2.2599046407661993
22928,1.1815512509711108
22929,1.7848647270180606
22930,1.2172959471177536
22931,3.056134497428436
22932,2.578663571590554
22933,4.762662759334637
22934,2.7756576634059553
22935,4.551433460980874
22936,1.3650590677064005
22937,3.5952596461610526
22938,1.9334536480737743
22939,2.221526486105105
22940,3.0583194952922605
22941,2.5660657453059477
22942,2.419830182587012
22943,4.009489705565671
22944,3.9414313103278094
22945,1.0284764124425552
22946,4.81513387475264
22947,3.610278816439396
22948,2.841948130230739
22949,4.5821508042442005
22950,3.70778760082134
22951,1.7394404734051871
22952,3.299914429400979
22953,4.8646878741037325
22954,2.921381776759187
22955,3.657605862594321
22956,4.930139012173673
22957,4.165645102159583
22958,4.309050284046702
22959,2.1544320961168792
22960,2.8326054748128384
22961,3.9644878188735757
22962,1.8342897443321493
22963,4.859693937465067
22964,2.5400624839471964
22965,4.218272133216274
22966,4.779576653101275
22967,1.0821131096827394
22968,1.8218147557449944
22969,1.9245231254754565
22970,4.518452978207322
22971,4.504746938333105
22972,3.916850246807126
22973,1.3969684225139032
22974,3.267936529232587
22975,3.9935339583582157
22976,4.860008138118921
22977,3.1868558772560154
22978,2.86089137131917
22979,2.4979172357684787
22980,4.06011259363002
22981,1.576015245645905
22982,2.6037775497246303
22983,4.70911404119204
22984,1.3804080811845023
22985,2.037900390394645
22986,2.490489624019066
22987,3.806406769979244
22988,2.5185278970356815
22989,1.3124362170077424
22990,3.7446125116508906
22991,1.4429474762275247
22992,4.665280062892294
22993,4.173440786790566
22994,1.1978099767244914
22995,1.0906211539802957
22996,1.2728363841435706
22997,3.1411159147266514
22998,3.706965023950673
22999,2.6164946494323544
23000,4.3800802770195215
23001,3.577033392723976
23002,4.667765441410481
23003,2.859345010979879
23004,3.9856240352498222
23005,2.678374305049318
23006,2.2889492285182826
23007,4.065442718406468
23008,1.0312445363399312
23009,2.202477926644246
23010,1.7379345924831138
23011,2.440844512384335
23012,3.757945842557241
23013,2.3951219288938073
23014,1.7032911443204752
23015,2.0179678093723465
23016,4.146544225943369
23017,4.166764644993627
23018,1.798743835093053
23019,3.958811300616873
23020,2.4341210407395955
23021,2.922694559833636
23022,3.2295452152453197
23023,4.067219599311027
23024,2.023919191037494
23025,3.8173937456008957
23026,1.4069400408810653
23027,1.350587456768169
23028,2.0031451450793964
23029,2.901106035553182
23030,3.4495948650962687
23031,4.489121444314986
23032,4.00525458703763
23033,2.925692928692975
23034,1.1032725412133462
23035,4.772912039577937
23036,1.0086310797463822
23037,3.5311380095342297
23038,1.9553358204182438
23039,4.860086513573744
23040,1.5721864136333035
23041,1.5575074315275725
23042,4.176423494593465
23043,1.9781031325950975
23044,4.41025107457838
23045,4.223370961775377
23046,3.3274982580981383
23047,4.118465702305803
23048,2.1405986446285086
23049,4.843217858627584
23050,3.8350306835303454
23051,4.309028371937249
23052,3.9948804889659986
23053,4.642600558477934
23054,3.91702098456944
23055,1.42106944890981
23056,3.3531208414485816
23057,3.393715026487645
23058,4.152958151124066
23059,1.2430443434342209
23060,3.083493660989111
23061,3.569514743533589
23062,2.7207657569547785
23063,4.714593827715969
23064,1.3898912526664389
23065,1.2466699162099184
23066,3.2920201235966484
23067,2.678345468097248
23068,2.926233416890399
23069,3.2216327507476743
23070,1.9629205048611342
23071,3.85636285069195
23072,4.2521108081511105
23073,3.042939562016419
23074,4.289969418824723
23075,2.9049233225509647
23076,2.1900960656484134
23077,3.3254948078501183
23078,3.5581197803005042
23079,4.376679547326987
23080,3.587021888679668
23081,4.900530674582404
23082,2.8747092431961976
23083,3.8267745258723114
23084,1.6239301198779366
23085,4.05789861329413
23086,4.781411398446813
23087,2.2999308393482547
23088,1.1687411839805568
23089,2.1382041164351735
23090,4.3348862533567525
23091,2.9424725098168407
23092,3.1772043172885907
23093,4.192394228543954
23094,1.0748429677551075
23095,3.1763908573484025
23096,1.525106240044944
23097,1.18095192851748
23098,3.723362147977928
23099,1.5822826314122769
23100,4.305122095118348
23101,1.7221710883396897
23102,4.637214716875569
23103,1.8753483407871943
23104,3.957983970254702
23105,4.239916713161101
23106,2.154757349032508
23107,2.1341171350413335
23108,1.2293098728090195
23109,1.022671807517563
23110,1.049774884168821
23111,4.837038296281936
23112,2.079295136413418
23113,3.5915494385402114
23114,1.8002937504173047
23115,1.7874016591409831
23116,4.3675753662125025
23117,3.577566013019787
23118,4.668238410863893
23119,3.013258646768459
23120,4.393181350523194
23121,4.6649713877390795
23122,4.88803763837571
23123,3.710392840657094
23124,4.308398530743464
23125,4.9408132097216395
23126,1.220225313142639
23127,1.6277447130781346
23128,1.464929462560586
23129,1.382285490081066
23130,4.207028243234724
23131,4.673012324524199
23132,1.5765644738428728
23133,3.7641635718225275
23134,2.194792263466109
23135,1.5817594657359884
23136,1.8983275146962444
23137,2.6025522545795265
23138,1.0390297318641526
23139,2.4197349967496504
23140,2.700387543538262
23141,2.312025147932098
23142,1.5771409207633873
23143,4.108374430360961
23144,1.1893850526436096
23145,1.5873753409948717
23146,3.2101181094538287
23147,1.8237884105745068
23148,4.380100966337375
23149,2.628846891625676
23150,1.123308302624666
23151,2.2579974464586887
23152,2.0214657190996244
23153,3.3479750022909536
23154,1.7119299532839314
23155,1.5022784938906661
23156,2.458962130769197
23157,4.460726614045935
23158,1.0348746566234088
23159,2.3888201284578567
23160,2.0928272032549153
23161,1.5649950555817367
23162,4.7060868752062825
23163,4.175660847037786
23164,1.4547975786198282
23165,3.114817973500252
23166,1.9221228221690474
23167,4.144454343558767
23168,3.165565883258617
23169,3.7265642014598463
23170,4.174484943778027
23171,4.090178290165553
23172,2.9181168323050586
23173,4.096817642385259
23174,1.0759875924023636
23175,1.576269391750325
23176,1.1682966094202185
23177,2.258397455121521
23178,4.590056312070747
23179,2.4134947570968133
23180,4.284445043092797
23181,3.0939452324506433
23182,2.288719227605369
23183,1.2512290255314826
23184,1.4943983377756092
23185,3.8883331748012107
23186,3.3859788646085858
23187,4.87962990993508
23188,1.669266446793463
23189,3.5653762993500657
23190,2.4171000729366625
23191,4.108821153873018
23192,1.9366858467334715
23193,2.5994189492396913
23194,3.665071001491857
23195,4.638371418048152
23196,3.647501849667636
23197,4.813819965634656
23198,1.6970820502368018
23199,2.489333023320595
23200,1.5321785462850803
23201,3.1904984828810288
23202,2.909381109882008
23203,4.315097086889824
23204,1.0996449989491959
23205,4.187790321196349
23206,1.9019659632955466
23207,2.8161572641194668
23208,4.47304978598827
23209,4.092042361904979
23210,4.958428712178052
23211,4.1504727020638
23212,1.259817904124466
23213,4.14579977405473
23214,3.7505827728527756
23215,2.885419106795649
23216,2.4048366651144533
23217,3.613606579706361
23218,3.6099172051804107
23219,2.79323885816187
23220,2.8459171408430994
23221,1.5882691043776282
23222,2.288782092611502
23223,3.5067117426691143
23224,1.366946177308963
23225,1.797104780949606
23226,2.281264340469689
23227,1.9942858119275555
23228,2.5751569811887185
23229,3.097531140853395
23230,1.473911347960935
23231,2.5981032033738742
23232,3.1529831603488994
23233,1.0461106886075338
23234,1.9754347730824522
23235,4.5470215300817625
23236,1.5457934696100408
23237,4.476414464586066
23238,2.6610547874779247
23239,2.999849691743538
23240,2.067025778218299
23241,3.831555426965744
23242,3.0228411996724986
23243,3.0434391880643106
23244,1.0237189424776072
23245,4.3893040912067605
23246,4.451001541934284
23247,3.621594973724629
23248,4.255784349609385
23249,4.257688185329789
23250,3.1210071219501643
23251,1.0562381043048013
23252,4.479996767920019
23253,4.148326935094164
23254,3.431658727709082
23255,4.786598046427823
23256,4.679138064319222
23257,1.1997073216667133
23258,2.1557469715447923
23259,4.614474011264059
23260,2.4150529810342225
23261,2.999212802149603
23262,1.0564063572319529
23263,1.442096265901721
23264,1.5736383548719384
23265,4.121851915633599
23266,2.8893354408728404
23267,3.0195508481217934
23268,3.9788685619157156
23269,2.161723877554796
23270,2.22552601473972
23271,3.248512390990238
23272,3.9737086165617836
23273,4.853018854476044
23274,1.683267312882177
23275,1.99061073378365
23276,4.857726992478822
23277,4.993102368034313
23278,4.397450838836628
23279,2.531170869002214
23280,3.004949329533573
23281,1.6594446143615529
23282,4.800137888366841
23283,3.493804354817499
23284,2.3336917840306355
23285,4.379784493273707
23286,4.058243650449981
23287,2.9569839345130293
23288,4.808769847121953
23289,4.179276991295337
23290,4.221132142802253
23291,2.9089913903546916
23292,1.7372054516018958
23293,4.129720392996568
23294,3.7254839551352816
23295,2.744844687114175
23296,2.599604259391905
23297,2.6505877478974615
23298,3.130671896529296
23299,4.949407967393978
23300,1.7016547828113944
23301,3.2071992127498703
23302,1.863725665887665
23303,1.8611921955204669
23304,4.793363612295479
23305,4.011307225658569
23306,2.347447757072638
23307,4.988546078465113
23308,3.9457700868466876
23309,3.9716723742874955
23310,4.636888163136116
23311,1.3766257355293945
23312,4.48140684646798
23313,1.5355594211607668
23314,2.747650092540308
23315,3.2579496480522514
23316,3.2674218837067137
23317,3.4927112719221634
23318,3.3548307789707343
23319,1.8564159932750806
23320,2.5185560073137125
23321,2.855949425401449
23322,1.5929276512453088
23323,2.9185996294297847
23324,3.210644991909534
23325,1.4091344843505502
23326,2.505919475039151
23327,4.026541001081858
23328,4.732404910212624
23329,2.4249156046975093
23330,2.816637831470457
23331,1.6410349462243365
23332,4.913478354895156
23333,3.3223791421244235
23334,1.004515523669539
23335,1.1014177021855032
23336,1.6132355093401336
23337,4.296548240248583
23338,1.1844016641835866
23339,1.5814340526984605
23340,1.7733930960983373
23341,1.1542271500639387
23342,3.1268438919384405
23343,2.855557069453904
23344,3.1355673263217465
23345,4.948107505911704
23346,1.9316161030529164
23347,1.3775494082726611
23348,1.4125627205485145
23349,2.2523007037853753
23350,1.4270685263687533
23351,4.2121621281045
23352,1.6842898992309947
23353,2.8824613129657446
23354,4.469141119790471
23355,3.8566807617835286
23356,3.7962918935958387
23357,4.2098765476596824
23358,2.378184944820033
23359,4.935837894092439
23360,1.8859059641962963
23361,3.254073519586812
23362,2.5301024752729186
23363,4.855575000166478
23364,3.4039397971582077
23365,1.830808130287708
23366,2.7520043196207933
23367,4.780746200231523
23368,2.7638785350078807
23369,3.413447513248232
23370,2.052366460224042
23371,3.820275112215009
23372,4.070923358873635
23373,2.9835291834385513
23374,2.728767755643295
23375,3.0032975653579075
23376,3.4227135166633653
23377,1.4636556320808816
23378,4.832799940444772
23379,4.4095462556704845
23380,2.792691210388568
23381,4.51408328615239
23382,1.1566624578837672
23383,3.152140140912314
23384,2.8398963937288118
23385,3.559644794953873
23386,1.9192623680753234
23387,4.569862927438236
23388,2.6547202369347302
23389,1.1010533025936646
23390,1.6951240476107459
23391,1.1802764526844118
23392,3.818131202066393
23393,4.860517818397888
23394,3.1214424296998966
23395,1.3745274700967087
23396,1.6390785386368303
23397,4.226509097901079
23398,1.2913013090217782
23399,2.2214111718648244
23400,4.163302854904755
23401,3.01304785757744
23402,4.750304762722227
23403,3.440622018978319
23404,3.697161555481032
23405,3.592075885744021
23406,2.9943261680320674
23407,1.5406670760245138
23408,3.0241599077364145
23409,1.8076292055284564
23410,1.8633539894945326
23411,3.3207763005240913
23412,2.6898113969696147
23413,2.595218153400312
23414,3.871566371620949
23415,4.299175954606251
23416,3.1227108041490883
23417,3.693473868312346
23418,2.9361475888174695
23419,2.886301672549918
23420,4.845790761351994
23421,4.984826179222125
23422,2.987195646665338
23423,2.2418931035613974
23424,2.715507619019469
23425,4.481825560361199
23426,3.332205894502392
23427,2.4999358334105932
23428,3.2621365493452257
23429,4.1640373495745475
23430,1.4913495665605838
23431,3.8856497458296277
23432,2.4422224369226324
23433,2.033006378562775
23434,4.589681519855482
23435,1.4451272898741219
23436,4.326846566682294
23437,4.099036851337061
23438,2.556175920560268
23439,3.9313098545996654
23440,2.6277172279190926
23441,1.6407546252804006
23442,2.0335962233177503
23443,1.3246181797923318
23444,1.5755083714280582
23445,1.4542159766333547
23446,1.5055445854560396
23447,4.852356353387242
23448,1.7217353423512294
23449,4.261867119052795
23450,1.7082316780370541
23451,4.961055106212324
23452,1.6583390081146177
23453,2.389243099426303
23454,4.6545787357222554
23455,2.400087997299373
23456,1.9368310214139441
23457,2.6298445444853544
23458,3.65368143909339
23459,3.579579580711915
23460,2.04390842379221
23461,3.730855495298613
23462,2.2322507977968327
23463,4.655034334810576
23464,1.9282455839413264
23465,4.837309855512823
23466,2.495811523102116
23467,2.9726059094363717
23468,2.890847257883572
23469,4.265004402381235
23470,3.0034359938899646
23471,4.433145509132215
23472,4.009679484208164
23473,4.603641143543569
23474,1.3248410589215678
23475,4.986723844905292
23476,2.405199084810928
23477,1.7037833985324937
23478,2.147159567596679
23479,1.9859657815324603
23480,2.740103981760336
23481,2.4327908102194207
23482,3.767242261366133
23483,3.545311136533448
23484,3.842226835412188
23485,2.8591947230562074
23486,3.3799210480841406
23487,4.720997563762941
23488,3.4578935795138674
23489,1.9346703187186995
23490,3.7023622607686106
23491,4.912036957776831
23492,3.4755713206961283
23493,2.3616812686647157
23494,2.301443687854383
23495,1.763042219222179
23496,4.778794682439667
23497,1.2850908847790827
23498,1.0811249653423847
23499,2.9853574747034255
23500,1.0364891955636044
23501,4.759831994119806
23502,4.331952738885791
23503,3.0774967309876806
23504,1.8377519931810955
23505,3.5905154862412356
23506,4.723692663933195
23507,2.0418796536671264
23508,1.7816943763972932
23509,3.651449882800312
23510,1.6172602922024808
23511,3.0334026281047293
23512,2.493411182349456
23513,4.053833429901104
23514,1.96571426983789
23515,3.4321479363402765
23516,2.4143106349529004
23517,2.3863006390618655
23518,4.112665177966644
23519,4.409067796873654
23520,1.8859155608627738
23521,3.168450389621144
23522,2.421251375916111
23523,2.619932574940625
23524,3.643247170510662
23525,1.1171580595364392
23526,3.746021737978398
23527,3.7378038292120066
23528,3.2792942368277123
23529,3.120968155932024
23530,1.2038777598392039
23531,2.9812717004229703
23532,4.119412408802211
23533,3.840186323033274
23534,3.9903045097303234
23535,4.176745162527357
23536,2.0209393144363355
23537,1.6512269860391537
23538,3.3171253836464554
23539,3.9287947363460267
23540,2.1028750805876806
23541,1.324872532893819
23542,1.43577595772771
23543,4.341426437567544
23544,4.874891791484994
23545,4.061867077840898
23546,3.083912745381016
23547,1.1757358530894915
23548,2.4573865827278594
23549,4.442826926639331
23550,3.4248252888247195
23551,4.844635590202127
23552,4.2069536076888845
23553,4.917840932959951
23554,3.8059543553899386
23555,3.000836322555073
23556,1.1572067633212328
23557,2.538508013216058
23558,2.8187553168656008
23559,1.1848216431775618
23560,3.8250472035523257
23561,1.4851181633320807
23562,2.404239381092445
23563,3.139989878192995
23564,1.687452184338965
23565,2.5074963572636855
23566,2.4408396599965974
23567,2.2574524712998714
23568,1.582065514062431
23569,4.630010126684893
23570,4.048683050943454
23571,3.216674904967236
23572,1.3057292662121465
23573,3.3485536650004524
23574,2.750597228236121
23575,3.6753415825231075
23576,1.471903016072977
23577,1.651018196328343
23578,3.1943905118967053
23579,3.2491138053848085
23580,3.2609565252137678
23581,1.2668010534776015
23582,2.3253268425186695
23583,2.568897250683863
23584,1.47630034817138
23585,4.048055419358976
23586,4.774972618822295
23587,3.2150746390233476
23588,4.284637703448592
23589,4.957729662634535
23590,4.021284082358035
23591,2.1713385675010928
23592,1.181150584713444
23593,4.840239490332495
23594,1.3978806704840516
23595,1.350141836943683
23596,3.739002709207378
23597,2.1545642102212716
23598,3.3328481568300785
23599,4.115518641702677
23600,3.7037432235073053
23601,4.793990970085207
23602,3.8536022710971083
23603,2.6738127928713293
23604,3.375820839411721
23605,2.4249586374781957
23606,1.4775412253830034
23607,1.4562449418560766
23608,3.013411945790206
23609,2.8703424907038464
23610,4.186261634483477
23611,3.3130396731460316
23612,4.640141081388445
23613,1.8358442059964215
23614,2.1274027540499385
23615,4.628154856541411
23616,3.0390719985891588
23617,1.951668011115884
23618,2.506735808156525
23619,4.351899996079716
23620,1.8667574261835265
23621,1.9171664986121666
23622,1.8910204049828998
23623,2.7888796874831443
23624,2.0497062826057384
23625,3.0959101565239515
23626,4.699167562151926
23627,3.539295410820794
23628,2.39566688672117
23629,2.2619263565833485
23630,1.4896901111638643
23631,1.7408560482316648
23632,1.4055862735428768
23633,2.942086024975037
23634,3.5082866724438597
23635,3.652707742364393
23636,4.3079392112512895
23637,4.363335486417494
23638,1.3603304982187843
23639,3.9218510882670654
23640,2.628072898306141
23641,4.013137439731063
23642,4.386533024354189
23643,4.594228392009605
23644,4.021646550864595
23645,3.5917758843454397
23646,1.7339858113392697
23647,3.9938738277767483
23648,3.7526462565925294
23649,4.170276208070247
23650,4.681489680703745
23651,4.182272839747185
23652,3.713750732243144
23653,3.375411665504739
23654,1.3037403650139905
23655,1.9795409953396224
23656,2.1641105472030673
23657,4.926958182994253
23658,2.4174442263965106
23659,2.44083658145528
23660,3.448342686307317
23661,3.512012840194245
23662,2.3849179894484567
23663,4.894181183789398
23664,2.987943162396357
23665,2.446004452072392
23666,1.295524286525636
23667,4.900045965874236
23668,1.5565561410358884
23669,1.7220142229208029
23670,2.8116502394633125
23671,1.9690981751265175
23672,3.9684440903862392
23673,4.698655926584686
23674,2.515174167514262
23675,3.271404682002893
23676,2.1674391507027306
23677,1.3778320947286051
23678,3.285446217048919
23679,2.1895710758264
23680,4.511429610460054
23681,4.92029751729177
23682,2.76405133745775
23683,4.461635167108338
23684,2.5852681727847995
23685,4.928154943551813
23686,4.333587189652663
23687,2.228953889851084
23688,4.4013262634456956
23689,4.538442664878284
23690,2.2669502029510364
23691,3.2332002772193738
23692,3.8710368997946234
23693,2.8862849505174455
23694,4.988478739353775
23695,3.3445999420544443
23696,4.0579011066341995
23697,4.770608229064592
23698,4.632638826575967
23699,3.1145343623180195
23700,3.468335648420775
23701,3.0130175747896444
23702,1.2182956738819368
23703,1.681931298320742
23704,3.3017249039297067
23705,4.41421997260179
23706,3.1559887047507096
23707,4.978363213408024
23708,3.970134489878349
23709,1.9067511494997396
23710,2.2398361949898624
23711,3.0364423371549294
23712,3.7525884642796354
23713,4.697743899076842
23714,2.630394889479129
23715,4.507925803008519
23716,4.289885683079179
23717,1.4639876360571242
23718,2.376638029615065
23719,2.806958265109119
23720,1.474230368062055
23721,2.43526041380154
23722,3.613931206422258
23723,2.6196497866236563
23724,4.238076107814923
23725,3.0960585400208296
23726,1.2865632162386587
23727,3.294996575986194
23728,3.8041028428094568
23729,2.24755917309231
23730,3.047494340324449
23731,1.373557893443261
23732,3.595676163547569
23733,2.6465484128247425
23734,2.329105879909975
23735,2.752314314868676
23736,4.635084382853135
23737,4.510555467538445
23738,2.367626168932647
23739,4.745322555205432
23740,3.846544423984078
23741,1.2415174222728051
23742,4.5457024052270585
23743,2.3730007974030225
23744,1.0591173655718231
23745,1.978865215066035
23746,1.1545944253520002
23747,4.693950777190645
23748,2.7432696785928714
23749,1.3984129777659113
23750,3.652717926360206
23751,1.8005932435619845
23752,1.502464828146989
23753,3.8641116693940205
23754,2.563767900044989
23755,1.4651417875784318
23756,1.4460804154500808
23757,2.2037642330470355
23758,2.213097736547794
23759,1.3537158422501645
23760,1.0800307554337647
23761,1.953878421841226
23762,3.464132588841316
23763,4.710107772233976
23764,3.8885167189156977
23765,3.0342472758466315
23766,1.966662060250599
23767,1.9711793139260485
23768,1.7213899710868201
23769,2.69313356357348
23770,3.8539559064848667
23771,4.807858689331299
23772,1.575236727891208
23773,2.0678510126246223
23774,1.9233238258680498
23775,1.8839014669611278
23776,3.8617199645011633
23777,4.877457576517248
23778,1.4225863539504662
23779,4.327309379175754
23780,2.57037060614782
23781,3.4375690903663685
23782,4.756636564794777
23783,4.764969780236365
23784,2.8794383422467287
23785,2.1690504789319047
23786,1.3046255356063634
23787,3.824195086532218
23788,2.856114364853949
23789,2.4549102297129597
23790,1.8176048149142585
23791,3.0944970124539894
23792,2.8280915272043847
23793,1.080768208201592
23794,2.9757665826060635
23795,4.269297662598673
23796,4.015665748437231
23797,2.1192811061714103
23798,3.2682993988641993
23799,1.0939851781170065
23800,1.365086293594569
23801,3.1191065019066726
23802,2.909710501705406
23803,3.042701441567173
23804,4.172974417297921
23805,2.0473560743322863
23806,1.6561229124066466
23807,1.619751105718902
23808,4.005682744061131
23809,2.84709962879263
23810,1.7420930495696485
23811,2.68119998573083
23812,3.816370921939243
23813,3.9099178069480347
23814,1.143138704563765
23815,3.887200644342111
23816,3.3693636300971352
23817,2.8438694778916616
23818,1.660307237109345
23819,3.171315402983201
23820,1.9078762667014892
23821,2.415911110797831
23822,4.097036493695214
23823,1.2750160206800802
23824,4.14793494320492
23825,2.361166725833268
23826,1.8575489533384846
23827,3.761266475660493
23828,4.403469037680047
23829,2.1185397009951643
23830,3.7312736266677757
23831,2.189130441956451
23832,4.174402318394337
23833,3.672235184533441
23834,4.932929941486957
23835,2.6047165589546197
23836,2.7425584210648615
23837,4.777350458371453
23838,3.9025511855718475
23839,3.645075525442849
23840,3.435122696177887
23841,4.019213046818662
23842,1.0888675123284814
23843,4.285630357667226
23844,4.858698708410051
23845,1.4197479568732465
23846,2.716581184376567
23847,2.819050488642717
23848,3.796360716926042
23849,1.7784661069197654
23850,4.469251372899423
23851,2.203029998510749
23852,1.6348400938881902
23853,2.382273709042507
23854,4.019101567089777
23855,3.561545467024694
23856,3.504493867329502
23857,4.136206362711398
23858,2.215415224032751
23859,2.9160376465555187
23860,3.479645573960284
23861,1.617110701791019
23862,3.3011624655271636
23863,2.2331698751392874
23864,1.2286025538807963
23865,3.685588109532531
23866,1.8852994920673924
23867,4.506730091190652
23868,4.645166652911016
23869,1.6514705188748815
23870,2.8185275910926575
23871,2.324900858111263
23872,2.3241667484396067
23873,3.928748582708266
23874,4.2582696425589575
23875,2.086947080448008
23876,2.6922083036449314
23877,3.665911178217913
23878,4.339273562078157
23879,1.1841753685687646
23880,4.701644813502016
23881,2.335161980858485
23882,2.18762384934101
23883,1.0906086850363876
23884,3.6689294488439796
23885,4.6051306230141655
23886,4.523846630554717
23887,3.7992997561921826
23888,1.3084239683533316
23889,1.0857828495674826
23890,2.079757639461796
23891,4.07576147662008
23892,3.6377174568177506
23893,2.0440728837770634
23894,2.837385542918209
23895,1.5290915307869106
23896,2.5527572370010008
23897,4.278082075710675
23898,1.953385971393525
23899,4.237002472857257
23900,3.1504137238712886
23901,3.263742109880941
23902,4.325839725511923
23903,3.9663883521700614
23904,1.5270208880687663
23905,3.6110525217213643
23906,4.720980571637008
23907,3.4693595017975154
23908,4.5890400511152265
23909,3.17484346380185
23910,3.041622109703456
23911,3.2534409603276235
23912,1.1759656234247164
23913,1.661090078718407
23914,3.8509993071251016
23915,4.898140169580522
23916,3.416316143150315
23917,4.672717017086942
23918,4.110050871040459
23919,1.8647702529493841
23920,1.1028207760039597
23921,2.275402758987237
23922,4.386542629382273
23923,4.778426377779244
23924,1.4600287405548014
23925,1.8970523102046521
23926,4.0609887207127
23927,4.176438554646353
23928,1.5387888616701
23929,4.764467436917721
23930,2.8606833541740047
23931,4.10371571401064
23932,4.303608529644448
23933,4.444951669857493
23934,3.10702964071496
23935,1.4139779930553633
23936,3.9627251942525774
23937,1.3261194201581104
23938,1.0203445806624565
23939,1.0345277850993004
23940,4.667451062483587
23941,3.756685406415073
23942,4.681120673791261
23943,3.5007208175624425
23944,4.67591918695693
23945,1.878013620450763
23946,2.9028492434009885
23947,2.2916041471182385
23948,3.8966186868039028
23949,2.3951954610556307
23950,2.552461393011088
23951,4.895928802233147
23952,3.944859600517372
23953,3.443006738871249
23954,4.545958458162754
23955,4.55044706448952
23956,1.4724610653963928
23957,4.941128962737492
23958,2.8982309982622554
23959,4.297333235696408
23960,1.6006334572481187
23961,3.767807426270914
23962,4.5824249880698
23963,4.846094956361597
23964,3.556535259847424
23965,3.702926792398469
23966,4.645266883403547
23967,1.5010038610633383
23968,2.654933535781496
23969,3.971911072647257
23970,3.204564939540942
23971,2.237113279635124
23972,3.2326984620606742
23973,3.5085144552473198
23974,1.461833203417474
23975,1.1126299801345239
23976,4.519701702538956
23977,3.2954049679982247
23978,4.172069199215638
23979,4.219311528998736
23980,1.298570965471697
23981,4.862332711500409
23982,2.549189777248153
23983,4.286775798658902
23984,2.3241726490786996
23985,1.6983650801619055
23986,2.4288069117899873
23987,3.609938309534906
23988,2.061384001175626
23989,4.637125412830857
23990,2.58077421835869
23991,2.192153095507058
23992,1.3878146247823882
23993,3.7339336258804137
23994,3.9269897291692004
23995,1.722408466619226
23996,3.5112956223369527
23997,1.7468326640026492
23998,4.316803043382025
23999,2.273220886015977
24000,2.908862076752006
24001,4.202819236109443
24002,2.5482372367796056
24003,2.346633444350169
24004,2.599976477379362
24005,2.2160712749728217
24006,4.06509017994261
24007,3.573382904624779
24008,1.6643849581550043
24009,4.401002501213144
24010,4.597993693382131
24011,4.626762637281615
24012,4.947814869136735
24013,2.281852076805646
24014,3.7020748004766
24015,2.4743028579173565
24016,3.901733821574194
24017,2.9354185677845535
24018,4.931094401110801
24019,1.7435549272994675
24020,2.859514888465338
24021,1.084207006819728
24022,2.9981627080201565
24023,1.3323922609342067
24024,1.1952793297462478
24025,2.7717543929338078
24026,1.047874351866557
24027,2.9415125731468335
24028,4.193067337952845
24029,4.599029031986467
24030,4.69666625669677
24031,2.8695976048842384
24032,3.672139554866691
24033,2.7305295320431937
24034,3.4383843703939365
24035,4.9800567511894425
24036,4.028856208658768
24037,3.6088673951601438
24038,2.7592765301391236
24039,3.5421456139062455
24040,4.419329914899574
24041,2.0235960772028907
24042,1.1853331495618926
24043,4.1056708868128755
24044,1.8664626647346636
24045,4.782406206554787
24046,1.7621373032364755
24047,3.203074078219636
24048,4.96311325348621
24049,1.072568821652045
24050,3.0691753875740266
24051,2.0058663949297912
24052,3.7713581700207905
24053,4.545374819090201
24054,2.0460468296272523
24055,1.4356223617049975
24056,3.6555936526124597
24057,4.689022875383264
24058,3.146662180826902
24059,1.8723544883483711
24060,1.1116786363626208
24061,2.253656689898503
24062,2.2110778322636215
24063,4.231861835898771
24064,2.983847922697949
24065,3.0316450688588947
24066,4.428037266923834
24067,2.698491865795129
24068,1.7355796301141462
24069,1.8349023758072245
24070,3.171179645361215
24071,4.630871367095538
24072,3.5402212599531735
24073,2.9496889735602116
24074,2.6577598250592875
24075,2.192195627630809
24076,1.523192612534304
24077,2.2640298448350276
24078,1.9694010522293377
24079,1.4703708133308844
24080,4.338074783509778
24081,1.647412513937446
24082,4.610646130773385
24083,1.942789815980852
24084,4.1813949560748505
24085,3.085151218507351
24086,2.86961725311286
24087,2.1646206712633336
24088,3.9651992390667066
24089,3.771600413327889
24090,1.104859850245926
24091,4.707372823763492
24092,2.673177399652157
24093,2.9473945109243846
24094,4.347193326045728
24095,2.0993939526857135
24096,2.7066647347204524
24097,4.306038041318871
24098,1.9582130147484085
24099,1.7839566044520199
24100,3.777859210199926
24101,3.9990323988043786
24102,4.454871887794613
24103,1.5814238906659703
24104,2.364886849009775
24105,2.7047043168358322
24106,1.9637244984942495
24107,2.6876796076186644
24108,2.054320527721782
24109,1.109843142919066
24110,1.7358644256173612
24111,4.286933612557336
24112,4.982200317822237
24113,1.0337018507012887
24114,2.280329588593191
24115,1.5434722848862386
24116,4.198137791322762
24117,2.0959169095370327
24118,3.7178258513883318
24119,2.315922310022336
24120,3.861370511892041
24121,3.7843930934454035
24122,1.6711258058964487
24123,4.8299958477569405
24124,4.758876689830101
24125,4.2970790241200465
24126,2.8020652753825934
24127,4.2171753169250294
24128,1.9148119824531311
24129,4.941592200550591
24130,2.1849823271588247
24131,4.9112798749739595
24132,4.768483963344243
24133,3.0329585851514382
24134,4.431961362830595
24135,1.9019347245887799
24136,2.088294382647485
24137,1.6712887388769246
24138,3.207006025233169
24139,1.5426358360983117
24140,3.9024454573163676
24141,1.226237323148199
24142,4.558421952667171
24143,3.9630070730346163
24144,2.5101747378299315
24145,2.8227313063691817
24146,4.866819643865691
24147,2.0101498701837444
24148,3.637023569530201
24149,4.603566575883905
24150,4.13828101993798
24151,2.663049624577785
24152,2.7512210803128383
24153,4.701464393047026
24154,4.414195156096883
24155,1.218600847229371
24156,4.501257065950861
24157,2.658991417651257
24158,1.0885235410879557
24159,2.50065733210213
24160,3.91849130434629
24161,3.396936426662479
24162,2.282805657947384
24163,2.1642033172805917
24164,4.433243539676109
24165,4.92005313244813
24166,3.974351203363635
24167,3.8428848991909996
24168,2.461445342931585
24169,1.3707789535337005
24170,4.392541519008198
24171,1.6220265043979594
24172,1.4143769852087948
24173,1.913098639854113
24174,2.0377591467828586
24175,2.365541136726517
24176,2.3701066138143365
24177,3.595468159286772
24178,3.0389572231594837
24179,3.4743956383076573
24180,1.4215573356466096
24181,3.6736468856678695
24182,1.9265759987152826
24183,3.7884078973737
24184,2.772173283203713
24185,4.442908135818484
24186,2.4672979999469233
24187,4.232924177898575
24188,4.929820592241581
24189,3.937222935610452
24190,1.392991148741359
24191,3.6946398924434067
24192,3.9762796204313293
24193,2.7126166561735703
24194,2.714566741453155
24195,3.470135161922331
24196,4.71859639888976
24197,3.009108771312493
24198,4.0851096536320135
24199,4.810052765102837
24200,1.2895090684338917
24201,4.566204104658594
24202,3.337962093280495
24203,3.9264048668094933
24204,2.3830036510049566
24205,4.426535388294544
24206,1.7284101026072687
24207,2.6225440042884482
24208,1.6939635103071091
24209,4.997287772053511
24210,3.3621879825416188
24211,4.167745474493297
24212,3.316771974492394
24213,3.8056284513144796
24214,4.609618604303577
24215,1.0095900124056576
24216,1.3093501701535097
24217,1.9092393957579787
24218,4.866811155182338
24219,4.625716455744643
24220,3.0898336358608103
24221,1.096749213297885
24222,4.3007256719411515
24223,2.010964093152928
24224,4.1266546845864385
24225,3.1081904028723577
24226,4.307120224766543
24227,2.9648660411517067
24228,3.498117016156072
24229,4.892533674718612
24230,1.23046525289236
24231,4.427555796544617
24232,3.602319687247697
24233,2.041554718099621
24234,1.0424164890198853
24235,2.3316839229583533
24236,1.6472407504813051
24237,2.5941226540087774
24238,2.934584743844904
24239,2.85317854784963
24240,3.805080443517406
24241,3.4920158375822465
24242,1.3312360890333657
24243,1.4446122837099185
24244,4.218858052356609
24245,3.610199431557041
24246,1.3345412112749653
24247,4.5691399186084425
24248,4.329882324953094
24249,1.4114175987580322
24250,3.784661892049662
24251,2.206624398514131
24252,2.2347464028852433
24253,2.601831231491124
24254,2.6621912262818563
24255,3.244444913531619
24256,2.9620231008965536
24257,4.606595495930706
24258,2.981631788776693
24259,2.7839147211509547
24260,2.459065293057763
24261,2.1948995675140526
24262,3.593700769969061
24263,1.3734518264709719
24264,2.7643215598236037
24265,3.093176681050721
24266,2.837004181093334
24267,2.374275133545102
24268,1.0538630981601447
24269,2.5904319415032226
24270,1.2936232041267939
24271,1.7485351563058935
24272,2.4557132462876035
24273,2.063340963154169
24274,3.582793904068885
24275,4.065981564653721
24276,4.056229474269327
24277,2.9902263413844894
24278,2.799187497043976
24279,2.0578013620998563
24280,1.2444375178544753
24281,4.848323909827389
24282,3.696209464881905
24283,4.792114345876499
24284,1.4154988952047973
24285,3.7675943717792197
24286,1.7149561065907033
24287,1.1144182983992326
24288,1.5879910023764037
24289,4.404594030726274
24290,4.571653219540485
24291,2.0621456413162464
24292,3.185050687499275
24293,3.5178637138680746
24294,1.7096443814703992
24295,3.4325782924992785
24296,2.4626760331134
24297,1.9503995564682697
24298,1.534339716395209
24299,2.9824902202186343
24300,1.3584661158986404
24301,4.079159054766906
24302,4.6368389007730215
24303,3.7703784548118358
24304,1.4184128814388401
24305,1.8770909953918369
24306,2.5108296342839234
24307,1.9494574460582257
24308,4.410902493997172
24309,4.9447627742662705
24310,3.608102700120185
24311,2.201669104323728
24312,4.35441203685538
24313,3.964921776055402
24314,3.7616082063640173
24315,2.9598555352432925
24316,4.5747192608820075
24317,3.0077509916952447
24318,2.2091680192512406
24319,4.36663506161347
24320,2.295000110953997
24321,4.436061289406797
24322,1.9329437748867853
24323,1.747111251233406
24324,4.643353937470881
24325,3.6995292070405847
24326,3.2599311066061047
24327,2.4768368866538624
24328,4.964783919430916
24329,3.9397756957499452
24330,2.4266948387219522
24331,3.1143994392554406
24332,2.4307964948187695
24333,4.71556512888036
24334,3.4768984828603045
24335,2.413186419456644
24336,3.344215962216364
24337,4.070080982097172
24338,3.9807836306164446
24339,1.753817504319088
24340,3.328205219816737
24341,1.0488669103799402
24342,2.752147867960329
24343,1.896861325065902
24344,2.4524680642921837
24345,4.767432713849246
24346,2.3659627993632038
24347,3.8229712227383894
24348,4.634468175520318
24349,4.593127164244065
24350,2.2332566362283015
24351,3.1031522446725557
24352,3.2642963262607783
24353,4.5701796095688145
24354,2.163369934679874
24355,2.2233057310898916
24356,1.1255926398791956
24357,4.911046386954228
24358,4.809039354263835
24359,3.7431595271607905
24360,3.7958416198851297
24361,4.0957994476523005
24362,1.331965461326711
24363,2.950325133744391
24364,3.787916467828687
24365,1.139326232645871
24366,3.1394692902035324
24367,1.457603190762217
24368,4.136704224072815
24369,4.813744030827712
24370,4.7200526177328435
24371,1.0339275821811489
24372,2.8688032522850304
24373,1.7862933347372398
24374,1.9499441887313882
24375,4.934240711138939
24376,2.4267946551378508
24377,4.502783102041409
24378,2.3506998381046893
24379,1.190831208175064
24380,3.430031451493211
24381,4.758077874988746
24382,2.759679354379629
24383,4.082173691282123
24384,2.5745809767682726
24385,2.807154476527156
24386,2.3027219509681847
24387,4.247135405535667
24388,1.7797290175874423
24389,2.3347634339869723
24390,3.077771433558638
24391,2.935055707552442
24392,1.900221511939511
24393,2.6030839666382026
24394,3.783551673758625
24395,3.9648618085473166
24396,1.0977659622060956
24397,2.6429382902692695
24398,2.5997238031624765
24399,2.563757059268928
24400,2.703279003051969
24401,1.9965450578402257
24402,1.012241216515105
24403,4.0568490477200285
24404,2.132246294490666
24405,4.008233606631118
24406,2.3924086594822414
24407,2.4698615768370544
24408,2.646430677974392
24409,3.1520374840059846
24410,1.8511046817181267
24411,4.5926524085592755
24412,2.463030419576119
24413,2.220577379518311
24414,1.076435920205256
24415,2.512268463247993
24416,2.52030031836622
24417,4.510674002046736
24418,4.852648767157657
24419,2.0332632455099984
24420,2.5805598454804666
24421,3.14329840003212
24422,3.329700288504916
24423,4.317118965830808
24424,1.7405827733490864
24425,1.9241735789886119
24426,2.0350059912209972
24427,3.763756221225139
24428,3.5409735101561157
24429,1.9854355693452463
24430,4.330505204758936
24431,3.466437379057584
24432,3.3900541945258857
24433,1.8641380922162503
24434,1.2998860592633643
24435,4.887483202420412
24436,3.3658515569451057
24437,3.96076983757274
24438,3.2114315076178888
24439,4.834900315006307
24440,3.214688465510689
24441,2.792717600869948
24442,3.4000560204524333
24443,4.85610142458215
24444,3.8362242207085684
24445,4.058011253598972
24446,1.9404510378459054
24447,4.9183845037902225
24448,4.9351440164716065
24449,4.465248420076856
24450,3.4236609881660955
24451,3.6751330507290443
24452,1.7596869389893648
24453,4.59692498284612
24454,1.610151954924532
24455,2.622403754592041
24456,3.5398472050833774
24457,2.8060422569803776
24458,1.9356176490065984
24459,2.7372179031328345
24460,3.9231357001994827
24461,1.899326648338079
24462,3.957697882779438
24463,1.2282634511619674
24464,4.281582758522419
24465,1.419837114918841
24466,4.987659866777061
24467,2.698244947790121
24468,1.6988291356926708
24469,1.709877725706665
24470,1.6897204556463348
24471,3.3594465782705907
24472,3.3087500672354633
24473,3.9964804602414064
24474,2.313900704219496
24475,4.408697549470882
24476,4.574031130657617
24477,3.8957052820210434
24478,4.246734480069033
24479,2.210723314235203
24480,1.4524342769446736
24481,2.5725201395045976
24482,2.4190501504740918
24483,3.771063342368927
24484,4.419726596764739
24485,3.7398767268808126
24486,2.752763107892843
24487,1.9360463713354852
24488,2.183942412712032
24489,1.4524811632253445
24490,2.2574441762120383
24491,2.0437663076606594
24492,4.642220633571837
24493,1.5782267284520692
24494,1.3402723026046246
24495,1.017641732921612
24496,2.289427043096799
24497,3.566583049505936
24498,1.1470936075550333
24499,2.375295701677808
24500,4.9203967582757855
24501,4.0884032654092435
24502,1.5855650872169291
24503,2.3012664305780643
24504,3.659261297638911
24505,2.197816487290534
24506,4.286350380429614
24507,2.93168431936806
24508,1.7825913439682277
24509,1.3507358788592039
24510,1.7341049119246228
24511,1.3493931523222895
24512,3.2654341797604287
24513,1.4194688004733482
24514,4.168031743110967
24515,4.296359492921061
24516,1.319042621614603
24517,4.691057265681994
24518,4.216554533571379
24519,1.4230861276275104
24520,2.31861665070227
24521,1.6970580581311445
24522,1.182500965972035
24523,1.348378450728703
24524,2.99139516645208
24525,1.4488399480530805
24526,2.417115433820276
24527,3.5274200274397156
24528,3.995184872093013
24529,3.569169573629021
24530,4.082410929921922
24531,2.6407574496636532
24532,1.8422006433853797
24533,4.742091985785394
24534,1.072506024199153
24535,4.906821874364281
24536,4.345275018830058
24537,2.8744338903079867
24538,3.544665459626764
24539,4.739861940413064
24540,4.084786376219784
24541,4.509800246594008
24542,4.453721443363261
24543,1.9551226042137033
24544,1.1262640799188963
24545,1.427146829769872
24546,3.3067460067662653
24547,2.319542341904342
24548,1.587755417393025
24549,1.6991378681232114
24550,1.2912178759502284
24551,1.0099037284295398
24552,3.6545007214844456
24553,1.358364191309168
24554,3.6819895096045343
24555,1.1234849091348154
24556,2.1560688956174197
24557,3.5031036320210647
24558,1.638034164277375
24559,1.3878304761479239
24560,3.5437999805085267
24561,1.0183079670504318
24562,2.133558216024079
24563,1.1188066133994772
24564,4.620266770995305
24565,4.853343271798551
24566,4.875632736300775
24567,4.7062614969522665
24568,3.333593563360374
24569,1.1789386447142571
24570,4.203284805639308
24571,4.290504075780753
24572,4.745069570339393
24573,1.1041417840250474
24574,2.837763727647917
24575,2.6503016465975113
24576,2.154597979208553
24577,1.3897153694572602
24578,4.890915227569959
24579,2.15194689935841
24580,3.1671882881866575
24581,4.45544899806309
24582,1.001647461574175
24583,1.2456550043899073
24584,1.954154766411364
24585,2.2168221462458177
24586,1.3537217283147722
24587,1.952257864020495
24588,2.677599503801898
24589,4.959332211184675
24590,1.9579128822807212
24591,4.251808285195333
24592,4.393911615046264
24593,2.3515434298017497
24594,1.0117563546460602
24595,2.4125324281506377
24596,2.931837388955537
24597,4.086748147934649
24598,2.200028784609416
24599,2.3257426245510273
24600,1.2576969635499733
24601,4.921766851497688
24602,4.668617383024339
24603,3.029480607255988
24604,4.526662503790087
24605,2.0319229348643097
24606,1.5949624623544727
24607,4.233047971664972
24608,1.0095206170006348
24609,2.952530990479969
24610,1.1599210420160788
24611,3.0168893538664743
24612,1.7939033352391247
24613,1.8274075036427306
24614,3.5860328654574483
24615,3.647146912763979
24616,1.4962563087614145
24617,3.27994703724404
24618,1.8884412080973134
24619,2.595885454959906
24620,1.8300251860116301
24621,1.1409670284930478
24622,3.0966393566075285
24623,2.7476296775164863
24624,4.47651612255311
24625,2.3378358665741774
24626,2.3389064309054164
24627,3.2369232135975965
24628,3.659493223956396
24629,4.904984628450775
24630,3.507695932953528
24631,4.315658407245036
24632,1.018996945642599
24633,4.217930326044822
24634,3.1703236931636
24635,2.279519800687771
24636,1.2417388279152353
24637,1.6750975956696421
24638,4.400815591989648
24639,4.693406460408073
24640,3.050719624407821
24641,2.274582489114834
24642,2.020742411077931
24643,2.9705406377977015
24644,4.033430118619538
24645,2.9424694677790124
24646,3.025625312825188
24647,3.823849850409333
24648,1.1520632141420828
24649,1.321644813529089
24650,1.4036558162634014
24651,1.3841945925665633
24652,2.055787111421081
24653,2.609211928688247
24654,1.1066318357135732
24655,2.7653060100632367
24656,4.134834052956554
24657,1.0167902189550082
24658,3.1466344591981024
24659,3.0922887499438185
24660,3.3999428014896678
24661,4.800292926636587
24662,1.3782867797259337
24663,4.087473486970858
24664,1.2629338776827757
24665,1.5881857155087276
24666,4.939239622224038
24667,2.7159631095528893
24668,1.0714238320992093
24669,4.338210210412393
24670,3.9003930678571566
24671,2.31982927917348
24672,2.9915666381948203
24673,3.854382049379395
24674,4.773109412490303
24675,3.5109125275704307
24676,2.105624983316801
24677,1.0995884048007256
24678,3.7562355068952336
24679,4.3027657108494
24680,3.590187589890283
24681,3.4700579796321076
24682,2.4298409798346157
24683,3.0273043178653603
24684,4.156609881597555
24685,4.472056245090588
24686,1.1825659526198993
24687,1.3540807770474306
24688,1.3007983373194385
24689,3.9110875417243993
24690,3.384024647697551
24691,3.905604118710163
24692,2.7583184063709165
24693,4.649960369428879
24694,2.6468828341718162
24695,3.7442946512918436
24696,1.9119030743358625
24697,3.3412482743933944
24698,3.295914533660242
24699,4.354505638961354
24700,3.514803382961593
24701,3.8405126403864087
24702,1.7786224264347354
24703,2.7352065608825917
24704,2.1634242479392096
24705,4.489992173477972
24706,4.435357633909687
24707,2.5838291970809486
24708,3.8222271413449365
24709,2.0418248032086894
24710,2.463503779615965
24711,1.5680758273826512
24712,1.7991016037604974
24713,1.5491079427407288
24714,4.62202493790899
24715,2.030736849892864
24716,3.4425737993150256
24717,3.620567502597681
24718,4.856576337545316
24719,4.291512343059504
24720,2.745052289040489
24721,1.2041344085078793
24722,4.47375804168295
24723,3.818239510237435
24724,4.041871664204573
24725,1.1052433937162829
24726,1.3230271348761264
24727,3.744989371203006
24728,4.265997109829146
24729,3.5973243770699828
24730,1.7096100680783457
24731,3.7725922535133374
24732,3.0744145491857244
24733,2.356832760745471
24734,3.3696715548590146
24735,4.731256834101968
24736,3.8997502339489576
24737,3.5091695460805585
24738,4.234112066909551
24739,2.8674718440015026
24740,1.5869100674179952
24741,3.8315792124701806
24742,3.169288229649203
24743,4.2529274904787835
24744,4.466780718752979
24745,3.079838042311363
24746,2.7261804003483343
24747,3.677514675870753
24748,4.129843734273974
24749,4.569658376759421
24750,2.3824270283439994
24751,2.044977963187107
24752,2.6043153307553144
24753,3.987979133563717
24754,2.5672277590731034
24755,3.906360447485205
24756,1.9835345889113118
24757,2.5921777664908423
24758,3.3021034052114424
24759,3.3739644441811225
24760,3.364667941495664
24761,1.2328728159154432
24762,1.1613424002149348
24763,1.7902589516626461
24764,2.6790162850852615
24765,2.7516109986684167
24766,3.205862669977992
24767,2.4967203471436807
24768,1.0527590761520553
24769,2.077483143723062
24770,2.2434985152726896
24771,2.425737159375183
24772,1.6070721271356576
24773,2.705725693038875
24774,2.4818125489104355
24775,3.0043130392139954
24776,4.935474269799259
24777,1.9242387564991925
24778,4.478690448114095
24779,2.767221177669897
24780,4.8398188047563195
24781,4.18553645320126
24782,1.2701366600543
24783,3.211711020063102
24784,2.3632038036701295
24785,3.5138823267423542
24786,4.1982087624582505
24787,3.851102791877959
24788,4.281670128489239
24789,4.114569454020012
24790,1.526243269078679
24791,1.9416080924116401
24792,1.0009475714339704
24793,4.253921894613456
24794,1.5867502633887716
24795,1.3488708835193308
24796,1.8311446450344016
24797,2.4976934310215118
24798,2.7368337214137215
24799,2.247212402146513
24800,3.106869649126942
24801,2.0123605752407077
24802,1.959375462053671
24803,4.2108650254815965
24804,4.514735828768595
24805,2.3785432474405215
24806,2.4066915604752555
24807,1.3997798466270743
24808,4.401810017316756
24809,2.0965649451403734
24810,2.04265023885204
24811,1.4321013732113639
24812,4.823461752116854
24813,3.6029938646248514
24814,4.303153818630317
24815,2.343107440899077
24816,4.817163226528143
24817,2.128313042750248
24818,2.81851019789046
24819,3.5197291408030815
24820,4.416625811071036
24821,3.281056323901182
24822,2.308223891256344
24823,3.040532804774937
24824,4.72157425147987
24825,3.3974084902111086
24826,2.6981238802305385
24827,2.40589988651917
24828,1.0691909746653505
24829,1.7250792579085052
24830,2.7436757576110096
24831,2.292964295624815
24832,2.0269768426187165
24833,3.7927281933021875
24834,2.6793257248103757
24835,4.08195099828235
24836,3.0395972223850527
24837,2.1717676905653036
24838,3.0407524006265083
24839,1.681088880933601
24840,1.9047909307134279
24841,2.7996241197175786
24842,1.6858689000792584
24843,3.168176657974891
24844,3.8883563084908714
24845,1.5915747001360327
24846,4.691327484923958
24847,1.8332311856359227
24848,3.280612270401868
24849,2.6825810869050812
24850,3.7838900880913897
24851,2.610055939587513
24852,1.8361341753189802
24853,1.6126385362643068
24854,4.557200644023953
24855,2.334265754824476
24856,4.049454346935088
24857,2.368417267596994
24858,1.4244187891651823
24859,2.5774443569113665
24860,3.628059521231714
24861,4.8452787067258
24862,3.2128953559698976
24863,3.4402332091979684
24864,1.0195005504094938
24865,2.4588371497027333
24866,4.793009527326501
24867,1.3028539536325776
24868,2.3727729101729285
24869,1.2857642586469247
24870,2.703895605795007
24871,1.6244907144830236
24872,3.8853093069894618
24873,2.859973994093086
24874,1.9794738851131246
24875,4.684821319197079
24876,4.172890100757495
24877,3.0620840176017112
24878,3.2821830141916264
24879,2.7348089686982244
24880,1.056977982789086
24881,3.004162566696051
24882,1.1797409869521571
24883,3.925945560639249
24884,4.60211014055246
24885,2.9346648211895707
24886,3.790587783213681
24887,3.924222470879334
24888,3.7275766506168146
24889,2.1143267088499753
24890,1.9871850761376093
24891,1.4593701055975234
24892,2.609549985041657
24893,4.383940555867669
24894,1.170223696223509
24895,1.9574888009826816
24896,2.816295356520494
24897,3.4649145600221
24898,3.5419311132126152
24899,1.0127877237773952
24900,4.889210643061918
24901,2.5979371317262236
24902,1.214008818261434
24903,1.9753156664956388
24904,4.240316644013561
24905,2.905124510188578
24906,2.6788128440168197
24907,3.2224827861394707
24908,2.5700747371542527
24909,1.4327917257906755
24910,2.51975089282635
24911,3.200685422856588
24912,1.2019442732211982
24913,3.5307850561803638
24914,3.8032964239646736
24915,1.6726553180833852
24916,2.544323944903287
24917,1.2296027654960264
24918,4.596306797249358
24919,4.441119643077197
24920,3.4547034468103743
24921,4.108678073555312
24922,3.9702842269941097
24923,2.45937118978201
24924,3.195436409571018
24925,1.8856398208953142
24926,2.98203641058451
24927,2.9276137323761837
24928,2.989859356838346
24929,2.6705274472594445
24930,3.7574304140576436
24931,4.55284564250032
24932,2.389811002189419
24933,3.04525336674776
24934,3.002064938328508
24935,4.140459422299794
24936,3.9640097453627834
24937,1.7605357038003198
24938,4.258068229475081
24939,1.655488839144366
24940,3.6196963361549117
24941,2.3049478369862175
24942,1.0602630485961773
24943,1.0670505491559408
24944,1.4152034500038257
24945,1.3172801894240012
24946,3.6136285432735993
24947,2.4156126191215543
24948,1.7575625972808173
24949,2.472127748114052
24950,3.4394421855325703
24951,3.0322229564317813
24952,2.287799256128458
24953,2.3738250315140617
24954,3.013643484985176
24955,3.2446253650939556
24956,2.685848870797173
24957,1.7413915063674072
24958,1.3289409862841657
24959,2.0759353690847213
24960,1.0556570904028608
24961,4.778849071030654
24962,4.017324435629016
24963,2.571838965532382
24964,1.4728686573981444
24965,1.7339796563992578
24966,4.733506604463269
24967,3.243857825174581
24968,3.250783669703433
24969,4.032067103329325
24970,3.932902958653861
24971,4.674813989339965
24972,4.074728026760961
24973,2.923696950312803
24974,4.721257212171068
24975,3.4451428812934597
24976,2.021193678176049
24977,1.3475998053924
24978,3.6750721461425515
24979,2.7808640473688078
24980,1.7260008718402218
24981,4.498561255079053
24982,2.214082539596713
24983,4.337024501073808
24984,1.2956708022146035
24985,1.6096004492886564
24986,3.8418417818438795
24987,1.4684448030681176
24988,2.823761078717712
24989,4.426181566428811
24990,1.7329093834666165
24991,1.444704258431008
24992,4.034825645555108
24993,2.0948989707464136
24994,3.0044548919352794
24995,4.226108178855585
24996,1.7782888242146595
24997,4.878617137121694
24998,4.216714293349787
24999,1.983705628847261
25000,1.5178548777223724
25001,4.166077799981226
25002,4.952366390641361
25003,4.886497339173201
25004,1.4023168699729176
25005,1.9786999000427752
25006,1.2642460916170828
25007,2.1050371082902952
25008,2.658535992021782
25009,4.37420533934535
25010,4.818902792874923
25011,2.9367102087173595
25012,3.37561734256472
25013,1.2969185699455004
25014,3.1665066081078748
25015,1.0386018672641848
25016,1.2825474344794796
25017,4.243149667923369
25018,4.820306578732742
25019,4.383221545938036
25020,2.028354938104243
25021,4.830386845811663
25022,4.939207464535684
25023,3.38122537105094
25024,2.2632719261380494
25025,3.0895349162970276
25026,3.6006641494832783
25027,1.315145381430621
25028,2.701715429337835
25029,4.489947774804904
25030,2.2679877952830854
25031,1.5654058732110174
25032,4.764565036118794
25033,3.7277462613935897
25034,2.6823292137134005
25035,1.258536369106673
25036,2.3918129331918796
25037,4.191006693120455
25038,1.0437029170110859
25039,1.7721007162692528
25040,4.244154932100782
25041,3.7117126114783865
25042,3.91240825307397
25043,1.2722806020322697
25044,3.2113079167604632
25045,3.784514275341304
25046,2.2997102665722453
25047,1.6432098541288114
25048,1.7209139466411072
25049,3.695004832612324
25050,4.4681639426094755
25051,4.056925509922332
25052,3.5771339170888354
25053,2.0782790133809934
25054,2.623638130257846
25055,2.5208729336242106
25056,4.575139780499629
25057,1.6021319050747342
25058,1.1009430229367343
25059,1.6558454009330092
25060,3.537581687913319
25061,2.1596804720582092
25062,1.1737310544067427
25063,2.319593771508345
25064,2.3130653783754322
25065,4.568292028869501
25066,2.8977355429521205
25067,4.606741952226216
25068,3.7565300365337824
25069,3.7836075228388975
25070,1.3981465494194283
25071,4.905260452944486
25072,1.1729249782524018
25073,3.7290875463387794
25074,2.9977677987993516
25075,4.600765900626232
25076,3.470213801130366
25077,4.9201087738632046
25078,3.0712182200688436
25079,1.5455914436635734
25080,3.0739212234000277
25081,2.2160100553508784
25082,4.339486859289979
25083,1.9797202522967488
25084,4.442328983538012
25085,1.1158630550285755
25086,2.366178985995014
25087,2.306323928479331
25088,3.925992016247792
25089,1.4882778914134054
25090,2.665717578071322
25091,1.7074053376461173
25092,1.9491560483991686
25093,4.355175632657785
25094,3.1522748372596974
25095,1.9809062104233663
25096,4.499848401084654
25097,4.318180095285037
25098,4.733291422008945
25099,4.876884887385334
25100,3.7995670992090473
25101,4.785430814285752
25102,2.735535188273758
25103,1.4816211983143739
25104,3.9150535853158592
25105,2.4837811266358423
25106,1.4324485512218268
25107,1.4256131023288137
25108,4.393647530122475
25109,1.7453031340717904
25110,3.3030628015147263
25111,1.8940934019747964
25112,2.4429921906896097
25113,1.1191480417658073
25114,4.7987324569370635
25115,1.959752481711285
25116,4.864732157070094
25117,3.465635634119106
25118,4.6967303860656315
25119,3.1397175479974075
25120,4.495343206453783
25121,4.61944789132221
25122,3.6726152030508437
25123,2.3250999844696936
25124,3.99803313065528
25125,3.8425831867906344
25126,1.030114398249331
25127,4.936475729949818
25128,3.1803257424319593
25129,1.4628446002974456
25130,4.531211622380537
25131,2.285276523516774
25132,1.4610517291173823
25133,3.3242376583954956
25134,2.1197674244970037
25135,3.7547276928512474
25136,1.5941270358034818
25137,1.20509945072421
25138,3.9172223131091015
25139,1.5081718611252826
25140,2.560351855886372
25141,3.0830390171894457
25142,2.249129059052099
25143,1.9956771488444098
25144,4.743138903839683
25145,1.4975807659854818
25146,4.293645329206425
25147,3.246312123626736
25148,2.816211884241429
25149,2.102585927838
25150,3.3124643881836273
25151,4.243130421009878
25152,2.476754643665204
25153,3.5723304626297607
25154,1.3129009338244853
25155,3.0178768884728386
25156,2.1045976094190695
25157,2.909926061092924
25158,3.7007855443540154
25159,3.3327569650968423
25160,3.962838541216096
25161,3.515723862376441
25162,4.1880334080868185
25163,3.2414158752508384
25164,2.499828413990524
25165,3.8166476364720885
25166,4.539125911133759
25167,2.7556003245501324
25168,3.8391369867397978
25169,1.8083770589156107
25170,4.812184698561511
25171,3.3729677475049704
25172,4.831569185626714
25173,4.395495465973276
25174,1.0222410950067933
25175,3.7928500754592234
25176,4.865602775933672
25177,2.0262687414765224
25178,4.642721289030335
25179,3.138499398106456
25180,3.5151602451640795
25181,2.0159535584303225
25182,2.1150442469444615
25183,4.175329381237896
25184,4.584555260203624
25185,3.229409086762934
25186,4.80348574065321
25187,4.091769193838937
25188,3.1076742515823597
25189,4.736437893569582
25190,3.8676894525874452
25191,1.242750726100482
25192,1.971140093793832
25193,3.488610401302523
25194,3.9598141239598155
25195,2.689018254055141
25196,2.9230708037696775
25197,1.3521186968586196
25198,4.95676378798157
25199,1.9987200128756566
25200,3.9944231874584855
25201,1.6589109676969604
25202,1.3339894082305848
25203,4.081013603198122
25204,1.156426333807934
25205,3.6305178153571656
25206,4.494440925550938
25207,4.458982670526291
25208,2.4678711062106475
25209,4.721824588723503
25210,2.4925638782163797
25211,4.702749462031132
25212,2.9424678015866896
25213,4.007715498170262
25214,4.818213441094555
25215,3.042605828820196
25216,1.3633403190755686
25217,1.5052543229575384
25218,2.8265117717560453
25219,3.172529491604835
25220,4.334552080886944
25221,2.0907085871180615
25222,3.584228116843874
25223,1.470370257968316
25224,2.3340740938037823
25225,3.525478678470485
25226,4.4356360354744835
25227,1.8524520065189751
25228,1.9429466788326422
25229,3.734629909936273
25230,4.269958877485654
25231,3.7935176566574906
25232,1.5613183509880098
25233,3.427280722350691
25234,2.662419753767814
25235,4.139807735115824
25236,4.638484395394816
25237,1.48521118670286
25238,4.986774586121792
25239,1.2202653726149943
25240,4.6776014517493
25241,1.0069658121808303
25242,2.81343877057491
25243,3.0639779485039456
25244,2.9318478888395045
25245,4.133523809152862
25246,4.296657552540845
25247,1.3540303805259906
25248,1.3060504948831384
25249,1.4773060473080828
25250,1.0745616024469582
25251,4.129352779706153
25252,3.9475646060008196
25253,4.225500433584818
25254,1.9136247322601658
25255,1.3828740193527849
25256,1.1040642432438528
25257,2.5890110740610073
25258,4.739071114556445
25259,3.5196380347726577
25260,4.358758609837123
25261,2.485884886430364
25262,2.4544633938316833
25263,2.953441586558582
25264,2.157726250898853
25265,1.5558684903456723
25266,4.952349436829087
25267,2.23203323901547
25268,4.919429342034412
25269,4.993450129428545
25270,2.412079578015904
25271,3.9339060957953014
25272,3.6672679195200426
25273,2.054634353350396
25274,4.252462693423229
25275,4.188028777526119
25276,3.96527233939362
25277,4.432969019569718
25278,3.1405180859877073
25279,1.7911043404006528
25280,4.112604264834799
25281,3.8140027497670594
25282,3.658128040898392
25283,4.297378335104236
25284,2.0382072230995285
25285,3.4338654323804456
25286,1.3061705386977023
25287,4.682868022611091
25288,4.7207881978090445
25289,4.078976719760243
25290,4.2980472572135096
25291,4.698392734360244
25292,1.254475853744355
25293,4.360653861995367
25294,1.842538694868717
25295,4.181236741440165
25296,4.67750114696495
25297,4.671420054878347
25298,4.060034829018063
25299,2.1159798380114716
25300,3.487278351060129
25301,2.7671258550033357
25302,4.864296269041779
25303,1.2042388122432128
25304,4.508185951665162
25305,3.2887436708872193
25306,4.887807969787189
25307,3.5959009479878814
25308,2.8897230447635915
25309,1.5083324165649574
25310,1.1813525235850415
25311,3.0475204877809636
25312,2.6874898278486974
25313,3.8297402444832778
25314,3.9036461994674903
25315,1.3927586059692305
25316,1.7016293526678505
25317,4.340087120965981
25318,2.112095781759264
25319,3.290840411801105
25320,3.4650263796046246
25321,1.1605748810136376
25322,4.833388166010819
25323,2.3051966527215733
25324,2.2876913135885757
25325,3.145698958201067
25326,1.15576317818633
25327,3.1982321454558176
25328,3.651185552267263
25329,4.778287051857378
25330,2.460507373818663
25331,4.318072704435387
25332,4.52465519544536
25333,2.0252524215075187
25334,3.601968658434855
25335,3.3728042391053137
25336,4.081372106555923
25337,3.238484980774771
25338,3.1999249240561367
25339,2.2761635683151895
25340,3.6221530332682885
25341,4.852105039884704
25342,4.101137955221409
25343,4.689052311147192
25344,2.5854932675603743
25345,4.2546517981274805
25346,4.3659106777292385
25347,4.942564625637582
25348,4.868446458819316
25349,1.1106963487028851
25350,3.310294770654903
25351,1.8893440317809866
25352,1.8883890807118493
25353,1.291935337485
25354,1.2711322547244452
25355,1.1005369058523966
25356,1.7672195620584117
25357,2.0286870946387707
25358,2.7899997876393567
25359,1.6991433876364215
25360,1.3061585745881161
25361,4.8376843601514885
25362,1.2932135915856064
25363,2.6975802563668023
25364,1.42159089245833
25365,3.4594672447721755
25366,4.6339325520794485
25367,3.508737977662507
25368,1.5447120397189464
25369,4.546425988219207
25370,2.1165960656474665
25371,2.558456448355178
25372,3.678463020372414
25373,3.622907408224084
25374,1.6992800429766617
25375,1.7299904104952546
25376,2.022380988859981
25377,3.702226341074958
25378,2.348409576058134
25379,4.691480355548663
25380,4.001864255618507
25381,3.2502463756952893
25382,4.372473287060973
25383,2.9593395800046594
25384,1.5900249632506243
25385,3.1262274548382165
25386,4.440820793553858
25387,1.6225019495952404
25388,2.2868329870746464
25389,4.719579608258147
25390,2.992113583218929
25391,2.1314445757824925
25392,3.62941542552712
25393,3.4960129390469894
25394,1.4493501314143513
25395,4.554164506457665
25396,4.689235530694981
25397,3.98465951558058
25398,2.00047188584588
25399,4.035035676770358
25400,1.5869413532688417
25401,4.399721045473983
25402,4.780409052828211
25403,3.806860792119356
25404,4.183816283910639
25405,1.2284439868257753
25406,3.147269285024595
25407,4.505928637608026
25408,4.021718589337136
25409,2.400693228530531
25410,1.4293881325806423
25411,4.493180153120779
25412,3.479758457352849
25413,2.2691697423129047
25414,1.6023156350327246
25415,3.5089029022115596
25416,1.8752541808692573
25417,2.6528573949109084
25418,4.374602401667126
25419,4.825150790529626
25420,3.5735552797995136
25421,3.388811668237688
25422,1.1785644065393073
25423,1.2548202430465576
25424,3.185097005526249
25425,4.045536160454624
25426,2.7437400721553895
25427,4.247295865840696
25428,2.4282932706124973
25429,2.3859055514062026
25430,3.653081255459982
25431,1.726137253450609
25432,4.323598712598536
25433,3.0591538821840105
25434,2.96671106784939
25435,2.7232987884904145
25436,4.5106629703730174
25437,4.163739584971984
25438,1.7162279676401724
25439,2.757238208002913
25440,3.76110039935483
25441,1.7049887191175888
25442,2.127037531877986
25443,2.5757917651443343
25444,2.9393320761988186
25445,1.5475071915435223
25446,2.544112572824818
25447,3.579425349343341
25448,3.586114736515289
25449,2.858696833819085
25450,4.936659095632185
25451,1.233579527251941
25452,3.2165456368319387
25453,2.3292370659568054
25454,1.9913036686175882
25455,4.576188365013156
25456,2.2274346537551355
25457,3.0145858140067348
25458,1.6352783724452178
25459,1.2190134563049608
25460,4.733306733501637
25461,4.643624524274787
25462,1.623811063405583
25463,2.4492220473743855
25464,3.5157959938280317
25465,2.777230757536964
25466,1.596891077794981
25467,2.8389825403648787
25468,2.7115055038273588
25469,3.302476586505119
25470,1.5314245154489687
25471,2.9202439386801924
25472,4.0448261632744575
25473,1.295885926626636
25474,1.6878269528813106
25475,2.572953062228657
25476,1.8975990244558436
25477,2.9444998341247617
25478,3.7161527527750122
25479,1.0376405518713336
25480,3.4687674467895695
25481,3.912525770308511
25482,1.3261990830364034
25483,3.498667317111004
25484,3.6070467598353337
25485,2.7427068924470666
25486,1.5408396071986648
25487,3.3630029838112754
25488,2.9261650649612503
25489,2.711910742752852
25490,4.4135635239060225
25491,1.243511293759962
25492,3.627483480330562
25493,1.6018881301303942
25494,3.054027854016921
25495,2.578966252610535
25496,1.85314796518897
25497,3.0406571849043424
25498,3.419811694592646
25499,4.612515647178826
25500,1.8051791823432173
25501,4.083690024269483
25502,1.290037637836456
25503,4.862358036747123
25504,4.442885257600531
25505,4.600022103881565
25506,4.5876453807911535
25507,1.5979086739227566
25508,4.4551223956093455
25509,4.946678683699119
25510,3.0750494335771617
25511,4.345402538769375
25512,2.095943266815221
25513,3.309990072702066
25514,4.650175154126931
25515,1.5197928493760715
25516,1.8530787827074202
25517,3.1508454157388153
25518,1.9686113943727377
25519,2.4763168698627513
25520,1.4196496562513605
25521,4.657541815429093
25522,2.111797948774575
25523,4.156365453969999
25524,1.9771184451966164
25525,1.1230390702410702
25526,1.4038791017766834
25527,2.6858315720385924
25528,1.0212318727866436
25529,3.447688761675996
25530,4.2673115184322015
25531,2.525126311363933
25532,4.557145895216434
25533,1.4476736000108428
25534,1.1323642765127193
25535,2.7767444326626833
25536,1.9510179193363695
25537,2.289775457927985
25538,3.6877731973472914
25539,4.972363117450858
25540,1.7521394079949562
25541,4.003054679432557
25542,3.8220491726241996
25543,4.568902264073774
25544,2.4575837144946107
25545,4.347430839083193
25546,2.4831764907819855
25547,2.799269418575048
25548,4.193261830740743
25549,2.2461892853835534
25550,2.6186264693447
25551,3.7870405306096773
25552,1.704225485791445
25553,2.900976331687107
25554,4.8017959719084615
25555,2.3688842272204877
25556,1.4547029192012242
25557,2.448964826465552
25558,3.946390369112772
25559,1.8825139653658023
25560,2.124791267964204
25561,4.552383946797337
25562,3.5484534479812697
25563,2.0954534960637834
25564,4.385051931115791
25565,1.4498854766315783
25566,4.179505194854081
25567,3.4055569471412284
25568,3.2225171633083693
25569,1.7888438643330007
25570,1.1615833831098379
25571,4.764264074569964
25572,4.881651138760395
25573,4.659884965339215
25574,3.9235251948184593
25575,3.8063075061951026
25576,2.6559868999501415
25577,1.6256176216475642
25578,3.6808012452244396
25579,4.272102571178206
25580,1.4875702027148723
25581,4.732816797142197
25582,3.624379584871159
25583,1.519721159137029
25584,2.6118361849015272
25585,1.0300821312217083
25586,3.9439835722707923
25587,4.38650171167151
25588,2.8484597756043315
25589,4.13216597101212
25590,4.399577512009206
25591,4.074536603682722
25592,1.6714273042332661
25593,1.154044083406721
25594,2.5002052129866748
25595,3.1177816391920663
25596,4.897951651651991
25597,1.5076150005862266
25598,4.025925130271663
25599,4.201671317486269
25600,2.5269502460741498
25601,4.820997486103998
25602,3.0480155167325886
25603,3.240871710439942
25604,1.760587488712031
25605,3.777415090062985
25606,1.818158257525183
25607,1.1397300741549148
25608,1.3637383000119456
25609,2.1842888607323667
25610,2.404417538860951
25611,1.0581671611859869
25612,1.117216225433126
25613,1.468831489654562
25614,1.5244687597315463
25615,3.242309619626592
25616,3.1672199179796787
25617,4.027684380545621
25618,4.272522966431497
25619,3.419013195369579
25620,4.05952589725301
25621,3.089699045542374
25622,4.256215747447218
25623,1.2427552442929777
25624,4.362608617213368
25625,4.209042338539808
25626,2.906717749033141
25627,2.9534599870926788
25628,3.802941725472317
25629,2.3746779786061727
25630,2.308909382668148
25631,1.1557278488976475
25632,4.962660887844342
25633,4.282853092660779
25634,3.009362000085668
25635,2.3132166945871004
25636,4.427713309109853
25637,1.1720000220403817
25638,4.427191213231829
25639,4.992114791488195
25640,4.46153656395618
25641,1.5217440029591112
25642,4.879489221250851
25643,4.577492248177304
25644,1.2773576694356392
25645,2.9711127830478508
25646,1.7349733040715662
25647,2.941402115702936
25648,2.239219935897019
25649,4.708301485903405
25650,3.0963194760490524
25651,1.1492553769588696
25652,3.248027256702143
25653,4.634236598536298
25654,2.0730270542761513
25655,1.5472315542561685
25656,2.204720494713169
25657,3.085153381856284
25658,1.3307178801780468
25659,3.4507158371889686
25660,3.3595154272899386
25661,4.995669897920008
25662,3.1751738216083023
25663,3.7478782624993094
25664,1.582617467805982
25665,4.256126285483026
25666,4.771221841340283
25667,1.1101861001372555
25668,4.45065440140233
25669,2.161633673320366
25670,2.5933337528746514
25671,3.354337829864112
25672,2.0580658904470046
25673,2.8500796864556683
25674,3.2003432062342263
25675,4.43274610814839
25676,2.7114753082185157
25677,1.5843425612960482
25678,2.510709171787906
25679,3.8281880597578506
25680,1.0979268992623097
25681,4.41829813863607
25682,1.249849014761994
25683,1.4451021724703748
25684,1.940446336510154
25685,4.644060206646378
25686,3.714059221050189
25687,1.5176081009165112
25688,3.742252578029918
25689,2.9894374839221096
25690,1.874290780701044
25691,3.1283090891385745
25692,4.576878842997422
25693,4.892127657788059
25694,3.755745310895272
25695,3.418844272538305
25696,4.961188799613336
25697,1.692133545165742
25698,2.9512190782195398
25699,2.917782988644043
25700,3.8953538025227084
25701,3.3262783973432923
25702,2.9521846443284003
25703,2.4250722148800756
25704,2.004695640812875
25705,4.799807134755593
25706,4.960965294215182
25707,4.113633875462114
25708,2.016246415060011
25709,4.343635183973715
25710,3.858580574217793
25711,4.339914849710025
25712,1.231800252009776
25713,3.090824623565319
25714,1.5846311063852556
25715,2.4236145617081735
25716,2.735219258564249
25717,1.0937843284112816
25718,2.7315568064902425
25719,2.318616296852001
25720,1.3775394304701694
25721,4.986169774460793
25722,3.9449806776216954
25723,1.902393950268681
25724,2.755445391335492
25725,2.2549122699569413
25726,4.116459921281388
25727,3.911238719857909
25728,1.8451471020603059
25729,4.5424387039157015
25730,4.67860158047945
25731,1.191239827021116
25732,2.0383143789801332
25733,2.923710226779899
25734,4.082134866665371
25735,2.3363578116873294
25736,4.752904136773925
25737,3.6452625740094295
25738,3.2977964606369734
25739,1.2826465293856555
25740,1.5721839737523813
25741,4.227826177884805
25742,3.239660409532132
25743,3.8123928259320095
25744,4.9923290362094495
25745,1.640881182441703
25746,3.5863655418116305
25747,3.4460193599549584
25748,3.521840211704727
25749,2.277339128850568
25750,1.4999394010223797
25751,3.1803627439024953
25752,1.3317692356379323
25753,1.8597486417630429
25754,1.3681509213375462
25755,4.471974327346185
25756,3.9159962255042013
25757,1.9455678446475
25758,2.8367825357786387
25759,3.1044421004742393
25760,4.836838478803681
25761,3.340215281091617
25762,2.617669395923839
25763,2.302098627943351
25764,4.791866182748466
25765,4.061209489448925
25766,1.207294896728234
25767,4.282559512339342
25768,4.24293704202518
25769,3.67604773030431
25770,3.069198305159931
25771,3.212965859134694
25772,1.6389297712215325
25773,1.258545050480251
25774,2.0309686371220077
25775,2.4191932412520356
25776,1.8924772903357883
25777,4.740483489251847
25778,3.578405541216849
25779,4.798721207551142
25780,4.4722237339226325
25781,3.626444682715277
25782,4.493478637119642
25783,1.862342055527411
25784,3.1461910432710427
25785,1.4284260463150824
25786,4.428146892842257
25787,2.083696471374339
25788,1.4320172911399731
25789,3.0812982303833176
25790,1.9693758083542958
25791,3.184641614799402
25792,4.698946270225337
25793,4.442835190884138
25794,1.381068668240939
25795,4.746398668354471
25796,1.053056383062418
25797,2.01171630833558
25798,1.1526276701738887
25799,4.845778453924824
25800,1.0768770945307287
25801,1.4301564568994634
25802,1.4295980481456372
25803,4.863033765878553
25804,4.894677319279651
25805,4.82359249731056
25806,2.1023387319967295
25807,2.6885989376877135
25808,2.9547958050968948
25809,4.481795634228112
25810,3.298202611569278
25811,2.0997137324837944
25812,4.983125358190441
25813,3.120525230157093
25814,3.968835162915967
25815,3.6443423591534163
25816,3.049287067269651
25817,2.370905331180877
25818,1.153967320669135
25819,3.939019121480583
25820,2.511477374175055
25821,4.79141083798075
25822,1.9080252986836461
25823,4.8251375211156775
25824,1.7723836201316683
25825,4.756362964613056
25826,3.1749433109550025
25827,1.656029042306912
25828,4.105293502242953
25829,2.0250297349532156
25830,2.660154782768815
25831,3.098304254733013
25832,2.1241031004368445
25833,2.912993545923874
25834,1.9068431584736936
25835,1.8807095642609153
25836,2.562470469040335
25837,1.82045086987813
25838,3.9934214485798636
25839,2.215118212490878
25840,2.595048638271707
25841,2.0114064940069967
25842,3.313421115381847
25843,1.2766391036703673
25844,4.297530925847898
25845,4.142941067870149
25846,1.9798744038548994
25847,3.246281302846666
25848,4.915868285193312
25849,1.9582308455308195
25850,3.635312880141946
25851,2.5820999406519074
25852,4.6803832891927275
25853,4.548634388981407
25854,1.6597611936385683
25855,3.964362574463064
25856,3.9830997383630713
25857,4.461635500228727
25858,2.0905238339611807
25859,4.937660443936421
25860,4.90871354690235
25861,2.702487373829092
25862,3.480968305030414
25863,2.4793124055131277
25864,2.9038266350965807
25865,3.761967263546544
25866,3.1943955548036698
25867,4.955577792571209
25868,3.3916887626611483
25869,3.440973263092454
25870,1.9522044769383715
25871,4.942805871939135
25872,2.956514018056198
25873,1.5400212701303535
25874,3.095844817161957
25875,3.168311813642583
25876,1.067724203361636
25877,2.9560444757944824
25878,4.170545945798246
25879,1.1172647482547196
25880,3.183489808858009
25881,2.90602357317343
25882,3.41523634298569
25883,4.2731097790535015
25884,3.229248501769022
25885,2.6614806659367036
25886,4.297775768256537
25887,2.0568780789363355
25888,4.363713882737491
25889,3.6033114753795354
25890,4.204578266775558
25891,4.042368355857077
25892,3.254357649762163
25893,2.419714683007002
25894,3.1640032122202904
25895,3.773305948054269
25896,4.301231982022015
25897,4.204890383422592
25898,3.570128691001768
25899,1.1212574574366099
25900,1.5689405267955294
25901,4.342617131826755
25902,2.7204849593213645
25903,2.187824724396807
25904,3.559929130374671
25905,1.1040904180401272
25906,4.384085667476299
25907,3.2879402654991257
25908,1.5670662423590862
25909,2.8592630695493693
25910,4.240165242696278
25911,3.1965229147914265
25912,4.917994763275926
25913,4.986899084717966
25914,4.756988069262914
25915,2.9169755771521473
25916,3.3313559745339782
25917,2.820376545956866
25918,2.3519366040342398
25919,3.149793608958981
25920,3.222953280573
25921,1.7706074402924052
25922,2.3668111355012176
25923,3.031763201673831
25924,2.005637241705162
25925,4.927728058019716
25926,4.065181759691107
25927,3.6197227979506144
25928,2.134426118042111
25929,3.398711794663489
25930,2.6690870172273993
25931,1.9583316741912102
25932,3.531479454333339
25933,3.3259657631269377
25934,2.4172821648067186
25935,1.7948673643965463
25936,4.02190368560834
25937,2.652873144163152
25938,1.360950148165911
25939,4.801512779875678
25940,4.790164453077127
25941,4.419871201083359
25942,4.396734043429357
25943,1.2446487298349869
25944,1.9754721407709304
25945,2.964716204662202
25946,3.6995260480727623
25947,2.0393434462750215
25948,1.5267537889740042
25949,2.0333480960162627
25950,1.3073642474460812
25951,2.6338134298541003
25952,4.565783716968518
25953,1.4955494546837036
25954,1.0993279870163382
25955,2.458961069309217
25956,2.4763180150155653
25957,4.4228707972666115
25958,3.401857268961996
25959,4.699265468959084
25960,3.2323584124267515
25961,4.976791428630839
25962,3.510927434837409
25963,1.3315440987173832
25964,1.0185801672967267
25965,1.335742187639004
25966,1.7146418200730915
25967,4.884848165641486
25968,3.6821425103248204
25969,1.9228227020628235
25970,3.741402187304321
25971,2.8075903323657876
25972,4.080996292515018
25973,2.5488348014188356
25974,3.8004187380380725
25975,2.0620249974688525
25976,3.17326731796799
25977,3.276444019783323
25978,4.280837498156991
25979,3.322399402621735
25980,4.784369987341564
25981,4.237897844493723
25982,2.454936232593206
25983,4.765261950447065
25984,3.225537104080375
25985,2.0113906285132295
25986,2.7291376389060744
25987,1.2013623407398941
25988,4.056159981563942
25989,1.914134899285905
25990,4.234959486326288
25991,4.352040584853551
25992,1.6551458484806414
25993,2.301423048025306
25994,1.095810760403534
25995,3.7815641505804565
25996,1.4442709777487712
25997,4.769014794101871
25998,1.1134041693202419
25999,4.428107655201833
26000,2.7163435667092917
26001,3.08453654030227
26002,1.0145520230383878
26003,4.889546740654995
26004,3.814410330671539
26005,1.2038831635822689
26006,1.4305146183036457
26007,3.1350303440671397
26008,2.5204440012051634
26009,4.260818975146938
26010,1.8590117340274528
26011,1.417688883623215
26012,4.769678634717524
26013,2.228087720953489
26014,4.165576680303915
26015,2.124125421613793
26016,4.548853612584258
26017,3.6046178552941153
26018,1.7892382279637222
26019,1.9038136825615841
26020,4.946869527741551
26021,2.501951800465669
26022,3.1698555882287405
26023,2.689257296825505
26024,4.964701125501973
26025,3.773230599844107
26026,4.966786629023076
26027,1.280261001906557
26028,2.0708997442983983
26029,3.0153960904084873
26030,4.254940449701982
26031,4.801493368668779
26032,1.845590572655277
26033,2.361860492950601
26034,2.76838363397865
26035,1.4606742593876376
26036,3.212490429857148
26037,4.5669640095340585
26038,4.523159348634547
26039,2.309827040933445
26040,3.4510552365933775
26041,4.289889705208193
26042,2.811313703664095
26043,3.822628545188314
26044,2.460558311646789
26045,3.6487974175073066
26046,1.6153519112297712
26047,2.2740612201620305
26048,1.7783813408621487
26049,3.319793337465573
26050,2.983658173414774
26051,2.40642886649431
26052,3.590627943188393
26053,1.2732913196816757
26054,3.7458960972654682
26055,1.3810701148646851
26056,1.8445490540191156
26057,1.164285516553924
26058,2.7096478284396297
26059,3.611327966727744
26060,1.2614618379497284
26061,2.812250785187414
26062,2.581642047680192
26063,4.885041189048527
26064,1.8912686093281135
26065,2.2487504326983565
26066,2.955988421471089
26067,2.3897421748661167
26068,1.4039639391731962
26069,3.711515817666624
26070,3.406466217672612
26071,3.7445605491035927
26072,2.965630664084544
26073,2.3527254819830645
26074,3.230169099759162
26075,1.2035967331616382
26076,1.2543620413232413
26077,4.533134852389255
26078,4.908228020983672
26079,4.101144669693953
26080,1.6853356023471115
26081,1.7396106189149867
26082,1.5291354371945869
26083,3.5300435938328394
26084,3.855418530173442
26085,1.0650578135818738
26086,2.8033959886341626
26087,3.29825030907418
26088,1.2022158894833082
26089,4.187081047075416
26090,1.8447649707028506
26091,2.7258979605268827
26092,2.766203442438262
26093,2.7137461391630864
26094,1.448663443019826
26095,1.0693640318661486
26096,1.677572478214402
26097,3.209011655283596
26098,3.3915822192331513
26099,3.8562547014795636
26100,2.9236106924478538
26101,2.9125761449512764
26102,3.818276819979181
26103,3.7325898249787524
26104,3.6456674853076367
26105,1.040340656873223
26106,3.2372372864778405
26107,2.0227846294506713
26108,1.8030741061006603
26109,4.807531791149314
26110,1.4167035600530107
26111,4.4018307331765705
26112,4.781865096616679
26113,1.2972137793545953
26114,3.8999545179495465
26115,1.3432634391823655
26116,4.138888385146387
26117,2.0271652370089406
26118,2.872262627601101
26119,1.0043472983767612
26120,2.4965053693339816
26121,2.2535276696348774
26122,4.374027871465816
26123,4.486978647523873
26124,2.885966925692
26125,1.6450271524160476
26126,3.0209568138836196
26127,4.119959336737553
26128,2.391090595104795
26129,1.6538585971463218
26130,1.2595585044324609
26131,1.5780025794135688
26132,3.7080250279924303
26133,2.583196260516947
26134,2.501643021603424
26135,4.837280538709635
26136,4.331188957716543
26137,1.1107638285155836
26138,2.929110497065043
26139,4.21241717710641
26140,3.3750899573709745
26141,4.914618843118054
26142,1.147334547678906
26143,2.687335193426957
26144,1.1724590895439602
26145,4.024595840873378
26146,3.443898120293098
26147,2.848890974310203
26148,2.754734447698251
26149,4.90106269862385
26150,4.427717968480067
26151,2.9150203159423094
26152,2.2429125313623772
26153,4.739599658239557
26154,1.6457500597362564
26155,4.601641305361017
26156,3.7017057888384066
26157,2.3876386286547984
26158,1.4730465054896298
26159,2.117205034036635
26160,4.34830881053534
26161,1.1363311534714642
26162,2.115468102032745
26163,2.064145834055105
26164,3.1778699124317344
26165,1.165417338941074
26166,1.3353334935910475
26167,1.025494102256252
26168,1.3692248583540083
26169,3.554575720502193
26170,1.513363370869353
26171,3.342206491772435
26172,1.5570315579028868
26173,1.3408608412804748
26174,2.3390032705248123
26175,2.6948305154971415
26176,4.3358881921007395
26177,1.328024042857927
26178,2.461906947920041
26179,2.304977169948696
26180,1.1631418920877836
26181,1.7798009043380696
26182,3.2420349470677072
26183,4.511664145872573
26184,3.4919374049080862
26185,3.347067887552579
26186,4.818745520173919
26187,3.443905994746871
26188,3.7538594077094536
26189,2.9814447609646044
26190,2.698216488447434
26191,2.0216319770475772
26192,3.6950038595874766
26193,3.107249657676251
26194,3.6501016262364447
26195,2.8152026460943547
26196,2.7322204021910754
26197,4.124883647415462
26198,2.9007494616317335
26199,2.8426835688137495
26200,3.0024231955704437
26201,1.2419094434699995
26202,1.1884443423741384
26203,1.4746676255455977
26204,1.464154979375989
26205,4.4519233426977145
26206,1.3686253491987093
26207,4.940683671658258
26208,4.228931350059881
26209,3.641557440258865
26210,2.0330763327747006
26211,1.3992567938439753
26212,2.9201309901736634
26213,3.4572196711406087
26214,2.8589800058857837
26215,4.019477881785454
26216,4.136930869709605
26217,4.930979308705805
26218,2.375893741905612
26219,2.7600643001020697
26220,3.8742990461883866
26221,1.0417848425683611
26222,2.46473115677461
26223,2.9941248394095217
26224,4.509151265943543
26225,3.480372046626539
26226,1.1925745417080384
26227,2.7844655419266084
26228,1.7210207217953397
26229,2.83641204284756
26230,4.0673964822176245
26231,4.710295886545465
26232,3.5250398290334912
26233,2.215158629120353
26234,1.6905268243062017
26235,2.718272357486988
26236,2.9949146263049666
26237,3.5274663183818262
26238,3.609355123338642
26239,1.147162617752537
26240,1.6359339537459552
26241,4.015809932473772
26242,2.753428332109275
26243,1.9039583237885238
26244,1.0773351926781234
26245,3.5712601905309933
26246,3.893050772833416
26247,3.259649164620656
26248,1.7308158334994692
26249,2.1304490071325253
26250,3.1551296283599104
26251,1.7449226090441932
26252,4.9052737789604235
26253,3.5295153169083995
26254,3.4983986080345857
26255,3.716648074878307
26256,2.4095138994465994
26257,2.6470874734810166
26258,3.1315718850235963
26259,4.699836527229666
26260,4.29917809750742
26261,4.766650693166385
26262,3.3688763945488285
26263,4.7067312650569
26264,1.2470331097059293
26265,4.853365028241417
26266,1.1083163192725225
26267,1.5272501948033912
26268,2.643588137518551
26269,4.358943700714116
26270,2.409513694542618
26271,2.8709739951599844
26272,4.768921451344944
26273,2.900184748950547
26274,1.0823384786165149
26275,4.72477022188105
26276,3.126541264707882
26277,4.064965783480701
26278,4.876948762590816
26279,1.9472747933306973
26280,1.5331485108464404
26281,3.9973064793002187
26282,1.4527953202918593
26283,3.1958749517224843
26284,2.8278397155764954
26285,3.0002372278803433
26286,2.409599813470057
26287,2.6462988360226887
26288,2.998065014235
26289,4.833852799220081
26290,4.352439515107006
26291,4.21396138177532
26292,4.694378570009542
26293,2.3430875841932584
26294,4.900549153566485
26295,2.2663404772706124
26296,2.9957366367179086
26297,3.0941711123670075
26298,1.8301457326762587
26299,2.829638579907616
26300,2.515451211153827
26301,1.6341857787937228
26302,1.498451503660613
26303,1.1584069267544224
26304,2.699666239461506
26305,1.4679323052869826
26306,1.8160657821633146
26307,1.5605258301453104
26308,3.731214087838142
26309,3.1006026741585955
26310,2.936617289556919
26311,3.8776885764267903
26312,1.8289184523787814
26313,1.7790040977934947
26314,1.2816058383091038
26315,3.7010991217099507
26316,3.0586985488639318
26317,4.698927946239461
26318,1.0265247916977978
26319,3.2780012830794587
26320,4.126871739685544
26321,1.958943526393921
26322,1.456778807388797
26323,1.134098480777371
26324,1.0243073647365968
26325,4.592781944382345
26326,2.2108865549214705
26327,1.5901293871213995
26328,4.666172008239112
26329,3.267310096839355
26330,1.0716236085911932
26331,4.283766564583544
26332,1.0373599584227606
26333,2.329727920971682
26334,2.6837400560032854
26335,2.236261008986265
26336,2.3299355283235537
26337,4.540438516679561
26338,1.6501207362912105
26339,4.094611451607573
26340,1.3746797947249614
26341,3.9215712317077287
26342,2.6284650507831864
26343,2.5150745008213002
26344,2.129708706109663
26345,1.8940279386949048
26346,3.901164011898056
26347,3.3101438286783345
26348,2.712212818215005
26349,2.3250991070287492
26350,1.5010658961886492
26351,1.5675188796531434
26352,1.5195930975707648
26353,3.0847347718191567
26354,1.2470846068312609
26355,1.5324610893423465
26356,1.5942475809830694
26357,1.8881377817049674
26358,1.9377704880410067
26359,2.4251781089848645
26360,3.6399189615931107
26361,1.9992283474092267
26362,2.2869342621805195
26363,1.800202695476795
26364,3.4462576560817695
26365,4.4893020937383685
26366,1.3677740348105294
26367,4.60047144407721
26368,1.8616596999806765
26369,1.735314556376716
26370,1.4622415213196422
26371,4.723120458212403
26372,4.805934517601491
26373,1.899286110607985
26374,4.555384296750242
26375,1.9745556791274033
26376,1.91123380569101
26377,4.969864786783109
26378,1.532517851270844
26379,2.6812270328442995
26380,1.0752430520408982
26381,4.343789030263731
26382,3.9463784659059917
26383,3.1116619718163636
26384,4.968766530304896
26385,2.5726780477412783
26386,2.6945150505894775
26387,2.363338247914961
26388,2.937863624710773
26389,2.4419984308283693
26390,3.844690067090789
26391,4.533572481261894
26392,3.0795480464101517
26393,3.82226066292115
26394,2.049126396508351
26395,2.131025521203058
26396,2.098337084869937
26397,4.629019943079884
26398,2.910134414940232
26399,4.250899250422597
26400,4.267353470594193
26401,3.1725600155913605
26402,4.118138920056005
26403,2.9857849054398633
26404,4.566975933075514
26405,2.569027900567726
26406,4.733384774352377
26407,2.6565718076871954
26408,1.3316969672595458
26409,3.7602031404411718
26410,3.4340388349487077
26411,3.456053450327207
26412,4.761889730202556
26413,2.6222364467949957
26414,3.0153252217467488
26415,3.723917453382545
26416,1.8018749815477828
26417,1.8445224733173737
26418,2.2070853427898194
26419,3.0345705043738302
26420,2.209649434285476
26421,2.3141656220281774
26422,1.4750129335496522
26423,2.2574800446809324
26424,2.618785934254983
26425,2.0618657019149507
26426,3.3774615930510454
26427,3.368208726350233
26428,4.804061263981617
26429,2.5547420509472025
26430,3.6310108480626377
26431,1.425000429196675
26432,3.2282615180061343
26433,2.9379445512261233
26434,1.655857331300858
26435,1.560719516181643
26436,3.510871125757285
26437,1.201888318014872
26438,3.8947784194960113
26439,1.6861193715134162
26440,2.2877629251738143
26441,4.166255112001991
26442,1.746874644220307
26443,1.6558332421217514
26444,4.93525262161101
26445,3.349541291465519
26446,4.454120798160844
26447,3.6226110990123983
26448,1.4450521613272138
26449,4.061456001268308
26450,2.843846610439981
26451,4.909994001368889
26452,2.5283445211351063
26453,2.179685238102734
26454,3.2596864347324437
26455,3.3448341418771728
26456,4.364507606223405
26457,3.7105728455071416
26458,3.136189720587206
26459,4.190299120998672
26460,4.8552787783146965
26461,3.078282495816548
26462,1.1487120911918227
26463,2.9114291871469056
26464,4.547184132062574
26465,2.487656017588679
26466,4.076460092174528
26467,4.741905672136033
26468,3.530347408184846
26469,4.2703750630327395
26470,4.699265834478582
26471,1.652433794492759
26472,3.37541914864544
26473,3.011424367469204
26474,3.7010693994703385
26475,2.2924298947513475
26476,1.8394527729942998
26477,1.2741998995811823
26478,2.5954881709966164
26479,2.7177114968752445
26480,1.3189366408662608
26481,1.6315052353575559
26482,1.7333147366866113
26483,1.7163465016752255
26484,1.7164106431238841
26485,3.996790114532667
26486,3.0461390613323713
26487,1.1344209289191243
26488,3.2655610309265097
26489,3.154627272856273
26490,1.858298765479006
26491,4.791095812781979
26492,3.768120763581416
26493,1.6499882563672967
26494,2.238779625643897
26495,1.8910642988343254
26496,3.960205859388701
26497,4.097024763114141
26498,3.1047158683200333
26499,3.268420734975973
26500,2.8227599300798203
26501,1.4387425500782012
26502,4.565116336886286
26503,3.0249351776390827
26504,3.7579559137112257
26505,1.25096000356208
26506,2.8982042099467304
26507,4.5148430438639
26508,4.440095993483693
26509,4.896229083156362
26510,3.872208250834632
26511,3.1924166400050122
26512,3.8772809064520772
26513,2.0362983033659234
26514,3.894702918041777
26515,4.531984265000497
26516,3.9274053987094857
26517,3.146475962466298
26518,3.1923968742048197
26519,1.5662224506358409
26520,1.225145339778598
26521,4.656950181654148
26522,2.3624792465679234
26523,4.100751108056229
26524,1.902009865810058
26525,2.3144081372153207
26526,3.4426973278089466
26527,4.212967852615291
26528,2.069549020373409
26529,1.833796303670483
26530,4.144487002112375
26531,2.554893728236603
26532,1.501012980691157
26533,3.6789031163128194
26534,2.9237764781643323
26535,2.983891096947795
26536,3.202767731943968
26537,2.1165403354449146
26538,2.2963621682470827
26539,4.723496168269668
26540,2.4259089805926415
26541,1.1333197322550954
26542,1.6503095961103362
26543,2.675960253231084
26544,2.4216150212011875
26545,3.0542351014645566
26546,2.67825491801533
26547,2.902687297352581
26548,2.360265816382759
26549,2.2991912320778813
26550,2.0481646469503407
26551,4.689883330372274
26552,3.3196650267566516
26553,3.9227596759220718
26554,4.876211782380476
26555,4.658577551602223
26556,3.562893367594868
26557,2.5223002491927895
26558,3.167494432150223
26559,2.4910022568562527
26560,4.747131995445063
26561,3.145236026943524
26562,4.194004754294463
26563,4.621442347973115
26564,4.691885816972176
26565,4.591200560096284
26566,2.7694048998299823
26567,4.60713585065466
26568,3.5160928101281512
26569,4.865120065661827
26570,3.2123682754308103
26571,3.270198864816078
26572,2.4702609361081334
26573,4.742113190930013
26574,3.214374616914706
26575,1.1274792304864794
26576,2.5960243278337316
26577,1.7924172229606756
26578,3.0012443064127337
26579,4.455553794599254
26580,4.602144756710359
26581,4.936371910679716
26582,3.9276789914336323
26583,3.7594198761223154
26584,1.396992281768235
26585,4.911111232130824
26586,3.703945589906461
26587,2.030570788288112
26588,4.835873534090496
26589,1.8744436646304203
26590,4.620311640393885
26591,2.536460785592097
26592,3.580741827383714
26593,1.780860264220122
26594,1.242665146184962
26595,1.4422136475023453
26596,2.84720074233632
26597,3.092616833032573
26598,3.471748330761406
26599,1.4515487121964576
26600,1.2324334475368577
26601,4.955450333948004
26602,3.961082837481531
26603,3.640275016721014
26604,2.9979263171602826
26605,3.1266826360578786
26606,4.807329354052044
26607,2.3930894556097755
26608,2.7268517402612673
26609,4.734595298411611
26610,3.055967605595942
26611,4.208062576650709
26612,2.4042258097674036
26613,1.7592075217682557
26614,1.5937494739385185
26615,4.896835074927141
26616,2.7271572808763382
26617,4.244421546703192
26618,2.5778586579903777
26619,3.134666946603571
26620,1.472782970573281
26621,4.327719860076524
26622,2.2082992098774574
26623,1.876388271946591
26624,2.393382255520933
26625,2.8900518099586407
26626,1.1666283517612515
26627,3.34836211367191
26628,2.3729167819638506
26629,3.801763169456447
26630,3.0672917167392355
26631,1.9893971034877533
26632,3.430651184745568
26633,1.6909828496090729
26634,1.8006401026822316
26635,3.279884334920983
26636,3.3005507097244755
26637,4.223473282774815
26638,2.4806053480060783
26639,2.541340325447636
26640,4.08544199679814
26641,2.2102360603483406
26642,3.8894688803165796
26643,4.172234230052885
26644,3.0886191817765134
26645,3.4632537260091536
26646,1.7939977699028589
26647,4.282331617121423
26648,3.4066186163320076
26649,3.581935856229851
26650,1.1051050094142298
26651,3.7097949839713267
26652,2.280302603732356
26653,1.8555567028468039
26654,4.020450100343952
26655,4.9858364644004896
26656,4.265131478542852
26657,4.950249329603762
26658,2.8312553033493235
26659,2.1523514826800962
26660,2.0548442050634925
26661,4.151529072996391
26662,1.1299944135558002
26663,3.7352389698756183
26664,2.676469221878653
26665,1.089003735051771
26666,1.6485306842886756
26667,2.6281062169433866
26668,2.89002761232617
26669,3.0616255515373956
26670,2.1246388018703968
26671,4.948557821916811
26672,4.247839875656367
26673,4.091515382184875
26674,3.3695748410303135
26675,2.053913742462618
26676,2.021793794683941
26677,2.619158034762149
26678,1.3231200799493532
26679,2.0932497741091844
26680,2.1659830339572084
26681,3.00904210009684
26682,2.535779735411333
26683,1.8661251966625545
26684,4.43812567182318
26685,3.45138343800995
26686,4.460894930720102
26687,1.9388453562761954
26688,1.8342668578654466
26689,2.4354834859507477
26690,2.724333064940851
26691,4.886196311271815
26692,2.9837475162807183
26693,2.00038531489741
26694,3.9405134532034816
26695,1.1073018628280353
26696,2.16114178233977
26697,3.034423816320578
26698,4.435115680355163
26699,3.349777324575638
26700,1.6932887356690363
26701,3.8449816029123642
26702,4.005845360760846
26703,2.8674128216149453
26704,2.074309117141417
26705,2.0906197762640026
26706,2.823968036220066
26707,4.30673519236316
26708,1.24275066926418
26709,4.873387756817657
26710,2.060395650719874
26711,1.3424425025134732
26712,1.6012391660960872
26713,2.7585941066697064
26714,4.678498488342467
26715,4.492269867366547
26716,1.5685586297242673
26717,2.0364851356534714
26718,3.323780570772623
26719,4.160223216452223
26720,1.6868641210092452
26721,4.872916288466684
26722,2.3367172659294546
26723,3.4998340206477354
26724,3.3654304019401735
26725,1.9236449322845859
26726,2.091814010046142
26727,3.5515253406439493
26728,1.5317281552409265
26729,1.0499935210286995
26730,2.217061534768277
26731,2.6961783805319737
26732,4.211371113525102
26733,4.792032107542536
26734,1.679042486465483
26735,2.537634571761808
26736,2.941765171301558
26737,1.2108775516358308
26738,1.4411007876057615
26739,3.2742668185326593
26740,4.1252759262869
26741,3.2582197715811096
26742,1.899844610781754
26743,1.0767260497496038
26744,3.8982296177315483
26745,2.47689057928838
26746,2.654212496552883
26747,2.671560995493279
26748,4.631602352224222
26749,3.81540070491317
26750,1.1490145665466365
26751,3.482420493117488
26752,2.4236125023201485
26753,2.7283906046418878
26754,1.2822935605213592
26755,4.987064222569502
26756,3.393974966278382
26757,4.911560357322276
26758,2.6998534466216286
26759,1.0199029886071864
26760,4.71572791095528
26761,2.53447183213722
26762,1.0455966345683114
26763,2.2017591869452424
26764,4.157925739657694
26765,3.5633696943839506
26766,4.466123647801904
26767,1.4932700418911575
26768,3.4448677443715265
26769,1.7335117548844896
26770,2.1442172817568004
26771,4.278442832675343
26772,1.5283196347805554
26773,3.796234460378585
26774,2.5658213881162797
26775,1.143813604978734
26776,2.0287555010959744
26777,1.2472807479465797
26778,3.356878954486238
26779,2.978442788172544
26780,2.7920808088717717
26781,2.3123921112664667
26782,2.50506787876341
26783,1.3724171608382694
26784,3.328169652960844
26785,1.3186662436865282
26786,3.175585358425112
26787,1.8746092843356874
26788,2.0266737225504476
26789,4.221287842841857
26790,4.250101854046132
26791,4.927226277235967
26792,1.5101746576073287
26793,2.3324894723498595
26794,1.0878372879202334
26795,4.662745445934826
26796,3.75068366649933
26797,3.2559092583281313
26798,3.7822361143968646
26799,4.596116801142857
26800,4.821934697218827
26801,4.087692290251802
26802,1.2380642782536082
26803,2.58133867367403
26804,4.333444342188556
26805,2.2735232104440892
26806,3.6621821662398575
26807,3.480889508918161
26808,1.5444955830103884
26809,1.4484534219913718
26810,2.5405483225009347
26811,2.7736280138506646
26812,4.0169282534896595
26813,2.7196930345543744
26814,3.729651995375128
26815,4.894042526180525
26816,2.011085341145941
26817,2.64299336022784
26818,2.1989116417172507
26819,4.036824223246649
26820,2.301168341169811
26821,3.053544408209321
26822,2.6804533756101603
26823,3.599557770084475
26824,1.2710904582496232
26825,4.8691692542715845
26826,1.0376195338540422
26827,2.8827629106889763
26828,1.7812137585719525
26829,4.444902654883817
26830,2.8616351515427345
26831,4.228799587232091
26832,4.367927067125991
26833,2.532322104332343
26834,1.1338374665975008
26835,1.2059402567934
26836,2.3435729419641023
26837,1.8645212367546753
26838,4.401441005060082
26839,1.601730456201298
26840,4.03277594090582
26841,2.9641512433397037
26842,1.9206101457530784
26843,2.1625967545768354
26844,4.534541415238927
26845,3.207235332093994
26846,2.811060823541125
26847,2.884629152504487
26848,3.9152105960983934
26849,3.797909740042728
26850,1.2144975039894157
26851,1.6754504135056738
26852,4.55400198718251
26853,4.104697232457864
26854,1.29896421335923
26855,4.4049313657381965
26856,3.7142960641549
26857,2.509065755944388
26858,1.4626891922060108
26859,1.1219322745258835
26860,4.891347390140755
26861,2.0534307292931095
26862,2.675829362481855
26863,2.9504906005948675
26864,1.7802038263467668
26865,3.4757291169490623
26866,1.2664179327936416
26867,3.8998182946567033
26868,4.426715964973454
26869,3.162791056104598
26870,1.7133458622660878
26871,1.6242765453637507
26872,4.828113409753437
26873,2.1057025122930706
26874,3.0442932942011707
26875,3.292075045965865
26876,4.704066565709459
26877,1.6158806141022763
26878,2.8072829974338847
26879,1.7436914453422347
26880,1.3235755211545563
26881,1.6879770116763608
26882,4.492960144215686
26883,4.882488951205741
26884,3.9556792528084688
26885,2.6590018263756
26886,3.3811434225835924
26887,2.362521238748465
26888,4.492631778476542
26889,4.110892846550456
26890,2.2780443408234445
26891,2.699937757257461
26892,4.198174592086116
26893,4.323327808556599
26894,3.4912332755650706
26895,4.444032724845715
26896,1.4544918275471055
26897,2.7001854597964887
26898,2.7551884158770577
26899,1.261446808448631
26900,2.5657664341656754
26901,3.435071450606902
26902,2.1095587490859735
26903,3.679490742685337
26904,2.000568622419245
26905,1.364195196735643
26906,1.9310576260413246
26907,3.5949007847317658
26908,2.0360861095336196
26909,4.12090324617275
26910,2.709799549919337
26911,2.6730236222796453
26912,4.607680569395464
26913,2.4055518333035866
26914,2.9222528837543105
26915,3.3521144514532617
26916,4.12340127155579
26917,1.6621481775153244
26918,1.3253651504182646
26919,2.9729831098098902
26920,3.4682595047240836
26921,2.317535180604566
26922,1.5780649293916622
26923,2.6868037889341703
26924,1.3397251978573905
26925,4.700535110470534
26926,4.04617654891573
26927,3.084046964203273
26928,1.8709813786348688
26929,1.9663397356193326
26930,1.9287783618512315
26931,3.8726865036754723
26932,1.83425455051665
26933,3.300085399190218
26934,1.7581123430381242
26935,4.724550305296697
26936,4.488027348227512
26937,4.523768559582187
26938,1.8798301303086218
26939,2.1832126537619088
26940,2.1008114068498083
26941,3.7802862024301436
26942,2.3706469834816355
26943,3.2817689696184575
26944,4.218616163186077
26945,2.7888255019374637
26946,4.435507001187848
26947,1.5651995499306013
26948,2.6079310276217633
26949,2.2271157818963188
26950,4.270185463953606
26951,3.9209968909001427
26952,3.247147805823857
26953,2.058622615395078
26954,2.033355128075006
26955,3.02283020149572
26956,2.885726869273033
26957,2.46346327342161
26958,4.317197164397968
26959,1.7280208242728423
26960,4.93832208102096
26961,4.6161764445937745
26962,2.2118646105488753
26963,1.365219485363831
26964,2.9312210626692985
26965,4.238734950747508
26966,4.101342517206984
26967,1.8621296871908246
26968,2.1971316507471443
26969,1.4526700092325724
26970,1.2309549537954418
26971,1.6757413436112332
26972,1.9579027847329433
26973,4.24723505041802
26974,4.9479247694881865
26975,2.153229777794028
26976,3.1334824166789303
26977,3.9870118389916507
26978,3.8354312350199615
26979,3.5986947033934578
26980,1.143762948830573
26981,2.4410663054075985
26982,4.726458217552874
26983,4.3507774559430805
26984,4.601389494425254
26985,3.7690873634134485
26986,4.427178915333487
26987,3.5019607718157126
26988,1.7971477999227954
26989,3.255824546700078
26990,1.3017787510204415
26991,1.0045823315239395
26992,3.109335313768176
26993,2.5861128491255756
26994,1.1950419491239543
26995,3.3167758661123488
26996,1.4198945386703428
26997,2.0893676318612333
26998,1.5465375727213049
26999,1.7870467949487705
27000,4.326602927159902
27001,1.1838371703717314
27002,3.920230327919879
27003,2.2037929900871975
27004,4.2032884305684295
27005,4.488669759210408
27006,1.8061855703158436
27007,2.8296746672738857
27008,3.635851617815683
27009,3.594094891233349
27010,1.0915184716873592
27011,3.6364705102719164
27012,3.668728851344181
27013,4.583711426533766
27014,2.889420448698364
27015,3.7296367411655917
27016,4.174193475883837
27017,1.8109074200273079
27018,2.9564632354157614
27019,1.8782760732147326
27020,1.2503605575100742
27021,4.338060114825661
27022,4.73128775060228
27023,2.902227438645148
27024,4.824251773014364
27025,3.890996264031234
27026,1.2892179757220799
27027,4.689387163374871
27028,3.6479655484472757
27029,1.9220964185308165
27030,4.733387184197838
27031,3.514892767862106
27032,3.3279937520480387
27033,1.8565094488416953
27034,3.7339197185122543
27035,4.45472481963675
27036,1.4843662304759668
27037,4.5055162232785015
27038,3.602739551381541
27039,3.47320235850104
27040,4.9629600670127605
27041,3.6354074661340334
27042,2.635016791393899
27043,1.7146809832545888
27044,1.3097411304510969
27045,4.690197029181617
27046,1.4839750407807255
27047,4.948450259545203
27048,1.8283309062160242
27049,1.6266658025563596
27050,2.9743642643139037
27051,1.0724588356188711
27052,3.25812250194581
27053,2.9050762928583502
27054,4.486890638118574
27055,2.6579555842194464
27056,4.265982910768383
27057,3.95595579206747
27058,4.565907753552432
27059,3.9376710997375035
27060,2.9544527666043763
27061,3.614800087866661
27062,4.072974997886444
27063,3.813919157235546
27064,3.64921226577164
27065,2.626349930999812
27066,4.570449042082311
27067,1.2218779244725977
27068,1.3938209449780063
27069,1.5649174831000114
27070,1.8256827023285553
27071,1.2153535282865877
27072,4.253207191028301
27073,3.2704253364585103
27074,2.4171415655246364
27075,4.127315757130157
27076,2.578346558287574
27077,2.6938181557970045
27078,4.106151734089588
27079,4.468982450480115
27080,3.234963684614632
27081,1.7632704233472576
27082,1.3205252091709
27083,3.272938938935782
27084,4.113998843390806
27085,4.781815105074651
27086,1.347139309383004
27087,4.233207784308657
27088,2.7487892155097358
27089,3.273818425984832
27090,3.4631197349147085
27091,1.2783896495391356
27092,3.583953742212576
27093,3.041747411917055
27094,1.4575238371885102
27095,4.067424066820498
27096,1.6212206380724181
27097,4.652954552784683
27098,3.0768223574124427
27099,1.4846190350501338
27100,1.0269855317928527
27101,3.1127953043403096
27102,3.2320782926655536
27103,2.797697744512748
27104,1.8045592591102775
27105,3.435090807829581
27106,3.825614290262591
27107,4.382307301727565
27108,4.762569766798999
27109,2.3962270811599637
27110,2.9959291858643557
27111,4.553595798526201
27112,2.456217573493248
27113,1.438716077999512
27114,3.0778106112721995
27115,4.795621497654553
27116,2.0075829302750927
27117,3.1796034999735183
27118,3.3047943652208365
27119,2.5774023520381695
27120,1.76320188058755
27121,2.9815817246703347
27122,1.6875317856003904
27123,4.879848528253204
27124,1.505277129543694
27125,3.4777999378984887
27126,3.900983550015153
27127,1.8469446719032803
27128,4.824577697296787
27129,4.769278279716919
27130,3.4258006561946335
27131,4.571915998470052
27132,3.7089195292517907
27133,1.0513086075767948
27134,4.262220496028096
27135,2.313519745714608
27136,3.8981712304451848
27137,1.1978461887531187
27138,2.667004951412355
27139,3.52106134366451
27140,2.600442553460624
27141,4.26214872383103
27142,1.485025730894162
27143,4.6636435165720025
27144,3.386412695982764
27145,3.7862972127331056
27146,1.0725305344384481
27147,1.4224000146777303
27148,2.8428588559242076
27149,1.8059648853246233
27150,2.519898365541408
27151,1.7973145463369944
27152,1.1602708140826632
27153,1.4450490577351776
27154,1.6189976817200495
27155,4.863292063420093
27156,3.85586569962885
27157,4.360390390155126
27158,4.6244496320086
27159,3.672488922663333
27160,4.087260679123855
27161,3.7042524509959756
27162,3.3425359280097346
27163,1.0835043090036183
27164,4.892355348522552
27165,3.2972023910868313
27166,3.8487704085580523
27167,1.042989643143243
27168,3.6772036233450436
27169,2.943641739259344
27170,3.6214090391879727
27171,4.72174300155417
27172,2.0388535491709354
27173,1.0195120936904036
27174,2.3242310944221694
27175,1.0108260178634358
27176,4.106265360429461
27177,1.7461516837933808
27178,3.078469855114333
27179,3.322786759252627
27180,2.333168589638479
27181,2.3599624809986373
27182,2.5333172019240284
27183,1.8996799489850922
27184,3.495180687076768
27185,2.4695765840086534
27186,2.392455578020586
27187,3.9553812545872207
27188,2.091584699559795
27189,3.102768892471631
27190,1.9951855305812725
27191,2.0279462286726933
27192,4.085531755540228
27193,4.6204227027935465
27194,4.0572263416093906
27195,1.506013637058797
27196,3.5435251776952907
27197,2.5532246081190086
27198,1.7965493344728296
27199,4.880565520383489
27200,3.045689886131036
27201,1.9485289873742806
27202,3.811739399923274
27203,1.462650040413548
27204,4.760588191562711
27205,2.5575536683821958
27206,3.588925324958866
27207,1.1037542099875184
27208,1.8814936804292213
27209,4.799802576443106
27210,3.6449483510834364
27211,1.0629535361145015
27212,1.6196140468797005
27213,3.963475050585211
27214,4.841303084373341
27215,1.8755195691965585
27216,4.341182904873206
27217,3.7334790093364485
27218,1.8841669749962713
27219,3.1082864389338254
27220,3.33216031645768
27221,1.7685089514744545
27222,4.448304646546152
27223,3.3441489734121648
27224,4.337678142608592
27225,3.1359271201794314
27226,3.430872216186132
27227,1.8742411970812833
27228,1.393554199959965
27229,1.0680227174995474
27230,4.4464351340122406
27231,4.285616688051642
27232,1.8411727252968224
27233,3.135745339322296
27234,2.616473983076379
27235,4.507395841636594
27236,1.148627696162574
27237,4.664388336101151
27238,3.577544992844692
27239,2.91800712734095
27240,3.403565405630728
27241,1.1763821619751131
27242,4.345066630828553
27243,4.79918030547164
27244,1.918662059086461
27245,4.392171857048834
27246,4.4690507853612935
27247,3.380419798608763
27248,1.671501716589555
27249,1.212998268950522
27250,1.58834408169806
27251,3.5438792367061303
27252,2.5739602351186353
27253,1.7034934827717145
27254,3.858098772532948
27255,3.3578976531272064
27256,4.108870059842108
27257,2.8288280622358433
27258,1.610500525088197
27259,2.512355364114683
27260,3.220899787312424
27261,2.2533921647967805
27262,3.177244950116274
27263,3.631162342661299
27264,3.3099154548581455
27265,4.183332372414458
27266,1.88297281022145
27267,3.8843973161720466
27268,1.2379007576493883
27269,1.8231703470818097
27270,2.5884938130371538
27271,1.7791165556691921
27272,1.4102573599558945
27273,4.496534181329801
27274,3.403196972153542
27275,2.1069585172718748
27276,2.803395554816039
27277,2.799895564546811
27278,4.112088977437107
27279,2.8655747653838537
27280,2.4885098682808655
27281,3.107529010280359
27282,2.2651473135039137
27283,2.640801921626696
27284,3.18326157260186
27285,1.7895751593688494
27286,1.478862630808206
27287,1.373330812652561
27288,1.28719538414938
27289,2.928728228822491
27290,3.004993245562429
27291,3.4206883137597446
27292,2.521520331492583
27293,1.366377261612263
27294,4.293879231205154
27295,3.9216568977323774
27296,3.7542120654119784
27297,4.3719054005481075
27298,2.910898543296804
27299,2.664077620583231
27300,1.9971116509183227
27301,4.506846929197
27302,4.573725094975191
27303,2.4983656944421395
27304,3.26990665188201
27305,2.383436588767951
27306,1.90235970330918
27307,3.776018525575751
27308,3.0695812425630318
27309,1.0568416391930642
27310,3.3094457313731644
27311,1.3929215585678163
27312,2.1355310188008194
27313,4.852164154341006
27314,3.8937242034957116
27315,2.1585237445388947
27316,1.2732881513329097
27317,3.9549269289250732
27318,3.058872300728508
27319,2.005779370420964
27320,2.35803994041612
27321,1.0368145960360189
27322,4.487707354267717
27323,1.7634450214680597
27324,1.7268273429518675
27325,3.061105396332722
27326,2.865695823904167
27327,3.9969421953084385
27328,2.656500779578519
27329,2.1912612086181946
27330,4.369615034226626
27331,3.3638594793179726
27332,4.248914803437268
27333,2.5357446102737873
27334,2.1208157636663443
27335,3.825299805764271
27336,1.604349769267761
27337,1.871238115536281
27338,2.7719833669489473
27339,3.5199178701589067
27340,2.8019854077744513
27341,3.016654479472263
27342,3.5324666238441753
27343,3.3605829271401078
27344,1.7655834750952422
27345,2.052303563670955
27346,4.757821166532146
27347,2.6217912620094457
27348,4.956485593104157
27349,1.8210180634845585
27350,2.037217440293636
27351,2.6268415323021226
27352,2.067164070409233
27353,3.180493425037362
27354,4.782854867163088
27355,3.4910907751943365
27356,4.593969539034292
27357,4.749300648676934
27358,2.293593956322401
27359,3.982019999845502
27360,3.3897511636704847
27361,2.3330566408685716
27362,4.949745996586513
27363,1.9187888678025535
27364,4.206859462096242
27365,4.265900668638728
27366,3.275443263809948
27367,2.342420890868687
27368,2.6993118137522156
27369,2.1200757707852405
27370,2.390820724255355
27371,3.5908203806787364
27372,3.6898792487515366
27373,4.1028435423157585
27374,2.770850926966937
27375,4.22028857996559
27376,1.8189521720959045
27377,3.811354446715275
27378,4.440386773887903
27379,1.0003682482807332
27380,2.3105903761531406
27381,4.223486797535395
27382,2.0724758345105503
27383,2.9843600554884393
27384,2.0962509525255055
27385,4.411188997051578
27386,4.0816319711819835
27387,4.9222096409396325
27388,4.610878078316336
27389,2.0971248857249742
27390,1.4836179403472078
27391,2.616729101445794
27392,1.5153994390351766
27393,3.19481608849961
27394,2.6443849939117
27395,3.1278292411495823
27396,1.457278109811627
27397,3.993453521779911
27398,3.4810992973214914
27399,1.4845938796394123
27400,1.6674372244270281
27401,2.723864303981049
27402,2.9951527942937903
27403,4.0178915058615186
27404,2.0649802818724092
27405,3.3231966684450485
27406,3.1589290187056935
27407,4.829293613984703
27408,2.792129375161959
27409,2.085481203165487
27410,3.842346820052679
27411,4.810231765652226
27412,3.0968470294399255
27413,3.913245756539437
27414,3.58101668394366
27415,1.7946890749541438
27416,2.8842729656074515
27417,1.4651687462952414
27418,3.4224008084627786
27419,2.4079840406510846
27420,1.793425318764951
27421,3.747140262554322
27422,2.2813767342656717
27423,3.1518740779784316
27424,2.424599482363415
27425,3.375614980041823
27426,4.3144459639753725
27427,3.1311406608871932
27428,4.938459221091859
27429,4.325563078349697
27430,1.779344682902864
27431,3.3479334387248536
27432,3.936063323245442
27433,2.162452243686312
27434,2.58830041237094
27435,4.497799457064151
27436,4.031091067631633
27437,4.94690082048151
27438,2.339134826379136
27439,2.5502181308858054
27440,2.1268185546313005
27441,4.144631889794164
27442,3.964136528481953
27443,2.3878056306442104
27444,4.842001781756041
27445,2.8100768542015886
27446,2.628330048504121
27447,2.908915573655619
27448,2.982880259021415
27449,3.513432186032712
27450,4.965347371394117
27451,1.2609726562648738
27452,1.9437129042156092
27453,4.186698443281717
27454,2.091035075986512
27455,2.403628429395078
27456,3.742097693110826
27457,1.0074966973833774
27458,4.959516704685847
27459,4.792535389366851
27460,4.40423657666387
27461,4.70045657296953
27462,3.7299168555066635
27463,1.555150389011069
27464,2.808139449045066
27465,2.347042434848805
27466,2.309593510100076
27467,4.0485243048682555
27468,3.9257078759467694
27469,2.411043655372807
27470,3.450197850335316
27471,2.44864295441184
27472,3.46545379128773
27473,4.989402517209314
27474,1.135300688290485
27475,4.198119863612591
27476,2.7690251208900327
27477,4.951088546320134
27478,2.371448034883197
27479,2.0501866939159474
27480,1.6144874337027257
27481,2.9615362574906494
27482,2.2382568764553636
27483,2.6825585500652633
27484,3.615928864821975
27485,2.9847693915868825
27486,2.8028278006500473
27487,1.612649143738508
27488,3.3477340927931922
27489,3.1637766077285696
27490,1.9659746327838108
27491,3.6347515673034323
27492,3.013286324152631
27493,3.948198100647727
27494,1.92469331719421
27495,1.7214917947913264
27496,4.0155966276101855
27497,3.282268200908251
27498,2.2426044213316536
27499,1.0834425603038818
27500,2.909644309766183
27501,2.780984949661931
27502,2.3439369673185033
27503,4.371383286914297
27504,3.8041306449140633
27505,4.302730003385512
27506,1.1707560287945524
27507,3.326881033920773
27508,2.724487012487272
27509,4.052925387806114
27510,1.1736797942280197
27511,2.7142177112882773
27512,3.8133806797232306
27513,3.863181525313983
27514,4.7917189900322725
27515,4.989782601583386
27516,3.9704282128689234
27517,4.978757499780661
27518,2.5592937379787393
27519,1.6068765153266527
27520,2.832981611449168
27521,2.9632922189308917
27522,2.0875901806124006
27523,4.989175105074968
27524,2.61242324981442
27525,3.342818230187312
27526,3.5672841199760335
27527,1.2206320412638898
27528,3.642939256580224
27529,1.9129634452046984
27530,3.26759669749592
27531,2.058894579837195
27532,3.0699449272399515
27533,2.714767543978315
27534,4.038410594084983
27535,1.7580807636825755
27536,4.549729962331618
27537,3.380177263299767
27538,2.2047084707458455
27539,3.7016309209902487
27540,4.757769334250775
27541,4.954004188929763
27542,3.195753820875098
27543,4.830317672222077
27544,2.976962701715274
27545,4.813574459910742
27546,2.5552009558584547
27547,4.261790270693686
27548,2.3993991235644647
27549,4.214056495916833
27550,4.900611306345224
27551,4.187038255580235
27552,3.599050673044831
27553,2.88480976215114
27554,4.54778180608662
27555,3.853444286121442
27556,4.067925091253383
27557,4.7740359261658725
27558,1.3236032433951586
27559,3.527854947755905
27560,4.6223006084344105
27561,2.9692399308593274
27562,3.5172730209309733
27563,1.8101629794681773
27564,1.353885216213119
27565,2.4249098848002353
27566,4.272572548199388
27567,3.0143138312817093
27568,1.0466854500884977
27569,3.5986157305254136
27570,4.747076347618686
27571,3.1053671398322136
27572,2.203314265002186
27573,1.7006026087128734
27574,4.403810438890902
27575,1.64678591450035
27576,3.8633450365588655
27577,3.1292501479760073
27578,2.1013834722797076
27579,1.1152802390705014
27580,4.160036602762901
27581,2.818078897354689
27582,3.631438831492624
27583,2.576562241308723
27584,3.0894448538463353
27585,2.527234466347163
27586,4.766369726969769
27587,4.363209770790899
27588,4.144312635926541
27589,3.1833576117932214
27590,1.5255373175894444
27591,3.696292288559726
27592,1.4862685491482113
27593,3.20999587887899
27594,2.435244153566266
27595,2.575919801006627
27596,1.288229362486252
27597,2.455267358204812
27598,3.919748874425767
27599,4.003893639902039
27600,1.6000818902538363
27601,2.1534591240688865
27602,4.432563076826751
27603,1.1027318551386465
27604,2.0861501418059247
27605,2.684231718815043
27606,1.4627313303850848
27607,4.93569635099052
27608,4.0854425903256315
27609,3.5167741877669663
27610,2.181689247066794
27611,1.5076905260453168
27612,1.2000593417605132
27613,3.4292504043029974
27614,4.885526877244414
27615,3.1958435057681016
27616,1.3603244545237878
27617,4.71849002050755
27618,2.8567287565792356
27619,4.615979349016401
27620,2.839389725082642
27621,3.7532554603911334
27622,2.0313066748129986
27623,3.7276327308952824
27624,4.491807385765469
27625,1.8251669312339747
27626,4.740357566259747
27627,4.639185458625016
27628,1.619374072932548
27629,2.5215134937374772
27630,4.491909437687633
27631,2.5760085025957555
27632,4.680557416466278
27633,4.154929999407824
27634,2.502066530930124
27635,1.7748641195952866
27636,1.6764687453502196
27637,2.5369914611494275
27638,3.2427569783094423
27639,2.7425384508649513
27640,3.1151473168855346
27641,1.4171310497027898
27642,1.4098935154503947
27643,4.7150700931392
27644,3.06704534666549
27645,1.2102359508718887
27646,1.5100865951931564
27647,2.6740855722798487
27648,1.1342820318515345
27649,1.1213774437937252
27650,2.4775860424193836
27651,4.264899612656609
27652,2.7560120015196143
27653,3.4052158329745255
27654,2.205098741900018
27655,2.525192678265677
27656,2.0807764913659033
27657,3.8634085421853817
27658,2.748265370450319
27659,3.988213661984979
27660,2.096696938005734
27661,2.057127734311454
27662,1.6963665567661161
27663,1.3713412066059747
27664,3.707681101913344
27665,4.032503527515498
27666,3.365176684649235
27667,2.377054097129363
27668,2.385837832844691
27669,2.3901644235701434
27670,3.7432160003340478
27671,1.0088722292984524
27672,4.176283878266883
27673,1.0957010953513349
27674,1.2311866176524497
27675,1.5697669151593092
27676,2.579560329445307
27677,3.5943184125028385
27678,3.7468761505680996
27679,4.248750291520997
27680,2.715949467525828
27681,3.2101452851778722
27682,1.6679367679540444
27683,2.69160282316707
27684,1.2057275745164477
27685,3.972833642333464
27686,4.8447109752444035
27687,1.3324127849695064
27688,1.8040798138839613
27689,2.7219916659319447
27690,4.44877963335693
27691,3.642927534065271
27692,2.517766524546153
27693,1.2785624712809636
27694,2.9588944811161024
27695,3.491255162564604
27696,2.4981261260464076
27697,1.3731394638096321
27698,4.313803082591685
27699,4.319893159736317
27700,1.1986190153845468
27701,1.7543413553207405
27702,1.0046738679399363
27703,2.876979200023682
27704,3.934836451838139
27705,3.681439904965439
27706,4.686988942776278
27707,3.557803995263362
27708,4.07973464588083
27709,3.206553379163083
27710,4.93797631071349
27711,1.0039627192268887
27712,3.780183250255932
27713,1.949715759503992
27714,2.7639773490575394
27715,4.711562513568399
27716,2.612902402720868
27717,1.3361839522925996
27718,2.3567627607246537
27719,4.369182091601968
27720,2.9702678406494
27721,3.108219224729995
27722,3.9108867341357594
27723,1.2860370588671923
27724,3.103596550749595
27725,1.7577027197101147
27726,4.757233907559287
27727,3.0674312415826455
27728,2.433016996079554
27729,2.972424996384966
27730,1.7060457492200363
27731,3.7536060701106853
27732,2.0898131354904965
27733,2.0496948427818182
27734,1.4269466678545273
27735,4.544654319952617
27736,2.010618635914578
27737,1.3324846227267075
27738,2.3176028558718853
27739,2.838475398969727
27740,1.5259795936108476
27741,3.538948498221289
27742,4.373064007589287
27743,4.075120330208506
27744,4.655670363154073
27745,1.5560311293826605
27746,3.5822327119565966
27747,4.9663154959850795
27748,2.6555097228395637
27749,2.1230390600138684
27750,3.3696971523480106
27751,3.9968390096034105
27752,4.330093886389992
27753,4.047684124743379
27754,3.188820683710843
27755,2.7493992451739957
27756,3.5377748922369077
27757,4.381091164679814
27758,3.0390864783904235
27759,1.4775140904163786
27760,3.695693921674535
27761,4.355761945087179
27762,2.5605134782429535
27763,2.8225173177742637
27764,2.0348454154599276
27765,2.9450716991569226
27766,1.334513864424908
27767,3.9260491276576897
27768,1.7209674723058481
27769,2.092867088654478
27770,4.393893551955142
27771,3.0282601671923692
27772,3.560792072022547
27773,4.139370139697586
27774,2.6300175527950156
27775,2.1684065848355787
27776,2.8222846754873103
27777,4.733864837767763
27778,2.1448383834765066
27779,2.9008282595609045
27780,2.128177330320845
27781,2.7534956123772005
27782,3.336443530336113
27783,4.416027927610096
27784,2.327108285943459
27785,4.554101145218604
27786,2.5056495718610203
27787,2.9550227645055425
27788,2.2793655982476286
27789,3.494211223381753
27790,2.9004373617135566
27791,3.397838574576788
27792,2.600957808526369
27793,1.0514369220140418
27794,1.9314149180140974
27795,3.5416536324375154
27796,3.333573843850083
27797,4.633908331591399
27798,2.6027335768993547
27799,2.2401887962313505
27800,3.3623053039791455
27801,2.403759943830136
27802,1.097711877842435
27803,3.7007214099322994
27804,4.043859052058695
27805,4.426016567079421
27806,3.3872194060153467
27807,1.710506596976356
27808,3.9815327684370247
27809,1.9255462422087293
27810,2.579903268762223
27811,3.53372816526523
27812,3.187368941041841
27813,4.104610844427748
27814,1.947638037747867
27815,1.9216575700488314
27816,2.221290168390722
27817,2.339590415579519
27818,2.1638401240957634
27819,1.660252716271474
27820,4.99594969706621
27821,2.6997508589662194
27822,3.9160770835900185
27823,4.395522892157109
27824,4.056259303399176
27825,2.0939470471641854
27826,1.6756740843761975
27827,2.02550313813308
27828,1.0913828619904185
27829,3.306997791962435
27830,1.0669624177067791
27831,1.270450648729768
27832,4.855600010475941
27833,2.7161544910707165
27834,2.9760634730274313
27835,2.2036724660211604
27836,1.3451948782748553
27837,2.434584001910019
27838,2.9672604682586723
27839,2.6373803142469407
27840,2.985408470186972
27841,4.682689043047942
27842,3.5338822234939764
27843,4.675524862512519
27844,1.9856519169185307
27845,4.082202373212727
27846,2.4425780878380756
27847,3.0027761496755416
27848,3.315075981387802
27849,2.1855994547809874
27850,3.9572091868658
27851,3.1257798598067303
27852,3.5618319459540384
27853,4.558011050102801
27854,4.029997557913459
27855,1.898971490408059
27856,3.541162586799463
27857,3.890312982484897
27858,2.0221874185752116
27859,4.2068392244030015
27860,1.240831493109428
27861,1.2391518171587759
27862,1.9001912054591212
27863,1.614649267182608
27864,3.004651124162012
27865,1.4818203891407071
27866,2.2694996571962953
27867,3.424966080668086
27868,2.2082605648216393
27869,1.3706970504939457
27870,1.099614132531348
27871,4.8387932343543305
27872,2.6912618335359446
27873,1.3725880373746775
27874,2.5511785374703115
27875,1.610515721301772
27876,2.4259292421948464
27877,1.0686947203961088
27878,3.417501547213303
27879,1.359606988382133
27880,3.856108776909841
27881,4.002270547480122
27882,1.2169310174170977
27883,3.2158643211082683
27884,4.942505735652497
27885,3.3093940076936437
27886,2.549006743853793
27887,1.7491530070439611
27888,4.691175452367615
27889,4.185423710259041
27890,4.34699365933837
27891,1.2961340419535161
27892,1.7522282557458104
27893,3.5793618181934805
27894,3.008145533280875
27895,1.859286295717498
27896,4.121907448561366
27897,3.8306528188879367
27898,3.6039942841106645
27899,2.379711491188297
27900,3.9323658717966596
27901,2.2418654301671572
27902,1.7111812563633961
27903,2.9657813749725292
27904,2.5581654461822985
27905,4.989333930347998
27906,2.5756298794381625
27907,1.5811683475237945
27908,1.6153677564146398
27909,3.691943284754233
27910,2.4435283124373064
27911,1.5356214045862595
27912,4.633139338242334
27913,1.2365829200376495
27914,3.1187236810330212
27915,1.2847526561178433
27916,2.4081816671856857
27917,1.5492182170058544
27918,1.5049014247484935
27919,2.6432190737247208
27920,2.855396180701655
27921,2.7714844584340836
27922,3.472197807682846
27923,4.633404685705202
27924,1.6985411496203882
27925,3.4043735941318345
27926,3.798522795608366
27927,1.6294796844527442
27928,3.304013355697567
27929,2.7592797912803793
27930,2.4637904668300576
27931,1.5787999272100315
27932,3.3857866154673744
27933,2.488041477716436
27934,1.221794660182701
27935,2.9768009687422268
27936,4.554723612936106
27937,1.64823419061256
27938,3.088533513533479
27939,4.2053995538770295
27940,3.9850234112150393
27941,1.055657711364308
27942,3.3478671811896508
27943,4.2249754580406265
27944,3.8892226375492465
27945,3.8295751631832142
27946,1.0351754531438333
27947,3.575942049838438
27948,1.6129818394404252
27949,1.7356025783040643
27950,2.5138817496669477
27951,1.6919039543916417
27952,2.4255412294403516
27953,1.416552410443063
27954,2.8589242560218753
27955,3.4594958609355473
27956,1.6767237090778306
27957,2.3624005784286726
27958,2.3194597124290572
27959,3.5629577719091197
27960,1.8839236178748417
27961,1.958450813190741
27962,3.2688903475241764
27963,3.4333886412535084
27964,1.4005208415462267
27965,4.690615654063807
27966,3.0078126521932553
27967,2.5075477191627704
27968,1.7016260455593435
27969,4.779483054352346
27970,1.0241571239558862
27971,1.082450585176911
27972,3.1227117208527253
27973,4.461827170019201
27974,3.6218887559518187
27975,3.6508965252796735
27976,3.372801229969946
27977,3.489294928796022
27978,4.036389826360331
27979,3.804730164605854
27980,1.173206759423465
27981,4.258370057163091
27982,3.2421094114744595
27983,4.091776164079194
27984,4.214131316301035
27985,1.335273194633872
27986,4.918434846719366
27987,3.8881318317820646
27988,4.197284278732354
27989,3.2178498300323835
27990,2.005496069599841
27991,3.823698653501672
27992,3.0024884675956613
27993,3.6824444674617793
27994,3.8249673254401504
27995,3.6332815453997496
27996,3.660463796738279
27997,4.048442165036489
27998,4.161171966606014
27999,2.5774299558126
28000,4.768756637512615
28001,1.9899278999347367
28002,2.4303384985431897
28003,3.58869975123099
28004,1.1085474150192565
28005,2.1769651748789967
28006,3.0652878483835315
28007,1.7963233479811662
28008,3.8261141327277524
28009,3.2213670383929927
28010,4.714872304416266
28011,4.974979285927887
28012,4.267859084487041
28013,1.3789631997004004
28014,2.8012775575404354
28015,4.377714357641569
28016,3.1259869632236206
28017,2.5495488333313325
28018,3.8693779590619792
28019,1.0770841871456613
28020,1.0135066722816695
28021,4.742095229344914
28022,1.1213618961488065
28023,3.8414375476598073
28024,2.948523169426084
28025,4.5857440651967
28026,2.0762481792768335
28027,2.7329549576520256
28028,2.616080570240003
28029,4.813817487728041
28030,1.9625637914274643
28031,1.6492375088388864
28032,1.0155346886598209
28033,2.4878394760446603
28034,2.469267108072192
28035,1.6848273057705367
28036,4.7715365656522515
28037,2.7060310833210965
28038,1.5663216894738001
28039,3.003475694378626
28040,3.3323285667330182
28041,3.970213740820977
28042,1.6493428777535266
28043,1.3398868289596026
28044,4.8882158334365
28045,3.9440612219508697
28046,3.822132058830952
28047,4.635563799668143
28048,1.0652402291969958
28049,1.5701379231463126
28050,1.6253346392581292
28051,4.925676722814819
28052,1.1950822668728622
28053,1.2418016991562721
28054,2.7184142267804283
28055,3.262746504450691
28056,3.4135603991165557
28057,3.4239557105821015
28058,4.16213035613105
28059,2.7379602605983306
28060,2.1693105023542287
28061,1.7820377550635054
28062,4.380368669802865
28063,3.889468948639953
28064,1.398947197293766
28065,1.8576810699113264
28066,2.0457625258838505
28067,4.510679635266394
28068,1.187920738877636
28069,1.7421853148833693
28070,4.391097397844958
28071,2.9951975260986226
28072,3.4802601726741127
28073,3.3306121417948087
28074,4.223157776010595
28075,2.9593805422850727
28076,4.615116493962368
28077,1.800724195093169
28078,4.588223013385887
28079,2.333798073691587
28080,3.021875811647774
28081,1.2134520063771936
28082,1.665894341409496
28083,4.017548531933558
28084,4.101655169424891
28085,4.6292470860615476
28086,2.540875587934269
28087,2.230995025450377
28088,2.1338577842005693
28089,1.490884116115529
28090,2.1919772073296175
28091,3.9777760152005124
28092,2.688653753773744
28093,1.3731021567565822
28094,1.9422029423768192
28095,4.836250528179652
28096,3.7856378988168387
28097,4.597174131643923
28098,2.878843428117743
28099,1.0000569215991968
28100,1.4105036015934203
28101,3.9799416908117062
28102,4.009309391399879
28103,4.044468342976546
28104,3.8694976618895858
28105,2.815317339735461
28106,3.4346155195203782
28107,4.649319717272361
28108,2.854883681953373
28109,3.0662460171244232
28110,4.647000182294281
28111,4.9894962565543075
28112,1.1587328437981732
28113,2.473255714273733
28114,1.5755164058871767
28115,4.332365111955397
28116,4.152492306364502
28117,2.187508921542143
28118,1.7234074003782016
28119,3.674660591466816
28120,3.47602621760232
28121,2.0855200761659782
28122,3.297691008817894
28123,3.4406036324179254
28124,2.654223781725602
28125,3.7934506070759766
28126,2.4651316136134365
28127,2.9344313153721298
28128,2.858346774386838
28129,2.75315158451609
28130,2.1368366489932926
28131,4.104973108889798
28132,4.006776040599523
28133,1.7681077568582406
28134,2.7679801166918327
28135,2.600041857288333
28136,1.3706467736010204
28137,3.527276919080803
28138,3.726329301647055
28139,3.410974199416277
28140,1.3071928105707165
28141,2.335636268305909
28142,1.392990244930298
28143,3.297340760980356
28144,4.73966274047574
28145,4.534448548478942
28146,2.8612576240089775
28147,2.3043597516105283
28148,3.085975634691736
28149,1.5366126901801613
28150,3.2943918651442954
28151,4.220941688533454
28152,2.3303591430381783
28153,4.84724531800858
28154,4.507775732407863
28155,3.3521074667366544
28156,3.875126932866822
28157,4.03512046798375
28158,3.850906945237188
28159,2.2987354065772787
28160,3.00775700451934
28161,1.8900055380066116
28162,4.1230228756231035
28163,2.4280012745395383
28164,2.3027019976688035
28165,3.8865884955918193
28166,2.453615868678392
28167,1.4801183835227305
28168,2.9942316430485936
28169,2.621514120004747
28170,1.8283162596648612
28171,1.6743589240216958
28172,2.1210630899708343
28173,4.188098483925714
28174,1.89119801742976
28175,3.7925361208655013
28176,3.2715146950686984
28177,2.2682126304616257
28178,1.3650000783838832
28179,4.972698166129134
28180,1.6683606348456315
28181,3.0807233755514005
28182,4.449156867799539
28183,3.17011922311984
28184,1.0797657129861076
28185,4.656983678695594
28186,2.429968911404095
28187,3.7661602938695493
28188,3.5877351910479653
28189,3.633222397130091
28190,2.850519269433441
28191,4.260605190416293
28192,2.612125312972454
28193,1.6833366539755814
28194,3.5882389193258266
28195,2.8170850668219587
28196,3.341215789333755
28197,3.079138219389325
28198,1.8837684333839761
28199,4.978379975698776
28200,1.2938237618430026
28201,3.068036362887574
28202,3.7922264034184407
28203,1.6282929337758385
28204,2.932118048536611
28205,3.6699467085365156
28206,1.539805231199232
28207,4.897365440866619
28208,2.5764391005333134
28209,2.296082116118212
28210,4.653693747943478
28211,2.3154719030856996
28212,4.526601897475178
28213,3.598835924843272
28214,3.6358899488717276
28215,2.3850963852353555
28216,1.3414058892960639
28217,2.5619641836273086
28218,2.2200574232584405
28219,2.002672894845324
28220,2.9179348143132593
28221,2.3087268540906654
28222,3.8302291168937486
28223,4.405021387954185
28224,1.9668453098700023
28225,2.703748762704789
28226,3.936896260583879
28227,2.904374823256067
28228,1.9169763401840734
28229,2.9685595545744894
28230,3.5668347093368964
28231,4.042423545412612
28232,3.7077282991636555
28233,4.73162708080749
28234,1.259774948855839
28235,3.5391088595953777
28236,3.979021618795841
28237,2.4936705630653373
28238,3.984097253474807
28239,4.676288161685797
28240,4.841059815865918
28241,1.9331475455817535
28242,2.6021555663498073
28243,1.7234756474112896
28244,1.462241953684087
28245,3.198204487242092
28246,2.512922428119425
28247,4.303970869840372
28248,4.680203110598969
28249,1.4252932436403376
28250,4.155322236359845
28251,3.040985502560317
28252,2.4083378532684767
28253,1.1347409243081898
28254,4.5926646333511325
28255,4.813624188225201
28256,1.2013142279185556
28257,1.0246662002970375
28258,4.344296266359677
28259,2.2337432346741095
28260,3.3373810340844896
28261,4.225246722366095
28262,4.104468368211779
28263,1.5853175656022094
28264,3.930751297759339
28265,1.8051856973448337
28266,4.871156148045992
28267,3.897506516060513
28268,4.456411809255035
28269,2.4279275510886538
28270,1.87393020461008
28271,3.7042293850145285
28272,1.621359854936745
28273,3.2003400021580846
28274,3.165280828170937
28275,3.1063593065763593
28276,2.170197754009852
28277,1.2023051635085902
28278,2.2748159001793793
28279,2.670870637064211
28280,3.5680056932527027
28281,1.412672013833181
28282,1.2441539001127113
28283,2.418703679829311
28284,1.821628178179692
28285,3.073102584645255
28286,3.6007754158500482
28287,4.976293046190682
28288,3.418363445560014
28289,4.873917026759866
28290,4.865963249905413
28291,1.6343586855669594
28292,4.567352806560296
28293,3.183577937492554
28294,2.281790619765322
28295,4.863739792853008
28296,2.5800843789115517
28297,4.2883629926577544
28298,4.880342224613423
28299,2.376233511150738
28300,4.172836419261837
28301,4.601502464840243
28302,2.905304319808753
28303,1.3573697200361394
28304,1.0309321449724123
28305,2.6607672114737455
28306,2.743262795461048
28307,1.0987718582250472
28308,3.9169608970367724
28309,4.506517303215328
28310,1.611757708280531
28311,4.835194911684098
28312,2.1834926890637663
28313,3.88040097930985
28314,2.4890928229113163
28315,4.279874530267856
28316,3.055773592716263
28317,3.4404791203317493
28318,1.5110979205250197
28319,1.534185866644291
28320,2.059417666851726
28321,4.070760441807179
28322,3.409032493934219
28323,3.4985125906451975
28324,4.1337359252065635
28325,1.451419010297383
28326,4.070587309025158
28327,3.7606762754072025
28328,1.81974942852304
28329,2.7947178243774626
28330,4.849306244341567
28331,2.624147156230465
28332,3.27269675983251
28333,2.811103934513391
28334,1.314441618964941
28335,1.0998639929102993
28336,2.1179331440978935
28337,4.034853727594247
28338,3.0253199490294738
28339,3.8880184462252276
28340,3.4422012816733147
28341,1.9400796256726989
28342,3.7223476340886776
28343,2.497899303927866
28344,3.199927458812205
28345,4.691382404300633
28346,1.8148917673131661
28347,4.523183576212897
28348,3.071146243282497
28349,1.1902783066900153
28350,3.9070266690658344
28351,2.3357208596136148
28352,2.544214636563932
28353,1.8944863354799732
28354,2.000472525418533
28355,2.561384913300283
28356,2.001747716793624
28357,2.9184923981012028
28358,3.1716307845621805
28359,4.784335457163429
28360,3.711971906185714
28361,2.468702818651091
28362,4.339659216404112
28363,3.3180633268459463
28364,2.443235556412701
28365,1.6370760065271637
28366,4.5709466506340775
28367,1.2125130390933827
28368,2.2739248653149344
28369,1.2683458500216713
28370,2.549556879205397
28371,1.8247705727122256
28372,3.1113614985827533
28373,4.836096393481348
28374,3.0856369174932743
28375,1.4901686008147412
28376,3.8506844872425448
28377,3.589848138026756
28378,1.907837881354232
28379,4.605053130897167
28380,1.85475833815926
28381,1.7726559503491912
28382,3.1736275984953806
28383,3.062934394434291
28384,4.375511943554706
28385,3.920354919220643
28386,1.4001139932936537
28387,1.2157324813688306
28388,2.5820855437924912
28389,2.7809168034720715
28390,3.647499118380932
28391,4.635761357344414
28392,2.1978236302431458
28393,3.007789427542689
28394,2.7865828845106875
28395,2.978674201067502
28396,1.606189028509049
28397,2.067434338543573
28398,1.882443983955079
28399,1.3290013381201766
28400,1.8564039973143456
28401,2.396146226419639
28402,4.439067237303918
28403,3.0608762893770995
28404,2.440535722830984
28405,2.6406295773091837
28406,3.896661464049731
28407,2.0739279310162293
28408,3.2698738190511683
28409,3.813628587146131
28410,1.1345888511881843
28411,2.791366388583877
28412,2.9873314612890667
28413,3.174039250805208
28414,1.9590315888596277
28415,1.3393242833827514
28416,2.442096444486421
28417,2.958211356469745
28418,3.2126335012421268
28419,1.9551072386505965
28420,4.123465993963933
28421,2.418201673168943
28422,2.640182174492786
28423,4.228680946136629
28424,3.740033339577575
28425,3.5226586628794885
28426,4.870610980731369
28427,4.3414028661591875
28428,2.300446363323991
28429,1.9487405155050124
28430,1.9145626027939984
28431,2.714815914420515
28432,3.463435757794833
28433,4.252116735680037
28434,1.9743282121285053
28435,1.3556056322817311
28436,1.3686532847531092
28437,1.0275631501893923
28438,1.2079248312364417
28439,4.911943475936754
28440,3.109152586681673
28441,1.6650671297415789
28442,1.2571234683871917
28443,3.993170522914121
28444,3.612912963718265
28445,2.061097951656409
28446,2.952020239389597
28447,3.222777217834509
28448,3.669366441105759
28449,3.547126888787192
28450,1.1858144084156548
28451,3.6743579021595263
28452,4.925387550832696
28453,4.678406546282263
28454,2.899154786625638
28455,3.326173349268017
28456,4.027952979726926
28457,1.6141275443193628
28458,4.896163932605342
28459,2.6565362915040187
28460,3.070428797603904
28461,3.8814545295582996
28462,3.616052290599944
28463,1.0685777458919214
28464,3.9312045447887876
28465,1.2891578278892926
28466,1.4131531682024208
28467,4.095765530531246
28468,4.439695308084179
28469,2.2784268129337453
28470,3.052418658625996
28471,4.97443107718223
28472,1.2782744494379163
28473,3.819173325398651
28474,2.32171184648651
28475,4.238288739689953
28476,2.8196106245780337
28477,2.259237058842278
28478,2.3232523098018274
28479,3.7170206315842327
28480,2.4907491415569374
28481,2.5865702485345206
28482,4.915129684414648
28483,2.1175797099100446
28484,3.7341302221018067
28485,1.099278397861159
28486,2.700179246784882
28487,1.7138779625905958
28488,4.998910482493729
28489,4.953971914214914
28490,4.933182794130748
28491,4.255734481112164
28492,4.557088416996654
28493,2.573012623013706
28494,3.9312493896725464
28495,4.35517277715986
28496,1.8563251186181429
28497,1.1653166699272837
28498,2.6970279341300256
28499,2.490536856183925
28500,3.258749734241322
28501,4.184041101672788
28502,4.002150001716734
28503,1.6599051543967107
28504,4.067841422026481
28505,4.039399488096766
28506,4.675660847314576
28507,1.9098869875915798
28508,2.381752048926663
28509,2.019814969194517
28510,2.559364307235216
28511,3.232215113718416
28512,3.3262969003910303
28513,4.046499700566768
28514,3.193598517790855
28515,1.2143037741787968
28516,1.040890433162052
28517,2.38701739706106
28518,3.3929228119116033
28519,4.762799594369371
28520,3.871177194903058
28521,3.3136668156776397
28522,2.9430660134022886
28523,2.9579054821833006
28524,1.2935216147331312
28525,2.401253937739759
28526,1.0415129136678623
28527,1.732638718427273
28528,2.4857948684822824
28529,2.1501004191058444
28530,3.432324817989721
28531,4.535538131168574
28532,3.6792205090998613
28533,3.7148793566894978
28534,4.560391730412202
28535,3.383386866931969
28536,4.402457259764191
28537,2.30104126863408
28538,3.989722784924542
28539,4.202619276144265
28540,3.358784150190551
28541,3.269833486944415
28542,3.647452496849369
28543,1.3026040315306169
28544,3.6005319692121405
28545,3.519049833890369
28546,2.1571001896470836
28547,3.7677164600477258
28548,1.088056143918401
28549,1.1084123703556368
28550,1.0106968631583735
28551,1.558049535754383
28552,3.245412720020243
28553,3.6127075740737014
28554,1.2420701070469051
28555,1.2585056285185505
28556,1.9890836150400566
28557,2.1055478347856575
28558,2.667049379809363
28559,1.3313412588530196
28560,1.2448146232119082
28561,2.1878517564135587
28562,1.093653864011141
28563,2.8490160178624246
28564,4.555561208838276
28565,2.521013537609961
28566,1.7997859994659247
28567,4.7738736216542215
28568,1.483703092329383
28569,1.759760848267193
28570,2.552078141169171
28571,4.032009145818819
28572,4.78955645898192
28573,4.000024455888331
28574,1.5245493224119757
28575,3.049836392654409
28576,1.0789780027783524
28577,4.540223159381711
28578,4.524701772039185
28579,4.878168565557209
28580,1.8971087415730423
28581,4.573795061655151
28582,2.1889529615958985
28583,3.1125879506647554
28584,1.747555498117367
28585,1.9748437553692528
28586,3.725374487568852
28587,3.5677353517466623
28588,2.3440096206415264
28589,3.113982089806556
28590,4.373528565584573
28591,3.123537957802304
28592,1.355565742965997
28593,4.886095214791199
28594,2.2525175176513
28595,4.486587437775299
28596,4.076934090901705
28597,1.3463278767717992
28598,4.020223655854249
28599,2.327724713423815
28600,2.318266276859559
28601,3.151847075296462
28602,1.6774588923832607
28603,1.6483973868809696
28604,2.795211916528372
28605,2.540062874245613
28606,2.4095640406397187
28607,2.7077802817961762
28608,1.258093283157546
28609,3.6627618964295348
28610,1.1248615324576146
28611,3.7138589497751178
28612,2.585750250237732
28613,1.0641824901610142
28614,4.533880565227446
28615,4.300633166336128
28616,3.313963641565626
28617,4.803702245976132
28618,1.7634502246559967
28619,1.4720450423690985
28620,1.9020734870595915
28621,4.671875516906358
28622,4.6347772479759906
28623,1.8301832331004086
28624,4.221659240117485
28625,1.2268150010574383
28626,3.9253660185992776
28627,2.8407234493214393
28628,3.7528422637906447
28629,1.1424486529499358
28630,4.6125059376013064
28631,3.967500066064706
28632,2.192332949471833
28633,1.959715593757163
28634,2.4190420479695276
28635,3.173267232003995
28636,1.8217735644146793
28637,2.0653682886158804
28638,4.333559470125721
28639,1.5656134064432554
28640,1.5109059267890999
28641,2.3449424397375584
28642,2.9598851443514818
28643,2.4007360332265235
28644,4.645957943389291
28645,1.7040284962619086
28646,3.726302839215097
28647,1.1671160010797195
28648,1.3065624430224996
28649,4.234766861400473
28650,3.595264264177162
28651,2.1339151504149805
28652,4.027218380597768
28653,3.9306129262454372
28654,1.8867339439681357
28655,3.850966825037802
28656,4.595737051781713
28657,4.611468086442358
28658,2.585460010364887
28659,1.1603483923107385
28660,1.372544905699041
28661,2.847426958052069
28662,1.305388967176634
28663,2.668510620515604
28664,3.5780474966487708
28665,4.538306363757164
28666,3.560759376209496
28667,4.198451543026415
28668,1.8714114590626791
28669,4.732395723946372
28670,2.4357811135382788
28671,2.9282139047913653
28672,1.3051023018571524
28673,1.837740345555245
28674,4.235867095545918
28675,4.939557638121349
28676,2.8890820530224732
28677,2.8920384447425476
28678,1.6243408596049553
28679,3.1495421412686566
28680,3.186181694546853
28681,3.866088382380232
28682,2.81161261311377
28683,2.124218493390275
28684,4.6283965589960445
28685,1.996386349797337
28686,2.2908051686675353
28687,1.9465868032765354
28688,3.547827537898668
28689,4.982558802409229
28690,1.7652645273662952
28691,3.0353313179870876
28692,3.6700926312953817
28693,4.53341828909496
28694,1.8053629111468545
28695,3.3213284047209464
28696,2.963304566387334
28697,2.4174809195269686
28698,2.8645914330039393
28699,4.672222044125796
28700,2.3538498318983536
28701,2.283250768967601
28702,3.4024867501262515
28703,2.508440444103457
28704,2.0973609173480314
28705,4.724484415770723
28706,4.266002669690343
28707,1.705526901248413
28708,3.1078430807120268
28709,4.959833983460272
28710,2.0804211941397472
28711,1.1970933177306966
28712,3.30238089356309
28713,4.766968431237122
28714,4.887831397095953
28715,3.2192016803485024
28716,3.972269770684263
28717,2.353793013763148
28718,3.777067223213743
28719,4.7166322221326284
28720,1.8019438743608402
28721,4.5261327259815225
28722,1.46973083089516
28723,3.8613102843766396
28724,3.073548060969284
28725,2.0272483847383764
28726,3.4472950526486934
28727,3.949041744832346
28728,4.585646812545562
28729,3.1998432513799813
28730,4.442821613562047
28731,3.6013400324202887
28732,3.766429085225606
28733,3.5809078990133663
28734,1.5558027608719849
28735,2.2171021846115333
28736,1.9097960170923969
28737,3.005811979959673
28738,3.7900344943417577
28739,3.2016569964423933
28740,2.2741781086751987
28741,3.8515241666500564
28742,4.460669969723112
28743,4.146900700669183
28744,1.5504799978415877
28745,3.5299777102392853
28746,1.4521653086488664
28747,1.0633236804256314
28748,2.9802590832562426
28749,3.0101485131939594
28750,4.15741051002884
28751,1.5140955080191074
28752,4.270862904267302
28753,2.725916273180138
28754,3.153776887639112
28755,2.6027879769313897
28756,1.912641174527073
28757,1.8875485576455167
28758,3.8358756890730197
28759,4.806119079561396
28760,3.639288832680531
28761,3.821715044102917
28762,3.549828790426858
28763,4.879699131338026
28764,1.6277751809916756
28765,2.5560042639665927
28766,4.628262648119792
28767,2.6758989596247784
28768,1.6204006493512537
28769,1.2890660035895687
28770,4.263696997313922
28771,2.601633066816361
28772,3.1328834835589285
28773,2.673618432523515
28774,4.675251833190012
28775,2.124788508472515
28776,4.9819902202711095
28777,4.803900081863572
28778,2.4646216725954018
28779,4.399112588005097
28780,1.2442099413255403
28781,3.7566166355453916
28782,3.5360456758479364
28783,4.988754860684912
28784,1.1354503006629675
28785,4.513408465930176
28786,2.8170082570975294
28787,1.6083821977332535
28788,3.106177267256857
28789,1.0873073435719975
28790,3.210620862513688
28791,3.3599780635909147
28792,3.079140289224926
28793,3.879490221770673
28794,3.2143313965158002
28795,1.8444964777001864
28796,2.0674554506578233
28797,2.441160230825754
28798,3.787033989613627
28799,2.055289733600859
28800,4.261820571264151
28801,3.343033215538179
28802,1.1877567657174866
28803,2.6691877468887726
28804,4.693819077070309
28805,2.4489424553893233
28806,2.345782475380492
28807,2.8589332208337397
28808,1.890348186327755
28809,1.7217151693953618
28810,2.0503972361586853
28811,2.149185392236943
28812,1.1973553197627953
28813,2.0542162157325214
28814,1.4896094934460824
28815,1.787280286639449
28816,1.7976489202408055
28817,2.882033780872016
28818,1.2319069986377458
28819,1.0198662135825027
28820,3.260516992972967
28821,3.8825844575896102
28822,1.884194683683177
28823,2.2230943530020264
28824,4.627756934603963
28825,3.1926871856631065
28826,3.421863604510403
28827,3.519955773785958
28828,1.8681618357050391
28829,2.5085501292388774
28830,1.030924392786177
28831,4.4864980443730795
28832,4.719739722886594
28833,2.9482189522326467
28834,2.090791183134988
28835,1.8479025236055233
28836,3.6827051053802005
28837,2.7662392082473177
28838,2.4569136721302782
28839,1.2111927547822678
28840,2.246331887859023
28841,1.5536053091967323
28842,1.521471889063736
28843,2.2872316587347146
28844,2.7048880260206882
28845,4.459011889466106
28846,4.341728434827415
28847,4.16579586421115
28848,1.7301678889368066
28849,3.8670630481463926
28850,2.6336924916906175
28851,1.6781604385291962
28852,4.851071215189998
28853,4.465978546488959
28854,2.29075047279937
28855,1.222864679897492
28856,4.408168583865368
28857,2.1622469303073
28858,1.869300173725918
28859,2.599314752933125
28860,4.882400919520481
28861,2.947271918995706
28862,1.0611759016680815
28863,4.338930447641738
28864,4.72114160124063
28865,2.836839363661834
28866,1.4667301493127436
28867,3.7603543322224096
28868,3.75151041347862
28869,2.5225913361869567
28870,3.7763994089746795
28871,3.3487091568570153
28872,3.360164904749545
28873,3.921408809906644
28874,4.623999515411638
28875,1.3628773690580727
28876,1.8575425111672428
28877,3.022300671561751
28878,4.973989957434732
28879,4.516349596798406
28880,2.854739626965074
28881,3.730264091319746
28882,2.4303741237529386
28883,4.175117273825414
28884,4.1009561825419
28885,3.0989798512088944
28886,2.2719207473495207
28887,2.436309623652521
28888,2.6508685659990263
28889,2.958976021643869
28890,1.370746554118985
28891,3.4449170271538043
28892,4.175923060598873
28893,3.0067282092794336
28894,2.6659349654452837
28895,4.68758955369403
28896,4.936897937563665
28897,2.2998785729857976
28898,1.680243679375609
28899,4.003283811071858
28900,3.852325584027655
28901,4.061606077145548
28902,1.4147400869665705
28903,3.384153140403854
28904,2.0639900884906623
28905,1.650754817849768
28906,4.900634027096325
28907,2.501200927645532
28908,2.8557054854172446
28909,4.607976440708029
28910,4.481311694068266
28911,2.2883020906808467
28912,3.6177270279516036
28913,1.9351304744305318
28914,4.898635272346144
28915,1.5328166124921179
28916,4.3996337406731545
28917,3.8627567637948057
28918,3.7304702776292324
28919,3.557259688137219
28920,3.5852413782363173
28921,2.4918548752106036
28922,2.5722173050396595
28923,2.3775312642393924
28924,3.0869207593833323
28925,1.2737278897046354
28926,1.6456388455608466
28927,1.4064406752760643
28928,2.531725901253271
28929,1.4843426104916153
28930,1.4212299322729849
28931,1.61832172191506
28932,3.7505961124026705
28933,2.6659483589379587
28934,3.509507865217433
28935,2.958281330190509
28936,2.592899862985255
28937,4.654507700431725
28938,4.6956457275788726
28939,2.6505338962801974
28940,4.582530859851295
28941,3.8171057651711098
28942,2.1824752588325262
28943,1.9827103426803272
28944,2.602227289486039
28945,2.6916357914870654
28946,2.24147840926834
28947,3.568558678045998
28948,3.977665547668332
28949,2.4808790067642215
28950,1.697332394522038
28951,4.529876285018853
28952,1.2549018853635991
28953,2.623371363511869
28954,1.237669793842648
28955,3.362939928342279
28956,2.8584219835040154
28957,2.962191577863498
28958,4.783506865526164
28959,3.556651341344488
28960,4.188986132209617
28961,1.2163235454196566
28962,2.9343790071793605
28963,3.843445176048124
28964,2.6513086759616327
28965,1.9489240932640755
28966,2.314664645888661
28967,2.73259051150386
28968,2.887198952489826
28969,2.2704056317179813
28970,3.0668817538519706
28971,3.2139481497901485
28972,2.007460931415261
28973,4.939968154247392
28974,3.739467717118241
28975,2.0791921573302288
28976,3.262690331902033
28977,2.7666302422026345
28978,1.2926253815346236
28979,2.1650501028930185
28980,2.585342602575045
28981,3.403706130916365
28982,1.0617016626040297
28983,3.1356610379375827
28984,4.450718887390791
28985,3.9659984559590753
28986,2.2953856633576977
28987,3.707450210487624
28988,3.218344672771083
28989,4.1323300895093595
28990,2.9718164415094295
28991,4.736460149334351
28992,1.822482760200355
28993,1.5052395185055474
28994,4.1267842468042355
28995,1.2211584132601137
28996,3.1557291765644053
28997,2.57062852046863
28998,4.157675062914317
28999,1.736281559373599
29000,2.6006050620990226
29001,2.7969856785745857
29002,2.8468282109734218
29003,3.348313968720335
29004,3.8671595867882433
29005,2.4193385771438622
29006,3.3441468108704098
29007,2.949836751678744
29008,4.209644029408786
29009,2.7142244505735325
29010,3.552833667531238
29011,4.3182458374315775
29012,3.6763921654574196
29013,1.8496914062472567
29014,2.353781193162386
29015,3.6442978478722488
29016,1.1340545486480722
29017,2.137611217774655
29018,3.59065300136392
29019,1.0669788841322498
29020,2.3250688696473496
29021,2.9489306907046435
29022,2.8303804869336995
29023,2.778009151899738
29024,3.4274935744645707
29025,4.509518660804655
29026,2.565614062450396
29027,4.97610473593031
29028,4.752407673739772
29029,4.194890142666887
29030,2.8491800245633656
29031,2.1418351244295555
29032,3.4935823408696676
29033,3.298255534403126
29034,2.6505237270872395
29035,1.1801479572922169
29036,1.4334235306806606
29037,4.674983043872152
29038,4.432475590139868
29039,3.802287413339574
29040,1.2151147121847874
29041,1.8581432744610016
29042,1.6174780706047032
29043,1.5637263877408172
29044,4.199210379594117
29045,1.5760242593689444
29046,4.547123016128631
29047,3.1149917029531364
29048,2.810217271296252
29049,4.894372352771077
29050,3.384053154933884
29051,4.560201803747908
29052,4.194244326143319
29053,1.1710526640598635
29054,3.2773072446858964
29055,2.3500508633156287
29056,3.530307858810968
29057,3.3323435877588454
29058,4.085925676152774
29059,3.211888906198435
29060,1.3239309164023711
29061,4.114840601644058
29062,4.036722568506198
29063,3.142549859072483
29064,3.747728264492114
29065,4.2685088182051985
29066,1.9957272512201327
29067,3.6360717270511493
29068,2.3769660921627285
29069,3.0470474553467146
29070,2.644841508131633
29071,3.2856767287176023
29072,1.0936199185425388
29073,4.326938211511197
29074,4.854659894509023
29075,4.512288348601908
29076,2.162780347047543
29077,2.6039564167710654
29078,1.6725576729059508
29079,4.221537523079512
29080,4.005089155801096
29081,3.4140421010161304
29082,2.981268152724068
29083,4.995519250944138
29084,4.720917495408015
29085,4.937074578731857
29086,1.9117330271406083
29087,1.5999312067933666
29088,3.5450581665161005
29089,4.980915454166012
29090,3.49885063707539
29091,1.3031843809547596
29092,2.6538224567061777
29093,2.1330790832023667
29094,4.497768571992894
29095,2.1279818529633356
29096,1.4861787772982953
29097,4.5717395562786525
29098,2.943185830739751
29099,4.002766554244237
29100,4.949363984696273
29101,1.1134422145996061
29102,2.069916846780842
29103,2.7723882455216997
29104,4.482948235158837
29105,2.9257917454629823
29106,2.0704089577973885
29107,3.5450777057817437
29108,3.9227631041713784
29109,1.31302980934458
29110,3.4815784665660416
29111,3.1944058311099504
29112,3.42447987730662
29113,3.3289956545254897
29114,1.2200391580366747
29115,1.5318050146531768
29116,2.9032750621117747
29117,2.331392427029517
29118,1.5143872089521273
29119,1.9915108068518603
29120,1.7777936608233373
29121,3.1597433540253665
29122,2.3483853185372605
29123,2.390250111571501
29124,3.1988183952219447
29125,3.604790980848873
29126,2.4601447780002337
29127,1.1069745596543652
29128,2.824144252065881
29129,3.0302092435761208
29130,3.9033539415581733
29131,3.2537124098047334
29132,2.677862118573736
29133,2.6601284365379643
29134,2.144929044706802
29135,2.644394415878621
29136,2.4344875557385914
29137,3.0608364289955654
29138,4.054833224672167
29139,3.1716836393464694
29140,1.3635304481659882
29141,4.692579032861353
29142,2.6129770778262222
29143,2.544336967775921
29144,2.56714674291306
29145,2.987094802552242
29146,2.982299633167699
29147,2.0876509837982455
29148,2.063931970133828
29149,2.1240547482834558
29150,1.4385890473488598
29151,3.4512989615096252
29152,3.366606934986055
29153,3.490564341039561
29154,3.8728751649419446
29155,4.413371805240221
29156,3.21714735074007
29157,2.2783722765797023
29158,4.5141887439829755
29159,2.6886542747344793
29160,4.120955719784936
29161,4.212684654287081
29162,2.2756796317238575
29163,4.258195245429917
29164,4.104386092364898
29165,2.280637929695887
29166,1.9923160315659447
29167,2.4330649249876495
29168,1.6174287620814574
29169,4.421827457826829
29170,3.7055251167853687
29171,1.7303509864403228
29172,4.025044700835716
29173,3.5195983604497374
29174,2.5750175573959484
29175,4.575973043655461
29176,3.8854814997595986
29177,3.793564061929415
29178,2.693199466883803
29179,4.209607238697929
29180,4.2407569844554125
29181,3.0244216030050195
29182,3.7952027910836175
29183,3.603678699916867
29184,1.5306925668642473
29185,1.6323195854739692
29186,4.476391738775438
29187,3.191740498119037
29188,4.817440873609604
29189,1.864221313766957
29190,4.334800876264066
29191,3.5643154079015797
29192,1.4492217750002991
29193,4.80333565195842
29194,4.671740182295768
29195,1.3491696353307914
29196,1.9530558359256993
29197,2.1492613541950054
29198,2.3353959459283846
29199,4.558032041810834
29200,4.701334137806333
29201,4.981813611277936
29202,3.5614376454428
29203,4.720595801308688
29204,4.0700319428239204
29205,1.9659843496373868
29206,3.6683361997722623
29207,3.0494833022214416
29208,4.064701848017424
29209,3.389841420876261
29210,4.944779597911537
29211,2.553638220956857
29212,3.17251838682376
29213,1.2544796721465268
29214,4.752501133893283
29215,3.4610588080954092
29216,1.0871924363905543
29217,4.21018738701208
29218,1.57163342222545
29219,4.173390310758331
29220,4.059465022495939
29221,2.738231068960469
29222,4.242174442581089
29223,4.366659907923278
29224,4.74872427060095
29225,4.255545056068154
29226,2.930957741600988
29227,4.621522398011612
29228,1.174585219390008
29229,3.917886712629581
29230,1.4708930254855104
29231,2.4695114337866033
29232,1.0995497066381303
29233,4.993790659004328
29234,1.4485412172044985
29235,3.1129496498030527
29236,4.496942095342199
29237,4.425212697924273
29238,1.081376774247699
29239,2.342683987127528
29240,3.9072136699759477
29241,4.78528124688086
29242,4.413010130058533
29243,1.9663940812535756
29244,2.617734117963969
29245,1.5795238372403477
29246,2.848416625304079
29247,1.494063248821449
29248,1.6835442020124742
29249,1.9049295415873346
29250,1.3380718420897857
29251,1.6270675432361483
29252,3.89343908576761
29253,3.3814130193454526
29254,2.5331788323058695
29255,2.876656282273063
29256,1.4280244941509137
29257,2.696232490939836
29258,2.8579708362571403
29259,2.8359222320096893
29260,2.1592182502931654
29261,1.287306439478817
29262,1.5544234920080489
29263,2.503690499382078
29264,3.2254041763814407
29265,1.7798763288919357
29266,4.108372008397313
29267,1.1265889609218993
29268,2.7477124822663876
29269,3.6673335734070602
29270,3.608801234081435
29271,1.7844422822922552
29272,4.946783912211396
29273,2.885915873682933
29274,2.4806070589968883
29275,3.178165362938547
29276,3.2928307256521454
29277,1.2619359589062986
29278,2.0580495065034854
29279,4.154709026153206
29280,1.279643779866694
29281,3.274308520071361
29282,1.5433698675038183
29283,2.233586961260729
29284,1.732665066340728
29285,2.6026158116109586
29286,4.866838832590105
29287,4.149317803141189
29288,1.0081511309321525
29289,4.685175073385627
29290,1.9667023908700711
29291,2.057928498206309
29292,1.4038798611458403
29293,4.0271587456549875
29294,4.264619525386591
29295,3.104888157509366
29296,2.543710150388537
29297,1.340099522212749
29298,3.8926326843734755
29299,3.2093832492445284
29300,2.186820456622275
29301,3.3174859933830243
29302,4.461464897455166
29303,1.2647428801909117
29304,4.8671687122391605
29305,2.429227148262842
29306,2.1136430739016228
29307,4.1358206964705015
29308,3.6719985763048353
29309,1.3945327969777463
29310,4.103380774393248
29311,1.372308022794765
29312,3.104243697301638
29313,1.6628589790442767
29314,4.464696886863187
29315,4.280043470407692
29316,2.1067480370036584
29317,2.069853727740088
29318,4.130415139437343
29319,4.021426419311007
29320,1.446496900445306
29321,2.693087584766668
29322,2.5090824617240726
29323,3.774084836845121
29324,1.495973656724113
29325,4.516309728979602
29326,4.53626208752611
29327,1.7573002356583078
29328,3.265709429754724
29329,2.8478420748817195
29330,1.3115136792266338
29331,2.21026301751884
29332,2.885802106703961
29333,4.673431649435249
29334,2.8368630507576373
29335,1.29024269911522
29336,1.519249618673661
29337,4.298528763114678
29338,2.9695370786924618
29339,1.4773794192204925
29340,4.392297306493609
29341,4.732708196388903
29342,4.49711040095955
29343,3.1984885225094617
29344,2.7906891491283132
29345,3.7327588937224068
29346,3.91860149120337
29347,2.725136340184466
29348,1.6028051926815783
29349,4.880692371321421
29350,4.876337547657876
29351,2.996754335817021
29352,4.91670933969878
29353,4.496760377602435
29354,4.630656438498534
29355,2.39695428473798
29356,4.754927943989757
29357,1.7551931383362214
29358,3.400532780173325
29359,1.9557973752171822
29360,2.2369662442790763
29361,3.644753406640149
29362,3.6691083149062886
29363,2.603566332881719
29364,2.453438696504135
29365,4.165316860190191
29366,4.486987042196282
29367,4.2588061502592485
29368,1.5517707752415042
29369,2.65710485588496
29370,4.141580410301938
29371,4.959256541034403
29372,4.674665003934537
29373,2.110181869933899
29374,2.525635686194586
29375,4.827081458344586
29376,4.9556041778867055
29377,4.50022180506501
29378,3.6493937934237746
29379,4.601734419597242
29380,2.3063604921098837
29381,4.339500896899914
29382,2.3305735630523996
29383,2.8792281895221925
29384,3.682565633614033
29385,3.7950654277313083
29386,3.102148927935937
29387,2.64194772346034
29388,2.859603728734538
29389,4.060746162972443
29390,3.2177257349822987
29391,4.620045058396366
29392,4.413590676507937
29393,1.5363116043777487
29394,4.479276029607916
29395,4.129164114536007
29396,4.03744284061977
29397,1.4426726985663079
29398,2.1121434544893964
29399,1.8210679364459192
29400,4.023381912127218
29401,2.638898464801464
29402,3.259255884747002
29403,2.84133979751291
29404,2.5567713769446887
29405,2.2301517803102677
29406,1.4820413883995252
29407,4.271095125939098
29408,2.768840199319941
29409,3.531045084553778
29410,4.925253670999568
29411,1.1731974417297772
29412,2.97895264349517
29413,2.906995982030271
29414,1.735116126408414
29415,3.9870186429140255
29416,2.924484000388291
29417,3.3725754906798846
29418,1.4468630963274274
29419,3.1424982721137824
29420,4.412268659445624
29421,1.118537891846061
29422,1.7897175963574106
29423,2.8027402543529663
29424,1.5756505125842888
29425,4.453005627743664
29426,2.1180294686298526
29427,3.7576585525439192
29428,1.720516231753939
29429,3.0745565367955394
29430,3.636430782701536
29431,4.006574408209966
29432,2.7409823414496515
29433,1.6948686289146324
29434,1.054657954736391
29435,2.760139608395926
29436,1.7527717845212778
29437,4.447734872344371
29438,2.363270261280289
29439,4.540357129900335
29440,4.008132163191534
29441,4.1140541551095975
29442,1.421085429796575
29443,1.1629423622900328
29444,4.360940997204246
29445,2.7864027394683757
29446,3.2372902777530896
29447,2.6795239114615037
29448,4.454002683964054
29449,3.2621278960402362
29450,3.331560730597228
29451,3.884348985851547
29452,4.476006473953635
29453,4.288703200279064
29454,3.4149137816140387
29455,3.5726827630135527
29456,3.215855127083566
29457,1.2483624500618928
29458,3.2778232532328015
29459,4.726895571422032
29460,3.141998760220915
29461,4.662176071418509
29462,2.0967840090643626
29463,3.7952971068002723
29464,3.2545599078366636
29465,1.8201979330470492
29466,2.5610690097772544
29467,2.9885205964406074
29468,1.171578365752592
29469,1.0467273208669496
29470,1.0393943509350883
29471,3.8989233136824906
29472,4.296855582614593
29473,2.690617582423148
29474,3.158894866777581
29475,2.5697835667178253
29476,2.6850027677120436
29477,3.7575492086016427
29478,2.9594163757867693
29479,4.189914744004918
29480,3.430120215740649
29481,2.920481678006647
29482,3.4692780036882933
29483,2.0339688985688293
29484,1.6778034081999595
29485,3.8457558638273124
29486,2.3752296466887017
29487,1.6894212045725512
29488,4.768638917104568
29489,4.683553241508832
29490,3.4536222824553593
29491,3.8200444683872843
29492,2.5860047543755695
29493,4.801600665113558
29494,4.973747015503243
29495,4.444480626418538
29496,3.6831991577724246
29497,2.536913362219176
29498,2.8890267867026833
29499,3.2423575665962976
29500,3.4978220872167936
29501,4.141867075877172
29502,2.975322664982992
29503,2.6021161303781137
29504,2.573746837072481
29505,3.0753067399981413
29506,3.706743194390788
29507,3.262483095321596
29508,3.6903576417641215
29509,3.3824129000028806
29510,1.5711940304081957
29511,3.518017254924266
29512,4.12296669720245
29513,2.394979510102107
29514,2.813526417837628
29515,1.6662527689879298
29516,3.790231441479214
29517,3.499939005046963
29518,2.1148460552205797
29519,3.957223010560214
29520,1.5147783774180867
29521,2.439971792903466
29522,2.503412574881765
29523,2.5909522717959224
29524,3.8901864222420013
29525,4.271915206127543
29526,4.63600730342505
29527,2.932917842165504
29528,4.848231364514697
29529,3.4391624672688264
29530,3.784608005659247
29531,4.057239882517967
29532,3.1828630156096684
29533,2.8177727901420515
29534,1.6405169349558562
29535,1.6226301773100862
29536,2.997973044646694
29537,4.137851419396641
29538,3.6811476228734885
29539,1.6765163945921446
29540,1.6155328708419643
29541,3.3617686639635833
29542,3.523110700068317
29543,4.1059265273657175
29544,2.8657194595867743
29545,4.24169784587727
29546,1.4089394209119566
29547,2.241108160773308
29548,1.7240572847613036
29549,3.222837275817695
29550,1.9619846592318613
29551,1.2899765453576801
29552,3.2863314717155707
29553,2.610488204240479
29554,2.6951585390124917
29555,4.958863375410516
29556,1.1359549812058733
29557,2.0508156204522603
29558,2.3124269500852703
29559,2.8950786130400568
29560,2.5152141652760105
29561,4.22887417728423
29562,1.6174289037914922
29563,2.6627710081149987
29564,2.9170557264753656
29565,2.08323769788554
29566,3.3642811232748793
29567,3.287897025717377
29568,1.6007842321632415
29569,4.986763661068861
29570,2.3939232751183197
29571,1.8763271862498057
29572,4.350196724466134
29573,2.6555450186122465
29574,1.0216606509110626
29575,4.156804675150271
29576,1.9800623382822429
29577,3.3339038716628417
29578,3.4379339771790294
29579,3.6901075921701056
29580,4.1076157082349365
29581,4.74833242824193
29582,2.8621195109132866
29583,2.3830675952295337
29584,3.008539988407809
29585,2.898712158223082
29586,1.0184058323732788
29587,2.7021979623833494
29588,1.1459817583791234
29589,2.2816080534653893
29590,3.5127803539245646
29591,4.011217790820447
29592,4.285282879317828
29593,1.1600359227993802
29594,1.838189638747454
29595,2.1242937450645165
29596,2.873248240485706
29597,3.4774116020877486
29598,4.069181646425779
29599,4.430773028567644
29600,1.6263719662627674
29601,2.0598128652090986
29602,2.593634444854415
29603,1.4884324531483144
29604,4.418635620003459
29605,2.1531880749996035
29606,1.2756839890444271
29607,2.3415879752432027
29608,1.2085609844873195
29609,1.1174843399912047
29610,1.8415991228132982
29611,3.3971837372671736
29612,4.777033182077788
29613,1.9297510243235703
29614,3.6402887523706404
29615,2.315431846791426
29616,3.657435916128118
29617,4.203458848536799
29618,2.5657381012136167
29619,2.584510153728498
29620,2.8471779595115487
29621,3.7749144192461777
29622,3.864132597877357
29623,4.378331851529497
29624,1.6460532080911494
29625,2.7338805384676466
29626,3.2970761968061946
29627,3.2534459637966995
29628,2.3062546168793645
29629,1.6580054419245491
29630,4.798576205784864
29631,2.7308713913669154
29632,3.611442049185058
29633,2.6467194182264424
29634,1.2091746496646016
29635,3.3502196076622868
29636,4.936199304023214
29637,4.874948026020919
29638,4.7983156022147835
29639,1.4679518307297457
29640,4.700756129237325
29641,2.7142326635200047
29642,4.108686541145325
29643,4.312754182944354
29644,1.5976577878121025
29645,1.550876218380092
29646,2.112101849390668
29647,3.447125699952229
29648,1.9706980237357383
29649,2.9988507182915805
29650,3.6521956493329366
29651,2.4162104045026562
29652,4.298888293340177
29653,3.7174644374110466
29654,4.498748056744311
29655,4.929858309151866
29656,2.4811643808825328
29657,1.7028689837956046
29658,4.989359246926866
29659,3.158724006758503
29660,3.5881132986017628
29661,3.120229030402271
29662,2.101105735599163
29663,1.5817153536302166
29664,3.0817755210927436
29665,2.6731863656595514
29666,2.526900447420919
29667,2.8422947249960644
29668,1.9367091560527285
29669,3.158648472751031
29670,3.1180842717660284
29671,4.563360318023916
29672,1.6023107088612938
29673,2.5841872422937078
29674,3.4115098951001466
29675,3.698266595296741
29676,1.9573943116364934
29677,4.01475576647662
29678,2.5879760167103716
29679,1.8478077868196694
29680,4.608784480055107
29681,1.5446171842576044
29682,1.7180563063738221
29683,3.6611253847712457
29684,1.6149672079537134
29685,4.075042185826055
29686,3.8413844600259064
29687,3.8897673121598006
29688,1.1554120712435867
29689,1.2312263997808186
29690,1.5369797984266702
29691,1.5566182390424852
29692,3.6337553737786967
29693,2.2762226781807082
29694,4.922726621351398
29695,3.6591987471537473
29696,4.633163054318638
29697,3.3150428784702037
29698,2.492451649321658
29699,3.8086703848649894
29700,1.3253510100806678
29701,3.7985131117813817
29702,4.524469239289988
29703,2.0476647088645357
29704,2.1314393124377458
29705,3.225481222914444
29706,3.4086738932985043
29707,3.0011281044637306
29708,4.420350274614854
29709,1.4874952496213978
29710,4.141975330808737
29711,1.8201274377651706
29712,2.8002519144831965
29713,4.121167350946157
29714,4.773279236719026
29715,3.095385508416332
29716,1.2295116738458853
29717,4.841930795875475
29718,1.3970683206921972
29719,4.093408865001827
29720,3.2183477461733223
29721,4.850999984089602
29722,2.7040177592233694
29723,3.3152526157114113
29724,3.368088731123016
29725,3.4827107564737427
29726,2.1740552549056114
29727,4.620605950547194
29728,2.518649782034626
29729,1.0330383735950743
29730,1.5930201707083294
29731,3.7441682350725642
29732,1.5858198767381233
29733,3.7758768491684642
29734,4.7748900196947
29735,4.346965024117306
29736,4.238360869814218
29737,1.0720921607230567
29738,2.7913580360804535
29739,3.135608717267983
29740,2.557135278452437
29741,4.149897450870029
29742,3.8386979212325203
29743,4.4376299989051615
29744,1.7414531359456005
29745,3.5423756679871987
29746,3.237272264004558
29747,2.106519893199435
29748,4.067973311653592
29749,4.010415351875135
29750,3.763502722878473
29751,3.555533567949471
29752,2.8745853497785805
29753,1.1056956683435453
29754,3.497870738696147
29755,4.650448837073002
29756,1.8603258674063219
29757,3.5101923552025176
29758,4.5605490047554875
29759,3.194954112337332
29760,3.1605051025943145
29761,2.310177622942393
29762,1.6752453240340883
29763,3.1638987390883817
29764,2.883456330833463
29765,3.429590725786643
29766,4.98133850192408
29767,1.6102796942541033
29768,4.1728465953827865
29769,1.1479367443594835
29770,4.2541529989306
29771,1.90246949065962
29772,4.984353148253522
29773,2.1012439342109603
29774,1.0078373902190139
29775,3.947477122532486
29776,1.0300059233341865
29777,1.185149737316574
29778,4.0053417616149325
29779,2.6429565694724717
29780,3.5435653495671935
29781,1.8418358130228056
29782,4.459454539838383
29783,1.8059538910708497
29784,2.1619028973740964
29785,2.051417757557914
29786,3.4544082581709428
29787,1.202219287876431
29788,4.66129455128198
29789,2.263612233885557
29790,4.099687449272652
29791,1.6586659930804926
29792,1.6681055343582654
29793,4.996357611670952
29794,3.896363398255672
29795,3.9721251712689494
29796,3.3780104294373823
29797,4.40816799029955
29798,2.818510133575604
29799,1.4992721235892468
29800,1.342986491173121
29801,1.2002823675989474
29802,2.4025114684433855
29803,1.2429845235467112
29804,4.358330781140417
29805,1.2522478372103079
29806,4.462451669634936
29807,4.084528667618306
29808,3.7665969132359005
29809,2.9001067891589143
29810,1.1698980428407042
29811,2.7065474421761193
29812,2.7417204609936836
29813,3.1607756901107225
29814,1.7345902829528574
29815,2.927051577922949
29816,2.439744960625083
29817,2.9587984157214597
29818,2.7765404748928995
29819,1.7809116404486134
29820,4.343881223349615
29821,3.127490437106397
29822,3.2741946567277105
29823,4.181595280364482
29824,4.781104379416388
29825,3.7923150950117046
29826,1.4508145042740734
29827,3.995355476697192
29828,2.06573099446243
29829,1.8642292581498294
29830,3.1672238313923105
29831,1.746929098480523
29832,4.990637198669793
29833,1.9847184773998015
29834,1.4863584344381682
29835,4.520108210174
29836,2.569046584259034
29837,3.80602344566597
29838,1.9537647334287613
29839,3.4159124407151906
29840,3.5925098460121907
29841,1.2238065377766878
29842,2.752415035081046
29843,4.832405086662088
29844,4.091656546876722
29845,4.718483642689751
29846,3.5676621854168324
29847,2.9337661618999014
29848,3.4856926025431405
29849,1.4317182150947874
29850,1.4617107329327599
29851,1.3909700611843996
29852,1.8613376965942066
29853,4.117438079565065
29854,3.4565239438140947
29855,3.2082756973049924
29856,4.644039799116886
29857,4.442083764686988
29858,4.998435040774652
29859,1.9395465285448115
29860,2.740525255256329
29861,2.211527967468969
29862,4.275204480195674
29863,4.707969982916282
29864,3.5598307083755967
29865,1.634442064716398
29866,1.0489072932199632
29867,1.1410087747321467
29868,2.346555911568307
29869,4.016867974112489
29870,4.151168343398105
29871,4.072377902031446
29872,1.1055973989946795
29873,2.4135501664307255
29874,2.8929102338271266
29875,3.5312383317924274
29876,2.285582565643191
29877,1.2267951665221326
29878,4.234473088756237
29879,1.8522469232328627
29880,3.4986882153363306
29881,4.550176209319328
29882,1.311124640399779
29883,3.535977195088411
29884,4.6136002935116345
29885,1.1916525575320773
29886,2.199194485253485
29887,3.003456945414503
29888,4.900559795013008
29889,4.441156740886407
29890,1.0322071965208566
29891,3.7242171737448384
29892,2.1219225522867973
29893,3.8342133236361624
29894,4.705138752778964
29895,4.786036484300456
29896,4.444521754459993
29897,3.5805113121282988
29898,1.2655092346577734
29899,2.915519769697867
29900,4.578913405356301
29901,1.9136896162048114
29902,3.048470784088073
29903,3.0262838231133458
29904,2.8326443239457175
29905,2.2444884925536757
29906,3.6776983690624037
29907,4.033569176655632
29908,3.7986074174179985
29909,3.638716971811702
29910,1.0391248098172703
29911,3.6348080371182068
29912,2.652041533898611
29913,4.576859320807517
29914,2.8346392946060117
29915,3.708453511851483
29916,3.2439941243608956
29917,4.367987291312429
29918,4.162540121613702
29919,2.276098337913392
29920,2.1869131014631846
29921,2.034210802435919
29922,2.5574867108408794
29923,2.0875200843712034
29924,2.3542716231136565
29925,2.9134961549023974
29926,3.405176009061348
29927,3.857264984530296
29928,3.971719106284525
29929,2.5193188921439864
29930,2.5478116354102505
29931,1.203270850050083
29932,2.389909022274953
29933,3.3168050370351563
29934,3.5811925040765065
29935,1.662922526071179
29936,2.7087023130110977
29937,4.774483248662607
29938,2.0850398469824376
29939,1.9046899390632053
29940,1.0446566831821924
29941,1.056267553139068
29942,2.130608201144562
29943,4.497969319034597
29944,1.5125293774087827
29945,1.4635268899639038
29946,4.828420227933117
29947,2.799855968463066
29948,1.5034961409889451
29949,2.329494713585917
29950,2.414846095598616
29951,1.0572538250318586
29952,4.052448975514549
29953,3.3606002041910616
29954,2.167241640139402
29955,2.071918962999551
29956,1.0504235824638886
29957,3.1508569911570197
29958,3.378265594205027
29959,4.137655270700867
29960,1.5118180238263594
29961,4.399959664936736
29962,3.706913828986621
29963,3.216337447570551
29964,2.8946306614391175
29965,3.634517042511185
29966,3.5432717623830774
29967,2.7020435907831453
29968,3.123936080621756
29969,4.385296231790089
29970,3.61027050849381
29971,3.7415943741178452
29972,3.730817648229867
29973,3.0871006052540153
29974,3.6634310522985705
29975,2.8453825938753776
29976,4.390882475572586
29977,2.1438504596345362
29978,4.2428079995061125
29979,2.285005827539192
29980,2.3900881892488406
29981,2.0539430047802902
29982,4.915682815018476
29983,4.475296966198805
29984,1.054840006767198
29985,1.8601538949582195
29986,1.0893035067864103
29987,4.340212296344617
29988,2.6511709322446566
29989,1.7598459744938073
29990,4.0063333194903645
29991,1.1058877672599907
29992,1.046745668718685
29993,4.759066296818743
29994,3.5231523345399793
29995,3.279222147210684
29996,1.6279023775185486
29997,1.3672710599231594
29998,2.4430496465429425
29999,4.495529902798449
30000,2.648337549199208
30001,4.860464279740278
30002,2.0144007996024076
30003,2.6216597448273458
30004,3.7449101572678622
30005,1.7147337021604065
30006,2.508642110847301
30007,2.2489109521825177
30008,4.013216721593139
30009,4.929530375832977
30010,1.4079879965988904
30011,1.544068839092434
30012,4.408354455950362
30013,2.134365987882593
30014,2.8553829095521923
30015,3.110907636387325
30016,1.1748670781190085
30017,1.022625822865888
30018,2.124871575159371
30019,3.9801436573765505
30020,2.9446819050106123
30021,1.8144807691091
30022,1.4942285582269257
30023,1.6840723201414636
30024,1.7988806199592213
30025,2.280788472886915
30026,3.1141267126583227
30027,3.497046681006577
30028,3.71748425635029
30029,2.9471566105391855
30030,1.380096818941729
30031,2.9784302098781428
30032,3.9426301583912244
30033,4.969633321767047
30034,1.0625560426919387
30035,3.2786747252721056
30036,1.0381476410883068
30037,2.6633485081601367
30038,1.2843111414123825
30039,1.4520243527830563
30040,1.6671340155901344
30041,1.1041229507609027
30042,1.4874130335301534
30043,2.6757263016835826
30044,3.2945402030598485
30045,2.3106006385497717
30046,1.5165437093413772
30047,2.542041328508078
30048,2.8592849318509805
30049,1.6669247860305592
30050,4.911489199203935
30051,4.130945811166184
30052,3.732656936731049
30053,1.5201839205841097
30054,1.5939278844119644
30055,1.7878022780253682
30056,3.747420583020406
30057,2.277900296655239
30058,1.2340212941157787
30059,1.0211520168730375
30060,1.8781102090118744
30061,1.9847757678825944
30062,3.743811924340782
30063,1.4554047564732557
30064,4.6988476367892
30065,2.7687228509610997
30066,1.7623391822147827
30067,4.897668610192639
30068,3.8993308214570166
30069,4.1223720024418125
30070,3.488520282528619
30071,4.284743452156755
30072,4.472422030747822
30073,4.191472571336051
30074,4.4276759757082225
30075,3.63841311723994
30076,4.4586759488975485
30077,2.7835830185447428
30078,4.343772387591444
30079,1.2897508160860567
30080,1.898777391626902
30081,4.3927687906181045
30082,2.1264848119337363
30083,4.8400414426533995
30084,1.716935189630501
30085,4.457606159984353
30086,4.088029187127308
30087,1.108026491263741
30088,2.5524882900065573
30089,3.4518625949313946
30090,4.202189411999164
30091,3.578469162847291
30092,4.85019091150783
30093,3.9024982860994504
30094,2.3135411172712663
30095,4.69401308326764
30096,2.333874999200356
30097,3.697711924744305
30098,2.506371023608404
30099,3.9077415834972506
30100,3.175642240449705
30101,4.391712009651897
30102,3.333773589674312
30103,1.8384361737654427
30104,3.4090975210041945
30105,1.8355884832686957
30106,4.6464112818335686
30107,2.623998575580386
30108,3.257160249417806
30109,4.892245882518646
30110,1.9085064566105512
30111,3.846392731436222
30112,2.5536904858450815
30113,1.6012575640724793
30114,2.167837871725467
30115,2.988483400584019
30116,3.140339083962684
30117,3.019373122936793
30118,2.5975438953326937
30119,1.4766098193704762
30120,2.7266470658690203
30121,1.7887989222194602
30122,2.777129282385486
30123,3.6973508165186484
30124,2.1562438413096907
30125,3.869473184003509
30126,3.8995617992912006
30127,3.8891391431287463
30128,2.872190225432902
30129,1.154745296079836
30130,2.8853323474324513
30131,3.2365180873781276
30132,4.645147987275199
30133,4.479752942982146
30134,2.0048069908397466
30135,3.4537234471962566
30136,1.5411532608407987
30137,4.70624892244215
30138,4.9297652707826645
30139,1.4665213478539663
30140,3.6365556937626224
30141,3.55079070906457
30142,3.8431821897092644
30143,3.1280917071523278
30144,3.239072685454559
30145,2.4829308320595453
30146,3.6597653648726585
30147,3.7324670798725363
30148,4.242598935855203
30149,4.855641161297468
30150,2.150363328372072
30151,1.849885467661871
30152,3.5725929759929924
30153,2.186833293858489
30154,4.334808436179372
30155,3.170016152597389
30156,3.4742522196349452
30157,1.557055324063315
30158,2.299095566108138
30159,3.4244918867060994
30160,2.168624409292588
30161,2.9913108463370737
30162,1.5018029081637025
30163,1.6397349706801667
30164,2.358851905422603
30165,2.891389555696833
30166,3.3272423130890583
30167,4.37321487885489
30168,4.20085921877391
30169,1.021855559716733
30170,4.19325440835887
30171,4.688985870277674
30172,4.906950522962495
30173,2.3399565525397032
30174,3.269838224794239
30175,4.126808437819759
30176,1.8750387730816773
30177,3.920655860148932
30178,3.6761694863431376
30179,1.4930054102046482
30180,4.179772669507387
30181,2.9641446481402514
30182,1.1705246796820838
30183,1.845563861084512
30184,3.812123567619185
30185,2.662692252403046
30186,1.4981730510331142
30187,1.952871625034244
30188,2.0497377283333242
30189,2.9925987104868637
30190,1.9901691847343836
30191,3.6398528634829916
30192,1.7117583969993526
30193,3.2742847130960486
30194,4.817575225975045
30195,1.4939643359744936
30196,3.327984594581462
30197,1.5618561943318388
30198,3.134665554239328
30199,1.44209528070876
30200,3.1343498975196327
30201,2.576051861962059
30202,3.164964051869721
30203,2.6632027857466305
30204,3.117758533940799
30205,3.374220420585193
30206,1.2468704673083053
30207,3.3804283713294
30208,4.74370842396424
30209,2.266156940067075
30210,2.0700287668374515
30211,4.2988722483832635
30212,2.8187057046354296
30213,3.69941972151673
30214,3.3386572079422776
30215,1.7629802506186847
30216,3.318662724917895
30217,4.13074639719869
30218,1.3424068814131984
30219,1.850564447611763
30220,2.620055745862941
30221,3.57878820194995
30222,4.269389083806678
30223,4.958170229935732
30224,1.0410373482972832
30225,2.0553671777458558
30226,4.83260156820505
30227,1.0334696896559645
30228,1.1925532948053448
30229,4.503625385488586
30230,3.7059325500385762
30231,3.68206396813778
30232,1.3133350996712472
30233,4.124322273109085
30234,1.6914897354071137
30235,4.306557868986225
30236,2.9090570682152137
30237,2.8709666816766304
30238,4.635424125945485
30239,4.293705277942598
30240,3.454319368872788
30241,2.929652305789807
30242,4.6588233011893685
30243,1.0161657572876752
30244,3.908686742953726
30245,2.5084591775370138
30246,3.378369230794816
30247,1.4926215623807022
30248,1.7443568289410298
30249,2.0467733341339356
30250,4.758235984883535
30251,3.103140060087329
30252,1.060370353072014
30253,3.1712425642504085
30254,4.264578700061991
30255,4.584804735145801
30256,3.353481101416621
30257,3.930260608601237
30258,4.189597078995133
30259,3.290122317146891
30260,3.0126090493936553
30261,2.350879837166546
30262,1.4098507321846032
30263,2.8806809240117914
30264,3.636463744874908
30265,3.2359229719403935
30266,1.4300771218446244
30267,3.3432198376002757
30268,1.0405430019826523
30269,4.097299684522612
30270,3.731815150489488
30271,1.3163989377318788
30272,1.9519326298495128
30273,3.381608981373601
30274,4.133485541882399
30275,4.313225504151157
30276,2.2612732387128003
30277,1.8793639385533512
30278,3.809726355985863
30279,3.080146454278034
30280,4.6808545666516395
30281,2.1465245619149718
30282,3.4412994513994173
30283,1.7046452116526178
30284,3.4475327191957317
30285,4.911198333721842
30286,4.84125510432575
30287,1.5425185181892016
30288,2.1434706056639197
30289,4.705514670065021
30290,2.5403453820253294
30291,2.1972290068710363
30292,3.5880391469011625
30293,2.634627809302519
30294,4.970421721413079
30295,3.8011364053037164
30296,4.7037024325962005
30297,2.5040241680179465
30298,2.9514516629197325
30299,3.901916356536168
30300,3.958715115667522
30301,3.4645529244256137
30302,1.915120204483809
30303,4.448864152250318
30304,4.780110427890236
30305,1.867518477296985
30306,2.9850904126265636
30307,3.155526697986275
30308,2.9584169036944243
30309,1.3522737141267172
30310,3.055900336160839
30311,3.7803881845122644
30312,2.916446803524433
30313,1.6779379676574107
30314,1.4147715366711697
30315,2.9466806754590325
30316,4.501923239087756
30317,4.2325928653814024
30318,1.673126812895656
30319,1.7237190783667073
30320,1.1562358347510302
30321,3.2013668583497363
30322,2.390456501213667
30323,3.8978703748057377
30324,1.129190282909971
30325,4.2343919228382205
30326,4.393723183667194
30327,3.961555891035986
30328,3.7722415119859978
30329,3.6762123646721667
30330,3.3464148440673958
30331,3.546579515277056
30332,2.3803952834137436
30333,2.2297777092292774
30334,3.77030655947578
30335,4.997448460725057
30336,1.8818622363640314
30337,4.236809277961763
30338,3.1594539447795857
30339,4.028028481470102
30340,2.6563728286870925
30341,4.304900784355828
30342,3.8929903494089544
30343,3.513382120849441
30344,2.1683676325223638
30345,2.201046915320541
30346,2.79584808478476
30347,1.464866609028007
30348,4.145487659235146
30349,2.1338024074419586
30350,4.900189737598364
30351,1.6453009469166102
30352,1.10936205164385
30353,4.8253517999671995
30354,3.7625406481892516
30355,3.451334006704742
30356,1.654713451526379
30357,3.7333212259206885
30358,3.1021959893480675
30359,1.208508859099802
30360,4.335401868902221
30361,4.285982116139531
30362,2.40561954979572
30363,3.93654682167278
30364,2.02741036450705
30365,1.0317161647565305
30366,3.946922321220915
30367,2.103300448725607
30368,3.34099932378761
30369,1.0370701732533782
30370,1.3728296026950533
30371,2.3080867981188944
30372,2.2995241267936226
30373,2.747419741144045
30374,4.176071023389881
30375,1.700227138246404
30376,4.164303495432845
30377,2.966871964292319
30378,3.1636147680365663
30379,1.6469564734093263
30380,1.8518163303651427
30381,4.873059059027331
30382,4.676635173118003
30383,2.8341214771167835
30384,4.840159659045602
30385,1.790976000071939
30386,2.942201886217951
30387,1.0380299026134923
30388,4.679488233138175
30389,4.757968007993135
30390,2.9363376793199643
30391,4.462876845314176
30392,3.9906168455571027
30393,2.2017395105727195
30394,1.327231955229137
30395,1.8285148919654777
30396,1.121870577270919
30397,4.425440806386854
30398,4.79869140082141
30399,2.2914021904962034
30400,4.440115167934346
30401,1.6142932322777885
30402,2.3174002879690057
30403,3.510082983289294
30404,2.640211418753671
30405,3.275070474937078
30406,3.7831124319855807
30407,4.400450586038981
30408,2.4020487908984403
30409,4.823867704058218
30410,1.6720383424228937
30411,3.8528284528724783
30412,4.102119747523753
30413,1.2060523578143036
30414,4.76540258224353
30415,4.503661134839223
30416,4.265867320085324
30417,4.238934650411599
30418,4.9332278735322115
30419,2.1227338721534617
30420,3.9003201797139626
30421,3.9408415866212443
30422,4.987974091827473
30423,3.6921200722228207
30424,1.448305874883344
30425,3.8817902427234836
30426,1.669819983516864
30427,1.084664351744931
30428,1.6601108041985353
30429,2.827789652007139
30430,2.9330697906391316
30431,3.154043450276086
30432,3.3831781812700377
30433,2.634426230423455
30434,4.670868127004363
30435,3.0011717376196585
30436,3.1326448157351043
30437,2.7984058623377814
30438,1.1423938090439645
30439,4.878236231927807
30440,3.242736302211754
30441,3.6283977621528845
30442,2.612690750405463
30443,1.8631932535846638
30444,4.242558569954646
30445,4.288504109293028
30446,3.714566019564725
30447,4.2477458652063556
30448,1.7165859108294215
30449,1.6448304505971327
30450,1.361919663311535
30451,3.120094994338636
30452,2.166926140349825
30453,1.209207388186878
30454,4.3696176266958355
30455,4.516021578135902
30456,2.829680055248904
30457,3.505083235495661
30458,1.7345048841544397
30459,3.4249183102581533
30460,2.1819082825052885
30461,1.0798560816617373
30462,3.771901694584833
30463,1.2892169207410897
30464,3.4284106205493816
30465,1.0695230953189738
30466,4.9534950398783835
30467,3.1517777026174785
30468,4.011729960917184
30469,4.537774384642617
30470,3.2022327351896918
30471,1.9561204902106826
30472,4.998906045531187
30473,2.425438525559229
30474,1.8043189668544084
30475,2.7351973000783123
30476,1.1446963931888612
30477,3.6213903785161263
30478,2.729189360582673
30479,2.193647043968048
30480,2.5724225080428385
30481,2.7033869396800996
30482,3.3591722022346744
30483,4.11899843895076
30484,1.7439945463242843
30485,3.018500413102008
30486,3.0590453604402095
30487,4.302847402998674
30488,3.358855699955702
30489,2.834055649458302
30490,2.3512224824367403
30491,1.7574870796136146
30492,4.589984556874617
30493,3.8274035260215404
30494,4.949030525966194
30495,1.3633532932397348
30496,3.805239820172585
30497,2.3906557577082284
30498,3.932937791575102
30499,4.982468548592711
30500,4.315542287800083
30501,3.221564296724682
30502,1.5769958141835638
30503,1.4146770747406734
30504,4.735915794933071
30505,3.746314392857506
30506,2.315698357627449
30507,3.890326700757722
30508,3.1293609060229883
30509,4.6673826078856635
30510,3.16862395817234
30511,2.759892348239854
30512,1.0670934611422216
30513,2.885305787451688
30514,4.893625099720886
30515,2.244703992534238
30516,3.823258844973999
30517,3.7415631272793837
30518,3.2591190930642746
30519,2.734098208421151
30520,2.250172749088091
30521,4.551577964260166
30522,3.8929877078027477
30523,2.66588507142493
30524,1.0312217961853842
30525,2.7160707169459353
30526,4.507523462443995
30527,2.6606478077447866
30528,1.7081374781224086
30529,3.618805248640556
30530,3.9559267815694468
30531,1.1963307817871476
30532,2.8689204185897648
30533,4.008671706520243
30534,4.437855254548875
30535,1.654217546010094
30536,4.4196886490538905
30537,2.4387834277278846
30538,1.076879800973321
30539,1.0384148758434466
30540,4.76141448703229
30541,2.647810216906479
30542,2.672531453421112
30543,4.366515076015549
30544,4.2793643778989825
30545,1.2574845831655046
30546,3.6768420825861896
30547,4.271930486592763
30548,4.864571119098667
30549,4.37202273508486
30550,2.6510504212517563
30551,1.277631623790656
30552,2.5640286086253283
30553,3.8632602967755183
30554,4.005761489642843
30555,2.3210107203157366
30556,3.801116074408578
30557,1.39625132790668
30558,4.930196456764524
30559,4.754247178361564
30560,3.944000032885502
30561,4.413857015202407
30562,2.382588556934874
30563,2.3920033742154962
30564,1.0831318049240912
30565,4.3249652753555115
30566,2.251963677857583
30567,1.860388597280823
30568,2.8808939034749077
30569,3.378339065753758
30570,3.866490310739754
30571,3.1297278256615737
30572,3.319458663043305
30573,2.554216826569671
30574,3.3623224737680455
30575,2.8303021087830897
30576,4.066930315733114
30577,2.8524752598567233
30578,1.5174364151401978
30579,4.489016015060164
30580,2.646146034704273
30581,1.2161530711860413
30582,1.8290337288977683
30583,2.6450535085092253
30584,4.343162069363478
30585,2.7802069692837708
30586,2.9984031460470084
30587,3.780673507265283
30588,4.643552167454975
30589,1.8271920057993358
30590,3.6151398894865947
30591,1.895842885685211
30592,1.4983501693544583
30593,1.1636108621645547
30594,2.9458395528130232
30595,3.6209617511429295
30596,3.516400775727738
30597,2.9680786694022605
30598,3.2156557267359447
30599,3.6002741545034334
30600,4.292550136005206
30601,3.423389991344448
30602,4.915066613901164
30603,1.3889427030035217
30604,4.936727170098471
30605,1.3842686742188075
30606,4.671131187348237
30607,1.8336434079448534
30608,2.4026919817821435
30609,2.9673533212350924
30610,1.254965268323362
30611,3.0142505785827343
30612,3.5470427125906268
30613,3.7022212251768734
30614,4.608472733715344
30615,4.120077639912214
30616,3.838850858036469
30617,4.3814386411423065
30618,1.7164575126272452
30619,1.016839995177318
30620,1.9226436870415813
30621,2.3966959015379716
30622,3.4330358772227747
30623,3.1371881241610944
30624,3.826587185764134
30625,2.7256046701470797
30626,2.518993260810991
30627,2.5068349757149098
30628,1.920086882861812
30629,3.159461748742265
30630,1.675186635938612
30631,2.804064737780035
30632,1.9678618994108779
30633,3.8496422323515667
30634,3.993019802439624
30635,3.2896668008568444
30636,1.409785408202993
30637,1.6145296455102809
30638,2.8061568559825263
30639,2.44511917644981
30640,2.4783354992978115
30641,3.4479178629695535
30642,4.269517061086385
30643,3.6284227949862236
30644,4.237571718843926
30645,3.360750367935639
30646,2.0068627524741736
30647,1.0510296032421587
30648,3.91703275161726
30649,2.886327935033443
30650,3.8337210986678865
30651,1.4172446933955944
30652,4.500728489979629
30653,4.6832360202983505
30654,4.842099887417002
30655,4.719013906854713
30656,3.470350332125024
30657,4.259184727740502
30658,4.860374782033773
30659,3.454632723878314
30660,3.883007914244836
30661,4.55623248894452
30662,4.832781338912188
30663,2.5293018630316983
30664,4.723999422952982
30665,1.9927919572102817
30666,4.219859413951804
30667,2.7476908362197534
30668,2.853943040207108
30669,1.636545952219571
30670,3.3994228675568654
30671,3.3081806759316197
30672,3.1153726677482223
30673,2.7752958410878263
30674,3.3978167044351246
30675,1.3998073977840035
30676,2.466139783147536
30677,2.549515763023419
30678,4.391072538829764
30679,2.5473353747203396
30680,2.2855939586282368
30681,1.4987566833578025
30682,4.131542453627803
30683,2.885003029718735
30684,2.6041881927294677
30685,1.7599431850074962
30686,1.1964680294935661
30687,4.24540932124739
30688,2.8970268133588672
30689,1.8997675962951996
30690,1.3566760218036844
30691,3.3497190610055156
30692,2.906580005775809
30693,1.6820212056887858
30694,3.474167084904878
30695,3.6721391843536013
30696,2.597249572516392
30697,2.6974441650111034
30698,1.3588452789959997
30699,3.9980505213988855
30700,1.6322424795180677
30701,2.6512993520762915
30702,2.2358146407716606
30703,1.9499333934093492
30704,4.5431995989312846
30705,4.241887448319057
30706,1.834869137673747
30707,2.356323156225655
30708,4.987535581289745
30709,4.730134583551308
30710,2.5763794981980523
30711,4.919901642864281
30712,4.682550506468672
30713,3.4142427805276037
30714,4.113870303132629
30715,2.3312606571747185
30716,1.480282458388003
30717,2.7278549307734457
30718,1.8179663843463998
30719,3.5191641757959524
30720,2.889714996078939
30721,3.226491800625052
30722,2.1508444169998167
30723,3.9761092431306677
30724,1.006071747446616
30725,4.27938032968221
30726,1.9563325100247213
30727,4.3511282944319865
30728,4.210149565274733
30729,2.2513907302294403
30730,4.628684450261739
30731,4.766488023906476
30732,1.373209060976857
30733,4.95412635381372
30734,4.349789346149701
30735,1.3729321116329172
30736,2.974865153300915
30737,4.107004790101782
30738,2.8651976536819665
30739,2.0157278541453962
30740,2.678382738580834
30741,3.680730645922662
30742,4.812858612080895
30743,4.582522020548268
30744,1.9005568461386129
30745,2.0925044993850523
30746,3.33657479437139
30747,1.626976790464016
30748,4.74614423801725
30749,3.113322783912714
30750,2.2572443806797997
30751,1.4798917646001684
30752,2.570215258775436
30753,3.2773382910859308
30754,4.692919820752097
30755,2.548539853116755
30756,4.731770238107349
30757,3.4461966617534756
30758,3.758033191347266
30759,1.7835296894902162
30760,1.344074203712187
30761,2.56355817443088
30762,4.5037389413401385
30763,4.717497139125267
30764,1.7433165139072488
30765,4.7836302523737055
30766,2.8678013677162797
30767,1.3436766420429311
30768,1.5455667041907244
30769,1.4004445691624947
30770,2.086976475416989
30771,2.879903345953842
30772,1.1245217009342148
30773,2.9017710328799406
30774,4.044564752586081
30775,4.164892360845322
30776,3.0880289892231794
30777,1.4561805550010578
30778,2.1586175792392353
30779,1.5270577173555884
30780,1.0150110907524517
30781,1.7699534751509778
30782,4.016227126843473
30783,2.0015390630353216
30784,2.5447740013916786
30785,2.660166434933662
30786,1.5743090406615328
30787,3.7101289099427675
30788,1.4544371072375943
30789,2.9743867179327497
30790,1.9730096513388276
30791,3.3747312337412216
30792,3.404211241289313
30793,4.014968570066168
30794,2.026604157825736
30795,3.9545366701201745
30796,4.485793046442316
30797,3.429257590844908
30798,4.3681918848646895
30799,4.628825065600432
30800,4.919204772700758
30801,3.8984785441026184
30802,4.494278862499469
30803,3.872250015533161
30804,4.128188662095006
30805,1.4049421142267131
30806,1.284291280048897
30807,2.3194339537839403
30808,3.745152056374782
30809,1.7906945547788982
30810,2.61212915316805
30811,4.926037688309572
30812,1.945204841184721
30813,4.853134808959887
30814,2.3435042184742936
30815,2.166361311274795
30816,3.313069755090974
30817,1.9304293234272638
30818,2.5319641404728035
30819,3.021762022821734
30820,3.2776695659612596
30821,4.426097353636523
30822,3.6773001831930596
30823,2.5197386460515863
30824,1.3767042563437903
30825,4.21051459261556
30826,1.6010449684359096
30827,2.0973061509547573
30828,2.3238884434323466
30829,4.0342488996032415
30830,2.2788430441204515
30831,4.059951754790955
30832,2.157932349116346
30833,1.0425821348920818
30834,1.9764700660196501
30835,4.222490020884095
30836,4.803045010727403
30837,2.780729209412336
30838,4.157549625942197
30839,4.393080774087031
30840,1.4052047365269997
30841,2.843892257075722
30842,4.7163254783262705
30843,2.3790490347307633
30844,4.480106194290368
30845,1.4353851805919877
30846,4.744619250992519
30847,1.2439006003302446
30848,4.946073875985653
30849,4.392880131544976
30850,3.1603815412224026
30851,1.7389796460175657
30852,1.5285616488390317
30853,1.505549226773542
30854,1.876087494702234
30855,4.133428508200627
30856,3.7706354551615426
30857,1.2391947980241036
30858,3.83079001582724
30859,1.599521239193718
30860,1.6560847146232223
30861,4.097204376235137
30862,2.057858376123518
30863,2.136083622425497
30864,1.140412926392211
30865,1.36266160812422
30866,2.5309561553292355
30867,4.69513058500319
30868,1.0157332215992132
30869,4.497206982188394
30870,1.0450243710271248
30871,2.1429545328582633
30872,2.29967553929713
30873,4.996930035376712
30874,3.2550352815199255
30875,2.078730902597317
30876,1.8449162182027372
30877,3.9073501191362343
30878,1.4669801433492649
30879,2.9069378997282587
30880,3.2785024503046998
30881,2.9737646031768863
30882,3.052129108079251
30883,3.1286780439386788
30884,1.4484505199869182
30885,1.007399471857775
30886,4.450362486200052
30887,4.857599815382423
30888,1.4817186572818617
30889,3.663962546029503
30890,4.0670411651814895
30891,2.5743775768601487
30892,3.485425688922013
30893,4.370986968418677
30894,1.3067936114658685
30895,1.2209386537273303
30896,1.8966301449384835
30897,4.385850853681486
30898,3.7893777907318063
30899,1.0585286922640234
30900,2.4957772888830854
30901,4.416401801631086
30902,4.82949801567781
30903,4.406147603618665
30904,4.370580426131869
30905,4.016102508542302
30906,4.4758552161768925
30907,3.456097652352228
30908,3.2376770031970024
30909,4.407926687490741
30910,4.537867523115466
30911,3.4631162629378767
30912,1.270928287912609
30913,3.324403242641669
30914,4.994655726040474
30915,3.6741342899013434
30916,3.871273605396196
30917,4.995823150328704
30918,3.4953698186238076
30919,3.595727150834743
30920,4.067243795099046
30921,2.809442016678871
30922,4.249817242390463
30923,4.21009578399504
30924,2.2339704726015244
30925,2.322647333365371
30926,3.829095026500586
30927,3.692916826784684
30928,1.9966858668531797
30929,2.0597063160459332
30930,4.5681647383557955
30931,2.510381795293275
30932,3.216916602974165
30933,1.2141063815505806
30934,4.770703949376157
30935,3.197567346757873
30936,1.8065708966946823
30937,4.682288034862074
30938,3.0529839168181723
30939,4.487499698166161
30940,3.773334110275762
30941,4.653064379298621
30942,1.3603564635703798
30943,1.6143090058132645
30944,1.437149495557137
30945,3.315423838136446
30946,3.413965011622434
30947,4.659519360110269
30948,2.7165856708683376
30949,3.9280850066942383
30950,1.099842710531639
30951,3.644641338591174
30952,1.8126933516974901
30953,3.815546844574965
30954,3.2582895728176404
30955,2.9505280341192504
30956,1.9538959468379482
30957,2.1031515575242246
30958,3.0168133545027254
30959,2.325847760543211
30960,1.928532593149351
30961,3.7816277079391596
30962,1.0548266920626652
30963,4.3575385735780525
30964,4.554432482584533
30965,3.5747881808679525
30966,4.317608705037545
30967,2.069789021554074
30968,4.1148452031156015
30969,2.3965857424768493
30970,4.9094871023307
30971,2.7135690452234096
30972,4.540102150251483
30973,3.6766168865157947
30974,2.50181943485721
30975,4.559524217145159
30976,2.5608638007013145
30977,2.2225457832060256
30978,2.6010933099736624
30979,1.5387940655303365
30980,1.7628187630233225
30981,1.8522830466225302
30982,1.0828820881336916
30983,3.3371557236326983
30984,2.6068582351977954
30985,1.1841939196192266
30986,3.9353468512844403
30987,2.3888891381815505
30988,2.3048345375720496
30989,3.8742802222094044
30990,4.808946371790291
30991,2.712097159287586
30992,2.716794110754034
30993,4.212646280330133
30994,1.779676469970135
30995,2.0176563881910394
30996,1.3688266324708085
30997,4.102628372592801
30998,1.400951827023865
30999,4.677164548098456
31000,3.472202638241391
31001,1.259206879480955
31002,2.5301972840032763
31003,1.1550793454216097
31004,2.6218597324214343
31005,2.3365526446151192
31006,1.9288871700909085
31007,3.429336682437232
31008,4.012195916666883
31009,2.868781848397832
31010,1.1030400620057939
31011,2.9018650975366986
31012,3.2099504572119373
31013,3.2843504145320015
31014,2.9768942781515877
31015,3.5115516701371368
31016,2.381442775452884
31017,2.404653324919506
31018,3.699967488114606
31019,2.8728147447932915
31020,3.655411466334601
31021,3.66773772364544
31022,1.2429778753317673
31023,1.501403935712693
31024,4.287790882646988
31025,3.181114156738878
31026,4.4969324610777415
31027,2.6646593040733872
31028,4.42659204071361
31029,1.5455634409220673
31030,3.902372580642375
31031,2.282148590844594
31032,3.920670767883716
31033,4.320897916427025
31034,2.013463568280714
31035,4.966058155604843
31036,2.7114773750500003
31037,1.404264191549517
31038,2.239887433198739
31039,2.5234850711407613
31040,3.481550754623691
31041,3.3375115240931637
31042,3.4241632709054164
31043,3.506855259453813
31044,2.6758570754450206
31045,4.868502277721296
31046,2.677861680078219
31047,2.5474871015050495
31048,3.778056614672238
31049,1.390463943777681
31050,1.7580929581504008
31051,1.3145551834505413
31052,1.4373376244523226
31053,3.0714543593122547
31054,4.78713307592291
31055,2.795255247122912
31056,4.23973840502285
31057,4.354587049064482
31058,4.12314987891917
31059,1.3609915415004878
31060,1.388571355255904
31061,4.917343903244159
31062,3.370272080286792
31063,3.1681800561997826
31064,4.5835107676365565
31065,2.528070499331872
31066,1.1720809800045187
31067,1.919468656734002
31068,3.589039433466682
31069,2.4717964151652625
31070,2.827101485329324
31071,3.5139683464324274
31072,4.797685966337393
31073,4.59199479680008
31074,3.7693210060323143
31075,1.260597551619702
31076,1.5742384991969978
31077,2.514738114673234
31078,2.0716092952535834
31079,1.1958373821049406
31080,1.7468244233986043
31081,2.637588977668626
31082,4.444525238188492
31083,4.362727241608862
31084,4.853594980053323
31085,3.887117900057708
31086,1.6103552378529855
31087,4.856385148532292
31088,1.7350400889536934
31089,4.191806966121296
31090,1.9178766280365829
31091,1.429869003502605
31092,4.236922480913963
31093,4.057605326056619
31094,2.3696482561228285
31095,4.320126104612408
31096,4.917800102750733
31097,4.582166284425288
31098,4.559459992621628
31099,4.668092205240626
31100,4.36162133940315
31101,1.7627307489041422
31102,2.561721177243312
31103,1.4657096954254243
31104,4.329481117762466
31105,1.941862837407526
31106,4.459660612287262
31107,3.5278421582929407
31108,2.862979399430132
31109,2.415911597682347
31110,4.698930008312647
31111,1.6670557841152016
31112,4.245081712413468
31113,3.5616999991839746
31114,3.23239876316743
31115,2.1637699846526557
31116,4.6968046688870615
31117,1.1284192691311294
31118,4.524132642343214
31119,1.6997129950350938
31120,3.0465279539862187
31121,1.180048812261107
31122,2.565802649055626
31123,1.7870197368523524
31124,1.3362153143098934
31125,3.8149671517962744
31126,3.607073705323403
31127,3.4872777172164766
31128,4.140153736792145
31129,3.841857491325211
31130,1.6442546791873949
31131,4.732947894248941
31132,2.931725048162862
31133,4.032379748633785
31134,4.776232161155969
31135,1.0789854245222092
31136,2.9369678030912554
31137,3.812128979823191
31138,2.2936206615358103
31139,4.296112345202196
31140,1.3114544935847312
31141,3.1167605598934793
31142,3.0349775752284094
31143,1.9508908003776764
31144,3.6696735356488426
31145,4.447610194214576
31146,2.4352722419268047
31147,4.44801074362723
31148,3.1346548442284714
31149,2.5900037466936077
31150,2.4313590850054956
31151,3.5488206552737602
31152,1.6311365623492198
31153,4.892376222789695
31154,2.4811095355323505
31155,2.2384204012213433
31156,3.9559856264011
31157,4.894703258973624
31158,3.994365977497971
31159,4.138516293024233
31160,2.4604844594755657
31161,3.8360215904030808
31162,2.650784290310508
31163,4.276884063506678
31164,1.4253371154999366
31165,3.000615897488133
31166,2.907111889731316
31167,4.644938790349196
31168,4.428906204981297
31169,4.886390493724971
31170,2.6032339960202227
31171,2.1205659587152574
31172,4.907812655669542
31173,4.816024939977927
31174,4.651170100173681
31175,2.2621251903516586
31176,3.593308145683767
31177,3.1192306063953463
31178,1.1013979041896156
31179,2.2841042339226276
31180,4.808288105792306
31181,2.5865472838704173
31182,4.1635319994487165
31183,4.811898329590427
31184,2.915278801173798
31185,4.730362830327782
31186,1.803839222386301
31187,1.7149048758519334
31188,2.3350539353211626
31189,2.8772309192961694
31190,3.9444719633381964
31191,2.6151900328777002
31192,3.102867447313286
31193,4.678405794942472
31194,3.5070493721919784
31195,3.0967801864463205
31196,2.0430320931254653
31197,1.988051334242705
31198,2.5035370990694306
31199,1.1613562291946078
31200,1.233878548838859
31201,3.8035599005921643
31202,2.9688034034090913
31203,4.245681016173405
31204,3.154221762753213
31205,1.7088890265060601
31206,4.462919839492125
31207,4.067038811187082
31208,1.8994365348239568
31209,3.4277913738698014
31210,3.3000015219263164
31211,2.583788435141548
31212,3.6369361257071717
31213,4.9251904417970165
31214,1.1160101663851498
31215,4.670204588518183
31216,1.073057652621817
31217,2.0839886353331214
31218,1.4495330912159865
31219,4.142113692894187
31220,2.4151217423800806
31221,2.155675173073382
31222,2.364900384859962
31223,3.658066252814375
31224,4.515429848566852
31225,1.1573382337657026
31226,2.9614349786242675
31227,2.646501883877869
31228,3.5831697728524468
31229,1.2254781830603823
31230,3.3575656386314177
31231,4.26531946994258
31232,1.6129316311495434
31233,4.022601875349814
31234,1.537558006983224
31235,1.2819138397845609
31236,1.822757683340368
31237,2.2200990377141885
31238,4.476529016597789
31239,3.5453590768848406
31240,4.640145441961621
31241,3.2472605859049137
31242,1.1849952060945181
31243,3.8663880402164397
31244,3.698288348917935
31245,4.818668622078382
31246,3.49521707222947
31247,3.788021882964696
31248,2.455555098663274
31249,4.8698111793729115
31250,1.4548971028332498
31251,2.8745494486572833
31252,3.3711248409059307
31253,3.6282507322450868
31254,2.153472849669181
31255,2.9770845327970896
31256,2.5992325982662967
31257,2.5304922742164826
31258,4.565585502586077
31259,4.645120281875164
31260,3.9832663182806334
31261,3.197502613482845
31262,4.5097453074470994
31263,2.622739311741523
31264,2.077919949306573
31265,3.1000875548934195
31266,3.2106858851673876
31267,3.5050568720335553
31268,2.9496181600666707
31269,3.404262982917125
31270,3.2372427968968167
31271,2.8061590911749574
31272,4.611935535415846
31273,2.947514753287418
31274,2.1008473387517923
31275,1.2279966337068395
31276,4.633689186877959
31277,3.1396426449623043
31278,1.5524682476226546
31279,4.86939514054267
31280,2.4657104129881082
31281,4.731020034891284
31282,1.3317770386975871
31283,1.8044888593342976
31284,3.7322712228476393
31285,1.9727920078438403
31286,4.5867620378950775
31287,2.075059918349181
31288,2.2474778410211256
31289,4.3562347882911165
31290,1.7935779803277598
31291,1.962875310518445
31292,4.25935586357777
31293,2.357611645034283
31294,3.0306332374164247
31295,3.9075752429034933
31296,3.746647178842555
31297,2.861446088874671
31298,3.26288517086647
31299,2.1036649783818238
31300,2.691155534200208
31301,1.3655199035059025
31302,4.380911973622535
31303,1.0303936374719367
31304,2.877643636636225
31305,1.8819522775132151
31306,3.341371936325286
31307,3.254298610380716
31308,2.352811890587906
31309,2.504774682408464
31310,2.8243459882156903
31311,2.338061345323875
31312,1.8838681797380268
31313,2.8545988475093687
31314,2.2248011387276114
31315,2.34660896268833
31316,4.8713638960687895
31317,4.894934176586202
31318,1.4461218844429653
31319,2.5439275528139524
31320,1.723668657277548
31321,3.1139872447038166
31322,3.523166004857163
31323,4.313952227201463
31324,2.5151849463115874
31325,1.7363027780985418
31326,2.328291369362415
31327,2.964566840812838
31328,2.143604535978031
31329,2.325577586581901
31330,1.238017490902759
31331,3.267069040666458
31332,2.867076993804806
31333,4.892213745208011
31334,4.549749736921181
31335,3.2659274634361086
31336,3.9627929449598085
31337,3.2702400217993866
31338,1.6314756232309118
31339,3.9542945954806985
31340,1.9873711886224958
31341,4.4854088737821645
31342,1.0539801752642237
31343,1.5299430261434832
31344,2.259453330370048
31345,3.093960054368144
31346,3.4297913388200096
31347,1.8865887660154677
31348,3.9552630309792236
31349,1.2134646598247119
31350,3.2270499870386096
31351,4.194634561734475
31352,2.7292804538219726
31353,1.0682089360025455
31354,4.165780396349074
31355,1.804627439409019
31356,1.5623994579142715
31357,4.098285248666787
31358,4.8351760405846615
31359,1.6507239125545663
31360,4.552939916736492
31361,4.335317134374463
31362,3.9845240238880897
31363,3.250463875004812
31364,1.6299765105500015
31365,1.798669295933835
31366,1.4990769913491464
31367,2.2116247592762623
31368,4.59466499655206
31369,4.7598635573981944
31370,1.9949052592452223
31371,2.577338615061086
31372,1.4825685563576618
31373,1.4398356606366947
31374,3.3608910287148563
31375,4.00424306421566
31376,2.0994831962697997
31377,1.9159914436466803
31378,3.206236177438279
31379,4.314564992322994
31380,3.5792043933546225
31381,4.053991875469606
31382,3.364077692659539
31383,4.08262494569995
31384,4.476197674185633
31385,1.394585219348806
31386,4.926510363187395
31387,4.56554715975635
31388,3.9092792998939996
31389,2.052001176442835
31390,2.266480343798064
31391,1.7438182573467844
31392,3.3357561582347777
31393,3.7047521387290265
31394,3.040380831893828
31395,3.747098140258312
31396,2.4311573675377733
31397,4.8742734168277115
31398,3.1027960447596388
31399,4.698285543808936
31400,1.0014441388842545
31401,4.9025421956257365
31402,3.629730901966205
31403,3.2995640346083714
31404,1.1647168410896214
31405,4.069558953119989
31406,1.2701030166544691
31407,1.7355252508421004
31408,4.112107568680289
31409,4.729171278323367
31410,2.404161275811416
31411,3.943274234832937
31412,3.732778097322276
31413,2.2127774726743574
31414,2.4702595324426926
31415,3.0271914229699814
31416,1.2333168867527222
31417,2.0245318436149478
31418,4.569904542539039
31419,4.9886093265908595
31420,2.193595238050919
31421,1.0337647124080318
31422,2.6429574397535553
31423,2.1634571472441966
31424,3.826799430586487
31425,4.413512810887935
31426,3.0882519498890693
31427,1.8729152447303683
31428,1.7631572577335386
31429,3.9168444926489463
31430,2.0385690174322564
31431,4.8019086086214084
31432,1.0460835009137104
31433,4.643694123082223
31434,3.555479937032848
31435,2.956611528862182
31436,4.165585467921985
31437,2.4810968933030306
31438,3.383405106455199
31439,3.128031097408458
31440,1.23669155300656
31441,2.1767649991094857
31442,4.2617191834056785
31443,4.153216781700021
31444,4.216742817470857
31445,2.770599385365199
31446,1.095720312733281
31447,3.4057768490186744
31448,2.216870030613466
31449,1.5195428765136638
31450,4.266886749454841
31451,2.6328071075088038
31452,4.431136378278117
31453,3.9244950814362314
31454,4.1075398121469835
31455,3.077009840652988
31456,4.220676619706897
31457,1.6205383762031595
31458,2.9458507885838956
31459,3.3959849191328497
31460,4.698601500959756
31461,1.3391369666113375
31462,2.8938145124885106
31463,3.6980150225263357
31464,3.8138415123043163
31465,4.051859332112558
31466,3.9885680325769135
31467,4.269839918754728
31468,1.366508248704279
31469,1.8358522931704373
31470,2.36902222867563
31471,3.126466477899726
31472,2.077146762555797
31473,2.4443077600450978
31474,2.7054977311624007
31475,2.078048327978304
31476,3.857550453843015
31477,2.9693981682019492
31478,1.2807822840182221
31479,3.6009988848302052
31480,4.936192756891335
31481,1.871764215990595
31482,4.706973076685564
31483,3.5990259397068085
31484,3.070440604141617
31485,2.7400073207426776
31486,2.847374111226258
31487,1.372806568466785
31488,2.790254677077426
31489,3.202580157333807
31490,1.9206691276096457
31491,4.083939709667129
31492,2.4338258432234787
31493,3.4560804187097625
31494,4.416494166664219
31495,3.8355494874647564
31496,4.808444466392063
31497,3.7327937645612277
31498,1.4243145872355414
31499,3.3706836510967526
31500,3.547890704897642
31501,2.2658962981512802
31502,3.3807622356671034
31503,1.2337041627235705
31504,2.7121291289961067
31505,1.9572557635207573
31506,1.9614027875592877
31507,4.821758046158348
31508,1.9547533300724727
31509,3.2054748397689212
31510,1.832427157666197
31511,1.4050915518404667
31512,1.7611333918076642
31513,1.0691069610026007
31514,1.8194232467204636
31515,1.7317744308716376
31516,4.520514455370412
31517,2.375618623922745
31518,1.3932203247688544
31519,1.1726455433537133
31520,4.288174502233895
31521,3.9694004337631847
31522,1.8095436361187316
31523,3.003802179097846
31524,1.4893925903316458
31525,4.397382156177934
31526,3.3331963948785286
31527,2.891234109113602
31528,1.6927357434278458
31529,3.029547862813922
31530,1.7045244579463605
31531,2.088522862387336
31532,3.9541106142363063
31533,4.28297883940566
31534,3.5446717759828075
31535,1.656639478288235
31536,4.5462866999823675
31537,2.6962396104830555
31538,1.3921011881115577
31539,2.1891620317112404
31540,4.074641685346686
31541,3.255704649580438
31542,3.660943701773019
31543,4.034360862408484
31544,2.7576893786540384
31545,1.5499796870617155
31546,1.3363159117700065
31547,1.7573962769584224
31548,2.2359215258858383
31549,4.109686779827452
31550,4.582758728185953
31551,1.7520821802883266
31552,4.438119750881516
31553,4.972414324078191
31554,1.5022886046638573
31555,2.190524666418349
31556,4.231318565349681
31557,4.3210153865826815
31558,4.5907568332471715
31559,4.099653853219509
31560,3.4826045494131197
31561,2.1388440454121525
31562,2.424416607398188
31563,2.4896826274684147
31564,4.119242442584353
31565,1.006250862211779
31566,4.584542237150436
31567,4.084973631443971
31568,4.025710208574593
31569,4.480944640407333
31570,4.229767965702205
31571,2.385992652412875
31572,4.555927191650834
31573,3.4868945302489243
31574,3.4828332654516077
31575,3.1901573700291617
31576,3.3537715447300958
31577,4.053740886127587
31578,3.1097706675943817
31579,2.658671021411274
31580,2.854902538395372
31581,3.2090547618665237
31582,1.3235140047702574
31583,1.301627382394777
31584,3.8410449443958252
31585,2.4502602129483484
31586,4.624982025826835
31587,1.2988131133441838
31588,2.113159261172109
31589,4.697739119002543
31590,3.2150567345196626
31591,2.7186454103477016
31592,2.3899239011640048
31593,2.5416748552206108
31594,4.5291868467553655
31595,3.681122240354045
31596,3.6407579945495816
31597,4.665937749499112
31598,2.2680478818960754
31599,4.261503673120247
31600,2.2245376960247025
31601,2.0017297914162904
31602,4.314847981205476
31603,3.2001875172997747
31604,2.305093663975146
31605,2.345317842278511
31606,1.4094685653932588
31607,2.6646888797035313
31608,1.716894936236006
31609,3.2375416569532502
31610,4.399261678466525
31611,4.531365458607983
31612,1.1006809999948466
31613,3.1974775639241577
31614,1.7943393682986661
31615,1.471391664864956
31616,3.223952858459194
31617,2.4701383101860785
31618,3.7917071353372647
31619,4.943890919435699
31620,2.7741685985678193
31621,4.213372167248881
31622,4.885562627380181
31623,1.8636709391263246
31624,1.1181830079994772
31625,1.2568899080468068
31626,1.867498623486545
31627,3.029626963347955
31628,3.237524126780997
31629,3.1408365032981735
31630,3.0189151573613686
31631,2.0962537797532894
31632,1.8033562165691008
31633,1.5076975830061237
31634,4.225196917280302
31635,3.524785654485616
31636,3.581280210883175
31637,1.4569552547700315
31638,3.4093313230020312
31639,4.675941836878556
31640,1.3133599217266023
31641,1.5057550449797295
31642,4.3873325035876665
31643,2.1977563374530544
31644,1.3773822321518088
31645,1.095054429452929
31646,2.3592175127778328
31647,4.777519608474142
31648,3.13749775261904
31649,2.123451494981089
31650,1.1091549969550112
31651,4.993533044369864
31652,4.583072405354708
31653,1.2812912966736554
31654,2.02915974546725
31655,3.6670469369110297
31656,4.313709664248464
31657,1.441461242918829
31658,1.4300519789745811
31659,4.095929313566959
31660,4.361217674335117
31661,2.559362632085004
31662,1.8868347873277855
31663,4.734523051024924
31664,4.912347636616632
31665,4.634731318192736
31666,2.7898086141316907
31667,1.5222396845094406
31668,3.0352278294701094
31669,1.8735210715291086
31670,3.2695845018578367
31671,4.8719546481769616
31672,4.532553225209842
31673,2.546479756255642
31674,1.8003393818851023
31675,2.673447722708772
31676,3.9468392934682437
31677,1.3875419954855248
31678,2.0119607993386435
31679,1.9043247939197228
31680,1.6549841397228024
31681,3.897892405312118
31682,3.7258973299827964
31683,4.378289666229422
31684,3.5727396523960233
31685,2.8251479830520285
31686,4.431602247017718
31687,2.419544197387431
31688,4.268692538628691
31689,3.9082201875824607
31690,2.2004553216292546
31691,1.668676817227221
31692,2.0956142102552207
31693,3.6483580097975215
31694,4.284443222320647
31695,2.390840686596212
31696,4.480797341826014
31697,2.215652480102767
31698,1.0108637492516768
31699,2.9896511430982553
31700,4.237697620823894
31701,2.9429172036267093
31702,3.022390048472423
31703,3.1691026717212667
31704,3.0658841445137455
31705,2.55921816291722
31706,2.814125381190832
31707,3.586952310896715
31708,3.9310438133601004
31709,3.0746473901202616
31710,1.1136061193850693
31711,1.988984685539688
31712,4.85551608315763
31713,3.0473765206898444
31714,4.212096853252662
31715,3.351503141467566
31716,1.5391668975282418
31717,2.082068915848294
31718,3.550915977749477
31719,3.1652487951883703
31720,1.7721635925363906
31721,2.259382209614501
31722,2.4567554337200574
31723,1.0261554975494716
31724,3.89606132160693
31725,4.086329981161099
31726,1.6339603084648044
31727,3.765435501574622
31728,2.395869968430219
31729,1.6081479983852094
31730,4.8625553815324345
31731,4.1378697677626795
31732,3.747210318840646
31733,4.259839688150347
31734,3.873783961743946
31735,1.7010852606889584
31736,2.8694276398929928
31737,3.05790001959258
31738,1.7869238065401576
31739,4.588076114644679
31740,3.8828021783360978
31741,3.0119517690432955
31742,4.433175543245239
31743,3.7241684081384188
31744,3.413786182080211
31745,1.7205057870442895
31746,3.140779031693017
31747,3.7196357996280875
31748,3.96652498273229
31749,2.396062331954293
31750,2.5561848694453504
31751,4.033359867105592
31752,4.599201329415403
31753,2.1441633895871526
31754,4.362200354966074
31755,1.9967268743662827
31756,2.6588403070143376
31757,1.8328621849952897
31758,4.085715002458426
31759,4.39887528532971
31760,4.273827519087336
31761,4.548814364185409
31762,4.828985435960001
31763,4.21348884796471
31764,1.1959197620702895
31765,3.565779609973627
31766,1.0784235810220597
31767,4.579929091987514
31768,1.6876098384044083
31769,1.359393443611375
31770,2.345730821001088
31771,3.37725864326218
31772,4.234325946259168
31773,1.3926197106278844
31774,1.4170281789920276
31775,4.920710887387354
31776,3.5794530942176945
31777,3.852558540871199
31778,4.580550823925279
31779,3.475722177669442
31780,1.397479146712076
31781,3.6339916075984147
31782,1.419201895102597
31783,4.975121392778098
31784,1.2327664247849528
31785,2.239151511034139
31786,1.726567549978899
31787,2.259695431301575
31788,4.845547050868018
31789,3.1084050093061126
31790,1.7510886012471425
31791,4.166425848928655
31792,2.5863511210765706
31793,1.6156851735900992
31794,4.439049343166472
31795,3.432161921315288
31796,2.481304248760868
31797,1.275282577999394
31798,1.616623573894707
31799,2.7892798718048906
31800,1.2967567411218415
31801,4.620492343775544
31802,3.8216308986076553
31803,1.0531771170457827
31804,1.5526041339491736
31805,4.040179685983275
31806,2.0596557633752886
31807,4.502966997773417
31808,2.1491117019244452
31809,1.9040403586996022
31810,1.4676096290980967
31811,4.347370701980803
31812,4.596074901042281
31813,3.5624462972575066
31814,1.6549913403142225
31815,1.8701483693733625
31816,1.5264815183293892
31817,1.573915649878193
31818,3.775917760980041
31819,2.334001495251053
31820,4.353632873691734
31821,2.4532855684576904
31822,3.0579416542799733
31823,2.4193508300383595
31824,3.997094386509466
31825,4.2159998674338475
31826,4.5751180640341165
31827,3.5487593625967033
31828,3.0521881482073026
31829,4.446987197982236
31830,3.0929037267214543
31831,4.526434387842744
31832,3.3246087293196838
31833,1.7498461820341507
31834,4.951437862774879
31835,4.384181508161241
31836,1.8301714013947588
31837,1.851012665119213
31838,1.9940620124468529
31839,1.8490169676172812
31840,4.170857884384675
31841,1.8932012483330567
31842,2.1037910647821674
31843,3.008867028412225
31844,4.171564770989246
31845,4.0926020500667
31846,4.688837732035385
31847,2.500338129453364
31848,1.396906695185442
31849,1.3743769439900095
31850,4.409854843619749
31851,3.42384090558794
31852,4.170038271774098
31853,4.482336306313185
31854,2.767941712135481
31855,1.936321926288521
31856,4.686298042457603
31857,3.886452928242259
31858,3.502754850293003
31859,2.751524352171091
31860,2.721077711825754
31861,3.481260437125896
31862,2.3617985052143493
31863,2.839587541816493
31864,2.2960386676451017
31865,3.6067324415882367
31866,3.2758171475665074
31867,3.396922915897038
31868,2.8941542666857387
31869,4.428312153618512
31870,4.273062534748547
31871,3.7226441748395023
31872,3.003960100278992
31873,4.684329970729708
31874,1.349449220700195
31875,4.862822925843741
31876,2.576878236054178
31877,4.377970745831632
31878,4.213335834382481
31879,3.926222904066657
31880,4.901371420221503
31881,4.06316594763799
31882,1.7593535478597855
31883,3.597950047763436
31884,1.6077708250921905
31885,4.851050788640572
31886,3.6538134519194507
31887,3.138895573752265
31888,3.683528709458011
31889,4.02967843026142
31890,1.3535557132561973
31891,3.245805739670393
31892,1.9720581623259363
31893,1.4632616665119782
31894,3.7568679018122624
31895,4.711863540680808
31896,2.6232986908414633
31897,3.4054978339658435
31898,1.7851630741318703
31899,1.8728146522104656
31900,1.0318464511451961
31901,2.4677529782271774
31902,2.06231973696991
31903,3.32180887458478
31904,4.441219963924219
31905,2.8474650331225013
31906,2.369803201697603
31907,3.671352656708941
31908,3.5374077760840996
31909,3.251568987143232
31910,2.574405844667451
31911,1.592926369702122
31912,2.8461019467239157
31913,2.26908529752923
31914,1.1059504019232884
31915,2.311990254439315
31916,1.5275491321815862
31917,1.2149209931976395
31918,3.28407771491411
31919,4.885645999973496
31920,2.7349716535527935
31921,1.14742464605267
31922,3.212572009586658
31923,4.924369298115719
31924,3.5241229359833195
31925,3.802382056666631
31926,3.3307647874010264
31927,1.2839143305259397
31928,3.1761559102222487
31929,4.967386336740471
31930,3.66319491743122
31931,2.1791873191717315
31932,2.844570465175843
31933,3.472361606052886
31934,1.3007117493346594
31935,3.217294103290724
31936,1.0211596642821856
31937,1.6983920285988163
31938,4.947503445009231
31939,2.889612516486308
31940,1.2110512300154799
31941,1.137738095070576
31942,4.235731249391311
31943,1.7723449633011312
31944,1.5097032549550873
31945,1.5352359965037587
31946,4.643377620400014
31947,4.594950264061655
31948,2.284075009789678
31949,2.9160867296982436
31950,4.526790180535931
31951,2.9720521018756996
31952,3.407108649012331
31953,4.990886289264975
31954,3.270253598268093
31955,3.5431708429686974
31956,1.5341345503723804
31957,4.3967054045837415
31958,3.2975931099479228
31959,4.504687706790509
31960,2.3130485232904214
31961,3.6508632533296725
31962,4.121524060171388
31963,4.441083042659991
31964,4.435897901356738
31965,2.5591246541099344
31966,1.11464807787935
31967,3.2415853411079834
31968,1.41315580973334
31969,4.903070845451707
31970,2.885272527230883
31971,4.594841503637446
31972,1.8759033220395387
31973,4.9560070147355155
31974,2.501813428157155
31975,1.077004994094755
31976,3.16041515735208
31977,3.270578811359379
31978,3.629546993765809
31979,1.4813059080074842
31980,3.788277671477957
31981,4.902309912954141
31982,3.803741638163537
31983,4.570030629967635
31984,3.7079285478983746
31985,3.065748012221902
31986,1.655681186644835
31987,1.5069342287625171
31988,1.8606962865979968
31989,1.1706528140396912
31990,4.174277504502584
31991,4.129852917883164
31992,3.8259065570538757
31993,1.7406697929404626
31994,4.7765103849070805
31995,4.90759265434318
31996,2.706409070462408
31997,1.551938386916198
31998,2.6107814474542836
31999,1.3331062511533753
32000,2.9457507954567035
32001,2.6603524481028553
32002,2.820784945893883
32003,1.9868932404688864
32004,3.5189780215308946
32005,4.7698927828183475
32006,4.57788534977914
32007,3.1584829474455263
32008,4.388534327787134
32009,1.2630201475299998
32010,4.998001049316035
32011,4.771795407728552
32012,1.0511810560515884
32013,4.229136442561748
32014,3.228317747373469
32015,1.9726708466202272
32016,3.5023913746709665
32017,1.619325648858505
32018,3.008936962973774
32019,1.8308434665062339
32020,3.024073834890272
32021,4.742818796750434
32022,2.323627543659658
32023,3.5254507325861377
32024,4.0576115817122265
32025,1.0922834186281687
32026,3.9931116397098823
32027,3.0444288226879244
32028,4.1664530890868985
32029,1.049677945024842
32030,3.740297276489882
32031,3.399703720923441
32032,1.4632636290447696
32033,2.8002960318282337
32034,3.2226587603246966
32035,3.663594212013375
32036,2.8529164150915114
32037,3.8378132127549884
32038,1.3580596010847312
32039,1.7690458145723227
32040,2.7672027205003413
32041,2.7890797799920324
32042,4.900016315752897
32043,3.7764311743831867
32044,3.397795478756555
32045,3.1541898761311757
32046,1.8393480857886821
32047,4.873391462555633
32048,2.5021359459392722
32049,1.3165118253111725
32050,4.359623081854648
32051,4.514614786947394
32052,3.9719364444737875
32053,2.5705133906268642
32054,4.2543910327383045
32055,4.909371793774513
32056,1.0734005903752815
32057,4.118572323122608
32058,2.021404743210818
32059,3.7579472787105836
32060,4.333055280680698
32061,2.5136017511822577
32062,3.4491317017011003
32063,2.531134100758259
32064,3.3289601284721746
32065,2.6871025355228353
32066,2.464159217650995
32067,1.7635242848399395
32068,3.4553058882990193
32069,1.5643016416681212
32070,2.2135717847279404
32071,4.064733660487455
32072,2.831275022310819
32073,1.234670823008893
32074,4.1181719599693345
32075,1.3558769962516681
32076,2.342457111740236
32077,4.610510974185411
32078,2.549927862879669
32079,4.135042747972128
32080,2.3327649398314056
32081,1.0040296971944547
32082,4.501578644695439
32083,1.383269350393931
32084,1.1300392844504041
32085,2.7720210216883223
32086,2.6255468000181454
32087,2.0649601574927914
32088,1.5171286671407844
32089,3.9277801099571232
32090,3.84432844206785
32091,4.189023374356614
32092,1.4345211494159438
32093,4.96113078600812
32094,1.2152399638345721
32095,1.5394792868616145
32096,4.595154342758566
32097,2.7353163859625083
32098,3.2415513233312487
32099,4.097551917407362
32100,3.1873068131615745
32101,1.4745777845927273
32102,3.9034478576867073
32103,3.8932129059493152
32104,4.300558804767105
32105,3.267527484124864
32106,3.4626591257157715
32107,3.892314342497179
32108,2.483364772191587
32109,1.9461250674584503
32110,2.51658742791507
32111,4.5671229424099655
32112,2.9973217044858638
32113,2.815740771918194
32114,2.1870972495516408
32115,4.876186621861824
32116,2.2145014072843203
32117,3.5444856186635327
32118,4.508951826002619
32119,4.935595732902961
32120,4.226088242224406
32121,4.830744956275167
32122,3.1344698412147416
32123,3.5289323390849487
32124,4.738266412033104
32125,4.393802718859927
32126,1.051833028392259
32127,3.8393887862563933
32128,2.0050492843304957
32129,2.6181092293607975
32130,3.8883278122514686
32131,1.9564342056519068
32132,3.0691179214920927
32133,3.2302047888238383
32134,3.6965614099869972
32135,1.1196593095818232
32136,1.285709930632482
32137,2.590934952057226
32138,1.6929602382005577
32139,4.555729778607997
32140,4.465750833561572
32141,3.9415408906591236
32142,1.9658857735791746
32143,2.365370098011924
32144,4.986614564484585
32145,2.257531276533084
32146,4.205480511119193
32147,2.4553736776852206
32148,1.9648030399308243
32149,2.7745270358151584
32150,1.800024000575227
32151,4.224512182577714
32152,1.836728090642286
32153,3.7914304330085145
32154,1.4890247170908402
32155,3.855494021118074
32156,3.6924140086598625
32157,4.277075520362383
32158,2.6390265017589765
32159,1.4154981103641147
32160,2.564895099509463
32161,3.471852081733386
32162,2.7476552351149333
32163,4.486763775205894
32164,2.6022196607968846
32165,4.9147991245972165
32166,1.0523540635217623
32167,2.4152964264361616
32168,1.943740858827192
32169,4.3988972286989245
32170,2.800948377079963
32171,1.2509718908135863
32172,1.2225090830026835
32173,1.3316781653341243
32174,4.967729559928751
32175,2.9645388608933496
32176,2.3986868347916217
32177,1.5100403350753115
32178,2.8098146721529518
32179,2.1576334543058215
32180,3.173625753036247
32181,4.670478826007287
32182,3.997678091713249
32183,1.2207743393894672
32184,2.108653367670529
32185,2.159570838514178
32186,2.5737608317742633
32187,2.0350534467295365
32188,1.808824057782652
32189,1.5453085929665251
32190,3.507886595305336
32191,2.958765233072639
32192,3.911249849946968
32193,2.810952200134453
32194,1.0277363583141685
32195,3.2166900090294748
32196,4.04188456234115
32197,2.670181792790188
32198,4.340225845477961
32199,4.234800720454107
32200,4.256443289392585
32201,1.5286314421978884
32202,2.0008983413844375
32203,2.045005263834674
32204,1.5695701923134937
32205,2.7284381339174484
32206,3.5033445450649343
32207,3.016847197254396
32208,1.3586794314185489
32209,1.5805361374095455
32210,1.6705379427731768
32211,4.2297034311565795
32212,3.237942239335572
32213,4.350281404891826
32214,1.038246162004946
32215,4.066476250013716
32216,3.3730689699052308
32217,4.671926784754341
32218,1.18401725966018
32219,1.996652901138014
32220,1.5954145699977342
32221,3.7058399232570016
32222,4.048750521319917
32223,2.2778499788279256
32224,4.073565810811084
32225,3.042489241261609
32226,2.3724435821175835
32227,3.3962961838854278
32228,1.2961652499010108
32229,2.081811179356194
32230,2.0815979551875885
32231,4.715841529111367
32232,2.138602497873095
32233,4.355239397901306
32234,3.355979500379775
32235,4.0625978849265625
32236,1.207424845875225
32237,4.455564136477472
32238,2.5675439259251336
32239,2.9701776627607597
32240,1.2909722413600813
32241,3.403486141820681
32242,1.8201954770313535
32243,1.2191635190262478
32244,3.2280845150621866
32245,3.7479960839693414
32246,4.87858284210667
32247,1.052957916664098
32248,4.818854604320507
32249,4.091441932567176
32250,2.1918415234723088
32251,4.353050582461602
32252,4.84278053102209
32253,3.739457651646919
32254,4.920793752160851
32255,2.0842155958594497
32256,1.0835630267900713
32257,2.46730341377567
32258,3.493011122319997
32259,4.711016261212593
32260,2.823865541907035
32261,2.504897356432459
32262,3.3035120560650784
32263,3.2930912587911125
32264,4.857615631675822
32265,2.9210544850601754
32266,4.428220958102486
32267,3.668095348516726
32268,2.8882848082498964
32269,4.428993962319833
32270,1.6668375450492294
32271,3.4698269095052994
32272,2.061100101875814
32273,3.3053508019339217
32274,4.606632784542224
32275,1.611989450249356
32276,2.8082064319395514
32277,2.597217905088609
32278,1.1590705093612121
32279,4.4121791421906575
32280,3.942642001481266
32281,2.6947446482435424
32282,3.043829537872146
32283,2.923050852823412
32284,4.933907521427412
32285,1.0355680293195446
32286,1.8471764910068211
32287,1.7482523178280176
32288,4.028255570024652
32289,4.543245522789992
32290,4.644379767607896
32291,2.3740500819609607
32292,1.7484263659403414
32293,2.2747181002660914
32294,4.675061625023162
32295,3.584038856312508
32296,1.7035817672315923
32297,1.9742586685162942
32298,1.1494618077670409
32299,3.691792840061594
32300,3.3142483655139636
32301,4.733104998898164
32302,2.8424723897568627
32303,3.3773604462221094
32304,3.2098345465887603
32305,2.3189092283167416
32306,2.0414252858244577
32307,4.613903605191153
32308,4.75564439168271
32309,2.8616566502753327
32310,1.556144446412925
32311,3.9795998112122266
32312,4.9623087472258645
32313,2.767453953598581
32314,1.7669417188071121
32315,4.086724168370795
32316,2.70515903613999
32317,3.806117823097362
32318,3.650619484933957
32319,3.420468761997079
32320,1.7686559036406657
32321,4.505666120623729
32322,1.596259497794156
32323,4.9817493793424275
32324,1.453910171895505
32325,4.164035972004163
32326,3.2941774789799685
32327,1.7599223389144072
32328,3.114729939636892
32329,4.5372048811970025
32330,2.1473714782029676
32331,4.755262585049345
32332,3.365328810527912
32333,4.733205577390551
32334,2.0169788418579233
32335,3.6243759985796777
32336,4.241933831789627
32337,4.067424345183888
32338,4.891971452017047
32339,4.8254958937308885
32340,1.807935102808624
32341,4.929161551168605
32342,2.4078249330981025
32343,4.945971137841309
32344,1.7718666086448605
32345,2.829803629775524
32346,1.061366766342414
32347,4.566199979339495
32348,1.1221985236386898
32349,4.460494415349737
32350,4.227765168142982
32351,1.496391995689617
32352,2.9505636514775304
32353,1.741438830236325
32354,4.0919654050598435
32355,2.123291626880533
32356,3.8827257212525796
32357,2.5265980172128537
32358,1.8311064465522406
32359,3.9191065049693687
32360,2.254339665613027
32361,3.2815637898296273
32362,3.733943200785512
32363,4.714132181546795
32364,3.267386188061375
32365,1.823294864321276
32366,2.3225388767382276
32367,4.501162008827979
32368,4.2809368648397275
32369,3.3313142166077028
32370,2.0449440213816343
32371,4.971935666990497
32372,3.1121251576663735
32373,1.5167806283904977
32374,2.111500286728615
32375,2.436768997284533
32376,3.4438711547208563
32377,2.7738849510957992
32378,3.5809410001927207
32379,3.9406186464537267
32380,2.521942376018823
32381,1.5936481833488574
32382,4.190544098449705
32383,4.4639420044737435
32384,2.328261810553694
32385,1.5436189875045785
32386,4.964534807380494
32387,4.412874840146681
32388,4.9001812338193975
32389,3.4101940023619113
32390,4.09882696315891
32391,4.376421173460493
32392,2.4421789384685932
32393,4.0978231735151365
32394,3.2189310418451345
32395,1.60751622008181
32396,2.275560958906266
32397,2.640329780118621
32398,2.2429682297763884
32399,4.010235544746603
32400,3.068607815979495
32401,2.9659564760161317
32402,2.0171577012617807
32403,1.5279345459462275
32404,4.251306523328552
32405,1.0042153670582223
32406,2.685816460730068
32407,4.932769039832871
32408,3.9061297882945447
32409,4.343665857874826
32410,4.113570551413025
32411,2.6445123249821605
32412,4.262716091903354
32413,4.0754196247252095
32414,3.9190126679871944
32415,2.4131613314763785
32416,3.569494044502815
32417,2.381959411945692
32418,1.4976404111082537
32419,3.1311647668670224
32420,4.221491623254678
32421,4.628867469218029
32422,4.743160415234424
32423,2.675939626000653
32424,4.048420601604221
32425,1.700849366266468
32426,4.7359049887811295
32427,1.949493434060173
32428,2.224718929938751
32429,3.2927035381859397
32430,3.4429819718902563
32431,3.600840190432311
32432,2.258672326098799
32433,1.3246015965240425
32434,2.2288788123353918
32435,1.1368984310919314
32436,1.7502633296916343
32437,3.645823986078958
32438,4.355446027079349
32439,1.042498428225597
32440,1.3750405713877214
32441,3.842482472699536
32442,1.9636634094834045
32443,2.080496953343163
32444,1.203715957744731
32445,3.5274254949472073
32446,3.460361605357536
32447,2.622807275658048
32448,1.7692873264540578
32449,1.9402831918516381
32450,1.7940121636179867
32451,1.8549848899301242
32452,3.032347187664384
32453,1.2416939329265997
32454,2.6642166327736234
32455,1.0767637405491848
32456,2.03999206239653
32457,1.8597750774382793
32458,3.56795458089752
32459,2.1490633265999532
32460,2.0209525868057137
32461,4.318050225082791
32462,3.870691368622959
32463,1.821136501032003
32464,1.8727615294457824
32465,2.9626037276661226
32466,2.8625391145963786
32467,1.8413547334289335
32468,3.826869144207809
32469,4.276518337930815
32470,3.604671309122162
32471,1.9024469225164906
32472,2.0212889871891173
32473,1.6461852112597803
32474,1.44561388240888
32475,2.6935824046859342
32476,3.703420485795722
32477,2.8527352130346144
32478,1.2272063962402884
32479,2.9855446709900604
32480,3.8848158920745317
32481,3.6248674646170618
32482,1.1582614428206752
32483,2.1190420291262146
32484,4.842041063235545
32485,1.7276066486077069
32486,3.108604017819295
32487,4.362273617215941
32488,4.597298837471454
32489,4.706080753282194
32490,4.057670397531828
32491,1.8682576832640612
32492,1.2616570224635737
32493,4.129694146065781
32494,2.271238656185955
32495,1.4306753244940715
32496,4.831895012041473
32497,3.8960584771806372
32498,1.1920519601761557
32499,3.5239354431078165
32500,3.7518083504702107
32501,3.6536487667059725
32502,1.2325279643854783
32503,2.808346065988232
32504,2.658084773875378
32505,2.061208574464267
32506,3.9953736286358477
32507,3.6700275855742577
32508,3.3363426595641745
32509,2.3017969030060783
32510,1.6561274907532626
32511,2.4108760226077908
32512,2.815526154715485
32513,1.4217204802836338
32514,3.541093306727497
32515,1.5991084375629567
32516,4.312131259216421
32517,1.2134379655582253
32518,3.6463914805415727
32519,4.938525747936135
32520,2.418607040134882
32521,1.0663734112259182
32522,3.0192559993474712
32523,2.224757473415424
32524,3.830879545107547
32525,2.4710982322540684
32526,2.3455926130987437
32527,3.459926552131596
32528,2.673088469815977
32529,4.471493585107018
32530,4.693144867808115
32531,1.8183390160598454
32532,3.863268430979567
32533,2.0340338742665462
32534,1.0209698206743218
32535,1.3673919572684583
32536,1.655000973627748
32537,4.8458682954646335
32538,1.5404937320092973
32539,2.6969388806380037
32540,3.2984890238862694
32541,4.876647716498033
32542,2.319122355110573
32543,3.7464545802532374
32544,3.6301924220697104
32545,4.913079525721731
32546,4.244498376253352
32547,4.4867434053841295
32548,1.4305079182966707
32549,1.435705844785482
32550,1.6250920795678647
32551,4.229494449960346
32552,2.4835139486876345
32553,4.599005096066035
32554,1.3609683701037056
32555,1.9472090408657663
32556,3.758349984656263
32557,3.132851227940402
32558,3.2539438209335527
32559,4.407620113809861
32560,2.587736395930153
32561,4.92551203212738
32562,2.7324110367220418
32563,1.8644876129506591
32564,1.0754621512182285
32565,2.4125966266095156
32566,4.1061525196445015
32567,2.755633497414122
32568,3.84132230895121
32569,3.5358308636795868
32570,4.257749113074222
32571,2.2568998503633075
32572,4.569759328929122
32573,3.1657090634337206
32574,2.9431189874947195
32575,3.010193062736295
32576,2.5410225322905693
32577,2.468600614090658
32578,1.6399489212128007
32579,3.0573216115594777
32580,1.451898123356552
32581,1.6453290707872954
32582,2.6662658290600274
32583,3.782020420721376
32584,2.2677402542480736
32585,1.5042732639526823
32586,3.4503150052682345
32587,4.679122627489638
32588,3.2412171675048143
32589,2.358787691560171
32590,2.238308404928076
32591,3.0541610458727457
32592,2.732108098293444
32593,3.212946227866171
32594,2.4125660080777163
32595,2.6774158437470335
32596,3.4613526882779553
32597,2.82047195052163
32598,1.4387278146744324
32599,3.687429523177829
32600,3.9382206311784125
32601,3.8124583959480134
32602,2.6528405448347696
32603,1.2598795624519736
32604,3.545124235902036
32605,4.99577047942379
32606,1.2075358623088777
32607,3.116329435911916
32608,4.798295093025198
32609,3.8177580651136545
32610,2.296245734681662
32611,1.742228364354931
32612,2.228324597863417
32613,1.7940831949940406
32614,2.426914556665689
32615,1.6734545451289171
32616,4.188876714386505
32617,4.823656381368947
32618,3.6696786453897134
32619,4.3406467230388035
32620,1.0602849209340848
32621,1.6067012320356722
32622,2.5534710699810614
32623,3.1874628538474132
32624,1.470506489776616
32625,1.6690592373331632
32626,1.3518251205823675
32627,2.6034573884093724
32628,1.1672861882512109
32629,2.607972609565742
32630,3.5708764422108183
32631,2.5478585960676114
32632,1.7810378445441506
32633,1.9889461242078261
32634,1.0929856748124132
32635,1.828653502867787
32636,1.1103900387092884
32637,2.0526429178022103
32638,4.622932504636168
32639,2.0160591795165677
32640,4.37473661004852
32641,1.8583708894764244
32642,2.887527429158361
32643,4.370759354800269
32644,2.879739528942786
32645,3.681755775347672
32646,1.8268501641352062
32647,3.0650466370060276
32648,4.2400294675010155
32649,2.734170340988072
32650,1.4522121902638987
32651,2.662263969902142
32652,3.2937492631358074
32653,4.598595135229394
32654,4.8004862111183595
32655,1.0902103767325837
32656,1.0895554756202803
32657,3.99805524660593
32658,1.3495011307876434
32659,2.9893927860166554
32660,3.3055040879540227
32661,4.739967096209921
32662,3.6771437479368196
32663,2.080597105269291
32664,3.2048733722115945
32665,4.739417859777884
32666,3.1234657667658623
32667,3.8710467656696155
32668,4.212434479490198
32669,2.4352498076355107
32670,3.964651923998671
32671,4.398882502645236
32672,3.7988687333085895
32673,2.186883342354373
32674,1.8022535737175533
32675,3.0307345956910585
32676,2.7614210439678053
32677,4.125440382109174
32678,2.3669409312766225
32679,1.6033354044057067
32680,3.9474427235191536
32681,4.679419764686559
32682,4.257404531742476
32683,2.663082770745582
32684,4.494250191760551
32685,3.4789245593140117
32686,3.0675698392087427
32687,2.2662454429363184
32688,4.566212405115637
32689,1.5178130047887528
32690,3.784908199014241
32691,2.6205398559163933
32692,1.1323147381672256
32693,3.5607116176861857
32694,3.0161037856868314
32695,2.566328744607678
32696,1.1654650427624085
32697,2.7638589616109295
32698,2.9341879771705823
32699,4.529700367132414
32700,1.2641865430384334
32701,1.518945960962292
32702,2.0823311390557
32703,3.6679304468647187
32704,1.7948405761942348
32705,1.0535646849907851
32706,4.4014544630311025
32707,1.5131513930373561
32708,2.5046636255452257
32709,2.4269765591705625
32710,3.154442649208464
32711,4.132641388608092
32712,3.0022969388764564
32713,3.416332985762353
32714,1.1574080921414156
32715,2.949483180375031
32716,4.415199289088987
32717,2.2487559008273332
32718,3.6457348497700526
32719,1.4434753864898386
32720,4.004349435091974
32721,3.0946745995963707
32722,4.112827152692363
32723,1.960496433061059
32724,1.5503507560086556
32725,2.360749556059131
32726,4.68874648648689
32727,3.479420042639015
32728,3.5092937619394955
32729,1.8448795575216717
32730,1.7245255359705332
32731,3.4997623603280164
32732,4.346947994326577
32733,2.844612953560085
32734,3.336038764345929
32735,4.539324494837885
32736,2.9765258691131202
32737,2.698115935867381
32738,3.919110945815754
32739,1.7729698950623671
32740,1.1667508395498936
32741,3.200548008753485
32742,3.3527249064534255
32743,4.7764321891829855
32744,1.559752242693114
32745,4.036027648408897
32746,3.380161115212635
32747,1.4672080646012948
32748,4.9252223095394125
32749,1.4804938466755786
32750,1.303317860117014
32751,2.910004389075979
32752,1.3033557476644484
32753,3.7050596302476033
32754,3.7991953020151126
32755,3.8508589811952496
32756,3.2435978489633666
32757,2.696675579541079
32758,4.909983018079008
32759,1.4668495603568066
32760,2.5260113138709386
32761,1.1047317005140567
32762,2.2601507506741045
32763,2.506310343821886
32764,4.4946624872985765
32765,3.706511754068119
32766,2.167115345944856
32767,1.2504817904908672
32768,2.7771261240902345
32769,1.0296627220540184
32770,2.999565678531557
32771,1.7505973613001857
32772,1.5271962910689014
32773,1.7789131331888397
32774,4.579978240994599
32775,1.7717470901835828
32776,2.933103852155371
32777,4.296865300664987
32778,3.178941384545741
32779,2.719699021799154
32780,3.568875653597383
32781,2.755683383843808
32782,4.48433128004805
32783,4.407666078469179
32784,3.835096282517263
32785,3.1230555478569406
32786,3.909904064337676
32787,4.733910980511602
32788,3.11209926690335
32789,1.0266836417507745
32790,3.845025790007622
32791,4.650584853741433
32792,4.554171026969678
32793,1.8833459379877917
32794,4.405439515313974
32795,4.118191389530665
32796,1.0323303688206273
32797,4.707900324249756
32798,3.1126647372873473
32799,3.495159311321913
32800,3.107930943488104
32801,2.7386191438031915
32802,4.85800936564573
32803,3.5041984964032142
32804,4.715543333579482
32805,4.406410366145744
32806,3.9043257954180706
32807,3.636346779361878
32808,1.830701076282255
32809,2.6719824861469625
32810,4.164390898259731
32811,4.227530598087913
32812,3.764738353124966
32813,4.2058938142987365
32814,1.8214120563021967
32815,1.893486952748149
32816,1.7028160895492612
32817,1.7922417191587612
32818,3.29117258208844
32819,1.8311030507643564
32820,4.902865621597309
32821,2.900296287937958
32822,3.305502055707357
32823,2.7820855759314265
32824,2.1555259016988737
32825,1.2144496396750823
32826,1.704316914102829
32827,1.5639735205656597
32828,3.228590882674319
32829,1.8512842894610628
32830,2.286781299386412
32831,2.3977592026308
32832,1.5446945931651195
32833,1.23749931885229
32834,3.2626894803539104
32835,4.938243090781296
32836,2.8606467452833346
32837,3.8904865427308177
32838,1.7159121246285696
32839,3.7921159194900924
32840,3.0852739892908536
32841,1.657462368900814
32842,4.750829023662034
32843,1.2421155949821476
32844,4.432025999450678
32845,2.2189730911419754
32846,3.3999152665841574
32847,3.128847268743342
32848,4.502815994140314
32849,1.745998921104066
32850,1.9926070846954307
32851,4.803709770165664
32852,1.8537077710674894
32853,3.6983458678837193
32854,1.0656461761776916
32855,3.1910171675483427
32856,1.213222127757633
32857,3.2740081365641056
32858,4.599639709359511
32859,1.9830580042434742
32860,1.7491279055366666
32861,2.6689365671518783
32862,1.4597847649819378
32863,2.5638463916880974
32864,4.5292143257699315
32865,3.106899954253385
32866,2.4653272071679817
32867,4.859582627758848
32868,4.512380897413772
32869,3.4571678078173833
32870,3.654883851182562
32871,4.697432675456781
32872,3.903658577089786
32873,1.583715579995332
32874,1.4053923680139824
32875,4.027084423856238
32876,1.2208351892859675
32877,4.140988023148084
32878,4.73368681444191
32879,2.12320734450558
32880,2.2475176091921423
32881,2.070679792634209
32882,1.6699654941222781
32883,1.568149742860851
32884,2.3333118507603605
32885,1.315926998299299
32886,2.406710839415173
32887,1.5906324784266714
32888,2.4159827570648917
32889,3.6269291342629333
32890,1.0742793424659118
32891,2.0812666321056623
32892,4.5828950062599905
32893,2.9538702868458566
32894,4.2524203954008355
32895,2.9158101506777903
32896,1.9172376548676535
32897,2.423913916737596
32898,2.7980900020480517
32899,4.391890771897945
32900,4.229862202394141
32901,1.2928193025314534
32902,4.4992213863228105
32903,4.350673939146567
32904,4.720024184400913
32905,3.464426334561199
32906,1.9985759481101617
32907,2.5032738430920753
32908,4.869499564667322
32909,1.1851779134017035
32910,3.5469185906236214
32911,1.675260024255631
32912,1.7338767949927112
32913,3.0319073437286512
32914,4.523278783957999
32915,1.2442085002735839
32916,1.4497135576659765
32917,4.594749762033768
32918,4.542673615257177
32919,3.2067121966130268
32920,1.657372750184047
32921,1.7728400715980768
32922,4.347186975061554
32923,4.3299360745625455
32924,2.10258284490599
32925,2.7584422756445948
32926,2.1740734401359796
32927,3.561291355220274
32928,4.6398562068059235
32929,3.843742552876192
32930,4.584390137192986
32931,1.4778961157082078
32932,1.870896410768129
32933,1.7164743177649227
32934,4.488084257041426
32935,2.1212287828332093
32936,1.2183441144864506
32937,2.2441370998046613
32938,3.641070313145271
32939,4.3773197258306356
32940,2.416667023286298
32941,2.5404849121412436
32942,1.242804263196545
32943,4.593236601700527
32944,4.219943146109989
32945,2.9482754459172047
32946,1.2929615294015813
32947,4.078370563299575
32948,3.891065316818518
32949,3.8718648223521313
32950,1.0843471305491392
32951,1.3792565360123406
32952,2.8496066277854992
32953,3.1342608826316614
32954,2.7778718069009667
32955,1.5760925390571008
32956,4.215647240738294
32957,2.836737643725214
32958,2.784534706140399
32959,4.278694865534932
32960,2.6310963289307825
32961,4.487616050894501
32962,4.2267900655746224
32963,4.0005856465841445
32964,2.1919642409549
32965,4.230531608589889
32966,1.8609360971176754
32967,4.25776390369065
32968,2.6321670478665578
32969,4.641257583449086
32970,3.134911545573255
32971,3.291056161485702
32972,3.1265804758475033
32973,2.413682824351589
32974,1.5616856064632594
32975,4.893364845489659
32976,1.2339690895860076
32977,1.460693421996254
32978,2.6382782860844327
32979,3.2933021739214774
32980,2.637935141021686
32981,1.7688006182960478
32982,2.3720370875346664
32983,2.422750393714855
32984,4.257851577141324
32985,3.9480279345973233
32986,4.717313040846948
32987,1.2442722410320295
32988,1.5532972080871956
32989,3.6126850599731455
32990,4.140522866078465
32991,4.695914078900895
32992,4.84072599637968
32993,4.470988724868523
32994,4.950350989158845
32995,2.073932542863984
32996,3.044658562134406
32997,4.761970984481096
32998,1.8173123783177605
32999,4.515720474057067
33000,4.660105391519804
33001,4.0107773777929285
33002,3.348065025138176
33003,4.407386527587149
33004,4.232599325334409
33005,2.5045225381065106
33006,4.881123594589253
33007,4.28899433024554
33008,1.0589766000871594
33009,1.767518250912096
33010,3.5648593050937913
33011,4.375981578749885
33012,3.432537727152292
33013,4.847004404208087
33014,1.558016841416213
33015,3.5027148461818043
33016,3.249258014765013
33017,1.0817547134186145
33018,3.5239657267481332
33019,4.689073689015719
33020,2.9998868217398402
33021,4.972927223828436
33022,3.591447412559845
33023,1.858556715932178
33024,3.3068308013543595
33025,3.2795469157123667
33026,3.554954676841297
33027,1.984563343071264
33028,1.170166832079092
33029,3.8155837627850198
33030,2.203800279502866
33031,1.0990095052647217
33032,4.906659054252635
33033,3.001994016802806
33034,4.2971653406879735
33035,4.8605137951527
33036,4.871869042232173
33037,4.477581132453544
33038,2.0046331860951776
33039,3.9196399581632795
33040,2.7063987602513957
33041,4.37720114116124
33042,4.944969692522612
33043,2.215128926224279
33044,4.616991364217558
33045,1.229294506807137
33046,3.3972621050775373
33047,4.051741978652101
33048,2.2611724846097223
33049,4.773946008494512
33050,1.1252455788000781
33051,1.7827917266978348
33052,4.523879111469336
33053,4.903896375692394
33054,1.8580237518276985
33055,2.945395242667135
33056,1.0474344822363126
33057,4.569961046222155
33058,1.2143970745657753
33059,3.976300703140219
33060,2.304056355270031
33061,4.7891312274409366
33062,3.8785412946117788
33063,4.088596037060904
33064,1.0158387251098882
33065,3.017817964620392
33066,1.6085776503186473
33067,4.214736873876271
33068,4.11758135558938
33069,2.1121245495983807
33070,3.4294063046056307
33071,4.623069626528307
33072,3.134326163613092
33073,4.279542180890628
33074,1.8916929883423141
33075,3.923328388269611
33076,1.9849169623005296
33077,1.345691519491556
33078,3.875693458309651
33079,3.8445863227914185
33080,1.249881133569088
33081,3.2672387929063498
33082,3.662225336073033
33083,1.4494076743222415
33084,1.3201123914558175
33085,4.889526256716046
33086,1.7589230751074587
33087,3.496456712215344
33088,1.6400012686913223
33089,1.408733749475731
33090,2.8848913095293027
33091,2.7025709600882752
33092,3.8328543399084
33093,2.8083629455301407
33094,2.9064381265844608
33095,4.76251480811777
33096,2.315421399129153
33097,3.8566797433944626
33098,2.7853490042472298
33099,3.013032343305918
33100,2.2786543321249098
33101,1.1080132337779314
33102,1.745294355065206
33103,1.4306762239682649
33104,1.0988724175180273
33105,1.0088745567440722
33106,2.9575489343070034
33107,3.4082682396777817
33108,1.6092199792091861
33109,3.9754283705422337
33110,4.444177312086864
33111,3.928953263521772
33112,2.5213173832056377
33113,4.082301041300436
33114,3.2114151005728395
33115,1.8256388789029177
33116,3.9540020971419416
33117,4.108987310710326
33118,2.81918653575304
33119,1.598351437808422
33120,4.022624291631692
33121,4.754792560747282
33122,1.5825376037917631
33123,1.5637126006020994
33124,2.0996951044412677
33125,4.159576292842847
33126,3.8868285806772587
33127,4.24494036169857
33128,3.198364684892714
33129,1.9340296295825157
33130,2.599516505188939
33131,1.8028662821853998
33132,2.394176785960191
33133,2.9196631484231546
33134,2.000803337007628
33135,1.3674348076221934
33136,3.9467734603331563
33137,1.194686425850973
33138,1.4288981823958267
33139,4.1131738502443085
33140,1.6193941583236708
33141,2.632460294113751
33142,3.7362607622633885
33143,4.644201513995432
33144,2.668464980566887
33145,2.540939880598096
33146,3.814286267463671
33147,1.5730523499217255
33148,4.0129474791625945
33149,4.677733207915396
33150,4.4800950027226305
33151,4.924766412882089
33152,1.8243961944897458
33153,2.583913300136899
33154,2.627286653333249
33155,1.874395540717806
33156,3.8707643801401668
33157,4.664775291975655
33158,4.830957938417937
33159,3.7841993200692183
33160,3.4350067234147135
33161,4.6119995268671055
33162,3.1130827006784956
33163,4.243833296170012
33164,3.9869931072495595
33165,2.0696880682000325
33166,3.8084443359904827
33167,4.725882890815264
33168,1.1811007585047433
33169,1.512276102102692
33170,4.427839698293408
33171,4.852038975043512
33172,1.4852173268953535
33173,3.2039310578907916
33174,4.840423965856219
33175,2.5396043504568
33176,4.273835078831883
33177,1.9871063631290018
33178,2.880474009712052
33179,4.766618289517599
33180,3.260086078331673
33181,2.7757177964185886
33182,2.2519828992597444
33183,3.30310837872494
33184,1.907763493195794
33185,3.930668244530517
33186,2.7687823019270974
33187,3.0546371311210465
33188,4.73129891573625
33189,3.711654090817525
33190,2.6424797993794047
33191,3.4002111615574075
33192,1.990930568969382
33193,4.886242827221291
33194,1.0369088999985299
33195,3.959088758073128
33196,3.3545655284704123
33197,1.7010918898616119
33198,1.6666071434804652
33199,4.8403506389133915
33200,1.1705464026095371
33201,4.060953746251234
33202,2.0211633412824628
33203,3.186491404528999
33204,3.108266387419836
33205,3.4959082254634413
33206,2.5218977831605445
33207,3.275689404317401
33208,1.3693461832284606
33209,2.4797498769377415
33210,2.553307146057116
33211,2.7325783762361704
33212,4.539732073889337
33213,1.0204773947647343
33214,1.8074106510023276
33215,1.445743465657479
33216,1.3275262698789145
33217,2.74351853578399
33218,1.4088431836392528
33219,1.3114214602798864
33220,4.809410723784504
33221,3.00649893089931
33222,3.8223572246143247
33223,4.78474558008532
33224,4.117910526694317
33225,1.7235009008914695
33226,3.7116781270908787
33227,2.126922796609809
33228,1.1436451569145993
33229,4.572483001407317
33230,4.967956853067409
33231,3.286875724447832
33232,3.5544778084170816
33233,4.666434003231557
33234,3.1223986448302012
33235,3.087458450338027
33236,4.307676501335967
33237,2.9630448953734567
33238,2.045252530920664
33239,3.182916558834758
33240,1.7426465764757708
33241,4.92293253475826
33242,2.2953645424210807
33243,4.437639946644564
33244,3.2520297778716682
33245,2.9611234632302033
33246,2.325402653623219
33247,4.6438760323845205
33248,4.976399249718291
33249,1.438941924859309
33250,4.5965339629720114
33251,2.3240025271642493
33252,1.9317921833363947
33253,2.342673982157884
33254,1.7051161094307377
33255,3.915742943656038
33256,1.3281061542854458
33257,3.1100637368500705
33258,3.820399037811426
33259,4.291922762095618
33260,4.022265795446522
33261,3.9771652367076347
33262,1.6458740758764097
33263,3.5690575484127036
33264,2.40456915016452
33265,4.058259961659862
33266,3.0118221234028737
33267,4.859401216735609
33268,4.087860541663207
33269,3.174529374155986
33270,4.730012889029869
33271,3.796400140037001
33272,2.5343771793128855
33273,3.227403919417735
33274,4.315698903812609
33275,3.0349722143223707
33276,1.722543306783039
33277,3.1215271579495054
33278,2.6015263441970404
33279,2.011598016208516
33280,3.3510925269943357
33281,2.4013433823057935
33282,2.684939051502293
33283,2.779136590448454
33284,3.0325936043666752
33285,1.291132140676834
33286,4.94394802413078
33287,2.875234196201394
33288,2.9033178577331977
33289,1.3233076254281047
33290,2.758473496775386
33291,3.2901350301470242
33292,1.6730314835383946
33293,3.646694618517234
33294,2.5045808797880866
33295,3.5689841336819748
33296,2.9901886008294336
33297,4.422351043087117
33298,1.1290397580173397
33299,3.1406685630176385
33300,4.498087233144308
33301,1.9978638383567602
33302,2.0024363095005824
33303,3.4915335691461746
33304,1.5687563415331311
33305,1.8492864000805551
33306,3.5968032937240437
33307,4.6163891169944105
33308,3.276080931170583
33309,3.6991967672872144
33310,2.89737993656683
33311,3.972732387497567
33312,3.2913575004041706
33313,3.2360478408429967
33314,2.1072839235036085
33315,1.3978774840148964
33316,3.1325864124820524
33317,2.3918571677095617
33318,3.7918029593456324
33319,3.2131334963120644
33320,1.2641022745954245
33321,2.3581942772061333
33322,3.3542625879321233
33323,2.8179435584378174
33324,2.2665825483495756
33325,2.4316910012635704
33326,2.6987140685469586
33327,1.7835328127642258
33328,3.788723343009114
33329,2.1937158575509876
33330,1.238095554286704
33331,3.4420500060034307
33332,4.386194479200608
33333,2.049756377997516
33334,2.8974742160471307
33335,1.9058582271588818
33336,4.2245544334527
33337,1.1871765917659398
33338,1.085258551428082
33339,4.191449619927774
33340,2.551803409433795
33341,1.8264650872198174
33342,2.2251355017086687
33343,3.3219203218453717
33344,1.4958390937115111
33345,3.502187997791469
33346,3.469061632746575
33347,2.715789134578267
33348,4.3625863628243255
33349,4.77306461054617
33350,2.8098297695627554
33351,2.6552442400532006
33352,4.272324681452864
33353,3.5001002623469004
33354,2.7179526725194165
33355,1.3453628216796591
33356,1.9271456372896054
33357,2.3541667998416056
33358,2.125081619235354
33359,4.255075751714962
33360,4.443462740796896
33361,3.0020822400562115
33362,4.179623585962304
33363,2.5591896132818803
33364,1.1142288868211292
33365,1.4528424204906583
33366,1.7540015536541889
33367,1.243022991769665
33368,1.4848625188989222
33369,3.4350123715682708
33370,2.888584471346477
33371,1.916783666141887
33372,4.878015530509874
33373,3.671259306115357
33374,4.479332340362282
33375,4.580925834850824
33376,4.526663324840247
33377,2.6478639037418445
33378,1.8397345600845045
33379,2.879022277504818
33380,1.9829694964153863
33381,1.7706242357802031
33382,4.2689897947954325
33383,3.2518815234482714
33384,3.467670344377575
33385,3.3315406749569103
33386,1.742754993878004
33387,2.133968964192031
33388,1.3063260134516166
33389,2.854130379117075
33390,4.590213309340173
33391,4.695870936315563
33392,3.7431468341616116
33393,4.663071959526459
33394,1.4417100082413778
33395,3.934024571960224
33396,1.5122848722914837
33397,1.0560130925918796
33398,3.9665477845733577
33399,1.2925610418081148
33400,3.077785932641256
33401,4.730082061477819
33402,3.7873393606851304
33403,4.9571785502267645
33404,1.3542097389246748
33405,4.174074071128834
33406,1.1543587841700451
33407,2.9904190925139273
33408,2.306160747756178
33409,3.906518943561719
33410,2.837946673122885
33411,3.907946340891549
33412,1.4537488850582827
33413,1.9177730133538926
33414,2.2494173411745173
33415,3.1989641324688303
33416,1.024448469884411
33417,3.606421891011212
33418,3.6027695723786253
33419,2.3549692033677507
33420,3.743632164977752
33421,2.086502116237305
33422,3.0433628124205825
33423,2.41802870109484
33424,3.1670403862941074
33425,3.506436834439577
33426,2.3471302692971583
33427,2.313415457005293
33428,2.671139778768742
33429,4.148898401114533
33430,3.28441232607725
33431,1.5332795721212547
33432,4.946467303905526
33433,3.920722153475895
33434,3.536617622748709
33435,3.053342624516773
33436,1.9781313710865467
33437,1.9336974798458137
33438,3.3343032413482288
33439,2.9070274381524324
33440,1.141844150975726
33441,4.101414512436319
33442,3.5314078783965046
33443,4.2293254393093385
33444,2.826638637989008
33445,3.4211350116774586
33446,1.9373596501264103
33447,3.7224683619473242
33448,3.9609814584523737
33449,4.46790750950975
33450,1.9519858471712097
33451,4.311912159776975
33452,1.584555058279217
33453,4.762037488710767
33454,2.5738065869557736
33455,1.6892940098226021
33456,4.536473351857968
33457,2.201948281025696
33458,1.5240201287157862
33459,3.1805511876696633
33460,1.417593572583145
33461,2.6581128680716573
33462,1.4276710291941752
33463,4.18176884120882
33464,2.208065115095523
33465,3.942597400094615
33466,3.443302015989589
33467,1.6097320153873342
33468,1.3175267782457705
33469,4.512688264584991
33470,3.5917682096833334
33471,2.1735405635718235
33472,3.5140403225497256
33473,3.45570551675238
33474,4.5578140080154625
33475,2.922520830641202
33476,1.949029522190724
33477,4.034741595884112
33478,3.582349608219052
33479,4.224396695716393
33480,3.0449007134972637
33481,4.208893098384936
33482,3.047814671223575
33483,4.747344939360195
33484,4.1195828689664555
33485,1.002819342919687
33486,2.6798335716768613
33487,2.595500558870213
33488,4.6176213385535485
33489,4.04979209454664
33490,4.606400678495777
33491,1.5480343543864334
33492,1.675638691590199
33493,4.785908791960009
33494,4.506676329105703
33495,4.521854240589977
33496,2.339448458294799
33497,3.075931418336631
33498,2.3373381980021053
33499,3.309621365645323
33500,1.1257719685086975
33501,3.757071531607752
33502,3.707504103643086
33503,3.198864788960136
33504,3.2747984142173854
33505,2.3666137103794944
33506,2.4939533362712525
33507,2.770704562324946
33508,2.7348358927400884
33509,1.0658794483073715
33510,3.287664237596088
33511,1.9887713642812739
33512,4.974001408732772
33513,1.4445662907873942
33514,2.261908253543906
33515,4.034532685536556
33516,1.6360849747992083
33517,1.3750254672927409
33518,2.912273024757896
33519,4.826651074310084
33520,3.316510051142875
33521,1.5768054774284024
33522,4.6504913596883
33523,4.03178627236656
33524,4.151128330778803
33525,2.42228088526216
33526,3.6250072000052125
33527,3.5098823889530917
33528,4.620214516500257
33529,1.5680349387191947
33530,3.2146813605039495
33531,1.2314824859530078
33532,3.705444170494461
33533,4.807150682598082
33534,3.159654123490441
33535,3.75414740825669
33536,2.862792433275824
33537,4.192107056767143
33538,1.5489420038750374
33539,2.557231323357329
33540,3.5140571307934825
33541,2.4257233322104743
33542,1.9996530453512302
33543,2.011537722420464
33544,2.725936635924623
33545,1.6845842998009122
33546,1.0882135010297582
33547,1.2413537619604558
33548,2.287688675534098
33549,3.3794465630101294
33550,2.0020832283408976
33551,3.2464516916469375
33552,3.025706712685528
33553,2.6164822151469442
33554,2.445596607954322
33555,2.4004984691534825
33556,3.6518319405738935
33557,1.3088845427429305
33558,2.5137979891394266
33559,1.2179489391673473
33560,4.138327744301096
33561,1.3096798483567356
33562,2.3289262446795
33563,3.349951868165144
33564,4.9224200970299385
33565,2.5947710012182905
33566,2.3447337440399583
33567,3.2865531097130822
33568,4.787389623175683
33569,4.319424533520587
33570,2.480648783062221
33571,1.5852801715667586
33572,1.9441400579695816
33573,1.8206888657759306
33574,1.8005806577556727
33575,4.973032192565139
33576,3.2371088043553176
33577,1.1603522893978924
33578,3.7913983562843807
33579,1.1256483502648185
33580,4.777691144655765
33581,1.2637961969568456
33582,2.9775225488339156
33583,2.494652757737843
33584,1.9918651223125132
33585,1.67879853493922
33586,3.5648506974441223
33587,3.0188048110662438
33588,2.86429108592671
33589,3.222930002932911
33590,4.478029969649603
33591,2.0337829549926356
33592,1.3404939352018137
33593,1.0634624486787367
33594,3.142799651925441
33595,3.587084787268344
33596,3.2416349315542337
33597,1.88181870954742
33598,2.7387121857856713
33599,1.2442038685294547
33600,1.8365953248945552
33601,2.2849911328235413
33602,1.0306067112702828
33603,1.6253817983796988
33604,2.9482923667765224
33605,2.011974742570034
33606,4.780772319397871
33607,3.1105524812814647
33608,4.737119281388816
33609,1.8271906783076468
33610,2.3125046377266236
33611,2.2407792340201578
33612,1.3657781041147552
33613,2.520631139624208
33614,4.38941735860112
33615,1.8788822897918194
33616,2.511784255867731
33617,2.0709697806552114
33618,2.827878406055246
33619,1.6550837915484262
33620,4.820902646256108
33621,3.4313168161764773
33622,2.575403267976485
33623,3.177660890093496
33624,2.5433410983807865
33625,1.920880397777772
33626,2.8295869630368267
33627,3.3011176399897653
33628,3.9827843378096484
33629,1.3820427909372168
33630,2.774166680964122
33631,4.891940117882029
33632,3.743639437642267
33633,1.116950735700847
33634,3.964895516565618
33635,4.707594994519722
33636,2.315471130553104
33637,1.4779373668215086
33638,1.5215397601208642
33639,3.9699473565773644
33640,4.34685161411733
33641,4.377053697618674
33642,4.626304263759514
33643,2.0764561778411816
33644,3.5511345230691367
33645,3.3914987272234325
33646,2.4858199179922753
33647,4.108219511071264
33648,2.5133229270122306
33649,2.4660472394745128
33650,1.0424959247993564
33651,1.0620418193645538
33652,3.677590445052594
33653,1.272962623710284
33654,3.196900341754094
33655,4.842733787971451
33656,2.9459262689492296
33657,2.265827642524755
33658,2.901231389726236
33659,1.5694245399345967
33660,3.0904290611774856
33661,4.0935126627021
33662,4.368793461911027
33663,4.162159346469928
33664,1.8308050595603405
33665,2.7393648662464525
33666,3.5402343878186664
33667,3.0648697894698387
33668,4.914071421870135
33669,4.7786733690417345
33670,3.235361502711863
33671,4.990193973901536
33672,2.730923239642684
33673,3.5898502982731806
33674,3.6580233835611815
33675,1.9080240285412216
33676,3.807600721749539
33677,2.2581487474823505
33678,4.480810133694949
33679,1.4823502630094567
33680,2.2637359008126405
33681,4.096089264979566
33682,1.9415525209512055
33683,1.0472734144155078
33684,3.5475123885808446
33685,3.594253635905242
33686,1.159260906712257
33687,3.6068055561878545
33688,4.409292683895094
33689,4.6602293095919425
33690,1.0572302831488547
33691,1.9078414397627679
33692,2.9900022570058353
33693,1.5821874563802356
33694,4.019592474233454
33695,4.152595536489678
33696,2.7775339132888566
33697,3.225495600455788
33698,1.6680950938800319
33699,3.9068173284627075
33700,4.5369763917950685
33701,3.692535865204443
33702,4.773238868258604
33703,2.6832156227955197
33704,4.537389539050361
33705,2.4358387686810548
33706,2.0252635902626213
33707,2.038863681126533
33708,3.55117696902902
33709,2.0541412222311495
33710,4.617643193737942
33711,3.1069088514496754
33712,2.0262788711791173
33713,2.8510592657612945
33714,3.4299843098593694
33715,1.3909817530032602
33716,4.233047162160742
33717,4.094113052069302
33718,2.2967046235905304
33719,3.921225932402532
33720,1.7319572028713122
33721,4.014394234164696
33722,2.2221517067952865
33723,1.7586454490521612
33724,2.1383213786188153
33725,4.965098958787728
33726,1.5116005983832932
33727,3.087057552294561
33728,2.5446922401758965
33729,4.79902315466799
33730,3.671665917962422
33731,2.553458192273653
33732,2.675595235781426
33733,1.8302504165134872
33734,4.887834626523775
33735,1.8517922978612034
33736,3.91020122415115
33737,1.0969376757804308
33738,4.984121455260747
33739,2.877059416875714
33740,1.1453515610199005
33741,2.0105744941175425
33742,2.8956595270740593
33743,4.654583128260848
33744,4.3615904340179865
33745,2.2695483044220586
33746,4.3381962809137
33747,1.7193008977941582
33748,1.8019851704923906
33749,1.1629397382345186
33750,1.6543363910927327
33751,4.557532552722751
33752,2.718298972279798
33753,1.4886683639975598
33754,3.5249719643426585
33755,3.0571157643002147
33756,1.437989968491594
33757,3.7002599733423667
33758,2.9523095095830345
33759,3.8566594034162907
33760,4.231026055825677
33761,1.9489523474596622
33762,4.482180011650156
33763,4.7079680330118086
33764,3.1954937016830085
33765,1.8603881248158682
33766,4.814862070616629
33767,2.8651191871366652
33768,3.794374665863967
33769,3.9975249230373056
33770,1.19947366665442
33771,4.931386892878846
33772,3.63783701064839
33773,3.96051045584685
33774,2.7865997299016048
33775,3.001872487470171
33776,3.8276112274811775
33777,2.164645060180887
33778,4.289744770674956
33779,4.31997661776521
33780,3.7493064941774565
33781,1.7450439904334774
33782,3.653624498769584
33783,4.598764605651767
33784,3.108304211541592
33785,1.4055422131871391
33786,2.622867531883418
33787,4.781319838723867
33788,4.9896475252564265
33789,3.777084357661384
33790,1.2655265288486919
33791,1.6607604041636197
33792,1.8811414849287709
33793,1.43873432004336
33794,3.8800442897257574
33795,2.2309453372278
33796,3.3444185041177503
33797,4.909291884923585
33798,1.8822215085521412
33799,4.17843829862233
33800,3.700262794894968
33801,2.7550478249586132
33802,1.8679630318964633
33803,4.794509353526452
33804,3.571689579921767
33805,3.604802477173859
33806,1.054983936582334
33807,1.7284070975536392
33808,2.9373795031002605
33809,2.936138785451671
33810,1.3814612411584042
33811,2.8395865222717807
33812,4.8364745124143536
33813,2.6669427344526953
33814,3.8848700308572273
33815,3.7304783321502675
33816,3.9765750922802705
33817,2.913729043454548
33818,2.627853961280381
33819,1.9982860238768572
33820,3.1856192351152464
33821,2.189773237888363
33822,1.6116563885349966
33823,2.961831937661043
33824,1.5199305807878778
33825,3.188256533269507
33826,1.7146418353979933
33827,1.6320610607119592
33828,3.0348620557427726
33829,4.416691210085077
33830,2.912978520598049
33831,3.867929754936411
33832,4.648640887838415
33833,1.835011190447395
33834,4.564452396535161
33835,3.091083193640374
33836,2.6001224072041755
33837,1.501700797902294
33838,1.8884527280025338
33839,3.847702259970815
33840,1.1479150109220386
33841,3.6718694907112637
33842,1.0006818247836735
33843,1.407071323610682
33844,2.3504156160229437
33845,2.057262775307675
33846,1.6771288917480027
33847,3.9963726428355986
33848,4.804178951044391
33849,1.0989265455549915
33850,4.364804991215898
33851,1.7560482212324215
33852,2.3245548976145187
33853,1.8716473784643344
33854,3.2509477192683955
33855,2.8828348163091704
33856,1.585087998644267
33857,4.212053885062131
33858,4.467766009746359
33859,2.106997173744588
33860,3.339150438043947
33861,4.909333030021583
33862,4.109598021472465
33863,4.222754337828366
33864,3.7052680548851953
33865,4.749059871145848
33866,4.745749617116207
33867,3.1462400173418774
33868,4.032033184712672
33869,2.7317555406033116
33870,3.9901855835396876
33871,3.587386068540758
33872,4.130062988934087
33873,4.8500358471315685
33874,1.001318467044947
33875,1.1304211924138308
33876,4.217416677354853
33877,3.1710425608797683
33878,4.693789868301305
33879,2.7605981832279842
33880,1.2872715151337193
33881,1.887399016274729
33882,2.024284259382891
33883,4.064092175596592
33884,2.1733682523907425
33885,4.971098662891112
33886,1.1056020602400745
33887,4.734918582620473
33888,3.279330425625501
33889,4.380570477048173
33890,4.010571251885915
33891,4.596812327407168
33892,3.5169029590786223
33893,3.218918437681071
33894,3.023046856204095
33895,1.4839163114492808
33896,1.59347381462302
33897,4.91929276216849
33898,1.1133050660165469
33899,1.4277196243776649
33900,2.5016579461363784
33901,2.9114034088150915
33902,3.998430514673103
33903,1.996190220694341
33904,2.70523017364132
33905,3.7796209524409075
33906,3.1957540368091464
33907,3.107738075627169
33908,2.027372854227967
33909,3.428456793480179
33910,4.556780738297871
33911,3.7840588046918526
33912,4.151658997020794
33913,1.7355602038415645
33914,1.9406630700705847
33915,1.1321590648418054
33916,1.7601110738560881
33917,3.7610292052325716
33918,1.4013591775987146
33919,4.735957072133033
33920,4.2201624408955505
33921,4.655052874813485
33922,2.229182429657573
33923,2.3887874898180566
33924,3.648014117776549
33925,2.3139744118172345
33926,2.564543787045616
33927,3.25096741350056
33928,2.591414526101301
33929,4.293904375971998
33930,1.7542352911663817
33931,2.899344410480516
33932,4.173632227233492
33933,4.005913214652156
33934,4.060755336342544
33935,4.66865527056115
33936,2.8601895522306293
33937,4.624204061245749
33938,4.538609759021588
33939,4.216068845016728
33940,3.572043575761074
33941,1.8115656437120427
33942,4.180833415547373
33943,2.1327934689003785
33944,2.539140319865107
33945,1.8752544308140657
33946,4.453620309026551
33947,2.501614192109467
33948,3.8345140054569518
33949,1.701395452084204
33950,1.1244149205209628
33951,3.0958050564215203
33952,1.1101485345240265
33953,4.6543177343520075
33954,2.0505722712899384
33955,3.748546413334721
33956,1.7064266726262232
33957,2.993614190587244
33958,2.7856077571508564
33959,4.114091557060428
33960,3.0322228569313645
33961,1.7074824379770686
33962,1.8991988901602075
33963,2.8855436712625013
33964,2.1757582913812996
33965,1.0006234144492918
33966,1.202344476423538
33967,3.5291236689944805
33968,4.329979939544289
33969,1.4242770011184347
33970,2.781758868337412
33971,2.9383428846112496
33972,3.0122132417456817
33973,1.1724361268072774
33974,4.726650943275731
33975,4.02055123626746
33976,4.500703745667687
33977,2.286619921343651
33978,2.111700713989367
33979,3.4505483876293557
33980,2.715833422212439
33981,2.5266416752134586
33982,4.52375592538272
33983,1.690354875240181
33984,3.0403993103907343
33985,1.9849509025371979
33986,4.186207141153189
33987,2.3785071940024602
33988,4.507444678869201
33989,3.9283688366609586
33990,1.982182717144224
33991,4.3889508691702455
33992,2.4528821816298794
33993,2.514184079276676
33994,3.720437855092068
33995,4.6354770499911595
33996,2.836018423026707
33997,3.705870101505944
33998,2.780006123281279
33999,4.289744820439956
34000,2.2767917772618285
34001,3.37665735160737
34002,4.765624458738365
34003,2.9454673986512954
34004,3.012423364352893
34005,3.4317377659548414
34006,3.510129651441592
34007,2.9759446735004196
34008,3.345529401228998
34009,1.653631264317048
34010,3.0218887427531738
34011,3.8618303949517445
34012,4.160360582586803
34013,2.512114728173544
34014,2.6511102488774694
34015,2.5017499213770455
34016,4.9518412917702435
34017,3.5095964782662183
34018,4.173575108586663
34019,2.6746494786505854
34020,3.906268942204533
34021,4.066888616317547
34022,2.693372341351463
34023,2.134608072112561
34024,4.668092100356757
34025,4.773954279173385
34026,3.539240597475449
34027,1.1939457392863098
34028,3.0849084733438796
34029,2.8241101872249246
34030,2.4221517207996506
34031,4.36925108473869
34032,2.459561752045337
34033,2.1081760402137
34034,2.9556473088039796
34035,3.7313289546048893
34036,3.932273088384653
34037,4.774653781194606
34038,4.858795573406017
34039,4.4708879808695725
34040,4.318551774988468
34041,4.230012872344139
34042,2.6422900238455638
34043,1.8421927706058305
34044,2.7077686140143986
34045,1.608410173529089
34046,1.3148495603271262
34047,2.2078762334343702
34048,2.311843236435249
34049,3.993909331212843
34050,4.594635675580891
34051,3.897960603877218
34052,1.399835597625001
34053,4.252394084571913
34054,2.1753478557772503
34055,3.5385974186201765
34056,3.3291784045865422
34057,1.9719877297783395
34058,2.3557526360799756
34059,4.843499008708922
34060,2.0414837469447074
34061,1.2557736751332729
34062,3.474500216280848
34063,1.718369727574406
34064,1.3342405112339017
34065,3.3393129076135715
34066,1.8077606916783542
34067,2.1220586262073478
34068,2.2933162657347292
34069,4.319380648490219
34070,3.5279292842590704
34071,4.672874491711106
34072,4.128293569402874
34073,3.1143250305021803
34074,2.279265292206265
34075,1.9661433852153305
34076,1.6649871851800229
34077,3.856703657060589
34078,3.1399569958884066
34079,1.4217260323557723
34080,1.020555938820337
34081,3.1620306735454538
34082,3.3993655729011296
34083,3.3643798163313696
34084,4.583881167417237
34085,3.69522206220826
34086,3.958547031453967
34087,1.227140094325029
34088,3.8731335723979323
34089,4.323465824271951
34090,1.8774155793804805
34091,4.903614120437973
34092,2.6702397665432294
34093,3.9900065987359015
34094,4.620319231886642
34095,1.4891129240343512
34096,4.115012466301584
34097,3.428322292460954
34098,3.11446479250096
34099,4.9191083651605965
34100,3.526472372398141
34101,2.762796546861446
34102,1.2638736968028565
34103,3.738557985935157
34104,3.6666225378365636
34105,1.5701273344137077
34106,3.052069973378492
34107,4.726471052880582
34108,1.4017961052930246
34109,1.5774672041488094
34110,2.9803756283142353
34111,4.398191563633594
34112,2.333499813186503
34113,4.5898471375368395
34114,3.9371203544559976
34115,3.2638362869305535
34116,4.1094784182381865
34117,3.886115650390012
34118,4.826649010327685
34119,3.215601074887563
34120,2.2611296927824633
34121,3.58833177896402
34122,2.783847735264165
34123,4.383427169604177
34124,4.112493052017767
34125,4.567069621907343
34126,1.8925040669761888
34127,4.944512376217599
34128,3.768105215898668
34129,1.5894285619466166
34130,3.1826421509565987
34131,1.8323518306608806
34132,3.901652974776867
34133,1.6047388557446034
34134,1.8291476527630683
34135,4.366016092753069
34136,3.322604812649771
34137,2.2454239773457014
34138,2.8616596802660164
34139,2.0181181621389603
34140,1.6518255167787768
34141,4.137437040988797
34142,4.586662285909325
34143,1.7126044438702985
34144,1.6455722771771017
34145,1.7567066014086032
34146,4.07757190540862
34147,1.5723781292543806
34148,3.468555227672115
34149,3.6039575336850556
34150,2.3853310910232572
34151,1.993463889159345
34152,2.8071718223823487
34153,4.51960285340618
34154,2.29239620709118
34155,4.6166118666673945
34156,2.322823218907505
34157,1.575223575075079
34158,3.614046460277481
34159,4.852760212048533
34160,4.853323093130156
34161,4.049685898507476
34162,1.1581782912772813
34163,2.4968453161225583
34164,1.7822194849758364
34165,2.4915445094460504
34166,4.8428173869001
34167,3.1845878647094135
34168,3.4271359502790677
34169,1.8657807929628523
34170,3.550385818118819
34171,4.147220986103257
34172,1.06829345681244
34173,1.2471636635339727
34174,4.865199569727018
34175,3.801822027206238
34176,1.34394648864727
34177,4.7636509162081655
34178,4.950117810491802
34179,2.5159743269266994
34180,2.083298105424762
34181,4.8438179319451935
34182,1.4108114634497984
34183,3.1753866424902117
34184,3.861376169874882
34185,4.120195505807774
34186,3.4348540596894486
34187,3.7690771149140585
34188,3.4083793584144755
34189,3.5884905963834957
34190,4.927293955413926
34191,3.828041589356724
34192,1.272730615697125
34193,4.6095460571844376
34194,4.928025959081216
34195,2.165396090339105
34196,1.3425668785015703
34197,4.250977993404353
34198,2.636098840960186
34199,1.974441077203993
34200,3.986345158572565
34201,2.4470466320271926
34202,2.025017167375149
34203,4.396197144575054
34204,1.3605323958577147
34205,3.762755174831734
34206,2.237658098903958
34207,1.4048850447335943
34208,1.8867993181246603
34209,3.684928698424199
34210,4.698149281016275
34211,1.9884803262479611
34212,1.376094687361641
34213,1.8962741729962294
34214,2.491101015300537
34215,1.2059917297309308
34216,2.245347457053106
34217,4.828032240301335
34218,3.3890508724760546
34219,1.6888224529876577
34220,4.195670784762756
34221,4.527014893482713
34222,2.0122179898257095
34223,3.6831952503991414
34224,4.834203068990559
34225,2.6733782935666817
34226,1.4332804254979625
34227,4.708073708380763
34228,1.218992195477338
34229,3.201718944971804
34230,3.8021480510339227
34231,3.420800622427905
34232,2.5143781782508094
34233,2.1117283772387925
34234,2.2704990168373946
34235,4.93147348410294
34236,4.945233722221896
34237,2.9855268957613794
34238,2.1555759278854247
34239,2.0333218464943346
34240,3.57158595001722
34241,1.1017698600789263
34242,3.483289813897371
34243,4.303193826075136
34244,4.201998942617015
34245,1.7389490599528665
34246,1.934991093321174
34247,1.5731333145704491
34248,1.1584656049003486
34249,2.1138811545217755
34250,2.93760409456739
34251,4.472499345394493
34252,3.274215441374601
34253,2.032368421828529
34254,1.7496387644748421
34255,4.76654315391459
34256,3.1441132901017643
34257,4.182570454935462
34258,2.335144149161066
34259,1.948754057199682
34260,1.9737808913352897
34261,3.316766634647618
34262,2.7514374062671667
34263,3.7462402144412232
34264,2.4907256796202253
34265,4.883402130147932
34266,4.7960986211133925
34267,1.1169669970516227
34268,3.2012539218062255
34269,3.4909898902220666
34270,1.348823338591374
34271,1.6407076838753736
34272,4.455496923202858
34273,3.6202762845453207
34274,4.227274002853561
34275,3.6461519790792787
34276,3.154993461917111
34277,4.080257518281989
34278,2.11150422361449
34279,1.7671546361987724
34280,2.0691560258992427
34281,1.3178428615317435
34282,4.339823504183556
34283,1.8467692391922328
34284,2.332373749344296
34285,1.0787674375772633
34286,3.6158535330088197
34287,4.341900773366641
34288,4.7966777100426645
34289,2.33700356226845
34290,1.8644945998155587
34291,2.617059592770579
34292,2.5968626132915094
34293,3.0130329693349784
34294,2.829514444751767
34295,1.1766786176372928
34296,1.222234905934961
34297,1.3347402092702203
34298,3.4196684078873023
34299,4.078207425173154
34300,1.440370282275126
34301,2.3759210745965165
34302,2.9668287298742464
34303,4.865985142240286
34304,3.8928427265310437
34305,3.7638493810588898
34306,3.996182572190277
34307,3.7628147156353715
34308,2.37771961244078
34309,2.4754197455213105
34310,4.9794026971870355
34311,4.446161639876973
34312,4.560838388347137
34313,2.2400318509856305
34314,2.4762529163028986
34315,1.718153181721373
34316,2.162836113455898
34317,2.8720541410617373
34318,2.2912653543261983
34319,2.1911188080400987
34320,3.042739749305181
34321,2.4213691633288272
34322,4.477504220553024
34323,4.770003120939288
34324,1.996948898724877
34325,3.6542515414941104
34326,4.083987443915974
34327,1.3169248736949544
34328,1.149752166828967
34329,2.9846021360699524
34330,3.862519417089311
34331,1.2172425538988554
34332,3.1436868998400604
34333,1.4307616196277961
34334,2.742217443211475
34335,1.2324737732986524
34336,2.1270841140190186
34337,4.144656553545539
34338,1.9165839805530624
34339,4.783676412478288
34340,4.968385673608466
34341,2.2583662838423946
34342,1.707091968431408
34343,2.8854209997507523
34344,1.1424745296575174
34345,2.549166602412824
34346,4.4171975278763345
34347,4.7481485794187765
34348,1.7479277718773107
34349,1.9691616321165548
34350,1.1268915707306078
34351,1.4259447260083378
34352,2.609911400951331
34353,4.2200737047622265
34354,4.317391073020731
34355,3.568846788658425
34356,3.990942813813148
34357,3.0787960233800087
34358,2.063191272836323
34359,1.1983560024328046
34360,2.3834852344639472
34361,1.472293996104621
34362,1.9653312808023755
34363,4.04501724675945
34364,2.075416992694573
34365,1.6350100402110321
34366,1.8635126195523828
34367,4.506365285046536
34368,2.85014769786788
34369,4.443945133357277
34370,3.8469722972580334
34371,1.7315277908638604
34372,3.46269677212181
34373,4.894725013043703
34374,3.372716106582271
34375,4.520132588336429
34376,4.712094835934494
34377,1.5274607604707704
34378,2.9718962238519655
34379,4.579906680187786
34380,2.2778943613851084
34381,3.2574938337630086
34382,3.7359693299887202
34383,4.080261222904662
34384,2.0977451994602876
34385,1.224116051635792
34386,1.701402702483784
34387,3.0740660311004904
34388,3.8876409362237765
34389,2.9150427211980996
34390,3.7645184840904724
34391,1.3526025101662222
34392,4.960287680695738
34393,3.195022444124283
34394,4.269404463191688
34395,4.066210304651872
34396,3.4434334073278143
34397,4.828556215528933
34398,1.0699477172443368
34399,4.419452882657833
34400,1.9896067618653888
34401,1.8818490197043656
34402,3.3565790879544783
34403,4.521680288301848
34404,1.0504940726653853
34405,4.023172569011568
34406,2.356358256731344
34407,2.6106326144256005
34408,2.393171835315359
34409,4.6982362861068205
34410,3.153792621863326
34411,1.4860353576546919
34412,3.094973075849044
34413,4.8542467982627855
34414,1.1525815178382102
34415,2.0885537972259844
34416,2.142975183407292
34417,4.108326835148661
34418,3.9811549006617577
34419,3.6278038996442157
34420,2.601923807221324
34421,2.6158072995522166
34422,1.390389271442332
34423,1.874825737227459
34424,1.4491038077738567
34425,1.4894413982515964
34426,4.934385408169918
34427,1.7314656149932777
34428,1.4759500364404659
34429,2.2272316008797794
34430,4.635689936185486
34431,3.9020933929860884
34432,1.7866716120981825
34433,2.2939838840821287
34434,3.197700703487849
34435,2.111566958499165
34436,2.916793004902022
34437,3.2386711185680372
34438,4.555777629357603
34439,3.1081080272348234
34440,1.907031092318451
34441,2.980289423464483
34442,2.8357100397038253
34443,2.0093701667768786
34444,2.7948285082677358
34445,3.2575265582634896
34446,2.731152914271452
34447,2.1836454332761726
34448,1.0808291646243382
34449,3.283171552265509
34450,3.580834651359045
34451,4.705881639044357
34452,1.774464641600682
34453,2.3986772232692206
34454,2.2430474120228303
34455,4.697137443321989
34456,4.463098221403064
34457,3.204659044140279
34458,3.9767036304652517
34459,1.5837221411856963
34460,3.1610158915131237
34461,1.1852206731850248
34462,4.353676660807333
34463,1.1247548700656194
34464,4.150803283944539
34465,2.757677713552131
34466,3.51184634323267
34467,4.525740641830593
34468,4.738339798212833
34469,2.069627668337062
34470,3.7075874173076224
34471,4.788239298810658
34472,3.894821196067213
34473,1.7937908432526775
34474,2.658718145557205
34475,4.1373238932948295
34476,3.0629461177162343
34477,2.4545678246903826
34478,2.5320067182716013
34479,3.9140914307542802
34480,3.7323241396189406
34481,1.1791407002264522
34482,4.870667736819909
34483,2.615109625604024
34484,4.408143170734594
34485,2.7034658449651796
34486,4.656126270619355
34487,4.6259325705890575
34488,3.865495761069277
34489,3.9961491924982
34490,1.789410599596283
34491,1.686215066052374
34492,3.3836783730577196
34493,2.2306563909642594
34494,1.5583490059530303
34495,2.6282916588944727
34496,3.2559848400203237
34497,4.969966841563276
34498,1.813082197600445
34499,2.740836070468558
34500,1.1682077168694494
34501,3.12916250333306
34502,3.6651117318536075
34503,3.2031021524989964
34504,4.973955031623076
34505,2.0703151233238155
34506,2.464947439781405
34507,1.79663283766422
34508,2.226035127149681
34509,4.8114917128284915
34510,2.10120719082943
34511,3.841674467635412
34512,3.7017525094870036
