episode,mass
1,5.503929156356288
2,5.503929156356288
3,8.602680444854453
4,6.890336607009133
5,3.3827590280329987
6,0.6939795026501171
7,3.9241500323228187
8,2.210183600975121
9,9.331815835805465
10,7.255901158673035
11,0.5642635360169581
12,8.23097740890653
13,5.9595080429795315
14,2.5955079330534714
15,3.2192592348591247
16,1.9595964203655614
17,3.568167079765886
18,2.6467038377528884
19,0.21002974170019387
20,4.154926247697627
21,4.1813190701070795
22,0.5275688318746771
23,9.554587054944351
24,4.037005119257605
25,5.343618057473287
26,2.4048478353490124
27,3.155189029869889
28,5.564580608344867
29,7.113908727186562
30,9.538903076656009
31,6.059055591794208
32,4.08229054246956
33,3.613808975439616
34,8.160218554027889
35,3.0466544058876615
36,5.491681817076184
37,9.634513938710617
38,1.915615207104695
39,7.307173648703743
40,7.359076642253717
41,0.556785787733369
42,9.698905298352102
43,3.7683810776860427
44,7.098747951462191
45,2.8119139458234597
46,2.565546142069886
47,3.119226561909409
48,1.4746346871999498
49,9.75363705863289
50,0.18327785320159048
51,8.955270826366602
52,3.6066213842780885
53,9.277649823238724
54,4.064827910351743
55,4.737666785025271
56,4.529727387688581
57,9.09340129043472
58,6.458733135050673
59,2.4740590794467185
60,6.795756924070095
61,4.348905008233392
62,2.328100761037976
63,1.6031718605347889
64,4.590163607009952
65,8.236789017373527
66,6.41568350856046
67,9.971937061384828
68,5.3159940249317685
69,2.524966086373623
70,0.38159218010458096
71,6.937556199443175
72,3.0345346097782437
73,7.72290291690131
74,1.9579998422679061
75,4.693657735541563
76,0.22289409311553024
77,1.6497852815788698
78,1.7681360717681316
79,2.4526800915543663
80,6.327550170675221
81,1.7558491539705356
82,3.652064415652412
83,8.031096619783026
84,7.964701935810096
85,1.5576695818657535
86,2.456890243057893
87,4.7102380930832615
88,9.502421666572813
89,5.316384723479784
90,3.3108930061564044
91,1.0729582796662323
92,2.206292195234569
93,0.3070937008955416
94,6.73244068203503
95,2.4023160127633325
96,7.959279078336694
97,3.373056208795333
98,0.36692154832431134
99,9.65407473021546
100,9.4844990296992
101,8.77991270712212
102,7.045316080549946
103,1.8288061632971067
104,8.065193792875304
105,3.9303981570952335
106,7.141963142908924
107,2.965454473738051
108,1.0517416035124223
109,6.70506260966522
110,9.163084365738635
111,1.2342919512987394
112,0.3557730681908422
113,9.07070808384618
114,8.587272941931783
115,7.609134495455248
116,4.724082102718997
117,1.3855252676027165
118,5.468068744390673
119,1.8951163959155044
120,4.161708030376861
121,6.561954352101163
122,9.943508671903874
123,9.942506188031759
124,9.985771593028346
125,6.840044237061493
126,1.7572788017488727
127,6.6011503140340615
128,0.687173968599051
129,9.493840967785184
130,6.917745768519706
131,4.9144414690772384
132,1.2577437402845786
133,8.70718425209433
134,2.0416716031189126
135,3.1337428369685947
136,8.865044042154487
137,8.108851987066263
138,3.2355434408125925
139,4.7398938199316865
140,8.793032625784225
141,9.957353307131667
142,2.4806684174967115
143,5.929463483440176
144,4.311725058319711
145,3.2164443936542835
146,3.9381649018328853
147,1.0272894068426979
148,2.0001683269579176
149,0.8235623283863702
150,5.263663346200036
151,9.70542638932294
152,8.05990310209687
153,1.8902947882122105
154,2.0384063969666815
155,1.996784373879716
156,5.794001432718576
157,3.212985835849682
158,6.548523328064818
159,7.960436981072408
160,7.068847917318845
161,8.728911467202815
162,2.062649493396965
163,2.605533301307725
164,0.9663207359346595
165,5.055183670636617
166,0.1705129589775164
167,8.091254786404399
168,3.4800540543353913
169,6.966752759209682
170,9.25087354794811
171,7.220987759522123
172,5.734305516390005
173,1.6372055315487068
174,0.7770505874656831
175,5.234653581488186
176,1.3868263480572147
177,4.600918361792318
178,8.888418823552756
179,1.058542422080899
180,1.5169575539803786
181,3.804151741684633
182,4.179832426596968
183,5.67480132480215
184,8.224370195538802
185,0.6918398426482467
186,4.430361600910493
187,8.460400284851822
188,5.693384426987941
189,7.021659757600068
190,8.65871582613668
191,5.917750578950171
192,5.018327009605437
193,4.431851764748129
194,1.6482605363941873
195,6.001775761173901
196,0.6990221677502624
197,2.0349423163836478
198,5.330749750753794
199,2.970067911704337
200,7.661604708494979
201,4.428592676320597
202,0.6431849546413356
203,7.130830452274441
204,3.494597594281977
205,7.902158912412895
206,0.11429281499906105
207,6.329192868905093
208,7.429087565584595
209,5.249134046657789
210,5.986972443635921
211,0.9453543158131295
212,3.4860374427131777
213,4.987122831742363
214,0.866418850804347
215,5.002253164448073
216,1.017405832978048
217,1.2221604436432079
218,1.431554735607634
219,7.173829842207213
220,5.178824432687663
221,2.814352376053745
222,5.878731304230746
223,5.034096153486165
224,1.1534092122145172
225,2.8756216928473126
226,6.719094406893785
227,9.159666339360324
228,4.328609479130081
229,6.637062048463687
230,3.5955669324185866
231,6.185224548386348
232,2.7016087817052483
233,2.7086748725319216
234,6.805386596726148
235,2.0902561127153745
236,6.8498688117369975
237,1.5028899934479498
238,7.550174910486642
239,9.157903413251084
240,1.3216644020217139
241,2.5420933849283114
242,6.042237871203389
243,6.107964950115064
244,4.7569698789510335
245,4.023313121178436
246,9.502653611382021
247,4.479409363106163
248,2.878768405910062
249,3.8194972348651834
250,2.7449813022638594
251,7.676417581626609
252,5.199288273998242
253,4.0512937480062865
254,3.277182482432285
255,2.426452125228742
256,6.347667223005238
257,7.849305630844858
258,4.2613707760960295
259,2.9691374379208257
260,5.255954896715131
261,2.5661788407213595
262,7.084448062574582
263,7.26839521421227
264,0.7511153639328003
265,7.015580993841834
266,6.609078175574031
267,9.048369772601566
268,6.689713021717616
269,5.688507390746849
270,9.818247712496646
271,5.935906239372938
272,9.430788209793006
273,6.465555595786902
274,6.570045551830624
275,7.391756826530745
276,6.449900457015885
277,4.626232902719851
278,1.3665960968724191
279,2.2361865862254118
280,8.63173132144308
281,7.291977124558526
282,6.165956380564176
283,3.4012687067204235
284,3.717184953311946
285,3.948513876130739
286,3.75185414131344
287,6.0111560399764885
288,0.6038192183633434
289,5.692577779176054
290,2.738630660662303
291,2.9464914020706394
292,4.255151756380507
293,3.605572455232219
294,3.316576878731483
295,7.19661953768406
296,7.580244583226917
297,9.83238001343804
298,7.575459329131952
299,9.262185212220798
300,8.733256370242993
301,7.580411373514085
302,6.984259507149981
303,6.453300618266243
304,3.598369606603546
305,8.524982583927574
306,6.169991041965772
307,3.0658387722738962
308,0.5970790751536712
309,0.71371441602633
310,5.600597373023941
311,6.855369404184218
312,4.088361531812665
313,1.9420144266583381
314,5.21666771543026
315,1.082084762796033
316,9.764330379866921
317,8.095737428163037
318,8.069894628650289
319,5.798707792648245
320,5.038180221751469
321,7.598024480780431
322,9.648994651048026
323,9.833418775391168
324,3.636956743913244
325,3.995536978661706
326,3.3630169728455215
327,4.064370382198514
328,7.002133573812921
329,9.072645313678192
330,1.693994575981499
331,2.4767358050922996
332,8.869290639963966
333,5.1730440426744195
334,3.3805851359239356
335,5.874688007212897
336,2.5422711709147214
337,6.1909873527172925
338,6.971735580956617
339,1.2525152246467965
340,3.3556669199612257
341,6.017803557351834
342,7.07186553257327
343,9.958645538388161
344,2.876726045863166
345,3.8403724178000753
346,8.536232842671957
347,1.561810815988153
348,3.526018057505163
349,9.082835007246825
350,7.944128386206698
351,5.970888626618007
352,6.028632369915709
353,7.349400063245832
354,6.9881811327106425
355,8.966773553352981
356,5.974192678105779
357,5.971281535595016
358,0.6611546541117818
359,0.20210836251732733
360,0.8573233960207091
361,7.30349806185738
362,2.5016715804985887
363,9.655873202272785
364,3.312989085117735
365,8.407993096668807
366,7.193211374095655
367,3.57436855629557
368,5.488237759476554
369,3.5413971642363573
370,6.965155442975637
371,6.68918534294643
372,0.4436396888333748
373,9.38498995387229
374,8.511459109628523
375,8.419631878043667
376,0.5657394331056996
377,2.416355083347491
378,5.746554434191349
379,9.039991055803608
380,7.367420482974007
381,4.182120294333089
382,6.704359958024336
383,4.0505378924495465
384,9.856988449704273
385,7.034635269054848
386,5.502009395972625
387,5.198739703246774
388,8.125764939863434
389,4.591741948095943
390,5.914967619002018
391,4.911782694140942
392,2.6181698177128148
393,8.346308722685986
394,5.766532420811636
395,8.35616424900872
396,8.512665789266865
397,3.761650363155791
398,9.052591306026386
399,2.739611418237752
400,6.074928846733026
401,4.05747313667101
402,2.6871820144422447
403,0.8029999934227872
404,5.4586816649863525
405,5.045488149572134
406,1.7511006744894149
407,4.438145060535421
408,4.184473120074418
409,4.881542854688022
410,8.878783463952045
411,9.040566364974458
412,1.7174228050266478
413,0.4374818877004153
414,5.211954489221289
415,2.848291449019005
416,5.889395268063457
417,1.5446696387179464
418,8.431583404480172
419,3.2518839031864237
420,5.449392292525873
421,8.362074701296835
422,6.914248905045424
423,0.8062079931670748
424,2.6802453107600113
425,3.280895939136936
426,7.620970111239239
427,1.4366887525417145
428,6.7937404388283715
429,3.6433150106000887
430,8.197186566527629
431,1.1317693316834856
432,0.17690301544972692
433,6.557008706612489
434,6.988918164216601
435,0.1789469429392468
436,6.243679227420246
437,9.748390145305981
438,0.9180940825710354
439,3.0395543580565616
440,2.0077609466457993
441,4.21972048395199
442,7.288593559988443
443,9.588160716246584
444,2.1042375718104753
445,5.0874471324407775
446,9.968388430348407
447,5.2574497818901
448,8.472279899881464
449,8.607171258173524
450,2.678616175929448
451,6.745270587809966
452,1.5843029424056059
453,7.754714902034365
454,9.358546000705442
455,4.644893315352078
456,9.278460373807201
457,4.792199840252429
458,0.25534483864700575
459,5.241601725870854
460,5.447042288439399
461,2.210501168070077
462,9.71769535322987
463,3.9816635293257314
464,8.218014868184502
465,7.459266772327349
466,8.540607454057847
467,4.240445939140306
468,2.6490913269676986
469,1.357510124948343
470,5.279345879402992
471,4.9155865248951764
472,1.7011285689381166
473,9.001907571920814
474,4.5623460677619665
475,3.71052326230968
476,9.140152054146577
477,7.170999135124387
478,3.856300834524323
479,6.878903123953127
480,7.51193589693203
481,2.6403021750619446
482,8.399017470899155
483,4.9880877892669035
484,5.4393563901785855
485,4.914492349475907
486,1.339901554052618
487,7.868461375321112
488,3.3825968299304567
489,9.826301458095678
490,4.484816539706768
491,2.405313026358301
492,4.992628745735276
493,9.83431153902149
494,5.256088844538916
495,8.464048485269931
496,5.858761148176067
497,1.7952915254420143
498,8.723253836126515
499,6.1335448328192
500,3.745351926471412
501,4.746109874467142
502,0.7828004680599928
503,3.2841582969748937
504,9.140165068293047
505,1.0756085408150515
506,5.333520365470985
507,2.1701069892986626
508,6.181497500510513
509,1.064457069672576
510,1.0325449813084986
511,3.554742567530943
512,1.5038777900145583
513,2.879030529477553
514,8.377229952822674
515,5.676187419975239
516,5.2051973622606615
517,9.135757007863715
518,1.2323966425272688
519,7.774979957845583
520,1.4254807507322733
521,8.022725532752032
522,3.8532743704312296
523,6.395980447812019
524,8.717268368897441
525,2.3209170367929066
526,4.763951029841876
527,8.926716528000012
528,2.6569953486492266
529,5.451499942978555
530,3.056124105712199
531,2.59285547789056
532,7.754752324938981
533,2.4221478345340315
534,1.8100006041266647
535,0.1282836807428793
536,3.492253215904732
537,2.6257243135795294
538,3.6127336779750796
539,6.741174708211145
540,4.064445023871527
541,5.557609919923895
542,2.8511905001932067
543,4.875981827842458
544,0.5109361783425163
545,1.6787414422832714
546,0.518283331381046
547,6.242972550740185
548,7.28547654952112
549,2.430694123849302
550,4.517951371662315
551,1.4579950784551496
552,9.868385247781768
553,5.859412610456858
554,4.457858176555016
555,1.065744030195442
556,8.58170671609837
557,0.9045661429463444
558,7.980897963449339
559,1.0999900432269285
560,9.123204893138038
561,3.716553568010594
562,9.223521427386839
563,4.240024859339235
564,8.561976344079868
565,1.7630556859537947
566,6.1767088477030025
567,2.211274320188031
568,9.41947458801718
569,9.472943395036923
570,8.088168000795855
571,7.62136868226445
572,0.5232336260245517
573,9.518666019510809
574,4.545511518758394
575,4.3735011723729675
576,7.833345332720611
577,0.1734311279463
578,7.787819779711518
579,7.857838636504656
580,6.525309088468649
581,4.6534419660549995
582,4.272831728415925
583,0.11811908689378607
584,1.0349060592736519
585,3.2203360557434917
586,5.289526793899154
587,5.444296869413679
588,0.8516254342168152
589,0.3485799540502402
590,9.408472183773688
591,0.6293596997425225
592,1.9871068809229722
593,3.1439684217758908
594,9.181720206055344
595,6.415516751728354
596,1.805609536731001
597,8.24990146595907
598,7.866367724977817
599,4.853060843175608
600,2.5696304744444514
601,3.1275137855889925
602,2.4799705246969728
603,3.9471217328971266
604,4.235086415859352
605,9.442350338682783
606,1.6535157735407846
607,4.18505152705342
608,7.046434590282101
609,0.8941788587778239
610,1.5170259706842502
611,3.463929954839462
612,7.840533118455301
613,3.594885604194286
614,6.196965270643717
615,3.503229453230769
616,5.607765111082236
617,3.534770247746129
618,8.22763795934759
619,8.146488749036056
620,0.16992910747415335
621,4.789278348947339
622,5.323543541174518
623,9.279260233774547
624,4.355426148573502
625,1.1787112043610548
626,6.576294479757295
627,9.66217088439192
628,2.051535451295409
629,7.285411911407517
630,3.5113719042057876
631,9.489838475463136
632,7.4543046682797005
633,8.227228026328268
634,4.97679800322364
635,1.6780618758062746
636,9.813032015925948
637,0.3264475230506535
638,9.95404980509342
639,4.813282580353363
640,0.8563758000530677
641,5.486096555950851
642,9.620282735687875
643,1.0588597703280966
644,7.1231503910726515
645,6.269614665830167
646,3.8120561058173132
647,4.91647090412667
648,7.5390375444531115
649,0.592743718547653
650,0.3096063215315531
651,3.04910799660347
652,5.343212671914194
653,3.1551371783738875
654,3.8170711094206364
655,0.4576601133770528
656,1.3800248287103272
657,7.290423928945264
658,5.0630482922189275
659,2.501261088527881
660,1.1866435562479434
661,6.255157371477657
662,6.512790634019385
663,3.5330502167143933
664,1.0725409594337298
665,0.47435657359790206
666,4.162220933960505
667,7.396028889123561
668,5.649333841503432
669,3.698809708387513
670,4.542750319488614
671,9.47170291644814
672,8.928204031492774
673,8.885875452078885
674,7.228837388149052
675,9.406250674439349
676,1.825628453973512
677,5.913909890196777
678,5.138289618065978
679,4.924935809562086
680,5.775560772742436
681,3.321189940983251
682,4.346327747127592
683,8.455210300236159
684,5.692935783432366
685,5.679959257779959
686,3.1074683716224896
687,3.5917352412399755
688,4.613720313949033
689,6.802885213277049
690,3.1934728477717247
691,0.2720216151083482
692,1.826431748600198
693,8.916710175361263
694,6.7155638477068305
695,7.000893401387644
696,3.517941882712327
697,1.0838896262284698
698,0.5582039281769973
699,7.399083137816351
700,0.24787697382558932
701,5.663938138441267
702,8.306376185796665
703,7.753515852523594
704,2.2327556034206877
705,5.429289278222766
706,6.343064129382393
707,4.45746972568902
708,4.333117874590596
709,0.586559963640808
710,3.5512565476580322
711,9.719167481529263
712,2.126938621806327
713,3.716817081552629
714,2.863593969428061
715,8.947350815074689
716,8.89765758796835
717,7.38592446239084
718,6.222035474823946
719,5.633460641490164
720,8.908564142781653
721,8.728488503638696
722,7.8768777114414625
723,1.3072691726274202
724,2.6566922514624465
725,0.8186795433869224
726,0.8047466837865879
727,9.799909690140082
728,3.2761876292079273
729,6.049632783018734
730,7.219502740785554
731,8.227589591028677
732,9.524343094431151
733,6.102281879895213
734,8.753506967527073
735,4.749073615595763
736,0.5077715606055906
737,1.174443094916012
738,2.344348309749866
739,9.24516147740437
740,4.957227029352547
741,7.065257141975317
742,7.034607869126711
743,2.5088542069892092
744,4.666346276074455
745,6.619688835557064
746,9.13046557010157
747,1.9938887430191528
748,8.756767471473344
749,9.14667250858993
750,8.00684620948927
751,4.668362544628159
752,4.991248098973873
753,7.795476301537137
754,8.00883248524896
755,3.201107118478152
756,1.1350280778421258
757,3.6143970022730287
758,1.2329551273827644
759,0.5324310987299993
760,5.591876009629638
761,4.903415698391307
762,2.1341878079527787
763,6.122571651272908
764,2.4420147895213233
765,6.491459623282201
766,5.447762816402412
767,0.6008414950164698
768,2.1308916777222544
769,1.467069067745645
770,0.30741329937768763
771,5.396017795331464
772,6.201086444522864
773,8.306739745509685
774,2.765942541885951
775,1.3543888981797398
776,1.363204157793926
777,1.770473873877339
778,2.2794493263023643
779,7.0036440878357284
780,1.5860798799942597
781,6.459396487464192
782,9.944364385121625
783,3.8414224906910652
784,8.210948386306221
785,8.72980940792973
786,5.508258860963505
787,6.2922860609149724
788,3.1269518567577466
789,4.535437824001076
790,0.33235814165731514
791,9.9364027110421
792,1.29066453035266
793,4.527510007148975
794,3.119860207462461
795,4.574563786459948
796,3.832268648644129
797,2.960690929390359
798,4.576243800098739
799,1.2976318642095683
800,2.6319827949392955
801,9.650186268724026
802,1.7495706923857035
803,8.385643636608757
804,5.993209475795086
805,0.31814924113910825
806,8.597331092221513
807,5.861771280742134
808,4.813026786965963
809,6.486261017770567
810,2.4519980773992014
811,3.5706643496519237
812,0.7155372805515757
813,8.231038340695726
814,0.9264030239195871
815,1.3481907332327947
816,4.5823384707949835
817,9.978549967945774
818,5.792789294822967
819,0.9500282696858131
820,6.4557551366041315
821,2.131282783913509
822,6.952132912464038
823,7.599338721118152
824,2.4182391034437534
825,6.1548510498531455
826,7.335989235489599
827,6.646155149689871
828,6.5146251768440475
829,8.766041591469456
830,4.685237355684637
831,1.530279939370739
832,0.4172615089700691
833,2.4264100498549888
834,9.287261085973533
835,2.508049987513164
836,9.291858488100925
837,5.13258327106995
838,8.776293443279904
839,9.30749839125829
840,5.980178303187368
841,5.50033910905129
842,4.981580551902901
843,4.090917964462566
844,8.838104036978644
845,7.4138186599131775
846,7.901180774019471
847,8.474582998772618
848,7.327800506066793
849,4.823380278517584
850,9.470801522293478
851,5.5152973779024785
852,0.3173830423566819
853,8.036521650729945
854,5.117924103872488
855,1.1971967343950594
856,7.061175530463641
857,0.8491545360778526
858,4.089388858563487
859,5.90618945019775
860,5.271710114676876
861,1.3326684903189865
862,1.469091945771476
863,7.54503503048747
864,9.069588541657229
865,2.4873455463172682
866,0.7952010691052681
867,9.31742056324308
868,0.894190642545157
869,8.960119053439008
870,4.233000498166685
871,5.82041745845407
872,0.21779175278322505
873,1.53185315680282
874,6.760127650600631
875,0.7814509523024432
876,8.234983841550235
877,7.028641932977471
878,9.623287199152967
879,9.82886938535998
880,7.448826963033409
881,0.6759886031573079
882,6.620964138689494
883,5.914554624216009
884,7.084896014502662
885,1.808093471044944
886,7.437497021492094
887,7.380620660372435
888,0.9619443238708046
889,0.1489644935603864
890,6.612688837717047
891,0.9749541943581471
892,9.106055938214778
893,1.6574988685696288
894,3.9362710610399563
895,9.016129818574141
896,8.835059057851169
897,2.794588190190132
898,3.874484588762031
899,3.4687205082163644
900,8.801381330882647
901,5.937994319188092
902,8.217502860101632
903,3.806374920374163
904,3.0653093260007758
905,4.722222036773173
906,1.32633453245899
907,0.20020851536287748
908,2.5831993854659534
909,9.152009635017894
910,1.6373436831098702
911,5.192979684792425
912,6.7199131194394885
913,3.6173482179546945
914,9.236191363021245
915,2.711457988302286
916,0.3565877782411009
917,1.588778478610809
918,8.028443675746837
919,0.948733035273838
920,5.618359516268066
921,8.496619612543713
922,7.478114876255973
923,5.245198075053993
924,7.8897271746229904
925,9.470581582506943
926,4.410382966964626
927,8.002484339625338
928,9.489069952557234
929,0.1563892723154845
930,2.6521329038123644
931,7.218649398206521
932,3.8835170985724687
933,6.974189547384159
934,7.009683299515151
935,6.035839293651333
936,2.751642603515488
937,4.138505839462493
938,9.730921863883278
939,4.10122518364057
940,1.2369413287275688
941,4.590210139304352
942,0.16598169203147983
943,5.1548970682582125
944,1.5304038449182573
945,5.511258106422564
946,6.5251868860971936
947,0.35006228954716234
948,8.456912769112572
949,4.811998206906942
950,4.44298545217301
951,9.60637750318083
952,6.578569614233053
953,4.601568491950043
954,7.473461534353393
955,2.3880942705243555
956,9.998500362719554
957,2.7492442582807333
958,0.21584554392590535
959,9.986200929450373
960,4.760408863120746
961,6.231988027993447
962,9.226940151894608
963,4.6838858185447165
964,6.4134560748048735
965,6.1094801452326974
966,6.8838154674415755
967,7.341333803481262
968,0.18331627458874222
969,7.786316510825053
970,7.8019084989189675
971,7.505996625266907
972,5.496642742511107
973,9.605110500202416
974,1.3061724786966387
975,9.72222603044885
976,5.547779575785056
977,7.629670635294743
978,9.890001855598136
979,3.261756075983777
980,6.99839704971113
981,1.9596549787627409
982,9.440776262098408
983,3.1589604268743448
984,7.805647934111087
985,3.3341241399111508
986,9.085626933321928
987,5.0608960663578335
988,9.263642003245732
989,5.439292480483431
990,0.7443818133237489
991,3.306486656639099
992,8.40961092802792
993,1.8933103346266904
994,9.919220124542402
995,6.871185643853362
996,8.913046396644525
997,8.957445515815136
998,7.142554878912614
999,5.4851262137313945
1000,5.487129360089946
1001,9.479412077403133
1002,8.328923020683126
1003,0.5224524699190614
1004,6.140718878038298
1005,3.6517060104755275
1006,0.33673653643062806
1007,8.62814497939324
1008,4.059222436421796
1009,5.099213188241323
1010,8.874165268482642
1011,9.435331003385562
1012,7.750384897576211
1013,4.834703853339215
1014,6.759898791771141
1015,8.866788747890677
1016,1.947916628017084
1017,4.0561271816403766
1018,8.449565736087603
1019,3.886903141016607
1020,9.220161456121811
1021,4.1986661463109565
1022,6.289330960318002
1023,0.9488608438869995
1024,3.3420259921903006
1025,8.921067000198805
1026,2.0974185175917115
1027,7.631625263648211
1028,5.662731185558897
1029,1.9955596786955807
1030,3.1146319912539155
1031,1.9149980765199943
1032,8.852849283247581
1033,8.97455537495646
1034,2.1872814517045387
1035,3.993764622975661
1036,1.5266283198489485
1037,0.44711852954706377
1038,8.508376378475893
1039,4.869368806487983
1040,9.270822797647082
1041,1.8747582795410915
1042,6.16772148915465
1043,1.564136085101381
1044,9.935206582881591
1045,5.584610073933169
1046,1.406021504505416
1047,1.81892132780958
1048,4.42461111548814
1049,6.0181849264506555
1050,3.5117554005421496
1051,0.3986101938149894
1052,8.738566983921793
1053,1.3945861706564449
1054,4.627506010559061
1055,3.630315991554419
1056,1.9518353815948084
1057,8.779936818758067
1058,6.290471075124426
1059,9.89931269418654
1060,6.446363904080567
1061,7.6828865101490065
1062,0.2848160428174341
1063,6.011502132296215
1064,2.410002858101136
1065,8.500354996513254
1066,9.111839430990239
1067,5.601944326570859
1068,8.301263029951997
1069,5.292765036306396
1070,7.138000875085941
1071,2.4770449284849123
1072,4.39515039303208
1073,8.517390048573949
1074,9.739852718652068
1075,2.7158035816123287
1076,4.2942592731103995
1077,7.108071586311948
1078,5.725469909596059
1079,1.809094278461998
1080,4.643196741294505
1081,9.296105314812698
1082,7.89530041946462
1083,0.8814428841726196
1084,4.1806787778078265
1085,2.0803020682836495
1086,6.8925350422232015
1087,5.356360790276641
1088,9.315626178323454
1089,1.077096097433477
1090,3.13821046438494
1091,0.8173702859031483
1092,0.6132884324638346
1093,5.477768520194349
1094,6.402681416911433
1095,7.597287658841423
1096,5.730570979043361
1097,4.962654992862184
1098,5.336967509285427
1099,7.013378848909649
1100,3.959894156799636
1101,6.828983226124804
1102,3.643005702034917
1103,1.2317842274601327
1104,9.495756274255069
1105,9.07865076571465
1106,8.860422260464576
1107,5.905478201609081
1108,3.59925357085617
1109,2.8799004796943546
1110,0.9951024619473834
1111,6.575444401491021
1112,9.738841063172057
1113,8.818495049218374
1114,0.5120500436060957
1115,8.19629540003102
1116,0.2592198068276934
1117,3.6439983276509875
1118,3.6262888191212155
1119,9.687267157289273
1120,0.8408332859803054
1121,3.4384573809115224
1122,4.070705992512459
1123,7.930568072244103
1124,1.8777794684972884
1125,8.689990698378825
1126,9.821191896744661
1127,9.067520709537975
1128,7.188354224272741
1129,0.19253756799216032
1130,9.138907017004202
1131,9.70850537933792
1132,0.6749674809294721
1133,4.808352635067324
1134,6.082620932680802
1135,3.396794979117574
1136,3.381525402769892
1137,8.488467963227258
1138,4.962220970340119
1139,6.978612746985395
1140,1.2719569398888235
1141,7.362188143716569
1142,6.350767580026905
1143,4.5529038750408075
1144,2.4956299927646746
1145,1.214067259382428
1146,1.409574063799575
1147,4.556511396570637
1148,7.005120193177054
1149,5.511145369257387
1150,1.5554389529284751
1151,1.0871645824410254
1152,2.645378864055446
1153,2.242413831717823
1154,3.997492783528932
1155,4.14544687025127
1156,5.416641040581169
1157,3.3412076441945513
1158,1.8279132403524063
1159,4.211209668803848
1160,1.8820438828394892
1161,8.481964367044334
1162,7.236851379551495
1163,3.0816928895991618
1164,1.4955447942925943
1165,6.834416887488122
1166,8.105541834719682
1167,8.157010146468888
1168,1.1182107958883667
1169,5.9528932909881265
1170,7.001110674260753
1171,3.7769417472735927
1172,6.333715537532604
1173,7.398417547970576
1174,1.4885138359734402
1175,2.4137031182331534
1176,2.740849875745045
1177,6.266869053588695
1178,8.955965805671767
1179,3.1529944888809034
1180,6.928306207033052
1181,3.977037961663007
1182,7.126015787187882
1183,5.704847715771037
1184,1.4986811963520505
1185,3.527946558129004
1186,3.826322575640992
1187,3.87561340679138
1188,0.9514230913804613
1189,2.552417755911988
1190,6.226685721384654
1191,6.205615797621606
1192,3.3761020512577757
1193,0.8548060274259519
1194,3.418896702469092
1195,6.972766228642251
1196,5.740446665245258
1197,5.701763536144817
1198,6.773054376601355
1199,1.015151819574125
1200,0.6914702542542149
1201,3.3107488933779647
1202,5.907417853892734
1203,0.13045008261779567
1204,4.05466323330521
1205,8.074827232890403
1206,8.046795614974913
1207,1.90927166147572
1208,2.812119624853792
1209,4.258510687019897
1210,4.2569492126761315
1211,2.105894117827411
1212,6.087219267616004
1213,3.957451286593604
1214,7.783544199973666
1215,4.0413706036809085
1216,1.610094914012221
1217,5.16434431198438
1218,6.389460693349516
1219,1.3836158977116013
1220,7.639580586903852
1221,9.422048261989655
1222,0.4131653554447048
1223,5.267408920373413
1224,8.942468539427841
1225,7.913549429024558
1226,5.592732216473605
1227,0.2620090573032057
1228,5.752183073269533
1229,4.94462005177615
1230,5.150883435082834
1231,7.306231165161421
1232,4.345950016318488
1233,9.612218341858712
1234,4.039040942649305
1235,8.541614023910956
1236,5.300427844695671
1237,9.454189987331013
1238,1.2625610260491753
1239,9.482827140636916
1240,0.383646029895772
1241,3.845815905302303
1242,0.1764352846843022
1243,9.578720167269868
1244,6.1052634922125515
1245,7.572650610102398
1246,1.0666208791886724
1247,4.723262511239285
1248,7.259784373016147
1249,1.2908142763375472
1250,8.262950012280102
1251,2.4227933124827743
1252,5.876614905957753
1253,2.2533961370234343
1254,4.940202955392517
1255,4.498287177877187
1256,1.6792231653696157
1257,9.052700755693062
1258,1.355354965168503
1259,1.4308253811634384
1260,9.106923426729919
1261,2.1278790486905845
1262,5.870349549342576
1263,3.3191884692188327
1264,5.32549377511234
1265,1.5359790349515816
1266,8.99615258300099
1267,9.683777434512292
1268,9.041158847902633
1269,9.018580181250359
1270,1.2159974804177243
1271,1.7316366779173273
1272,5.024308300623097
1273,1.305004337586385
1274,3.1927762193539513
1275,4.40621739238974
1276,4.066148266994149
1277,0.5388893180309052
1278,3.914691183374505
1279,8.9336445593625
1280,1.9419352308603473
1281,2.7347714255004116
1282,1.7055924185968347
1283,7.903731814588399
1284,9.086959029772085
1285,7.036063613589793
1286,5.9019146518181005
1287,1.6688181442076455
1288,7.703099250897644
1289,6.241906738609099
1290,4.363231064681942
1291,8.530132239042905
1292,0.7521960531503887
1293,3.3657122728653057
1294,2.9429406560619387
1295,8.749952662032992
1296,0.7759666135474105
1297,6.537028633125968
1298,6.674074414205985
1299,4.185349731067168
1300,6.345392645942282
1301,6.064127902891818
1302,5.7419327886835
1303,8.440270435560807
1304,0.22781052764908702
1305,8.157499628193554
1306,2.716457065711384
1307,8.064222242989088
1308,6.844984057282546
1309,3.407481411522725
1310,8.775610621932595
1311,4.663008554438987
1312,2.101405304169739
1313,4.709219042052653
1314,1.4459910326002854
1315,2.922817627983796
1316,7.344881500893009
1317,1.7169565588594118
1318,7.124014463455965
1319,5.221312482762075
1320,7.927856750396611
1321,9.453620018577556
1322,8.629802595139292
1323,5.72976342261412
1324,1.4229350521273967
1325,2.5363761634344826
1326,8.007494994284798
1327,0.7865612339790963
1328,1.9970568286998656
1329,1.041241310822237
1330,4.857180960520048
1331,0.4234212543714492
1332,5.421024555088427
1333,6.14416856696061
1334,4.215963681256235
1335,3.8208044800475744
1336,2.300685966800086
1337,6.8471843738648905
1338,8.708411500289948
1339,1.9936695960280686
1340,1.182733183313485
1341,4.76390396583181
1342,3.0232894188615846
1343,6.780801326373024
1344,1.7316522823692104
1345,0.8242977424494228
1346,5.037279877023154
1347,4.344640973753627
1348,2.670567587695859
1349,0.44299186825220527
1350,6.894082497295077
1351,2.609372409630499
1352,7.946137450242876
1353,4.004651258927677
1354,7.418299310582078
1355,2.41722385548675
1356,8.128556982727519
1357,0.8026081269139713
1358,7.8932501263648565
1359,3.995372064028385
1360,2.422953281829427
1361,2.854606225796386
1362,6.707695220283531
1363,2.8604233477340535
1364,4.449420993806609
1365,1.148669066538186
1366,4.497810931228616
1367,3.8177076730008612
1368,9.812954079838683
1369,5.754127309695591
1370,7.83142831593524
1371,0.42151703314670075
1372,8.604409687236984
1373,2.464570326688444
1374,1.6377003998406015
1375,1.73021583734166
1376,8.431461811997064
1377,0.4851166862643881
1378,4.938940095768182
1379,8.504680072378406
1380,1.0541550762399479
1381,6.618649120111933
1382,0.7462200873982212
1383,7.9862540144629595
1384,7.618102145057878
1385,2.065583344463196
1386,0.9781543653850134
1387,6.7686354614268325
1388,3.144938354921138
1389,1.2202510728187588
1390,3.813568481053651
1391,2.8993913081667424
1392,8.827405314002629
1393,0.8839445987638561
1394,0.7619131108235329
1395,1.3030913335877627
1396,1.684752265858492
1397,9.432567950570151
1398,5.693940225658397
1399,3.374452715441285
1400,5.609315274809431
1401,7.551861902757122
1402,9.111739583130714
1403,3.951588280744593
1404,2.6768380174481803
1405,9.264440934666524
1406,8.611044907483441
1407,9.55214498815963
1408,4.696563652739358
1409,4.262941420211317
1410,2.7959684916171255
1411,8.564942397281959
1412,2.5109614786459464
1413,9.850467597805666
1414,8.266910556033125
1415,5.553255432937497
1416,4.0906065237704325
1417,2.1265823949686573
1418,4.758809810763838
1419,6.500281265061116
1420,8.87966915720947
1421,7.15914523321192
1422,9.399832629686077
1423,8.940869978354904
1424,6.159188432732459
1425,0.8993879097188432
1426,2.328607671666131
1427,3.389657599840737
1428,9.735651413051952
1429,0.6980000753738446
1430,0.14185443434803086
1431,6.540089467263417
1432,7.225931609199899
1433,6.481583818797858
1434,7.993285630853697
1435,9.906861890687127
1436,2.1516239933152
1437,4.030389905264735
1438,4.979641876735201
1439,1.3231796029755973
1440,0.7779244712634271
1441,4.275235931315925
1442,0.2821603111578817
1443,7.098685768508506
1444,1.4073328382629338
1445,6.109881881097227
1446,0.4431022956748075
1447,2.0917282652834976
1448,8.286082837195316
1449,3.8575987904150466
1450,9.569471348988886
1451,1.6375549070447244
1452,3.001976273585216
1453,9.880770952638189
1454,7.260015781434004
1455,8.54928819280336
1456,2.9004266997555765
1457,4.4146457218149795
1458,8.96388229181325
1459,8.984660874456393
1460,6.486010483707469
1461,7.220196342825067
1462,0.1275744856973991
1463,4.692997058153295
1464,6.787306273939315
1465,7.139790601426917
1466,7.9689324785987905
1467,7.917199499794651
1468,9.23670852978628
1469,8.27324670578515
1470,3.537993851286151
1471,1.8433828917374935
1472,6.2105970829560535
1473,2.756704289838624
1474,1.0308378665076825
1475,8.239409690441828
1476,0.3283852160575067
1477,4.630712420355363
1478,8.01843685543694
1479,2.4082559866468283
1480,0.2833277133661053
1481,4.751478655815565
1482,1.0805210094785997
1483,3.947770519557789
1484,4.075872338672975
1485,0.38461838931862946
1486,2.0496090396201176
1487,8.199335855229242
1488,8.966372932348323
1489,0.765699392388487
1490,9.211330716037887
1491,3.3468168830495735
1492,2.0974101128221645
1493,2.765551740428931
1494,2.242543701301059
1495,2.66820791862819
1496,9.767099498945182
1497,5.978192832624685
1498,5.2972854393428745
1499,1.955020639000637
1500,0.9719067089713967
1501,9.053908427701607
1502,9.527196871097344
1503,5.128486028102193
1504,5.483220429599872
1505,6.73932342712311
1506,8.277449110544005
1507,1.8226268042735656
1508,8.296283465330573
1509,3.694253644032851
1510,3.501088841890728
1511,8.978443560080315
1512,6.271897317762545
1513,5.220499999297365
1514,6.91852768715307
1515,9.713421049991055
1516,9.913154280288591
1517,3.115992905084801
1518,1.2874047903635786
1519,7.5188598268744125
1520,4.47346830781057
1521,2.3307317197064172
1522,6.730015850411657
1523,2.5406456063813323
1524,4.087122906754801
1525,5.063988766411784
1526,5.549767407428001
1527,5.662322508046439
1528,1.4636915168778841
1529,8.725053805525576
1530,8.06358109699125
1531,5.449570107756934
1532,9.309124306798013
1533,7.352846659427025
1534,8.171043513900502
1535,7.384730288891713
1536,2.995164614107087
1537,6.815344930776192
1538,8.456536144096576
1539,8.939569253567415
1540,9.149236155524786
1541,4.123249964897573
1542,5.805057677674574
1543,9.84810153779582
1544,4.644312996903758
1545,9.502879127047496
1546,6.553693796414563
1547,0.37337841499243807
1548,3.7409776926667955
1549,5.116513242169317
1550,1.8959506875643901
1551,5.781853863618801
1552,4.516007093382362
1553,2.4194221962788047
1554,5.030333410731984
1555,3.8255143976774946
1556,4.278865815944521
1557,0.37384981135632467
1558,2.242631372696076
1559,1.2815913368977343
1560,6.027273519735873
1561,0.6459748174953959
1562,7.58030392325694
1563,2.190929090907991
1564,4.637896843379579
1565,1.0495576325953073
1566,6.650100000866401
1567,6.867596485158609
1568,4.4434113410917755
1569,7.954602520274809
1570,5.157691872651168
1571,2.5035923154056237
1572,8.389172371144095
1573,2.45879599849018
1574,2.6104553142764177
1575,2.2719935266555735
1576,7.676587170065421
1577,6.327346675405632
1578,8.394846404850863
1579,8.759747283023149
1580,6.100627787408576
1581,6.529731164772812
1582,5.82333684829873
1583,6.581152104881132
1584,3.670605251604287
1585,8.589984417089767
1586,9.037391506048648
1587,0.948692205192191
1588,1.4005713040397743
1589,5.032965593858774
1590,9.75169945266365
1591,9.98541015441183
1592,8.430734706391831
1593,6.342932395358823
1594,0.445013830877936
1595,8.014241985760435
1596,6.776809580626468
1597,3.9905305047027473
1598,2.917503209303758
1599,7.050756192667012
1600,8.550403561860266
1601,5.788607858430644
1602,4.927346661893111
1603,8.082084814098307
1604,0.9657064198500765
1605,6.967709093084875
1606,7.452263098926139
1607,7.900114180295034
1608,7.4241567616431245
1609,9.056436431832735
1610,5.502852844093232
1611,6.7686594283861865
1612,6.432979641629167
1613,2.4588321142894194
1614,2.1705361509120693
1615,6.826189907578689
1616,9.544932806400933
1617,7.378237314679332
1618,5.469926518804908
1619,0.33764179714524245
1620,4.588082174533879
1621,8.879450381416733
1622,0.6359757896384524
1623,8.85867842352472
1624,7.942433699725299
1625,8.55560467771326
1626,2.7187845914169477
1627,0.6297906425808117
1628,5.967354209030021
1629,5.6090454366520826
1630,6.585591878638302
1631,1.8059732586457733
1632,6.332517598670042
1633,5.504618281049241
1634,4.085337397138478
1635,4.9720383710788765
1636,1.642780350504646
1637,8.599300175809445
1638,8.178226019523775
1639,4.355421330135025
1640,2.379886337580793
1641,7.317992697221422
1642,2.9572638287182045
1643,4.444144979804642
1644,2.6107140852196897
1645,2.454567526499868
1646,7.3892016964808525
1647,7.903191532708726
1648,9.501054761377135
1649,7.661260652194708
1650,5.192691994628992
1651,8.589084960405511
1652,4.731230617130908
1653,9.345057947914475
1654,4.716696304537509
1655,4.277196919397486
1656,7.204813501919032
1657,0.7163469367567614
1658,3.8258538188416003
1659,9.03966080238169
1660,6.065596022132176
1661,2.789076642020589
1662,0.4858371666766007
1663,2.7031827243639843
1664,0.3997517208358642
1665,0.2238307798314942
1666,6.8318712275691995
1667,5.519681692802764
1668,9.783692903206326
1669,8.602964888460324
1670,4.6257445390253675
1671,2.075355600971341
1672,9.683926064588054
1673,4.782250033105637
1674,9.143971729070454
1675,5.108905874208401
1676,7.152843958250579
1677,2.178531046340061
1678,5.742698966843529
1679,1.1387989162036298
1680,1.779476653854983
1681,1.9520495468600196
1682,3.63409635747342
1683,4.7033690345948616
1684,7.625500839481457
1685,8.731189309417418
1686,2.726465441276131
1687,5.474815965421593
1688,3.4234273109191493
1689,1.5154898531350085
1690,6.047102319560871
1691,7.152929492325352
1692,6.410027721695112
1693,7.460256632011379
1694,7.356669862645912
1695,3.5488516039066615
1696,7.424545780569245
1697,0.9252867611306294
1698,5.194931809406711
1699,6.282296129457617
1700,4.596836889288049
1701,6.719676500134957
1702,3.745998416648966
1703,7.426093680052003
1704,4.709693309563662
1705,1.0580136212912554
1706,3.075757802691302
1707,9.880340179803119
1708,0.6677322193197964
1709,9.524165379566277
1710,9.974639591303344
1711,7.180147395378176
1712,2.4610403261918714
1713,6.932530550587476
1714,4.32670306751525
1715,4.714057035270343
1716,7.523660373514415
1717,5.875337468330976
1718,4.605364341799779
1719,9.674329671766595
1720,5.359884905834673
1721,4.023261376365809
1722,7.4294598766358915
1723,8.741364354968725
1724,7.234059408078548
1725,1.6654354103579918
1726,5.379329070595658
1727,4.408070277586234
1728,0.7484977688433585
1729,1.6109606056794992
1730,5.644524739833975
1731,6.464804326505918
1732,9.868167887488317
1733,9.439386364946406
1734,4.660532653099571
1735,5.053068451631336
1736,8.545478035856592
1737,2.0877320551105587
1738,3.266209751844395
1739,7.973785705860926
1740,8.693709098668085
1741,2.2778914558803596
1742,4.767237593025183
1743,2.015941605453044
1744,2.4487370767263323
1745,5.24513333964551
1746,9.719555166627888
1747,7.064248483910731
1748,6.388442031292542
1749,3.6868536931121962
1750,9.234314062437356
1751,4.905604564202702
1752,3.2883439547783118
1753,1.581609942320037
1754,6.4845574223892095
1755,1.7315174249724032
1756,4.267827761295378
1757,4.759032936757833
1758,3.4090747663827714
1759,5.023683973710123
1760,7.7070272453003374
1761,9.64211129787456
1762,7.695041381023804
1763,4.966082413923898
1764,8.390445429467823
1765,4.187366596526015
1766,9.0062868249345
1767,8.265151266483135
1768,2.8127882215833324
1769,4.500942399362767
1770,6.245249371337739
1771,5.998616032848437
1772,5.9787606426307836
1773,0.47713286544256683
1774,0.8431838666989572
1775,8.016354125909087
1776,5.026555894391415
1777,7.17155618907758
1778,5.203290967663085
1779,6.377566353814944
1780,5.880959764385825
1781,4.064908041881837
1782,5.865157792785022
1783,8.17333701471387
1784,4.083905306128699
1785,3.684103142274581
1786,8.145680256545413
1787,3.135227139038162
1788,4.31555653461353
1789,1.027548963104946
1790,1.2436732299234108
1791,2.1969502993644947
1792,0.6651547460261824
1793,3.402319037793712
1794,3.1547906537145485
1795,2.191696711539935
1796,2.639299198511479
1797,0.9796227655091233
1798,2.2692250772318583
1799,7.906365582306754
1800,6.697640431320513
1801,9.5219042220846
1802,8.073332109805989
1803,7.541797569641339
1804,8.932808873942804
1805,5.433645974089575
1806,0.20442756183732175
1807,7.155330136660973
1808,8.292677021177518
1809,1.1575342450381874
1810,9.700351555370911
1811,4.197103260745781
1812,6.973411912637812
1813,7.608807051492238
1814,7.233170113733335
1815,3.976363072601682
1816,5.556417549214732
1817,2.4480229417007378
1818,0.6134969519922517
1819,8.927788220823258
1820,0.47930749318359445
1821,0.8061675542136724
1822,4.838588315414071
1823,1.1775630246449944
1824,7.772500423984477
1825,7.263011003664068
1826,5.816039980404329
1827,3.3123460710033057
1828,9.861977806352108
1829,9.739195724937275
1830,7.551034970947046
1831,5.5446108996198475
1832,2.206973930859016
1833,0.5199190526156359
1834,0.3837169939949495
1835,9.038212918839752
1836,2.423778607301926
1837,7.174304673538477
1838,3.630115183061804
1839,2.4367428863175076
1840,6.390223120058715
1841,4.650150028142371
1842,5.0785009007262865
1843,3.3002266648648764
1844,4.794979080700261
1845,2.9743260926208235
1846,6.842345461397471
1847,5.762779169387029
1848,5.034319604983524
1849,7.26461074221868
1850,0.23293992427652643
1851,7.736640150867745
1852,5.45559217783716
1853,5.2396715262411595
1854,5.794374154236762
1855,4.034048516078118
1856,7.330500951808254
1857,1.7860749738275021
1858,7.014170658215826
1859,2.4359837957921324
1860,5.149738259197029
1861,1.690381278612591
1862,1.3209176652133148
1863,9.455891986355955
1864,5.707310229545757
1865,1.953063957584668
1866,0.9788140701343792
1867,9.590131148078427
1868,5.942339789727782
1869,0.8854434331341048
1870,8.35656656061914
1871,6.273620421961117
1872,9.09616328814261
1873,1.685160692293497
1874,0.8872156625763697
1875,4.589526764452841
1876,9.23557376360992
1877,6.741484894016003
1878,1.8193437202737799
1879,5.104023821965295
1880,8.33751377000998
1881,0.56119526458259
1882,1.4890975151069934
1883,5.565976601464065
1884,9.243961166906471
1885,4.866816789842457
1886,7.0927265997053786
1887,0.8973335671055234
1888,4.301274764170979
1889,3.0199187502495053
1890,7.700218716592486
1891,5.473366355168232
1892,0.27000875633377897
1893,5.661103861715626
1894,1.1351374267824579
1895,9.424870654601413
1896,5.7876822432224335
1897,9.296637669998434
1898,8.898224838984762
1899,6.4151387418590335
1900,1.2082044811062875
1901,7.050048442917767
1902,2.1891480749758414
1903,3.6124103279598145
1904,4.103271678924332
1905,8.022267174389512
1906,7.054494315976629
1907,5.887767388824925
1908,1.7839843787584322
1909,2.240478986285012
1910,9.043508959580583
1911,5.396563880012958
1912,2.924723195069175
1913,2.0465039557857905
1914,5.538769250923322
1915,8.07214696126556
1916,7.014487316530472
1917,8.161502218225317
1918,3.5493967455473214
1919,1.069492456491893
1920,1.1344169076750494
1921,8.103513993552278
1922,4.4994824036337455
1923,4.4402291377729775
1924,4.375278169764748
1925,8.886299623688405
1926,3.9418175331177068
1927,0.6651898037730725
1928,0.2290812093140851
1929,5.2864025765782126
1930,7.464462493329036
1931,5.8860075788503465
1932,0.9853451675463177
1933,3.5168058823259902
1934,2.0326006904730334
1935,8.790333000064168
1936,7.679088530584359
1937,2.1576427499558246
1938,4.032302417206743
1939,1.070565785971677
1940,2.1560781921439482
1941,4.261985241471524
1942,5.003248053484305
1943,0.3504832718499018
1944,2.297413332055961
1945,9.567789141413176
1946,7.067132834816606
1947,3.1394651841981265
1948,5.367096812054603
1949,3.567388806785249
1950,8.056182835249173
1951,0.5017626299551017
1952,6.382059470084712
1953,5.080980067118054
1954,7.787865126007931
1955,3.7735989069775107
1956,2.2166790947048147
1957,8.089853469592713
1958,6.361192282339772
1959,6.642361849414943
1960,6.386644403331105
1961,3.003170521053401
1962,3.178189743602052
1963,4.497639768309302
1964,7.59636186197563
1965,6.035023736131334
1966,3.2782708908941496
1967,5.443919628056256
1968,9.797236925418018
1969,6.389792095039968
1970,3.311730128547668
1971,7.342619464079503
1972,4.471363624123041
1973,4.5209265097341405
1974,8.182680845965846
1975,7.714524846858576
1976,5.536625388677015
1977,1.9530203330945235
1978,6.408154404030717
1979,5.617065898927157
1980,3.0708581880994545
1981,1.1198130989927748
1982,8.62236541543674
1983,8.585809616541567
1984,8.034315537151377
1985,9.768737589828076
1986,1.321561732340788
1987,4.9771976695708355
1988,9.123487078053389
1989,6.518847291462109
1990,2.182276796865244
1991,9.688183197496118
1992,2.9223800967371103
1993,5.690224499814473
1994,3.358524355475849
1995,5.500864217351034
1996,1.20486727440035
1997,1.902680775216571
1998,5.408261512790732
1999,3.3657301629165137
2000,4.578578371698834
2001,8.955000734646246
2002,7.381100318712608
2003,9.526312441970237
2004,9.311807365040139
2005,6.8576039645995
2006,4.287651371644601
2007,5.562967716651286
2008,5.430014795686966
2009,1.6158857025560323
2010,3.315816528363975
2011,0.7831490507275451
2012,3.007509074284957
2013,5.206120382461009
2014,7.579785664315255
2015,4.594975649640009
2016,8.654654328983746
2017,3.235097703409019
2018,6.273759490597235
2019,3.875625095912104
2020,2.3772480680324053
2021,1.9518731701861487
2022,5.453390735894975
2023,9.459820574826352
2024,2.6971411544889654
2025,4.543767094651253
2026,9.170067695867239
2027,4.752644727643975
2028,0.6209275748637284
2029,6.065880724909943
2030,5.573357142147228
2031,3.8422759042060624
2032,0.3079367365684854
2033,8.836945870325737
2034,9.515544944272417
2035,5.370126297402308
2036,4.413117413648222
2037,9.282137518822228
2038,3.16661012083867
2039,1.3384676629894745
2040,5.188793113019888
2041,6.725969679710977
2042,5.476994969158603
2043,0.4151941201468996
2044,1.8420057450087988
2045,6.669674898901278
2046,7.0652260946866905
2047,3.3276546780596763
2048,4.4842433473620655
2049,2.592941097769435
2050,7.208921611919849
2051,1.988624490388978
2052,5.082859098109001
2053,6.440751694041596
2054,7.851294743684581
2055,7.616863722538491
2056,5.5052900442428205
2057,4.879768612297746
2058,8.151726803691798
2059,1.5754793021985218
2060,1.7354904272232934
2061,6.323082735267423
2062,9.085379613056807
2063,0.31632159744015226
2064,6.443610556449855
2065,8.479620961244578
2066,1.944121894468071
2067,2.0147177442294426
2068,7.091107322004252
2069,3.6958534669872303
2070,1.9819462389754245
2071,6.319747174881899
2072,2.9719304805522495
2073,6.279335220627223
2074,7.358984227194149
2075,3.9027142701416486
2076,7.905560100209518
2077,3.4820691224305684
2078,3.062037311432052
2079,7.33127448465658
2080,5.061065765480038
2081,0.9843271788891556
2082,5.750827596911602
2083,0.2880440957671932
2084,3.5499171722920715
2085,8.392391644991829
2086,9.335994843576298
2087,1.963992632580825
2088,9.13606305838285
2089,9.380605794231755
2090,8.251483754540407
2091,3.9295368575481113
2092,0.2684709601831181
2093,3.1415931587340133
2094,6.0282821140200635
2095,2.2245403897158056
2096,2.79411036417538
2097,0.6515382405573267
2098,3.3459542510759186
2099,4.150641697895332
2100,5.8877349866796065
2101,1.0154229803854504
2102,0.7294605226314992
2103,2.347585635909133
2104,2.19442883091242
2105,9.744188704163767
2106,8.123569412954208
2107,7.030677916775611
2108,3.991092092889888
2109,8.905188432178598
2110,5.718006470618294
2111,7.732520149027835
2112,5.821599335387988
2113,9.13419823256409
2114,3.650615708099757
2115,7.75812775302905
2116,8.889076580548464
2117,1.12643890815666
2118,9.34576762863556
2119,8.489137239980916
2120,7.528880695166839
2121,0.4201386557449507
2122,7.055424954060401
2123,9.329233699679301
2124,7.804680192640524
2125,7.148874878043224
2126,6.157898547900252
2127,8.565809565442315
2128,1.7420932190181655
2129,0.26284362948531037
2130,0.6173938131321868
2131,4.530541608372312
2132,8.433214600229638
2133,0.23452471224891486
2134,9.640953552466618
2135,0.45787218049413836
2136,9.856542459091289
2137,8.210336146203895
2138,8.069407998961852
2139,4.610368228508709
2140,1.4169685682583
2141,8.998594554376377
2142,3.4946822325809124
2143,1.3201038922412347
2144,8.995488697346984
2145,2.684268120542114
2146,6.051989435094705
2147,9.339676881485296
2148,2.8001231548216237
2149,4.106436597798315
2150,0.13876515626966587
2151,5.6079506373187895
2152,6.913526984420941
2153,6.323199056780073
2154,5.562157005947622
2155,5.061784455051624
2156,5.065713060374169
2157,4.711179698320177
2158,0.4162567252010594
2159,3.6649829447341067
2160,9.152683413505285
2161,3.570895618746771
2162,4.040229787795672
2163,6.119077232899611
2164,6.306382930258897
2165,8.683221423214247
2166,5.240283110568057
2167,4.559607853319989
2168,5.999867591682266
2169,2.7510174470254296
2170,3.8406786064784284
2171,6.638921672830158
2172,2.898408232840817
2173,7.410452370685857
2174,1.6753957763434677
2175,8.945609450842735
2176,3.1813112295868367
2177,3.542518223343925
2178,9.694463206847049
2179,6.660177849000494
2180,1.0476931098883497
2181,5.667052308209402
2182,7.193483939971923
2183,7.529912750296048
2184,3.86723185709105
2185,4.969516609861843
2186,7.45064137112201
2187,1.4067136202059973
2188,7.340872880106041
2189,1.6781862141213937
2190,5.202323330094335
2191,2.0503758729480457
2192,3.5543235217791027
2193,2.3840100060636518
2194,2.4726961641342875
2195,0.551608944634067
2196,9.60950656763021
2197,7.4929338466611455
2198,1.8908373030719
2199,2.349701600769311
2200,9.355874201947675
2201,9.837247204130689
2202,7.5644265178978864
2203,2.796705525870733
2204,3.0198508248778815
2205,2.164727997537983
2206,8.390671982772773
2207,4.666402579233754
2208,2.5428724559330673
2209,8.504505176818533
2210,9.805177636425979
2211,9.747335184214885
2212,4.78454466189134
2213,5.006528596387048
2214,9.472848319706994
2215,4.365852278735402
2216,2.061233018468683
2217,7.987750757935871
2218,4.294250335252934
2219,1.4824794113950395
2220,2.115780215820677
2221,7.078624227375835
2222,3.257780049564927
2223,5.926528156722268
2224,2.8819162671692617
2225,5.03200540510335
2226,0.3755853902992037
2227,8.807064497897997
2228,6.784173838063308
2229,4.4556925066083
2230,4.414228219128804
2231,8.91908354341404
2232,5.909246276933925
2233,4.2089631415194235
2234,5.731632274992339
2235,2.939774272177799
2236,6.39768253612764
2237,5.519651497441495
2238,6.325443417442764
2239,4.565081731138473
2240,8.14971489175889
2241,5.880087540400987
2242,5.531371990670074
2243,4.424648483909344
2244,8.698277834047408
2245,1.6583788583147112
2246,4.616912786838887
2247,3.268727040293524
2248,8.30929554089517
2249,8.26810262805447
2250,6.927831447448051
2251,8.33395433061276
2252,8.089613983577445
2253,5.1884728412705785
2254,4.251471326519263
2255,5.702488553192637
2256,5.137955529312085
2257,8.98808223114128
2258,8.834735882124768
2259,2.7753565864937095
2260,8.964405358495533
2261,6.561431351841404
2262,4.668812300145082
2263,5.324690172982345
2264,9.425126495716503
2265,6.416623674345444
2266,6.924423006927337
2267,8.684206212027371
2268,1.0259573148448966
2269,5.794688712899684
2270,8.552997741141368
2271,8.009469883798603
2272,3.5448603023392615
2273,4.269293123025325
2274,8.108575910437027
2275,3.042377035307951
2276,3.7875775249041426
2277,9.239258999301697
2278,2.8318485648321037
2279,3.6405794686571693
2280,8.965845251283572
2281,1.749132079822153
2282,0.3366319280624741
2283,2.1956217172757753
2284,3.7341291988350918
2285,3.5573265242852714
2286,7.116904925585584
2287,5.886324246851613
2288,3.4477420157184495
2289,5.5852047396837206
2290,3.0612353371798573
2291,0.505523028124308
2292,8.221435139282793
2293,6.702462712103792
2294,5.930569093590506
2295,6.311560868110389
2296,7.057507861695817
2297,9.250482889845209
2298,5.570376081098175
2299,4.712439326531723
2300,0.5019105527137736
2301,1.6744399511976749
2302,6.4806258739252804
2303,1.4417013547049624
2304,9.10803497431939
2305,7.393225756488332
2306,3.181125872769495
2307,7.1647583155333825
2308,7.704467644243144
2309,7.1149131297036545
2310,4.048727618951753
2311,7.167545246092371
2312,6.983260669518914
2313,9.4453486242126
2314,5.074422539788161
2315,0.3053070826691836
2316,6.74555112908962
2317,4.187675038659604
2318,3.743831617821366
2319,7.242721225550068
2320,0.4710585733051471
2321,4.979504243220698
2322,6.5324244016890765
2323,1.0135708446769425
2324,8.008544796751622
2325,9.990232736298546
2326,4.3973539378030235
2327,7.982651578375234
2328,2.810742814314463
2329,7.880906965416336
2330,1.6223505410086474
2331,3.5334678758067675
2332,6.220482175585634
2333,7.295617420643184
2334,5.472574703376153
2335,2.881727521341086
2336,7.4897293917768195
2337,6.332893657149067
2338,1.269509573655168
2339,0.12542784410729219
2340,8.917539367262258
2341,7.282695327150875
2342,8.482162094846128
2343,0.85332979487449
2344,2.777615954972405
2345,9.643100701300629
2346,8.160525806167714
2347,6.371827362920738
2348,6.128986196867214
2349,2.3242666174778965
2350,8.187223363744737
2351,8.191864137557303
2352,8.225012596706067
2353,8.063270774359209
2354,1.4099600757517903
2355,8.295284409850005
2356,2.105374990886361
2357,1.5728049041701084
2358,2.9441259729367224
2359,2.0556480780797566
2360,5.495038736550462
2361,8.2872827562321
2362,8.525532170468415
2363,2.862829992580177
2364,9.746303757014017
2365,8.524989679348879
2366,5.570521356473833
2367,9.08291007074088
2368,0.8449837154094543
2369,2.1509882813742354
2370,0.16987138105978605
2371,4.604342504308034
2372,4.96444677957939
2373,6.349903384472207
2374,9.556074883571151
2375,8.261838808761203
2376,0.6305451449245658
2377,8.741193506791333
2378,6.036046716223265
2379,9.257546710403554
2380,9.916976318532774
2381,9.433941721073671
2382,8.625055714094128
2383,5.025302865837054
2384,2.9422992672904944
2385,5.064675663803795
2386,0.25465925255251876
2387,7.387969760703334
2388,6.852025949743944
2389,0.46670061947338537
2390,6.162875547068436
2391,5.455968093927425
2392,5.192016203793314
2393,5.198864759694881
2394,5.559218214132382
2395,4.957621271030016
2396,7.800874752125518
2397,7.249977808621986
2398,8.262603775943136
2399,5.210822713696117
2400,0.218115246961319
2401,1.9603578182128263
2402,9.333672552309876
2403,8.183253628965943
2404,2.7731673893686173
2405,1.3158532656908768
2406,6.710307221103426
2407,5.699308805717696
2408,2.2923308980410413
2409,1.854893861273825
2410,9.678569279962142
2411,3.9964192078412606
2412,7.081907011514407
2413,6.0603065505985025
2414,4.864855133748097
2415,3.2988493088770854
2416,5.0543831542778905
2417,2.1417195211112476
2418,1.8803865534991937
2419,3.9839178961987676
2420,7.228146477287544
2421,9.012361623670301
2422,2.9000287496040777
2423,2.163329366699769
2424,1.8165786928667542
2425,9.514918884261682
2426,9.816828620261315
2427,1.5618053873350732
2428,9.218632474825851
2429,9.302163002503319
2430,7.134028179033901
2431,5.261435527375939
2432,2.9043341521827477
2433,4.627323956766277
2434,5.478305698731149
2435,1.7629714293058933
2436,5.501920163410395
2437,4.78464893705732
2438,0.30808691704386826
2439,7.26803244133109
2440,1.0883463557580146
2441,4.6898526196292085
2442,2.513906903005177
2443,8.886888448712504
2444,7.8118820475501405
2445,6.934436614084956
2446,8.684274704023592
2447,1.1163966024919953
2448,8.873972293903556
2449,7.408200463475707
2450,1.7572770370665869
2451,2.872467186243021
2452,7.645190127574262
2453,4.010016619193982
2454,3.6237273952574527
2455,0.7315957975353798
2456,1.9045554452251163
2457,8.399459235409461
2458,6.019532970330194
2459,8.552539138670461
2460,2.8015850549842827
2461,4.893857729961786
2462,9.049552766123666
2463,4.881917285850989
2464,5.026302512599453
2465,4.061563739316696
2466,5.945857314063015
2467,9.287968523035723
2468,5.19963278367683
2469,5.909269233000086
2470,3.280513025482121
2471,1.6325119739762597
2472,8.316675948388852
2473,5.651321056364655
2474,9.92339228362282
2475,6.132360437229925
2476,0.36761206273767966
2477,6.751384336435476
2478,9.47182416984125
2479,9.613646896903166
2480,0.6843187962639572
2481,5.84372883483207
2482,9.337023963851944
2483,1.938827464531079
2484,2.0335630159332
2485,5.470653427687216
2486,9.071197337506225
2487,9.546130604659725
2488,4.12289961549995
2489,5.798647903512523
2490,4.306969928382309
2491,6.5605252710035815
2492,8.937226668304227
2493,1.476127432763052
2494,4.356418223524675
2495,6.051799268124362
2496,7.855017171079416
2497,6.7587473018246405
2498,9.334966961638028
2499,1.1841458028854284
2500,5.336545140675658
2501,6.406458066064947
2502,6.2314036127016585
2503,1.382367853725913
2504,8.81301293232329
2505,6.314485280955623
2506,1.894790273193417
2507,8.963689970781688
2508,4.691075335326231
2509,9.392553913819123
2510,9.811311698325655
2511,0.8116885062034073
2512,8.508931133815755
2513,9.913542205379942
2514,3.7371675483179287
2515,9.885327274917392
2516,8.72147092019579
2517,9.851444993438307
2518,9.558997758075051
2519,1.1034230904037188
2520,6.701835009758268
2521,0.31406118613383943
2522,3.772452591612686
2523,0.2721794798928152
2524,7.618931217376486
2525,3.9710084296299253
2526,7.728576156933542
2527,4.717804769859198
2528,5.842364322812637
2529,2.128867158680949
2530,8.4535767093102
2531,7.743885796817313
2532,6.020298729999501
2533,2.952956682782183
2534,5.454446184255903
2535,2.027340795910399
2536,3.2342039880204885
2537,6.5073787352187376
2538,0.294940481345238
2539,1.8236331278167672
2540,7.006013117933853
2541,9.34181470187364
2542,2.371113119619426
2543,7.890187935760428
2544,2.6365572960376955
2545,8.931283748236728
2546,5.556850832017673
2547,8.692727373849097
2548,3.498183110606819
2549,4.555260295365545
2550,9.915384721754364
2551,8.962661082905969
2552,8.731826385706603
2553,3.3349593315042925
2554,3.2537166798359203
2555,4.607453855483574
2556,8.947976891887457
2557,6.4514437628205545
2558,2.5253669982690132
2559,6.771843115543706
2560,7.55160136729505
2561,9.383257143445089
2562,0.26149022325570864
2563,2.617276077757301
2564,8.163764863753658
2565,8.129941709697022
2566,4.852348058763021
2567,2.016011094616903
2568,5.280286986099134
2569,1.845830384909594
2570,0.23070795280414857
2571,8.412288597244956
2572,8.33396561717165
2573,2.561029679899237
2574,4.3796811134074085
2575,1.6202207671069935
2576,7.548843237461734
2577,1.9814294939785844
2578,2.2460161509191345
2579,0.3585820673259359
2580,9.37440410594627
2581,9.285905705832407
2582,2.615923109872139
2583,7.79497771725954
2584,9.975195555748899
2585,7.400655440722038
2586,6.486225732332537
2587,9.73341246278264
2588,9.578319248654775
2589,3.5654690718844653
2590,1.8008325559648326
2591,4.360143713561662
2592,5.523319547861655
2593,5.754202823884375
2594,0.5112363003307415
2595,5.5469470774027
2596,7.540576597868607
2597,5.078873635422309
2598,4.2148171693881356
2599,6.121423915943268
2600,7.84074957568796
2601,9.638169247220247
2602,2.889901119857756
2603,0.1142272168131599
2604,8.346055191395816
2605,7.209829787565882
2606,5.950594442190372
2607,3.3789299415869207
2608,0.8161746651639971
2609,8.09162873372165
2610,4.229011155430319
2611,6.862304848012912
2612,8.76424333465069
2613,0.9902809878608237
2614,6.074595374894863
2615,1.7848738740025651
2616,4.009351005320823
2617,9.568869748068781
2618,3.015780778499289
2619,2.08985229654612
2620,7.485521711908692
2621,1.1712451215963509
2622,6.545592789435358
2623,2.478980977019535
2624,7.9683037980348495
2625,5.513932323930577
2626,3.077028286010395
2627,3.624041006799338
2628,4.493453056422145
2629,4.565151731362156
2630,3.3244151892023956
2631,8.309340068401033
2632,5.905717990927221
2633,9.0199437194928
2634,0.177104047317571
2635,2.806642183325284
2636,5.422089190627606
2637,2.410581369739089
2638,0.1782708239021079
2639,2.973643506798677
2640,0.8272005390549741
2641,0.4924140785062008
2642,6.853685549705932
2643,5.857920784254485
2644,7.436879751954639
2645,6.199505933203228
2646,1.2108090712963764
2647,9.862534585444141
2648,5.627051026098633
2649,5.773015754754841
2650,2.1165512561112214
2651,9.630944237462733
2652,1.5388836247293862
2653,4.864831659548603
2654,9.599077196381371
2655,3.4476409245086836
2656,0.7840123008227079
2657,2.911448905428388
2658,8.009329628248791
2659,8.746088573261495
2660,8.529156166942547
2661,4.323743183439703
2662,1.265811150914042
2663,1.196108758608619
2664,8.324675864905347
2665,9.80754956763431
2666,2.54890551647579
2667,0.8469148886882999
2668,0.9746033626987872
2669,4.750736501284826
2670,4.67329011295921
2671,5.247013743772675
2672,8.056458383587064
2673,3.9020591016176542
2674,8.467348896236935
2675,1.0513563916894042
2676,8.511284640908011
2677,5.400431692281231
2678,7.575436628292331
2679,6.027007134207252
2680,8.942234872340922
2681,1.5975992979282434
2682,5.156173683598665
2683,0.3143652410806069
2684,5.133563516528733
2685,3.5125869010256237
2686,2.604762947740972
2687,9.838702628429944
2688,9.769014530897609
2689,1.44429101224177
2690,8.314714718132548
2691,4.234105630430995
2692,6.929576107650977
2693,2.2624061855233366
2694,1.3226127203772022
2695,2.303520670811984
2696,0.5870833675251582
2697,8.759111336476769
2698,2.241425241273058
2699,0.1372951016475908
2700,3.2969811779194966
2701,6.239225200548494
2702,7.811596523281102
2703,3.808723297516829
2704,2.0857592551560087
2705,2.995991872943222
2706,1.8177852639050867
2707,5.480413609635765
2708,7.322006094045039
2709,8.806904065335347
2710,0.7568516073876743
2711,3.9432341127801385
2712,5.553319941159611
2713,0.32005137023147634
2714,8.150887751941688
2715,0.7211219153317898
2716,5.502872848558219
2717,2.5317293959309515
2718,9.76599523315805
2719,9.231157791364495
2720,9.017951842863955
2721,3.2312743203028726
2722,0.39617533081513456
2723,4.636731445662785
2724,1.2059183438939538
2725,7.2418548206029225
2726,0.8704798395652973
2727,2.69285140909975
2728,4.414492130091723
2729,9.304834518851846
2730,0.22134540690762738
2731,9.06914703963142
2732,8.23126500327481
2733,6.684911375438596
2734,7.55095110019233
2735,2.8332307406139896
2736,7.405028132666617
2737,8.892706993935292
2738,6.755920394536612
2739,4.93453999646615
2740,0.19337591299070744
2741,7.637388039876913
2742,7.944441786972861
2743,8.366844899361583
2744,3.2663415952543646
2745,5.53940532498849
2746,2.2644433910660706
2747,1.3535934672296166
2748,6.520705998890712
2749,8.604660958967212
2750,5.991928958831045
2751,9.021849244063498
2752,2.2211423927472547
2753,5.609270835755309
2754,9.779358934257607
2755,7.526869689390021
2756,0.8794310401133669
2757,3.4767354191048536
2758,5.153375906396025
2759,6.168308000861041
2760,1.3991216076614479
2761,8.00275711621113
2762,8.70055022082571
2763,0.38544914096971694
2764,9.790097517264776
2765,8.571158304992736
2766,5.843788050994139
2767,2.4522162473762763
2768,2.167573426062506
2769,8.092220139474557
2770,2.3810781948105193
2771,7.646350940009443
2772,6.534950473174419
2773,0.9889098454836239
2774,2.041082591302388
2775,6.634458277854897
2776,2.334813333716128
2777,7.903200874486414
2778,9.383110802481644
2779,7.722239717115215
2780,7.621700472765561
2781,3.753642611178175
2782,3.1446426900043054
2783,7.666070627462507
2784,8.970645852317999
2785,6.039705668734245
2786,8.675229091634895
2787,5.7436545340585825
2788,4.946068359078053
2789,8.097187784677894
2790,3.4930755348609592
2791,5.112088843027953
2792,6.053417912864833
2793,1.6638117599977813
2794,3.1222983306050067
2795,3.4672087986672775
2796,6.578954280529464
2797,9.106474575427528
2798,5.067909526584307
2799,7.846660342721815
2800,8.242340939918902
2801,5.7705213926768675
2802,5.202746138648331
2803,6.406296346216579
2804,8.956648929102952
2805,0.182163037547254
2806,5.912614834755391
2807,1.7185735269045868
2808,5.660979634101563
2809,4.211853082797771
2810,4.756376441430389
2811,8.908653769260555
2812,6.185272283877683
2813,8.950919605027565
2814,8.124803712045354
2815,3.373279257014815
2816,2.8794159475399717
2817,5.468095458500951
2818,7.531457001592672
2819,8.246513183669332
2820,6.113217521381876
2821,5.070472693609537
2822,4.659702474148232
2823,3.16564402007498
2824,7.720854711455583
2825,7.069486291942803
2826,8.319934815563386
2827,5.419335192434872
2828,6.786545158688075
2829,0.16389840568061437
2830,3.2887570501611005
2831,9.751738419464726
2832,1.7624005964472746
2833,2.3429799568989074
2834,1.416088022121388
2835,8.737280989901302
2836,8.749751139485399
2837,6.8372604353655655
2838,4.980249284041862
2839,2.839996184143689
2840,6.407187947814762
2841,7.815844685394911
2842,9.773489625571559
2843,4.2914790343733635
2844,1.6193275497308457
2845,1.2503802810104208
2846,5.894458623582109
2847,1.8077777539520599
2848,8.894068438236863
2849,4.801058645158284
2850,6.198547047976063
2851,3.137000526487564
2852,7.98101610911428
2853,8.767250780710008
2854,3.317535922006246
2855,9.86454245993704
2856,9.948225407551131
2857,8.668850225461348
2858,1.5868556659994346
2859,7.700525177791883
2860,3.016892726620106
2861,6.869221644460669
2862,8.91665141445948
2863,9.860387486907584
2864,1.2248633703723544
2865,7.725483799551422
2866,1.4073782907359829
2867,1.4688641739044945
2868,0.8548223612452419
2869,2.900430099479763
2870,0.6018020976159445
2871,4.906469764698351
2872,8.655918693078997
2873,3.9151211979186824
2874,0.5381231948773902
2875,5.144327186242912
2876,2.7108484659012313
2877,5.615729471053168
2878,2.1138929383927194
2879,7.30389644530019
2880,3.281835488489244
2881,8.927582198980526
2882,0.22219385958001384
2883,0.9255708248933842
2884,6.95835205331002
2885,1.063610045573826
2886,7.026779879328609
2887,6.413137261977023
2888,0.2942545071462931
2889,0.5930873985869844
2890,0.3299164236489721
2891,5.20859594294739
2892,3.232220101280762
2893,9.798343312519748
2894,3.2746544586264177
2895,9.646012102882901
2896,7.9762246098176846
2897,1.9758832932035408
2898,3.507910115154846
2899,6.442080658899021
2900,6.612400399968686
2901,7.830012753411838
2902,4.463475024005711
2903,3.253673506851906
2904,8.980083991790186
2905,1.2389253015107007
2906,7.201188883279147
2907,7.956026237655136
2908,6.766405470290626
2909,5.274485713250299
2910,6.7012895621827
2911,7.791505718838866
2912,6.708900074817828
2913,3.7341301686382975
2914,3.262661899343233
2915,3.5579788516241297
2916,6.535303758382127
2917,0.6201384817015274
2918,9.653811802447757
2919,5.659215111416777
2920,8.00674431796239
2921,8.25383675703389
2922,4.959285786600886
2923,2.7863719056753147
2924,2.70941431799888
2925,0.7189083642794383
2926,9.203531473238202
2927,2.6566938341961155
2928,7.438412731468879
2929,6.783292801450564
2930,0.49538392248961105
2931,4.09655674775344
2932,0.18908432058173893
2933,0.15673111901684433
2934,5.480410917683477
2935,2.1434675269046473
2936,3.084463292674217
2937,8.37957296650912
2938,8.28699818882663
2939,8.445974786786763
2940,8.027827958843314
2941,3.923058886546558
2942,7.548872291060108
2943,8.496932868775488
2944,2.4858449243282466
2945,2.951656525730448
2946,1.597581679209537
2947,8.580184781300899
2948,0.8362516802027652
2949,2.859306543183909
2950,1.2055880104105006
2951,4.262835481620798
2952,0.8923487064948348
2953,0.5290136313342919
2954,3.6868327742688853
2955,6.526334712063445
2956,7.355793244295854
2957,8.219826620033974
2958,4.7012010354076015
2959,3.776462710701582
2960,3.6188774488356747
2961,4.797924356588555
2962,6.514936736371254
2963,5.660332692156133
2964,5.961247582605517
2965,2.9560095441406316
2966,6.844446377939089
2967,7.7587732915400185
2968,0.2390762737548786
2969,4.494837573676443
2970,1.0857406213185703
2971,5.645559575472104
2972,8.118587299653377
2973,7.245242927775159
2974,3.497509696852489
2975,1.0274593938164023
2976,7.128140687998284
2977,5.4271615282076375
2978,9.84638862289493
2979,9.894266865868445
2980,8.280423781164485
2981,5.880778384070648
2982,1.9144023113339543
2983,0.9296096983735674
2984,2.4882836688306433
2985,4.704637990412555
2986,2.6653963762236317
2987,4.49207047358661
2988,0.6876042048163163
2989,6.936743458151769
2990,3.8284481760172504
2991,9.20299603623045
2992,3.9614998172698166
2993,1.3736088189736
2994,2.8384590102156095
2995,9.83755446984625
2996,7.926519976736595
2997,1.4322382190601914
2998,2.1941571928051866
2999,3.8272364059056923
3000,9.678863460830678
3001,3.033483310936404
3002,2.1964346370601158
3003,2.4116638159114676
3004,7.721225891427782
3005,7.820863082386483
3006,5.361555782906517
3007,2.2990503919515604
3008,9.649895657366416
3009,8.45793264485828
3010,3.7142940380974827
3011,9.918628973465033
3012,4.583551743091103
3013,7.605213482266019
3014,8.702707725646652
3015,2.5200301848211186
3016,5.226638369444643
3017,8.97059475465287
3018,1.2591349423269267
3019,0.16383176138660416
3020,3.4152557848618117
3021,9.998797651642585
3022,6.748314442056203
3023,0.7632146386756955
3024,1.8678886120809566
3025,6.404103681945651
3026,1.7675419662972425
3027,7.136943675044695
3028,0.8931178385822997
3029,7.3085836090362815
3030,0.641370370209192
3031,6.530809154024875
3032,4.460336690001348
3033,4.678108407304526
3034,1.4316711436728182
3035,7.526457874203882
3036,2.9077495540423084
3037,9.11955228029507
3038,3.5001420779806787
3039,2.84070743015125
3040,7.817953483929765
3041,4.961255457732164
3042,0.30429714349736503
3043,3.0626888925965394
3044,0.8800879515651793
3045,3.3216558889561916
3046,9.696154484276429
3047,1.7948543163230477
3048,3.666212904328212
3049,9.019696460191858
3050,7.962977362386899
3051,9.020206110789204
3052,7.007319342327759
3053,4.920913388148642
3054,4.751996173321161
3055,3.947367055908292
3056,5.834265046073046
3057,2.6791189965478446
3058,9.622565033755391
3059,6.18548706924892
3060,8.600005349447427
3061,2.87699864797638
3062,5.877531492261015
3063,7.474623713117927
3064,2.886235950996965
3065,1.3555012612899457
3066,4.475074393636508
3067,5.202584970573089
3068,1.483118361238355
3069,4.510181267463483
3070,4.136032501646925
3071,5.814096840918064
3072,7.094290883030395
3073,7.14925504278983
3074,0.159890571619283
3075,5.956861978846377
3076,9.592594858595447
3077,7.277565097672831
3078,5.71381955794724
3079,7.588148323834974
3080,8.81830686625817
3081,6.762757538619213
3082,4.639161479352835
3083,5.201158007074209
3084,7.223217844671019
3085,7.7920480015620734
3086,1.9677914683182527
3087,6.638079099553099
3088,9.412148648698222
3089,9.115560659441263
3090,5.84773089963009
3091,2.7206676260409948
3092,3.15349102175804
3093,8.772234055191074
3094,2.607794828999715
3095,3.0398511038094584
3096,2.486955036610454
3097,7.058020598173431
3098,8.159203065363405
3099,1.6030557190706143
3100,7.213741733450982
3101,7.457322188012404
3102,9.256764649324364
3103,4.588258391296613
3104,5.355596397891584
3105,1.2146075264293574
3106,9.531842845137982
3107,7.674316013472745
3108,3.8779636185570174
3109,3.656753771535522
3110,7.936244598726976
3111,6.255471982479623
3112,0.1622693853643467
3113,9.078589908251312
3114,1.8905516388429338
3115,5.944966001890778
3116,8.975784740606393
3117,3.060557203819602
3118,7.820285023178637
3119,1.7810284350598977
3120,4.599282724982376
3121,0.558012945734143
3122,6.0393289752563
3123,3.5887874667024136
3124,6.6215626790082185
3125,0.7296212015624945
3126,6.017087296487103
3127,4.64107611552235
3128,6.9252633652484
3129,9.64267090320044
3130,6.5350050860501225
3131,5.420995203274426
3132,6.522677075394799
3133,4.562348039365649
3134,0.6000725743491675
3135,9.356953220272574
3136,5.950017350181734
3137,4.6444311988800075
3138,0.21817787160630955
3139,2.315939984929672
3140,2.1558434916602414
3141,4.558753358741922
3142,4.1614013655563715
3143,2.585341604251992
3144,8.716467842113767
3145,1.599104668407819
3146,8.193200170072782
3147,9.275982401839931
3148,3.6353285339768995
3149,2.5533164516129756
3150,4.193210289487794
3151,0.582786825696504
3152,4.822015934612396
3153,1.2919945858719435
3154,4.6283754113772515
3155,3.055272519046981
3156,3.1980613264543014
3157,5.886155771102008
3158,1.9256044981981082
3159,6.867509737443081
3160,8.999354857329923
3161,2.9548562855927116
3162,0.3784187299294951
3163,9.971340999284484
3164,3.8193330059327932
3165,8.485791231105713
3166,9.903041092635668
3167,9.742023976675107
3168,5.4387809260668405
3169,8.96844117918456
3170,5.578250863234821
3171,6.645776995500392
3172,3.889621296759384
3173,5.900121484545615
3174,0.6403596470895998
3175,7.098837499360256
3176,4.783565221349028
3177,4.691596542202901
3178,0.738978728415532
3179,2.573516259881142
3180,4.318902482169876
3181,8.556600978166967
3182,9.491246491892856
3183,6.659887524310713
3184,0.8730470763427736
3185,0.6604831835443354
3186,3.4595508480964647
3187,4.964157215395756
3188,5.052297030060209
3189,8.035005279631926
3190,6.361127426652616
3191,6.711380470967021
3192,5.45875160482115
3193,7.569808341497119
3194,1.3909398791400571
3195,2.599763136371092
3196,3.3254407224114133
3197,9.581470887421009
3198,5.445455090468682
3199,1.497534760627845
3200,5.734172331650353
3201,2.4605348636676974
3202,8.107256030919382
3203,7.39712488164691
3204,2.0520636912881423
3205,8.664364114978026
3206,2.4566424456414087
3207,4.515175018969118
3208,1.9246805657384682
3209,3.4058432484220162
3210,9.455105015782147
3211,9.022523452241158
3212,9.388027849403967
3213,5.9052229577849635
3214,2.070858791040191
3215,9.949150418375138
3216,0.9836240458182375
3217,4.18482523867962
3218,0.7338597523824607
3219,8.391517575159321
3220,3.1894283128619545
3221,2.9348659392042893
3222,2.392887635659032
3223,9.868672599039423
3224,3.021007421662018
3225,3.4421105711277655
3226,9.573500680686765
3227,7.53200953559305
3228,8.176271177510731
3229,7.042612083835903
3230,0.6807755735347994
3231,5.198570462277323
3232,1.7244892020981342
3233,4.09619346604615
3234,7.41699898830384
3235,3.267873054187473
3236,6.150442800375274
3237,8.720459589473277
3238,0.3039073171987019
3239,2.3579211491303
3240,5.50921319461562
3241,7.899317479123285
3242,9.975973334666879
3243,0.9231809253180006
3244,8.855412016933313
3245,9.0409456729777
3246,8.590588817764731
3247,6.712371727336541
3248,4.274646573431686
3249,2.5868228169288554
3250,0.9110333071735179
3251,1.164145617300398
3252,7.673982848558838
3253,8.40247338823569
3254,0.6046414704719889
3255,5.477552036501325
3256,4.742108563764718
3257,1.3248835424339824
3258,8.253609620810417
3259,4.939771879674607
3260,1.4612728255113856
3261,8.816007795911636
3262,6.168620650592308
3263,0.13832314293645184
3264,8.09293282225122
3265,2.3297902384732287
3266,1.5018789562864905
3267,8.8661391966902
3268,0.807891297365503
3269,4.800769810640939
3270,7.2676555020693785
3271,2.099419227632687
3272,2.3607044864609885
3273,3.912233254972913
3274,2.4283298197032273
3275,3.803762419479446
3276,1.6220094015639264
3277,7.401811355722685
3278,4.429279692537634
3279,9.393106882240108
3280,4.401787898150939
3281,4.351329727818482
3282,7.900456768532297
3283,3.527377082918758
3284,4.2351758986079835
3285,5.633771786810203
3286,3.1613172761826718
3287,5.574225292909215
3288,3.35996351044234
3289,2.3042203363491494
3290,9.741024982638386
3291,4.762793196396693
3292,2.852684187321613
3293,0.2573648583073753
3294,7.878502143943059
3295,1.470979366525383
3296,7.776428867142113
3297,5.808775036303882
3298,3.134819793956672
3299,5.341481734894352
3300,4.376228833933077
3301,0.18527076202966763
3302,5.763412322899905
3303,6.795666696991527
3304,7.537948201517794
3305,0.6421825006319051
3306,6.982737507207093
3307,6.071001952195131
3308,3.119428540013532
3309,6.722754640724682
3310,1.4603505233113168
3311,4.494099996094744
3312,2.697380470731325
3313,0.2787850562877692
3314,0.5317070010406548
3315,9.500494035705456
3316,1.0117646767010353
3317,2.629812375313038
3318,5.8736815871831
3319,2.4432468192320225
3320,0.4704779885641607
3321,1.6844571410546503
3322,2.013516523217075
3323,3.0110578689624545
3324,7.370006647025194
3325,2.8272266479639883
3326,4.074900222415962
3327,1.5274161380187739
3328,9.866033376916777
3329,4.7675457686709946
3330,1.327427563717466
3331,0.6313989763170028
3332,2.0633750658847108
3333,4.704453516984195
3334,0.4283327479465213
3335,7.077700740497878
3336,3.5012994779402953
3337,8.953045683126119
3338,2.762438327513698
3339,3.4365546924262844
3340,8.629258660862801
3341,7.230695578549228
3342,7.543548046919671
3343,7.959177299954275
3344,7.191302181704691
3345,6.958864719246808
3346,4.583622032397927
3347,8.670660563603
3348,2.4786194566799398
3349,3.647100855608713
3350,3.3311078758549066
3351,7.283307405500232
3352,4.398784710151044
3353,7.76148344964568
3354,3.4590627617555576
3355,3.1852662216717462
3356,2.197976813108143
3357,7.93709142867191
3358,4.423546336391517
3359,7.071254663441929
3360,0.6920442798399921
3361,0.10038376224869168
3362,7.670903341314363
3363,8.37388341607932
3364,1.7059880568087715
3365,2.044313597370721
3366,8.298036752236214
3367,0.7468386291194037
3368,5.6184283374547705
3369,0.35313255747643746
3370,9.549176153306917
3371,6.246654845150662
3372,9.30995180028732
3373,4.774139280566158
3374,9.206257552863882
3375,1.4069281060174759
3376,4.000938575831203
3377,0.13315001569316512
3378,8.117527680301139
3379,8.76132020416429
3380,3.8641842130654376
3381,5.140119678351246
3382,6.246277284326563
3383,3.768782286441037
3384,5.877879019894641
3385,6.959421809642307
3386,1.1573511853369527
3387,6.81133438584398
3388,6.910807496885958
3389,5.871872708638025
3390,8.394590741646551
3391,1.3612126828770532
3392,5.398948906824952
3393,6.588838301666171
3394,8.484823750200185
3395,5.88538057727825
3396,4.467901616367794
3397,8.76790060704917
3398,3.5745619794231325
3399,0.657661358956622
3400,2.4401654584204104
3401,8.511215132438766
3402,8.614237783943068
3403,2.1616385832247027
3404,2.114375463135831
3405,6.602425498098592
3406,3.5813685683500744
3407,3.725471908238602
3408,6.725674610753773
3409,1.7025479751017638
3410,9.348780007471392
3411,2.0029912858582155
3412,2.1035108546519448
3413,0.4275054797977198
3414,9.048393621393785
3415,1.2003293690284482
3416,8.01919005036991
3417,8.557165390057772
3418,3.852093133104227
3419,2.2474118162737344
3420,4.479086194835696
3421,9.291180878342168
3422,0.7971880276518712
3423,1.815491497440334
3424,8.124609151289823
3425,5.055066104683378
3426,7.7784960616921
3427,8.36658197618806
3428,5.593096476292311
3429,8.058111377849034
3430,0.20373315056463448
3431,5.682381078510395
3432,2.857338414588695
3433,5.1817737083120265
3434,4.20365495945705
3435,5.803687755157895
3436,0.14864981138254102
3437,7.236102033542506
3438,8.769715957581408
3439,2.659731343687025
3440,5.37907203433424
3441,7.3439954017444276
3442,4.249376862774509
3443,7.563933183949157
3444,7.49575783185676
3445,7.265069000325548
3446,8.666084548933767
3447,4.869392417747598
3448,6.900805604031315
3449,7.224708022862786
3450,7.63328025210979
3451,6.355013964401232
3452,5.8601635778198435
3453,5.427062242223252
3454,5.618836815907065
3455,7.766874825081952
3456,5.888537200101045
3457,4.963046136408496
3458,4.291432540344655
3459,9.935530657440706
3460,3.294744621984008
3461,3.0516078724737117
3462,3.3300094862191223
3463,4.463819716038848
3464,4.538018765103377
3465,9.735234473570587
3466,4.896314304732765
3467,0.21887039685009535
3468,1.202026099339701
3469,4.505544396921735
3470,3.3130685654273564
3471,1.4369106129892777
3472,0.6980467251676472
3473,8.193143764286495
3474,7.867633759348378
3475,3.5839502011851483
3476,1.5186855477299146
3477,2.3186231751649466
3478,2.105535986002516
3479,5.935699987639008
3480,6.296599201768376
3481,5.180645720698606
3482,2.179608076622765
3483,2.9430242531246376
3484,6.084675391597866
3485,9.28756061226463
3486,2.1598553623826238
3487,7.974685990230901
3488,8.813588625819284
3489,0.3550384127725815
3490,7.601820337040043
3491,8.76556260712785
3492,8.281814674837031
3493,2.5087043194879928
3494,6.844313185436568
3495,6.134659978189499
3496,0.8777655717381327
3497,7.539340231110521
3498,1.1302445413280775
3499,5.632358131118848
3500,5.7057168447836455
3501,2.0017586933860527
3502,2.0634208542884913
3503,7.195535462517601
3504,3.681155825540938
3505,1.9109739422272767
3506,7.187512185233639
3507,0.828683006064003
3508,1.1882681774498274
3509,0.4779384585140136
3510,3.6360396820347587
3511,4.036924549123074
3512,6.974619767468271
3513,5.184325830799835
3514,1.0513370327886642
3515,3.9730363864471707
3516,1.2970575123384802
3517,6.6944101441600035
3518,3.071207168507999
3519,5.39143974999075
3520,6.422492530067572
3521,4.103437140373028
3522,0.19869416294155734
3523,7.8899980539876395
3524,8.918015593192546
3525,3.327522709799435
3526,5.435778481943319
3527,8.51799120930018
3528,1.2545670724530666
3529,1.646506378865484
3530,2.211984660419229
3531,5.470588570713125
3532,3.9720430489986067
3533,0.13090006831268272
3534,5.841738801110707
3535,1.7011843282616004
3536,9.581714280756003
3537,6.2793090058061685
3538,1.1112537662446285
3539,9.025747404210884
3540,6.2501216710609295
3541,9.50876334048897
3542,4.49741056905696
3543,2.3310889431563506
3544,2.230261379263851
3545,4.918418361756795
3546,1.7022240916980154
3547,7.324564573052642
3548,9.888429625103539
3549,1.3054360752160548
3550,0.9478362829701625
3551,1.9255534073828147
3552,9.839793600783022
3553,0.7752941932933535
3554,4.273787898519194
3555,0.3415169390612963
3556,6.59768408025587
3557,0.8607628107929871
3558,7.517344347500992
3559,2.4264570164105024
3560,2.5989262796075834
3561,6.547488104573091
3562,1.1620315030771715
3563,9.653393556606842
3564,9.532116691732949
3565,4.659036659075293
3566,8.397277507377863
3567,0.9892731029088999
3568,6.544814613362684
3569,1.8475591674844172
3570,3.5381610787111324
3571,3.7313762587760317
3572,0.46682022551113933
3573,2.302663969314786
3574,6.379744673719887
3575,2.9348090685991353
3576,2.6883724799592703
3577,8.964524206476101
3578,0.8052898705961753
3579,9.557779606060102
3580,3.6889811953108183
3581,7.269976298651672
3582,8.569273434328926
3583,5.943257937081887
3584,2.3769291734087594
3585,8.216475543131805
3586,7.144037437586278
3587,0.12773945619034946
3588,3.689776354521619
3589,5.095896216006894
3590,4.523561598761109
3591,0.3602922692058207
3592,2.9085372232347866
3593,8.864223048662442
3594,1.7006107447231305
3595,4.413347130288415
3596,7.791804456739051
3597,7.851649841964974
3598,1.0474528146596862
3599,8.314720213536171
3600,1.3002414823121458
3601,9.097198973283259
3602,6.492759211726007
3603,4.193585955131728
3604,1.2342015532593094
3605,3.492391545480159
3606,9.534616532522984
3607,4.8270551532092085
3608,9.002846170137587
3609,2.6012712591576617
3610,4.705086548514227
3611,8.525203476253731
3612,6.881070740274291
3613,2.333306542086016
3614,0.18935960028393856
3615,6.181135851632293
3616,3.798188574989228
3617,5.075182235044013
3618,2.101202185265346
3619,7.309615582456264
3620,0.26768588218470063
3621,9.099769452119611
3622,7.1190827356204505
3623,1.3567962133467346
3624,2.054374227015606
3625,5.432833571475618
3626,6.350264853903103
3627,2.9259552525599024
3628,9.441880972453665
3629,0.8833798881436936
3630,3.415693684863915
3631,6.986904967365122
3632,2.3582237724959683
3633,5.935231542642739
3634,6.424615207006602
3635,1.8650507141038064
3636,1.8705404534432282
3637,7.0079059513763635
3638,1.6830414679118086
3639,0.7720658969695756
3640,5.669970754878916
3641,9.910920629474921
3642,5.965524225052869
3643,8.286791949151802
3644,5.417250024834982
3645,4.333557370421302
3646,1.6767851288080937
3647,1.2752182839341666
3648,6.549353703186811
3649,7.764914071757712
3650,2.160575040657662
3651,5.954246626929878
3652,0.46932046532701754
3653,5.974747508146361
3654,9.714656211062398
3655,6.387467682223262
3656,8.054237560204056
3657,3.9037064903131196
3658,7.430317241621142
3659,6.881028082774162
3660,1.3476206029201656
3661,7.778961379378746
3662,9.994977118231496
3663,8.535368964117446
3664,9.441902473288009
3665,5.350593312701368
3666,4.277235927397717
3667,9.511918991681087
3668,1.552415273862828
3669,9.698292126459096
3670,6.967571425468583
3671,4.661818918811563
3672,5.75396194391056
3673,7.202307547008369
3674,5.903214009695429
3675,9.575892134022881
3676,4.341573628663377
3677,5.192469850356066
3678,8.479333184731797
3679,6.406939820520354
3680,4.105053660540637
3681,4.134992009248595
3682,1.628705382209176
3683,3.1075385493504606
3684,2.260980795748895
3685,2.4390644827359904
3686,6.096578833748255
3687,0.40600934163387903
3688,6.809394478375583
3689,4.818166406741149
3690,6.473891684440973
3691,6.769524978776206
3692,1.732802724942509
3693,6.183318348398854
3694,2.685122436081716
3695,6.126912091595653
3696,6.081441709946515
3697,2.536245733492224
3698,6.384365905170337
3699,7.5297367986338175
3700,4.799129371275159
3701,1.418257010801978
3702,2.9847633340986546
3703,2.244471878787309
3704,1.8081070750112742
3705,3.1915046830266394
3706,2.3348460460042713
3707,5.975005629835341
3708,5.258406665728872
3709,8.65657111718389
3710,0.9271676223199617
3711,5.983587311364474
3712,3.38702677285912
3713,5.579002384923611
3714,0.22278782940972786
3715,5.992830129305116
3716,6.33032327723625
3717,9.243309792444268
3718,7.644688713239651
3719,4.1431243208851605
3720,0.5119987253938824
3721,1.7345247467561649
3722,2.040190479956593
3723,3.1614517793092642
3724,5.637916570425142
3725,4.3500626660692205
3726,9.816048242964001
3727,9.909150535818435
3728,9.07521465951227
3729,4.512336991978869
3730,0.46576324125808166
3731,4.438230432135961
3732,6.213285879079983
3733,5.502355460621162
3734,0.33927696244559846
3735,7.452837171553488
3736,2.1730789836370854
3737,8.916299545966362
3738,3.28578400842875
3739,6.72374310951556
3740,7.728222435979316
3741,5.07173755527304
3742,0.9188640618232208
3743,1.5210922187325036
3744,9.90346339739835
3745,2.3686318060044362
3746,5.798744912982587
3747,0.9287567167754481
3748,0.3160693492384332
3749,0.3519741161557566
3750,9.003780168754938
3751,3.455022993266752
3752,4.952912240522844
3753,5.968944327575305
3754,4.483976127890234
3755,7.047081299385468
3756,5.14871408595121
3757,6.468158939221306
3758,5.2063431757057765
3759,2.4486129444497426
3760,8.831869859382417
3761,0.20448898017675393
3762,8.532580484155183
3763,6.024860326467447
3764,0.9230602645993186
3765,4.4633160786867
3766,8.50392694634533
3767,8.610161380149215
3768,4.001837287324293
3769,0.3235376450351921
3770,9.616246934983888
3771,0.5253898336512977
3772,0.3265096992213478
3773,4.393444262696481
3774,7.520454385298033
3775,6.694531331264884
3776,0.765712282925648
3777,2.0436064999001413
3778,1.3452765769280983
3779,7.032634406086401
3780,7.096607700080747
3781,2.2775148222556196
3782,3.8178425515006533
3783,0.919669856302242
3784,3.5082641188159336
3785,2.137163439871205
3786,2.6406559117259536
3787,8.84804369008213
3788,5.283075991722137
3789,2.7510223833774363
3790,0.3772813104501004
3791,6.3876836474481475
3792,9.479575304322397
3793,9.218016258249738
3794,2.866183553839252
3795,0.5175470245638086
3796,4.450720390818114
3797,0.27549349771259807
3798,3.859640279330417
3799,7.736710493973281
3800,0.17949632109841218
3801,3.451994102822547
3802,1.8278484543836677
3803,3.438901030035867
3804,8.826698545459488
3805,9.563881880408115
3806,4.403173710900041
3807,4.7298413270352375
3808,7.2066315431220245
3809,5.697233873289014
3810,5.591536130115225
3811,3.5219297273758357
3812,6.743202855727152
3813,1.6430400355878827
3814,3.722487453487778
3815,5.8715844868251565
3816,8.961698344007237
3817,8.16814506793647
3818,4.802432406076972
3819,0.4581016519383956
3820,0.49441631156352006
3821,9.752528146007862
3822,3.1086750689466283
3823,8.323613494609132
3824,7.085057980131848
3825,8.115144723725383
3826,5.521025839882059
3827,1.2229973010468564
3828,0.4224781670555443
3829,8.461557141872962
3830,6.308650428926969
3831,2.3822399662314075
3832,5.6792067088208835
3833,4.081954128783751
3834,0.8424038005338295
3835,3.389215902746497
3836,9.136086340638807
3837,5.684225938323951
3838,2.5631779582830836
3839,9.477091455151145
3840,8.750712137998898
3841,3.8269999353814117
3842,3.201987563273796
3843,8.775074380887553
3844,1.2693504119166885
3845,3.7507903016893667
3846,8.98871822094724
3847,1.405640713613127
3848,7.146046316163877
3849,8.627502353238384
3850,8.592077891728739
3851,5.663860888857732
3852,6.712633070056618
3853,7.986268543929509
3854,7.848375026475186
3855,5.796027115761987
3856,6.692492425370689
3857,2.0603574116240733
3858,1.104662247671115
3859,2.3845165152875434
3860,0.6924882756041668
3861,6.270709921814065
3862,6.058131094688051
3863,5.4585287398804
3864,3.2121768400247084
3865,4.440922915561394
3866,1.2207735018851826
3867,0.2380817626992287
3868,8.39994529060885
3869,4.661577994210485
3870,5.290105571267928
3871,3.4973680750615794
3872,7.5873107165621345
3873,0.9156912065514823
3874,7.356505014420897
3875,6.910040986834443
3876,0.13967562506214978
3877,8.984128239549188
3878,8.401837079207528
3879,4.547066366510467
3880,7.071984911018268
3881,8.311351460711968
3882,9.565510394676162
3883,5.74526488688315
3884,2.5323912136655813
3885,9.126389841490797
3886,6.596914717914762
3887,2.8292968672897048
3888,0.8247520432186888
3889,3.831349614037257
3890,8.4993700503003
3891,8.721831273080365
3892,4.281577825801971
3893,7.9245460414289495
3894,4.72741459056469
3895,2.7689430906709718
3896,7.281581881527609
3897,9.914903779239568
3898,3.5358101073733277
3899,9.707041599113937
3900,6.645245982871762
3901,4.125180669295396
3902,9.883621392763361
3903,5.682671019215867
3904,2.946194185404587
3905,6.972854608827104
3906,3.8869912688868897
3907,8.765818440335849
3908,3.4401813275282094
3909,0.7932957212718209
3910,3.566479162273286
3911,1.862034495498743
3912,2.891615033728662
3913,3.2392230972023697
3914,6.752865227693532
3915,1.504069266872906
3916,6.379809818018749
3917,5.944443530463715
3918,5.69545797026201
3919,7.100581110197664
3920,3.664461516077241
3921,6.809405692480946
3922,8.209103511423445
3923,5.487749692075802
3924,0.1521472146922419
3925,6.819259697018986
3926,7.764779291256769
3927,1.0019231458444846
3928,6.257470149387804
3929,1.4080224039827876
3930,5.846264480449132
3931,2.398901156767616
3932,8.424308550998319
3933,0.9606724944560493
3934,8.71743399784972
3935,1.5597973480033118
3936,7.881525781255078
3937,0.506774732421107
3938,5.418245471309697
3939,9.350353322667216
3940,8.561680139907152
3941,4.681890716423801
3942,2.1900504851985945
3943,6.48310577696872
3944,0.7356595388242212
3945,0.1080478944066686
3946,4.243750011172339
3947,2.7671381925103047
3948,8.858946803351598
3949,9.392773250755585
3950,5.603469525962029
3951,3.687361711743084
3952,9.818824108661195
3953,7.59865061615625
3954,1.6106619412533134
3955,4.138466631428121
3956,8.270942821189523
3957,1.8112406947530035
3958,6.2591025666427615
3959,9.893210044578597
3960,8.858198846909
3961,5.3680247134596435
3962,1.2401965006300246
3963,9.829160994368225
3964,5.684536053214003
3965,4.235343578869324
3966,0.4411865782439439
3967,9.927430686512658
3968,1.2515720342972552
3969,7.974380317671389
3970,8.499628356515451
3971,1.1311938294847488
3972,2.25185542048864
3973,1.9714949502730885
3974,8.406483814718893
3975,7.775824845311149
3976,3.4655947991508773
3977,4.730098074109485
3978,5.391097468851954
3979,3.241961994014528
3980,6.961166089612417
3981,8.203399444388
3982,4.855580048999136
3983,1.1868743841183556
3984,8.691198926354819
3985,9.72090673552894
3986,5.51645325286279
3987,3.070177700876445
3988,3.6607993519892323
3989,1.0815651798698325
3990,2.4722130784563316
3991,4.518354211787949
3992,2.10281369414079
3993,5.313482020998204
3994,9.83303696566086
3995,7.369170141751105
3996,1.7184594263763506
3997,5.477615495734915
3998,1.5887744723660853
3999,7.521017921059539
4000,7.470562964936178
4001,1.3261520343911206
4002,7.373540836756976
4003,7.345501828536156
4004,0.16649597486509113
4005,9.528917087699137
4006,9.939179365148714
4007,0.5911728115233774
4008,4.030917082352444
4009,0.2144280168217896
4010,8.386681586837796
4011,8.030592642779856
4012,3.084614441471753
4013,5.90662381379582
4014,7.284017058362596
4015,3.9017025387676214
4016,5.868336063477843
4017,3.506695102717155
4018,2.735253152480581
4019,8.85676320324725
4020,8.470624226382526
4021,8.880076341290078
4022,6.930342107131446
4023,3.5242789629772027
4024,6.247858678086738
4025,3.7701414874876784
4026,7.909453615240475
4027,4.089991813889948
4028,9.361045351391732
4029,1.0754650788198266
4030,8.151532477142156
4031,4.856708715869476
4032,2.867482054096381
4033,9.559143216900342
4034,6.929566511247837
4035,5.736303438187757
4036,1.6305675328220208
4037,6.20507957625056
4038,8.325616861904088
4039,6.1023158883436235
4040,7.577613513541341
4041,7.205597538532217
4042,8.440018831198863
4043,2.4151929271058483
4044,5.072640292336338
4045,1.3442327477913216
4046,6.016663291858869
4047,5.3317548967171815
4048,3.798240553650935
4049,9.07055443566514
4050,8.545693391357613
4051,0.7570216234505578
4052,2.5420141493780988
4053,3.7365248135648956
4054,3.00498603894358
4055,6.215754265465186
4056,8.791706729586883
4057,2.8901224203599565
4058,7.474614986316159
4059,7.132495768123574
4060,3.6930663648109703
4061,3.948009857660266
4062,0.29863164884517523
4063,7.235159027481245
4064,8.967137878745337
4065,9.352694482078865
4066,3.2226623462589785
4067,8.117101562698485
4068,7.825053646888323
4069,7.91186925672609
4070,6.190898701902148
4071,2.3975888711908415
4072,7.055201791135447
4073,8.720809574056036
4074,5.344347481640289
4075,9.457669100385631
4076,8.834038232104117
4077,1.9491471927819735
4078,2.92745278667321
4079,7.7809416309032375
4080,2.2872393440514838
4081,7.272607640712877
4082,5.550062255485432
4083,2.3775089405186343
4084,3.1939357003265583
4085,7.170799176016769
4086,4.238091185594576
4087,6.340179776789384
4088,7.605606479309803
4089,9.492835745195057
4090,6.135947463457901
4091,2.825955974584159
4092,1.610112253450261
4093,1.7979525017378415
4094,4.9583671005112695
4095,8.089353012117227
4096,9.86278051098223
4097,1.6489338979283166
4098,1.3480309364802998
4099,5.157206918754879
4100,7.904311778492441
4101,7.374871611868881
4102,5.2027625078359945
4103,8.449436837445235
4104,4.148985730708478
4105,6.364780772411362
4106,7.164806604829681
4107,4.157873962614352
4108,6.987527302322297
4109,2.289803184547131
4110,4.221595355187481
4111,2.026478749976629
4112,0.29263590580667675
4113,6.550221704619916
4114,1.677817683728879
4115,0.33797272788210936
4116,9.611645365389027
4117,5.679116530818964
4118,6.162554811436912
4119,9.301081997837432
4120,4.0350065668295505
4121,5.979717110578555
4122,8.212354650622995
4123,4.382329821997097
4124,5.79516979210891
4125,2.4734142762792843
4126,1.2147415765398217
4127,4.843108979428273
4128,5.180281135793848
4129,9.551228803550261
4130,3.0924021851895436
4131,8.98908039578675
4132,3.8592610520755355
4133,1.2211671362016607
4134,4.564632082017122
4135,7.069757099433516
4136,4.908535332170935
4137,9.47306909609192
4138,7.187543516199809
4139,8.670009344614192
4140,8.472311289334685
4141,3.6608095793490105
4142,0.689002590783084
4143,2.4732581477942377
4144,5.329785478985742
4145,0.3642276584568034
4146,9.56465469937774
4147,2.289806778533259
4148,7.33325475655214
4149,4.922807578291343
4150,1.6993557303409426
4151,9.730937772776201
4152,0.9765405922442244
4153,5.746076574683055
4154,2.4090381271157035
4155,6.876029490713001
4156,7.14295314770353
4157,0.3928357810790598
4158,1.3400360886944493
4159,6.222395335827992
4160,6.598989505930711
4161,4.877774150726556
4162,8.939771489286507
4163,9.261530838132094
4164,9.660546103240824
4165,6.403108075612414
4166,5.849301555302733
4167,2.539785292940172
4168,0.12093785819394448
4169,5.0408217618427855
4170,1.2285724142657202
4171,2.341995006840696
4172,1.4616231477662727
4173,5.483572883331956
4174,4.369685064948938
4175,7.913992886688199
4176,7.412035556897553
4177,1.0390884338089348
4178,6.429866586439456
4179,3.1570993829054497
4180,4.911756575548118
4181,6.785901443780293
4182,7.146355234605645
4183,7.6315175636597
4184,3.0571547419569067
4185,3.1100634083500043
4186,1.529681970092876
4187,9.144079996534018
4188,7.711806302282015
4189,1.6645408400156774
4190,6.110903319639355
4191,6.861565117090758
4192,9.653946609491229
4193,4.04718058260165
4194,3.220110903012473
4195,8.398076772715655
4196,9.011411385604083
4197,8.333282502802671
4198,6.039073926425772
4199,0.9787270083126186
4200,2.608453891839342
4201,6.103659442428156
4202,1.0393792454111652
4203,6.98437370359708
4204,6.78368243149436
4205,9.326445269000873
4206,9.66486530438463
4207,1.4423169057846998
4208,1.515624523895539
4209,2.5006402411069644
4210,3.767554811282451
4211,3.4538427275572
4212,5.395085187974306
4213,9.668793516709997
4214,8.613808589013978
4215,8.590798410271118
4216,5.910503489287387
4217,7.751991097672657
4218,0.8760749000556075
4219,7.815903050978361
4220,3.0101650002799487
4221,1.068540631547991
4222,7.97910870320063
4223,2.1852943268775036
4224,4.5363856096901864
4225,4.098522499348108
4226,4.552204031489728
4227,6.150159328993065
4228,1.9693072063585166
4229,3.4702279959624818
4230,6.2854473576485255
4231,8.096685182667121
4232,8.454809772432188
4233,7.885773260988591
4234,9.799484896335487
4235,1.5996885258164217
4236,5.528304702749605
4237,3.523420691858859
4238,1.6727897980050654
4239,0.917973564564711
4240,5.202539056379244
4241,4.757993857039292
4242,2.9881341645305075
4243,2.733613457746263
4244,5.298063320977622
4245,9.527195858944655
4246,4.3878239569348025
4247,9.744742855752463
4248,0.6399387113052861
4249,2.9955697747083274
4250,7.236482741685778
4251,2.8938112251407047
4252,4.615114312191471
4253,3.922398920253066
4254,2.566717908649499
4255,7.221500938090131
4256,2.590823904904288
4257,1.8650837985440354
4258,5.0454405783413865
4259,4.0417823465293505
4260,1.9113220110817233
4261,5.17610775474655
4262,5.549656560525935
4263,9.617354091409062
4264,5.713715640037096
4265,9.278769004427833
4266,3.786560123173081
4267,1.775776197981341
4268,9.400379178745974
4269,9.453030113128312
4270,6.421234084093699
4271,2.147418937594831
4272,7.584215823072714
4273,8.736359445881526
4274,5.220241173462257
4275,5.843981562292176
4276,7.547123342543198
4277,9.56327628890122
4278,0.480246597915285
4279,4.24247877822785
4280,0.24716835049582378
4281,8.452570378551767
4282,7.358088939325228
4283,0.6192203141834767
4284,9.21340421514776
4285,5.001506260442693
4286,3.6483010338109687
4287,6.447740353157336
4288,8.490838333665884
4289,6.974290519158305
4290,4.973590845421656
4291,4.064765931428684
4292,3.350465613162459
4293,1.339489187331728
4294,9.623086996574907
4295,1.3304660415799188
4296,3.852440973776619
4297,4.411532650085622
4298,2.281934646668008
4299,4.498030774289527
4300,2.2049120601165564
4301,5.595862233010189
4302,6.685154915616056
4303,2.6371075734001685
4304,1.366583943976698
4305,5.094372844331969
4306,6.6247898008735415
4307,0.45112572354778546
4308,8.650925761281083
4309,7.4944830271936
4310,9.585666029281809
4311,4.917346420125406
4312,8.64928860984656
4313,6.2157968727822475
4314,5.929578754603022
4315,6.812391237809819
4316,4.042422103947245
4317,3.3765608877281386
4318,8.414018718591851
4319,4.359449125809626
4320,6.8777874920550275
4321,8.35143479222592
4322,4.611298748407858
4323,8.291731422519321
4324,5.920806427905654
4325,9.206765459122174
4326,7.122855444798724
4327,9.767247662063856
4328,3.1636506032710208
4329,1.151999699749414
4330,7.926111895132775
4331,2.074176024252143
4332,4.260737038767727
4333,5.238001485434503
4334,5.437511994671482
4335,2.2003118669158837
4336,6.040423339209125
4337,1.3844157545253164
4338,1.9611915656314134
4339,0.8047556279326787
4340,2.9261281304704037
4341,1.8431094400367702
4342,5.922836400571103
4343,3.3485372047129567
4344,9.193026917038928
4345,5.472457659927456
4346,0.6742755598593833
4347,3.066462766857137
4348,5.026033443658502
4349,3.572947850188074
4350,1.9901256814762636
4351,7.380510987041368
4352,4.58770277246033
4353,1.3512143966584473
4354,6.909411821982618
4355,7.663905464061098
4356,3.178692788241676
4357,7.056944994216001
4358,7.629540866190634
4359,2.2165377831902044
4360,9.345989630147079
4361,4.024869520219725
4362,3.3182922529602354
4363,3.6044818159172847
4364,7.119004281074067
4365,7.28151255282329
4366,9.337815884979985
4367,8.243402159107966
4368,8.991361023274056
4369,0.8819316201833199
4370,8.409115542134062
4371,4.377356722186274
4372,8.62284911090788
4373,9.005012703636304
4374,5.061285805459663
4375,8.389606945008953
4376,4.565484992567336
4377,4.30532678273838
4378,5.548935800135201
4379,6.063073609040591
4380,1.9646369137086237
4381,4.703435773958959
4382,0.7978428958626834
4383,2.5675826857229844
4384,1.135190691828818
4385,0.6240211871747952
4386,7.079458083216448
4387,9.008682635231768
4388,2.959073314996439
4389,3.8799348569563885
4390,2.7240515534754324
4391,6.97498879188893
4392,8.167039556899034
4393,4.978818808588141
4394,6.658816401466262
4395,3.1074070012805843
4396,8.001280313321649
4397,8.857606706688559
4398,7.940051362083356
4399,0.954993778244092
4400,3.568884826315144
4401,6.0931514124758674
4402,7.445601693460863
4403,5.871936238259896
4404,7.4685064331153646
4405,6.820380590525855
4406,6.132449718921561
4407,6.343669796279978
4408,3.4852386445318784
4409,9.794323614177253
4410,1.6670875499112177
4411,1.7145804886552591
4412,6.015352041346588
4413,4.602356438053524
4414,7.053053751765298
4415,8.644600130711893
4416,4.179665385349933
4417,8.834668981930085
4418,8.99792610147989
4419,5.633813309338109
4420,4.673264576031455
4421,2.660011932292874
4422,7.861311930812153
4423,5.741553905007536
4424,5.430757622329293
4425,2.0425315669714004
4426,7.923914498339314
4427,9.906572154566556
4428,2.667642225727999
4429,4.593438315078783
4430,8.60161751670578
4431,2.932327216975292
4432,2.4950148992939263
4433,4.041500375127771
4434,1.4771346757965915
4435,0.37823774521796816
4436,3.256186572281214
4437,5.710181692896427
4438,5.131722731334867
4439,8.393001774756597
4440,8.35990546827327
4441,5.285425412372197
4442,7.2608131385887695
4443,1.6870910375798642
4444,4.035726055550376
4445,7.754787261440952
4446,5.842166654882673
4447,9.255205790940533
4448,0.9901827066847169
4449,8.98485523814009
4450,2.4474289106051086
4451,9.328822362293412
4452,1.3182655843069009
4453,9.901484650025022
4454,0.3866779402831195
4455,4.329475037610405
4456,5.015680896418701
4457,8.045222289620558
4458,9.514168648694254
4459,7.1814734110990175
4460,8.072922424642318
4461,2.5469549291231233
4462,1.964641601889534
4463,2.9687143988645324
4464,6.732288627393435
4465,0.3871679504428158
4466,1.2857411864728967
4467,5.7882291877355625
4468,9.880422431221302
4469,4.265692179359383
4470,3.474641821465316
4471,0.2843351278948193
4472,1.0162725247649933
4473,0.22560991400927582
4474,1.6735658348632496
4475,3.525968559344548
4476,2.4873999657322425
4477,5.2760663320350405
4478,1.5620987574411807
4479,8.81184710107745
4480,7.220592971797269
4481,8.755885987485241
4482,6.877742100601554
4483,0.6791337884525016
4484,3.3762875365871143
4485,2.9129455579031296
4486,4.11973661937353
4487,0.819976215362176
4488,6.174451602745825
4489,1.4949495853799033
4490,9.43272552794974
4491,8.670217245301247
4492,9.213976147191426
4493,5.263963472646225
4494,4.4511930952310985
4495,6.981635845622243
4496,4.163745826312934
4497,0.5470346072936599
4498,3.795351291951355
4499,8.128634671408907
4500,3.0727658344568023
4501,9.492579705185438
4502,2.9801675283711275
4503,7.523757809844457
4504,7.81471919555373
4505,5.929820582866781
4506,7.098078162049146
4507,8.234260165819233
4508,1.6953668165928675
4509,8.165124783400561
4510,9.411004650048364
4511,5.550369811052217
4512,9.681905648163035
4513,7.010742001875255
4514,9.03537081970578
4515,5.664725238111163
4516,7.653318099124358
4517,8.885847071472268
4518,3.3096698884764986
4519,3.051294527773333
4520,9.970392243875226
4521,3.6422703454389542
4522,3.7366029592729255
4523,4.276248050140488
4524,2.3188709013239492
4525,9.186879844616726
4526,4.90824843461375
4527,5.315869387621387
4528,9.637236689233564
4529,8.486106168176601
4530,0.55108414346848
4531,9.349712939879222
4532,9.53404952468621
4533,3.090768987446085
4534,7.710832436679401
4535,7.803229228553654
4536,9.024699149333305
4537,7.537280975259197
4538,7.77083798999224
4539,8.604388646277446
4540,5.0554913238045325
4541,4.769280328154059
4542,4.324193433341428
4543,0.34736656022114076
4544,5.7633053458377805
4545,3.760576019972422
4546,3.357912787589467
4547,9.798342242669161
4548,5.728075138788949
4549,2.6094925593060383
4550,1.2370760377775525
4551,3.0302142725770755
4552,7.195427259769507
4553,1.6416604192349085
4554,9.508031738935268
4555,3.4060232748982675
4556,2.418171046853733
4557,9.311783606085728
4558,0.33727173734384364
4559,8.838811775652808
4560,1.2938753156835268
4561,4.211522747720381
4562,9.376365445683158
4563,6.618153134830481
4564,7.450069732994635
4565,2.479211718925117
4566,5.216688526313109
4567,9.598029498053311
4568,5.06068995998391
4569,2.2855931931849294
4570,6.615505200449124
4571,5.741725525427607
4572,0.2853678930857341
4573,5.047878539045314
4574,2.9266801442681727
4575,4.569076420393919
4576,4.925364358008364
4577,4.880905643130432
4578,9.72388290726468
4579,1.4148693439062916
4580,4.7145600928638025
4581,5.172667106570457
4582,9.264690432827807
4583,1.2683983943329746
4584,7.8862020831738056
4585,3.32720010589257
4586,4.774027907604012
4587,4.276323254538266
4588,0.30016275454087454
4589,5.23330446305278
4590,6.984970867074604
4591,7.80399925761815
4592,0.3530854816804161
4593,3.1165367651691613
4594,5.382445840917957
4595,9.634166909960367
4596,4.8502242571261975
4597,4.434179100955457
4598,2.509167684514962
4599,3.2208980537608887
4600,4.303032161663954
4601,8.580842283553547
4602,2.787007144453842
4603,0.9720953434418744
4604,9.251721376267367
4605,5.61847990206343
4606,1.5930037051481534
4607,2.9119020033732737
4608,4.57666939361747
4609,1.2679371780217517
4610,7.942611932919186
4611,2.433507769214841
4612,9.97703201776219
4613,6.499301462273891
4614,2.3061088624045403
4615,1.3807459835434184
4616,1.6918359315777312
4617,7.093989907553952
4618,0.8389198373452738
4619,6.405620170152883
4620,0.6567883360723576
4621,5.613477537215855
4622,6.873557768420787
4623,8.514605223973337
4624,7.49870870559989
4625,6.444063552045868
4626,6.2086224001337715
4627,5.010118825506634
4628,5.676510206610126
4629,6.030448665892199
4630,4.871876798309974
4631,5.1472613592012975
4632,0.6656523059914791
4633,9.344498809849824
4634,6.751607605769975
4635,9.668025429021554
4636,6.182240656168789
4637,6.164729756051143
4638,5.4686947226818035
4639,5.452407064159541
4640,0.5742503807043434
4641,7.8044310398853485
4642,6.218451399618462
4643,4.726591157046709
4644,2.852826144736484
4645,3.7288194992760237
4646,0.3759567164007033
4647,3.4711876378588067
4648,4.277378004471825
4649,8.956949839510084
4650,7.583550971846014
4651,3.7189472951785776
4652,2.4367135403877334
4653,1.6711848591191392
4654,9.530976032479966
4655,0.4078919756138455
4656,9.323042065974203
4657,0.1121531389843658
4658,7.364768853636615
4659,2.7277058947363257
4660,3.254141092252182
4661,6.879428039587372
4662,4.828009692467613
4663,3.6934743799585497
4664,1.3322842644330877
4665,2.2240654530597253
4666,4.877554674944732
4667,8.9699630730725
4668,8.025029006456583
4669,7.797729958166552
4670,2.43372357937501
4671,2.0531810992915824
4672,9.640446323052252
4673,9.155699976272995
4674,4.677346228940197
4675,3.167379305335925
4676,5.147099197283803
4677,4.0972346926148004
4678,9.034154664043806
4679,7.691470540604833
4680,8.752221020139205
4681,6.6565796061684255
4682,7.73509131473901
4683,1.181960307467907
4684,0.37669070651208714
4685,3.225071967059773
4686,3.6045928755881076
4687,1.79061955479791
4688,5.015019949502877
4689,3.454996826196465
4690,1.7770783395242689
4691,4.826040891350213
4692,0.9932942330739855
4693,6.500324752187153
4694,5.2753562110934045
4695,3.2827559358213705
4696,9.318556128982303
4697,4.994653317832998
4698,5.480721246589528
4699,1.5760093849458672
4700,7.38601946208927
4701,6.26244170676699
4702,4.98817211152551
4703,7.045989634137843
4704,6.452557407224647
4705,1.749947919574468
4706,3.0985587500787233
4707,7.991060501702693
4708,6.468458920069556
4709,1.0022747308678952
4710,3.8490989919410588
4711,7.268883889141852
4712,8.339766886147391
4713,7.341384068081704
4714,3.9120832678397726
4715,2.361559203681834
4716,1.5967231674275866
4717,3.368069552309548
4718,0.1457516497185859
4719,1.7949466270392407
4720,3.5386082771106526
4721,4.032633804462605
4722,5.659071305171103
4723,0.11272910375498257
4724,7.85009335163841
4725,4.259834307994137
4726,0.3402227836576328
4727,6.163554103190364
4728,5.8556187109910445
4729,3.553288413507658
4730,0.26145920849604276
4731,5.366558881508505
4732,0.20152178979359595
4733,3.886270913299498
4734,4.238409550993552
4735,4.817395096038415
4736,9.938579053241755
4737,2.8087133512757805
4738,6.207005298646741
4739,5.781296500601306
4740,0.3772483404774011
4741,8.506791902830635
4742,2.8895457605518002
4743,6.22955961670143
4744,9.771805179018559
4745,4.683432749306816
4746,4.640366417645733
4747,7.569826944219332
4748,2.0525854281350293
4749,6.19429765330287
4750,1.3978318883592085
4751,6.686909468067297
4752,3.7109472870739544
4753,3.9940490819250605
4754,4.499516795243444
4755,0.42289591916880975
4756,4.963538413213429
4757,8.538644828178795
4758,0.7740353601953036
4759,3.2914107016170777
4760,8.519782957325036
4761,1.7774517192586952
4762,5.2257532965562525
4763,2.1465543016272837
4764,0.8569243928399912
4765,6.578618276173411
4766,2.5279737039655434
4767,4.5934897881440495
4768,3.5145669225466847
4769,2.9109255156229175
4770,8.719013069980937
4771,2.360768638908486
4772,5.872701699075656
4773,1.4711516382948921
4774,3.446952353181923
4775,3.268070246837078
4776,8.66678081080619
4777,5.661030981686662
4778,3.9450564617387895
4779,6.48916825027717
4780,3.0174690853677513
4781,0.10989356572234393
4782,4.994649533922442
4783,4.629333796035712
4784,8.624003203341145
4785,3.6613411013510766
4786,0.42332646045696554
4787,0.5433764964078677
4788,6.926599198598288
4789,5.85280366746182
4790,7.923811595905388
4791,7.704566276829226
4792,8.106726171206814
4793,0.6079318624395278
4794,0.33921992889507
4795,2.6824770229578263
4796,9.095845066152627
4797,8.082993439177127
4798,1.3711926665425267
4799,3.25885912317073
4800,2.372395123176175
4801,2.9567833917576687
4802,4.609200379707774
4803,6.434226386453276
4804,8.435129380091226
4805,5.559207759357761
4806,8.466562188977948
4807,4.313097161037039
4808,7.548417652184239
4809,1.5872641816919741
4810,8.50723300684569
4811,8.27582458504748
4812,6.509434823637269
4813,4.716771511725093
4814,0.9369889858056456
4815,7.972440984581617
4816,4.6230973162068665
4817,6.578897211060785
4818,2.443000466308202
4819,1.44182909354537
4820,7.973276966922363
4821,9.91209839225401
4822,5.337683185130412
4823,2.477674386040398
4824,3.08494505570473
4825,1.160991274712876
4826,2.447872455562971
4827,3.1439318727037397
4828,8.073442605588694
4829,1.3225122835531578
4830,6.778142622463263
4831,0.911973809229257
4832,2.2006152147733666
4833,7.433197632443045
4834,9.919415262347899
4835,8.610474015824323
4836,9.345936708224261
4837,8.608134265544802
4838,2.620713372492706
4839,9.020733854759396
4840,3.236088096487957
4841,5.667094577309264
4842,6.282434652154294
4843,9.466869280722523
4844,0.2385308813825743
4845,3.9430992670305494
4846,1.63174667127261
4847,3.0940002756788405
4848,8.510717150303694
4849,4.997345367356382
4850,3.5487143148905775
4851,4.431364159444388
4852,3.856174070161409
4853,8.442298691446508
4854,0.5965857424041119
4855,7.8506054557307445
4856,1.0972392500813106
4857,2.593085274731739
4858,2.939994009587756
4859,0.11223747580499784
4860,5.944296099700608
4861,3.7471232878391
4862,6.85146495554789
4863,9.986625314548675
4864,6.219895213578288
4865,3.2588260814685097
4866,6.166823906169356
4867,9.990288475712212
4868,8.099267651685311
4869,4.0297695064510854
4870,0.4962745325372391
4871,2.995108644540221
4872,1.0907755835707587
4873,6.425118149778881
4874,6.854218418559886
4875,8.524198736829673
4876,3.6185653345475735
4877,4.061636638337376
4878,8.518541038611692
4879,3.4993362728923665
4880,0.7727921585064044
4881,2.8896320458064033
4882,5.7660871476207385
4883,6.494602401582544
4884,3.4285318456265452
4885,3.562377977781222
4886,5.040600585112666
4887,0.6433664448704717
4888,8.195262363373534
4889,4.0163781524500415
4890,0.7045296373887682
4891,1.156663001409921
4892,8.35990621962134
4893,5.874659387584395
4894,3.288209164015198
4895,5.607031771357441
4896,4.884589668054888
4897,5.169513980909623
4898,7.483693782356422
4899,8.321267105571723
4900,3.175101659515835
4901,8.82692318484597
4902,0.3840255738641718
4903,7.054884718867173
4904,5.336435148670248
4905,9.256795746024611
4906,3.429819353173542
4907,8.124049743659699
4908,2.6905771596654406
4909,0.6999833441570369
4910,5.618473638373618
4911,5.0645713288067284
4912,3.8824626866732697
4913,2.506970080786573
4914,9.808423615778466
4915,3.0928369249793213
4916,8.757577964917665
4917,5.236366978328218
4918,1.6204443397689332
4919,7.432193149672496
4920,2.2219806355185483
4921,5.1855878459135285
4922,8.599390552963488
4923,9.772676960439494
4924,1.5538879439631619
4925,3.913663581787294
4926,5.155996801027162
4927,3.997446985534917
4928,9.348270029470338
4929,5.547045997092635
4930,3.8764546515632246
4931,5.2783003127904315
4932,7.402168965726098
4933,1.0726811782061647
4934,2.0887376643467555
4935,3.9618468996744065
4936,5.718056257333166
4937,2.3693804751792484
4938,5.382120726017987
4939,1.8274181778021827
4940,6.3703457646952115
4941,6.170896052616249
4942,1.981057826168692
4943,4.623444894094471
4944,4.247570349862143
4945,8.59201980852882
4946,8.090286164866953
4947,4.252248102043708
4948,6.865462580719546
4949,4.297783607274511
4950,7.182178087511253
4951,2.9667928749800274
4952,4.717652895590977
4953,7.310573645368202
4954,4.015377396720694
4955,0.782423252020259
4956,0.586928391050391
4957,3.5867645720408516
4958,1.890359496454481
4959,2.1478601482860165
4960,4.904773735698797
4961,4.773167849692982
4962,0.7255436810200817
4963,7.7529887505770985
4964,1.9340962392779233
4965,9.11622163338041
4966,0.4589252126506361
4967,7.301945306079109
4968,9.93782334873807
4969,5.732141126008578
4970,0.24508394547010595
4971,2.3874944753501532
4972,4.716835952644452
4973,5.896137005185512
4974,5.971273629054803
4975,9.825584571926406
4976,3.300315496284789
4977,8.797567045400308
4978,1.914593428339345
4979,3.248687120567139
4980,5.075094509664802
4981,9.240403837336402
4982,4.079464125076031
4983,6.223741492971676
4984,1.0141733453546922
4985,4.452946330974966
4986,5.627081347858734
4987,1.0937435482149827
4988,9.62104566977263
4989,8.339892385594284
4990,0.14928537400237762
4991,7.242358616070249
4992,1.7982368136438596
4993,3.8004425359894105
4994,2.230698653481332
4995,1.0583084103384917
4996,1.1614575907609384
4997,1.1269345172365541
4998,3.5567877200240403
4999,2.783257941720349
5000,2.7685185553340514
5001,4.465124773301949
5002,9.591487968405866
5003,5.906437540995645
5004,5.099679465796459
5005,3.4893030228993607
5006,9.329347071176398
5007,5.2283704760395455
5008,5.54911296501509
5009,5.900565686667994
5010,4.667163310089788
5011,9.352860758998784
5012,5.62763606794613
5013,4.291669583802962
5014,7.7966866230866785
5015,9.819122625794787
5016,0.30207369593404465
5017,8.890645012112548
5018,9.59911748841764
5019,3.249244220480826
5020,6.6751992122139745
5021,6.554773630783978
5022,3.3305049393113766
5023,8.654624555616904
5024,8.687645893431412
5025,7.621578330876676
5026,0.7167989337211669
5027,1.6457554017987923
5028,3.131562602687275
5029,0.1514214178305564
5030,3.77052481667194
5031,0.7494559657337719
5032,9.872910707919997
5033,1.9967180284385095
5034,7.057470542741288
5035,8.08011984147141
5036,5.954432747319499
5037,9.728094834009298
5038,3.1945896617817398
5039,3.276952990062556
5040,8.468647348412805
5041,9.13153138042255
5042,3.1215751615148513
5043,9.87204938751483
5044,0.6942138670904875
5045,6.746883942977645
5046,3.134804541378061
5047,2.0502488401751946
5048,7.0361099524055675
5049,5.324342456787963
5050,9.667062028421839
5051,7.792576199941896
5052,5.908666627718641
5053,1.6987979301070242
5054,2.2158867542716165
5055,2.821700934635087
5056,2.2568023576268033
5057,0.7950184074063301
5058,6.966125789292615
5059,2.4846194144276414
5060,7.726959040356892
5061,7.943163866433419
5062,4.638417699036777
5063,9.42607981252528
5064,6.708156588032575
5065,3.143047068748654
5066,9.683392755584633
5067,8.128228729685494
5068,0.7255093545233747
5069,4.950296610246879
5070,7.622674196503996
5071,9.371187498493075
5072,6.9066759127511155
5073,8.32776515130904
5074,2.4793186112580528
5075,0.6186396480806703
5076,4.9128707508753715
5077,6.6597287139148325
5078,7.58175508240278
5079,8.94401333827962
5080,6.266757282675029
5081,4.7474971026608
5082,8.973038488758306
5083,8.929665047324166
5084,2.8328913234935458
5085,4.468908702905984
5086,0.2775191712876139
5087,4.630446823877324
5088,1.1490250469092778
5089,2.5373964733573384
5090,4.164269098190119
5091,9.669213027967952
5092,9.65885782806474
5093,2.0442133603167427
5094,3.387672216640799
5095,0.7813404914426553
5096,3.6103671611985426
5097,2.1288209734053205
5098,0.9037307356546991
5099,6.848665366062581
5100,4.60794379223853
5101,8.896798195302486
5102,2.018811922628137
5103,6.930943593126772
5104,9.807525512789137
5105,5.38799236477449
5106,3.2899639122882482
5107,0.956704275523298
5108,9.553905308187504
5109,6.467488101598514
5110,6.004959725388664
5111,1.1407767947953666
5112,4.2577050245705985
5113,1.4493806892827203
5114,3.048002386156749
5115,5.000547045111557
5116,4.6257664384709285
5117,7.3216017385802425
5118,5.062583149261172
5119,0.6315076238582119
5120,9.57222367622805
5121,8.385935305120176
5122,4.04066621122761
5123,0.16668456320657687
5124,6.300226189406216
5125,1.6663914638886799
5126,6.953402663233971
5127,1.372996737494836
5128,3.6349833257162905
5129,5.015615684144443
5130,9.765613103671129
5131,2.644019795384344
5132,5.734267177048397
5133,6.184544332536828
5134,7.523676383117563
5135,9.639066941189911
5136,9.232747177365962
5137,7.249764566929347
5138,0.15576015861924353
5139,9.317177049413905
5140,5.510865435827046
5141,2.4285328926664507
5142,5.877546855280041
5143,2.2889049180346954
5144,0.5803579534134273
5145,3.1142505765798747
5146,2.323962497252947
5147,5.800844456112196
5148,5.042754709229825
5149,1.6666396711829257
5150,0.7315810470756039
5151,6.511993956422008
5152,0.9970104978825967
5153,7.365365723122527
5154,4.201160107769049
5155,0.7635778711519032
5156,7.246359627046224
5157,9.181081897571621
5158,3.637209296757323
5159,3.15566708376775
5160,2.1957941905651626
5161,7.879827982473691
5162,9.142417488551096
5163,1.6834852289416156
5164,1.5498456517797272
5165,4.384705311274876
5166,4.31415829708185
5167,3.279629046086535
5168,1.9981735178141846
5169,9.83034298906268
5170,3.3839127107688936
5171,1.3175098099173097
5172,7.326104420978666
5173,5.885454127532101
5174,8.862077777289
5175,5.273574965515191
5176,7.104309220542583
5177,4.9822562528258825
5178,2.9122988383822013
5179,8.646452036985716
5180,0.3264819854021671
5181,4.375065123804638
5182,8.026175211377526
5183,3.5031291822011212
5184,8.79509582048725
5185,3.32044871110546
5186,1.6386436276464496
5187,4.075391754187825
5188,5.985302979809597
5189,0.9040841590568239
5190,5.780472687186149
5191,8.771323714518937
5192,8.981838478652415
5193,5.538127923676978
5194,1.3585447892005698
5195,8.14154755891712
5196,3.6680794570099358
5197,3.996846884576772
5198,2.7668785703098457
5199,7.53164999327024
5200,4.079581109598589
5201,9.060871066783932
5202,0.32579996709245007
5203,9.10795707759884
5204,9.973624050485697
5205,5.8009488690313145
5206,3.2352461251843994
5207,2.1274255495309324
5208,2.8644609162276375
5209,8.100157644084607
5210,1.4682173616850167
5211,9.157291324486952
5212,3.885098779798053
5213,4.684865954485347
5214,4.941377079515242
5215,4.433517929022979
5216,4.826954319974647
5217,8.907870862821204
5218,4.9621164971086005
5219,5.7618198776744425
5220,5.831302188806895
5221,7.662489499242008
5222,6.878619386327685
5223,6.051151024264118
5224,7.141117018260278
5225,6.292236661152418
5226,5.041998078218528
5227,8.926819485296182
5228,6.896053011880954
5229,0.518919039908691
5230,5.496647697214249
5231,2.0823426671930805
5232,6.801177746425005
5233,6.676707372377334
5234,0.154616247285992
5235,3.8464634279018286
5236,3.762610795008317
5237,4.11166735607043
5238,9.797027635248991
5239,3.3928916061346435
5240,2.360206892743182
5241,9.138196822422652
5242,3.006157631845965
5243,8.55552049667194
5244,5.329025387751511
5245,9.61244692096704
5246,1.2159860876402102
5247,5.722850459211372
5248,1.0888501788689917
5249,5.57109655779031
5250,9.884757042539489
5251,8.592140465575824
5252,3.9208554271646294
5253,9.854916872352167
5254,8.841821191693477
5255,2.9799732217379518
5256,7.8024494288113315
5257,6.036494543306555
5258,7.289953332497019
5259,3.6626446571148707
5260,0.5769949118541031
5261,5.675043870624064
5262,8.302382182990742
5263,3.6863816567351084
5264,0.972172340788595
5265,6.804629380716926
5266,4.500735845246315
5267,2.9007630926053167
5268,8.44525678970518
5269,2.836122020759098
5270,0.12842051711704042
5271,7.490547506660909
5272,5.449580125348929
5273,5.306189151052601
5274,5.720595643016296
5275,7.7431234252908885
5276,3.4256790424520536
5277,7.091038021662274
5278,6.874944622666174
5279,5.75942266521413
5280,5.294310934643915
5281,1.5390904505576581
5282,5.457255751706464
5283,0.9218830587156032
5284,6.197223437613459
5285,9.539005854465076
5286,3.9962307139955473
5287,8.077669464219504
5288,7.427082881056965
5289,1.3204351041334779
5290,9.67384612779505
5291,4.61271715699356
5292,6.631614918642042
5293,1.970725504764397
5294,6.887040985992761
5295,8.435825780812644
5296,4.619730553173211
5297,5.757856501882924
5298,5.101178754486937
5299,2.3663214757306696
5300,7.649040106025022
5301,5.955632653380121
5302,9.478948283699262
5303,9.203840128550315
5304,6.786118032563459
5305,9.469230647854435
5306,3.432108906931852
5307,4.398247352569187
5308,8.922604262486809
5309,7.740736000656612
5310,9.113598222393554
5311,8.227980644168944
5312,9.722927882589296
5313,1.0958391790953055
5314,4.862291090457608
5315,3.3588857785217328
5316,1.8204160349739191
5317,9.095372153347581
5318,4.163976104246256
5319,5.575466068143075
5320,4.5856564977627565
5321,6.8953814944120175
5322,2.671535032637351
5323,9.382960257880027
5324,5.82123063368306
5325,6.0880762845477685
5326,2.605634453639629
5327,9.37363480203995
5328,3.6467371609574917
5329,1.240363479241424
5330,9.072281542244152
5331,0.7967642162474131
5332,1.015204052430093
5333,1.0366805230142533
5334,2.8124035159490193
5335,8.51555367033158
5336,6.974394848644455
5337,9.594227612604643
5338,2.816870368120984
5339,9.963820634465751
5340,1.7148161985660166
5341,2.215552647280172
5342,7.707630041279552
5343,8.898981887453916
5344,5.545303892238483
5345,1.5619794116914099
5346,3.3507737122489787
5347,2.600791410030488
5348,6.683945989479463
5349,5.517548705130873
5350,2.5774278152855605
5351,6.953897755540279
5352,6.0670116627665935
5353,3.5529727729411364
5354,7.100150921593051
5355,5.929437644542286
5356,8.416688140176223
5357,5.4812369511974355
5358,2.42201322168817
5359,6.732804981044281
5360,0.46908775520597445
5361,4.898828718732626
5362,7.7311324988323
5363,4.371706229956039
5364,0.49875782525847046
5365,2.4454228685007267
5366,7.225459542245556
5367,8.071267018166816
5368,9.52854917348342
5369,3.2049151838376138
5370,7.523547174487038
5371,8.378053283854593
5372,4.635535716730241
5373,6.503939630827952
5374,0.5544695084823036
5375,1.6054201282346472
5376,8.43237487356499
5377,3.273838345020598
5378,4.364013206644052
5379,8.094281628654
5380,3.8473298399403153
5381,2.189732846478787
5382,1.3775895898676311
5383,0.2445759697888922
5384,7.408550862861712
5385,1.754136879733309
5386,7.211065921231872
5387,1.4514877489288704
5388,7.897986269177249
5389,4.370675069187117
5390,7.208954133009572
5391,3.4379370095909936
5392,1.894264146537107
5393,5.8833480303575865
5394,3.1285807316962226
5395,2.2462851125563135
5396,7.482193724919283
5397,8.07975276511669
5398,9.179951204242402
5399,4.353431216662448
5400,3.806044262096237
5401,1.9195043826282572
5402,8.21195953880726
5403,8.436486244787606
5404,8.630388524012668
5405,5.844272746499693
5406,1.0835119950189354
5407,6.4233692060014835
5408,7.040529090877315
5409,5.4183848077754915
5410,9.48577061109433
5411,7.534807120516563
5412,8.9981213528286
5413,5.917611539343173
5414,4.154646648569535
5415,1.268914014648807
5416,2.8505387839510115
5417,7.67865467654679
5418,1.7292997337170233
5419,3.9774407811599923
5420,6.285847265047038
5421,7.466084686768236
5422,0.8864478152374987
5423,0.7968260528669886
5424,3.2852864178147185
5425,1.1155336597002925
5426,9.294112044046207
5427,6.4769932955705665
5428,3.140079261313938
5429,0.15018851058516922
5430,2.415320107857731
5431,2.569868596774611
5432,9.778125865914012
5433,7.099758201216124
5434,3.319717522592656
5435,3.3275942048509792
5436,3.6531658024397418
5437,8.811848672277996
5438,4.731362432808537
5439,9.471438748519875
5440,7.46616664641995
5441,9.27416118080057
5442,0.5459370243837207
5443,6.575728277959629
5444,7.360712000021614
5445,3.9787259221309346
5446,7.53125867183539
5447,3.7574537111922175
5448,5.227924085985079
5449,5.151296073017211
5450,9.134465689514238
5451,5.460588130940564
5452,1.8618856085794375
5453,8.824532178975588
5454,9.832240983344722
5455,2.575181728288386
5456,3.981282745210197
5457,9.932081814586557
5458,5.4891553984607135
5459,5.454253175710679
5460,0.3820728447321067
5461,0.18341093425965002
5462,8.202370721255521
5463,6.944607152443163
5464,5.109368910886273
5465,2.191695535611076
5466,1.604979798594635
5467,5.903537771227784
5468,9.326722597628343
5469,6.750895657456435
5470,4.361747139776201
5471,3.1562431196831544
5472,0.19630520826015954
5473,9.21690889885876
5474,4.470195988585674
5475,2.2153630945329827
5476,4.982729843085708
5477,5.522744387598726
5478,2.5022915978681226
5479,3.2812141258092864
5480,2.0130753527979195
5481,3.343576396621658
5482,9.119758164067127
5483,1.2510047137127416
5484,0.3578807755423037
5485,9.751294853930952
5486,0.7219501808405223
5487,9.04909039323624
5488,1.0239213831503502
5489,5.709340316381504
5490,3.434480454309858
5491,0.9951587285427392
5492,6.250706454541519
5493,5.443158975569675
5494,3.3043383114451146
5495,2.7250688408512533
5496,9.19631902004503
5497,7.797108578196385
5498,5.924406543501916
5499,5.716811999178277
5500,0.403963362086179
5501,7.53989964759385
5502,7.778040878800042
5503,7.094241712361261
5504,8.504000499496287
5505,6.9327574730109305
5506,2.6076975135323677
5507,2.830897499213741
5508,3.062002807732668
5509,4.244752404193394
5510,9.877606933613055
5511,8.869703851397782
5512,6.924027158068032
5513,6.267943430207058
5514,9.857418719541178
5515,6.053383785504702
5516,2.8010384506271286
5517,9.628884614850282
5518,8.11185444945863
5519,8.674693401049973
5520,6.980659503605108
5521,9.000151575746482
5522,6.520465800893948
5523,5.0695194731299065
5524,7.104218658720545
5525,2.3778088653254583
5526,9.864008958809986
5527,7.54172230963485
5528,4.8985142021521115
5529,1.66841503034307
5530,3.4319295342977796
5531,7.141342601511824
5532,5.562222295367853
5533,4.322817175627819
5534,2.151646245479389
5535,3.5972841703633702
5536,8.452865183756325
5537,0.7473202089558465
5538,7.932611733936172
5539,2.7207246048119433
5540,4.003051579459742
5541,2.7996042399349377
5542,8.73304755086505
5543,8.441116126616173
5544,5.1946883484475785
5545,6.837629567000566
5546,7.48324801540816
5547,1.758284459611567
5548,1.8491126239584599
5549,1.1944719412104476
5550,4.9525108065857735
5551,7.8230785905456575
5552,9.089326284792044
5553,3.42627511917087
5554,1.4818311734959617
5555,2.163488605950556
5556,0.7275428409014277
5557,6.888339285387011
5558,4.876597820681989
5559,6.54305001588384
5560,9.935275657558021
5561,6.762119066254541
5562,1.3734726394483174
5563,2.4445028338075323
5564,8.227529500311253
5565,7.797492103558334
5566,6.35677802808444
5567,5.07972450971007
5568,3.61098610462546
5569,1.7259234086646886
5570,9.032574329099745
5571,3.961002973713129
5572,4.773537937829644
5573,9.945788041184132
5574,8.208720460630394
5575,2.5869051123744997
5576,8.458785297232666
5577,3.813353635699858
5578,7.37669215803924
5579,3.92383149777397
5580,3.628784458027301
5581,8.773697484912587
5582,8.570578820080582
5583,6.368425696614433
5584,2.8892692115294207
5585,8.908765944873386
5586,6.751921184499206
5587,7.289362950560685
5588,3.882358370590213
5589,3.577774095250732
5590,5.409327934449774
5591,7.703409715691993
5592,0.6903585021897125
5593,5.086687995280345
5594,7.4955335410562265
5595,1.465875366976132
5596,8.11767790429821
5597,0.15486769782832857
5598,8.282155317346986
5599,5.2784271841324335
5600,0.6170550289331183
5601,7.517723267096975
5602,7.134943578329591
5603,7.864986275755771
5604,6.371446844190583
5605,4.306896124981766
5606,6.497253580351772
5607,7.484646624849595
5608,0.6822269677542105
5609,1.5119950935530766
5610,5.789630047993171
5611,9.760947588303978
5612,3.340080742873479
5613,9.128909665878197
5614,3.2859869217268476
5615,1.4308005326290079
5616,3.2302417090039643
5617,8.684948423062433
5618,7.6862706472306455
5619,7.28834737436218
5620,8.440729305024773
5621,6.219640384133223
5622,5.319475943753984
5623,8.34970922976378
5624,4.294964400646654
5625,2.5689397309194817
5626,9.9347231195267
5627,9.956698975193461
5628,7.019687843388169
5629,9.599532189213708
5630,2.9635776908415723
5631,0.9988858681775249
5632,9.192038991765791
5633,0.610663612366314
5634,4.662623286700945
5635,1.3778315398554175
5636,3.6980569485919226
5637,4.920967577170194
5638,9.727612944328545
5639,5.91840560115925
5640,5.369809651936263
5641,3.1784577094942397
5642,1.9040889502270664
5643,0.41206420280280964
5644,1.0083242651508888
5645,8.629743258471027
5646,8.374237646082587
5647,9.739366065702415
5648,2.1462472018570433
5649,1.505335722338936
5650,6.6507067575872
5651,2.6055526400802087
5652,0.9602043005160527
5653,4.711593260742298
5654,9.548220361094195
5655,2.6739859513018636
5656,9.961842739920913
5657,7.396200411072491
5658,0.5795379351118883
5659,8.665133291478123
5660,3.473901187276414
5661,0.26036319104026606
5662,8.327976227241741
5663,7.773037175774074
5664,5.85069189867347
5665,4.831070335573877
5666,1.546231287220618
5667,1.6996288613631654
5668,0.1501810527259694
5669,7.772085595106141
5670,2.4675627703774725
5671,2.519018974835163
5672,3.740445491307876
5673,5.832184588292561
5674,1.961271736050975
5675,3.447689800844193
5676,2.8078684760873047
5677,7.647914903556792
5678,8.49294811155957
5679,8.220260690512692
5680,2.964159036794581
5681,1.2749849773676318
5682,7.826341697182446
5683,6.906612510385213
5684,0.5728983880316108
5685,0.33107064772999006
5686,3.3608104377142016
5687,2.0868071639590893
5688,9.289367599891444
5689,1.2133596295320046
5690,2.7182783489739313
5691,7.415711212286265
5692,4.781342417045498
5693,0.9033776539503737
5694,8.592466802800647
5695,7.630924323991268
5696,8.238646706221925
5697,1.6707714754909242
5698,5.700746676954801
5699,8.056831940411776
5700,2.910290486551004
5701,6.688052877817808
5702,2.684239955293843
5703,6.289475813281728
5704,6.924753827593218
5705,1.3981573198645574
5706,2.2875633302248906
5707,7.133552195210761
5708,6.015216908314731
5709,2.2263586220014853
5710,0.7914526085146193
5711,5.1969836598542996
5712,0.7604250340989197
5713,6.827851315178471
5714,3.6492341465858487
5715,3.020894746620229
5716,5.436704269254178
5717,0.8034138104637449
5718,8.89678379212758
5719,5.925904483319485
5720,8.356140807993613
5721,6.6352156605901325
5722,1.1456553292408682
5723,2.4586193243530845
5724,3.3796847923784576
5725,2.7659594109478656
5726,9.432484759024947
5727,4.510067316327664
5728,6.19268885158323
5729,3.7658531049793758
5730,4.074729102393616
5731,3.461535299633364
5732,4.730113758284908
5733,2.84540341915591
5734,6.212841901841875
5735,9.722591632564377
5736,5.446121247824231
5737,3.7805340402096785
5738,0.32093623192653103
5739,6.9203971348219095
5740,2.8858759891373467
5741,5.69107001219003
5742,8.309778305077188
5743,3.443756984467949
5744,4.920720948503518
5745,7.491849992862574
5746,2.3134946846051663
5747,9.568955225439655
5748,3.854904194206614
5749,0.17192637337309064
5750,9.306803585188858
5751,0.8685058480378237
5752,4.502457165868169
5753,8.402440967096794
5754,2.8845048650579757
5755,1.8475228816248617
5756,2.2443273337811536
5757,9.01413651896708
5758,4.3164587502016944
5759,4.766394876683128
5760,1.5936833333722342
5761,1.7810805466761266
5762,7.390265503879018
5763,0.6385796050980156
5764,0.20233435239174635
5765,5.161156094486168
5766,6.668724344100764
5767,9.668899298492724
5768,9.797024323378592
5769,3.888059820703832
5770,7.36350584468243
5771,4.147697294522337
5772,2.6512367917038526
5773,4.881715355293766
5774,5.3246110173447025
5775,5.847417385264431
5776,1.4945575434047007
5777,6.213587201652558
5778,0.8025193567918816
5779,0.9395860557443745
5780,7.435028396852809
5781,5.071155476229547
5782,7.325436312947469
5783,2.174768396527627
5784,9.344726401627547
5785,9.311207291378295
5786,1.6736094949312912
5787,8.467690116715994
5788,7.2754553997332225
5789,6.7350305973173334
5790,4.703592692057644
5791,9.393459984787432
5792,7.171631931427288
5793,1.4342670157896582
5794,7.058441919564938
5795,7.336867673549581
5796,9.74655262666272
5797,5.822430828086738
5798,5.827494530920866
5799,8.518857235383939
5800,7.208863526947041
5801,6.895183827652156
5802,3.267464132097282
5803,5.238480415039788
5804,7.552849635601535
5805,2.2962020960630904
5806,7.651402490908325
5807,5.847889444602592
5808,7.066868056066183
5809,8.334187988006134
5810,8.880906481936494
5811,3.9251141989500753
5812,7.426287284574404
5813,4.269212615047459
5814,0.6324896835241339
5815,2.0018332040210565
5816,2.9941777927628617
5817,6.725972638196536
5818,7.0905945143854066
5819,2.4121050817092224
5820,0.3229914729851688
5821,6.38030259184155
5822,6.43230435247204
5823,7.800642024613547
5824,8.267706192340562
5825,3.0623075046939596
5826,1.8368179697483653
5827,6.346924714299312
5828,1.8108745648490274
5829,7.988957225376941
5830,3.423421145149055
5831,0.5920033956933772
5832,6.134033354120623
5833,8.769242164526384
5834,0.625213701423766
5835,7.063914553783482
5836,3.1430734774379965
5837,5.832029318534708
5838,2.8675520169682795
5839,7.5951695277483395
5840,1.2515610805093669
5841,0.9268388897599585
5842,3.423399584008042
5843,5.122562218302828
5844,7.992271700297199
5845,3.5673425336913325
5846,8.378938089005207
5847,8.506674705503489
5848,6.042016107500796
5849,9.097350531949603
5850,6.523039144234297
5851,7.163565999091945
5852,9.156664100823933
5853,7.546033634820996
5854,7.000583354338992
5855,7.663382457143761
5856,9.341134845143554
5857,5.252999153863058
5858,9.996929795554998
5859,9.939498872282085
5860,2.208207652433277
5861,7.122944032221907
5862,5.258893341931085
5863,0.7311349724026259
5864,0.9686908897902998
5865,7.104548723373875
5866,3.3353151287429066
5867,6.742124562454364
5868,5.990174552977451
5869,5.2815779521141755
5870,8.404597480916072
5871,5.588977032951166
5872,6.485158906785468
5873,3.4095385926763955
5874,8.322662809428357
5875,6.374532384971314
5876,4.36281764773469
5877,7.245199576747547
5878,6.760192247208316
5879,2.9778556615037455
5880,9.171548656672899
5881,9.11304486601662
5882,7.767682089372775
5883,7.899457207776182
5884,5.2479902030565135
5885,5.740449782742689
5886,3.271779793965967
5887,9.596783920733769
5888,2.825160322039742
5889,6.688783362024718
5890,0.9303299776915638
5891,0.16323556458061828
5892,2.3946209044567404
5893,5.816376219925624
5894,1.9231682863033586
5895,3.8503383606087125
5896,5.045877663227304
5897,8.636628461627181
5898,8.68467887713211
5899,3.8738398521968365
5900,8.186875288751935
5901,3.49757561033805
5902,6.556362841229101
5903,8.080038867769908
5904,1.5652715406383744
5905,2.679094467544927
5906,3.0188853853549533
5907,7.230694944979841
5908,2.5387079118215072
5909,7.421584326862919
5910,2.5390084902168395
5911,7.766921728625154
5912,6.6024211305881
5913,0.8341737123900375
5914,4.234482422985052
5915,0.3474638097979265
5916,2.656888271800845
5917,9.537674202548313
5918,6.2267942075760905
5919,7.125633970975182
5920,2.372716007648706
5921,7.866203831505579
5922,9.861529275043804
5923,7.833475736763015
5924,8.562066719658855
5925,2.835157964377833
5926,8.23724012912265
5927,4.499638480536422
5928,1.0536842964364856
5929,9.92877420109337
5930,7.633458765524364
5931,2.2030400229103853
5932,7.6411573049508865
5933,2.421362029956093
5934,3.571794686638126
5935,1.661677783723945
5936,9.35580152627081
5937,6.4890573174410955
5938,1.5881492660832948
5939,0.10281479113442094
5940,6.8637102082535355
5941,4.327926496408583
5942,5.785174992007908
5943,0.9605037317078324
5944,6.193299436384595
5945,7.294246021775
5946,5.131621502380238
5947,4.166102642320695
5948,7.839109111564143
5949,2.7084331697344113
5950,2.985109577637871
5951,2.4854765313521727
5952,6.0083482495807194
5953,5.834387600204989
5954,1.2295235081973217
5955,8.325350804176283
5956,5.709124913003151
5957,6.971030925757598
5958,1.6556094355951034
5959,9.548382885331216
5960,4.2547233164997245
5961,0.8467278620545948
5962,5.027902212911196
5963,5.914414338711584
5964,5.282223692322394
5965,6.856792479160227
5966,5.665419270180812
5967,9.990055776964962
5968,6.697639925184473
5969,0.4405777848941723
5970,4.897685824172395
5971,9.572602394663122
5972,9.079678827733986
5973,9.844329665315437
5974,9.979204249023079
5975,7.060294154094748
5976,0.6426294444951886
5977,4.87829976699994
5978,8.604896007302584
5979,6.917426162512882
5980,0.24700099311201973
5981,7.6954269588035915
5982,7.9301123721208935
5983,3.4606801318115896
5984,9.473150950002635
5985,1.5808215114264417
5986,1.187923452043181
5987,9.359774638669919
5988,9.913673768821157
5989,8.816960520852263
5990,6.266457850367409
5991,5.375836014114935
5992,9.610553000920545
5993,3.0716998052691387
5994,8.728094873161007
5995,7.9812604430055085
5996,7.694004346371309
5997,7.096620291455809
5998,9.802557737382593
5999,4.954704606377939
6000,3.595094501218068
6001,2.2178083514870948
6002,8.528176849367158
6003,2.5774211015368977
6004,9.494658899447384
6005,7.131392080641629
6006,3.728897086717745
6007,5.45802200306937
6008,1.3223401441348848
6009,4.356215765987182
6010,3.568603701561413
6011,8.513996332587379
6012,8.34995892257804
6013,8.312081057625097
6014,5.633625060716317
6015,5.383075257969284
6016,3.974681765948193
6017,8.575617593086452
6018,6.2547806041795635
6019,6.942567421234021
6020,7.532329773626589
6021,7.116976422144735
6022,8.075665496684085
6023,5.018717760869886
6024,4.052116251515095
6025,0.5607027077462433
6026,5.43908351416868
6027,8.644370564356676
6028,7.872337289784454
6029,1.542557431818311
6030,0.16238517786274587
6031,0.429392279832959
6032,5.436504585138902
6033,2.0207989885160202
6034,9.341409245971388
6035,7.365154977447462
6036,1.9043258728222825
6037,6.759430511114616
6038,8.669620438092158
6039,9.389096083861018
6040,8.84967721635137
6041,2.941446072149018
6042,6.642279501290746
6043,5.746857885259002
6044,4.603014390969554
6045,4.908310934618651
6046,5.039710247489381
6047,1.2912100307490113
6048,9.731858583067153
6049,4.372828428936075
6050,7.067104621192151
6051,2.2602119563001866
6052,7.441970484345341
6053,7.544282988023019
6054,9.02822054602077
6055,7.874890213414975
6056,3.0432007511513026
6057,6.822834700770812
6058,9.045784479446853
6059,5.020860815258423
6060,5.748338944003699
6061,3.200915939036407
6062,2.3348207186810366
6063,3.088376055805549
6064,2.758898583838928
6065,4.637179095740968
6066,8.814285596285236
6067,9.038447779182892
6068,7.386037288330582
6069,3.944859836156326
6070,0.16844043285289795
6071,9.417663398245764
6072,6.6474394508473695
6073,3.4382901455323336
6074,3.9208003601936956
6075,7.490742751430552
6076,2.984151511466319
6077,1.3703469538647655
6078,5.404425343618641
6079,3.846070566836929
6080,6.635445320626342
6081,3.2612349807968575
6082,8.161545684133403
6083,2.4331419788391897
6084,2.3023389066790316
6085,9.899631656555197
6086,3.6945048178500044
6087,7.751601776934747
6088,4.9049820074750885
6089,1.5228708046518682
6090,7.984965355086052
6091,5.045149701430969
6092,0.836990063666802
6093,7.100733261474508
6094,2.5529656174938617
6095,2.3397026241788
6096,5.51422327245508
6097,5.648832450856147
6098,6.768561678098856
6099,0.6635691573437523
6100,4.179351198829935
6101,1.2250916689881448
6102,5.656796984583449
6103,7.809171412574453
6104,0.8636251546862277
6105,9.402760803724135
6106,0.8971347066112944
6107,7.374579317544386
6108,3.4273905346473676
6109,6.607768886731994
6110,9.097324669256329
6111,3.7011462204658585
6112,5.102278420004751
6113,5.464444477577338
6114,1.3027411865166874
6115,5.778235482884816
6116,9.439864249957227
6117,8.91391089171591
6118,2.8905393549405285
6119,5.678930988726586
6120,2.7645590797493482
6121,1.409854430657783
6122,9.854565851882557
6123,2.0377986801340917
6124,6.189561490808225
6125,0.4478000897455495
6126,5.4711848085257575
6127,9.819327101711767
6128,5.82573314481783
6129,1.0225672546044147
6130,7.772007268534899
6131,8.417061802384108
6132,7.633358757512752
6133,5.164358840773075
6134,6.864043463080009
6135,4.561685812006671
6136,7.2395377060087025
6137,5.576122205324668
6138,2.0360509607713366
6139,6.408330051381543
6140,4.779981780513619
6141,6.3859913176227385
6142,0.3176868158414351
6143,1.8866518425769216
6144,0.9523390014717261
6145,5.089019212222252
6146,4.6115884849185
6147,9.119320548454663
6148,6.300929030982802
6149,7.169954224110893
6150,1.268729013745059
6151,9.466544394291143
6152,5.488529994466655
6153,8.66015817656238
6154,0.12620381250253684
6155,4.187990121068959
6156,2.574702458070176
6157,0.23630146004588545
6158,3.4686634471774087
6159,0.9748192540101375
6160,1.6406334453457958
6161,5.794016294465195
6162,6.209942061237203
6163,3.721881827806231
6164,9.056092091060203
6165,6.063569348911772
6166,1.09171256060039
6167,7.343055579235164
6168,0.41140337117966597
6169,3.986848963118042
6170,1.957075925570984
6171,1.664965029264726
6172,9.086580492219488
6173,3.0398568506125847
6174,2.425976202750605
6175,3.4182835587857388
6176,5.115569363676764
6177,3.7111830968946613
6178,4.029730341055139
6179,3.112946870075072
6180,8.891048764890167
6181,4.540932034683276
6182,6.12692180199299
6183,7.8522543595800585
6184,4.143215823425907
6185,8.17598073222198
6186,4.5098686079621695
6187,4.27070896585942
6188,3.1651644153489764
6189,9.576481651585583
6190,7.7592914630407055
6191,2.0934155377084505
6192,1.8178795686457312
6193,6.05879779022967
6194,0.10751895258889316
6195,0.16753434693307767
6196,3.0389028149844277
6197,0.9495275798396244
6198,1.7923432021441579
6199,2.9146089871090695
6200,3.6105125433518896
6201,1.4735780014308737
6202,4.433702554862889
6203,1.8436060038289983
6204,4.733268992173995
6205,5.25294092992774
6206,2.507539765215778
6207,2.7352363990615904
6208,7.2033711984963
6209,5.573738668570926
6210,3.5313528732420294
6211,2.7085237081254614
6212,1.8501391789415602
6213,3.347631731143827
6214,0.2874808120929143
6215,3.990016761864816
6216,8.650378594886645
6217,9.847086510767404
6218,2.772516372688769
6219,8.034503462673284
6220,8.38468930041584
6221,7.737357151337179
6222,0.8624426855262283
6223,3.4622598306772208
6224,6.7676898150158875
6225,3.2943014552667536
6226,6.061876716184466
6227,3.2342700231562076
6228,6.637350659048307
6229,7.409128549772054
6230,1.9016788994487168
6231,7.783754784497433
6232,8.313876044667285
6233,0.6803336680583266
6234,0.47176059207160614
6235,3.0985860972146244
6236,7.89384411388214
6237,5.898968669731052
6238,4.141625151161171
6239,3.9622273280365112
6240,4.66587218199608
6241,5.37772319358649
6242,1.7729465113751752
6243,4.90807454347151
6244,7.854618448427998
6245,9.859312010980755
6246,5.4391960901149625
6247,3.5516598366346503
6248,2.381496294154384
6249,6.584481523141183
6250,1.2809240038523189
6251,4.741870945980029
6252,5.492290001962629
6253,2.8229173515430492
6254,3.288401148140687
6255,3.671377939252674
6256,6.918878622531361
6257,1.1365546950008896
6258,2.2549987031603522
6259,1.3539309372815689
6260,8.021906773199332
6261,3.6740041932748233
6262,5.6580336118629
6263,7.0887630974398315
6264,8.967631897222553
6265,8.179426467524914
6266,4.8482770087286875
6267,8.698078279640624
6268,3.98074081561617
6269,7.98002739531709
6270,1.4936030886229335
6271,1.2130623389286435
6272,2.7828421643828283
6273,9.957694981187451
6274,1.3901358835876105
6275,4.794413528424793
6276,2.9176768584312898
6277,7.589946481933926
6278,4.255846568498941
6279,4.2796176260147
6280,5.745680865307903
6281,1.16860372444242
6282,1.6135597596925737
6283,5.266198393036972
6284,5.842666480588494
6285,2.5307741206169543
6286,9.468212210024085
6287,8.846550704376318
6288,6.380986120210422
6289,2.9079886449506893
6290,8.047078270351168
6291,1.6759957564915526
6292,4.749162177850082
6293,3.20823118360016
6294,9.10486269362495
6295,6.266585602730916
6296,5.14879063843817
6297,6.384354490713621
6298,1.1357146291499536
6299,5.427405282195747
6300,0.5031887264119813
6301,1.5687487248133933
6302,6.727323341375906
6303,4.315172567494767
6304,7.940724969126094
6305,3.059159322899404
6306,0.4453636125215421
6307,9.165175361325474
6308,6.302900644631979
6309,5.914609115963121
6310,7.650962554677202
6311,2.6768340147242875
6312,1.4851239051276728
6313,6.75222107319417
6314,7.12914955733939
6315,2.4533492660817324
6316,8.102076910072334
6317,3.2706253189721775
6318,6.0104035483395295
6319,9.92285521380948
6320,9.287420688234562
6321,3.6033179144075866
6322,5.75337627202053
6323,9.65712242925772
6324,9.816571567068253
6325,4.56378324424318
6326,0.9514494624552536
6327,1.0662080111583518
6328,8.446495622528854
6329,9.901631834762506
6330,1.1175726040342866
6331,7.899693167788499
6332,3.424929916086948
6333,3.9912781493795513
6334,3.391340995435657
6335,4.93312320547141
6336,6.932114809761673
6337,0.6889465102763
6338,5.6384428837489
6339,8.045226675648479
6340,5.134778076096646
6341,5.158454652862025
6342,1.962189534089516
6343,8.723582652195201
6344,3.7262361417530068
6345,6.99843807934625
6346,7.538717897372805
6347,1.9346313438640077
6348,7.83128298006499
6349,3.995872752152791
6350,3.8954626665121217
6351,5.7394573459006875
6352,5.3019335742615645
6353,9.208115320762769
6354,9.485416991205653
6355,3.0632350869744553
6356,3.451304510748464
6357,1.3023979328323936
6358,4.456406560665188
6359,7.741934968753165
6360,0.8577842192424272
6361,6.466354828909929
6362,0.6925973493114844
6363,7.290331734759594
6364,8.476277668400739
6365,9.928393578784032
6366,7.828998292271424
6367,3.108876511864842
6368,7.939265025935749
6369,6.987439059390052
6370,7.069156399346687
6371,7.644457356052672
6372,9.995684843398466
6373,4.651098845564712
6374,3.4743050311694317
6375,6.437660060579662
6376,0.5879144377812812
6377,7.068683114785432
6378,9.561353203504547
6379,8.327004489178549
6380,4.717855298271146
6381,0.603878168395791
6382,8.065619958882774
6383,1.8930927846342542
6384,5.146646843202697
6385,6.630313660925892
6386,7.034384623352302
6387,0.555629972042078
6388,0.14899306954491245
6389,8.491773988805443
6390,7.401241973102298
6391,9.97155986377884
6392,4.525827497480892
6393,6.794423490699956
6394,3.161883931928313
6395,0.35147028336248376
6396,3.782089135370326
6397,8.885147943599135
6398,4.040654381367314
6399,5.874974496996571
6400,0.7142086133852342
6401,9.966488367269404
6402,0.17735457749846611
6403,8.489441926051661
6404,0.342458633014017
6405,7.094049424380014
6406,7.926876012136568
6407,6.582801322611299
6408,6.967594725231539
6409,7.056845991064097
6410,3.456068795618699
6411,4.909934649272599
6412,9.211948045621078
6413,4.582395208406876
6414,8.311896843425396
6415,3.241679875783774
6416,9.872099338428397
6417,7.515576143497949
6418,8.597346804091607
6419,9.733591441826048
6420,2.650127295128982
6421,5.870700646585931
6422,7.328639709486196
6423,8.557626585588022
6424,0.8214351946226688
6425,1.0550480341801796
6426,3.8010441628723473
6427,3.110408243317891
6428,5.209143367778499
6429,3.69067002211321
6430,4.789650448523948
6431,7.529016529255941
6432,9.939658435666036
6433,3.6727755951849277
6434,7.956693398183595
6435,2.9581189703032957
6436,7.2409677588721655
6437,9.72397227133695
6438,7.586120695216236
6439,5.422351331779073
6440,1.2975212353828243
6441,9.751786682587824
6442,7.194441391523629
6443,9.656016857515192
6444,1.78986006540912
6445,1.5388913250386345
6446,9.641295209741159
6447,3.3952445723751974
6448,2.2491927628221053
6449,0.5969748823839685
6450,1.5410660521946993
6451,0.2994524901615637
6452,4.6217393681811725
6453,9.21761604791494
6454,5.237437979487001
6455,1.2408269340135605
6456,4.245319133448077
6457,6.254796837822291
6458,4.723875272776194
6459,0.1425096444690905
6460,3.2466693850618613
6461,1.7681780665921105
6462,0.7567822319490989
6463,7.016245045212299
6464,1.9168269919507819
6465,3.5822283380957822
6466,2.924413136979472
6467,1.6344143593741292
6468,5.316970981239843
6469,9.828814862607524
6470,1.6631314262024688
6471,8.758590073656892
6472,6.313731259312941
6473,4.394376389183535
6474,4.244538930936097
6475,4.655088490657378
6476,0.10129225316705649
6477,2.2876431930490373
6478,0.8792229146512004
6479,1.2547516855716347
6480,1.8156943835064445
6481,5.060530993428229
6482,5.181587818053824
6483,8.013754215639414
6484,7.666844225652517
6485,6.939113179041475
6486,1.5063218758480277
6487,3.443508853944432
6488,8.221438515992562
6489,0.2888933865271441
6490,1.966349585527672
6491,5.294467821868532
6492,8.686526350039028
6493,6.437272994974321
6494,2.9065333858837996
6495,6.905787017606107
6496,1.7067209682102793
6497,1.8743652276705884
6498,2.672633254811909
6499,5.032499988194715
6500,9.637687010555341
6501,0.19372674911270338
6502,2.1587699901575963
6503,4.2627561234028235
6504,9.289846150608156
6505,8.13526386916612
6506,4.200474854700359
6507,7.336407180757416
6508,9.018557287396439
6509,3.21461333652748
6510,9.460372100694439
6511,9.575194169216765
6512,1.3507567250837864
6513,1.3881242053296756
6514,0.13357805968066747
6515,5.128850832734333
6516,0.8430205107397541
6517,4.689730749823328
6518,3.6023794807990552
6519,0.9194314842567516
6520,7.651967498534269
6521,1.1467617238675092
6522,6.602794173005043
6523,8.493378995984193
6524,7.111549427415363
6525,1.5907950841899203
6526,8.344464550944966
6527,4.197975844824186
6528,4.532327318586077
6529,4.658224968896054
6530,0.8212645739663923
6531,7.356099602894252
6532,8.462543196752565
6533,6.72989438260703
6534,5.8478059325340395
6535,2.399601982680632
6536,1.4235539794804342
6537,1.558495590359699
6538,2.166035033434632
6539,0.6579248828265578
6540,6.176207134115618
6541,4.340763564402274
6542,2.7419546111913
6543,7.417226544243042
6544,5.758793782706052
6545,5.088672777173479
6546,1.2293120418555847
6547,9.08836253759142
6548,3.762662414015897
6549,4.121728378815999
6550,5.551628164627806
6551,5.920662717146997
6552,8.462137410156584
6553,8.319890165185074
6554,4.320069793603355
6555,5.654531873636348
6556,0.5990787759413067
6557,4.7665717881088
6558,9.699310845683422
6559,0.7983483367339725
6560,3.785327028167516
6561,1.3737853813968486
6562,9.100976822115012
6563,3.6409271372276995
6564,7.728185560327477
6565,0.5253153892412786
6566,3.934947110120302
6567,1.6854631864432394
6568,1.5951615780272264
6569,8.401947374401527
6570,8.380159671232125
6571,4.90085315665877
6572,5.292250680826253
6573,8.077128566900663
6574,9.252232508416196
6575,9.949910095635497
6576,6.075910769699812
6577,8.36607164420658
6578,2.5025667010896786
6579,4.247531079477101
6580,3.6230331607584882
6581,3.233926793343385
6582,0.16300185139338597
6583,8.372648149155918
6584,7.012590680263559
6585,9.223196946431123
6586,3.0957461873956227
6587,7.802195206929013
6588,5.582974085703438
6589,6.742927796676629
6590,3.923164459773631
6591,3.7910650460391864
6592,4.865480343514588
6593,6.314639696592891
6594,9.206085857388851
6595,9.391806657160993
6596,5.630936550895956
6597,9.276239647902447
6598,8.592675024505574
6599,2.5568833865130896
6600,7.469251468332324
6601,3.142203230790082
6602,4.585887922110156
6603,5.161589325651604
6604,1.7750124391020172
6605,6.964694949466219
6606,9.70946435369377
6607,0.9983718278313322
6608,1.2289974115702669
6609,1.7057495125224411
6610,4.152785804672242
6611,6.642263119054846
6612,9.135451007404003
6613,7.071312379738398
6614,9.145619102073741
6615,9.616357304165382
6616,9.861681358581313
6617,7.0579677128426646
6618,2.665415074772228
6619,8.122269411271283
6620,3.0164426601427015
6621,4.738198890040883
6622,7.892426688803736
6623,1.763370828154106
6624,1.0923566821222817
6625,3.732302500980936
6626,7.517054978970232
6627,6.578299356116658
6628,2.164859311382606
6629,9.507284467207105
6630,3.1869583428293593
6631,7.7572099330748205
6632,8.253745696598344
6633,4.902028889846157
6634,5.010204652591792
6635,6.728963210141602
6636,3.611867666316899
6637,9.244889012947107
6638,5.964092022750659
6639,4.417139702152026
6640,2.703377964197757
6641,1.3105357291296347
6642,3.9610028808009132
6643,9.337081135641993
6644,2.6998119482798475
6645,8.576780246962153
6646,9.329530727783393
6647,3.209463125844716
6648,3.750887484996368
6649,8.788789504471069
6650,4.989409511494057
6651,6.241198301539875
6652,3.8350751751021814
6653,7.564318370649782
6654,4.169787213901935
6655,3.8123154705383966
6656,8.120893910684716
6657,7.349029835833314
6658,5.631425091520644
6659,2.8809588343939465
6660,2.5709236785484717
6661,0.6813513301561118
6662,6.931450892270725
6663,8.630168865722052
6664,5.255269495860611
6665,1.8089979926607591
6666,5.5557902883419965
6667,7.486696873026207
6668,0.36304988828631657
6669,3.7373019034218022
6670,2.600803032785266
6671,1.8977833626457974
6672,3.110938138105543
6673,8.185606152734744
6674,4.3025132689435654
6675,7.662009381093875
6676,0.6989609291425698
6677,5.7135410698661335
6678,6.970444623029829
6679,3.7658250097734296
6680,3.2392031760096964
6681,2.712742711239723
6682,5.614098890593749
6683,8.277248842249957
6684,2.6421739558502866
6685,4.150879328055605
6686,0.7643686155900111
6687,1.1416856369015795
6688,9.676365605298168
6689,5.848225348715101
6690,5.957910197815492
6691,1.58443475156382
6692,3.462095127693907
6693,2.798403685183534
6694,0.1724961591216242
6695,4.600057002149796
6696,2.5158667564287165
6697,9.101769854275322
6698,6.464166678892584
6699,6.123670178720913
6700,6.673748426016766
6701,1.4498198164076503
6702,9.629898299350193
6703,4.038741649881079
6704,8.562805566039595
6705,4.503755952827745
6706,2.9696175151434887
6707,5.423210353168939
6708,0.13923567035476386
6709,8.59230744714663
6710,5.811952939049341
6711,1.8135251472655693
6712,6.280975036795471
6713,2.8264653537783246
6714,2.185535314929799
6715,1.7072905751655445
6716,1.8435842826146787
6717,5.045491386965795
6718,9.984010265611804
6719,3.3676120487498835
6720,5.219382887209677
6721,4.647209447745898
6722,4.865647076155533
6723,9.544250086786711
6724,8.24926392542065
6725,4.322394959958146
6726,7.468978422696627
6727,0.9595573905562864
6728,6.606347638977848
6729,0.7667396914106454
6730,5.546806470165992
6731,9.565094113346401
6732,0.39769071701520486
6733,9.569555330667185
6734,0.20845803059782758
6735,1.3705008742898004
6736,6.539615993827553
6737,7.643402945895068
6738,0.631470672918527
6739,0.8162452761301486
6740,3.0916420014835193
6741,9.184778389916088
6742,4.7452992371430565
6743,9.063979301458591
6744,3.5046751378029146
6745,2.7670769947202776
6746,9.104257085165075
6747,6.5794621019678114
6748,6.005791860197606
6749,5.751184481256737
6750,9.853925647919718
6751,8.628929158029564
6752,1.6346944050264498
6753,3.558862117159267
6754,3.4178299948953317
6755,3.3813578536995097
6756,8.691582391355446
6757,4.066575081763042
6758,5.388208368874147
6759,0.30047186774867574
6760,0.7349845855540915
6761,2.2509246017566373
6762,5.932521346374925
6763,8.350488892407665
6764,3.9906425477800433
6765,1.1961275738547081
6766,3.1294298297501637
6767,7.946190707225569
6768,6.951158467208066
6769,3.3535202361081238
6770,3.2028994631520864
6771,3.876300945534798
6772,4.152658820592792
6773,4.9820455638242
6774,3.9411275442228884
6775,6.558872837982159
6776,2.187267244549133
6777,1.8145068242667801
6778,6.148276087723244
6779,9.880185549298998
6780,9.199848302696305
6781,6.23324889577807
6782,3.999728430022299
6783,8.574097367852726
6784,2.0360304975433934
6785,7.14540242812792
6786,1.1451580425350278
6787,6.637255320498785
6788,1.7144699454987227
6789,9.419421179916533
6790,4.462927967607664
6791,5.270600409681471
6792,6.071716430160932
6793,6.0488194852408315
6794,6.5919343780603175
6795,3.498849489755642
6796,7.463279904386103
6797,4.823763462982527
6798,9.753702916874445
6799,1.818622788418558
6800,5.384255479301845
6801,3.3776662235500625
6802,5.725797350741785
6803,1.7439033290282036
6804,4.7743293462878365
6805,4.205125720115945
6806,7.056508648023216
6807,5.381003127652911
6808,1.7727407707241851
6809,1.8444133174632462
6810,4.118768420879381
6811,1.3935489826525491
6812,8.006014268198669
6813,7.818189636604622
6814,3.856974066585013
6815,3.0009488597553324
6816,4.593934054023955
6817,4.658785403520988
6818,5.582672842713301
6819,4.32460750969841
6820,3.2243421021908447
6821,8.395057811320495
6822,0.8621051391037845
6823,8.068327507010748
6824,3.221875547846171
6825,1.7979831062968405
6826,1.0299678957991367
6827,1.428324591457663
6828,7.93470976000055
6829,1.688769978651346
6830,2.347952811934222
6831,4.8147452502064745
6832,9.486190951588227
6833,6.257910253413042
6834,1.5849683984858183
6835,6.478649371991963
6836,0.9054515770786943
6837,8.21164681672673
6838,6.34732955677961
6839,0.3574472010096629
6840,3.760058120038247
6841,2.0538919291731053
6842,6.656674125911641
6843,1.1999510783615532
6844,3.168994519248222
6845,9.35506321880753
6846,2.790803958349197
6847,3.195823103217173
6848,2.9450870022109634
6849,3.6154485383613815
6850,2.706535470284275
6851,9.302410132776364
6852,2.3818034029855015
6853,7.726398501868883
6854,0.4730169959808599
6855,9.492758300815233
6856,2.3116138828636625
6857,7.581812146485614
6858,8.19418668244999
6859,2.7962104073917216
6860,0.8537176177681364
6861,2.3597244508009263
6862,9.511969628471194
6863,4.9073320351137895
6864,2.939055764034915
6865,8.239556154551709
6866,0.5398072267242366
6867,3.3256271248437708
6868,4.998310897642791
6869,2.217201235260487
6870,5.696414136665343
6871,1.5452529875082148
6872,8.160744728324623
6873,5.73338730734238
6874,1.1248057796383977
6875,9.038788109843978
6876,5.038002434584949
6877,1.266250732074128
6878,4.3104496127877985
6879,9.120290513961637
6880,1.5731771020627212
6881,9.685217347296838
6882,6.189342043265595
6883,3.289581318745758
6884,5.1049530119472735
6885,2.0622559775988085
6886,9.556403067868006
6887,7.844734962482653
6888,5.917760412308779
6889,4.525181501979315
6890,5.411048872913171
6891,5.215670846495264
6892,5.449124458451675
6893,1.0044875428467868
6894,4.684086892023879
6895,7.466284742793354
6896,5.305255762692242
6897,6.7084276864753765
6898,0.5165802594512022
6899,6.092521227783492
6900,4.048557402880555
6901,6.227879241412758
6902,0.9414700980120655
6903,1.1806817167777717
6904,0.8977292116931005
6905,5.583274400662328
6906,4.480574804737853
6907,3.7636197573238666
6908,1.0358614113272937
6909,9.898217576392451
6910,9.28078308451956
6911,9.304111278165024
6912,5.011689176905692
6913,4.266866023350167
6914,8.592585255873706
6915,4.663987453635735
6916,8.187536389065649
6917,7.91088107585577
6918,4.895251601657081
6919,0.5646279547968295
6920,8.323162671288072
6921,1.5827132483079733
6922,5.706285983316591
6923,2.650602820160777
6924,2.3831897699041393
6925,0.8831439417293333
6926,4.885301145202367
6927,3.5832329595173693
6928,5.774736192480199
6929,4.031062709419309
6930,6.509280470283006
6931,6.912744102564962
6932,5.25984834650209
6933,0.4376509716686142
6934,0.8850384433434032
6935,3.904842751920526
6936,4.980265500549379
6937,1.1007017559814296
6938,3.8824041802886953
6939,6.026544774924124
6940,4.3303019522072335
6941,4.8866755324284705
6942,4.5462834637096385
6943,5.344951033539831
6944,7.950274935965687
6945,3.2570508438390187
6946,4.695885661813828
6947,7.022866466901176
6948,8.258042419516723
6949,1.6702576918737395
6950,0.31144763730544317
6951,6.42365602039957
6952,2.7053148006479617
6953,3.136547148922692
6954,1.7194735313818361
6955,2.3422341755759475
6956,8.605279036262155
6957,3.101042303954044
6958,3.5753877930239186
6959,6.275011151923308
6960,1.4307698627977279
6961,8.786474301121194
6962,6.789714104762579
6963,0.8851030712509304
6964,6.091865707790223
6965,1.7639850036740299
6966,7.562428357075617
6967,4.5289451439406285
6968,4.3306915348859425
6969,1.3208207819713091
6970,9.117518126904574
6971,7.46861328194979
6972,0.7543061317375076
6973,5.290917550723872
6974,9.226639061738027
6975,9.462045214182059
6976,5.626126502709625
6977,1.5804639954783186
6978,5.456146489162136
6979,7.009384468666246
6980,1.7273425618597278
6981,9.808171450793516
6982,7.9640092649172844
6983,2.880301342795129
6984,2.6475620394703516
6985,9.993020301507467
6986,2.5175380701548287
6987,9.3818675559638
6988,7.684521336679844
6989,0.18809635753646625
6990,5.460100514404302
6991,3.681473092487662
6992,7.365355840968511
6993,2.3329208278600277
6994,3.5803091819535604
6995,5.6437027777973885
6996,1.3358368682915236
6997,1.5292494548907465
6998,6.710262317317561
6999,7.981145087803047
7000,5.703462941710528
7001,7.649829027950009
7002,3.666847914355051
7003,0.7664705055091265
7004,4.773572023491847
7005,8.352655319356725
7006,0.42861043530846665
7007,8.432838239630689
7008,7.436477157496567
7009,8.419843133888982
7010,9.343650502134992
7011,6.593893154595104
7012,1.3075263322798039
7013,4.745918100625495
7014,8.536800196907528
7015,1.3461351683549179
7016,4.595423380216481
7017,5.313706448135042
7018,0.9282866451135489
7019,1.0434433011371407
7020,3.498822648458447
7021,1.2130702922818017
7022,8.610988095391113
7023,4.198165253666483
7024,4.301024069426657
7025,0.9636345923962665
7026,6.167384339910108
7027,5.001933064706788
7028,1.4978813241047957
7029,9.553391896357864
7030,3.938054082643668
7031,0.9998298825135516
7032,7.185964806508183
7033,0.9361020551276904
7034,9.08532103922615
7035,2.48747544886817
7036,9.502049268424113
7037,1.0090717813861985
7038,7.398659267224555
7039,0.8791966205604398
7040,8.714543298822269
7041,2.9122620579997354
7042,8.964402857467
7043,4.189321895462266
7044,4.905591202489709
7045,9.811003125096262
7046,3.7139173536730614
7047,0.18357413357482055
7048,2.398145489789132
7049,6.605687722126966
7050,1.3230000747443442
7051,2.0827817687015626
7052,0.8313628824065444
7053,0.7209080031516737
7054,1.8896765992544262
7055,6.562613312495569
7056,0.1670303918869257
7057,4.630667450155913
7058,3.859054302886638
7059,0.7727593489544198
7060,0.35119233378761117
7061,2.9162901330006714
7062,7.156462769797697
7063,1.385807539540304
7064,9.676457669590247
7065,8.868450200543185
7066,5.449849834618248
7067,4.923231163482536
7068,7.1685884623028295
7069,3.4921300950860545
7070,7.208320147068788
7071,5.461717360428168
7072,1.0246296902473149
7073,4.441474136796961
7074,8.37067207822226
7075,8.617077124474656
7076,8.237605606885744
7077,5.7424310199672215
7078,9.176708333454117
7079,4.192259186385071
7080,5.361937665976344
7081,8.77971688999637
7082,2.5338368897628407
7083,5.497886367664613
7084,7.821683658761513
7085,3.041407151332071
7086,3.627957214407496
7087,8.94215205623474
7088,8.094616828804138
7089,5.457445576496051
7090,2.162323361329595
7091,0.6259063152273633
7092,1.0250479604484406
7093,7.049877717220893
7094,7.425149102629548
7095,4.199997270243287
7096,8.113599789494932
7097,8.915483248179635
7098,2.9850839322424356
7099,8.46691132533324
7100,9.327121813397811
7101,2.6303534154774595
7102,9.936613100073181
7103,8.25889591057091
7104,6.627478492077486
7105,1.7468175435956017
7106,9.870134171724322
7107,4.01344981491975
7108,8.811207888526827
7109,3.1701740479521785
7110,6.215455203553602
7111,6.984488402674175
7112,9.941047877902161
7113,7.159832121134838
7114,7.708678531574796
7115,0.16571513111073113
7116,6.368879679561813
7117,5.172972896382852
7118,7.753426389152656
7119,4.549386369328573
7120,4.364403041265396
7121,5.847800028098034
7122,0.6047320035645302
7123,0.40036940796022524
7124,2.4056075766351044
7125,6.193962566928323
7126,0.2165862610086575
7127,5.820566204602554
7128,1.7091333225941023
7129,7.622142000502239
7130,4.200340064589868
7131,0.6959450758571638
7132,1.901943364524587
7133,0.6109445503671438
7134,2.1057889981020743
7135,1.784692040574004
7136,5.383657335448299
7137,7.879892774922588
7138,0.3667791065246697
7139,9.426642018287264
7140,6.473506489996153
7141,1.602378240870125
7142,0.36981199689090605
7143,3.805691902199769
7144,4.263122451257075
7145,7.402921320528785
7146,8.17848687982689
7147,2.7564620261060826
7148,7.764647356841522
7149,5.757112351398384
7150,7.008730914404095
7151,3.7440519579895604
7152,0.6231853933972485
7153,1.908125748339951
7154,5.516216404764516
7155,5.019565382344546
7156,3.8733992273297617
7157,1.3669898089158699
7158,6.451193130658613
7159,3.6315578747406367
7160,0.42948010169954287
7161,4.671392505014205
7162,1.3510970275657896
7163,7.718328858654945
7164,7.102295536469201
7165,5.586083539358733
7166,1.1143193407899257
7167,8.196660349701116
7168,0.7375049042338786
7169,5.484928072223447
7170,3.5643405476815095
7171,8.243808809387758
7172,6.169718681802496
7173,7.585018797901296
7174,0.9896739449439766
7175,5.767996174172258
7176,0.6092302678513064
7177,3.7140958526677483
7178,5.589632459218138
7179,7.0357048847974335
7180,8.104580704983867
7181,1.2057900218861362
7182,5.015888145880211
7183,6.241050904972425
7184,1.046365279021978
7185,6.834389502609779
7186,2.196809244667464
7187,2.0705595411914715
7188,7.866139248781229
7189,7.048509942704286
7190,7.227991809681979
7191,6.753528246185074
7192,9.743391353064263
7193,1.9420707030028503
7194,7.00470440804622
7195,3.089731221793425
7196,8.081298123446457
7197,9.147627680667712
7198,5.989139685619533
7199,6.104323863341302
7200,9.827739693726366
7201,1.268376000682929
7202,3.4106625247563165
7203,1.4959567867310553
7204,2.548464281073327
7205,9.881688880223278
7206,9.217109617004647
7207,7.677676530535286
7208,5.896986120817446
7209,5.987958485416157
7210,2.5047117312571707
7211,7.38550260570982
7212,7.125691182567583
7213,4.034727630382184
7214,5.084399927970913
7215,6.45012623044505
7216,6.229676490394902
7217,4.339013100545605
7218,9.457996162858057
7219,5.278464948945146
7220,6.622328712980563
7221,7.008574860194715
7222,5.140148765690988
7223,3.3710666901387474
7224,0.7698227624391007
7225,6.529613412536123
7226,1.5454402252411468
7227,1.8292418073586363
7228,1.971558908018709
7229,4.207178319526931
7230,7.050396359552452
7231,7.482733965128052
7232,8.471136577989034
7233,2.2358188345716723
7234,6.2266607031424845
7235,1.1906037726866834
7236,8.938660527696253
7237,1.134892136007911
7238,7.040687405582906
7239,1.8817181739012068
7240,0.9192840265780697
7241,7.634753641865356
7242,4.465798711038702
7243,1.8719175323088306
7244,3.4808793824923194
7245,1.1472168377166785
7246,5.30321208960413
7247,6.263004963471851
7248,6.198320065925934
7249,7.079740875009717
7250,2.00925803538597
7251,1.281087857570676
7252,6.053093014037142
7253,7.686754519338945
7254,7.70532727954107
7255,2.8451987143265267
7256,2.1750572636257943
7257,0.7283463367541312
7258,8.235744053486378
7259,8.468523882453926
7260,1.6804174958995277
7261,8.987857746602092
7262,5.19111243110851
7263,4.538396331168149
7264,5.489876604425417
7265,6.850633391436059
7266,6.450979743881429
7267,7.135925192696208
7268,7.2641651973363475
7269,1.0266429406490296
7270,1.8476629369426665
7271,7.251950482639432
7272,5.967754947165601
7273,7.511827693373792
7274,6.89808826826973
7275,8.830161035426592
7276,1.5774087302617308
7277,2.580231669676058
7278,7.188007985862019
7279,0.46765799389887575
7280,8.80523903017848
7281,1.1879925685913295
7282,5.058031312457586
7283,7.063065743937586
7284,2.242670772809823
7285,7.791669267979733
7286,8.762664251274089
7287,6.007323414368748
7288,2.068362790720323
7289,8.473653748191118
7290,0.1794000376295085
7291,4.633714165628784
7292,5.103149517241369
7293,7.438579116564671
7294,0.633775172433245
7295,9.197293036135282
7296,9.086526309290013
7297,9.809402903330106
7298,2.7001596028742205
7299,5.072293331216452
7300,3.0808163889790188
7301,2.129139863590478
7302,2.993890514221202
7303,9.819644825407604
7304,1.2549212215998018
7305,1.4283246943179517
7306,8.911597341465995
7307,0.5340740722689119
7308,8.627755369117313
7309,8.469994168317479
7310,4.240478570823124
7311,1.3850190645698348
7312,1.002947412979837
7313,1.8593522205109665
7314,9.163429981444173
7315,3.009833068613903
7316,2.6373605536424893
7317,2.961197565710988
7318,2.912983548013028
7319,9.411252383836759
7320,2.674361213326773
7321,2.813362312902157
7322,3.6659368496485287
7323,3.442894605894695
7324,1.4962991188355137
7325,3.386213130784263
7326,1.8683050377694528
7327,2.2705631728216806
7328,1.7419627698811808
7329,2.872052802414305
7330,3.691590464748498
7331,0.7905045656693667
7332,6.308436987283081
7333,0.7683720023029001
7334,9.863692198734386
7335,7.281002606326184
7336,2.9175720348837437
7337,8.391997565520791
7338,3.4994570313025744
7339,3.3291453351992164
7340,8.083850788676365
7341,7.083524062436621
7342,3.4944818131337607
7343,1.1869179576241498
7344,6.4957830050281515
7345,9.47844559569576
7346,7.413056092547535
7347,0.6176462566106119
7348,4.915754911030072
7349,8.336340902587823
7350,6.042970703401341
7351,2.2541893836181544
7352,1.9264644932853108
7353,0.3333113565223288
7354,8.162040226906731
7355,9.477877572169131
7356,3.788192904123052
7357,2.751113946371478
7358,5.278796495734549
7359,8.884105228496129
7360,7.17272634430165
7361,6.636106515538996
7362,9.879037321009681
7363,8.57135648974976
7364,6.860302048113437
7365,1.5889668883492962
7366,0.8701810992704643
7367,5.7019179630064505
7368,2.464750412987501
7369,4.23658781786909
7370,1.5782911669064648
7371,2.7143206366314296
7372,2.4090104103726726
7373,5.322448588216864
7374,7.672760042013486
7375,8.599517178144051
7376,0.7767092510827657
7377,4.773665978144341
7378,6.22184289334132
7379,2.520882186154256
7380,8.090645778046435
7381,2.313843641416421
7382,4.608624712128342
7383,9.193419665139809
7384,7.277245341494852
7385,3.2941058342695246
7386,3.0827475324203246
7387,9.25954272474806
7388,9.839790469848296
7389,8.498671861301574
7390,0.49914472163791357
7391,7.9177138851218425
7392,0.5594675144961855
7393,9.87165061617115
7394,2.7288396392383145
7395,5.64393055176503
7396,0.19287525971847536
7397,2.132154512571021
7398,4.192745167511518
7399,5.823278007620968
7400,2.841639719150626
7401,7.5422943341002915
7402,6.224255362329626
7403,3.418844040196389
7404,0.9743848242044455
7405,8.653996432726915
7406,9.400923687331932
7407,7.626134290970861
7408,9.393058608035348
7409,4.127108861479637
7410,3.298706260921579
7411,2.092632560540794
7412,1.9213032588550285
7413,5.521095608201319
7414,0.48910765736259454
7415,3.8577352513724605
7416,5.590695158613063
7417,7.877398869643856
7418,9.296996217345436
7419,0.5414902977784909
7420,6.06210874434152
7421,8.54960212741798
7422,7.009104496093793
7423,8.645961965094905
7424,6.296081149990117
7425,4.59064656329028
7426,0.6678240643717858
7427,6.000382505825528
7428,2.231995435422136
7429,0.5715490829280375
7430,1.7320710995212336
7431,1.3121557734355356
7432,3.3815750399694484
7433,3.632634419391051
7434,0.3149853111439054
7435,9.771013987604013
7436,4.945546067240101
7437,8.641712322831673
7438,3.3097317657977294
7439,1.773552637466348
7440,8.453762018562912
7441,4.376861129115671
7442,5.175694019945611
7443,9.877904410205995
7444,2.2635573866890506
7445,8.473676805613005
7446,9.515673751082748
7447,3.6167543675975478
7448,9.844082242399631
7449,5.67078082593854
7450,0.4140995810437973
7451,8.79779923890295
7452,5.665494765803079
7453,9.35619673973911
7454,7.9460059595909005
7455,7.952006465687419
7456,8.803016293703594
7457,4.47251218426639
7458,2.524492951533247
7459,7.529129926085212
7460,9.381497582082787
7461,5.532428299916586
7462,0.31665234669602665
7463,7.285309236705131
7464,0.3351844285690566
7465,9.085284310162281
7466,4.364119244851186
7467,0.4987591033298042
7468,9.836381935899647
7469,1.7060189619609838
7470,8.943388435739081
7471,5.13866774382605
7472,0.1770305359025538
7473,5.4178189565666885
7474,6.068763144567133
7475,2.7668104363359523
7476,2.8016494068415354
7477,5.318659382387806
7478,2.5221750467747617
7479,2.7788251179454706
7480,7.933454577634654
7481,9.606995543427074
7482,2.6330572994787493
7483,3.9689573363641406
7484,3.808582115753603
7485,3.628410287748797
7486,5.955489628944795
7487,6.422227803627704
7488,2.2607933132271407
7489,1.699567707283939
7490,5.339727365335745
7491,5.731677377328477
7492,2.6414912514684508
7493,8.53523077630306
7494,2.236467546725614
7495,4.007208927235399
7496,0.8011337784986282
7497,1.264565558705335
7498,7.885189815007568
7499,0.9580971521550986
7500,7.9823056735389715
7501,5.650693940848477
7502,5.843939280925634
7503,2.0855967515337985
7504,7.264518785195074
7505,8.506192228839307
7506,4.84358899988165
7507,8.451053491598291
7508,6.864966291634335
7509,6.024282223666521
7510,8.633635652557563
7511,7.522628556785473
7512,7.884728536542985
7513,6.279235960801016
7514,1.7592848923559394
7515,3.381855106030046
7516,0.5200278614943089
7517,2.1447274144521606
7518,9.980440853933095
7519,7.6570141297343985
7520,8.644204786118637
7521,7.198527834109754
7522,3.7408877827189193
7523,4.070235104288476
7524,0.4548322337486842
7525,9.793908842197256
7526,8.543031250803997
7527,1.6901855338606708
7528,6.125921861269182
7529,6.364788415299956
7530,4.125859326507002
7531,0.27116262687737475
7532,5.714809704380237
7533,7.621275199744484
7534,9.39852302965072
7535,8.653180992846082
7536,9.70553697520332
7537,6.7080192378048356
7538,9.779200612881352
7539,8.140227348338556
7540,3.394298000025784
7541,6.902189154775725
7542,9.21716840010909
7543,4.533648046973916
7544,7.209514093169969
7545,9.691150850607455
7546,7.031276255715952
7547,4.96201297959775
7548,7.57292711665022
7549,4.718151165871264
7550,4.368815177166701
7551,9.278990012704625
7552,5.776328830453736
7553,3.556017434272059
7554,5.119932553046151
7555,7.442532369423714
7556,3.020463836614112
7557,3.0785749022111784
7558,5.4603123518357535
7559,6.9045477307381455
7560,7.019211638098386
7561,9.862186018890407
7562,9.46875737147279
7563,9.743881068843795
7564,0.4384721410745527
7565,4.373618785168744
7566,8.202014210427082
7567,3.5487238681445925
7568,4.976491842793082
7569,9.599706678507951
7570,0.18014050755177174
7571,8.614402249687211
7572,2.759507336821962
7573,9.313297309744511
7574,1.3455135526098168
7575,3.927967482742842
7576,0.29840663088116076
7577,2.4249973541355403
7578,0.3804490952180747
7579,9.694501653292374
7580,8.4796317627208
7581,0.43903196481484974
7582,3.890093454377918
7583,8.316250701529066
7584,2.375574859342787
7585,5.504148356141645
7586,5.3242821459400265
7587,2.5750477624169577
7588,7.595763316968495
7589,0.35202937959535685
7590,4.606883734152241
7591,4.049307364411516
7592,6.817102417990383
7593,2.876860809645572
7594,0.29773118339872784
7595,9.055396219257016
7596,4.881403477020811
7597,6.500196875649818
7598,0.14502484058931817
7599,7.063392613712841
7600,0.11581279883956397
7601,8.604322496700101
7602,6.609249923199098
7603,8.550100279267832
7604,6.192907821060069
7605,6.295534650879094
7606,0.8431637797183665
7607,1.3191590122183334
7608,0.9705349716534356
7609,9.439869488102717
7610,7.989445005903909
7611,2.755983468660311
7612,8.263332408449154
7613,2.8614049983150878
7614,7.656657296696295
7615,2.403717697036538
7616,1.3986438586586696
7617,7.560387026547288
7618,3.5022469664051266
7619,8.256999175659367
7620,1.1296720185571665
7621,3.4944780180060686
7622,7.046946453362465
7623,6.928265425669044
7624,5.048551420595396
7625,8.195938561791452
7626,9.350175169335984
7627,8.323616370997378
7628,6.603238139894081
7629,3.506068580229282
7630,2.0175843607565613
7631,2.3810668387389136
7632,0.9815210297210304
7633,5.767792277233707
7634,5.094736873448383
7635,7.051043771263294
7636,8.869988169054299
7637,8.162152754280843
7638,0.7872864554001501
7639,7.133956711632476
7640,5.849781526271122
7641,7.996170895810879
7642,4.244469698205436
7643,4.99928055973258
7644,7.659282575700357
7645,4.684344463723206
7646,0.6138073960536129
7647,6.968016067611917
7648,3.9300374595399936
7649,9.848924045616208
7650,7.540267826426364
7651,9.956255914348729
7652,5.3955976958643115
7653,1.6039455499938142
7654,9.9855679531719
7655,8.386539323352169
7656,3.7275346347512284
7657,8.006519090080964
7658,8.183030459932583
7659,3.5989372746349653
7660,1.0482420949944
7661,1.085620945445087
7662,0.34263685311442554
7663,2.123473036637674
7664,8.366225494790147
7665,8.906848798534833
7666,2.7921519914335744
7667,6.063970762684253
7668,7.8194751183605105
7669,2.617829145212517
7670,1.027542670940163
7671,9.40363781986555
7672,0.2503105432906425
7673,1.8965806912262388
7674,4.937428414720166
7675,9.834883352851223
7676,8.522334330848697
7677,0.5457959248776334
7678,6.963831609062006
7679,0.38241387356889267
7680,5.12929515950222
7681,2.380761619505544
7682,3.1106509405022873
7683,0.14194710330363747
7684,8.746445666131228
7685,8.363742583870994
7686,5.69705804845878
7687,3.0853203957121855
7688,9.728281034338671
7689,3.0795111866931535
7690,9.307540723068417
7691,9.610183597358747
7692,7.051517835016429
7693,9.294957837847345
7694,0.34597462067522666
7695,9.035022832480935
7696,6.2477193098694315
7697,4.055025297465624
7698,7.417422569615195
7699,2.306766082508718
7700,1.0995436803182592
7701,9.500938565177785
7702,8.9533550979099
7703,3.242631253701179
7704,2.750140440510387
7705,8.541398572408427
7706,5.0998148391174665
7707,5.288497738543923
7708,9.253355761589447
7709,6.638157194172836
7710,2.461075657083585
7711,9.48137672431206
7712,1.6521411702834194
7713,0.27744038434194446
7714,4.835912657894585
7715,4.602719383594105
7716,6.622161997565871
7717,2.711828870791825
7718,5.773636069600794
7719,0.2111499931253624
7720,6.43681112005265
7721,9.49306238299378
7722,4.723686158852866
7723,8.655230529310913
7724,9.202071559643262
7725,1.6307462671345545
7726,7.071688452988063
7727,6.120414321281874
7728,2.5339510730727244
7729,8.198002649371325
7730,3.605152175027065
7731,3.665665434801662
7732,7.4654929734559765
7733,8.688893627303138
7734,3.46604478976727
7735,3.4776362399276866
7736,7.864758593115118
7737,7.477105157000007
7738,7.830135480659267
7739,8.583712725649809
7740,4.313805063440535
7741,3.7529394877949613
7742,0.3422714251045582
7743,4.549845032460068
7744,1.197268811133884
7745,3.766030803696138
7746,3.2397436536659856
7747,8.777390396914502
7748,1.7291423976893765
7749,8.770695223556295
7750,9.7139250955091
7751,3.903782480590872
7752,1.8062102559431816
7753,2.4335309984907565
7754,1.7948746698945484
7755,5.000399744080007
7756,4.490170327896211
7757,6.712827596913363
7758,4.214451257394301
7759,4.165087241934238
7760,0.10754846459574817
7761,0.20864286243101082
7762,2.101123427780205
7763,6.375793131711475
7764,7.987586205952593
7765,0.6041907891027198
7766,4.422126041902763
7767,8.556303211921838
7768,7.536309623654228
7769,9.1158510671379
7770,7.555406674180502
7771,4.362242730372625
7772,0.6416273818969275
7773,9.987969807112824
7774,9.483687863653946
7775,1.8968557015363496
7776,1.797611835601716
7777,0.33969826343458503
7778,2.303504530579028
7779,9.945249612980525
7780,8.949489176664137
7781,0.5816851641217423
7782,3.8338844045501954
7783,5.170588108404258
7784,7.248186239060989
7785,9.028863367474656
7786,9.345174988069799
7787,7.414611770154933
7788,4.843079143502745
7789,1.6650965265880318
7790,5.61825733406167
7791,6.845243747067983
7792,0.5719178502248053
7793,9.808044430972364
7794,4.1376442370069695
7795,8.865934744536748
7796,8.704160033336803
7797,9.737344306060805
7798,8.808059244750002
7799,8.040933517353757
7800,1.4037277882469594
7801,5.170782442732879
7802,5.730491195442686
7803,3.3120813337823782
7804,0.5042572881893973
7805,0.4145060720237995
7806,5.283155282422512
7807,6.6430786271911835
7808,3.0257167690558164
7809,5.687505941974757
7810,9.304736845845804
7811,7.987116825757629
7812,8.812920969617851
7813,2.9869600805053347
7814,5.065898375755689
7815,7.046667962339223
7816,2.03736994610105
7817,9.848721331445237
7818,0.4951306392701822
7819,2.8990849931203275
7820,2.3818361001194464
7821,6.961340336523357
7822,4.311695095432154
7823,1.6559234554731257
7824,0.6245958828718096
7825,3.458350501093548
7826,9.823585635091526
7827,9.536681705219584
7828,5.6755218749553755
7829,5.512486570511815
7830,6.524592088209964
7831,6.756757560668631
7832,8.153247617933507
7833,6.3083009223956
7834,7.315961281729845
7835,3.3180539098486284
7836,5.633487068001903
7837,1.1622795870440235
7838,2.3063549307336677
7839,2.834141699606138
7840,3.560859317187187
7841,6.3660041131296765
7842,6.744433033619877
7843,7.180494469680289
7844,2.5697188485259694
7845,1.7912251537801458
7846,5.969445223553899
7847,1.9456945683113738
7848,6.65072854528076
7849,0.6505578539450261
7850,3.851456285108477
7851,8.66380854013494
7852,9.783021914298343
7853,2.9089080845715745
7854,1.918824336975268
7855,5.356010953375586
7856,7.364624457208964
7857,8.47106445436816
7858,0.7203033945086579
7859,1.2446712282977281
7860,0.9170295030051373
7861,3.163123260516415
7862,5.606387013866349
7863,5.245624855697704
7864,9.971636036732193
7865,8.891504264438877
7866,5.793067848413329
7867,5.68876632191821
7868,8.238307313552284
7869,3.2938279676497775
7870,8.478958297803612
7871,8.617636660755648
7872,4.197361525902405
7873,3.5524419069551625
7874,1.7420293957562765
7875,4.199264367388608
7876,5.184127719327732
7877,3.607920442280768
7878,3.015418962573529
7879,0.9241769412980306
7880,6.381108117874121
7881,3.454990892828028
7882,2.9746202292729667
7883,6.998120237528454
7884,3.071605378523448
7885,7.3460925628843405
7886,9.124726862902596
7887,4.293727928618083
7888,7.1753117620470155
7889,8.488475280042762
7890,5.221856306272709
7891,6.307810468559153
7892,8.557315852085289
7893,1.3373769327330671
7894,3.5749890664709523
7895,3.8983809627462183
7896,0.8741608353425676
7897,5.733526142611886
7898,8.41034329595174
7899,9.553282338817901
7900,5.0227810322078845
7901,8.353249790003114
7902,0.14721935172224132
7903,7.8577996669263905
7904,8.335455799478634
7905,7.379170431626554
7906,8.15153385190652
7907,4.593278660150973
7908,1.3973890029949616
7909,7.741930955255256
7910,1.8914160031010403
7911,0.44440747292126015
7912,8.461549099027948
7913,9.815027356431571
7914,2.2787270466485965
7915,0.6955456734273769
7916,7.671465258487445
7917,4.300042804636589
7918,2.0079372726778755
7919,1.1405770322568047
7920,6.550036590005392
7921,7.814304509397001
7922,9.950459915070633
7923,9.770211243940402
7924,6.098746151322996
7925,3.550097989647273
7926,8.563589021681908
7927,0.6192010297410525
7928,7.509705657835277
7929,2.5678870337909308
7930,7.011493525219633
7931,3.8024135387537426
7932,1.8105786407376268
7933,1.1048620312584083
7934,0.40873085383725427
7935,2.628179062815443
7936,9.857719580636665
7937,3.979784204135084
7938,8.14911498873134
7939,8.588285641824845
7940,9.89174850318044
7941,3.2454965758464662
7942,6.120585600901741
7943,6.130786362501518
7944,8.337497711562891
7945,4.142048918647655
7946,3.4921272060583366
7947,5.870051608759649
7948,7.187429814621773
7949,0.7722136519138614
7950,0.11995418240619278
7951,0.28233919077696074
7952,3.615800726374886
7953,8.0031155058647
7954,3.5485483458385687
7955,3.205302099540922
7956,1.2163845780498561
7957,2.557589769475155
7958,1.7395626043110102
7959,8.260802738424426
7960,0.42750039039359533
7961,2.2109148491447015
7962,9.65592056872703
7963,2.100186148744398
7964,1.4436640117663015
7965,3.6739797061957833
7966,0.4969626930991775
7967,7.994131064733303
7968,0.7447594555954485
7969,7.960516463683861
7970,9.880472712745291
7971,4.558218631498166
7972,2.1352624381428917
7973,8.268049461763077
7974,8.524797828655386
7975,7.9056139382863035
7976,7.3442419037993245
7977,2.279642836246346
7978,9.105066323058262
7979,8.812176737557055
7980,5.981468422187657
7981,9.274032992370026
7982,0.18298027145139673
7983,1.1510396767637239
7984,9.0844222616578
7985,0.9165303896580913
7986,1.3280073095453768
7987,0.7752426891113986
7988,7.966192752105391
7989,7.201261589185998
7990,8.444472358337965
7991,7.379308499185715
7992,2.862373063417698
7993,7.409349562519231
7994,8.061774099035942
7995,6.770379719402863
7996,3.4946587542441176
7997,2.9594559431653007
7998,2.480367056501372
7999,7.1629412426272925
8000,1.8849274158046843
8001,4.380069843451159
8002,2.2588266439002544
8003,9.529951732578551
8004,1.2792761419075689
8005,5.329001672623032
8006,1.68515843280726
8007,1.8369854598834667
8008,7.884186713046843
8009,2.811975815602166
8010,6.770449175035894
8011,7.210597640502434
8012,4.651555626198995
8013,8.034895043193035
8014,8.199502387968527
8015,9.983846265478038
8016,0.8944887157541311
8017,9.837514881416732
8018,3.4341376374316304
8019,9.926508396937262
8020,3.9473111107347125
8021,2.452606775743205
8022,1.0847220682708718
8023,5.972646518949223
8024,9.368796334331144
8025,0.7556234904293375
8026,8.913542137271543
8027,7.120179913176847
8028,8.415570074014365
8029,5.097580264999519
8030,2.4245933681301883
8031,4.429508277632152
8032,6.416848071594926
8033,8.237217183497592
8034,9.627356658741514
8035,0.18917389696363462
8036,8.227026173435364
8037,7.727440091605212
8038,9.778650475216278
8039,3.128276095061834
8040,8.999583992067027
8041,4.892814316021223
8042,1.584156434234709
8043,9.65457044992203
8044,7.22921611212154
8045,9.267663276880588
8046,6.068186972603954
8047,6.929616599733596
8048,1.795728988523215
8049,6.866788056872472
8050,7.242195241168235
8051,9.991949326394572
8052,1.4769018120154378
8053,5.834961581239479
8054,2.1899329338648417
8055,2.6250664683656653
8056,7.3363391234411015
8057,0.4698343977848244
8058,6.469626419644378
8059,5.018003629247637
8060,8.466683267117693
8061,4.724089686189193
8062,6.5524897708549785
8063,6.541370280688248
8064,5.668288516891279
8065,5.955892316803722
8066,2.557756060322228
8067,9.081318001192924
8068,2.853381359928237
8069,1.8742278752269967
8070,1.59133489289692
8071,3.3538857148278622
8072,6.249186393586565
8073,8.079644347191088
8074,4.134717190732314
8075,6.54647607403656
8076,5.473413996108847
8077,5.3827038780179715
8078,5.232436109455347
8079,9.699340826094033
8080,6.531381106566873
8081,4.956586357520827
8082,8.992354084046696
8083,7.431829732993486
8084,2.311417173930325
8085,7.909344381256343
8086,3.3284020119251774
8087,4.408238861730642
8088,3.9514773854322853
8089,7.354976053663581
8090,0.9561190819166252
8091,3.5844005152437983
8092,6.158965701977518
8093,4.476095572283838
8094,6.72972168540035
8095,8.559927086469072
8096,3.7012816849866756
8097,8.590892321446846
8098,1.7615167637265812
8099,8.86806643518826
8100,0.20439768018065257
8101,1.8756236786398703
8102,9.065491541979652
8103,4.177336353731828
8104,7.570895933003191
8105,2.22881074140473
8106,9.66233959093414
8107,4.595843360493338
8108,1.4467033497360917
8109,5.541052202804776
8110,9.845630258385356
8111,4.38754141207353
8112,3.824447543954802
8113,2.0649067643414267
8114,3.869870638748241
8115,6.657584368461427
8116,0.1450460307324868
8117,6.069003542436099
8118,8.349823480090453
8119,4.186904754570461
8120,7.213125635648624
8121,3.4598577000788184
8122,9.532593898547164
8123,8.179081968496046
8124,7.770542794660004
8125,0.13642998370687212
8126,2.174542372573637
8127,0.5465225886742758
8128,5.421981421183348
8129,9.688690649413585
8130,8.364786274164699
8131,8.378978691911046
8132,7.739045458811382
8133,8.825464263705722
8134,6.478353963971826
8135,8.304786243714746
8136,5.463205468227173
8137,3.8307324566196037
8138,9.395580850724796
8139,2.818150571528705
8140,0.4291672238275991
8141,0.4616682281848732
8142,3.61132385738832
8143,9.206547574533161
8144,7.2809590785304925
8145,3.81709287994482
8146,5.035710628024901
8147,5.250511612331033
8148,5.799137733561227
8149,1.4572905729584456
8150,6.123242972353747
8151,2.2751705489976306
8152,3.9693114980363418
8153,4.384996328446129
8154,7.946242286610845
8155,0.7753127013145666
8156,6.129612311392468
8157,0.9000829834744165
8158,9.664652300815241
8159,4.235374136820429
8160,5.208744154539159
8161,4.947911156422074
8162,1.1177815631883752
8163,1.7545302703233219
8164,1.4471076478500973
8165,4.335421320157459
8166,6.432778371570236
8167,6.772358220116098
8168,5.1903886414909115
8169,0.4961147456169007
8170,4.648456851846139
8171,5.056123873015397
8172,6.998211091105871
8173,2.5287972452692937
8174,2.0707100391552182
8175,8.688392597951742
8176,3.615257477059461
8177,3.964039227571283
8178,1.5096172389398181
8179,7.553981712388702
8180,8.004967859080589
8181,3.194668241014798
8182,6.621853599149097
8183,0.6573590967859471
8184,1.3977934849025164
8185,8.170328730462549
8186,1.4375114904585307
8187,1.6723169311334385
8188,9.643875623695921
8189,1.5649853047839115
8190,3.0240463349670392
8191,9.43010718702716
8192,9.045349420211846
8193,0.31613534032326707
8194,4.801349218557445
8195,1.5618559433157888
8196,7.934932841542108
8197,8.737296479410668
8198,3.076112300999358
8199,2.2043021810890884
8200,9.492403679617723
8201,0.8390467908248647
8202,3.1135636850471924
8203,2.134339389863243
8204,3.058653832368072
8205,8.497021608260706
8206,1.63703525001702
8207,2.4749942627944588
8208,6.9747318142093695
8209,9.411573729304832
8210,1.0639947109662782
8211,8.049206305741428
8212,1.518566063644593
8213,4.724805858483823
8214,8.844422742690915
8215,4.035130422121854
8216,7.638172164163268
8217,4.39702394434279
8218,1.9939589519389125
8219,7.212468182322975
8220,1.4685230869103862
8221,7.10167623596098
8222,9.608568406163663
8223,6.983010432362039
8224,1.1803494119783795
8225,7.399288023358546
8226,1.804546832444382
8227,5.930080164748161
8228,7.114967285422727
8229,9.824736798950743
8230,1.9180313348197007
8231,4.645784030373242
8232,5.867662906600406
8233,8.72401009996936
8234,1.7553478261584263
8235,8.79303569493953
8236,5.1000673741213625
8237,0.47171080662620735
8238,1.9342246882009333
8239,8.687401539145052
8240,6.27992425272396
8241,3.8073425365384175
8242,5.174680618805952
8243,6.260415681275609
8244,6.495687945853482
8245,4.067951800720069
8246,6.526308247930242
8247,1.65593557109569
8248,4.568196578718558
8249,7.1175554527622324
8250,6.218727587706695
8251,8.810881257228823
8252,2.2759335645408223
8253,8.415327139417931
8254,3.5879037649586474
8255,3.7277111024806833
8256,0.8754653777481451
8257,9.71097162160242
8258,1.6986048574014312
8259,9.714757943698299
8260,1.8498706622835777
8261,7.0274382129083675
8262,0.45009108881054394
8263,1.6321873626512484
8264,2.8808468103214913
8265,5.3318800971274625
8266,8.773657793060854
8267,2.985505799293175
8268,6.529768390247866
8269,2.8191609532298116
8270,4.122255404976219
8271,4.23192222574035
8272,1.4942054295145655
8273,6.326961934514109
8274,7.956525702407921
8275,5.529306858615181
8276,0.20947555386493769
8277,7.218953411205568
8278,3.2858351391985847
8279,6.922374784339338
8280,1.5582801921259342
8281,1.8003305267867924
8282,4.2671609145445295
8283,5.376503749152882
8284,6.193825805305764
8285,4.355140669013091
8286,3.581414293651066
8287,2.4594999452439055
8288,5.935914411925451
8289,6.446528569866043
8290,5.6872585223897065
8291,9.469631805823665
8292,3.5504694300233206
8293,5.628815425580886
8294,1.966167159757279
8295,9.675548870518957
8296,4.462206423866783
8297,3.7333172296928554
8298,9.894489415768115
8299,4.468032421018488
8300,8.860633960384213
8301,7.37433691828375
8302,2.6180810854090986
8303,9.554564948329771
8304,7.151378754905043
8305,3.626637381622179
8306,2.941309552065283
8307,4.374197620029237
8308,2.925663400187378
8309,2.2984766259520217
8310,5.401965472629866
8311,8.056480925497677
8312,2.203068227915661
8313,7.316671464992486
8314,8.882797257481005
8315,6.321126818703789
8316,0.421629756933918
8317,1.8353892558992906
8318,4.037135132490101
8319,3.7023296055705486
8320,3.413721165958808
8321,7.862039821948986
8322,6.638204697521169
8323,4.770518370158627
8324,7.565768043372786
8325,2.203973476518471
8326,9.132252777353168
8327,2.2498576046725547
8328,3.9526981070757117
8329,6.9310356603503145
8330,3.987029932343409
8331,2.4004729723031324
8332,1.5830739501786057
8333,2.1086132610126205
8334,8.277904811646001
8335,5.097063199321396
8336,8.501582510562903
8337,9.003230636967615
8338,4.560852110157143
8339,4.050928780323546
8340,0.2555367083904328
8341,1.5734096795241028
8342,1.575970594130218
8343,5.811039415757612
8344,7.9001979606172705
8345,8.069193814437426
8346,7.567860995231997
8347,2.191373047456416
8348,2.9578371343467063
8349,3.5135699782686762
8350,2.4751313437056504
8351,0.2839323599602672
8352,5.386710546157095
8353,5.565799527872718
8354,1.6900447351717678
8355,9.603492242750105
8356,7.14565581962938
8357,8.263335140878455
8358,3.5617566379514707
8359,3.4559802915641913
8360,0.6073950777256332
8361,2.5200814880088673
8362,9.720039209350592
8363,8.356305169575213
8364,8.456638504696294
8365,9.705788371632373
8366,5.2434336437768865
8367,9.240353682732678
8368,0.6811595675598665
8369,8.146497971893933
8370,2.5977144072920537
8371,9.418864492762559
8372,4.931096369922856
8373,4.00869846294785
8374,6.599461393359356
8375,0.21569074209053113
8376,0.7867344320041635
8377,3.4494967588816046
8378,9.179998081036059
8379,7.13870640670949
8380,1.0316010359489403
8381,8.953678259575387
8382,2.5179917800212483
8383,1.8570875929072164
8384,2.0530214680422425
8385,4.739649140793442
8386,7.382319072645717
8387,0.9833584985757288
8388,8.419546605375414
8389,0.21111666183195657
8390,3.1132426080549482
8391,6.994934160636756
8392,1.8675676111126445
8393,0.14997360646007032
8394,9.545716375403337
8395,7.5982022659794275
8396,1.0381953324797542
8397,2.0721034832880374
8398,6.564368466130579
8399,0.7035822733649323
8400,8.218730111679776
8401,3.387442186251991
8402,2.6237829392949386
8403,9.975731713020194
8404,9.39772206627456
8405,3.338319426646456
8406,5.285324932696145
8407,6.584226301947774
8408,2.4319180363225747
8409,0.7903663840851936
8410,4.591219723547673
8411,0.6803458716154136
8412,2.3654626231803144
8413,0.5424263470737761
8414,4.262074199510533
8415,3.391959826504472
8416,4.906080521071145
8417,9.510566870477767
8418,2.084566667509935
8419,2.0102891188997423
8420,1.2017919682637606
8421,5.498995813496272
8422,8.061273848833851
8423,7.095789686218815
8424,4.800394677416844
8425,6.685671670821914
8426,8.88259053969819
8427,7.101797186106058
8428,5.527578680561276
8429,6.3234355618112055
8430,9.245280652768509
8431,4.981020613951631
8432,0.7366846276295939
8433,0.17864859333505015
8434,3.262307025825849
8435,2.873203056271732
8436,0.34956848400310503
8437,2.9893023677181114
8438,5.081341183932513
8439,8.679379928166373
8440,7.606741610364704
8441,2.0281052186804343
8442,0.5706153506779451
8443,8.084418227585948
8444,5.06022165999997
8445,8.584121314001884
8446,6.75375239886708
8447,8.474691739547737
8448,0.31264989047456443
8449,7.949756518330329
8450,9.156070605432301
8451,2.2440905306772967
8452,6.862032700912588
8453,6.516460960844508
8454,1.4340581309668974
8455,4.697000935194428
8456,0.7557042687262968
8457,1.7112981997011678
8458,8.201266991231128
8459,3.4756539492108773
8460,2.111497188666295
8461,2.0477388368912095
8462,3.5514756839204016
8463,2.592729596813089
8464,5.567729877415972
8465,8.0019216624935
8466,5.00198223957346
8467,0.5132570660273332
8468,4.1264200209512065
8469,1.0050179915554671
8470,7.600594272762696
8471,8.7183972095586
8472,6.585538584610959
8473,9.994261082419648
8474,2.490675007864137
8475,2.58555354737867
8476,3.5423230828817998
8477,4.772302338619477
8478,3.717513977488978
8479,1.5716991984819382
8480,8.805528006480285
8481,0.6304029614911958
8482,6.896874458742741
8483,7.207887887407814
8484,8.099566180967742
8485,8.383468766194257
8486,5.896005136388187
8487,5.697010611112667
8488,9.395207225436513
8489,0.2735530364450509
8490,5.773421748344226
8491,1.7557925001399541
8492,8.467880007728105
8493,6.153217050548678
8494,5.194964097564786
8495,2.5448840388895597
8496,4.4238160684048164
8497,7.031487899278305
8498,9.566037105601469
8499,5.597490810135749
8500,1.1118976161385266
8501,4.352231800338245
8502,2.707435967432332
8503,5.335010057014501
8504,1.9868575851601558
8505,6.613911118398392
8506,9.623450984925153
8507,6.740217839691165
8508,9.50704966325091
8509,9.659077058488302
8510,2.379768127663147
8511,1.0595173630491523
8512,6.425695724071821
8513,3.934517527240532
8514,5.248809357145079
8515,0.6929732675770451
8516,2.1256641296233814
8517,9.084190359296253
8518,0.2623298410543151
8519,2.5654743974625234
8520,9.337036218298902
8521,3.9930930205234962
8522,5.696298273887939
8523,9.1349978269261
8524,2.9870599998093224
8525,8.193789726534847
8526,4.502505390332727
8527,1.9267480524855363
8528,7.864161880652624
8529,6.193935053764763
8530,5.787072102771539
8531,0.9323967223425941
8532,2.4312473529654683
8533,8.15102758884189
8534,7.844195314865876
8535,7.600344566871964
8536,9.796559804387348
8537,2.450514510607944
8538,1.9364274444485141
8539,8.404525075107356
8540,6.12113135649628
8541,9.078280683800102
8542,3.2477255178215807
8543,2.3217752075801625
8544,8.957961189482825
8545,7.297079304233149
8546,0.384588509534184
8547,3.403656287670452
8548,6.919159099576864
8549,9.876680335545378
8550,1.2803702759308433
8551,9.633252150134961
8552,6.1593688824078585
8553,6.998750255089859
8554,5.226539870820908
8555,2.11796357683167
8556,1.1098470951175272
8557,4.929111839366132
8558,2.98711519360692
8559,5.2045534823003425
8560,9.169970590838197
8561,6.7037338455747
8562,4.283621127956467
8563,5.145132615928589
8564,5.916264215589053
8565,5.121418347608152
8566,5.930028591122205
8567,8.903436829780198
8568,4.1730980337576895
8569,7.856180963149436
8570,0.6500468609020635
8571,9.72044542148347
8572,2.2887207939188783
8573,5.121603888048857
8574,9.32051946197476
8575,8.057223126291635
8576,0.9189945058616159
8577,4.608855510849106
8578,6.567694521351952
8579,2.9764753521539906
8580,2.0675017318117557
8581,6.2048836033977235
8582,9.72793396531371
8583,1.6556749235511539
8584,9.041880029231525
8585,1.1036916646762043
8586,1.033010934053313
8587,2.129260801028031
8588,4.509844892523928
8589,8.013084578569075
8590,9.908886470281058
8591,5.306705222798179
8592,0.9747303127987356
8593,8.042949740452642
8594,9.596043279368567
8595,7.475215996253045
8596,9.979588386924883
8597,9.35738143313519
8598,1.7601348820817115
8599,2.556955590587041
8600,1.890597954915939
8601,5.473481191958936
8602,1.5187684379820001
8603,8.912428323115837
8604,4.312880343013559
8605,0.4278227794795255
8606,5.30763865785943
8607,6.490306949774445
8608,0.18141494285993703
8609,9.021214910219982
8610,1.7535295048433852
8611,8.54635750878891
8612,9.301253895291559
8613,5.378943608255112
8614,2.1974828497590018
8615,8.791189576013894
8616,2.4079981439107607
8617,6.226088613330292
8618,9.384752309079769
8619,7.233304352205286
8620,2.3093033951419315
8621,3.449091223547764
8622,7.105142902607196
8623,1.1162504705242269
8624,3.570528903623058
8625,6.552826747575812
8626,7.239830898313897
8627,1.6278900354854582
8628,6.288330408814788
8629,0.6285532239145047
8630,4.692789738510908
8631,9.350730650608911
8632,8.450179070593713
8633,1.3986436704944378
8634,8.136729637389353
8635,2.494020640940287
8636,9.556966464094321
8637,4.93553997799037
8638,7.005342103262624
8639,0.37519487076677394
8640,4.249762901502436
8641,4.3111877395357965
8642,8.549503042260001
8643,4.80126287547299
8644,5.853891913901254
8645,1.1453126007106766
8646,4.290630939669515
8647,3.6744036371594713
8648,8.046374869053844
8649,0.7605108754923352
8650,0.13027908404416128
8651,9.421076351574163
8652,2.120801089826269
8653,1.4679336595941925
8654,6.982588760889158
8655,4.373869191211466
8656,6.165589765158849
8657,5.411217799656371
8658,5.117262554360551
8659,7.888267459652192
8660,2.695118969599735
8661,1.023400897495059
8662,5.489299832887218
8663,9.898354765564967
8664,9.470331210566139
8665,4.154968694383322
8666,4.833264283457635
8667,1.3211831102393383
8668,1.6656122323797373
8669,9.740663972027056
8670,4.593860098866662
8671,0.827356560207214
8672,5.427170859623596
8673,5.07429677043588
8674,7.281520098872093
8675,1.722784267627328
8676,0.5173618502577753
8677,9.048513744752304
8678,2.892000251194487
8679,4.870542050260264
8680,5.513613053654199
8681,6.091757487327129
8682,9.646236382285425
8683,0.6625510021057803
8684,1.0603570592778575
8685,7.853496119418814
8686,7.220602852769669
8687,8.229004596946712
8688,2.3277622780222385
8689,4.679256986144699
8690,8.425831793545338
8691,9.164790264088312
8692,2.038638647376285
8693,5.240678805293288
8694,7.537550897815992
8695,3.1423230489049465
8696,0.9582785809625795
8697,0.4554014206459813
8698,9.541521247591813
8699,4.9540400582101105
8700,2.4338588847450713
8701,3.2112049756650736
8702,3.41260414720526
8703,7.103406754493389
8704,9.496046230634452
8705,9.536567440807994
8706,1.48382708887137
8707,5.122802060001454
8708,5.645988281708621
8709,5.208559285690269
8710,3.417427075665535
8711,1.7539858779091362
8712,1.8142095693417317
8713,2.6526166479249813
8714,2.771920217495501
8715,6.977525009937355
8716,6.710542489593462
8717,7.952847864667002
8718,7.537356682425355
8719,1.1375210755352076
8720,3.587572099085316
8721,0.8214098327129122
8722,2.0894305665789825
8723,6.253109198058633
8724,0.8928264562609911
8725,9.527050592216296
8726,6.827796008681911
8727,1.402004979722813
8728,4.179142954153579
8729,9.584951058309494
8730,2.837574636178499
8731,4.729178433979634
8732,2.226322877441224
8733,1.8671693580902111
8734,2.6145587907894816
8735,1.4833296491411097
8736,3.697912180226583
8737,3.803896560736574
8738,1.1321541755208748
8739,3.821459138169498
8740,4.160843257131437
8741,2.8983487342491605
8742,7.258443742901381
8743,2.0769163012248444
8744,3.81638065592879
8745,5.522465005316276
8746,4.493004284295087
8747,6.551654431961845
8748,6.5398360534260584
8749,8.595522296427358
8750,3.9718906711443616
8751,7.947442785340271
8752,7.430964447922085
8753,5.39934089397826
8754,0.3292579706810239
8755,5.403104941547184
8756,1.9342774354793641
8757,7.784628904978302
8758,5.116890109553079
8759,4.395269935287849
8760,1.6704156278931046
8761,6.164550983364488
8762,8.609397091240009
8763,4.528297674268607
8764,0.6278973796718148
8765,0.36827790007925565
8766,3.0570069755959994
8767,8.809621135628834
8768,3.630541136578992
8769,0.7986908546772088
8770,7.937233995976384
8771,5.105213499320651
8772,2.5840599920325396
8773,8.246679823019795
8774,2.6397345291345116
8775,8.234198830526907
8776,0.5781537071678731
8777,4.7588075792966515
8778,3.4246846612285164
8779,1.997876818266894
8780,9.479179944757627
8781,1.4548625234770287
8782,4.730857510536446
8783,0.22629760139652375
8784,2.725288967147884
8785,7.376571680340776
8786,8.703771917557061
8787,0.9740814824728737
8788,5.138441027789728
8789,9.080868629487153
8790,0.7185729565880726
8791,8.763313706252017
8792,4.211304912882701
8793,0.8652319696629502
8794,7.311387705536163
8795,8.685096490841335
8796,3.2488087804613697
8797,5.928013428587765
8798,0.20934257511446175
8799,8.845711543397162
8800,9.137218458018593
8801,0.8633658177395379
8802,3.2008738481805143
8803,1.8001197560999533
8804,0.30830762045786575
8805,8.800482896221837
8806,5.333102412384139
8807,2.348302244199957
8808,8.592355667514395
8809,1.6967869189868068
8810,8.875431191304221
8811,7.794700520598431
8812,4.534089858468223
8813,6.05739666694462
8814,5.7050508008776415
8815,7.549187604902392
8816,3.256962260003213
8817,7.915230762771196
8818,5.988642645023715
8819,4.902794061528137
8820,3.3448840942763653
8821,2.2280100999252768
8822,0.40962667696739286
8823,8.750211729122976
8824,9.009221821993334
8825,8.841756375922648
8826,7.550300143812197
8827,6.550504078588111
8828,1.4428416755232631
8829,7.789885418947734
8830,7.083106276978023
8831,9.498371975473303
8832,0.7122825420312465
8833,2.3837429818038545
8834,5.973154276870422
8835,1.1955934423599368
8836,7.478114967700034
8837,0.12469556247214637
8838,2.152652939084748
8839,6.492203704484357
8840,5.702406554147672
8841,6.1930631810776875
8842,8.31159365981505
8843,2.7024446225681977
8844,2.12486320776647
8845,2.722976205068129
8846,5.194258454878194
8847,1.0417589682972002
8848,8.699455382179439
8849,4.019880572494702
8850,7.643926434496383
8851,0.5382228437630119
8852,4.316617958692913
8853,7.913073524473999
8854,1.1690223303822027
8855,8.358877001834438
8856,1.2824178877120693
8857,0.9747916345518398
8858,0.24471657248472836
8859,2.541053518505698
8860,7.263013064993069
8861,8.31198558462873
8862,7.425556861385688
8863,4.61757404028022
8864,9.007317111457343
8865,1.2107861340115136
8866,5.530133506677989
8867,6.790768215484701
8868,0.32067116574196447
8869,3.0493038277370608
8870,9.922969712022942
8871,8.926617420103383
8872,9.678751066423679
8873,3.049536068152118
8874,6.988790126152965
8875,6.00650133399414
8876,7.065452592064166
8877,2.2686766402323
8878,9.867166013461464
8879,4.529010322016508
8880,9.658912086598468
8881,8.368432569267647
8882,4.2096016461724455
8883,4.586589787849597
8884,9.841455978882788
8885,6.1331563013805
8886,1.8618523600927526
8887,1.4645785923275723
8888,3.6879982124169444
8889,7.019341355681233
8890,4.512703223647546
8891,5.5445583090359865
8892,8.858933498090714
8893,4.614700701852928
8894,1.5531479851864471
8895,5.977366967141759
8896,4.702382898037047
8897,8.106366257735157
8898,1.994543227208222
8899,6.0626119997593975
8900,4.132865692878822
8901,7.3854403624812335
8902,8.223232862314967
8903,5.676329188503916
8904,4.963351819316831
8905,5.397540800760262
8906,1.2044570429143515
8907,8.887691078181827
8908,3.1114640217978295
8909,5.567883007861067
8910,8.886240688818313
8911,7.674601964959179
8912,5.893071988724418
8913,4.7685167984215235
8914,2.696790946129521
8915,3.134078924095437
8916,2.7670728041694534
8917,4.874841530366512
8918,0.5710771587627359
8919,4.966354986456496
8920,1.6708712911896053
8921,4.964076704708986
8922,2.1738210967347564
8923,7.830521015958466
8924,0.4069494902315821
8925,3.8405868497800775
8926,3.7593876759286213
8927,9.289744971222671
8928,7.117097862640348
8929,9.238113184751414
8930,9.510828164270636
8931,3.877172212559494
8932,4.846682003278621
8933,9.805208022667198
8934,4.768810332952352
8935,4.0581037209181385
8936,5.399705693692463
8937,9.203376530517351
8938,8.391839706572373
8939,1.4618070115059616
8940,9.591260826058862
8941,4.314980934875168
8942,3.7483938741389786
8943,0.9958631445047655
8944,9.671436537282196
8945,2.9709925051318518
8946,8.983782667656667
8947,4.254866505388316
8948,6.375158662213739
8949,9.459339321412598
8950,9.263748035842534
8951,8.396988737913064
8952,7.337342929971997
8953,2.7591470730407535
8954,3.818729448666918
8955,7.594894094126175
8956,4.550590533889933
8957,3.2785740714168665
8958,4.9714492576837115
8959,9.632350348230554
8960,4.0820427503297445
8961,7.81122019463222
8962,8.718382335769272
8963,4.962149980639229
8964,8.324787507672124
8965,9.782423847383907
8966,6.581210577220268
8967,4.10591107356373
8968,5.594290201862598
8969,1.8269099936540802
8970,8.168116540537131
8971,7.585904638537135
8972,4.945010262979573
8973,2.0113730497799835
8974,1.7414739680832374
8975,3.372216866189953
8976,3.0320380544743553
8977,7.9216480684536545
8978,1.8606574974895287
8979,4.747744459581137
8980,1.5862695427956952
8981,1.5222258664608523
8982,9.798281472882271
8983,0.926447378389053
8984,7.541695425148358
8985,8.691203987521403
8986,6.840120180173787
8987,0.22352925871649085
8988,6.587520025134597
8989,2.3725978743640117
8990,7.772590457503891
8991,4.289200614316883
8992,9.541982892945548
8993,6.184877897454781
8994,1.4812172873434324
8995,2.092148114941778
8996,0.6115836356760245
8997,0.92021444497361
8998,0.6518179071013283
8999,8.798676079293474
9000,1.7315931884523181
9001,8.367445975786493
9002,2.5080750895368307
9003,7.154794510836894
9004,8.562787964642812
9005,4.504496352716871
9006,2.112420894098914
9007,6.075978556512705
9008,6.734338869160849
9009,6.479800920976169
9010,4.781440706510812
9011,3.126119831964048
9012,7.386244439890405
9013,5.937119798728844
9014,6.427110655286344
9015,2.1550785376448647
9016,4.310792296869679
9017,3.393654541852117
9018,0.6723295880022292
9019,5.6814402586725326
9020,2.0581891831518018
9021,9.916992709749765
9022,5.4500029410062725
9023,0.7679450896534956
9024,7.816917330852913
9025,4.983152780151235
9026,7.142573877164726
9027,3.1462282526930507
9028,9.819116266332628
9029,6.548838331558241
9030,2.3243290939820094
9031,4.685444234471676
9032,8.508872858724963
9033,0.5950208770593715
9034,6.079482769938273
9035,1.080573705699802
9036,3.476158065093547
9037,9.169051379957622
9038,5.687830877441885
9039,8.699330238711944
9040,8.221533334704674
9041,6.3455086787170885
9042,8.358183825769157
9043,7.862099263119563
9044,7.547912696728502
9045,8.609063425443585
9046,6.539137780942994
9047,0.5871739319874401
9048,3.3159728925115366
9049,3.196636923000179
9050,4.847216196899821
9051,5.80062599713655
9052,4.883290902649518
9053,6.240243574229097
9054,7.373055674268462
9055,9.359846689385288
9056,4.8732491768098365
9057,9.405146374708359
9058,7.259117368340882
9059,2.357975695182445
9060,6.034970285200656
9061,9.3704173362624
9062,6.084278362595369
9063,6.489660354598694
9064,7.41679337339538
9065,2.289042669948401
9066,9.48519914617581
9067,1.8341528064809625
9068,1.6119474440583272
9069,8.053343227569762
9070,6.5208594431607185
9071,5.440133231951234
9072,2.900310578191873
9073,3.3840221984522327
9074,6.864871429025244
9075,9.420297897179275
9076,8.759030122342985
9077,9.55128618508629
9078,0.17596863264518323
9079,6.051504526213382
9080,2.960249947598181
9081,5.469541814006708
9082,3.227453284759508
9083,2.3741365047025176
9084,2.7197735174303044
9085,2.306390681856621
9086,3.0239222126915974
9087,1.4721643824520463
9088,2.0617916756431685
9089,2.189305467367151
9090,5.8823739717747925
9091,2.1158782836626044
9092,7.025954816055605
9093,9.589492494810374
9094,3.5405759262819325
9095,2.888743783013625
9096,5.853109941895498
9097,5.259054424100671
9098,6.084119768058907
9099,2.785665896926346
9100,4.7236895319886845
9101,5.686337305505638
9102,9.493372776944584
9103,5.072292075495763
9104,2.648527892397058
9105,0.3218115631576824
9106,4.14721830528758
9107,9.284626861977557
9108,8.441289824159329
9109,9.963274183235248
9110,8.45306388144187
9111,5.064124641618051
9112,8.851581330145292
9113,9.034824804832638
9114,0.6970704843050002
9115,4.903217763510166
9116,0.33774265957485927
9117,1.4991129224266184
9118,5.130171019183457
9119,1.1903863974527389
9120,2.3355185884837293
9121,4.197599441243635
9122,9.658959930372784
9123,5.4900771553311865
9124,5.975820840824572
9125,0.355387078769945
9126,9.243895466150244
9127,6.679203475448732
9128,8.962762393269555
9129,0.4365376689296596
9130,0.46744019494790556
9131,3.053885150575167
9132,0.3109135900688421
9133,4.045711878516232
9134,2.8365185790019773
9135,3.2467264657617734
9136,4.420512231754505
9137,8.735080059108743
9138,2.6134058382504475
9139,3.2329112090671703
9140,3.911786246890362
9141,6.7809050535469115
9142,1.1246867929567557
9143,3.5125008503801944
9144,8.229276863280889
9145,8.279034691283357
9146,9.69455100520777
9147,5.85188239469931
9148,8.655219946392949
9149,2.1319902919606077
9150,7.787262480527081
9151,1.104627186281611
9152,3.9678816292274677
9153,1.4069449411041826
9154,8.99107288663003
9155,8.154745606748834
9156,3.8057378171554372
9157,8.514639932549779
9158,5.30061512032446
9159,4.820317306129797
9160,1.733788765827998
9161,1.788908276321375
9162,8.762062804705169
9163,2.8877836730629665
9164,5.662974249770853
9165,5.831121475345721
9166,0.48566367226147256
9167,4.631118656648265
9168,6.167190217611703
9169,0.3769588637857052
9170,1.39269645872392
9171,2.32809715474295
9172,6.037819701285976
9173,5.882835949520235
9174,2.727562286189036
9175,8.098494346319182
9176,7.006105704542877
9177,5.391152647088859
9178,5.814019667435174
9179,0.3813851639787782
9180,2.6769858112062286
9181,5.478672865913449
9182,8.724548947094535
9183,3.985545163289052
9184,6.444415083442889
9185,8.634936685958909
9186,2.483244815511374
9187,1.9110963342172653
9188,9.617221013184137
9189,6.518133878027589
9190,7.585379397898811
9191,1.489674434924909
9192,3.875176767353262
9193,7.1401075161842815
9194,0.7296305984864176
9195,1.6623551014801157
9196,0.9187194592117314
9197,0.6500292036424525
9198,0.562259698531486
9199,7.6944208254034026
9200,7.058152620064817
9201,8.342605477391684
9202,6.2032313556563246
9203,2.9727854084184355
9204,0.6758559542098188
9205,8.128539388722638
9206,3.1788909575731665
9207,5.26700972056275
9208,1.4775815065260616
9209,8.88503011761885
9210,8.547265299288158
9211,5.429987882985707
9212,2.066489697205914
9213,3.9880059795829483
9214,1.351983613151225
9215,8.441645657600647
9216,3.277668068898012
9217,1.1853051612076264
9218,5.228672521707156
9219,4.048662386724233
9220,8.767513387868265
9221,0.40757750629996004
9222,4.850291517915201
9223,5.050417146858871
9224,4.553977115989799
9225,3.2366984678223987
9226,0.4807804513492515
9227,1.8607521940479623
9228,1.5454108928144605
9229,8.082777300503711
9230,3.967701513633591
9231,3.099180791895743
9232,7.451589607539177
9233,0.23365288854410649
9234,6.665164897416712
9235,1.5332907626231185
9236,7.815251158265711
9237,8.405494954249143
9238,3.842590480357637
9239,9.895148883518306
9240,9.05226130539463
9241,2.6420210339092973
9242,4.5384983937924535
9243,4.484037756232061
9244,3.8694530008233894
9245,4.327898327263077
9246,7.781773343457235
9247,4.884663737089835
9248,3.3283695499928045
9249,6.466058539366973
9250,9.039025857140016
9251,2.4359142756774474
9252,1.754532517013143
9253,4.694776486851645
9254,9.058313022730973
9255,5.009727377438415
9256,7.8560798207446805
9257,3.06766354547753
9258,0.35306784217880294
9259,7.832696938050347
9260,4.393827254177692
9261,3.742600970402115
9262,3.9061524053535885
9263,8.747427264580407
9264,7.880533030427806
9265,1.2955009813797411
9266,9.821275235896957
9267,6.80553301298794
9268,5.8459066287317745
9269,6.437496155097359
9270,1.5224410492562197
9271,9.562721394412032
9272,8.420093185856304
9273,4.859194433589873
9274,3.355083608541726
9275,3.773581765964581
9276,2.1525472614963688
9277,4.732811548417254
9278,9.038954893499511
9279,3.870343387281653
9280,1.0168688663829983
9281,6.015345013620675
9282,6.183481602567394
9283,6.715852353092505
9284,6.17885301302709
9285,0.4853045370863234
9286,7.878576959204515
9287,4.584686255042937
9288,6.077701012556827
9289,3.0444226833554886
9290,7.292360008099213
9291,0.6370011108596954
9292,3.3156493925334853
9293,0.9440907676419819
9294,6.706969963618383
9295,9.229881907487215
9296,2.343557331889592
9297,9.486037385715841
9298,4.813241400739121
9299,9.211690378055943
9300,7.382665278595289
9301,2.685904184840231
9302,0.29013221652212623
9303,7.926911618024997
9304,4.181271025412635
9305,7.493480726074797
9306,3.311800509213108
9307,5.604644793771681
9308,7.853719501091507
9309,8.907220401072731
9310,7.891052482558322
9311,2.082513202178169
9312,7.835864579584893
9313,2.6564523342276054
9314,5.296759004731758
9315,2.822961434435795
9316,9.053827491715635
9317,3.510730680678876
9318,7.471975418096702
9319,2.8538099746141685
9320,9.488118079768864
9321,1.6254181359251747
9322,4.170520461606948
9323,1.7806056928683942
9324,5.319164733692252
9325,6.483431974311065
9326,4.6721160401132575
9327,0.9707251767759817
9328,9.147482686670276
9329,9.208672171430113
9330,4.4543419741631425
9331,2.2483137505123034
9332,0.5923460443974372
9333,3.8535850825932916
9334,0.4731607330588252
9335,8.158158468811349
9336,5.730675995021292
9337,7.555603411654579
9338,7.817665292562022
9339,1.8185510380955354
9340,6.1960259195057334
9341,1.4054569307308342
9342,0.351408934457516
9343,8.143206120712215
9344,5.749744323777228
9345,6.804069965006633
9346,0.41135031677999645
9347,7.891911465084447
9348,4.662370561938196
9349,7.959372013580785
9350,0.9426758487800586
9351,9.336777726824403
9352,3.874252222668232
9353,4.827035102722101
9354,6.942178379731939
9355,6.862901431548719
9356,3.473046450640809
9357,2.0350101014982203
9358,4.509634118915081
9359,5.053835812063571
9360,2.6302110059691968
9361,5.207711042102403
9362,1.5321737443709993
9363,3.9535861332024833
9364,9.774225576933663
9365,4.1191477481007395
9366,7.954979680337779
9367,6.689846741787078
9368,3.6383510950420384
9369,7.635427443039416
9370,4.936223590967325
9371,0.5350093100764407
9372,0.4346930474143027
9373,0.8310570599404052
9374,3.8495589335352083
9375,6.034187638354654
9376,2.35299248043341
9377,2.627670465137719
9378,8.924717907812274
9379,6.4172079521135
9380,2.149290524298696
9381,3.1448902574750175
9382,1.189876206230364
9383,7.364597747669518
9384,7.0853850547618995
9385,1.902842307168617
9386,4.146522334470487
9387,7.400782698472453
9388,9.299826428464002
9389,0.2819176591520212
9390,0.9127854030282906
9391,5.5877300923529205
9392,7.742533443394399
9393,7.460569426051882
9394,0.6948550666053058
9395,4.602797367726623
9396,5.968881815546675
9397,7.880718082422743
9398,0.9185829897484127
9399,3.3711230759620587
9400,9.403465220892611
9401,8.337535023622824
9402,4.108070648575238
9403,9.173433801329521
9404,2.095743153368019
9405,8.08709726178196
9406,8.018277566511841
9407,4.00468249602175
9408,5.664208758023354
9409,9.792363738747703
9410,3.4866392785652764
9411,8.991182207126482
9412,1.4942070049948155
9413,0.7320625165022469
9414,7.199661264035059
9415,4.361190440725732
9416,9.915238583102793
9417,5.5813557619509195
9418,1.2731707187027925
9419,3.0548171297107785
9420,3.471829381730271
9421,4.7581180850252025
9422,2.8484484327144006
9423,8.574301171988232
9424,9.936506648606986
9425,2.4713486258170505
9426,7.702369008240724
9427,9.943667098352607
9428,2.6320467431838885
9429,5.902708153768052
9430,0.5634921783079812
9431,3.211052357153581
9432,7.95191808840867
9433,7.9704969131692085
9434,5.962058148326091
9435,3.0610235141975557
9436,6.028688987443326
9437,5.4643707070125505
9438,3.0728366974844135
9439,2.4270512354871103
9440,0.48007319143943783
9441,8.709540576153213
9442,9.447243996257365
9443,9.928176182762552
9444,4.365663458427576
9445,7.132488077670442
9446,9.476012579885221
9447,3.1988534003971205
9448,4.885125884428247
9449,0.36660082060686805
9450,5.591439109856219
9451,6.3359560916590585
9452,3.6704128664680127
9453,0.4172971483722737
9454,2.9408049999245844
9455,1.404473566945008
9456,8.954936781746422
9457,2.4146238397975135
9458,5.911906699323235
9459,1.6227597594522098
9460,1.383097988650136
9461,1.3680532686485807
9462,1.547434539604462
9463,6.451854712372665
9464,7.607250809099452
9465,9.00029359729401
9466,0.5439171649458099
9467,2.2812845851494794
9468,0.9506022189434644
9469,0.2650441554665429
9470,0.5800853929517168
9471,6.159004025493219
9472,3.8317700467478155
9473,3.634143238638805
9474,0.602853473015953
9475,7.698255356003117
9476,8.746197404777803
9477,0.3533179699209168
9478,8.984279507283293
9479,3.2881136098937733
9480,2.1767443374882505
9481,6.742927224960694
9482,9.370848234130083
9483,4.577241706981261
9484,1.7721486069977692
9485,3.281519683157454
9486,2.9535003045380486
9487,8.47512969431791
9488,3.157828528055922
9489,8.563562014466061
9490,1.9417186018529309
9491,2.27594631020226
9492,9.78032346917508
9493,6.360193125551337
9494,4.792239387031639
9495,8.614180129096281
9496,2.0539253421514903
9497,1.0521428385539204
9498,3.735199585716592
9499,5.451013798901938
9500,5.4270255315255795
9501,1.9912677220250685
9502,0.8183373097441152
9503,2.092155486358084
9504,8.74856551254353
9505,6.232376969726501
9506,0.9512318485827258
9507,1.3687272318786348
9508,8.936616846310178
9509,8.285387943491456
9510,0.26790603891017273
9511,5.717709992757178
9512,3.2749286431892703
9513,8.272481762159863
9514,1.7077171061938123
9515,7.331291074396175
9516,3.896532673635355
9517,8.352076864702257
9518,7.990953544252727
9519,4.113936971203837
9520,6.157399964857359
9521,6.05766898873007
9522,7.51053727424546
9523,7.984680885244656
9524,9.318883535789503
9525,9.312339672697721
9526,7.634637779506552
9527,0.15952970134120972
9528,4.49296792728815
9529,5.1395060449999495
9530,9.567412539519374
9531,8.980417385047854
9532,1.0243476258814175
9533,3.313370559885417
9534,8.192671117718092
9535,7.609838714974026
9536,5.5906353464663905
9537,3.320763802769703
9538,1.9687898613886599
9539,6.9919481756990605
9540,7.142210393817476
9541,2.3084481364360143
9542,5.029060620242527
9543,7.383288359115061
9544,1.202151217116785
9545,3.46542959518663
9546,6.39743344088875
9547,3.0882184123342924
9548,3.6077637706536554
9549,8.748815134988254
9550,0.5113954490071531
9551,1.6539278439276148
9552,9.818004766781126
9553,7.480296275659451
9554,8.563757906902369
9555,7.818908961201745
9556,2.4591713688750287
9557,4.7831980837515085
9558,7.361225114352508
9559,2.709904785917196
9560,4.49294034017891
9561,3.3023639372019273
9562,4.692020804912455
9563,5.966144304338993
9564,5.184328001488881
9565,6.429254858801711
9566,8.07696988521538
9567,4.238149571691492
9568,2.2803404101643623
9569,3.0921806923126347
9570,6.420370490560051
9571,7.8933546804474135
9572,6.602939821371144
9573,8.878095736571513
9574,7.25959613180554
9575,1.1473137023466078
9576,4.131902403385216
9577,1.6305429041606005
9578,5.690360555645017
9579,3.886373089303669
9580,1.2889803139722822
9581,1.2103035127501836
9582,2.2985189943926088
9583,9.68683198550238
9584,0.6060297926335826
9585,5.923624330366057
9586,1.6355948192094527
9587,8.094384004491731
9588,8.616063544887195
9589,0.3027100137797655
9590,9.366617363974255
9591,5.995937435650272
9592,7.814470555107431
9593,5.1277137475846395
9594,9.312639926462532
9595,2.3111358773166626
9596,3.2275118801690224
9597,8.545271331398007
9598,5.9508515522135275
9599,8.777004107768938
9600,3.442636073573511
9601,6.011187514137125
9602,3.985405018200957
9603,4.691108719179767
9604,3.5041075643458948
9605,2.0688177249823565
9606,8.767310965517675
9607,4.3104414743615775
9608,1.2774640773618668
9609,3.6838107856737436
9610,1.2077114913210876
9611,4.383117444696471
9612,9.542540836006715
9613,5.672280562456948
9614,1.6247110182497297
9615,0.6491984646407352
9616,3.4588227143768524
9617,4.351167223010926
9618,5.031702000447468
9619,7.159144163000591
9620,1.7600401098583998
9621,5.63213029769392
9622,2.9537434831283806
9623,1.2453279728765834
9624,5.1966716949420455
9625,7.959620866831927
9626,4.6102612990753515
9627,3.263462203341652
9628,7.4877459141355915
9629,5.501091832814558
9630,5.560954848664644
9631,5.151976070074939
9632,1.5668672312825689
9633,0.9534033068582051
9634,1.6287820525480026
9635,8.313794296131015
9636,7.728823043098663
9637,5.6945176338207295
9638,2.062126509161713
9639,6.709364604644926
9640,7.796698890635945
9641,6.546155080167962
9642,9.748513949534974
9643,0.1833935066950148
9644,9.525788672874212
9645,7.8734113031770825
9646,3.5413750215969624
9647,3.871344701885341
9648,5.966898244698471
9649,8.76058801296429
9650,4.552689316255025
9651,4.146635963855343
9652,9.199117832041575
9653,8.849156857687243
9654,5.250411731828286
9655,3.160575994071412
9656,2.1087148446062485
9657,9.943536149967189
9658,3.7587868498721932
9659,3.0881429987278066
9660,5.5327934270459895
9661,9.47301580148599
9662,9.635974941042484
9663,3.3330071623463557
9664,3.6332635236939383
9665,4.879912573219173
9666,8.92553697111277
9667,9.996914945437487
9668,4.888514843533656
9669,9.228088827231062
9670,7.736243947568364
9671,4.609773005793801
9672,2.8338852204509943
9673,7.35030796304899
9674,8.960023318137727
9675,3.7256560238306964
9676,7.266445449070147
9677,4.599740868506875
9678,4.504150116652696
9679,4.274463423193103
9680,3.2950071763202406
9681,6.392406960218972
9682,6.767051318354425
9683,7.617660755003443
9684,6.242525641043914
9685,9.661298721926372
9686,1.181079258886032
9687,5.823136767734631
9688,9.7968984445024
9689,6.063025609872745
9690,7.215147952107171
9691,4.087892941726543
9692,5.237271318821977
9693,4.389558822761166
9694,1.6747319765526567
9695,3.7936516687852757
9696,4.543955100393554
9697,4.982875851429153
9698,2.8059306157187702
9699,0.15298456086510676
9700,8.003086241498822
9701,1.1817306284128914
9702,4.530164740870945
9703,1.197624511048868
9704,1.9411069958535148
9705,9.495562610430852
9706,8.173189077994968
9707,4.238457207003972
9708,3.5088581801785184
9709,9.37855494762589
9710,2.3420432020439006
9711,1.303122252563684
9712,2.054826097385802
9713,9.998415455711882
9714,2.3388376900131433
9715,8.396029620537115
9716,1.8569436369253849
9717,8.5249710390649
9718,4.507651111441056
9719,0.526607825652269
9720,3.947329464712248
9721,7.190673144677221
9722,5.307009591977617
9723,3.424471149649854
9724,2.8638086304939567
9725,7.43689259762137
9726,3.2492342829660426
9727,4.3012297655614
9728,2.9956121721461204
9729,7.786779174434908
9730,6.724295297622242
9731,8.65636656260443
9732,0.44838831802954526
9733,2.52743410478342
9734,0.9734708778231806
9735,9.495629366401914
9736,2.540734794383469
9737,3.463163184464916
9738,0.6643173675311129
9739,9.75947069793044
9740,6.623071815522553
9741,9.361833108239114
9742,9.812932231148253
9743,8.925963097896936
9744,1.9570030282263078
9745,8.630776094111646
9746,3.739152036501186
9747,9.440800726690306
9748,2.7868826728782397
9749,2.6914172237333642
9750,9.279123652310231
9751,7.337415041982674
9752,1.745451531391982
9753,6.8825679629197785
9754,7.54086104548262
9755,3.2486539665910703
9756,9.245226659509305
9757,5.425615171929508
9758,9.810526971288324
9759,3.3469084782579936
9760,2.5686234349903985
9761,9.452759581528737
9762,1.2523560485879666
9763,5.06126936987799
9764,7.281997853791924
9765,9.292541623769473
9766,7.024914357973969
9767,0.6517126603246025
9768,8.056760855561906
9769,5.499599563079263
9770,2.46732446084382
9771,6.445846215245528
9772,3.6041562890282637
9773,2.7882619192430083
9774,4.000986228717533
9775,8.7236823362742
9776,1.3046134848307769
9777,3.284318222691965
9778,5.498820656982597
9779,4.900172059573753
9780,3.3486366501938494
9781,9.280628630779812
9782,5.9371596607746495
9783,9.296898596089205
9784,2.480103998866581
9785,0.2096345526983696
9786,4.826431190296889
9787,0.6786101975004893
9788,2.590257778571544
9789,4.630124373180481
9790,9.819149099884207
9791,0.4642924800566426
9792,4.5549517821961905
9793,9.05199766739093
9794,5.847293333888811
9795,2.03939605510678
9796,7.37949738833548
9797,6.367390471633361
9798,6.781843105468844
9799,5.641246340866733
9800,7.555698289914853
9801,3.581494648423605
9802,0.9764638536899571
9803,0.4988656196343968
9804,6.609191661239472
9805,5.327629385543849
9806,0.4465232003117464
9807,3.440352059213895
9808,4.940404078714704
9809,0.6369062931959767
9810,9.06332547296919
9811,6.414505798678937
9812,0.5332350179004706
9813,8.118194742151893
9814,4.652304331692972
9815,7.550561612429972
9816,9.437989186103591
9817,1.410049369634972
9818,5.845945840961517
9819,3.9693346768476885
9820,1.8510123271611747
9821,8.669288726245426
9822,8.979440912301929
9823,6.946521209326167
9824,2.9974877406474274
9825,9.504803636046963
9826,1.009515166133671
9827,9.30718781979501
9828,1.2752859272886345
9829,0.4366807165305773
9830,0.7327893489859938
9831,8.031944001682865
9832,8.77772490545078
9833,2.00775208501205
9834,3.308245709673266
9835,9.156556397921173
9836,6.25558702264786
9837,7.790547884569477
9838,8.766687017747111
9839,3.2416469784430944
9840,1.4953102480805096
9841,0.5057529237145426
9842,4.150439282774596
9843,3.9066920981914874
9844,2.1314241520518284
9845,0.1566398174185546
9846,8.23630656105588
9847,2.9658356968614337
9848,9.852099926734281
9849,3.4222502696050805
9850,5.816991744252723
9851,7.275015360831838
9852,4.189067547735906
9853,3.8627005817501696
9854,1.889385742774963
9855,7.579953826786662
9856,0.2005839388508889
9857,2.658412184423887
9858,1.0577986273030582
9859,5.326869848074249
9860,1.434097385967716
9861,6.522756758340528
9862,8.171406440459144
9863,3.717747807936883
9864,3.188914771572465
9865,8.27819979502516
9866,7.153005012519604
9867,5.869261235074429
9868,9.534393918128542
9869,4.3301431836160384
9870,7.995155830393393
9871,7.229568097540824
9872,8.433926544799812
9873,1.8921896247848407
9874,9.27975080417151
9875,2.7283721253047166
9876,0.10048155601901289
9877,2.1685155950382735
9878,2.739671690380968
9879,6.804875829403036
9880,7.023303440463528
9881,1.349436454794491
9882,8.294688198334155
9883,8.297572090094567
9884,1.7786125244025783
9885,8.437271401725964
9886,6.375108576103687
9887,6.791849389879129
9888,5.314008953514377
9889,1.549523108366045
9890,7.582191251320011
9891,6.193979029453456
9892,4.735911404162927
9893,1.5138342444000943
9894,9.217382722357998
9895,5.055576381457461
9896,4.665963825808976
9897,4.8773274651608185
9898,0.5424246224919386
9899,7.144364396888349
9900,0.2067091957748421
9901,5.301641842939353
9902,4.582189775555485
9903,6.597596139751074
9904,2.882744013467758
9905,5.537132432122508
9906,6.166426714522299
9907,1.005965487765715
9908,5.729197022809099
9909,4.506519677879953
9910,0.7561080630448781
9911,5.356235869107579
9912,5.332811921659173
9913,3.3959640862322638
9914,7.266114834919456
9915,7.024308607284372
9916,3.489302718453736
9917,1.5356445727284782
9918,1.559620596479839
9919,8.045731375600218
9920,4.299846725854343
9921,6.616333386844998
9922,5.998205435958527
9923,0.35555820040468056
9924,2.771657038851813
9925,3.4498745325396047
9926,6.0329717187562215
9927,3.515732217334806
9928,4.199257035121832
9929,8.783945999797405
9930,0.4148353915551458
9931,5.58358104292952
9932,4.4517000828922315
9933,5.006925720015747
9934,1.8767771004671523
9935,0.11580173634730023
9936,0.8171711902593279
9937,5.9932765763582765
9938,1.5654942778861631
9939,0.9394022030547174
9940,5.175386594804331
9941,5.369479579447586
9942,4.874507332584655
9943,6.972393651501819
9944,3.9884177685760243
9945,2.394939214143418
9946,3.9028814194871453
9947,1.4461341276778148
9948,6.155045024740061
9949,5.493446615749017
9950,2.4728795828917276
9951,4.739241182909327
9952,8.9745157296357
9953,9.615575114100379
9954,1.4625772339945042
9955,7.9905863993187625
9956,8.893646007885293
9957,9.205168108078952
9958,5.572041130287338
9959,2.839360335193797
9960,0.6105902996714923
9961,0.9123112925420884
9962,6.348276115673534
9963,6.715532084247786
9964,9.29992385284452
9965,9.08105375196007
9966,4.208876033669865
9967,3.171552129692546
9968,9.856406310629096
9969,5.701258025941852
9970,1.2751928152893777
9971,6.921871759021179
9972,6.71512981287143
9973,6.363378363414423
9974,3.992727023827635
9975,2.7574825964412075
9976,5.181478613583977
9977,9.22696663096065
9978,0.41731004314223896
9979,3.3102299517964187
9980,7.213552599266461
9981,5.533034090468867
9982,5.985439238448345
9983,8.597983416627747
9984,7.1989979825626245
9985,0.8848890361232248
9986,3.229840296843313
9987,4.074288475899063
9988,8.382895836244405
9989,9.153876189210495
9990,6.12161505558812
9991,4.022201328771222
9992,6.7947172435562395
9993,9.33569322316016
9994,0.5048247867817992
9995,1.0694055097066584
9996,5.077848898725427
9997,0.38390634601139184
9998,4.405537998689628
9999,6.006144121611924
10000,2.992673131668738
10001,2.916919205175432
10002,9.076844664585623
10003,0.5281782559463093
10004,1.25017239028451
10005,3.2120297018945645
10006,7.078419173633214
10007,5.23954852200082
10008,9.88366045733329
10009,3.3513030257395857
10010,4.179659838049673
10011,9.890775778514769
10012,8.26420201254161
10013,9.326993666048665
10014,9.324892040384483
10015,4.98508813470305
10016,3.3341646866267105
10017,9.97243679933114
10018,1.294837767495644
10019,8.864871531451143
10020,1.5520539523377628
10021,4.262515743139905
10022,7.995757317789304
10023,3.0202803319699543
10024,0.4782623240189976
10025,7.832650970036196
10026,0.10529456119597011
10027,6.3522529635082865
10028,3.9845308125020646
10029,9.638574942796064
10030,8.936359126079337
10031,4.248664384163503
10032,9.18700476796532
10033,7.617913317750666
10034,7.9497113599853195
10035,7.8825692824159965
10036,5.611749833160574
10037,1.964730094130301
10038,0.9857655683738588
10039,6.79159372395192
10040,1.8063740586774566
10041,5.466568409522633
10042,5.623093538573262
10043,9.582093199471284
10044,8.359592506333122
10045,2.7616009532859933
10046,4.339923927718132
10047,5.735340568338997
10048,2.47727008559877
10049,3.048010243665442
10050,1.447592270458404
10051,0.7337155493860321
10052,6.672683342183512
10053,9.545838046541007
10054,2.8033969395319414
10055,1.7873328713125631
10056,9.034664036403221
10057,8.34776008457048
10058,4.682078173682719
10059,0.6678890384052811
10060,9.414580228903791
10061,8.431344254113139
10062,1.5841272313369692
10063,2.8390981752520252
10064,2.178349029928156
10065,5.234295438697404
10066,3.298946938466583
10067,9.407345755704373
10068,9.104065866258798
10069,5.332199628660572
10070,5.3018407000488095
10071,6.393094974533735
10072,8.233039009949469
10073,0.8300403458967814
10074,8.161208941031754
10075,9.9363758817794
10076,2.5943733335324
10077,6.53812936191706
10078,8.502582964136133
10079,5.014422186709468
10080,6.599187849965972
10081,3.19597276303646
10082,0.5565977400613966
10083,9.827306533750964
10084,9.515990865780404
10085,1.888862076942191
10086,8.069569521837092
10087,7.957312415735966
10088,7.023251009044702
10089,8.017747394191352
10090,3.2351416009981455
10091,8.99907347116207
10092,5.018118479187514
10093,2.77969836193242
10094,1.645847603159872
10095,7.979782564472474
10096,5.033755752642776
10097,5.353676704240366
10098,7.415494770413901
10099,8.16421779075751
10100,6.095061986458307
10101,1.431693063406692
10102,5.335902748789151
10103,7.144641523879437
10104,2.3953552963408966
10105,5.750494425656058
10106,9.645426472762423
10107,1.1355513888340898
10108,4.397015380793543
10109,7.4247973791094495
10110,3.089527086964353
10111,6.5433456200484414
10112,9.480643062761528
10113,3.860235735243658
10114,4.2604380141279465
10115,2.0816531531786375
10116,2.7006666854650745
10117,8.696716431296993
10118,7.307304914963242
10119,6.867744310778498
10120,9.959885912670087
10121,2.879179782990512
10122,1.6298970706334104
10123,3.2368848802287884
10124,0.5468474750146657
10125,8.366440632029331
10126,3.1911247070263244
10127,7.503084426199898
10128,5.015060981490463
10129,7.989532795067609
10130,4.868459652477009
10131,2.41144216580723
10132,6.357382080711287
10133,2.3785168348964643
10134,9.427048150067337
10135,4.099870072441984
10136,2.7758779198254047
10137,6.87880010122895
10138,6.573580139427955
10139,7.905282711560474
10140,5.195786869363761
10141,6.60696006476002
10142,2.3138200229134362
10143,1.7273245125702852
10144,2.4614007843649874
10145,1.7863995490287203
10146,5.476793392440324
10147,9.420660959128917
10148,4.082141622051052
10149,8.604809671372324
10150,8.908505129267692
10151,1.6478684549437679
10152,2.1307367197582883
10153,2.291505131818489
10154,9.087569666955162
10155,6.927950309885021
10156,0.2883004178476198
10157,8.312170196972929
10158,4.996833640311864
10159,9.79883800170196
10160,9.227943873286083
10161,5.407580875952886
10162,5.757635738232945
10163,7.738643266710927
10164,1.2214330066849357
10165,9.120329243311632
10166,5.169328178461034
10167,6.2251212784428525
10168,0.18989661533875246
10169,3.0116805734488334
10170,2.606499406610997
10171,5.974978460372058
10172,6.498447537353108
10173,3.7725082011211586
10174,8.191647945503217
10175,1.2681977568315213
10176,1.2938229504257202
10177,1.8023264237617898
10178,0.9116505623342424
10179,6.4877868249480235
10180,7.55419631430109
10181,2.0293817669809036
10182,6.1971189604168595
10183,6.217181059052242
10184,6.72964059706903
10185,4.622509272645509
10186,7.481035046817732
10187,9.299941501034487
10188,7.921684331181154
10189,8.817939439207555
10190,6.92093583117606
10191,5.434216926069834
10192,6.786810248667755
10193,4.2483407245907845
10194,6.324919107272375
10195,5.0897283202416
10196,0.479338075880704
10197,6.583608647829302
10198,0.43123212900270336
10199,3.873873242548215
10200,6.657758027370276
10201,5.315354073610903
10202,5.864194255463331
10203,3.647508879235602
10204,1.0829592213920265
10205,0.23001133684454358
10206,9.570245047884825
10207,5.454550700533879
10208,9.115589123010787
10209,7.047275680618507
10210,2.923780003457606
10211,9.124574524916689
10212,8.913917913455807
10213,2.403795355062492
10214,1.8786564635910163
10215,1.4783933280075787
10216,2.743152707395523
10217,0.8996813227649062
10218,6.424624337390741
10219,2.4427064741940776
10220,1.6635190175162866
10221,0.28287369213443825
10222,9.249000385919041
10223,3.531434916600461
10224,9.4747731360086
10225,1.2708003877488399
10226,8.996837899327083
10227,5.549160925749101
10228,0.7047478573286483
10229,3.4800239794718824
10230,1.2237214834093575
10231,1.9821997857770874
10232,9.127106761672295
10233,4.6879833493550205
10234,9.503304849525612
10235,7.399037449270701
10236,8.152196065930056
10237,3.557162249524739
10238,2.606344273467953
10239,1.7358637655697975
10240,6.877028328603614
10241,1.9731865341684076
10242,7.119377687636029
10243,1.3814157342276994
10244,0.6705597643582973
10245,6.23987916497332
10246,9.855680572140663
10247,9.893631648182508
10248,4.051938318342506
10249,8.122921212892356
10250,2.6458721501361415
10251,1.4119566550628453
10252,5.769436443338402
10253,4.769390956319301
10254,3.146932598858025
10255,7.408919994418656
10256,6.996642704542611
10257,7.498261208644505
10258,7.498949523973574
10259,7.118318989389654
10260,7.505062244661813
10261,9.105255796496449
10262,6.020613327487736
10263,9.190220127822787
10264,1.0782962629968995
10265,4.577388565527714
10266,4.237058012306502
10267,6.5033430948380575
10268,1.5055035161463683
10269,4.492552767719945
10270,4.604385568712326
10271,8.365176380295793
10272,4.39457474831468
10273,0.67119294797579
10274,4.108042144786699
10275,3.081827977550136
10276,2.6485913161216272
10277,7.561719830864931
10278,7.664765510030106
10279,7.412908042438039
10280,6.510928476167338
10281,3.3188662870477352
10282,4.3673296275904345
10283,2.933052770330784
10284,0.9739520696962871
10285,3.6611945589898434
10286,6.255550848499381
10287,6.118613986421674
10288,2.6712398267856545
10289,7.2837279846068546
10290,4.462723940833786
10291,5.07502579467416
10292,3.6527376017308133
10293,2.311464979836221
10294,2.393183360307567
10295,2.7327326188637846
10296,5.056912696319621
10297,2.227259701520241
10298,4.880980009654034
10299,3.8194383620460473
10300,7.35522213004238
10301,6.282489734486673
10302,8.876888188434974
10303,3.491043375477199
10304,5.706304605616347
10305,3.077394283902238
10306,5.022516512427243
10307,4.159899236768274
10308,7.841997478307117
10309,9.867176647366295
10310,2.9423713816633557
10311,9.125700682785169
10312,6.961396003155782
10313,0.11609687288487182
10314,4.098177766098634
10315,9.334005170546012
10316,9.524802237966373
10317,7.711072839764723
10318,1.9414226189233241
10319,3.192063857128763
10320,7.464155086437163
10321,5.536297403785483
10322,3.8326819545293365
10323,5.953807239704214
10324,9.514815725287088
10325,8.470497181236025
10326,5.872281447920146
10327,9.0724750713419
10328,4.817794603922994
10329,9.712526734423033
10330,7.421971190238032
10331,2.4696056303161305
10332,0.29494481018333174
10333,7.197607834415134
10334,3.9154223046848697
10335,4.869531779401255
10336,9.137633639994558
10337,9.715942079183105
10338,2.202655429900644
10339,6.870381393286184
10340,2.4472211529972387
10341,8.03983115184431
10342,5.211649976636789
10343,4.570369220828147
10344,1.26566782314197
10345,0.9594387617709367
10346,0.5019421585734034
10347,8.95683826441135
10348,9.249917951168364
10349,0.6319135251484507
10350,3.495031802881414
10351,2.8357506134859927
10352,7.215075292059119
10353,5.410547381667667
10354,5.353789056035096
10355,7.061853297226822
10356,8.443448909271645
10357,6.943860070099695
10358,4.41798064731541
10359,5.956905244845206
10360,0.5226151804431958
10361,4.041296449903713
10362,5.851535259351938
10363,8.002115961615845
10364,1.6083178878331517
10365,3.3738701541509566
10366,8.609718372161987
10367,3.425110842765916
10368,8.619929117452147
10369,7.5891944380786835
10370,9.753344658953637
10371,8.80382718799991
10372,7.921440488333667
10373,4.434189108504774
10374,9.988954455338982
10375,3.0913452145077094
10376,3.1028101590597776
10377,9.668418555234238
10378,8.169560677914069
10379,4.3243664298806
10380,5.81044574045673
10381,1.0449444214112595
10382,2.105698479903997
10383,8.822273643998688
10384,6.070790393714171
10385,3.828321715954244
10386,9.795351279683343
10387,0.9681831023348312
10388,8.06828795331104
10389,9.855905987934863
10390,0.9069431762946614
10391,5.891160662737343
10392,0.6083080514588712
10393,8.994335816037395
10394,5.8771923804120805
10395,7.8026704358038375
10396,4.709602299274954
10397,6.286669724781329
10398,3.2307899571681205
10399,7.752533344769803
10400,9.881547943747584
10401,6.409595890816199
10402,8.274962177520596
10403,7.578915345219397
10404,7.638636016495263
10405,6.8097982500092495
10406,0.1574006066464715
10407,4.782014423310729
10408,9.716360501005918
10409,1.8515901383654323
10410,3.4075315942302136
10411,8.308135677507217
10412,7.749502550301951
10413,8.451537089048317
10414,6.654819403290641
10415,7.755281189374337
10416,8.721855335764554
10417,0.9880505022369064
10418,4.3029694713014095
10419,4.9431212362647345
10420,0.24043326879720514
10421,0.798326025223919
10422,5.317634319458955
10423,8.538279321965778
10424,3.6011383291120223
10425,4.5242844516458876
10426,8.879398790080277
10427,7.832352473468827
10428,7.547670046038058
10429,5.07074574322585
10430,6.133090059554878
10431,6.782507988591843
10432,8.344362129395392
10433,3.5180804586237713
10434,8.308354024046816
10435,7.609019370642735
10436,5.411362616460576
10437,5.4954813436972945
10438,8.497419593024519
10439,9.29156511052399
10440,7.989695636387794
10441,3.4850592944835466
10442,9.39831830174459
10443,0.15880457442474144
10444,3.226114741893229
10445,5.966150397270243
10446,5.676045169445315
10447,6.055453982322448
10448,6.862914629860315
10449,1.4157940251303593
10450,9.987693423840689
10451,0.25851594127610555
10452,2.918324538698936
10453,6.864732687879833
10454,0.7095954850811705
10455,5.538732619277745
10456,3.3722670176309477
10457,5.860233566160002
10458,9.810584739267926
10459,6.481240075316943
10460,6.275996817540081
10461,4.342797210493203
10462,6.8924057503339045
10463,6.602686325447296
10464,4.7112189338882855
10465,8.942166271599895
10466,0.8148582106992771
10467,8.124025412439757
10468,0.914719899962143
10469,1.8267116501597378
10470,8.847688800892254
10471,5.247457773850321
10472,1.4829361004394699
10473,7.38274179320449
10474,1.0059219864044633
10475,5.545287384280531
10476,6.6816965388751255
10477,9.468794043116262
10478,4.537328676491069
10479,3.9346629564060227
10480,8.277215905821798
10481,5.0311894654653
10482,9.423412719931756
10483,2.7917385238538737
10484,4.653974559319763
10485,4.71235713139091
10486,3.3108408507317475
10487,6.438619415609765
10488,1.3120126109587003
10489,1.5266441731131564
10490,1.7543599579781342
10491,4.851961794126321
10492,2.5257370561905965
10493,5.31580397279998
10494,7.279460669910303
10495,8.265134719245282
10496,3.8947774563328883
10497,9.539090330831563
10498,6.72482686461373
10499,8.94503092556432
10500,5.755222390678536
10501,8.248439257889448
10502,2.0642698035711207
10503,9.415145310821904
10504,4.839635534647983
10505,6.891223342867611
10506,1.8786774524668979
10507,5.853759731380337
10508,3.1453333992880963
10509,0.13571563965183236
10510,8.404861476460676
10511,2.082555549038646
10512,6.956179742788491
10513,3.371729397171671
10514,0.5786035220150336
10515,9.077437456833037
10516,4.511231248680137
10517,4.832464136602574
10518,9.717218349513814
10519,0.39611380671304686
10520,1.988404507155748
10521,4.1357665753799235
10522,9.768621403911382
10523,5.887169048976171
10524,8.145608742316979
10525,0.32633668300380436
10526,3.9536284020494965
10527,8.102499790882383
10528,6.552144109920919
10529,7.518779530873814
10530,3.567680877768527
10531,6.547783398413449
10532,3.3484530558869707
10533,2.9733350093776667
10534,9.6371862757265
10535,1.3464656539481312
10536,3.4481334666493755
10537,1.0139626540824949
10538,9.602849167075895
10539,2.837170216509048
10540,4.255298553894426
10541,0.8224337615577989
10542,2.956814140554049
10543,7.629746164313598
10544,1.4806521057152586
10545,6.244076868074443
10546,4.351753647357224
10547,7.684921746639669
10548,2.279543938132415
10549,0.38056662018562415
10550,0.315444156478327
10551,0.3347982511402271
10552,4.79447731838073
10553,1.7138371060297248
10554,3.185498748550506
10555,8.327336082182061
10556,9.410026071287259
10557,9.414006759398415
10558,0.9702383818989864
10559,3.1128227175612926
10560,9.218011430091513
10561,3.689677363335621
10562,5.36653235189763
10563,2.5709133199823446
10564,9.272767793095444
10565,6.599205269209538
10566,2.9857226844368654
10567,9.62527081374301
10568,8.692627266200496
10569,0.13591733525612737
10570,4.886484546352534
10571,9.163974501045997
10572,1.5273991332560706
10573,6.610401904573813
10574,1.949825168136851
10575,1.19921176344438
10576,3.593470305870695
10577,3.9628277885844065
10578,9.195240418328074
10579,0.8399234547148775
10580,0.30872175282959785
10581,4.456252487382826
10582,6.100685481944886
10583,6.812366510722527
10584,5.783655095276178
10585,5.850174815988509
10586,1.5988998183376661
10587,0.28724858870173825
10588,9.596129778292756
10589,1.6145377680685031
10590,8.063437318200538
10591,4.313308172308577
10592,2.908320809828427
10593,9.28748574748889
10594,1.1344661684089004
10595,0.7198198922752465
10596,5.176377436367515
10597,8.869890656784774
10598,2.7642363935110246
10599,8.06886861107092
10600,8.917515339656708
10601,6.807229958880745
10602,4.784616122590176
10603,6.287263854504893
10604,4.343902706735544
10605,0.6539076681037814
10606,1.9826579274110119
10607,0.637850972617579
10608,9.917422593602984
10609,3.489801628356272
10610,5.90420152427354
10611,3.7569039696710793
10612,0.6299260780070307
10613,6.0920847809631775
10614,3.1240035052815753
10615,7.509714935091692
10616,0.48270900354432134
10617,1.550380573734178
10618,1.70014904562366
10619,4.335408929999142
10620,0.11424536405854921
10621,0.8683086329563494
10622,7.23595918830896
10623,6.98501589824651
10624,4.0688733753804245
10625,1.9933485631902117
10626,8.26183764905178
10627,7.244491011707928
10628,3.954633824471196
10629,1.7072020000679995
10630,0.5240336334863217
10631,6.873456026925223
10632,1.225063577921217
10633,3.8045189384136853
10634,7.020475948032407
10635,0.569327692466056
10636,0.70512647684714
10637,4.312851030639985
10638,6.016946879482098
10639,6.78056123785989
10640,7.083191428491306
10641,2.163282143740778
10642,4.09464902961689
10643,3.2566735709081858
10644,7.807904897720042
10645,3.2090550332606913
10646,7.219550774890325
10647,5.0980218340416625
10648,3.826581017952204
10649,6.4748573046100315
10650,3.5686803839292107
10651,1.3030747235198443
10652,8.83772517900864
10653,4.552891869678779
10654,0.6619853141525162
10655,8.815993616214447
10656,1.4473525637552704
10657,8.5450109633364
10658,6.803845357444578
10659,4.63801236495695
10660,3.8527579814268957
10661,8.509824873407071
10662,6.555006519983215
10663,9.961751824197357
10664,1.7557866792113026
10665,2.2566417685601263
10666,3.7963563193926553
10667,9.592369114224878
10668,4.932053787302731
10669,6.040717608963983
10670,4.052654183018543
10671,8.372245710631123
10672,1.8091376159611032
10673,4.603705440385281
10674,6.050872917543659
10675,4.208225497849027
10676,2.1520530991562863
10677,5.753769071352027
10678,5.539523161052809
10679,4.661017960835884
10680,5.1453069525471316
10681,2.1243209915123207
10682,0.8379218688328758
10683,9.602959489347063
10684,1.9839428593285282
10685,2.2050662699681594
10686,6.757146185520484
10687,8.392371433351641
10688,7.820122641525671
10689,8.095886894175603
10690,4.5071782753303316
10691,3.897315071900632
10692,5.436354887642325
10693,4.846954298049979
10694,8.157307873297084
10695,2.8722731168219684
10696,6.372563724319704
10697,2.3373359862335743
10698,8.36700738260824
10699,2.1636116316371106
10700,7.7106476937699115
10701,3.071248922204607
10702,6.077814248456616
10703,7.353755632247441
10704,8.463491969976413
10705,8.745521653097
10706,5.959259620541797
10707,2.592825279052807
10708,8.631064033726476
10709,4.58019345072477
10710,0.836839194570757
10711,0.7399157543866446
10712,5.861092269590765
10713,0.24576316192971065
10714,1.3970125931457957
10715,8.507747675185612
10716,4.208559843031033
10717,8.672799739058927
10718,5.781438775545052
10719,2.8635152598531666
10720,1.8116996091911246
10721,0.15227371790189417
10722,6.978369455252873
10723,5.296985951727528
10724,5.051515351841219
10725,3.8023509836213707
10726,4.113785214969423
10727,0.6003897340281439
10728,3.806776589274876
10729,2.5791634836075104
10730,8.30612500510048
10731,7.2366772363569805
10732,2.690649752277992
10733,6.952723485281136
10734,4.897893737071168
10735,0.8993566425110338
10736,2.0418274613141416
10737,0.3322478500984192
10738,5.226530178636208
10739,9.117897375870847
10740,9.951496550466736
10741,3.8028209183588064
10742,6.503857789337269
10743,0.3039266073718243
10744,8.29481712766953
10745,0.563729432135915
10746,7.715405208444718
10747,7.8317510619419215
10748,7.028175198896352
10749,7.722716703387524
10750,5.2348885965989735
10751,3.1125118239877967
10752,1.5135491222200161
10753,4.646580131779856
10754,0.22743241545956105
10755,7.217417176517637
10756,3.51048208018076
10757,5.450602559566163
10758,1.4159320988894866
10759,3.1060822598294613
10760,3.401537963894537
10761,1.2313353446059638
10762,1.9277736480987013
10763,8.777858752614389
10764,6.852863904624176
10765,9.681238153976095
10766,1.7723687890304471
10767,9.1755638466746
10768,4.1432182384623895
10769,8.265716515805092
10770,7.702694291638517
10771,7.1709753254553075
10772,3.8336077456674067
10773,2.1013698806899375
10774,0.7399421477623077
10775,6.899444174492546
10776,8.76246650614834
10777,7.379357826625747
10778,7.227669390952921
10779,6.126848885385501
10780,1.363981144388866
10781,3.749816679143861
10782,0.6440976831063686
10783,1.4919467742402446
10784,9.081991972411748
10785,4.589533501600208
10786,2.0725112626664695
10787,4.596443725749681
10788,7.664757373974106
10789,5.0529232578707575
10790,5.168369863647414
10791,6.021727112605656
10792,6.005471805391635
10793,0.8983286529808865
10794,6.9596941591582295
10795,1.8304223657012553
10796,0.22868493143858387
10797,2.776329262898524
10798,2.63306356045894
10799,0.5701874216951642
10800,1.7917308517049124
10801,3.1617126139014022
10802,4.253024944265452
10803,1.5180518654090287
10804,1.3509403550362638
10805,6.227342832861865
10806,5.713853250650161
10807,5.765719113933084
10808,4.307633615705578
10809,3.439993728759796
10810,8.323416763320505
10811,8.525378648007301
10812,8.949687174170359
10813,5.2219519169184405
10814,4.301786430569549
10815,1.6204200180731625
10816,1.1291424077992254
10817,1.3284973303834229
10818,4.851306734450832
10819,2.4499188537719667
10820,1.5063395108361586
10821,7.599126238012282
10822,0.7679088816651821
10823,4.9136527559185925
10824,1.6558079027539092
10825,1.6701520503018934
10826,3.5270131516481853
10827,5.427630515879081
10828,4.989630149017083
10829,2.536423284079118
10830,6.024819875264686
10831,6.103942510516472
10832,2.096679987607028
10833,1.6699646096235212
10834,2.7805759145186855
10835,8.585492196067074
10836,0.8237363562041471
10837,1.3271373672827969
10838,3.785420292184263
10839,3.1767102523112922
10840,1.4938474874629342
10841,9.981328838320099
10842,0.6292556562480135
10843,2.9823926472211206
10844,9.360303380819673
10845,6.630788007466338
10846,5.574794691093327
10847,2.942891813755868
10848,4.948106438894373
10849,3.1805578201646587
10850,7.586350968991
10851,9.191153924561641
10852,4.473655411106781
10853,9.662457609076
10854,8.148675433613096
10855,3.9273436431755466
10856,9.100991774116862
10857,4.833095457237214
10858,9.364612323197742
10859,9.766804250329404
10860,8.220246711437534
10861,6.5565959352945615
10862,4.896269086346558
10863,2.8653417068543034
10864,9.808329386557501
10865,7.1935167159668
10866,2.742672871917428
10867,0.7071716557878641
10868,5.291959692949666
10869,2.8277995837743783
10870,8.893331494655852
10871,1.1597858101306326
10872,9.83577856477435
10873,1.0729293069051964
10874,4.8190885325939306
10875,1.6438413774919651
10876,4.837400169642177
10877,9.816557799330175
10878,2.750439356499306
10879,5.12099529950238
10880,3.6950487959901093
10881,7.456355608699046
10882,1.854359715839763
10883,6.703241629520427
10884,6.6711088078841545
10885,7.1532904263983665
10886,0.6229460958626972
10887,5.224010686626599
10888,0.4806645608296234
10889,3.5277767301015075
10890,7.016925775416102
10891,6.890983513533758
10892,0.20725611526863916
10893,2.4777470615264527
10894,9.52972192054978
10895,9.150501470445272
10896,4.3732955018319135
10897,2.531793721330564
10898,9.39142000788518
10899,7.6160424625960665
10900,7.105930298609502
10901,3.6326818623614816
10902,2.8412135882829084
10903,5.444306975359008
10904,8.580153017002612
10905,3.2567572890156806
10906,9.605966122413644
10907,8.83018881676795
10908,3.27254704402982
10909,2.2411667371615676
10910,1.5065291040539788
10911,0.8316854697785493
10912,0.8608664135565884
10913,3.270449169215326
10914,8.923996442418812
10915,4.544763884167651
10916,5.421926608467807
10917,2.4433410954977943
10918,4.437870281987254
10919,1.118620729736622
10920,6.951011417581895
10921,9.35717872930442
10922,1.9386267959575578
10923,1.3014962186751589
10924,5.546363385819799
10925,6.727700797824368
10926,3.6673044975401132
10927,6.484357401193525
10928,6.9251347538618635
10929,6.38320252903655
10930,1.3667848782853835
10931,2.265842778543231
10932,7.754242235510706
10933,8.973451739494992
10934,5.205615427065118
10935,5.555315432665896
10936,1.8062867604279502
10937,2.6616639870636742
10938,3.782979040493691
10939,7.158746808586377
10940,0.32308413959150584
10941,3.894558669476345
10942,9.155417836751292
10943,1.1643267070535581
10944,2.8338508261963393
10945,1.2249084444567864
10946,0.5535503888866147
10947,2.046615486672843
10948,4.934310608908009
10949,0.27455491409095967
10950,2.614080751271123
10951,3.3563573667622233
10952,1.9943177485504986
10953,9.585386120122296
10954,4.302809103311031
10955,6.138770487969772
10956,4.099498693854822
10957,1.0689092637970223
10958,3.8154570438252082
10959,1.5165446317060551
10960,5.49609430134329
10961,0.793421841529876
10962,3.728647321511463
10963,2.4750652600572915
10964,9.595885622144456
10965,9.530337529608033
10966,8.805260991901482
10967,6.017275017408912
10968,7.867953188798459
10969,6.1653432462699405
10970,4.062810985572367
10971,4.524686415566297
10972,1.482239340337138
10973,2.932239536323649
10974,0.639473605580815
10975,4.528957567291608
10976,1.1727174742722841
10977,8.68426387974354
10978,5.466273666968857
10979,6.979714234859203
10980,8.640232040615405
10981,2.8396073962128083
10982,0.9156299055378454
10983,4.309492114844892
10984,6.031154383578787
10985,5.43773948792827
10986,3.743288614205791
10987,9.82033603765691
10988,9.292448144302387
10989,0.2562681412093279
10990,3.2994260320313726
10991,6.405126886830042
10992,5.740330281720954
10993,0.7950733039089959
10994,1.2037259834662528
10995,0.6051545293980235
10996,7.155577057601065
10997,1.4515914005584842
10998,7.604200663132529
10999,3.70533247199097
11000,1.1063883653873026
11001,4.234470728092477
11002,0.14301276688137363
11003,8.880463341229953
11004,6.242431536430674
11005,2.07324512354663
11006,5.2260112763141855
11007,2.6000805914342875
11008,6.167891721274362
11009,5.497425824641668
11010,3.9798965925071155
11011,0.5992578150296597
11012,7.574416548659298
11013,0.9839093169126578
11014,9.060482688941232
11015,8.674819627804702
11016,1.19001165133013
11017,6.894044352763865
11018,3.0420046393953926
11019,0.14054961148282613
11020,1.1440277081786074
11021,2.649979973545479
11022,7.495002953662827
11023,9.54663347686343
11024,4.247815405788908
11025,6.313070965371463
11026,5.723483695007227
11027,2.7808666701856537
11028,4.222957384942194
11029,0.825529943039898
11030,6.3338365198111894
11031,8.51571932132512
11032,8.291807120161486
11033,4.858169858234458
11034,6.4010054605477285
11035,1.2568320360638525
11036,0.17123450351023284
11037,1.9572932297058983
11038,5.844037645138513
11039,5.082456815321657
11040,1.3783958878512086
11041,4.63718623915585
11042,9.462955421460398
11043,5.87589889438639
11044,8.348082368552998
11045,1.0028418946403779
11046,3.0105915109044092
11047,1.9079584529611804
11048,7.907154023572792
11049,1.5456742046009175
11050,6.5923037817543
11051,5.739615801765246
11052,7.247841359884189
11053,7.759207475492115
11054,6.355839465946789
11055,2.626307122800499
11056,6.197178833022984
11057,3.8848198612376397
11058,3.9416708557531797
11059,9.27109032038321
11060,3.134566232898729
11061,0.8108838420670091
11062,4.312660093061649
11063,6.07383181787927
11064,8.573510555837283
11065,2.5551930883749856
11066,3.2538584423750465
11067,2.469358548209679
11068,4.334251790108808
11069,7.304879031515202
11070,2.7607985314219676
11071,9.498003514331833
11072,0.9143996030468404
11073,1.6840858772662621
11074,6.110413685271157
11075,1.1401218345192137
11076,7.96882987068657
11077,9.666594641241572
11078,5.039244075242671
11079,2.41921226637028
11080,7.406982973680375
11081,4.7212158477557615
11082,8.242256823159888
11083,9.45464038966598
11084,9.886365136788433
11085,4.243315876853667
11086,8.783440958947073
11087,8.223740872584173
11088,1.4709203845031367
11089,2.5554506376814015
11090,7.6722434411994325
11091,8.755057980994733
11092,5.591076376229487
11093,5.001425662860137
11094,5.799887982932734
11095,0.399920121010401
11096,1.6208262818248917
11097,5.2332349104484335
11098,5.952155763288956
11099,3.9219740165859367
11100,9.364187336891383
11101,6.36218967805779
11102,6.6102526090068086
11103,1.1969051436228157
11104,8.658797153685322
11105,8.554964561963883
11106,9.796213843953108
11107,2.8311499423604873
11108,9.683584128297577
11109,8.44894305693816
11110,3.493810623247843
11111,2.2037023846573023
11112,0.2625198515079359
11113,0.8251418622963679
11114,1.9898443119583469
11115,6.722887105596529
11116,2.6910521286050297
11117,1.7623484281764457
11118,3.8063462293887422
11119,0.7387633148985506
11120,7.140310481435425
11121,7.505499292264809
11122,8.01823233641227
11123,8.096000603843358
11124,5.177134419574045
11125,9.167421503067269
11126,8.164726520096698
11127,9.51322476125306
11128,7.321504623138461
11129,4.517500018310352
11130,8.950828693342112
11131,9.687406117900014
11132,1.023038873366287
11133,0.8111566075162326
11134,9.146884126837875
11135,3.369904550566572
11136,0.7176619433402208
11137,7.36140888851326
11138,6.1356842157488165
11139,4.060622555638247
11140,2.3065376129919546
11141,9.717127116097517
11142,9.791531099287761
11143,1.2856417044879918
11144,3.5548085660401707
11145,4.972864434274971
11146,5.863623231233691
11147,0.743811530390131
11148,9.931187962280813
11149,9.430647764349914
11150,1.1093109363821012
11151,0.6571539297294703
11152,6.936644154607864
11153,5.633377371274617
11154,1.2307999637545928
11155,0.9747162852437207
11156,2.981335504534962
11157,0.7997180779910894
11158,5.219758269395429
11159,9.381117423280008
11160,3.307023219812748
11161,7.954386821612754
11162,6.860308592001944
11163,6.785574850998899
11164,0.4111178604197757
11165,7.820945964006479
11166,3.410299097687068
11167,0.22931831178120843
11168,1.2208360838881136
11169,4.3979642427165375
11170,1.8968080098861406
11171,0.19096652572295597
11172,0.2421457407969096
11173,9.746961691146117
11174,1.79126596748334
11175,3.4990767568053514
11176,1.234549247838124
11177,9.336497344264705
11178,2.410698015837846
11179,4.806273420677552
11180,3.8144633238739196
11181,8.253491103458938
11182,2.491932747282704
11183,7.6359761464685425
11184,7.576242168979614
11185,7.1784835381467955
11186,7.75946372260187
11187,8.671678320125366
11188,8.532094944635281
11189,7.566073729399014
11190,8.287385645019128
11191,2.168405788041908
11192,9.232652579688008
11193,8.177472029382878
11194,6.029269874302138
11195,0.9272763049552646
11196,0.33399538108565285
11197,5.198479607040339
11198,0.6269891441051838
11199,3.870398917356649
11200,3.117121297759508
11201,0.7600262944848041
11202,6.642149126936504
11203,3.717984142429622
11204,8.89102835164973
11205,6.225081126771905
11206,5.576074556972701
11207,8.434943469041242
11208,5.221288924699424
11209,6.306778270652328
11210,3.5055208002020577
11211,3.0088858584362668
11212,5.352591173811769
11213,9.05623011071979
11214,4.5303060201630485
11215,7.39725876562391
11216,0.8042323517404255
11217,6.194397207205336
11218,3.6907949464684027
11219,2.703572660374565
11220,2.164306496268341
11221,6.337377356678699
11222,8.762866818281502
11223,0.6097836050106973
11224,4.592234616226118
11225,9.811131881450466
11226,2.695063753550845
11227,3.643743433101691
11228,4.367875350291367
11229,3.0075090954279293
11230,6.129567969101084
11231,5.074509729795764
11232,4.719999189435436
11233,5.8135976348478415
11234,5.062934747053057
11235,6.655782480955373
11236,4.351761378331904
11237,2.453049795903259
11238,1.4810910770342283
11239,2.3054716992889026
11240,4.935543222427392
11241,8.671357715381834
11242,8.159328586240052
11243,9.709675550381032
11244,1.9255547035681042
11245,4.591913732056385
11246,5.787491419424719
11247,5.738883767722059
11248,7.3525567041405155
11249,4.360926637834581
11250,1.7838937395588017
11251,9.003819340952653
11252,9.970346154582817
11253,9.681859396187567
11254,5.3009901884322606
11255,2.0155947939559753
11256,1.3738464162330448
11257,4.899588709784707
11258,7.718758151024627
11259,0.8770703581784172
11260,5.661024968322993
11261,0.7802682230336283
11262,8.15544949776995
11263,2.6137691372275804
11264,7.965087671427033
11265,5.240568421154445
11266,3.0627070186602037
11267,1.5538715525731426
11268,0.41765327342950676
11269,4.718121828082874
11270,0.6851260112440024
11271,4.424592527324275
11272,1.9662550928163045
11273,2.4842128723325265
11274,7.160851514494657
11275,7.5977056120557105
11276,9.229570176698065
11277,6.838037084981264
11278,7.654519617080753
11279,4.600578696987076
11280,0.1273214966709447
11281,4.44685660458785
11282,5.8249650174503484
11283,1.392672913926629
11284,3.3299930985501875
11285,8.9003897662387
11286,7.593420819872302
11287,9.60443161027362
11288,8.608321497378085
11289,0.3968707689587505
11290,5.838913570917836
11291,8.395715941052897
11292,2.279601111291487
11293,3.2729598272671394
11294,3.7950805626752135
11295,0.6683457738738723
11296,7.471306382538631
11297,8.66601681193713
11298,2.9143955499519882
11299,0.803494114235391
11300,5.485294969759141
11301,6.218866810379033
11302,0.3592160000469429
11303,5.774576561370653
11304,5.7012317646723005
11305,3.5156929730822775
11306,8.205047248961224
11307,0.22546348174778597
11308,9.751906883329333
11309,2.0775434777018704
11310,8.463253582372042
11311,8.831957569944253
11312,3.5826196975159035
11313,8.299248277562965
11314,6.367964340159626
11315,8.618996885666382
11316,2.5902128057201437
11317,5.098563969451345
11318,0.6411758114543643
11319,9.825034129398073
11320,3.132205972695526
11321,9.692352554302717
11322,0.9504036504128356
11323,9.03559876159886
11324,2.706811430002127
11325,4.410783451955604
11326,2.2815872487759807
11327,9.639928089576456
11328,3.6264071479507347
11329,4.365513516796825
11330,2.3384130433937598
11331,8.970316383622741
11332,9.561128269153436
11333,4.561104881926112
11334,7.7399439358559095
11335,8.81093470612356
11336,3.0963842800083454
11337,3.2424112130705276
11338,0.6607037657440987
11339,7.296856262336021
11340,8.195828016318297
11341,5.634664945784781
11342,9.559444642228879
11343,8.057246293902296
11344,9.23290327918195
11345,6.4920083594588185
11346,3.9003913957887417
11347,1.088261569745777
11348,9.163062751366619
11349,7.961786189218966
11350,2.482768492231219
11351,3.165654229668511
11352,6.253298986894062
11353,7.391067554930935
11354,2.860053670026644
11355,7.326181541007683
11356,5.079585425764857
11357,2.301313986584356
11358,8.274535006246992
11359,9.032063220686616
11360,1.3175592732210795
11361,9.277486726682977
11362,6.698593316413947
11363,0.45946212446213985
11364,7.5302318193473
11365,9.43913242304221
11366,3.183980779517321
11367,5.9533789706818645
11368,7.213703946557691
11369,1.9276516439328575
11370,6.356577556091695
11371,9.275513967833653
11372,9.927188131046853
11373,1.0437540403981906
11374,5.871537819777981
11375,6.945594621110054
11376,7.018264139108368
11377,5.500777647028192
11378,1.8675096021317574
11379,9.481588021862057
11380,0.5866881422568916
11381,8.533526369952988
11382,1.853540218839177
11383,4.957232329054373
11384,0.8986946270289865
11385,0.9577729941412108
11386,1.6469293372719138
11387,7.391537007361046
11388,1.2380010673766237
11389,7.7991005300118355
11390,1.956418259284348
11391,1.8180319890178422
11392,2.0720562585473146
11393,5.427651250537189
11394,0.4414940955367346
11395,2.626285957592433
11396,5.672997555366912
11397,5.033971385785323
11398,4.5419486260004005
11399,4.284914785432322
11400,4.868673415915094
11401,5.941900411392505
11402,2.055002145844898
11403,7.1070804016414355
11404,5.5549715062896015
11405,6.031922167605023
11406,2.0114626150341377
11407,6.177910937298103
11408,1.9718053224894352
11409,6.892826996788299
11410,1.5014159137790168
11411,7.995522201195973
11412,6.138297561523898
11413,6.059412742452534
11414,4.788302592726866
11415,3.528619402059127
11416,4.8976170953927936
11417,3.5205122776319313
11418,9.514392897790033
11419,7.754690976231981
11420,8.415810615117795
11421,2.873278091737504
11422,6.714281312259875
11423,9.735653368579639
11424,7.233056911740481
11425,9.000777185583754
11426,2.1598011622437436
11427,7.979350823371719
11428,9.116718923119612
11429,3.751593845586981
11430,8.471444829385156
11431,0.710767362421125
11432,6.060104780337849
11433,7.568643735769398
11434,5.809922162487256
11435,5.216564048006929
11436,9.613037842369225
11437,1.3247540423702027
11438,4.3627204686030066
11439,1.9308110070052182
11440,8.35180122518689
11441,0.6411414824734664
11442,8.365215314570221
11443,4.024497425877896
11444,2.769884470499952
11445,3.5584632934825375
11446,2.780728397844205
11447,7.694275401455054
11448,4.680449471785505
11449,6.382458520635986
11450,6.8210773581787425
11451,0.11738121094205169
11452,3.753069106355777
11453,4.629101285937952
11454,0.3993203925250949
11455,2.4476974609949016
11456,9.14410357237356
11457,6.738942001116449
11458,4.547653267705209
11459,3.5860063441172176
11460,7.806433906538722
11461,8.286113207905139
11462,9.55084313119806
11463,9.345844689848912
11464,1.815325613748244
11465,5.6679131131567475
11466,8.779469855187136
11467,3.9917532984575885
11468,1.5965941602316247
11469,7.828993794317785
11470,9.903105347247257
11471,7.869221265534347
11472,6.276340595688965
11473,7.893886758136312
11474,8.792122760243007
11475,2.6126045937192943
11476,4.293034687629707
11477,8.622835027302756
11478,8.649626501577263
11479,2.897022618931638
11480,1.3889935021492765
11481,4.926001814602404
11482,9.77635341735416
11483,1.571934567464108
11484,9.719380492736637
11485,3.3765903977691756
11486,1.9299928198323915
11487,1.739530469378853
11488,6.492642291331984
11489,8.85063757121605
11490,4.987753731383516
11491,8.192130866361936
11492,9.26330599825773
11493,8.897195190722833
11494,4.8083676112637095
11495,0.2045274100869818
11496,3.965902739157193
11497,0.8797057857294668
11498,8.182524112954527
11499,2.6217615659790185
11500,0.5124328682505664
11501,3.930609639912654
11502,4.756979204524716
11503,8.98066951306556
11504,2.682032941810302
11505,1.594726072707643
11506,4.90438085045732
11507,1.7426310566874268
11508,5.747341318430196
11509,0.3322892949958135
11510,1.6548533595047414
11511,2.7659712982133553
11512,5.362399175057813
11513,9.261455853288654
11514,0.5770579609339859
11515,6.507752620296389
11516,8.707505729119157
11517,7.52876862140538
11518,3.9466124766590207
11519,3.412236076345785
11520,2.139790124122541
11521,1.2899480898680336
11522,1.192700176349128
11523,1.6531186648955518
11524,1.3061725671698976
11525,1.0250554494062334
11526,9.721858196448045
11527,5.220993671340997
11528,9.68927668395231
11529,7.271524799204746
11530,5.922079876417599
11531,3.2464357768931866
11532,6.970129982840967
11533,3.261382741337403
11534,2.7628088330202316
11535,1.1463843948326544
11536,0.5027919854151441
11537,9.22393348477027
11538,9.475637707361246
11539,5.427532602687942
11540,3.3593195987633306
11541,9.457424401027403
11542,8.77570445380127
11543,5.587977778801695
11544,9.263629903639641
11545,9.224051737376474
11546,7.133256208101564
11547,0.5603691015516002
11548,9.377235452616494
11549,2.7845122753639577
11550,2.8295889351152623
11551,9.039841276397265
11552,3.534201036009999
11553,2.585761930043528
11554,9.374733723493387
11555,9.34042630993011
11556,4.564196786224707
11557,5.547168788783062
11558,3.84410562686552
11559,8.714654936863923
11560,7.408235514400975
11561,2.0794509109609685
11562,1.7531089434174478
11563,0.6744836227254203
11564,4.255423689981889
11565,0.8960772741740732
11566,6.786138507416551
11567,5.034895829265381
11568,9.986492967217446
11569,0.3416694177526126
11570,9.521409142704634
11571,7.496155229735827
11572,6.8927107476179215
11573,2.9069105470311563
11574,0.4335005706024556
11575,2.832332485191894
11576,1.8368598738998654
11577,5.9718935913975235
11578,0.25749395748559323
11579,5.052120778429939
11580,9.89303518367609
11581,4.6802071848036695
11582,3.33692696009497
11583,5.327148974020629
11584,4.5824613877280855
11585,9.60445832268511
11586,1.6395584648203796
11587,9.571091038987042
11588,7.568618788377653
11589,9.361993740126056
11590,7.642214488255064
11591,5.39397045211516
11592,3.995032793589808
11593,9.295964547230458
11594,8.972632261898736
11595,3.8558697387380776
11596,6.573106910650868
11597,4.973636577184236
11598,5.200783050549183
11599,1.948788605873243
11600,4.8276622080553535
11601,5.077616753333991
11602,1.4565921585790738
11603,6.123956651830366
11604,2.6058048856126064
11605,9.643495524789222
11606,1.170420016914904
11607,6.375008997079439
11608,6.581348031222756
11609,2.485299439492065
11610,8.566232351227614
11611,8.969635070450847
11612,7.84073038104467
11613,6.848736184211027
11614,8.302697527525288
11615,8.961879376594947
11616,9.408636827324065
11617,6.084709422019769
11618,4.3772337716379095
11619,3.5082763882811374
11620,1.7570807389029635
11621,0.38773809939194814
11622,4.7936887020377545
11623,1.2784425675964215
11624,3.8603984864655354
11625,2.8487864446276365
11626,1.5220478855627573
11627,6.408131775093133
11628,1.9892737571523105
11629,6.012912768778377
11630,6.830016581947914
11631,8.92909868996973
11632,9.717592921571361
11633,0.4599020115684662
11634,2.578025073644268
11635,6.008621858000628
11636,1.7111612767018258
11637,9.737480371445967
11638,2.3625794472220876
11639,6.9262875570085445
11640,8.585246976481974
11641,6.41053965861352
11642,6.773470726003188
11643,7.822745538710084
11644,7.280476355742004
11645,7.976335895412497
11646,1.7184844710916198
11647,8.416037967610366
11648,5.030977567332997
11649,3.6108050652503363
11650,2.4994985441442332
11651,7.072079592748309
11652,1.1182559533489445
11653,4.87987300252315
11654,1.544865192488939
11655,9.258523971157825
11656,3.2477813183508863
11657,1.75943756007649
11658,9.52615749913805
11659,5.6387871678861385
11660,9.45159666385659
11661,1.1841300031713882
11662,5.178045415215637
11663,9.449693163298242
11664,0.4914803809696129
11665,7.080923246588533
11666,6.653122125700571
11667,0.8376770892109852
11668,4.943618175044106
11669,1.2139427937874425
11670,4.520244390062247
11671,4.076708992803448
11672,6.907955342545434
11673,3.2249371201874366
11674,4.019809067258119
11675,5.636023019425481
11676,5.4383827227759465
11677,7.347065480853265
11678,9.376506366233498
11679,1.9512120068180179
11680,9.477624497578041
11681,4.232212155705615
11682,5.968077096411441
11683,5.0121459975504
11684,7.50025093172579
11685,7.98200018050638
11686,0.1995124053775191
11687,4.046809029483651
11688,3.4621458523160147
11689,3.4736701676878727
11690,0.912362541196693
11691,4.706603441243403
11692,6.405044510871718
11693,8.351488726458298
11694,2.395386305043895
11695,9.581326722972252
11696,8.366160610312853
11697,7.692783325372407
11698,1.3287790960703865
11699,0.46197762864674974
11700,8.883113128664844
11701,2.037417154448092
11702,0.48988991232943735
11703,8.129659819761708
11704,5.971452240900387
11705,1.195567288670573
11706,1.8471137018846353
11707,9.431007229980588
11708,9.95763510648393
11709,2.376079687769471
11710,7.070256220962086
11711,5.9915968601783725
11712,0.8351593877401137
11713,4.807928734456705
11714,9.751895317716297
11715,6.710720496235703
11716,3.408978177439111
11717,8.203781795702941
11718,9.35475917735822
11719,1.2816456446444793
11720,5.94640222328778
11721,6.039928058338073
11722,9.399394571852309
11723,7.91918419201279
11724,0.7779969676331652
11725,5.470116637967657
11726,2.687178394080761
11727,4.972219277414221
11728,8.943109844352193
11729,1.7186850659777417
11730,3.1570361026807254
11731,2.3675588895877318
11732,5.383555784442744
11733,5.827814580635373
11734,6.011008138325444
11735,0.13180652691330652
11736,0.6175746384971256
11737,1.425084475300345
11738,5.233210175473393
11739,7.825104557075872
11740,6.132807838480258
11741,8.226334860870551
11742,0.39359265450501213
11743,4.764978328994683
11744,6.130644253543487
11745,8.177470776726835
11746,0.9898521979217613
11747,8.227504105360897
11748,2.57118739418632
11749,0.7629605883528104
11750,9.581981447971982
11751,9.498048931361637
11752,4.164625436479029
11753,4.857431700776711
11754,0.4232667993477517
11755,3.1524292594133554
11756,7.209084101336911
11757,0.9694939505903789
11758,1.7744608521878222
11759,0.6141235124815546
11760,9.439038718509725
11761,7.294907336235313
11762,5.557286215915857
11763,9.46294371722478
11764,4.985089824990958
11765,2.8800910768915102
11766,2.9095517942503064
11767,4.504673841440878
11768,5.25941385709015
11769,4.444646529417863
11770,3.089622004220682
11771,7.626768948225086
11772,1.06241025886545
11773,7.021266021694984
11774,3.4972557420395067
11775,4.937737714308151
11776,9.386977195889378
11777,1.9326066175934409
11778,0.5075197303631948
11779,0.3995646442613724
11780,5.088440462068347
11781,4.065925183492851
11782,2.0942417968212346
11783,0.7373250102941795
11784,8.485175837256826
11785,6.618231257737181
11786,6.513190911578265
11787,6.0651349823572325
11788,8.289610434936717
11789,0.8916599196563144
11790,0.5396314037688676
11791,5.3157751976483345
11792,3.088197248659645
11793,4.669466744789322
11794,5.36703980139735
11795,9.743647734186503
11796,2.123453420618203
11797,7.619918577038038
11798,5.534705388119169
11799,6.037704005169082
11800,9.454927024268926
11801,7.13351152973058
11802,5.646058913144507
11803,1.2813271616405049
11804,2.2271228636536606
11805,4.59668392229887
11806,8.771372435842748
11807,3.470812072070643
11808,8.427443031660415
11809,7.076363513346093
11810,2.941600311586566
11811,6.993713896910769
11812,3.032113222940923
11813,2.1148702551174274
11814,0.15575089951862942
11815,8.97977137183425
11816,3.0430868277542733
11817,9.93238653477881
11818,3.1328987063309355
11819,3.982808927227016
11820,5.154551827063651
11821,4.062996954196416
11822,2.697368823743567
11823,3.1888612131229377
11824,6.112787594370679
11825,4.742935789971049
11826,9.718302561165403
11827,2.3351897174215552
11828,5.623978753312427
11829,5.291175216545685
11830,5.8381376687684
11831,6.596649488624062
11832,0.8762772519868405
11833,2.066165072855917
11834,8.394528064128348
11835,2.5264871721205067
11836,0.22824557350922106
11837,3.0772025090375665
11838,8.36253607196147
11839,5.286247290970581
11840,1.5977156435122708
11841,5.890433536171262
11842,8.690654023078368
11843,8.6279910269814
11844,6.9940029800113725
11845,0.13359354156652548
11846,2.8160168142280773
11847,4.2073220847179025
11848,6.404801587692305
11849,7.651318822783356
11850,4.811686290765502
11851,3.2153780429520054
11852,5.432644333761988
11853,4.096911459295254
11854,5.409110083769304
11855,5.209726882013366
11856,6.010019825660942
11857,9.627591232797984
11858,9.093281152281302
11859,0.22839991928441244
11860,6.835709309956655
11861,2.7367733893289934
11862,2.3954478345091017
11863,6.720352887675949
11864,6.2211830741665795
11865,1.5989831434294235
11866,1.9727667206533572
11867,8.847061065528695
11868,8.715532930763466
11869,8.615341934494843
11870,0.9157923554148876
11871,5.077751324342381
11872,5.8830059867627105
11873,9.500781038480012
11874,6.666739967571001
11875,0.8225531849017047
11876,6.154085661802024
11877,3.757255907913155
11878,5.214884038982046
11879,7.6236792786469065
11880,3.32179275207672
11881,4.649905353286236
11882,3.083903318658072
11883,9.500547410855916
11884,8.100653919064241
11885,8.06894302990496
11886,9.421744336754985
11887,0.48842818542498234
11888,2.2740510444012756
11889,3.722254559701409
11890,6.168674912509413
11891,2.753602096148322
11892,6.196383221983906
11893,6.571786918311767
11894,8.401845715678215
11895,0.4685429825599373
11896,4.65226597779469
11897,3.343391932582141
11898,0.1887344870410067
11899,6.646253845110568
11900,9.06333959966044
11901,5.650921596641767
11902,7.377503030738345
11903,8.985866278144137
11904,7.419197618046167
11905,1.524598989507812
11906,2.58003550470971
11907,8.997397508814796
11908,6.18360640631225
11909,4.670119530911905
11910,8.970653699914662
11911,0.569541462999501
11912,6.204528715775824
11913,9.812153632355365
11914,5.289684107779015
11915,9.806773722137414
11916,7.642557579046543
11917,6.278282545291008
11918,5.199104458141511
11919,4.385620661412146
11920,2.600452406275027
11921,4.228629179875886
11922,7.803563672669078
11923,7.3868113579354056
11924,4.865562905099442
11925,6.53407431000789
11926,6.801516895401699
11927,2.3291506349193423
11928,1.6429101889557605
11929,4.4918559097152535
11930,9.718657015817953
11931,8.93540452737884
11932,6.003042330424549
11933,1.4952928577233247
11934,3.934102530212979
11935,5.126317271057187
11936,3.595469062589436
11937,4.638789495282275
11938,7.268044188212215
11939,2.513371773924174
11940,3.995055674658946
11941,6.256777966570411
11942,0.8038160988827412
11943,7.383288580572281
11944,8.281074603657892
11945,3.458935746361836
11946,7.434995409912602
11947,1.840103918741025
11948,6.689940487410842
11949,8.606031486006295
11950,8.410855564307566
11951,5.429685496299193
11952,9.400523658506676
11953,0.5662479773658252
11954,1.9134294952240107
11955,4.438975523984875
11956,2.671286931712082
11957,9.988004669470106
11958,1.1938916419502328
11959,1.6085397871367981
11960,2.8792893970011426
11961,4.478974363932601
11962,5.174256176779218
11963,0.6573670548817444
11964,8.125742994934418
11965,4.439357898300214
11966,5.173795888235181
11967,7.264323362659146
11968,8.600163018876838
11969,5.347720209946606
11970,6.209460230580476
11971,6.962737613521138
11972,8.656958875969824
11973,7.406844925548506
11974,3.573502221843187
11975,1.3765682442632188
11976,4.3248076376665745
11977,3.079517139882689
11978,0.7744382848783178
11979,6.561441295020805
11980,3.3035634225506967
11981,7.3130504663144595
11982,5.93020601143896
11983,6.139894430492746
11984,7.1901909754251605
11985,0.8524096746251766
11986,9.713046314506496
11987,3.136242808236094
11988,2.374551428451711
11989,0.4001146519188846
11990,7.335574818395866
11991,4.886509035346577
11992,3.248385246910873
11993,6.305611620845391
11994,6.028004535058683
11995,9.233364145474987
11996,8.872888904174456
11997,9.085481265978169
11998,6.382523523703132
11999,2.177985290824265
12000,1.058089569125767
12001,3.7744426789345606
12002,4.988050252803266
12003,7.725826943754696
12004,3.1046808467198757
12005,8.37306771223005
12006,3.2732762512931712
12007,8.595921236377086
12008,0.7292894950877731
12009,7.678009011212884
12010,7.63071513617716
12011,2.7388799248862497
12012,6.1664437705000354
12013,8.14243197535908
12014,5.179755866399833
12015,0.9947812362761275
12016,5.877646372459057
12017,8.781324303957678
12018,5.395341787379284
12019,4.428142558412885
12020,5.5774573119153565
12021,2.7962862451593753
12022,0.2752210849887354
12023,2.899587928687813
12024,8.794920921634107
12025,8.628015306390528
12026,7.004657009403528
12027,1.8822881074872302
12028,9.706727316223775
12029,6.508908031540651
12030,3.819210293628475
12031,2.090195026730726
12032,3.4510841220036306
12033,6.833484131022888
12034,4.1163585977898896
12035,6.083123167655631
12036,9.691677600869589
12037,5.245842053927969
12038,5.752118031842995
12039,3.6783092296275486
12040,0.9378250583948846
12041,2.3885298032810494
12042,3.855740661457039
12043,8.90601943632254
12044,2.873773495790778
12045,6.9831163957152995
12046,4.591312387310945
12047,8.419879718677384
12048,8.33494073876337
12049,0.7538391958136406
12050,9.10176479660626
12051,6.748546372623191
12052,7.67162403732008
12053,4.684023531472776
12054,2.6855902122548234
12055,3.9814471970763474
12056,8.074453798236373
12057,0.30026871428246915
12058,1.4603541879369326
12059,8.66113041335827
12060,6.082596054868207
12061,4.011567630570649
12062,1.756050990997502
12063,7.174618639094242
12064,5.314817755012252
12065,4.601883580318614
12066,7.47862023190772
12067,0.3127502694063889
12068,5.446279500395928
12069,9.85798868805096
12070,9.531933466939266
12071,7.183949225229474
12072,0.20842981545764572
12073,4.465792898855805
12074,9.11797831836625
12075,7.078298490520383
12076,1.8444932760935298
12077,0.4454430349617251
12078,1.5742271985902083
12079,8.714602517373185
12080,3.275312227472117
12081,4.510164080353561
12082,4.799131238570316
12083,0.9726765372117843
12084,1.0789412356860097
12085,8.78169796212436
12086,4.93679320229798
12087,2.207237516123756
12088,7.352260714509046
12089,6.992608049900567
12090,3.779975907906039
12091,9.03727559711752
12092,2.5342174494686347
12093,7.029578475560092
12094,8.022027532521646
12095,3.9344706777804954
12096,8.468253975241588
12097,6.641384553881756
12098,4.975939284974816
12099,7.515456815144855
12100,6.8350724060865735
12101,7.260417787569186
12102,9.31757051541946
12103,1.6695833405897158
12104,1.6501144308074778
12105,9.884864850492736
12106,7.69562055418837
12107,3.7639531491310705
12108,0.6922150580505115
12109,7.184143396105046
12110,0.5432938593575908
12111,3.434376710030935
12112,3.8657391254060203
12113,1.4534899851852028
12114,7.691150721767645
12115,6.264294685455576
12116,8.890553736974171
12117,3.6051743020949094
12118,3.5168640209659303
12119,3.3650287283172964
12120,0.6783001840581149
12121,2.6179541624618214
12122,4.152422944935961
12123,6.792040863556373
12124,1.2521888216100185
12125,1.7726576721520555
12126,6.093672041278144
12127,2.925005798023901
12128,2.0505372894122496
12129,3.993695275287496
12130,5.576720192636792
12131,6.421986591664451
12132,2.6614825511366504
12133,6.4262637130279145
12134,1.4462005634877504
12135,3.3802781358488048
12136,1.3552664045631757
12137,2.2081084791526364
12138,2.3685029335210626
12139,7.508125148711005
12140,0.2010872309410251
12141,8.689839027956188
12142,7.001837019752666
12143,0.8461288864414706
12144,1.7530644007467406
12145,6.49737209025718
12146,2.3792171376806683
12147,4.683652841938203
12148,6.559369044021119
12149,2.140182199286024
12150,9.48905090995732
12151,6.206985351634871
12152,2.066123737287102
12153,9.932840295094318
12154,1.9463189441460818
12155,1.0750399904604588
12156,0.526132054365887
12157,8.683722818236276
12158,4.072257489761055
12159,2.2583311166277933
12160,8.258233720102153
12161,4.3565222563477075
12162,6.614754976004014
12163,1.0401357357294638
12164,3.6645564396217236
12165,8.942038324211392
12166,1.9054886934464026
12167,3.9173759186664476
12168,7.23922823462378
12169,9.3431517310258
12170,7.383341283041096
12171,3.6493171407575367
12172,3.3259391824124642
12173,8.646119267971514
12174,0.5657184765076907
12175,0.4165006258601439
12176,9.801771995928949
12177,6.375281011925654
12178,0.807849647873693
12179,7.841804543701423
12180,7.667150758210947
12181,3.504963947164748
12182,1.735012295943444
12183,2.8206977420509785
12184,5.777920528885116
12185,7.626418728647917
12186,1.504108780548282
12187,3.5545038778623006
12188,6.691842001820463
12189,9.03760748921548
12190,6.85932044122393
12191,0.11670775094781558
12192,5.486089322164083
12193,1.757634835426423
12194,7.674069631048232
12195,6.283352315790525
12196,8.305941244536577
12197,3.032325231861473
12198,3.8146904252599008
12199,5.4047152629544986
12200,3.926342952703513
12201,0.7502147427369553
12202,4.197439132716175
12203,8.904810037183461
12204,7.611097813403345
12205,5.362419102057644
12206,2.7248393192393765
12207,9.55343380666206
12208,4.079327869570981
12209,9.567630315940951
12210,2.2090322648303093
12211,4.3139948751583574
12212,8.531443375541098
12213,9.898832433982003
12214,2.346477752700765
12215,6.214975452484994
12216,4.494050822838275
12217,1.2875792330932323
12218,6.375673670526745
12219,7.296303628971312
12220,6.919029362797903
12221,0.9850636102257789
12222,7.0041759296459425
12223,2.559200213829903
12224,7.56725840770931
12225,5.542558797477365
12226,8.839913931954793
12227,7.808132387590989
12228,4.176162736592381
12229,1.8180311323376865
12230,7.881256760438147
12231,5.939788917160334
12232,7.15753928746935
12233,3.770180653003093
12234,6.463026900150249
12235,2.7104331441541336
12236,8.929753947080311
12237,6.9637853383869786
12238,3.724976017834974
12239,5.528910184534079
12240,1.507015859220507
12241,6.447278941032963
12242,9.49249408724981
12243,3.949982158265925
12244,2.566158393666872
12245,7.042480565616451
12246,3.1565459525833854
12247,9.878551159566475
12248,0.18531915579416025
12249,1.6081049104727998
12250,3.2053803940812413
12251,8.724259656070297
12252,0.28980635872151966
12253,2.3034068772110796
12254,9.836398346907473
12255,9.167326212424573
12256,6.890817664400966
12257,3.2561620196097256
12258,6.941390326616855
12259,0.7614178459238368
12260,4.387438025507269
12261,2.6896657820285506
12262,5.535182277985242
12263,7.830504105316246
12264,7.161644424905163
12265,8.78641555167968
12266,2.4609931687716955
12267,6.4110039052725405
12268,4.685881335891525
12269,3.3297398324825735
12270,3.403725091646746
12271,4.77149722477174
12272,8.282921960863563
12273,7.017998275422112
12274,9.666751092213671
12275,3.88300770953223
12276,4.5114924407039485
12277,8.154405824079229
12278,9.623368434696268
12279,3.684599736736614
12280,3.926289656393163
12281,5.197561132360921
12282,5.709945275200376
12283,1.8646563893573715
12284,0.34820058080012894
12285,9.917310204856728
12286,7.577732792549081
12287,7.027711974123087
12288,7.234453111395774
12289,3.087936604153999
12290,8.975366942135595
12291,2.355437976159088
12292,1.9836442549200335
12293,1.857656112904483
12294,9.204544492665725
12295,0.3991566916797914
12296,0.4463632444259096
12297,6.183142303662203
12298,1.6346000144133133
12299,3.2866339618754243
12300,6.757427813879811
12301,2.7239983445940035
12302,8.158786153423723
12303,1.9142612778061143
12304,2.083039251783189
12305,4.232332056043018
12306,3.9213724013207782
12307,9.396997273337114
12308,4.1507715163091525
12309,9.468987482949647
12310,5.059985347361628
12311,8.968192361665862
12312,8.247319988681625
12313,4.6951316841391195
12314,3.0572176999883354
12315,6.102362503409582
12316,7.078720804837179
12317,5.581194412554152
12318,9.85548387222641
12319,7.297868086379538
12320,3.4908993716621186
12321,4.423246954830264
12322,5.51979103072438
12323,3.4451426824617473
12324,3.3181743521197347
12325,2.553501251510792
12326,0.13210167676697934
12327,9.071711740588864
12328,8.878090142480167
12329,5.3855224076290975
12330,6.418434914564988
12331,6.427710917443659
12332,6.874880226763833
12333,1.6807572684362349
12334,1.9549388676268347
12335,5.333365603575758
12336,3.9650569614255518
12337,9.114556858156748
12338,9.667154953360741
12339,9.114527528837877
12340,1.324124492700717
12341,7.438835414348514
12342,3.602233277868728
12343,6.855711062889816
12344,1.211173012762265
12345,8.711811676608129
12346,2.385892350454574
12347,7.708973552381465
12348,8.985032557462253
12349,4.064265055029359
12350,7.352333747798028
12351,1.4008685471591849
12352,2.36370698465361
12353,9.24874561974988
12354,7.948389437960537
12355,1.3017703501949676
12356,1.4474687047758408
12357,6.864507513343973
12358,7.533758101324523
12359,4.589152790531444
12360,0.4506329712478667
12361,2.696716929529861
12362,3.9807474291626304
12363,8.482956696919391
12364,4.688035931402244
12365,3.0621666298767223
12366,1.0952902758294347
12367,2.8184357323955047
12368,0.7408113366141815
12369,3.1999783164420617
12370,0.7613578316689131
12371,7.344790114870908
12372,2.8005789541919346
12373,5.402219545932391
12374,8.825882088327948
12375,8.58212458965533
12376,3.624405542747491
12377,9.292927167346463
12378,3.734467149890715
12379,5.729914730663567
12380,7.932182174036594
12381,6.348887100881538
12382,4.051948591186407
12383,7.699542161103211
12384,4.94681519631377
12385,5.105453031468949
12386,8.520781393482043
12387,7.7681775318001725
12388,9.777691720197744
12389,2.1605290354480577
12390,6.959633700395184
12391,9.62059748528377
12392,4.17519042254879
12393,7.0555572822237576
12394,6.872623202513118
12395,9.994901901609728
12396,6.390957908559524
12397,2.811062157535711
12398,9.812212281955375
12399,6.310551934096149
12400,9.789890536966185
12401,1.687182165395277
12402,1.611365435545927
12403,2.2418466676269317
12404,6.012028036941585
12405,7.574488169212715
12406,8.856321848407795
12407,6.885374693562225
12408,4.02239158558675
12409,1.840742363634183
12410,2.3430335237007
12411,2.2614317316687425
12412,5.381004935972933
12413,8.402069900595215
12414,3.1184050822893155
12415,9.220261208516511
12416,9.16256342484983
12417,4.766878276287171
12418,6.5394353401625755
12419,5.612720087784907
12420,1.2074715252263442
12421,9.087009087706782
12422,7.849108333549598
12423,4.773668156311254
12424,9.385153046785295
12425,8.31934600780963
12426,6.6375653511123875
12427,1.1195926245814236
12428,3.794816128035382
12429,9.201065142868842
12430,2.0106970965159294
12431,5.143896724199471
12432,0.5431739167291504
12433,5.8971130536715615
12434,8.239977448345872
12435,6.777074049741475
12436,9.523975015520687
12437,5.538139168522227
12438,9.128370190248209
12439,3.0886534332814257
12440,9.92672719316725
12441,5.490499247514536
12442,6.990850833029385
12443,0.705498528635636
12444,9.652238449321116
12445,9.127764976130123
12446,2.3021766967618458
12447,6.004265878592074
12448,5.004663838388358
12449,9.377871453724051
12450,1.5922408161502284
12451,7.0020143527852685
12452,2.5825153035452373
12453,9.516771082519968
12454,3.376085952390721
12455,6.967436866478628
12456,2.9156230651730404
12457,0.8571021214513935
12458,4.164921939424921
12459,9.08000403198615
12460,2.1358608188158263
12461,4.082305256432925
12462,0.2843195912805825
12463,7.396372862842017
12464,2.2422562395246546
12465,4.712942521928247
12466,1.5434333488366403
12467,6.093852798757462
12468,5.60820055917192
12469,5.483911225152976
12470,9.363335452350936
12471,6.380087332436423
12472,9.148619835276442
12473,4.334371415893445
12474,6.265236146053696
12475,6.0157913704726305
12476,9.890562401989978
12477,0.9274359629603416
12478,3.3238977936376
12479,1.8184613730601193
12480,6.044238377427371
12481,5.288699128480598
12482,0.12756694633331114
12483,2.800289677491772
12484,7.466388855032147
12485,5.64519507032636
12486,2.4245577147336657
12487,9.29560858878139
12488,4.106090784322475
12489,8.256305371630718
12490,2.817485682262943
12491,7.443645627352004
12492,8.412894148428736
12493,4.094707287867847
12494,4.639487597165952
12495,4.577012700807003
12496,5.858407243699515
12497,9.343323115052799
12498,6.576496352399373
12499,0.8138164089847155
12500,8.173954544652998
12501,6.562243311110696
12502,9.051825096430765
12503,8.701770045192301
12504,6.653767015052639
12505,6.243133578128594
12506,8.666658290023136
12507,8.543187470048933
12508,4.950796884643482
12509,4.602250202045676
12510,3.1822893708368714
12511,5.428461595290163
12512,2.3467460362080472
12513,4.410929378719935
12514,0.7226216570036256
12515,6.344371420206773
12516,6.679131634328364
12517,2.5886400653174113
12518,9.819254905119069
12519,6.623602959057515
12520,1.132439092165439
12521,8.328434664922503
12522,9.076290468802778
12523,5.641459393850009
12524,8.284369745543852
12525,0.9574782572660414
12526,4.304344820271362
12527,5.717511839034126
12528,2.469008307161847
12529,3.1607212346464437
12530,0.9760179003087541
12531,3.199108823920371
12532,4.728145452273925
12533,8.890755423151324
12534,5.15747503507611
12535,5.115402220067302
12536,5.437645970094056
12537,7.2281377372720454
12538,2.963692676796069
12539,2.3644863240330602
12540,8.505114290664194
12541,1.1730067479336075
12542,0.81791891138596
12543,5.638282865283563
12544,4.336078704940854
12545,8.557523245171748
12546,3.76121985877416
12547,5.086465086993785
12548,9.835109888416062
12549,5.974543694014058
12550,8.208409013301658
12551,4.497878792809085
12552,1.9126684708537742
12553,0.18036488622549418
12554,4.004916390497363
12555,5.3069944082786895
12556,4.465106190850064
12557,1.5057898085105033
12558,8.06417650993174
12559,1.1278765033988012
12560,9.196724229984357
12561,2.3693103418128585
12562,9.076044950848804
12563,3.5398453971886044
12564,8.558531214959864
12565,7.837432167896735
12566,6.4970762967326285
12567,8.708890742637985
12568,1.0309470521807274
12569,7.737739477526168
12570,1.6055337754344905
12571,4.156626920709649
12572,6.304570959816448
12573,8.454596590815523
12574,4.860642743484162
12575,4.840525729752496
12576,9.79681253836348
12577,1.0635138492436345
12578,9.823729944504182
12579,0.4894516165869425
12580,6.429578329900666
12581,4.093766205398525
12582,3.6857863211471913
12583,5.418414672447116
12584,5.1482250580563065
12585,4.102534744016735
12586,1.7681434873933917
12587,9.786957902529911
12588,2.059926756236553
12589,7.382294125181092
12590,6.756642553968369
12591,3.95179257625459
12592,1.7821696307086612
12593,2.586087479734439
12594,4.788539879697746
12595,2.709615468948356
12596,1.4706642590159476
12597,0.8104604422192031
12598,8.00415175714679
12599,6.246716452295879
12600,7.060886737566173
12601,4.103685764752086
12602,7.773446927696787
12603,5.55437293710416
12604,4.849393054154631
12605,2.225114927650155
12606,4.819381531902824
12607,8.963907955141414
12608,3.34471469912278
12609,8.152145634915168
12610,4.1986721415187285
12611,5.205728953216065
12612,6.962142632227927
12613,6.795655164499124
12614,4.682304446109903
12615,8.878180167085134
12616,8.063252176900548
12617,9.097170903063368
12618,4.3198060879660956
12619,9.376446761058958
12620,6.605562457895051
12621,7.308018608455272
12622,2.5683529278233954
12623,7.752839149229173
12624,2.208670021774647
12625,0.22289248487317664
12626,9.855319022614392
12627,9.583081669030296
12628,0.6666651973821693
12629,7.703542740710799
12630,3.1473125686950585
12631,0.4989516213795101
12632,2.4129522089808906
12633,5.440110720355804
12634,7.841651065337908
12635,2.8913439144239743
12636,2.6669204068868164
12637,6.902845214060775
12638,2.3074227503694584
12639,5.819403563047741
12640,1.684727297026918
12641,6.1405932206746225
12642,4.038674929696585
12643,8.424519920736785
12644,0.23011604593618096
12645,1.5976186719741436
12646,7.929355373325484
12647,6.709221924021882
12648,0.9506474629184217
12649,9.609453955768625
12650,4.565770953724878
12651,3.8056854583146267
12652,0.8766231057189418
12653,6.985970876360523
12654,3.9504656130451066
12655,4.248598348436448
12656,9.2367019071517
12657,1.774849075162795
12658,3.673367470889907
12659,4.691303812437691
12660,0.35803868732391186
12661,1.9092277594826612
12662,8.533997264646985
12663,0.8118157979139223
12664,8.614344024459971
12665,3.68717759933492
12666,3.33808208982892
12667,7.221372727149449
12668,7.4404483343780115
12669,9.827395560392254
12670,8.670164782382217
12671,8.480243665008446
12672,7.975718514680343
12673,7.867432568101626
12674,8.568919429581467
12675,5.110170672851307
12676,2.287000633179459
12677,3.0063299159222683
12678,0.14156177568127962
12679,6.1736646288384565
12680,2.527181867052924
12681,6.514425091838879
12682,9.879795951105715
12683,1.9910597415605966
12684,7.515135647873571
12685,3.394081923039859
12686,6.562355485280657
12687,8.669754599708314
12688,7.874138501426004
12689,3.6008148569142424
12690,7.412755864882895
12691,5.547423529289455
12692,0.5056643712287712
12693,3.5180461379068393
12694,2.22898431787155
12695,1.2270477050666813
12696,2.938183839742094
12697,8.029164677348065
12698,1.8350476355213292
12699,8.296592580295854
12700,7.8720982519842
12701,7.929576520888655
12702,7.6499976980824895
12703,4.176324333726237
12704,1.4502676647633714
12705,6.890205950562677
12706,0.4394768392847441
12707,6.546684022832441
12708,2.7655935696105427
12709,8.984929452189824
12710,8.818337582605363
12711,5.966283644006876
12712,0.45161809775546513
12713,1.3596176986652426
12714,4.73025270348085
12715,8.815484557331658
12716,7.516206156240863
12717,4.882164938198362
12718,5.290081309991179
12719,1.4099094071973894
12720,5.7677054473493605
12721,1.659416572918851
12722,3.2131901119321773
12723,5.319471968390914
12724,9.901516343061376
12725,3.7717735117003013
12726,1.7764588069764293
12727,6.899625300343831
12728,8.882782970254492
12729,0.3552458753734171
12730,8.858018007230964
12731,6.464511216565505
12732,5.6428058407184505
12733,5.847731050345193
12734,6.920647345258034
12735,2.2350860230045453
12736,1.224101595609259
12737,7.020249720565078
12738,6.882851375022532
12739,5.51918965721422
12740,8.520957839260833
12741,3.270288872506924
12742,4.714937178275392
12743,2.3589574414855377
12744,1.8587811688798717
12745,2.2013901096885715
12746,2.002890459292199
12747,1.316443724301621
12748,7.016696241089308
12749,8.602261684156957
12750,5.735360741147272
12751,2.8173036557652575
12752,7.444778795266293
12753,3.080759696872695
12754,4.167015414342096
12755,5.682756380652543
12756,6.221988795648275
12757,4.532384961559505
12758,0.8932980291566206
12759,8.571981012074339
12760,0.9188148681123512
12761,5.331604964951653
12762,8.385914893909431
12763,1.5443293966737894
12764,4.629856796627479
12765,9.0166103202594
12766,1.1910378572172047
12767,1.169895538282011
12768,2.50987303976872
12769,9.326840921461299
12770,5.76743024950599
12771,0.40608751514949915
12772,6.5341924752924285
12773,6.522625500803168
12774,9.285727109501215
12775,3.8622961906026085
12776,2.883893200895333
12777,4.419694410182706
12778,1.0298688895335462
12779,3.9331792881080943
12780,8.85937765858555
12781,2.963377466507282
12782,5.865039133192493
12783,8.001231457368457
12784,4.517774267895193
12785,3.043049540026591
12786,8.391559569209539
12787,5.612854228763206
12788,2.5995265752753896
12789,3.4107858770410497
12790,6.516489509581861
12791,0.3542604480482684
12792,9.747834449152657
12793,5.0435602034015625
12794,6.275535377821082
12795,4.515636990581712
12796,2.1393221514547798
12797,4.2805051874298385
12798,5.582551372628768
12799,1.9542836451586072
12800,9.924998551907162
12801,0.1241714835644056
12802,6.032887656966915
12803,5.850191344748905
12804,2.305649091090799
12805,4.122502932581651
12806,0.1409366438404095
12807,0.6564061079945744
12808,9.645713813536181
12809,6.15226236744858
12810,5.68435783453155
12811,7.483019492394973
12812,2.067268429937638
12813,8.824052406069601
12814,7.316251799417676
12815,4.109148520194691
12816,2.341669457205634
12817,7.90288407222436
12818,6.0214242254593024
12819,9.687323087262993
12820,2.7500302082195462
12821,1.6271829350700302
12822,5.9538539050938555
12823,7.492249001702741
12824,7.371909937364046
12825,8.153086412368156
12826,6.888865743655074
12827,2.2562821046898143
12828,4.540963784205425
12829,5.2184150311056285
12830,1.6114698259806506
12831,9.26050087758131
12832,4.740217010392584
12833,0.17201062187033428
12834,9.909141857955856
12835,2.2972873893106787
12836,4.591681675945018
12837,3.9053322057188593
12838,8.373894050957364
12839,4.641388993325881
12840,0.9005712690396002
12841,9.932295817071054
12842,2.7708093397972124
12843,0.14604275025595853
12844,6.4660016040562915
12845,9.840398652134594
12846,3.647082576208115
12847,3.419675842496287
12848,5.807120317032452
12849,7.947800608749088
12850,7.692653387330292
12851,7.258832427184116
12852,6.090384568420978
12853,7.745671351190451
12854,4.825376591857644
12855,3.267982774779668
12856,9.94542385711774
12857,8.33250677717408
12858,2.479981091757595
12859,8.72058860436582
