episode,mass
1,4.466548171401591
2,4.466548171401591
3,2.0525793983896556
4,1.525633912693948
5,1.1663737749907495
6,1.9556973387620582
7,3.581898401982166
8,4.162397408088933
9,3.4057697527695057
10,2.3371974859534106
11,1.4777138463533261
12,2.2365322100242118
13,1.4388951408903203
14,3.4084532458504677
15,2.005139836650279
16,2.19872515045363
17,3.068464010142807
18,3.860810068026578
19,4.725797612188602
20,1.4083526158664812
21,3.8260954568526158
22,4.943369454066009
23,3.2363162752144574
24,3.3680769729084044
25,3.967722701637606
26,4.285124819831374
27,1.5026861568300207
28,4.630452633580221
29,3.292681188947337
30,3.924897381535022
31,2.204856651439803
32,1.2665115851133417
33,1.652281912455849
34,1.5351049402715011
35,3.6237301683529455
36,2.693985313609014
37,4.938902382380396
38,2.6140078653887433
39,2.0199730610502407
40,1.865891331769419
41,4.375441251319825
42,3.7633108092314544
43,1.8115527310447845
44,3.8292150634144018
45,4.3534504777721565
46,3.98216090251493
47,3.9976637963694643
48,1.899669906683772
49,1.9664479770617045
50,4.510585898218711
51,4.480933041417605
52,3.443974761052737
53,1.8254646263717222
54,1.8329212879015637
55,2.745173722314347
56,3.2712579027200728
57,4.020827986961557
58,3.07063437217549
59,3.7470230670361753
60,2.020031710491292
61,4.73374189287759
62,4.285057161769405
63,1.8060998203893277
64,1.695136816678462
65,4.699590449046514
66,4.141480351076746
67,3.1292808089864654
68,1.2810352946380879
69,3.5344085448566176
70,1.7542503809487258
71,2.7997919743703674
72,4.261971568379472
73,1.7209682995289772
74,4.517495536946997
75,3.879532768905029
76,4.545310193802763
77,3.1262582491559665
78,4.034291259316873
79,4.0803451877868255
80,3.03387004916908
81,3.1170356200772353
82,3.45389474667633
83,2.2233744177708794
84,3.249403009550589
85,2.999733552246122
86,3.5996938938128507
87,1.2952612773400105
88,1.5442503830641856
89,1.6531329783577684
90,1.7870445234112533
91,2.6760936587748247
92,4.972014487104355
93,2.2888936961075874
94,1.7632743833123579
95,4.546846547263225
96,2.9743670799859916
97,4.407524079587301
98,4.9265627375357735
99,4.448662242691936
100,4.47992273800579
101,3.406498297409404
102,2.137573207469305
103,4.019766446931767
104,4.215909558096033
105,1.9491655179978693
106,1.7604092654161274
107,4.946060959903464
108,2.4879396549778345
109,2.675161370785923
110,4.679639631892325
111,4.257487904599023
112,4.357878038018198
113,1.1467725978161094
114,4.670374071951629
115,1.264294055531113
116,3.5233337206920274
117,2.501839724755446
118,2.4507470840719217
119,1.1667986112841984
120,3.454103068867195
121,2.3761964588986175
122,4.99047555117199
123,3.570004498105038
124,2.7417068198069017
125,3.2488382050585436
126,2.1348604256929606
127,3.699077436197376
128,4.202856502350267
129,4.41222588634308
130,4.837827881125946
131,4.1860379884016865
132,1.7072325287807009
133,3.604031965177209
134,3.61346670064336
135,3.546035190915356
136,1.6152499406339982
137,2.3519020346008572
138,4.334992916584177
139,3.711259875517294
140,4.752784731091477
141,1.1913285447235338
142,1.5158675540299607
143,2.477225590316578
144,4.843033896849288
145,2.3840682875423225
146,4.954699284624709
147,3.7276813602114816
148,1.0418566054615264
149,3.2867733179877376
150,1.4682750290507047
151,3.6974476612626175
152,2.865378874420708
153,4.660954052679465
154,3.4750247452054133
155,3.2994366604054686
156,2.552315109506776
157,2.2784221594096437
158,4.773949762132112
159,2.888157906220262
160,2.57151753749457
161,1.6991771956159392
162,2.682638390711079
163,4.083085252123273
164,3.248349997482588
165,1.343659227683542
166,3.3502789934805235
167,4.795083091268976
168,1.909735163834994
169,4.289206330640479
170,3.7643497241885093
171,4.330636061321122
172,4.755722197656532
173,2.2800394902886896
174,2.0860679974169
175,4.405618120254897
176,4.417170060678281
177,2.603171065575438
178,2.2302686831284957
179,2.9374613578566837
180,4.75122441105124
181,2.07038975820948
182,3.583135532703871
183,2.8373161455942677
184,3.919377858093032
185,3.629595170948232
186,4.44154135655586
187,2.5123025190427746
188,4.6682486577108175
189,4.444043313335225
190,4.747746695782402
191,3.102980107185802
192,3.509147606137809
193,2.3260836913437446
194,1.2008740681692016
195,3.862137741306522
196,1.789380118515861
197,2.0848383072041305
198,4.604878304920584
199,3.924597756622183
200,3.36599939920986
201,1.0181725790287826
202,1.8905414905131686
203,2.754404448634407
204,1.6418661290756753
205,1.2610440360742756
206,4.13439575975111
207,4.2938460048173335
208,3.2859816829171784
209,1.1990424047272024
210,3.1043895540019757
211,1.4620106873322634
212,1.9400740110183494
213,1.051367912883872
214,1.425528513955177
215,3.177220723014478
216,4.560900109555062
217,4.566526594128671
218,2.8234616479761683
219,3.4700375815296938
220,3.974727472623195
221,2.045001927707846
222,2.586726983473624
223,4.603899794562345
224,3.4204364764147073
225,2.208494353458324
226,1.3628935856266247
227,4.062754921071433
228,1.5980809493128918
229,1.579968235522371
230,3.6564974603888567
231,1.1511450183169734
232,4.987604892536494
233,2.85707215212638
234,4.123176802096205
235,4.208932494742865
236,3.4318691283091285
237,3.6264931277745522
238,1.3670773632868025
239,4.255892833770259
240,3.1093381251322967
241,1.5034250942206353
242,2.646546817680141
243,2.47390665287285
244,3.913622041782934
245,3.115151144572854
246,3.0007846159001903
247,2.8969635832833722
248,2.277445730032516
249,3.083717162831652
250,3.0971406394851786
251,3.423232869329717
252,4.969685989968383
253,1.3019339465390374
254,1.3573477728245256
255,3.1715415787335215
256,4.069481687775765
257,4.148521303469028
258,1.7441142162510048
259,1.081956505544373
260,4.363503448197274
261,2.56867739258441
262,4.273651341537677
263,1.6520457200326693
264,4.793498679243122
265,1.2126732320469973
266,2.7701006192591566
267,2.165376315845879
268,4.3004492630226565
269,2.6405559719878964
270,4.848298527712251
271,3.7741631427992632
272,3.384352976884562
273,4.707953540037515
274,4.071686112805912
275,3.838445685046624
276,4.304101821734552
277,2.301446696337498
278,4.817300437620558
279,3.537758178956292
280,4.649769249413118
281,3.5922943343586695
282,4.277676818247283
283,1.5872795865043985
284,4.341662961073536
285,4.988509490201809
286,4.16373953657191
287,1.618217596102423
288,1.102056766143504
289,2.0798435854529504
290,3.0175764500866604
291,2.7876337303929595
292,2.109010387346365
293,1.2451879795938545
294,4.582302910403942
295,2.7549241257592465
296,4.328961560270602
297,2.617240982542377
298,2.49787687085584
299,2.413355681808624
300,3.2229396506215044
301,4.358543339512095
302,1.2127973434079822
303,4.6244942579807
304,1.719781094746871
305,4.674181428161199
306,2.460757993201349
307,1.3529270383495158
308,2.647342165374496
309,2.9650915126865947
310,1.0451673373052799
311,1.8478001323531776
312,4.06528798878133
313,1.2543982749444136
314,4.312922934995175
315,3.6966757130179007
316,4.787089880801822
317,2.8096479990898207
318,1.168495855210688
319,1.9387863597196775
320,2.425863522816481
321,4.621881900784201
322,4.896953042986071
323,3.0750545334916937
324,4.056491059008904
325,4.091957705860375
326,2.092478411225503
327,3.1654682913759076
328,1.0841316087763477
329,3.076109164058521
330,2.2082765671467635
331,1.561215836220939
332,2.1041366458047976
333,2.546572617987429
334,3.099441385885154
335,1.9846056925791697
336,1.5256541338157446
337,3.2728175724657698
338,4.531737863445912
339,4.030707179554504
340,3.6392472571868875
341,2.020767948249196
342,2.675682464699636
343,2.3878709152018964
344,3.1751227771703943
345,1.2139854189450046
346,3.5946544338174684
347,3.815112651247966
348,4.28623755128866
349,3.8738104005033898
350,2.05394495063003
351,3.3918170795666494
352,2.509231639419769
353,4.772604765223494
354,4.192016954731367
355,3.8269314518596524
356,3.641090368997336
357,3.8800468220121727
358,1.8489800863207528
359,4.917863722832605
360,2.445804467116242
361,3.2897162236177344
362,2.1512566121453167
363,1.6103296237837972
364,3.732971985711708
365,2.749662220852587
366,3.552461592022805
367,1.7970500789552362
368,4.0213429309363935
369,2.0733981786491547
370,3.0750063150990963
371,2.6285682113037145
372,1.8398097403438038
373,3.2260578423136064
374,2.4085054193425024
375,4.166829229528101
376,2.3833462588926477
377,2.0906843277953344
378,4.374140812480629
379,3.3145480870362163
380,2.701876583389743
381,2.1136206570379246
382,2.38862087323997
383,1.4023077388602547
384,1.2268084189693869
385,1.2619641509547996
386,3.4928541097769683
387,1.4847348792619592
388,4.1378674258601595
389,1.6964243918792907
390,3.072481115338757
391,2.4218827355831505
392,4.057466782544328
393,2.0413815528831005
394,4.536778491411601
395,1.3587364214500353
396,2.801614640272288
397,3.5252469685163903
398,1.3121007234792876
399,1.874215204067304
400,1.9956738740052296
401,1.5480309680191118
402,4.98964192918207
403,2.9953414931168885
404,2.4638249588494725
405,4.812004363489422
406,3.712173843882866
407,1.1240608856623306
408,3.353596162541385
409,4.235452361181535
410,2.990742984546667
411,3.72717262393879
412,3.59173770150873
413,2.8167837509357962
414,3.8303110934351663
415,3.919103690832211
416,4.2871815261255435
417,4.159946990605078
418,4.587276897367667
419,3.4072148417594086
420,4.366956961881147
421,2.8121892381154154
422,3.915380625015257
423,3.40688176009926
424,4.944321980188378
425,2.519022819885761
426,2.6701488487885627
427,3.5532091278641458
428,1.6281134334621208
429,3.0287711185614037
430,3.819049287468432
431,3.5960484214345336
432,2.199210869458968
433,1.7452216793290547
434,1.7623824518593794
435,1.6968966485334414
436,4.331966689050741
437,3.6147008043044355
438,2.9057989695927406
439,3.036886751211606
440,2.3701107772629233
441,2.8392418950275546
442,4.613556861276612
443,1.974116367168533
444,4.381842633786626
445,4.765222219993113
446,3.1364759248873413
447,1.7404895321679477
448,1.3556185642229264
449,1.4732901857429028
450,4.199210386042115
451,1.3275549117053296
452,1.4449457022119683
453,4.652703169626575
454,4.066648755211011
455,4.468142910181447
456,3.0131108490725005
457,4.073360661854059
458,4.6378518405545925
459,3.2139895176367794
460,3.8482040468736565
461,1.0149201411400086
462,3.693543379143246
463,3.8975348851492577
464,1.0228494948993534
465,1.1177087494908267
466,3.177834544953329
467,3.0075316560922674
468,2.2416651602357875
469,1.168272833936102
470,3.7179252413701134
471,4.428276109252411
472,3.7702774056255035
473,1.4156071883294779
474,1.0553107608893573
475,4.150014185329182
476,1.6001956552483363
477,1.3216138895966218
478,2.1489506122218196
479,2.3061714264952657
480,4.977175616152964
481,1.9742163081129256
482,2.639103627554226
483,4.659170257962334
484,3.3182594785312998
485,1.709307391858847
486,2.4026841010466553
487,3.5871847395677974
488,2.666367597522019
489,3.0131481297136995
490,2.0456341981776562
491,2.542894774271646
492,1.0150876137868772
493,3.5308541048144804
494,4.548626464553196
495,3.0967624825924314
496,4.634746288247232
497,4.9032878120372505
498,1.5200568214059853
499,3.3716603507653775
500,1.5401649111475484
501,4.485020276364566
502,1.9991405692035955
503,2.956806892249848
504,2.310698783506276
505,1.7793180502076895
506,3.924991422715078
507,1.0436725877918334
508,1.7542820279357874
509,3.3595539135209163
510,3.8386320827583496
511,1.1646420988057997
512,3.553636074358339
513,1.977975762003854
514,2.865007043800004
515,3.970636673507033
516,2.0743672355449965
517,2.4393621314728446
518,2.094272984202504
519,4.470668321384377
520,3.9661742780858464
521,4.941864033522807
522,3.3416833718909116
523,1.0547213448315027
524,3.629896303556737
525,4.601355836981158
526,4.094172377326304
527,3.736164846513914
528,4.3132441520439535
529,4.475857481281684
530,1.2209253488901601
531,4.164734289874048
532,1.5810781255805266
533,4.033693842849572
534,4.007407821179889
535,1.7736532844089825
536,2.188999357044433
537,4.11054787261284
538,1.2800748248627078
539,1.8119154081376565
540,1.7169005192763964
541,4.862109585426653
542,1.076395469990846
543,1.8444148126771647
544,4.5909026333589775
545,1.7048607219965084
546,2.7159236318465845
547,1.8825965088486272
548,4.563092269921464
549,4.294351708791306
550,1.9357489121150482
551,4.62871172656412
552,3.2657270788859734
553,1.6448081682739106
554,4.010577998170734
555,3.8485759320458053
556,3.5059878296287046
557,3.1684553099647608
558,3.80368397513998
559,3.048031507447588
560,2.4449104030024174
561,3.8056170731490218
562,4.866221776300801
563,3.3653159185474006
564,3.936382989763629
565,3.7133250911542617
566,2.1045719322920906
567,1.5275726872522144
568,3.698471638127374
569,1.4813149912861996
570,2.2327550005986265
571,3.9177814370156034
572,3.1929335644741506
573,2.7635067605381844
574,2.7212014038863406
575,3.190268194917753
576,4.8451164091262235
577,3.650028674365698
578,1.6810745379127914
579,2.8850245074597454
580,3.1646968805250952
581,1.4642121680423856
582,1.48670070897436
583,1.9708818163784332
584,1.0947374155226641
585,4.784207451565943
586,2.3574563976397043
587,3.7107388558856256
588,2.206125252948835
589,2.4381866632159035
590,3.749588035061932
591,4.505694672343842
592,1.2645396292838398
593,4.918047705034802
594,2.516071420702849
595,1.5635210783807758
596,2.1027914980209657
597,2.936132366145915
598,1.7519861373943542
599,1.7852972275883774
600,3.288321149337629
601,1.621576075347401
602,4.977057557562507
603,1.9526856011395899
604,3.1929805033815617
605,4.715907408966244
606,4.347176049919522
607,4.9897898990311855
608,1.5855070920946868
609,1.856261737148464
610,4.458617455377906
611,1.4963714639392567
612,3.3408225266754865
613,1.4199262625520306
614,3.589182736340486
615,3.5056868647424726
616,3.2030488048606465
617,2.533032665801859
618,3.776559484460876
619,2.849216201628631
620,2.85532123184898
621,1.047896762235819
622,1.7362336506335487
623,4.307736397908439
624,1.8317762270937847
625,1.5897912546159971
626,3.5651272347463165
627,2.2130166731708383
628,2.590434840569138
629,3.6822198358905145
630,3.498761499090398
631,2.169025281826096
632,4.597697734276128
633,2.72800413724772
634,3.3264748979327807
635,1.3811142028371233
636,2.308859862458479
637,1.2769404960080712
638,2.5065027281510814
639,1.9315218413386752
640,2.799566079500165
641,3.171682701946224
642,3.039243869158609
643,3.664824151689012
644,3.7394700678554242
645,1.600466338501226
646,2.9043393322173623
647,2.519028081707674
648,4.570188846192076
649,1.1331558453985746
650,1.5227826021038426
651,1.1317590557798995
652,4.191371955842648
653,1.5801270315503317
654,3.1881850527751903
655,2.954399457909447
656,2.1240294709484253
657,2.3533855989779786
658,1.829716658206018
659,1.2749242937228393
660,3.0682130145950564
661,1.9501325675205567
662,4.334713129114075
663,1.4194122414027577
664,2.4166083742819655
665,4.010547690412912
666,1.4073224777647098
667,1.5127819567129324
668,1.6396122363560823
669,1.8640166908116558
670,2.893821965398067
671,4.607318172392006
672,3.1295387610760605
673,4.355260260434674
674,1.620230785316397
675,3.789223332426792
676,4.735361358119343
677,2.461846525727598
678,3.372566409260614
679,4.975934737624392
680,4.350224691251039
681,2.0907618627000772
682,1.5777802205847733
683,2.9360017285011915
684,2.7717578487425354
685,2.1808208525849357
686,4.091563341173969
687,2.004515647742108
688,1.109044825006308
689,4.347565224711564
690,2.79076805117539
691,1.6542491680812637
692,1.3100830718869863
693,2.967625956757021
694,2.7415645142830285
695,1.6588643968109142
696,4.079331328029708
697,1.3476431653034093
698,4.299056743736487
699,1.1082322894223005
700,4.273999535580542
701,4.435419335367932
702,3.945343803822618
703,1.7948464152790193
704,2.277093148495906
705,4.26650840416206
706,2.836231837253342
707,4.407653145367329
708,2.4155070901997733
709,1.840649272451412
710,1.4052937057985342
711,2.2800937927404066
712,3.6877893693694355
713,2.967815815980364
714,1.108343102194362
715,4.687237455418165
716,3.327145109864839
717,4.856855740361423
718,4.763129169050979
719,4.545363712568703
720,4.11797709634226
721,3.41017346860816
722,1.43638187477
723,4.336297956833715
724,2.5603296567957208
725,4.516227112960031
726,1.3215236391904304
727,2.604173224257536
728,2.7129497845727473
729,1.2511829927874194
730,4.519271010612021
731,3.669887506621855
732,4.305330911023417
733,4.621291809828671
734,4.885057327877547
735,2.6769629983097833
736,1.6660086147014272
737,1.6756224586033723
738,4.391350783386141
739,3.8600867021882443
740,2.238632867106252
741,3.8607673871781127
742,4.961280614568235
743,1.0626620350865683
744,2.9160460839611213
745,3.938640452113494
746,2.3431250540684756
747,1.7675581720124467
748,2.956977990611298
749,3.5834899781478926
750,1.0506349861638125
751,1.8779562289023706
752,1.4455881064673477
753,4.010394179140899
754,4.8986397117889355
755,4.231739594645539
756,2.1607387643358975
757,4.988528028543419
758,1.1612938529360215
759,1.760666719124107
760,1.3126006907450924
761,4.068848652039302
762,2.1041377658874607
763,4.167958554205839
764,2.843429948607504
765,2.9154075087652656
766,3.9148679946310136
767,1.8385402154622463
768,3.2329552504664356
769,3.5280494816202523
770,1.778732974695012
771,3.8881274806714528
772,1.0876689457487774
773,4.47717933780567
774,4.403682870912895
775,2.5937541651407465
776,4.5507200554500615
777,3.2522044827516865
778,3.548684095991856
779,3.9731755063026477
780,3.871847239818062
781,1.7666978742123338
782,3.8457646547084523
783,1.9335569556562158
784,3.476234753830693
785,3.2029207535876285
786,4.685839341088355
787,4.641419740577589
788,1.0050837109292527
789,1.8722993661762812
790,2.7764525429869704
791,3.6004593170376658
792,4.0834033161806635
793,4.862230018196744
794,3.5365303427835526
795,1.2600310363049956
796,4.363824035404179
797,1.3453089529500235
798,3.5906729674092412
799,3.1563478605426747
800,3.024520603405284
801,2.06901655231209
802,3.025362872851195
803,2.9263469968474864
804,3.1444556536009354
805,1.913551453275435
806,1.499380187771723
807,2.181920369903385
808,1.8610437836106022
809,3.7233810433939007
810,3.4374264855648167
811,2.539719091770277
812,4.244813899616053
813,1.1882893825884082
814,2.772400253539987
815,4.8191264260046465
816,4.325785825780186
817,4.511561484846863
818,4.633239147499339
819,3.260473426237288
820,4.243603690634578
821,4.075691903905056
822,3.106104210623122
823,2.4601593690781556
824,4.753537854202598
825,2.4767917588287056
826,2.1417115860123057
827,2.9866088262643564
828,3.7342796556440856
829,2.6918600753166086
830,3.8458480855992745
831,3.190935908868614
832,4.7796137715504505
833,4.596869987761348
834,2.33341874578821
835,4.724968021234583
836,2.2751032083697487
837,4.6058022875403655
838,2.325766613238865
839,1.8270259617023594
840,2.831831455347732
841,3.01422423605316
842,4.039131592382926
843,1.473934902685491
844,1.3700512857930227
845,2.43986672460552
846,2.7145514946349145
847,1.7027814597954958
848,3.390351296368942
849,4.029485109410979
850,3.5273254628669575
851,3.5867684077695756
852,3.356688809864346
853,1.1913359470760758
854,1.6292292113168734
855,1.0479853593439166
856,1.8032315166964699
857,2.3954814588896687
858,3.1512967453740166
859,3.357146540509681
860,3.103375924994347
861,3.223851318277397
862,2.2412947061534774
863,4.964939305341344
864,4.7218237308659505
865,4.031344915434629
866,1.692542270177174
867,4.406347380396763
868,2.294025656347133
869,2.2423555416324974
870,1.1005663870749651
871,4.022413724605078
872,2.3277157858629964
873,4.065565775714633
874,1.74804753217381
875,2.1040918159205404
876,4.366061248891292
877,2.375666537487855
878,4.772535404026075
879,4.3781664982244255
880,4.583251612774373
881,1.1934334273913283
882,3.5475295233490214
883,2.366972079854942
884,2.697582207441296
885,3.727210250753749
886,3.1541311822040914
887,1.6080321654746443
888,1.980486487539367
889,4.4644129775651535
890,1.2629502639317245
891,1.76107962059832
892,4.115002038093138
893,4.458133056233073
894,2.4055980937812294
895,1.2091502828747656
896,1.1033228446097216
897,1.2521987638591487
898,2.6963878528878724
899,1.3843504326598781
900,2.094796020668331
901,2.994332694113003
902,2.4265426658145395
903,3.8835671592581713
904,1.3310377509696112
905,4.607350555230308
906,3.20868745126336
907,1.8495407371419725
908,1.2264179851767572
909,2.4285996920129373
910,3.0282654467852974
911,1.56509523911483
912,1.9834641712088081
913,2.2575788849396377
914,4.70979836673045
915,1.8410938058602895
916,3.9547377704514313
917,2.061843184900045
918,4.364355424863606
919,1.717665930221401
920,4.428523002207804
921,1.1134557451593445
922,3.5896665780739263
923,4.403073209318656
924,1.1913035480000875
925,3.2335285223492978
926,1.3483586589385612
927,1.2597893673858565
928,2.367259437854006
929,4.049240964380351
930,1.7405129245500564
931,2.1775218881493457
932,1.0529314398926655
933,1.3998987154589737
934,3.618320841112196
935,3.609159226688144
936,3.1401137850432477
937,3.073154826543915
938,4.360948008940211
939,2.1396074364296007
940,3.677535513934722
941,4.123628600747546
942,2.6806763356246424
943,3.4777507633756146
944,4.027736845382326
945,3.664261531632222
946,4.390380110718648
947,1.4727227585067695
948,1.8447804256144322
949,2.1049332056878507
950,3.022981810082458
951,3.8672730005605644
952,4.73071925896755
953,3.6203785524977015
954,2.2305255633479777
955,2.276677970620587
956,1.940957927226226
957,4.089251699748409
958,3.5138392801402776
959,4.2894467730752535
960,4.7219714705034495
961,4.3638315158094585
962,3.9518731291492557
963,1.3296542191135186
964,2.3381711163328123
965,2.0612077722910516
966,1.935494458409989
967,3.80138321140963
968,3.576428677075692
969,2.5248296566209913
970,4.27549705576691
971,3.281691223810752
972,2.5815411686960594
973,3.5310883035323557
974,3.042873292887897
975,3.972483621348794
976,2.513686910599176
977,1.1015036023182905
978,2.833830430835244
979,3.4591665756026626
980,2.6118833101433037
981,4.991947655505119
982,4.732449958228225
983,2.4589721586986983
984,1.123500530217303
985,1.5436394156712887
986,1.92542649318306
987,1.759441744184437
988,4.020998086433329
989,2.8810753471965587
990,2.6027156887378977
991,4.414194893545945
992,1.5843539214166675
993,2.3522283171812353
994,3.975169591906715
995,4.518215595372859
996,1.6372293825331075
997,2.540605190957699
998,4.838905667559029
999,2.723566799677688
1000,2.279390778934222
1001,1.9440059434039294
1002,3.3347537783523227
1003,1.6606523105652333
1004,4.434968863410096
1005,3.856442736186364
1006,4.670897559460475
1007,3.2190631977623725
1008,2.758291455266998
1009,3.9289177223381375
1010,4.629215697670782
1011,3.8295399161455466
1012,3.762127059692612
1013,3.8179881513965963
1014,1.096385708752801
1015,2.407347380843375
1016,1.0126409412294892
1017,1.6504668601677328
1018,2.8954433586141426
1019,1.5217537022414245
1020,4.46182814247708
1021,4.700772781935825
1022,4.75954320619425
1023,2.354717095164014
1024,1.6916054455369394
1025,4.379271544776309
1026,2.970124439212789
1027,1.592407597079331
1028,4.504399225360646
1029,2.3975067437465705
1030,1.1911189184532036
1031,3.888668725078565
1032,1.9099209216188804
1033,1.4200160002075228
1034,3.890721083143962
1035,2.331751903335235
1036,3.9332499736505984
1037,2.3200150038534444
1038,1.8375051204975086
1039,1.0369816154548537
1040,1.5341176610348977
1041,1.0638921023758643
1042,2.308042416276533
1043,4.631235256651784
1044,2.323776851091197
1045,1.3131746202124042
1046,2.42177396469468
1047,4.283507769705555
1048,1.7372078072851043
1049,2.99686695364896
1050,2.739173184746226
1051,4.91588792644593
1052,1.958854152239918
1053,2.2739064169678502
1054,3.18619336312494
1055,2.793160912827251
1056,3.7688567242098983
1057,3.6472431117631086
1058,2.2714133428636782
1059,1.364422198334649
1060,2.2845412481116543
1061,1.6363143733672358
1062,2.5750072214177857
1063,2.8910208897635936
1064,3.4749001998653717
1065,3.706933351223939
1066,3.8661367336346073
1067,2.4728762696341375
1068,4.384138348828733
1069,1.5567602559444875
1070,1.167047190312108
1071,3.4967081782281064
1072,3.041979106412123
1073,1.6363716355736684
1074,1.7020380817629484
1075,3.271629993989057
1076,4.21123100646537
1077,3.787364817133101
1078,4.9526992763415745
1079,3.71840607214607
1080,4.104145208916623
1081,2.419789182834362
1082,1.962108584026376
1083,2.647930721772014
1084,4.429335750453063
1085,1.6891006346415463
1086,2.3996757973533795
1087,2.6213234365653646
1088,3.0144150680689026
1089,4.858260638559589
1090,3.444720120250651
1091,2.289439495948631
1092,3.870298511135515
1093,1.1788590620091441
1094,3.775855543878733
1095,3.0662614217915563
1096,4.779280019691439
1097,3.292460941256779
1098,2.9392771811179337
1099,2.0992049733348406
1100,3.3787185433831195
1101,1.8218610662619095
1102,2.361147392264877
1103,1.8410749307817822
1104,4.7477296204299595
1105,1.93927300000732
1106,2.951143113639359
1107,2.3974911455643197
1108,2.4714417944202074
1109,1.2762871814738332
1110,4.263099950609941
1111,4.103849607227788
1112,3.013617247732517
1113,4.026319509143697
1114,3.003441448792287
1115,2.8362794419482635
1116,2.9489902703668895
1117,3.0828754120917043
1118,2.2419265849263783
1119,2.473737359534216
1120,4.474812564010015
1121,2.7855015731410084
1122,2.6768115263493253
1123,1.7343351370014006
1124,4.101808684759564
1125,4.783967649718264
1126,4.462298853438742
1127,1.229825500895525
1128,2.622059593974194
1129,1.3036052731464398
1130,1.7527908848765152
1131,2.680909073589859
1132,4.522897979452384
1133,4.632338786972869
1134,1.0943184332571994
1135,4.220872620564215
1136,3.184243188126623
1137,1.2950116087256807
1138,1.2100930888363397
1139,4.231380668934117
1140,3.0304770698460732
1141,3.0943127371311583
1142,2.0817532889119366
1143,3.836880110559939
1144,4.279030411654549
1145,4.005700598610714
1146,2.7774743551046566
1147,1.4300411068254144
1148,2.987475539456217
1149,1.6445718905602806
1150,1.054685737936346
1151,3.6177725664160723
1152,1.0534930930691377
1153,1.97142432275617
1154,2.615070734348524
1155,4.613358385237049
1156,3.2229668794458495
1157,2.8343978141019304
1158,1.264939838737582
1159,4.046684662809762
1160,2.4328682359648757
1161,3.5400391306190686
1162,4.554213871072514
1163,1.7820342658051542
1164,4.158108644511725
1165,3.443342347766108
1166,1.7942652071758323
1167,3.118309666683826
1168,3.1851148375068354
1169,4.045453384136815
1170,2.987991247690904
1171,4.409961309171361
1172,3.7625394035579016
1173,1.5644425953595427
1174,3.6973574898097135
1175,3.849543807930887
1176,3.654766564591089
1177,4.438904986379285
1178,1.827179479221516
1179,1.3485087741677173
1180,2.09948998055233
1181,4.361912113042825
1182,1.274731059671034
1183,1.3551910571917274
1184,2.776366780916892
1185,3.7519115719332246
1186,1.1279655314944619
1187,1.7899307105719875
1188,4.877219246264724
1189,2.3070579123453356
1190,3.909684685465511
1191,3.3290432175174742
1192,1.1365291622707652
1193,4.76515572560589
1194,4.783743842435472
1195,4.955432891341235
1196,1.978506361178317
1197,2.779549267353783
1198,3.136048118266062
1199,3.7968886850645216
1200,2.3303512965815343
1201,4.680204496712133
1202,3.4451838088017137
1203,2.4486824375625633
1204,3.9026914098159255
1205,3.0612941999346095
1206,1.5366493444765674
1207,2.615208176264538
1208,1.2384394510113954
1209,2.1852925120727202
1210,3.80136459389397
1211,3.200964398581471
1212,1.20884913813698
1213,1.1080353161966734
1214,3.33289417938498
1215,4.55129460948827
1216,3.2715079392091027
1217,2.7899706047064337
1218,2.3409484178351385
1219,2.3226431923981883
1220,4.7894858030343785
1221,1.3902151979466244
1222,2.4488630227935513
1223,1.7778059407180118
1224,2.302547732035628
1225,4.175416257436211
1226,4.416145905115632
1227,1.3646270723206504
1228,1.6875079112345954
1229,4.361616386841092
1230,2.0075457934390863
1231,4.173779030151494
1232,3.3104930833056954
1233,1.305116415774743
1234,1.257644677013388
1235,4.929416238511026
1236,2.35093227589979
1237,2.6125090984853387
1238,1.2681874025752107
1239,4.698147714262401
1240,1.9628258504306868
1241,4.041727171038723
1242,3.2303121416191436
1243,4.427022060643293
1244,4.550843708264086
1245,4.364265907066778
1246,1.4172975299114494
1247,3.271535538361106
1248,2.39345312638917
1249,4.054099283301923
1250,4.044627621409912
1251,4.3455520046494165
1252,3.136453284432373
1253,3.2610544986187513
1254,3.2771127565514444
1255,1.3227796674195673
1256,4.7391396915082975
1257,1.8097900385816934
1258,3.5781767502773456
1259,3.971651535100115
1260,1.901683359712615
1261,4.23093000866368
1262,2.051599527614879
1263,4.294564413009652
1264,3.1410679745587657
1265,1.2306708711365077
1266,1.3049511410937225
1267,2.679448047863316
1268,1.4809301386042542
1269,2.4398175360170136
1270,2.9561710482850914
1271,1.8396881325087309
1272,1.310077369327161
1273,4.233018901167947
1274,1.3407476603764175
1275,1.5078803079854706
1276,4.326327849983549
1277,3.640926006315586
1278,3.000707603889302
1279,1.0839077608528593
1280,1.807622370116682
1281,2.0927819239363195
1282,4.244451625220584
1283,2.6277929161939415
1284,4.955357439908191
1285,4.054005448359658
1286,4.666279482836193
1287,3.442143640895589
1288,3.1854315130473045
1289,2.694961931148433
1290,1.339669224074843
1291,4.636280838330286
1292,4.338371446912005
1293,3.0877479143755284
1294,1.644870343817436
1295,3.799979862869451
1296,2.7380304470660404
1297,2.03361037138101
1298,2.056205359530938
1299,1.0310715249469915
1300,4.029592834239539
1301,1.0669465404880056
1302,1.4716649936084711
1303,1.7833916863429957
1304,2.214223882463744
1305,2.153688950619639
1306,4.323882200433111
1307,1.8735147178527924
1308,2.3573725027736385
1309,3.027782350943027
1310,2.921094461357684
1311,4.61698536606273
1312,1.7682559233886566
1313,3.5695477316186293
1314,2.2889025037103776
1315,1.5192579112610902
1316,3.808371785172872
1317,1.029638711044496
1318,2.646874930976733
1319,3.6364384243598757
1320,3.8201381359480338
1321,3.5975988434141697
1322,3.520227023461368
1323,1.973126758431809
1324,1.848695846825413
1325,3.6579322391022187
1326,4.215045731041326
1327,2.9846292128025254
1328,4.956291536412452
1329,1.0316976987081348
1330,2.80838344691547
1331,2.4723118943836875
1332,1.2653630512447065
1333,3.5046680618918167
1334,1.94734469585344
1335,2.597245798892093
1336,1.331921106797875
1337,4.248070212944095
1338,2.8467566241793425
1339,4.984324743569179
1340,2.842371297328068
1341,2.578440254859345
1342,3.6434744262346475
1343,4.803427203522192
1344,2.2704391742007943
1345,3.6264816304499274
1346,2.5082742775645217
1347,1.35253335222811
1348,2.371492910207874
1349,4.248855337510283
1350,3.687721889732152
1351,3.6192092759868006
1352,4.488107319818477
1353,2.47065766326306
1354,4.971744321940237
1355,4.976410054479013
1356,4.495439109662511
1357,2.6656720619228502
1358,1.0249104294329912
1359,2.6749115275963735
1360,2.1935395644653664
1361,1.7803183039226869
1362,4.832474912880704
1363,1.4148671114128244
1364,2.4937744342898
1365,3.22946886807121
1366,3.086359519951361
1367,2.824297367597085
1368,1.1292075672476192
1369,4.341476375423914
1370,1.6284513211351843
1371,4.8769587116167665
1372,1.7961537715347848
1373,1.992278681732849
1374,1.3576920989747823
1375,4.085556229268657
1376,2.7304506424637167
1377,4.1807902214015105
1378,2.329726012510338
1379,1.3998479003667406
1380,1.339232676881429
1381,1.8259704013421092
1382,2.342832105081545
1383,3.967589658860681
1384,3.7684510855191853
1385,3.63233083864367
1386,3.027395870326947
1387,2.3794151621237303
1388,4.601916935791083
1389,3.3704423419050387
1390,4.245150259792551
1391,1.7322643152291795
1392,4.794575768208653
1393,4.7239254281091245
1394,2.667933644537616
1395,2.8365001742340574
1396,3.1085220267205584
1397,3.516962948534533
1398,1.2757680820136006
1399,3.720562838511364
1400,2.51637423266897
1401,1.039375426563757
1402,3.0836227685809274
1403,2.8827060808676315
1404,3.043322904877446
1405,1.3399263446203369
1406,4.129894461504481
1407,4.730639661295461
1408,3.602393315974228
1409,1.752577554141912
1410,1.1495483904839778
1411,1.935813390146968
1412,3.844267614246338
1413,2.7585440516398676
1414,2.7433159896769483
1415,1.152158858097252
1416,4.961461854372704
1417,1.7753706596443406
1418,2.664274997375772
1419,2.1023891211894274
1420,4.311960412527556
1421,3.1341387990927827
1422,1.5110163449292688
1423,1.7144320289740982
1424,2.2821354775456317
1425,2.6369624415782273
1426,3.96640865066076
1427,4.330789121386928
1428,1.3239302234824843
1429,1.6169356720434136
1430,4.5165482403497315
1431,3.928074863582436
1432,1.4148578929944287
1433,3.473117308080457
1434,3.5514817014672713
1435,2.8326588652173905
1436,2.1989933893644698
1437,2.70239903915182
1438,3.429036236504014
1439,2.6506108479824975
1440,1.339011224963052
1441,3.795838675726258
1442,2.5338609191325503
1443,4.62832996392201
1444,3.8517676572537094
1445,1.0074849932055412
1446,4.034721483076952
1447,2.7264384567988893
1448,1.6643487843198015
1449,3.3711110613811885
1450,2.2198896849488325
1451,2.7752861437774654
1452,2.331015398665435
1453,4.033186399912113
1454,4.578153880068264
1455,3.1074395654512075
1456,3.705662170262676
1457,1.5850536717226769
1458,1.6491333586781947
1459,2.1448983777840525
1460,4.9335357554800945
1461,2.242540234662214
1462,3.0889047706120576
1463,2.8008965098237106
1464,3.0537496382149056
1465,3.243210701056799
1466,3.4454640051971697
1467,1.093535984645448
1468,3.366373471686739
1469,2.63649106130459
1470,3.712296320683073
1471,3.1264598952852527
1472,2.9152632397417886
1473,1.243874248989525
1474,2.275710475833057
1475,1.246447316483477
1476,4.124265395056676
1477,2.3023318971055318
1478,4.437326390875953
1479,2.3678877507303606
1480,3.754109509656301
1481,3.4433238029988873
1482,3.5320796959976724
1483,4.51909572712224
1484,2.1884855202804268
1485,2.214221291390208
1486,1.4591843075702555
1487,3.4462217133286366
1488,1.2033966798494307
1489,4.950079724287997
1490,3.839554419252054
1491,1.9904862191439614
1492,3.486638845525398
1493,3.9416804506535392
1494,2.2750390762973165
1495,3.6084554019097
1496,2.3894838405395284
1497,3.7407038503491665
1498,3.2999793271411626
1499,2.195643737297402
1500,4.913282256582006
1501,1.6910688504596854
1502,4.8839346211177395
1503,2.9291869387739355
1504,4.655922548482771
1505,1.3845711944681356
1506,3.0810416698995833
1507,3.5758338027014838
1508,2.69679792166424
1509,4.721019591812908
1510,2.816103452878591
1511,1.9261721674395007
1512,2.500557244284166
1513,1.2865939749932673
1514,2.3876930017583033
1515,2.0121139024187724
1516,4.726432514471689
1517,3.6139510736493006
1518,2.239197989441773
1519,3.8310799045431345
1520,3.846461758250901
1521,2.5128327794426246
1522,2.0678583809509288
1523,1.2946413697737151
1524,3.1299247221282656
1525,4.878218119559699
1526,2.5979993733559468
1527,3.6181421458240486
1528,1.733122623490806
1529,3.687561553077887
1530,1.2442490813206102
1531,3.101284942669582
1532,2.74672379745151
1533,3.789008633405745
1534,3.272146235862551
1535,1.1993765283072566
1536,4.170287352580374
1537,2.9735913499402713
1538,3.641634421119207
1539,3.1897455604425695
1540,1.1483497886896128
1541,4.735279482768476
1542,3.098973163054595
1543,1.0061609709076715
1544,4.2517234859501825
1545,2.68069919014126
1546,1.9691795371565441
1547,4.0078928407543
1548,4.127811920177593
1549,4.098130712120887
1550,2.9518517667545314
1551,1.0317824675624139
1552,2.640051498831029
1553,2.990545298481984
1554,2.623145714014552
1555,1.0572324908594841
1556,2.5934171473712966
1557,1.7799362388401199
1558,1.894170878829232
1559,2.7001206724619538
1560,4.590618917608116
1561,3.6523726677713824
1562,1.1432692603760484
1563,2.5527544386311534
1564,4.026469109266853
1565,3.389760385891968
1566,2.289147586170761
1567,2.4529191330449196
1568,3.2714395946437493
1569,3.22567828036926
1570,2.280030354665397
1571,1.6280084827076942
1572,1.6090081097994084
1573,4.703997059069584
1574,4.007040701397052
1575,4.192176149985719
1576,4.080554068068814
1577,3.366355674742486
1578,3.8759161536392246
1579,4.983376669595727
1580,2.8910037298367115
1581,2.8962699952225357
1582,3.988657750522866
1583,4.233324344923856
1584,1.9874323341111881
1585,2.6890169051751296
1586,4.559384838848144
1587,3.4442888504497957
1588,2.125695874265858
1589,2.743503466320386
1590,2.3352628390556576
1591,3.3924487849639617
1592,2.7652963282529996
1593,1.668016530048626
1594,3.9973146357020597
1595,2.035199974520387
1596,4.037853253393973
1597,1.8241564728551682
1598,3.011650806282361
1599,1.0079419971739556
1600,2.0621791263723623
1601,2.548529313940041
1602,3.0388478097728653
1603,4.358805408129289
1604,4.65427390469989
1605,4.738456838385169
1606,4.138772690269269
1607,2.6583680712449045
1608,1.0147757035551246
1609,4.783645932397595
1610,3.202567413290939
1611,3.6938513722476998
1612,2.8340269127166104
1613,3.45682637570936
1614,3.680060942466274
1615,1.2657447746471369
1616,2.0534090040670043
1617,2.6111285064479937
1618,3.8667822525702387
1619,3.9735183862482195
1620,2.196467431876643
1621,2.193295516457367
1622,4.307324528105389
1623,4.269774963487139
1624,3.594526740613032
1625,4.67458773955801
1626,4.4852960631412735
1627,4.654529832477817
1628,1.8889261819068612
1629,3.3044770874831824
1630,4.793098961080721
1631,3.096641099204481
1632,2.7855377492916618
1633,4.9877769830922345
1634,2.5517380982679367
1635,2.618170132797941
1636,2.607999757770955
1637,3.7989384764580225
1638,2.561488447194179
1639,2.4510130422873107
1640,3.1968488568395097
1641,1.5569264027065546
1642,4.508485581145871
1643,2.4388977817178623
1644,1.395291668971851
1645,2.81918910617677
1646,1.579638029186194
1647,1.4755696673534584
1648,1.3540699326251295
1649,2.683161457152568
1650,4.176412533351703
1651,3.1938765819040045
1652,4.10307427836139
1653,4.971905223619769
1654,1.0882036843160496
1655,4.01263421096237
1656,1.579385478109851
1657,4.407548526676719
1658,3.6461047809536398
1659,2.4357233394551536
1660,4.46643671638966
1661,2.1760631884491053
1662,1.5092584967935299
1663,4.164693744279962
1664,1.4249683338522163
1665,1.970672234066671
1666,2.150302722329695
1667,4.873590733476698
1668,1.108724887946011
1669,2.3450088311688533
1670,2.046615911848006
1671,2.1301274878136454
1672,2.6053606164725527
1673,4.915429931727838
1674,3.1203735504165198
1675,2.218243548807273
1676,4.355101403280241
1677,2.6343652929802652
1678,1.2069469506623753
1679,4.2592268107896025
1680,4.214588889151502
1681,3.9726833457195863
1682,3.7792879292340267
1683,2.968672823623073
1684,4.408957283690633
1685,3.9558132076528847
1686,1.8543098044976696
1687,2.8916437806806403
1688,1.7728060756462414
1689,4.652947271080729
1690,4.092015567218601
1691,4.476566062066471
1692,1.3172028537906502
1693,2.5008702840785038
1694,4.450004832809652
1695,3.666574986236049
1696,3.899794757545453
1697,2.23148666745233
1698,1.7621715715515753
1699,2.9225697316727213
1700,4.783000752496653
1701,3.787402316507958
1702,4.06484265198948
1703,3.083855821753003
1704,3.6920495066432237
1705,3.1826961117154404
1706,3.32091519898053
1707,3.7739140365943746
1708,2.63932230117709
1709,1.4476555090471708
1710,2.964252933801793
1711,4.066644331743779
1712,4.571853856883654
1713,2.3618648640072313
1714,4.373618384078676
1715,4.679774664683633
1716,2.1465904455388625
1717,4.2129767609759705
1718,3.9374052152583126
1719,1.1630428057047486
1720,2.9050656447556586
1721,2.2422681612078454
1722,4.000116962651573
1723,3.274486928249194
1724,4.606373345424384
1725,4.974072335617433
1726,2.949012677522653
1727,3.570000319031486
1728,2.3978781643261167
1729,4.568273979190888
1730,1.0581766651402953
1731,1.18011455990949
1732,2.8927233012972398
1733,3.5695210838257645
1734,1.2656791484516146
1735,1.8932119969547747
1736,1.3659568231138963
1737,1.1338065960580743
1738,3.8244877035517892
1739,3.148020909899858
1740,4.616054701102497
1741,2.822565983453695
1742,3.4927729678633948
1743,3.44206017479714
1744,1.8135076023369554
1745,1.7780908746798612
1746,2.1202151572512147
1747,4.8962052212190645
1748,2.7480272122608658
1749,2.8543697010704774
1750,2.5538993579736293
1751,2.454568217554947
1752,2.119209377260874
1753,1.4724182267588062
1754,2.4380865030096075
1755,3.7675708529994485
1756,2.9077276177072764
1757,4.109692919309461
1758,1.065456971437174
1759,1.416939182026328
1760,4.859751539677262
1761,3.8233155047157403
1762,1.077803922360408
1763,3.8090424129456695
1764,2.289654688090015
1765,4.403693782671416
1766,2.8145778381472493
1767,4.819390580523845
1768,3.9699947906435247
1769,4.247806139666631
1770,2.5780864843090017
1771,4.939382380307929
1772,1.3994014255023504
1773,3.1110842347332235
1774,3.270288990140358
1775,4.096039025454444
1776,4.026698778461878
1777,1.9731612032087051
1778,3.3879291070014514
1779,2.231772693740663
1780,4.382741949603878
1781,2.791040114399309
1782,1.2521895605970537
1783,4.52804411842039
1784,4.273542499019705
1785,2.1107340295102075
1786,4.86141325737535
1787,4.320898217944913
1788,2.9953239589286724
1789,1.2044218622653728
1790,4.920688225488426
1791,4.22347507254088
1792,3.14478723228879
1793,3.688178516293331
1794,3.0310552579982115
1795,1.484654445358058
1796,1.68106667104318
1797,2.4095971210494938
1798,3.2336307686423793
1799,1.3493672408878798
1800,3.1226029944995024
1801,4.802863712660798
1802,4.906922999919014
1803,4.5603172822441955
1804,2.6997972729322615
1805,1.6956466091247488
1806,1.3003431542384702
1807,3.245101813180488
1808,4.579543136384062
1809,2.751842528561417
1810,2.451193793145073
1811,4.045224260212912
1812,4.279205884644593
1813,3.514497419354679
1814,2.7295446668980587
1815,1.0289505785114956
1816,3.337608141602039
1817,3.2963282947226893
1818,1.3394958977815596
1819,1.3370010660782672
1820,2.9711377102511696
1821,4.317967724522687
1822,1.095484325644113
1823,3.4645523877754165
1824,4.103059984746733
1825,2.9214461596510026
1826,2.8620430053429557
1827,2.566841236044759
1828,1.8365457048604457
1829,3.6784213476497687
1830,4.237429538057827
1831,1.7918294396609151
1832,3.087391417431579
1833,2.9240049234558327
1834,1.4268898926976115
1835,3.9002770028217966
1836,1.2001302693327416
1837,4.7311101293874716
1838,3.159396454285078
1839,2.5981783514353234
1840,3.3352707123526937
1841,4.118379981945994
1842,2.8686902157532654
1843,4.958554003639215
1844,4.373660298852732
1845,3.7409132373841834
1846,1.1408156024453087
1847,4.502461227523844
1848,4.8578699839944
1849,3.8670353043600936
1850,4.806138320298709
1851,1.597636274322615
1852,1.8131759535319092
1853,2.5124785501708646
1854,1.5658548210097107
1855,2.182116747036731
1856,3.531804308102398
1857,4.061132832913185
1858,3.36491285941677
1859,4.749600446058985
1860,3.8112891335708765
1861,4.313389641569728
1862,2.2169751771492763
1863,2.0354967528814254
1864,2.2297596405074915
1865,1.6856957935486716
1866,4.850843269088771
1867,2.390427450617902
1868,2.598346480409171
1869,3.7023048361398283
1870,1.8985243994129446
1871,2.885021597538412
1872,2.7014540172461348
1873,4.601219535038217
1874,1.681547454732574
1875,2.377682223233718
1876,3.7249930988686732
1877,1.8290142795669766
1878,4.67263978848996
1879,2.668110055699602
1880,1.5789711963756856
1881,1.8430653884128247
1882,3.47737523917528
1883,1.6794798213713733
1884,2.127918844039574
1885,1.5949784557406863
1886,4.225246441502053
1887,2.805922205196198
1888,3.4164905884770285
1889,1.5428274981710488
1890,1.97552771080267
1891,2.515124492328996
1892,3.1677661557487284
1893,1.6678888652268529
1894,3.8611664995163624
1895,4.73320648504996
1896,3.6996023651031025
1897,2.5553062055096465
1898,1.541037063241001
1899,1.8208173044520874
1900,1.5107767698430372
1901,2.4337504264304526
1902,4.89581627576961
1903,1.9865338217851836
1904,2.9716294975457487
1905,1.4372119483542423
1906,4.418527160256924
1907,1.3978471464742093
1908,2.2098340021847442
1909,2.5785456431498175
1910,3.673122029548719
1911,3.1929681455302026
1912,2.1189284509615884
1913,3.521591896783546
1914,1.881380849142971
1915,1.9949742195246403
1916,1.1988454192712275
1917,4.6826103214544315
1918,3.607234555271173
1919,2.7060551987423422
1920,1.2633045989479599
1921,2.0190789639650366
1922,4.257367493590224
1923,3.793894869500887
1924,1.0148201969909403
1925,3.6386486420855695
1926,4.8167974165323635
1927,4.913640653587327
1928,4.327266461598711
1929,1.5843491623816548
1930,2.1074949181227813
1931,1.1856631388564578
1932,4.38634885876384
1933,3.723743927059174
1934,1.2378076102409716
1935,2.71361291889013
1936,1.5250238725326302
1937,1.0556142466681413
1938,4.587419513009843
1939,1.663964921257127
1940,2.5322563226047534
1941,4.335013639421579
1942,3.102947886934635
1943,4.780000030882377
1944,2.0176201024038223
1945,3.3250194314006647
1946,3.766753586066849
1947,3.915915860400977
1948,3.4854622639110895
1949,3.9455478182611934
1950,1.1188563314565774
1951,4.747507370497022
1952,4.2034731996909755
1953,3.586037163913052
1954,3.329601358107599
1955,4.5019820338960805
1956,4.416012511284663
1957,4.6081636402360004
1958,2.7382138124376882
1959,1.9910618281291974
1960,4.378629937760047
1961,4.4240007559265315
1962,1.538760737679607
1963,1.4228738812857005
1964,4.3036563751791155
1965,4.036922388805422
1966,2.6545486275954637
1967,2.136969220548206
1968,1.1500023914502084
1969,3.5672373296016895
1970,2.4517585813942326
1971,2.877919567593766
1972,4.381717407425281
1973,1.562378528520477
1974,4.210808306770433
1975,3.8931416043538825
1976,2.080189003572293
1977,1.2894095693443481
1978,4.112810362491515
1979,4.660584666371667
1980,1.0253132992277085
1981,1.0834179466688942
1982,2.2443826090792744
1983,2.59755218370875
1984,2.955617499876807
1985,3.796818460487882
1986,2.060304708534176
1987,1.3856255127079233
1988,4.413156032068024
1989,1.8332960208609914
1990,1.2184059289963156
1991,3.1778164162703573
1992,1.064388326199468
1993,1.9107913696600858
1994,1.584487113205038
1995,3.0253851198529063
1996,2.8709549599692563
1997,3.5647654197592313
1998,4.006434944902681
1999,3.9829770717460256
2000,4.372761909192327
2001,1.2845672334736724
2002,3.915206032265405
2003,2.347313526216511
2004,2.878735775130289
2005,3.9732958179238422
2006,3.1857814454718176
2007,3.7029160606559675
2008,1.5036883303339779
2009,4.123868060747155
2010,2.9148198260036624
2011,4.820064260588104
2012,3.3302424642855675
2013,1.76350574394089
2014,2.4086433423710165
2015,1.5447857428342275
2016,4.540698267670709
2017,3.694485585883063
2018,4.082750031390546
2019,4.468296661686806
2020,4.191987739872326
2021,1.311238963412202
2022,2.9067947691935743
2023,1.724896541257721
2024,2.2100630541062483
2025,4.751606427576628
2026,4.389600884971021
2027,2.7908553994824117
2028,4.792959088008763
2029,1.5728522589396174
2030,2.234394505180202
2031,2.739236497807155
2032,1.9125388039550124
2033,1.9865097333859834
2034,3.1167542303531683
2035,4.908656209709746
2036,1.9786667673285279
2037,4.59318175527933
2038,3.36848087501251
2039,4.509264963210656
2040,1.7608391045222298
2041,4.333902795124452
2042,2.7807871142456118
2043,3.9311128377385858
2044,2.4823353604965996
2045,3.1566156082708936
2046,1.5046088684006373
2047,3.8962192098477746
2048,3.851530079851802
2049,4.1408411430479655
2050,1.7680504814743472
2051,4.277460988256509
2052,2.2019170992610277
2053,2.02763493008574
2054,3.944043696507355
2055,3.2242364882908663
2056,3.2813190175326095
2057,3.024326748608212
2058,1.6365564910437582
2059,4.577463013618399
2060,1.4208569006482885
2061,1.145604405809376
2062,3.450725175175629
2063,2.9917198161690677
2064,3.1267164288692615
2065,2.351842546537671
2066,2.9943018656165536
2067,4.885331112794394
2068,3.71267234624073
2069,4.788552084524525
2070,2.7859942064634913
2071,1.602624495850506
2072,2.0812099140024736
2073,3.9160938727890704
2074,3.3099916697205978
2075,1.2244844472896688
2076,1.6145188636060372
2077,1.781387135201979
2078,4.891842236277763
2079,3.2565631253300427
2080,4.3577545055829265
2081,4.725254835444772
2082,4.947981038598872
2083,3.481905787293981
2084,2.3679065935598227
2085,2.860363158932596
2086,2.9001611289666602
2087,4.612480205470922
2088,1.5700068653571373
2089,2.3548483468725228
2090,2.164297509842131
2091,4.795494134180975
2092,4.163790664931996
2093,3.095054890434149
2094,4.413331104443648
2095,4.889387738619488
2096,2.1723275908454767
2097,4.281741510593937
2098,4.625228973001152
2099,4.909535797688093
2100,2.8938504848913085
2101,2.1368305245531976
2102,3.3945754007863886
2103,3.387021561885003
2104,3.277096344809565
2105,3.0058377380627856
2106,4.8008366657708565
2107,2.413680490629555
2108,2.0970929097536217
2109,1.7776072191818928
2110,3.8942651195062004
2111,2.314975446868071
2112,2.487211451078117
2113,2.7450415229144434
2114,1.5983885838396326
2115,2.7983443904516463
2116,1.261168259791793
2117,4.811110297301568
2118,3.764925603704393
2119,3.2127543129406924
2120,2.4263063139063097
2121,1.2279570774360273
2122,3.9304013107789477
2123,2.6768175238130145
2124,4.645937503652085
2125,1.320752930137012
2126,4.259207215895229
2127,3.0963678535324575
2128,4.898518110394729
2129,3.1025090382559863
2130,1.081309137869781
2131,4.4735866524401215
2132,1.6837618957100315
2133,3.9079479616004402
2134,4.657762201144824
2135,3.3266031762196477
2136,3.102195233551344
2137,1.8931358727367087
2138,1.1744417548562183
2139,3.242032067122345
2140,1.5214297062328659
2141,2.495156101723826
2142,3.9835059585778474
2143,1.7933696920260815
2144,2.50172599206683
2145,1.134492288801753
2146,3.215680852656932
2147,1.7982657913860893
2148,3.2156096506652303
2149,2.5420861994323465
2150,3.0907076737782533
2151,3.25662562266439
2152,3.0607098520151417
2153,3.96924920227203
2154,2.147858081571119
2155,4.0812644007425725
2156,3.1141537478672485
2157,4.683100026447903
2158,2.120041236021702
2159,1.3479138459618163
2160,4.928270385312395
2161,2.8583559750546472
2162,3.04772562079072
2163,1.5933102347204358
2164,4.489057961347818
2165,3.818014782072267
2166,1.348070791706907
2167,3.291876453594213
2168,4.677198218962125
2169,4.760765423581315
2170,4.732376063407811
2171,3.7763275063532533
2172,2.9261367704982613
2173,4.329753798863953
2174,3.461090007101572
2175,2.7937759509398052
2176,4.501893341988395
2177,3.902719082001177
2178,2.0208833150216043
2179,2.645867359921089
2180,4.5292660751384375
2181,2.2330280935688593
2182,2.6812568385199804
2183,3.968198025778769
2184,4.891849597441443
2185,2.9182693693316897
2186,4.808845466233534
2187,1.0549759530506768
2188,2.810384461625669
2189,1.0946385761143462
2190,2.9764205623925717
2191,3.8689093872273075
2192,1.5788971502542761
2193,3.948873353137233
2194,1.6191685175529997
2195,4.956435480820446
2196,3.5883404026530052
2197,3.6744406905680194
2198,4.4694694202470036
2199,2.0783245058019912
2200,1.5933222199363732
2201,3.7704262848061454
2202,4.512999345477595
2203,2.4311471546291967
2204,4.941676032668562
2205,2.788998186244233
2206,1.3421384589455148
2207,4.1982689709352465
2208,4.6700446841284915
2209,4.725619278155237
2210,4.130877532280325
2211,1.8587857112866026
2212,1.5774973562275232
2213,3.0138209187432463
2214,3.6808461416666045
2215,4.468668037288676
2216,1.648936167959525
2217,4.006558196355076
2218,3.272778683784873
2219,4.427523303362368
2220,2.148519026925683
2221,3.460591524423138
2222,4.986143910382417
2223,3.2516588389017946
2224,3.6658124022254017
2225,4.059985066822609
2226,4.191747310044624
2227,3.960362556553957
2228,4.884219811074751
2229,1.3235191360909564
2230,3.3239509511662066
2231,4.957616488226812
2232,3.2316945146307954
2233,4.646228055265334
2234,3.5336397451398898
2235,3.331878072609081
2236,1.608013746238008
2237,2.3165373569003447
2238,3.4627705765502217
2239,3.750845925344325
2240,3.9778834670642618
2241,2.546110702672951
2242,1.7675359383442721
2243,2.2014791979741957
2244,2.5774637460026866
2245,2.655986193626151
2246,2.636913624058089
2247,1.968042703188539
2248,1.0978464460645245
2249,1.2786787525489576
2250,3.6225237772008283
2251,3.082897864296284
2252,2.253142145131982
2253,3.8535194324488944
2254,3.724892632107487
2255,2.659804846477557
2256,3.2873523974119756
2257,1.003842683801119
2258,1.3604504332537442
2259,1.7351492395816033
2260,1.1418777622108873
2261,1.4643338492044662
2262,2.6428419299066164
2263,1.7972621318582442
2264,3.6273060214755852
2265,2.494555391819639
2266,4.38239782929858
2267,4.074296770301087
2268,3.3915466897182873
2269,4.539352797030438
2270,3.546709142971789
2271,1.6767970921023676
2272,1.1531061757795449
2273,1.1229919726231343
2274,2.8636373961776096
2275,2.9050375899681833
2276,4.942473712139428
2277,3.370030979851344
2278,4.631323960053738
2279,3.582759027414622
2280,3.5601806166607615
2281,1.447848484454949
2282,2.368985410926828
2283,1.9436554345665145
2284,3.280153616976163
2285,4.005766524650269
2286,4.0651765304820735
2287,1.1143721964860545
2288,4.676437216189603
2289,4.097313504191879
2290,4.1342159154671885
2291,4.46893923536558
2292,1.86931781784569
2293,4.5910265443321965
2294,1.7528891647744658
2295,3.657978362210782
2296,3.0451256627053476
2297,3.695969433118657
2298,1.8093088923587541
2299,2.0236700792326205
2300,1.1346748936238233
2301,1.630066449839417
2302,2.120681639290001
2303,3.3231813992816384
2304,3.5302822778919656
2305,1.8913715346553723
2306,2.574816601094942
2307,4.622540110203403
2308,3.0111160424074686
2309,1.2994161071036507
2310,2.4801768115810376
2311,4.288320998236772
2312,4.81511036765064
2313,2.305321941727859
2314,1.9124467231018558
2315,3.587473528777076
2316,2.0458588476061084
2317,3.230860896851968
2318,2.5646629230308133
2319,3.6811623937582563
2320,4.282770944498043
2321,4.587095739844321
2322,4.5070804120971015
2323,3.3029805092418854
2324,1.2828972271022616
2325,3.8446602044141325
2326,4.11324478643785
2327,1.6254556129788602
2328,3.336336635810117
2329,1.7255069511838985
2330,4.314322472357103
2331,2.626443762862239
2332,3.6576048847581357
2333,2.6501601582063925
2334,1.4177092757252812
2335,2.9043270520759705
2336,3.802383938649922
2337,4.281144714424033
2338,2.6117420898534722
2339,2.4060244724829998
2340,4.292093830556249
2341,1.3179232534391536
2342,4.300641876847974
2343,4.9908503106580175
2344,1.8164635735109678
2345,3.6638404841959358
2346,3.9621236718529897
2347,2.941320882823147
2348,4.9561450847185995
2349,3.790481316660978
2350,1.6165022196004197
2351,2.2276564995673254
2352,1.485667785838522
2353,1.8342646307571253
2354,3.5579968429795845
2355,4.810884959947611
2356,4.536159166668142
2357,4.5507329793302045
2358,2.507477292370395
2359,4.659789870396237
2360,2.254599171917276
2361,1.073740690275148
2362,1.3664181765838164
2363,4.9099867368163
2364,1.5481260576834512
2365,2.8523527938582633
2366,3.932916866527973
2367,1.2246491423213
2368,2.962782959675967
2369,3.5275318526871704
2370,2.8632484847436386
2371,3.9366991952814288
2372,2.3967105415843064
2373,4.462031554388143
2374,2.365695641428283
2375,3.8213683001028853
2376,2.608361313542064
2377,4.672699652486718
2378,1.8403651019064151
2379,1.1072599197012414
2380,1.5995300265986665
2381,1.39008210155772
2382,3.6269718405385203
2383,4.833627843717542
2384,1.0183694864796635
2385,2.014671090329827
2386,2.4343941998508787
2387,2.1482988351044137
2388,2.2807571718705866
2389,1.6158141946808597
2390,3.7724196425390013
2391,3.6645497097972872
2392,2.5115992066605854
2393,2.700714667728584
2394,1.0103500504930034
2395,4.898854023414371
2396,1.8364537088955681
2397,3.9934146456910815
2398,2.8197256241046267
2399,1.2924411482763962
2400,1.3938290526039223
2401,1.3651724599441502
2402,3.379473338376204
2403,3.5586006656709004
2404,2.3039169044239274
2405,1.8583725063008112
2406,2.445485842490042
2407,4.786271499030408
2408,4.647874432817778
2409,3.7530757962780537
2410,1.7176812646686974
2411,3.236617526364343
2412,1.7225292427659924
2413,2.59852736081055
2414,2.4737680727474127
2415,4.129933941316692
2416,4.716825941870988
2417,4.962664220677764
2418,3.929888091622986
2419,3.4782189131578938
2420,4.894367003117379
2421,3.1890450439534166
2422,1.973720591071288
2423,4.163185714421485
2424,1.537717649861977
2425,3.790797136674967
2426,3.257179122954997
2427,3.3794953568225705
2428,4.961125592208941
2429,1.769001345484372
2430,4.28907382158782
2431,3.683890005178684
2432,1.634559119368189
2433,4.189752358205918
2434,4.256174891612721
2435,4.928244939419098
2436,2.5438698628311123
2437,3.2171444092903916
2438,3.1748598145395572
2439,3.7302456453506787
2440,1.0659378740819934
2441,3.743094648308006
2442,1.5979565942566691
2443,4.559709127058727
2444,2.768281548129816
2445,1.5154328958192687
2446,3.631697624085552
2447,3.7878343298402126
2448,3.8921146263471815
2449,3.6479344756726677
2450,3.349386806801904
2451,3.8614252290801954
2452,3.374878039063982
2453,3.946804442330118
2454,4.01472618099036
2455,2.0189347599019487
2456,1.0669125344373906
2457,1.422834010660571
2458,4.385687796549828
2459,2.494354817358536
2460,3.0268089342792326
2461,1.7446712514716634
2462,4.063634744429614
2463,1.353356483921036
2464,2.5541879926121487
2465,2.7921357223295007
2466,3.28605514950635
2467,2.4495075524570953
2468,3.787814643128299
2469,3.0364012547424104
2470,3.6708091344031724
2471,4.846229450294247
2472,4.56227671865186
2473,3.8193181182292784
2474,3.371290847267826
2475,4.095713636781982
2476,4.753578051813289
2477,1.5945345618456428
2478,2.5787694841402997
2479,3.8486205130938784
2480,4.303509838164091
2481,1.9167254203465678
2482,3.5056704046603433
2483,1.9501948794630635
2484,1.5063624173721273
2485,3.793106654441911
2486,3.466057030073857
2487,4.714931620976683
2488,1.5575897408911055
2489,1.788867568160085
2490,1.02266385517034
2491,2.9737615618568665
2492,3.7101968124863
2493,1.6647061870688198
2494,3.5101884383273174
2495,2.2971432313322357
2496,3.174970188571941
2497,3.827712305956321
2498,1.830942866732757
2499,4.18284732780085
2500,4.005634556289064
2501,3.794615782227517
2502,3.9983411278967615
2503,3.463094795373967
2504,4.8226263682634265
2505,2.7049969926184207
2506,2.8460537991824246
2507,1.3544142427176262
2508,3.4065314410209324
2509,2.9301859673224517
2510,4.382741626518574
2511,2.741073093650028
2512,3.8656285788982188
2513,2.945009897387479
2514,4.460345508795202
2515,4.269328729630432
2516,3.358270166171595
2517,2.2413587488956006
2518,4.822849842016094
2519,4.429595689257223
2520,3.2966230143113355
2521,1.6517238191194723
2522,2.041686953105712
2523,3.9374876840376145
2524,3.7208773855671757
2525,4.113304044299715
2526,4.502022573787186
2527,4.201309741608405
2528,1.1614853690235032
2529,2.7360576708996436
2530,1.9932899302186895
2531,4.770236780884419
2532,4.73485745686583
2533,2.9407701209953325
2534,4.415408967604888
2535,1.0308633507279588
2536,4.810078549983988
2537,3.4168286426504726
2538,2.0666776279838333
2539,4.694259149868245
2540,4.650418716447925
2541,3.7659445868245407
2542,2.3703265413660186
2543,3.815662458792421
2544,2.2581988452777932
2545,1.6110273604762866
2546,1.4553753130240477
2547,2.956795055008739
2548,2.9701360933062744
2549,1.092741791442604
2550,3.511241848462896
2551,1.3173088745029662
2552,4.774801790721318
2553,4.082176476450854
2554,4.5591050784511165
2555,2.1180948511106945
2556,4.515529731405981
2557,2.736495235800757
2558,3.6986516319038185
2559,1.938129020067854
2560,2.194067451069002
2561,1.4720899342352105
2562,3.179338311768746
2563,1.3808755925909777
2564,1.8952890474568118
2565,2.1783551692101453
2566,3.6975322805971866
2567,1.2547303671271925
2568,1.9005056407440768
2569,3.0334808695391016
2570,1.0163428030567272
2571,2.563096534133505
2572,3.255233551777999
2573,4.463835763563289
2574,1.6080101719970599
2575,2.71135508262038
2576,1.9298331182806248
2577,3.8657274251702147
2578,3.53370463140408
2579,4.570892348403946
2580,3.9430252844588387
2581,2.2579241318029313
2582,1.537132561227157
2583,1.4190730874433033
2584,1.5605392897314339
2585,4.025723098137199
2586,4.731659641364841
2587,2.1673885667502595
2588,3.157499670237666
2589,2.1824731771394603
2590,3.490411226028636
2591,2.535644507703559
2592,3.6093929900865622
2593,3.933123195552231
2594,4.351385243533075
2595,4.664692403315491
2596,3.544118161560231
2597,1.9602557976910848
2598,4.293774926023596
2599,1.7449734772089798
2600,4.501816698475933
2601,2.2465960037385284
2602,2.547735026735292
2603,1.123109598339581
2604,3.599415966406684
2605,1.8325557287405436
2606,1.3166506926088424
2607,2.6193112223913126
2608,3.662714763077899
2609,2.193104316830189
2610,4.847160267364865
2611,4.299410273797578
2612,1.9485526888802456
2613,1.4752086258849615
2614,1.9345665777604042
2615,1.9642180058428318
2616,1.8128687962941097
2617,3.048845506064292
2618,4.4728968462612535
2619,3.0226574760233573
2620,1.039349057629003
2621,2.1821522316797353
2622,2.3559069794543204
2623,1.5415228049633547
2624,4.79907128447302
2625,1.5190124047925155
2626,2.6292506574479115
2627,3.3200329887709943
2628,3.4929836489071113
2629,4.631599750236024
2630,3.1259256546978427
2631,3.966601766352729
2632,2.1323118713563125
2633,3.53950730588827
2634,1.9943855682436253
2635,1.147556967574713
2636,4.693365602210882
2637,2.546146631794201
2638,3.572291059862721
2639,2.3694088965071534
2640,2.6217699228510614
2641,4.001564107495943
2642,2.1955470900392466
2643,3.9486528987154124
2644,1.664221548400846
2645,3.6529973958851483
2646,1.8741645130353697
2647,2.027287660486672
2648,1.3442248811135125
2649,3.633828386108255
2650,1.0584379826314665
2651,1.4516361993189166
2652,1.4731979931497752
2653,4.726133405031943
2654,1.6899124314900171
2655,2.703468194003273
2656,1.3055042676193347
2657,1.095987819558586
2658,2.2929187855863695
2659,1.4638803245059497
2660,3.496098591176075
2661,2.9610262641831295
2662,2.7356603325160656
2663,1.9107408513516484
2664,2.1619800020104165
2665,1.5822705380439155
2666,1.6681261140692416
2667,3.510843350622112
2668,3.8848582310088555
2669,2.6567085590140627
2670,4.823839598624788
2671,3.2583635105024946
2672,1.823686073859811
2673,4.165457241330395
2674,1.9318611199310527
2675,3.278131400489249
2676,3.3181080694708234
2677,3.047942703319032
2678,3.728650058815879
2679,4.809498363335221
2680,2.3258279745220856
2681,4.254053573538636
2682,2.4774781972019975
2683,1.8030219480810739
2684,1.2036635882803304
2685,1.2805952144445825
2686,3.7654078831073043
2687,3.672576574482483
2688,4.122905016867789
2689,4.070749799139083
2690,3.4195796824004465
2691,3.714884640359753
2692,1.573644236619479
2693,4.597293769481677
2694,1.1385684576017563
2695,1.1258231946388504
2696,2.6978347347617606
2697,2.2082578716515404
2698,1.1206530128504708
2699,2.2310231757872687
2700,2.085331666796574
2701,3.0013590267282226
2702,2.0523953751500974
2703,2.127394589638281
2704,2.9874803718154457
2705,4.704360110751786
2706,3.6307302512374515
2707,1.77143446028815
2708,4.237701338602414
2709,1.373019849685734
2710,4.8008881318282555
2711,2.971160070316062
2712,3.9877452555882997
2713,3.31836395534809
2714,4.75977772501941
2715,1.6488243428566838
2716,4.7954765316908485
2717,3.0391238612463773
2718,2.8931163177705836
2719,1.5487125027150537
2720,4.79391306359828
2721,1.4890312355728224
2722,2.8883207706355107
2723,3.9546358577345635
2724,3.7222095629459466
2725,1.7555390127055417
2726,3.3499791546257485
2727,4.753302131885176
2728,1.8809090865764344
2729,4.634215551065579
2730,2.2650764144353515
2731,4.266294863994355
2732,3.6611010674958138
2733,4.8049159724165795
2734,3.8464576996387096
2735,1.0347666424795032
2736,1.8086624144908967
2737,2.2522365154213273
2738,4.118384574415801
2739,2.643542647882004
2740,2.5570527699841334
2741,1.2468175346562358
2742,3.3731750252117156
2743,3.4817831442020113
2744,3.144528609526554
2745,4.925248395107037
2746,4.777044363517122
2747,2.448266834652226
2748,3.698501633082854
2749,1.4224455138338397
2750,3.0139604484732767
2751,3.7316477743584024
2752,4.104438378513631
2753,4.446571030305417
2754,3.356616639495247
2755,4.293626266091807
2756,2.0567390443986784
2757,1.623659643384502
2758,1.7950713417075943
2759,3.4749991401687494
2760,1.571629840534936
2761,4.0375176785907385
2762,4.5884796641259955
2763,1.513805143761814
2764,2.9569854579950414
2765,3.737652245298795
2766,1.5363422215547304
2767,2.373726871766468
2768,3.0132003805293666
2769,3.9249087728782754
2770,1.6909964274444405
2771,2.011848538880294
2772,1.6646081843456852
2773,4.025293933586088
2774,1.1482900769355098
2775,2.3796920941239867
2776,2.5512944847732597
2777,3.6093870571736884
2778,3.190216858412763
2779,2.031643596791784
2780,1.3161072024980407
2781,1.1223640950010556
2782,3.0044817883501214
2783,2.7550831941159166
2784,4.4944473114278924
2785,4.822077594959746
2786,4.97792110846936
2787,3.4219670103013917
2788,1.0893735566204081
2789,2.3125515636878986
2790,1.8504630692625685
2791,4.187202191702385
2792,1.579776091413719
2793,4.679947502004773
2794,2.931911033897948
2795,4.851696152716206
2796,2.5563473107659984
2797,1.2269750500394512
2798,3.6706331797268796
2799,1.0014705835833047
2800,3.7499432772459924
2801,4.16348190394278
2802,1.968492989404253
2803,1.4174764896830037
2804,3.145997264149203
2805,3.094466628344661
2806,2.0939955731712363
2807,1.2122167656356218
2808,2.6286437879698643
2809,3.2990555375545787
2810,1.2418976275602982
2811,2.9053923438080616
2812,1.1235369504089086
2813,3.2860624656274213
2814,3.676996727661772
2815,3.9765567882945305
2816,4.808924610097819
2817,1.1198303853211606
2818,3.6673990738470295
2819,4.7509071371339004
2820,1.0543631967941143
2821,2.3837449227462106
2822,1.9535708922134796
2823,4.013868723825089
2824,3.7070301649411728
2825,3.3021378360775846
2826,2.4729021401533986
2827,1.6196440577581108
2828,4.433387119428751
2829,4.086891369734406
2830,4.381990558820515
2831,2.7412024475415975
2832,1.6146257320421755
2833,3.4808859711609412
2834,3.7979249038435796
2835,3.445714575720205
2836,3.465642986786117
2837,4.816541920450252
2838,2.022761882987675
2839,1.0061254918027704
2840,1.8113495997195117
2841,2.774322782407076
2842,3.04372923171804
2843,2.4488523004290235
2844,4.8711019335848205
2845,2.5816082827308064
2846,4.997355490020034
2847,1.4766516081790573
2848,1.1760325778099276
2849,4.030565531669403
2850,2.1343415136550337
2851,2.8990811525215068
2852,4.460855862050963
2853,4.946626283555569
2854,2.9793182482360794
2855,4.008612106925247
2856,4.569875597648685
2857,1.6136935618458716
2858,2.344666339332912
2859,3.227103407334698
2860,2.4707833159128514
2861,4.48800280155325
2862,3.6999275175097415
2863,4.081860999626941
2864,2.740923985016009
2865,1.5542579844579638
2866,2.726129434415857
2867,1.9166298142820195
2868,3.544323854773689
2869,4.374690061485049
2870,2.054856688376397
2871,4.7309602225043825
2872,3.2470164646346764
2873,1.8691790223435079
2874,3.9673182167362695
2875,3.1085559714428626
2876,4.09209615822863
2877,4.034005835893375
2878,2.553316483965631
2879,4.372834980410822
2880,4.264166134133992
2881,3.4538755196292072
2882,2.519890823243172
2883,3.4518083500378314
2884,2.8354855232490137
2885,2.441589081314431
2886,4.193675464294363
2887,4.518134501940512
2888,3.906410147307405
2889,2.64482827456035
2890,1.1343053951907778
2891,1.2284673582547279
2892,4.704696731145345
2893,4.014926345946723
2894,2.4099981223103355
2895,1.082433671390977
2896,4.607199468974457
2897,4.466869685668966
2898,1.27731348606093
2899,3.6277213182272128
2900,1.3536814264636745
2901,3.271863722086518
2902,1.7288388526705702
2903,4.768043460698335
2904,1.3184695513182563
2905,3.0955649930494626
2906,1.843800054075956
2907,4.784559071931911
2908,4.018177914487188
2909,4.410904131511867
2910,1.461952181510605
2911,4.285368871745979
2912,1.81020646873528
2913,2.4527594418483547
2914,1.472286782142012
2915,1.1475788070735207
2916,2.5175740171110963
2917,2.807768295988346
2918,3.9607156990068555
2919,1.777214107798517
2920,4.72088246991323
2921,1.3736031167497078
2922,4.988808845831262
2923,4.218631487598026
2924,3.164676805369085
2925,4.982383306493768
2926,4.376537014552371
2927,4.573087531112538
2928,4.056276520921164
2929,1.8826081210339445
2930,2.3067940785290464
2931,1.6555037656803466
2932,4.268795438803249
2933,1.9762882315862527
2934,2.3989848893388124
2935,2.062608739660575
2936,3.1533117817011047
2937,4.736355538624847
2938,1.672822420083282
2939,1.1058901931494431
2940,1.1781401468245307
2941,1.6607488697737107
2942,1.1993995415480017
2943,2.6040715319214653
2944,2.642429874431754
2945,1.1148826770271865
2946,3.108913165835478
2947,2.9645535167121326
2948,3.851114237430392
2949,2.7646149376558036
2950,1.8393616433244881
2951,2.1685083890119925
2952,2.251991196035835
2953,1.390298353919809
2954,1.1435198180111463
2955,1.5940704708771598
2956,2.827734348120767
2957,3.492095920981318
2958,2.244565670408189
2959,4.027463608006396
2960,3.0366151832464343
2961,1.28566140868152
2962,4.805982054892101
2963,2.275256077218476
2964,3.1507435512424813
2965,4.49461947481397
2966,4.8332868407581975
2967,1.391785821715405
2968,4.275245776458485
2969,2.271835443202536
2970,1.3493871563278703
2971,2.3310985184895796
2972,2.116175867482825
2973,3.273555203947777
2974,3.086954787158315
2975,3.652936218237981
2976,1.1513139344694379
2977,2.5499928416674087
2978,2.7854514250443363
2979,2.1591084423235105
2980,1.799685452972616
2981,1.5794524342835254
2982,2.1779201239011945
2983,4.281746729600664
2984,1.0658908949364112
2985,4.373330433787077
2986,4.35785137397739
2987,2.4347949690678803
2988,1.7739889479453774
2989,2.420395600554075
2990,3.136554194933294
2991,3.759492843812928
2992,3.7028676103277403
2993,2.0571119635632917
2994,1.7237818312738322
2995,2.78337942721369
2996,4.0409880661727655
2997,3.3312729586852448
2998,1.3184620219811882
2999,1.906539414122959
3000,1.4985777819885095
3001,4.357810043102011
3002,3.1264846613242683
3003,4.680878801235017
3004,4.5827028170054875
3005,3.5015508155252273
3006,2.7989781484886387
3007,3.6607840924231985
3008,2.330885004853941
3009,4.124219014369231
3010,2.74355327961113
3011,3.5192440141297836
3012,3.1005271001045234
3013,4.596385309898508
3014,2.552638027999773
3015,2.56274123324967
3016,2.6238743355981966
3017,3.7005960633482147
3018,4.795360335693834
3019,4.109940139016544
3020,2.4866662837478573
3021,2.520722699858477
3022,4.5840184987539025
3023,4.585855295474788
3024,3.186482542344679
3025,4.99362502034377
3026,4.495433629587621
3027,2.0717266869895896
3028,3.5362904380862954
3029,1.891689627826778
3030,4.623543375298322
3031,1.5307416895544428
3032,2.2253031033560737
3033,2.743567324139596
3034,4.4158343311120785
3035,1.5026026133477486
3036,2.1343175043177047
3037,2.855118600380267
3038,2.912626106433954
3039,3.4391319151183244
3040,2.101905408688308
3041,1.7443500720843517
3042,4.82069440416285
3043,1.3323760311206074
3044,3.1631177136312147
3045,3.8354729090728816
3046,2.9508580910163436
3047,4.629831889937938
3048,3.250207189723929
3049,3.366526897447715
3050,4.635912787338593
3051,2.150887831177875
3052,4.331315347607726
3053,1.1004238904494676
3054,1.1596660283528228
3055,1.1781703388992804
3056,3.5024921854152837
3057,4.052580598206946
3058,1.6433371498220737
3059,3.7336213910108897
3060,2.383600378119081
3061,3.594350680821139
3062,1.6760654231367211
3063,3.967032347763579
3064,4.738884048100588
3065,3.912482169816265
3066,1.913104682830948
3067,3.857718327734243
3068,2.834795423721507
3069,4.997452307791827
3070,4.901624826768744
3071,2.4343118757770545
3072,3.6442563406556308
3073,2.102876114416233
3074,2.821069678721151
3075,2.927977831560818
3076,3.7398271838147235
3077,2.737645711391681
3078,4.785558258822099
3079,1.6068194023614026
3080,4.261957239047799
3081,4.186788206013559
3082,4.055982342667332
3083,4.318458741249786
3084,2.1069924054267677
3085,3.8021555162788965
3086,2.0566866492836127
3087,4.266187440171231
3088,3.0119737855208646
3089,1.9208705999286502
3090,2.226348436584202
3091,2.5278790303646566
3092,2.2054330734667795
3093,3.5403093349751313
3094,2.4290106788481274
3095,2.8744717242477016
3096,3.9847500122526767
3097,2.8641831261479243
3098,2.9178291049884613
3099,3.1356104034811585
3100,1.1774880894946183
3101,4.916196440461995
3102,4.67391729274328
3103,4.412762207760231
3104,3.1434076493312677
3105,2.5303344925161166
3106,1.6025508382256417
3107,4.9384364695798055
3108,4.0904735508857195
3109,1.666428166651813
3110,1.7389193464434332
3111,2.536358514709335
3112,2.782050644464886
3113,1.2407614910820324
3114,1.067985661661493
3115,1.783122466746749
3116,1.1416108960122862
3117,3.962619701786356
3118,4.032099709689796
3119,2.9275133124503427
3120,3.597278793147565
3121,4.855190108335063
3122,4.770178343924252
3123,3.639173233079337
3124,4.157400129824435
3125,1.4218830058266856
3126,2.060001987921128
3127,1.1432759055395385
3128,2.931618202822928
3129,3.2345078531276417
3130,4.500297921641735
3131,4.677720191727342
3132,1.362421484119047
3133,4.509466368180856
3134,4.095013729001829
3135,1.2188141755582573
3136,3.784321609956401
3137,3.488610655951403
3138,2.9103997934084194
3139,3.976296057872334
3140,3.7960976375192192
3141,2.14166212436101
3142,2.3598906562012623
3143,2.220833777276549
3144,4.662055813525819
3145,1.1878841043429915
3146,2.918489541511624
3147,4.408363538475715
3148,2.757900860145586
3149,1.7901195047436325
3150,4.152809633445191
3151,1.574373640004949
3152,2.553304706632968
3153,2.7573972790899752
3154,1.3435284194022548
3155,4.432227862591284
3156,2.1267706725565474
3157,2.6857486815608875
3158,1.2643519172312234
3159,4.975466567557113
3160,4.289981787308623
3161,3.0215836773108045
3162,2.5718763678230663
3163,1.334330765073688
3164,3.909729065303133
3165,4.683366517276567
3166,2.5763618746713273
3167,2.5921861993201127
3168,4.452563992522844
3169,3.8406930410078584
3170,4.394525193789564
3171,4.134074262223905
3172,4.866067059568863
3173,2.8949857158222363
3174,1.0050188483772846
3175,2.552297834847774
3176,1.6605268772378325
3177,3.4914896779510656
3178,1.2680520756877316
3179,3.7196502891378973
3180,4.096668715851758
3181,1.9396537789473327
3182,1.090941713521219
3183,3.408462585564825
3184,2.1086602183772514
3185,3.0443583046710083
3186,3.283821339152836
3187,3.9842065028831213
3188,3.8356905910079546
3189,2.2596045810713923
3190,1.1557701074167612
3191,4.674266064418063
3192,2.1830760428396694
3193,1.3769642804110749
3194,1.1438599018660875
3195,4.875112383263355
3196,3.0205258819330054
3197,3.4819160410082257
3198,2.947049644544611
3199,3.402961966543213
3200,2.673207068575676
3201,1.651634011749059
3202,3.7708065056153273
3203,2.2107936019185837
3204,1.3636765890076439
3205,1.5207951355532012
3206,1.532528941943271
3207,2.4954850976084644
3208,1.9224752912570433
3209,4.397769561634152
3210,3.3378502053199286
3211,4.767063744311986
3212,4.476115853527917
3213,2.0750232179209998
3214,2.3399896317044693
3215,2.054563347046298
3216,3.701754175573319
3217,3.9967291078941396
3218,4.082165094474165
3219,4.373204020172977
3220,4.418400093116977
3221,3.8508346821748476
3222,4.302635847215604
3223,3.7172587128885333
3224,2.0664667403013803
3225,3.7268999498491993
3226,3.8743349899520094
3227,2.3403557026560837
3228,2.4677265598422644
3229,1.6151219036646558
3230,2.9157466309488376
3231,3.16225417140646
3232,4.74964459352163
3233,3.4109872244525152
3234,4.935603843971986
3235,1.0710235818817715
3236,4.715791327562361
3237,3.259722391660192
3238,1.219768490100471
3239,3.3487553616635877
3240,1.8880010687602082
3241,2.742110724709964
3242,2.7454933285848946
3243,2.16558532086246
3244,1.1992049039825
3245,1.322850160722628
3246,3.143574713436801
3247,4.741486625754662
3248,2.267359995439864
3249,3.0969821090433283
3250,2.0916046542517917
3251,2.4180706427102923
3252,1.4833536030491703
3253,3.336361222023077
3254,3.1539163495181546
3255,1.1531432416879697
3256,3.482907795342951
3257,1.8716571626887348
3258,2.352461411632778
3259,2.357406181383057
3260,3.797620973109315
3261,4.7899528020724125
3262,1.739411780213905
3263,1.14713593225789
3264,2.2463767036888016
3265,3.1601638667488188
3266,2.9492590071663316
3267,2.511450380936457
3268,3.094957261842089
3269,4.549057738351149
3270,2.7403628333634154
3271,2.2652810150225062
3272,1.0966541935157594
3273,2.7037856726735328
3274,4.4448753853021445
3275,3.6499459945169725
3276,2.1711474589226567
3277,4.876865895678193
3278,3.5033013037997045
3279,1.4708616197863296
3280,2.234930611424983
3281,2.2988675346523677
3282,2.864849012415659
3283,2.4699880817140585
3284,4.078891526168098
3285,3.1356726909502557
3286,3.577457086260878
3287,2.5260805242037296
3288,1.3871830112752264
3289,3.1949120502745307
3290,3.330270418044589
3291,3.8801912261007083
3292,4.099999924624333
3293,1.4733871593260597
3294,3.993513374325987
3295,4.072761570626758
3296,3.125718267854353
3297,3.2918515725580497
3298,4.507425703860044
3299,1.8222965908082864
3300,4.355549201736872
3301,3.0138605916512082
3302,3.048808658782066
3303,3.0175744531338915
3304,3.8869639500145765
3305,1.238559864402724
3306,3.3932660375084147
3307,1.248237924891375
3308,2.6004120276119824
3309,1.4200509105989085
3310,2.1476963620100524
3311,4.7722057341071205
3312,4.042935163970434
3313,1.7975991976098689
3314,2.8726379470201793
3315,4.008641800338603
3316,1.1137536810263047
3317,2.0039328613655227
3318,3.220253298139399
3319,2.44671855286381
3320,2.4060255067960687
3321,1.1989455690073578
3322,4.623877438809949
3323,3.357333989045743
3324,4.873433141274077
3325,3.128638656053814
3326,1.9945556207903787
3327,2.923707839624313
3328,4.317874979412222
3329,1.7079290862755467
3330,1.2486056399524679
3331,4.080357161311316
3332,4.617913378174517
3333,4.553992904789023
3334,4.568302614391435
3335,3.5203809865762614
3336,1.625306086175148
3337,2.212239811045498
3338,1.521386191315329
3339,4.88317053523598
3340,3.445036501560871
3341,3.6504006000760754
3342,3.7543154887047296
3343,4.706228684662894
3344,2.840715552271076
3345,1.4050746949570896
3346,3.2088359114473923
3347,3.870255774179036
3348,1.9469364731542518
3349,3.2602435266975274
3350,4.700402254336062
3351,3.6883358548882708
3352,1.295247566497407
3353,1.2393667716467949
3354,1.941719042327497
3355,1.2789836689369132
3356,2.5453643306105342
3357,1.5572519294647353
3358,1.5678621023801043
3359,4.319253930384445
3360,3.9778680600376237
3361,2.138079454998085
3362,1.9138403893327203
3363,4.656986790292819
3364,3.8170174348372714
3365,3.441299263340432
3366,3.538543107004414
3367,4.698674983640439
3368,3.8600846687848955
3369,3.875060750668097
3370,2.292016733774441
3371,3.8188252623784464
3372,1.7457627478525866
3373,1.3574707391578285
3374,4.238855696778295
3375,3.0230049653620283
3376,1.492707265658498
3377,2.982978564188889
3378,2.2733963485429456
3379,4.6749435961359875
3380,3.4737798939124795
3381,4.044791273004394
3382,2.7535395908012266
3383,1.1486584352347968
3384,2.2584727750513336
3385,4.576221482219694
3386,4.848884471794334
3387,2.830705735085032
3388,2.7181605483899944
3389,1.0333310969570126
3390,1.062856470188073
3391,1.0651044057468004
3392,3.725974231838114
3393,3.2605790553017675
3394,3.268215092466967
3395,4.815939765250567
3396,1.4048512694024815
3397,2.6395617563165565
3398,1.8892265048396975
3399,2.3844066848680843
3400,4.06278168226871
3401,3.3679185768284037
3402,1.8500362345867196
3403,4.918301003509425
3404,4.009290775924574
3405,3.5558777057437827
3406,4.79232322409168
3407,1.9992441625918116
3408,2.4296915956895693
3409,4.390194775073098
3410,2.5864220316318307
3411,3.8379456849035605
3412,2.0561622464594027
3413,1.3400577762632193
3414,1.9161010727974177
3415,4.982557421564232
3416,1.3059434349886816
3417,2.80323563833267
3418,2.053405340706449
3419,1.8720089094750358
3420,1.6006866059997722
3421,4.712675734655827
3422,4.992645580008302
3423,1.2997895612211008
3424,2.0215246636818924
3425,2.3632324912991876
3426,3.5864415305961037
3427,1.8812293640698452
3428,1.337303852772071
3429,3.9357461261245383
3430,4.883955143662616
3431,3.630712491782231
3432,2.39459389728133
3433,2.3198299058001557
3434,2.7282163701854807
3435,1.379035807311126
3436,3.5986491001753915
3437,3.9371723970754187
3438,4.657927081333089
3439,2.450652265836404
3440,4.119399481977251
3441,1.0748647897491899
3442,1.8177504552875767
3443,1.5660608571056494
3444,1.4982699513732913
3445,3.223574834781001
3446,1.1648214799730625
3447,3.485856720259356
3448,2.763568120507204
3449,1.775962352024802
3450,2.737278738577591
3451,1.8936594285738044
3452,2.039833225336522
3453,1.7541574154693511
3454,1.078257211639273
3455,3.8606762396951044
3456,2.7489513769958314
3457,1.3268943007409542
3458,3.595278917476616
3459,1.1919854672623473
3460,1.427381368931215
3461,1.8028925367602096
3462,2.8821803862824105
3463,1.2916283588630422
3464,4.705064907037755
3465,3.90820084762113
3466,3.319764113260583
3467,2.2863472196451435
3468,1.8221596566567304
3469,3.9133055062513766
3470,4.966828499852049
3471,3.0108974913348643
3472,4.429575466824037
3473,2.847701361320454
3474,4.785361884026023
3475,4.5463424509434205
3476,3.827339163808093
3477,2.3281337433829505
3478,3.465323449569079
3479,3.4761188850070246
3480,4.447240381800228
3481,4.327238452222849
3482,2.792764472031966
3483,1.0030509636071976
3484,4.734433788319789
3485,1.0939439918462455
3486,4.224946930524045
3487,1.6007364155811725
3488,4.4339341492243385
3489,3.697971920373608
3490,3.942670674492292
3491,4.0878222209099615
3492,2.7092597009207697
3493,1.3796841897376781
3494,1.4055414311740693
3495,2.0408297339683648
3496,3.01219595036656
3497,4.776769369971431
3498,3.090026511649557
3499,4.905343778762075
3500,2.4617094080920445
3501,1.0177114553187687
3502,1.682152978269504
3503,4.261046849958749
3504,4.512975517494125
3505,2.8680500810480756
3506,3.2992917013347887
3507,3.798987482893341
3508,2.715489222099476
3509,3.673346975661327
3510,4.030622583454032
3511,4.2081529879071375
3512,2.7805280488322754
3513,3.090152263867483
3514,2.3972166525447673
3515,1.7332182234791218
3516,2.355256421265416
3517,3.0214142133303397
3518,2.248314735975255
3519,2.269868262170201
3520,3.1286254570145893
3521,4.691429905714995
3522,3.0847861241486707
3523,1.9818481973261393
3524,3.516349283382635
3525,2.658057723557928
3526,1.1012626053309695
3527,3.414533500167776
3528,3.7088943100318974
3529,3.439664143897611
3530,3.8628090194384828
3531,1.8583309263972079
3532,2.4458082588289902
3533,1.9929743947875287
3534,1.0702091730495322
3535,4.077830595869732
3536,3.429409939737602
3537,4.168349284532701
3538,3.9570567571756547
3539,4.265355925926643
3540,4.933087186555859
3541,3.224273565967957
3542,2.851797807734995
3543,3.2010528532462534
3544,4.963097561263771
3545,3.6097281228314437
3546,2.3645735891083848
3547,3.728647471506851
3548,1.0552288362012625
3549,2.4329892884753246
3550,1.6751789501949923
3551,3.6079884012645747
3552,2.9442553956862576
3553,1.1692101941603252
3554,3.4534769176863316
3555,3.9640612830133057
3556,2.614894025335016
3557,2.4270554073751174
3558,1.0908409804009196
3559,3.2725806785074973
3560,4.435453339615389
3561,3.78804633906001
3562,1.7989856669850228
3563,4.100119656402556
3564,3.0626259863143708
3565,1.8789714443461243
3566,4.016010672251738
3567,1.2429685069333938
3568,1.5087302123583863
3569,3.22239785055255
3570,2.983311946033279
3571,4.765100890050347
3572,1.728839667952761
3573,4.454502051250847
3574,4.418786238484493
3575,4.0478076958508
3576,2.1235651612465474
3577,3.3188997282282044
3578,3.5669624342744513
3579,4.765057926928764
3580,2.5785828904930477
3581,3.5584049144192598
3582,4.92419720607619
3583,2.852079536814563
3584,1.115603112848698
3585,2.798103008686563
3586,2.703996285703513
3587,4.586464340938608
3588,1.8654060964625319
3589,1.2737816882989046
3590,4.076202026330371
3591,4.14469953116136
3592,2.2397237124987543
3593,4.655896700068629
3594,3.800836497935296
3595,3.1969495856665775
3596,1.4554061607966293
3597,1.3765949359292144
3598,2.4512598347963404
3599,3.6640738359928964
3600,2.6427307290930804
3601,1.9115141298010379
3602,1.8394818239357198
3603,1.7592961114135153
3604,1.7926132813003064
3605,4.411953317278886
3606,2.182566029400459
3607,1.1971016199771762
3608,4.991331412206397
3609,2.2558445968168432
3610,2.8005609433331826
3611,4.635689094031795
3612,1.91951379466629
3613,1.1131742653436767
3614,3.3679258887667602
3615,3.782156706803141
3616,1.0995811856066138
3617,4.016513229582313
3618,2.9057239579693612
3619,4.462893731243615
3620,3.8800536993861243
3621,3.8509520781180084
3622,3.059772292327352
3623,2.4024825410718766
3624,4.173560511491484
3625,4.631111555190897
3626,4.515140719200733
3627,1.6079907272248337
3628,4.361999269942546
3629,1.3542857906354513
3630,2.1047786696294297
3631,3.9906355326754563
3632,4.689143645434628
3633,1.5794877400240033
3634,3.3810778838298834
3635,3.984059853112604
3636,2.7787694484497636
3637,3.8119273552241197
3638,2.998019438497018
3639,1.405846566866757
3640,3.510175635404033
3641,4.917453461391204
3642,1.175876682845367
3643,4.521399093517008
3644,4.6708825953681945
3645,3.060052164039949
3646,2.844005856497507
3647,3.4875913867088135
3648,3.4401735209702116
3649,3.2296529016665163
3650,2.854470123203429
3651,2.3633487466712686
3652,1.3016801069719035
3653,3.09010515906876
3654,3.925754307634718
3655,4.785074709198646
3656,4.317168621037467
3657,4.94457392816933
3658,3.811141422067615
3659,4.911959966619445
3660,3.8680733955578153
3661,1.8489022536239812
3662,1.8815445058835936
3663,2.3914187290297106
3664,3.7100068968520374
3665,2.2733754744662193
3666,3.7757238273600353
3667,1.8697700144316736
3668,2.6119887678140636
3669,3.0950468957587414
3670,3.6263375210180318
3671,3.5505808974781043
3672,3.862028863758948
3673,3.076536436859037
3674,2.2237942119907324
3675,3.890704524911128
3676,1.850517860694966
3677,2.4099726435353874
3678,1.9329743151450702
3679,3.6738809826151293
3680,3.1958000281477057
3681,2.8942279139591487
3682,2.213470058509644
3683,2.6469289722360196
3684,4.143665409710342
3685,1.264562590161046
3686,1.7650236728602824
3687,4.740777902890098
3688,4.5358813561175095
3689,2.116432271455301
3690,4.413145974229586
3691,2.012602228459806
3692,3.9682832236962127
3693,4.486619887731564
3694,1.375658732670777
3695,2.0198417456879003
3696,1.1898647734459944
3697,4.796821788086532
3698,2.624844543923474
3699,1.25113685065973
3700,3.058101935278809
3701,3.7572719987201957
3702,4.363274099044714
3703,2.299961044968708
3704,1.821734551309301
3705,4.411641944464867
3706,2.3344894867884154
3707,1.6866643297595791
3708,2.8104311255413177
3709,4.39472913669515
3710,4.097766903289795
3711,2.3982320647799202
3712,4.232657162624417
3713,3.839164091790953
3714,4.864331534527955
3715,4.418590271978733
3716,2.9915256812848443
3717,2.435205444051435
3718,2.996077718288037
3719,2.491883979853479
3720,2.544560304626872
3721,2.723271648352269
3722,3.979857143493492
3723,4.462786722059969
3724,2.1935951816472077
3725,2.311309854134016
3726,4.551729250062587
3727,1.450683362962888
3728,4.0625352904212235
3729,4.239494117833331
3730,4.818386746263558
3731,1.265717696803513
3732,4.289653564295088
3733,1.8254937143316026
3734,3.812720889584847
3735,2.9322889358363113
3736,3.2746942367849914
3737,4.3284322988262485
3738,3.96292692468383
3739,2.839550467611024
3740,4.272992134385264
3741,4.615142816405912
3742,3.0099117281303913
3743,4.5977345967516765
3744,3.9288061264853704
3745,1.5652733730287398
3746,1.120907105414247
3747,1.00623839218136
3748,3.8887114903170827
3749,1.7039894030172507
3750,1.9224058191932407
3751,2.945386330842186
3752,3.2575093513369056
3753,3.1204346651729837
3754,4.242855962359769
3755,2.7845202617846154
3756,1.649101294052084
3757,3.9140323912190573
3758,2.476130866757629
3759,4.49280536973691
3760,1.3456091847255354
3761,3.8966023330762
3762,1.0098868464555646
3763,3.9776086781985023
3764,1.2054105163501418
3765,3.9894413460221667
3766,3.8173955203752397
3767,3.4884382152617035
3768,1.4620583195082957
3769,4.636450218634158
3770,1.393592372011991
3771,4.478757785364712
3772,3.8435187743530523
3773,2.195332756861506
3774,1.026167784611188
3775,1.6324904451864928
3776,2.6636226236020195
3777,4.932948690964723
3778,1.661457189596343
3779,4.952909075654738
3780,2.109890516156609
3781,2.7705440237973376
3782,1.4915819783476931
3783,2.553177748805167
3784,4.682922229777846
3785,4.498516052263568
3786,1.267437992393091
3787,3.466520478807411
3788,1.886863265337039
3789,2.375489809809128
3790,3.5853176653672305
3791,3.119417797927124
3792,2.250121280562593
3793,1.4449558743644313
3794,2.2647855298867485
3795,4.19593812880227
3796,4.2897843715655135
3797,1.4981258503763182
3798,3.903155620943418
3799,3.0498610222085696
3800,1.3846423385162905
3801,2.1240714686526965
3802,1.2697918004185764
3803,1.203169797784112
3804,2.983394905271903
3805,1.1463577939791332
3806,4.00140327903239
3807,2.792273185851959
3808,1.8215629969770517
3809,1.9675942634984023
3810,1.7697818412509285
3811,1.4830283623566496
3812,2.9912283485677476
3813,1.3721191955048444
3814,3.497495232254783
3815,1.748301136970818
3816,1.047914503923725
3817,4.412349313218665
3818,2.103816705059163
3819,3.3967801499953203
3820,1.415070618630542
3821,1.852107113194295
3822,3.631837552163297
3823,3.8534783494009996
3824,2.0973825906961907
3825,1.773185577510349
3826,3.876142106185581
3827,4.042612407143331
3828,1.226707943464914
3829,4.812484017324794
3830,1.457161309061779
3831,1.586863353586096
3832,3.990014672844909
3833,4.537295921214985
3834,4.373545138530944
3835,2.7629525754908357
3836,2.8465627928925046
3837,2.9799730664087023
3838,2.474981484089244
3839,3.985949869062175
3840,1.5558582950297866
3841,1.6204060443396466
3842,4.180480685310911
3843,2.9795078954608423
3844,2.3626322913339757
3845,4.656322650237839
3846,4.059112560660566
3847,4.6385832926730775
3848,1.6623172733819374
3849,1.0756434941558553
3850,4.123372325325871
3851,4.9385045301226445
3852,2.8633045775971855
3853,4.955987959044843
3854,1.4974285415912525
3855,2.95649580547514
3856,1.9749193641871945
3857,2.561419130843688
3858,2.74496433689533
3859,3.7707409271928274
3860,1.694539398412095
3861,3.0741721311153807
3862,1.1102350263387653
3863,4.809509128806735
3864,2.932192281963285
3865,2.9530780707136564
3866,4.718599839137699
3867,4.156010950749003
3868,3.764506139674451
3869,4.996307137552558
3870,2.0782824688970307
3871,3.516768069852554
3872,4.074868898749223
3873,3.310562765839664
3874,1.3661504539021356
3875,3.9836681864485697
3876,4.218568246391538
3877,1.3819150592999216
3878,3.047103294333739
3879,2.697150701481658
3880,3.873814971825042
3881,3.824938213041861
3882,3.461365214626365
3883,2.437936916037104
3884,4.686382492870965
3885,2.2795358604098026
3886,2.1584182539541534
3887,2.540909595068333
3888,1.1095348424873972
3889,4.559383859029252
3890,1.2038885286492618
3891,2.9008725441810967
3892,3.3103009962369643
3893,2.9574584499881804
3894,4.997831343042348
3895,4.729939316090384
3896,3.9758753407805947
3897,4.279837647466536
3898,3.844646030947321
3899,4.893118571376103
3900,4.4373545020856975
3901,4.928016088263095
3902,2.286574460114518
3903,1.1209328640581306
3904,3.3752497587823633
3905,1.3120780602964213
3906,2.4157569371161984
3907,2.134725260583785
3908,2.512332842756963
3909,2.889014407899768
3910,4.921480723962681
3911,1.3963490104304377
3912,4.542542237482595
3913,1.0705038239781253
3914,1.857221835485575
3915,4.560877532838588
3916,4.383815627561491
3917,3.44764661528503
3918,3.7802446918022445
3919,3.3407736149066127
3920,3.186073051835139
3921,1.9134461251413213
3922,2.90101441180307
3923,2.149564369475774
3924,4.12116463966212
3925,1.1569278765426172
3926,1.0157654884451381
3927,2.1225477485100184
3928,4.767468222429315
3929,1.173305615508513
3930,2.4810842541740867
3931,2.677031138484276
3932,4.669965571689488
3933,3.5440991204675085
3934,1.8774826385860774
3935,3.545723568360033
3936,2.3968644853845578
3937,1.8453107012740717
3938,3.2837454991233654
3939,3.260641313816816
3940,4.03196554522196
3941,2.6719570440436313
3942,1.522339065228742
3943,4.939948186804088
3944,4.138145352974476
3945,3.5295615455787424
3946,2.8737300708275866
3947,1.7395933649486062
3948,1.1346474945222367
3949,2.669572125293841
3950,1.879569535087513
3951,2.35134727762555
3952,1.5219675060307796
3953,1.3819042670282582
3954,3.062964405114644
3955,2.4913809316770523
3956,3.818835997784946
3957,2.1875219963914
3958,3.2366746740911387
3959,1.8030456964512047
3960,1.3828778210323653
3961,4.882871123261457
3962,4.565732166785093
3963,3.470313601836834
3964,1.3717820063520851
3965,2.521937679483355
3966,4.580637441767326
3967,4.731473393761313
3968,1.9006651222852944
3969,3.00220227130725
3970,4.5671281761036635
3971,4.105525560435236
3972,1.3575403864433135
3973,3.3162686835398154
3974,2.4709749542047135
3975,1.640705804943749
3976,2.1288200062125577
3977,2.7247267626314553
3978,3.49311539014026
3979,2.679854626627559
3980,1.1707965409312182
3981,2.966955650342538
3982,3.9029514436166632
3983,3.535528408346327
3984,4.321744473148586
3985,1.1057042544356857
3986,4.509117249375196
3987,3.046453476712086
3988,2.724157203278297
3989,2.162969010861689
3990,4.378744179278257
3991,2.0140435388938056
3992,4.032668660386044
3993,4.74056257853341
3994,3.550413040353283
3995,4.352087519557826
3996,1.2546748192390194
3997,2.4863223836221806
3998,4.5655095779145185
3999,2.0794478439117983
4000,4.284075587351303
4001,3.7200023853874935
4002,1.6061192773001292
4003,3.43704711178371
4004,2.3670859372424258
4005,4.02302634687163
4006,4.312797612510573
4007,3.7996446836271325
4008,2.535200343487646
4009,2.9667594427909525
4010,3.8167605971619687
4011,1.017444706036267
4012,1.7244943398391088
4013,1.7799788442123545
4014,3.0609937019242053
4015,2.2576451943973987
4016,2.896270289842456
4017,3.2938439785469438
4018,3.380886557732814
4019,2.8004174524500582
4020,1.5368705340846525
4021,2.8843709545803593
4022,1.8522096382353088
4023,4.364218929704048
4024,2.0682655950940476
4025,1.172890295056309
4026,1.6211580050577097
4027,3.3403256180283667
4028,2.723382115879234
4029,4.800981272199325
4030,4.677094074788535
4031,1.0269768211258552
4032,3.466406125681262
4033,4.980510234437457
4034,3.411387138031944
4035,2.566142735790085
4036,2.807848787301951
4037,2.846994747889562
4038,2.8565947922829773
4039,2.616586040906183
4040,3.600952516164055
4041,1.0576948889695492
4042,2.276678003098503
4043,3.29008240427979
4044,3.254933664277923
4045,4.872631777870078
4046,3.040741641907552
4047,4.821956160403028
4048,4.668858001596973
4049,4.458578280279931
4050,1.1464000052048142
4051,2.787797236989725
4052,2.2807878297510973
4053,2.6400182748237824
4054,1.6749184053574813
4055,4.371224365756726
4056,2.0630637374819676
4057,4.543102424975949
4058,2.066118661145414
4059,4.6980618801513145
4060,4.907846323977066
4061,1.966294913711541
4062,2.2046898365624146
4063,1.70023900944018
4064,1.8419533352499284
4065,4.30873029739038
4066,1.436645222799168
4067,3.714469544512624
4068,4.687544892853863
4069,4.701173355237604
4070,2.1879836661067436
4071,4.661376231089635
4072,4.122502983626537
4073,4.666468161251942
4074,4.533304305132267
4075,2.048604854104123
4076,3.9636652562192483
4077,3.963391008498985
4078,2.205509471366811
4079,2.793782974994893
4080,1.7573309449225447
4081,1.0360820238396617
4082,3.979860694902924
4083,1.0494732266659619
4084,1.0745221871266408
4085,1.1524445447070293
4086,3.5324325121085898
4087,3.5549749626656624
4088,4.227415998645366
4089,1.837232853967195
4090,1.7905480820155448
4091,4.784049942142266
4092,4.806865557603615
4093,3.3816799101182307
4094,3.094231430621633
4095,3.2522935669601845
4096,2.8080599468304306
4097,1.3848871625652142
4098,3.24568722056241
4099,1.504716644870351
4100,4.760657774234949
4101,2.423944251498022
4102,4.328828366413915
4103,1.5141914905558904
4104,3.6436524428524586
4105,3.948345336989238
4106,1.784541468713018
4107,1.988734226282558
4108,3.564649039053184
4109,3.5154107780478125
4110,1.1856666103944842
4111,4.757801035677657
4112,1.0258274900358253
4113,2.759992080386335
4114,1.7960707748626916
4115,1.645168927540575
4116,4.12312615446616
4117,1.4025302116818161
4118,3.2708326734175768
4119,4.7525981134144715
4120,2.8515511934083193
4121,4.685238521097872
4122,4.458572575814502
4123,2.667490964247192
4124,4.865707543372428
4125,3.3925767676713936
4126,2.6538158627146466
4127,2.305914046629825
4128,1.1701336297246248
4129,2.1326937941329995
4130,1.5301709679403
4131,2.683792607591511
4132,2.019766340267565
4133,4.9241711515233595
4134,1.6771184417795384
4135,4.78814740425641
4136,2.0043266288425023
4137,1.2726866201968745
4138,3.781499080040249
4139,1.876596890798489
4140,1.374695295279464
4141,4.099783396598367
4142,3.741967104023446
4143,1.0910302859685843
4144,1.1230160798079623
4145,3.386041231026722
4146,2.7204114637898305
4147,2.2587159695066603
4148,3.6010566537226767
4149,4.66057743476339
4150,4.4518165850641065
4151,3.7303138965147573
4152,4.341734870219687
4153,3.3461761870149616
4154,2.590461116869315
4155,3.9935654388277295
4156,2.2129678871387317
4157,1.036772827205708
4158,3.846072566502807
4159,4.499734027263891
4160,2.4555190083756546
4161,3.445419983275556
4162,3.4115143932035674
4163,1.6727185417481563
4164,1.7018104894245214
4165,2.379566680727907
4166,2.993711084592397
4167,4.070219815712683
4168,1.5931673983781094
4169,3.2460674610032507
4170,3.7752683405469254
4171,4.611665958277385
4172,2.1157406238140695
4173,2.7146742210007817
4174,2.2094816536470256
4175,2.122655570190466
4176,2.072993726079664
4177,4.765795047421727
4178,3.813683155439115
4179,1.935001317165884
4180,3.586192625603211
4181,1.3227720235416403
4182,4.34144933178961
4183,4.500562566264591
4184,4.08357267898776
4185,3.7077006658206346
4186,4.606857034228218
4187,4.766192122686706
4188,2.305093823796727
4189,1.5492231624883188
4190,2.867168517037608
4191,3.1471957639881647
4192,2.8366076549770813
4193,1.4676898324028014
4194,3.0457340543220544
4195,2.4662276966915577
4196,1.3678189496723316
4197,2.432997403740788
4198,2.930594335706236
4199,2.8170884617309992
4200,1.5601375710304257
4201,4.974962087302508
4202,3.156819106757381
4203,4.542156056048979
4204,3.830487252324573
4205,2.9331970247970145
4206,2.11209204796803
4207,2.51796398713548
4208,3.725149262491756
4209,1.0689294464586365
4210,3.7447003170035607
4211,1.8450839325293926
4212,1.7328851711709228
4213,1.103788743088101
4214,2.095974904872608
4215,2.7089430688722045
4216,3.259221207391639
4217,2.4715483814681893
4218,3.4476737770974846
4219,2.209437175088415
4220,4.715675387709529
4221,2.805325901394848
4222,4.395326322894754
4223,2.310966526173625
4224,3.024202738885311
4225,1.8500083461004495
4226,4.844744303591156
4227,1.263491907884816
4228,1.9257848808217717
4229,4.291937198718271
4230,1.9742500965621494
4231,4.194875027771124
4232,3.7077257758754465
4233,4.850503314227678
4234,2.5488738487741425
4235,4.691251458600952
4236,4.868203207742868
4237,2.0769557290296037
4238,4.633688074182606
4239,3.9617663702140944
4240,1.3074340812731688
4241,2.2495371637897903
4242,4.259023812068759
4243,1.0790231044767475
4244,3.010383787969276
4245,2.875804752491917
4246,2.662492098089674
4247,2.1050759383555913
4248,3.1259366935736184
4249,2.3347346908949147
4250,1.5877958434438368
4251,1.4120776923079599
4252,4.446095850970784
4253,2.0173938530469178
4254,4.346333249487431
4255,2.399166191211657
4256,1.6007401009156683
4257,1.333171470342411
4258,2.9791822990329186
4259,2.766897012943976
4260,1.2060127084681858
4261,2.0314570998394363
4262,2.1589971981245566
4263,1.274798361946559
4264,3.2290098257698747
4265,3.898022879148358
4266,2.725000384246116
4267,4.54749746684357
4268,1.4763895339045794
4269,3.1583817661317406
4270,1.6939004719149207
4271,3.1642225797449517
4272,1.676863143503902
4273,4.566006491105217
4274,1.5001237291102307
4275,4.542587673542608
4276,2.344606171128721
4277,3.7419702799547063
4278,4.70002209578999
4279,3.724825253173866
4280,3.4696151334613816
4281,1.3103708223615982
4282,4.630274259082661
4283,1.9071449694060076
4284,4.569982528341717
4285,2.1840745176396608
4286,3.1169896190408686
4287,1.2410393093490595
4288,3.1424216019620363
4289,4.384867402584519
4290,3.2685445258215613
4291,3.2126912040097917
4292,2.512869357765946
4293,2.3769989383926085
4294,2.4367190227926736
4295,4.58262233826507
4296,1.4507042804186558
4297,3.967346068954136
4298,4.279197023040242
4299,1.3951798123159365
4300,4.13310953588136
4301,4.844902048965169
4302,3.5915548284444863
4303,3.573708104809761
4304,3.004053772387837
4305,1.62416587492361
4306,1.4492826095757851
4307,4.2016797625903735
4308,2.815864134517059
4309,1.972001193063364
4310,2.0956156421531693
4311,3.116231510736502
4312,1.8442064684518082
4313,2.785060062898231
4314,1.2963628491069596
4315,3.3262362348784
4316,3.887019563274417
4317,1.1753116810892439
4318,3.619877703006778
4319,3.199986066040305
4320,3.2632487005562556
4321,1.9896803598605022
4322,1.0537281861370427
4323,4.783769992632864
4324,4.196284977399134
4325,1.0052868641007744
4326,3.614118675478089
4327,2.9766619864040864
4328,3.308583932315155
4329,3.690668425441532
4330,2.3862202652474376
4331,2.9809205661987686
4332,3.0592116910516163
4333,2.345232064489303
4334,3.4873944886235546
4335,2.8079556485041035
4336,2.089551709048727
4337,1.5081358442500616
4338,1.8123295553329597
4339,3.326811049744021
4340,1.407137136722016
4341,4.531588476763924
4342,3.1605053548664057
4343,4.01668878343649
4344,1.2430659793296042
4345,2.0916447439365293
4346,2.6142676725542606
4347,2.1477883248712346
4348,2.0146786351441746
4349,1.4150420672016244
4350,4.765772109886489
4351,3.1976333588998913
4352,3.960569238608837
4353,2.461958060083605
4354,3.022360327242796
4355,4.039850787839909
4356,4.07702571288325
4357,4.971211481027236
4358,1.5765849624439205
4359,3.3936666624886476
4360,4.148546728531018
4361,3.157451364364505
4362,2.3441258299845456
4363,2.1905006613908835
4364,4.681754096207333
4365,4.512883225129358
4366,1.033975565146649
4367,2.2691064932954994
4368,1.6003772006104846
4369,2.7039507898004485
4370,2.3493921306959207
4371,3.1693111304440458
4372,4.761534695471452
4373,1.2428099776475179
4374,2.421377873282862
4375,2.204067837767006
4376,4.986204728859012
4377,4.595065397857439
4378,2.976203109209996
4379,3.95564047202813
4380,1.8353530107975282
4381,2.6448326475059565
4382,4.025224850599557
4383,4.636560980733435
4384,3.2089746328133906
4385,4.908968420225387
4386,1.9602287444574595
4387,2.870124181679388
4388,2.200132137557595
4389,3.3230798723664137
4390,2.2606391986429624
4391,1.0247659549803276
4392,1.9713747918946707
4393,4.28172126383568
4394,2.0839376623343395
4395,4.66159710421015
4396,3.109821264338397
4397,4.9110557604407985
4398,2.405354912421245
4399,1.5946204733896305
4400,1.751061475673061
4401,2.1543434893186144
4402,1.491651968385292
4403,4.543616957203408
4404,2.23447450524245
4405,4.90362099141223
4406,3.9239592487922463
4407,2.0471322942674877
4408,2.3217326645921816
4409,2.2551104777011997
4410,4.172214055797788
4411,1.386713115563619
4412,1.4069884568514315
4413,1.8360734077698861
4414,4.021927838453109
4415,4.667939417795176
4416,3.2115822960204374
4417,3.8800629105742064
4418,3.279176245641245
4419,2.5068627562643795
4420,2.9219914130088838
4421,3.9324287167888636
4422,2.531713734456862
4423,1.4331981682974506
4424,3.4340964205920823
4425,2.476538160628197
4426,2.4139979170184462
4427,1.9467865801719308
4428,4.8060675037454725
4429,3.027551940367486
4430,3.8487604318735626
4431,3.6104062489873923
4432,2.886456032741732
4433,1.1068379146726408
4434,4.8064769889008305
4435,4.445018739311697
4436,1.7208975207922812
4437,3.5719194678847743
4438,1.4410575495177556
4439,3.90821390273414
4440,2.452544207681694
4441,2.0516117925833552
4442,2.9034120551840803
4443,2.419783636879281
4444,3.7766164904313166
4445,2.5699495801132515
4446,1.7775618214662106
4447,1.5382107259748472
4448,4.669929683999545
4449,2.145996642064555
4450,2.250162190622478
4451,4.96445014897594
4452,3.201875452932441
4453,4.111768510647426
4454,3.845770819960306
4455,3.542045516071748
4456,4.732541198569789
4457,1.2511497456319898
4458,1.5848445102574362
4459,1.3114373962309598
4460,1.7067739373485207
4461,2.370474228749846
4462,3.498198624509148
4463,2.598069089871447
4464,4.515815089273189
4465,1.2116224459396996
4466,2.981276368661374
4467,4.209012242960501
4468,4.512464027765022
4469,4.94108589534202
4470,4.150662410111983
4471,1.0470247487565132
4472,4.321402342460782
4473,2.4466856724717903
4474,3.140977588584098
4475,1.1561789585602917
4476,1.0809203627400699
4477,4.00632673840019
4478,2.944606321125443
4479,4.175192512090163
4480,2.590734673509829
4481,4.6664324777263415
4482,2.253068305242435
4483,2.4761030482121367
4484,1.4443453256496936
4485,4.230027014118586
4486,3.925243436694735
4487,3.3694272251085358
4488,4.412321783460683
4489,1.1317901474091183
4490,2.9029298763332436
4491,4.886408686288241
4492,3.5235581179417306
4493,3.269497768289703
4494,3.7654789112983162
4495,1.2736211484757436
4496,2.1724488998253952
4497,4.951540023970145
4498,3.4984670613454996
4499,2.211364771909638
4500,4.999339019881738
4501,4.344912064297716
4502,3.094797056170913
4503,4.154485717497927
4504,4.1153833946841765
4505,2.768836731712063
4506,2.909993022547387
4507,3.1243829894248916
4508,3.870120381588256
4509,3.6707777391571232
4510,3.6017289321698853
4511,4.797198020118856
4512,2.147279386313743
4513,3.550426673060873
4514,3.6558770524308937
4515,4.6749216588451725
4516,4.98948246815538
4517,3.8536142643313633
4518,4.975252154541557
4519,1.423717527435234
4520,2.01278863856583
4521,4.063005948296137
4522,3.018503545340755
4523,3.205034407733264
4524,3.5030476057374984
4525,2.071484507396463
4526,2.885476519858047
4527,3.3659650229203857
4528,1.4732721512906135
4529,4.338340164538085
4530,2.6768880652583786
4531,1.0194316508023067
4532,1.2533497295577973
4533,4.5885751932362036
4534,2.459110265321592
4535,2.445807348261525
4536,3.0553483326559854
4537,1.1495744265494126
4538,2.846047749575584
4539,2.112753496667469
4540,1.2525192555255598
4541,2.2504658080375926
4542,4.341453252738265
4543,3.676519137513835
4544,2.674845858413828
4545,3.9017176882117064
4546,3.0554922681831074
4547,3.6937917897632975
4548,3.14684355404578
4549,4.964424135836749
4550,2.5716795989491157
4551,1.7733911134915932
4552,2.5676038864495188
4553,1.0400311456690448
4554,2.1375686832183263
4555,2.13685210122228
4556,2.9515963466909967
4557,3.121336466167878
4558,4.948924298636912
4559,3.31917736016461
4560,2.1869142280956866
4561,1.8451790867843036
4562,1.0553041438954027
4563,3.223839907008381
4564,3.2192721571546175
4565,4.897385438183965
4566,4.98044910329266
4567,1.5732669348754085
4568,2.6422527017628887
4569,1.2007837723592711
4570,2.7757689179807024
4571,2.3431070056224756
4572,4.213372936653618
4573,4.896943749641996
4574,3.9621387396161376
4575,4.4930576374572
4576,3.0957893483379846
4577,4.67777712526148
4578,2.6183918563819613
4579,1.8150217492655125
4580,1.0725885441847027
4581,3.8939453351198217
4582,4.818241507194026
4583,1.8006459696264852
4584,1.041037055471088
4585,3.3150204882840284
4586,2.5693908562692163
4587,1.8685624507084864
4588,4.609453256856188
4589,3.392588353684581
4590,3.70961926711931
4591,1.793368920312787
4592,4.96978390550407
4593,3.692030814170768
4594,1.4573080229142885
4595,4.649211989441161
4596,2.1247484092633666
4597,3.4687448145390256
4598,2.579889934750173
4599,1.0291083968893333
4600,4.805929897320498
4601,2.7797778101301107
4602,4.992424201745088
4603,3.0386089380428043
4604,1.6765746854436583
4605,2.3989335932298297
4606,2.917902334510331
4607,1.2089395301246038
4608,2.6406736051406203
4609,3.232672435437811
4610,3.870867978866317
4611,3.5107488999469196
4612,2.5384540884588227
4613,4.515922305040039
4614,4.588004486259322
4615,2.9248900869223813
4616,3.9199766202731845
4617,3.5630629897214896
4618,1.1397045311908172
4619,1.1634014243968656
4620,1.5301803410765618
4621,4.526645031429858
4622,3.690748977856391
4623,4.44340720610374
4624,4.593390772911599
4625,2.1980057582931356
4626,4.834333986842063
4627,3.9141970952652145
4628,1.0298673339050253
4629,3.4716735617856966
4630,3.0174176484497317
4631,4.846704763983181
4632,3.1574882560410757
4633,3.8296296549110656
4634,3.5309557729313004
4635,1.6076109147409197
4636,2.2891590481826922
4637,4.691456812366094
4638,4.610084537513067
4639,3.652752471173459
4640,4.596524436237788
4641,1.3578469858049536
4642,1.548989262631855
4643,2.7149775092056725
4644,4.81821673007643
4645,4.12811272575738
4646,1.9724440152761247
4647,1.8335857812856258
4648,1.2335405730570979
4649,2.3254593960757584
4650,1.8453022114096678
4651,4.043364639438889
4652,4.911577795017594
4653,4.716970967821853
4654,1.9033594584906393
4655,4.776572617304145
4656,1.4302812876227002
4657,3.523244926724366
4658,4.621061257156506
4659,3.7499754461331083
4660,2.7636814424366722
4661,1.9353931828383146
4662,2.0711018016826537
4663,3.9181794034870028
4664,4.616316072359183
4665,4.802124970146605
4666,4.786146979336051
4667,4.389473672251365
4668,2.241632336126853
4669,1.7963582400432752
4670,4.315839856896643
4671,4.829421674936947
4672,2.479356026385338
4673,4.112501711633625
4674,2.9219918060263246
4675,3.874932037137463
4676,2.7825932911491496
4677,2.4958396820734094
4678,3.3183294055691475
4679,3.4736236345364833
4680,3.847197917703875
4681,4.341844484598111
4682,1.1598529462040164
4683,2.071587932725776
4684,4.158252314598488
4685,1.618726711258618
4686,3.996582674328542
4687,3.7507665988301846
4688,3.29959254164306
4689,1.9390291567191884
4690,4.645252948775753
4691,4.452970053083417
4692,3.692920549942159
4693,4.941460622081104
4694,4.265539076346373
4695,1.5148725994696117
4696,2.1948611167508845
4697,2.489130371808137
4698,1.8112456431810333
4699,2.9665801373599905
4700,2.533138863868296
4701,3.173887682905235
4702,1.2643152834841587
4703,4.116543832899209
4704,2.0368319894910694
4705,1.3409240213648044
4706,4.516994693289996
4707,4.637128721077927
4708,2.19723086461499
4709,1.3403435471920129
4710,4.039583343497997
4711,1.505311107950328
4712,4.701872842934405
4713,4.6740843722276155
4714,2.645385905157319
4715,2.270388214439429
4716,4.051509139562536
4717,3.6247787437764067
4718,4.565069072373544
4719,1.7204361802327681
4720,2.345010143532718
4721,4.074083445493004
4722,1.4946466049664031
4723,2.440283073748618
4724,4.566222550795686
4725,1.5456251608785685
4726,4.357229748297641
4727,3.546264439141872
4728,4.299420118543319
4729,3.8919434414267235
4730,2.858756631601754
4731,4.652686494498952
4732,2.470562493512629
4733,2.535668849145549
4734,1.817774307471712
4735,2.8509082225256974
4736,2.8437729654950856
4737,4.564064276134299
4738,2.792044094503367
4739,3.1396515472456614
4740,4.064446106141858
4741,4.502758929088319
4742,2.4124801660652446
4743,2.596411592172147
4744,1.1466019625818302
4745,2.185509123574377
4746,3.8915496137714305
4747,3.683499007378388
4748,2.0265119334510517
4749,1.2191898802040897
4750,1.3689188758180535
4751,3.4371457372215244
4752,2.6280754400208344
4753,3.768603478129704
4754,4.510278815564668
4755,2.814807828160564
4756,4.335559318640421
4757,3.4710041571480925
4758,4.773268624615862
4759,2.132663171567553
4760,1.332872088465054
4761,1.0928362661147388
4762,4.687075417168614
4763,4.11470636284677
4764,4.301383837281706
4765,1.8262791485393404
4766,4.104597697681755
4767,3.231664006982379
4768,3.1053282184299924
4769,1.8212600596922992
4770,3.7572503129585715
4771,1.6140204359611028
4772,3.4328945077084128
4773,1.924381894739652
4774,4.36097832591085
4775,1.3542576041355416
4776,1.053767421434134
4777,1.5766614215773784
4778,2.492661840568999
4779,4.521775640319228
4780,1.5375228486706471
4781,4.199802702879497
4782,3.8885058082981714
4783,2.184425666404094
4784,4.346591409129321
4785,4.363029146932947
4786,2.865956221000986
4787,1.196883534136358
4788,4.934904172937568
4789,2.7616486367123136
4790,4.191739611000093
4791,3.5323793354430255
4792,2.1863912063298696
4793,1.7515148943066223
4794,2.5473230550762054
4795,1.079874075566221
4796,3.319763173300327
4797,2.927412259513694
4798,1.4361478027542294
4799,1.2524976834590738
4800,2.0912217635110677
4801,3.206381528116709
4802,3.5133735273160323
4803,1.7382009636584987
4804,1.7940298108075705
4805,3.356345977079389
4806,1.9743644454107594
4807,2.1954364591085147
4808,4.991254274590899
4809,3.483560081784894
4810,3.353095089007859
4811,3.2083546968216523
4812,4.194354455769492
4813,1.3810065098892341
4814,4.614676557704226
4815,4.941246096525149
4816,3.3168031658408714
4817,3.8927360370330675
4818,3.1466874898606942
4819,3.048326068418225
4820,1.166099940031978
4821,4.731294310492775
4822,2.834444713856822
4823,4.631979424007549
4824,4.997100720786211
4825,2.022652006062155
4826,3.114362697488908
4827,2.996290941206345
4828,3.130488653606862
4829,3.276563231492609
4830,1.7692365734725932
4831,4.191983113061029
4832,3.5058985063172665
4833,1.4055606700336138
4834,4.61802472146495
4835,4.139259683469353
4836,1.7811363704285834
4837,2.81700429516424
4838,3.384011356383319
4839,4.426609683660429
4840,4.650097135437766
4841,3.551191782059624
4842,2.329015382234442
4843,1.757165074091576
4844,4.955474283042285
4845,2.4584131000667484
4846,4.13108785237781
4847,4.601227365218152
4848,1.0555442844336849
4849,1.5774463716471812
4850,2.1706850240506594
4851,1.0283357962666368
4852,3.2540885270396047
4853,1.2499122802571625
4854,4.276084785043141
4855,3.1054093262195823
4856,4.044256661249417
4857,1.18999792805988
4858,4.193722011299502
4859,3.088188137581546
4860,4.355776072120803
4861,3.8092147462726325
4862,2.0113526622981475
4863,3.69225285555592
4864,4.090019167200573
4865,3.8295374527983
4866,3.166259819210747
4867,4.001172551144592
4868,3.5114095661487097
4869,2.1416103840249914
4870,3.032930518281774
4871,2.6817908680183438
4872,3.0945043694534644
4873,1.0887028378159371
4874,3.581925835735276
4875,1.7604567449987272
4876,4.005220241088549
4877,2.8682363042999137
4878,4.074542471618356
4879,2.5461340649428763
4880,1.2521060959236814
4881,2.8552902670005205
4882,1.8138091647773615
4883,4.4184705541269205
4884,3.171985994890791
4885,2.88862365272469
4886,4.626894853460698
4887,1.580380769822264
4888,3.692525552687167
4889,2.5396258378689076
4890,3.278939107363374
4891,2.017545507660977
4892,1.1969970723854884
4893,1.3264394435646745
4894,4.918819498769517
4895,4.040318189664326
4896,4.261944044097103
4897,3.7100625709573505
4898,2.2757864516928543
4899,2.3010889499821365
4900,2.856438955181
4901,2.109801246134275
4902,1.6759867115458684
4903,1.5966309710125395
4904,1.3786174911639635
4905,1.072320208850679
4906,4.16170080178319
4907,1.8669814705135677
4908,4.215673569498517
4909,2.612310994938431
4910,3.8773685039145374
4911,2.4169551646612164
4912,4.218785316285673
4913,1.3862316452394179
4914,2.3640558202079838
4915,2.7423537442942534
4916,1.5597249429867412
4917,3.8996707661125143
4918,3.1598538633258224
4919,3.9814691104466857
4920,3.2413735753622697
4921,2.635944360904111
4922,3.622387684563522
4923,1.7144071691949732
4924,1.9167826711826819
4925,2.105646938545653
4926,2.6067141177137763
4927,1.196929205041307
4928,3.213278328442083
4929,4.430810286705688
4930,4.060206661056943
4931,2.2760676313675026
4932,4.182839659492519
4933,3.8009161020396527
4934,4.2734187156741426
4935,2.2912196110145544
4936,1.0283140481920334
4937,4.717187999059413
4938,1.270261800151561
4939,2.474411539812131
4940,2.8002041981696837
4941,3.2728243917777546
4942,2.0741993574233355
4943,4.5392123900476555
4944,4.433905392406878
4945,2.9910110667421614
4946,1.4242170251216826
4947,4.228762594946259
4948,2.0644013076764356
4949,2.0780100120404956
4950,3.9042281081977523
4951,1.0708840453253372
4952,4.043533178804777
4953,2.24092658569302
4954,2.67521980329616
4955,2.1017807022151
4956,2.0377498389198916
4957,2.3455996488794018
4958,3.007349205098348
4959,2.9621302863430414
4960,3.964455398822644
4961,3.777630742773388
4962,2.139540308433973
4963,2.747133744608965
4964,2.295717845325096
4965,2.932369368049433
4966,4.154714736770195
4967,1.8322349101356963
4968,1.99500898999527
4969,1.4097126727947695
4970,4.542286612416445
4971,2.7976166288909514
4972,4.9890363801114646
4973,1.7828073546311347
4974,3.0740207308609415
4975,4.914331494941308
4976,3.396271893629333
4977,3.04317457852654
4978,2.6191735854943894
4979,2.896559826911036
4980,2.423978829189421
4981,4.552658762124995
4982,1.7854514769991057
4983,1.9562662901826458
4984,1.3927733909859041
4985,3.8001210041899824
4986,4.666436605833123
4987,4.097794177706049
4988,3.4431259599862827
4989,2.5638009008726517
4990,4.562287387757607
4991,1.5104671893548254
4992,4.701111855169118
4993,4.181480794363329
4994,1.1870603733285052
4995,3.6336512167295028
4996,2.8281966470395434
4997,4.3163830340823495
4998,4.6195053281447525
4999,4.735064878298168
5000,4.049863936382007
5001,2.5467094127510412
5002,3.22203799777101
5003,2.6934210551199502
5004,2.127024252334046
5005,2.26087860950225
5006,3.108483367695675
5007,4.993741021476892
5008,1.9712245440575735
5009,2.2633548267848704
5010,4.69783614744189
5011,1.1416242094991729
5012,1.238115940530891
5013,1.4037442365610748
5014,1.6202129823692517
5015,3.9231321433901476
5016,4.050959229449928
5017,1.5683203275468829
5018,1.2041001220768246
5019,2.5596976481587927
5020,3.0673700827080963
5021,4.769987091517769
5022,4.534157458950288
5023,4.9880091112699425
5024,2.7471869513282154
5025,4.495452119969591
5026,3.798962947996091
5027,2.175447990561732
5028,1.6024634367002721
5029,1.3269010494592317
5030,1.0715625166774796
5031,4.945630225756968
5032,2.258240423125527
5033,1.9287642694311304
5034,1.1623204706680093
5035,1.9188217771396743
5036,2.4368299225527825
5037,1.5182697743095002
5038,1.0864174642292967
5039,3.048924100589087
5040,3.411109545708403
5041,1.9123059242289586
5042,1.3409501147707634
5043,1.3331762266861529
5044,4.082664907141028
5045,3.721615723203284
5046,3.2315311501266915
5047,2.976362185899647
5048,4.132333998949228
5049,4.451569831476016
5050,1.1194006569325583
5051,2.2659653739803725
5052,1.8512774145660869
5053,2.242919851278487
5054,2.0011829854875622
5055,2.9206472816844644
5056,1.6732946558208228
5057,3.546523999137996
5058,3.47730054604876
5059,1.2697965348846734
5060,2.9453802459505325
5061,4.281665984914818
5062,3.3359248261617975
5063,4.684862280995736
5064,4.626786433596527
5065,1.4486636229451175
5066,4.276858079717441
5067,3.3932523642835846
5068,3.168770788994521
5069,2.750922407276327
5070,3.0538215287735895
5071,2.8424848321308644
5072,3.600865612300541
5073,1.6216667472495918
5074,3.6869740359961747
5075,2.091230756308331
5076,1.8878424799980347
5077,3.5981855444366646
5078,2.4046079761833328
5079,1.9888433342834002
5080,2.0743684796429007
5081,2.822673080474709
5082,4.017755352019421
5083,3.407202410859809
5084,1.1028236177017599
5085,3.17291021449237
5086,3.795205749373453
5087,2.5912931619862136
5088,4.78102821711405
5089,3.8517111766529277
5090,1.4103703439109547
5091,2.509502988672347
5092,4.485093000219512
5093,3.1651915817614666
5094,2.210340531241942
5095,4.457471792617792
5096,1.2688413610808449
5097,3.1892553809726376
5098,2.0754918630715062
5099,1.3606708599894355
5100,3.508097919218955
5101,3.875673946889019
5102,4.588006821927335
5103,2.079714049082468
5104,4.06147317801314
5105,2.9088123455507473
5106,3.3225548883970912
5107,2.5968775111882514
5108,1.3190276641071672
5109,2.5447999764274964
5110,1.6556467583873422
5111,4.781906085756541
5112,4.572115890484393
5113,4.86054135512202
5114,2.801949839331008
5115,4.661567431270226
5116,4.089330234639798
5117,1.350329848921331
5118,4.393133103167683
5119,4.197710428770189
5120,3.3840526957487698
5121,1.5777683313856223
5122,1.273236227677324
5123,4.835179756556363
5124,1.0911737263062307
5125,3.2209439571959253
5126,2.1511799564319
5127,4.707678966113526
5128,1.1236691718373466
5129,2.7407838234537145
5130,3.168142583158029
5131,1.8435856129234716
5132,1.1445492158186825
5133,3.821168448011889
5134,1.7560864922695938
5135,3.377398095714234
5136,1.9163239996649373
5137,4.189653673502445
5138,4.4894522890838
5139,3.383245200769271
5140,4.97808188693201
5141,2.2405052674105
5142,3.2553856322205674
5143,2.604217879618496
5144,2.804816329624911
5145,1.0943710212849136
5146,3.1992978968185457
5147,3.183148148570603
5148,1.7578373840970483
5149,4.498717964272844
5150,2.027377947628508
5151,1.6112861213180216
5152,1.210329298550068
5153,1.010257615534949
5154,4.0205587820194735
5155,3.5451428348583915
5156,2.3633677827909603
5157,2.9076984143800937
5158,3.1284780968382377
5159,4.007236505265124
5160,1.9144171892572786
5161,4.189579302349426
5162,4.30630857931542
5163,1.7315486660601378
5164,3.014460065890193
5165,3.8709023435648446
5166,2.5246044315484624
5167,1.44923193354325
5168,2.616622755415886
5169,4.7886424268114105
5170,3.7225119743628783
5171,4.9731377404249955
5172,2.9556709043744274
5173,4.944036635686061
5174,2.001087984154335
5175,4.433665627164258
5176,4.746192184062933
5177,3.8054521779743546
5178,4.681449878441426
5179,4.76689647333048
5180,1.2930620149728638
5181,2.2245158791931527
5182,4.874436129436656
5183,1.9484284973906925
5184,3.2605189016719955
5185,1.4646413008878323
5186,1.2956001169140787
5187,4.413061219195273
5188,2.0820053224138384
5189,1.252080307907852
5190,4.041588896230648
5191,4.467178427814776
5192,2.497119197317269
5193,1.2835079456862712
5194,2.3285288859452065
5195,2.215276187210973
5196,2.094099320226316
5197,4.020949951376819
5198,2.511243565796964
5199,1.7915970168796136
5200,4.307133095561468
5201,3.523248327427501
5202,3.4944573009586963
5203,3.921448193991269
5204,2.714079362018206
5205,2.2423757954802177
5206,2.6410841687678817
5207,1.358416559137292
5208,3.0506779801615225
5209,3.6020434335439786
5210,3.3344883365230986
5211,4.903862529710921
5212,2.186597954948324
5213,3.906120673390075
5214,3.6599131967503507
5215,3.6309287166355273
5216,2.7475424603289214
5217,2.580311828735203
5218,2.9730142651817513
5219,2.2917446695156425
5220,2.050227336094476
5221,4.690647961490686
5222,4.883240238712091
5223,2.189077497046332
5224,1.4917126082354275
5225,1.1681204094947906
5226,2.8829319411907752
5227,4.625854776828685
5228,2.7241317364390545
5229,2.016998951932263
5230,2.668546670358416
5231,1.769539249456281
5232,1.7817339574236373
5233,2.976927212298101
5234,4.049172612595036
5235,1.688662745292966
5236,3.80363354464276
5237,4.009672022311987
5238,4.853612483862216
5239,4.3149870268287955
5240,2.3612774938856
5241,3.6222069055737105
5242,2.4241069184788557
5243,1.6630622239622284
5244,4.110690385185576
5245,3.9937145072044724
5246,4.253521766742911
5247,1.8688672758657394
5248,1.7201848299971805
5249,1.65851500546774
5250,2.0084186720731405
5251,2.24763088606118
5252,2.2149832159155305
5253,3.137587779822025
5254,3.8762303285652675
5255,4.806810933233914
5256,4.452112835287964
5257,1.6434242292631462
5258,1.5132730333187805
5259,1.3994689358179837
5260,1.1369544253765755
5261,2.3179564903472527
5262,1.3001559708868955
5263,1.7595604472885977
5264,1.6479465236414819
5265,2.34628567283291
5266,4.700809418840121
5267,4.827954179440957
5268,2.8825916408613974
5269,1.641437709440714
5270,3.486370031072162
5271,1.6679467047200647
5272,2.104281694160613
5273,3.265227676741216
5274,4.161166589572241
5275,4.205591212358863
5276,4.59268423806299
5277,2.013069678682
5278,2.7573187784605095
5279,3.7797306921347706
5280,4.173732402717439
5281,2.086357933704808
5282,2.2721566425791035
5283,4.696524191458254
5284,4.450250873549569
5285,4.490340197512772
5286,3.664345845771009
5287,1.3888853975571371
5288,2.166403041094573
5289,4.734970377308954
5290,3.771810870813242
5291,1.223438568482877
5292,2.674097675936481
5293,4.997423364052305
5294,3.634766173064296
5295,4.718004474727614
5296,1.6147194319558964
5297,3.258156077516761
5298,3.160164467464482
5299,3.8067307515276085
5300,1.301021126606979
5301,2.859866762723789
5302,2.2720269822508072
5303,2.4426024008985476
5304,1.702309899608358
5305,3.5743501102545676
5306,4.210013187729854
5307,2.0940006884694453
5308,4.575214041304855
5309,2.9606802492755024
5310,3.531385216184365
5311,2.1708285919559156
5312,4.086257360068368
5313,4.3014610660232
5314,1.0325670697854794
5315,1.683908522514367
5316,3.881956188309719
5317,2.3857032088792605
5318,1.891616922332382
5319,1.5696488042797085
5320,4.91867139353647
5321,4.873727106385958
5322,2.458801228846565
5323,2.1640897229958105
5324,4.804630906892786
5325,4.0828283194105826
5326,2.1054987721821647
5327,2.645222742293219
5328,2.075500695806519
5329,1.7873988906755591
5330,1.2323666520356982
5331,2.0093271126857903
5332,4.548916656263726
5333,2.794807675684319
5334,3.153524347402345
5335,2.502318842772829
5336,2.9284767600846897
5337,4.623934564815104
5338,4.968279898884647
5339,2.2438705153829877
5340,3.7090104380061337
5341,1.976979456684214
5342,2.9235323958211112
5343,2.5603702783457396
5344,2.5266832469171816
5345,1.2482587847727231
5346,2.203078884026084
5347,1.8989277312233317
5348,3.279435771530028
5349,2.6701450565219296
5350,4.319699432860617
5351,2.6652160541996612
5352,3.3177444576357504
5353,3.612519731242435
5354,4.761707144798894
5355,4.277214034683993
5356,4.343164019356319
5357,4.136210454742615
5358,4.627962719589025
5359,3.933602344468905
5360,3.484048874464482
5361,4.222691328963504
5362,3.9095365158817166
5363,3.911789907185895
5364,4.331526534889754
5365,2.94841690062737
5366,2.447740933416755
5367,2.125637566508561
5368,2.6814838073553453
5369,3.4376996467958727
5370,2.2815518782431132
5371,1.6445226507356216
5372,1.6323715933504634
5373,4.75371201571147
5374,1.231543174334687
5375,2.133908432993941
5376,4.539958871205876
5377,3.455800266402913
5378,3.0881217195817086
5379,3.007901194028888
5380,2.0984549116435374
5381,3.9101068682809705
5382,2.8081267426349226
5383,2.8068745707530156
5384,1.9530033569600347
5385,2.0135130800773995
5386,1.0503029931821555
5387,1.6256393308527732
5388,3.779572252313485
5389,1.8115129604411937
5390,4.666700424732035
5391,1.1727371401270457
5392,3.7483191593531537
5393,3.10110117570555
5394,4.812387852657952
5395,2.436791674407116
5396,2.202492972391536
5397,4.468553857886141
5398,3.999489967607347
5399,4.027588488752295
5400,1.2796172289821053
5401,4.437522037994588
5402,1.1454480339291133
5403,1.9815827315816472
5404,4.0645909868855545
5405,3.4625930048369336
5406,4.899655424141601
5407,1.0827265529265646
5408,4.929936149728716
5409,2.9884958062956417
5410,1.2115010180081929
5411,4.143932645591514
5412,2.15915999041554
5413,1.116756444541183
5414,3.044572197081965
5415,2.525292724974995
5416,4.906860891545085
5417,4.847545942293321
5418,4.1857844926775405
5419,4.216158865619782
5420,4.512349717691434
5421,1.5315373539945316
5422,1.1670528762983543
5423,2.9502477155568543
5424,2.1334731145381793
5425,2.7413286513794186
5426,3.2814657276377504
5427,1.4177039825237934
5428,2.6078663124555277
5429,4.381358534897353
5430,3.270087504058032
5431,2.4639742813892274
5432,4.253461320156074
5433,1.4592423466434155
5434,1.8738024561954405
5435,1.7228879578843017
5436,3.576878648053453
5437,4.71921607003036
5438,2.0768404509555305
5439,4.362177482678668
5440,1.4660232833033953
5441,3.20582045746662
5442,1.553036466747019
5443,2.479839734003781
5444,3.5479426711718407
5445,3.17446354219417
5446,1.569426598329196
5447,2.5221616425353273
5448,3.227700123836603
5449,3.812537619688479
5450,4.434426897800018
5451,1.9207546670637443
5452,4.481652876998293
5453,1.9472537313148948
5454,3.735825571705819
5455,1.844762587621287
5456,3.228108133422618
5457,4.657176146006067
5458,3.0767246493382734
5459,1.476866474253073
5460,1.7864536896908758
5461,1.8672531229136147
5462,1.9890545340900867
5463,4.8409461532665174
5464,2.1787203917858853
5465,4.902692401925647
5466,4.0954326903821485
5467,4.971862296100332
5468,2.103326287488555
5469,4.284511543653307
5470,3.676761623518984
5471,4.84313687314765
5472,4.37025698878372
5473,4.709678141060164
5474,2.7852823352142773
5475,2.364455686676561
5476,1.317084221223999
5477,3.1601700130400303
5478,1.547096671280039
5479,2.587654374020348
5480,4.860617075232682
5481,3.609217078679291
5482,2.2623483440736685
5483,2.8285482912801982
5484,4.580898784660544
5485,2.9415926468690152
5486,4.494984047383941
5487,3.3654680313562064
5488,3.592430327046337
5489,2.4923686438882084
5490,3.768559823429808
5491,4.825691159749329
5492,4.721837620245779
5493,3.8895474368251057
5494,3.578435723519938
5495,1.513224871096424
5496,3.820706304791593
5497,1.472072893825504
5498,3.5096953751042808
5499,1.0810190564202227
5500,4.4416437199395205
5501,4.581926844547388
5502,4.48715825089424
5503,2.7746205177571412
5504,1.577008654119922
5505,4.493875118937582
5506,3.2754143091432324
5507,4.329821714447345
5508,2.462392073162378
5509,3.8758141793887377
5510,3.495693602144471
5511,2.7191227705406313
5512,4.8780972349909355
5513,4.356858625929556
5514,1.7500055906903764
5515,2.9820628836692418
5516,4.897729580489955
5517,4.351567268898905
5518,4.14199374729832
5519,2.8344344509399595
5520,3.3497181686993036
5521,3.5229013154713344
5522,2.3562615002301124
5523,2.2769155925583537
5524,4.205182418778658
5525,4.246979566622586
5526,4.605546488158632
5527,4.820015528114682
5528,4.720922650242112
5529,1.334256329495565
5530,4.646809421439768
5531,3.0246954949567795
5532,4.9025531480468025
5533,2.3046927172038307
5534,2.6361187298345605
5535,3.1253210790052033
5536,1.5711823042308297
5537,3.8376117477178577
5538,4.773781756284761
5539,3.4214099435807044
5540,4.986778033750346
5541,3.7323772608759396
5542,2.184752054101199
5543,2.7308244084198994
5544,3.1987545179392964
5545,2.90438652469147
5546,4.981982797485007
5547,3.623605105489268
5548,4.290946069652348
5549,3.416625033527761
5550,3.5236839966637348
5551,3.1646513848254822
5552,2.5209614083170044
5553,2.8213147140623227
5554,1.2969534625952353
5555,4.7191909130414285
5556,3.812941942351575
5557,2.8507637225705937
5558,4.6649137672548955
5559,2.701553673062374
5560,4.743737435848394
5561,1.8228422749575115
5562,1.772773567674638
5563,1.9292476142775232
5564,1.506096615021677
5565,4.662162647137626
5566,4.033778635999607
5567,2.562137402318444
5568,4.666490471077323
5569,3.276059078902
5570,3.685995760028723
5571,3.6995694912276793
5572,2.892519559409699
5573,1.0636558260262978
5574,4.393068720443458
5575,3.4399473802786895
5576,3.3235606514894136
5577,2.205717932937924
5578,4.7198476870454815
5579,3.694459301635102
5580,3.586458178514259
5581,2.852604957810468
5582,1.1676872439130128
5583,4.475557275891271
5584,3.315017600712835
5585,2.0050541673990927
5586,1.666069848173795
5587,2.4197250781558615
5588,3.6419048802411402
5589,1.0590994899255257
5590,1.7422910756097316
5591,4.23750710268418
5592,3.0929916045959613
5593,4.546585471496851
5594,1.9443235796287195
5595,4.710864256187342
5596,2.6343552236118004
5597,4.271447044670437
5598,4.785145566629158
5599,1.0870894447484631
5600,3.7031276824044013
5601,2.2789594615393636
5602,2.386611897676973
5603,1.9343407317623074
5604,2.3701265733847396
5605,4.440934579868358
5606,3.59422975733681
5607,3.1128845573316477
5608,4.553854549000695
5609,3.5578353807464187
5610,2.679987067737861
5611,3.981696377386304
5612,1.9829025902310118
5613,4.168787970128908
5614,2.5358638010031
5615,3.4795294000225194
5616,3.5285483962011206
5617,3.958277992824151
5618,4.303408804708777
5619,2.233820457461453
5620,2.604689992755251
5621,4.920786298836288
5622,4.027156994971971
5623,4.182815341152568
5624,1.5841428245696076
5625,2.8372535455105026
5626,1.5151235534515837
5627,1.9716756608294492
5628,2.8439530034508014
5629,4.833064524798802
5630,1.754259228554241
5631,2.7889762331957084
5632,1.7936934149168313
5633,1.3186263878377398
5634,2.2552432376303786
5635,3.8740934112424266
5636,4.316026798411172
5637,4.432481472243083
5638,2.2078634873202874
5639,4.651495224708741
5640,4.683560726111718
5641,2.2105937826278894
5642,2.4498972934062997
5643,3.967610938766805
5644,1.3112070014497594
5645,1.7725416065653965
5646,3.635243662026186
5647,3.5695549710432557
5648,1.9401122990979598
5649,4.569569641378266
5650,2.6127481248943645
5651,1.8844453176454765
5652,1.5107821278196818
5653,3.8664157602739078
5654,4.745481227402493
5655,1.459300054573796
5656,4.011113296186107
5657,2.729849537967442
5658,3.4221771689936347
5659,2.1511062662885525
5660,1.0350246734656876
5661,3.8014896546565575
5662,4.746402016599763
5663,4.953630103464723
5664,1.1634688306273087
5665,3.542367672347619
5666,2.7917393061944713
5667,1.487061667339217
5668,1.8418355085951945
5669,4.876748198686518
5670,2.8012477554528465
5671,4.402197435255289
5672,1.643083823847801
5673,1.1070082267631967
5674,4.359186714195047
5675,4.825890797655037
5676,1.389536578663487
5677,3.346486807431874
5678,4.447828272775645
5679,2.01046381568692
5680,1.4986308583746522
5681,3.8881669451082517
5682,3.8326780882217655
5683,3.9821989640725155
5684,2.35013957930285
5685,1.9460516535441315
5686,1.960447436305392
5687,1.4753868714070797
5688,4.595652119570545
5689,1.5342259052532725
5690,3.175675303297364
5691,4.155645731523226
5692,2.684599251085365
5693,1.6875718538285525
5694,4.7974756683677935
5695,1.4940227048869668
5696,2.0139727736154813
5697,1.0164305849790365
5698,4.566960024664796
5699,1.1324119068252338
5700,4.001680645819847
5701,1.2993006316205298
5702,2.416642565382919
5703,2.3331325999956816
5704,3.3928383295364566
5705,2.1789371111266957
5706,3.1000549690267754
5707,2.0125264273001937
5708,1.177911403922466
5709,2.07273809141162
5710,2.241062647305138
5711,1.6111474559272367
5712,2.0794666312286867
5713,3.10861953168298
5714,4.107943182860042
5715,4.370947224006823
5716,3.612272790480654
5717,1.9690884518678504
5718,3.211807643240455
5719,2.108523190952548
5720,1.455121276369527
5721,2.7006197835790378
5722,1.2705344586631702
5723,4.1769591331016755
5724,3.6007017788565303
5725,2.2541999243078816
5726,4.867925443709662
5727,4.88839106746523
5728,1.4284366530701371
5729,2.298104771691231
5730,4.709841112567914
5731,3.589248962562411
5732,1.0489625676484646
5733,4.804937670126819
5734,3.1574656759844166
5735,4.137250262222629
5736,1.475390594353735
5737,1.9652846814563514
5738,3.383742421679743
5739,4.277556827053653
5740,2.7766151035988336
5741,2.1235393221867027
5742,4.833152906681184
5743,3.0849846515594135
5744,3.4027821541816423
5745,1.6384514029212465
5746,3.518871922771304
5747,4.272368559058648
5748,2.2081823128307465
5749,1.1681184459236342
5750,4.458304151769754
5751,1.3875955414507062
5752,3.46997244626837
5753,3.770464112481582
5754,1.4381054719381479
5755,4.565913246127213
5756,1.973146384771379
5757,2.269445208974767
5758,4.245085504348577
5759,1.4972342062358304
5760,2.6791575853876677
5761,1.0031783331932274
5762,1.476582879223336
5763,2.4971561079407003
5764,1.468774682748177
5765,2.779178374585308
5766,3.610905856866085
5767,3.606546693506272
5768,1.9248927863820677
5769,4.586952693816784
5770,2.729299421408343
5771,1.8277272323810587
5772,4.197321775874555
5773,3.925569624372314
5774,3.769091228226808
5775,1.248688179192845
5776,1.9379551261763934
5777,2.08491559926268
5778,3.6026327701067076
5779,3.8998256066477888
5780,1.650251783974972
5781,4.141828956571889
5782,1.822942482477131
5783,3.7786356632435436
5784,1.655890026691619
5785,2.6849613091816056
5786,3.2724761236627744
5787,2.4368193881706097
5788,1.198235755941611
5789,1.9861329482596846
5790,1.5626728543511064
5791,3.8482685419262403
5792,1.9130657362092234
5793,3.7456910979260063
5794,3.7344617007762606
5795,4.774587335637514
5796,3.7984345710721987
5797,2.5706462469754205
5798,1.1290113359163887
5799,2.367387323481785
5800,1.2219170994377317
5801,3.560785635067659
5802,2.7120675902387963
5803,3.756700259277897
5804,2.4589137486548034
5805,4.141404730428645
5806,3.3171446289926756
5807,2.8649291737565568
5808,3.479000777572732
5809,2.965635226617941
5810,3.1071033463269404
5811,2.336629927631481
5812,3.8640763034303816
5813,2.034785620848869
5814,1.41163076880005
5815,2.980782806395122
5816,2.4406100931483006
5817,2.325399815603955
5818,1.0711769449020667
5819,1.4056141598839353
5820,3.2163640647198792
5821,4.507974185748681
5822,1.1999294546887036
5823,1.9232193164211324
5824,2.9393496021505103
5825,4.490333178893078
5826,4.41252648871353
5827,2.8270353743033647
5828,3.053562217935174
5829,4.395309742336968
5830,4.130773709435773
5831,4.1399794261935945
5832,3.71763745087576
5833,3.6213754924084864
5834,1.6636043552078927
5835,1.5354994184470216
5836,2.0069993335488574
5837,1.656506396305509
5838,3.09142731726979
5839,4.612809932589762
5840,2.699103380721179
5841,3.2159540526336845
5842,3.487641853886193
5843,3.5508009285533992
5844,1.9620853351532759
5845,2.584433224639467
5846,2.041058107662897
5847,4.939475158046797
5848,4.47951280012129
5849,3.916905009317218
5850,2.999670778950915
5851,2.9878621928140827
5852,4.177434587011042
5853,3.4631145912770918
5854,4.89541309765278
5855,3.168932187219322
5856,4.582847268971982
5857,4.714905001422936
5858,1.4102594928275223
5859,4.63524803060133
5860,4.333348488474099
5861,3.3936165749782194
5862,2.9448095816829603
5863,4.681745116436948
5864,2.377898582904051
5865,4.297766984463784
5866,2.6176209487569113
5867,4.915209979892418
5868,2.437490250776845
5869,1.5585892971879196
5870,4.004897761584928
5871,1.136809563274074
5872,4.19273980187071
5873,4.6352282864424295
5874,4.774444716163403
5875,3.016057083170706
5876,1.4000968422111093
5877,2.5281778772960886
5878,3.359629136955302
5879,2.837689626111014
5880,1.331055868751692
5881,4.993245436789708
5882,4.109154182831098
5883,4.414865402619631
5884,4.983558365226631
5885,4.074281680149935
5886,2.5135014758538747
5887,1.1801564655148513
5888,1.9648055788636012
5889,3.8724126633255866
5890,3.8638744002872625
5891,1.7815482611438016
5892,3.766994415159007
5893,4.535572275293566
5894,1.9823369533358264
5895,4.835736469755081
5896,2.029586976526206
5897,2.452998134755959
5898,1.8178635834540313
5899,4.204696937371446
5900,2.9522562141157604
5901,4.670362293502842
5902,4.688901807426587
5903,2.716273989828283
5904,2.909152453734851
5905,3.6693070218895807
5906,1.9957523545706386
5907,2.988959010338615
5908,2.5891468368544848
5909,4.466813299704183
5910,2.6270938081804487
5911,2.387108132846155
5912,3.8043684094671106
5913,4.109866687708177
5914,2.465140864391771
5915,1.7879701839289428
5916,4.027712165317244
5917,1.911184980694665
5918,1.9787710105170486
5919,1.510915520891222
5920,3.55535591446117
5921,3.5067960437453
5922,2.724904769892297
5923,3.924273414204059
5924,4.511595105613701
5925,4.334755185754846
5926,3.7423210704535412
5927,2.898872193652186
5928,3.570605522792588
5929,4.31961947534992
5930,1.3385671089712736
5931,1.2359738425451083
5932,2.0531831427232454
5933,1.4729894318193035
5934,2.3776603347180165
5935,2.118235911246021
5936,4.011874407009264
5937,4.457221608515125
5938,4.520872387053297
5939,4.833644097682301
5940,2.2611281425132366
5941,1.450641380165949
5942,4.351116694563934
5943,3.6949561838226375
5944,3.1832870737341623
5945,2.6989879076403476
5946,4.869719469181955
5947,1.0253311028616507
5948,2.448998758025872
5949,1.9360066183249964
5950,3.3901356146793074
5951,1.2785935543859464
5952,1.089224622771738
5953,2.7950400460020237
5954,4.858215905340035
5955,1.236987505655606
5956,2.5639295515925635
5957,3.8251427980934323
5958,1.2119106797916928
5959,2.862129085773869
5960,1.6427793121010006
5961,4.250628146345125
5962,4.7562587863279
5963,3.517746062751267
5964,2.8584966071343603
5965,2.5844216668296935
5966,4.927833659524346
5967,3.407153174544479
5968,4.632010646629949
5969,2.5748767331881814
5970,4.058090230727251
5971,2.3230381356468
5972,1.0377510657680942
5973,4.234492399220841
5974,4.884312474074757
5975,3.012450686654668
5976,1.833673361975733
5977,4.548357949611326
5978,1.428110484375066
5979,4.071907620647987
5980,1.1708315398201945
5981,2.4030645830783697
5982,2.9869910051190294
5983,3.466496505001892
5984,2.018025321403186
5985,3.838183174459325
5986,3.8273301254178733
5987,4.419154073688032
5988,2.3834662429257567
5989,3.277756681232357
5990,3.610511916018267
5991,3.894889180698643
5992,1.925266892018621
5993,1.570755338524429
5994,2.0905395112776786
5995,1.270011557476383
5996,1.011905118559974
5997,2.597298944961573
5998,1.966035042997476
5999,4.822498715623388
6000,4.4411265412677245
6001,3.9652542209485238
6002,2.5939581638325677
6003,1.8319806190484766
6004,1.7325993019016193
6005,3.4989903994515155
6006,1.2954648710175811
6007,4.7508570060249955
6008,4.279979848212913
6009,4.709046359878469
6010,1.7855606850950143
6011,4.496478454103055
6012,3.8551058217072227
6013,1.6465601646357126
6014,3.3631455449960335
6015,2.6700886563864654
6016,4.047427852544341
6017,3.0587816484692634
6018,4.232010729853785
6019,4.723178708793954
6020,3.6612092583332223
6021,1.2304897229053018
6022,4.020491164113922
6023,1.7670817845517202
6024,3.166227663487104
6025,1.0460095995181242
6026,4.665494419328423
6027,2.0553256389395815
6028,2.6353811124308972
6029,2.6117433805793673
6030,3.248176498705545
6031,3.206812433833654
6032,3.3240246253159116
6033,1.36899568909593
6034,2.85292908623607
6035,1.9724471573175308
6036,2.5993996653351323
6037,3.9243093221333085
6038,2.332243616736604
6039,2.075781987629377
6040,3.9718634774891597
6041,3.4177696471859864
6042,4.789281007457454
6043,1.0186635885469268
6044,2.3571793957043177
6045,4.653609544753491
6046,1.6755507034281911
6047,2.501203758556539
6048,2.0420100525577545
6049,3.589581439073247
6050,2.0377462219329967
6051,2.604403219486377
6052,4.411809051284683
6053,4.261341746115779
6054,1.9427834791012577
6055,3.5187180746750153
6056,1.429537243552228
6057,4.055512237141231
6058,4.821278190761907
6059,3.6437378859496112
6060,1.827536649116527
6061,2.6198596574451916
6062,2.2038131264048557
6063,3.369262835621165
6064,2.889827310662226
6065,1.6793069627304522
6066,4.170368269421873
6067,3.1062004952229736
6068,3.378641065883807
6069,1.8638116646526615
6070,3.1964047856292126
6071,1.5191582400505235
6072,1.2161334394770913
6073,4.258105128137338
6074,4.7641363454096
6075,2.8332493301134614
6076,3.3643475323453953
6077,4.21726042087205
6078,4.997629730305486
6079,2.5964282489473134
6080,2.1894837024045666
6081,3.816856828740484
6082,4.062765227515261
6083,3.783812969213181
6084,3.858064696755609
6085,1.354788991445934
6086,1.2128215168140324
6087,3.364091900690925
6088,4.6303828530501185
6089,4.810324255315926
6090,3.3951779539844344
6091,1.1870055093103726
6092,3.688986325689208
6093,2.4248726851165743
6094,2.4772397826251367
6095,4.7812158563993625
6096,3.6845636032375455
6097,2.0499960222607405
6098,1.785043216450044
6099,2.5293186770081895
6100,3.4794027379703767
6101,4.016188973444647
6102,3.103234020069194
6103,2.5841030776008815
6104,1.0546872312309206
6105,2.642421113868938
6106,4.285656854786211
6107,4.401526986423612
6108,1.5039569171597966
6109,2.1131423963506997
6110,4.142114950432177
6111,4.91955991108925
6112,3.604189666604679
6113,3.1541743396457074
6114,1.6438046312381625
6115,3.048495535151388
6116,2.6978413453876926
6117,1.738672415903327
6118,1.029267093995137
6119,1.442302594139023
6120,4.738795726053198
6121,1.2905781380832297
6122,3.7890505672805386
6123,3.963092684159051
6124,2.7842271615220353
6125,1.8063985768652473
6126,3.5321622154566428
6127,2.4232272290778507
6128,2.6149778552764382
6129,2.779752703023224
6130,3.1853552153417533
6131,3.3518248006103906
6132,2.8351404644232505
6133,2.5188414661051617
6134,2.7933481619317697
6135,1.4226994770111174
6136,2.6136586532215773
6137,2.056806033798642
6138,4.369701172109216
6139,4.726377796070768
6140,3.715205229394622
6141,1.4093173910916201
6142,1.7583720515756758
6143,3.123834217841952
6144,3.8941434810801145
6145,4.453050541645542
6146,3.058668814482524
6147,2.2898018361479706
6148,4.2027594696068595
6149,2.3018897344731024
6150,4.448477080364097
6151,1.7720386818644118
6152,4.016724456430923
6153,4.328722716673244
6154,1.334034378019838
6155,2.2818242110256577
6156,1.8287849533811324
6157,1.319565331674109
6158,1.874119042868858
6159,2.5936353841655957
6160,3.5672264190766314
6161,3.9771308013447033
6162,4.293006799988515
6163,2.7729516437830926
6164,4.273828548822607
6165,3.703292865709589
6166,3.2092504193289657
6167,3.2820534317574848
6168,3.49694555402993
6169,1.1720021802714653
6170,2.4682716114784817
6171,2.58094741161094
6172,3.826380635346318
6173,4.951739296536333
6174,2.7062713431504077
6175,3.3367346538358724
6176,4.557308678416947
6177,2.715862735769765
6178,3.9232606545718833
6179,2.335516361055707
6180,3.08996752124709
6181,4.264076197464629
6182,3.629501604841737
6183,1.2856201039773474
6184,4.952544879804152
6185,2.9895357974033487
6186,4.243913324598543
6187,1.0033349266474567
6188,4.290080991116142
6189,3.9549916675787853
6190,1.3924077240787267
6191,2.8232363846826223
6192,1.3260697619496749
6193,2.390759262120388
6194,1.2295088512315235
6195,1.7139289868533765
6196,1.029415558124657
6197,4.9971317240688045
6198,4.182702718967678
6199,1.2414956318859067
6200,2.9696886057672627
6201,3.562388245528454
6202,3.195462929600988
6203,4.2810718244662285
6204,3.819231836635454
6205,1.0129086948526718
6206,2.3476727335258984
6207,3.9950794051307383
6208,2.1271545369697233
6209,2.8888781385313655
6210,3.806000436849484
6211,3.409913897393044
6212,3.422445571223507
6213,4.268550420091689
6214,1.6451747610093697
6215,4.607327772884454
6216,4.350980922307656
6217,1.01879404220769
6218,3.8351426324355966
6219,3.7992986243935993
6220,3.412995432392724
6221,3.4608125945093247
6222,4.075120199269847
6223,3.3641807745353383
6224,1.5405934336518414
6225,3.2637360427873814
6226,4.131831438271963
6227,3.2268921467058873
6228,3.752883069532012
6229,4.082937079917198
6230,2.815185882578578
6231,3.0066345813626296
6232,3.4905552786484346
6233,4.486692674718547
6234,1.341171637627267
6235,3.50277508398114
6236,3.7236554427551134
6237,2.433975302493751
6238,1.6274530802545484
6239,3.03385649464927
6240,1.167344822123408
6241,3.133019871355132
6242,3.8903638792095427
6243,1.9709774633960904
6244,2.968616320388158
6245,1.9682931129965922
6246,4.21686341674149
6247,3.875573844539316
6248,2.180723209909815
6249,3.734097989667962
6250,4.291726118132183
6251,1.2910276011100996
6252,4.044336624172978
6253,3.0646340776243552
6254,2.2387142021815527
6255,2.2628615316039182
6256,2.663822971536049
6257,2.7108744525138992
6258,1.4044471558090996
6259,3.176535452128325
6260,1.1660881403546761
6261,3.6488088447655604
6262,3.2002457544926473
6263,2.8185867951262353
6264,1.5429616080776323
6265,2.718680517109123
6266,3.153805913609452
6267,1.9559955501520232
6268,2.516251788663259
6269,3.1551427727775434
6270,1.8675509199536782
6271,1.8436964420801298
6272,2.670203288889
6273,4.616239078054196
6274,1.4444966760042042
6275,2.4113489745857613
6276,3.2569300445510634
6277,1.8047118520744987
6278,3.17161502761956
6279,4.134054342637823
6280,2.5003487683828487
6281,2.1346491533577714
6282,4.924851085616961
6283,3.6646804964272213
6284,4.155819008939702
6285,3.3056207264229007
6286,2.0453560097569286
6287,4.989471496549802
6288,2.187349536541804
6289,4.822362092250785
6290,2.8009711288569763
6291,3.462125676083097
6292,2.6101217263185688
6293,4.755535351084477
6294,1.7610731548159175
6295,1.201185819564044
6296,1.3855096162829201
6297,2.70377577742365
6298,1.6373447402150814
6299,2.119471017074912
6300,2.732892015439255
6301,3.8209550971017974
6302,1.751751216819704
6303,1.142879917345223
6304,1.2228737276488042
6305,2.5628100904081452
6306,4.267882332477747
6307,2.946595493372686
6308,4.455031831280681
6309,4.061106801647931
6310,2.6110255562754916
6311,3.0532026983784015
6312,3.54277193114656
6313,2.05381674933133
6314,2.3722743168989155
6315,2.1416582628586105
6316,3.286574382240663
6317,2.3090226691770854
6318,1.8744772102994016
6319,1.9594696136084382
6320,3.2334338899533788
6321,4.725994686740954
6322,4.34575768634506
6323,2.4953756642991674
6324,1.0907347119357493
6325,3.9529403724233743
6326,4.772133155034239
6327,2.843527906183375
6328,3.6419014176674422
6329,2.2138933876825235
6330,2.2305439809905536
6331,4.204829758730677
6332,2.7318138914127337
6333,4.034993472384904
6334,1.048887130259287
6335,4.9884143453224965
6336,2.6283722456696226
6337,1.7278873722138033
6338,3.9186140217164356
6339,2.705635640621177
6340,1.116560052302495
6341,1.3125822630687343
6342,4.775616605577449
6343,2.9014441081695637
6344,4.436112056773153
6345,2.4848285630136564
6346,3.7976919142756307
6347,4.108273503511174
6348,3.8786462292522392
6349,1.5915861089495662
6350,2.2862443037381697
6351,2.147224164673498
6352,2.155735569564971
6353,1.1956121251046787
6354,2.507685489150263
6355,2.4396967327573007
6356,1.4685606903065938
6357,2.7400607298253967
6358,4.749167284592152
6359,4.527776151765899
6360,4.058769752375653
6361,1.965356910821102
6362,3.972622860327496
6363,2.7635386985179595
6364,1.55600179549878
6365,1.4376401811842912
6366,4.054986109132489
6367,3.59718664239133
6368,2.987812380897064
6369,1.67322135389138
6370,2.8852144476998705
6371,4.579687153020947
6372,4.828600370704038
6373,2.0627070648047336
6374,1.2204605083106057
6375,2.923234657524476
6376,2.1551498131517572
6377,2.289824279295159
6378,4.51433820903814
6379,1.8007905526066064
6380,3.264667648257207
6381,1.3817935396984167
6382,1.5789046782093465
6383,1.0714897020853686
6384,1.0743721077059116
6385,1.5569201876710888
6386,2.5821921588533177
6387,1.1286385975095832
6388,3.295519791700134
6389,3.607524169584268
6390,2.014899948659294
6391,1.0087792060396863
6392,4.9291052590352535
6393,4.006179161616486
6394,2.791960831227359
6395,1.0957246191643288
6396,4.052364897628449
6397,4.854497568613718
6398,1.6833577796080421
6399,1.72890193548537
6400,3.1648448219063403
6401,2.2025731790529184
6402,3.425549816655285
6403,1.6573012342627242
6404,2.2216072137537117
6405,2.3366076501875193
6406,1.026503408329678
6407,2.9128117773486495
6408,2.8756246659852787
6409,1.4934161798238952
6410,1.793639332360161
6411,4.806880443280866
6412,4.762658975531134
6413,2.101962844999312
6414,1.8889358857869096
6415,2.9348137401168497
6416,1.0070699967271333
6417,2.370392285918751
6418,4.754886118511429
6419,2.48482444804743
6420,4.397746523154212
6421,2.0066037064791664
6422,1.5476455606491304
6423,2.159130917396929
6424,2.7038576694588152
6425,4.232353890397928
6426,1.1860201162461061
6427,1.4158982924295977
6428,4.949449287007493
6429,2.91634400677535
6430,1.8499991018164486
6431,3.292403612398463
6432,1.6784648150888
6433,4.604740560032966
6434,2.2243132806460677
6435,1.8737703797783136
6436,2.8996424645073584
6437,2.619780503302768
6438,1.3856798418742162
6439,3.5652956080047633
6440,2.602755783371294
6441,1.0634735813472096
6442,2.3888661044437076
6443,1.180377676290492
6444,1.788249051161181
6445,4.884657184251125
6446,4.165681928534786
6447,2.3019554537928144
6448,3.012333218740544
6449,1.3404272234044208
6450,3.473139128169443
6451,3.1041546742200388
6452,3.9284295247355807
6453,1.5325142621390144
6454,3.646904845906082
6455,3.989827408708671
6456,4.17390104688798
6457,3.9503090303929684
6458,3.5222934676854423
6459,2.5424553363432647
6460,1.6002587232074577
6461,4.4947918128749835
6462,1.4841967453222282
6463,4.0484304838466745
6464,3.3595054574564283
6465,2.46457038917749
6466,2.336292161252676
6467,4.081966210363804
6468,2.6574656550012845
6469,1.2814617454475923
6470,2.3442269247074314
6471,1.0201301518916206
6472,3.1522790585469544
6473,1.4102030467855249
6474,3.981884393625049
6475,4.503409158766335
6476,2.682461639560515
6477,3.5321868403543824
6478,4.867111995736119
6479,3.110982845631406
6480,1.69954187002963
6481,1.6305613381925688
6482,4.155978537361997
6483,4.338170566162982
6484,3.3845228546541444
6485,4.215262867125067
6486,2.093427481902461
6487,2.360390947383254
6488,2.106365999565194
6489,2.416670240611292
6490,2.5045642224321103
6491,4.136738442331931
6492,3.3846539908025233
6493,2.7431683143962515
6494,4.682426101713251
6495,1.0514768966430887
6496,1.9545383812523216
6497,2.395107763730853
6498,4.33565920986708
6499,2.6290268818649194
6500,3.6039797956586943
6501,1.7201130230391937
6502,3.6742425689007217
6503,1.25131742564098
6504,4.864848258629543
6505,3.4389013557823787
6506,1.0129302647475695
6507,3.5630729854178025
6508,2.669023439194398
6509,3.8587391861531524
6510,1.225226065230005
6511,4.868112429142636
6512,1.6667547323319272
6513,2.0401749857874547
6514,1.5434605736704743
6515,1.437350318330799
6516,2.7597320186159213
6517,4.757645685277188
6518,1.6027957443340712
6519,2.0688126395411794
6520,4.154218593444405
6521,1.3464816728623044
6522,1.3804400421741496
6523,4.870125923230469
6524,3.944694341623179
6525,2.1431575661779454
6526,3.009176416459566
6527,1.0382609942217726
6528,2.0796274534456556
6529,2.041413743996582
6530,2.111934455762135
6531,2.6691191037004947
6532,2.464910799374804
6533,4.675358030084136
6534,3.6991576406319946
6535,2.149424714725948
6536,3.391186589200236
6537,1.4000629232025505
6538,2.5926060399736626
6539,1.4372569963818336
6540,3.070189904316655
6541,1.855610897840212
6542,1.273629302157155
6543,1.5817058767126277
6544,4.82117630010702
6545,1.1166887473497527
6546,1.838230711081346
6547,1.6860709989075269
6548,3.432155210152059
6549,2.3922072816566793
6550,4.593615115323038
6551,3.731467465465454
6552,1.0321303604626828
6553,3.6495060984688243
6554,1.3233541236743251
6555,1.7735078569642715
6556,1.720082234021362
6557,2.3351554531676513
6558,4.2860236071753715
6559,4.420703111754218
6560,1.302835771561237
6561,2.576336661413286
6562,2.160474411676065
6563,1.7023881458622223
6564,2.3132678601330774
6565,2.701211518083518
6566,3.527907288299041
6567,4.72671718560893
6568,1.2065385233489536
6569,2.192174321093793
6570,3.3302240572303594
6571,4.803666465954397
6572,1.7415915420159331
6573,1.4266497438948957
6574,2.2131466532895145
6575,1.6190604315103467
6576,2.3246313766672952
6577,4.766081444743641
6578,4.564966567135904
6579,3.408680217714416
6580,1.2168075565756684
6581,3.955303608341371
6582,4.233130286301494
6583,3.6062835297961544
6584,2.629339398793237
6585,4.91522137528657
6586,2.0926915368735775
6587,3.7599687417804035
6588,1.6216583969030314
6589,1.851140988465004
6590,2.372884688581882
6591,3.883837095704747
6592,2.0386960801091356
6593,2.3166729299364786
6594,3.8121175497650928
6595,4.954254904613341
6596,4.22455496805082
6597,3.9365285405611887
6598,3.374488916718381
6599,4.629069906455106
6600,2.654501979526879
6601,3.877334230267225
6602,4.616391984046172
6603,3.0756298501257002
6604,2.252240835479723
6605,4.022535516854034
6606,2.241818960530632
6607,3.773524993732733
6608,3.8781204398635882
6609,3.574044091803536
6610,3.4430070731903903
6611,3.5558899695456927
6612,1.2283694907887548
6613,1.5245430786099003
6614,1.5239557083264357
6615,2.3146925909347806
6616,4.782283907413511
6617,1.344765177091832
6618,2.154905019962471
6619,4.78402695194238
6620,3.722746802834243
6621,1.444732921952573
6622,3.204273921203732
6623,1.751861480853239
6624,1.683338520301879
6625,1.7497573453212754
6626,1.3743095780176797
6627,3.804229429778789
6628,2.2133081314994745
6629,3.7932908510519177
6630,2.2516411943553227
6631,2.44241688350253
6632,1.3743079919053245
6633,4.407424218492354
6634,3.666986394555716
6635,3.6367038427301073
6636,1.1703699904145775
6637,4.607799380549903
6638,1.6343961609836506
6639,1.6954644205201146
6640,1.846253387337022
6641,2.968232942040911
6642,2.095052858846759
6643,2.679541724921197
6644,3.17978138056202
6645,2.5270076658207636
6646,3.366318897578312
6647,4.6365463214435305
6648,1.9244210526282615
6649,1.2460292640324333
6650,1.0034011331102088
6651,4.37950136065568
6652,2.6375179539775306
6653,1.9062854796374369
6654,2.8544800685462155
6655,4.242810974965574
6656,3.5121242938867185
6657,4.591699645753437
6658,3.543093672371321
6659,2.0663110372141498
6660,1.0242376593526008
6661,1.4645775399808012
6662,2.774168199872357
6663,3.7376014224366614
6664,1.94048900538834
6665,1.9325391277201676
6666,1.1070181876867373
6667,4.009934126354354
6668,2.8998538771322204
6669,3.4883775807150057
6670,3.613241673910016
6671,1.7324149778104294
6672,1.527739074363645
6673,1.8059115690762892
6674,4.992851102973104
6675,3.622564101522436
6676,4.1787839189329965
6677,1.359090245424364
6678,1.0307067264389191
6679,1.7724375457312669
6680,4.11809758471712
6681,4.17511079279469
6682,2.5637842560661155
6683,3.0827592915456514
6684,2.1299853878233894
6685,3.002080557157321
6686,4.252170530639027
6687,1.3904066560194597
6688,4.461321675891567
6689,3.92084837064457
6690,4.962285456535911
6691,4.630550666849508
6692,3.852693305899763
6693,1.846009228097269
6694,4.986233856583469
6695,4.817762249670711
6696,1.9845145569063085
6697,1.012940153009843
6698,4.945156218776259
6699,1.467459343894236
6700,1.312364981453375
6701,3.3934702891691586
6702,4.479236878767685
6703,3.0638362154695744
6704,4.271587945551289
6705,4.20102962493341
6706,2.397839779087209
6707,2.697911465919429
6708,2.053743821776954
6709,3.4707119986740333
6710,2.0432249737988357
6711,2.0729676027021693
6712,2.4903162659445055
6713,2.746750598788722
6714,2.514081137058139
6715,3.048620500794358
6716,4.632684541014764
6717,3.782653801145479
6718,3.6041555985366602
6719,4.494942487296896
6720,2.9841261833960657
6721,2.292022366548799
6722,2.581711481720876
6723,2.402200794095447
6724,2.390670259115956
6725,4.738876678216307
6726,1.9774053326894485
6727,4.698216725094938
6728,1.908893912851493
6729,3.401584271279373
6730,4.751381424361407
6731,2.0390217404743693
6732,3.2643337857008277
6733,1.312051684186415
6734,1.8590127392851183
6735,3.899940212754688
6736,1.6379373090394962
6737,2.975682383524444
6738,3.645955118885724
6739,4.555646262003555
6740,4.495171816761581
6741,4.990205796481382
6742,4.700028850711043
6743,2.574070097607569
6744,1.8372878693504355
6745,2.6004484671500343
6746,1.1599870878194491
6747,2.1939936363628276
6748,3.161414129605929
6749,3.6748003883322187
6750,2.9201020745841197
6751,3.887346914076091
6752,3.093383512196089
6753,1.87185778357895
6754,3.783911067184904
6755,1.415052203902198
6756,1.9302348316359534
6757,2.3145527084690256
6758,2.1640594511727973
6759,4.636861201691862
6760,1.6817017400663574
6761,1.0098143281684937
6762,2.8504569907979485
6763,2.478250912413295
6764,2.249775503437356
6765,3.341990953931044
6766,3.849053543424141
6767,1.0066456479346901
6768,2.9125544715879585
6769,4.729409616391019
6770,2.1457243179203505
6771,1.014702732427962
6772,1.6505044848004244
6773,3.8438048618142
6774,1.0204115805984655
6775,2.653259390019894
6776,4.105831095069579
6777,1.0491793347613791
6778,1.3461565744007462
6779,3.664285869054783
6780,4.088891978970435
6781,2.5464430107659486
6782,4.144994690175471
6783,2.1205735073021597
6784,4.128508714226059
6785,3.65673166781004
6786,3.4176892582653147
6787,4.522477489686574
6788,3.229237308848405
6789,3.030442779094186
6790,4.2017966086577605
6791,1.8832772869398742
6792,3.8777365120182155
6793,1.8290825057820173
6794,1.8332141475508252
6795,3.6120855715775555
6796,3.22099168908826
6797,4.6404853942283
6798,2.4388245604889036
6799,2.224560571840986
6800,2.694251634164554
6801,1.6367295834913298
6802,2.357058385837391
6803,1.193458819477304
6804,2.3903830344683175
6805,1.0978697236128947
6806,1.7624392315894855
6807,3.063656743746556
6808,2.796562412880704
6809,3.5228648189743574
6810,2.858160412938689
6811,3.1798868576685875
6812,4.714691541014162
6813,1.5680127526683152
6814,1.0970934910350825
6815,4.011725775753854
6816,4.635824160056762
6817,4.162485527933588
6818,1.9022258136942405
6819,3.764174724245906
6820,1.0611318317955214
6821,1.5853132550706484
6822,3.456793777447404
6823,1.6321555628079745
6824,3.1309020881937104
6825,4.898822015862951
6826,1.8159373512226775
6827,2.196502050207907
6828,4.299024653369891
6829,4.8987044944539395
6830,1.017015729554989
6831,1.580114993123761
6832,1.9868073239033
6833,1.599278321435953
6834,2.5368507567253133
6835,1.8264108217815225
6836,4.480088011632564
6837,4.093445036140292
6838,2.4903345056039035
6839,2.777488267447345
6840,1.8092350225968215
6841,4.6648726079972125
6842,4.362701359813562
6843,3.53758174310626
6844,1.1973638664680717
6845,1.4886754530366422
6846,1.6310156587295475
6847,2.2649426547234843
6848,2.123577929033207
6849,3.138236971206448
6850,3.993094407832871
6851,3.041702569098012
6852,1.898434234362373
6853,3.790041434602623
6854,4.6297175859588116
6855,3.66846317303545
6856,1.8126352062567164
6857,4.818976193912508
6858,3.911513716250978
6859,2.0452896488823638
6860,1.8892197469709249
6861,2.955629648821552
6862,3.960901790657164
6863,1.005505110202765
6864,1.9399175365613193
6865,3.9488212839150156
6866,2.2350279576764875
6867,1.0601410717123545
6868,1.372252237191534
6869,2.424471573827796
6870,3.825377634620356
6871,4.409472887659364
6872,2.7093623367647366
6873,4.3570016902830755
6874,1.5010527315810447
6875,2.4688470259479107
6876,4.352615298569255
6877,4.613978932469387
6878,3.200075841248949
6879,1.1321503007373463
6880,1.4484494337016107
6881,2.5104718598315334
6882,4.077959346060018
6883,2.9492780235868152
6884,4.5457055356988665
6885,1.8158479973285773
6886,1.3260707419365345
6887,4.287689028107692
6888,1.7801258500407955
6889,3.5455991463832492
6890,3.618648918431514
6891,2.4138709285332114
6892,2.2460511319804146
6893,2.6678542265151632
6894,3.3653052973583217
6895,2.9907133121596723
6896,2.4038055099606224
6897,2.718748579887735
6898,1.716082295675072
6899,3.6168255243995646
6900,3.8364675780497457
6901,4.0371401492072785
6902,2.5905743130729135
6903,4.8078927815903505
6904,4.466472214525493
6905,2.032063029097884
6906,4.057714264821135
6907,4.818361661725898
6908,3.485791829705747
6909,1.3111851867134034
6910,4.248552597028523
6911,1.5931563088214107
6912,3.621292812378329
6913,4.527234619009162
6914,3.3006718679947666
6915,2.3119539371267637
6916,4.492831593266756
6917,3.442576246196106
6918,1.2937680316858402
6919,2.59408387515565
6920,4.190803791902974
6921,2.2593093739138244
6922,2.6562987656537236
6923,4.924356521892111
6924,4.469924010662938
6925,2.75808283073197
6926,3.748931441576411
6927,3.9165389708265947
6928,3.833294195862352
6929,2.213461926365646
6930,1.0455829512251413
6931,1.4993126649433055
6932,4.272289461781141
6933,2.304313274395521
6934,1.6692488091776139
6935,1.2890908809680588
6936,1.92373820505204
6937,1.835431268404954
6938,2.0476620251202196
6939,3.4676685508415814
6940,3.262622960363549
6941,2.3694873383303183
6942,4.969133495058695
6943,4.291090083783668
6944,3.6345413064617476
6945,2.4713759526261785
6946,2.8061353969973832
6947,2.5014004264035514
6948,2.6487202632409153
6949,3.086121625362806
6950,1.0929956532396563
6951,1.2806639621931755
6952,4.493040621346605
6953,4.677539183636165
6954,3.32855746063921
6955,1.5221638312408272
6956,1.3224715283293573
6957,2.1709670081546717
6958,1.9085961003914456
6959,2.1960060283413925
6960,2.4309201559981433
6961,4.026932240531109
6962,2.5548473245260697
6963,1.7591686155489747
6964,2.1631862217726185
6965,2.5842305303531874
6966,3.39955882458332
6967,2.2387017893456744
6968,3.7204886593415907
6969,4.234539489560538
6970,2.381337611907499
6971,3.6987412671963855
6972,4.301647543304817
6973,2.3457153749483184
6974,2.716865824689933
6975,1.878912990538696
6976,2.363329024612299
6977,3.17767371218835
6978,2.3069828609654874
6979,2.8855632734708028
6980,2.7894753929922382
6981,1.6306076581569329
6982,2.25673852404543
6983,2.471059507291294
6984,1.2876300991681733
6985,2.677823440515988
6986,3.3480012599943465
6987,3.2880358454763696
6988,3.1291784427536533
6989,2.5240291168790088
6990,3.3569064020623136
6991,4.038223721726843
6992,1.3165705419842002
6993,2.264157919585568
6994,1.5068350730714979
6995,2.8794549493162376
6996,3.925812738705531
6997,4.093008267112785
6998,3.8204380976265395
6999,2.6442980080129113
7000,1.735600256855681
7001,4.883816442620066
7002,1.7956436383340586
7003,3.6383373235096768
7004,3.5744503996784647
7005,1.6522792309636807
7006,1.0768629132088705
7007,1.3949639320922413
7008,1.0263362939471907
7009,3.733624217334872
7010,3.2760172190101895
7011,4.217520918011665
7012,4.832597697916345
7013,1.3502772714813784
7014,4.571862445361793
7015,2.436152672354287
7016,3.9339449868503404
7017,1.280624506723929
7018,1.8098521567494221
7019,3.317176628789222
7020,1.4582805592980312
7021,4.848051632646449
7022,3.5869224382561704
7023,2.238438874844085
7024,4.102880983047719
7025,4.330193717125181
7026,2.206982739119759
7027,2.6914289195982914
7028,2.1807743704508047
7029,4.585553354556028
7030,2.3753394457876187
7031,3.9634552431406154
7032,4.090471370539372
7033,3.8408644365154188
7034,2.367542170396965
7035,4.400936606776396
7036,3.512540197199857
7037,2.736420623370626
7038,4.919622487743218
7039,2.7087433382081367
7040,1.7409209274134718
7041,4.913130196840193
7042,3.0556264302127625
7043,4.24186721807763
7044,2.104168997467536
7045,1.3951360582051224
7046,2.3730274294641003
7047,4.175318494293564
7048,1.2990017297613705
7049,3.687432085349873
7050,1.208171528913057
7051,2.5875462971169054
7052,2.541538320634322
7053,1.056773834655817
7054,3.5689785672142142
7055,2.7117155478717954
7056,3.313798172036241
7057,3.1516406333167546
7058,3.4527843626035852
7059,3.4185890810680717
7060,4.530728244321997
7061,1.5031885058626382
7062,3.068421821974629
7063,2.9624734380900097
7064,2.0887244588988683
7065,3.0924796598860556
7066,2.374295705827066
7067,3.4144162674987943
7068,1.3368871414687478
7069,2.166033100043847
7070,2.083571437196078
7071,3.714387125977255
7072,2.1604609317936676
7073,2.371272982468432
7074,4.126476932540664
7075,1.6113791506385602
7076,2.46273425629782
7077,3.2273527355649354
7078,2.3888361625542895
7079,4.777997388695582
7080,2.0074739351325563
7081,3.106159479705169
7082,4.557327508272614
7083,3.3629983646036234
7084,3.279941045947253
7085,1.8811699328636955
7086,4.1136428150503725
7087,4.35561487979407
7088,4.072733267504416
7089,4.461781511233832
7090,2.4116060311433523
7091,4.315548608580313
7092,2.097737077389698
7093,2.010432893392753
7094,1.2744941585215148
7095,2.724079740878786
7096,2.6056321012354253
7097,4.178957141727575
7098,3.7915994037173144
7099,4.122889275191722
7100,3.093193576781362
7101,3.308954759062716
7102,1.5637276493064642
7103,3.2021640496402473
7104,2.5633372766978555
7105,2.967292163451095
7106,3.795459866421998
7107,2.419890362311188
7108,2.7644456969494073
7109,2.72335610570967
7110,4.497681131104567
7111,4.006888594943581
7112,4.439781558886917
7113,4.575340336593582
7114,1.758180888951125
7115,3.5246986306315566
7116,1.966975105212863
7117,4.3630318909979176
7118,3.3055390687099586
7119,1.718743513139041
7120,4.805805269249265
7121,2.1783193196633053
7122,1.8439425753235512
7123,2.1941536288127086
7124,2.0222012904692876
7125,2.5607781190266357
7126,3.3368148696836593
7127,3.463815283832958
7128,4.015297902021933
7129,2.6733843979900143
7130,1.8193096648463492
7131,3.276270462708013
7132,3.450941303792692
7133,2.2196473329736452
7134,4.562542640726633
7135,4.093927354301419
7136,3.504884420129565
7137,3.2414802304815176
7138,3.8655088977337475
7139,2.2392609072876835
7140,2.2649448677257236
7141,3.0856990777646183
7142,1.7085093149764612
7143,4.262911791222892
7144,1.6532406519661227
7145,4.249032427815868
7146,3.24262990695294
7147,3.2477913393429274
7148,4.909819992999902
7149,3.8711196230977083
7150,1.632480177354891
7151,3.0743584672034965
7152,4.08461164738862
7153,2.3035778504129345
7154,1.919515902757074
7155,4.885943925916067
7156,4.890519309379888
7157,4.65397354685605
7158,3.8977312642764983
7159,2.1181390072203756
7160,4.961222923502795
7161,3.3355745577665816
7162,3.4228127659982586
7163,1.6206096813919353
7164,4.882156789627325
7165,2.9468814183937426
7166,1.6254350398891382
7167,2.4492247054447804
7168,3.8475223137635366
7169,4.453737192010105
7170,4.951469615864557
7171,1.1851968186037634
7172,3.046036575004514
7173,1.5909941848357785
7174,3.2836363922914806
7175,4.995648353153933
7176,2.4054905879874444
7177,4.069558484197682
7178,2.4275368410233846
7179,3.4500418490916354
7180,4.919117654448714
7181,2.9368262314155205
7182,4.2971023101116055
7183,2.462018046421907
7184,2.479207507422348
7185,3.586849851327886
7186,4.055690990327531
7187,2.9949157448457435
7188,1.9442691137785384
7189,1.0075933133364328
7190,1.5813151173887983
7191,3.5971600510117154
7192,3.7999470838645064
7193,1.4344306039354229
7194,4.4193932871372645
7195,1.3442900369396527
7196,4.836237491567338
7197,4.526519809960481
7198,2.5095935088487624
7199,1.2287776584277448
7200,1.3421541346153365
7201,4.223488502977744
7202,3.5689036418476205
7203,1.0672066252092498
7204,1.4294589120775227
7205,3.9524370361428973
7206,2.9395709670582066
7207,2.0193425119381305
7208,3.8242346040059814
7209,4.075601365876436
7210,4.726897904296719
7211,1.019790366059392
7212,1.3256772771413496
7213,3.060447757385913
7214,1.9546150469393915
7215,4.850336697115485
7216,4.028794791561153
7217,2.734786579855061
7218,3.001929023995179
7219,1.915580084516895
7220,1.4824784197235092
7221,1.6945634085228507
7222,4.797906757564618
7223,2.1319536831495753
7224,1.3818188806188814
7225,1.0282321083470736
7226,1.9116693303679995
7227,3.687644245615376
7228,4.802464860929966
7229,4.050167443799127
7230,2.1671011549603785
7231,3.143478548821739
7232,1.9608133133120926
7233,1.8284118584508877
7234,3.8002170766024967
7235,2.557045570684306
7236,4.326001069238934
7237,2.43205368636923
7238,4.940179821760269
7239,3.3547656319086756
7240,4.598380008660726
7241,3.630876958967806
7242,1.5980671251523333
7243,2.8313708360796186
7244,4.340190795778318
7245,2.7338561433936657
7246,2.7545937216927214
7247,2.589302858873957
7248,4.399874293019394
7249,3.871413057709775
7250,1.4169178657834784
7251,1.1788626746581161
7252,2.3216736794402055
7253,4.518258553002276
7254,1.996170326884514
7255,3.5534083512333887
7256,4.41532707698452
7257,4.40431158516499
7258,2.562280115562404
7259,1.6039100606065304
7260,3.1667056543457752
7261,4.813984749102717
7262,2.0267977674380693
7263,4.594164672313631
7264,3.2932782629125072
7265,1.6568813166152485
7266,2.2965887388257045
7267,2.458379765043822
7268,4.301514736119964
7269,1.7369018415305755
7270,2.989321350980325
7271,4.822493975325028
7272,3.259300094514405
7273,4.404279223774246
7274,3.032160651841194
7275,1.0641818191840486
7276,1.5576026037634265
7277,1.690809320926384
7278,4.180254930598602
7279,2.622768631462787
7280,3.343279370168411
7281,4.65077882390807
7282,1.3003425718911967
7283,4.968625872204404
7284,1.3174156741561909
7285,2.1836449944145646
7286,1.5346613058887977
7287,3.9206870073536972
7288,1.4019417397792129
7289,3.4683564945607794
7290,4.785743970806735
7291,1.790867556375495
7292,3.1054073694600737
7293,3.227992109954012
7294,4.54118154689179
7295,3.300789014836819
7296,4.834889357697097
7297,3.443896320089929
7298,1.746031076731935
7299,4.771381689117026
7300,3.7986049848509054
7301,2.6932883193137225
7302,3.4787116799452877
7303,3.2398011987512088
7304,4.255699470501792
7305,2.64210909740257
7306,1.1450988817441128
7307,1.0735253170678467
7308,1.435767942192201
7309,2.973453336193816
7310,3.9016850743549623
7311,4.283085100981628
7312,3.0740392691052945
7313,1.4828524844845217
7314,4.818211948580573
7315,2.128550809670119
7316,1.9165621534546395
7317,1.739656864224263
7318,2.3510409691002794
7319,4.469095481918497
7320,3.560478253206172
7321,2.181145754913493
7322,2.8684762395923125
7323,4.865771295597292
7324,1.4883957662854481
7325,2.943696706121814
7326,4.290962365448973
7327,4.623889633631405
7328,3.554411460517288
7329,4.18708702315956
7330,3.653928545120958
7331,2.9826266307034324
7332,2.594542021299818
7333,4.380683163942159
7334,4.195647149207714
7335,4.423762931367479
7336,3.550674265453647
7337,1.649940685849359
7338,1.9135568936486353
7339,2.632652184151464
7340,1.6594334472911885
7341,3.8758708834197457
7342,2.220767711570201
7343,4.64872170039387
7344,4.516701761637217
7345,2.878604706129171
7346,2.4734040508686683
7347,2.117114355949951
7348,4.009546888169947
7349,3.133476232277038
7350,4.645893306216451
7351,2.472239320807185
7352,2.2193621007794846
7353,4.179833398637879
7354,3.4404268646937566
7355,2.852422845396213
7356,3.1320231044987206
7357,3.1304577966795977
7358,4.2692249683021855
7359,1.1623357734817787
7360,1.7884333331611177
7361,2.691688007639355
7362,2.7823851993608004
7363,4.237897835086359
7364,2.90404679796347
7365,2.453402281169751
7366,3.9770801071846758
7367,3.7867287121221347
7368,2.7488698976714754
7369,3.2812914596457503
7370,3.035714551316171
7371,2.827299398535264
7372,3.865376208312021
7373,4.69131111561639
7374,1.191849749638454
7375,2.3342435046740766
7376,4.9827039037908545
7377,1.2072658983855589
7378,3.712476321710872
7379,4.33126131074898
7380,1.0612895983382278
7381,1.2266516802674459
7382,2.8293216605238745
7383,4.6004236243579
7384,4.459960633031978
7385,2.330914167384531
7386,3.9605254333403086
7387,4.951295251178188
7388,2.699804170360629
7389,3.813120126431777
7390,2.323716454490555
7391,4.427642740296916
7392,3.130218793540605
7393,3.399458804504907
7394,4.2614439960322965
7395,4.385765996427751
7396,1.689800798633677
7397,4.856234939055277
7398,3.778295669957031
7399,1.479858557562907
7400,3.3580795630943476
7401,1.4975332146275364
7402,3.8361320299700767
7403,3.0381995077931605
7404,2.558166055305824
7405,2.9984792539978073
7406,4.405794698439003
7407,3.0927779421336896
7408,2.383643126754674
7409,2.0637188006323175
7410,4.476308481771413
7411,3.0566390857542896
7412,4.568009005734169
7413,1.3324241281569176
7414,1.5729653931047989
7415,4.566348050464196
7416,4.947575885606293
7417,2.8245896923859095
7418,3.941043453079466
7419,4.487691672304402
7420,2.8828201857601248
7421,4.4110369943836325
7422,3.518638666150775
7423,2.6283038411545845
7424,3.8332546442702333
7425,4.829203563472941
7426,4.028081530422517
7427,3.982103689181322
7428,3.808640803449678
7429,4.239899815621767
7430,4.379222647651643
7431,4.303918377103448
7432,3.670172149103282
7433,1.865077737735918
7434,1.3529922207134
7435,3.0693287685977726
7436,3.8117448841149963
7437,1.5594605852015286
7438,2.455403977435186
7439,3.179295007208155
7440,2.484016286249067
7441,2.053842313535501
7442,4.627067377755369
7443,1.7716442831206574
7444,3.3690863929710835
7445,3.8786060882895423
7446,4.137525501874017
7447,1.213686829899245
7448,1.0343392427604838
7449,1.4755674542254447
7450,3.696138434694896
7451,3.2644465023301414
7452,4.530406546463125
7453,1.4651693874907665
7454,3.089087629914267
7455,2.656371418212855
7456,2.574989217093781
7457,3.8795718582372074
7458,2.9031014215400615
7459,4.876571090403829
7460,3.646421009985043
7461,2.795495959290517
7462,3.736855791082523
7463,2.4600189050820513
7464,2.7787056307808933
7465,3.8227296585617605
7466,3.865133724063602
7467,2.070007999796196
7468,4.961686209263283
7469,3.0692558924905984
7470,3.737092178879775
7471,3.7669962239410726
7472,2.6837748578491785
7473,2.113762680632746
7474,4.779219925607748
7475,4.637192418243893
7476,1.4388187600700153
7477,4.45104341257754
7478,2.400424757198791
7479,2.3689447919032145
7480,2.8977995140815964
7481,2.5982527238132476
7482,1.2496700572696926
7483,3.1284421458092537
7484,4.764666219685775
7485,4.056143523220152
7486,2.0750395927638974
7487,3.441542404144296
7488,2.3603872266898556
7489,3.2000868512738507
7490,1.9678096850140334
7491,4.289534739912934
7492,3.3771779946615132
7493,2.0207219295789574
7494,2.297384376623237
7495,2.8263805885438287
7496,1.5474780231554406
7497,4.171996006600119
7498,1.0067390002581096
7499,2.8353532838454667
7500,3.9952800512309805
7501,3.144569126281828
7502,4.726237474094534
7503,1.8010654833050639
7504,1.1311429533763673
7505,4.401533458463308
7506,3.8185947637778574
7507,1.008931418911231
7508,4.4143187566716735
7509,3.5358217359840984
7510,4.420749118336838
7511,1.4857147238708488
7512,3.525182508841973
7513,2.737939682996393
7514,2.4556204630826457
7515,2.068592457012822
7516,1.6089690481021846
7517,2.480057682332147
7518,2.443863103894882
7519,3.778182798614071
7520,4.275701448126755
7521,3.7273775230808432
7522,1.9602128434923403
7523,4.432241178523151
7524,3.1438218703839826
7525,1.0509513843543465
7526,3.5998760582030793
7527,2.0853387698434354
7528,4.615674622116472
7529,1.4858332936961456
7530,2.2240935891582794
7531,2.467370363721543
7532,4.543666974340743
7533,1.0898447986235587
7534,1.4811162179493231
7535,4.923819232119209
7536,1.810186605423274
7537,2.3359972326646132
7538,1.6840114787529021
7539,2.12321601227578
7540,4.51562084432971
7541,2.569612183067543
7542,2.9840535477290997
7543,4.3121086799315655
7544,1.4528826742454237
7545,3.8392051280147337
7546,3.796284693854264
7547,3.1336629236141063
7548,3.0274574335565294
7549,4.000952948643332
7550,1.3176089665333324
7551,1.775022807249636
7552,3.6600826256348875
7553,4.2071144229836275
7554,1.8697886694861534
7555,1.5306020417746349
7556,2.8572794096282443
7557,2.4203019773653374
7558,3.773140127437327
7559,2.6963174878010863
7560,4.007190676399128
7561,3.5713407894653817
7562,3.217856472349881
7563,1.4051391553709593
7564,3.474850689550979
7565,3.9844882981344814
7566,4.669637951319242
7567,1.3803604744121105
7568,4.278138035539945
7569,3.0409740037574617
7570,2.6575832495814957
7571,1.4522508391820552
7572,2.2337033259567685
7573,2.165774740709795
7574,3.6754213337601462
7575,3.8043897147031744
7576,2.7360878278298837
7577,1.8868635629620432
7578,1.395872903301882
7579,2.627156125319482
7580,2.8002683880229813
7581,3.233396458466871
7582,3.7134130734759285
7583,1.1592381027938816
7584,3.8798291028190817
7585,1.9030777284162759
7586,2.459344786650171
7587,4.767014019930269
7588,2.6050135081385313
7589,3.195494700013273
7590,2.7653766183259365
7591,4.8976537401426
7592,1.0203448327622437
7593,4.018582077102785
7594,1.2147194280858473
7595,4.488893133339298
7596,1.0908078388983018
7597,4.497443652464341
7598,2.780243445898231
7599,4.215511471233794
7600,1.4401364047300742
7601,1.688263178857762
7602,3.381614268280457
7603,3.470491111956156
7604,1.1887486151229827
7605,3.8303578206843296
7606,3.4613882030043572
7607,1.2873162408333094
7608,4.432118666796532
7609,3.6902916297483452
7610,1.7258439776928811
7611,3.811240211898754
7612,3.69183436548766
7613,4.337774895119635
7614,4.131541102977939
7615,4.511439697483456
7616,2.6772142780274693
7617,3.0971667543782178
7618,2.8657609282401286
7619,4.944204337174105
7620,1.5080406620359268
7621,4.777677743715371
7622,2.272123664504218
7623,2.3098941198791034
7624,3.1698313921297845
7625,2.4781538426088225
7626,2.197128852558746
7627,2.3233287360862973
7628,1.7301994588314566
7629,4.629347076071267
7630,2.114708248238794
7631,3.526527129929191
7632,2.36001392907506
7633,2.3146817713828685
7634,2.0620221110078254
7635,2.4504420756416887
7636,3.5915387035997144
7637,3.406092297462622
7638,3.777861157205091
7639,2.9332625820488705
7640,2.4383741475222034
7641,2.9876442329820008
7642,2.3274210606148964
7643,1.6220680769245557
7644,3.180141881455513
7645,1.5445156283146897
7646,3.015664071512217
7647,2.110195760715384
7648,3.2286722602072095
7649,1.7656522962977212
7650,3.546767138223209
7651,4.54810149256547
7652,2.4884588338978766
7653,2.787833034950879
7654,4.858441394077461
7655,4.474990461061994
7656,1.9538237855219744
7657,2.416993904919112
7658,4.952199353253642
7659,1.8371947655078174
7660,3.6342202615622
7661,1.1918874625674718
7662,2.5969435315886136
7663,1.6043932615969934
7664,2.1129680789116234
7665,2.311412872729543
7666,3.0464544214038507
7667,3.730509901637142
7668,2.333607365805628
7669,3.6997884818117766
7670,3.5368218336572963
7671,1.224150775931371
7672,4.7253653152890385
7673,2.746797059372089
7674,2.7691246978998243
7675,2.1083582468046616
7676,4.548687083497169
7677,3.044613077146334
7678,1.9156867114763934
7679,3.23742619083134
7680,4.268194325854722
7681,4.886857183959956
7682,4.9923308316198
7683,2.002415603802325
7684,4.042764211629808
7685,1.947339120295489
7686,4.477923540737224
7687,1.6984235932973384
7688,2.4174882191697877
7689,2.799584173444175
7690,4.226387524649784
7691,1.329534727577002
7692,2.6844691323168255
7693,4.699311759230641
7694,3.3642590478018244
7695,1.4908145502251449
7696,2.7734140188358554
7697,1.7384738098949986
7698,4.447133739817795
7699,1.6286424483253232
7700,4.140130682793753
7701,4.923840164669885
7702,2.557364237290067
7703,2.800198571072121
7704,1.3442935543739978
7705,3.3624344330214138
7706,1.0898709696103306
7707,3.3147307909942567
7708,3.873035510246766
7709,2.877720597399963
7710,4.554678212732833
7711,4.255608312691631
7712,3.963831394580631
7713,3.787479915740855
7714,4.343084564054826
7715,1.9813864227051599
7716,2.0267533906077
7717,2.122529043235718
7718,1.6580241402080067
7719,4.549865551333228
7720,3.6639260048892304
7721,4.838505420205163
7722,1.0501086636037504
7723,4.210300653838182
7724,2.962956777024027
7725,1.3499474944361687
7726,4.016565524076345
7727,3.033295556173693
7728,2.1586021181453927
7729,3.653016142394396
7730,4.095502476123271
7731,2.4899961540138262
7732,1.4025111898382825
7733,2.237182719441566
7734,2.673190498885063
7735,2.746310157377497
7736,1.8028550193964872
7737,1.662248708136941
7738,3.9052731499240068
7739,2.633832654054047
7740,2.5826453811139323
7741,4.2366039237178
7742,2.552873366754425
7743,4.280783270796563
7744,3.608833806773054
7745,4.4150810907249065
7746,2.856266221729197
7747,3.3416216129500915
7748,1.971076653907983
7749,1.5482475903794
7750,1.460537018676526
7751,3.386123492114911
7752,2.3199196550366925
7753,4.0278151317179045
7754,2.1557397637424094
7755,1.4745506158454313
7756,2.4340088584758917
7757,2.057553423145282
7758,1.263335585877813
7759,1.4830635278872961
7760,4.002881649422315
7761,3.444631000207699
7762,1.853982976590967
7763,3.291886836616863
7764,2.955595563619581
7765,2.537499506005616
7766,4.843235410151882
7767,3.1254517596323796
7768,1.5067371967218568
7769,1.1069475828268525
7770,1.8682371060110223
7771,1.8481483609710678
7772,4.919344890699599
7773,1.7486583311610198
7774,1.120490861025945
7775,1.507648666471971
7776,4.284105083711757
7777,2.132433996758611
7778,1.077969209536617
7779,4.816338355153354
7780,4.661385331425976
7781,4.079699754865152
7782,3.45802847616459
7783,1.3825579240985197
7784,2.0829189157640857
7785,3.688659437381725
7786,2.827994956112791
7787,4.7742161150056734
7788,2.671036016442902
7789,1.0821966608529379
7790,4.2583761539313
7791,3.2679193011928747
7792,1.3835524943272355
7793,2.0519684855624902
7794,2.106501333766282
7795,4.3822506731946635
7796,3.8548537313630704
7797,1.472562341372237
7798,1.7944998392998581
7799,3.7264065658488144
7800,4.881697521099906
7801,3.290900212620023
7802,1.3072646909281502
7803,2.8605569472762165
7804,4.178702954674412
7805,1.7963181226199927
7806,1.5262731393290405
7807,4.688075304959103
7808,3.467925811182639
7809,2.7648899582703774
7810,4.037890568962042
7811,2.2936853205129872
7812,2.6249938933636363
7813,2.91876487370626
7814,2.8249558561493946
7815,1.361837453420569
7816,1.7451729443493953
7817,4.300593853815613
7818,2.062654801130013
7819,2.620268360470272
7820,4.383713872204658
7821,3.6608034133415863
7822,3.3546539225169516
7823,1.376765475248972
7824,1.702424416727455
7825,1.5214295251788919
7826,2.2493184844716194
7827,4.751121759177545
7828,3.0676668299930303
7829,1.5762622077097945
7830,3.112486528453177
7831,3.717031424352038
7832,1.0861665851741535
7833,2.3638878067475955
7834,2.1873747494997007
7835,2.1590702903943084
7836,3.372843657970758
7837,4.165561496081971
7838,3.649858169299099
7839,4.892141336742981
7840,1.1101562739956772
7841,2.4715472509077925
7842,4.488888704395238
7843,4.411798317959465
7844,2.94782674302423
7845,2.169894016831305
7846,1.4064486788425241
7847,3.1856806352320057
7848,2.0970006917685797
7849,4.601633866757556
7850,1.7270581123847015
7851,1.4239103362305712
7852,2.781745683640659
7853,1.6591311339765271
7854,4.429648955154656
7855,3.3493258253846503
7856,3.5308311799014636
7857,4.600152702827177
7858,2.3949608671460236
7859,4.844499142618851
7860,3.6785691223588257
7861,4.895641490588744
7862,4.568123082473011
7863,4.458723851733023
7864,4.326689332905788
7865,1.6326321675833664
7866,4.0521517189989495
7867,1.4600596940670814
7868,4.724718686655298
7869,4.506173173101864
7870,4.217676205837128
7871,2.725601312755416
7872,3.076094460423022
7873,1.2622511751486982
7874,3.1478708833239257
7875,1.4867412112435354
7876,1.882000940008223
7877,1.6071853709540767
7878,4.890215505505697
7879,1.9460263531879005
7880,1.9757115969807022
7881,3.4573991991187776
7882,4.448350642657409
7883,4.213016882684046
7884,3.9388687930123707
7885,3.2326417578005424
7886,3.795684883460216
7887,3.6907009341123262
7888,4.898787049798812
7889,2.0552704531115826
7890,3.2158244926072084
7891,1.711606854728481
7892,2.2966659778650125
7893,3.141351961063104
7894,1.1825009551833596
7895,4.362106766612824
7896,4.738142392280322
7897,3.344167469064753
7898,1.2812602042928676
7899,3.4595099663587656
7900,2.7220373577540293
7901,4.757268562628761
7902,3.678998386824025
7903,3.5156711066478397
7904,1.3921062996804268
7905,1.4166225850507992
7906,4.221735666899736
7907,1.6392897897537315
7908,1.0174015518514943
7909,1.9885055162415082
7910,4.058896311355781
7911,2.6034639521867047
7912,2.830020180499351
7913,3.1377586760303315
7914,2.3927372718473956
7915,3.8315401277547676
7916,1.4915949341454824
7917,4.51399765474911
7918,4.153910170789127
7919,2.6481744102611713
7920,1.3382967502029195
7921,4.863797029910471
7922,2.8014359155453743
7923,1.524185651412128
7924,3.8271017494517148
7925,3.671338321201186
7926,3.961122909562751
7927,4.2880971468598545
7928,1.057793727742744
7929,4.383529344388517
7930,1.4902070112940389
7931,4.682008568380079
7932,2.5515314195301304
7933,1.910146213593424
7934,4.630913903879657
7935,3.4947931506253833
7936,2.659148336884956
7937,2.1187866670359368
7938,3.8487399788386156
7939,1.6691529240401182
7940,1.468171119233915
7941,2.3321867867456256
7942,1.8234990290252053
7943,3.1269877539863375
7944,4.524220408587764
7945,4.711785573581266
7946,3.966833234575669
7947,4.985389506601171
7948,2.0104447918470294
7949,4.816829020613078
7950,2.0880057364846594
7951,1.3884776792731506
7952,2.428993541031829
7953,2.1127451536791133
7954,2.91429764984567
7955,4.394598839103708
7956,3.6719885502082814
7957,1.6783524521651758
7958,2.713457924405621
7959,3.8425497252205356
7960,3.5817223098089204
7961,4.176417656004201
7962,3.701562273373375
7963,3.4131249443376745
7964,4.058203508408219
7965,1.350353450864913
7966,2.671653566997908
7967,2.2924052527921672
7968,3.083851409751868
7969,3.3494143932654463
7970,1.304894393483396
7971,3.122666569234327
7972,1.414146624450479
7973,4.027420699191985
7974,3.292114225878602
7975,3.540969295841307
7976,3.137353858882919
7977,3.7442594318234805
7978,3.6229249888322372
7979,3.753005091611327
7980,2.295815931915287
7981,3.1346907479853696
7982,1.5761963854656051
7983,3.971966981287626
7984,1.7506887377054872
7985,3.0138019199736568
7986,2.4654654181151106
7987,4.8784046217592625
7988,3.2892440685143876
7989,3.3895497149081826
7990,1.5593633531785729
7991,4.0869196779299815
7992,2.4819125971029172
7993,1.4670237938343447
7994,4.543961987789919
7995,2.5122926291427627
7996,4.201675135271005
7997,1.1074281422797387
7998,2.325735652353515
7999,3.4407391610420115
8000,1.4191594378760009
8001,3.2846811094235386
8002,2.141582795252381
8003,4.181427731078019
8004,2.721745838446209
8005,4.818354146673478
8006,4.286504974980827
8007,1.3837528436751496
8008,3.3749949039826372
8009,2.7524795834794946
8010,2.4914651421418257
8011,4.5878706636670366
8012,3.806668668605121
8013,1.7823317266964782
8014,2.0634926501217707
8015,1.8692865842717867
8016,2.3745055191838076
8017,3.6263922299423643
8018,1.308938277363608
8019,3.372623103012285
8020,1.8386323740807136
8021,2.4395289138718526
8022,3.070583797755472
8023,3.9855444879677346
8024,4.161398259785653
8025,4.44339239713073
8026,1.7914245138822782
8027,1.25094204353381
8028,1.614085452196706
8029,2.2087891421102843
8030,3.3188182826523653
8031,4.740363737502719
8032,1.6576301137132008
8033,4.0103922265946235
8034,3.720326913654229
8035,1.5206501744643273
8036,1.7167505829056244
8037,2.6642679255269544
8038,2.151781618502542
8039,2.0846403944876943
8040,4.323049102077635
8041,3.956673316288487
8042,3.258378327866882
8043,1.4488644730776814
8044,2.3486375471662884
8045,3.5188036703187846
8046,3.8095249752852745
8047,1.3684987351317917
8048,3.3393120610949385
8049,1.8980191128990316
8050,2.595538060661191
8051,4.557801262559374
8052,4.808367770699222
8053,1.419398821295407
8054,3.1374959688142052
8055,4.487042021299077
8056,1.8705059727597568
8057,1.906929283212233
8058,4.408405630200683
8059,3.2360857569299863
8060,3.279294029402959
8061,3.5580496155396504
8062,4.653375454162344
8063,2.0704975606732616
8064,1.4019645085366448
8065,3.7510773931054158
8066,3.9864206064254875
8067,3.3513717179473166
8068,4.317735000869448
8069,1.409487406160855
8070,3.9590988938196574
8071,2.127766371666982
8072,2.0461113086947327
8073,2.8345453120012416
8074,2.080968563421305
8075,3.8347031812519363
8076,1.2676967251970463
8077,2.0274747443485106
8078,2.590189183965687
8079,3.8396509335006774
8080,3.3809802460678746
8081,4.193070647262733
8082,2.8171191775105426
8083,3.625388699079936
8084,2.8244246908993533
8085,4.000895091658089
8086,4.5715558286957805
8087,1.0948430715548234
8088,3.890209656915739
8089,1.8059237483245676
8090,4.1156036963059615
8091,1.2881706831534667
8092,2.862184489423187
8093,3.3596216789184186
8094,4.536800137490218
8095,4.044072968567107
8096,1.3548643329554468
8097,3.373687519516207
8098,4.923455555138984
8099,3.611207536381496
8100,2.364740237596383
8101,3.6608358466974398
8102,4.4541199845133255
8103,1.7396518071300924
8104,3.83971389371817
8105,4.192141858419378
8106,3.95737950590391
8107,4.252209968951519
8108,4.287401781856062
8109,4.314793982751281
8110,3.411550611686705
8111,4.473880692387581
8112,3.383002398097871
8113,2.1370209895679304
8114,1.1506080780239114
8115,4.937275188027442
8116,3.448730693505358
8117,3.113977692233743
8118,4.83494873734198
8119,4.790533221015736
8120,4.6991453067861295
8121,1.9057425511210182
8122,3.2628316091525225
8123,2.6455192474757463
8124,4.662242106547663
8125,2.1599432002828856
8126,2.008402676741727
8127,2.0815827767472874
8128,1.8423773345039183
8129,3.5781378892965603
8130,4.202221246093115
8131,3.3808726680236014
8132,4.153628209747048
8133,1.7184389730525043
8134,1.4914950561728535
8135,3.6066542420362984
8136,2.0411078917483394
8137,2.7100510328391243
8138,1.9635597820412367
8139,2.234183076941877
8140,1.0552381575097574
8141,1.5953027793172545
8142,1.7328668232324707
8143,4.747622083600122
8144,3.4509288012397037
8145,1.1393535227104867
8146,3.2591891623999802
8147,3.4111249929992606
8148,4.189782942193791
8149,3.9220266152197367
8150,3.393391164084449
8151,2.2231392228794693
8152,2.4062479764562648
8153,4.282139184244144
8154,4.321033580036256
8155,2.4428930984903996
8156,3.071479164408639
8157,1.146515863298704
8158,1.410675552846243
8159,1.3416948263332489
8160,2.055996704541687
8161,3.7647876346256033
8162,1.5618944485975041
8163,2.264372636836653
8164,1.5888201115943295
8165,2.8914449885026703
8166,4.233559477288906
8167,1.2438710508808475
8168,3.584916192569007
8169,3.5350477301513488
8170,3.8862213474000997
8171,1.760376829105533
8172,4.0718812491883725
8173,3.7492112958890425
8174,4.928386852870993
8175,4.095240946775117
8176,1.2348023685352496
8177,1.0339667175791396
8178,4.600208328187276
8179,3.178141463753398
8180,3.535341493875605
8181,1.7414030000999405
8182,4.6601036380563094
8183,1.6053641572530206
8184,4.664877928285829
8185,4.272942242238599
8186,1.158216330607658
8187,3.362935804604699
8188,4.9246552998391415
8189,2.3587773042657925
8190,2.281402012826792
8191,1.1188184568348056
8192,2.5234222819126733
8193,3.5968889668639843
8194,4.365997341075859
8195,3.2290950214979786
8196,1.2690578636796
8197,2.0397188932548302
8198,2.103943676427129
8199,2.7777526893351867
8200,1.2209038668200272
8201,2.3790303778755306
8202,2.1916098296931272
8203,1.006065568621409
8204,4.606210170717576
8205,1.3374608487535022
8206,4.827015302600186
8207,3.485975641861236
8208,1.1343328691503105
8209,1.549460387624868
8210,4.392696351490965
8211,2.6764253990887856
8212,3.948866336459684
8213,3.799714021791848
8214,4.0695603931380155
8215,4.531040102971451
8216,2.5060088708828263
8217,3.853274680376468
8218,2.1962488021997406
8219,4.1582311784103645
8220,4.934506473874571
8221,4.064258428984348
8222,1.894106375123605
8223,4.607376585275757
8224,1.7898463137194782
8225,2.952975295258571
8226,1.9616175499283242
8227,4.615102546197772
8228,3.4103781377996043
8229,4.312799197409417
8230,1.2967209466151335
8231,4.4519824748318815
8232,3.5056104678919286
8233,2.602477748777444
8234,3.1936838847177267
8235,2.4458020021676843
8236,3.9866347642080204
8237,3.6081263527205887
8238,3.931666390992832
8239,2.4148367036854204
8240,4.7143514637129655
8241,1.0925919188523818
8242,4.372505444836957
8243,4.222953927799969
8244,4.947818837548324
8245,4.056069658451576
8246,2.048880996109325
8247,1.1374122285230461
8248,2.7226999565950485
8249,4.59681985796213
8250,2.567649162527199
8251,3.116557904525638
8252,2.74018042161904
8253,2.298238990243807
8254,1.0644322583818968
8255,3.6977352426424797
8256,2.388032619171672
8257,1.8235019938697659
8258,2.9078499474833284
8259,4.82833513571615
8260,1.2832361289122733
8261,2.5382145209361258
8262,2.49650210417916
8263,3.276519612582913
8264,2.753477841245281
8265,3.0856363384729133
8266,4.689394841996721
8267,1.6030481763694953
8268,2.810392232264365
8269,4.480977091690393
8270,1.02382083046274
8271,3.270417973654336
8272,1.6322093130594535
8273,1.5656914072312742
8274,3.25836603955241
8275,4.111679012373405
8276,1.0969691144703364
8277,2.9842582979016683
8278,2.682670685727716
8279,4.4521076770177554
8280,3.809331475761937
8281,2.5367278513865625
8282,3.898058707634043
8283,2.7279924566692797
8284,4.774175206621273
8285,2.733197732844153
8286,1.7504049536105142
8287,2.729611892814299
8288,2.4956335391230366
8289,1.7822868737575202
8290,1.2106468294409152
8291,3.9028433994165987
8292,2.4551350873870725
8293,2.428076905650384
8294,2.194295617290721
8295,1.6312402639005068
8296,4.116979370906067
8297,2.27150014688645
8298,3.569255879035375
8299,2.292353255062423
8300,2.5916538710611063
8301,1.860540675501512
8302,4.982383304289645
8303,1.6416191861011344
8304,2.9399427264243156
8305,4.2421552041245025
8306,3.901654003417159
8307,4.850488607957493
8308,3.541918679607494
8309,4.482718598654227
8310,4.756993553201221
8311,1.1496253080058527
8312,4.980328233370766
8313,3.349332570039587
8314,3.518911228906418
8315,3.7458817921786944
8316,2.1383003504094438
8317,4.627058065065249
8318,2.2820536444797512
8319,1.9023246797049667
8320,2.510095685388644
8321,3.915187736130881
8322,2.842453979272212
8323,4.227464066398699
8324,2.527109562049267
8325,4.168892298161868
8326,1.3214749817286942
8327,2.029371598110418
8328,2.015990505046969
8329,1.523363976448859
8330,3.2430415747133594
8331,3.7324058701367493
8332,2.7672480644922213
8333,2.5213430494910924
8334,1.4431003692364577
8335,2.5000918971896553
8336,4.4761833594436835
8337,2.843653426125551
8338,1.3630227065509297
8339,4.066457231658319
8340,3.2964284661056906
8341,3.504292360346192
8342,2.390823968498368
8343,2.628255931857935
8344,1.9002597734050473
8345,1.076255934288446
8346,4.198543471772004
8347,4.623417975266715
8348,2.0271387392108826
8349,4.051638373820126
8350,2.5995330316402145
8351,3.4854474669249265
8352,4.739440061657872
8353,2.781564832312112
8354,2.9606116150170627
8355,2.5976442691554635
8356,1.5588302617976444
8357,3.627900527613729
8358,4.587528740093706
8359,3.6022380830143144
8360,3.1238654692788757
8361,2.8395516866352564
8362,4.830580692913376
8363,3.1954717464833946
8364,1.1535268098614426
8365,2.435249081247652
8366,3.2380647280157127
8367,2.678077795499804
8368,3.629104878381324
8369,2.9128972579235293
8370,1.434903188328191
8371,4.663011125906536
8372,4.123056727879175
8373,2.6082262184360596
8374,3.1189055358396285
8375,4.051596337278179
8376,2.416156696610436
8377,1.6763122400775154
8378,1.684989602862772
8379,4.476355187829407
8380,2.7369089780730866
8381,2.421971575837561
8382,4.162574088148531
8383,4.558878753192471
8384,2.085782217200848
8385,2.171674197811567
8386,2.302820473359795
8387,1.4818800246314883
8388,3.2179225370608715
8389,4.357618371129494
8390,2.5452110803323658
8391,2.398045598797006
8392,2.6087643148531776
8393,4.147679598518079
8394,1.3204522578693814
8395,2.5972502083222193
8396,4.563857789429926
8397,3.749678892256095
8398,4.499470124321484
8399,1.1496469029985792
8400,3.5543294101292164
8401,2.4668380408430117
8402,2.797008722305441
8403,3.8626263971197976
8404,2.7803172794988544
8405,2.9523339494543253
8406,4.450943588436271
8407,2.3889048717942827
8408,4.886551202974454
8409,2.024653205768327
8410,4.978142162719147
8411,4.661096191962108
8412,2.1983878594631117
8413,2.060223643758538
8414,3.6122826615750485
8415,3.7356406300268983
8416,4.8948779965162466
8417,1.6819071278919595
8418,2.1355305420759128
8419,3.1260964862343346
8420,3.7208123898622443
8421,4.613326198840875
8422,4.714583781549715
8423,3.117051966867775
8424,4.599504789867271
8425,3.4977307980045964
8426,2.6158751987668873
8427,1.2376076654254398
8428,3.0825608743336175
8429,2.7001892852287863
8430,3.046949731448685
8431,2.8643672427586138
8432,2.600869313241586
8433,2.376566279952714
8434,2.490263115882408
8435,2.992742277769197
8436,1.2006388194322963
8437,3.1391483654371912
8438,2.5626689067300115
8439,3.036720550049426
8440,3.400485760368778
8441,1.029618121593491
8442,4.004384086356234
8443,4.696045561830804
8444,4.966598591775759
8445,1.610616910302178
8446,3.6905291892224974
8447,2.8699067986206903
8448,3.166299943867463
8449,3.4015674552574673
8450,1.4156169976984043
8451,2.1941934978247826
8452,1.239655103916249
8453,4.746456489934737
8454,4.40286598119379
8455,1.41860535600201
8456,1.9227578851921843
8457,1.5298816362724406
8458,4.838572306481666
8459,1.5253434970764146
8460,1.5420826945231947
8461,2.3175570288289635
8462,1.6263455843089418
8463,1.033835748213889
8464,4.82794706780403
8465,4.981873081536215
8466,4.34886597985198
8467,1.3766088834971635
8468,2.2411891018288235
8469,1.306138327248358
8470,2.4541295167039134
8471,3.6892104366323264
8472,1.3313344653616097
8473,4.009388704112094
8474,2.455563798153363
8475,2.4013129998861023
8476,4.814210843751996
8477,3.8392060410727136
8478,2.191880573680252
8479,3.6499144899427223
8480,3.8896839235816425
8481,1.9438746990527984
8482,1.1904207706055625
8483,4.391882468680889
8484,1.1240809302731583
8485,1.935260857521493
8486,3.369331897173032
8487,1.9175112826691043
8488,3.5646300023945727
8489,1.1380727063764549
8490,3.591722801678442
8491,1.2497041371362045
8492,2.336387646718732
8493,3.1620134420403008
8494,4.334924748125732
8495,3.404908488384902
8496,1.296852720870243
8497,3.0182762843501143
8498,4.753808936052884
8499,1.68132470406678
8500,4.8406726157466
8501,2.5632578877638164
8502,1.2568874052581003
8503,1.3209702597697954
8504,4.325649530067658
8505,4.7528558538888666
8506,2.2354877862261304
8507,3.7871498429194608
8508,3.931286429071504
8509,1.4365243759823931
8510,4.011909340457327
8511,1.8989169321561237
8512,1.5174477893857845
8513,2.8013938726656686
8514,1.4252363814533697
8515,1.543175219372626
8516,4.84827777045623
8517,3.1240520089215638
8518,1.8779474539788823
8519,1.7451419711689424
8520,2.2970952345537414
8521,1.6360811185948156
8522,2.9107237681194884
8523,2.5647705176184696
8524,2.4062603679427803
8525,1.2238317135387806
8526,2.076459203767084
8527,4.662573276470632
8528,4.0913084930336225
8529,4.027372232315072
8530,2.7531018388179813
8531,4.644485393077858
8532,2.3875942174017295
8533,2.7621516050168617
8534,4.949894176816121
8535,4.685625664301303
8536,1.1562262909526302
8537,4.9398560521007395
8538,3.3283032584184022
8539,3.302947366977565
8540,2.6318681513302358
8541,3.2322975711645823
8542,1.8886737737326298
8543,4.463755437456509
8544,3.3360062580177314
8545,1.2084912027855887
8546,3.443853156245277
8547,4.016132613693849
8548,2.6434107399049975
8549,2.2707298902932886
8550,3.719106801461739
8551,3.315360510329197
8552,1.7640494864232719
8553,4.7387165986255075
8554,2.5683480819896
8555,4.365765427946306
8556,4.616449359302232
8557,1.2188002303408987
8558,3.196386786550894
8559,2.1589368728949165
8560,3.726665407822732
8561,3.442668239907377
8562,4.277325199399756
8563,1.777330743186727
8564,2.7506711579465457
8565,1.114589573333364
8566,3.959366820761449
8567,2.371996644469084
8568,4.1527687799783095
8569,2.6317324310720625
8570,3.6831770400073065
8571,4.185979337873168
8572,3.645035450367025
8573,4.566941181448994
8574,4.612232673581053
8575,2.371096180901761
8576,3.809746211283514
8577,1.407094410653976
8578,2.454060235506451
8579,1.991889750735699
8580,1.0790422484115636
8581,2.006075804448401
8582,4.323694260749979
8583,2.9797037993583944
8584,2.3774004931351866
8585,1.3711717428882402
8586,4.822737050592101
8587,3.8188844590250723
8588,4.628281745541548
8589,4.8462371492215635
8590,4.2500129431384375
8591,3.5353575851923735
8592,2.8969297493616164
8593,3.153907124140006
8594,1.0096201461825989
8595,2.0028323823980747
8596,2.687325910285462
8597,1.9775047388698064
8598,1.0692827014096555
8599,2.4669348999462124
8600,4.314469005928469
8601,3.891308752003175
8602,3.319207913255063
8603,2.837344478919841
8604,4.696685997045128
8605,3.892666202497578
8606,1.110007579499666
8607,3.5705443242164776
8608,3.5357309087703785
8609,1.6131757390228683
8610,3.2493017284793915
8611,1.3701699799826303
8612,2.4003041176000157
8613,2.8940690840082683
8614,3.0568419311288335
8615,3.727875355022947
8616,3.1624566231445814
8617,1.4253879274848504
8618,4.945231049931294
8619,2.370924790094662
8620,4.817395249651852
8621,4.916310647546606
8622,3.8435296402346437
8623,1.6157117038164461
8624,4.88636701914721
8625,4.292765005612061
8626,1.7038705929360178
8627,2.6792383615204
8628,1.4085087070118778
8629,1.0226359572915737
8630,1.1480561027573661
8631,1.341170058097541
8632,3.4961013365822593
8633,3.815138911318499
8634,1.911688614259719
8635,4.992251305921044
8636,3.1511045773328608
8637,4.802949049592639
8638,3.144553261630546
8639,1.7182274279467236
8640,1.1977448500603547
8641,4.523128913449305
8642,1.1206585007803458
8643,4.000346691794683
8644,1.0059761739887723
8645,4.352154208530014
8646,3.2671167531151974
8647,3.58381150815298
8648,1.669136810731259
8649,3.0173638905236717
8650,4.06532797918127
8651,4.410072251953945
8652,1.778006799981935
8653,4.516046652203801
8654,4.5189425608630245
8655,4.7137950067953955
8656,3.011316617532552
8657,4.2601829496308286
8658,2.507025851114463
8659,3.5043990554680158
8660,3.669252287029048
8661,4.030537253833462
8662,3.8264947630910697
8663,4.155504355972912
8664,4.235457136151907
8665,4.195812906951629
8666,3.0404098533189137
8667,3.383339777558886
8668,2.7689920776088113
8669,3.882198814457944
8670,3.320293778491755
8671,2.017944458400915
8672,2.2499386691195578
8673,1.2448080218860436
8674,2.565695659704007
8675,3.4246189244295997
8676,2.1199231764540065
8677,4.04094836956928
8678,3.2895564864562306
8679,2.8869889616924787
8680,4.860256472364526
8681,4.372319331823473
8682,1.0096742147668216
8683,2.327230458726133
8684,3.0345187390964212
8685,2.4866612624226216
8686,2.9084742281318556
8687,2.529995831890643
8688,2.0898022454970797
8689,2.389297744140804
8690,2.7843851147072693
8691,1.8620971633615597
8692,1.2455910099967444
8693,4.012548488344947
8694,3.606208606414109
8695,3.9930147782178955
8696,3.1776575950500106
8697,3.6970547339958086
8698,4.888758746101132
8699,3.2153317517214117
8700,3.255478609499642
8701,2.263197366483816
8702,1.763400371036706
8703,2.9129460793118716
8704,2.7191953804673035
8705,4.257427021930008
8706,3.7901104264689747
8707,4.605305998470303
8708,4.079745852040923
8709,4.560931668850303
8710,3.1920885027671484
8711,4.270231565807656
8712,2.0063346084572893
8713,1.3332997343674244
8714,1.32006393517144
8715,4.144202896449906
8716,1.858809367898007
8717,3.6579771647962347
8718,1.0216916357393546
8719,3.3901662340740857
8720,2.4569346857478673
8721,2.666010993519338
8722,1.5581029805693531
8723,3.0273298674232345
8724,3.456542860742498
8725,2.9583265051686958
8726,4.553070595662742
8727,1.6411446549199273
8728,1.3523904729934206
8729,4.183312674553216
8730,2.905332475986127
8731,3.3565664579085794
8732,2.814800262827783
8733,4.9300035047034
8734,2.40114727389001
8735,1.4062422569027238
8736,1.7806157845042314
8737,2.235775025917128
8738,4.744308505036457
8739,1.4589902160448496
8740,1.9265316226630258
8741,3.59217871630843
8742,1.3811603117759907
8743,1.1960009437308354
8744,2.742750491346507
8745,2.5569048370895686
8746,4.285551249843829
8747,2.0861669040050583
8748,2.467544799072901
8749,2.8283014980440635
8750,3.792898333747889
8751,3.8513002615883116
8752,4.236948452670113
8753,1.4221013823252164
8754,3.404119416696435
8755,4.619719826384166
8756,3.304736440278458
8757,2.875064449903185
8758,1.8435739109015206
8759,1.065699430494107
8760,3.3903572528307113
8761,4.494512811662325
8762,4.122158044952602
8763,4.056595050306365
8764,1.1372262805711033
8765,2.7052239588883693
8766,1.434072693771295
8767,1.0601774035252678
8768,3.8620966575852265
8769,4.3121031671926815
8770,4.737125422829924
8771,2.581520349948497
8772,1.4099288202535565
8773,4.664505150064738
8774,1.470831045137727
8775,1.2848728304468402
8776,1.9628357702125672
8777,3.5542909554919087
8778,3.8404055625097104
8779,1.627598122437127
8780,4.660271090580293
8781,4.596707612689865
8782,2.4637153977333313
8783,3.309905743729865
8784,4.4180750126927215
8785,4.534986355244287
8786,2.8948900999020304
8787,2.2107238191873226
8788,3.7651586481747197
8789,2.925523089694412
8790,4.026506289987164
8791,3.597112098386131
8792,2.0443690920275124
8793,4.8280916632401425
8794,4.889442457016375
8795,4.758750564147026
8796,3.7268404250768983
8797,1.0685888555604475
8798,3.548094221565804
8799,1.7278228523143389
8800,1.7153159264048865
8801,1.3301413339591321
8802,3.1868507563032855
8803,2.525142594443897
8804,2.332772844965816
8805,2.3938554235912353
8806,4.404294015655434
8807,3.5436594737280314
8808,1.430535680070136
8809,3.9167304590089564
8810,1.4441877982930151
8811,2.9263895646495497
8812,4.7701355646098715
8813,3.8132478726757295
8814,2.320089546626889
8815,4.480624215658143
8816,3.083112359146387
8817,2.0171441952482447
8818,2.2461052683509033
8819,1.5654389457341966
8820,3.3087456123193872
8821,2.6461865327609346
8822,2.506957564267134
8823,1.8378618355952159
8824,3.624887643075427
8825,4.708039977374636
8826,1.8995442755015977
8827,1.5067865997614485
8828,2.0410524866194213
8829,4.070651332625149
8830,3.643256310665135
8831,3.6183238452246407
8832,1.9796283999002977
8833,2.511737548365862
8834,1.7138338417482575
8835,4.181004446514482
8836,3.510817054766716
8837,2.195181374118025
8838,4.371947622402031
8839,2.2500901142285485
8840,2.8632748390235125
8841,4.093537814567773
8842,1.4262277153103007
8843,3.0160688535495077
8844,4.88617290845893
8845,3.16035532075857
8846,3.374749110778267
8847,3.746961351040532
8848,3.9691591613963264
8849,3.6593590622512084
8850,3.6488479550524877
8851,4.621526611866984
8852,3.5191642210190803
8853,1.5867407193700194
8854,4.349916156923067
8855,1.76365045581811
8856,3.3357172491243725
8857,1.6015203815294026
8858,4.9466975528496615
8859,2.94996214928307
8860,4.337077084130415
8861,3.961257958751891
8862,1.2763192671054937
8863,1.4069831522971064
8864,1.7236894849410929
8865,1.261619414407959
8866,4.988078802373279
8867,2.17963846261617
8868,2.0133489038646384
8869,2.297595059815684
8870,1.740806691185302
8871,2.976773076394085
8872,1.065991823901443
8873,1.8811792886094332
8874,3.2623175478937037
8875,2.580278623676777
8876,2.238078588696848
8877,3.6039772862974777
8878,3.6132309409951833
8879,1.4801392255497055
8880,2.5724032740837246
8881,1.1401518562652977
8882,1.5255626240767413
8883,4.110643997628866
8884,4.80405123321484
8885,2.3282973777333122
8886,4.875110728368529
8887,3.9636936509200207
8888,2.9781544408053398
8889,3.8148523908754837
8890,3.474375892119802
8891,2.0762905682236594
8892,1.7791274667291805
8893,3.313015555512959
8894,3.739566022974815
8895,4.888076009996921
8896,3.2847485615809346
8897,3.0182621714726423
8898,1.636449854457191
8899,2.4311633195529856
8900,2.73891438935006
8901,1.6012377738657517
8902,1.1126799350531855
8903,4.992395228168997
8904,2.546091741121403
8905,3.687151418219381
8906,1.7605641631578695
8907,2.2880441973847034
8908,2.3941476200909033
8909,3.2829525486782782
8910,1.112570059932811
8911,2.9177890297930777
8912,3.9905063412694664
8913,4.712648693007349
8914,2.844020311645296
8915,3.0901841731965796
8916,3.203045023940896
8917,2.2591310113720007
8918,2.2017608854948896
8919,1.567762796585773
8920,1.9651914931289425
8921,2.512223828180868
8922,4.2838563599848785
8923,1.3725941289020818
8924,2.9421811819409793
8925,4.1189818851059234
8926,4.2832930720623015
8927,1.7180160016298949
8928,2.6117523696030776
8929,1.8841890275060211
8930,2.5265854724972927
8931,1.1571766072684788
8932,2.777941386790369
8933,4.071831658955525
8934,2.2299470152540084
8935,2.536779092199325
8936,3.3362028469869958
8937,3.360465673063986
8938,1.4761630919595716
8939,4.136767947373084
8940,3.803069628500473
8941,3.3870768209526187
8942,3.2434466060394067
8943,1.4012426865636076
8944,1.8240292444369333
8945,2.762847435395734
8946,1.7821564631954607
8947,1.0505314940716777
8948,3.5750028249142836
8949,1.3617077681177223
8950,4.712602604727552
8951,2.3528859181266544
8952,4.581506762646315
8953,1.5391646509902497
8954,1.7742161108246335
8955,1.064397607742166
8956,2.742578529224404
8957,1.071303480291709
8958,1.7172843169861776
8959,1.1866816678871484
8960,4.828606270141531
8961,3.6926824478625035
8962,2.7779492449365284
8963,3.2761200341547525
8964,2.130444460788926
8965,3.089607928385192
8966,3.538759806538885
8967,1.9620602517356232
8968,3.2706088522473458
8969,2.9326710366666116
8970,3.056750048008751
8971,4.022720506622099
8972,4.4700112596364665
8973,3.3546347054719248
8974,3.2835874637112505
8975,2.4005340704949267
8976,3.471016457030099
8977,3.522508991957909
8978,4.595648147040583
8979,4.6897759829663475
8980,3.5158484568937762
8981,2.811308833884153
8982,1.0121721409123001
8983,1.747406316886575
8984,3.4312332747552805
8985,1.2542850144767956
8986,1.2601959217538363
8987,2.5178549424383427
8988,2.34115684946498
8989,1.436351010146058
8990,4.55880658623253
8991,4.2792492856241475
8992,4.832905471279844
8993,4.197210878487512
8994,3.0630208407672948
8995,3.0781714986151636
8996,1.353771417394936
8997,2.6375413509687093
8998,2.0324725865964046
8999,1.7061496296425913
9000,3.6297871373207955
9001,3.046932459751941
9002,4.3472409787200235
9003,2.4125290143788267
9004,1.0881756715276913
9005,1.6112709093353068
9006,2.462995611903871
9007,2.179194997916904
9008,2.968252252550081
9009,1.9933187069217975
9010,2.7148900174384676
9011,3.58027571600256
9012,4.399049652167673
9013,1.4110862858528166
9014,4.448190259887129
9015,1.1689708500946945
9016,2.6167392316822413
9017,2.4014130055448457
9018,2.799336829523689
9019,4.361722846070382
9020,3.6054149266038014
9021,2.4748300629423694
9022,3.16793258826455
9023,2.8203085109674446
9024,3.5406641138364883
9025,1.4256304052139597
9026,3.7125025572567596
9027,2.5576905787905324
9028,2.245485207484868
9029,1.4525404171702445
9030,1.7428529204780352
9031,2.947882638992373
9032,1.318060115566127
9033,3.553176710304761
9034,4.759564894728912
9035,4.783160519811076
9036,4.076671681272567
9037,1.2282009408867696
9038,4.07699253081779
9039,4.90818976061831
9040,2.9722626021854333
9041,1.1662878323713581
9042,2.6830833835204646
9043,2.7908884545134462
9044,3.9027359295330792
9045,3.6573682624939083
9046,2.7825334560798054
9047,1.3672049365280032
9048,1.7449632923437872
9049,4.05203915938148
9050,3.8293362500661217
9051,2.9810917385037112
9052,2.563760594827321
9053,1.261511838895891
9054,1.2287486727281238
9055,1.4411875262288825
9056,1.4581098873639116
9057,4.8035015551164335
9058,3.160286691333917
9059,3.900421875130925
9060,4.41739585712688
9061,1.785318536506725
9062,1.620021119001211
9063,3.3891275126774962
9064,1.9913664335511916
9065,3.602161539031801
9066,2.8763466718259156
9067,3.671109346799814
9068,4.751118459558858
9069,3.507196570839169
9070,1.948519694205944
9071,2.9714629787031694
9072,4.319467545696812
9073,1.0702450609378857
9074,1.0816362247247087
9075,3.1971006175250625
9076,1.0456485685089238
9077,4.525601610448451
9078,4.22293980475909
9079,3.8758375426147658
9080,3.565995653988844
9081,2.2822799886318736
9082,4.525957661189668
9083,4.111434724399462
9084,4.733126942752046
9085,2.8035924193930017
9086,1.7617140865562235
9087,4.377675226431201
9088,2.542058363751686
9089,1.9837936901307813
9090,2.3891052448101417
9091,1.527993904705176
9092,4.094833362121722
9093,1.042814246958239
9094,2.446578252182584
9095,3.416848241207054
9096,2.0258593242917122
9097,3.7083064419655325
9098,3.376659520178329
9099,2.7461763643854593
9100,2.548973347110949
9101,2.8724675191521327
9102,4.81489447709153
9103,3.110906111548233
9104,2.963680588222963
9105,4.670417829929182
9106,1.4578815003058745
9107,3.615878187719374
9108,4.613895588232085
9109,3.0357674823268757
9110,2.6829035033432382
9111,3.058328319123129
9112,3.931333631861859
9113,2.7534972381292264
9114,4.6707138086894595
9115,2.8833567271968814
9116,2.0321439770353136
9117,1.911156387462364
9118,1.538812360646816
9119,2.5028732891628858
9120,4.784405012765074
9121,3.6176606455067724
9122,1.3388086059614581
9123,4.177933498463577
9124,4.487711376922261
9125,2.462525205002697
9126,2.5103247891322717
9127,2.131859930304212
9128,3.6338221014744483
9129,1.0347155465766278
9130,1.8650234409968696
9131,2.747827920968512
9132,2.9634013992827275
9133,3.607375985007451
9134,1.758780512481266
9135,1.9152799913981857
9136,4.7078041880918775
9137,3.6246739047161682
9138,1.957076121789851
9139,1.2670826094563425
9140,2.404661947327462
9141,1.4867849787284624
9142,1.0897272710515251
9143,3.5659160161018355
9144,2.113077445859366
9145,1.051545150166966
9146,3.6387951496349964
9147,3.487089240735024
9148,3.726327182686871
9149,1.1767376063618604
9150,1.9777882641952083
9151,4.546288687787883
9152,4.469818168943643
9153,1.9745593713736338
9154,3.5877751766491697
9155,3.1675960755006862
9156,4.1333287992211964
9157,4.561147573738582
9158,4.254777242396468
9159,3.43739670949624
9160,4.584099557478681
9161,1.103382633420091
9162,3.3582163844686046
9163,3.562320257948171
9164,2.108052557502985
9165,3.1007900462347813
9166,2.067644594608507
9167,4.027435128531618
9168,1.1191156775359525
9169,1.3696949657057678
9170,1.8150897173950913
9171,2.6110873933430296
9172,3.7968949554980354
9173,2.656568495771768
9174,4.919295185615252
9175,3.8912287639710064
9176,3.100726541336073
9177,1.2185616121254346
9178,3.420396974219333
9179,4.854696683221949
9180,1.0873247359605056
9181,3.887317329280535
9182,4.430270628569785
9183,4.0988779694522
9184,3.689183935934546
9185,1.6440792779737339
9186,4.666343114427794
9187,2.803702035374465
9188,2.843061344925191
9189,1.757687706742245
9190,2.0731650873987357
9191,1.8540154445895092
9192,4.870795796379705
9193,1.1799444220523934
9194,2.9003925113688345
9195,4.9749135404865275
9196,3.3313095689605965
9197,1.8681756186882832
9198,4.623631171781553
9199,4.406227079742193
9200,4.88734308571358
9201,2.163414399284874
9202,4.897281122029295
9203,4.980260611906004
9204,3.9371243477691555
9205,4.174373383722816
9206,4.100258769768404
9207,1.388081964108029
9208,4.05358809181063
9209,1.3169009654714423
9210,3.8798880152144566
9211,4.105110868105481
9212,1.0684246930744408
9213,4.231968254498392
9214,4.797443780555252
9215,1.2332379073982769
9216,1.3449862509362558
9217,3.6884167028212236
9218,2.476286307994906
9219,2.213630333335515
9220,4.986811463356911
9221,2.3194647809680142
9222,3.2859366032862494
9223,1.6551609591283447
9224,2.2725071284314597
9225,2.842464322478433
9226,4.518538698189839
9227,4.598687104457995
9228,1.158701665731448
9229,1.3109575592913227
9230,4.272425465410453
9231,4.525733734244897
9232,1.2083123150816109
9233,2.0086620200948158
9234,4.824855787754045
9235,3.0534267714761234
9236,1.721987070995382
9237,4.8978791551232845
9238,4.569093595937991
9239,1.6185177981423169
9240,3.830699672915609
9241,1.1032266642690023
9242,3.258955403378599
9243,3.680697278981782
9244,1.713402063521396
9245,2.3349621814802024
9246,2.7387716221565426
9247,4.711472122854632
9248,1.5851281828371855
9249,2.0384491807878002
9250,2.813556770209067
9251,3.1712942977604985
9252,1.6990229965404464
9253,4.021274972977994
9254,4.508890168668047
9255,1.144293390847543
9256,1.6445014333412051
9257,4.753661567631194
9258,4.2532042532061745
9259,2.159525994960272
9260,1.975943441137579
9261,3.932457959726616
9262,4.939328217365468
9263,2.6591557387950338
9264,3.1410838086881454
9265,1.7116641703334827
9266,3.3584493291893853
9267,2.027259811009481
9268,1.6303510577797913
9269,4.496244967734741
9270,4.196295113141215
9271,1.8624866295099984
9272,3.2975024738335845
9273,1.579369834289594
9274,2.2169234534187905
9275,4.810747330878854
9276,4.4995470515555684
9277,3.0307529880170834
9278,3.586122484874493
9279,4.737521867319389
9280,3.7925979322556103
9281,3.469693731684255
9282,1.3056539594636405
9283,1.7023448839178412
9284,1.9307875475347887
9285,2.714317828831364
9286,1.8795834262369189
9287,2.0114058037623628
9288,1.4691383691103104
9289,4.572646908636678
9290,4.180682068060635
9291,4.063314149925629
9292,4.08974967456423
9293,3.5717551804160803
9294,2.103998372635179
9295,2.966746651061287
9296,3.6606635225553235
9297,1.9267422213986283
9298,2.4819998443704088
9299,4.18255422483839
9300,4.113393345598004
9301,2.757369398516399
9302,4.984601690383522
9303,1.8977052156529668
9304,3.9094927171849023
9305,3.51548712249302
9306,4.483971585138928
9307,2.997735748182253
9308,1.626679278623251
9309,2.9105387714551942
9310,2.825060362057515
9311,3.3057054919541287
9312,2.017451559049794
9313,1.3086428104895744
9314,2.1016361377922097
9315,2.3186520653064018
9316,3.8224566454662745
9317,2.838453180464528
9318,3.356414516561939
9319,3.9341327160877055
9320,4.046688096945495
9321,3.8285507718371177
9322,1.84890481992834
9323,3.524942633855918
9324,3.6037499123700636
9325,1.630409039770543
9326,2.222327076915874
9327,2.0670611795680687
9328,1.6261785077953679
9329,1.7998784022682974
9330,3.2339649055933717
9331,3.5297050701085606
9332,4.902246013419636
9333,1.4877577574135272
9334,3.353388107524233
9335,2.605253264778815
9336,3.97678771967649
9337,3.499693632269512
9338,2.9676519382265
9339,1.8544854783536282
9340,2.101425385258095
9341,3.779098927507035
9342,3.699752024841034
9343,2.8295019722550627
9344,2.1512135538047334
9345,1.2255283446791472
9346,3.8663448226224904
9347,3.1864461776614914
9348,4.4555787901795405
9349,2.9514080899024884
9350,2.294106665855979
9351,3.519311363941103
9352,2.787669048153739
9353,3.4989051984571238
9354,1.9397175277388552
9355,1.6146920831605005
9356,3.157239736937732
9357,2.525407297505252
9358,3.5416933414122815
9359,4.6982065346424795
9360,4.2891033988532445
9361,1.2975199625569793
9362,1.1447845240717318
9363,3.219568276896491
9364,3.850072768779687
9365,2.792411137532646
9366,4.382940587809352
9367,3.537735636005447
9368,1.3728289828426874
9369,3.1117191323323614
9370,1.372234120091985
9371,2.007950414192804
9372,2.6421265030607226
9373,1.7654500686787373
9374,2.3245257745648296
9375,3.127973226070588
9376,2.2541671675209605
9377,1.2188740404073224
9378,4.683622606427164
9379,1.8142034303320047
9380,2.242102053994717
9381,3.7278518380511887
9382,1.72872350157543
9383,4.699625508301368
9384,2.498947462699178
9385,4.073456042973614
9386,4.2945228069242365
9387,1.3884702360505536
9388,1.9584851689559462
9389,1.361018772332141
9390,2.973398535763218
9391,1.184539446429746
9392,4.614111126520207
9393,2.6768720973356537
9394,1.8890010695730464
9395,1.6542143908311782
9396,2.7153880870501297
9397,2.745267316977452
9398,4.730756134251063
9399,2.9153927179851933
9400,1.919519326260021
9401,1.0402619634812447
9402,2.5514936047666588
9403,2.0281114374922984
9404,4.165196545285716
9405,4.033098124789983
9406,2.1662974275051603
9407,4.589861684772558
9408,4.841352735903902
9409,3.057120927915859
9410,4.29435576029594
9411,2.3712119262000217
9412,3.0598068165684666
9413,1.2094531614353592
9414,1.6677389816076933
9415,1.412304358959271
9416,2.6725206812889684
9417,1.2507437196582587
9418,2.5881130752937396
9419,2.782096605949833
9420,4.144880808708406
9421,2.5565319508039615
9422,4.836664767013146
9423,3.1928251821037965
9424,1.958601947775306
9425,1.790505972910292
9426,2.987977965278483
9427,3.553737206186011
9428,1.0556589766234898
9429,1.8439130042666867
9430,3.3770388059246423
9431,4.789247654233545
9432,4.812916869729007
9433,3.767767323359757
9434,2.405027154287482
9435,4.750019564390399
9436,3.329886565290598
9437,3.8230813256969145
9438,2.885169592019398
9439,4.092567550312278
9440,4.4817209147095
9441,2.3250498062629927
9442,1.4085465859046775
9443,1.6564377959027854
9444,3.6371018870035687
9445,1.4619711833704594
9446,3.3745007427880522
9447,4.958117430134677
9448,3.6504235688223425
9449,1.1658539974260584
9450,2.2852673982905025
9451,4.768551245996515
9452,2.435792578704638
9453,1.6449099021257134
9454,3.551416369577732
9455,2.882736246262489
9456,3.8217223726108984
9457,2.879633729021109
9458,2.5192562293981107
9459,4.962530833691375
9460,3.9365385906103474
9461,2.4156997696540143
9462,3.7512233392118755
9463,3.07443411424758
9464,3.476979970660147
9465,4.4712886299995365
9466,2.866792723581732
9467,2.974562735509848
9468,2.4454111335480064
9469,3.0288579826049804
9470,1.688072391969718
9471,4.32106065799255
9472,4.91915036266202
9473,2.8057186292419782
9474,3.7058228521939873
9475,4.023467043432807
9476,4.203915329652013
9477,2.4214574971456
9478,1.165616802019771
9479,3.1294312681651584
9480,4.521190012791007
9481,2.5639587344850994
9482,1.846248729750846
9483,3.444518761388486
9484,2.815577284997208
9485,3.4912520517159757
9486,3.5309911419720827
9487,3.574449823886858
9488,1.5479202239113046
9489,2.1869474088846776
9490,2.2753581530841505
9491,1.8873839741456653
9492,4.850991704125327
9493,2.76811589971438
9494,4.441289076289978
9495,1.7349951245595063
9496,4.394888485702611
9497,4.286386497472865
9498,3.0368182185878942
9499,3.2030617923065554
9500,3.1917710684649587
9501,4.065049042951548
9502,1.8967525418898004
9503,3.049769932730921
9504,1.6257432707619413
9505,4.190011779359259
9506,4.367069746291779
9507,1.2162592729407526
9508,3.803390232227081
9509,1.2237588843561613
9510,4.628345816982372
9511,4.567090800242363
9512,1.0537680561297011
9513,2.0471700915200843
9514,4.737520494201988
9515,2.0585441810365874
9516,1.139454271210957
9517,4.262763299508874
9518,4.865250403072956
9519,1.1696164513924732
9520,2.9071387018566606
9521,1.3731423701753034
9522,3.3793745345477504
9523,4.687018049153803
9524,1.351016660703594
9525,4.151263173793792
9526,4.854078146917393
9527,3.5224782805725994
9528,2.5471548937968116
9529,4.471760918861484
9530,2.9220503920297802
9531,1.7301453816037267
9532,3.689139823537553
9533,3.2875951877418905
9534,1.2340443573877624
9535,3.026383291727344
9536,3.1133249177565485
9537,2.344163369978894
9538,3.1953259359234267
9539,2.840100526733106
9540,3.4890560650696343
9541,3.46171632086138
9542,3.6204037509942006
9543,2.052660019195458
9544,1.2487277365495024
9545,1.44803184554856
9546,1.5442679699399906
9547,3.9884154391076327
9548,2.140426208077794
9549,4.647841669216707
9550,4.516542087284581
9551,3.8684822545372346
9552,3.5447651739480444
9553,4.342742266186059
9554,1.2385581255315068
9555,2.2163805170677167
9556,1.7205699540716015
9557,4.72142539338747
9558,1.8399514797290775
9559,2.2183258105176558
9560,3.0962992762090145
9561,3.761481995198592
9562,1.6881758753432092
9563,2.537351476468455
9564,2.971423182527933
9565,1.1808409674532983
9566,1.9512224973938097
9567,1.2037556418845812
9568,2.0274174752503638
9569,2.1926218896053067
9570,3.295303513549912
9571,1.7742655242487269
9572,4.261273763230822
9573,3.628748520033702
9574,4.385733050489987
9575,2.171997392585763
9576,2.196685704295683
9577,4.901040124216139
9578,1.4031117731724567
9579,4.744795609940098
9580,4.607008430425784
9581,1.5820474856532099
9582,3.8912927425640853
9583,3.5193359298128613
9584,4.5989428374586145
9585,1.2766134561680862
9586,2.849621456825826
9587,3.603559633303688
9588,4.814973377433104
9589,2.201082285073679
9590,1.0685226062961135
9591,3.9478505073621637
9592,3.949096753777199
9593,1.6959396081637905
9594,3.1193455390213374
9595,4.120727122092884
9596,2.0392517680746356
9597,3.3718144434062927
9598,4.196362757474216
9599,3.7288674849335326
9600,1.1085367299985398
9601,4.206059860944919
9602,3.8894272075543896
9603,2.4918593283894985
9604,3.338253515567422
9605,1.4168467608393556
9606,2.9607231461497463
9607,1.316778042241606
9608,2.0608040147012865
9609,3.0841323187464478
9610,1.1623249499970094
9611,2.843948607245552
9612,4.252104896071505
9613,1.1360776810928548
9614,1.7899408055418684
9615,3.493547797235437
9616,4.698296824108825
9617,3.40596428152423
9618,2.5987943300238388
9619,3.848994659533595
9620,2.5420994754730972
9621,2.5495818777408696
9622,2.2552572612160526
9623,2.109909151422338
9624,1.6046114230919293
9625,2.1301509624660078
9626,4.1487488671262565
9627,2.102677937047025
9628,3.3300071353445926
9629,4.177757371498618
9630,2.606759803559714
9631,3.3209255225372143
9632,1.9023338989679761
9633,1.6692673747096571
9634,4.334775718350929
9635,4.851362178205783
9636,4.946299193103074
9637,3.6354454428471814
9638,3.981297255591141
9639,1.6068418508381206
9640,2.366234129750043
9641,2.9620111945835146
9642,1.4394769864417305
9643,3.5352120608257023
9644,2.099600340864458
9645,1.8979347786378633
9646,1.4268996825816878
9647,2.191591137505757
9648,2.604869964823911
9649,4.196569830992166
9650,2.5442152986154074
9651,4.711640989583329
9652,4.567553940563223
9653,2.5095474255752293
9654,4.862843850142204
9655,2.786385279177488
9656,1.9245652165744187
9657,1.717893175721426
9658,2.841087856071948
9659,1.5193555759281177
9660,4.770106881583058
9661,1.3370579127308866
9662,3.371529761630974
9663,1.3264686117033975
9664,4.479789290379785
9665,1.40937140076278
9666,4.635172901412096
9667,3.2920520188587434
9668,4.146629742848162
9669,3.0987101826924186
9670,2.3311541476091233
9671,3.437189492847554
9672,4.987936434088619
9673,4.136647411113828
9674,4.773257600943806
9675,1.925546938768517
9676,4.146762536971744
9677,4.627160984927711
9678,1.3833628432234035
9679,4.1958851639166745
9680,3.7247072675607384
9681,4.5068692644918045
9682,2.8241408197997164
9683,1.7323143474108451
9684,3.887523603568954
9685,1.656551698735941
9686,4.897846366898843
9687,2.9770188475621424
9688,4.964644686355406
9689,2.145099294273899
9690,3.169396753091525
9691,4.289054242974533
9692,2.8852226774089837
9693,2.569494466026525
9694,2.0081673344688102
9695,1.0647415248239973
9696,3.646673062654429
9697,1.3317574522022344
9698,2.468631212275288
9699,3.7142113459086237
9700,2.292094472309646
9701,1.2398953245158344
9702,1.773519149608187
9703,1.1797702646373112
9704,3.3808262709450787
9705,2.4091232051990707
9706,2.287160485977596
9707,4.968927439185183
9708,3.383430536901228
9709,4.784269739084992
9710,4.215796048331781
9711,1.1882826886579472
9712,3.594278627568815
9713,2.3731135406235353
9714,2.852440948338385
9715,2.8367398774156585
9716,1.3169308170896028
9717,2.2002650843117473
9718,2.426302532144097
9719,3.557162692933375
9720,2.1835731007000434
9721,1.1488858964039568
9722,2.879856713752948
9723,1.7470170795704085
9724,2.733444425652748
9725,3.204819413050828
9726,3.7189397057994418
9727,1.1205823272812623
9728,2.232700813043519
9729,2.522041090813473
9730,4.385524333157202
9731,1.5881806411498762
9732,3.0379014607375683
9733,2.2427809760598914
9734,4.634861287221191
9735,3.958082387584872
9736,1.8943254875310505
9737,3.6145052265138924
9738,3.8723750578888576
9739,2.2525239817671485
9740,2.0828738930954596
9741,4.982132241210704
9742,1.2981758984352605
9743,1.9220497765324365
9744,2.1140492312371197
9745,3.5328749320446637
9746,3.4213328900369495
9747,2.910426787407285
9748,1.1548066183256824
9749,2.6946017077257567
9750,1.403305516621288
9751,2.277994743446133
9752,4.715962941188012
9753,4.834032965183098
9754,4.236718920560117
9755,1.4725238160075405
9756,3.805734936554748
9757,2.0271913453029637
9758,1.7138683633618532
9759,2.9409460111275676
9760,2.7821346483271316
9761,3.2557020525311477
9762,3.120961836647031
9763,2.1651080830742284
9764,3.2517597181500943
9765,4.637839747746418
9766,3.9636001789526265
9767,1.6217566993238228
9768,4.941848230821291
9769,2.2548930852661146
9770,3.9879889882059527
9771,2.8712229957844384
9772,1.070122551156186
9773,2.950142156863421
9774,4.687685081818886
9775,2.924260471839736
9776,4.7365515628617025
9777,3.491217694202966
9778,3.2210513791080344
9779,2.660432975979945
9780,4.757351006217921
9781,4.54117152096131
9782,1.5923573687281745
9783,1.6727159438525172
9784,2.469361968150551
9785,3.7433253040442107
9786,2.474789234036919
9787,3.064924362539346
9788,1.5862112291213437
9789,2.947546407904462
9790,1.4951146876624009
9791,4.581186953222897
9792,3.5994990509389693
9793,4.6268051666536465
9794,4.80895583668024
9795,2.328836240088931
9796,3.725482428190566
9797,4.504741661741571
9798,2.0336100978250915
9799,1.7812155135963517
9800,2.933571986223103
9801,4.601035716661979
9802,2.919098662379591
9803,1.2035153373420626
9804,2.331914777285743
9805,3.0509839305321966
9806,1.4615033805847988
9807,3.085104730593607
9808,1.987569747753834
9809,2.1678579336339414
9810,4.545382827735477
9811,2.723056895461833
9812,2.6249314852588475
9813,1.1537563740395478
9814,3.5492069685731265
9815,2.4638523941436596
9816,4.181340166858705
9817,3.9703525213920625
9818,1.1626618490521259
9819,1.9225096285985028
9820,2.0060929260195106
9821,2.2818713767447822
9822,1.4082933465262468
9823,3.5862209701968455
9824,2.650287087499707
9825,4.206986251631992
9826,3.303129609188009
9827,4.626412786038844
9828,2.588798559423401
9829,2.6115874258927656
9830,1.5140060452465773
9831,1.0942804056491129
9832,4.541076135649696
9833,4.37318648784033
9834,2.038947954395955
9835,3.2464151739038303
9836,4.31100420648446
9837,3.6573424440888305
9838,2.900437625268425
9839,1.8425462053450437
9840,3.030950399120184
9841,1.9618107678375405
9842,2.845223930490883
9843,4.083744114730288
9844,3.547070392083149
9845,3.998906052342959
9846,2.9247639156739678
9847,4.2472018221901875
9848,1.0889654276405842
9849,3.1610968226203022
9850,1.544933780202824
9851,4.828569037326357
9852,1.5617844025422292
9853,4.692663253430198
9854,1.2356865078320811
9855,1.9870941790613093
9856,2.3586084750152083
9857,4.5565981926928965
9858,1.8933180837650108
9859,1.5297704953288194
9860,2.787025336632196
9861,2.9671296496306763
9862,1.7844110691910906
9863,3.0335143099348874
9864,4.862474858828987
9865,4.568586027043775
9866,1.569123805783235
9867,4.10171733299503
9868,4.573744953816731
9869,4.5813325641179095
9870,4.572800350783051
9871,3.851338442330542
9872,3.2175220260143678
9873,4.6706730241450725
9874,4.396122369590707
9875,3.258893362463578
9876,2.1840645258505305
9877,4.350010322812743
9878,2.114478121742492
9879,3.751963221864779
9880,2.7639490017137205
9881,3.2360739577297206
9882,2.252270082610649
9883,4.364632768511896
9884,1.837110326166358
9885,4.617436401292412
9886,1.6901642073501515
9887,4.998377556820341
9888,4.328117711801484
9889,3.533110534249431
9890,1.7095560045524967
9891,1.0474262738288447
9892,2.87757712425978
9893,2.0990769534921103
9894,2.430041507002618
9895,3.0079659884588477
9896,3.407069825799079
9897,2.939107850507015
9898,1.864756402642851
9899,4.696703730120804
9900,2.29043646934227
9901,3.3791596669030297
9902,3.484542765495423
9903,3.703797764951472
9904,1.8938856798723664
9905,1.1000883617180204
9906,2.706561816648409
9907,2.544628373183272
9908,4.18941203782839
9909,2.282368635907969
9910,3.4487466646070706
9911,4.162197766774789
9912,2.799603285697123
9913,1.8870221006231276
9914,1.9991662399338068
9915,4.912240468186274
9916,1.7864690581099758
9917,2.2676256991999497
9918,1.9619005212647815
9919,3.2254521791218895
9920,4.851624558520985
9921,4.433629626645837
9922,2.6059359901726906
9923,3.5472388345280343
9924,2.4124385910199195
9925,2.9466239136314405
9926,1.7747614129365572
9927,1.7846508077191277
9928,3.0846599058734063
9929,4.280843807761638
9930,1.0328240378561788
9931,4.984626461848597
9932,1.897298821947461
9933,2.623156654036629
9934,4.996094985090742
9935,3.6404778405304214
9936,4.670052871015661
9937,2.70092553008945
9938,1.239798787703306
9939,2.096342684237186
9940,1.447182864887187
9941,2.8201510303887956
9942,4.747841542948301
9943,4.7477976445841
9944,2.427595615125138
9945,4.4228082845086565
9946,2.040468974315165
9947,2.6686091345110716
9948,4.808319503171163
9949,1.7122909371853563
9950,1.9498845248756953
9951,4.20659803569632
9952,3.9692781391262164
9953,4.690999268270157
9954,1.3748659504189567
9955,2.9925923320925736
9956,2.4968863224187325
9957,2.4412908457866456
9958,4.992996088217592
9959,2.191694758694047
9960,1.5045172328973146
9961,2.3703893892438277
9962,1.8284594803765564
9963,3.7656482641708475
9964,4.442814844941691
9965,2.061354489791844
9966,3.39834420304777
9967,2.7364647557617467
9968,3.1970427076291306
9969,2.3151365326269393
9970,2.9490706547092542
9971,4.95515095249938
9972,4.494086435848045
9973,2.6709319009022248
9974,1.3175044087487606
9975,1.3823435060829166
9976,4.033216658956647
9977,3.0452561324638165
9978,3.6569294467575735
9979,3.8971942072930665
9980,1.509253819837991
9981,3.2673617891553164
9982,3.476151540495716
9983,4.690321939211873
9984,1.7604722462836957
9985,1.469589091989718
9986,1.7343822211496116
9987,1.4269307016923416
9988,3.3705252731333726
9989,2.1766765420139143
9990,4.2019870826324635
9991,1.757490367878495
9992,4.771604495197716
9993,3.9641119483558906
9994,3.341687032482733
9995,2.218578259682843
9996,4.8273766954241335
9997,1.8637260086390417
9998,2.7890274535668955
9999,1.304616385221693
10000,2.9473838839113737
10001,4.833295462368414
10002,3.608998290209429
10003,3.8591239776198356
10004,1.310794553635834
10005,2.3615329191499583
10006,1.5350021913923735
10007,1.6399222018218005
10008,1.9883890298294213
10009,4.562354781789551
10010,1.2298076088438012
10011,3.8630422879332826
10012,2.5623514894055424
10013,3.2690670780499587
10014,1.1777345482121153
10015,4.852599340360111
10016,1.4761846653457322
10017,3.2379570465466743
10018,1.9343385910681596
10019,4.495057213256448
10020,4.97137940120247
10021,1.775514141853657
10022,2.270592477667482
10023,2.1365522745441576
10024,3.6996577624028832
10025,4.02303842622502
10026,1.2793619625071266
10027,2.4874192079262056
10028,4.801118160764181
10029,3.7649905239994554
10030,3.8753852551854093
10031,2.1537440034735957
10032,2.9186241100089236
10033,3.1200707722697825
10034,1.2920022141742749
10035,2.164913022691218
10036,1.182451621781122
10037,3.372730565735915
10038,2.558640253254519
10039,2.2841405251937315
10040,4.8030103723633495
10041,2.240692351958602
10042,4.9872466673851825
10043,3.8357873249977668
10044,1.1913620871222248
10045,1.4326942773547944
10046,2.689026384828679
10047,1.704244060034576
10048,4.447204169849806
10049,3.043420982408414
10050,2.4334641054335284
10051,4.498084500634127
10052,1.8759451964212248
10053,1.7627149371876096
10054,3.6601255770411227
10055,2.055532571912307
10056,4.149629389109543
10057,3.2752484961333326
10058,2.697916800842885
10059,1.685560876268967
10060,2.863206352074042
10061,1.9539158093340996
10062,3.506365013189742
10063,4.782649616485212
10064,4.393075914349415
10065,3.9847767251303052
10066,3.000012005184756
10067,3.148069176361763
10068,2.3407666494807917
10069,1.9121088622416846
10070,2.754815620787053
10071,2.263102117647247
10072,1.4111090308170087
10073,4.161685212592618
10074,4.655915175088129
10075,4.426831019143946
10076,1.4111529311933761
10077,2.4587345396322418
10078,4.59616713053492
10079,4.9030738920235795
10080,3.992674259728942
10081,1.7335386186596264
10082,2.950924205538835
10083,4.340124398096975
10084,2.4660539543106745
10085,3.6420229119190144
10086,2.421186845157666
10087,4.133670444671618
10088,3.408697716331644
10089,4.587094725914186
10090,4.916390782406786
10091,2.684573650262356
10092,4.498794128459874
10093,2.5735082044920703
10094,4.140317996802671
10095,4.157613485232375
10096,1.1233126522089663
10097,2.2440739849095896
10098,1.071485782780735
10099,3.1397951792928804
10100,2.1499313362451664
10101,1.5082713665927718
10102,2.3076088281164657
10103,4.331302782497554
10104,1.70833407594088
10105,2.6089947536555775
10106,1.3882892586518092
10107,1.6486908656388426
10108,2.467910369495614
10109,1.3075762881720392
10110,3.948828315282155
10111,3.2169305918718423
10112,3.7471440071677535
10113,2.5565202278738153
10114,2.9599139078102996
10115,2.3578943775745493
10116,1.7203111359689642
10117,3.319687745181354
10118,4.073318014107993
10119,1.8281857297709325
10120,1.3380913916536499
10121,1.4950489460582248
10122,2.3673684181975463
10123,4.268110297530313
10124,4.9506137446375895
10125,4.078272889451067
10126,2.9178495037416394
10127,4.2188488870390275
10128,3.3231414941874124
10129,4.563808575196685
10130,1.2492961944090615
10131,1.4739200723096175
10132,1.6563072749506285
10133,4.158425875920122
10134,1.5746766408974322
10135,4.26905451586504
10136,4.350946165378289
10137,3.297030603922353
10138,1.4736461077983507
10139,3.103204890283812
10140,3.3746949237053845
10141,1.9333323185348008
10142,4.072420882561243
10143,4.087896296241732
10144,2.946266461182079
10145,2.7528763121627264
10146,2.5430369595530746
10147,3.709906051157832
10148,2.81707164954881
10149,1.984093025406596
10150,1.0626253376671935
10151,1.6646671234175967
10152,4.926264485924375
10153,4.386096966150085
10154,2.5036939397189992
10155,2.990140697758796
10156,2.9573953007677316
10157,3.2186844395186354
10158,4.497586305434162
10159,3.981029014636043
10160,3.2789756233077036
10161,4.606884310670354
10162,2.8880455592636864
10163,1.4690399219322572
10164,4.59524606241775
10165,4.617056172238685
10166,4.058787539723641
10167,2.9396489060354196
10168,3.2221677181680506
10169,1.7094110492300443
10170,2.666272582357953
10171,4.692115058489222
10172,3.6315585856358075
10173,4.0432503072481
10174,3.3780646971440897
10175,2.466784374149689
10176,2.185340379141518
10177,2.9880045727639053
10178,4.303014414919536
10179,2.6459295027603256
10180,3.515590715586344
10181,4.614765585187131
10182,1.7961420611715657
10183,4.795010482282823
10184,3.8646804208002865
10185,1.1225501923243457
10186,2.595688340422622
10187,1.5160361983222645
10188,4.452447831510105
10189,3.855815322943677
10190,4.691675042463698
10191,3.8434949806376633
10192,2.51215342469991
10193,3.568678899490061
10194,4.11054331074229
10195,4.884174084872304
10196,1.805676477654449
10197,3.564352928875823
10198,2.293857961956896
10199,1.1381828275859212
10200,1.8360183213400556
10201,2.6338005963074314
10202,3.0052410377904626
10203,2.622920836510642
10204,4.995072678711903
10205,3.7329555949919118
10206,4.7961330184532365
10207,3.5439525371587406
10208,3.0512030320441244
10209,3.4336602428491645
10210,2.5633530983650425
10211,1.893150732597885
10212,4.735912275535014
10213,3.4198519857975356
10214,3.8810131680166893
10215,1.8023920190512133
10216,2.8346395121078154
10217,2.6350560135594394
10218,2.1937216696744604
10219,4.2750988519244375
10220,1.9288745758039423
10221,2.289547766744115
10222,3.3087077205191298
10223,1.0559474385828715
10224,4.944781899986577
10225,2.5699767842732704
10226,2.788366648800895
10227,1.2606107198095144
10228,1.5121858106291737
10229,4.884053837636985
10230,3.6690962581262503
10231,4.8978406197991315
10232,1.313033523076827
10233,4.335564463253924
10234,1.609769941584263
10235,4.661598856290965
10236,3.97906275624157
10237,2.387342700085604
10238,2.2510264517392784
10239,4.1966403900279285
10240,2.8023513196461693
10241,2.443113911689247
10242,2.21000057294561
10243,4.3778173632958195
10244,4.827029727390994
10245,4.632535097691226
10246,1.720024227843194
10247,3.8084593821948323
10248,1.6832129305664831
10249,1.5770948856055185
10250,4.085677709279482
10251,4.623777591226084
10252,2.4485804817751586
10253,2.983829073919668
10254,2.733849543770763
10255,2.3294664484534358
10256,3.8213819698081735
10257,1.89121763607913
10258,2.5139561117307623
10259,4.244857570775311
10260,2.4392195468666147
10261,3.381173514064306
10262,4.376228393675461
10263,4.6461023163631605
10264,1.0065243022533723
10265,3.8607284030598916
10266,1.5665011243017353
10267,1.7095799580722306
10268,2.2473706066598202
10269,4.597038655944457
10270,1.6322304280609665
10271,4.64773735696032
10272,4.629840563585297
10273,3.6738094931056033
10274,4.565636668708004
10275,4.73720604070496
10276,3.196370696116059
10277,2.519170717323682
10278,3.4916961821652888
10279,3.2618839153158405
10280,3.8422008167733726
10281,2.94405029815786
10282,4.261265393859787
10283,1.500746112649046
10284,3.441533861813709
10285,4.860481001647619
10286,2.7263815778444656
10287,1.3937780516834333
10288,4.158995171152957
10289,1.9047050111007056
10290,1.5640822854913923
10291,4.486126009443314
10292,2.1486308857333225
10293,2.6412131026339045
10294,2.0027191478806814
10295,1.6271471730391514
10296,3.848775935526513
10297,2.6224903741622994
10298,1.7072721373384483
10299,1.1224001448244114
10300,3.1633135905266645
10301,3.9603429343929304
10302,4.889106165008631
10303,2.126526504724386
10304,4.875360626138031
10305,4.088671089644415
10306,3.1225821733638677
10307,3.0661271887992037
10308,1.414512623841147
10309,3.5250667311114583
10310,2.299489516017698
10311,3.302267984250594
10312,2.7263527922481945
10313,4.820872090589205
10314,3.1699382124910027
10315,4.901193998401938
10316,1.4599285364287886
10317,2.462212975723934
10318,2.491476476415458
10319,2.3991168091348016
10320,4.601227677775613
10321,2.5298163043899766
10322,2.947346868763869
10323,3.110395786666919
10324,1.2689859920336897
10325,1.264966094651438
10326,3.6311710063685254
10327,3.028281352222799
10328,2.442600249053812
10329,3.895075780913444
10330,4.796970123017793
10331,3.672140586065975
10332,2.900880143555188
10333,2.1990445403467453
10334,1.9511066039942846
10335,4.710278910488403
10336,3.6311524834788402
10337,3.7972318464466235
10338,3.510639175993509
10339,4.5314090127172175
10340,1.0361442482739438
10341,2.281494157548992
10342,1.1369205169875674
10343,4.843713476434228
10344,1.0723931831013833
10345,1.6956532927455341
10346,3.1200439709223287
10347,2.8667102454944127
10348,4.0732694564329925
10349,4.3808730392796456
10350,4.389454540575668
10351,4.627718426984963
10352,1.872383414473184
10353,4.239360265041226
10354,2.597490096897232
10355,2.7054227046038877
10356,3.7268067105259197
10357,2.763663266244893
10358,4.637759893606242
10359,1.0311014376159382
10360,4.422344923081666
10361,2.52750586135565
10362,3.716758867324839
10363,2.4593214789909457
10364,3.3359439002741973
10365,3.733271653286939
10366,3.2333700333614015
10367,4.433981047755497
10368,2.530183495563157
10369,3.340699291235848
10370,2.012966744950041
10371,2.433292861263795
10372,3.1747380976459048
10373,1.079704912243209
10374,4.00984534274926
10375,4.654115785716123
10376,4.067500305948052
10377,4.738955617976252
10378,3.613393194875876
10379,3.626864371376289
10380,2.537316631480203
10381,4.446521589599056
10382,4.639471183354974
10383,2.0070007407615766
10384,4.71786821253731
10385,3.0568374460500696
10386,3.647698837533764
10387,3.8384827447235033
10388,2.008788917285832
10389,1.6837832369951617
10390,4.09814848729284
10391,2.2177427020449647
10392,1.3879699836258936
10393,1.9463270107673192
10394,2.8418768228698355
10395,1.8737845580127863
10396,1.5255523690456698
10397,4.051204348271236
10398,2.4445142009556484
10399,3.399663124362835
10400,3.548193191257323
10401,1.122547725719523
10402,4.609506866371925
10403,1.0412286173840184
10404,1.254622440082505
10405,2.289365836995153
10406,3.6525468792776636
10407,1.5151051898895398
10408,1.7692529237504124
10409,1.9314626180757046
10410,4.2261525279761845
10411,1.8381575270476445
10412,3.6729428773849397
10413,1.671059526145997
10414,4.047370680480947
10415,4.640262124335998
10416,3.3597681902832512
10417,4.129646227543773
10418,1.0374517990557925
10419,3.381678018045477
10420,2.547533752743052
10421,4.730916688441327
10422,3.2754888896783454
10423,4.296928074466059
10424,1.2895911725439517
10425,3.31007137091915
10426,4.080586680965137
10427,4.251922524936637
10428,2.089195070661579
10429,1.6495075350373418
10430,2.0396148696931857
10431,4.682746986121863
10432,2.771003307749951
10433,1.7256075347598072
10434,4.169268175317048
10435,3.1060150786157896
10436,4.040271496173344
10437,4.365191377678535
10438,1.4089251722088671
10439,4.210471957505462
10440,3.251679534745846
10441,2.448553559589523
10442,2.6897175074315194
10443,1.026340687233875
10444,2.6140522880476733
10445,1.312740627966532
10446,3.5263867357261804
10447,3.031559041880395
10448,2.797710671489998
10449,3.0806502989675986
10450,2.079080661802244
10451,3.462847539691306
10452,1.7189524192982337
10453,2.391085296541914
10454,3.1541684873024707
10455,1.5306833721946815
10456,4.843844066507386
10457,1.8626315279408399
10458,1.9744434971738167
10459,2.664202358314765
10460,2.4324333257350976
10461,2.54355025835247
10462,4.3423714452687525
10463,4.760873617654919
10464,1.4293324557067417
10465,2.354607492138033
10466,4.135964119512801
10467,4.691439090421434
10468,3.1735583543314387
10469,2.054103677228273
10470,1.8769106346742852
10471,1.2409363870254744
10472,3.4609596237364046
10473,2.1556153796630255
10474,4.151716242867087
10475,3.8762119082441644
10476,2.964019263036889
10477,3.670805641285397
10478,2.787149222605318
10479,3.7258972848751792
10480,1.1992385562487549
10481,1.5482069228530175
10482,3.7749135858955873
10483,2.755667954412366
10484,4.835333376917815
10485,1.0840524276475532
10486,4.534709441446929
10487,1.3491351322986813
10488,3.068114240181958
10489,4.94717376388267
10490,1.115876135354541
10491,4.583786650993096
10492,2.4204466560999003
10493,3.037887105896665
10494,4.6166502111240835
10495,2.207822548949531
10496,3.331231587550563
10497,3.7187028291962347
10498,2.2943797572965603
10499,4.799260878839162
10500,2.3451958318459183
10501,3.6690496768735574
10502,1.6312415228086286
10503,1.805426292888944
10504,3.7270186372390826
10505,3.5175887767786733
10506,1.2320874668798898
10507,2.9602561236622624
10508,3.8263798391353063
10509,4.889945712381351
10510,3.645092914474363
10511,3.5540952589633767
10512,1.7144429651398392
10513,1.6930091755872096
10514,2.7349594459593765
10515,3.982610150096318
10516,4.265567359281416
10517,4.913731828962513
10518,4.834762194864172
10519,2.3198945689167747
10520,4.01374438304307
10521,4.777910125212184
10522,4.109363095983517
10523,4.989094573787685
10524,4.394544706013356
10525,4.272765526686177
10526,1.7910388810276117
10527,1.0589323353144406
10528,2.8640077825664263
10529,3.2054646782274454
10530,3.678557923599584
10531,3.4808591807389986
10532,1.188171853369616
10533,3.394943465786734
10534,4.240070326225908
10535,1.934431590155301
10536,2.9324532849576395
10537,3.156827130429704
10538,1.2234287168605964
10539,3.4638773482844227
10540,4.609108164847975
10541,1.886755405428632
10542,3.1462646121810014
10543,3.464692665277916
10544,2.3050180080286506
10545,1.2798635903075826
10546,1.9823285599432587
10547,2.6760966603902405
10548,2.0171765824558916
10549,3.225392744941101
10550,1.9675602590794425
10551,4.19982723786527
10552,2.786009415090459
10553,4.986060222275219
10554,4.7290231904349795
10555,1.2302224188153663
10556,1.5609672370006114
10557,1.9050469549047322
10558,3.3737468060485747
10559,3.7251466737472345
10560,1.04393390446049
10561,1.2052903587813963
10562,1.5695571362063379
10563,3.9493804977708415
10564,2.0090248828109245
10565,1.9794381981512914
10566,2.2187774319819367
10567,3.2477136015807173
10568,4.207865317884533
10569,2.4770642821717095
10570,3.582907907088721
10571,1.8795448930580507
10572,1.9469759189369746
10573,1.990794659495267
10574,4.81330898940613
10575,3.119524108573073
10576,2.5121224798247037
10577,1.6116776242412203
10578,4.171704227157026
10579,3.7782194933904183
10580,4.8221842253165885
10581,3.839948614908662
10582,3.761964811901787
10583,2.4554489042305807
10584,1.1630061436162094
10585,1.237351023508034
10586,1.6927944844770844
10587,3.8629507986218607
10588,1.7645500907957876
10589,2.3896899241299954
10590,2.2713872740437386
10591,1.6995165723918793
10592,3.5511554874907225
10593,3.2541132908042405
10594,2.8696717643273684
10595,3.030706499634838
10596,3.3111727921399114
10597,4.602873043652253
10598,3.8580423329170843
10599,3.3778552490155356
10600,4.342619599857094
10601,2.7667017537629293
10602,4.130336521299091
10603,1.4863512831100056
10604,4.114362661714891
10605,4.8812363229104765
10606,4.709483074050631
10607,3.335091153971305
10608,2.4649943456090244
10609,3.911653671997756
10610,1.4926131757868681
10611,1.2726354368569472
10612,2.6333024204277553
10613,4.150722690460084
10614,2.6850402691631365
10615,1.2394825604994604
10616,4.3919098666217256
10617,1.8390992722960147
10618,4.0459175256223
10619,4.7929490401477555
10620,1.7439450000919954
10621,1.9631170728056135
10622,3.9343633651261203
10623,2.04750370503125
10624,2.267049966057315
10625,3.320011442209289
10626,4.456426087078377
10627,3.4840760978140097
10628,2.6659189319306718
10629,3.576190373010985
10630,1.30180154891745
10631,1.1696310609946554
10632,3.6097714517152015
10633,3.2888926165521344
10634,4.140313436188666
10635,4.8088632232213495
10636,4.5179553514293
10637,1.553485744392641
10638,1.6048600786291156
10639,1.4271263453758758
10640,3.6292277858236055
10641,4.179044473182565
10642,3.401589063672171
10643,2.3477318034355896
10644,1.6756347934032076
10645,4.871902532690193
10646,1.1950189746470223
10647,4.07664004020943
10648,4.806004529838766
10649,3.4357720697337557
10650,1.766057441991134
10651,2.609984259065775
10652,2.7996345539619423
10653,2.9036196591444647
10654,3.856297884319518
10655,1.6516568145341095
10656,3.5386104630727893
10657,3.5750791511891133
10658,1.5635188838452425
10659,4.604258799580544
10660,3.0413317809965954
10661,1.6085700226611594
10662,1.450201437542339
10663,4.221657691052373
10664,1.2687808121991773
10665,1.5931451737553362
10666,4.556969720464229
10667,4.583074850633471
10668,3.689194292121881
10669,3.9565235952319133
10670,1.8160349722022353
10671,1.5710187418711223
10672,1.6859621317446756
10673,4.3805935545771515
10674,2.233238600185837
10675,1.4658090967539725
10676,2.124511595289648
10677,4.55277301773675
10678,2.1560121769587965
10679,1.4516129261024764
10680,3.7147454216439026
10681,1.3510323143782528
10682,4.261471969600298
10683,1.5133891798875818
10684,3.980260805436556
10685,4.859668825717476
10686,4.602881803285156
10687,1.619792998148784
10688,4.194705891791505
10689,2.783124174503297
10690,2.6958434406613727
10691,2.6084954460802816
10692,4.441915778031261
10693,1.6552645823594978
10694,2.258678208422872
10695,4.238802016278821
10696,4.562829346282346
10697,1.8165751980165914
10698,1.6319800860792677
10699,4.094562040354824
10700,4.087064177029689
10701,2.200460989576693
10702,4.84357553341308
10703,1.6086870732027112
10704,4.512497086450724
10705,4.355675301374261
10706,1.7025132244839805
10707,4.468175389306168
10708,2.619838660179534
10709,2.5764530420412264
10710,1.2489646972738369
10711,4.8330933396752345
10712,4.585194552357808
10713,1.0031022978832662
10714,4.406251493121058
10715,4.556743504230722
10716,1.0106615552847993
10717,3.2076860459842047
10718,1.4349385484953419
10719,1.556196807963536
10720,3.00555955556114
10721,1.3953952774571552
10722,1.3496282962912645
10723,4.331699233015325
10724,3.5703365151550885
10725,2.874745789131222
10726,1.231116641048918
10727,3.830635910743113
10728,3.45979837864616
10729,4.194855634766423
10730,1.1009291060718471
10731,1.8801511402021664
10732,2.1777313036918198
10733,1.7664481246488037
10734,2.8440809018385607
10735,2.8813728664120046
10736,1.3350919173475004
10737,4.885455078440755
10738,1.9114167152116268
10739,1.5655528252510464
10740,3.026301214198024
10741,2.742113404123768
10742,2.5458845247378252
10743,4.521642998013884
10744,3.422895308746032
10745,2.7516674723581813
10746,2.0162066774337664
10747,4.998401263629059
10748,3.0905740053001507
10749,2.4361622991815426
10750,2.1835127098975287
10751,2.444365249719003
10752,2.921832725089711
10753,2.845921200892844
10754,2.4276447440967077
10755,3.934811736977546
10756,4.993511827881195
10757,1.7740726912169147
10758,2.449059989024971
10759,4.886022377825979
10760,2.2652246839190555
10761,3.005902824176388
10762,4.899776073093387
10763,4.797067108881823
10764,1.7557427986931242
10765,4.391517848107496
10766,2.9843732511069296
10767,2.57425206386438
10768,1.9297498105368023
10769,2.2341788060633565
10770,1.6745988023340774
10771,4.343678850208631
10772,1.291533128282727
10773,3.7719711240891782
10774,3.9265536384426265
10775,3.650191313052113
10776,1.6550323081202194
10777,3.233904514570685
10778,1.4541457391658623
10779,2.3950639282143507
10780,3.562119586601203
10781,2.984203959177581
10782,3.3891698178700467
10783,4.993589507247341
10784,2.3015819051706075
10785,2.0124139992234684
10786,4.638509605080899
10787,2.125623819930702
10788,1.2306323830532477
10789,1.739791620037865
10790,1.7320777030654733
10791,2.227379193360923
10792,2.7945890074618003
10793,3.0297976474756934
10794,3.6504104964488957
10795,4.989489569329887
10796,2.194277430800726
10797,4.025018594203825
10798,3.9814586660642677
10799,1.8671758725189624
10800,3.1058765329673697
10801,2.714247592073968
10802,4.497996109197976
10803,4.1899835027324785
10804,3.033439582635931
10805,2.747352371231735
10806,1.778153847398582
10807,1.7463206364580466
10808,2.7718408336730054
10809,4.379376213175056
10810,4.6854419269158
10811,1.8786996554035094
10812,3.545600785133172
10813,2.962404122425529
10814,1.9972100805340416
10815,3.7887744632683846
10816,1.143874889993704
10817,4.024000092751164
10818,4.892611804123183
10819,4.221387084193659
10820,4.429503717773301
10821,4.083011606652628
10822,1.9222081453904054
10823,1.00121316085137
10824,3.5863052070374812
10825,2.594497996272841
10826,2.225934958152262
10827,4.642227402131905
10828,1.0816440650592303
10829,4.943904022300721
10830,4.453247459424368
10831,4.04910769605827
10832,1.763961190221738
10833,4.386370428381616
10834,2.4500512781152906
10835,2.0609840369121324
10836,4.140240481693265
10837,4.9755436575761305
10838,2.993156743273676
10839,3.502426042457479
10840,3.795915887240782
10841,1.2269251081719466
10842,1.4779044554780314
10843,2.0414170122949087
10844,4.729548088324978
10845,1.8738449918414974
10846,1.2089097731614906
10847,2.317993670087171
10848,1.0484922323713115
10849,1.1197339497919248
10850,3.236306881295334
10851,1.1644913866483635
10852,4.939638117284838
10853,4.708530945209237
10854,1.358161805592787
10855,1.912229904593278
10856,4.683721071484886
10857,3.997046136048023
10858,2.980832520015295
10859,4.229253942920447
10860,4.381730993082469
10861,1.9163219354939134
10862,1.5523450290333938
10863,1.4703972427412082
10864,2.2676609627749293
10865,1.6049502491881151
10866,1.6648688905807751
10867,4.70866009498016
10868,4.335762625190327
10869,4.503036716442283
10870,3.2573147034092482
10871,3.1407962279100055
10872,3.854534655241582
10873,2.6978199418675515
10874,4.360716565698354
10875,3.8370849874054698
10876,1.9494915418808585
10877,2.17068239159613
10878,1.2068397993463078
10879,2.836802006981878
10880,3.5774351898144046
10881,4.473931705848149
10882,3.356934787815644
10883,2.0166353128372245
10884,1.4938874144501737
10885,4.469040051073739
10886,4.0754484542624265
10887,2.6255091220030167
10888,3.385003069120157
10889,4.122037952893958
10890,4.697777419599619
10891,4.716396706853233
10892,4.53984156238212
10893,2.208093342313208
10894,2.454963214210459
10895,1.08980028051438
10896,1.3272355398735516
10897,3.4233843208012424
10898,1.0385138103922005
10899,2.942186491629725
10900,2.247306667538702
10901,1.069718812196807
10902,3.7788168701172737
10903,2.129177761506147
10904,2.9549989248815134
10905,3.475237769496262
10906,4.328318262904136
10907,2.453963898212754
10908,1.9039111662722328
10909,1.7119584026824
10910,1.3934568573473642
10911,4.657667666086645
10912,4.5826242637389445
10913,1.6730249648321633
10914,2.242838513736249
10915,2.859604629375202
10916,3.7763785012581077
10917,2.628452473899154
10918,3.6412802358310867
10919,1.1833973160802218
10920,1.6799517104376371
10921,2.4097111301890197
10922,3.331523475787272
10923,2.022136519132587
10924,2.682372268852819
10925,4.593793361913226
10926,2.168309324083566
10927,2.6621390517481345
10928,3.2203350791300385
10929,3.0387809924337903
10930,3.4098772888986932
10931,3.4719020102027427
10932,1.9700376117721508
10933,4.223875860018476
10934,3.8180154404197384
10935,2.7745428412712703
10936,4.529888556949729
10937,3.931635454537434
10938,2.2691142006801637
10939,4.2414048914442075
10940,1.775341193207805
10941,4.6440739455710105
10942,2.7570221974085207
10943,3.5889181153974086
10944,3.9889324965128012
10945,3.5230861780931413
10946,3.594683620230238
10947,2.6728415751059624
10948,3.05008340080849
10949,4.24332993059077
10950,2.5042012120488444
10951,4.71443954742012
10952,3.7699103710125956
10953,3.337482519872132
10954,4.241153883796356
10955,3.9564984796376708
10956,1.7206161034621852
10957,2.5905590594445886
10958,1.2691184330831762
10959,3.713750026437471
10960,4.975470651169145
10961,3.862087448550113
10962,4.956485954883041
10963,1.347481720242357
10964,1.5765307783380136
10965,2.806795760688562
10966,1.5443516423319514
10967,4.175176163938815
10968,3.787933647476975
10969,4.439242104729884
10970,3.191539252540267
10971,4.562943434335864
10972,3.5615830360871197
10973,4.136402429175369
10974,4.310992421436515
10975,3.533197955388574
10976,2.3675987250293717
10977,2.439881113904799
10978,2.1906673285918004
10979,4.283019170893642
10980,3.730379015966899
10981,1.3688061795091118
10982,1.4648272910302347
10983,4.438629717745072
10984,3.9952845902043337
10985,4.964606729120414
10986,2.616819921663514
10987,3.8421796859673685
10988,1.3742831121462236
10989,2.1361715665096144
10990,4.527432402973011
10991,3.770063851110961
10992,1.7690863542010393
10993,4.372661839754464
10994,4.457151908118582
10995,3.949461076792725
10996,2.8148884442820625
10997,4.672702615891236
10998,4.815031864669814
10999,1.986877854080554
11000,1.2760512845022038
11001,3.6663149228329455
11002,3.0396049958913203
11003,3.178424125379606
11004,4.720736646833864
11005,3.8801588201221904
11006,4.082135245829296
11007,1.2296618880616421
11008,2.488989657105637
11009,3.217678634553811
11010,4.178836656898705
11011,4.5096515776965775
11012,3.646583876570423
11013,3.1800658849508348
11014,3.6379153586213007
11015,3.7573778913364473
11016,2.175719478391417
11017,3.596545179601126
11018,1.2558875006816237
11019,3.947607146733357
11020,1.1108778233906937
11021,3.923981396071015
11022,3.209535581113448
11023,1.6355603580727545
11024,3.0004209796020613
11025,2.9279736732982062
11026,2.3262043109089627
11027,3.927834700551462
11028,1.1439768155868961
11029,4.715526175877454
11030,2.30501221982661
11031,1.4854754675314847
11032,4.917257594616826
11033,4.612227135421097
11034,3.7395773680005657
11035,1.1718916169918225
11036,3.9390105847783574
11037,4.0762002927852565
11038,2.6963090433267634
11039,2.6436859332799547
11040,3.1146065849836577
11041,4.183215461551578
11042,1.789498254110553
11043,2.184336874596629
11044,1.2165736135524976
11045,2.609524989852338
11046,2.9229599047292076
11047,3.8977906137058413
11048,1.0255912669432945
11049,2.136829946288496
11050,4.37173223521801
11051,1.8506970899115522
11052,1.1663585674073293
11053,1.4121043099105974
11054,3.092774533366049
11055,2.6046129113107037
11056,3.536693875693101
11057,2.9722495143320677
11058,1.8274261407283747
11059,4.56616365192324
11060,4.018100306505065
11061,1.5111229326670648
11062,2.1088583766129396
11063,4.6564701681977585
11064,4.686152087430507
11065,2.28854906319488
11066,2.644124376910449
11067,4.253364842103844
11068,1.4920045571708762
11069,2.7477099726963856
11070,3.834169594915736
11071,4.109831617967284
11072,1.0427208387369662
11073,1.8743726812411912
11074,2.6120389806358375
11075,3.9353004092751336
11076,2.7150028223998386
11077,3.2157597088908205
11078,3.5498686038372913
11079,3.527969663183937
11080,4.57213861745436
11081,3.147910635159658
11082,2.2097008574624857
11083,1.382505753574022
11084,2.7370714400422784
11085,4.352095315671761
11086,4.980746596091732
11087,2.397346218013626
11088,2.798049385545807
11089,2.2062031081047078
11090,3.080889725695143
11091,1.1271658197499028
11092,2.87055243492993
11093,3.6680366421677912
11094,4.052820717862701
11095,4.557548806736612
11096,2.3359847835469063
11097,4.6916687030754165
11098,4.040858480569078
11099,2.8206068905012436
11100,1.408800833388825
11101,3.337377858421684
11102,3.44024578154782
11103,2.8083328242803094
11104,1.2898986720157057
11105,1.9302529113518436
11106,1.0988616573604455
11107,1.575128276667931
11108,4.584342653020618
11109,3.253942815772447
11110,2.6345687614579214
11111,1.9128383050767015
11112,2.8332317701060687
11113,3.911082342575642
11114,2.2364765020316346
11115,2.988332975166312
11116,2.530727980516356
11117,4.950147032467415
11118,2.467630444674259
11119,2.5422155999809526
11120,1.5908276965541819
11121,3.8531738924138197
11122,2.217943113592532
11123,2.7802225149674125
11124,1.9831336446031638
11125,1.7187858756542798
11126,3.1485514304858637
11127,3.913599374230019
11128,2.8414577957175156
11129,3.0775280702305086
11130,4.104101167189732
11131,2.2803604825797366
11132,4.23007367937342
11133,3.6495404581647883
11134,2.405284906624261
11135,1.8076248618656137
11136,3.9395774409748663
11137,2.496596401593594
11138,3.1609006061014466
11139,2.510014706196737
11140,3.226065346258522
11141,2.414510127011049
11142,4.135712311876425
11143,1.544035268105898
11144,1.7086424442096706
11145,2.9386257007509715
11146,3.4057416221616905
11147,4.676038078063195
11148,4.5534308623383914
11149,3.8860252312853287
11150,1.0112990275607245
11151,4.075313954115424
11152,4.892285529246781
11153,1.480658030243697
11154,2.6790359846349054
11155,1.846026135343525
11156,2.994053147532315
11157,3.6852671726628743
11158,2.5857978969482276
11159,4.340655388858199
11160,4.833225719392319
11161,3.1768722025605394
11162,1.36280641815401
11163,2.940393714519042
11164,3.84780549773245
11165,1.7659210804485874
11166,2.4916937309793314
11167,2.433405364466778
11168,1.4118611608605227
11169,1.1269559627935033
11170,4.64076701261046
11171,3.9591645992476434
11172,2.032720842567251
11173,4.338628598914552
11174,1.6362846701974987
11175,1.666672018167262
11176,1.7439469565748542
11177,1.2144144343493761
11178,1.943772677307937
11179,2.9381596880940877
11180,2.9697136857699538
11181,3.5246404264522004
11182,4.878704997295452
11183,1.7788192815197648
11184,4.778330175602967
11185,2.29859546184677
11186,2.991549473895352
11187,1.1405131561131987
11188,3.628771182166441
11189,1.3043417015205208
11190,1.3353687166151693
11191,2.8575282498904233
11192,1.0074367950995482
11193,3.495452034891333
11194,4.617172691826842
11195,2.461902173953216
11196,2.336639961299904
11197,1.6173973310738492
11198,1.428803591100217
11199,1.101615867112161
11200,4.527332877626625
11201,2.4825938352131205
11202,3.9786412807004163
11203,3.902786236467436
11204,3.9561811464507897
11205,1.7944594296458325
11206,4.852505540762225
11207,3.476872097118907
11208,2.2692807911731174
11209,1.8059849774392172
11210,1.5047647982718937
11211,3.934134885207222
11212,2.8393466074491154
11213,1.9821789510570258
11214,2.1812343788969923
11215,1.3994266764732077
11216,1.7197551722077047
11217,3.5182753014906587
11218,1.2385723992220292
11219,3.2485256018681388
11220,2.160266880021079
11221,2.4275080289795166
11222,3.280389089188397
11223,1.468416558992677
11224,3.6239593655085236
11225,4.291442308954247
11226,4.404188607802948
11227,1.0301080158745868
11228,2.267619156191096
11229,2.770897381753735
11230,1.2378313462793753
11231,4.007307364154508
11232,1.621712422414653
11233,3.1861317940733986
11234,1.0255827905530657
11235,1.8547289215244858
11236,2.5086541455085376
11237,1.31597416999375
11238,2.78388124486532
11239,1.635688003362179
11240,1.3065854088450028
11241,1.60234993782528
11242,2.1355260042959356
11243,4.182132333430411
11244,1.546582652705824
11245,4.0190243761721876
11246,4.557705075687138
11247,2.9982460465835055
11248,1.3779360801187144
11249,1.9301797061321029
11250,2.639718426912833
11251,3.5069721802796816
11252,1.982315838573443
11253,2.3182103344369636
11254,2.6680505979235605
11255,4.4922838066720185
11256,1.8626200303880402
11257,4.913670232878475
11258,1.0774497866434714
11259,2.4180827862511594
11260,2.740112525066196
11261,4.588290148714822
11262,1.7759692449287785
11263,1.1785681077651065
11264,4.773413305134168
11265,2.043183013355948
11266,1.0220121158819948
11267,1.0477936137735173
11268,1.1702932573227551
11269,3.2983578459722156
11270,2.991963445160545
11271,2.378780825671421
11272,4.021943964130179
11273,1.107498237682003
11274,2.1142691375123763
11275,4.309964527114183
11276,2.99971524271976
11277,1.8192006595074988
11278,1.279769508120697
11279,2.626204779650522
11280,4.511290614485992
11281,2.855846320558247
11282,3.530374400913331
11283,3.757359862562974
11284,2.208045622189796
11285,4.6880587797749795
11286,2.4043772405058053
11287,4.820531432406162
11288,3.516034805570441
11289,3.310352811729744
11290,3.655624579492698
11291,4.593249627104679
11292,1.551328397516944
11293,2.1487301081113475
11294,4.0857422560975785
11295,3.4746095855655277
11296,4.072445591621253
11297,2.6046023551393724
11298,1.626364739500036
11299,1.1073999891576927
11300,3.651524934524711
11301,2.7853445155028815
11302,3.6763940451883275
11303,3.8210089816523602
11304,4.291315043167231
11305,2.916398840512205
11306,1.3032633944481171
11307,4.142269240158431
11308,2.8335236885384445
11309,4.963351914093435
11310,4.967321818813607
11311,4.67758529659515
11312,1.769979705611811
11313,4.32070018672598
11314,4.205978048156727
11315,1.0344606653209198
11316,1.053822312328197
11317,4.401120846050638
11318,2.3275428626546635
11319,1.8598639093452003
11320,3.7880914353432953
11321,3.6948585112024657
11322,1.1869242805185718
11323,3.4372370589338597
11324,3.988320485606219
11325,2.9647633932153803
11326,1.5883352211766595
11327,4.585458534637618
11328,1.6338725002156242
11329,1.842403100684714
11330,4.739610287628336
11331,2.159804644792281
11332,4.455269746027743
11333,2.168037576183539
11334,1.1557142741840662
11335,2.8836249367756794
11336,3.3269047362674997
11337,2.4316477816394024
11338,3.517520866471032
11339,3.8491042810278597
11340,3.5469579917180223
11341,3.1599468118474157
11342,2.8872446508733085
11343,3.860851333392334
11344,3.7884969184209325
11345,3.405830780973821
11346,4.313025232173153
11347,3.3603166357419236
11348,1.0599625297445439
11349,2.5246147355143047
11350,4.404230275440379
11351,4.717822211828535
11352,1.741234537056552
11353,1.1460710860475931
11354,1.239029307302589
11355,4.9480837610657735
11356,1.8369399235495143
11357,4.41260565544221
11358,3.7112200556090915
11359,4.7584844793631955
11360,4.628197259455337
11361,4.8204003937144
11362,1.3912754128472917
11363,4.383892559221817
11364,4.167970269593414
11365,4.350586156679568
11366,1.8487616016258719
11367,3.1958841310803208
11368,1.0473624190449762
11369,1.8433202004005187
11370,1.3376576511216598
11371,3.695797237621248
11372,4.577919839433154
11373,4.6677957324659385
11374,4.369934737132514
11375,4.808659050095439
11376,2.723883368564957
11377,2.6142322958874322
11378,2.1734484224569712
11379,4.681051093312243
11380,2.8837145185702915
11381,3.253900913039922
11382,2.878062315962223
11383,3.8302027445567086
11384,3.0990824786098536
11385,3.2799009250629654
11386,1.479584934497844
11387,1.780068948261091
11388,1.9849549833331515
11389,4.035169113901795
11390,1.2156918210326797
11391,2.7962696713868667
11392,4.383215701706121
11393,1.0258256272476025
11394,2.581337546879408
11395,3.6329717932285592
11396,1.3893020918191228
11397,4.351192003488384
11398,4.6095126312059636
11399,4.7618993402248355
11400,2.6790807472035625
11401,1.36632925913479
11402,3.4178535252815636
11403,3.934381075548127
11404,3.902717878897427
11405,2.39557017201119
11406,2.1346686878572534
11407,4.283609232515259
11408,3.724131792570704
11409,3.839249387576011
11410,2.0241542515444797
11411,1.3483559292701406
11412,3.666739701257474
11413,1.0240853717479288
11414,2.7100092361560026
11415,2.9489434990303267
11416,2.0261308296336047
11417,1.8713896429022103
11418,4.202671704143256
11419,1.0828265911994852
11420,1.5483884078512244
11421,3.6894863444830936
11422,4.260806807261703
11423,3.0554370506044854
11424,4.151597240676466
11425,4.5869323195588745
11426,2.684540659339582
11427,3.7883893375527853
11428,1.4062964246069187
11429,3.3000425537676614
11430,1.4047478586501025
11431,4.643853268802893
11432,1.30933334938292
11433,2.431148716442631
11434,4.1403672689523106
11435,2.5488042926051215
11436,1.5343147550509166
11437,1.8139018566162566
11438,1.9504574412087408
11439,1.9664109301348462
11440,3.531982775351808
11441,1.2262844234143686
11442,2.7762088239152014
11443,2.457415691670368
11444,4.916622459770704
11445,3.410252423397866
11446,4.187090648143103
11447,2.7142537392580763
11448,3.269225635914259
11449,2.122715232504496
11450,3.356804914151611
11451,2.401555463978527
11452,1.9772597931757456
11453,2.525775724067616
11454,1.2775789463591654
11455,1.4093228423160524
11456,1.184930607929132
11457,2.9799808607522125
11458,3.5632641051949587
11459,4.49590200005623
11460,1.5301374381449127
11461,4.524746916588258
11462,3.2052358625995616
11463,1.0371917802080137
11464,4.778539042161777
11465,3.849846359486011
11466,3.0009173154106223
11467,4.687538452803584
11468,3.4776519438186133
11469,3.632383260380628
11470,3.944627147833838
11471,2.5118955228723068
11472,1.9065397740266374
11473,2.609758216602792
11474,2.5093084865745743
11475,2.091650768620851
11476,3.6071884725479357
11477,1.2121457537626332
11478,2.818821167370996
11479,3.4976971046274477
11480,4.681796963535987
11481,4.801993487750838
11482,1.1113119493905654
11483,4.05072012650815
11484,2.3380396356856887
11485,3.880374194827051
11486,4.169431495267739
11487,4.677360902559957
11488,1.4590611424587911
11489,2.2208034513109727
11490,3.380826711375582
11491,2.847018643111838
11492,1.7718140410838181
11493,2.9223430486505677
11494,3.0583224491889798
11495,1.3297812389170893
11496,4.13159952587626
11497,3.8174580527712156
11498,3.1239673511369555
11499,1.7840807498224094
11500,1.989951322525433
11501,3.857782171823741
11502,2.4225461209149737
11503,1.0215991800326756
11504,3.6083886519102095
11505,4.694425300892226
11506,3.505652874825154
11507,3.5834433713753406
11508,2.9823020635020043
11509,1.6129218435393944
11510,2.7780065008943975
11511,2.5840199440983467
11512,4.189413024235449
11513,2.444775736593854
11514,3.260465689647677
11515,1.2905622146154676
11516,2.829733786898121
11517,4.734575256813272
11518,4.404827099870606
11519,1.456162226426521
11520,2.881450985100654
11521,3.5979349841313675
11522,2.1291452035163236
11523,4.446679792950816
11524,4.514587686769275
11525,2.5356627274410024
11526,2.4337856185928435
11527,2.899255461970137
11528,3.0180742101953966
11529,1.598805549682909
11530,1.0006810849316587
11531,3.046818317140728
11532,4.71004335619638
11533,3.252567450046962
11534,2.1065109972343876
11535,1.3411038017389183
11536,1.738855846391011
11537,4.073890252072424
11538,2.0719589568146106
11539,3.117214181728495
11540,4.857107766654994
11541,3.319642392718129
11542,3.5468769776205655
11543,1.514652768100254
11544,1.3463510794712699
11545,4.156869893802654
11546,1.852770254305102
11547,3.7879994396621415
11548,4.236271924807248
11549,2.674280518146731
11550,3.921657398504405
11551,1.702209477467722
11552,4.564352839252865
11553,4.609636022032186
11554,3.844730659710502
11555,3.714171609662709
11556,3.517702570121663
11557,2.734806004258103
11558,3.3070956998921277
11559,2.2609508649857317
11560,2.6691408341937066
11561,3.871244353233456
11562,2.8900086197071566
11563,2.431205172384628
11564,1.498752657775757
11565,1.7836911280222898
11566,2.6419274613969126
11567,4.107681259151926
11568,4.123438818720615
11569,1.1074203436518637
11570,1.9866939638182468
11571,3.323490013962427
11572,2.424356567307315
11573,1.377016676014088
11574,1.063367604118493
11575,1.8219067174444277
11576,3.191382309093942
11577,1.571447483725164
11578,1.1286455510297184
11579,4.659610223791066
11580,2.3883035655102507
11581,3.8310291839004287
11582,3.5092225780622117
11583,4.722730633712819
11584,4.485445545665679
11585,2.6099296119051125
11586,2.5332756404459458
11587,2.263879513711067
11588,4.037113010578436
11589,4.4711457429296075
11590,3.141087282157297
11591,2.558924129543512
11592,1.8124693882714071
11593,4.109807701612512
11594,3.913841469070057
11595,3.2661784648913823
11596,4.819204712829233
11597,1.1265549196686497
11598,1.1056906074186377
11599,1.344941433982254
11600,4.512343507969188
11601,1.27724789912542
11602,2.3652590859235403
11603,2.610718275562152
11604,1.0234053862768087
11605,2.4847304566019623
11606,3.8492760239402335
11607,4.578612316923703
11608,4.483744435504164
11609,3.0366406123968526
11610,4.912589321205401
11611,2.4103150126898507
11612,1.020257311841982
11613,3.4292222288909158
11614,4.219812340317846
11615,2.6098294730280847
11616,1.15836851807603
11617,2.587579212558199
11618,1.5453458868897694
11619,3.99721434061389
11620,1.2546197224145104
11621,1.3142365331865373
11622,3.728644534226834
11623,3.6803332869579566
11624,2.5749052724113164
11625,4.880330812324097
11626,4.666366436161473
11627,4.159435547827851
11628,3.8743848295824965
11629,4.0232954902621625
11630,1.5125568636162638
11631,2.159272101846811
11632,3.0438273839365286
11633,1.0839338691245484
11634,4.659991853327338
11635,3.0037083635022093
11636,3.711693075890867
11637,4.625762720908863
11638,2.2711561119553014
11639,1.0248157936230742
11640,3.567408123534258
11641,1.2614985124229867
11642,1.1284622183100605
11643,3.2902004212974725
11644,2.127235834957232
11645,4.1266566106113345
11646,4.00835373097564
11647,2.942362683635186
11648,3.498309363051893
11649,3.121934758032989
11650,1.1812326858563664
11651,1.4028391474093262
11652,4.220873695749825
11653,1.3711041820396312
11654,1.8038197684537076
11655,1.3393335467252263
11656,3.9320541477510655
11657,3.771018852411538
11658,2.1938027101379736
11659,2.224409017787876
11660,1.3635773077530229
11661,3.4518911966373613
11662,2.664040867637764
11663,1.275151569359278
11664,1.0879186659781883
11665,3.302532429054793
11666,2.650539574973535
11667,4.400568320843347
11668,4.8979727972895795
11669,3.407740473798837
11670,2.5864693189723837
11671,4.168572177615497
11672,1.7183439430050411
11673,2.2951556723970925
11674,2.0981691262918627
11675,1.9893249217554638
11676,2.3711703391101517
11677,2.2548106840949695
11678,2.2263648390566657
11679,4.108273661611613
11680,1.8995204797200977
11681,4.311235504457148
11682,3.8432704570790217
11683,2.6653954868694387
11684,1.2849401504506366
11685,2.0263047741137763
11686,2.9578468009293415
11687,4.353328596616425
11688,1.3307722368183832
11689,3.255190254019992
11690,4.6526521741282245
11691,3.726850630739114
11692,3.9733748229257495
11693,1.239410327307184
11694,1.2891434221115992
11695,4.426974009060027
11696,3.1904666230254484
11697,3.4297837242503615
11698,4.2048480708049345
11699,1.0843093032522457
11700,2.8278635608528906
11701,1.5449637215729166
11702,4.512175444152637
11703,1.1333241442148752
11704,1.4643742054872932
11705,4.397846300485117
11706,4.677663842131913
11707,3.0354207514096854
11708,2.5181952133186924
11709,3.9767557825449757
11710,4.098912260596147
11711,4.030345936375019
11712,2.2072517574539003
11713,4.2373586644956935
11714,4.176361822225982
11715,1.3761832402480216
11716,4.150247856544311
11717,3.4408190007915307
11718,4.878454545742965
11719,2.9346287096819172
11720,1.6932666473630773
11721,1.997947563781726
11722,3.8807503958490237
11723,2.976692645941659
11724,2.2582785461598087
11725,3.2461966628011565
11726,3.1774642261713515
11727,4.689762239871109
11728,2.098688190778767
11729,2.3990049123035826
11730,2.803743456220914
11731,3.60114940610216
11732,1.0144394802356622
11733,2.625755037102505
11734,2.9677307499981618
11735,3.0067446083845897
11736,2.2880778379399858
11737,4.6437877694476954
11738,4.852974848028772
11739,1.1056178964491195
11740,4.166583912662662
11741,2.6840287735086537
11742,2.0898675799393795
11743,3.765514908149334
11744,4.863049034941799
11745,4.678143129185492
11746,1.5663142737434668
11747,1.7590097345671505
11748,1.0980807035361688
11749,2.4641538520467994
11750,4.072511592647317
11751,2.86543804774526
11752,4.663004050682825
11753,1.6604466653882826
11754,3.4157230869259845
11755,3.153941499664807
11756,3.1935831922114817
11757,3.8851138375436474
11758,2.387259670389672
11759,3.451163026016151
11760,3.4822015257926013
11761,2.3457765399449264
11762,4.822120246622347
11763,1.3974431120891202
11764,4.470506777716796
11765,3.1176367448968567
11766,2.2517454534801007
11767,1.6719377833965336
11768,3.3184801045244723
11769,2.109144407889114
11770,3.6847983715955945
11771,3.7613832880681985
11772,4.380559160189772
11773,3.797738046436729
11774,4.842236195357225
11775,2.592959617313252
11776,4.555435184544583
11777,3.343975044741728
11778,2.3749214963630663
11779,4.472697407215401
11780,1.8516117443616325
11781,3.1956869954153126
11782,1.0142995371293102
11783,3.3371528706251197
11784,4.601528008349271
11785,3.0299964756456412
11786,1.9338155247844204
11787,2.016728115509411
11788,3.924387220672268
11789,2.162175588672453
11790,1.9767999995092187
11791,2.801131112853365
11792,3.086757428299218
11793,3.2762130970951877
11794,3.876129168527612
11795,1.446891903801776
11796,1.7445514678217946
11797,3.2778442542557378
11798,2.1763236832119888
11799,2.1165001079656345
11800,1.5641525877426825
11801,1.5486487295713887
11802,1.015012132283477
11803,2.7479134316406
11804,2.8336152894335696
11805,3.6612445349222607
11806,4.108477643636767
11807,1.370098327924882
11808,2.504205389619401
11809,1.7084250710045428
11810,1.1472053106152376
11811,3.7974191375764845
11812,1.5405999716021443
11813,4.880562970803723
11814,4.304178309530686
11815,1.5703575210429768
11816,2.8015711749312677
11817,4.348392207251804
11818,3.902455804626653
11819,2.3340788762920925
11820,3.4066793712705246
11821,4.601161552532477
11822,4.337804521919882
11823,4.292543701902275
11824,1.7588250494366848
11825,1.4773469797591772
11826,4.702322599291435
11827,1.1933247801438736
11828,4.298228192633159
11829,1.241560737336668
11830,3.2696159738972344
11831,2.9766894160322432
11832,3.7497794607258808
11833,3.4247230311876096
11834,1.1157762439196968
11835,2.631834369600412
11836,3.1731119508344388
11837,2.4316851107271744
11838,4.337234227940241
11839,4.256035977136438
11840,2.46491167889166
11841,1.6571567519620212
11842,1.9520877164471875
11843,2.1979821690548813
11844,1.3290096098677897
11845,4.114794591892293
11846,3.822879129484504
11847,4.089679819362679
11848,4.281865682985793
11849,2.787518616904172
11850,1.7924690895865147
11851,1.4633930195840472
11852,2.629740584674655
11853,4.49375987605346
11854,2.916125044310048
11855,3.1202791259492906
11856,4.3472705106829626
11857,1.2454042633910634
11858,3.184385222269099
11859,1.5497270008571906
11860,3.838847132856622
11861,1.5944110376400946
11862,2.4187268290458306
11863,4.251088084516589
11864,3.987581201771206
11865,3.9859499144961443
11866,1.245026529783528
11867,4.341209587000699
11868,2.6150139798331065
11869,2.0266061054730966
11870,1.4813015610872564
11871,4.573247510880333
11872,2.3012929476410724
11873,2.3867571357584723
11874,1.9946495795184886
11875,4.785882573788033
11876,3.471731973658629
11877,4.090392704974434
11878,2.213805090250137
11879,4.197589660693255
11880,3.330247443157392
11881,1.9093329155730787
11882,3.5614501143283794
11883,3.202397488954939
11884,4.309128819014217
11885,3.340821145619859
11886,2.1831867924145207
11887,4.564060826020656
11888,3.86799164496541
11889,1.180719731006307
11890,4.428719864380605
11891,1.4142265640375076
11892,4.228676191964773
11893,4.742453803989599
11894,1.3336478873069373
11895,4.683373949289997
11896,4.0410838111862
11897,1.913973615657993
11898,2.486654006896985
11899,4.687048333141597
11900,1.2795905386799857
11901,2.862017978116656
11902,2.0529811033322547
11903,2.7736702256603083
11904,1.435972379360554
11905,2.8504195800580883
11906,4.17636085802792
11907,2.759949263741989
11908,3.402440181742374
11909,4.026700280427424
11910,2.910089312787845
11911,2.872026204475135
11912,1.0082275918690922
11913,1.3264598113088502
11914,2.102128868431812
11915,3.9598141245802263
11916,4.682156989384229
11917,3.2254748462816343
11918,3.8746302546128852
11919,2.918055361336458
11920,3.1406182935603493
11921,1.5652752900389348
11922,3.1465798982502675
11923,3.85621657217271
11924,1.0146044540278947
11925,3.4953303218710174
11926,1.5106602794368942
11927,3.9319426102279014
11928,2.615220426205097
11929,3.635640859012667
11930,3.2269739187230484
11931,3.2318315185780633
11932,4.902111861731831
11933,3.81501806747198
11934,2.589678222246244
11935,3.765828834797035
11936,3.102211502289677
11937,2.6849263552797833
11938,4.583596305201011
11939,4.078267809010876
11940,1.6383453370120957
11941,4.3759779927316576
11942,4.283811472785539
11943,3.345026956121849
11944,2.112917093730428
11945,4.025756800451105
11946,1.0527789152836489
11947,4.211363578235124
11948,3.356604129294056
11949,1.5963327454490632
11950,3.7523300422260655
11951,3.358721473135675
11952,2.2240929147183706
11953,1.5826336585285503
11954,2.1597563928334464
11955,3.465742238404625
11956,4.990619797435187
11957,4.577298567332068
11958,1.4975299124468013
11959,4.592497784739145
11960,2.8267600129455412
11961,4.195327725930295
11962,1.996930018844922
11963,3.6396619534598136
11964,3.333186274314521
11965,4.624216133645617
11966,2.9368274672169403
11967,2.84031697099048
11968,4.5576178877854066
11969,4.1990253907835875
11970,3.4905868998034344
11971,4.339043514627535
11972,2.6100885878286024
11973,3.5511217038900305
11974,1.2916256777073807
11975,4.792227743000087
11976,2.8129576309348447
11977,1.7425944315210655
11978,2.233402737269458
11979,4.873303989860748
11980,3.637455587879827
11981,2.919200757778022
11982,1.4738521899717525
11983,4.969723715581959
11984,2.7875098669694203
11985,4.187073556265923
11986,3.2909304672111643
11987,1.4546096698970592
11988,1.7665649593106396
11989,4.235508521984264
11990,2.541527211563176
11991,3.9304803068764667
11992,2.076625825263101
11993,3.7567488542136585
11994,1.2988668613682974
11995,1.1964318407890073
11996,4.627071855380089
11997,4.2926596987075705
11998,2.8523204987534907
11999,1.9767798023001037
12000,4.990059673819338
12001,3.216786996789478
12002,2.1708569132897857
12003,3.9007108294188333
12004,2.1161523545156595
12005,1.9777668453435693
12006,1.3114452662787621
12007,1.045450706064932
12008,4.204733875479059
12009,1.697368492277953
12010,1.1369103724782965
12011,4.8740661379268415
12012,2.0768049594477116
12013,4.910338022810809
12014,1.7758759801320574
12015,1.4328087899793553
12016,3.1701437073908116
12017,4.028426665452651
12018,3.9332117784318563
12019,3.8241293956876774
12020,1.0717171592675645
12021,2.888536256919217
12022,4.903768139091822
12023,3.3540835251276357
12024,1.2893014885444307
12025,2.917315511283719
12026,4.677624354371783
12027,3.9929665998740367
12028,2.4310719071461953
12029,3.686527824409811
12030,4.6434216454126815
12031,3.312560182010094
12032,1.5985081732529816
12033,1.3798319861360295
12034,1.0271933858372289
12035,4.96326692054496
12036,2.3344660569511397
12037,4.115471722056965
12038,3.597822845157713
12039,1.7597201038823909
12040,4.354470631370511
12041,4.963890906432694
12042,2.018520952733265
12043,2.1580075179515754
12044,2.7145652800738973
12045,2.367400704767577
12046,3.7812957440544115
12047,4.396239197426178
12048,4.580706573672874
12049,1.5953848751642976
12050,3.1539309879448774
12051,4.742009920237372
12052,4.452255521691139
12053,4.495140417402453
12054,2.1558936838092135
12055,1.1222879905599088
12056,2.5942076056388594
12057,1.4215709138839725
12058,3.364076953485508
12059,1.7149577953526958
12060,1.5686277760202914
12061,1.6176670647333946
12062,3.059123880980592
12063,4.404324892669814
12064,2.566081184839649
12065,1.936030050187325
12066,4.927791202841716
12067,2.3069412531184827
12068,3.0657846188504485
12069,2.4474721478777886
12070,2.8534119540322314
12071,2.815439099727212
12072,4.406602463007008
12073,1.3319289668094836
12074,1.9118385917037415
12075,1.4499063436259365
12076,2.842572546580456
12077,3.5466639486893636
12078,4.918751916404498
12079,1.3205607683049183
12080,3.651986775638975
12081,1.5191213305842486
12082,3.1571771247837677
12083,3.4069414654659558
12084,3.7622032572431405
12085,1.9267588252947196
12086,1.472591920841551
12087,3.3567204515584654
12088,3.1971422244347534
12089,3.7116105749220227
12090,4.341469846985559
12091,3.504285897190874
12092,4.837651626369357
12093,1.790519364738505
12094,1.339920750835725
12095,4.957386988483257
12096,2.5878012666715113
12097,4.490076640140936
12098,2.5580721379318487
12099,1.5980564327694324
12100,1.4530228488836587
12101,3.205879946780516
12102,3.6128344674515667
12103,1.9479423379107952
12104,2.216674088150488
12105,2.5099606591622883
12106,1.9622038633051377
12107,2.8822856661924625
12108,2.7263317955705237
12109,4.925727272885716
12110,3.1047987189045685
12111,1.12581599920148
12112,1.8309971901199589
12113,4.084294956679309
12114,2.1983141887518447
12115,2.14381844987963
12116,2.5935002485660403
12117,1.6491009680961812
12118,1.3865845846967995
12119,2.2991864614967357
12120,1.2393955787525495
12121,3.5607760683342473
12122,2.6791487917966625
12123,4.556324359364121
12124,3.879156073050398
12125,1.6146205221766556
12126,1.4899263243624121
12127,1.878151549265786
12128,2.6212487519007186
12129,2.963370796628514
12130,1.7147439945718683
12131,3.454427568185316
12132,4.902120039545347
12133,3.30151866561258
12134,2.650093946482243
12135,4.342463187486637
12136,2.451884949241021
12137,4.4739371704240725
12138,3.539056111249426
12139,3.568381151033384
12140,1.4949597519807138
12141,1.8297247547482374
12142,4.76568044104677
12143,3.247437905530648
12144,2.419268908587459
12145,3.0330484340123127
12146,3.590824183419829
12147,3.691443878364168
12148,2.3678795465953746
12149,4.396870420942378
12150,2.6934994410276323
12151,3.1213412057460754
12152,2.9291774127924413
12153,4.256247627775755
12154,1.8002532936452873
12155,1.8400289111103847
12156,1.6204887296077186
12157,4.546120094882899
12158,3.9699910192344565
12159,3.8503379957364783
12160,3.5230865655299324
12161,2.567668963567331
12162,3.311953373718622
12163,1.1886301516667737
12164,2.1915802175421573
12165,3.0206369556916046
12166,4.481326784869655
12167,3.677958512638547
12168,4.282305633438606
12169,3.6895867734347
12170,1.0871710138195425
12171,4.077059065704981
12172,2.6794964767933016
12173,1.941631688522719
12174,3.492160705154622
12175,1.7368439888714473
12176,2.947032185009508
12177,2.269654763933573
12178,4.557227703896327
12179,1.4794571330652828
12180,1.0347915121231126
12181,2.9720921878363136
12182,3.455929088584815
12183,3.2156068448448716
12184,1.789971962594838
12185,1.0700056756353988
12186,1.744288449116476
12187,4.352097970553241
12188,4.238404786446549
12189,3.804479138332641
12190,3.9829082444178887
12191,3.090723634590822
12192,2.4444172213917286
12193,3.510533810015484
12194,4.874778894067552
12195,4.553929720739024
12196,4.275002197515965
12197,2.509736952988282
12198,1.3852315928165053
12199,3.1924774726349447
12200,1.343860530263199
12201,2.899630975046057
12202,4.352242569778523
12203,3.333522261376944
12204,2.0913728109502623
12205,1.5192944822230285
12206,1.2973946798173368
12207,1.6107409947259659
12208,2.290732324323629
12209,1.333030466565392
12210,3.8635526952610935
12211,2.4329317541369417
12212,2.7148243656854176
12213,1.4600060979852554
12214,2.663030661315036
12215,4.479735433843063
12216,3.2352352779505718
12217,4.209023155819327
12218,2.6478969480731616
12219,4.218317389381028
12220,1.5047890186311834
12221,1.8140924318979246
12222,4.466331303424623
12223,4.5157168962848955
12224,4.429891129658754
12225,1.7423527673482813
12226,2.7873745550557736
12227,2.012531791679644
12228,3.693742629912613
12229,3.7103251975146057
12230,3.71878399381859
12231,4.4797204146692895
12232,3.57176153177089
12233,1.42055033029437
12234,1.2892596673492696
12235,1.568718723571883
12236,3.187494164794579
12237,3.0546916149829184
12238,2.2359646590238436
12239,3.7671063896812993
12240,4.113949302858462
12241,4.721597204034149
12242,4.937313067936993
12243,3.732405181344633
12244,4.655605021733596
12245,4.086741346709099
12246,2.415106293378185
12247,4.102400495095235
12248,4.0430322901302205
12249,4.853513410675086
12250,3.975509260809314
12251,1.0520037983544972
12252,3.1421949803888043
12253,3.0658962762233846
12254,3.76926129727553
12255,4.161970717899815
12256,3.9372561706437703
12257,2.5373741187875494
12258,2.5636980016825217
12259,3.407352590448321
12260,3.9445434940226183
12261,1.9789228719911431
12262,4.611593561121309
12263,1.7771579714993773
12264,2.5177865732071396
12265,1.6539195122129882
12266,3.392398249422008
12267,1.1823193148377604
12268,4.501205786695512
12269,2.705878470192892
12270,4.389072776798943
12271,4.227411241241801
12272,3.0598372343275972
12273,2.974750376316502
12274,4.7445320973867755
12275,4.887440116393849
12276,1.392582646005882
12277,2.7125521111276103
12278,3.2946938861269763
12279,3.4923844007151073
12280,2.273883343265572
12281,2.880418040181441
12282,3.7659447331785723
12283,2.2294348220471694
12284,1.539713851096419
12285,4.373042757248713
12286,2.000490082719842
12287,4.7966277268281035
12288,4.870565293718969
12289,1.0555372395409597
12290,3.096232000554357
12291,2.1800900635416327
12292,2.9526525000818125
12293,4.103979134840436
12294,2.790980725821299
12295,3.984544215695142
12296,4.2498183801712095
12297,1.7734433439791157
12298,2.711241542384432
12299,3.0689498320825495
12300,1.5167408198803827
12301,2.620733532332052
12302,2.2127627587192458
12303,3.986494766677926
12304,4.769561209829469
12305,3.2992781969887313
12306,3.3593708988785607
12307,1.6205620243735317
12308,4.461405104440358
12309,3.82183019069381
12310,1.0714936117204488
12311,1.7090635306814632
12312,2.4462125485260695
12313,1.0528129892532663
12314,2.329279316985419
12315,4.462409150727019
12316,3.815604872180964
12317,4.143383474724567
12318,1.6579547452681487
12319,2.1195410084963493
12320,2.2163497183392042
12321,2.6957195784941415
12322,4.4502918230774675
12323,3.394890038101145
12324,1.7271384581126505
12325,3.3513254646344
12326,3.144715285496898
12327,2.043908515067227
12328,3.3131982285083397
12329,2.218221575988768
12330,1.0900789842795269
12331,4.665296786637214
12332,2.151415620559817
12333,2.6217575854598802
12334,1.1460537169642495
12335,4.775138201692567
12336,3.662105370372268
12337,2.151197527563313
12338,4.7021479029829685
12339,3.954035837477641
12340,4.353909245442104
12341,2.921345888607515
12342,4.79734945864276
12343,2.4114995552878837
12344,1.4997225125986011
12345,4.330008684328314
12346,3.301784569196432
12347,1.5763639783553058
12348,2.3650988971572984
12349,3.887661609534057
12350,3.4150530107382577
12351,3.8228242824045418
12352,1.9827668878776041
12353,3.5108505763436475
12354,3.47101494207011
12355,2.316635749767835
12356,3.144594061301452
12357,2.4067753666121825
12358,4.859630824325096
12359,1.617920354077801
12360,2.61034350538368
12361,1.931914515504598
12362,2.4195015504592976
12363,4.373416232563752
12364,4.871723433889453
12365,4.499597789228499
12366,3.7173450178658767
12367,4.814473415404262
12368,4.438233627964911
12369,1.0660458645979771
12370,2.05043129191863
12371,3.8936266069502374
12372,4.2268801937707
12373,1.5666773455540826
12374,1.6489433853976077
12375,4.452153923595774
12376,1.741764145986402
12377,2.616416919812328
12378,2.6815788034577346
12379,4.439829953194503
12380,1.155969086347139
12381,2.563374746478543
12382,4.421261415395363
12383,1.0774998552905628
12384,4.888369099915604
12385,4.3205750747907
12386,4.518044050634996
12387,4.534017599677568
12388,3.1055889109593235
12389,3.7394027385888915
12390,3.640923951689014
12391,4.692859411994302
12392,1.5502076130492162
12393,4.417912376876471
12394,2.7484088423643454
12395,4.721545631155964
12396,4.637670329905332
12397,1.7277996817309562
12398,2.0420590394886338
12399,4.432986027174739
12400,2.1466285812604
12401,1.7635734580579738
12402,3.3755516893901367
12403,2.6912048849566057
12404,2.4773473905080525
12405,1.804964289908297
12406,2.88695382666451
12407,4.4646892169992265
12408,1.3124181524401095
12409,2.8372382686851236
12410,2.369708798616341
12411,2.4793143762635315
12412,4.257621973462978
12413,4.2053213072166935
12414,2.475559753861089
12415,2.311984778701079
12416,1.3506253393371659
12417,1.092606355643337
12418,1.2468758583864683
12419,3.03766649129645
12420,2.3233396972118308
12421,2.2204906524679298
12422,4.200275130871903
12423,4.334175034982676
12424,2.4361311964600354
12425,3.887995875170022
12426,3.9173574540282265
12427,4.681674791761019
12428,1.0705086007766837
12429,2.330826303469185
12430,1.3949149061660338
12431,3.6468044733836864
12432,1.712632173189287
12433,1.069121873647601
12434,4.5166765418395185
12435,2.519558252211629
12436,4.8787213229587305
12437,1.2333649666546358
12438,4.10251499869164
12439,1.352159791414735
12440,2.5222424398226218
12441,2.1552691931365837
12442,1.1635885985441545
12443,4.162923589565757
12444,3.8057733813268033
12445,3.0793292155918928
12446,2.1092841580857713
12447,3.557636181578981
12448,1.4617766460734276
12449,2.3107751400495937
12450,4.524126708031643
12451,1.9442399286654992
12452,4.9804348558593725
12453,4.424698369601918
12454,3.0042506774828555
12455,1.0741800230440033
12456,1.5367530633254578
12457,3.286642916775488
12458,4.498499385952977
12459,2.6151352243219708
12460,1.310923647729238
12461,3.4670876914742097
12462,3.0105262517413527
12463,3.4377230885583816
12464,3.1325179688862175
12465,1.0742573640852662
12466,4.150743468570713
12467,4.424282027533826
12468,2.564537001255433
12469,3.233251073170301
12470,3.9886581078544796
12471,3.316630963833198
12472,3.7101898780213878
12473,4.973430281899007
12474,3.0039885390066545
12475,4.417786580257319
12476,1.956799201428931
12477,1.5093186377370937
12478,1.1894264188678774
12479,1.4967612519630982
12480,1.875805499273996
12481,1.27993414634297
12482,2.455375865671424
12483,3.4442386953054127
12484,2.43559158801337
12485,4.3126259662839335
12486,1.8926183405468118
12487,2.209671463072581
12488,2.734737947480802
12489,2.5382330371075876
12490,1.058728750369672
12491,3.5488984786652913
12492,3.9869334619017205
12493,4.99793122246739
12494,3.3634295265850813
12495,1.9252463276625393
12496,4.481312735605151
12497,3.1225965224071808
12498,4.9288144555741304
12499,4.041211809276021
12500,4.245356237486609
12501,3.512081452387216
12502,4.662615807073481
12503,4.011339919382859
12504,3.362790612432182
12505,4.722074871637753
12506,3.2127887251873415
12507,2.81354748200772
12508,3.463849325339076
12509,1.1216362438862681
12510,2.088566614225653
12511,2.7563094946645137
12512,2.180226062789469
12513,2.272091224626213
12514,3.056631382607505
12515,1.4995127119119593
12516,1.6092635860834248
12517,4.709746025071048
12518,3.558762121635766
12519,4.33469846918325
12520,2.30300160101106
12521,1.362222707390734
12522,4.906311492678302
12523,1.527612211072754
12524,3.245101699861039
12525,4.398831958454637
12526,4.77680250209824
12527,3.4448431961896078
12528,1.980542479810826
12529,2.1963397518836554
12530,3.6073509992132737
12531,1.3198234487410474
12532,1.3571770890082733
12533,2.1603956679575944
12534,3.798595580784828
12535,4.625983519413385
12536,1.9538797412235955
12537,1.6550189280136944
12538,4.039568373829802
12539,4.124203125214322
12540,3.463431968425559
12541,3.782984125486506
12542,4.308267915267599
12543,1.1725792866873026
12544,3.0599616688409643
12545,3.380638245415106
12546,3.5523814044594526
12547,3.8449136634715595
12548,1.9676241174459443
12549,4.364574139371184
12550,3.6629151494697103
12551,3.8482097662315553
12552,2.8900970206228225
12553,1.3975548694077693
12554,1.9222322967233363
12555,3.376869756877972
12556,4.902104370866754
12557,4.248506867119376
12558,1.8555170063924207
12559,1.5792668256581979
12560,1.4082593345420356
12561,3.412521735165346
12562,4.067738742623222
12563,2.2869355702132554
12564,1.6129616184622946
12565,1.0420588592795128
12566,2.8217091196277346
12567,1.7602723986916393
12568,4.348432717732947
12569,3.0286934064679065
12570,2.4644837025115356
12571,3.360494520296159
12572,4.655773386486292
12573,4.2487501819713795
12574,2.7076175898518273
12575,4.668120497939252
12576,1.934025715190149
12577,4.430855286248841
12578,4.641482282343553
12579,2.0306543664227323
12580,2.687314110298586
12581,1.4996283377762851
12582,4.552432059726113
12583,2.4097282397834974
12584,2.6634974487830205
12585,4.840030409588309
12586,4.952392888019795
12587,1.7900228841273766
12588,2.1270851525837715
12589,1.2342840764611185
12590,3.532935605539293
12591,3.7115186074074424
12592,3.533042577886215
12593,4.369916616171239
12594,3.658242695398162
12595,2.636147853613812
12596,1.1417339924574126
12597,4.11312153729004
12598,1.8192900114959043
12599,2.45236969066031
12600,2.4173930307183813
12601,3.230033341818837
12602,4.478116490083487
12603,1.89688299823632
12604,4.0150565579103485
12605,4.292921927407876
12606,3.7487292006743687
12607,4.425019335197533
12608,2.8914052980773044
12609,1.7348369793131444
12610,3.8504424947177083
12611,2.139009200740945
12612,4.784192180161904
12613,4.495074143864761
12614,2.097870928015931
12615,3.0738206415114213
12616,3.130445342271025
12617,1.4958686588719208
12618,3.7847546031867436
12619,1.2843635186524147
12620,4.565406984169636
12621,1.4451611685591281
12622,3.245426910910422
12623,3.2617386031091335
12624,1.1492483036708587
12625,2.4497536863781346
12626,2.5461427286841185
12627,3.023750177686429
12628,1.5691561519900987
12629,4.621522249180888
12630,3.0761065678926105
12631,3.2569269790545556
12632,4.13307476197167
12633,2.3186014817130434
12634,2.5353274727260793
12635,1.0408590305069483
12636,2.0837664289212903
12637,3.3628061959536595
12638,4.855958994430583
12639,1.9452557464571996
12640,3.6859031080118494
12641,4.822805644525353
12642,4.253530344526284
12643,4.288437099190956
12644,2.1732069390177338
12645,2.6559947666304593
12646,1.7215122593128642
12647,1.358266823730995
12648,1.9924883541406815
12649,1.6355719425760573
12650,2.8659205867316775
12651,4.505101550828181
12652,1.2490623040234854
12653,2.1092720523401836
12654,2.7083881657011966
12655,4.156599187561149
12656,4.088435884163306
12657,4.345166581113393
12658,2.0561582125346924
12659,1.3310490950900125
12660,1.5176897272197016
12661,4.035751256521801
12662,4.589926963100718
12663,3.7787006499931186
12664,3.2427568298926244
12665,4.31397389501712
12666,2.0808166602730944
12667,1.8044868672022045
12668,2.0465826258824813
12669,2.240171880907488
12670,1.6365335744360405
12671,1.3816350773097583
12672,4.859925741339243
12673,1.1681287178286466
12674,3.0648224081947304
12675,1.0543346727860632
12676,2.139086702941739
12677,4.640812290853496
12678,3.6924780595286175
12679,3.377944422707083
12680,3.832574674235934
12681,2.122151746842061
12682,1.6184192341346937
12683,1.3193328483510562
12684,2.580824518665247
12685,2.3340667872297702
12686,4.6514660262143455
12687,4.544287136545718
12688,4.95880386197121
12689,4.8812094426089985
12690,2.987784455914213
12691,2.685168433983262
12692,2.968507798280721
12693,1.4396007757023104
12694,1.7872482841197512
12695,2.003270048357277
12696,1.4104519887812734
12697,2.009323996143412
12698,1.7318840456370688
12699,4.293467640932713
12700,1.4055623230018122
12701,2.2445746043883603
12702,1.4426786175850639
12703,3.3904324596193476
12704,2.8832969921702905
12705,1.5615002520188477
12706,1.6880044199031032
12707,1.5706817525970762
12708,3.7542278094509314
12709,1.1665184145866307
12710,1.5802572759580684
12711,1.5819061703990074
12712,3.235547951112806
12713,1.8769320717325537
12714,1.719438648392777
12715,1.1192223090180917
12716,2.2034228533132447
12717,3.2214841428975975
12718,1.543726202949085
12719,4.815863974805866
12720,2.4401148308597818
12721,2.0358047101440913
12722,4.437480900788602
12723,4.635753132781582
12724,1.239357876298929
12725,3.5784388844147346
12726,3.375289457119009
12727,2.436827372644937
12728,4.269498986501504
12729,3.715753420548809
12730,4.742851734355199
12731,4.312138418080422
12732,3.108299584833798
12733,4.364747064817551
12734,3.452133235938249
12735,1.973322001662519
12736,2.045961990991739
12737,3.913975583426047
12738,1.9467142063689922
12739,2.0127936715130117
12740,4.832729077459623
12741,4.82603017772154
12742,4.136272751901563
12743,4.870790640824028
12744,1.8109511287758306
12745,2.362625887006165
12746,1.2894362659924776
12747,2.0699086935198663
12748,2.6097452245359847
12749,1.4235222449384133
12750,4.290302846491884
12751,2.444986612872342
12752,4.320801717811555
12753,2.691594930822326
12754,2.522422535182849
12755,4.851561030716498
12756,3.7318000441144745
12757,2.950991460958553
12758,3.212729439726102
12759,3.1876423158579628
12760,4.019778784868041
12761,3.851818457240199
12762,4.874660752017284
12763,4.013295558172881
12764,4.458038418004451
12765,1.2556200877815131
12766,4.28954280610281
12767,2.2870312977100866
12768,4.037408312825216
12769,1.8473952260667357
12770,4.893284015494608
12771,2.9912933161432567
12772,1.276737696474374
12773,3.1823033943153036
12774,1.217292447753235
12775,1.6659808300870624
12776,2.8803632251385225
12777,3.9301276526407225
12778,2.62400043147553
12779,3.020165580066031
12780,2.0593072551279823
12781,3.2570968157374782
12782,3.6710234207808994
12783,4.257750754886546
12784,1.3459091219942811
12785,4.227332367949055
12786,1.7200427473195572
12787,1.7354775093143666
12788,3.9776727279967807
12789,2.0406965664841885
12790,1.8673763016530778
12791,1.9352390186276445
12792,4.0958406095924715
12793,3.2595384488401664
12794,2.3315984056155994
12795,4.5185590462360015
12796,4.211253245539334
12797,1.462074020427636
12798,1.4459447307445599
12799,3.0173383161329164
12800,3.0765064450758453
12801,1.440627341274955
12802,4.036163897763008
12803,3.5678914797121886
12804,1.569661447172336
12805,1.893837315660607
12806,1.9644271449882837
12807,3.3090906555217154
12808,4.461530437662013
12809,3.7448079434702577
12810,3.2984261775861112
12811,1.3694555827553678
12812,4.421254419690893
12813,3.0804033809334115
12814,2.4904333598073056
12815,1.985813862159305
12816,3.242954105913633
12817,4.60879874190598
12818,1.3318957800894466
12819,3.6293800122838675
12820,1.0458496760441478
12821,1.8871661860360458
12822,1.7311797154752622
12823,1.5198491311534648
12824,2.841544873181702
12825,3.031263479963805
12826,4.203527349792989
12827,1.8887459337501302
12828,1.686690191487238
12829,3.9377120912318335
12830,4.108621241026019
12831,4.810417611440362
12832,1.202160447699018
12833,1.6885344220735639
12834,1.7424724496076962
12835,4.257782264985169
12836,2.4720891638421474
12837,1.4997972740527468
12838,1.7726479644871151
12839,4.448138928492774
12840,4.154307361118571
12841,1.302572326521163
12842,2.8787159551057133
12843,4.124357672360365
12844,2.8553219326956922
12845,1.688054779549622
12846,4.833621042156115
12847,1.3524805533994502
12848,4.3807178493211545
12849,3.360321348824211
12850,3.3655544138858127
12851,3.720117545774609
12852,3.0462587737854907
12853,1.2813720693781372
12854,2.892460128066157
12855,3.334410140376367
12856,4.089049215317555
12857,4.370960056604636
12858,3.27389853296562
12859,1.2973748546441923
12860,3.1931999351817595
12861,1.4137207228254116
12862,2.882473253494576
12863,2.793850935467727
12864,3.5664795937413367
12865,2.655320202392509
12866,4.735391912488915
12867,1.8030761744290458
12868,3.7857897230518587
12869,1.0080279269382442
12870,2.4569729023273377
12871,2.3734602179456448
12872,4.478798768585216
12873,4.0929538030622625
12874,2.190225376667653
12875,4.281679073376274
12876,2.5999433304683475
12877,1.6919424052237062
12878,1.8907892865267968
12879,1.8646060132043063
12880,2.4798028005100816
12881,2.104522870708276
12882,2.2813862644795666
12883,3.8465202666189136
12884,1.0528186574863745
12885,4.773818609062932
12886,1.662874738659509
12887,2.0109208707705406
12888,4.48638444991359
12889,2.3311808219790993
12890,4.5304643986352975
12891,1.2085192194769392
12892,4.066144043180467
12893,2.295552565037117
12894,2.5269692133806054
12895,4.4970997287945575
12896,4.844710284689625
12897,4.207450936792093
12898,1.7856381238560126
12899,3.082611826551597
12900,2.7848150632543125
12901,4.977563837968068
12902,2.6160659060499905
12903,2.774476556608842
12904,4.043564539005153
12905,3.328708520944123
12906,2.3067090616890096
12907,2.384599387019195
12908,3.649694148419904
12909,3.826190482406328
12910,4.088186050932752
12911,2.8157361304556794
12912,1.352702661379567
12913,3.556695844511958
12914,4.378722790277366
12915,1.7550114859737573
12916,2.826076558888699
12917,3.6537737885399486
12918,2.2914513507744645
12919,4.8058424613035235
12920,3.6601819603996915
12921,4.242585695219484
12922,1.1338867206038605
12923,2.3179592634479547
12924,1.80294965557093
12925,3.404927189630224
12926,4.54764320152656
12927,4.2199841260200905
12928,3.521616560857029
12929,1.100200293261289
12930,3.0006531498362667
12931,1.507546352992807
12932,3.4642105233364617
12933,4.412952845383601
12934,4.281961422095925
12935,1.7303380513078714
12936,1.069774039597171
12937,3.2901978835307006
12938,2.2707700221550793
12939,4.190045661601985
12940,3.31961530159011
12941,1.9942708316529854
12942,1.1866990181644828
12943,3.8018033671011033
12944,4.045383748650979
12945,4.881421797905115
12946,2.1237371849104334
12947,2.3714863479269845
12948,1.8390559742544013
12949,4.019310828660654
12950,4.688563832567018
12951,3.793993138140869
12952,1.4403773244870943
12953,1.2048408731589508
12954,3.1186299633234222
12955,2.806417867450655
12956,4.208256756380454
12957,1.3714191711538422
12958,3.3893352437536994
12959,2.120435313361628
12960,3.110164895506727
12961,4.874076278956779
12962,1.039111122314008
12963,4.813351242819657
12964,2.5519873556670514
12965,4.132416282800266
12966,1.809201037407826
12967,4.182465709260177
12968,2.36051516650589
12969,3.510249118276885
12970,1.812544627297143
12971,1.543738268401349
12972,3.2941720964952563
12973,4.640883682443851
12974,1.674231208325169
12975,2.7295387186632074
12976,1.978599607775274
12977,2.3584991786747933
12978,1.2661993450670312
12979,1.3652187171303742
12980,2.251482850523512
12981,4.1116528323519965
12982,4.447451377232781
12983,3.9289194410204913
12984,4.118087397051282
12985,2.5881728504214965
12986,4.13169622140097
12987,3.7499933539919343
12988,3.0686782307722376
12989,3.7800739363539675
12990,4.6655095301884995
12991,2.313926427761079
12992,4.0501765558407214
12993,1.8566960568556192
12994,1.4662211606127857
12995,4.114001713107049
12996,1.0106605529051609
12997,1.200008308050482
12998,3.9275305720888745
12999,4.856486998827297
13000,4.345970481415399
13001,4.7869646178290495
13002,4.601231799145536
13003,3.4869882029498114
13004,2.223009026508675
13005,2.771012519039517
13006,2.0087804596524563
13007,4.7970425516630435
13008,1.70953643096126
13009,3.2714839676109566
13010,2.9685918575618637
13011,4.659426446744407
13012,2.922759715605115
13013,4.583003267622955
13014,1.6205457512160453
13015,3.8765074903575556
13016,4.479088633618251
13017,2.1954901983188986
13018,2.3809465198979285
13019,4.406772017960666
13020,2.0093241717003263
13021,1.9602953441784239
13022,1.9266628350294712
13023,3.6935776925149546
13024,4.693998398929908
13025,3.9673967796837664
13026,4.90841510650244
13027,1.756751738400253
13028,1.4796515382255007
13029,1.6013974688039005
13030,1.3699655850387384
13031,3.079167643602541
13032,4.003659116535209
13033,3.4805495576248324
13034,2.8494719721184043
13035,1.261807619979268
13036,3.3916277451278485
13037,3.6093355663783164
13038,1.77186290335885
13039,1.0167482697784007
13040,3.2957395882527987
13041,4.7313900422167166
13042,2.3901247547945896
13043,2.6322739262117523
13044,4.498941435101414
13045,1.934186386067986
13046,1.1809418530598368
13047,1.8977585879149168
13048,2.1767450873238556
13049,4.956048562244435
13050,1.1241692616659722
13051,2.1192368382105946
13052,4.132373871707294
13053,2.0760836961869944
13054,2.450604437254243
13055,3.0140444136362494
13056,3.06274634896368
13057,2.9053415594828875
13058,3.0424517959631863
13059,2.0199425233366965
13060,4.674808657392756
13061,4.070015185131788
13062,2.46699907351195
13063,4.3686317023456605
13064,4.567498426709306
13065,4.685680754837943
13066,2.8522020093114744
13067,3.438770453365602
13068,3.234378297367824
13069,3.9227598175926333
13070,2.716585221911574
13071,3.2589540133963526
13072,2.943324136187735
13073,4.272333846377803
13074,3.130497540351771
13075,3.1437158502210805
13076,1.1389307986843558
13077,3.7382549923588457
13078,1.3399886401784133
13079,3.23191862109144
13080,2.6494825606315695
13081,3.0088707349674793
13082,2.7440915435371847
13083,1.3303807768799367
13084,3.3701611754441942
13085,1.9876464961590163
13086,3.020143119582445
13087,1.9146539002467011
13088,3.820958692620079
13089,2.788843428514065
13090,3.544342920682286
13091,1.0540973720573366
13092,2.432525907354293
13093,1.6230869038606968
13094,1.1189440468784806
13095,4.340325453227159
13096,1.395933672640473
13097,1.9379991962846588
13098,2.63712253254746
13099,1.7826976378911583
13100,2.9491010083820104
13101,1.1809814780191128
13102,2.9143402230890563
13103,2.0677528282909807
13104,3.5781899221161098
13105,1.0570394545716861
13106,2.631991678849812
13107,4.492591852863646
13108,2.358811555443254
13109,4.2783694029874235
13110,4.442041468743016
13111,2.3108663039684054
13112,3.4812253110137927
13113,3.8358133445919194
13114,2.258059152835155
13115,3.0969568324412653
13116,4.668087776668061
13117,3.532628594650141
13118,4.494132880393325
13119,1.2065287678373031
13120,3.784051783034468
13121,1.4336705096447102
13122,2.6639577184913774
13123,4.573408988735965
13124,3.7998410065093013
13125,4.854539205560092
13126,1.8290608887981556
13127,3.1150606779902543
13128,2.564970379976292
13129,3.052546018856133
13130,1.0520309453301522
13131,3.6126318103788377
13132,4.106244638647038
13133,3.31841653363908
13134,3.875866126407672
13135,3.598757185594997
13136,2.5257937664650942
13137,3.120155213850769
13138,2.002430810714987
13139,2.0193207433363503
13140,2.4417613112153274
13141,3.5860326218962473
13142,1.0285969691922743
13143,1.4255332353414016
13144,3.657419011231963
13145,3.4170116085213214
13146,2.6443265269485567
13147,1.8174838970312868
13148,1.9085080092846356
13149,2.4665301086453297
13150,3.822771171565209
13151,2.2703138287669717
13152,4.2266062769250325
13153,3.165186244228321
13154,3.189215070469348
13155,2.2577203164718975
13156,4.8466016073880205
13157,4.253667090459001
13158,3.9788537545445237
13159,2.8636461593246545
13160,1.2990685230286019
13161,4.824778668662521
13162,1.3376844101401137
13163,3.150804370423588
13164,3.9563100075631934
13165,4.256699866402894
13166,1.6727941859800777
13167,2.217842126735324
13168,2.8981197989583447
13169,1.0334007875358413
13170,4.890471762247061
13171,4.8193230291334395
13172,1.760929416616539
13173,2.772311134942811
13174,2.1277776250312206
13175,2.6603216496341657
13176,3.414090279836738
13177,4.258703597581346
13178,3.2061560718021442
13179,1.7773396167353068
13180,1.5435973815098207
13181,1.2416924225126977
13182,2.2498789002828694
13183,3.5490874465073063
13184,2.27496141655581
13185,4.870380542175597
13186,1.3681629167258746
13187,3.6843890136521207
13188,1.5950669114410831
13189,1.7560185150978245
13190,1.5473327687057337
13191,3.882816082771734
13192,2.107926533266435
13193,4.050050936081203
13194,2.631131004497356
13195,1.9514464340153523
13196,4.2025183849772425
13197,3.2260377644247358
13198,3.445380062509824
13199,1.5663979125254879
13200,3.3645449677814243
13201,4.735615594440546
13202,3.1518514045992796
13203,2.8912352081241584
13204,2.3914911208818856
13205,1.669335293679092
13206,3.8518650059514665
13207,2.8768317306844335
13208,1.453436710258349
13209,2.740557532125612
13210,4.698278840183936
13211,2.3527357007124423
13212,1.2074350926147335
13213,2.814551212092751
13214,3.37857161234263
13215,2.4592672355385
13216,1.0851358201298975
13217,2.1234884305710064
13218,3.358353227032875
13219,3.441192751165958
13220,3.7686842368076543
13221,4.9927428685907564
13222,2.7131170137964147
13223,1.8668711313752966
13224,1.0457057116321224
13225,4.830833829651554
13226,1.6842788344092479
13227,1.7077176958778426
13228,1.6769314508565296
13229,2.4341292208954046
13230,4.879741027676
13231,3.668614938337077
13232,1.6071168723801161
13233,2.8720781414864174
13234,4.766556923339932
13235,3.8268535169666444
13236,1.835617927550869
13237,3.802554172566253
13238,1.80014299666774
13239,1.6899821099749768
13240,4.468010957897796
13241,1.6412432623352502
13242,1.9806196899345458
13243,2.3795812082907153
13244,2.353016801307262
13245,4.038572473182227
13246,2.7298161777150307
13247,1.5685124494230016
13248,1.2731941063195436
13249,4.8802127937711655
13250,2.124994008181118
13251,3.877250130589123
13252,1.0345761123135708
13253,3.7713574792251405
13254,3.7869722681054845
13255,4.33552281028525
13256,2.924561453108501
13257,1.9410338551591404
13258,3.548871606862517
13259,3.0220488539931805
13260,1.1165767536767253
13261,2.306533392549882
13262,2.457752565845434
13263,1.4123785253949541
13264,1.1283459261131559
13265,3.93132692428226
13266,1.8689274091716852
13267,4.3647264511444375
13268,4.797225903890659
13269,3.2820889460980966
13270,4.7761038481088995
13271,1.9262076832814659
13272,2.4716470050088817
13273,2.4213919435352955
13274,2.27945766835737
13275,4.011301790878224
13276,2.5243695949344813
13277,3.0783884411025557
13278,4.567390864303423
13279,1.027701120820288
13280,3.788713199925096
13281,1.6564131969418847
13282,2.989479642472024
13283,4.7314590041236135
13284,3.571731466020846
13285,3.594475139191223
13286,2.7014215141950375
13287,3.2734329111535034
13288,1.6319919911845129
13289,3.3540915173340538
13290,1.7509368632993634
13291,3.0527799653368497
13292,4.230594110348315
13293,3.7249028057926963
13294,3.379255667357852
13295,1.5385167295096291
13296,1.3145042779332337
13297,1.4705751412887667
13298,2.978179555443901
13299,1.8632831097532905
13300,4.509517035910842
13301,3.917439303140721
13302,1.1916443808357715
13303,2.9197484536926606
13304,3.7797792518602775
13305,3.914050260147304
13306,2.3508103112239165
13307,1.6406810433081795
13308,1.3662612550563038
13309,4.43408768344849
13310,2.3820964346264066
13311,2.7988906324888645
13312,1.0114325660857224
13313,1.0610898392185018
13314,3.7245249452950806
13315,3.9705452568875943
13316,2.599402188854696
13317,4.015268050244247
13318,3.213308368940077
13319,4.31299859895628
13320,3.9288892431152673
13321,3.8773574550752397
13322,3.658049092103655
13323,1.668236893956076
13324,3.172855310646077
13325,1.340025374362138
13326,3.8018049317316662
13327,3.869808772406758
13328,1.321504772649011
13329,1.186263424977482
13330,1.1121062501793286
13331,3.886895626195742
13332,2.36979516057564
13333,3.001164959779435
13334,2.4931807778719883
13335,3.6563159880777585
13336,1.3362172927796334
13337,1.0564617245482775
13338,1.1359647299137827
13339,2.1451025992530126
13340,2.062072406651154
13341,3.168807071361016
13342,1.0694055966595957
13343,4.804285008057736
13344,4.024326927306088
13345,4.277500066387143
13346,4.204583598649114
13347,3.655450607635255
13348,3.091059436204852
13349,1.1524437247377648
13350,1.4038820868688875
13351,3.55299212536038
13352,3.727830974406511
13353,4.084141506623752
13354,4.285075005917205
13355,4.0728984457449044
13356,4.784942451714575
13357,4.522820350190815
13358,1.0306144795518573
13359,3.171984229113303
13360,2.413678148450499
13361,1.9979378197137319
13362,1.259552743956335
13363,3.0420892014064136
13364,4.769758075525504
13365,2.699501453845872
13366,2.8678100021042923
13367,4.59001967198139
13368,1.0118299713097207
13369,2.6130312063856227
13370,2.2195463411414935
13371,1.8716784629328584
13372,4.475464142656259
13373,2.6734599585645156
13374,2.0545910565818963
13375,1.5081653718757941
13376,1.2909404333261238
13377,2.71132396220511
13378,1.9352222148996305
13379,1.6394911049910794
13380,3.653763403456179
13381,2.951068105787579
13382,4.427382486787087
13383,3.9133857276604855
13384,4.0487752558978904
13385,4.938626583229874
13386,2.625736976783069
13387,1.4550625348626878
13388,1.407742984752983
13389,2.29266082966772
13390,2.158180229991538
13391,4.549653623448956
13392,3.0387547185262918
13393,2.1806635705258017
13394,1.8507006517481783
13395,2.7496170225021586
13396,4.027883320398866
13397,2.7097679399107135
13398,4.747510164528014
13399,2.257184307894638
13400,3.6554824134974644
13401,3.3831339976778265
13402,1.640757583628829
13403,3.1873946447702193
13404,1.5491129264566785
13405,4.106483504869223
13406,3.8972440364389898
13407,1.1899774622696966
13408,4.342795304233318
13409,4.917446814365677
13410,1.4089557197294402
13411,4.960492686954153
13412,1.0878000727068273
13413,3.8594531886466488
13414,2.049760523560854
13415,4.0358408264533985
13416,4.152961602640859
13417,2.043884637735357
13418,4.3020272746311425
13419,1.2520994043086815
13420,2.8780706437797523
13421,1.4247307273881402
13422,2.8897992550941214
13423,4.097454012123507
13424,4.998483044265578
13425,2.7306838135472122
13426,2.187192102586648
13427,1.8943998680167167
13428,3.061668115004932
13429,2.08821441959447
13430,2.2601344690567533
13431,3.209290177549586
13432,2.489446621290534
13433,4.1794917855095
13434,2.4652484618979953
13435,2.290826985077982
13436,2.2075456539630958
13437,3.2798311819659753
13438,2.0966901367150346
13439,3.9295446815952855
13440,4.634875691655505
13441,3.5407211150752467
13442,1.8979409178160602
13443,4.80025509760333
13444,4.576882060854621
13445,1.6512794251639296
13446,4.6708638084982255
13447,3.283296690996593
13448,3.0922835773021813
13449,2.4878080648222354
13450,2.1529021355949194
13451,1.6219744309496038
13452,2.572267139639332
13453,4.434515850845068
13454,4.1477970790705045
13455,3.9368260399781017
13456,4.392145876669188
13457,4.7756838054243245
13458,1.1532264665268461
13459,1.8872111264102154
13460,2.1740900374318324
13461,3.9472837330870494
13462,2.133279641232789
13463,3.016334591618624
13464,1.2610649492692203
13465,2.831401814510979
13466,1.7916398440549837
13467,2.217837863492465
13468,3.501367882174178
13469,2.5403016506902354
13470,1.9048535390620334
13471,3.2915971340801757
13472,3.4188535860720948
13473,4.6841484583019115
13474,2.31868018099569
13475,3.8092406466838153
13476,2.197712195989155
13477,3.7884714812523153
13478,3.3856829729848235
13479,2.0855371989872467
13480,2.787942980494031
13481,1.3703028791550556
13482,3.3435005753234592
13483,4.71448026122726
13484,3.1335242477379404
13485,2.447618753671382
13486,3.863915043565528
13487,2.4884755486527848
13488,2.0974115867638066
13489,2.526415786676342
13490,1.9730826205473178
13491,3.890373548418484
13492,4.79119713949296
13493,2.3512680873210425
13494,1.8580160736814046
13495,4.325372424566169
13496,2.958518531502692
13497,2.15879875398251
13498,4.591621114503433
13499,3.381870669618417
13500,1.6631065658806032
13501,1.9968446176130628
13502,3.3934154259067957
13503,3.1889650102285407
13504,1.2097153298789713
13505,3.9659169325427253
13506,1.5193949013029897
13507,1.9258881982530025
13508,3.504759299919109
13509,1.476049730678652
13510,1.6804316952100873
13511,3.593921298433848
13512,4.0415705917528975
13513,4.228415999757523
13514,3.5063589113417812
13515,3.002279326840661
13516,4.81127181003732
13517,3.1202959560610086
13518,1.6375474879438867
13519,3.8221408726949475
13520,4.371382211565347
13521,2.511197208178026
13522,1.328652850178536
13523,2.5329557913391563
13524,4.44049212376331
13525,4.454045334783267
13526,2.598055607391386
13527,3.3489881613319237
13528,2.9435214801344807
13529,2.452907172017559
13530,1.7544339293857996
13531,4.930932026987412
13532,4.458572908408508
13533,1.1611790400734883
13534,2.4941646071319363
13535,1.260561309961223
13536,2.3378440626379446
13537,1.7804758554290716
13538,2.6782859402988524
13539,2.663125230377697
13540,2.8959853590491047
13541,4.075152192574363
13542,1.3931765034128394
13543,4.97830426866132
13544,2.215395359761864
13545,4.682950734770978
13546,1.611969046175139
13547,1.3025053650700613
13548,3.7636684538962735
13549,3.152766560933242
13550,1.4635775445208687
13551,4.937332964167414
13552,2.6712566800767914
13553,4.903952805411334
13554,2.425379047132404
13555,2.883961903417476
13556,2.583481766983057
13557,3.5010686882225346
13558,4.2500978485036
13559,4.622229073171365
13560,1.6212862847649818
13561,2.3687822867798674
13562,2.549779751293844
13563,3.6208388598137273
13564,2.94851803120957
13565,4.6487176666374825
13566,2.6567389398789008
13567,1.6530602684393738
13568,1.4831475188676233
13569,4.448790308870436
13570,4.645648347134639
13571,2.487291440167385
13572,2.704615244239424
13573,1.5306281046159111
13574,4.930246307681761
13575,2.018201557171155
13576,3.69238866265123
13577,2.43859605603399
13578,4.4630330892534325
13579,4.8327700269786185
13580,4.818632083100057
13581,4.7020363874171895
13582,4.169461949833966
13583,3.9003625119287104
13584,1.425842650388593
13585,3.7382854946607957
13586,4.430362464485206
13587,2.9298189253462215
13588,3.4342342504972154
13589,2.3314831622846772
13590,4.610021318740804
13591,4.432808138358059
13592,3.3606258675597678
13593,1.4243516139110723
13594,2.309221966743348
13595,4.269227169752597
13596,1.0669886886774043
13597,2.4447925968632314
13598,4.091961925746448
13599,2.7615590695240497
13600,1.126394043315467
13601,3.782951746348026
13602,1.059917737061581
13603,4.242977639453452
13604,4.720281795302421
13605,1.557718308035855
13606,1.6775569127708612
13607,1.133363493222288
13608,1.6091984299224675
13609,3.5071748412283528
13610,3.4018254779665633
13611,3.384866591274524
13612,3.4345154214056555
13613,2.1821783346770283
13614,3.028118799379348
13615,1.5546110779968152
13616,1.7490786345343374
13617,4.470679008073432
13618,4.8444334670920615
13619,1.6204037319842413
13620,2.9474292712288483
13621,2.778733530407849
13622,2.8093311571107478
13623,3.078249594907284
13624,2.1499235589414036
13625,2.1075140469503846
13626,3.898851056329755
13627,3.098894317130614
13628,2.80884529514299
13629,2.7265524350088004
13630,4.071821378414389
13631,2.8393627147656235
13632,2.1482496309761925
13633,4.043294251332187
13634,2.3466263824278615
13635,4.676583358414826
13636,4.832011367337464
13637,4.305916010567049
13638,4.647997504965385
13639,4.714907752892492
13640,4.466249793752998
13641,4.911685590772554
13642,4.316554385688729
13643,4.220817249460202
13644,3.0605527536969257
13645,2.14981168032426
13646,1.8453645442342497
13647,2.9789716102071724
13648,2.367934861698341
13649,2.863668988633283
13650,2.084490188141993
13651,2.5686973070275765
13652,4.477373108631227
13653,2.636446030438678
13654,1.5627727178965332
13655,2.2131482261061315
13656,2.256467322313169
13657,1.6146926289234709
13658,3.039504947037692
13659,4.130418643481899
13660,2.5303422869570054
13661,4.98037853009141
13662,1.6991357122023465
13663,2.867082203714164
13664,2.4200580039569823
13665,1.4179595614628768
13666,1.3995645581859537
13667,2.5758242387248207
13668,4.437657009329758
13669,1.234556343821117
13670,4.2309915452548115
13671,4.955759422047334
13672,4.746448066478264
13673,3.061974779484924
13674,2.5813943763944325
13675,3.1530562818261347
13676,1.3590293351543976
13677,1.8889811864819155
13678,2.7574830306042113
13679,2.4015123334228803
13680,4.844268660362252
13681,3.3055719339157097
13682,2.6825910174204743
13683,3.6681362298971285
13684,1.586639820531894
13685,4.502298113922182
13686,2.383850956106637
13687,3.3454524642405197
13688,4.612765638400321
13689,2.093182430842419
13690,1.5108386252672101
13691,2.469846955675319
13692,4.961831613185824
13693,4.496229289184987
13694,1.473966247888622
13695,1.4058970059959055
13696,4.75386240320138
13697,1.4617887087782329
13698,3.966882783829942
13699,3.090247052760594
13700,4.966129597173752
13701,1.774902803922208
13702,4.102514043094345
13703,4.479007241069655
13704,4.26883416445909
13705,3.275384344337948
13706,3.547340006990393
13707,2.3791850440757005
13708,3.2868538113233754
13709,2.2363622809424197
13710,1.0476952596361877
13711,3.316004129746587
13712,2.269683449646635
13713,3.396777974858275
13714,4.332667706041757
13715,1.79352452249816
13716,4.848552881048045
13717,1.3035774091247654
13718,3.0669462263699594
13719,4.615081626725306
13720,1.4199452947387536
13721,1.887154898118677
13722,1.1136918066048
13723,3.5742868470230187
13724,2.2711950381362187
13725,1.8560682244753952
13726,2.4133296092503755
13727,2.4913711173362323
13728,4.542668148074247
13729,2.113958333187264
13730,4.059973597288236
13731,1.9492298251510944
13732,4.1719382057870655
13733,4.493223666184656
13734,4.301559386444129
13735,2.3823059327062697
13736,3.929034604430627
13737,2.538766712508427
13738,3.0202762787207798
13739,3.1089198140937353
13740,3.0074663328206173
13741,4.214147115090513
13742,2.177136232112824
13743,1.3349447620942794
13744,3.1369129879132442
13745,1.9965179936236304
13746,4.700962460902981
13747,4.0321752337681005
13748,1.9928724990834814
13749,3.263644584214822
13750,2.5246886416936034
13751,2.12892006423554
13752,4.599113113971939
13753,1.1042605870801059
13754,2.0577716587244033
13755,4.902677681964274
13756,2.4401643608188586
13757,4.9295557148146845
13758,3.7157268590066224
13759,1.9530226584744717
13760,1.6673040361757332
13761,3.903720801947911
13762,3.1279316475093277
13763,3.621282063152408
13764,2.7666811337799313
13765,2.2341874385825906
13766,1.1783629333651326
13767,3.1223099559259784
13768,4.662051970748244
13769,1.1238566888435861
13770,2.569563072865184
13771,2.0624181921473306
13772,1.5587256325089607
13773,3.537388564790973
13774,4.1209569488738325
13775,2.0270599447827
13776,2.5904870393161135
13777,3.5267849420068154
13778,1.5008457237755883
13779,1.0471554054191934
13780,4.834995757429969
13781,2.867574310949662
13782,1.7052725236247284
13783,4.697487213995865
13784,1.6251336417320972
13785,2.906853665013788
13786,2.6393968070529708
13787,3.0400540785302246
13788,1.780728903822141
13789,1.3692986047983817
13790,1.5178184000761181
13791,4.601156698084977
13792,1.9982572871582747
13793,4.329244381781548
13794,2.6094559181410717
13795,2.421792159429701
13796,2.009023710583205
13797,2.8292250822972944
13798,1.0720410907952034
13799,4.406058360353949
13800,3.5352503193375755
13801,4.46680702227507
13802,3.4537935998808997
13803,3.24764612346686
13804,2.9498497284455674
13805,3.3016594199475695
13806,4.018490103016955
13807,1.985972001286516
13808,2.8331783201177485
13809,4.744863212827534
13810,3.7777691129476034
13811,3.354853182387099
13812,4.164309761669626
13813,2.682107323895787
13814,1.7587318974851907
13815,3.134498487981723
13816,4.083052774720892
13817,2.5291499915101814
13818,2.9047933440811797
13819,1.0836409538933016
13820,4.8217570901438584
13821,4.886816829559397
13822,2.8243480354044004
13823,4.136582247604105
13824,2.592337403703175
13825,1.5524048698448296
13826,4.714164012246968
13827,2.172060834361738
13828,4.318908063580171
13829,3.055260840646478
13830,4.651731556468472
13831,3.0486895732408588
13832,1.6534346085599858
13833,1.5063560282489559
13834,1.2888807113188143
13835,4.208436095031454
13836,3.6850309940748835
13837,1.1812491224714288
13838,1.5901342946437769
13839,1.6207732546928155
13840,3.098060135486426
13841,2.529247539861763
13842,4.5986066589788965
13843,3.0361267009524626
13844,3.677072041013783
13845,3.150644298667508
13846,3.538971657133824
13847,1.9448192283172352
13848,2.249944050854064
13849,4.509101419231589
13850,3.690460646668963
13851,4.185758670666772
13852,1.675101161121101
13853,4.102359806019612
13854,4.064327015181059
13855,3.115824229842189
13856,4.430010665330384
13857,3.30021136654492
13858,4.727483465128312
13859,1.2480366135924226
13860,1.5981579763864104
13861,1.2929078581477778
13862,3.588569367913978
13863,3.0247188846561683
13864,3.9417203682018305
13865,1.140844286207126
13866,1.2395358756866486
13867,2.4649884968496356
13868,3.2550962238472647
13869,2.7189246440409542
13870,4.8449041409142595
13871,1.1758214767110888
13872,3.1267157677711475
13873,1.2160691278464961
13874,1.8109324344547337
13875,3.7709658317600026
13876,1.9443234640707403
13877,3.5971081852134343
13878,1.2601754977341635
13879,4.1149991143361895
13880,4.645361160410998
13881,3.8652100525295774
13882,1.2834661434686292
13883,2.408028304702627
13884,3.551190801500978
13885,2.882356551839624
13886,4.710659405162465
13887,4.085020768986359
13888,3.526004948524597
13889,3.5818685806473156
13890,2.392508761390266
13891,3.411600681881846
13892,3.4298287305284005
13893,2.02240633530181
13894,4.558785935960682
13895,3.5525337429997257
13896,3.1681005377468043
13897,2.9144454371518016
13898,2.713469761423975
13899,3.8446478753061744
13900,1.6202425876659037
13901,4.795186950191206
13902,3.8124050365118425
13903,2.0034343414937
13904,3.6884535409631636
13905,4.224950869459672
13906,4.635465955125618
13907,1.278101848683137
13908,3.291391762267599
13909,1.5055145338786216
13910,4.805451183960548
13911,3.118787221046306
13912,4.971731154266902
13913,1.8865074020681134
13914,4.2519963709621695
13915,1.666558041244941
13916,2.3469224705069753
13917,4.235757466456699
13918,1.5638348059083986
13919,1.9557859383660317
13920,3.159205357326703
13921,4.799253691650868
13922,3.3659814851286107
13923,2.094409930340025
13924,4.260760748854448
13925,2.1089165372838834
13926,2.5751134479701703
13927,2.9241176213094535
13928,1.9164181126481563
13929,1.7850643013879242
13930,4.579789890835484
13931,2.428076324730044
13932,1.4943348595316652
13933,3.562014404753344
13934,4.33979679935222
13935,1.7220974493435177
13936,2.210784118511931
13937,2.797312745757204
13938,1.811452149492796
13939,4.032291991487885
13940,3.431793720928312
13941,2.824979815149794
13942,3.2360935076928614
13943,3.058485105605184
13944,1.6653802975615228
13945,3.2650848458720767
13946,3.9247781331874014
13947,4.969030659923554
13948,1.6911993312150386
13949,3.8653601008020875
13950,4.95351690000951
13951,2.761821528676368
13952,2.4967854959233775
13953,2.0828179558068802
13954,3.512158976191699
13955,2.8308950208697947
13956,3.8237980902326107
13957,4.277933072468309
13958,1.3353950220556938
13959,4.582015195257419
13960,1.782302773685284
13961,3.2978876445982754
13962,4.008115466542858
13963,1.2423099861009912
13964,1.0895009865642602
13965,1.4287121796371673
13966,1.4572212939008549
13967,1.6072647028457654
13968,1.6965193753318992
13969,3.361854787809431
13970,3.344225524778053
13971,2.3269761528871546
13972,3.9328307961613183
13973,2.5579532720520524
13974,2.362898811903074
13975,1.524999145781846
13976,4.62338610686961
13977,3.708579151606962
13978,3.1978929064848645
13979,4.250914190378385
13980,3.001645533110945
13981,3.441547670246026
13982,2.448320178337526
13983,3.2739637854524544
13984,3.7822702173037093
13985,1.2957558081424407
13986,1.8878072882928776
13987,3.9273938324428066
13988,1.9839302066144517
13989,3.7695506832312247
13990,1.7926011686777295
13991,3.387475759855155
13992,2.0603368704547105
13993,1.2878123961809647
13994,3.533361542344967
13995,1.4526181467453596
13996,4.6442095440440685
13997,4.2836530414359695
13998,2.4737417558720196
13999,3.0602108421484804
14000,1.2879614554695369
14001,1.7552722483654257
14002,3.8971794280895784
14003,3.452805936713682
14004,1.3053719697117412
14005,1.0349542143679797
14006,1.18168527733804
14007,4.58785626503931
14008,4.415158457601164
14009,2.56116045983667
14010,3.988172094986469
14011,3.1507733512377123
14012,1.605914661433805
14013,3.7406541574695513
14014,2.694899265568563
14015,2.606023216185838
14016,2.8378166840833097
14017,4.936422940362146
14018,4.79153148722306
14019,2.9666655109266746
14020,3.3105756069645866
14021,2.519197070270338
14022,4.644505434443159
14023,1.7971350738448288
14024,4.864290874665249
14025,1.4300945775945664
14026,4.783644078487916
14027,2.502625748559908
14028,4.086929244553891
14029,1.522252394977822
14030,2.4091764843444596
14031,2.0977947572887437
14032,1.4674602593988397
14033,1.1693181485470494
14034,3.1221591816261585
14035,4.066983370505582
14036,4.78413412350645
14037,3.0865322020242236
14038,3.664739541085296
14039,2.0734181012703417
14040,3.4126259142309006
14041,3.469347845522746
14042,2.687818081608356
14043,2.7764434780228666
14044,2.5519710741343786
14045,3.7975369548913243
14046,2.8960634187355163
14047,2.796008868495772
14048,2.2787493397539205
14049,4.534605176979852
14050,4.912321158634791
14051,1.3120356383387581
14052,4.329094909612342
14053,4.500003591441082
14054,3.4384109785069734
14055,1.0054681153620915
14056,4.521009501923592
14057,1.8416644414470151
14058,2.3152186597027704
14059,3.8404695030678075
14060,3.8150305306348673
14061,3.259465146020012
14062,1.7083311133156056
14063,4.54144944690278
14064,3.1949183912358046
14065,2.432318781126391
14066,4.931572737248953
14067,3.8215498919102866
14068,2.585566672608246
14069,4.155490772658487
14070,4.3567567240369005
14071,2.80128138747246
14072,1.0516641225621934
14073,4.082262976073959
14074,3.8508694891611333
14075,3.6628993425327794
14076,3.8027637754637387
14077,3.6675723766038284
14078,4.768875298436716
14079,3.59035620098168
14080,4.503994155898054
14081,4.240545042614072
14082,1.3054307681298423
14083,1.992929778212651
14084,4.052895764258196
14085,4.376189571903098
14086,2.3958866343797487
14087,2.478287025928983
14088,1.149830859697503
14089,3.8512967038249117
14090,2.409926147908398
14091,1.7606819026751448
14092,4.459380491486023
14093,1.7959183999973818
14094,4.842723363810086
14095,4.589117012605232
14096,1.9971691969358947
14097,4.854702500180132
14098,4.314589880174384
14099,1.6271762278459128
14100,3.014663050970899
14101,2.9870095610437706
14102,2.7075688198516543
14103,4.126438996521749
14104,3.8535589897469293
14105,4.190256289732481
14106,2.5469468055989664
14107,3.9625379409789754
14108,2.5935708530800876
14109,3.6041234583734374
14110,2.1198371385057224
14111,2.121290772133348
14112,4.24594222498243
14113,1.2516832455823494
14114,3.0747579698074254
14115,1.2431975626841383
14116,3.239215554117597
14117,2.0321316878468414
14118,2.22165122914568
14119,1.0377211319079582
14120,3.384061704678662
14121,2.0945573100694643
14122,4.755258393698421
14123,3.730158272698086
14124,2.280033604615873
14125,2.4485912663982647
14126,4.986281044521819
14127,1.9184439199398953
14128,2.5458129576831294
14129,2.004080692956025
14130,3.22954002603765
14131,3.41976647953857
14132,3.7633570404532644
14133,3.321002940076935
14134,2.2300643007820082
14135,1.8481873017622803
14136,2.2516801141433227
14137,3.2661877365284724
14138,2.401730066239489
14139,2.3659538759358307
14140,3.8076289556783496
14141,4.813723427556134
14142,1.6705810420293297
14143,4.2116777583729865
14144,4.253611839494395
14145,2.151091236713034
14146,1.334084155265725
14147,1.263684583753673
14148,4.784867992363901
14149,2.883031100354009
14150,2.7998453000399253
14151,3.9299251097770007
14152,2.099296360739059
14153,4.634194198269186
14154,2.2380104025830523
14155,4.946526627704409
14156,3.051268335359376
14157,3.519340815092623
14158,2.9458476916124496
14159,2.7121348279464623
14160,2.949412567277287
14161,2.0019305357531594
14162,4.908412065548319
14163,1.4139029591585746
14164,2.1387264493913065
14165,4.829303520441023
14166,3.5843724699550834
14167,2.2783921218505965
14168,3.1490120495964162
14169,4.77476789651155
14170,2.790417146392699
14171,1.5338886766844277
14172,2.6963280728200205
14173,1.6796357399089672
14174,4.823606788405668
14175,4.60971116131963
14176,2.543536691013211
14177,1.2467434011024716
14178,2.6003570610610893
14179,3.615703210265931
14180,1.1935929459836827
14181,2.1856033432442183
14182,4.828831497964848
14183,2.86875210475399
14184,4.015509980988558
14185,3.834070182417776
14186,4.958258712824804
14187,4.225782085624191
14188,2.4052104000046897
14189,4.234578567765252
14190,3.4640741321173714
14191,2.251531629307187
14192,4.053794432156401
14193,3.493729996577958
14194,1.2678339277378612
14195,2.1676138800466025
14196,4.734149504301904
14197,4.634799196814754
14198,2.646939777525032
14199,3.789153224539745
14200,4.023824144030559
14201,2.8287831123673253
14202,1.030557578983657
14203,1.9384574152421412
14204,1.5951907727115233
14205,4.8733898518060705
14206,4.084080536991028
14207,1.616355766847318
14208,3.62433142593581
14209,4.2161014297771295
14210,4.216733994239354
14211,2.5493906835833267
14212,3.358073054497603
14213,4.155868195022105
14214,3.74558901743149
14215,3.0364972482443795
14216,4.2004519518585965
14217,4.993845950797394
14218,3.7824377036484482
14219,4.737450146966371
14220,1.7501940862250462
14221,4.940392874126086
14222,3.002888039829249
14223,1.4405731981595493
14224,4.695124796649468
14225,2.687165329903347
14226,3.0811360798856353
14227,3.508610322148975
14228,2.1335302350694314
14229,1.3660395063714854
14230,2.8965691703682537
14231,2.958488736635926
14232,4.3607603628832665
14233,2.0408585882582244
14234,4.441594535083547
14235,4.80857429107558
14236,4.089258836385687
14237,1.8037838436099785
14238,4.713724618835377
14239,4.072977272259651
14240,1.6876495996757361
14241,1.5990345269028956
14242,4.996100033653226
14243,4.31410535754044
14244,4.3937340344901905
14245,1.8187430644596438
14246,4.492654165407462
14247,3.5058797173684204
14248,1.9874534725645763
14249,4.653436974820348
14250,1.0418177569052371
14251,3.5828641653911957
14252,2.568865490072287
14253,3.1377864555267623
14254,3.90547418604812
14255,1.5613836275155673
14256,1.1383402714685462
14257,2.992840830375496
14258,3.6865480085246047
14259,4.090795703775756
14260,1.488450280740814
14261,1.1754390027350752
14262,1.5908806841738596
14263,4.337526739567741
14264,3.44248867781586
14265,4.177344889540101
14266,1.846978647143771
14267,4.221866894794106
14268,4.99418835950721
14269,2.0828409766947837
14270,4.840714178129679
14271,1.8041243121041672
14272,1.767243800401019
14273,4.204896131885526
14274,1.9628059895833059
14275,1.9413474084598188
14276,2.812811407633403
14277,4.663901116108036
14278,3.081560289698725
14279,3.6912211866181375
14280,2.99568051417677
14281,4.992286685833509
14282,3.807588094412585
14283,2.771226151633938
14284,2.2216274225878463
14285,2.558664747315515
14286,1.2891278284943373
14287,2.5275580865206395
14288,4.877355469616813
14289,4.72871072691443
14290,1.8756668897601512
14291,2.400431539503156
14292,2.8048494499094816
14293,3.2167129525732014
14294,4.935293505018196
14295,2.6224225602371583
14296,2.1200796241867215
14297,2.2642961877820453
14298,1.2886093345481098
14299,4.623647966102437
14300,3.502857428649496
14301,1.5716176696626452
14302,2.388857655651116
14303,2.2697036755565136
14304,4.243558688396183
14305,1.1916091327601301
14306,1.5750034039107272
14307,4.763330418265686
14308,3.069015617378237
14309,3.801202693502144
14310,1.4060039458494025
14311,4.251576684939031
14312,1.9578310749449401
14313,3.903189990024186
14314,3.241194140068308
14315,2.882440181244504
14316,1.1643019417919716
14317,2.6061046267166286
14318,3.1166250539376765
14319,1.0264101085356754
14320,1.9414894225632677
14321,2.168638316411907
14322,4.364902007509928
14323,4.129078168930098
14324,4.510179414531132
14325,1.550830769164746
14326,4.741269776364084
14327,3.007228213099566
14328,1.6853916892541188
14329,1.6300455603717832
14330,1.8555612303342213
14331,3.62167211900175
14332,3.4534238332816054
14333,4.542090585326793
14334,3.774370647757535
14335,4.23734184018678
14336,4.300448233511697
14337,2.930364395076919
14338,1.4716018311292887
14339,1.9799198338922523
14340,2.1829860450452676
14341,1.3790159876366577
14342,4.509436271316803
14343,4.080718952142595
14344,2.0356671422318784
14345,1.7331701030149045
14346,2.211314882963683
14347,3.6497201916599566
14348,3.5799931483378353
14349,2.2867596516582465
14350,3.3288222291697664
14351,2.9967505747155023
14352,2.8325779671350593
14353,1.6978220774780857
14354,4.93418903143609
14355,2.0146266233010506
14356,3.812783187663951
14357,4.554771014604077
14358,3.308195272581374
14359,1.0520355837958633
14360,3.3624262671392966
14361,1.0195485684304448
14362,3.1308991787002185
14363,3.111392995033375
14364,2.044264729646869
14365,2.216277460685614
14366,4.821169524181913
14367,3.304065316515353
14368,3.909486935794859
14369,1.8422720038777114
14370,2.0182534019322045
14371,3.9718171847240056
14372,4.982202130224893
14373,1.6554912077052224
14374,3.372086360713943
14375,1.2973874466363986
14376,3.206695115136431
14377,3.7539224090464547
14378,3.2583243547544094
14379,2.640938270425311
14380,2.9451888241525634
14381,1.4950607469138442
14382,2.889051228690971
14383,4.149144583366409
14384,3.406573327092743
14385,1.0714099179643655
14386,4.677679737141015
14387,2.0107595608243107
14388,1.8678527947002275
14389,1.446659144615782
14390,2.322683461559236
14391,4.687480991413588
14392,2.6047135962765737
14393,1.0142548980797725
14394,3.6105899148520115
14395,3.7135713279744587
14396,3.062401298008669
14397,4.325802009902036
14398,1.8521298286207801
14399,1.1703512993875527
14400,2.5039751414435343
14401,3.2156842233595375
14402,3.498554622766161
14403,3.7714036422124426
14404,3.871358743238136
14405,2.448846709845933
14406,3.352780512731821
14407,3.6787730613977403
14408,2.5071762066031877
14409,3.347369691409756
14410,1.344857846094746
14411,1.9205881386417545
14412,1.2442866459209556
14413,3.952223975770702
14414,2.407599306577244
14415,2.075159777262405
14416,1.2986618684199933
14417,3.054631499926578
14418,4.676330661723441
14419,3.108144692100459
14420,1.854228411476205
14421,2.687845368608664
14422,4.30335177136214
14423,3.1218036394516777
14424,2.346244710727683
14425,2.703220362201604
14426,3.677762444382534
14427,1.2698040703929947
14428,3.3621603108777887
14429,3.1548878802888383
14430,4.7672327098232286
14431,3.9036792824631297
14432,3.6997382901593987
14433,4.321479094860237
14434,4.8502053763303525
14435,4.561643396750631
14436,4.1788339825385545
14437,3.1461677243286625
14438,2.2761977255096753
14439,4.654007750343428
14440,2.6356879696544224
14441,4.43090161852275
14442,3.7291891411382734
14443,1.803542530140767
14444,3.299726634774369
14445,3.421113303963749
14446,3.885583517275154
14447,3.9233351301782204
14448,3.9560108909505574
14449,1.8096889431973548
14450,1.258126267624173
14451,1.9421759834634358
14452,4.679805262901142
14453,1.5628847341262384
14454,4.8016186916682955
14455,3.095435653569506
14456,4.836550759223904
14457,1.7161773905200857
14458,3.544673629589194
14459,1.68445656813735
14460,1.847019302049401
14461,2.8011307325235686
14462,3.656839367725211
14463,2.9145629131556223
14464,3.697850085175053
14465,2.9276934690016283
14466,3.763813132296547
14467,4.092792248489038
14468,2.3335226647445393
14469,4.007703036026951
14470,3.6573754570347305
14471,3.591311458163897
14472,3.961571629810902
14473,1.0267139088743442
14474,2.045743134160958
14475,4.301607311618474
14476,4.207443375578547
14477,2.834785675327546
14478,2.3821660692501925
14479,1.0610514798004185
14480,3.318940246243951
14481,2.0556016363119602
14482,3.014541729182264
14483,2.50494187509451
14484,3.657513367006592
14485,3.019355049858745
14486,4.532566711001578
14487,2.208390658665572
14488,3.536655643592793
14489,4.524248631470271
14490,4.277281350656925
14491,2.170443988669712
14492,3.522209072025483
14493,1.452094104656854
14494,2.759303689116645
14495,1.5507246270767774
14496,3.7689325575205794
14497,1.7287436261679652
14498,4.5597329050075155
14499,4.803408473179468
14500,2.220411136616716
14501,1.801111685217426
14502,1.7027265621132015
14503,3.055619644889416
14504,4.431576685843645
14505,1.410624733474434
14506,3.182923496892383
14507,3.9192183472788042
14508,2.6865781482024604
14509,3.6847194119218214
14510,4.680748274777368
14511,3.1384928559436167
14512,3.075998597420453
14513,3.2429165115722394
14514,2.358920370603114
14515,1.2125057348915362
14516,4.119027483520961
14517,1.5652542777457277
14518,4.1644642904095
14519,3.201097031473238
14520,3.2431792274513565
14521,1.9468104425618327
14522,1.9380220044789644
14523,2.0416013604050427
14524,2.105614249604353
14525,2.147106975506029
14526,4.645972024252135
14527,3.1044580058176505
14528,1.6585498782586239
14529,2.8158990859084514
14530,1.3222929028236106
14531,1.7017699932542887
14532,1.0413327262154723
14533,4.482508961631073
14534,2.500265854079512
14535,2.1912864275912085
14536,1.0851037058225925
14537,2.365836003244956
14538,3.2650696769636394
14539,2.552799508016625
14540,4.2785868587269835
14541,3.1242050545664317
14542,4.494801420259343
14543,1.1559426481758623
14544,3.4874141817965554
14545,4.42075107493366
14546,2.468640059563022
14547,2.1455312780212874
14548,2.7109670036078968
14549,3.8424937108339816
14550,4.3883173535802005
14551,1.5410424270484913
14552,3.7465938071976654
14553,3.9843586324022233
14554,2.690516639434129
14555,1.4822342795680097
14556,2.56702997659926
14557,4.40407976094203
14558,4.756172336946246
14559,1.960383567416332
14560,1.517609799446078
14561,3.2422180325086543
14562,4.115657765958776
14563,4.2778517712702895
14564,3.243333933145283
14565,3.126909171829165
14566,2.483917133370114
14567,1.9232050464027557
14568,3.8177737415549657
14569,4.124029629532403
14570,1.315693007807858
14571,2.4202727122488543
14572,2.266340149064237
14573,3.2177027178788538
14574,4.611431791862554
14575,4.2038804579863305
14576,4.8224755158108366
14577,2.489661679459006
14578,4.213070382715859
14579,2.845525746247798
14580,3.6738934858087426
14581,4.243587362202318
14582,1.5424933984371392
14583,1.160477310317408
14584,1.4952013519544343
14585,2.1125143256156202
14586,4.304638881988691
14587,1.9208209221875494
14588,4.819362444374146
14589,2.67128720617841
14590,1.0169269814420265
14591,2.1273364812249547
14592,1.7169948344989958
14593,1.3754666976743737
14594,4.647135869554195
14595,3.3890826258116498
14596,2.783072634778019
14597,1.2809663447863957
14598,3.569187662387853
14599,2.5757597003896056
14600,3.5743519220379287
14601,3.565384536318755
14602,2.7581887997828516
14603,4.021541281139629
14604,1.5367480842582193
14605,1.9056747460661598
14606,1.1014695071482805
14607,1.5111366676149456
14608,3.4977711365405018
14609,4.994047941049988
14610,2.6279206821028627
14611,2.635482833666939
14612,2.2227625011889893
14613,3.167127264625446
14614,2.9469923392291557
14615,2.5769631777893953
14616,4.4617075495607725
14617,2.4748063337760504
14618,4.27920459504326
14619,1.8106770506793208
14620,2.2474014802442954
14621,3.020040036126376
14622,4.121061123417129
14623,4.814852932227639
14624,4.561176119403632
14625,4.159807543328963
14626,3.7420626150862417
14627,2.3579359677276095
14628,4.256537791163327
14629,4.181431648164984
14630,4.304628788667584
14631,1.1552405069840828
14632,1.392268264260471
14633,1.894455552883294
14634,2.915900411555422
14635,1.805884105694827
14636,1.0308675217639185
14637,1.4391571713733406
14638,4.303475305238489
14639,1.7542426428406444
14640,3.0873490370907124
14641,4.786938018630573
14642,3.7798991593165243
14643,4.299011845493136
14644,1.207144613685979
14645,4.432445011886044
14646,1.1834567725177827
14647,4.770645927764926
14648,1.5809975544109935
14649,4.263895008944759
14650,2.0697989921587245
14651,2.004021756357534
14652,1.600206313002431
14653,2.4492125319533677
14654,2.698976858411314
14655,2.215327249751148
14656,3.8260093393090493
14657,2.5910890128211626
14658,4.229281822472037
14659,1.1116541199068082
14660,3.928658705203324
14661,4.736390875476047
14662,2.7664608629058005
14663,2.5709597917675193
14664,3.0093717682569667
14665,1.8054679525563175
14666,4.102918495429332
14667,1.4399195311305935
14668,2.613971385467722
14669,2.755815858571075
14670,4.85659632173314
14671,2.1279738206778567
14672,3.6395527857089025
14673,2.7930560206903805
14674,2.3302771646426743
14675,1.6134295437609123
14676,3.5397477207397596
14677,3.6927152001428722
14678,4.818023581530554
14679,2.2114579150797655
14680,3.080514278372349
14681,1.5269713457524827
14682,3.9768053262101066
14683,2.55306619589014
14684,1.0714588009492387
14685,4.844426081488318
14686,1.7536722911108371
14687,4.394268266775563
14688,2.6240212818667117
14689,1.1878734013950831
14690,4.854600977228424
14691,2.827455164646579
14692,2.6255557387975776
14693,2.1619410228137137
14694,3.6683167057745565
14695,4.762191576052307
14696,2.8367361459678087
14697,2.255867278100553
14698,4.161528201118192
14699,2.6967917507737127
14700,2.4703340069301682
14701,3.3054806110067205
14702,1.0290707411272368
14703,4.628272721179625
14704,1.8002447021191692
14705,3.2850793138544363
14706,1.5583608527950679
14707,2.7178577531557546
14708,1.915702125202794
14709,3.6664829781386694
14710,3.850889480327441
14711,4.004665101392195
14712,1.1152925513333631
14713,4.6981169789605595
14714,2.832286255080367
14715,2.953672955252272
14716,4.186667697157024
14717,3.574465931485003
14718,4.069953947815826
14719,3.563487493879289
14720,3.39495825400817
14721,3.53813568533388
14722,1.2952964911706255
14723,2.9625866342492904
14724,4.518305666788903
14725,1.9375021711833669
14726,4.745080096748794
14727,1.183025840642752
14728,1.412923326573217
14729,1.1725861961202964
14730,3.6787918343028583
14731,3.3787207530705667
14732,3.619074730170514
14733,2.012018818903431
14734,2.991471094020303
14735,2.416983827922377
14736,1.6460062755927485
14737,1.6121883552070555
14738,3.5608947455705997
14739,1.3857859484739867
14740,3.9418453519787784
14741,2.0423974675715346
14742,4.04309015437838
14743,4.148656817268265
14744,1.6096249557738167
14745,2.3637622924582837
14746,3.4447780214796238
14747,1.4970693039772196
14748,2.40085318740528
14749,4.589268443719462
14750,3.0403739648944206
14751,1.4052579685172923
14752,1.9492565963378858
14753,3.717357648364727
14754,3.6464758829253148
14755,4.246866371514953
14756,4.684512395473629
14757,2.392047458616433
14758,2.5326185412242848
14759,2.308010534259062
14760,1.4388105742963866
14761,3.0765429989396567
14762,2.70203792035476
14763,3.3723870494250927
14764,3.0618624499154157
14765,1.699349717566983
14766,1.1460503962120558
14767,2.2607927929166647
14768,1.1533624734788566
14769,2.6564344672706297
14770,4.984239450572673
14771,1.4295172540897672
14772,4.018609755676739
14773,3.10145491503053
14774,3.422154012687095
14775,2.3140132423828295
14776,1.889756475924926
14777,3.585199556795741
14778,2.5159133716004014
14779,2.1982855119188347
14780,1.522514342216481
14781,3.677038537561459
14782,1.3188367383594493
14783,2.649893015845448
14784,2.307684878713314
14785,1.768440039648532
14786,3.2201741260573313
14787,2.11486285063121
14788,3.655159952352902
14789,3.8795533496473706
14790,4.948050319410397
14791,1.7958297257967764
14792,2.6597240485741667
14793,4.834483077720369
14794,2.870224193525922
14795,1.27719775968971
14796,2.6446881551081085
14797,4.017689196716809
14798,1.6460549386589927
14799,3.906534938375344
14800,4.20845245685771
14801,3.105237346611913
14802,1.866961108919487
14803,4.333399491432514
14804,3.9064567142719606
14805,2.858347960844961
14806,3.7635724723369295
14807,3.3082497285484145
14808,3.0812958825151218
14809,4.769809476791188
14810,3.871374916745886
14811,4.862086375153637
14812,3.5905610382773183
14813,1.2283660990321916
14814,3.206976066242037
14815,1.2336080850784432
14816,3.3832971311020468
14817,2.8540459184107494
14818,1.7118320404878524
14819,4.921294694179546
14820,3.7522505847239374
14821,1.0065045235867265
14822,1.4534338041263064
14823,4.416101155864755
14824,2.066819415496487
14825,1.1184847167514467
14826,2.1329724375649315
14827,2.120369050274775
14828,4.712476478464033
14829,1.170289825378667
14830,3.1844411011556577
14831,3.554586359235091
14832,4.150933828842929
14833,1.712581242664148
14834,1.6817288547341551
14835,1.738293669096446
14836,1.6203253412993246
14837,3.0689371601860773
14838,3.7467420711194412
14839,2.0724519344178867
14840,4.6616236833285605
14841,3.2556405039377965
14842,4.546191311747746
14843,3.348768971441832
14844,2.75924961767541
14845,2.1403472126639396
14846,1.7497965765477903
14847,4.961689026067722
14848,4.752414126768857
14849,1.794751292170317
14850,2.4504636505431256
14851,3.9250410595924174
14852,2.311759426920861
14853,4.646183496008742
14854,3.8192684467699536
14855,1.1262976837461176
14856,4.339422709024287
14857,2.4381088835054086
14858,4.508545589896242
14859,4.631803070849674
14860,3.450457261061128
14861,1.1776568215371417
14862,1.821910412561388
14863,3.3975933402150362
14864,4.896917543011945
14865,4.2179802955995624
14866,3.9610699174128574
14867,4.637704199045393
14868,1.2496637636097137
14869,4.156767803156546
14870,1.9950796066404632
14871,1.8164227469532692
14872,1.0708821458225333
14873,3.1412809009042655
14874,1.6882491510394084
14875,3.559801005626226
14876,2.556823166248205
14877,1.0586589469230234
14878,3.416084981966502
14879,3.665778105240917
14880,2.5016044080503343
14881,4.04898557961037
14882,1.280896741710388
14883,3.4023126269958843
14884,2.7070364920241667
14885,2.4665751548664674
14886,2.7448462481204836
14887,1.6234329822904034
14888,4.338239585675007
14889,3.3713112027886227
14890,4.1161082344760995
14891,4.239818798776046
14892,4.2925937208375995
14893,2.14411678770237
14894,1.3710083644649136
14895,2.242871921219333
14896,4.665342246984684
14897,1.15573243009927
14898,3.354551058802321
14899,1.735622432879588
14900,1.5855837441160432
14901,4.80130013129015
14902,2.9166172985589522
14903,3.7148534331431526
14904,2.3654146578539503
14905,2.6657056825762173
14906,2.218160813971749
14907,3.8384071969241362
14908,4.518990172425482
14909,1.6675745933332244
14910,4.6439635971393916
14911,1.0733097414329
14912,2.8377364808433785
14913,2.673953267263831
14914,1.6610499604512445
14915,4.137092466375437
14916,4.897613413146172
14917,2.684436123025064
14918,2.07899707395491
14919,4.505118235091725
14920,2.6202449893925115
14921,1.2508837154075487
14922,1.1284242508895965
14923,2.4901567167132
14924,1.3088483677269922
14925,2.915967119670501
14926,2.5168965876306895
14927,1.3622820950250394
14928,2.163199041762584
14929,1.878050525631466
14930,1.9927396998238085
14931,2.5390600668027385
14932,1.85701709469111
14933,1.9430896311147925
14934,1.1332029754759434
14935,4.992942536605751
14936,1.212626753300059
14937,1.4865560520102128
14938,2.402591802525321
14939,3.635263381179714
14940,2.6303822105074257
14941,3.8757844951274962
14942,4.8476077388968095
14943,2.429885247243796
14944,1.7491427191369384
14945,2.735770496745331
14946,1.319690911741621
14947,2.0884666942464576
14948,3.9503024670827043
14949,4.3593984152436445
14950,2.2350317107404485
14951,3.9427702847253077
14952,2.792762162573673
14953,3.3039960401736694
14954,4.61211607311647
14955,4.148640725693161
14956,2.357490053900949
14957,1.249995162231536
14958,1.4513153586593202
14959,1.1404985524468123
14960,3.3896296972626057
14961,2.556955075790931
14962,1.0409269014456455
14963,4.67924995873803
14964,3.042746649842046
14965,2.454338455917813
14966,1.4725118156514712
14967,4.422591756191578
14968,1.0612528110011064
14969,2.447487111589429
14970,1.369888019828983
14971,4.064962961536462
14972,4.348701447760116
14973,3.224378373843425
14974,1.24116972744851
14975,1.1397105966931385
14976,2.7735176186185626
14977,4.725619302151703
14978,4.092542641479472
14979,2.9514783815136636
14980,2.7270183936476817
14981,1.7116744401552877
14982,1.1394430742668504
14983,1.0683251309087232
14984,4.212448247010688
14985,2.9691339797272085
14986,4.903925593061255
14987,1.8009954999589532
14988,1.9849143940208163
14989,4.232065322205479
14990,2.8186375297341657
14991,4.815336115545944
14992,4.122164437462196
14993,2.47794727163339
14994,4.950934252266421
14995,2.2180642469575327
14996,1.5158557326023265
14997,4.8523279019371035
14998,3.74368530705334
14999,3.701871960129002
15000,1.3923097394230757
15001,3.6081046164666613
15002,3.195921550013272
15003,3.362954050120134
15004,2.7272728796520935
15005,3.467298299590486
15006,4.659559548325506
15007,3.1624322631226063
15008,1.3078605446808007
15009,3.7797127591766793
15010,3.6770599823780934
15011,4.268063620494698
15012,3.968337195437655
15013,2.684547538012676
15014,4.0009433370883265
15015,4.800858173556692
15016,4.977330265398681
15017,2.433008945389622
15018,4.649266645202377
15019,3.6245176322683865
15020,1.3418954716154246
15021,3.365676520092885
15022,4.337569372696282
15023,2.747336311801895
15024,4.493112589773404
15025,2.7914757428655914
15026,1.3142474350773332
15027,1.9245005233618757
15028,3.3969403449487245
15029,3.9694237401660506
15030,4.1438527970683285
15031,3.3896687067061997
15032,4.922355352654453
15033,1.1539777620020395
15034,2.088845538085554
15035,2.2433604171643005
15036,1.532095977623937
15037,1.7357782775792012
15038,1.9581762276819412
15039,3.880144649748844
15040,2.957035858649288
15041,3.1354188145161834
15042,2.4583573544405795
15043,3.6460430601750473
15044,3.3437031678706544
15045,2.0440354802130525
15046,3.947522150300934
15047,4.631636674132141
15048,4.990298552254075
15049,4.157561859627668
15050,3.157627525588495
15051,2.9083355595934957
15052,4.9685575437368374
15053,1.9606018989403307
15054,4.552160787287721
15055,2.9168277737138335
15056,2.085865179103197
15057,1.7223734997427353
15058,3.241070563475237
15059,3.344956242478579
15060,1.9506211457700555
15061,3.619841604550902
15062,4.836319924168789
15063,1.5852725639241667
15064,1.8203318312242835
15065,2.651139883390158
15066,2.25633936972343
15067,4.068366991147053
15068,4.687061811758197
15069,4.7568517757034545
15070,3.672798056395838
15071,3.719294927350887
15072,2.176377621979246
15073,2.2768697437322603
15074,1.9182053332977058
15075,4.366869981916844
15076,2.7186724864973253
15077,3.8872289076047655
15078,2.0874634062235433
15079,1.3522951127700091
15080,4.656802294564763
15081,2.7183983536301293
15082,2.687653313340083
15083,2.761615822966889
15084,4.301621833944554
15085,3.587694296435368
15086,4.447493448039953
15087,2.7635043560413064
15088,3.058796292788793
15089,4.247011559622274
15090,3.2340387142136486
15091,4.383617696173443
15092,2.9758600523109675
15093,1.716586385900209
15094,2.3829627084838165
15095,3.352853330917179
15096,3.407743130402606
15097,4.869115535997105
15098,3.5955530738278867
15099,3.566374670785267
15100,1.2931209726132025
15101,4.5552197819012825
15102,2.446747462046361
15103,4.908826703095231
15104,2.28791185870839
15105,2.3772060821810213
15106,4.26293425137068
15107,1.7175162859452167
15108,1.5140561552155907
15109,4.872253952132461
15110,2.5768035845133905
15111,4.105630969257072
15112,4.802362367298816
15113,4.334199813322836
15114,2.5341147775335195
15115,2.4204551989864402
15116,3.8482824403473477
15117,3.3058165390984087
15118,1.4702660744676024
15119,4.517769369126665
15120,4.525225326789148
15121,2.4420259481974615
15122,3.478169650928529
15123,4.883171160851164
15124,4.237116796195109
15125,2.783746782473963
15126,1.84514983805283
15127,2.2126881134602105
15128,2.0846696202311814
15129,2.2431229402705637
15130,3.1634671967466264
15131,3.339434182488339
15132,1.1704723251947082
15133,1.1156083169759614
15134,3.4411114644510916
15135,3.4799104139409094
15136,1.6978517285620343
15137,1.8698454653922156
15138,2.5398142081346387
15139,2.322446067864746
15140,3.1438492534196953
15141,1.177629779978914
15142,1.8512368861675252
15143,1.6294564356303551
15144,2.2959795339666726
15145,2.920219268207791
15146,1.6530040871392617
15147,4.397087067195081
15148,3.375939520769954
15149,4.94945878209226
15150,4.915839206648743
15151,3.9659323332911853
15152,2.732995948861558
15153,1.2843234628585742
15154,4.156955710848379
15155,2.8149396639030106
15156,2.192225400019965
15157,2.543759662563604
15158,4.75073814388584
15159,3.6887690484919307
15160,4.993706132019147
15161,1.7265343869560787
15162,3.1822804010689403
15163,4.971475751657794
15164,1.6357962325707232
15165,1.3665059907755461
15166,4.753171193919947
15167,4.757591423359598
15168,1.2099181642646593
15169,1.790557342167412
15170,3.4794210685324707
15171,4.339063941246659
15172,3.7082176776258615
15173,3.7329405872210666
15174,3.8301851165870184
15175,3.2584321443797424
15176,1.2307885864507409
15177,4.156568023164506
15178,2.757739658877506
15179,1.7179774927721239
15180,4.976153441267881
15181,2.6506479463953605
15182,4.7843123635293585
15183,2.9332497610572448
15184,1.5587449757935143
15185,2.8752235378313284
15186,2.8964388996454566
15187,1.3112501099020135
15188,3.4540010197558932
15189,3.892507619130614
15190,2.8714184188088154
15191,4.920149890207789
15192,4.218244767975145
15193,3.736467448475347
15194,1.8238559218361634
15195,1.0686335886858984
15196,1.875929868034457
15197,4.494093657372048
15198,4.1254380868558505
15199,3.568995117129695
15200,4.3814214181526445
15201,1.9247073941859894
15202,1.0721706873255967
15203,4.092386754779682
15204,4.3406445373795
15205,1.7737630275663792
15206,1.4730976799501065
15207,3.6284291870679612
15208,2.9507917379587925
15209,3.906659245050682
15210,3.31408895832431
15211,2.496621205556974
15212,1.3811388273238618
15213,1.228773577264171
15214,4.694752939486252
15215,1.0821799939916215
15216,2.539604332109261
15217,3.548922866668438
15218,4.816164501052381
15219,2.134875268340105
15220,3.439245741780703
15221,4.918486289128651
15222,3.0464961127801984
15223,2.960809273096684
15224,2.9397097900157867
15225,3.158102680609098
15226,4.374459100090803
15227,4.5681174739450325
15228,2.28676943610573
15229,1.4665025159750584
15230,3.471802983726886
15231,3.0728576559774288
15232,1.454709093368165
15233,4.877304060088003
15234,4.394088890199478
15235,2.7457671147042424
15236,3.8132099914564876
15237,4.76529686625532
15238,1.2968912044198864
15239,4.003418683920175
15240,2.0870355177026405
15241,3.253985449015088
15242,2.1020534856959934
15243,1.2141149443565409
15244,2.0517719673447408
15245,2.573947775625042
15246,4.291350828529778
15247,2.785299398074003
15248,2.947103426656467
15249,3.0942082789187206
15250,4.472399685676098
15251,4.384144941318361
15252,3.710784663197041
15253,3.722452181960465
15254,3.1304800168919398
15255,3.2792974617486887
15256,4.633855307312158
15257,3.6379939731219
15258,1.9360467722950903
15259,4.296328093351424
15260,1.9585599104653002
15261,2.764720197219331
15262,3.3439229404724142
15263,1.4729399844942574
15264,2.8704319338742663
15265,4.718724892271474
15266,1.6005856513830694
15267,3.0420980287072896
15268,3.2657045118595307
15269,3.4371547570358554
15270,2.7461999275245685
15271,3.38224132894621
15272,3.433584943987884
15273,4.816878514706114
15274,3.1657679037043076
15275,1.6884875493808122
15276,1.3824752959091215
15277,2.7126250152206355
15278,3.584976455794399
15279,3.168183994576077
15280,3.944715819014753
15281,1.853523125014914
15282,2.440237082108526
15283,3.379185532916883
15284,2.2347353740160116
15285,4.3232898454523285
15286,4.307754336964669
15287,1.1685619836256693
15288,1.3413889166980817
15289,1.176659464596768
15290,3.5310097976935393
15291,1.1313001229153503
15292,4.119498689539845
15293,1.8844804563369646
15294,4.019224125231332
15295,2.8542991307697503
15296,4.9776426426866465
15297,3.695060332746426
15298,2.6403034613184606
15299,2.8756586169700453
15300,1.380750573395908
15301,1.8986627298308445
15302,4.6062537599433835
15303,2.6464687613700524
15304,1.5748325046271154
15305,2.5610432366836675
15306,1.0475955936009589
15307,3.829325064498497
15308,4.686863416322799
15309,3.546995827736274
15310,4.579519091894957
15311,1.3278047374052715
15312,2.38975473860931
15313,2.2438625556015324
15314,2.1153958124963546
15315,4.902345495471234
15316,3.3447803921571433
15317,3.768207012967827
15318,4.020911804387665
15319,2.361225324656465
15320,1.9083582179605774
15321,4.760709453566235
15322,1.898395966349041
15323,2.898351056942783
15324,1.6878736529616027
15325,4.800650024225222
15326,1.9425235330677704
15327,4.266798310532677
15328,3.265507483105071
15329,1.2521917637327498
15330,1.0908021163605617
15331,1.58506400408799
15332,3.3763555338004383
15333,4.481829447759821
15334,2.6388919894679708
15335,4.446229233386422
15336,2.7920200374837987
15337,4.002308473583243
15338,3.614162974543453
15339,1.1246616374246692
15340,1.567870726904888
15341,1.2059249814905817
15342,3.900561306064622
15343,2.5305022676602555
15344,4.70201699786341
15345,4.392450774639206
15346,4.931374422068518
15347,4.7203554750695735
15348,1.933148815122225
15349,4.096278242409651
15350,4.533115749780457
15351,4.3595132736513555
15352,4.67645909584415
15353,1.2813400911268715
15354,2.0368617586398345
15355,2.5786022153706813
15356,3.5801288133163083
15357,4.078194911472422
15358,3.422888986812687
15359,2.649099551881384
15360,1.010745895569364
15361,4.137978458733057
15362,2.5601029389809784
15363,3.79415253073553
15364,3.6111528713092973
15365,1.1906739455643822
15366,1.8071245134981835
15367,1.3363466661999364
15368,4.821824505299487
15369,4.169118813294812
15370,3.604760527694473
15371,4.810686067883291
15372,4.516756154149293
15373,2.6582191268944717
15374,3.5080633280459854
15375,4.518643027070619
15376,4.011329115972854
15377,4.157651463429103
15378,4.652262137477386
15379,1.8059928467738153
15380,1.8110508736749766
15381,3.382676150688807
15382,3.8131273235621337
15383,4.517218652746587
15384,4.724618333452989
15385,1.0189383028323347
15386,4.5884890809140675
15387,4.211549243252422
15388,3.603401060203256
15389,1.335903212148736
15390,2.2562156293773152
15391,2.7387688718738175
15392,1.124583173369445
15393,2.452730247350828
15394,4.345816319005381
15395,3.3838977768509317
15396,1.6117408375202298
15397,3.3176146933062727
15398,1.6300555447238287
15399,4.959333755580515
15400,3.7412029857817934
15401,1.5357027043032816
15402,4.215395294253445
15403,3.1960951282018084
15404,3.3409545273896466
15405,2.722029367976602
15406,2.7084553612081046
15407,1.0634463154986658
15408,3.8398515076771713
15409,3.3529491781935072
15410,4.5432613326797675
15411,3.505369088915488
15412,4.275083921933701
15413,2.582769029163029
15414,2.867400342824564
15415,2.7304100634903743
15416,3.163917285483931
15417,3.6687567567034938
15418,2.9028679466194838
15419,2.8021563898087543
15420,3.1717190048476787
15421,2.071084194157544
15422,2.806267129653969
15423,4.264772497405573
15424,3.6979840700617714
15425,2.813931055484028
15426,3.281049078026817
15427,4.562832238470364
15428,2.7918615722111486
15429,2.1239846944697454
15430,2.507581578082706
15431,3.5206093150213857
15432,3.602205835053302
15433,1.6674522606243665
15434,1.4071463439590692
15435,1.533767015529944
15436,3.060980979130382
15437,1.6845149789465763
15438,4.870211990498323
15439,2.041793511249781
15440,1.4035459930936338
15441,2.3792627600403877
15442,2.1424917259904612
15443,2.4374581984984207
15444,2.7490613085748663
15445,3.0840267101077696
15446,4.207379707230054
15447,2.55844103648405
15448,4.852452427573675
15449,4.069318278578962
15450,1.0792714706907494
15451,4.821587077745386
15452,4.833411331105251
15453,2.1641687362008137
15454,4.4239596766686375
15455,4.629376589433988
15456,2.400557244301228
15457,4.01156663083102
15458,1.9922466703174209
15459,3.6430161016435396
15460,3.145813042477096
15461,3.053546242834455
15462,4.393490409341961
15463,1.2025375924322756
15464,4.135651333480075
15465,3.131837479345536
15466,4.340890506263179
15467,3.576339744995527
15468,2.195927933293509
15469,3.128736002320046
15470,1.4776996209679862
15471,3.9826561657434674
15472,3.6685453962980428
15473,3.3532694944121797
15474,1.4575541012801314
15475,1.9567946932520557
15476,2.6044352280130876
15477,4.7936241959644965
15478,4.211405140320251
15479,3.317478305364513
15480,1.5871981727839697
15481,2.8931980495942917
15482,2.1803450361746783
15483,4.585229501065744
15484,2.0264084342763606
15485,3.9768120255327
15486,2.5206373635989108
15487,1.7413140552901516
15488,2.430227565801001
15489,3.6694351274232027
15490,1.7235117432620792
15491,2.9948300429044297
15492,4.530724941267413
15493,1.5923293422603875
15494,2.8012013997375327
15495,2.8596705894878074
15496,2.967115101607749
15497,1.284595396324864
15498,3.358733404768836
15499,1.5552260258471011
15500,4.433051402191366
15501,2.908311247218456
15502,2.8647405759961475
15503,4.180507385483049
15504,1.6768526145398566
15505,2.5262406242741573
15506,3.156010987312055
15507,4.886284978574759
15508,4.6079857611510455
15509,3.304814064659419
15510,1.1707494540080052
15511,2.262560914562104
15512,2.09541825021804
15513,3.8631147209882597
15514,1.476213637684976
15515,4.8336278440478475
15516,2.246203661509486
15517,3.883066225570208
15518,2.775085261533748
15519,3.6673238634959007
15520,3.8379462043261072
15521,4.339269208053061
15522,1.7636564369872367
15523,2.6195032199111594
15524,2.8700240327389115
15525,2.126050356765269
15526,2.7609842933544173
15527,2.751929191766262
15528,4.913782438165491
15529,2.711591654577017
15530,3.0861464206721427
15531,1.8055922409892196
15532,4.3787032380915605
15533,1.8073061349469142
15534,2.215049370856993
15535,1.270499192759254
15536,1.8031555700401465
15537,1.8612480266415887
15538,1.2323888876579159
15539,4.402771730322746
15540,3.263910193517794
15541,3.3632810833285625
15542,3.1483811307098972
15543,3.6201695501206097
15544,3.0647841141348726
15545,2.397783211285331
15546,4.39998577394856
15547,3.5949005507576857
15548,1.6599444710512077
15549,4.446770426036276
15550,4.684930906530937
15551,1.3067759693692267
15552,2.3327652049911163
15553,1.3350186955121974
15554,3.2631393416301098
15555,3.951573758766316
15556,1.9508344743201844
15557,1.6324121621723116
15558,2.5246840492045046
15559,1.1431789038522813
15560,3.5807387022630257
15561,1.41345177123811
15562,4.451552961827328
15563,2.9608881398310243
15564,3.1770762414471045
15565,1.1516176907846778
15566,3.4916514270479806
15567,4.7801907378954684
15568,3.3229455291854393
15569,1.4123231258536788
15570,3.084201103625849
15571,2.413058920673102
15572,3.511413086329224
15573,2.2542347580187148
15574,3.9876322375601703
15575,2.715844244635084
15576,4.423060915514192
15577,4.100920035949041
15578,3.900159493654459
15579,1.0392349907739016
15580,3.498807951517997
15581,3.856886396594726
15582,2.640662598993409
15583,1.3054088079534814
15584,1.3432375014509486
15585,2.6160467695765353
15586,4.631095085971517
15587,3.082194945722274
15588,4.0996777637290505
15589,2.7506838146589936
15590,1.0855301571850084
15591,2.5691160599250007
15592,1.759160350916071
15593,4.806119449513549
15594,1.3242735491723936
15595,3.3149180739424544
15596,3.2711192074383817
15597,1.7415937765485596
15598,3.4172232095610107
15599,1.90601450114149
15600,4.356807236764815
15601,2.1493105724765176
15602,2.2083729091582054
15603,2.941976556594271
15604,2.7372888517187524
15605,4.470925523486224
15606,3.7603154670321026
15607,2.7604830834557723
15608,4.532331188017201
15609,3.1775485880937473
15610,3.011032828032497
15611,4.297497919537267
15612,4.960740294679113
15613,3.8545519814595175
15614,3.1010609341476476
15615,2.699161841395509
15616,3.369502827596766
15617,2.768053414836101
15618,2.047212415270724
15619,4.563605109567419
15620,2.7303003388762286
15621,1.4599345330332802
15622,4.634942161395365
15623,3.9784100573434453
15624,4.704682451463793
15625,1.3252949189674745
15626,3.1281799473232192
15627,2.5176734270237495
15628,2.761320455821565
15629,1.3509952900266375
15630,3.2880762154658663
15631,2.867416961408154
15632,1.9049361449344722
15633,4.005181446818859
15634,4.283030937996355
15635,3.613898324909972
15636,1.8868356936126167
15637,3.062426297694108
15638,1.7513490858690361
15639,4.945264005328212
15640,2.1562305870556857
15641,3.1882982337534753
15642,2.1675909062696093
15643,1.7815931927639768
15644,4.027888046177789
15645,4.368011784275716
15646,2.944047448486774
15647,4.6754879605684145
15648,2.8629493752860244
15649,4.537457460673426
15650,4.512486738723503
15651,1.842049814496133
15652,2.9500341284627067
15653,3.9141645604586905
15654,4.142832288584423
15655,3.8606425668225914
15656,3.65948514129331
15657,2.871897688696427
15658,2.7103806077169135
15659,2.1162274137851833
15660,4.868485532822481
15661,2.1240716341793133
15662,3.326960359509603
15663,3.3250085604991177
15664,2.394378082208668
15665,3.047506995445506
15666,4.982796275910978
15667,3.365410720804533
15668,1.6809718410846002
15669,2.213813664085884
15670,4.089934515835098
15671,3.9688748969917893
15672,3.0419611775696356
15673,1.1122611063226286
15674,2.4171238760255327
15675,3.690352229469978
15676,2.540878978171888
15677,3.7849390519101984
15678,1.3397189883827614
15679,2.996041948008565
15680,3.991442136022268
15681,2.644938882423477
15682,3.8464355835120028
15683,3.255687049581797
15684,1.3403286653031565
15685,2.0323372924192538
15686,3.066236908469063
15687,1.5264030637298074
15688,4.94212749272797
15689,4.657227695530581
15690,1.781671408797143
15691,3.7379104122779387
15692,4.130823049999156
15693,1.8372705733377392
15694,4.962347794545652
15695,2.111793310976141
15696,1.8689416054506691
15697,1.5376375495896317
15698,4.900508214302633
15699,1.9942498209398511
15700,2.146438962556853
15701,4.61627379384927
15702,4.17752127503876
15703,4.267260277201148
15704,3.3567683288377466
15705,4.178301696032313
15706,4.286623467966217
15707,4.081311869793783
15708,1.9225137084999147
15709,4.033875763249985
15710,4.225373128851136
15711,4.2650137604735665
15712,1.717253552497764
15713,4.283158910395752
15714,4.849585960041378
15715,4.163718549099941
15716,2.9446533214040107
15717,3.815319206723027
15718,2.374551671865088
15719,2.8977690491479966
15720,4.572366310677886
15721,2.9685996683963913
15722,3.125959469013381
15723,3.840230929962974
15724,2.698561965062163
15725,2.8878925257326435
15726,3.672805060187176
15727,2.317846044776873
15728,1.593989968916297
15729,2.758052243350137
15730,2.630236750824389
15731,2.53351138199545
15732,3.2015495391126425
15733,1.9282280025583751
15734,1.4532062960446748
15735,4.304897374716317
15736,3.587154834294387
15737,2.172212614204465
15738,1.499003612859843
15739,1.5890015936779185
15740,2.4269276865945475
15741,3.750356963575187
15742,2.267477877842603
15743,4.081252851541402
15744,4.354360079681242
15745,3.5741271457209596
15746,1.5582595084067257
15747,2.0863054561958854
15748,4.2925016962577525
15749,3.591854025086715
15750,1.8016208595317829
15751,4.819077859099799
15752,4.552258716056041
15753,4.544902149313064
15754,2.776216442621684
15755,2.5262455657666836
15756,1.3480033902341315
15757,2.233722950011786
15758,4.591478409062184
15759,2.3216374855262707
15760,1.7086586773679908
15761,1.0574766960277886
15762,3.8845696589289886
15763,3.5032339443452223
15764,1.668753047176585
15765,2.517356857060512
15766,3.680813343282369
15767,2.57133719662958
15768,2.5863864439156674
15769,2.030354997488543
15770,2.5346688466372274
15771,2.8689236139926653
15772,1.1041835381790515
15773,3.04649295245614
15774,4.047529344521473
15775,2.72146393834694
15776,2.198411851821068
15777,1.6890132517571455
15778,2.7260449473554473
15779,4.143785686831178
15780,2.1893904631958336
15781,4.49078679939192
15782,1.8095086901428616
15783,2.853303968668307
15784,2.8833922040409385
15785,2.1436687598469897
15786,4.482750544221245
15787,1.0381895999368917
15788,1.660711761863852
15789,4.803756945501508
15790,1.184691644263229
15791,1.7822300567403704
15792,3.399035741193314
15793,3.501865638661647
15794,3.2777840058577223
15795,4.3999550548876245
15796,1.1871434610304923
15797,2.6259539037413124
15798,3.750386543896003
15799,3.6873128007386478
15800,1.0211051196993246
15801,3.3374989561210064
15802,1.5590978580752317
15803,2.3759421243086707
15804,4.049522505588746
15805,4.804214619798026
15806,2.3094267913897215
15807,2.4017229282337174
15808,4.081940330339996
15809,3.2387855790939244
15810,4.1676193965373685
15811,1.0333313268536042
15812,2.033897521408202
15813,4.631057849410817
15814,1.6315498012460523
15815,2.8891480464634327
15816,2.3070349279646325
15817,4.413449843344267
15818,2.9079810398140107
15819,4.093315704464384
15820,3.061246307768053
15821,1.324853412181704
15822,4.597816641857861
15823,4.43496809521335
15824,4.958539402636867
15825,4.534145119548837
15826,4.3265331667095435
15827,1.316035076516628
15828,1.8916454007803924
15829,4.929714887457985
15830,1.3983246024959333
15831,2.0634081257326797
15832,2.1636177262774883
15833,4.844148802436689
15834,3.402903942547026
15835,2.076596156732068
15836,1.9433766756756707
15837,4.574177228257267
15838,3.484842332943462
15839,4.451106353042558
15840,3.4904988419336878
15841,4.391029223915643
15842,4.59833431061051
15843,1.3193169890564516
15844,1.7040648323323295
15845,2.0968933872283895
15846,2.873608671903679
15847,2.209696087792171
15848,3.901512618424581
15849,1.438929541460157
15850,1.4374779019091046
15851,2.7414884102370385
15852,3.455149600778248
15853,4.101992357114456
15854,1.9404784063687872
15855,3.2167001300401403
15856,3.6911859594712215
15857,3.435288750306869
15858,2.036315369499847
15859,2.7518532643165727
15860,3.7608182037858264
15861,2.2409864752161357
15862,2.5506110224236447
15863,2.232429677449967
15864,1.696890368930132
15865,2.0339323440824413
15866,1.5081984680597436
15867,3.6701897152579535
15868,1.5113623996460808
15869,1.7311199040417122
15870,1.0204133816335998
15871,1.5646816622971924
15872,2.663520447847517
15873,2.831067362173702
15874,3.868790385200135
15875,1.8119361211380314
15876,1.3412275635747117
15877,1.954053975056084
15878,2.0852224389231924
15879,1.531626270886921
15880,1.6670910197841744
15881,3.619493279595467
15882,4.128215424208773
15883,2.2391432881031417
15884,1.4427489755404377
15885,4.053791235634931
15886,2.6029987875047826
15887,1.3424569229354466
15888,4.860626721666776
15889,1.453997449274679
15890,3.208090401110976
15891,4.7424618816158475
15892,1.7733327553076967
15893,4.1496933659997355
15894,1.7140832541871336
15895,1.9169082083449296
15896,3.9998604739451586
15897,4.17212209449322
15898,2.4099553417680473
15899,1.7410708297412203
15900,2.577682704865585
15901,4.939026644675671
15902,2.242012679560331
15903,4.203488883054182
15904,1.037331009030618
15905,2.9416853684495967
15906,2.68066907276925
15907,4.958410757397363
15908,2.0380662666442673
15909,2.5875346082454866
15910,3.2761692735598236
15911,2.673743987104761
15912,1.7115166989223392
15913,3.477487422872985
15914,4.524359091073465
15915,2.487156203742893
15916,3.9888811387663123
15917,3.2597715338042836
15918,4.082640499324172
15919,3.314814534167007
15920,2.315464696309477
15921,3.935171069551757
15922,4.095106857086722
15923,3.0016658721579854
15924,1.8820495854487462
15925,1.8189266190923492
15926,3.4470010380195797
15927,3.8233824187222902
15928,2.6923118643115673
15929,3.853931183248688
15930,1.8288931685200764
15931,2.739611866691188
15932,1.6436263506579607
15933,4.950310012900106
15934,4.62395558420963
15935,1.1409709680489977
15936,2.863149445642671
15937,3.402804864176127
15938,3.4418033606851
15939,4.354049777257581
15940,4.390767721733393
15941,4.835217622708624
15942,2.8676029530053255
15943,2.169591744700179
15944,4.712768325849879
15945,2.1058522111400064
15946,2.4437124871140976
15947,3.3759656652686165
15948,4.49203722461381
15949,2.8461462015574677
15950,2.096032719615633
15951,1.1502735849766528
15952,1.5524625942851586
15953,1.2218240644128118
15954,1.0354519248744083
15955,2.2729661788851945
15956,1.447852956282325
15957,1.4434762040395062
15958,2.7702801036069484
15959,2.395724741171809
15960,1.7460726454807665
15961,4.483877090880055
15962,2.0574659225150804
15963,4.984291289401973
15964,2.474849605095695
15965,3.9414065947838512
15966,2.397835209870863
15967,2.390550872724173
15968,2.0418213711053363
15969,3.9347228557630007
15970,4.305723122855018
15971,1.6731562457502083
15972,1.8084192983159855
15973,3.191150588097686
15974,3.1363191939160635
15975,1.6478894178704944
15976,2.1100316921361895
15977,1.7744059462152264
15978,4.628377274627396
15979,4.496420175275745
15980,4.154344007362304
15981,3.1825559565627004
15982,4.073859944446371
15983,3.1140625111498834
15984,3.4165622952369485
15985,2.634327626675897
15986,2.519449180057537
15987,2.470065113743145
15988,4.062522942799939
15989,4.464406881419524
15990,1.9861398852282641
15991,1.8015461844535845
15992,1.1778593388453418
15993,4.398804848580471
15994,4.246779124630207
15995,4.490574522365077
15996,3.0875409447587256
15997,2.5737375256140638
15998,2.4824472825782196
15999,1.7402858531534506
16000,3.1782227313823896
16001,3.1752063382825293
16002,1.5890387468266938
16003,4.094539918748238
16004,3.4417698706527724
16005,3.3210642698471973
16006,3.3808499977829656
16007,2.5438901594667547
16008,1.796694373683824
16009,1.1708285059279908
16010,4.60195177192818
16011,2.966272648184338
16012,1.2572523754334886
16013,4.313680340328463
16014,4.406944930389015
16015,1.7630681919913438
16016,2.5144098290679864
16017,1.647875133635801
16018,4.859820031887578
16019,3.4141848827311736
16020,3.160900020794328
16021,4.444054961479045
16022,3.4133325781387756
16023,2.7645145452337334
16024,4.374868573387629
16025,4.389686640068373
16026,1.9494348232663072
16027,4.345311582828827
16028,2.942904781641293
16029,2.844606468501628
16030,1.3381256901770597
16031,2.3868806725409857
16032,3.769515419178289
16033,4.206158485377985
16034,1.2455537471572384
16035,2.799952728434145
16036,2.3569435163483714
16037,3.4778469179432876
16038,2.9237401027544396
16039,4.425760545145748
16040,4.662988984672461
16041,4.532029508352675
16042,4.367059394487923
16043,1.7343697641371465
16044,4.558961486026616
16045,2.6151467321450492
16046,4.477250295909089
16047,3.7893901830185293
16048,1.7591145570817233
16049,1.2939158228643075
16050,3.20993088917903
16051,1.299557881576522
16052,2.550116055757003
16053,2.5250565642022105
16054,2.311358081354592
16055,2.505419433402472
16056,2.2156907179282492
16057,4.221186259346998
16058,2.778629095732065
16059,3.3549384239478104
16060,1.3938355293644618
16061,4.232395593147868
16062,2.3733530255112227
16063,1.7005811061524074
16064,2.7721905549163317
16065,4.384788629285654
16066,2.4622847480615
16067,1.8177839772047824
16068,3.499543851897336
16069,3.6817739124920674
16070,1.7335975599226607
16071,4.8292572104491605
16072,4.351144301009832
16073,1.4530769572197548
16074,4.966706759662191
16075,4.519486594917658
16076,1.297091820350246
16077,2.4380955590604843
16078,4.128187478770213
16079,2.640406390261068
16080,4.843576495511953
16081,2.2649961268949155
16082,1.1645140222305495
16083,4.85718110440848
16084,3.3271909721549893
16085,4.958083584079709
16086,2.8087272510572934
16087,4.025152479332895
16088,3.121623815031316
16089,4.245623338803831
16090,2.0420691723352875
16091,4.4129136397535165
16092,1.6417213964913788
16093,4.251045800838732
16094,2.2194608175234443
16095,4.845426771912068
16096,1.570247106359775
16097,1.4339675312754911
16098,1.0082334131266224
16099,2.055444492620546
16100,2.235637122822383
16101,2.707529246568481
16102,2.6053455126060103
16103,4.248755599961667
16104,4.144532478112839
16105,3.1608360537122446
16106,3.569552511991366
16107,1.7623782911186585
16108,3.470448656241564
16109,4.972133809136824
16110,1.675626019074223
16111,4.313959317427614
16112,4.34716909110135
16113,2.9508054377361947
16114,4.733139224606927
16115,1.5752628032536018
16116,3.611770955403704
16117,1.365899625936792
16118,1.82321491282908
16119,2.0737963073620804
16120,2.731857066373011
16121,2.346125552410254
16122,1.2248892198006147
16123,1.6968013362186234
16124,1.5843952466997275
16125,2.534697165454921
16126,2.4967408049976756
16127,2.6647165444715784
16128,1.6481628282538159
16129,3.273848896737653
16130,2.915244239895723
16131,2.016557369583082
16132,2.989778976952241
16133,4.515154702212307
16134,2.861596845913783
16135,2.04579386335526
16136,2.7514205933744043
16137,4.480041602361586
16138,2.9042335584671504
16139,3.5856514435474063
16140,2.5313695363094335
16141,3.162241611680785
16142,2.9456427004211725
16143,4.23731967784344
16144,3.035174905341125
16145,1.9630018155030715
16146,3.0815800807971763
16147,4.744803610696739
16148,2.140464581300339
16149,1.9859173624426405
16150,1.585949105490088
16151,3.345071545805753
16152,3.1605067404915737
16153,4.754760524617862
16154,1.3552149476509228
16155,4.523190085247547
16156,3.476955612527051
16157,1.5138737214571685
16158,3.1720908971364965
16159,1.4815177814360347
16160,1.1273626490883504
16161,2.2742602394791067
16162,3.893198854010873
16163,4.329780765712945
16164,3.935522311088716
16165,4.681469668388151
16166,2.792026583875346
16167,3.421894774295031
16168,4.344437889895747
16169,3.6465866170142665
16170,4.135689230947014
16171,1.1282602054179147
16172,2.2091122042726985
16173,1.221413850479459
16174,1.8348842253054598
16175,3.246150767825334
16176,4.027362210788052
16177,3.413941032548877
16178,3.499894374644491
16179,3.774975595119854
16180,1.5712728449588744
16181,1.249484532378137
16182,2.2173081118332862
16183,4.869043993721254
16184,1.542940104876645
16185,3.4961167440492624
16186,2.204658217744841
16187,4.290898918056879
16188,3.4274250725021855
16189,2.038097578728695
16190,3.718138699802511
16191,4.307126203648069
16192,1.1040335759787228
16193,1.467743432886408
16194,3.3881243679535538
16195,4.339836131410104
16196,2.637438860302998
16197,1.9949363902869077
16198,2.602663895060701
16199,3.0084003675913054
16200,1.7277660451259975
16201,1.938173774766998
16202,2.9229315003543492
16203,1.7370314980211043
16204,2.0107087996548074
16205,1.1850277761252657
16206,3.801908178795602
16207,1.2345230928789848
16208,2.5156854462834524
16209,1.8640530180552588
16210,2.5794605879476755
16211,3.746998138954416
16212,4.372839140704137
16213,1.1748892252969547
16214,2.7254774169800022
16215,4.651770512931618
16216,2.370379217364105
16217,4.189853559145999
16218,2.2436882447292623
16219,2.2677010791333965
16220,3.6230273085335707
16221,4.054807810433982
16222,4.228375765061402
16223,2.909467193442271
16224,3.291379352429242
16225,3.3560867576001376
16226,3.963077346972432
16227,3.6482104603244756
16228,1.8604902240030294
16229,3.1040957306357706
16230,2.5699810369497462
16231,3.176800402605266
16232,2.753240824012503
16233,4.002288715191315
16234,3.4902431531156535
16235,3.7046352278466625
16236,3.41947193539723
16237,4.25801942440363
16238,1.6930294088949513
16239,4.822133492030273
16240,4.795089840051393
16241,3.1449388900803683
16242,3.241620144814914
16243,4.865848859742297
16244,4.475493933422291
16245,2.6010076211140873
16246,3.1145253109231166
16247,2.2127869183575806
16248,4.225944480068231
16249,2.097181391124703
16250,3.1731576594610225
16251,3.4025890497585096
16252,1.57700355018124
16253,2.057048762470747
16254,2.4598622695223056
16255,3.204534532631275
16256,2.4643597917224818
16257,3.5397187286049876
16258,4.401529562958686
16259,1.2988370849632624
16260,3.4622228462187046
16261,1.3237471902940245
16262,1.8031361024840793
16263,1.2074682625530717
16264,3.043703039304821
16265,3.9771559853869074
16266,1.3039436025511084
16267,3.911846209518766
16268,3.6406565364695087
16269,2.9298885645694432
16270,4.131709648762456
16271,1.9556738167255578
16272,3.252520097247982
16273,4.219486022702337
16274,4.624114889107074
16275,1.3565085714181548
16276,3.7976187579853455
16277,2.352405232801266
16278,4.931107469602674
16279,1.2609028187400075
16280,3.887418933093935
16281,4.977586630604465
16282,3.9399931390611136
16283,1.3487202325748116
16284,1.3983199463075557
16285,3.2892513059093926
16286,1.7969874343232868
16287,1.1328604289664517
16288,1.2234968522320289
16289,4.622288386163195
16290,4.769195952275883
16291,1.9986953167697514
16292,3.3752038965262785
16293,3.8267967045998414
16294,2.778918262841489
16295,1.6589475411440016
16296,2.0263641861156616
16297,4.266368773368255
16298,3.5836635228386964
16299,3.3456767158860874
16300,2.293333191478054
16301,3.7485224951598872
16302,4.577322766437614
16303,4.94426971364468
16304,2.743479952543174
16305,3.596434158400416
16306,3.697142831140647
16307,3.6915706085984654
16308,3.4787826826835238
16309,4.717273500539112
16310,3.0307005889395775
16311,3.88183406752885
16312,2.000599906602296
16313,4.3430864556024105
16314,1.3426616731759382
16315,4.487613014792358
16316,2.5867449721215006
16317,3.153781145748786
16318,4.551721589706738
16319,1.4630721393236645
16320,1.1268621651554076
16321,3.4161293946520743
16322,1.123508717341188
16323,2.378829632744399
16324,2.264957080831046
16325,2.9430346639928375
16326,1.0184065489202396
16327,3.7587856837312685
16328,2.393000757942905
16329,1.3970228009303773
16330,2.8211941165592247
16331,4.294435994150591
16332,1.3750439693286616
16333,4.27001298467821
16334,2.9568466100749276
16335,4.560746161226026
16336,4.878729541621049
16337,2.9573733999161864
16338,1.1300870000472156
16339,4.075801150399528
16340,3.673399560013982
16341,2.198691183687961
16342,4.461043246176271
16343,4.50407570992445
16344,2.1446415006546515
16345,1.0889155501585566
16346,3.52998409002595
16347,3.076907231952597
16348,3.772491902091017
16349,3.546046731804402
16350,2.6267772887787197
16351,2.1580999770271387
16352,3.331374712557921
16353,4.174798848806775
16354,3.453184585166665
16355,2.068775607884343
16356,2.1315442479509255
16357,3.4484831989155094
16358,3.3785208436029976
16359,2.8154720590158355
16360,2.1867519417828354
16361,3.4369592422193205
16362,2.9729447681831984
16363,1.4932327722105279
16364,1.914959678365037
16365,3.440287315113083
16366,4.631579439393515
16367,1.7511981686541702
16368,1.8618182276419057
16369,3.8958779480222536
16370,2.0557298051900026
16371,4.609046550460263
16372,2.0321026410467247
16373,2.3666697079201655
16374,2.7121693771090625
16375,3.4547944529308516
16376,1.0435789626099923
16377,4.504321137639924
16378,4.222105634040275
16379,1.7876211719822916
16380,2.30722310388569
16381,1.577865463647194
16382,3.915935410055085
16383,1.3689424279267688
16384,2.2104765274777405
16385,3.534850580229258
16386,4.2098532937730475
16387,1.688828513651789
16388,1.36074562043527
16389,3.2951993145189613
16390,4.519718529693963
16391,3.820504310458635
16392,2.5756419186313004
16393,1.09805511920533
16394,1.4545756674421306
16395,2.7729480094727
16396,1.042605492883966
16397,2.102033950509666
16398,2.2828912395724794
16399,2.661085407339285
16400,1.0540185356913305
16401,2.212729235888491
16402,1.556758666782641
16403,1.944152867137606
16404,4.002868559448019
16405,4.27107222547057
16406,1.4225210450057548
16407,3.9337751037953823
16408,3.655781248945148
16409,3.484758314539233
16410,2.636495206681803
16411,3.4635500526018728
16412,2.7755412103829693
16413,2.850539725572561
16414,4.5218619026182125
16415,1.5884154070262095
16416,4.193771241179144
16417,1.013504518363014
16418,4.692768867697276
16419,2.3550242597627973
16420,2.6104351294148076
16421,4.767557059246414
16422,4.294098642220014
16423,1.5082633097649674
16424,4.356560434533288
16425,1.9735964901916123
16426,4.266237176591216
16427,2.054229551596968
16428,1.2476992449719342
16429,3.634293818552401
16430,3.202564211740164
16431,2.2482563873453834
16432,2.2168262787564226
16433,4.708245546253222
16434,4.604417300720757
16435,2.1486711903736397
16436,3.117034426529138
16437,3.06188196858317
16438,3.865321536235217
16439,4.142799139704438
16440,4.037054606497907
16441,3.001305460598121
16442,2.0861466571662377
16443,4.360232864988043
16444,2.2771126044623027
16445,2.2370982763816984
16446,2.7287041750703116
16447,2.388918442487737
16448,1.3414487325964273
16449,2.317288831679118
16450,2.162471256376225
16451,2.0011357003368415
16452,1.847306492201815
16453,3.4336471062637677
16454,3.134583541182578
16455,1.1164021052556565
16456,4.568662035226863
16457,3.604483314003449
16458,1.1620670987913644
16459,2.17307287431948
16460,2.5755233053183635
16461,1.9541027346744317
16462,4.062036958245454
16463,3.062174120494762
16464,3.557247431227664
16465,3.6446182486977814
16466,3.0173634693927607
16467,2.870011464043841
16468,3.038091844786404
16469,2.782505872039899
16470,3.8874397427000438
16471,2.256819357832984
16472,4.356979297208891
16473,4.753923047405863
16474,2.4598194292336246
16475,1.4487350720457561
16476,3.4772355637507415
16477,3.923133567671713
16478,3.4500928430938487
16479,3.1140131325136093
16480,1.3778644650467413
16481,2.137584154425583
16482,4.458257873726175
16483,4.329599981590926
16484,4.261798168780171
16485,2.2545192392498694
16486,2.58918862027733
16487,3.0122147442122453
16488,3.6366545633206564
16489,2.9142275875735963
16490,1.7782581259405306
16491,2.2253578885301812
16492,3.6866583041289944
16493,3.068091476762783
16494,4.420236452588526
16495,3.6704911936696116
16496,1.6483823421144872
16497,3.7335372757448795
16498,3.6865478794925717
16499,2.625140407690752
16500,4.05169974066008
16501,1.3794232247375775
16502,4.69091005891351
16503,3.1505313873100196
16504,1.9862611902731646
16505,1.5361932762924875
16506,3.871732401104685
16507,2.2528780755261466
16508,4.683511235411858
16509,4.777332992181922
16510,4.693100992791669
16511,4.59218514849625
16512,3.954303793028722
16513,4.082960423979614
16514,3.7120208578777163
16515,1.257520610272647
16516,3.6750881459756117
16517,4.429193885524919
16518,4.045140062033292
16519,1.8449388915918719
16520,2.5248277777666717
16521,3.45320363806677
16522,4.595858098439532
16523,2.6237111468732586
16524,2.8413683550388837
16525,2.909528524035201
16526,3.873826401138043
16527,2.6365224744121014
16528,4.856636406828509
16529,3.596164693673529
16530,2.2678406687463575
16531,4.475081874046936
16532,3.5353277132491367
16533,3.4145279368751105
16534,3.92862830979483
16535,3.9617220406030347
16536,2.998485270586131
16537,4.381241121324781
16538,3.855138656501372
16539,4.553728747975871
16540,1.2011771927738422
16541,3.6679872827585154
16542,1.054890454029617
16543,4.01583739952191
16544,2.054995023206036
16545,1.043224874227994
16546,2.882694712380368
16547,2.8534136514885575
16548,1.0069151661150064
16549,1.9335993944054506
16550,3.652198739567894
16551,1.5433645384906445
16552,2.9122196008082684
16553,3.977773972917205
16554,3.409037296995896
16555,4.250869083128725
16556,2.7480909828588653
16557,1.9352664404419002
16558,3.4618722870729446
16559,4.728797363302922
16560,2.8587881105725046
16561,3.9692523599280682
16562,4.147575539629222
16563,3.6266054287232854
16564,4.597704626144713
16565,1.6658986432426515
16566,2.6426011380234944
16567,4.25057935114997
16568,1.9393085428041181
16569,3.14242121120787
16570,3.0148281089011673
16571,2.664215223283155
16572,1.0868707989413808
16573,4.404850948534417
16574,1.9138252869832502
16575,2.048443448717998
16576,1.1314848314325094
16577,2.8744930361059815
16578,1.6658568898225545
16579,3.810322807399547
16580,4.402126817792823
16581,2.701412434567211
16582,3.7540820597883386
16583,2.788608408882928
16584,4.352921397851571
16585,4.908934065071085
16586,1.5179421777218218
16587,2.0274507979476812
16588,2.9295934311103995
16589,2.8987370267132637
16590,1.613387533512587
16591,4.80276959153097
16592,3.4896888496116243
16593,1.3860696481392796
16594,3.359434809606936
16595,1.9993015653879715
16596,4.545754430257743
16597,2.728846841647406
16598,1.1547900007421692
16599,2.137782730021783
16600,4.019505992295461
16601,4.297533169201555
16602,3.1980789803008784
16603,1.6149127009511548
16604,3.402924855840103
16605,1.1431935485283642
16606,2.7480115964511445
16607,3.870478576149458
16608,1.4306230519807923
16609,3.4792656140782428
16610,1.3101707364299346
16611,1.0228035079835274
16612,4.919783187613498
16613,2.0309236346748154
16614,3.009038238251144
16615,4.463501380479691
16616,1.8737185058756682
16617,3.3787703819881822
16618,1.787155238242435
16619,4.0375880299446605
16620,2.822339727531184
16621,2.0562067526261902
16622,1.266468608792028
16623,2.219477288074143
16624,4.726281056230166
16625,4.769927638049989
16626,1.5115692598769805
16627,1.5461177174852834
16628,4.019941697427605
16629,4.285533774266408
16630,1.3502192358893548
16631,3.0373778608323208
16632,3.4415295845810268
16633,3.458811848189663
16634,2.7012824713771684
16635,4.235107898061553
16636,3.3130659247219882
16637,2.533886166538256
16638,1.2068545914572444
16639,2.595601760585229
16640,1.287684687281064
16641,4.139935800149997
16642,3.997302277453624
16643,1.3450589747035515
16644,3.792458783455399
16645,4.584619533408684
16646,4.777166799066728
16647,1.2543319918793108
16648,3.7664415541493343
16649,2.943138288234234
16650,1.6150252786213004
16651,2.7789113413644495
16652,2.7992336485377596
16653,3.2161565353560304
16654,1.5249006017390978
16655,3.387479736560048
16656,4.832575464281156
16657,2.3218366898858633
16658,4.697805032443243
16659,2.936076296280279
16660,4.559761516538365
16661,3.7338978665686247
16662,2.855209035402614
16663,4.565160937099192
16664,2.912650529925914
16665,2.01360371324626
16666,1.0248284106903944
16667,3.490831426639003
16668,3.587997095585112
16669,1.4727937644152558
16670,1.566091914533677
16671,2.9171936092435655
16672,1.5290602692985265
16673,3.7918831017111687
16674,2.006299909172838
16675,1.795128881043143
16676,4.662681441004292
16677,3.4392410913449583
16678,3.334072377223967
16679,1.3393321441650894
16680,1.763908453799437
16681,1.2169863664577507
16682,3.713113282638766
16683,1.6244058469585192
16684,2.318855333349438
16685,2.7999110289445235
16686,4.76172733172708
16687,3.484606918687143
16688,4.605541556633312
16689,2.1849231058027554
16690,2.0783203145374713
16691,3.7920717239778767
16692,2.852671455881706
16693,2.822677290605326
16694,1.6600418165798505
16695,3.569464451128736
16696,2.106951623023717
16697,1.4019738045552113
16698,2.321630386397009
16699,3.6967838767515095
16700,4.6272534379640975
16701,2.5936184730957104
16702,3.4234985784817495
16703,4.535497239124776
16704,3.846339272286199
16705,2.9696415947661206
16706,2.650214635523379
16707,3.9423574163238055
16708,4.360187233584972
16709,1.1274442540144265
16710,3.174224977177521
16711,1.3447489913385327
16712,4.224561017071445
16713,3.97731877114974
16714,3.003809570249965
16715,1.450087333766069
16716,2.753165417192569
16717,3.3668407556544064
16718,3.8803445636077267
16719,4.093421778938161
16720,4.9323774581178395
16721,4.591761757192803
16722,3.345602723367757
16723,4.864625229206217
16724,4.192271854792168
16725,4.618884890442132
16726,1.2115598446324607
16727,2.4277167977190484
16728,3.141270507337787
16729,3.772783758722037
16730,3.527239639388554
16731,4.066056321582923
16732,3.762460576909935
16733,1.892481653025318
16734,4.63103466669286
16735,3.5203019708331427
16736,1.2004190870757911
16737,3.06135190167674
16738,1.2312706938983018
16739,1.9790322865847907
16740,4.361725110238877
16741,2.337754896843581
16742,4.642486802223429
16743,1.1207128540036537
16744,1.0888748616155528
16745,2.2888684748259736
16746,2.4890647104928068
16747,4.62081741120109
16748,1.0915903206035464
16749,2.2615205646976726
16750,1.06768589486774
16751,2.5674603844534656
16752,3.846691818457989
16753,1.0389651289929716
16754,1.935247749389077
16755,1.1863088363492453
16756,3.4710611958984967
16757,1.5003510005500598
16758,3.367776461594434
16759,3.0993038057406688
16760,2.0060421499301437
16761,1.3209117000173785
16762,4.39986522687886
16763,2.750624019577125
16764,3.381500589412944
16765,3.1962033408228767
16766,1.2155166701622577
16767,3.4587954782186356
16768,3.3290776263459962
16769,2.3066228482648583
16770,2.8063678569868427
16771,2.3823645378018696
16772,3.591608163519568
16773,4.811260089268828
16774,1.058436442437666
16775,3.2446185563743226
16776,3.057243884640831
16777,2.0122640507010816
16778,3.7240544354287155
16779,1.1885548007497064
16780,3.40470905365004
16781,4.680574800867973
16782,2.8050959922373297
16783,2.138241901547132
16784,1.809038573805057
16785,4.362380607887693
16786,2.3710149555749167
16787,1.9457537385151102
16788,3.9881853571421737
16789,1.5259830650178303
16790,1.6936790836695486
16791,4.354332480350697
16792,1.2621355990125482
16793,4.166058500719586
16794,4.643664338404145
16795,2.1670302295576733
16796,4.33571413316238
16797,4.7623750795166515
16798,1.9205794081350027
16799,3.9602737903481446
16800,3.767348290782795
16801,4.830148802252117
16802,4.885737279034931
16803,4.74178499024561
16804,1.26182209162019
16805,3.6526934023284094
16806,4.362073354863041
16807,3.170896804979409
16808,4.119223162915122
16809,1.9645163127076524
16810,3.5765558228342327
16811,4.22619112934273
16812,4.289614040350581
16813,4.778452682002183
16814,4.576230534285279
16815,4.842447900303694
16816,2.240423035575792
16817,3.345789844164944
16818,4.668127755012396
16819,1.9147365411015893
16820,4.865046730588503
16821,4.9382953482810334
16822,1.7099543575889489
16823,3.8496262881471557
16824,2.6513073762850428
16825,1.443483562871895
16826,1.6063913788464315
16827,4.605549556294861
16828,4.343270655492006
16829,4.189381294669957
16830,2.5589083104845955
16831,4.123708653160418
16832,1.179091944802312
16833,2.5736432828699214
16834,3.47460224462529
16835,4.983099911208614
16836,1.0413589301443182
16837,4.669270638012047
16838,4.667711609286037
16839,2.7403822458998155
16840,2.355438212728434
16841,3.0576599374420783
16842,4.975930552236084
16843,4.88642903750643
16844,4.499665382916927
16845,3.701322034523299
16846,2.290938788165815
16847,4.632529354332235
16848,1.4387840956065094
16849,4.001973841478183
16850,3.747676873357358
16851,2.2888417398680976
16852,4.1634010510114425
16853,2.295657724688053
16854,2.218535669071087
16855,3.6869776293232044
16856,1.625177212539036
16857,3.3563163913796443
16858,3.697224873492617
16859,3.8752441347088094
16860,4.42510707317661
16861,3.0614175254722156
16862,1.7728209440304732
16863,4.196043769669966
16864,2.9966559614449664
16865,3.0924669571140657
16866,3.9527012516776177
16867,3.3366520155869375
16868,2.7189157016608396
16869,3.163022353866759
16870,3.134052858583538
16871,1.1614292122112895
16872,4.527326587437509
16873,2.1725518079071984
16874,2.475197819635995
16875,3.985201364469426
16876,2.0853188086619356
16877,2.821797021047514
16878,1.3037826168532582
16879,2.2126259231589738
16880,2.4520942145202183
16881,1.2392811992787043
16882,1.298643369376164
16883,3.045256746390479
16884,1.9183070721704945
16885,2.163128689338328
16886,2.6805331717494254
16887,2.15555788832519
16888,3.577320549529464
16889,2.0879376527786704
16890,3.8839323874560656
16891,4.449196487886594
16892,4.142325294121969
16893,2.9762547868885343
16894,1.5169467405116235
16895,4.245254548500181
16896,3.383359406845136
16897,2.4554209542253913
16898,1.4334517998070582
16899,2.5641098549530197
16900,4.6808865161873445
16901,2.089751393998481
16902,1.244664807484979
16903,3.7194811238205214
16904,4.107363790941227
16905,1.8368966737169732
16906,3.739082055904715
16907,2.404501898347776
16908,2.8944769624126634
16909,2.8169619892435818
16910,1.08351189908179
16911,2.8936709222718244
16912,3.056334794397569
16913,2.3106512969385293
16914,4.222480408124495
16915,2.4557489045425056
16916,3.7412326708542527
16917,3.869523239206188
16918,1.5228930020610512
16919,1.651348929955546
16920,1.7552124829403901
16921,1.362548308611478
16922,1.2510194956601621
16923,3.839697166466949
16924,3.7664953282177205
16925,1.2384955682313286
16926,2.1528530913571986
16927,1.2569166389329527
16928,3.2617483029101924
16929,3.7959793886250774
16930,4.543746454547828
16931,1.6278188432619802
16932,3.48804991833857
16933,2.0144816243961055
16934,3.0453572256706525
16935,4.05324982231525
16936,1.2445642447929632
16937,3.4846557197748416
16938,1.9899704301308132
16939,2.8350925813966237
16940,4.216952723885861
16941,1.9984598409462038
16942,2.9646691838069765
16943,4.255943324792225
16944,1.8476882996444917
16945,4.937249543521826
16946,2.294378740978122
16947,3.6108101763320724
16948,3.587800960391518
16949,3.99699100116709
16950,3.910924906271394
16951,2.5244680051792114
16952,2.130812386109877
16953,2.2513650165934815
16954,1.1251078342061769
16955,3.501887343318528
16956,2.4735096686990556
16957,1.9891910634300896
16958,3.178381614475488
16959,3.521288191297314
16960,1.0413416154519295
16961,1.0739904318929616
16962,2.9301344561978167
16963,1.9617198747528017
16964,4.643823134465437
16965,2.194286734685475
16966,3.705476660968474
16967,4.112532393790783
16968,2.818918619389083
16969,4.204484658017652
16970,1.409482862436589
16971,3.3750866892259657
16972,1.0845847560998823
16973,1.2915667791927734
16974,3.305158629680059
16975,4.562969629060221
16976,4.728478632063162
16977,1.1697912677551345
16978,4.266725774103201
16979,4.216734870091413
16980,4.523565846299683
16981,2.459330641675734
16982,2.5865282640152616
16983,1.3448914058290793
16984,2.384665650333304
16985,3.4034623418892296
16986,1.8308631966273619
16987,4.118893043618945
16988,3.8694968627587607
16989,1.2070486341292384
16990,4.9744236252816965
16991,1.5070921217283262
16992,3.49489302192711
16993,2.1032036628426534
16994,1.9859950369824535
16995,3.209517230267154
16996,3.570667668670506
16997,3.765361432588924
16998,1.626687437063695
16999,4.327021212718279
17000,3.27259438485737
17001,4.512575921968189
17002,1.6424253264734516
17003,1.4846441255218714
17004,2.0695575948870935
17005,3.0097854517300573
17006,1.1796475236759272
17007,3.6164797986809245
17008,4.047645149012986
17009,4.620006870507609
17010,3.1404311842025128
17011,3.1597797444401796
17012,4.953976226020304
17013,3.874852523144527
17014,4.635972399629955
17015,1.811893751873518
17016,2.651751087504614
17017,1.010150152257098
17018,4.043955828252125
17019,1.5631988374212273
17020,4.0079656791450216
17021,3.3973047315177136
17022,3.9141579384333944
17023,4.1954805197024605
17024,2.4880288273128364
17025,1.8900089539104856
17026,1.822248440904259
17027,2.281920725342943
17028,2.8619883484981092
17029,1.764455720837804
17030,2.131543573226251
17031,4.913020147340951
17032,3.040685203450757
17033,3.817596956281769
17034,3.7162418621146878
17035,2.7403259202292083
17036,1.828987685383046
17037,2.863951807323404
17038,2.5580247302687686
17039,1.0919531979549602
17040,2.580866047935722
17041,1.0655631836656485
17042,4.771637970170754
17043,3.704456593577009
17044,1.8707344047219943
17045,3.0084033373194345
17046,3.590306071405743
17047,4.587356707852607
17048,3.1232518239614784
17049,2.27444580862445
17050,1.6160233352890057
17051,4.889184835719957
17052,2.6999640115358465
17053,1.2652442140193365
17054,4.841888495811325
17055,2.7895808758593303
17056,1.8412875657974537
17057,1.6966827821449444
17058,2.384665952525054
17059,4.769707315627551
17060,2.2802695866172478
17061,1.7867448126075183
17062,2.695631021456212
17063,1.6973297586812763
17064,4.3706133986169835
17065,2.2124784099475754
17066,4.905766528091289
17067,1.9516448711806778
17068,1.4527113876178528
17069,4.2590579065586684
17070,4.714048784647455
17071,3.698212706341284
17072,2.656796466952667
17073,2.8461167074011953
17074,1.0832325146644606
17075,2.865371243408679
17076,4.677146530880157
17077,1.816837793351696
17078,4.526388909926996
17079,1.1351420415179083
17080,4.783050158303246
17081,4.0931848323952105
17082,2.508939482213801
17083,4.821229944288098
17084,3.4732883414639284
17085,3.9612887123946705
17086,4.506103986952955
17087,4.115222799343562
17088,4.695883911798278
17089,1.3691937381747672
17090,4.316967228306059
17091,1.8159345406034442
17092,4.101823930647969
17093,4.005678221389911
17094,1.5885473054368395
17095,2.0586177601411166
17096,1.2937097095365013
17097,1.497833446912645
17098,2.506502702293195
17099,1.8700020754266524
17100,4.047158129925416
17101,4.5815970899513285
17102,4.111600961161634
17103,1.2966964621217727
17104,3.8640215480918134
17105,2.0685632460789165
17106,1.6687973600570873
17107,4.220194782328187
17108,3.5799558834068193
17109,4.631701832007032
17110,4.355656038286517
17111,3.2133067934089
17112,4.341836515084879
17113,1.2886081750624987
17114,3.598437717698033
17115,2.210145591256892
17116,2.4744742262692743
17117,2.570788777453446
17118,2.8155368667934875
17119,2.814464129375021
17120,1.8885653830283506
17121,4.865323542690323
17122,1.817828496671162
17123,1.6417515786393908
17124,1.8224575543692327
17125,4.993440439798073
17126,2.569423521491107
17127,3.362820942917265
17128,1.5966704774502372
17129,1.0488046749526543
17130,1.6976460762974948
17131,3.200392209521941
17132,1.3247953010928115
17133,2.0254430031305017
17134,2.8281824240470486
17135,4.796358154959146
17136,1.3861541333121523
17137,3.557716555679498
17138,2.264704973750061
17139,3.3557919355504366
17140,3.206923463900608
17141,4.9961482732769324
17142,1.8700094794488713
17143,1.8993211493642157
17144,2.850793737846861
17145,4.976204765101522
17146,4.855834189974046
17147,2.47599935409484
17148,4.809888340633544
17149,2.7805223720654575
17150,3.1161060909744998
17151,4.876739519610133
17152,2.5557166389510506
17153,2.154024382968045
17154,2.293201755957353
17155,2.7180248759017176
17156,3.397977211069408
17157,1.3330743794033535
17158,1.9405274092507523
17159,3.699605229287618
17160,1.7900115160014325
17161,3.90057667518101
17162,3.986333393528936
17163,2.146438707369921
17164,1.9297187975201506
17165,3.791969302682082
17166,3.02698904565132
17167,2.6050734585963147
17168,1.9472679123105334
17169,1.6189117461733473
17170,3.705292248791719
17171,4.2648536292545
17172,3.8810080792487844
17173,4.507284834739149
17174,3.783180706661941
17175,3.6899751983759264
17176,4.69569973476009
17177,2.65700622709389
17178,2.229686609404522
17179,4.772749308003818
17180,1.5292943307330549
17181,3.2616699447723625
17182,4.891180803108294
17183,1.0256803834395902
17184,3.795188585715301
17185,1.3358471735122484
17186,2.246832090708026
17187,2.3900356414882395
17188,1.4361334508884727
17189,2.134261866445477
17190,4.074075016245434
17191,3.2724253299549013
17192,3.213182079845755
17193,2.9150885331661383
17194,4.300615713806504
17195,3.3646579728299955
17196,4.967348757827594
17197,4.241065979571741
17198,2.5318153989846794
17199,3.312142056803467
17200,1.6911912078084277
17201,3.7419120656031875
17202,1.6315313987990647
17203,2.64449264491304
17204,1.2797381908174863
17205,1.6784517993913126
17206,4.725289594128995
17207,4.405447562362118
17208,1.114826359318669
17209,2.9360626435786132
17210,4.871616112300677
17211,3.628989904007447
17212,4.022630963590008
17213,4.74833757407376
17214,3.699824550050768
17215,3.4255963802262666
17216,3.592052285506106
17217,3.4256176296339564
17218,4.55468752809795
17219,4.19360908323432
17220,1.316779456001091
17221,3.3954795460138594
17222,1.6174156053536746
17223,4.770849936963449
17224,3.3781590743773036
17225,1.5666549304004973
17226,2.650023856480577
17227,2.2664121938818966
17228,4.1247644739556595
17229,3.787669558356704
17230,1.9177689728953822
17231,1.975531456383762
17232,4.8964863470550615
17233,2.243339625373182
17234,2.8685650730243633
17235,2.779681022438336
17236,1.1578197668634203
17237,2.72319710179874
17238,3.1897551951854664
17239,3.990868486423457
17240,3.5144230083220185
17241,2.970918219564269
17242,2.2618322378361917
17243,4.774103457555777
17244,2.0638926485771334
17245,4.618323125842087
17246,4.70201456103419
17247,2.595460032454347
17248,1.7689391677886221
17249,3.3938046539848115
17250,4.312467160031991
17251,1.1809274548164148
17252,3.3470374155026157
17253,3.319608496542906
17254,2.9555777594982335
17255,3.9951990505647363
17256,2.1360985866352813
17257,2.5314992229502558
17258,4.134265517604367
17259,4.160482161690956
17260,4.335878458150818
17261,1.0985244056502976
17262,4.333889416688869
17263,3.7389972894683816
17264,2.6084885930323014
17265,2.3522955728692634
17266,1.8923335362571612
17267,2.509704877656537
17268,2.3354478488854533
17269,2.2906008540131193
17270,1.748828029943672
17271,1.8887771025622375
17272,1.2464953844740925
17273,3.5981587892532896
17274,3.915547106218997
17275,1.473653598909392
17276,1.9345776707938924
17277,4.912193313767526
17278,2.2955538850615533
17279,2.3721396775171977
17280,3.262315891748201
17281,1.7476891243576844
17282,3.216326845254581
17283,3.2106098564624
17284,1.6466408551993421
17285,4.037817905647833
17286,2.455048349573865
17287,2.7460874557120234
17288,4.868219724986658
17289,2.1664900804356217
17290,3.7310862661819324
17291,4.114733787200327
17292,4.210944641772175
17293,3.404154680317892
17294,1.0711641475392049
17295,3.415492950591792
17296,2.4274002454169334
17297,4.681940710876486
17298,4.7085408711074805
17299,1.6934891407009625
17300,1.9099607493693882
17301,2.908755751253202
17302,3.4076976685250493
17303,2.0282316386509964
17304,2.040556125415281
17305,3.369041195032044
17306,4.317646572739951
17307,3.9134811124176316
17308,3.6665334208291944
17309,3.0624812058268334
17310,2.1060245159901245
17311,1.3641053651107597
17312,3.552129470864714
17313,3.4499394361769635
17314,4.506263000171848
17315,2.5094599150854062
17316,1.5657339402284394
17317,3.9263476273643887
17318,4.260395795694537
17319,2.600415595235485
17320,1.4929198235588523
17321,4.786487933293346
17322,4.530012855149037
17323,2.9292083469341
17324,4.766956343472249
17325,2.1722935559099423
17326,4.6524686805223725
17327,2.8738806304104005
17328,4.1025297328222985
17329,3.231801324320697
17330,3.553595705689807
17331,1.0331816099579236
17332,1.6409949644956914
17333,3.3306330098936625
17334,4.8238760002706975
17335,2.9159806971279236
17336,1.1707266101447327
17337,1.3536619198486384
17338,4.4536160893062
17339,1.3652074101105898
17340,1.1010401685934341
17341,4.41363091515578
17342,2.0988089480961207
17343,1.2008784930117482
17344,1.4729051046830741
17345,4.795104826465151
17346,2.96249613589577
17347,3.899616748571929
17348,4.341013819720892
17349,3.5855948645958624
17350,3.338870002174581
17351,3.2523978927545993
17352,1.0006572235580027
17353,1.1767585513270884
17354,3.0638928515878625
17355,4.979831188727699
17356,2.5596100640527544
17357,2.9674817122959967
17358,3.9152230906943357
17359,1.5948011685426962
17360,4.4244325027529126
17361,4.930375157439703
17362,1.7712713802513522
17363,1.0219959284418754
17364,1.4363638654997555
17365,1.0759994576151004
17366,4.518221953696725
17367,3.332732868838099
17368,3.909426350219584
17369,1.715125113188602
17370,2.921384359365296
17371,4.148436257477771
17372,3.3597531379334877
17373,3.513384147956239
17374,2.5955803160929207
17375,3.1149584340189147
17376,2.648112917371414
17377,1.2950761875273287
17378,2.2684662532218725
17379,3.8495019382929976
17380,3.9864608040170473
17381,1.2558791905491296
17382,3.329991275420398
17383,1.543180563576548
17384,2.692176678153953
17385,2.902820884105181
17386,1.826427161873803
17387,1.2898634592251983
17388,1.271691495436794
17389,2.658442241648569
17390,1.4067254602911756
17391,2.406555865074695
17392,2.6766085039021132
17393,2.6980977026947275
17394,3.363551275653681
17395,2.4523761709378533
17396,2.6979603742579448
17397,4.972810838996837
17398,4.552037785421562
17399,4.208278752367729
17400,4.783860548821415
17401,3.1498942439174202
17402,1.776573763940072
17403,2.9468230950608496
17404,4.013275925266564
17405,3.6833483766316046
17406,2.0096054876103437
17407,2.861043338484224
17408,1.8908435429602557
17409,4.99839173304047
17410,4.529852953592449
17411,3.9558987735197713
17412,4.115939035687699
17413,1.6082656016232
17414,2.837451781260188
17415,3.930863914613207
17416,4.737426834551384
17417,4.263858194783083
17418,4.2576853421674175
17419,4.16761069341517
17420,4.026622011797505
17421,4.8444718378448375
17422,1.2935112127754524
17423,2.908055481857191
17424,3.195276601780577
17425,2.5462148673533718
17426,4.346136916094647
17427,2.609294853488337
17428,1.5710031414341956
17429,4.8553116527368365
17430,1.5896648649305716
17431,4.113628269823229
17432,4.934437345214469
17433,1.793293895992564
17434,4.402688313976049
17435,3.17202398817915
17436,1.9393147199833862
17437,1.4365397549540853
17438,2.33881249969766
17439,4.905841689365259
17440,2.1666912022259988
17441,3.637125641213302
17442,3.7168470026058102
17443,4.023606854402814
17444,2.67563896750745
17445,4.417625778369482
17446,4.211045914182209
17447,4.588706138827676
17448,4.720024087383321
17449,4.9932666709521
17450,4.000620454120709
17451,3.6456897805822503
17452,4.29575134960797
17453,4.886483901138918
17454,4.677986065756956
17455,1.723799046757995
17456,4.444235862002575
17457,1.6294626795961995
17458,4.255049611271413
17459,1.6571828602580596
17460,3.472756031661819
17461,3.9142958829786667
17462,1.1293141408270322
17463,2.7608894757372706
17464,3.765640066408265
17465,2.547822374843365
17466,3.6393153619911778
17467,4.475099566272956
17468,2.52810831571576
17469,2.737101642663193
17470,3.0434114009262996
17471,2.4960709242154704
17472,4.934719737858515
17473,2.3111955451768584
17474,3.1786257782087
17475,2.6163545518319453
17476,1.5802512363630972
17477,2.11014439261313
17478,3.7199664076973384
17479,1.1249060406439844
17480,3.4922793832531758
17481,4.720505486419427
17482,3.0652605948785006
17483,1.4503345794879121
17484,1.1789856347572303
17485,3.615065294433383
17486,2.6591203725710626
17487,4.095255463405919
17488,3.7021357323490993
17489,1.5368199961858133
17490,1.5582173786158835
17491,1.278408130378291
17492,1.8459290482600816
17493,2.8588527616217747
17494,3.5070138839337837
17495,4.452375256327482
17496,1.3506519861786597
17497,1.3433183848062349
17498,4.7979524069865205
17499,4.2224957169783455
17500,2.9142847021707423
17501,1.5035429418567068
17502,4.834740615126514
17503,1.8368585525638599
17504,2.6423616926515208
17505,2.0208680679732716
17506,2.4993255676840267
17507,4.87018741369302
17508,3.473734557535677
17509,1.1399790799229854
17510,3.8797304891005018
17511,2.698676721048611
17512,2.060510762017385
17513,3.2829409589178797
17514,2.974297097919656
17515,4.0422014856286985
17516,1.8845813907777016
17517,4.93288214306898
17518,2.8885497918400715
17519,4.345106054510009
17520,2.5468878580566705
17521,1.4064692330256423
17522,2.2660653206923045
17523,3.9877533487577046
17524,4.702811827852687
17525,3.5371268374253066
17526,1.8882176874889467
17527,2.392022518711928
17528,4.4864861641981575
17529,2.596868232373426
17530,2.196304508649097
17531,3.158617480601311
17532,2.3207562612685537
17533,4.4473041060052685
17534,3.476209344149779
17535,3.7766743300891714
17536,1.044804259084113
17537,2.998147901388897
17538,2.0285168851339046
17539,3.923554885248694
17540,4.802688642359328
17541,3.205534564626877
17542,1.9562940514455258
17543,1.6986282541095648
17544,4.631226150836207
17545,4.324598290721461
17546,1.1343226249799243
17547,3.581078290700447
17548,4.6323291907619115
17549,4.406985296376709
17550,2.077886777370917
17551,2.700102844803135
17552,2.451139052386024
17553,4.674306854361495
17554,4.208054258090257
17555,1.0934693632259478
17556,3.2718308138920253
17557,2.2464742567236495
17558,4.59952976648103
17559,4.0945441891453065
17560,2.0262466258930325
17561,3.1625249336142294
17562,4.979259117378155
17563,4.855044128086886
17564,1.4257689430527596
17565,2.7443163925446417
17566,3.368855812187691
17567,2.5037249880308345
17568,4.101164637327949
17569,1.954453633417383
17570,1.388289972464634
17571,2.720848884356809
17572,4.259739006847656
17573,3.139431566793923
17574,3.9947468340266044
17575,2.5628907453531977
17576,1.4388371155206245
17577,4.5035941534909885
17578,3.372575161544322
17579,2.3024790135443953
17580,4.8990814789905235
17581,4.829052556781779
17582,3.3724752920457846
17583,4.895607668803468
17584,4.0557940217331225
17585,4.606193156071463
17586,3.769820103381808
17587,3.062958217275036
17588,3.3651402478625534
17589,1.4273469593495918
17590,4.376593423799338
17591,4.023173393524156
17592,1.4313121112413838
17593,1.8107087344677306
17594,3.0899894603675775
17595,1.9213432402335395
17596,4.907535822151216
17597,2.3321257931040718
17598,1.251387372364409
17599,2.282731398483397
17600,4.83770687179934
17601,4.566820461174643
17602,3.898287711723266
17603,1.9745214237536608
17604,4.514796780185909
17605,2.8144185256262038
17606,4.811698007292386
17607,4.445905630911264
17608,4.119715381162971
17609,2.473248518225685
17610,2.558322044047528
17611,4.637194921091856
17612,3.035506799172718
17613,3.483361394768615
17614,2.1934772021232893
17615,4.572141458073319
17616,4.890893530699715
17617,1.4548910088134464
17618,2.5432776179650904
17619,3.329863032401685
17620,2.867517851357471
17621,4.122109720289086
17622,2.842834635247763
17623,4.1325144378752
17624,3.60070404135697
17625,2.246206608776096
17626,3.422432553737801
17627,4.479449881794731
17628,3.9377795267234696
17629,4.115941775824132
17630,4.273062938905946
17631,2.601793944814834
17632,1.7576443054389452
17633,4.868166818600997
17634,4.330562869704615
17635,3.145272244779282
17636,2.6801235894361204
17637,1.4389007059581642
17638,4.226319981850899
17639,4.611070022251968
17640,1.015088498397176
17641,4.4902789555198295
17642,4.344790893490181
17643,4.906298454459666
17644,1.1803595869742995
17645,3.547251056179752
17646,3.4540310669841463
17647,4.6572396577933315
17648,4.350457341648559
17649,2.620728308331582
17650,3.183475146244786
17651,1.3002171270614107
17652,4.342560748896787
17653,3.092578087384894
17654,4.963333245069965
17655,3.6237687335393476
17656,2.1979293651706038
17657,4.609313643341512
17658,3.501675507933609
17659,3.9312424595828586
17660,4.465447684404235
17661,3.65098053206171
17662,2.725293133326539
17663,4.321165647646303
17664,4.538836305195097
17665,3.58144568881852
17666,4.992681567099098
17667,4.271617947429658
17668,4.3568693844090784
17669,2.7095677804056613
17670,1.7578363629243925
17671,4.519522207031557
17672,3.7775798133901617
17673,1.307061006256928
17674,2.8055634044057824
17675,4.534043288029334
17676,3.517562416965475
17677,3.989999521064469
17678,2.258924130054587
17679,1.1525944626546654
17680,2.2569735128245876
17681,2.27594190603198
17682,3.8541636763569875
17683,1.9262563443362843
17684,1.875883028984188
17685,1.4617140398639226
17686,4.750701645724071
17687,1.7647836386302158
17688,1.3960712944281846
17689,3.3459756923803434
17690,4.811217763493623
17691,1.827012921193103
17692,2.4167974255993636
17693,4.7477276826217425
17694,3.5893624128521133
17695,1.162069321991265
17696,2.8034716512009417
17697,1.6957908886436823
17698,3.2514719454403602
17699,1.2653527687105175
17700,3.9078098754884913
17701,1.0116418252435095
17702,4.771185232184948
17703,1.5404214865012635
17704,1.707087598806941
17705,2.1262974953064777
17706,2.6598586705535645
17707,4.456889940733554
17708,1.5149471734060955
17709,3.944654445277589
17710,1.7293117276368202
17711,4.11227442113829
17712,4.058084993447655
17713,2.9608498336012294
17714,3.761756537201011
17715,2.878626218484415
17716,4.7211568808747835
17717,3.438989890354973
17718,3.1271556687240953
17719,3.532830110679827
17720,4.361310722466211
17721,1.165315620516508
17722,4.414008699428975
17723,1.187395237387558
17724,3.036996723303027
17725,4.329852479323546
17726,3.0074907432714952
17727,3.3750325574662465
17728,1.031650520020345
17729,1.7896329325521072
17730,2.2937314320643534
17731,4.772882214097327
17732,2.068275552640886
17733,1.3599408535920547
17734,2.030852494901422
17735,3.7426660155915643
17736,4.130088691947444
17737,2.328001942646384
17738,4.73774660903916
17739,1.7228210104940573
17740,1.9613292070306416
17741,1.9843877153767528
17742,3.3067051255753173
17743,2.5666769952394946
17744,4.756951576201079
17745,2.668267680363161
17746,3.899881260417571
17747,3.8855967226956363
17748,3.4031429803871456
17749,1.5513357056948025
17750,3.909656393793776
17751,4.362919597496617
17752,1.8175073092675675
17753,3.143205663953758
17754,3.4581683709972753
17755,4.905291188081124
17756,1.7595713379433948
17757,3.6672823663240774
17758,4.2060867415805046
17759,1.3076134518167395
17760,2.930009701800958
17761,1.056637388127407
17762,2.1922352632957947
17763,4.185837529128303
17764,3.525865479649354
17765,3.2260591686102726
17766,4.446268059144252
17767,1.2522225050893128
17768,3.957411306973899
17769,1.8539725628179302
17770,2.9208721153316626
17771,3.2518547193814866
17772,2.2437733440969563
17773,2.8032624942630546
17774,3.92388070686044
17775,4.137331231008811
17776,3.6618072660938172
17777,2.123066656331868
17778,1.729507244841737
17779,4.0340384589282605
17780,1.8804399837694028
17781,2.363505325203796
17782,4.739196382781376
17783,4.674512100252602
17784,1.9071115205284421
17785,1.315388462305176
17786,2.2241767535467734
17787,1.2472819231938335
17788,2.908583651342193
17789,2.735561712404105
17790,2.6854295926695526
17791,1.489657922802973
17792,4.523697615139891
17793,1.9397835146284996
17794,1.52643692947822
17795,3.8132727168179494
17796,2.978485952042748
17797,2.3443116290853916
17798,2.4366175978908893
17799,1.5958402940945926
17800,4.3138145983821765
17801,2.1737334313470464
17802,1.6104267708629973
17803,1.7596636270614572
17804,2.5305589285339
17805,4.018454504944412
17806,4.507627787403659
17807,3.2623682666883105
17808,4.155956819780716
17809,4.578436295091225
17810,2.3507618624134348
17811,2.0887792253677753
17812,1.8743436739589296
17813,1.411009580818106
17814,3.1401882936006387
17815,4.2423156613982185
17816,2.794411298134483
17817,1.6839980021059215
17818,4.980940162516687
17819,3.4025502878984257
17820,4.035122965943972
17821,1.6186632277803983
17822,1.1610205319731786
17823,2.8818149489193923
17824,2.444400125560961
17825,2.104066965708973
17826,2.0447768163230657
17827,1.0132768840608888
17828,3.818625878637421
17829,1.309579118841775
17830,3.3263083474718433
17831,2.7332857249814446
17832,3.373492732495341
17833,2.42244342775778
17834,1.2493711389244044
17835,3.512409634006588
17836,3.794793424730318
17837,1.6787783843942004
17838,2.134738583770386
17839,1.5007727062079703
17840,3.367817952738277
17841,4.024852212501979
17842,4.083835962552778
17843,4.92027354316903
17844,2.6101512787806205
17845,1.9832484957994527
17846,3.9653198020956806
17847,3.559875399032935
17848,1.3681139688237476
17849,4.697818804522557
17850,3.801597160482213
17851,2.7303450843123893
17852,2.2428479041344667
17853,2.7719467745169246
17854,4.226199088632118
17855,3.077725413662843
17856,3.891373672169844
17857,3.6954309345225256
17858,2.1707923105676916
17859,3.0820543531751325
17860,4.468879884845341
17861,4.59769605524515
17862,3.2525509925251517
17863,4.778092641529305
17864,1.886185148309318
17865,3.2836626705524283
17866,1.9771817249630046
17867,1.4752943133115228
17868,4.2851922741958886
17869,4.022226139802577
17870,2.773752649135976
17871,1.5528094686089768
17872,2.417018886583144
17873,2.801586231639456
17874,4.0275633494137075
17875,4.401845601684341
17876,2.6421482722106355
17877,3.9975989735545174
17878,2.088700329505663
17879,1.1581907722329827
17880,1.9610832934522895
17881,3.573635390640798
17882,4.561849689962719
17883,2.8477907827631497
17884,2.204327488034461
17885,3.2310560510234283
17886,4.258556189376703
17887,4.606736333888948
17888,2.956242982905628
17889,4.383000619975006
17890,1.1087381754942216
17891,2.7355567391485875
17892,2.124753350269935
17893,3.1168181929773504
17894,3.733105621545497
17895,3.537546880520822
17896,4.76075801639855
17897,1.7119326202767748
17898,4.854685704014988
17899,1.536083076603806
17900,2.986735778759537
17901,2.8831469509625576
17902,1.0231704105662613
17903,3.1513651832085254
17904,1.0671946204024874
17905,4.293049952692451
17906,4.811070928361987
17907,2.9397061557430315
17908,4.176418332915151
17909,3.5185522375214275
17910,3.9260512612499467
17911,4.746365082020784
17912,4.212552040298116
17913,4.034779957355065
17914,3.7232345967712432
17915,4.300008915435887
17916,4.2288649633569815
17917,3.911348156710927
17918,3.506331771547828
17919,4.693917260105504
17920,1.281970690700701
17921,2.1925050212991395
17922,4.027532950428965
17923,3.1613474078650006
17924,2.7682202865933996
17925,1.7428408891660858
17926,1.016273070820589
17927,3.418060700465163
17928,4.340946114810977
17929,3.580161438053216
17930,3.274841196870574
17931,1.8365870962453195
17932,3.421901617180371
17933,2.316547150456541
17934,4.046208598083004
17935,1.9293148601304781
17936,2.5379723516995334
17937,3.208994144622159
17938,1.5514581114406254
17939,4.101340134225525
17940,4.331886367500532
17941,1.0695494911114878
17942,3.5144499830497704
17943,4.466663275659951
17944,2.8391380615282964
17945,2.2228115415970824
17946,1.6257441001350994
17947,1.8120891498637186
17948,1.0705021152070824
17949,2.302058857547673
17950,1.908983896583937
17951,4.579749585164796
17952,1.296439065026807
17953,4.993668334849153
17954,4.683649325895084
17955,2.5396721124316874
17956,1.91221726649577
17957,1.9035029911981174
17958,4.016497553107193
17959,3.5328775641331998
17960,3.8475587258911195
17961,2.941183215556026
17962,1.530574057592193
17963,3.5528151946879705
17964,3.1474907525999964
17965,4.575511691082593
17966,1.4413548883481888
17967,2.3373180409887566
17968,2.9484533521820486
17969,1.609971872292006
17970,3.2061831066227144
17971,1.4610691527586512
17972,2.7647092926591688
17973,1.2110848425695315
17974,4.9635396208273495
17975,3.6766195750088126
17976,1.006923258534985
17977,3.016686963674341
17978,4.786378094503053
17979,4.826053860626928
17980,2.622315305154076
17981,4.6737871069661425
17982,3.1837599906262786
17983,2.5466066953163007
17984,1.4057946986061696
17985,3.6965730924978932
17986,2.1481986031884728
17987,3.9616109673464037
17988,4.90646675108421
17989,3.644858196168772
17990,2.6290722543137903
17991,1.5037274785078778
17992,2.210150044160033
17993,1.748592730298539
17994,1.7480278420218265
17995,1.9647074280841688
17996,2.043291580189373
17997,3.5334002658256973
17998,2.181255697127786
17999,2.570962902464318
18000,2.4880256198860855
18001,3.219881676244484
18002,3.365274817418599
18003,3.1219534894826086
18004,2.1318212173562543
18005,1.4878793648651998
18006,3.4170784708677577
18007,1.7410696236349934
18008,3.7388559835090556
18009,4.869114393814627
18010,3.3895014549977374
18011,3.986703324436453
18012,1.4078909520596574
18013,3.648576409065834
18014,3.56598219151601
18015,1.7997697542763258
18016,1.9065252733132199
18017,3.4275128624331943
18018,4.321471022269986
18019,2.13150572445877
18020,1.018745608051391
18021,2.8051345140926314
18022,2.3077392771030905
18023,4.336610196789755
18024,2.083783739562482
18025,3.4334702295680666
18026,4.392483390531387
18027,2.7153082888807107
18028,3.6467300122999915
18029,3.5807376997583726
18030,1.0483495763474306
18031,3.1360793825795654
18032,4.931553431275113
18033,4.237788798641237
18034,2.5782707973988024
18035,2.17833452917376
18036,2.8851120961109777
18037,2.7522318995630095
18038,1.7399431351591161
18039,2.313646690514816
18040,1.6274638543324151
18041,3.5959780358798326
18042,4.0365407628880465
18043,4.06999101521251
18044,2.559848425086122
18045,2.5180979854430077
18046,2.47020374867749
18047,4.6368687766585115
18048,4.321759795028457
18049,4.66385357682697
18050,3.6705240192695627
18051,1.2558568259690572
18052,4.485065439397479
18053,2.5427100335000974
18054,4.53258344199331
18055,2.705445005136268
18056,2.607531486696806
18057,1.7628881392924503
18058,4.363060343157414
18059,3.133946327480267
18060,3.6663190295534793
18061,3.581676855256685
18062,2.4419962066547276
18063,1.1762389675045677
18064,1.9236958017420673
18065,3.9049160629279718
18066,3.3953654763645202
18067,2.870470422680152
18068,4.121119769489706
18069,2.3319267112415076
18070,4.43252525923108
18071,2.421099600620416
18072,3.0691001762580243
18073,1.474994454392176
18074,3.8246948992950576
18075,2.5681886949449115
18076,4.25959562485155
18077,2.291125878787035
18078,1.3871227417336902
18079,1.0709977763463092
18080,4.665715813253703
18081,4.734221486949723
18082,3.852582035046415
18083,1.8986851635840427
18084,3.6677806052075055
18085,2.8322182103727815
18086,1.7750801460509322
18087,2.9973964296965803
18088,2.2756540681995676
18089,3.968585216111159
18090,1.915093573221799
18091,4.791189660441955
18092,1.139071001982182
18093,3.7704408252563195
18094,2.4718827803164785
18095,4.424671211640288
18096,1.7115431787575242
18097,2.2249125708263784
18098,4.965271596136981
18099,3.2211936856854635
18100,2.113942089710321
18101,1.0405654146632233
18102,1.7122555570798905
18103,4.788848264471487
18104,3.2962883066621735
18105,3.0847356793424305
18106,2.9111701510468135
18107,1.4872466442441867
18108,1.1359285266970547
18109,4.169903632619698
18110,3.864023747209283
18111,3.5870722522966285
18112,1.8482613283424696
18113,4.179275740616955
18114,1.2950426274824451
18115,2.2646287826553517
18116,2.265618869082394
18117,1.6200857376572322
18118,1.9139653509422359
18119,2.7401594789935904
18120,4.439694089849686
18121,4.327882234984378
18122,1.2674131874912318
18123,2.9608733708622936
18124,4.189801818635037
18125,1.6230244595363228
18126,2.209366604481722
18127,4.362777070281766
18128,4.3221822408489645
18129,2.771689561431482
18130,2.1219993782790403
18131,4.2236410829713815
18132,4.207680186066224
18133,1.0260072249097152
18134,2.8444477043733305
18135,3.538519282196329
18136,3.2549353479291656
18137,3.4773377704201236
18138,1.7641839480958978
18139,4.107801949374592
18140,1.5689453423075306
18141,2.813925171505998
18142,4.915247198616353
18143,3.5192277956990563
18144,3.4290656515440707
18145,2.7942359290568195
18146,1.2973142305948309
18147,1.5860705837300428
18148,3.4255157749699436
18149,3.838021998292986
18150,4.6119154574504435
18151,4.587865801238419
18152,4.002397600287379
18153,1.8119794554859863
18154,2.857040379443084
18155,3.0260756775570012
18156,3.7245872532670563
18157,2.758887633786125
18158,2.9297319221134748
18159,2.763173089942024
18160,2.050708548134102
18161,4.910616115073044
18162,4.58721590353808
18163,1.4184284342170135
18164,3.823310800260388
18165,3.9265460669250296
18166,4.07633087166777
18167,3.4535404760472534
18168,1.7507554563984975
18169,4.541267296532391
18170,2.4287836552040005
18171,3.9193232455041307
18172,4.707843973232325
18173,4.284848709290029
18174,2.396798890993391
18175,3.3706314361458456
18176,1.2167754369329642
18177,4.084883644927589
18178,1.0957554461814696
18179,3.6576932490887897
18180,4.603979310189638
18181,3.385745702765777
18182,4.35620319403647
18183,2.91841870487778
18184,1.8792152373683764
18185,4.966549400685565
18186,3.0921453743443417
18187,1.0740531434221539
18188,2.1453346628893737
18189,4.037476817306706
18190,2.961732816122304
18191,4.001535824047508
18192,4.87893514218937
18193,2.4504503312319588
18194,4.081539685435459
18195,4.667083073081058
18196,1.4190810604316129
18197,3.617008060944669
18198,3.5844344574860556
18199,3.6594931690449632
18200,3.625283088886835
18201,1.717172481156025
18202,2.572191457454846
18203,2.4477987314313574
18204,3.097117289402933
18205,4.9774168315327305
18206,2.109496711594842
18207,3.812966757484589
18208,4.365101462663343
18209,3.626144453199081
18210,1.6348830860522257
18211,3.0574268098839377
18212,4.178587231592401
18213,1.4298516092238
18214,1.6756078263619374
18215,3.4642445456480786
18216,3.6230024962648537
18217,4.8367185855330135
18218,4.359635850145759
18219,3.592311881099331
18220,3.916700754133463
18221,1.5518498677888126
18222,2.0682096460314976
18223,3.2790099421122108
18224,1.6767225256412548
18225,4.449188439455757
18226,3.3618847618799435
18227,2.308602893165722
18228,3.3347653602632916
18229,3.016848135697555
18230,2.8163393485015673
18231,4.043136797164127
18232,1.3277505954008078
18233,2.0139050461598176
18234,2.541461485842486
18235,2.53013264999142
18236,1.3209365613529815
18237,1.0466862391765464
18238,1.4692053969561232
18239,4.816538925721065
18240,1.5805330711384133
18241,4.661174004583007
18242,1.500767101959776
18243,2.8272247523078975
18244,1.5330620998710232
18245,4.437728375429991
18246,1.5260304136981668
18247,1.1657912967049535
18248,2.2892363762668277
18249,2.53524256111141
18250,3.8919698421687987
18251,2.7639420027661865
18252,3.998838023875779
18253,1.7320761435989862
18254,2.388937749408492
18255,2.6583156093838047
18256,2.7695884076156685
18257,4.919985692124213
18258,2.829644957615477
18259,1.1676107498334303
18260,4.920894012480934
18261,4.583187965194768
18262,2.155570742767341
18263,3.2093443227971754
18264,2.2034736251023546
18265,2.151163964679801
18266,3.684149115580591
18267,1.307128127756414
18268,1.7812458607990118
18269,4.371189497310448
18270,2.615214912635231
18271,4.5668344223061235
18272,2.6514749052904274
18273,3.4404509775055967
18274,2.7167847092732913
18275,4.426411577777245
18276,4.01006941554748
18277,1.894940093370229
18278,2.7164288399452037
18279,4.5102509243007685
18280,4.121331823307686
18281,4.3363328777872345
18282,3.316100483205392
18283,3.1478563998752596
18284,1.6486519200913303
18285,2.269782330057531
18286,3.1433173362275806
18287,4.911598770562623
18288,2.400861487705696
18289,3.206961205280788
18290,4.4456658367718225
18291,3.693332998423229
18292,4.26875838334294
18293,2.6175962818476544
18294,4.579800205658247
18295,1.255993818549844
18296,1.9658944153608053
18297,4.915984251616608
18298,4.480749637722864
18299,1.6464523567288216
18300,1.2504436582011316
18301,3.5870685539690013
18302,4.832445023682702
18303,2.419399093728347
18304,4.613146969849784
18305,3.954197474938901
18306,2.2786980941265678
18307,4.27205967636191
18308,2.532128974557839
18309,3.5978643381564184
18310,4.10019100877207
18311,1.291479711744774
18312,3.58368145035094
18313,1.4572183838761816
18314,2.1283665363194197
18315,2.0580423495106843
18316,3.2755387922809245
18317,1.137679877359246
18318,2.194557807797601
18319,4.913209584359857
18320,3.767879432854731
18321,1.1598986460675946
18322,1.8081509102610602
18323,2.363691218070259
18324,2.8623807246279216
18325,4.81485187626085
18326,3.032225897541917
18327,3.7252876181855683
18328,1.3338430170498068
18329,2.1229243630716246
18330,1.9482261184259664
18331,1.9851294593488733
18332,2.476603521764509
18333,2.1289413781740922
18334,2.8781510285714464
18335,1.3221220881363918
18336,2.785584087655458
18337,4.227787557477152
18338,2.1551477869166544
18339,1.8891584628055278
18340,2.326717522348746
18341,3.6484311000224987
18342,1.7532720575987257
18343,3.1620478850092244
18344,1.9596213671383285
18345,3.2661090817195175
18346,2.0153086449129756
18347,4.0410561280482
18348,2.3098160696207204
18349,3.7118131942963695
18350,2.869618893086677
18351,1.9822048905590504
18352,4.42355830277579
18353,3.5838031170373026
18354,3.1079339936593198
18355,2.421537845433558
18356,1.917115070957844
18357,3.3217615245011975
18358,1.6545379968549154
18359,2.6650352378683286
18360,2.7543667170291033
18361,4.777357002719272
18362,1.1813125444491441
18363,1.8594732964313891
18364,1.4831228186021974
18365,3.361452704436893
18366,3.4242775419137823
18367,1.166373663848721
18368,3.2368744166086985
18369,1.4044727033231688
18370,2.1943294629258707
18371,2.8653023025963926
18372,3.0064862868126134
18373,4.449960866323256
18374,4.511818692823979
18375,4.636726012641477
18376,1.7945398454823707
18377,4.728366340120516
18378,3.2911185137471466
18379,4.6877816570745
18380,2.2984846843420357
18381,2.399872128950176
18382,1.3931761786956955
18383,3.950753677155445
18384,4.5396784741581415
18385,1.1940082647697032
18386,1.0549142855234335
18387,4.9453719478816724
18388,2.489704401077587
18389,2.0973369209982717
18390,4.925504371534955
18391,2.9218240801139297
18392,1.3752299399515975
18393,1.4931614861511937
18394,3.974459705148847
18395,1.8219528893833945
18396,2.72097843778083
18397,1.6169046244895293
18398,2.188049195375955
18399,2.661502370369312
18400,1.8955162047291592
18401,1.5070385573622742
18402,1.5687369542046072
18403,4.297541508820321
18404,4.4587627616667955
18405,1.9084580593274532
18406,3.361442829022751
18407,3.741695853626966
18408,3.122003904903621
18409,4.398827074278589
18410,1.4471833242179288
18411,3.57156252202287
18412,3.475851050963683
18413,4.268123695999149
18414,1.6069468644967433
18415,2.6535484762082664
18416,4.596708617922571
18417,2.605479854516931
18418,3.8413373890862794
18419,3.2538529601960806
18420,4.316607122053054
18421,1.764460006767452
18422,2.162150568834929
18423,3.3601531762632244
18424,3.151812444137099
18425,3.0497634911362788
18426,2.935479049840755
18427,1.7475774934644233
18428,2.672220584197159
18429,3.5840283632684438
18430,1.4336268553892366
18431,1.1059669928421836
18432,1.4646502882296613
18433,3.810067205267792
18434,2.625004029359277
18435,4.578476503894516
18436,1.8900517958619631
18437,3.8997537771289625
18438,3.8060813571540133
18439,2.4171469378759913
18440,4.7020699568550315
18441,3.408500104976617
18442,1.2488518940269677
18443,2.994188195274951
18444,1.5201284848331844
18445,2.972198284216704
18446,4.7868828077290235
18447,2.596553708841271
18448,1.2251188222181577
18449,3.9511471948102574
18450,1.6975564303844708
18451,4.538250771947201
18452,2.629849908369716
18453,2.5183538094687727
18454,3.387009007242004
18455,3.140946873757447
18456,1.1302814234967347
18457,3.9627407065161364
18458,1.8933731168388137
18459,1.3683310731488745
18460,1.193691646051532
18461,3.597726803225782
18462,3.2786610846052295
18463,4.029465620587871
18464,1.4736036849112337
18465,3.058014482558256
18466,4.5576132576854125
18467,2.0086838048396456
18468,4.648474745202999
18469,4.452984852400027
18470,2.334545201467497
18471,2.5607947027171867
18472,2.3968956097989893
18473,3.2525965943407207
18474,1.5558056959083224
18475,2.099343433777039
18476,1.9035976928546434
18477,1.7222268166945476
18478,3.931399581527706
18479,1.024103441127508
18480,1.5268413739990616
18481,3.102222320694534
18482,4.186559162692511
18483,4.658875635569453
18484,2.78777332812463
18485,3.8266700676180907
18486,3.060321310321732
18487,2.8036060261586733
18488,3.7465116869634794
18489,4.482350233014318
18490,4.685842657341871
18491,1.4660058462969041
18492,1.0848534182725604
18493,3.6461706796345594
18494,3.865774885032967
18495,2.580712978925321
18496,1.7374816214076412
18497,1.6163715482368617
18498,2.1894949405946145
18499,1.7993853286323396
18500,4.783323708694248
18501,1.290128094808726
18502,4.288427464183043
18503,2.652429887072524
18504,3.9958055800939545
18505,4.289292976133521
18506,2.9193603604377145
18507,2.093894194274164
18508,2.2502013759507085
18509,4.658809503601892
18510,2.443063587436623
18511,1.9907674097113408
18512,4.5038987631628356
18513,3.110475437540323
18514,1.4621564682020378
18515,3.5889733478521255
18516,1.3105199943811
18517,2.4647298292662296
18518,3.5417703829721034
18519,2.3688421340630446
18520,1.5485313890276133
18521,1.5376551244549126
18522,4.514686094273973
18523,2.860238057621712
18524,1.8973730265093578
18525,2.8333859148185554
18526,3.588312571524335
18527,1.0807089758330815
18528,3.733316456067599
18529,4.126088682846611
18530,3.196842226766588
18531,3.2063233189038494
18532,1.8704261635415649
18533,1.7102823481934948
18534,1.2426082547711563
18535,1.2558450512043509
18536,2.711264797172883
18537,4.926254801872238
18538,3.264911343757498
18539,2.9111217453473417
18540,2.247124747870347
18541,4.227838382198986
18542,2.7356358687905753
18543,4.622312298566698
18544,4.909018475180553
18545,3.963094411245037
18546,2.671604387886543
18547,1.6377330427683114
18548,1.8223531770628774
18549,2.2074296452177955
18550,4.793673889657793
18551,1.478007943502469
18552,1.9653553371243757
18553,2.1186356751382145
18554,1.2804854128907155
18555,1.3635937455367615
18556,4.796075569072286
18557,3.766466530203336
18558,4.675711039617738
18559,3.289050427413969
18560,4.932535092596783
18561,2.95191273976137
18562,4.076392172487431
18563,4.978935281170941
18564,1.2502895493833153
18565,1.7527108900639372
18566,2.7481904902256824
18567,1.7848386830251934
18568,4.613494074076801
18569,1.1592669959091308
18570,3.518045263920442
18571,2.502665743492031
18572,2.4268864586742303
18573,1.4308457838951112
18574,1.4922666024105768
18575,1.9877898581198878
18576,3.9984869166652732
18577,4.645283175830242
18578,3.083930854842565
18579,3.895721627255172
18580,1.4906572047838136
18581,4.846992799085092
18582,2.392030299787605
18583,1.3439314243958154
18584,2.486971624154759
18585,1.541358734769156
18586,3.10031375414011
18587,1.489285251985537
18588,3.137171391054601
18589,4.220593628015184
18590,2.368050803916542
18591,3.1839970474894157
18592,1.147549952612783
18593,4.986027084061584
18594,1.3269507552585393
18595,2.4706867614790133
18596,1.9026262412516046
18597,2.445440018716771
18598,4.217038519787916
18599,1.4937106829369116
18600,3.0084167186055355
18601,2.5089286501827766
18602,2.695103079721022
18603,4.079061996368547
18604,3.2384292364428586
18605,1.7284106228906677
18606,2.415379673102709
18607,3.7549909213461623
18608,1.3991389772867397
18609,1.0051345287169413
18610,1.253611077605647
18611,3.252103918948391
18612,1.357405866096399
18613,2.659178967199445
18614,4.3868091403664815
18615,2.7177081881078298
18616,2.3527493627858966
18617,2.0592038820136636
18618,2.801513693386819
18619,4.3306295427698664
18620,4.461073356444134
18621,3.5395244112370623
18622,2.3100727587270304
18623,1.9170342237155031
18624,2.7655987409771887
18625,4.343730701417669
18626,1.8678167495195415
18627,2.328790041530792
18628,3.421329750448363
18629,2.271585945039692
18630,3.9422096721705078
18631,3.3884172969200836
18632,1.6640319515822957
18633,3.3232761767454155
18634,3.4390209543572516
18635,3.3334045333745834
18636,3.8676013783965257
18637,4.478931668824699
18638,4.85603204243635
18639,4.1518209262909815
18640,2.513853354735634
18641,2.0325757371413493
18642,3.1966311623999917
18643,4.187742970417437
18644,4.779081639685235
18645,1.3741495021227341
18646,2.382375713162051
18647,4.553174233572351
18648,2.634019703808049
18649,1.084594003671799
18650,1.7637705814156526
18651,3.8577067471428825
18652,4.13034965832531
18653,3.3694460582981147
18654,4.410426557496776
18655,3.0045274648725164
18656,1.2038093271071229
18657,1.5831254540666833
18658,3.9450663280128118
18659,2.0331159961522784
18660,3.9118722652208207
18661,2.3879177386938073
18662,4.839142348822976
18663,4.879418184532231
18664,2.082278782605284
18665,3.412075402852464
18666,4.802563101716891
18667,3.4557226643939534
18668,3.7184380383139173
18669,4.904204208962971
18670,3.1035516048356793
18671,4.057682826824932
18672,2.731787425539182
18673,2.037343339422885
18674,3.916662050727424
18675,3.333045975279261
18676,4.838211631205862
18677,1.2518035457795493
18678,2.152224058369403
18679,2.833163745824851
18680,3.9938543635094987
18681,2.860126269650669
18682,1.0058768973267136
18683,2.035641045927953
18684,3.7929260906136624
18685,2.3204403325212026
18686,3.8048030605950007
18687,1.0332183745286359
18688,3.245780276174469
18689,3.820921495158198
18690,3.9778827263837346
18691,2.7919366066250584
18692,1.1398429063949744
18693,3.5300845240400087
18694,2.6921766784218755
18695,4.737716454139541
18696,1.1047724455781838
18697,3.4400790525965164
18698,4.749696730372968
18699,4.5667738869924985
18700,4.8661691152266915
18701,2.9359208823448353
18702,2.943535704136719
18703,1.3951319981981811
18704,1.39684379215982
18705,4.495106634125071
18706,3.436040313732956
18707,1.2383157839240004
18708,1.814061502470806
18709,1.0459169632618526
18710,2.4308292298960295
18711,2.354176454139992
18712,2.5512151331231827
18713,3.0277109888805693
18714,4.074718392000603
18715,2.3777244500290684
18716,3.9711939457951506
18717,1.0973423189836087
18718,4.955947251790439
18719,2.5740066324500717
18720,1.493756635344098
18721,1.6641654966427137
18722,4.647845268171577
18723,3.231796541044132
18724,1.8316486764778066
18725,3.7972037406814967
18726,3.501527222313389
18727,4.477052453369487
18728,4.969969547921086
18729,3.0890976144580264
18730,2.2298276135572452
18731,3.7882370559188994
18732,4.010557958473571
18733,2.7857629120466822
18734,1.7281039751231675
18735,1.560576796964508
18736,3.6635431032805945
18737,2.632485177704356
18738,2.501900896335838
18739,3.991512609408833
18740,1.109827573057251
18741,4.0370286356632485
18742,1.0842162863676479
18743,1.4578226592511645
18744,1.4475735337807691
18745,3.1547440244296348
18746,1.7715483727148489
18747,4.223959338141775
18748,4.953106499296867
18749,3.5933161032067487
18750,1.2082578839460418
18751,4.063697049674865
18752,2.6493903800580414
18753,3.3343978855422756
18754,3.941434812979422
18755,3.096649454071458
18756,1.774768220958816
18757,2.982321588776848
18758,4.2511499225879685
18759,4.664304357349446
18760,2.164187574723933
18761,3.9867960368889515
18762,4.414041876726443
18763,1.1995804474385716
18764,4.933610398210707
18765,4.463845688965666
18766,1.0234956609828374
18767,4.79498643884938
18768,2.5141499890798302
18769,1.6642643944582463
18770,2.786541344157142
18771,2.4446293874001213
18772,2.7883998165725172
18773,1.313373474007093
18774,4.110582705732092
18775,2.215762812380856
18776,4.3414414705692455
18777,2.560885766240989
18778,3.7389294385783365
18779,3.9080199590330325
18780,1.3983351645007422
18781,3.5354149617847805
18782,4.875834242894046
18783,4.327768315609889
18784,4.6757577779233035
18785,3.1133471181660997
18786,3.8394236984274195
18787,3.949901360365745
18788,1.6527377300342598
18789,2.8819081436368803
18790,3.982556393576391
18791,3.5294076491178212
18792,1.9730655170524742
18793,2.9239044671952636
18794,4.111007050939039
18795,2.643930729326509
18796,2.0789994771838507
18797,2.5238251719347087
18798,2.5586354955592934
18799,2.82306121114412
18800,3.7234960934843677
18801,2.966064508316079
18802,2.4855662230932887
18803,3.9041698707759838
18804,4.705588004842114
18805,2.6741352824536047
18806,2.72981722257589
18807,1.9742552903422053
18808,3.2275012459316166
18809,2.1452732930857157
18810,4.944864910515631
18811,3.2961107900854536
18812,3.5358085924159317
18813,4.247041336047802
18814,4.580525401201754
18815,1.5294276592195075
18816,3.37046085111414
18817,3.257876097128785
18818,1.1595441685437473
18819,2.1754390412975075
18820,1.2837218232366876
18821,3.419930366383154
18822,4.686297172047722
18823,2.934914177886326
18824,4.493549050076103
18825,1.6681141011805511
18826,1.8674201850576804
18827,1.0728097169320736
18828,3.2453712931253125
18829,2.4444982993193727
18830,1.7872430963121344
18831,2.142106093607935
18832,1.03957835105673
18833,1.3158829877214009
18834,3.854415737009833
18835,2.195439371497097
18836,4.646581303538241
18837,2.098123294189709
18838,3.26425705699386
18839,3.7952900546226265
18840,1.6281248353935314
18841,4.9937188686706815
18842,2.3771483887874734
18843,3.8233495481514983
18844,3.535817782080121
18845,1.5255384213748813
18846,1.88476324492256
18847,3.5796844405714308
18848,4.92862054243442
18849,2.977451236531866
18850,3.458700841552102
18851,3.7539507368542036
18852,4.404557085876068
18853,4.4719775042676035
18854,3.7729747616199143
18855,4.867362308917107
18856,1.009587840602988
18857,4.082266180742316
18858,3.651113741402726
18859,2.929184218298188
18860,3.815344622995039
18861,1.94217889183621
18862,3.6028188187307726
18863,2.848109556825411
18864,1.4173096734516588
18865,2.6639672698030794
18866,3.9988468559543855
18867,3.3630449050091746
18868,4.313775421399097
18869,4.528359726880881
18870,3.7750188630184365
18871,1.121078337199013
18872,3.4572475419389326
18873,3.3254760073095704
18874,4.940663614060812
18875,2.9466598840257014
18876,4.033116342056639
18877,3.749544265804815
18878,2.1511045706021603
18879,1.5434297253476266
18880,4.114812204751569
18881,1.283036781440833
18882,4.120177231328514
18883,3.5141131349403616
18884,4.2903589063811465
18885,1.7990554867031383
18886,3.21577785740142
18887,1.142735393956924
18888,1.0833408026788218
18889,4.8070286172854555
18890,4.424132152767639
18891,1.5642156259059057
18892,4.4051325518074105
18893,2.4834234145152054
18894,2.9859684344913777
18895,3.8211783765118175
18896,3.9985224804114443
18897,2.1379253847002633
18898,3.6131405824480707
18899,1.032194932058525
18900,1.6512897040893537
18901,3.3398391048169036
18902,1.921251944017491
18903,2.5200607025323376
18904,3.0435083545533925
18905,4.575836093970395
18906,2.455608315803473
18907,4.56411916815647
18908,1.0729825072062775
18909,1.7380403681957608
18910,2.006370515768123
18911,2.284790608917466
18912,4.51085914329277
18913,2.097239626433213
18914,4.34807651528417
18915,1.9198776749043156
18916,4.343688072856178
18917,3.127410926074506
18918,2.3012196334375927
18919,2.1309253558785626
18920,1.5045374344865672
18921,2.4860202917888885
18922,2.784739919501759
18923,3.226426271002299
18924,3.7749609607894534
18925,4.414837364823336
18926,3.642592492914147
18927,3.9063872271114453
18928,4.989822309793675
18929,2.64755331422437
18930,1.7787443124359492
18931,3.2778121068315196
18932,4.947770256116221
18933,2.9185877900221975
18934,1.557245968234537
18935,2.7847972519435853
18936,1.236784701028462
18937,3.384162354944447
18938,2.5911678305938994
18939,2.6180736383106527
18940,2.1907062992100346
18941,3.152331925447182
18942,4.629075280388552
18943,2.882536749108352
18944,1.6989669819039954
18945,1.2390375864158711
18946,1.98476496609076
18947,1.402805344550321
18948,4.495057301838724
18949,2.865226280248538
18950,3.815976021502519
18951,4.061954059916253
18952,1.595296352636915
18953,2.138612962922312
18954,3.463059642273995
18955,3.978182884816418
18956,2.9740831311352216
18957,2.046621118960691
18958,3.3286918254240554
18959,4.244640184543087
18960,2.0673518230110903
18961,1.9235617712287447
18962,2.510056570898821
18963,4.432828003792301
18964,4.498531071196258
18965,2.7208142253200536
18966,3.908266024962641
18967,2.101326484384711
18968,4.005706689264291
18969,1.6738235079124135
18970,3.8044173577773153
18971,4.072033971717222
18972,2.2687874252592364
18973,4.17416634736799
18974,1.5980143332159837
18975,2.5900667203288825
18976,2.295323417537201
18977,3.8341070246820146
18978,3.948075657300136
18979,2.7641848858275
18980,3.9454395710634764
18981,1.4223741052449563
18982,3.2428094801118856
18983,2.7101962529356998
18984,1.8413476994068234
18985,2.4293544155927904
18986,2.2879817323278075
18987,2.2478851301014005
18988,2.2173187492059028
18989,3.398430306318148
18990,4.261959574000337
18991,1.7247124727165213
18992,1.546008220260787
18993,1.010653327578864
18994,2.0762818434170724
18995,1.947022363334609
18996,3.3767380941576723
18997,1.2619519640901409
18998,1.4991831390599546
18999,4.411369430892275
19000,3.647743067133382
19001,1.1959152985850139
19002,4.417691193146656
19003,2.112292725257545
19004,3.6183438768300573
19005,3.326380121236078
19006,1.1457260741320345
19007,3.5707399793303853
19008,2.9802245329813934
19009,4.794308668854503
19010,1.965591367048352
19011,2.382661537714942
19012,1.4088641883576152
19013,3.82697330836178
19014,3.634167228325253
19015,4.754408531795174
19016,2.3635458564372236
19017,2.5828395513904154
19018,1.7888562567545758
19019,4.10728556772494
19020,3.8921455314826967
19021,3.244443518991218
19022,2.364183814498239
19023,4.305915500171281
19024,4.0297876871598035
19025,4.401138165747533
19026,4.440153842442454
19027,3.519808387534332
19028,3.7044515407390857
19029,2.07653501054794
19030,4.415935257876836
19031,1.8806787248542594
19032,2.76326618616126
19033,1.6778657429358108
19034,2.697058688306321
19035,2.6285907318628303
19036,3.9171770234905194
19037,2.4806403727065356
19038,3.2202361008101894
19039,1.1699299084645616
19040,4.2049055445336645
19041,3.76495662331487
19042,3.330509339096114
19043,3.0710995397773337
19044,1.324198830596354
19045,2.917744866767028
19046,3.0750212027894093
19047,1.2157869990078929
19048,4.681675816994266
19049,3.66339034268058
19050,3.023671681284186
19051,4.406593925184196
19052,1.5245711574485026
19053,4.368206375329083
19054,4.265660099832166
19055,2.5447121900053493
19056,2.3808288766764734
19057,3.527377633963524
19058,4.286774437248507
19059,2.7700743084344026
19060,3.9473114773373874
19061,1.8757033703907293
19062,1.8083044845659746
19063,4.8177269225638515
19064,2.78067401327676
19065,3.9804322213604357
19066,2.865350176051653
19067,2.2028186827277074
19068,1.2681251020907496
19069,2.536300663049907
19070,3.107454335436439
19071,1.939243938738298
19072,4.575101802878073
19073,3.8029815815513386
19074,1.4265670055001807
19075,1.3219039275199127
19076,1.4239150519501833
19077,1.0581491828812184
19078,4.942824600476624
19079,1.892840721103913
19080,4.79211316342845
19081,1.0405860600854226
19082,1.4397109179406877
19083,3.2020483120226038
19084,4.070806492695569
19085,3.445913567798861
19086,3.464158464766198
19087,3.974175764552398
19088,2.257756118590137
19089,3.0029148053065144
19090,4.4122693233947565
19091,3.3690971749754604
19092,1.0851595862043428
19093,1.5922152658372037
19094,1.818327142102453
19095,2.1087913295982914
19096,4.75824373457035
19097,4.307378086661984
19098,4.271710340792934
19099,1.4781072228477865
19100,3.856897062328543
19101,3.629280578987753
19102,3.589106859232578
19103,4.853481261251016
19104,1.8933908560214858
19105,4.1011494674492655
19106,2.649990091743896
19107,4.774913585373161
19108,2.781717999916933
19109,2.7468140661077673
19110,2.3133650614734145
19111,2.080837359916095
19112,3.6654660204826426
19113,4.333588242592717
19114,1.2654860697467583
19115,1.8132691881279595
19116,3.8936673987760018
19117,1.0167600301577102
19118,4.677993510802687
19119,3.2969942948995348
19120,1.7540584586708077
19121,4.834705075767227
19122,1.2166240683636302
19123,1.371941715737805
19124,3.4857878038710064
19125,2.865460821271446
19126,3.6172546333973306
19127,1.9494914445999618
19128,4.760269971832889
19129,4.32943877515286
19130,4.39232143844882
19131,2.743867223603538
19132,3.5422501248126643
19133,3.136739625944438
19134,2.6662388823310654
19135,1.1594090685660072
19136,4.955564358212785
19137,1.3295331292953927
19138,3.659573562782145
19139,3.4796919192194826
19140,4.442830645060354
19141,4.364926242746083
19142,1.6781467337639615
19143,2.2672115644715025
19144,3.47325582359667
19145,4.78924391364557
19146,3.902841698759096
19147,1.8735909584396966
19148,3.936285816704771
19149,2.7591705292774575
19150,2.803888838552587
19151,1.2436463193671057
19152,2.3050513448750882
19153,4.1715997680068835
19154,4.274842040361066
19155,3.435220730505497
19156,4.48270638102376
19157,3.92143040132216
19158,2.019876852136072
19159,1.2080409235250995
19160,2.289945744381646
19161,1.8979352721798568
19162,1.269076613090804
19163,2.4699685968900256
19164,1.8850626807445723
19165,3.5580808300588327
19166,1.4213944868838535
19167,1.610742745709735
19168,1.8933495045320488
19169,4.9894657088490355
19170,2.3925050665522107
19171,3.3894151783557436
19172,4.679663421083431
19173,3.1059496680998904
19174,1.8377167187541095
19175,1.417585874228629
19176,3.0872598631229105
19177,3.5381207320818078
19178,2.3191360849715057
19179,3.640042099943395
19180,4.242990123013631
19181,3.8928261100472468
19182,4.5830776600975565
19183,4.212786853593415
19184,1.6671186649709524
19185,4.731017694392407
19186,2.970430661213108
19187,2.347638721199899
19188,1.2667479617767134
19189,4.887297173373883
19190,2.3720471934392457
19191,1.3188837918183411
19192,2.6110741859391613
19193,1.4726967221955958
19194,2.864900848966976
19195,2.3836397599344346
19196,4.510250192264162
19197,4.849315642488607
19198,2.713585948098128
19199,3.0668322244269692
19200,4.274888822059716
19201,2.209830390112869
19202,1.1765745097644134
19203,4.870055570455381
19204,4.099912775410052
19205,1.1861289698021777
19206,1.8386534494378508
19207,3.647295856411742
19208,2.549577960883929
19209,2.667493155524852
19210,1.9969405719617055
19211,1.6194446073042141
19212,1.9926396004102354
19213,1.4300334762338567
19214,4.7112146179406675
19215,2.5564754141065213
19216,1.7337706431792488
19217,1.0569549739705546
19218,1.5438902754588288
19219,1.9265327958742011
19220,4.972202276258808
19221,1.8202927931065438
19222,2.7234893296085456
19223,3.407197777479518
19224,4.9889596089712525
19225,1.0169689112580795
19226,3.209800209668597
19227,4.87653791816072
19228,4.0373019997997215
19229,4.428017900355194
19230,1.336590658658388
19231,4.79762335335486
19232,4.006958482552236
19233,2.0556101389246177
19234,3.7099439526369773
19235,2.231960844164248
19236,1.0347862388769875
19237,1.561263709703045
19238,4.003450070522177
19239,4.543351446857367
19240,4.3224062894776
19241,2.619302226602932
19242,1.6322367815029781
19243,3.1140127885772104
19244,1.6814616631602886
19245,1.81721302296721
19246,2.882835200300607
19247,4.388016256108432
19248,2.6651448544509773
19249,2.998448904158301
19250,2.7445504250113744
19251,4.769149342419935
19252,3.3924655243497686
19253,2.809127921357909
19254,1.195459401512752
19255,1.9313424760927718
19256,2.707087572372974
19257,4.762709748141084
19258,2.458440679142361
19259,3.334972618632792
19260,2.3077439653333998
19261,2.7555067589179556
19262,4.257093945013081
19263,3.4185480127790764
19264,2.668200305262633
19265,2.158619956493218
19266,1.0072831308835122
19267,4.536076803502313
19268,4.591498886700782
19269,3.603700113526271
19270,4.284790831864583
19271,3.9564627849061598
19272,2.925476086017753
19273,2.8095568574450547
19274,3.5161730085661214
19275,4.965341124923546
19276,4.570460213192487
19277,4.239472337750404
19278,1.1400289160438755
19279,3.918497068037069
19280,1.2169195567945272
19281,2.104210703326239
19282,3.805264406630059
19283,3.7209235612894194
19284,4.351525072888857
19285,2.1113013082091943
19286,1.0764729628451595
19287,4.9716258001324185
19288,4.276602332677706
19289,1.5719120887559694
19290,1.6457804441590427
19291,4.224845256500002
19292,1.8004190696507738
19293,4.432484758478126
19294,3.835948591998995
19295,2.2400795186413145
19296,3.8499041200561903
19297,1.95625675347571
19298,1.5527921744916031
19299,4.54487047748321
19300,2.2014780662909517
19301,3.488096599303632
19302,3.8538600367222107
19303,4.326214180940422
19304,4.460298542474694
19305,4.6574738228520465
19306,4.697028539451869
19307,1.1083112077303499
19308,4.0884775278829935
19309,1.8073163189187285
19310,3.682160151622692
19311,3.40470166384981
19312,1.9761696827733957
19313,4.230795404441138
19314,1.3080591976589706
19315,1.4562561053056005
19316,4.934492344983081
19317,2.3168126627436325
19318,1.3303284035112584
19319,1.0245868287707531
19320,4.377027755933819
19321,3.3290304628008327
19322,2.1038081865556455
19323,3.3002800093926736
19324,3.96734223355195
19325,3.9059857652604606
19326,1.9061912269923513
19327,3.7045690335111345
19328,3.1718662469230585
19329,4.141462905679927
19330,4.9892170017735875
19331,3.2610426363489338
19332,4.122300329517314
19333,3.5626303864168327
19334,2.131553446657521
19335,2.5812955221294347
19336,2.4291107579906743
19337,4.818231802330834
19338,3.5813637671170047
19339,3.0932923232467733
19340,1.0284360959222836
19341,3.8221320100991405
19342,2.4602904485348933
19343,2.5980789211283613
19344,2.8856564631156565
19345,2.7243260990674267
19346,1.6490370307721944
19347,1.508641681389972
19348,1.9980307987102535
19349,2.7330942634559814
19350,4.218727441802663
19351,2.7594213839715516
19352,3.682995318813054
19353,1.3479939665619987
19354,2.1210450396045477
19355,3.6682295627479795
19356,2.880994129225042
19357,2.2206836585748007
19358,2.3737445901422323
19359,1.0394432150584025
19360,3.0523213598237837
19361,3.673672136187712
19362,4.764197477882739
19363,1.012381515687327
19364,2.4381965743101555
19365,4.110430479493666
19366,2.6990710400741214
19367,3.897885130662208
19368,4.826860421315507
19369,4.72694058158614
19370,4.93223002725418
19371,2.7437412262159575
19372,3.838577951136104
19373,2.757160288862908
19374,2.953004890760864
19375,2.211791092253826
19376,4.042178983819391
19377,3.576547443391747
19378,4.3430779513315745
19379,4.630310591603996
19380,4.129289987053422
19381,3.521400089462125
19382,3.1858421962440664
19383,3.4847657399813943
19384,1.0948487132414773
19385,2.5619876520300044
19386,4.467083310979062
19387,2.942126788654732
19388,3.7834554195086736
19389,3.264060329354748
19390,1.695418151047964
19391,1.1021337497207102
19392,3.685077141137027
19393,4.855732379463042
19394,4.482974674223989
19395,3.829301568801544
19396,4.863300716590201
19397,3.7260462424941863
19398,2.726796048678851
19399,4.771137503694803
19400,4.339095332655593
19401,4.314307336553211
19402,3.0989906268924425
19403,3.899424497920792
19404,3.3422136468669095
19405,4.515254974168585
19406,3.2554953934892654
19407,2.2671366403206323
19408,1.4538887996009175
19409,3.443913578451296
19410,2.9789807027697743
19411,4.374252778575266
19412,3.8350775836190887
19413,4.471804075360261
19414,3.2014302297742527
19415,3.5986083408420035
19416,4.139559587429481
19417,1.240541060392264
19418,4.777928665817986
19419,4.713885104730274
19420,3.611603125453976
19421,3.3933941578180744
19422,4.08800408053589
19423,4.610302490852081
19424,3.2892922165764635
19425,4.837936452382804
19426,3.1033188980445554
19427,1.343415765760601
19428,1.7284026137456316
19429,4.465876807044123
19430,1.7409171485942552
19431,2.679535683113582
19432,4.345452297070445
19433,1.9051445197245598
19434,1.8147446969019914
19435,2.46158472108512
19436,4.681933705900745
19437,3.8259961314033495
19438,2.2912260914982556
19439,1.0525360152934442
19440,4.567088883070925
19441,2.855546085433366
19442,2.5999756085337373
19443,1.567443959743383
19444,4.88598844310921
19445,2.3060813353050285
19446,1.4549914612858652
19447,2.164404583729961
19448,4.2907696110728315
19449,3.590382198423192
19450,4.766590302448957
19451,4.032072347438987
19452,3.9115195958587323
19453,3.080184457399735
19454,3.031117535374564
19455,2.4329243135631433
19456,2.586266031219643
19457,4.419213858620905
19458,2.5113372420206557
19459,4.411646820038138
19460,4.0602347276972015
19461,1.6755076128159496
19462,2.8456761520416034
19463,4.2856135469393335
19464,3.7608593269838537
19465,1.7040209142646554
19466,3.0370308090801426
19467,1.8619370863204492
19468,3.1842389953684407
19469,2.6074940300294793
19470,3.159297414629397
19471,1.222430987648997
19472,3.2003259656197773
19473,4.456459258548486
19474,1.7824863874367671
19475,3.4321014449834455
19476,4.40267111685101
19477,2.3098846094708603
19478,1.3112399237109957
19479,4.700275365033084
19480,1.2020297566163376
19481,2.7727990771149975
19482,2.559453344381855
19483,2.8176511876571313
19484,1.6592805036508609
19485,4.498813877360289
19486,2.9332277022332756
19487,2.049197005913899
19488,2.2916409663236306
19489,1.2476948328264386
19490,3.7967391482802118
19491,4.380812590998759
19492,4.942186162646946
19493,2.7994227771726585
19494,4.516974788173794
19495,2.698091213351473
19496,3.080526084103478
19497,3.879635041168812
19498,3.6186858925066914
19499,1.6596313952801771
19500,3.4907250137220402
19501,2.373072135637456
19502,1.9322862088431996
19503,1.8766765188121513
19504,3.8930023075439424
19505,4.279240335266097
19506,1.3162707201628607
19507,4.271149946555701
19508,1.098320932599345
19509,3.7942473233223333
19510,4.5468284971124735
19511,2.4739723448261213
19512,4.6653419195629
19513,1.5198098985318529
19514,4.45424225176415
19515,3.4114558469324705
19516,4.875847723560742
19517,1.1133956767490099
19518,4.415017031014095
19519,1.5951635759409064
19520,3.85920850705951
19521,3.216917858038276
19522,1.8867877245121223
19523,1.964116039321926
19524,1.6455670616805458
19525,3.798845827282781
19526,4.735822008420091
19527,3.362434042313352
19528,1.493101040018264
19529,2.642528133613545
19530,2.745802119688087
19531,3.12641525380587
19532,4.978323154674854
19533,2.305105117004641
19534,2.056418284777786
19535,1.4198373321343727
19536,4.192189338677154
19537,2.8624036161729696
19538,3.471708936437038
19539,4.446506601126623
19540,1.1160455845289903
19541,3.4374422651501515
19542,2.836399480639893
19543,3.4522433137641597
19544,3.5525795711165746
19545,4.605862103180382
19546,4.156735806855133
19547,3.1142399715277174
19548,3.843174714835058
19549,4.227459265396712
19550,4.5850992666012615
19551,1.4408925692694474
19552,2.689708730896312
19553,3.102014808109275
19554,2.0944565437152445
19555,3.901998269893794
19556,3.4020779347046335
19557,4.992683267381404
19558,2.965723259693356
19559,3.5940396016326397
19560,1.1753719330422872
19561,2.0307423816693286
19562,4.725191922720825
19563,1.8158904389772794
19564,3.1989805792048807
19565,3.195152290918351
19566,4.270323241640396
19567,3.524841058716053
19568,2.7710150553888115
19569,4.791247971362239
19570,1.0508108013317137
19571,4.526139496992182
19572,1.735182776587016
19573,4.0479421557039785
19574,4.189685164393703
19575,3.917527617928157
19576,2.680060857405344
19577,4.949681830165412
19578,4.714541314103714
19579,2.22124416843541
19580,1.0582888305162426
19581,4.9432698187405375
19582,1.8007178939787982
19583,3.146526776699191
19584,1.0544882565197358
19585,2.4071705200742795
19586,1.6599967041060233
19587,3.1222308455329375
19588,4.6036427250188
19589,1.222337047282656
19590,3.568544384508323
19591,3.381914286390644
19592,2.1206511983078524
19593,3.6324165577995933
19594,2.5180043436127977
19595,4.242518389174794
19596,4.593571202053639
19597,2.06698949520434
19598,1.7225371125615934
19599,2.9154779540197686
19600,1.7059229627735553
19601,1.032423921175432
19602,4.834744731708829
19603,3.001159290650151
19604,2.1443998797867962
19605,1.1391880694209986
19606,3.9576460227021517
19607,1.2773244895189992
19608,2.8430607892515067
19609,1.7976825297722558
19610,3.9432223672498536
19611,1.0377257135138418
19612,4.460651378121924
19613,3.932161460593111
19614,1.2861712903633489
19615,1.2316186956007962
19616,1.2724935112967652
19617,4.152976541570947
19618,1.4244769583694992
19619,4.92948700199203
19620,3.722392913199573
19621,3.638217219331425
19622,3.223402356041697
19623,3.89764260579497
19624,3.567553337828844
19625,2.0580223836893867
19626,1.9256862800387369
19627,2.2199381983640025
19628,2.8289461766886013
19629,3.8222038824681155
19630,4.6906633482494104
19631,2.7702539758291507
19632,3.1803201138955184
19633,3.5383383047481756
19634,4.831952186308113
19635,4.1908802038560395
19636,3.3953209664006945
19637,4.164154998373052
19638,1.121270965582895
19639,2.142446763132955
19640,3.554845343808644
19641,2.7982865076462997
19642,2.4723224193700997
19643,3.802800988754392
19644,4.43236306158842
19645,1.8530438326866259
19646,2.352471225582329
19647,4.843140915719095
19648,4.75089750332286
19649,1.7616179342540494
19650,3.1073951661440837
19651,4.894821257961096
19652,3.067288662163046
19653,2.392254097135778
19654,3.8394315185723547
19655,3.5962892629178818
19656,2.58569612849559
19657,4.93342114757899
19658,2.452786195468313
19659,4.531497056809602
19660,4.61862944225688
19661,4.710796524173608
19662,2.9179935164789716
19663,4.234701273910548
19664,4.762451033043371
19665,3.2813786573621573
19666,1.4491099475716696
19667,1.3065164645889191
19668,3.2139117174680143
19669,2.43811042510505
19670,4.303760693517102
19671,1.4903318559368604
19672,3.5624543207641475
19673,3.537425910597363
19674,1.8154919608967903
19675,1.7344804855975147
19676,2.5875428880571665
19677,2.571460516669245
19678,1.0113625207094672
19679,3.9273262419778154
19680,2.4345053295768846
19681,3.277608545659846
19682,4.590404478990047
19683,4.432281293806774
19684,2.350433129922119
19685,1.0999868402356268
19686,1.4224244026472586
19687,3.072594043830418
19688,4.6631128076638575
19689,1.0991857820316868
19690,1.750109574184576
19691,2.8486022860656086
19692,4.735609153522393
19693,3.414626094590492
19694,2.5292775463078527
19695,2.5560608881169005
19696,1.1043120630579022
19697,3.3219752577407133
19698,4.055855465701584
19699,1.3081806872332522
19700,4.225883203773584
19701,4.858929325759078
19702,1.328513431650899
19703,1.7827973369876644
19704,4.704439481201378
19705,3.125396702023772
19706,1.0459481312285535
19707,3.0547144795739283
19708,4.563905026719587
19709,2.01958080232714
19710,1.9972245974076355
19711,4.646547762971984
19712,3.651017937975344
19713,3.8649526875433216
19714,3.2770134503750943
19715,1.5357289306340722
19716,4.315955945833393
19717,3.3286114790745818
19718,3.9169442698523973
19719,4.33001115651183
19720,1.49232079273981
19721,1.661649051893872
19722,3.208210744174841
19723,1.5734436312374718
19724,2.346538044394287
19725,3.7611134630768857
19726,2.1438316839822313
19727,1.7895637608944321
19728,2.094916062601642
19729,3.6584861402617856
19730,2.478312199923874
19731,1.7947925372232354
19732,1.0482300927700736
19733,2.7997832289173785
19734,1.2835027678806483
19735,2.042667233526558
19736,2.832107554698736
19737,1.3511447914209156
19738,2.455543754600051
19739,3.052877876347979
19740,3.25936305287918
19741,2.168279358142733
19742,4.568131844358268
19743,3.530748729883467
19744,1.1372897155662227
19745,2.759579941193083
19746,2.4744896294425
19747,4.833280558574961
19748,3.069926011911272
19749,3.908852849061868
19750,3.997816046088948
19751,3.3117768462731063
19752,2.92180364238539
19753,4.408710101959368
19754,4.720615528854041
19755,3.620958545458752
19756,2.0093615860199048
19757,3.6011325914601016
19758,4.9991219471939115
19759,4.310759567411667
19760,1.8695069771068362
19761,3.2701246278748286
19762,4.900810340519616
19763,3.843163607652553
19764,4.407287614336971
19765,4.143388861330625
19766,2.547749871084866
19767,2.4047155803546265
19768,3.725644370787819
19769,4.459126827190024
19770,3.6687608738730724
19771,1.1866641361659944
19772,4.730146238007629
19773,4.943739521552661
19774,2.53103120213347
19775,1.9558925255110582
19776,4.015897049246427
19777,2.9898449950245487
19778,3.567840220607104
19779,2.8064532928222805
19780,2.908932639071126
19781,1.2432181680024166
19782,2.0414709919817846
19783,4.762890812909792
19784,2.981667764661356
19785,2.30927600969091
19786,3.8543621416719334
19787,2.0922386292350406
19788,1.0352936776212767
19789,3.2856068674223953
19790,4.679370250290116
19791,4.2617192498488965
19792,4.814642092745076
19793,4.655180619837703
19794,4.662139065271707
19795,1.1435293575355376
19796,4.43243994961845
19797,1.1678237718575044
19798,2.8312708688302197
19799,1.4849649797141842
19800,3.635638012697577
19801,4.261861028995874
19802,3.1931826466397686
19803,4.606001959063358
19804,3.378694968941539
19805,3.1770128237281257
19806,3.664041018428028
19807,4.2897255498710045
19808,3.1198515268118907
19809,4.056129629338827
19810,1.7564909932688582
19811,4.277958337132485
19812,3.37178532228572
19813,4.618073637399856
19814,3.543537982342451
19815,3.8203179183568183
19816,3.7931076395129963
19817,4.945989420345686
19818,3.265961344921704
19819,3.206193857768153
19820,3.65935150205567
19821,3.3571433766571808
19822,4.392352252309879
19823,3.3255459775573395
19824,2.8334359587631477
19825,4.522177284213948
19826,4.384870992508101
19827,1.093629621514879
19828,4.160664795299374
19829,1.256699770640922
19830,3.847282459641124
19831,4.34657306223296
19832,1.1219769627099994
19833,3.703574554715846
19834,3.7595942082949243
19835,4.968886630529407
19836,2.255225221694555
19837,4.107249451719118
19838,3.4900674518748502
19839,1.8942119935924415
19840,1.7886876635383686
19841,4.904634440414019
19842,2.6516606881966194
19843,3.101736707951008
19844,2.838018256672646
19845,3.0915227869094384
19846,2.3108302822390616
19847,2.8958164693558452
19848,3.4932335561298555
19849,3.280374348405776
19850,4.979169270213742
19851,4.229953401785584
19852,3.229315996322929
19853,1.5675271190990632
19854,1.7670866658857949
19855,3.2142566267250956
19856,4.594258533610567
19857,4.977123602492439
19858,3.1591554434973355
19859,2.607410843088327
19860,2.462809025137362
19861,3.8978968534283336
19862,2.1777527379391612
19863,1.4909450515693607
19864,4.130061869617337
19865,3.9964055977874575
19866,4.256996962655796
19867,4.386318260494903
19868,2.8407675158455414
19869,3.8005720105394363
19870,4.320910153841168
19871,1.692426172027345
19872,3.7139076542642857
19873,1.5962865626499796
19874,1.7393810084038313
19875,1.2728008676047784
19876,4.460329554578329
19877,1.555338676358077
19878,4.5826819369618
19879,2.769267886096917
19880,1.3837831682222665
19881,4.92597611867951
19882,2.672268066314044
19883,4.467443946322813
19884,1.8678998052078164
19885,4.027821546280942
19886,3.1395054116743246
19887,1.9539544534129925
19888,4.898268672699825
19889,1.1552849209306948
19890,2.493845589380337
19891,3.8488342553485304
19892,2.4123813399001257
19893,2.759685549658015
19894,4.22386449099214
19895,2.156078262559731
19896,4.159401984401695
19897,1.6456415500965917
19898,3.0090220011876405
19899,4.829619410512205
19900,2.220378004699772
19901,4.786397931624217
19902,1.9351586568098398
19903,4.034438106363986
19904,1.6021371305883654
19905,2.1449631536414073
19906,3.800036843741744
19907,1.1577468043964294
19908,1.9517278522104893
19909,1.3964881070355388
19910,3.6615082384603967
19911,1.011419537408592
19912,1.7705419334204073
19913,3.2744456413661878
19914,4.940694903590669
19915,1.8060744568652303
19916,1.0840587431160311
19917,1.0177474279868535
19918,1.4985238865378276
19919,4.051287478621986
19920,4.409180281689285
19921,1.677851174456717
19922,3.905862204348315
19923,3.633952528255689
19924,3.5200788191296346
19925,4.558918288303968
19926,2.798644106994301
19927,1.4939449730152496
19928,4.449416075848733
19929,2.509876220459491
19930,1.2297536622630023
19931,1.9803291259997087
19932,4.360243818128589
19933,1.4839070258039135
19934,4.783641892316459
19935,4.548931029835907
19936,1.9999245451852268
19937,4.843777776725092
19938,3.8526825977541117
19939,1.9780420369167082
19940,1.4210767003075242
19941,1.2489626802005134
19942,2.272057773963938
19943,1.0319611664611985
19944,4.335888187868074
19945,2.4286735334772445
19946,2.222466986010275
19947,2.568402401178462
19948,1.6999209202567411
19949,3.2233790240992546
19950,2.5565173075513266
19951,4.4719848089905305
19952,3.5041728403495243
19953,3.8987492307660423
19954,3.5482300597979997
19955,3.455106192114499
19956,1.297871410331941
19957,3.248666803645736
19958,1.0538560122459137
19959,4.70726680912548
19960,3.2031656815314147
19961,1.828901870550696
19962,3.9932352158375672
19963,2.9027080193027106
19964,3.538240766523905
19965,3.526035998087467
19966,4.437743150544103
19967,1.1592659890878645
19968,4.091257353614836
19969,4.266416763149836
19970,4.622115082207021
19971,2.2871840114105986
19972,4.357719354989493
19973,4.555319036923711
19974,3.8030278637027983
19975,4.510566680817355
19976,3.782297703262278
19977,2.557779601918469
19978,1.6456129276495597
19979,2.474666101633874
19980,3.538912614676243
19981,2.6933765562647527
19982,4.735043172826564
19983,3.797518701382922
19984,2.001574588228527
19985,1.8550657213727808
19986,1.3911035821363336
19987,4.804114554339039
19988,3.560492375199622
19989,4.174421135214255
19990,2.0518587071297127
19991,3.15572266062161
19992,4.620329234277574
19993,4.495895769390394
19994,4.889608498538788
19995,4.700825331675514
19996,2.7022435206589104
19997,2.326345763372205
19998,2.9917398678941955
19999,2.821272683883866
20000,4.881301691291407
20001,4.100214346709799
20002,2.059335837147995
20003,3.149797227612427
20004,3.2336154792950476
20005,3.9367955862573423
20006,1.9098782181683291
20007,2.6796496373964103
20008,4.904864792053358
20009,1.5380693257759335
20010,2.962488627497041
20011,2.6792417029247404
20012,1.4046002544764442
20013,2.020267907544501
20014,1.7735842138545155
20015,1.5219250045687138
20016,4.940248376366963
20017,4.049848702464885
20018,4.300494000553389
20019,3.347337424268898
20020,4.5711225376249285
20021,2.206648393280768
20022,3.969402870512827
20023,3.140556762949103
20024,4.272244862902186
20025,2.8145712923034285
20026,3.2092306747745547
20027,2.4917338978020545
20028,3.9338307158137593
20029,1.064457248035958
20030,4.510779122190883
20031,2.0050322131904696
20032,2.6114830956216903
20033,3.9521647073129125
20034,4.650863333205551
20035,1.3963732250170935
20036,4.777330872799241
20037,1.4457716328638575
20038,4.70395646910085
20039,4.0361756543150005
20040,2.5326369668315407
20041,3.408870077462538
20042,4.156560575336066
20043,1.1573053506506392
20044,2.1135920843311697
20045,3.7459194160479625
20046,2.2842388144812373
20047,2.609377741855002
20048,3.1478746603140757
20049,4.437195439424411
20050,1.9958320249312282
20051,4.912747313071133
20052,4.4077580218497765
20053,4.182794223497552
20054,3.165295005616612
20055,4.374536213940528
20056,2.6488069261810896
20057,4.251159735153765
20058,2.688408648330006
20059,4.068400608529504
20060,1.3427976466349287
20061,3.2079338675091242
20062,3.6137407850040844
20063,4.4471621635210035
20064,4.4751546493729775
20065,2.133084969461857
20066,1.0062966203689179
20067,1.0197840364667043
20068,1.8719077640133732
20069,2.6773738840159464
20070,1.5571434554209334
20071,2.4175602562696925
20072,3.244617447517386
20073,3.6535674351177305
20074,2.3026367496493387
20075,3.3100612020262954
20076,4.456243049725762
20077,2.3987641284582857
20078,1.174004283590118
20079,4.123682622628627
20080,4.383168239743978
20081,2.5037614556736663
20082,2.9513293975662256
20083,3.3611646200660634
20084,1.8032514247921325
20085,2.0295453867606037
20086,1.240010443870914
20087,4.176011449210753
20088,4.442733206442234
20089,2.5173983400162694
20090,2.275980731087555
20091,4.659433996044388
20092,4.005165038406597
20093,3.676386998037662
20094,3.8186356778079777
20095,1.2847123969457677
20096,1.0100592460557118
20097,3.8541519798873707
20098,3.7377586833695644
20099,4.686673211224923
20100,4.044501562776325
20101,2.7347283315323576
20102,3.3547658439867
20103,1.4420019280148844
20104,1.9243915155074878
20105,1.8565292510387756
20106,3.301098247744601
20107,1.0641955216074788
20108,3.959030158965258
20109,4.577261035866162
20110,2.470518360613494
20111,4.873756486575833
20112,3.2050074201773953
20113,1.8510174367145953
20114,3.4815018333333123
20115,2.2245274115193556
20116,4.226649779052187
20117,4.608030125818349
20118,3.2283945636109728
20119,4.570920815673199
20120,3.307278486301248
20121,2.2290993397122247
20122,1.2734025184147213
20123,4.510959055208954
20124,3.4096008189434044
20125,1.237236004040002
20126,4.012074256813759
20127,3.9264584678690824
20128,2.1531361618075904
20129,2.716302953565357
20130,3.6965233474137467
20131,2.261648271920772
20132,2.7847826719622666
20133,3.2615287687960786
20134,1.747989647016778
20135,3.568998286435295
20136,1.992702356815287
20137,4.595633314698642
20138,3.32637524132173
20139,2.513754205229512
20140,2.7457034309734283
20141,1.231615985729344
20142,1.6564207142810758
20143,4.998578234464741
20144,4.175017490864752
20145,2.298960897888957
20146,4.133250508855191
20147,2.756385381531874
20148,2.7672379270471046
20149,2.518591634854779
20150,4.043489581556233
20151,4.4810963842056175
20152,3.5911011303308267
20153,4.1894656892840665
20154,2.2719687385325944
20155,2.6894134627660655
20156,1.881887957564635
20157,4.692522669489421
20158,4.066933418684215
20159,1.456633482440071
20160,1.4772497507256732
20161,2.9350980364179264
20162,4.530737239748651
20163,1.382622681267279
20164,3.843593775653317
20165,1.1518217591498914
20166,3.11370800258069
20167,3.7326145958974473
20168,2.165789326383974
20169,3.9855363331113693
20170,2.432176985237979
20171,3.510306532614
20172,2.8314045427722196
20173,3.877540226650177
20174,3.921556913487306
20175,1.500370173036596
20176,1.9163289425843795
20177,4.186336789004678
20178,4.811058766921258
20179,1.5130271212614392
20180,2.8948855119850356
20181,3.996739165422118
20182,4.2034737057027565
20183,4.132738218407956
20184,3.169292393233864
20185,2.7676604835679015
20186,1.5198562945096414
20187,3.6457437346751855
20188,3.5584912687774204
20189,4.0589931175791865
20190,3.6477109650162465
20191,1.3531381443732435
20192,1.5529637641224587
20193,3.255602554939444
20194,3.8464338479007587
20195,3.1080307494346076
20196,4.777167759431537
20197,3.3291808632918594
20198,3.996741548934189
20199,3.4398864855506934
20200,1.9235761811478196
20201,2.1643498243904316
20202,2.29029472964261
20203,2.2367786058120442
20204,2.698423507213085
20205,4.477738230282111
20206,3.33843425340163
20207,4.332977641654985
20208,3.052224021074305
20209,3.390314230617877
20210,3.3662065502147493
20211,4.432754809442123
20212,3.8549887209399496
20213,4.170933441011952
20214,3.036707479072898
20215,4.4902614920031585
20216,1.6743638675822146
20217,4.286441110422738
20218,4.964671052881478
20219,4.048454353689982
20220,4.9614685235152
20221,4.188839270875804
20222,1.0810889994018877
20223,1.4660302684863202
20224,3.141651981994786
20225,4.14823172712495
20226,1.1568029993869011
20227,3.3204391360805374
20228,1.5906095238133537
20229,4.336664108584307
20230,3.68523333362502
20231,4.7811779701154915
20232,4.328469307319031
20233,1.4479907467975952
20234,1.1605811730704154
20235,1.6342788981362912
20236,2.260012633820099
20237,1.9132247235168247
20238,3.919402013415556
20239,2.712368005622494
20240,3.949450078411808
20241,2.062496406919692
20242,1.2962027036959305
20243,4.179133155176072
20244,1.4237480989783728
20245,4.45435469225548
20246,1.2265440936230507
20247,1.1259489764328432
20248,2.780934174170215
20249,3.0807316247229735
20250,1.8842155395483577
20251,3.9687017887208627
20252,4.4877058739419216
20253,3.76293541165155
20254,3.579731966760756
20255,3.098686991126146
20256,1.2781655198221245
20257,2.7938631187361542
20258,3.186191886837101
20259,3.005873214990594
20260,3.173910635098098
20261,1.1923743722759323
20262,1.5523601717147728
20263,2.2657743781161663
20264,1.446915124793347
20265,2.3944520115956047
20266,4.833480796513551
20267,3.4594244532237033
20268,2.927891754052805
20269,4.951904473999726
20270,3.4146493500114277
20271,2.0758445703600876
20272,1.2566893472979999
20273,1.9089345500481825
20274,1.0314162634704203
20275,2.9005012329947713
20276,1.4432370672950507
20277,4.43161839471269
20278,2.542840436565803
20279,4.150231026228466
20280,2.3628649162504796
20281,4.296065412123298
20282,3.413824980472595
20283,2.868615664772359
20284,3.0614259001025736
20285,1.2777857498853726
20286,1.7728529632896044
20287,1.000259789936266
20288,3.3630588890726725
20289,3.2502127523079114
20290,2.6216046153043138
20291,2.3445240312227424
20292,3.7006288719367233
20293,4.033522612737687
20294,3.1191060095803596
20295,3.2338561843195204
20296,3.937169440734578
20297,2.634146942514149
20298,4.952119660728121
20299,3.9442409638959672
20300,4.059798322748772
20301,4.676886161761351
20302,3.536257582322657
20303,4.7573660439393795
20304,3.907074339052907
20305,4.981185475271694
20306,4.549142146235705
20307,1.2210524912948966
20308,2.57008216814879
20309,4.981051409541005
20310,2.8647987913186377
20311,4.029409936194726
20312,2.5854951688536136
20313,1.4665306952109232
20314,2.985960252001885
20315,1.2556569820654935
20316,3.5728959200727126
20317,4.2696029059801965
20318,1.2763324109978305
20319,4.206691108112425
20320,3.3286411592753615
20321,3.320550438793396
20322,3.4547444269403806
20323,2.4904943485028412
20324,2.6928849244552806
20325,1.657886128599774
20326,3.0691691557645666
20327,2.5685783395116832
20328,3.2957307217707745
20329,1.8438719472055265
20330,2.7514546701261127
20331,3.3670368927574557
20332,1.8131631144052878
20333,4.836980130103939
20334,3.2598384196818295
20335,1.163060560257692
20336,3.431569769039773
20337,1.5781659338830134
20338,3.553451325332189
20339,2.8457563045358443
20340,3.158540417828364
20341,4.346892353020246
20342,1.438366677748081
20343,2.4176951751324025
20344,3.491336308532462
20345,2.689985748469118
20346,2.418000802783889
20347,4.852817974503817
20348,1.1137764779878694
20349,1.3016914433535671
20350,1.5252622934322768
20351,1.270699232099147
20352,3.824916236643808
20353,3.9290882317274307
20354,1.371995327557161
20355,2.6116384579591747
20356,1.143015899487787
20357,3.669591004750749
20358,1.1371178471400767
20359,2.146602060498638
20360,1.4288619556111288
20361,2.6630324226477424
20362,2.2946831259513907
20363,2.7254798273544387
20364,3.8981244333361573
20365,3.5985310588765795
20366,2.356016298829558
20367,4.954183830471424
20368,3.2524334564921356
20369,2.471422979358409
20370,2.6958006060820234
20371,1.0570249462726893
20372,1.7309847395234588
20373,3.2644096635668003
20374,2.16912350392062
20375,1.9901933131128478
20376,3.6863282691680768
20377,1.777856533786942
20378,3.669382485476762
20379,2.002555838921857
20380,3.319071607964243
20381,4.849736301745213
20382,4.0424831038131455
20383,3.1558772740057472
20384,2.762318219361605
20385,4.693291537329075
20386,3.4234786645915802
20387,3.145201365860382
20388,1.2206508218191559
20389,1.3747755358756648
20390,2.096160649060853
20391,1.779692180416105
20392,2.3098126685194305
20393,1.2326009039111359
20394,3.6163879911485086
20395,2.406411801381344
20396,4.458581169489327
20397,2.9078702561806575
20398,4.129124163797364
20399,2.9433130522723014
20400,1.290054458288279
20401,3.25184637148089
20402,2.3178664465770926
20403,2.167279081297649
20404,3.570226571068529
20405,2.0161901903992363
20406,3.502102237223373
20407,3.7001597463887075
20408,2.752977931425141
20409,3.341172641848248
20410,3.5151769681137477
20411,3.6140274292804144
20412,1.4462996395308183
20413,2.683725482920142
20414,2.4087066847136285
20415,3.490478576638838
20416,1.9213880083027948
20417,2.5854256494082954
20418,1.2327570967796389
20419,2.5059661627230536
20420,4.693714924250016
20421,1.2439741621454612
20422,2.2738283845018237
20423,1.5795910438147538
20424,3.638421573736869
20425,2.2226412880906814
20426,4.601560202377772
20427,1.3752943599977585
20428,3.9650448026433294
20429,2.1183738389510482
20430,2.627773781089142
20431,4.850437064054162
20432,3.7971257310285105
20433,3.732911140434614
20434,1.9038659768095156
20435,2.2782053402454037
20436,1.691552464933034
20437,2.6660021637742393
20438,3.547353404972713
20439,1.05948413382289
20440,3.6705420770840638
20441,2.749908105336017
20442,4.567561719470641
20443,4.073974315758743
20444,2.064169314803349
20445,3.5794221392926997
20446,4.190974284120678
20447,1.1126104458212867
20448,1.9719399064734984
20449,3.357700613913338
20450,3.691042798997427
20451,4.52782116919125
20452,3.197577319434605
20453,3.6735263676352665
20454,1.687290816275373
20455,4.022045784892816
20456,2.751070773005405
20457,3.3089329368752765
20458,1.2948986478877007
20459,1.2237460237582196
20460,1.697664904586813
20461,2.235474065655075
20462,1.1189132596093354
20463,2.587734510818557
20464,1.9061828362076536
20465,4.42026405603944
20466,2.0527209507585114
20467,2.893186142231436
20468,3.924266219144551
20469,3.828249058818439
20470,1.2516013217254915
20471,3.9730085815217464
20472,4.6240253424189826
20473,3.1198623767989067
20474,1.2895935180146338
20475,4.727367608649365
20476,2.0572201901328917
20477,3.495891674156721
20478,3.327833068464675
20479,2.834241449402313
20480,1.0429831164358978
20481,1.0633708464478588
20482,3.2840867118029133
20483,3.7812363043901867
20484,1.6755213925404968
20485,4.992740312210425
20486,2.5391072583215353
20487,1.280840760726767
20488,4.565375831811055
20489,1.9485889011476543
20490,4.711845141623073
20491,4.693782956860484
20492,3.3768716184988374
20493,4.00191683668363
20494,4.511711702333111
20495,3.1017719743621606
20496,1.4934039743161587
20497,4.058486117300085
20498,1.7553209018898364
20499,2.7389720962098227
20500,1.753310324622198
20501,1.653893515046053
20502,3.392532452830349
20503,1.4852375491249767
20504,3.5856576244078764
20505,1.0324232084141185
20506,3.2294770521953606
20507,1.6566707249560406
20508,4.254127310340117
20509,4.1049042220566
20510,4.179032936635032
20511,3.1179578915741692
20512,1.181081289584363
20513,4.056394925635015
20514,2.9198901499120065
20515,3.5619554846801837
20516,2.8075099673814456
20517,3.9252703752392577
20518,4.53234276458716
20519,3.6444700422263514
20520,3.728997807182023
20521,3.8707802414860395
20522,4.965455097645224
20523,2.090967615351807
20524,2.7818949789526872
20525,3.5777127955771584
20526,2.378866031693034
20527,3.483436831215392
20528,1.4949081522762002
20529,4.773347512596004
20530,1.0520471800214346
20531,2.295144429982323
20532,4.205793236847708
20533,2.551075310634922
20534,2.6119078533061817
20535,1.7952231464952844
20536,2.0426060634917946
20537,4.798116593711464
20538,3.304105880741276
20539,3.708936548488653
20540,1.2314784073054739
20541,1.242728220538499
20542,1.016956019223437
20543,4.05081987560292
20544,1.8432313100211597
20545,4.135157934599164
20546,3.4928669004786235
20547,4.590442078361646
20548,1.5056952702105777
20549,3.091230155132622
20550,3.2756349254620436
20551,1.8401091217755394
20552,3.1766246867894257
20553,2.1979289460516425
20554,2.5493707507890755
20555,1.4298795555846917
20556,2.698626142630858
20557,4.611830782423919
20558,2.994719020737607
20559,3.6027250279553926
20560,1.8363397257187173
20561,3.5512482513545343
20562,4.279447467166147
20563,4.456684281601362
20564,1.6867067069309467
20565,3.2773807349026383
20566,1.9606059478766849
20567,1.263156976528387
20568,4.0059546654760005
20569,4.210141552969828
20570,4.463724888100558
20571,1.625147816844883
20572,2.8970415841568955
20573,2.2551680789895796
20574,4.838909673851709
20575,4.977292172581464
20576,3.8049261350484422
20577,1.5304531286228924
20578,3.192661633090232
20579,1.9709284902783804
20580,1.5771068049953683
20581,4.109466314583251
20582,2.061297943465002
20583,4.682250223474934
20584,1.4181736035447514
20585,4.983197383729495
20586,2.0674184065864747
20587,4.877196581223494
20588,2.6097973983778675
20589,3.7017286013826123
20590,3.104785243079356
20591,3.1507502149476636
20592,4.0526323473662265
20593,1.3339294443459235
20594,4.762533456587003
20595,2.289281691281599
20596,2.0312976180228746
20597,3.41207628721765
20598,3.2996904472714808
20599,1.0998369696087154
20600,1.1611394740386727
20601,4.254653995422328
20602,1.9186696373881524
20603,2.1861145255818517
20604,1.036655577503931
20605,2.4295887907763367
20606,2.631758599349524
20607,1.9980735427129517
20608,1.4122845642624235
20609,2.38918916818746
20610,2.697199560305731
20611,3.984527783165347
20612,2.5566427827267093
20613,4.5139876052010255
20614,4.736694698902854
20615,4.432433246195372
20616,1.2235361939742893
20617,2.6390822772722076
20618,2.1871503119471076
20619,3.2334759899119945
20620,4.793190628129967
20621,4.147549824687724
20622,4.149064384028884
20623,3.100225657561119
20624,4.407983473003453
20625,1.8897720728572294
20626,1.2960606104753833
20627,3.0043279222108796
20628,2.729153242768132
20629,4.971246728185514
20630,2.499280924237815
20631,3.8545310518759446
20632,4.917492320842868
20633,4.101102038110646
20634,1.0276563685194788
20635,2.4005055444860295
20636,4.786642188522464
20637,4.866525158054972
20638,2.3470987900900226
20639,3.783919232165398
20640,2.933970740393343
20641,2.5452912156480996
20642,4.463065047702166
20643,3.1267980082813467
20644,2.552185130985571
20645,2.0699747482351483
20646,3.0125287830002936
20647,4.690618124899291
20648,3.7342442553784894
20649,4.400865509366326
20650,1.8646168077801337
20651,4.846423859434587
20652,4.834801290208965
20653,1.5148408224885976
20654,3.822412721112937
20655,2.3891535463235547
20656,1.4399167642044244
20657,1.9965754868116155
20658,2.981163489477574
20659,4.7730236259912795
20660,2.014349237006156
20661,4.63068410660345
20662,4.050007840517921
20663,2.8563136526913886
20664,3.408348828298196
20665,3.959063208807903
20666,4.439836287261671
20667,1.6661126489893365
20668,3.491891678592204
20669,2.316832404892382
20670,4.4472081304704005
20671,2.976638099119385
20672,2.9718757004149152
20673,4.133547691130693
20674,3.7006440890332826
20675,2.040900495112823
20676,1.961102992300654
20677,4.487272062166877
20678,4.376398507827732
20679,1.2370165124453179
20680,1.452585334194025
20681,3.787325931103743
20682,3.225986552297093
20683,4.2430571581326415
20684,3.2364546875899793
20685,2.243990480542269
20686,3.876904983024601
20687,4.794085820385048
20688,1.8405092398584886
20689,4.489576200484616
20690,1.4292753712632806
20691,3.5732607533913345
20692,2.435985557840112
20693,1.0873791371993238
20694,1.4451050414180613
20695,3.305706441342267
20696,4.11427325247749
20697,1.243697382485986
20698,4.589113923718765
20699,1.0604489540121875
20700,1.4360791273381124
20701,2.9793886092381765
20702,2.5903021748928166
20703,3.5134534114419793
20704,2.9482855314184673
20705,4.631856273354774
20706,4.773633451126184
20707,1.334332911099653
20708,1.4840231102023065
20709,3.96855504971202
20710,1.3880775434429302
20711,2.2684427659257334
20712,4.469250008481953
20713,1.3938180893972834
20714,1.1569429357296226
20715,2.8513547959847187
20716,3.6437445935673427
20717,1.4179635146564107
20718,3.282955741291868
20719,3.233605033334924
20720,4.163029572332459
20721,2.3455509339502565
20722,2.6841886908025128
20723,4.50848315568612
20724,2.9829784645599777
20725,2.7243231485717065
20726,2.8677167138692403
20727,1.865077626754211
20728,3.4495070118184508
20729,4.685635573837708
20730,1.5920362222126814
20731,4.7428885309237625
20732,1.0217625328092068
20733,2.0469230592259557
20734,3.3199222668598725
20735,4.156376745303124
20736,1.5552082139570254
20737,1.7706923510268613
20738,4.700468283927872
20739,2.2613971510680915
20740,4.391124933048774
20741,4.978952178610232
20742,1.272277958838099
20743,2.921537557688494
20744,4.611086146319546
20745,1.573265090708686
20746,4.740325957323857
20747,2.904138250378716
20748,1.7746826326326661
20749,1.858071339283975
20750,4.147030233373845
20751,1.85690759982579
20752,4.590185367098041
20753,3.778108566840837
20754,2.761275478684002
20755,1.2730655571382128
20756,4.091483195493337
20757,3.974240935749371
20758,3.6266031496280884
20759,4.004951859358828
20760,4.629730701259546
20761,4.736620779859177
20762,4.447098407668237
20763,1.76756843981879
20764,4.368368619224318
20765,2.2209072062282273
20766,1.011826539082544
20767,2.916826997506259
20768,3.172522879483733
20769,1.4236763348142834
20770,3.172945864656937
20771,2.3847817145591774
20772,4.869154141357948
20773,3.1219306317575484
20774,4.402452589264458
20775,2.9340412464096084
20776,1.8969018034790022
20777,2.2371197576842476
20778,1.3561690512293678
20779,3.184513445283969
20780,4.3789999702542115
20781,3.1741730520545
20782,3.990088325957505
20783,3.624951526771245
20784,2.2942083742170434
20785,1.4600464189328077
20786,4.585830411324336
20787,2.9265222247990605
20788,3.9128310434609284
20789,3.5896684659678324
20790,1.0538088914721557
20791,4.834702916237278
20792,2.460563271147953
20793,1.9425313585996524
20794,4.955496576381518
20795,4.873313750153034
20796,1.2487388343586079
20797,4.474312006071116
20798,1.3687757837186716
20799,4.260868469315728
20800,4.2485360819114995
20801,4.128676906167331
20802,1.5539489020327881
20803,1.1693362502409306
20804,1.5666725492131586
20805,1.2407685826586703
20806,2.417481650415137
20807,3.3805699696774765
20808,3.2230531545400076
20809,3.041752100758454
20810,4.757473090976916
20811,2.2834355036195024
20812,2.4982444764492264
20813,2.9688046675465167
20814,2.4039022837224224
20815,1.8236889113030306
20816,3.0117171248121744
20817,1.8647088656033874
20818,3.1767151026401175
20819,4.669757630862887
20820,2.4884581791472713
20821,3.397104992665428
20822,3.176926800456633
20823,4.881696933085127
20824,1.4602453288368258
20825,3.5929920016430468
20826,1.1270720484094947
20827,4.727284977151957
20828,4.105316083962867
20829,2.4822633337374964
20830,4.083281330121089
20831,3.279657660277373
20832,1.263477319720991
20833,2.6024874446838826
20834,2.3768934404553064
20835,1.7257597364055388
20836,4.524811176844252
20837,1.7221067653186695
20838,2.2449660845042576
20839,1.674331933643744
20840,3.8299274578627105
20841,1.0901850923877414
20842,1.7117929603631747
20843,3.966836028761918
20844,4.159207986992949
20845,2.0450686599505428
20846,1.8471696969071507
20847,1.2187975320317017
20848,2.268118809138653
20849,2.316053615694781
20850,3.573077852509107
20851,1.1261356120681922
20852,1.664271210264654
20853,2.9403239638423972
20854,4.074249007142097
20855,1.1519797459156669
20856,1.5491256817498233
20857,2.2879492706490616
20858,3.7329929230257366
20859,1.6938832321413013
20860,2.838878713714185
20861,3.5391006593055763
20862,3.774842362644715
20863,1.7621387869113252
20864,3.581521179136332
20865,3.5654540410409505
20866,3.243022535323287
20867,1.8167223007917173
20868,1.0781960583173986
20869,4.002938751326474
20870,1.2875314491982923
20871,1.1957963403917908
20872,1.2170358935168322
20873,4.722297780559607
20874,2.7010231376768346
20875,1.37861406048565
20876,1.2012414381091596
20877,2.066223918453057
20878,3.2895633266540516
20879,1.1433891209610914
20880,4.456250599037606
20881,3.0118136408362277
20882,1.4121385067976147
20883,3.635016151416288
20884,2.3005338241682916
20885,2.757336789816044
20886,2.726863888837005
20887,3.5815202314819787
20888,3.9177560107657463
20889,3.1262146979810805
20890,4.662863917908311
20891,1.7317559778647502
20892,2.1522170692015465
20893,3.281200568378414
20894,3.9459504448390152
20895,3.4476160341176953
20896,3.54013613860305
20897,2.8282086835046707
20898,2.3378681314689644
20899,1.8566737405651415
20900,3.942399561056401
20901,3.7814998252159775
20902,4.827620450545083
20903,4.5773598562757805
20904,3.247831501504598
20905,1.2671624318027082
20906,4.45224063811505
20907,3.1548686223960067
20908,4.9210692471192115
20909,4.379767706283472
20910,1.6140930682954018
20911,1.4644853959471402
20912,4.485882950436449
20913,1.497627120508219
20914,2.690149605281743
20915,2.3463388353921304
20916,1.8100502401944767
20917,3.223121848896358
20918,1.8220432237916122
20919,2.5673668065081605
20920,4.600616710960065
20921,3.3485066718694365
20922,2.077821959503639
20923,4.83690005055124
20924,1.869149982989141
20925,2.7410723359127465
20926,2.748292896860521
20927,3.547531440976315
20928,2.6839312974648615
20929,4.696390396169101
20930,1.8698553777689115
20931,3.4739025995736292
20932,3.954590380837505
20933,1.9216391030731925
20934,4.284115743142376
20935,3.146003802245852
20936,3.9759252819635487
20937,3.251027876722284
20938,4.0957886148460805
20939,4.937661821103687
20940,4.433021874100547
20941,4.602191462086062
20942,1.2152313142578746
20943,4.452478594488182
20944,1.5945733957536392
20945,4.801741932012565
20946,1.203245732869425
20947,3.5195240882604315
20948,1.2650908024175354
20949,1.0098951283073054
20950,2.0507400752240112
20951,3.9960341122761394
20952,2.412963476571384
20953,4.406487470470607
20954,2.8542796053909205
20955,3.4987788387792387
20956,4.954847339238498
20957,4.031613789445329
20958,1.7559333061934628
20959,4.296014607180064
20960,4.128663617039058
20961,3.851022900148591
20962,2.3788018964062054
20963,4.875624351997746
20964,4.540749165330382
20965,3.259288044239561
20966,1.7638949323299644
20967,2.775203314446254
20968,4.173250948904605
20969,1.2415197281111396
20970,2.219866875638836
20971,4.636280465096286
20972,3.095317529458765
20973,3.6017881026350382
20974,3.7365567940059576
20975,2.038174926915578
20976,4.431755638203093
20977,4.963020937969857
20978,4.152933856472554
20979,4.980775446307595
20980,3.5063911322272765
20981,1.664069201531889
20982,4.263734749492477
20983,1.2868329662186921
20984,1.6987343523931924
20985,2.454890951867673
20986,1.5981216018904654
20987,4.390584684898091
20988,3.1245650158784466
20989,2.286269215461294
20990,4.06933421529769
20991,3.6070561545647166
20992,2.261727926698223
20993,4.686496848329632
20994,4.416236723335798
20995,4.554098020929491
20996,4.885602514083032
20997,2.7113764429024427
20998,4.648539682852008
20999,2.863115355943918
21000,4.286749270102691
21001,2.136872286504572
21002,3.467386734358756
21003,4.625968752340553
21004,3.831400407291899
21005,3.9483002884340204
21006,1.8742256251642369
21007,1.0740591667993407
21008,3.1566853279142704
21009,3.2938162802958404
21010,4.457440572553094
21011,3.077379868210805
21012,1.1026137446921362
21013,2.6916712647638295
21014,2.3711055783266413
21015,4.205107360145335
21016,4.455366465314585
21017,1.134868186199257
21018,4.552899353636134
21019,4.492053192966816
21020,4.719170880419558
21021,4.42105924808174
21022,3.093313163757831
21023,2.5478688702335983
21024,2.005541994274609
21025,4.332941199428129
21026,4.254558564780151
21027,3.935869632779256
21028,3.627576493435182
21029,2.3597467768751232
21030,1.0865422650973615
21031,4.395745489045106
21032,2.1413328096910735
21033,3.001557657939313
21034,2.24643947376352
21035,1.2066311670426764
21036,1.8164564380096273
21037,4.198785533423354
21038,4.216437189439999
21039,2.56834125117357
21040,2.0140030562050364
21041,2.2752210605254954
21042,3.8319354769842455
21043,4.659489772850947
21044,3.645757084801369
21045,2.7220895553083237
21046,1.8684692722626655
21047,1.9162866828748872
21048,1.5977823475895492
21049,4.116380892136058
21050,3.568567427182609
21051,4.261095490895682
21052,1.7662954059916416
21053,1.7880596380161045
21054,2.060613105086764
21055,1.1941492757490688
21056,4.809276969948879
21057,4.359347237621963
21058,4.8010257882891505
21059,2.571177802679589
21060,2.495386360274661
21061,3.298789960913174
21062,1.8629946206711665
21063,1.3755012899491126
21064,2.561360637536122
21065,2.0793288902393257
21066,3.7891507832294478
21067,2.216280081154862
21068,1.3618366514851914
21069,2.088068664149099
21070,1.289412053544702
21071,1.11845004327742
21072,2.519390389069024
21073,2.3343944952938074
21074,3.066124531968488
21075,1.186334850986957
21076,1.8465885572228418
21077,2.0823032620142317
21078,3.4973191451243673
21079,2.483521866489493
21080,4.406632664812287
21081,1.2332722433288765
21082,4.6447289474162545
21083,2.4191835850867
21084,2.2925171396235795
21085,2.487809378095778
21086,2.5343189012944145
21087,1.8946951938183871
21088,3.378061781885704
21089,1.518875482069348
21090,1.5572286614643946
21091,1.1781756418739744
21092,4.629135959754958
21093,2.0759892467584358
21094,3.5070337029355594
21095,1.5210790175685074
21096,3.7020312647419424
21097,3.0181199707198756
21098,3.5376074846991257
21099,2.188107035393333
21100,1.3169041509423778
21101,3.8184573745912256
21102,2.516141885947713
21103,3.785569629860971
21104,1.5494042507300434
21105,4.17963790378287
21106,4.075922274387132
21107,2.825346433925892
21108,1.2739916326077738
21109,2.977315427404235
21110,1.2234060481787168
21111,1.4853572221997746
21112,4.173767384551676
21113,2.739488204995674
21114,2.4642759718149616
21115,1.8447454768647322
21116,4.061180181851624
21117,4.997291449233684
21118,2.7446599112631604
21119,1.4152822515439465
21120,3.6882160218274076
21121,3.6781496984957918
21122,3.2657321098436096
21123,1.842310182074037
21124,3.4129245995926922
21125,1.5233094574096575
21126,1.1269454241978272
21127,2.175503133488262
21128,1.1278650994145516
21129,2.661147405528068
21130,2.691315355098987
21131,4.773675913792747
21132,4.833875095737787
21133,3.8733392358575935
21134,3.286792896901305
21135,3.9928750741064554
21136,2.217327172527734
21137,1.3092020279302177
21138,1.5572521114215738
21139,3.7035224312018773
21140,2.952901116225833
21141,4.975357149126789
21142,1.3748608195789496
21143,1.2038953389791058
21144,1.0230891195528642
21145,3.8758172408593285
21146,1.7330118009103996
21147,4.193143952725909
21148,2.152421946176542
21149,4.0733374740341235
21150,1.0378049761135708
21151,1.8689392321480232
21152,2.8281385887527795
21153,1.374611649080534
21154,4.646630969602361
21155,3.224343153640099
21156,2.444432307684838
21157,4.2041280379125165
21158,3.648242651261885
21159,2.9070953807837716
21160,3.0302278094578035
21161,4.305004652565138
21162,4.655074996023918
21163,4.154985111009816
21164,1.0405528466212428
21165,2.8345455020799113
21166,4.973537998518513
21167,2.6325618476265613
21168,2.8586448511300113
21169,3.527089162652991
21170,1.0250569526231006
21171,2.803941611626054
21172,4.423686506984609
21173,4.182660026266076
21174,3.1251900125880736
21175,1.8670856318099815
21176,3.3037735526047927
21177,2.9165053292249774
21178,2.3398041326996717
21179,1.6642321069164399
21180,3.06580924953945
21181,3.408143099543548
21182,4.668359893775092
21183,1.294068013886522
21184,4.410758106167144
21185,1.1479314066620647
21186,1.420571188528625
21187,4.14939867926312
21188,1.9626216126049338
21189,1.0490369482417243
21190,4.6457836111900175
21191,1.5384172897603392
21192,1.6969207622453513
21193,3.558924237633555
21194,2.383495375178755
21195,4.9182627241040215
21196,2.3487064419363253
21197,2.1208830093975073
21198,3.6727431411942795
21199,1.7712585074448937
21200,4.4782440567003565
21201,4.979421962709539
21202,3.7400878311445154
21203,4.8430603324683865
21204,3.70909699982651
21205,1.3318456973678434
21206,2.313105542642623
21207,2.952471288734476
21208,4.097054041443256
21209,1.3587479618448297
21210,2.2130992639096023
21211,4.654464969005287
21212,4.493290009275156
21213,3.555682133797558
21214,4.610776491603621
21215,1.789906462624292
21216,3.3020806347639167
21217,4.273318612095578
21218,1.1265194196708581
21219,4.143757065066358
21220,3.9853145565367636
21221,3.5710224619534885
21222,3.302572390286336
21223,3.1764991646008207
21224,4.176975176035224
21225,3.060245247214325
21226,2.583794009896224
21227,3.295764010280125
21228,3.1758259583448525
21229,2.432001225405698
21230,1.4738622216678046
21231,2.0595110988707175
21232,3.7850088236381616
21233,3.8003632218959287
21234,4.144914803452551
21235,2.9466781684193872
21236,3.1437364905693563
21237,3.3455702442023276
21238,3.9847017131513964
21239,2.840672172902429
21240,3.0940255664439706
21241,4.817770314904912
21242,1.927875573719266
21243,1.5595012590588317
21244,1.7371932518473345
21245,3.272103377253643
21246,4.38297697266677
21247,2.6487588628278584
21248,1.2494856336649258
21249,2.445565892986648
21250,1.5865930470683502
21251,1.9931234570062624
21252,3.186350101579339
21253,3.413675466446931
21254,2.115272138695918
21255,1.0607041900609628
21256,3.967409052165689
21257,1.5775034984824607
21258,4.878585566907876
21259,2.976194263539774
21260,1.4999069786431116
21261,1.880845744028369
21262,1.0601388883544014
21263,2.2702185360191205
21264,2.710266347735286
21265,3.4592889038069283
21266,3.23655483861583
21267,1.774873188016997
21268,2.36188858844284
21269,4.141934761133155
21270,1.1079458688207486
21271,4.187114860815795
21272,3.3348618687865357
21273,1.8200006617573243
21274,2.875670654749387
21275,1.1740266355355904
21276,3.9937243042613932
21277,1.2141468488056164
21278,4.74928966966425
21279,2.679664984653661
21280,2.634048710317887
21281,2.481406869143046
21282,1.2203357509254706
21283,1.1339692330242963
21284,4.019002110324019
21285,3.618453902385143
21286,4.791671015354574
21287,4.401879932580103
21288,2.9386398200032304
21289,2.2357690672605957
21290,1.375822495206413
21291,2.605736264678344
21292,3.9245221620214927
21293,4.5153493303715155
21294,1.6901961955124003
21295,2.517404561872989
21296,1.8874580129583465
21297,4.183961104062016
21298,4.98918455814356
21299,2.597986886223559
21300,3.697060893503778
21301,4.927633990394801
21302,3.814036625485789
21303,4.012536184383396
21304,3.0568065035551433
21305,2.5748570612424957
21306,1.5573911498699218
21307,1.8434336713688921
21308,3.3202633264674337
21309,2.031528676351944
21310,1.2036199612212481
21311,4.900093430339318
21312,2.210167410452526
21313,4.986303239193557
21314,2.4301026565885433
21315,2.5408364383677675
21316,2.1324903025544324
21317,1.1489660216862343
21318,1.8318382594063798
21319,4.567380880896863
21320,1.0630962060665667
21321,2.800294164770185
21322,3.2824043876023232
21323,1.2239230825453649
21324,2.614149692979896
21325,1.6932523855411072
21326,4.437220934625618
21327,1.041353238742964
21328,1.413366327160198
21329,4.9743449388125525
21330,4.0946569361430285
21331,3.087229016406712
21332,1.1446178481352254
21333,4.632449760458465
21334,2.6124992936769367
21335,2.3416699956904536
21336,1.3882005379098348
21337,4.827360067675622
21338,4.430105400575795
21339,3.6213959194185867
21340,1.8792492082290257
21341,1.022159065241555
21342,1.4151026383218666
21343,1.7295712436161734
21344,3.823933282461093
21345,2.4943998774025484
21346,4.832169131769696
21347,2.398926401131791
21348,4.39235777750701
21349,3.7903543247233933
21350,2.733422338342739
21351,3.280071583093968
21352,1.5595539800349991
21353,2.0633654356087257
21354,4.797716741709127
21355,3.572421793310934
21356,1.677804219706084
21357,1.7406200369858773
21358,4.252414937091677
21359,3.741983571822456
21360,3.5938453993462534
21361,4.561561811682395
21362,2.4859439818857063
21363,1.6015511433119483
21364,1.809833006877743
21365,4.1472088594965015
21366,4.189373005378361
21367,3.4793957619957605
21368,1.431720735375308
21369,1.9797208307139624
21370,1.2730435020034072
21371,1.79657468460729
21372,1.866543460945195
21373,1.4555587725099821
21374,1.245904864232588
21375,1.2437818108586316
21376,3.2189981482251104
21377,3.8212501019090186
21378,1.836518068237436
21379,2.1502918071272563
21380,3.1555454737657134
21381,4.152215609350881
21382,4.108308961298915
21383,3.931334036694164
21384,3.074097345913174
21385,4.212022552352881
21386,2.234078564147824
21387,1.3271753077142114
21388,1.0891486680339604
21389,2.106044176172261
21390,3.489570224550895
21391,2.9784649482331482
21392,4.293240830727065
21393,3.0709986684267814
21394,2.0849807365728315
21395,1.5411536852976382
21396,3.76370473349704
21397,3.2614282066768303
21398,2.08556451515456
21399,4.967297272682807
21400,1.2829681334495677
21401,1.644556136262762
21402,1.5627669233750474
21403,4.077275771608515
21404,2.5013600229821353
21405,4.16926264112189
21406,2.2712092413887133
21407,1.6282598262608121
21408,1.5876912480373155
21409,2.4384060020739535
21410,3.281429646496965
21411,3.07669307819205
21412,2.9927139349479717
21413,4.095703446658938
21414,3.1260834038060263
21415,2.4203781902627486
21416,3.7506896717649605
21417,1.9799845717955846
21418,4.231727213668009
21419,1.624989281777459
21420,4.9170759573266345
21421,3.8889861483320063
21422,1.233550625294269
21423,4.936507901443912
21424,4.718868113135514
21425,4.185705038744596
21426,2.161079802428184
21427,3.4965889577373557
21428,4.431030742216415
21429,2.5323569614016197
21430,3.1121679797793798
21431,3.7582305330890464
21432,3.211199451169533
21433,2.772827803018237
21434,4.389848867278661
21435,3.1252313322206837
21436,1.193897525965903
21437,4.8820184079888564
21438,1.4004656088925214
21439,3.68571021163666
21440,4.046871338138642
21441,3.502712600854266
21442,2.2575983210034543
21443,3.1496224572302056
21444,3.981828635131096
21445,4.960423584512704
21446,1.6569789060981268
21447,2.4549947735654967
21448,3.2027569095986506
21449,4.468005767622376
21450,2.896138959829179
21451,3.712440500256771
21452,3.037299964030589
21453,1.443629483246296
21454,4.923364526738268
21455,3.4688250655421458
21456,3.6128305364839255
21457,2.1895145311062465
21458,4.59382250705211
21459,4.751439246658922
21460,3.143821974457104
21461,4.535850338631736
21462,2.5758534537186715
21463,2.1918930567889334
21464,2.5843150300403925
21465,3.965326125117473
21466,2.204808501383472
21467,2.1814794315267148
21468,1.4965914362144828
21469,1.8062225484154766
21470,3.626495700662898
21471,2.7691463012859425
21472,1.1444899828225883
21473,3.225882403971639
21474,4.176027901794995
21475,4.257822258368692
21476,4.570156609407002
21477,1.4001512666887441
21478,2.499573852205926
21479,4.608293626459314
21480,1.3839652447983664
21481,2.0543048568886837
21482,1.3217677080335872
21483,3.5313563839493898
21484,2.4461563736628333
21485,1.7882990187834045
21486,4.741923340242298
21487,3.6089400695759046
21488,4.903546220314209
21489,2.668770214249328
21490,2.306215712689092
21491,3.1137522144160856
21492,1.7789415721624993
21493,2.538413821971671
21494,1.541595832780967
21495,2.063580107355278
21496,1.123519375882951
21497,4.412497931042398
21498,2.2918182115215275
21499,2.242429890335811
21500,3.7990713129989375
21501,3.0417516746925823
21502,3.0936810982617997
21503,4.062297308011962
21504,3.164850482341703
21505,3.6533968785157556
21506,2.3585777242795847
21507,2.72475069698882
21508,3.983133600242055
21509,2.103213912874821
21510,3.0076985474589493
21511,1.710239965942265
21512,4.065247603394761
21513,1.5138045106170126
21514,1.973981860173665
21515,2.1003169004361704
21516,4.965760963074285
21517,3.337901079085574
21518,2.358786145625042
21519,3.6613947954272104
21520,3.1984319175989158
21521,2.4449517647442223
21522,2.6901844077638826
21523,1.3100003573633696
21524,4.6472647942244265
21525,1.4910158181009083
21526,2.7432556426178865
21527,3.8358701612943076
21528,2.5259645689011223
21529,4.649100895089823
21530,1.644178021795216
21531,4.877308500427327
21532,1.2492692215241208
21533,1.5067704948399894
21534,4.254053785657209
21535,1.0749202635139499
21536,3.235979863904557
21537,3.201103614832817
21538,4.903558428232753
21539,1.6289516002223965
21540,4.232349991126499
21541,2.261775083287907
21542,2.507614247796865
21543,4.197847908894154
21544,1.9957207144397708
21545,1.6370890499474533
21546,1.7485923359196178
21547,3.900282281246131
21548,2.441575961339256
21549,3.26852841498514
21550,4.143776639130968
21551,2.3747326551407855
21552,1.571864727525568
21553,1.5808314474786953
21554,1.9516076614202627
21555,4.938541737279444
21556,3.6166829315039184
21557,4.422316025655318
21558,4.245148699896472
21559,3.79075598427395
21560,3.7596372636598185
21561,1.6108572956412233
21562,1.9604545843341552
21563,3.3964395041011484
21564,3.6184748593193126
21565,2.7850326061650024
21566,1.7554027012876925
21567,2.9514789996031396
21568,1.1513471107778237
21569,4.045966169962575
21570,1.8518309141782021
21571,1.4951289616970458
21572,4.087388157346398
21573,3.066570225513787
21574,2.0960638694992872
21575,1.6492818443285944
21576,1.4909798206804123
21577,3.389122795008888
21578,3.802053258645563
21579,1.4002164248510898
21580,2.0697057540053727
21581,1.8880762548570198
21582,4.451838257673529
21583,1.2320559543969858
21584,3.0806094624978018
21585,4.883999042075384
21586,3.9315362490068
21587,4.009279082283008
21588,3.6393728207980978
21589,3.18208510153988
21590,4.982249196593868
21591,3.4606350667656605
21592,2.0447182301025264
21593,1.934805074170936
21594,2.629102797925882
21595,1.3162277369778455
21596,2.7188184196381866
21597,3.6592252640031435
21598,2.5098885796673946
21599,1.2686209192051234
21600,3.4082685860455424
21601,3.4698547734515386
21602,1.7604018124547154
21603,2.152972533541097
21604,3.0178040491857243
21605,1.336583561599236
21606,4.430702808158757
21607,2.4429395350283376
21608,2.398491319655205
21609,3.116909509040233
21610,2.8182085365027194
21611,4.14471501459665
21612,3.7496469953452842
21613,1.6441221659804763
21614,3.7149779075476874
21615,4.3181811488734905
21616,4.727119212899725
21617,3.672095906058178
21618,4.7932632542808715
21619,2.977613845792063
21620,2.104356661255327
21621,4.161930932988125
21622,4.0604761662234905
21623,1.6826198649880042
21624,2.4797905333367423
21625,4.91086975050783
21626,2.319638161329704
21627,4.183389610577508
21628,2.0030580890898744
21629,2.119954059847146
21630,4.733829414756356
21631,4.464044553083862
21632,1.163319367186046
21633,3.0438357031064562
21634,3.5263482831425272
21635,1.3125923631402232
21636,2.4712367158044
21637,4.094208730959321
21638,1.3244625131972718
21639,3.767599596238836
21640,3.250589867529631
21641,1.833943057503486
21642,4.947496385304458
21643,1.1184236954743998
21644,2.1201172228352867
21645,2.0654050466487917
21646,3.109326457449063
21647,4.522869666947269
21648,2.4365175952806672
21649,4.847409700355012
21650,3.4849527013720683
21651,3.037052962878518
21652,2.3603219621512603
21653,1.978944255431934
21654,1.3775363810036239
21655,2.255825316480234
21656,4.750015045655113
21657,2.4041015158466883
21658,4.540684278209687
21659,2.5924270518731576
21660,3.9276414772443817
21661,1.740088043262983
21662,3.980615676436681
21663,1.770332653104019
21664,2.3004524465038876
21665,4.711884871823939
21666,4.308421390801897
21667,2.506393337616712
21668,1.7341058768308506
21669,3.6245282214567993
21670,2.050026570195085
21671,4.805784480640897
21672,1.7295319013341013
21673,3.7911179532094086
21674,1.8269081179921725
21675,3.4231177544871905
21676,3.8970309694632936
21677,1.395942718649834
21678,4.141486152229152
21679,1.635307389800563
21680,2.071160607599867
21681,3.5015973124519064
21682,2.810468272423329
21683,2.981477271683272
21684,2.6666517787350075
21685,2.2702351038475688
21686,4.390716172624414
21687,2.915988081821813
21688,1.5565257932716987
21689,3.94098637322613
21690,2.303014932054371
21691,3.611355306662322
21692,1.4522209068557341
21693,1.221020496320235
21694,1.669880699215835
21695,3.0542665048259967
21696,1.5995653439340671
21697,4.037408942398676
21698,2.864563977272597
21699,2.980701854684396
21700,4.081155662919679
21701,4.297971740638402
21702,4.436153830197015
21703,3.972079044534479
21704,1.918170785958409
21705,1.334097809884216
21706,4.309503873008655
21707,1.7854784521903242
21708,1.5491420150515758
21709,4.4849786103277465
21710,2.5215067872762726
21711,3.0404923676844633
21712,3.0369990521698518
21713,1.243701577719714
21714,4.903146757256171
21715,2.9300164734193452
21716,1.0192937321167626
21717,2.0476775353778067
21718,1.6085380464758505
21719,3.39418488085458
21720,3.541893729667677
21721,1.9149546289029002
21722,1.538939348925061
21723,4.01618644037924
21724,1.6933809615339932
21725,4.205999931834673
21726,3.4138536538630526
21727,4.121559011754792
21728,4.400854658158212
21729,1.2369152346373142
21730,3.725797635979919
21731,1.2767499260313904
21732,3.4447246881973608
21733,3.6459700509805213
21734,2.691028015506113
21735,4.226508359160954
21736,1.465645062726074
21737,2.136498814146785
21738,3.027722186132268
21739,2.485417158109411
21740,3.8580972731401513
21741,4.214650910663189
21742,3.2182307587606434
21743,3.710408711432189
21744,2.1616731964726656
21745,4.924940939294248
21746,2.55702194418993
21747,2.4492911369198
21748,3.430587292762971
21749,2.8670455445507113
21750,4.6483608762550865
21751,2.2117868490985106
21752,4.957599894050188
21753,4.877281022810436
21754,3.916351530336958
21755,4.751897879002247
21756,3.0994616978626595
21757,4.808789381068314
21758,1.0938299804799856
21759,2.469861657041617
21760,3.1130531659879352
21761,1.180515765446001
21762,3.1953889291912714
21763,2.490903052516192
21764,1.8693397644311496
21765,4.758130858607073
21766,2.153170776272727
21767,4.624983925717142
21768,3.4400935521353255
21769,3.041035967436292
21770,4.397492587634705
21771,4.934230740186969
21772,3.756324298148483
21773,1.505573265946686
21774,3.597604664671919
21775,4.816203166767087
21776,3.9149981557653963
21777,1.6694955708459203
21778,2.7011690703141653
21779,1.2973628051150405
21780,2.4747342379546113
21781,3.3115279681401013
21782,3.3991244275336965
21783,4.077634384271072
21784,2.650327393286002
21785,3.0833043681384087
21786,2.7627257121049076
21787,4.1710416817112606
21788,1.1728370988870451
21789,4.330095664949298
21790,1.9160244942788416
21791,1.3611318038877376
21792,2.455760120566148
21793,4.421533500506101
21794,2.485571940464711
21795,3.0332087369997054
21796,4.3336806133299834
21797,3.0522827964477393
21798,4.523553590894037
21799,4.746037318833604
21800,4.033716915906316
21801,2.5303729478131443
21802,1.9960875411563594
21803,4.630811236266245
21804,3.5335276926075503
21805,3.3934518787691386
21806,4.740978377641204
21807,4.536190520856639
21808,4.4923833535763
21809,1.7036266631756902
21810,1.8866517450447846
21811,1.46433663653779
21812,3.804986335607495
21813,2.0751308482056565
21814,2.052135346467347
21815,1.6594457397641866
21816,4.19559367589482
21817,2.4780542549218363
21818,1.4049846666402654
21819,3.4892221695898997
21820,3.9823739807863365
21821,2.580433097175306
21822,2.123868943033621
21823,4.164218639340572
21824,4.500384234970137
21825,3.984483802094039
21826,4.534989527876342
21827,2.1667139766500902
21828,3.2094280769000485
21829,4.360080399821188
21830,1.1777609080300384
21831,4.5617649962286855
21832,3.7244010562231042
21833,3.4731146652740037
21834,3.500176590078178
21835,1.599122183591244
21836,2.154501400102811
21837,4.516387018252901
21838,3.1936997968787453
21839,2.989118322874199
21840,4.858241191698848
21841,4.6393604196080815
21842,1.283084738610425
21843,4.484048599013191
21844,3.576757731776352
21845,4.652772484351152
21846,4.7292985342716864
21847,3.5630022296321004
21848,2.619305785907994
21849,2.346567190027157
21850,3.626754078074351
21851,2.302484385758247
21852,1.3970675596603317
21853,3.85099561147369
21854,1.934127220867555
21855,3.673982011730868
21856,1.5989366726126062
21857,4.194032886440505
21858,3.630113481525584
21859,2.825927817127817
21860,1.4355447885869745
21861,4.946358061441812
21862,3.7067862707540313
21863,3.994331311013915
21864,3.1768207900486227
21865,1.5741493569759935
21866,1.4394939829324684
21867,4.040382223653534
21868,1.7060979138387502
21869,4.020123564036247
21870,3.762604043294461
21871,3.869939655347257
21872,2.7902834124895852
21873,1.2465367891471009
21874,1.746726626066192
21875,4.442255213147035
21876,4.089279379267387
21877,3.5828430627704373
21878,4.220706053768953
21879,3.8137975571931233
21880,1.2277129197382424
21881,4.340484584355887
21882,3.547537088028044
21883,4.76407768853874
21884,3.647042556379855
21885,4.795172988907477
21886,4.341039723586923
21887,3.6952575165216217
21888,3.547381325140944
21889,3.1155547801568773
21890,3.32041890869005
21891,1.1473893972764335
21892,1.6342284347705487
21893,4.528125191933244
21894,2.37477253073908
21895,3.057724419283237
21896,4.343767221107557
21897,1.3977679889927104
21898,4.513023419037973
21899,4.342601201061276
21900,1.7105134522047907
21901,1.5954793799404383
21902,2.861294502721428
21903,4.96147882032988
21904,2.3642454316590285
21905,4.813639184871922
21906,2.6358437392328438
21907,3.8051445780708377
21908,1.6456716026335125
21909,3.1583229161218744
21910,3.3080377504164047
21911,3.273258742249785
21912,2.0521370288881235
21913,3.4583467167284185
21914,2.8134043381345815
21915,2.0594948419018304
21916,1.6037138639993187
21917,3.4481243437446683
21918,3.432141759610974
21919,1.7151291828636883
21920,1.5743272823678862
21921,1.3707460249219707
21922,4.5544267868744654
21923,4.851437577310324
21924,4.525556227193009
21925,3.0664205952801384
21926,4.941144527739011
21927,4.670261003605412
21928,4.534371586622605
21929,4.740069430206971
21930,2.7037418827371806
21931,3.1674475330104994
21932,3.5913630226895266
21933,3.5707586695833236
21934,3.346024825599842
21935,2.7782316324130965
21936,4.277016327392847
21937,2.32393901280192
21938,2.6963593045752874
21939,3.85610176942142
21940,4.435583932863919
21941,3.9906744528707288
21942,1.846597190602652
21943,4.68875543575679
21944,2.962270707870037
21945,1.4389058749286487
21946,1.807756946775092
21947,1.1981788293251898
21948,2.0545279070878166
21949,2.7378484210951495
21950,2.795235058523041
21951,3.155862400537443
21952,1.9720229955669568
21953,1.8347702637026457
21954,3.467256534234373
21955,4.206840580995257
21956,2.5329365409689455
21957,4.839523807824687
21958,1.377504858582165
21959,4.426162881432493
21960,2.851757081739475
21961,2.9295201471296566
21962,3.8357568845804506
21963,1.6827645580245307
21964,3.5358328077087346
21965,3.1087675233466303
21966,1.6816326273878768
21967,1.7232527200411831
21968,2.129979432311996
21969,4.759774359755429
21970,1.474711872813876
21971,4.214487923627219
21972,4.85374996789708
21973,3.3569543095239167
21974,3.0597015301773522
21975,2.8357165025350186
21976,4.1148253758894855
21977,4.608009838245163
21978,4.605718136962624
21979,1.1259497299480286
21980,3.152943457296304
21981,1.0272808139139293
21982,3.7469640482161615
21983,2.0774807028037063
21984,4.365820996383421
21985,2.4667422328560105
21986,3.688105999843617
21987,2.243574901806192
21988,4.899369952904693
21989,4.509904496510838
21990,4.769349862180224
21991,1.0125438380273657
21992,3.2142847361164684
21993,1.9516112700820933
21994,3.26790694941667
21995,2.907984946148904
21996,1.7831425327747659
21997,1.4261987794757962
21998,1.1997154075422536
21999,3.4903456848278815
22000,4.4685378384749415
22001,3.9934566117153345
22002,1.2253754616017716
22003,1.9323145395431305
22004,2.042469442238087
22005,3.427184814671045
22006,4.274198435876361
22007,3.3717145515458355
22008,1.2586113313747083
22009,1.8738061226061928
22010,4.2001129207872205
22011,2.061368929333184
22012,1.2304219003510792
22013,1.6731091925682526
22014,4.20059139387963
22015,1.921905712518432
22016,3.5653748246852484
22017,1.2268057434984265
22018,2.3765126636885294
22019,3.0361269215325404
22020,3.074531236534619
22021,3.440239851538282
22022,2.6376647334513477
22023,1.088105929661646
22024,4.847893050771992
22025,3.9894307166266416
22026,4.248407787763587
22027,3.8174126242712254
22028,4.718485952959411
22029,1.4276109754566018
22030,4.315298757629283
22031,1.0802610651019648
22032,2.341714467612294
22033,4.85592206264289
22034,2.1841394711244604
22035,3.219674549545268
22036,2.6201733077931513
22037,3.566758233758847
22038,4.930719166624903
22039,3.929972674041086
22040,4.610265545531224
22041,2.9253649151410466
22042,1.4062036427490185
22043,3.2837286444567075
22044,2.372047854930309
22045,2.2575170462010883
22046,3.059405428979437
22047,3.9629653840056287
22048,4.3944287025365885
22049,2.8404945433499034
22050,2.4516511109586117
22051,3.0935638106754464
22052,3.9202503088506075
22053,2.9735511577966474
22054,4.488914683550807
22055,3.032328188959902
22056,1.5512118135539823
22057,3.117575068839651
22058,4.164195706366607
22059,2.1784414478360947
22060,1.6042922363823808
22061,4.606992957366879
22062,3.71451461782309
22063,2.245622862100317
22064,1.3200897179750277
22065,4.793640604291147
22066,4.7310793899679044
22067,2.3235424985245294
22068,2.074829115732093
22069,2.6341816047327593
22070,3.1443316238508685
22071,3.228363932658915
22072,3.3533584266814835
22073,2.5745360562120765
22074,3.5361947226477795
22075,1.513467472233335
22076,3.9137391003866546
22077,2.424406768470323
22078,4.944486948119252
22079,1.858415352328969
22080,1.8569584183928298
22081,4.997556039028257
22082,4.56023416976824
22083,3.5545674183964198
22084,1.421929211041502
22085,2.3895388731533247
22086,2.229651208187957
22087,2.9554475807203606
22088,3.344868343698073
22089,4.174302786109797
22090,2.0782187985173683
22091,4.827914617031658
22092,1.5964608922254384
22093,2.991369624161938
22094,3.872895513575899
22095,4.33418673111011
22096,3.914172042936176
22097,2.6596025778281303
22098,2.262960774496032
22099,3.6898741304092617
22100,3.158994578520441
22101,1.5248118584546808
22102,3.951912698597703
22103,1.6274571911221338
22104,3.243127336201438
22105,4.364889129935367
22106,4.402962431774866
22107,4.861209206849601
22108,2.1900934023129888
22109,1.5096098305570518
22110,3.0647105110077115
22111,4.684093342847188
22112,4.951923155135589
22113,3.6456477248951105
22114,2.3297991646147675
22115,4.518538425116383
22116,1.9499293309410413
22117,2.848038659648855
22118,2.146153870666983
22119,4.575459537886947
22120,3.34533548583068
22121,4.58322263210272
22122,2.8496213535588852
22123,2.061571740055827
22124,2.9098707876346044
22125,3.2344409924422264
22126,1.981310347921791
22127,3.1920662437667424
22128,4.653963420885946
22129,1.5530357199153708
22130,2.935418395734162
22131,1.755073035621404
22132,1.8020350214940741
22133,1.6459242463573576
22134,1.5866456790387353
22135,1.165110968330921
22136,2.966470364233093
22137,4.162549877162771
22138,1.5362449682397354
22139,1.2160266700732012
22140,2.0463597715003923
22141,4.52404177693527
22142,2.8262172496167977
22143,1.6707505040342046
22144,2.892719142764514
22145,4.891738503497292
22146,2.6115761219912534
22147,3.9168949456179547
22148,4.749223196384511
22149,2.312124119963424
22150,2.360823529356156
22151,3.561736680676461
22152,4.6593431429382
22153,4.417440209970686
22154,2.246493671929908
22155,1.1576039801252693
22156,4.6094263915141305
22157,3.2921725902110404
22158,1.1021402284733934
22159,2.072004161503861
22160,1.1954842902877933
22161,4.004181413990643
22162,3.2575755432905784
22163,4.8016253050096145
22164,2.2366323307282143
22165,4.323310939880066
22166,2.6866562671972365
22167,4.412131957750793
22168,4.987743920257255
22169,3.768945217201195
22170,3.8190713793056728
22171,4.592291881123491
22172,3.1838603372773253
22173,2.5462501961135127
22174,3.639504194224717
22175,3.4359390530864133
22176,1.8089555400363069
22177,3.6475925813228387
22178,1.897722471011408
22179,3.0934909198444145
22180,2.5809483805057867
22181,2.811324146177536
22182,3.1169195035632016
22183,3.9913425208985793
22184,4.867938485876584
22185,2.4941214686128923
22186,4.9860310109381905
22187,2.638016065938019
22188,2.855837617026118
22189,4.943494153530708
22190,2.0225540221623737
22191,3.0833479172957428
22192,3.3485796039823623
22193,3.5178591336228995
22194,2.2077595455939445
22195,4.94661023244142
22196,2.511956607221695
22197,1.527629819521898
22198,2.6572915345067227
22199,4.60063575688721
22200,1.775636112326807
22201,2.156879826108555
22202,3.92977616243458
22203,1.6831912138238745
22204,4.792599318509074
22205,3.8339407285679727
22206,4.468014539472382
22207,3.2150715319613425
22208,1.0302687940928554
22209,4.974810389579327
22210,4.59022365212436
22211,4.400102956543799
22212,2.6412671332916258
22213,1.5371314612621996
22214,3.4416173063295
22215,4.5817831699747185
22216,3.6168887497210442
22217,2.3081127093026788
22218,2.0485412351225154
22219,3.0407205996742688
22220,4.123047347671505
22221,1.55218405873693
22222,3.543076143064199
22223,2.341814352942069
22224,3.4254830870641064
22225,3.2548663897897865
22226,3.734441641425553
22227,3.659415420863233
22228,1.3658532800724985
22229,4.573343984412853
22230,1.8784244487439734
22231,3.776793237437132
22232,1.6441521916201571
22233,2.623255206893105
22234,2.9870460604138054
22235,1.1589395526175106
22236,3.159218621591124
22237,4.116222378094026
22238,2.111741901827924
22239,3.0649897818957452
22240,1.55482917596246
22241,1.3009321710242583
22242,3.5175402472113118
22243,2.6187243841556187
22244,3.8655097185621647
22245,3.86637571673378
22246,2.732711218574392
22247,2.693323507052374
22248,4.198584256740505
22249,3.4456498089717793
22250,3.782257072847164
22251,1.0881673520719128
22252,3.1727093099005477
22253,3.8268168423493427
22254,1.8069530398301494
22255,4.772932769732489
22256,3.9358462004005674
22257,1.5569653818250644
22258,2.6062512743904844
22259,1.1524820319557034
22260,3.119632304509383
22261,2.3637090775565808
22262,4.369329690484575
22263,4.601229424095114
22264,1.1601776021141386
22265,2.36670232491142
22266,2.9946622043501043
22267,2.6520882583497496
22268,3.99047303748666
22269,2.846282450595334
22270,3.3279899167272995
22271,3.2595079358085575
22272,1.5993209242857414
22273,4.836155500882315
22274,4.505244446467465
22275,1.0511870554227425
22276,2.2259016812759747
22277,1.9048910811114164
22278,4.808120182200874
22279,2.0585412949758046
22280,2.552337587838054
22281,1.6508573667838515
22282,4.395114258039427
22283,3.237341334874391
22284,2.918334790044348
22285,4.802792156265982
22286,4.43251967102456
22287,1.759574323574613
22288,1.850276174912982
22289,2.3644466018060366
22290,4.21853122973579
22291,3.7192573229100017
22292,3.7539417933268178
22293,1.5613073138868554
22294,2.997260582099923
22295,3.8847008837714947
22296,2.563606979433756
22297,3.7820762026725365
22298,2.6711470778409723
22299,4.94673524592015
22300,1.6972634325452653
22301,1.3196723354580286
22302,1.754108958670534
22303,4.157393203782938
22304,3.7088665168309793
22305,4.87837604107761
22306,1.3105984101557864
22307,4.018963632180512
22308,3.7663347544517713
22309,3.922823963978553
22310,1.1465688939304912
22311,4.624470951289693
22312,1.648891730239216
22313,2.7690245810128014
22314,3.8907969020811755
22315,2.968885672492194
22316,1.727013492211392
22317,4.420606522997643
22318,1.1388322013042105
22319,4.776490906580034
22320,2.3565477726181396
22321,4.050324920839376
22322,4.910163975723048
22323,4.57882916360507
22324,2.479100787911324
22325,1.7518493598298828
22326,2.811718723818509
22327,3.8748583492017827
22328,2.4880915218314343
22329,2.0926170835478497
22330,3.4852572146535863
22331,3.762920435376963
22332,4.298055868808449
22333,1.161673003648274
22334,2.776182970853761
22335,2.5879112346260804
22336,4.441339568081441
22337,4.24417251960409
22338,1.4178369444083563
22339,3.0209293852044823
22340,3.1272342293460826
22341,3.855411712771118
22342,3.037823602613951
22343,1.4172776105676959
22344,1.362544661843228
22345,3.6062974790401197
22346,4.737770168368936
22347,2.308065877376383
22348,4.768603680570255
22349,4.405166713196785
22350,4.890029101748892
22351,3.522561349982074
22352,1.4664888135541934
22353,2.323608332224635
22354,2.172951487108116
22355,4.687192208395543
22356,3.7923119814822557
22357,3.918379661377573
22358,1.0917628565606976
22359,1.5484095111996856
22360,4.617685256296744
22361,3.530623783079556
22362,1.2932830706223406
22363,4.77069082315823
22364,1.2831650713202354
22365,3.330181489885865
22366,4.728836248973836
22367,2.140081195849029
22368,2.893835344983339
22369,1.023417730559633
22370,1.8358828959229032
22371,1.95822941293198
22372,3.904468795853648
22373,2.149070510236483
22374,1.162962837904506
22375,2.259347919221064
22376,4.501788838040493
22377,1.577614625788574
22378,2.276308326094393
22379,4.329082414584393
22380,2.604365121530137
22381,4.77613816908669
22382,4.494247948467724
22383,1.4255693649134917
22384,3.397720811932898
22385,2.9658894974493255
22386,1.4342846062344141
22387,2.9494837893858405
22388,4.225627847888148
22389,1.505282063928575
22390,3.849827496590228
22391,3.4388451625570315
22392,4.370155693930352
22393,1.8926973060564354
22394,3.6442405971354273
22395,4.565869757774196
22396,4.660926075382067
22397,4.895282934262981
22398,1.7339918669706056
22399,3.6094054452385738
22400,3.6131234666750713
22401,1.5335408465763636
22402,3.8164171370094024
22403,2.9557279150544336
22404,2.6389550785914806
22405,1.0876834134361162
22406,4.774632606763609
22407,4.336818977215526
22408,4.8734181193175825
22409,3.363040250235255
22410,4.279228378762163
22411,2.558101128228744
22412,3.271962581415995
22413,2.3754514944354472
22414,4.418616775524812
22415,4.424424259324586
22416,4.564258088440159
22417,2.537006950742839
22418,4.190052424795692
22419,2.020743268056364
22420,4.70810802216473
22421,4.288321787922145
22422,3.1690683356261737
22423,1.7254078454303219
22424,1.2243825109990616
22425,2.1567863534180938
22426,1.8948336274844326
22427,3.6597168592738756
22428,2.4522833744272776
22429,4.036104686276371
22430,1.5361061535125584
22431,1.0831042122974623
22432,2.1263005038691656
22433,4.45445440689647
22434,2.2576334170980874
22435,1.4197081093364763
22436,4.379369935304231
22437,3.568088930399377
22438,4.495707267200229
22439,2.0141674364351085
22440,3.8656697203554695
22441,2.327708699736931
22442,2.2446271106800415
22443,1.9880930262085958
22444,3.5259643466427883
22445,1.368419226455873
22446,3.7665005967481457
22447,1.7346507529194408
22448,1.591258036173429
22449,1.8281173482917419
22450,1.9924712667031472
22451,1.8951593975703962
22452,1.06353841255851
22453,3.3469553488721475
22454,3.0502897337369457
22455,4.544112583481384
22456,2.583126499971469
22457,3.109255630791937
22458,1.4459546992850938
22459,3.145568772273264
22460,4.005009566612936
22461,4.621475516077513
22462,4.187140117544136
22463,1.044687421343811
22464,3.511832786921458
22465,1.7633431894133915
22466,4.189596516245764
22467,3.650505432855391
22468,2.834087870461164
22469,2.747978580709095
22470,3.4407079684151713
22471,3.6838884844654527
22472,3.7918570095143065
22473,2.9857135454133408
22474,1.6230177372260246
22475,2.110215872473323
22476,1.5562250159714694
22477,1.5958335015960676
22478,3.072311186905293
22479,4.85028031133404
22480,4.159332290795915
22481,3.259150319637228
22482,1.4903661214458976
22483,2.640212176932514
22484,2.5444661195428235
22485,3.911290959619035
22486,4.171626910341503
22487,1.1759469696007652
22488,3.7464704987368607
22489,1.6781934193664303
22490,2.8112911660401227
22491,2.5498961309123054
22492,1.1016757568759306
22493,1.2944480795752793
22494,4.935184479923485
22495,4.255788302523175
22496,1.7545848748273873
22497,3.7676069154225535
22498,4.33919534573076
22499,4.575760820831726
22500,4.354814398101796
22501,2.3120042920154997
22502,1.9791350107208654
22503,3.605980920822829
22504,4.3011618710907005
22505,4.123209671222947
22506,4.318023055956729
22507,3.2627458706369707
22508,4.197504131233337
22509,2.3113826303742555
22510,4.7046552313410785
22511,4.137775540415467
22512,2.4025031109620336
22513,4.138176880807214
22514,3.1911738994945513
22515,3.631240840905596
22516,3.8340730514825876
22517,4.308956646407885
22518,2.388389601811573
22519,4.705933300715914
22520,4.5428570691901164
22521,2.257650792220795
22522,4.4822706899088445
22523,2.7235848820205155
22524,4.739746096335245
22525,3.0339367499761027
22526,1.1665794485323069
22527,2.547033412316171
22528,2.5444229056245082
22529,2.6686124489774334
22530,4.2635352701621585
22531,2.8105097698911075
22532,1.0735579481074433
22533,2.2573913611327425
22534,2.368062874769669
22535,3.661252134359625
22536,4.437281093477991
22537,4.954026100263997
22538,4.203917677716886
22539,1.1653505957145622
22540,2.6124429098519824
22541,4.3389811695515546
22542,4.145322267477903
22543,4.311774865162667
22544,4.545857783299694
22545,2.2361604923579406
22546,2.9299088260633557
22547,3.5641225622043167
22548,3.452256885262571
22549,4.473656408780464
22550,3.5361937672309947
22551,4.4709892280176895
22552,2.576182594176039
22553,4.193264278897281
22554,2.558609513149364
22555,4.6810155752121165
22556,1.3445283063702496
22557,2.275514405318906
22558,2.725520169462009
22559,4.9012847118264355
22560,4.032383235533144
22561,2.049680325483868
22562,4.242357865837068
22563,2.2501798931763632
22564,3.4192652470905216
22565,3.9787252735699656
22566,3.028446657709695
22567,3.7283776915299347
22568,4.850933645088929
22569,4.0030179159837145
22570,1.557542650739535
22571,2.0232054538219995
22572,1.7329936068237344
22573,4.960043670799497
22574,4.353181803042443
22575,3.3080643238607035
22576,3.2606563200263703
22577,2.1735403896721586
22578,3.902910015646495
22579,3.3264966570029904
22580,2.390836060017549
22581,1.5536813693455338
22582,2.933051369915258
22583,4.540235345180589
22584,3.7411053961538254
22585,4.851381360730123
22586,3.2757405695643826
22587,4.150286416314415
22588,3.399625416811125
22589,2.856232238126747
22590,1.715640805651442
22591,3.3052257990946132
22592,4.2640322239933575
22593,4.533319025270137
22594,1.5320371838200337
22595,4.289206169630831
22596,1.797310522628754
22597,4.875533512661784
22598,1.947905298652528
22599,4.055021905824139
22600,2.0973548988462882
22601,4.948676576726105
22602,1.4276878275741693
22603,1.2815415973337982
22604,3.320357084849228
22605,2.6147426481677054
22606,3.9233199556358014
22607,2.3542958624363703
22608,3.2944776758522787
22609,1.4353274533980969
22610,4.141509792592656
22611,1.430121957336075
22612,3.396380388928774
22613,3.772979948205378
22614,4.506225261506371
22615,4.000796063882841
22616,4.97667829758096
22617,3.167086033334412
22618,2.077597122737519
22619,1.0633802406594652
22620,2.3916312250687146
22621,3.7304439032392027
22622,2.554350321849021
22623,4.553971588146759
22624,4.570850982170883
22625,2.3580287053147218
22626,4.466543739611639
22627,4.708053897663859
22628,3.0072016159534964
22629,2.529478372398772
22630,2.668870098715798
22631,2.7310871889584356
22632,4.103903671398098
22633,4.924628651190417
22634,4.8481452735558905
22635,4.138471888262897
22636,4.061357037912906
22637,4.1394766492688495
22638,2.925151481524411
22639,2.2334584550842496
22640,2.0157919228062844
22641,4.459184683684637
22642,2.6988744415589405
22643,4.466206915126759
22644,3.0381948866287205
22645,1.3025163420862436
22646,3.126720976869948
22647,1.6526312032982418
22648,1.9715917199590938
22649,2.8101587707496547
22650,2.7979131329093567
22651,3.1902831215590233
22652,3.221102678733858
22653,3.2699220244209872
22654,2.436419959965743
22655,1.4797146082305161
22656,1.7420587855966496
22657,3.918312772488432
22658,4.677463388798511
22659,4.881147173352971
22660,4.479213394309786
22661,4.283368079073752
22662,2.05755653321777
22663,2.4864407560283635
22664,4.833079925107625
22665,2.167041596283232
22666,4.005279103517066
22667,3.4155531448593277
22668,2.703938447311812
22669,1.2941172299147259
22670,4.523397347617404
22671,3.5760394751736038
22672,4.035578521577548
22673,2.1467404767946285
22674,3.186286993600537
22675,1.4421807866591227
22676,1.4326840611353164
22677,4.219186212394613
22678,3.897753288305787
22679,3.76198698876915
22680,4.347157012791029
22681,4.534756980493375
22682,2.381879717382534
22683,2.525207238685708
22684,4.646122107543286
22685,2.1333779961611055
22686,3.1674712304653405
22687,2.52237554792464
22688,2.0812317421310644
22689,3.862828537916858
22690,2.823843987221018
22691,2.5413790896319033
22692,1.1354730531545036
22693,4.076785404888128
22694,3.116389966340074
22695,2.609143826730114
22696,2.5020852405731318
22697,1.0042083905238717
22698,2.026071928711652
22699,2.2283179009147527
22700,4.599771348493297
22701,1.68457981782154
22702,2.1715516791561367
22703,2.9948361232132714
22704,2.344962722508315
22705,3.410602573909156
22706,2.794003264053642
22707,4.177197995072941
22708,4.97322642671959
22709,4.819843344189378
22710,4.285337700571731
22711,2.379750777301808
22712,1.628111859316728
22713,4.785513988010451
22714,4.949713521417902
22715,4.457129165631175
22716,1.4230314916158147
22717,1.7475907472125702
22718,1.609017978061161
22719,3.2980370493375815
22720,2.468741142669892
22721,3.207833786443855
22722,1.2422185525150313
22723,4.559476339237685
22724,2.434979890230188
22725,4.0242450537000485
22726,1.807105307624242
22727,3.5710613046514643
22728,2.3346747236509584
22729,2.514372947449744
22730,4.255806688645749
22731,3.3786479724233742
22732,4.043023072079505
22733,3.9067625043269802
22734,1.056684457020046
22735,2.2586339330680496
22736,4.778219549784004
22737,3.7670729045544578
22738,1.057998861429359
22739,3.9302904171258195
22740,4.599209855978853
22741,1.376969640441029
22742,2.7462204326480935
22743,3.7442098708240117
22744,1.4706652055853198
22745,3.9459062832741147
22746,1.5443777636414766
22747,1.795208161446388
22748,4.345347009843888
22749,1.864689135506349
22750,2.6940472497898527
22751,1.3046712891638448
22752,1.8470143011257112
22753,4.610843834830057
22754,2.4121538068403763
22755,1.7523067752694432
22756,3.7747108871831503
22757,3.0221651151182103
22758,2.9123642342874727
22759,2.864990291263588
22760,1.9887568500406103
22761,4.702452539926822
22762,1.7133758846673994
22763,3.0731642866046873
22764,3.618122909365841
22765,2.9426179206477983
22766,2.6748332467045848
22767,1.6715580246204431
22768,4.8644089520485405
22769,3.7440627014071977
22770,1.1169890029025464
22771,1.9216721983318603
22772,1.7384206022250557
22773,3.736360263282696
22774,1.467049877863217
22775,2.783597687705921
22776,2.3848069959394484
22777,4.147319601635626
22778,1.737317220552964
22779,3.9220221762641754
22780,1.9945676081838863
22781,3.6182529207513934
22782,3.9740869188868024
22783,2.3780988113337735
22784,2.1847572392546932
22785,1.4185068411564998
22786,4.127647313296892
22787,2.9926994925636405
22788,2.5160398911085085
22789,3.2575474528588346
22790,3.3770807499259203
22791,2.553053206098764
22792,3.0573004682031275
22793,1.951898518486169
22794,1.8732767914933794
22795,1.7196497980892267
22796,3.530736885294725
22797,2.16853487721503
22798,2.4808552391349448
22799,1.6688579662949885
22800,4.602938526514336
22801,4.260713917684808
22802,1.2715679553134973
22803,1.8800080396474397
22804,3.750549203950121
22805,2.6465642659460724
22806,1.6364013999273581
22807,4.489745322917736
22808,3.490975978573236
22809,2.5015077911786716
22810,3.8694274479353767
22811,4.731885233569926
22812,2.4506273225317288
22813,4.9403729086275225
22814,2.358649436397773
22815,1.606087944595283
22816,1.7931832639541803
22817,2.357514069139725
22818,4.883434768706534
22819,3.1656425211117245
22820,1.4284212295661738
22821,2.787639637013362
22822,2.342966523362409
22823,1.9724628928663028
22824,2.8645500360321408
22825,3.806747725480131
22826,4.356771184895531
22827,4.817504705854352
22828,1.3868916713756785
22829,2.480149505584119
22830,3.958600811028982
22831,1.0056269879644177
22832,1.57682640181237
22833,1.8492293466922112
22834,4.3197969361599515
22835,1.9912893703087682
22836,2.0097097751676967
22837,4.0887772832432505
22838,2.968415049778591
22839,1.3082561594364597
22840,2.002871212071351
22841,3.7027623187286367
22842,4.368442071886104
22843,1.836989035587532
22844,1.2655168068600129
22845,4.336314217778158
22846,3.3947073385917927
22847,4.795293620872307
22848,3.8126005402273697
22849,1.783529800864371
22850,2.0568696146418937
22851,1.1575919732850415
22852,1.8075162490469339
22853,2.544393286788164
22854,1.9888483640824064
22855,1.276942336499535
22856,1.2922934246667221
22857,3.8811644265514547
22858,1.0238169694377626
22859,1.3565200074214263
22860,2.181310595111104
22861,4.627438648470078
22862,1.5873260631445345
22863,2.777447230921904
22864,4.667253325457259
22865,1.5967355394197282
22866,1.4808610451880453
22867,1.7916148584504725
22868,1.8333807949155112
22869,2.205416466262153
22870,1.0936709702019045
22871,1.742959005891525
22872,2.7148935845563646
22873,1.552312947290773
22874,1.5669251505202553
22875,2.1216549097150903
22876,2.663071746672753
22877,2.1761794242234394
22878,1.0759890719296714
22879,1.6265590055762655
22880,4.62702831667476
22881,2.0604922677222306
22882,3.073557777217998
22883,3.025281770440713
22884,2.34049731224009
22885,4.177107025314999
22886,2.110012551479954
22887,4.837001441734122
22888,2.2686213866190585
22889,2.772313488946402
22890,1.321032787064918
22891,1.8425888984000416
22892,3.9012966615095697
22893,1.1546720174031022
22894,3.571572909724904
22895,2.1862004267134574
22896,1.8884407326561297
22897,2.5094023082761687
22898,2.7559159861446574
22899,2.826314968961475
22900,2.4472617597420796
22901,1.1439439355159733
22902,1.0816344022612236
22903,4.624381078318123
22904,2.8333598769220063
22905,1.0093694825025281
22906,3.8007281019921786
22907,4.537237229502816
22908,4.950381198195843
22909,2.6618821234125907
22910,4.468143560126705
22911,1.7810581887244705
22912,4.156104472910803
22913,4.048688247122768
22914,2.5574168567979165
22915,4.285552732751077
22916,1.30867989322422
22917,2.3198182955905158
22918,1.3260873252459904
22919,4.613341908481768
22920,1.022344347871214
22921,2.154583533182591
22922,1.6542506592444277
22923,3.4061952773787962
22924,3.683146065537299
22925,4.358934250307243
22926,2.9879841809454923
22927,1.6890566192146368
22928,4.138538874208022
22929,1.390848176573917
22930,4.456686813196679
22931,1.598960963943695
22932,4.349864071687586
22933,2.7841469151078977
22934,1.8704192822513548
22935,1.2123851871041071
22936,3.4353706728559366
22937,4.264762823731555
22938,1.6486063874303247
22939,1.0595314425404263
22940,3.7380328328964514
22941,3.788383552847121
22942,4.047738947832399
22943,4.763187211264426
22944,1.972128182371161
22945,1.4383780775641202
22946,4.656638844150296
22947,1.7729124492559465
22948,4.2089974922712905
22949,4.599847134520632
22950,4.620954848596979
22951,2.8063908676771097
22952,2.9692255482972714
22953,4.098212902892197
22954,2.842671087524615
22955,3.6686338182458558
22956,4.3965124821051
22957,1.4404645794792952
22958,2.7352214047241805
22959,2.7792521419075773
22960,1.266113423072266
22961,3.4326578349637025
22962,4.472355851956657
22963,2.1592801285547853
22964,2.3425923574417817
22965,2.83753830473841
22966,4.950592636767133
22967,1.2139803070901496
22968,3.2299389209673035
22969,3.148921200273168
22970,2.0687138712427
22971,1.0074746023599226
22972,2.208247761213936
22973,1.4641203227293929
22974,3.8388755584014116
22975,1.0968175188338165
22976,3.5901775341184856
22977,1.4155496188500591
22978,3.101356659755688
22979,3.8160130922405893
22980,4.521250842233542
22981,2.264806831393391
22982,3.6671135298845075
22983,4.202275282873233
22984,4.364337693546496
22985,2.290238708691554
22986,4.735179715822956
22987,3.793778585424924
22988,2.339464920682362
22989,4.263232435893999
22990,1.0897888153979145
22991,4.278165867513212
22992,4.965111925835229
22993,2.9610416505851496
22994,1.9480566986090966
22995,3.5433120604605257
22996,4.445908846464249
22997,2.1974040400405332
22998,1.0855359513893839
22999,4.787145776711086
23000,3.7941619498518246
23001,4.545615351639691
23002,3.8831223685160916
23003,4.939120620402962
23004,4.099405039763713
23005,2.847055028029032
23006,4.117276690072794
23007,3.601112427556967
23008,3.767531216624292
23009,2.9937016662470075
23010,2.818044618830933
23011,1.733175101894187
23012,1.0840517164319263
23013,3.588268214099109
23014,2.7347496896041705
23015,2.5140521000966753
23016,2.537912178828062
23017,1.2915746288463459
23018,3.6523369502471743
23019,3.735260914336202
23020,4.175176321936373
23021,4.188584378227243
23022,1.9511786408213139
23023,3.081877770916448
23024,1.3298703182208533
23025,1.9451482374412414
23026,3.4152934069668484
23027,2.9498999985710914
23028,2.8587221006449046
23029,4.5269982523035015
23030,1.3688125283100452
23031,2.0347547320748296
23032,1.3411621823323685
23033,2.4599339772024518
23034,4.979848103794122
23035,1.2002941823423114
23036,1.3747082848562324
23037,2.09338675332349
23038,3.207577650729885
23039,1.1875256828084786
23040,2.5831471733666773
23041,3.3239957896957173
23042,3.7436990164694413
23043,1.6400606039953867
23044,2.8593507855660456
23045,3.91834998304262
23046,3.8354858182974025
23047,1.0136745415796948
23048,4.896939988586068
23049,3.2512552848037104
23050,4.1672784279659325
23051,4.8496697220372775
23052,3.5761409844615275
23053,4.706105347806574
23054,3.6136281930360328
23055,2.0802037900490733
23056,3.678616522746093
23057,2.8290565289857708
23058,1.0524771034058005
23059,4.496367310431529
23060,4.71587352171803
23061,3.28102563390332
23062,4.597071222366779
23063,3.111941819508645
23064,1.4505305616131383
23065,1.4124914015862995
23066,3.9504143484545766
23067,4.7123726225625555
23068,4.130855378431292
23069,2.335627522847397
23070,3.2691810499839415
23071,4.0993809550781055
23072,3.462305632559125
23073,3.4969864078176105
23074,3.8344549600284816
23075,2.845180633514068
23076,2.2315199829527033
23077,1.0918888788362477
23078,2.9223002155138347
23079,2.8217842978256997
23080,1.2443681606114945
23081,4.383583977711373
23082,2.434910941616629
23083,1.1933732718089742
23084,1.5643682417648384
23085,4.415567382247631
23086,3.44965514173528
23087,3.839158736137592
23088,1.8289270389976418
23089,4.846673910683379
23090,3.753569489932952
23091,3.0189253453303957
23092,1.0551966288940715
23093,4.12661128841277
23094,2.3626360148233405
23095,4.391630536965779
23096,1.4820036584684657
23097,1.0251182540642367
23098,1.0218801900665788
23099,4.899421306987291
23100,4.277809067849304
23101,2.7315880573047364
23102,3.106370228644755
23103,1.4988403128289893
23104,3.1951166527755084
23105,2.8355819234109365
23106,1.800163460323092
23107,2.0599778083029707
23108,3.1816107143765047
23109,2.25128822767165
23110,2.4460047831882026
23111,3.593234431072674
23112,4.886858830605481
23113,2.341929867726058
23114,2.2842482508421145
23115,3.298811129068838
23116,3.8795522006082144
23117,4.261273470039834
23118,2.210980318279899
23119,1.1685299426926492
23120,1.5498318094449677
23121,1.9333155566184241
23122,1.6842756663082668
23123,2.8955998034304606
23124,2.0684340018959957
23125,1.2607671281166333
23126,3.12864116972813
23127,3.055256540542925
23128,2.281380195685448
23129,4.271162794692773
23130,4.384664159129746
23131,3.167734900234497
23132,4.877413079157268
23133,3.681234021378126
23134,1.907957611145779
23135,4.440369559172767
23136,1.6665113860544052
23137,4.719580281961959
23138,4.188712891088184
23139,4.879645642432498
23140,3.9349412175335603
23141,3.2221668733061133
23142,3.5271076724479227
23143,1.5968494257286174
23144,4.485150465142383
23145,3.3343052434692964
23146,2.0707348381559294
23147,4.092742236642808
23148,3.293237813548052
23149,1.909899472563021
23150,3.748819116646028
23151,1.71000224101182
23152,2.034375133902548
23153,2.46918411808011
23154,4.720056151865542
23155,4.437200110506888
23156,1.7981173921697953
23157,1.4086292810844192
23158,1.433980234520229
23159,4.0850509937752
23160,3.872189785162736
23161,1.040668103025482
23162,1.788031869071618
23163,4.868906285991187
23164,3.2670216788087436
23165,4.575797033737896
23166,4.768709745932711
23167,1.4486018631167088
23168,3.725496875375446
23169,4.998144954303165
23170,3.458868529028147
23171,2.873582429261933
23172,4.864446949550346
23173,2.8841253899139763
23174,1.3715626304628485
23175,2.9118920731632514
23176,3.240417618925107
23177,3.207920426616015
23178,3.511020652400985
23179,1.0771559697439805
23180,4.471027833080605
23181,1.014724185377697
23182,1.1586639102121121
23183,4.865727445485495
23184,4.815063468342897
23185,3.804496867073102
23186,2.4690931066118114
23187,2.7789756821803606
23188,3.181644144646786
23189,1.695249572982049
23190,1.1567719490281836
23191,3.40660104938522
23192,4.395465548719912
23193,4.281764610871974
23194,4.128074852992915
23195,4.339214552390079
23196,2.570222273829937
23197,3.406784204996731
23198,2.8780352303034653
23199,1.589526217591517
23200,1.6612849414921151
23201,3.1981436882203576
23202,2.7853421244825483
23203,1.0823472844556385
23204,2.256752141936369
23205,1.1166763711634982
23206,4.337735285178198
23207,1.0338416595529045
23208,1.2058859984297068
23209,3.8073369364420833
23210,4.505816450263171
23211,3.3699151894768433
23212,2.2433647214242716
23213,3.0674648956302457
23214,1.5276877774374529
23215,4.738511854334588
23216,2.8991856728815377
23217,4.668082235319895
23218,4.944651527873543
23219,4.727509109554589
23220,3.0282639560738085
23221,1.3252438959653503
23222,2.713195285814026
23223,4.511100041715169
23224,1.0347264330315955
23225,1.7652070010203884
23226,2.173155950231607
23227,2.9548775217801673
23228,3.6774858975531406
23229,4.650458192815208
23230,3.494125952104055
23231,4.246647853117165
23232,4.57088970004195
23233,4.754194069703539
23234,1.137002205437026
23235,1.8094515109953981
23236,4.389753554410174
23237,3.7187703720219263
23238,3.7937245492001064
23239,4.865904024036077
23240,1.142744253815033
23241,4.701955146501257
23242,3.848139277477831
23243,3.599285373569829
23244,2.6030904507913633
23245,4.123631976450291
23246,2.0985122217644485
23247,4.940923409556033
23248,2.1305176377400046
23249,3.725753319148337
23250,2.532705948798461
23251,4.67026952880868
23252,4.819374379598871
23253,3.388028485905662
23254,2.8629972009506615
23255,1.5151147485748817
23256,2.889191106152401
23257,1.8696101241414826
23258,2.505225160648251
23259,2.124276528177298
23260,2.6070745178058172
23261,2.953279209921379
23262,3.0540662896443473
23263,2.705952170329263
23264,3.3422530443363065
23265,4.347742282938997
23266,2.971172015563077
23267,1.690547905780119
23268,3.843887183237906
23269,2.2452763454176403
23270,4.176332147474846
23271,2.8325311009126235
23272,3.150515698442267
23273,3.4713661098409263
23274,3.849435819284358
23275,1.0686129576002616
23276,4.4568503630205445
23277,4.861425119686349
23278,3.380169794615601
23279,2.6409095132493428
23280,1.9350351953697222
23281,4.354966605100138
23282,4.185539112381976
23283,2.048314306108722
23284,4.69251999974763
23285,4.122517368106968
23286,4.199270242706051
23287,1.0119949723275075
23288,4.706465167112001
23289,4.998275729939856
23290,4.094743039023232
23291,2.1810123799704444
23292,2.066428051857258
23293,3.006485740138317
23294,1.3252015089149767
23295,4.995899320599513
23296,4.644800751060645
23297,4.85052705368998
23298,1.9577999838672486
23299,3.038672817896806
23300,1.4141468150963568
23301,3.782053507859695
23302,4.185365914556156
23303,1.6627228997853938
23304,2.100053413924693
23305,2.589599897978201
23306,2.056181517707991
23307,4.876211234934967
23308,3.4830499594063142
23309,4.520745484378068
23310,4.77898471562358
23311,1.8016553162539228
23312,1.42908923865361
23313,4.022587795229928
23314,4.221179225441773
23315,3.9238999707798397
23316,3.519513675183524
23317,4.884349461466491
23318,1.9648310100570203
23319,3.1148504114292304
23320,2.233273039130561
23321,1.664913631238838
23322,2.693250391916769
23323,2.528635420517292
23324,2.440479243399058
23325,3.255979418506203
23326,1.905405969321361
23327,2.3653847425569854
23328,3.4083718380430454
23329,1.6680971394123678
23330,1.6085436859246625
23331,4.277712218764517
23332,2.961115861265222
23333,4.929428001146309
23334,4.7515668519669525
23335,2.295109712869677
23336,3.0517304052268357
23337,4.920765608244139
23338,1.1550352047238688
23339,2.7206582937309154
23340,2.9087181447591632
23341,1.1079807356325975
23342,3.9750614538506435
23343,4.709011781737127
23344,4.433445448451732
23345,3.2010490137248215
23346,3.4989712988891717
23347,4.837582871022284
23348,1.4387046588574743
23349,1.0723972064548608
23350,3.5971627873072864
23351,3.556008338673928
23352,3.1231245706519113
23353,2.1792626051170476
23354,3.172449135663474
23355,4.783347866998967
23356,3.3877768978006717
23357,2.0280209545421544
23358,4.39132136681506
23359,3.336149649699828
23360,4.227643569581941
23361,2.286546776656885
23362,3.1321405886123035
23363,1.0140259851098379
23364,4.965014830953633
23365,2.509425221852594
23366,1.9451087935435418
23367,4.946331188909596
23368,3.944524251536111
23369,4.995075868812911
23370,2.863175368899583
23371,2.994154492139795
23372,3.8919804142072087
23373,2.9953278310577196
23374,4.3360445841056325
23375,1.199167678874793
23376,1.8398292612465075
23377,4.492877928937537
23378,2.0304889563329325
23379,3.2924086990037886
23380,3.9975813767801642
23381,2.608906533865653
23382,3.263858654348247
23383,4.8105458862847845
23384,4.087114479964061
23385,3.9954630638332485
23386,4.730506893358282
23387,4.811756157669395
23388,4.742249446191632
23389,2.8620624174543416
23390,1.0360741041822186
23391,2.076597144399491
23392,4.502172880826468
23393,2.007035454280146
23394,2.0780603693381585
23395,3.119213969033069
23396,1.7592119053987996
23397,1.4823457255461157
23398,3.52844388279419
23399,4.889365249974526
23400,4.2958816832087905
23401,3.269151075184753
23402,3.832874590084342
23403,1.5199085297908064
23404,2.891961143215947
23405,4.444366792028793
23406,3.8064002331316376
23407,3.7142924276909377
23408,2.070424993077601
23409,4.429662793830703
23410,2.199982244418362
23411,1.2512158455753855
23412,2.913233980593189
23413,3.268389759180042
23414,2.8627064882045667
23415,4.034583497431174
23416,1.2600054471225999
23417,3.606491694942708
23418,2.4953004641821064
23419,2.107940345807623
23420,2.9629792873086496
23421,1.6888419273338355
23422,3.7294438541511172
23423,1.1600398610881126
23424,2.1379504236389604
23425,4.737189692655223
23426,4.603220167685176
23427,1.0357252932115895
23428,4.626942703365288
23429,4.270715721267687
23430,2.1736947183984823
23431,2.216530842931197
23432,3.3147126142083647
23433,1.4520655847424964
23434,3.693055715948068
23435,3.9597481416579625
23436,1.4073806834845426
23437,3.331616125449567
23438,4.929549007469998
23439,1.6666232723933283
23440,1.5546564363255055
23441,2.2345839204277818
23442,4.479386514886131
23443,4.870005966126817
23444,2.3574273481024077
23445,4.982148896847299
23446,3.6321142720047717
23447,4.918923502630802
23448,4.814586569935056
23449,2.710889876512858
23450,1.893656886648035
23451,4.552909962944741
23452,4.331173175557847
23453,3.5924420323720194
23454,1.3557938154038043
23455,1.683099511738427
23456,4.281376801720204
23457,1.4011270833340164
23458,2.6977022762980813
23459,1.0632738009124547
23460,4.137114704609333
23461,4.169007678559291
23462,3.834373574527619
23463,3.9206933835091125
23464,2.344498042805596
23465,4.27294938767856
23466,4.246173414322305
23467,3.7371640872868084
23468,3.398082310607866
23469,1.2486694713727475
23470,2.925027863107671
23471,1.6280358980085614
23472,2.3316127401838145
23473,1.3647453737772164
23474,4.553477195772208
23475,1.1588723807225927
23476,1.711354022285985
23477,2.1613415039389294
23478,1.441787384926906
23479,2.710262517406711
23480,4.257754661076838
23481,4.972998157210226
23482,2.5378962584394724
23483,2.212294157861705
23484,3.8296137645926738
23485,3.7187204054105507
23486,3.0227239074565406
23487,1.7720931446069295
23488,1.6250409020888692
23489,1.2531655198901488
23490,1.410457490663866
23491,3.5665667727175454
23492,4.620692077772094
23493,4.262212556863606
23494,3.7391229837419195
23495,1.7762573243657753
23496,3.214436525838696
23497,4.3196374072114185
23498,3.765493312719807
23499,2.083545388333132
23500,2.2538743538704558
23501,4.202664134107296
23502,3.858507689891591
23503,4.696449813472583
23504,2.379502644258172
23505,2.442382138729288
23506,1.0132091365577458
23507,4.9429329768153405
23508,1.0001434566913394
23509,4.2969675132211735
23510,3.5108664027626797
23511,1.5611357114789066
23512,1.7592628904014904
23513,2.7602026100599395
23514,1.8793118086051916
23515,1.064071667558565
23516,4.957544553603823
23517,1.5402752040065892
23518,3.78965158571426
23519,2.435622482792859
23520,1.0544752786007954
23521,4.274334703759141
23522,3.7630026138924215
23523,4.424367040672583
23524,4.212413689331472
23525,1.907578240877705
23526,1.833036616771984
23527,3.6355730162451216
23528,1.4925050627054284
23529,2.609677964351385
23530,3.3828761104437834
23531,3.8113655752144187
23532,2.665439542048314
23533,2.177901358961248
23534,1.6985281463583348
23535,2.289732830024578
23536,4.5977910395550765
23537,1.4809791535923296
23538,1.439919055510666
23539,4.085724139480924
23540,2.605913290888118
23541,1.7289222513988003
23542,1.3045019039312034
23543,2.2752423654817533
23544,2.761401712542908
23545,3.820511684908322
23546,4.080797436708687
23547,4.057521140134074
23548,2.1149977294645668
23549,3.380126775699124
23550,3.664563478029573
23551,2.0438118814811
23552,3.530420394523906
23553,2.9670957137648943
23554,1.5997212136013483
23555,3.834208319980027
23556,2.5199512005804054
23557,3.273860020453977
23558,2.429441001455739
23559,4.0388293299718345
23560,3.8363346871502046
23561,1.126676373544186
23562,1.186849171038165
23563,1.4672800434766864
23564,1.3998728559821991
23565,3.9089187661490032
23566,4.863340318170737
23567,1.7396921470889621
23568,2.32093850286705
23569,2.2770446325806653
23570,2.868306863935214
23571,1.3385865531448649
23572,3.7501248766210233
23573,2.7666267955495747
23574,1.5269694534714988
23575,3.088153117392084
23576,1.6446526515449045
23577,4.882242823125919
23578,2.112309250397233
23579,4.007485463111012
23580,3.3735150714004107
23581,2.4600120330551767
23582,1.2587854868323194
23583,1.4230839918304636
23584,1.77259804433153
23585,4.365400163160645
23586,4.672280629360079
23587,4.414839823869356
23588,2.5240864999849655
23589,3.546745676487001
23590,3.342250859822851
23591,3.364613716419146
23592,4.287432383029893
23593,4.346196870228057
23594,4.8693962672613065
23595,2.3829503617811416
23596,4.793804253536409
23597,1.4092940889429557
23598,4.514928583246014
23599,4.148151676771048
23600,2.192063896228573
23601,4.4183516884269665
23602,4.17851982957128
23603,4.119908882301958
23604,1.0777151752978549
23605,4.031741612169968
23606,2.191262605489796
23607,4.842714703169572
23608,2.6045567203220656
23609,1.927154378379842
23610,2.5955791651550304
23611,3.8066056596072646
23612,2.287691532265343
23613,1.2529864480511672
23614,2.781040789738705
23615,1.1763326039956326
23616,2.0300837361546065
23617,2.691692021254296
23618,1.7678568078073296
23619,4.670623338448426
23620,4.619826138579299
23621,2.9477672944879503
23622,3.5779335477397316
23623,4.02562523849184
23624,3.8901465140358336
23625,4.258017180029658
23626,3.509111065368619
23627,2.683778075192856
23628,2.8614258509050394
23629,1.6124796421453853
23630,2.336280699319841
23631,4.957307219846153
23632,2.8926327279845596
23633,4.859802353843545
23634,1.1738982998759635
23635,1.6402241148303127
23636,2.094506670352696
23637,4.649802231130179
23638,2.2447210767297645
23639,1.9845754967416376
23640,1.6459059537192848
23641,3.476273276622066
23642,3.490815968077465
23643,1.7578166373706017
23644,4.919571737904645
23645,1.8917795213986888
23646,3.9730511741231282
23647,4.133031005249027
23648,1.6768751025246638
23649,4.999180007535259
23650,1.6043876853210843
23651,1.614500856502938
23652,2.4796261885189854
23653,1.9361914861808556
23654,2.4815176407429536
23655,1.98321467627001
23656,1.0260342680141217
23657,1.7149420436561584
23658,4.246507470992158
23659,1.014810351781687
23660,4.0543879427919585
23661,4.329237118378875
23662,3.72756221481725
23663,2.3999535649775567
23664,1.5903378841158244
23665,2.516187766425702
23666,3.210253222517561
23667,3.1735926306459876
23668,2.3248943813479306
23669,2.244019237384148
23670,1.206699422003183
23671,4.877045542978783
23672,4.196144770704523
23673,4.360949157764823
23674,4.152711949503511
23675,4.412209602908549
23676,3.000739417406105
23677,1.6730995566281441
23678,2.851289211516187
23679,1.771899514133405
23680,1.7547442310897319
23681,3.7660571918128936
23682,2.3643561931520374
23683,2.8243004719487983
23684,4.183762875924678
23685,4.888545521962341
23686,2.0340493384345693
23687,3.9017163272747957
23688,2.895420666140483
23689,3.904509151975742
23690,1.8630489116966436
23691,2.2730403813951856
23692,3.5420001232617144
23693,1.6038150384094396
23694,2.6203294752605903
23695,1.03792330955602
23696,4.294562632015262
23697,2.328034159642029
23698,1.9260595916113394
23699,1.8068018380804989
23700,1.6909538333184644
23701,4.761852471162866
23702,1.9965807448589699
23703,3.7072129010302843
23704,3.4422126779997155
23705,2.2457565036227027
23706,1.3960840755281012
23707,3.276588755596081
23708,1.0843597503798041
23709,4.834561276727795
23710,1.5108714959103855
23711,2.481601940027353
23712,4.4567159127309495
23713,2.496374298365469
23714,4.135026086685721
23715,1.7646218004184564
23716,2.2546824900097207
23717,2.9400588176735245
23718,3.601181332518257
23719,4.849243628003736
23720,1.5207726850513978
23721,4.134114528861371
23722,4.198654340307958
23723,4.656418047545369
23724,4.672975377758883
23725,1.8236976419009916
23726,4.713395070568686
23727,1.1122318010226095
23728,4.579388131419089
23729,3.884024008017997
23730,3.695337278653262
23731,2.486785891852854
23732,4.069068071530734
23733,3.505195471345723
23734,4.994269430844044
23735,2.6180701356475025
23736,4.761497040209349
23737,3.7808467142934212
23738,4.018659198938178
23739,1.4277263425487243
23740,4.096155143305141
23741,3.845778766320009
23742,4.9121128811232975
23743,4.7078637633383185
23744,2.8835782084379793
23745,4.437020264956642
23746,4.401980288979982
23747,2.011613285453166
23748,3.843148685818137
23749,4.742092951241778
23750,4.57902126140716
23751,3.5942716350371255
23752,4.714252727323162
23753,4.134268675467236
23754,2.9319456244024416
23755,4.22650642485174
23756,4.648979640959983
23757,2.0032615785816055
23758,3.6947721998872907
23759,1.9475509186465825
23760,1.8023384329970278
23761,1.552808445222635
23762,1.4883641322534236
23763,4.991646964266097
23764,1.6501435336929648
23765,4.174712710300017
23766,1.183445368485661
23767,1.100846934844657
23768,3.685713586564647
23769,3.3561858687774833
23770,2.5332469720790742
23771,4.970058007524495
23772,3.534835352481296
23773,3.8554323602020615
23774,3.537915237093303
23775,4.166970931374248
23776,2.9624005672929976
23777,4.190347067631331
23778,2.413469600551604
23779,2.110247535202762
23780,4.786897203105101
23781,3.399290013364148
23782,4.898351321676127
23783,3.7173238373867514
23784,4.2160304261119945
23785,3.9426081366675447
23786,4.553062625375324
23787,2.958869856061176
23788,1.384601091330742
23789,3.9974339336522573
23790,2.035370108308051
23791,1.5596219211923894
23792,1.988131451879887
23793,2.296474761712333
23794,1.7362623206145424
23795,1.4941020969529522
23796,1.6020121991133962
23797,2.405705506068587
23798,1.86072781025188
23799,1.8464468750458982
23800,3.016965050449798
23801,1.658353165918884
23802,1.842033844100229
23803,1.1428901298779315
23804,4.222821213584249
23805,3.2628597352108875
23806,2.172880317889455
23807,3.8463269024830726
23808,3.76072296226322
23809,1.0669827121994837
23810,3.173832987056926
23811,4.801975282641312
23812,1.2483593009145624
23813,1.7615492889733528
23814,4.363392022122158
23815,4.887358669639811
23816,3.2399863604829195
23817,2.6036986211411803
23818,2.590757685398548
23819,3.610935899925242
23820,1.2939348437567681
23821,4.492450093391826
23822,3.493974484754731
23823,3.6505226060569305
23824,4.1615647100099995
23825,4.3946399880569516
23826,4.253390664250512
23827,3.42248697044166
23828,4.985791180125577
23829,2.226250294364691
23830,1.0506450875629727
23831,4.853798227199223
23832,1.760495529018982
23833,4.460265081447536
23834,4.221289941131015
23835,3.5293964394417556
23836,2.8616280532169123
23837,3.6195972461929298
23838,3.8546123416620484
23839,3.2442152330444545
23840,1.4225772953146794
23841,3.7508274146488882
23842,2.919766462374331
23843,1.9676128981600156
23844,3.182458880750569
23845,1.843108203975281
23846,1.0620493562356095
23847,4.68381904097159
23848,3.613944874707084
23849,2.066302799023175
23850,4.609981694230614
23851,4.064971039716708
23852,2.8450507611603797
23853,4.383816470288748
23854,4.953537069904073
23855,2.154192169321897
23856,3.6770181732490617
23857,2.3009948872746784
23858,1.0089400797637698
23859,4.174772213198972
23860,4.978181182881148
23861,4.557531218329942
23862,3.0123786633898857
23863,3.550878664553726
23864,3.5381398457485242
23865,3.0048199836846905
23866,3.1840221028268734
23867,1.229675227428277
23868,3.144399819528373
23869,3.5503478383629266
23870,2.283097472769925
23871,4.036492923237724
23872,1.808908950505634
23873,3.303847891094815
23874,2.576736033958234
23875,4.457920222087736
23876,1.35348033256443
23877,4.2886320215939016
23878,2.7164508271951187
23879,4.104721521693694
23880,2.691148694299212
23881,3.893151521029974
23882,3.1935437415259775
23883,4.1926338628692115
23884,1.2979945292316617
23885,2.7055984450406023
23886,4.082377340305424
23887,4.642155030037255
23888,3.5036765676472763
23889,2.802567857868165
23890,2.5525033879055545
23891,4.391639672502402
23892,4.925347765437386
23893,2.955815666588868
23894,3.9771119459868323
23895,1.5779481050748303
23896,3.733250600243123
23897,2.2308578190025363
23898,3.2925491028903813
23899,1.8193938568190262
23900,2.7726700390344816
23901,4.833506894430122
23902,1.1448809166017018
23903,1.4578640210721439
23904,1.3286119912825667
23905,3.240369767450451
23906,4.569162714818609
23907,3.3027174004850024
23908,4.972175042391502
23909,4.53570407008873
23910,1.3459805297550993
23911,3.9146522280559224
23912,3.5561388408257852
23913,2.0726884020278864
23914,1.5708000097523982
23915,2.279716853474208
23916,2.593421466002658
23917,3.0094850070446446
23918,2.17843178021937
23919,1.5366162319102057
23920,1.7441727350542675
23921,3.248736040688793
23922,4.698212322810127
23923,1.412142267114696
23924,2.562372389398272
23925,1.8374134403427163
23926,4.44742081987107
23927,3.4663443587964684
23928,4.767887458185998
23929,3.6790806528296165
23930,1.4233959178050979
23931,4.123968556220621
23932,2.3977924908510966
23933,4.727026590514872
23934,4.999627078558584
23935,3.1570414854064097
23936,1.087568442113139
23937,2.3732299726075654
23938,1.819638444778005
23939,4.061363832156557
23940,2.147636816433045
23941,1.5839319929513271
23942,4.153779035959891
23943,3.1329121510411024
23944,2.3103832702140896
23945,3.81166506535558
23946,3.00360978086786
23947,4.9906226029295535
23948,4.997367433567993
23949,4.4022503567304785
23950,2.0487004787676213
23951,1.8880359356505503
23952,2.4711658977291298
23953,1.8743066237183652
23954,3.3032034657553977
23955,1.5774061340355332
23956,2.237768783070306
23957,4.914197830053198
23958,3.448514520045764
23959,2.5779628265008334
23960,3.106225280876732
23961,1.3065908633433274
23962,2.491333885831166
23963,4.254597684254904
23964,1.0477095195186603
23965,1.0911886984316128
23966,3.343010566414492
23967,4.660545650412436
23968,2.208756131897453
23969,3.71040167114171
23970,1.9266282744877423
23971,2.6156334150132907
23972,2.3157761499469673
23973,4.653773552662869
23974,4.952250102909389
23975,1.8393750061169833
23976,1.5353648426354907
23977,3.464798982121342
23978,2.663113327737137
23979,2.051695758046951
23980,3.831925487913599
23981,1.1961980308728428
23982,2.5246625279851966
23983,3.279920107841383
23984,1.7424004113199274
23985,1.136158519146726
23986,2.7049336453990396
23987,4.154396138917791
23988,1.501318527357082
23989,4.180415970819781
23990,2.769811878631985
23991,3.7761902031170327
23992,1.9832370046321013
23993,4.00782576076271
23994,3.239624231258426
23995,2.264111309932366
23996,3.938698658302148
23997,1.7829319297302386
23998,2.105868741854417
23999,4.145114142818807
24000,4.900264251503881
24001,3.6249797302008475
24002,4.230562653271267
24003,2.534138280841905
24004,3.239179768018875
24005,3.9026282609111766
24006,4.444353056701501
24007,2.8354162997877914
24008,2.382417407853373
24009,4.347121203258984
24010,4.448564357514268
24011,1.6159044346446922
24012,3.6915360429842714
24013,3.175452252426713
24014,3.6040083397570566
24015,1.6873845943840777
24016,4.601119883697942
24017,3.56216602259762
24018,1.6545900348493348
24019,3.3853484806918184
24020,1.791190620429528
24021,2.0590204437327047
24022,2.0648536606939984
24023,2.616904858122363
24024,1.3103953663887031
24025,2.5068036743875592
24026,1.3108509219677948
24027,3.681196983392108
24028,1.9559385052236822
24029,3.122936396770676
24030,4.836209366727655
24031,2.6531278184884752
24032,4.508600470034247
24033,3.2479957734111577
24034,1.931311455362366
24035,4.152737935960049
24036,3.6912526427059733
24037,3.029999900844253
24038,3.545522881528261
24039,1.400453236377182
24040,3.9758626732719136
24041,4.897321589858317
24042,3.7082522738505994
24043,1.872943460746511
24044,3.5731187799904247
24045,4.065454891194291
24046,2.0002604964635498
24047,2.1609238946758382
24048,2.607657264508079
24049,4.585157035289162
24050,3.3174712589822337
24051,3.1382155468658155
24052,2.6301981190056893
24053,4.359205272725042
24054,1.487361934215591
24055,4.885718741023709
24056,2.0709732212280882
24057,4.56404662991387
24058,3.2870807380490743
24059,1.5732419284058632
24060,3.5387853392416186
24061,4.4348072526645606
24062,4.686562091376798
24063,1.6686930661962203
24064,3.0178702710266396
24065,1.7000338979096337
24066,4.444630278853479
24067,3.6738877047119667
24068,3.894472599295977
24069,1.9767004088258435
24070,4.483827604227104
24071,3.455743450602212
24072,3.2789879474632326
24073,4.653806871827703
24074,4.544801299783752
24075,3.2275453750930283
24076,4.6141157609145855
24077,4.029257390609078
24078,4.135718745535236
24079,4.594716250660425
24080,2.7141713903232145
24081,4.247492722449923
24082,2.2873814830885117
24083,2.491739824680506
24084,3.93174128446738
24085,1.3005408760198933
24086,4.547137969681803
24087,4.088616697459646
24088,2.1112998112604475
24089,2.8809667530408394
24090,3.4341678273982033
24091,1.9990886602661329
24092,3.3372562691942766
24093,1.6162463336001465
24094,2.483877531319312
24095,2.16665843415554
24096,3.1831247570397005
24097,2.9987689986891053
24098,1.7064334713193645
24099,2.041662432409122
24100,2.953416717150367
24101,2.100454667119248
24102,4.420266581537134
24103,4.916260796059152
24104,3.0180426491717416
24105,4.790457546437134
24106,4.206121882660769
24107,4.936119867923466
24108,1.2076273059960552
24109,2.066339626580083
24110,2.4913302922695895
24111,4.428858633917002
24112,2.2317669606941632
24113,1.9082722155875316
24114,4.193329369061303
24115,2.2044177098680846
24116,2.716130857304506
24117,2.4941558830547943
24118,1.8521361517977288
24119,1.6634043206815927
24120,4.046608022405988
24121,1.140971813587825
24122,3.057096600579374
24123,2.5127238759136103
24124,1.2030750735080873
24125,2.9901511717174354
24126,2.0868694614004264
24127,3.5297696075884653
24128,1.3931083901674497
24129,3.916830210109865
24130,3.047658758508061
24131,2.354996070245787
24132,1.6205591528019245
24133,3.496451002706359
24134,4.624615966824235
24135,4.425513119443032
24136,3.5011559641250085
24137,2.0256775423673385
24138,3.0305865678931174
24139,1.012420889800091
24140,4.907054764714889
24141,1.6793030167379075
24142,3.111660627495361
24143,2.5372779792141626
24144,1.3772268625937754
24145,2.235245835960036
24146,4.246062281434609
24147,1.9140794840727917
24148,2.5993518899216803
24149,4.488928229255089
24150,4.166242476668494
24151,2.99480414759367
24152,3.575785527790141
24153,3.9479951884154674
24154,4.959176639006367
24155,3.9205286442648544
24156,3.1297641943637102
24157,2.8199887301748365
24158,3.2652119757528406
24159,2.7848670221249154
24160,2.7289952087806673
24161,2.3571458969868933
24162,4.843843720065349
24163,2.7026000263673335
24164,2.723054522681641
24165,4.319005209325597
24166,1.1475461321745537
24167,1.7376260729772701
24168,2.5518619762795907
24169,4.573587939858414
24170,3.062484024177316
24171,3.8619161765050394
24172,3.15364208294489
24173,2.388043519980877
24174,1.1302847298622232
24175,2.7062709376663214
24176,2.0041158963209855
24177,2.1462782984944604
24178,2.96167911556394
24179,1.760465835581091
24180,1.2196458686174099
24181,2.4953739576132827
24182,2.8582388812037545
24183,1.2966825504978363
24184,4.188943410238616
24185,2.2710308530527765
24186,1.8513853778921634
24187,4.0912481276304415
24188,4.344631632559046
24189,1.0380693355679993
24190,1.291646896676614
24191,3.0785982757558803
24192,3.01028997798736
24193,2.915391451278525
24194,1.5813649755306685
24195,3.794238819246532
24196,2.947544961615569
24197,4.258768364466992
24198,1.7194845364191673
24199,2.734192914855398
24200,2.1573116259531937
24201,4.691151608105292
24202,1.8720200419920086
24203,2.3838951365726
24204,2.0193215974403387
24205,2.4757555120526518
24206,1.2338751840011914
24207,3.2855444970409673
24208,2.9908874169674204
24209,2.9024803396324907
24210,4.200535195107159
24211,3.4202374839468264
24212,2.3356912630367974
24213,3.0519625775042494
24214,4.572140133941122
24215,2.6111837546950953
24216,2.7844127625631243
24217,3.438221107412494
24218,2.3142546879655224
24219,2.969125280530999
24220,3.36937356275974
24221,1.7283893279936007
24222,2.8147614712608644
24223,4.6144158397023585
24224,3.473675200790307
24225,3.8691950972242033
24226,3.1040296473492393
24227,4.1505809970254095
24228,1.6404916735854256
24229,4.370755900699507
24230,2.1227230711528033
24231,3.188587082915374
24232,2.7160541528980593
24233,2.0086429187471717
24234,4.321620820021508
24235,4.6765750668748485
24236,1.6968746005294086
24237,4.282367235163733
24238,2.693065331533396
24239,1.2365132869570563
24240,3.45590059945386
24241,4.698280733093334
24242,3.725098673742115
24243,1.8440488450415993
24244,1.6432177570484212
24245,2.326710991279027
24246,2.103129322908881
24247,1.2239885358969351
24248,1.6141501338197832
24249,3.7464540928184396
24250,4.0162538719665815
24251,3.7209098404391137
24252,1.6823814515530962
24253,1.1242385359042681
24254,3.44524576314403
24255,1.6689044424312556
24256,3.203272703881964
24257,2.878497820667923
24258,2.849005672218539
24259,3.425808689118312
24260,1.239186144309378
24261,2.2314295614317063
24262,1.5809728903709175
24263,2.7958383584480617
24264,4.192616448134315
24265,4.1624330129812215
24266,1.7192539831239033
24267,3.590458786837581
24268,2.45813874783601
24269,3.7903998592176125
24270,3.143734946192535
24271,4.779774950727205
24272,3.8706339526142663
24273,2.202046341799841
24274,4.429026835273976
24275,1.3220896681609249
24276,2.0220939640149234
24277,1.1014161698121363
24278,1.3207426542970175
24279,4.44149067014392
24280,1.712820515421519
24281,2.2447518417148236
24282,4.772684107259297
24283,3.739570626218834
24284,1.5831609669148308
24285,3.0549805785725668
24286,3.269237993734081
24287,3.2959940661304197
24288,1.3202538525272813
24289,4.012063570930655
24290,2.115921434136139
24291,1.6584826293409702
24292,1.003666443634191
24293,3.3896790722640042
24294,1.5383386957207188
24295,4.367054769268451
24296,1.726182163782863
24297,2.552134381101384
24298,2.798957479336181
24299,2.9390176045834857
24300,2.0897236647142625
24301,1.7659950661322164
24302,1.0828208889648598
24303,2.5153245860973197
24304,1.7710436256177888
24305,2.3804524095091937
24306,1.9889545996863371
24307,1.1248995068832088
24308,3.7834337264404496
24309,3.015457414740367
24310,4.872440484705557
24311,2.8026010434062916
24312,3.398235691522393
24313,1.5529877491058466
24314,3.291851720832364
24315,1.9763768117154337
24316,2.63056283178678
24317,3.2789815500027104
24318,4.434760460140414
24319,4.6934128885242625
24320,4.3511373229518355
24321,1.2876785770707286
24322,4.79040938007979
24323,4.009281012539146
24324,3.6986803789989464
24325,1.5692638533537098
24326,1.835972607830683
24327,3.402123357435138
24328,3.8524141333196398
24329,2.8960559057169353
24330,2.765477013969727
24331,2.265222299635309
