episode,mass
1,3.807947176588889
2,3.807947176588889
3,9.51207163345817
4,7.34674002393291
5,6.026718993550662
6,1.6445845403801216
7,1.6443457513284063
8,0.6750277604651747
9,8.675143843171858
10,6.051038616257767
11,7.10991852018085
12,0.3037864935284442
13,9.702107536403744
14,8.341182143924176
15,2.202157195714934
16,1.9000671753502962
17,1.915704647548995
18,3.1119982052994235
19,5.295088673159155
20,4.376255684556946
21,2.983168487960615
22,6.157343657751556
23,1.4809892204552142
24,2.99223202049866
25,3.726982248607548
26,4.615092843748656
27,7.873242017790835
28,2.0767704433677614
29,5.190920940294755
30,5.96490423173422
31,0.5598590859279775
32,6.1146940338242395
33,1.7881888245041864
34,0.7440107705542672
35,9.493966818808
36,9.659757127438137
37,8.103133746352965
38,3.11567631481637
39,1.0669539286632004
40,6.873906962470353
41,4.457509688022053
42,1.3081785249633104
43,5.002251410101574
44,0.4404463590406621
45,9.102271980579943
46,2.6619218178401676
47,6.658970615104422
48,3.1859396532851685
49,5.248673409660327
50,5.5124317654984685
51,1.9300591097027178
52,9.69888781486913
53,7.773814951275034
54,9.401039521485473
55,8.958790769233723
56,6.019209790229743
57,9.226554926728857
58,0.976075770314003
59,2.0402303379495375
60,0.5477501602143269
61,3.3207702745563172
62,3.9479051679258723
63,2.78635541456157
64,8.3045013406041
65,3.631857934266534
66,2.8812516459050697
67,5.47269122326666
68,1.4951498272501504
69,8.041750109464994
70,0.8380513724297312
71,9.870180672345121
72,7.7452232160369086
73,2.0672852471883068
74,0.15466895952366377
75,8.173068141702858
76,7.097887704091409
77,7.317170963605775
78,7.735576432190863
79,0.8330420521674946
80,3.648810712588299
81,1.2471036892987843
82,8.644723916168376
83,6.270651455592823
84,3.375890446041227
85,0.729227667831634
86,3.178724984985056
87,3.319314888064796
88,7.323101165546834
89,6.41181896641661
90,8.883406151505632
91,4.7749277591032975
92,1.283983034789187
93,7.16112339350765
94,7.631771981307285
95,5.656644255938012
96,7.732575081550154
97,4.9885764040074685
98,5.275055010881741
99,4.332656081749641
100,0.35164935476654235
101,1.168125127233714
102,0.41114893829866905
103,6.4004630715114255
104,3.212124212655634
105,5.134849842530557
106,9.084908091868321
107,2.567993068573862
108,4.162790938052734
109,7.579956271576182
110,2.3651018383670626
111,0.8621011073050506
112,2.9685393838463034
113,1.696090743814644
114,9.304006758191473
115,8.100391757687728
116,6.3706971894531925
117,8.727459842858405
118,8.056353561301233
119,1.947043582971755
120,8.93633408505078
121,5.439488194964942
122,8.09365753612422
123,8.971303869242583
124,3.2482344022214527
125,1.189514052824
126,2.356558109165223
127,4.328367107399937
128,8.198346182632681
129,8.6212327742378
130,7.650265584516591
131,8.212246387640482
132,2.444335557059373
133,9.406993458891591
134,7.94561662247849
135,8.22700057498637
136,7.071346115781039
137,9.50952480999607
138,5.955454711851703
139,9.459980755754456
140,0.6925426523457093
141,8.919685602114361
142,6.93836848806177
143,2.062908319887589
144,5.869813723171062
145,3.006955459126797
146,0.5443398391127998
147,0.15450521762519942
148,7.9253798316547375
149,3.356108529828888
150,3.8224516255345247
151,1.2111089637197112
152,6.880098381006925
153,6.42743958062213
154,9.659678669835928
155,2.631335772497176
156,5.030522071458122
157,5.117851566199672
158,9.086329971202085
159,1.3806988990680975
160,6.895993231639148
161,4.37265423611242
162,1.59252770243152
163,6.325230621051141
164,0.9322407372136294
165,6.502879295898744
166,7.451580191851975
167,5.598126971239189
168,7.834304233765782
169,2.8139716362804417
170,1.1353221083709317
171,7.271829420506511
172,4.80730370064301
173,3.0740328756546473
174,6.685317222657749
175,5.5464170105312025
176,8.377407943927455
177,5.417604081402872
178,7.963823922261246
179,2.3033022540040706
180,2.76586587561165
181,4.1148912642261495
182,5.583549914409047
183,3.783056449988499
184,4.585924411468212
185,8.69661035962085
186,4.806312183435287
187,5.500878271068052
188,0.9369574221456002
189,9.88745742360902
190,0.6276344113181732
191,1.7505201626532338
192,0.31603651915931047
193,7.539947717066732
194,6.507742365532572
195,1.0213042953352423
196,4.537849494682953
197,8.555957206148372
198,3.3665345884371813
199,0.26175933302746535
200,1.0228861420005917
201,7.5566490649763995
202,1.6676452988877621
203,2.7566538582112963
204,7.496065622884674
205,6.547481615866587
206,1.7908820383895527
207,0.803348897962529
208,2.5343157835202756
209,8.370127076861342
210,5.365292077676964
211,6.463213452177698
212,7.768000528785811
213,0.36221292243682024
214,6.580481696772639
215,0.22894308244954292
216,5.588715360397726
217,7.508626269673796
218,5.668352485224037
219,9.837568775338447
220,0.9305972469074865
221,8.297684133718276
222,3.3762203046575747
223,1.742175257965239
224,8.785128000748747
225,2.1894021673120165
226,6.828003984438247
227,9.882542386208486
228,3.83907578978252
229,7.697268294423541
230,8.491340026255147
231,6.425378969962335
232,0.8523798687023563
233,1.7485345648500596
234,4.195670932374734
235,1.455426315503381
236,3.845833794227808
237,3.930586160321304
238,7.691808949024115
239,7.274099582563061
240,0.11747250229585526
241,5.7747044839742685
242,1.7053675071675378
243,8.508969578318055
244,5.115842616871492
245,3.7300863525768344
246,5.250137426727723
247,7.149131602343904
248,5.088994480319987
249,1.5764976285553018
250,8.637583744038379
251,0.9365766771728103
252,9.652500882427905
253,7.958977920633949
254,3.4018530313277626
255,5.549087936163608
256,8.646132181341253
257,6.753961113491436
258,2.6162079066708976
259,9.167914494668537
260,0.3050763603226495
261,0.522330066371866
262,9.548217828137457
263,5.887538974105411
264,5.759617077783757
265,2.185420670379825
266,8.729467703414757
267,1.8354651615092488
268,9.584984596579892
269,4.499761970008106
270,5.755584978053614
271,6.634728889045111
272,2.2491540108030748
273,9.08371403773631
274,5.587229498227518
275,4.338655382970902
276,8.983408769511868
277,7.210078904423405
278,4.060495446726579
279,4.0123544428950675
280,3.4733818622629054
281,3.028622047417459
282,9.276449320462701
283,2.2619435864095423
284,7.326206084900835
285,8.903710941179003
286,7.983501173668459
287,3.8291536627784044
288,0.7758606809322017
289,6.781004264257259
290,9.391525147830995
291,6.828064192150165
292,3.2773673111167123
293,8.31300493721488
294,7.19866681511945
295,6.4796762296966595
296,8.59844795598633
297,8.485433182949214
298,0.40200979853635765
299,0.28725483126875156
300,7.078329425454476
301,0.6579168865103077
302,6.38657666068931
303,1.4166543168115526
304,5.35075572904179
305,6.8583209125936415
306,5.492823545765898
307,5.1563683629096175
308,7.110491144533438
309,7.268731487389346
310,0.14131329213930344
311,4.094791434034455
312,6.750686128928643
313,7.142981228967931
314,2.3647842417607188
315,0.8593800615343568
316,7.2698951734612285
317,9.565025560817507
318,6.175904725022472
319,2.9335387406554125
320,6.524549459369876
321,7.839830834372325
322,5.657580242403068
323,0.3357079801776345
324,4.0978642601780315
325,3.1360032286275814
326,2.0713380211724517
327,6.569237854094753
328,4.905509150700256
329,2.6213529385885295
330,6.766959384822476
331,5.582376667401673
332,1.971256057157865
333,3.910104976362694
334,3.3296431458458824
335,6.013155154450764
336,9.434089166416062
337,3.217759846104755
338,8.846997259821173
339,3.84219814476767
340,9.367479930817703
341,1.481500295782435
342,1.0392602093977734
343,9.47405425002657
344,7.047859028509454
345,9.881726812573232
346,9.321866357658374
347,8.577379400155328
348,9.03619703849331
349,2.7027426336460496
350,4.875020640077556
351,7.187103965600159
352,8.753904857976972
353,5.786786544839302
354,3.8056858108178013
355,9.758723826642
356,6.858952493279426
357,6.527688220322737
358,4.6189794362826
359,7.4324347980064625
360,2.8148153410479098
361,2.6980161810613357
362,2.3861420875340627
363,3.922039188119717
364,7.5132655954797265
365,8.766050306684122
366,5.872466825701807
367,2.403800633837218
368,8.30517775115408
369,3.0744984507248163
370,1.5184287739854236
371,1.4601201928593166
372,7.067174176568815
373,7.764810995162034
374,8.925089684717214
375,3.8971767048910673
376,0.6821076549471717
377,9.09607758517737
378,0.4650761877219858
379,9.730035368794743
380,8.988122980030756
381,0.6936789560480363
382,7.790806705828801
383,8.459693912301042
384,7.187565777603314
385,5.275645837165427
386,9.83053121717823
387,8.827350770507099
388,7.924572542928053
389,2.3962516565634204
390,5.557156812502425
391,6.445107230953933
392,2.1600307672098973
393,7.547134423760017
394,0.9635576929291245
395,2.4661570386031957
396,2.3021712714453404
397,0.4979902008689807
398,1.613425886677144
399,2.190089377931734
400,9.3876375648211
401,6.448397648350582
402,6.082459279468346
403,8.95381813083692
404,5.071004187907373
405,5.1924753016001155
406,3.2209313073595154
407,2.006691060884522
408,1.229872929364798
409,3.3605483899192192
410,3.106534620843432
411,1.4311333451857349
412,2.706397227760442
413,6.380892778444509
414,5.244000873738831
415,2.444929139504127
416,4.175646344599127
417,6.980987213318896
418,5.5021191661627675
419,4.761368205578308
420,3.0264797543999893
421,8.003068908869384
422,0.7568429089529156
423,4.9489029452737565
424,2.087417712671884
425,4.198259296603532
426,3.5292754237336506
427,6.883528873363163
428,2.9778280746591186
429,5.72495437147724
430,4.0026655127130955
431,1.0795335948600944
432,7.470061081845127
433,8.4651037833053
434,4.245601510433301
435,7.1096871408913636
436,0.8443252429278627
437,1.2807893189150823
438,8.997110141694344
439,5.259098775695134
440,9.755362518574039
441,5.280580068725937
442,5.336179738206509
443,7.146379546832831
444,7.510949499369565
445,2.1141263523310965
446,2.3260877842347654
447,6.3510317275208985
448,4.415643928203917
449,8.376280303756335
450,4.494388331885669
451,9.226320815749059
452,2.8485371668601003
453,6.281077002489736
454,5.347348433321778
455,2.7455723242136174
456,6.3473195061050065
457,9.009762983715246
458,9.804001951515431
459,3.7727669148645324
460,6.4784660146722715
461,8.874837835619505
462,1.6256005945772436
463,6.598080093766248
464,3.1768446619710047
465,0.8746531610827848
466,9.93812946399642
467,6.248376524226401
468,4.526001456509823
469,3.398400717167083
470,8.11261033550468
471,6.109878373161379
472,7.442072147171065
473,1.3975830462890542
474,3.292695632521304
475,5.566320876700374
476,4.316709745076852
477,0.3350111429861288
478,9.57912433126816
479,4.7888650379793285
480,7.46856190302324
481,0.4035913032953746
482,7.824274702405761
483,0.5354907435369441
484,5.0263951246481255
485,1.32570855688495
486,0.775809469525692
487,6.936316644753701
488,4.71905569133712
489,9.661134619706374
490,3.6109409206233187
491,0.48071660516391135
492,5.520526900652347
493,2.5435583381969074
494,1.447823484981106
495,3.5676889542861385
496,6.569267759012043
497,5.562609169937973
498,8.70766209011733
499,8.859643485748311
500,8.88975096155127
501,0.48894110363552334
502,5.701670096984366
503,4.238050358575874
504,8.290841105269642
505,0.26086490756052105
506,4.95619593155754
507,8.96251253808811
508,4.100683597656682
509,3.4886323331406497
510,8.970087517011862
511,7.809578886405222
512,6.349903090550808
513,0.6344209328783846
514,9.330205936132261
515,0.2520012417871856
516,6.007697867041611
517,2.7817161770296295
518,7.940779716150755
519,2.5766900412967133
520,1.7014779326537541
521,8.10186199423966
522,1.6442091027143049
523,9.770978922506215
524,1.4151778825325183
525,3.4134114270915843
526,1.6014050814039316
527,6.939468005160666
528,5.258223870147251
529,5.800688991798239
530,1.6628043189141264
531,5.404175883386631
532,6.304092750598194
533,2.270009517643898
534,2.540946916548928
535,4.784380955103316
536,5.3625712314089204
537,8.396273372068203
538,7.746126973734476
539,7.050063581702337
540,7.849046199814226
541,4.367891145880938
542,5.063155759415427
543,7.438967292233694
544,9.704680523361523
545,4.325025406947501
546,9.251909842628658
547,2.014605595663853
548,9.246623659938685
549,7.769124511104072
550,4.247617812446621
551,9.713060148843526
552,3.3788745275538377
553,3.5690605921146763
554,0.5419066190388103
555,6.69642014625503
556,2.5673740694717164
557,8.192937823830762
558,0.11898130793662695
559,7.6974101416422664
560,2.6857925051738794
561,3.912766513873836
562,1.2186504785755317
563,0.842905077461857
564,7.305569463361003
565,8.481353800932986
566,2.309384313758297
567,8.795019194190562
568,9.161055916421986
569,7.761696179894704
570,5.008928205604122
571,4.018728836513046
572,4.527353554173307
573,9.030113431969506
574,6.953009940302745
575,3.8670116108463075
576,5.387174485100877
577,6.3108165313784035
578,7.8440579274938065
579,4.6368869591742525
580,2.429711839827303
581,5.696578404633298
582,1.1878182934359887
583,0.5292583568884599
584,4.261459443881468
585,0.7283170586175899
586,6.10963443103625
587,3.44085886992231
588,5.826010926411373
589,4.525205610147482
590,9.864361318788752
591,5.310527240410084
592,8.18232767658492
593,1.8161582136959162
594,2.625487313740433
595,7.913399645723207
596,5.279981195339362
597,9.705713715193292
598,4.028045094440071
599,2.5234002285504777
600,2.0612247780473396
601,2.068995516379639
602,0.28670239744999554
603,9.774587638440897
604,7.451736226154524
605,7.674797047182773
606,4.059854637509111
607,2.0277985578201223
608,7.913969388523298
609,9.171369518903507
610,1.3966542474454566
611,9.19892675211223
612,2.104007277831081
613,4.891360346695193
614,6.183446418410803
615,6.2693041849540485
616,4.434972934615561
617,3.5018899668484478
618,9.594265303783626
619,4.858452738255355
620,1.407350927693901
621,2.5614062126293593
622,1.0699067157967233
623,6.629555281125302
624,9.76564449355271
625,1.495514789470268
626,0.46439063734239683
627,7.420442324763552
628,5.259051049073747
629,7.692380053248056
630,1.053883281525495
631,1.9650272994280176
632,2.743598806148805
633,0.957569775096971
634,0.734518301595184
635,4.559054094232511
636,3.598462588551278
637,5.7744345971683755
638,2.888920069470552
639,4.56605009549402
640,1.0078211587290207
641,3.2986183463746253
642,4.503272603379269
643,3.907359086648911
644,2.2810171932603285
645,5.663077487191145
646,3.459770719829987
647,7.1819748655958255
648,5.9051412988671155
649,6.831638609492299
650,9.328568543078335
651,1.5938469698045066
652,6.301192586752324
653,2.7430967095248837
654,8.184565873099801
655,1.8297769893465536
656,6.768087430296747
657,2.924678739787453
658,6.3548721934670125
659,9.666815012670359
660,4.929310170940153
661,3.399656765493414
662,7.625968656605853
663,5.851785685613168
664,8.622128762871187
665,7.761532397701113
666,6.453563468212236
667,0.43267930469361804
668,9.597617860698325
669,6.5407391857069666
670,6.077778598132543
671,3.1560801852806244
672,3.9925290208887696
673,0.15429227329167228
674,8.274120111925278
675,5.7006534472163795
676,8.115158035400825
677,1.8222690059689195
678,4.825740688355447
679,5.517180800440519
680,9.590535615115778
681,1.645739486602513
682,8.856622786783078
683,5.540771391184497
684,0.9183051075810589
685,6.494345080208578
686,5.131117068142874
687,6.224024721725574
688,6.0663239652899525
689,8.417432775016383
690,1.966230069318161
691,6.85853162445416
692,4.2861450997202395
693,6.028640626770701
694,9.481554448894531
695,9.069964771776503
696,2.519094240084388
697,8.463337333279878
698,3.529156027150366
699,4.988413922304088
700,9.251857786019208
701,4.3242919907832995
702,7.592233356513321
703,8.140937642847438
704,0.10801876386909685
705,0.7584601373615701
706,6.9778851190075475
707,5.013457673353664
708,4.371254492619623
709,1.2742468456885852
710,6.505123385988921
711,8.327165111386668
712,8.993903792911322
713,3.422929459747607
714,9.349524257469117
715,1.0892820454095362
716,8.897600531383114
717,0.27704021990653244
718,5.564833822428559
719,7.567659151082152
720,3.1218022433580592
721,5.377640440660927
722,8.193298634350644
723,4.5377783732793455
724,0.7256936033593598
725,9.553180890955407
726,9.080932482845773
727,4.385402718984864
728,7.354119507285901
729,5.14397845503864
730,6.768586295755381
731,5.004363686145475
732,7.154479489114582
733,0.2760857881047256
734,6.374220584158625
735,2.757941654289759
736,7.230922135212891
737,9.518721792054395
738,1.3208297437601617
739,6.113294465024129
740,8.622924823323475
741,2.429919202964559
742,7.193093315183204
743,1.1804128561203164
744,8.607327939460905
745,6.626074812063536
746,1.2169779257958657
747,6.607154377979086
748,4.27854945833031
749,8.993697971718685
750,8.371374627619801
751,5.4841989538200036
752,4.7637307636559205
753,4.522731988381699
754,3.366858831824808
755,2.3436802289194887
756,0.1369313376792545
757,0.6934061300564839
758,8.648305540279106
759,4.756786351249461
760,8.929758437276762
761,5.882193635360402
762,1.6535090184052186
763,6.784391344814812
764,8.506997828460541
765,3.294941197111259
766,8.246204027074
767,5.152838190325263
768,7.7123774349659175
769,9.6070558528851
770,1.8577461910343784
771,6.825756498312555
772,0.9722957166517749
773,0.1296668908678565
774,5.402257452782859
775,2.2649348998464056
776,0.29401151712145956
777,0.8251518497534406
778,4.7611986239318975
779,3.46232324559385
780,4.92443666678415
781,6.009498056859949
782,2.642901641200014
783,8.90776668779839
784,1.5006271979626673
785,8.122649761031704
786,8.341008316981789
787,0.8687168567932761
788,2.3638117129597616
789,3.0887238147982363
790,4.129670921697151
791,8.500590780917678
792,9.699824849699432
793,3.842914711909283
794,5.735921918348161
795,7.338192107523106
796,3.952077463501599
797,9.108505825652026
798,3.8688572546808744
799,7.652279763403658
800,0.7191188891561057
801,6.945507765104876
802,9.32137088768689
803,6.141372977982001
804,0.9188617568141174
805,6.6127229040667
806,6.520814238481844
807,7.469242733439641
808,6.840490836302686
809,9.577281901159722
810,4.56407654007225
811,1.2827541915274931
812,2.689392575611406
813,5.82394330356663
814,2.83810524786671
815,7.406143216606061
816,2.517807476147139
817,6.966701221519755
818,9.841539623755933
819,7.212316163276594
820,4.798615641172761
821,3.8109372256118843
822,6.063199909149868
823,9.137526992376907
824,1.7750175566012643
825,5.85665052830197
826,3.940401230390279
827,6.009284789907365
828,8.08088159615145
829,3.950931789987799
830,2.548248057946114
831,0.7411268090844257
832,0.4011326058829947
833,1.0305462483943695
834,3.4605386037223296
835,7.801155713276216
836,0.9304894949974658
837,7.523388500699794
838,1.1940377430357196
839,2.023616192043215
840,6.434304058986018
841,1.4086541212928443
842,1.4781217013529357
843,7.787603406127958
844,2.4519869697026606
845,3.1374963818950077
846,3.450008863280383
847,0.6877017382129285
848,1.1582605106007549
849,0.9029833313480191
850,6.483320646054482
851,2.6112233916103245
852,4.37035403799076
853,5.284644725242567
854,1.2514688486440513
855,9.53965802422807
856,8.964679404109656
857,0.8305951874983066
858,6.670979217650671
859,1.4100109097117979
860,2.682770014522742
861,3.8543691357796743
862,7.004308105589406
863,8.210919822935322
864,6.98463807224174
865,0.2925652053437231
866,0.4112923954125184
867,3.7893615833670573
868,8.412823408731834
869,8.608676706029499
870,8.657030086991815
871,2.9113443539602555
872,6.805027582592429
873,1.1144401102356711
874,5.118018566063508
875,0.7206586236159399
876,4.2308523140069685
877,4.887057862570312
878,3.3015830102304107
879,0.21887957906757044
880,0.7386245243332691
881,2.2905462259485603
882,8.527677872932495
883,4.011186079052591
884,4.628317481509806
885,0.7121941366853792
886,1.4739185013871852
887,8.594542010069633
888,8.237928046430145
889,1.231507242942196
890,6.195378296976126
891,2.953860102970666
892,3.1810631010082906
893,9.203703383956624
894,2.1993607836997073
895,7.601217212051247
896,6.272696319455058
897,9.146571542762931
898,1.3314920497061105
899,9.478633914119955
900,7.096135621218864
901,4.541372770763949
902,7.189582264399687
903,5.894588818681424
904,0.1522973928760227
905,4.401668744535253
906,5.642696350207142
907,8.812583339436365
908,7.499213828920963
909,2.652427596312202
910,3.2050908134857385
911,6.410898785642011
912,9.15790257932544
913,7.006029515796749
914,4.420274861931751
915,9.606338656269424
916,5.684375533360112
917,3.942992301662113
918,0.935737717017305
919,7.608691580123772
920,7.420856633084385
921,8.781415710096045
922,3.4717312623887877
923,4.295921692301139
924,7.022430884479833
925,2.9320193488474624
926,9.30636629613053
927,6.425764344836982
928,0.2787792298503759
929,9.45607902919916
930,3.1922604113474917
931,0.8776673690112439
932,6.903990431574853
933,1.8729398048126507
934,7.923640004758358
935,4.008463618767167
936,9.205655345580503
937,8.086596434265
938,0.9682934691396841
939,4.498513557266349
940,8.819000236208492
941,2.8112181894556514
942,3.9608358571139646
943,3.591640050679796
944,2.004352525576517
945,1.2504074598940682
946,8.025507624252445
947,9.81549999009569
948,1.266671844026367
949,1.3339405436351224
950,0.7983452119125456
951,8.098888061587086
952,2.0344429080398125
953,6.146558056161265
954,1.4446655428095514
955,2.8650114951268266
956,5.780273384456726
957,1.4085719496503504
958,0.5916998312768221
959,8.65797759412159
960,6.760709737656613
961,7.593503221665769
962,9.37265492516102
963,1.7484602928630215
964,1.560075277170836
965,2.7781759179336127
966,1.2194887205135996
967,9.81166952704221
968,2.4080630397196883
969,6.5193003763046145
970,7.062379467515903
971,2.5822503826671115
972,2.2620495793975692
973,5.834187930023044
974,8.926828999208844
975,4.11191783535334
976,6.628165580721926
977,6.999258142723322
978,7.695767818776625
979,2.49910342630392
980,4.842489470614625
981,5.329043998572704
982,7.773288581304716
983,3.993010307549628
984,2.797981641645217
985,5.702187684082183
986,9.455838664373394
987,7.120644662106324
988,0.785020135192784
989,2.685586638459395
990,4.677805442659998
991,9.660018970416917
992,9.833812161407074
993,7.6915849524661155
994,0.7982484514903477
995,3.236522899733282
996,5.438911634853971
997,3.5454419815114413
998,2.697241335088596
999,2.1599851105944525
1000,4.259734489285349
1001,3.88949086921195
1002,3.638210869451807
1003,0.170266990497767
1004,6.726139970210821
1005,1.1619474238199878
1006,3.6024772391134334
1007,4.266228348082165
1008,0.41172268624016417
1009,5.226855160526939
1010,4.684380508563175
1011,1.3123818157712244
1012,3.8167215768127685
1013,1.3979312139181266
1014,3.203878652132093
1015,1.34794164316762
1016,2.243791953304154
1017,1.282007977416056
1018,3.702024805128892
1019,5.909864936821134
1020,9.270383715945915
1021,3.9026148392775397
1022,9.868353642825362
1023,6.751215925914485
1024,8.891198564461225
1025,2.90348793496863
1026,2.613581313730503
1027,7.326365657809675
1028,8.752142673059693
1029,0.13511622485157931
1030,7.599603257617993
1031,6.862852122627138
1032,0.41465184247299336
1033,7.428061180239119
1034,0.7600343289662487
1035,5.412002583400055
1036,9.621792777085501
1037,1.1908517026813599
1038,1.3669167206641588
1039,0.9893410071755153
1040,4.0493207406380485
1041,4.756625417694486
1042,1.311059949769603
1043,4.041513808169735
1044,1.6639718246190405
1045,1.0022505003283428
1046,5.4256157144186385
1047,5.257229072508381
1048,8.711181508741888
1049,8.69662945334344
1050,4.59330804769016
1051,7.710492169158403
1052,0.9935310486822695
1053,9.307070104938015
1054,8.524680432241576
1055,4.62453084858185
1056,4.104678874798681
1057,5.055324545139048
1058,2.400519331555596
1059,7.3243840931944595
1060,1.864661414716355
1061,2.844322671646759
1062,6.3373566365967955
1063,1.4021388084805622
1064,6.044792193527238
1065,6.089459364981074
1066,0.3417220015268375
1067,3.803115435079463
1068,3.505490273160317
1069,8.592400757601153
1070,4.6720637476060025
1071,9.095234006618757
1072,3.730433175635194
1073,3.0655428194569763
1074,9.737267321376676
1075,5.72878795322326
1076,4.092327151475201
1077,5.385202899125844
1078,2.0436312596496506
1079,5.265813385872358
1080,5.381862323927054
1081,1.3309978538208669
1082,2.9420051010703014
1083,1.8247782550863583
1084,6.0386837640648245
1085,5.566945555688899
1086,5.594716682511877
1087,2.972622018704101
1088,6.980854916180198
1089,5.436136871006795
1090,3.12253357248945
1091,1.7388350332278397
1092,0.17188125467650398
1093,7.141716935919749
1094,8.166226820276663
1095,4.319669234087853
1096,3.2085152174856866
1097,6.226848036563586
1098,4.590744827656582
1099,4.308309038981043
1100,3.6326129436491366
1101,2.8995807639485753
1102,1.6208235257685668
1103,5.33251143004951
1104,2.8567191730193686
1105,7.91645778742913
1106,6.375509393544031
1107,0.5240084272003946
1108,9.141725293479064
1109,5.827609206539331
1110,6.300560869535011
1111,9.854241080712107
1112,0.7599374803582097
1113,7.897876208742098
1114,1.3800465009288851
1115,8.214404918411136
1116,5.884978190811341
1117,8.203543035863097
1118,5.51868313993894
1119,2.2616710373079973
1120,6.948145069998106
1121,5.954839388313796
1122,3.6732387606295527
1123,1.9422826207148867
1124,3.5519514612301446
1125,0.9403926299219958
1126,1.6282922669527489
1127,0.40621912412279093
1128,2.3073404478672574
1129,7.237061863007011
1130,9.735865775873508
1131,6.298722398798
1132,8.795671360236321
1133,3.638877918012033
1134,3.4543997405002416
1135,0.16298671467373177
1136,9.796652605078632
1137,9.439381496503888
1138,1.1941027883600088
1139,9.139824330230349
1140,8.479857368612086
1141,4.84345058048733
1142,8.877454334913747
1143,8.122438179497875
1144,8.137761050481567
1145,9.01150143197967
1146,9.026468114982219
1147,0.10348985264286359
1148,4.621249200536382
1149,5.085039214506452
1150,0.4395817311105201
1151,3.181181639830975
1152,1.3423584537928177
1153,2.4569812184280235
1154,9.022766433578395
1155,0.12366559706652788
1156,8.973405745812926
1157,4.87494220555724
1158,4.495883678588865
1159,9.913928025464799
1160,8.756345329856538
1161,1.518004404414326
1162,3.978454365257315
1163,6.438222045580182
1164,0.43657275964986564
1165,2.563131049042367
1166,9.732073545460151
1167,5.1856466660970755
1168,1.7980175237231326
1169,7.345960530860936
1170,9.66892286502442
1171,4.735201850217501
1172,1.9834579764034457
1173,3.345694614568245
1174,1.0099062649000679
1175,0.1720130012499327
1176,2.9736977825509685
1177,4.2948856626025655
1178,4.310335657912076
1179,1.1263984914736838
1180,2.9090731274825057
1181,2.2782802402064704
1182,0.8876704489365036
1183,8.65867292285445
1184,7.589448654012867
1185,4.397544338052282
1186,8.342212766124753
1187,4.09493917510676
1188,4.834717504959989
1189,2.909479986296657
1190,7.30363590910992
1191,4.336890413244007
1192,2.1556597026606776
1193,9.613633118713325
1194,7.675813330772119
1195,3.4555432939480073
1196,3.0908451641937678
1197,7.1507255585621925
1198,2.401402319514359
1199,2.0886608399716438
1200,8.832803012433901
1201,6.37171513935262
1202,6.909592924230196
1203,0.6275398387688356
1204,9.767580070416498
1205,7.655333554642079
1206,7.5075018809308505
1207,4.965723468719886
1208,8.244925782079976
1209,2.709193762554018
1210,2.2379493462000006
1211,4.390078398762825
1212,2.5349564516832186
1213,7.445881559392445
1214,2.4128465166004127
1215,8.373102429561044
1216,4.5171359210934465
1217,5.946888773758993
1218,8.500021373312766
1219,0.8713206354144969
1220,9.03263435372187
1221,8.561527931870394
1222,9.080422117497703
1223,5.915701969697537
1224,1.493001197870948
1225,5.96944906889248
1226,0.5061660585841966
1227,7.128907862656082
1228,0.633727114102635
1229,7.151691177111069
1230,9.879135362882211
1231,3.077509074476032
1232,3.411950533726557
1233,7.56782212097961
1234,7.108077833203097
1235,7.42257977035639
1236,6.229827172747608
1237,8.403330994929052
1238,2.8115611090716905
1239,4.271144903723754
1240,7.531641488465175
1241,4.467532605468353
1242,2.7080134494822046
1243,0.2756722690465767
1244,2.143143125474506
1245,6.662722530544546
1246,9.714220274518256
1247,7.353591068419295
1248,2.3994598399872205
1249,3.627438231596268
1250,9.085671941462417
1251,2.5494638178318842
1252,9.054420047953206
1253,2.1943883755586184
1254,2.5278496907403207
1255,7.264131260829852
1256,5.94164162239116
1257,6.428090057080369
1258,9.794211719927931
1259,7.953644388940402
1260,1.9696840996806602
1261,2.653121419402702
1262,4.908810640329312
1263,8.101022705379885
1264,1.0820841095629354
1265,5.937152161179363
1266,9.722098280477395
1267,9.807628657620246
1268,5.233836434444024
1269,8.612865059445191
1270,7.617721366087317
1271,6.0549345731136555
1272,4.856476063993834
1273,0.5799194559456352
1274,7.655500100940083
1275,8.679103746492858
1276,5.357109068046826
1277,9.194629943298185
1278,6.259705762591601
1279,9.916502576783655
1280,7.570923459878205
1281,8.193948960200325
1282,2.5241177784858624
1283,5.429411057354647
1284,5.4720058165506895
1285,2.6052426103001367
1286,8.54218461006722
1287,4.390852670249123
1288,1.239897823002675
1289,8.656447984865029
1290,1.821116593223861
1291,5.501495305801856
1292,5.225820227997103
1293,0.17465326055654912
1294,0.35497174134900455
1295,0.31955094304118803
1296,6.576485378650241
1297,9.653544567697036
1298,3.8296334917078543
1299,7.826945837058784
1300,9.823583742541297
1301,2.4259313386568566
1302,1.8708670846941693
1303,4.390607241971006
1304,6.243598825769583
1305,5.214143226511021
1306,4.24621030201658
1307,4.260070938978952
1308,0.24889575080166587
1309,4.381841841231444
1310,6.365777673618363
1311,8.810801374823637
1312,9.187988700707816
1313,6.127925140492097
1314,9.62502431036872
1315,3.1457673496951943
1316,5.415344351248268
1317,1.6465905817781346
1318,2.33577235377312
1319,0.6683552335653207
1320,1.371597673157401
1321,5.1923565534282465
1322,1.156901684880616
1323,3.4438350661428623
1324,2.933435106488268
1325,5.304343207698936
1326,4.723035472043821
1327,3.3085174674469986
1328,5.4077507144341395
1329,4.541188637589533
1330,7.152397028359173
1331,5.2589189077624745
1332,5.2356835219548685
1333,3.2011546111573588
1334,2.6937773440771493
1335,7.293974897295992
1336,2.742055961009364
1337,5.996967307164079
1338,2.1921951686872565
1339,5.123055733418116
1340,8.863820819598576
1341,0.3269137254246668
1342,3.9547840692669594
1343,7.309396904049711
1344,7.267431245074397
1345,5.5257632547266775
1346,2.050861191352005
1347,5.611778069306973
1348,3.2563082962757353
1349,5.207757598003308
1350,5.525803095795814
1351,0.3973464466110783
1352,3.8262429886420857
1353,9.13197737289742
1354,3.442278912435712
1355,7.939173846825179
1356,2.000656927840463
1357,1.556723037297013
1358,0.997043803340667
1359,2.083812431991772
1360,3.071703379897126
1361,8.456334102583385
1362,3.935642016227504
1363,6.6517797921524435
1364,5.3847119321165255
1365,4.1709378016639125
1366,1.8526284533301873
1367,6.164495135230852
1368,0.199752423030701
1369,4.521759893687101
1370,0.6907070007195746
1371,7.933632839326689
1372,6.983790452435793
1373,5.799417239156745
1374,3.493973216845763
1375,6.479528081173044
1376,4.941042813758781
1377,3.7265201958102083
1378,0.8669253411296018
1379,2.786579372675255
1380,0.35193838834986624
1381,9.811096249381052
1382,8.426264982163097
1383,0.8791083444685576
1384,8.036263428625851
1385,1.3103747917071986
1386,0.7998685678988059
1387,4.514924207016622
1388,2.1095809068585343
1389,1.2675189776393276
1390,4.902714963987614
1391,2.9796775966297826
1392,3.1118995142664847
1393,2.402974555506641
1394,5.5590063840674
1395,9.206820290621259
1396,6.645102252100864
1397,0.4749632063316055
1398,3.0264572105831147
1399,3.454660447810915
1400,8.759161323814407
1401,6.163241967914902
1402,8.524968051613698
1403,3.4674956518219378
1404,7.355936212610641
1405,4.898003354317152
1406,3.7189924747325924
1407,5.312917491875471
1408,1.213559009883839
1409,3.3172844739309872
1410,4.743902882683052
1411,0.1074552121290593
1412,9.696958005667343
1413,9.568425340944943
1414,5.361962402693766
1415,7.818308034186997
1416,1.2513365998151116
1417,0.6465794759841431
1418,5.1234218802367275
1419,3.0607709502879588
1420,5.497358036779852
1421,1.3395631567554858
1422,9.031289095298341
1423,6.164551234809956
1424,7.279480645437742
1425,4.434099649285808
1426,5.61915261180882
1427,3.6359702578412163
1428,2.2172664282419956
1429,9.10242530916886
1430,6.684169296950803
1431,3.464719969353366
1432,5.082410429936594
1433,4.210232294176573
1434,1.2050633833862479
1435,4.372072639598403
1436,2.328361670312867
1437,4.2576221278961
1438,5.844052520613421
1439,1.528196283402025
1440,4.302999281173905
1441,3.8443631547080757
1442,2.657038903399674
1443,1.622841524733434
1444,0.5048030126120904
1445,2.5367245362185784
1446,3.2281336091560275
1447,1.8898305411988372
1448,3.2857066643787998
1449,3.357611215781851
1450,7.796635373347541
1451,2.113257262740693
1452,5.458646911889918
1453,1.8618025764324335
1454,1.63361228714664
1455,8.51618857676012
1456,1.4705613538258309
1457,2.582863164563794
1458,4.699106093744668
1459,5.942692838666348
1460,1.8566125437656558
1461,3.598761408302214
1462,2.8742740630049624
1463,4.946912555375055
1464,1.3865600936374094
1465,3.7943758360559348
1466,9.923649772151817
1467,7.922085828548934
1468,2.2115031949505912
1469,1.0659381629315345
1470,6.075898243043091
1471,3.7745983746257585
1472,9.514369930232913
1473,4.48432455153169
1474,0.38953150177441787
1475,4.165843110429307
1476,1.697968467469893
1477,0.8239763453307006
1478,4.982129818633117
1479,7.563206466570661
1480,7.806143537451384
1481,9.944665136770638
1482,8.569327057254277
1483,7.645158579473425
1484,2.596842028391691
1485,6.835055764206588
1486,0.11338484845654738
1487,4.098477246047006
1488,2.3694047762309642
1489,4.206394160272865
1490,2.02329795812797
1491,4.436468630879104
1492,6.583639105286525
1493,8.50141534981807
1494,6.475465655440393
1495,3.2690028013577845
1496,4.302784025010836
1497,2.941230829612254
1498,2.487120013248513
1499,7.630704109999812
1500,6.838679820334023
1501,6.7311228930140885
1502,4.099341066297795
1503,7.8848046604595785
1504,6.85880533956309
1505,8.42512090320786
1506,1.232977567663389
1507,6.931223975984909
1508,3.04762668168205
1509,2.048536513988385
1510,1.5570681977286165
1511,0.4202142702456433
1512,5.894852168811552
1513,4.151526778830821
1514,3.760995674514537
1515,7.93810437971278
1516,4.666660591741432
1517,7.778392472339074
1518,1.3615544680243534
1519,8.523900729786968
1520,7.41824997371814
1521,5.952868094273078
1522,4.729478055604956
1523,1.8830779151103023
1524,1.0575292876166267
1525,0.7918762648661059
1526,7.364808623464
1527,8.077263178211883
1528,8.361014272215638
1529,1.9283276496984816
1530,4.1893291022158134
1531,6.762848006829305
1532,9.275970625945972
1533,9.93586286070388
1534,0.5839154256102719
1535,8.603621357709212
1536,0.24729519689398677
1537,3.204985013304067
1538,5.892495780495373
1539,4.208256108369593
1540,9.707365010357222
1541,1.9002426362066143
1542,9.216120295509983
1543,6.6296744290364495
1544,3.9473276992069746
1545,4.279681887910923
1546,8.797427029178174
1547,6.1492515169639725
1548,0.378046784293415
1549,1.5904723055675878
1550,5.22214457852012
1551,1.0965854479845987
1552,8.23066028925923
1553,9.776843832127755
1554,7.847733191521152
1555,8.503062118536263
1556,0.24311621232172934
1557,8.826662079597442
1558,6.849004829748198
1559,1.4697584980219545
1560,0.8450777302574399
1561,5.048644531402812
1562,8.0125262913507
1563,9.974770875950366
1564,9.746959936268764
1565,3.6501585633231532
1566,2.7965598158334815
1567,6.93267894775852
1568,3.4420385996727414
1569,6.269870185385765
1570,1.165825984614791
1571,5.868426351980938
1572,1.1375538866741897
1573,0.41995759159450574
1574,4.994699216991611
1575,6.680245493628179
1576,2.8295667079265994
1577,8.695519702802851
1578,0.42522248933218354
1579,6.125959045573139
1580,2.5612080176489154
1581,2.277798153402149
1582,8.292979933617893
1583,1.3250603913968428
1584,6.187916175902839
1585,0.32497766833843694
1586,7.864122942953731
1587,2.9092200677019493
1588,1.8450414382588123
1589,0.705329655554415
1590,8.715099067019995
1591,4.680243074411873
1592,1.8338273586513911
1593,9.149790803712719
1594,8.217208600647576
1595,8.787148189725423
1596,7.482350484794464
1597,1.7048940797185312
1598,7.121861847918119
1599,4.833583801458832
1600,0.5753225856743801
1601,3.4053168132935805
1602,8.966848428159357
1603,0.3254208681988714
1604,5.241847832060294
1605,1.9697661257193064
1606,2.8149850508340792
1607,4.099322799683218
1608,2.51374878962296
1609,0.7614153249288296
1610,7.702745038311114
1611,6.184307018069959
1612,9.42222896907678
1613,9.026570745187044
1614,9.690228493698966
1615,2.7182515162175767
1616,2.5799655044001337
1617,4.252645520800474
1618,0.1070123696054768
1619,8.925302511348622
1620,8.273154452541931
1621,7.2524649216045685
1622,4.068727562745248
1623,9.299491858004876
1624,2.51804661966874
1625,6.9483513647593576
1626,5.064709228347409
1627,6.879123597675155
1628,3.702041534124898
1629,0.6859786074956448
1630,8.10120198274975
1631,1.5558454579341334
1632,3.8730780978064856
1633,4.590178143523806
1634,4.465961548470818
1635,3.49452128044458
1636,3.8271648841105756
1637,4.769823544631881
1638,7.836674932611506
1639,7.7634335883514485
1640,3.6189922120968214
1641,2.558747233206954
1642,1.4175174419572578
1643,4.868990180827081
1644,3.3857579957069035
1645,4.368525741951363
1646,5.022885416883865
1647,1.9253167545318288
1648,9.375370866228415
1649,9.650609806152442
1650,4.005535451059674
1651,5.117544467325933
1652,2.0745478994338336
1653,1.8068092843123134
1654,4.7242673260747425
1655,2.4595495750219816
1656,5.449731032839612
1657,9.667075160621105
1658,8.44635738797007
1659,4.555157044000476
1660,8.549204354166985
1661,2.5888003482279762
1662,8.178931322692641
1663,3.3518487962121
1664,7.784094319285764
1665,5.918894627262549
1666,2.4541331613900055
1667,2.5287698562437315
1668,8.0587222198544
1669,6.990496307776746
1670,7.903999598710925
1671,3.545098377320696
1672,1.0358250045071349
1673,3.4552869968978026
1674,8.09181987148134
1675,7.9608289880250735
1676,8.477416894554475
1677,9.138505048915949
1678,1.1266531442209238
1679,6.089574532747685
1680,6.109365456163515
1681,2.986125245963747
1682,0.6279501225592129
1683,2.3896020757522924
1684,6.955537558751997
1685,9.423338154581286
1686,3.319928940783201
1687,8.116533629359683
1688,8.393518848471484
1689,8.371784300640902
1690,5.918506971945394
1691,3.3631714476691754
1692,2.039339948979765
1693,5.114348281992157
1694,8.59991845832078
1695,3.958474750367277
1696,7.650177127886914
1697,0.7014567164477387
1698,4.017794321470398
1699,2.1743111069377425
1700,3.933276345011507
1701,7.55344159809239
1702,4.855170174085328
1703,5.4199173093763475
1704,7.169379535662044
1705,5.478273477685471
1706,7.475814756770159
1707,6.111457168879071
1708,3.2678541772967895
1709,6.832887489641343
1710,7.967608359231076
1711,3.583784236665244
1712,8.664203254478597
1713,2.479863463528927
1714,6.3073587588111995
1715,3.4963818562915487
1716,8.177059035883564
1717,7.029814567362571
1718,5.422057290024579
1719,7.514647141340709
1720,1.7462365126387835
1721,1.44905891667464
1722,8.173315654658477
1723,2.056138539060327
1724,9.46502114902689
1725,3.7772649694551212
1726,1.7020368974697868
1727,1.0818368592698426
1728,2.9808178809181642
1729,8.275909023842516
1730,2.2082525082804225
1731,1.6006174628504644
1732,9.120679240578012
1733,9.419286540795717
1734,1.6597660650141561
1735,2.706945881761563
1736,4.884481591593567
1737,5.440337398636942
1738,8.084212156185664
1739,9.719457960913221
1740,1.677495666088323
1741,8.696044602064589
1742,9.894345242472262
1743,8.514852117447482
1744,0.8885720860738706
1745,4.993997591636667
1746,6.065422738273579
1747,0.25043071663762706
1748,5.142744348225742
1749,7.097485304890699
1750,6.747895738566496
1751,5.365380548610546
1752,5.845865392813712
1753,2.394268150431995
1754,1.7956661319638336
1755,3.603225014267721
1756,1.6109769066716364
1757,8.994054946074579
1758,3.742441203655572
1759,7.706025307605664
1760,4.770650806435072
1761,8.431398157082654
1762,9.207075748277047
1763,5.229368766913485
1764,8.897427508593005
1765,8.647523858796562
1766,0.344101275113341
1767,4.9725364991851215
1768,4.6051516582235665
1769,9.82733706310494
1770,6.283868646367242
1771,5.7082794982815726
1772,8.150183074698772
1773,5.3689181828724974
1774,7.631873888653051
1775,6.107353393256845
1776,1.5104966438907135
1777,9.6429672469864
1778,0.612221218965133
1779,0.9221760942666168
1780,5.219527537000689
1781,8.784891771358808
1782,6.965198834426826
1783,2.526077499330492
1784,1.1717797676057793
1785,3.2868137175393537
1786,3.6423448481806484
1787,7.518039600910589
1788,5.883617453895688
1789,4.124444168594539
1790,4.9165822250139195
1791,7.910456960902733
1792,6.851160986784104
1793,5.865043009222074
1794,7.604830801201796
1795,7.810211893187742
1796,0.2426549734942915
1797,8.14117074000405
1798,2.853876279980072
1799,7.302021492743295
1800,3.669276465652612
1801,0.9758076344751057
1802,1.3817299326047259
1803,6.612767602619625
1804,3.4105784339107927
1805,8.02832901852727
1806,4.870738121065305
1807,3.233756947942101
1808,1.792175812995022
1809,2.7215143620452302
1810,1.1931163450646576
1811,6.228895419614273
1812,0.3856179615003241
1813,5.978712290597059
1814,3.7366946581071128
1815,4.0331019381898665
1816,8.209744269379884
1817,4.931427409437378
1818,3.1439667613777287
1819,4.510291631756074
1820,9.744089105129948
1821,8.637902102374134
1822,4.316021870568038
1823,0.5118101131866889
1824,9.844433040442507
1825,6.187514578874099
1826,3.327191930116234
1827,1.8421496492885399
1828,5.895840903147817
1829,3.826274991393209
1830,7.8758162616583185
1831,6.373492977352321
1832,7.983457908419824
1833,4.940501287295596
1834,3.414442504169088
1835,1.4511632054004346
1836,7.96288379477715
1837,5.062878613204785
1838,1.4125526433229927
1839,0.3401182352990265
1840,1.0453088969377133
1841,1.7100669018943062
1842,2.4070263158537557
1843,3.1320694559236553
1844,6.845621244322921
1845,5.950307970905483
1846,0.9035954763505937
1847,7.727657777119993
1848,0.17492661305576013
1849,3.1461325750450295
1850,6.025985372567961
1851,7.027392959179413
1852,9.271448147417786
1853,8.433228343873223
1854,6.163234115341757
1855,9.664761040929958
1856,0.2058965261282264
1857,8.591312242336658
1858,0.8597111405539661
1859,3.149213855512188
1860,9.008182613609923
1861,9.617442382038682
1862,3.7080645542412887
1863,5.685719432340083
1864,5.591233721967936
1865,9.47208430829611
1866,8.017589744977197
1867,3.6159753063152276
1868,3.983445332712915
1869,7.560128880521779
1870,5.151163596139742
1871,8.704325797154365
1872,3.7595414301378764
1873,9.570863504148296
1874,5.873718319944542
1875,4.00137623643367
1876,4.026596933582342
1877,6.767836347986116
1878,5.165105640348559
1879,1.4236531911168298
1880,0.6134718812392352
1881,1.5400223556081083
1882,6.922302347835488
1883,6.947878907369215
1884,7.757409789465514
1885,0.23845779508581558
1886,0.7506300932678679
1887,4.622984831391839
1888,0.4368755616331015
1889,4.994024654914309
1890,9.125936016141228
1891,4.699948505133171
1892,9.955856772829028
1893,8.699679670010305
1894,3.9814161877775796
1895,4.6479172102937865
1896,6.868443156087266
1897,2.790793594041839
1898,7.041925873687148
1899,9.841840976795266
1900,6.5033013199946135
1901,5.961307426525694
1902,5.956553729757595
1903,5.942908446412447
1904,1.4277576693967076
1905,8.646809936574167
1906,5.813921939176208
1907,6.099717344469217
1908,7.942841600611287
1909,5.6525741444866995
1910,3.3870605611901334
1911,0.30696527565978826
1912,5.714789360521536
1913,8.74116074239715
1914,3.552227729401907
1915,0.3567463142854973
1916,5.41089427355976
1917,7.929163991414312
1918,7.097380639566664
1919,3.8807719344536094
1920,4.2320884127931
1921,1.1732847283115284
1922,2.4592336304184492
1923,1.5330378097863955
1924,0.4383543958743219
1925,4.002905625311663
1926,4.286111584715884
1927,7.645645580925596
1928,7.569220563532806
1929,3.524523668624173
1930,4.361336290740921
1931,9.477374054596535
1932,8.262661034879647
1933,2.28854215005559
1934,7.604596233657392
1935,9.962058795566165
1936,2.543843646579878
1937,0.8598242526814577
1938,8.866635448275417
1939,4.6945780846512815
1940,2.2265966087967364
1941,8.234440134151045
1942,6.184251267859552
1943,2.4966890725219724
1944,5.916819680318277
1945,7.61646754245625
1946,6.180681159386274
1947,2.812468704816165
1948,8.228994744270048
1949,4.24083373368139
1950,3.9987906845664702
1951,4.8632995576038525
1952,1.337132793790567
1953,9.55055748849774
1954,8.993506854152653
1955,5.790349993032254
1956,8.2595971547509
1957,7.089506764670545
1958,9.006939918735585
1959,5.656521079784762
1960,2.3321776525946114
1961,2.188458976527663
1962,8.693085465239998
1963,9.208680784816712
1964,6.599118010839248
1965,3.8080673559066898
1966,1.3123185975733245
1967,2.2418332267666408
1968,1.3009782508649848
1969,2.248941745034543
1970,2.423136944157833
1971,7.120426876646524
1972,2.973591583511661
1973,0.9775516911088918
1974,5.293382503217278
1975,9.946848364785778
1976,8.080961127172682
1977,7.786634297218743
1978,9.968309883864823
1979,5.213580308679009
1980,9.215180551036292
1981,3.955316317776578
1982,5.488059100587911
1983,8.853846653219218
1984,5.977108612256004
1985,1.5449908021429606
1986,1.5051577651993846
1987,5.965408400836727
1988,3.4017710948860773
1989,2.5065307619623827
1990,4.488071868866061
1991,8.690226225790354
1992,8.139161189681705
1993,6.5136490728512735
1994,0.10940547351949138
1995,6.757998958229738
1996,1.870693335347531
1997,1.762848517476499
1998,2.286240671450298
1999,5.433164844607868
2000,6.399120196412457
2001,9.249026323414745
2002,6.873214866278191
2003,1.7893597069675513
2004,3.689859221225205
2005,2.343660538647388
2006,7.7603287480972165
2007,4.202302486933525
2008,4.236936241501607
2009,1.0789648563583865
2010,2.237565458764119
2011,3.0477907599432994
2012,1.315699419304506
2013,2.033958940540343
2014,5.756129037988235
2015,3.5579969242537035
2016,2.813988229318853
2017,2.5186886692262878
2018,1.9811651284059724
2019,1.0733225931592674
2020,3.498292483810916
2021,1.1852389056710992
2022,8.978656708564754
2023,4.911342014556435
2024,4.430551671228685
2025,3.585858636354179
2026,5.924695291140971
2027,4.823665827933387
2028,1.2733808252715209
2029,3.2594028126909587
2030,9.728128728547086
2031,1.7559752199591345
2032,3.5624688059599308
2033,9.760421052567917
2034,8.817034273972734
2035,9.872123847755756
2036,4.799883804309786
2037,0.3190457463386831
2038,5.54261993734347
2039,6.238441430524151
2040,7.615853309161821
2041,9.92109552989371
2042,6.180422736060393
2043,6.072276993884765
2044,2.7238261366936167
2045,9.272777981373132
2046,0.7797447918842612
2047,9.313320327742025
2048,9.311453275389193
2049,4.1008498557775654
2050,9.083302333175649
2051,9.866556070583382
2052,3.1727321651770635
2053,6.603912081057718
2054,4.930214573947851
2055,1.6274319204138707
2056,0.6270484933621803
2057,0.5661637532370865
2058,8.976016654297194
2059,3.0921812199493424
2060,3.2713519980633277
2061,6.298086978320478
2062,0.5381434107766286
2063,4.139074838352716
2064,4.032173479489953
2065,9.58125549042359
2066,2.8322403326253527
2067,5.177678248180779
2068,1.525318826208176
2069,7.980246373134243
2070,9.280639425940077
2071,9.446295125154787
2072,6.874892980400458
2073,9.045002636530283
2074,1.620556506025181
2075,1.1994088310245692
2076,9.23478043654563
2077,1.6417968172784756
2078,7.9726584379249
2079,5.237869207923473
2080,5.536733195214955
2081,5.432101222473963
2082,9.615098157565633
2083,7.104451358602037
2084,4.641469773138078
2085,9.877361039620261
2086,9.986447952085697
2087,0.8981779520315577
2088,2.322176300281319
2089,5.1532182294053905
2090,7.97340257377634
2091,2.2098553279729383
2092,8.20565790676082
2093,3.503977015793454
2094,1.076012520804475
2095,5.829418470982532
2096,3.47224889822828
2097,8.728719121346298
2098,0.943239698615454
2099,2.4619582962501183
2100,5.920553800453365
2101,8.10957591090254
2102,3.8809748491261167
2103,3.8402111071770926
2104,4.028132441419764
2105,3.1879372706742344
2106,5.221540655010365
2107,2.3020451681186267
2108,6.793725739062723
2109,1.9665561366031696
2110,8.223829648904616
2111,5.622482117960095
2112,2.266298645093695
2113,2.082619718115376
2114,3.1623418929193576
2115,7.913136203135415
2116,2.0149418579438327
2117,7.626243848549539
2118,9.227900403978104
2119,2.678162570292884
2120,0.8031454240016017
2121,2.315423395591343
2122,9.418743227816169
2123,4.098556788772219
2124,5.9460997162999485
2125,3.294214611746111
2126,0.8640537800442448
2127,9.852532809753253
2128,3.593241164147986
2129,2.455631451578876
2130,2.4506675167217202
2131,9.289157349041131
2132,5.490457106761343
2133,5.182150744810765
2134,2.1442689391909573
2135,3.7005558123188695
2136,3.4027530151721637
2137,5.275187114842759
2138,1.527764003444684
2139,8.33838220978692
2140,3.5938697461349234
2141,5.105600014012224
2142,8.905953900913744
2143,7.88012881973998
2144,8.685874460144058
2145,5.058712122768264
2146,5.066510707537319
2147,0.5364269657934762
2148,9.934562834578186
2149,6.196091602816795
2150,6.950473696325954
2151,1.79952721270825
2152,0.21768891615134392
2153,5.080940698392942
2154,9.791976934490012
2155,6.06492995023484
2156,8.421498510729494
2157,1.6637029233457215
2158,0.5057030917928903
2159,2.685047319657002
2160,6.0623563949753665
2161,2.6423745371412823
2162,9.182180114742483
2163,4.625280458188858
2164,3.0993672267435324
2165,0.8178083184270303
2166,1.9520119160257396
2167,6.136223711670846
2168,1.756248177331573
2169,9.519976590695032
2170,4.3504523549944585
2171,2.6214587418579094
2172,2.9230823530145176
2173,7.924099106174489
2174,6.661490922868188
2175,2.4621988836127118
2176,0.6539806869844451
2177,3.1549993950841984
2178,8.699629567344221
2179,8.263457200864176
2180,3.1260804001460105
2181,7.068009266438302
2182,9.476836300756744
2183,8.245036962130131
2184,1.7325728102005904
2185,5.142073683366889
2186,8.994688625070387
2187,3.7670144414311473
2188,5.773103452610519
2189,0.3369157121153262
2190,1.8790564068784652
2191,6.053274083763852
2192,1.4229394929090255
2193,7.260705120206512
2194,5.0249476099998995
2195,4.033952323359912
2196,1.78209523467741
2197,3.4874436353382072
2198,0.7698079067903992
2199,3.7387190038723848
2200,9.646338870809965
2201,5.701246876473085
2202,7.230115053422923
2203,4.653719069090276
2204,8.051568152460005
2205,7.4488498741035505
2206,2.4286207562756217
2207,0.8792729658813009
2208,3.1879781536184124
2209,4.198940877350449
2210,3.5363130123379656
2211,9.273366878932064
2212,7.369202615836688
2213,4.942945752112433
2214,3.0058783824293895
2215,6.715992565351513
2216,1.2821258602413734
2217,3.952676584226699
2218,1.1910739116742397
2219,4.413598464202992
2220,5.968834229742501
2221,9.48034013782723
2222,1.8692316954703878
2223,7.617145039057165
2224,1.3786440345599553
2225,6.540595313773762
2226,4.75770759863191
2227,6.182597826301298
2228,5.452485489738303
2229,5.8843405206812545
2230,9.013334585192002
2231,6.674439538626469
2232,9.33748974062446
2233,7.413742347848801
2234,6.916031064580609
2235,2.311959415167863
2236,1.1508794012589774
2237,4.972729732557693
2238,8.455249047451593
2239,2.225146088689509
2240,9.611268383388657
2241,3.073522511139229
2242,1.0851467698315866
2243,7.910130434345547
2244,2.9274836048667296
2245,5.24174212615385
2246,2.4656876010536544
2247,2.5433060411055526
2248,9.174460352649154
2249,6.964397634630393
2250,2.068896210502019
2251,3.5587430448304658
2252,8.599520148348006
2253,4.354586465757671
2254,5.418958501351943
2255,2.9349721299875102
2256,3.3109153234516033
2257,6.246808824247774
2258,7.297967374408774
2259,6.383059961268416
2260,9.282834959458118
2261,8.299616047698565
2262,4.5668182914159425
2263,3.286363305462883
2264,3.9982102330597296
2265,4.020160598792758
2266,7.822775427710694
2267,8.606574198054465
2268,7.152344664863447
2269,8.546898251489596
2270,9.547625114024608
2271,0.846376850358321
2272,2.66984630460326
2273,4.24589118089693
2274,8.543474263252792
2275,3.497269445883869
2276,4.865630667742325
2277,5.894348536248998
2278,6.960178469458955
2279,3.396328451259436
2280,0.9517800315083086
2281,9.111486647877719
2282,0.5709490854736428
2283,3.5503043980564972
2284,1.575706622154919
2285,9.023650954693931
2286,6.882792564616672
2287,6.956620282785261
2288,2.0888943230136037
2289,8.803390053901513
2290,0.16091673274587348
2291,8.915301478442181
2292,6.549390350107649
2293,3.377244032164723
2294,1.354585626330907
2295,2.3407278784806946
2296,7.480576479566307
2297,7.657720033982494
2298,9.503537696949257
2299,8.816105443469718
2300,7.796953094301054
2301,4.055587440703797
2302,9.451579329483431
2303,2.753029959517105
2304,4.818069986063638
2305,4.989045739860428
2306,6.246212728597324
2307,2.624279923246502
2308,8.835718034574759
2309,0.6626261962927933
2310,5.1955484750775405
2311,2.2545606962596194
2312,1.8645488172301798
2313,1.9104012692564971
2314,4.663588250563127
2315,0.6644413668085598
2316,0.49433735179256844
2317,0.6078694712778264
2318,1.9793549272795679
2319,6.838832593504651
2320,9.662081719739028
2321,9.438533438398839
2322,5.998471170026268
2323,1.6092137115717866
2324,1.5993588037303765
2325,4.737941153713808
2326,0.8819117231815907
2327,4.580730431565628
2328,3.3519457578679024
2329,8.006024020177456
2330,9.178799149067743
2331,2.9606382344928095
2332,3.8107228490483678
2333,2.047235259706608
2334,4.896947682080723
2335,3.838838263651275
2336,6.4112165126054546
2337,6.2887856715694594
2338,8.461035961782216
2339,8.178808632364829
2340,9.252155041220309
2341,4.626839569900489
2342,7.198750563043691
2343,4.76823156193886
2344,4.176579719514763
2345,9.720918935275625
2346,9.473509081873354
2347,5.604366257144404
2348,3.127211402318894
2349,6.881661252112906
2350,6.014568819990118
2351,2.9771793660843926
2352,7.1250115943691705
2353,5.402093862545856
2354,8.403886613348964
2355,1.2737059562792967
2356,1.8282653508074844
2357,1.651430019116402
2358,5.644442088233977
2359,6.3872301435774705
2360,5.948729978576373
2361,2.8181461648900976
2362,5.608675658492907
2363,2.977993591380489
2364,4.569216286297636
2365,4.6333098694014465
2366,4.5042229386570884
2367,4.814365767332809
2368,2.0447868567331127
2369,5.7020890789230245
2370,7.703046585918934
2371,0.4082723081082461
2372,9.70905158606168
2373,3.817974035141023
2374,2.6359568214664484
2375,7.933096692588274
2376,1.995732589451176
2377,8.791969881845722
2378,2.0955335341741654
2379,8.29524860417767
2380,7.055372510906134
2381,4.678736193165723
2382,1.134280703572829
2383,6.178889242759123
2384,8.151132190974472
2385,1.4587271006513898
2386,7.517149804359876
2387,0.34387840033785505
2388,5.64499714961984
2389,2.437319795070432
2390,7.281599260880423
2391,2.745292454581667
2392,6.555277221645047
2393,6.924910164649862
2394,5.258065789855215
2395,0.9099344646143875
2396,4.10049560158928
2397,8.221071113578217
2398,8.161985242078767
2399,7.585164448933257
2400,3.05380645985385
2401,3.567352692262288
2402,2.6856917937116056
2403,2.6550551185565063
2404,8.678629422487523
2405,8.45010100779179
2406,0.6872051521165993
2407,5.510786276945357
2408,7.13262771190708
2409,0.9353608504658036
2410,2.486013476612412
2411,9.877608155836809
2412,9.979673370721956
2413,0.5145027775604536
2414,1.7326842514235308
2415,6.074839099300883
2416,6.971024977833793
2417,6.33109215626823
2418,1.0901669034613979
2419,3.0627116820183096
2420,8.227828063467491
2421,3.9388509504899343
2422,6.550132975119994
2423,7.8806952612045755
2424,4.871830984500889
2425,5.781766838241975
2426,0.27895827838438625
2427,1.8879198366738887
2428,8.563447893540893
2429,1.7906217923308052
2430,2.0517575230453913
2431,5.833809323925928
2432,5.560668575383076
2433,9.752148762495624
2434,7.711256083677415
2435,7.883970230880365
2436,7.821951313832634
2437,8.36659841106641
2438,6.084530722296749
2439,8.621326743857306
2440,4.497968838987702
2441,9.882881929407475
2442,0.9796842901406124
2443,7.551967219152125
2444,7.068705965365371
2445,5.850256654835233
2446,2.1237242723994654
2447,6.8600782733344925
2448,8.73233432398519
2449,4.9186947486492745
2450,7.35209648396031
2451,4.031336149410878
2452,5.548590254120558
2453,8.468063835329021
2454,9.955894209136131
2455,4.505652145254554
2456,2.354061689623606
2457,0.4179789373280479
2458,0.7639322847463078
2459,8.074001309505991
2460,1.8243972266450499
2461,6.084755779918981
2462,9.31756785227451
2463,0.6277402343479634
2464,9.548709672377143
2465,8.264952283438443
2466,5.311015075555186
2467,0.27136156506009945
2468,0.9138568909975704
2469,9.290347267775594
2470,7.746157766595705
2471,2.803153369133987
2472,6.2744299091719515
2473,8.74225778498855
2474,2.380974622976498
2475,2.899678546135303
2476,5.922586634402981
2477,2.1239313466452283
2478,9.429147095057093
2479,5.783760194833029
2480,4.353720900910277
2481,0.5856413656711382
2482,9.185646298023835
2483,1.4535550290875967
2484,6.712095620680255
2485,1.7474728267690138
2486,2.5041552580724002
2487,1.8613338970970685
2488,7.80550076877566
2489,7.777996050806546
2490,1.6991838026455024
2491,1.935890834612446
2492,2.375672062766001
2493,6.686138116443564
2494,8.477409429008326
2495,6.423100915203149
2496,2.0115972248731206
2497,7.339273680533682
2498,7.31521651116351
2499,9.69945922914105
2500,8.766185094459098
2501,1.4717161490033057
2502,2.2903150134915276
2503,5.713532705635456
2504,9.249502996349959
2505,3.1357945843339357
2506,2.7186385418808436
2507,9.320128377887203
2508,6.7765696711638554
2509,2.3694919154389753
2510,3.1035621061804677
2511,9.566312341925242
2512,1.5843327252370127
2513,5.94474202637072
2514,9.637183150822894
2515,8.75632858536994
2516,5.579344909605412
2517,7.672757381924853
2518,1.097452214610889
2519,6.444404939285851
2520,3.3205220801402127
2521,7.985049969421424
2522,7.3956322300697686
2523,3.7261950901991097
2524,8.084150544023085
2525,4.447485173799378
2526,4.485843141599463
2527,7.676417998128997
2528,4.864427624045799
2529,8.619971734109313
2530,5.682011320839204
2531,4.708459211728153
2532,3.7557161669993846
2533,8.890016788769108
2534,4.7305590958259565
2535,0.3268581429088545
2536,1.7782887008414638
2537,0.29961260238361004
2538,0.6502857700412197
2539,5.91513588919154
2540,3.8949849463269564
2541,5.789646476763738
2542,1.707559115622827
2543,7.39514709898685
2544,5.249479914470568
2545,3.719799534918777
2546,7.289434019981093
2547,6.62325618608588
2548,6.313239581360683
2549,6.246080312875135
2550,7.207847182701242
2551,5.009587719613364
2552,1.8550317564049146
2553,7.214513165700953
2554,1.751593213114915
2555,2.7932717686108663
2556,4.689844147685467
2557,9.548739956423088
2558,4.805559675273202
2559,2.9904933059261123
2560,8.960942890873548
2561,3.7736565814883507
2562,0.17344516187451842
2563,5.936828728244347
2564,6.656457692352501
2565,1.3326028126638174
2566,4.687492369662465
2567,0.6875744811954951
2568,3.7625702357673383
2569,3.1381013479181927
2570,5.875959527564402
2571,5.070662306891759
2572,3.977199515194701
2573,2.339730344289943
2574,7.663068838134731
2575,4.270625889626752
2576,8.04059248846905
2577,8.671441121358765
2578,4.263047754547748
2579,6.5776974449171
2580,4.574121675648073
2581,0.9939730016419906
2582,0.4677439108187844
2583,1.512558609805643
2584,8.064502988789894
2585,1.128873651006323
2586,9.203500447735623
2587,2.973777884909394
2588,3.252963860050726
2589,5.381393962121517
2590,0.9862323402901226
2591,6.299231184002499
2592,3.872368190869039
2593,2.630886616162891
2594,6.986330607676737
2595,1.032879759823708
2596,9.24309536759373
2597,4.823541234999872
2598,1.0377393033743607
2599,4.3243343166944195
2600,9.367019125330463
2601,3.378975860583045
2602,0.3963968713594799
2603,9.320020372087487
2604,9.082941261641963
2605,5.499803061161495
2606,8.434830398767632
2607,0.8506597995508758
2608,1.6257887049041448
2609,4.25848538157955
2610,1.4475461715518771
2611,5.3472200772057
2612,9.90727503061612
2613,7.020570791581651
2614,1.2002953298175034
2615,0.4446461291943353
2616,6.125534086528801
2617,0.5732509144243706
2618,0.1333617537153174
2619,4.918316028366167
2620,9.452136530643578
2621,8.56750339695749
2622,2.244022899918876
2623,1.7137582595297405
2624,5.209114864239174
2625,0.7445794467387112
2626,7.2016983303428725
2627,5.343274429132094
2628,2.7002880077113445
2629,9.857307556653055
2630,7.310037189245429
2631,4.206970215081551
2632,2.9824920155815007
2633,6.932374461072741
2634,6.7494195863136
2635,9.37522030345056
2636,8.535622867004168
2637,6.137781374524313
2638,9.318435779873365
2639,6.3557274072331555
2640,2.943463127492027
2641,5.151552427278834
2642,0.7739630786039093
2643,3.6610200957055867
2644,7.511254612283815
2645,8.775903932514804
2646,7.8538827867261976
2647,7.033841581146113
2648,4.1207876965593755
2649,8.968706809333684
2650,2.535465814064702
2651,9.546090387347371
2652,7.211212610165824
2653,3.796325485312068
2654,7.728040058032998
2655,5.7162833858764985
2656,4.77753973761355
2657,1.542181782206088
2658,1.2845572970015036
2659,1.3763255962027567
2660,3.776489292221202
2661,2.9057993682092405
2662,2.8012495973615597
2663,4.264336174999908
2664,6.706344374847994
2665,1.7618418075022562
2666,1.8417014617007155
2667,3.978876563917332
2668,0.4702943196114965
2669,6.244238110154307
2670,3.042210255617651
2671,7.402591536827973
2672,9.694030869388518
2673,9.739418146506049
2674,2.5226950797725203
2675,8.202142890935672
2676,5.361549867714464
2677,4.087359470080373
2678,7.497692638063682
2679,3.9212651069569175
2680,0.7805458541207922
2681,5.224520541145361
2682,8.815164016410533
2683,7.3276273108486185
2684,7.994200865972497
2685,0.5116339945434971
2686,9.409754559731152
2687,2.4919193256411187
2688,5.102076303627246
2689,0.8827828748660298
2690,6.531192757654638
2691,2.820937770357395
2692,2.3698917304612332
2693,5.068928702025903
2694,9.197937178304432
2695,3.819861405850474
2696,3.0361413220688545
2697,2.695022138074113
2698,0.17603359904610355
2699,7.773140292924003
2700,3.729355864533241
2701,2.440730997106022
2702,8.252752053244675
2703,9.909580428908676
2704,2.2904841958312674
2705,7.586467006736919
2706,4.884084955441259
2707,6.041527994664041
2708,9.5897889845639
2709,6.465903637239431
2710,0.8121293385483861
2711,5.720746776512922
2712,0.6053273944069297
2713,3.095138744248229
2714,3.732343762897338
2715,7.950892989258873
2716,9.071148333463189
2717,7.806693170767679
2718,1.6350778744591763
2719,4.420947097222614
2720,1.0461723051434522
2721,8.471381233913688
2722,5.157487379285319
2723,0.21068373411253677
2724,5.634388820084611
2725,9.814939272367878
2726,2.542329058957742
2727,0.8466948027639445
2728,0.325181012796325
2729,9.502765957033215
2730,0.9475851882944818
2731,2.905958741180488
2732,7.5366980974308175
2733,2.368685257764184
2734,3.6629611157843494
2735,2.2728775595566457
2736,3.2495700260106304
2737,2.75873623634462
2738,2.1808904215896083
2739,1.1565034219696588
2740,8.755442797953094
2741,3.3480827547374514
2742,1.1305772622708035
2743,4.67201826588879
2744,6.437054844485954
2745,6.196740898401961
2746,3.4122645832822167
2747,2.9203439649895087
2748,4.72142797084501
2749,5.892786846849828
2750,3.427269225318444
2751,4.040937328057062
2752,7.231435411740493
2753,6.0681201752655065
2754,9.758542736944992
2755,8.618050363907496
2756,7.3149651414886305
2757,1.0435896722959117
2758,6.167966256256264
2759,1.3588541323298349
2760,5.929199169166783
2761,0.14109246174259787
2762,4.861201094539793
2763,0.3669530270829304
2764,6.4666181921485935
2765,0.32030063351123295
2766,6.76334254802621
2767,7.601645554623312
2768,5.81401726669563
2769,3.893086028529568
2770,5.136445643723448
2771,5.502810105646086
2772,4.8260069287331016
2773,6.577594939304094
2774,0.4962451411925386
2775,3.9681208707590523
2776,4.6941877682949755
2777,0.9947010830991035
2778,9.20522470765474
2779,7.736131926748375
2780,8.246199179221785
2781,3.9917139220213764
2782,1.150504858243985
2783,5.799950351902717
2784,6.0618314658167165
2785,0.207515069552473
2786,7.643063921523094
2787,5.328694292093181
2788,8.89690527974559
2789,0.13461901450255734
2790,4.554118623638869
2791,9.118399320986923
2792,6.886478006707376
2793,3.4448051174192584
2794,3.2009307926308823
2795,5.412700093400686
2796,7.930754925843032
2797,7.63807601983515
2798,1.1449149610419829
2799,2.8174805572761663
2800,2.0963578431124557
2801,5.397526544793708
2802,9.045797603109293
2803,7.824993315118095
2804,5.994520369888039
2805,8.573861757719037
2806,1.121494593890102
2807,9.183098319066266
2808,8.472494130531445
2809,0.8765125229982322
2810,2.7504784687980397
2811,7.716027567484193
2812,2.2196777864216415
2813,3.505370664543151
2814,2.646729967864659
2815,6.661532106785789
2816,0.6474932137034
2817,4.665294779114588
2818,6.140996467633026
2819,2.0105794728657496
2820,9.915759340492997
2821,3.0921822574027797
2822,6.274188130458047
2823,4.3492038548832275
2824,5.528604887645502
2825,1.0006104784900345
2826,8.524415318975375
2827,0.7856607534534392
2828,2.581800265655005
2829,8.5530389590282
2830,8.37426932956533
2831,4.4713328325967545
2832,2.1117442222342704
2833,3.967907545650052
2834,6.454680189129664
2835,3.682711602221347
2836,7.37851461848211
2837,3.8503290344466508
2838,4.8525234031013165
2839,7.9371899479152805
2840,7.739049289567282
2841,6.487240274623326
2842,8.381912707589391
2843,3.4383949918170025
2844,3.639945065522035
2845,2.136705286017871
2846,0.36777593980738876
2847,4.154655963174251
2848,4.104392755675933
2849,0.9597859782738688
2850,8.259749718351676
2851,5.339438589294293
2852,1.5821305759562025
2853,7.123074234355052
2854,1.4140509631728744
2855,3.5334526833247355
2856,3.256480622307399
2857,8.629280021623707
2858,1.559340589412901
2859,2.343236369604412
2860,0.5943671855656155
2861,2.6499039624641365
2862,9.9464217390956
2863,1.1532675452833958
2864,0.2184109165952255
2865,5.338545042692823
2866,4.947865431392715
2867,8.623370657844317
2868,3.351502668478958
2869,2.956667155851994
2870,3.008032086210811
2871,8.211687841723428
2872,3.7781697895607027
2873,7.38546183882333
2874,0.4227975136940687
2875,2.3906679229489036
2876,5.1984311301441215
2877,6.744766159695835
2878,9.968805211917603
2879,7.646869722213076
2880,0.952306228474756
2881,8.98677973724071
2882,2.603798187882506
2883,3.0732507010131407
2884,1.3349348506157
2885,7.150483603611601
2886,3.2566762236030646
2887,1.590598358701116
2888,3.145574984168427
2889,0.29036546713204225
2890,7.075491245151097
2891,0.2692164839885267
2892,1.8540392441741254
2893,1.5429507662317612
2894,6.723855905266197
2895,2.589335726779045
2896,6.060742934075182
2897,1.1377706347517698
2898,6.673364572557826
2899,4.986131668561217
2900,2.3388423916678494
2901,1.3328898375000544
2902,9.315320159828618
2903,6.7036205814719345
2904,5.086434340833493
2905,6.137318726908348
2906,5.144800474058965
2907,3.577112350469214
2908,9.795909397056626
2909,8.652971657042785
2910,0.8528223923191046
2911,7.5949174323269615
2912,5.469710727537293
2913,2.2350368467560924
2914,6.300064121071832
2915,6.069250353295824
2916,3.038473086198023
2917,0.2690209518966434
2918,8.256268445051326
2919,2.6955626128472576
2920,7.870019967204148
2921,2.5883937095129697
2922,3.989055573230474
2923,0.5458301801280719
2924,9.208833026415999
2925,7.122749993451432
2926,8.732908449734415
2927,6.192914516415109
2928,6.67655418602535
2929,9.424726794281668
2930,3.991565346720866
2931,0.7263274876515053
2932,3.308520937515927
2933,8.88049602197178
2934,4.674261142197929
2935,4.554238578604745
2936,1.5348687305991466
2937,5.100212032675359
2938,9.403768945495218
2939,2.6591652851823553
2940,6.210308129713029
2941,5.087825867086709
2942,2.360714128678243
2943,7.71894286951765
2944,7.6570177297177215
2945,0.2154692610950919
2946,8.53434110614112
2947,0.9244270557522082
2948,7.572372525621207
2949,4.399483602843369
2950,2.4000697089584
2951,7.257563434223376
2952,4.175063353349915
2953,0.37286766390595827
2954,7.3839132550828115
2955,7.832615410183552
2956,9.94895006798421
2957,0.5471842710117067
2958,4.544660415733697
2959,0.8360202979758015
2960,6.826819616387424
2961,5.44949119786909
2962,6.413443575021865
2963,9.159943923935721
2964,9.088901970434236
2965,5.123037819219337
2966,4.967152714772505
2967,5.768199427051334
2968,5.407850510433677
2969,6.663337623603345
2970,2.761479569170763
2971,5.917735434342451
2972,5.119418733155302
2973,9.373508037935533
2974,8.022043868337287
2975,1.8253157030262195
2976,9.086204140380108
2977,1.0986414090517966
2978,0.9672968826934264
2979,3.590365563551335
2980,2.2137538047004393
2981,5.9303079793408475
2982,4.1535211135670265
2983,3.7421483710159573
2984,9.280843705911876
2985,2.837851021985714
2986,4.238945276958249
2987,6.823201547046551
2988,8.09350364883346
2989,6.23045394027703
2990,1.8920201636133616
2991,8.76684644443625
2992,1.8243323286948852
2993,1.6045236307869273
2994,1.9304257678346195
2995,3.5156174811988548
2996,2.713972848304227
2997,5.200600763955459
2998,9.168672291132687
2999,9.400564258028588
3000,3.7168242950934554
3001,2.704034351543604
3002,5.215095714197615
3003,5.167337029461571
3004,7.905296439589396
3005,6.116564713520272
3006,1.3756078839240655
3007,1.500408588559952
3008,9.797614153871999
3009,7.334211928534942
3010,0.754966792957118
3011,0.12046574424140868
3012,5.039088432754545
3013,9.779150152753585
3014,9.189708397118627
3015,1.7429915804376526
3016,6.851125356979133
3017,6.29848401318898
3018,7.435126686195541
3019,0.49866016190348406
3020,4.262288065456411
3021,1.044906930398243
3022,0.16105189554748744
3023,4.930702359735303
3024,7.165815617671818
3025,3.1858418254853302
3026,5.4508016162539
3027,1.3302240276767228
3028,4.830621644285945
3029,1.421433558061452
3030,1.96571646883829
3031,8.649540178952467
3032,3.3040898564106973
3033,2.083666168621601
3034,6.24939397839021
3035,4.281322533384102
3036,8.136104537007698
3037,8.469438130416624
3038,4.135091144346016
3039,0.3958371446507635
3040,3.053154569860026
3041,2.218119147225937
3042,6.186043341408658
3043,1.180127445617436
3044,1.1417108091604062
3045,2.124692000863349
3046,6.454452272896193
3047,6.281780923172651
3048,4.434792573549896
3049,8.809279671181596
3050,8.432148496963928
3051,5.488277637302706
3052,3.551537565389953
3053,3.952172286951104
3054,7.42082829576152
3055,6.445564903027178
3056,2.0666123393690445
3057,3.634523277352217
3058,5.868674810361666
3059,5.08759941675904
3060,1.90009051109163
3061,6.664634202423939
3062,4.464749305158271
3063,2.4102875354508164
3064,1.3359789023853783
3065,1.3083198149025412
3066,1.6322731650570557
3067,9.796505432031282
3068,5.410568974388139
3069,5.453801007235304
3070,0.6407161389318458
3071,0.400025949170431
3072,5.200120768027858
3073,1.6551490760974363
3074,3.000611655282111
3075,3.918288934899915
3076,8.838834887403282
3077,0.47546232957464063
3078,2.565686603356772
3079,0.27933006134750465
3080,6.779424940814353
3081,3.4816159251510874
3082,2.068958870334792
3083,4.8557658797962935
3084,2.6327684763048116
3085,0.3229430831531358
3086,9.585384107411318
3087,4.222492530104507
3088,7.620083670523343
3089,4.45822025639351
3090,7.533908129083918
3091,8.481558000472338
3092,1.7675043918455557
3093,8.967194696899085
3094,3.214912247167214
3095,1.3719767334119113
3096,8.233929929433073
3097,9.962032562865485
3098,5.77581678185497
3099,6.522718658798574
3100,8.879762762001539
3101,3.125003813614267
3102,4.839320026733693
3103,7.3843583470780505
3104,3.9709085978157557
3105,7.772948767762924
3106,0.7281893358022417
3107,3.967761017331419
3108,8.848535675045065
3109,9.820346293213062
3110,4.004184679760322
3111,2.2365100706349015
3112,5.465009812821701
3113,6.242771786903728
3114,6.6515605757293494
3115,2.1115876951519015
3116,8.90915645768891
3117,1.8844909351726749
3118,5.531187867199955
3119,5.407121081828588
3120,0.42331705116092555
3121,3.8313232143558023
3122,1.967727874925449
3123,2.2811654955598435
3124,1.8152439350665672
3125,9.837101814084471
3126,3.758350864703323
3127,8.453115097045275
3128,6.2412044847949355
3129,4.48239240355245
3130,8.338828791363692
3131,7.262914112517694
3132,7.367046561997265
3133,7.91775048905713
3134,4.10199496819834
3135,7.547185973171245
3136,4.721616725073132
3137,3.786210084708849
3138,7.711551298049435
3139,5.768177723419631
3140,6.958558339507946
3141,4.344055772667326
3142,6.18220496862929
3143,3.8343877164926843
3144,0.3472586125507536
3145,7.176566043811368
3146,9.534456577345614
3147,3.9679955493535424
3148,8.045149705467674
3149,4.363709351270691
3150,3.223470315094421
3151,4.845778391319864
3152,8.227920040296743
3153,6.50714538408497
3154,4.003420525711066
3155,5.876934513198109
3156,9.776596210477743
3157,6.867373502718646
3158,7.460199604806319
3159,2.506766143634588
3160,6.205231247135369
3161,9.780663039092941
3162,9.588434100182166
3163,1.9046320989371053
3164,9.645474083038158
3165,6.860418647684462
3166,4.535272101373698
3167,6.841532373996565
3168,6.318185894481641
3169,1.1764617700708324
3170,3.064895204381574
3171,5.0325144656203635
3172,8.089609053013456
3173,4.21905241107843
3174,4.662747544304859
3175,9.42738249921166
3176,5.236156861161621
3177,7.6009077279889965
3178,2.37242521839895
3179,2.7474477330088467
3180,6.172470771396007
3181,2.054363016204042
3182,5.16922110698489
3183,5.515299858562368
3184,3.5809305419297477
3185,7.6920348462812
3186,4.61336405474881
3187,8.491821142884787
3188,5.478722694452331
3189,5.268939515500519
3190,2.2956062027311264
3191,0.8450327059309163
3192,6.465949408783669
3193,9.840011276472724
3194,5.1096486880317125
3195,6.333763817135593
3196,5.036891032786555
3197,2.3066359701709573
3198,4.880191009468775
3199,7.52699905188547
3200,8.355461977615569
3201,2.344612516556095
3202,9.277745778583464
3203,1.9325028733168876
3204,9.701784996776022
3205,2.004384388810901
3206,4.351582197043162
3207,5.468585430968269
3208,5.344414699899853
3209,9.202457646097185
3210,0.8721100101592034
3211,5.4653266587426
3212,1.7741071494347225
3213,5.37893072731144
3214,4.285863667890714
3215,8.074910395586809
3216,2.9274495602148214
3217,8.55194737570697
3218,7.691803604236674
3219,1.7908532296118886
3220,3.4076995715710825
3221,3.6092649321388217
3222,3.6559586792924974
3223,1.1546786734306693
3224,6.9907595863288
3225,3.2904979567752584
3226,9.97740846754384
3227,0.9721476050863814
3228,5.004116663389387
3229,2.5967535084229025
3230,9.576662906204943
3231,4.287721860243714
3232,4.630352289415393
3233,2.941468648923049
3234,6.560246847243416
3235,6.390454010779239
3236,8.85782733832814
3237,8.671961508401575
3238,8.008935220354122
3239,1.9869548548633391
3240,7.1872238035266385
3241,4.540438138841131
3242,5.205838267146681
3243,1.3693398636463152
3244,6.125856333101593
3245,2.259538808352544
3246,7.023430597847634
3247,8.415319510897621
3248,3.5272210845665555
3249,3.001493693974644
3250,4.4791496270789075
3251,0.42825895356322596
3252,1.5451632104340953
3253,0.4991809753802616
3254,4.046717563124079
3255,9.04736340957562
3256,5.550405033533616
3257,9.171627794774107
3258,6.09990313597857
3259,9.978960783489574
3260,9.281742306270411
3261,3.247796665945248
3262,1.4058808154687141
3263,6.554534701667899
3264,1.0294476982701457
3265,1.2332014649591383
3266,3.3303550929157697
3267,6.885849023499309
3268,3.3899059311431414
3269,1.8720386109854947
3270,3.265622477786989
3271,7.050268582492027
3272,0.7969047462228851
3273,3.3815983904297195
3274,1.8154742283456313
3275,4.948415824892149
3276,3.66812276537272
3277,0.5711680461211811
3278,9.840949389721017
3279,7.093991986233741
3280,4.942637472342888
3281,5.079587006221167
3282,7.82195427886111
3283,6.847688718244557
3284,4.412107428881458
3285,0.15830948988926516
3286,1.3973149265824627
3287,6.442307982415229
3288,4.670694744918901
3289,2.107347065312798
3290,6.4616118527364925
3291,0.9058459754272782
3292,1.437023698279008
3293,2.273776462938091
3294,7.190979940417354
3295,7.809544641397791
3296,1.2812790799133975
3297,5.098022257181233
3298,7.252473668246221
3299,2.209811154913418
3300,5.405024666368335
3301,5.690390238841951
3302,0.5147306546149713
3303,7.038969881664323
3304,8.68507648334602
3305,2.9986814207712156
3306,3.5917830668202604
3307,9.54379531965827
3308,9.815960965997753
3309,4.566278285412554
3310,9.083413064825447
3311,2.9845868067972408
3312,6.3252544075482104
3313,4.590813726612255
3314,3.7167963102492223
3315,5.8738751213122935
3316,0.33322698871310263
3317,8.86767792309473
3318,1.646448555563866
3319,3.9903080371640094
3320,5.3163154599121425
3321,6.0041719975640335
3322,9.083662812121755
3323,5.059057431278803
3324,5.258839850485637
3325,2.8312153860069516
3326,1.6926472852812815
3327,0.527984732467054
3328,8.206860978105166
3329,7.8784129285507944
3330,1.3430614309664857
3331,9.591102079300498
3332,3.2793685691760044
3333,3.9195808830205054
3334,6.057419614739223
3335,7.5150984801350225
3336,1.0377394520358547
3337,8.53568662865925
3338,7.7933267918974005
3339,9.491287091558181
3340,6.811183989709398
3341,1.7590078626083432
3342,2.8489129526234795
3343,9.346635257064419
3344,7.8936571691272635
3345,2.5785286286760836
3346,5.541340612875498
3347,2.96874010649138
3348,2.652314949371111
3349,2.8684158589436195
3350,9.158182891766426
3351,2.884475519192511
3352,6.061711846444828
3353,9.143481625819174
3354,1.6882083295381969
3355,7.372716340579443
3356,3.731174004403065
3357,3.2754037847680055
3358,2.8380186984207834
3359,3.5691266736035296
3360,1.0979227681798427
3361,4.225357797620178
3362,3.2898547693389784
3363,9.676617487859057
3364,2.2521988136372166
3365,6.47613175857279
3366,8.837823258577831
3367,9.429566631409726
3368,4.574675984563534
3369,6.56427054270745
3370,1.6353392613768103
3371,6.55402077823856
3372,0.873811025230126
3373,1.960235615942178
3374,1.1402692287563267
3375,2.463943868061673
3376,3.46088161562377
3377,5.269642772735749
3378,3.239632231205635
3379,6.733986272049984
3380,7.96546152032474
3381,6.688028037080864
3382,5.838905969196798
3383,7.2762680679572345
3384,5.596458542320641
3385,3.8966640896459595
3386,2.7701096420859903
3387,4.8042099993483305
3388,9.440578383904933
3389,6.919518454414203
3390,1.1040932831781936
3391,6.422187040011768
3392,1.9145396609452963
3393,1.49142920533759
3394,9.763326140026603
3395,7.199226441930009
3396,8.3347348408338
3397,2.1638912207796377
3398,9.94816819517737
3399,9.169096735522793
3400,6.516058244091067
3401,8.552033857148965
3402,5.310261265647496
3403,8.037634629216663
3404,0.9196847216070383
3405,9.846833464079193
3406,5.50545929105413
3407,8.964322341017994
3408,4.1116878018416525
3409,9.58801215138483
3410,8.550252817405516
3411,1.1836738686045696
3412,4.643669606322625
3413,4.59693971505934
3414,3.409837642182132
3415,4.533411199134516
3416,5.332443453281888
3417,2.721417551245965
3418,2.5635461089282296
3419,1.2929517836636037
3420,5.065681002544798
3421,2.0128102153649174
3422,9.358670359697372
3423,0.6279523648876084
3424,3.8316350716714433
3425,6.166069457818339
3426,0.3946767137095947
3427,6.457698811226921
3428,1.055715278242488
3429,7.3135498555919565
3430,1.587463323872758
3431,1.5161352941157542
3432,5.395486845483071
3433,4.138000872823403
3434,3.917897287937011
3435,1.9367767650360332
3436,7.97666787690213
3437,5.839469586175319
3438,7.470266825657446
3439,1.605586520269013
3440,6.719371079655901
3441,6.920822695408007
3442,2.9942987278439257
3443,5.133389176649691
3444,4.334188862737885
3445,4.456289134270477
3446,0.8273870479364839
3447,1.001299532393552
3448,5.444344919748655
3449,7.25517165741718
3450,8.001772278460066
3451,0.640586016359658
3452,3.6562772924821343
3453,2.6788869362271637
3454,3.914730381217071
3455,9.937724446028723
3456,8.267964422793458
3457,0.5815123202836545
3458,7.767921612782381
3459,4.736125736984404
3460,5.619316804022634
3461,4.6176367039733925
3462,5.978437280527361
3463,7.408529206137644
3464,4.211182393827246
3465,9.071373703748758
3466,3.820781049921208
3467,7.655479539367612
3468,2.807279961433226
3469,5.308571224077166
3470,2.3814412967045864
3471,3.579141956993157
3472,1.856554965350029
3473,2.5856027813974554
3474,3.9782170648154884
3475,9.449366715167747
3476,4.448118736081861
3477,9.94762887087094
3478,6.0560341368205215
3479,9.701724462578781
3480,9.392580620275874
3481,2.31926371118578
3482,6.271320626586783
3483,4.751996073099334
3484,5.909433803591723
3485,9.056793160530184
3486,6.773169964573978
3487,3.472850434251445
3488,5.397350563610001
3489,5.504806706467551
3490,7.3882427920083735
3491,6.345020266942363
3492,5.523320655911285
3493,3.9301418018926633
3494,0.8440032256298938
3495,7.539556191430198
3496,2.6571791061555166
3497,2.2850648239843863
3498,6.074347269317166
3499,3.6247553608054623
3500,8.79265391326138
3501,8.804274158618583
3502,1.2495497304108198
3503,8.760620629022345
3504,8.737941086433727
3505,8.559044947769008
3506,8.384406227299607
3507,6.673721580349626
3508,6.769036410898399
3509,9.097409889918826
3510,5.703792155760492
3511,0.25515129146637006
3512,8.170998528895712
3513,1.298517824614465
3514,7.817679927903368
3515,9.05975597554745
3516,7.663590408545611
3517,3.748368437636763
3518,5.332586383206296
3519,7.0289053631963725
3520,5.016654504288303
3521,1.042948005291493
3522,0.4178623537657231
3523,6.597860192587761
3524,7.595262130740854
3525,4.303691881187747
3526,1.5774954997420418
3527,3.3400497049995685
3528,4.002495599687137
3529,0.23382528717891338
3530,7.710470226320665
3531,9.670110591257513
3532,1.653088687295402
3533,1.905186009432904
3534,1.7645060202520766
3535,0.5045722951710049
3536,2.8191899912660707
3537,5.698515191124619
3538,5.653759458566351
3539,1.496952226830636
3540,8.153827039935825
3541,5.1076192640628735
3542,8.273203322097752
3543,9.626686736336284
3544,2.9518951143904903
3545,7.484749990219506
3546,7.85662405250483
3547,6.275208166601162
3548,1.1265651830233276
3549,8.457751634236194
3550,2.8635505160488592
3551,0.9624029892022589
3552,9.139793222880852
3553,2.081533616744374
3554,5.579649857700301
3555,2.610380533502206
3556,2.0354648431122024
3557,7.897517966057218
3558,1.737718853286598
3559,1.5165394106662506
3560,0.43026459187657806
3561,7.84328120509357
3562,3.2701588718502204
3563,6.397737096438352
3564,3.305900076875765
3565,6.458473284227302
3566,9.20127690398957
3567,1.0377834020506846
3568,0.10370299910385522
3569,6.590103930521004
3570,3.9868122389932616
3571,6.968536449939172
3572,5.332803848212862
3573,1.9854730300779742
3574,8.05658895772878
3575,1.740466487936614
3576,9.147088324811643
3577,3.478421797573301
3578,6.003018413977121
3579,0.8688473174402384
3580,3.9278859920802653
3581,6.615448167646733
3582,5.086872058935096
3583,1.6226402761852274
3584,0.6088141973826598
3585,6.212546008220596
3586,9.402488568995222
3587,9.924134811310832
3588,0.7691079516353472
3589,8.461857296290267
3590,0.5409022750242353
3591,5.965143103833867
3592,8.230200121529304
3593,8.277878923390213
3594,4.68048233833443
3595,2.3555459027591517
3596,9.02722090041779
3597,2.4180418439264466
3598,7.14110801153575
3599,7.579380098852567
3600,5.680447664790193
3601,5.713160882813038
3602,2.841968275966799
3603,2.5760580248457776
3604,2.2572984845332393
3605,6.278451471156862
3606,0.14798138650407594
3607,3.786329661358411
3608,9.739850768294604
3609,0.4582673640605399
3610,2.0630373950244487
3611,2.3557004107567088
3612,0.9132181469012703
3613,3.5823767196158465
3614,3.4970757338746585
3615,8.943866676186724
3616,5.664180241455725
3617,1.361016723541489
3618,5.534124120551531
3619,1.130840684785932
3620,1.0015288788455134
3621,5.082293321441273
3622,9.396528897405096
3623,2.0230972865235244
3624,1.5749339098461226
3625,8.850644591643
3626,9.03421203262138
3627,9.410689332662624
3628,3.1000124563536198
3629,7.996424735931394
3630,2.034714878600435
3631,0.7404534692631575
3632,5.265348544214361
3633,6.463593447826507
3634,2.0429184880532274
3635,7.464573875956666
3636,2.798509268057407
3637,4.277414691815936
3638,5.882113104427901
3639,7.644036924420523
3640,5.133267011288595
3641,2.7079460279704968
3642,1.9855512920506786
3643,5.940094197425359
3644,4.364999874420369
3645,7.237832498113387
3646,9.857686806879741
3647,5.5114530513932705
3648,7.996715275574598
3649,9.724837554973325
3650,9.814809587846575
3651,1.4477237686816524
3652,9.118380104571889
3653,0.4935526071305111
3654,3.214332739239698
3655,0.856993023283734
3656,1.3755609174624597
3657,8.29521473447542
3658,7.748279103734043
3659,8.484100669679153
3660,0.36178097794908326
3661,7.934248869741997
3662,2.0849260211678255
3663,2.4928782757729295
3664,9.544011215715155
3665,5.707292947989082
3666,4.190346672003787
3667,8.760999134702365
3668,3.3758243865275652
3669,3.8947047194200772
3670,5.197791927909937
3671,4.350391809564241
3672,4.943464663675054
3673,2.0204269731274045
3674,7.241995340516761
3675,1.4765000742112901
3676,8.735257857773485
3677,1.6495652221060983
3678,2.586731821381617
3679,1.8521885310189976
3680,4.899146838273338
3681,5.306986308633244
3682,1.540925934155518
3683,4.292560426482125
3684,7.563672735896347
3685,7.154847150653918
3686,7.6447448359662795
3687,0.6880402458565732
3688,9.219572868981768
3689,9.22745733622415
3690,1.9476740536276322
3691,8.581503259524698
3692,2.30687126179593
3693,7.154417690768735
3694,2.676621423931308
3695,0.39068156556557143
3696,6.64477510570581
3697,7.32972046945278
3698,0.18478163190927288
3699,3.908042210075296
3700,2.1346631752683543
3701,6.618270860105133
3702,0.21420040426552422
3703,5.778826708790779
3704,9.404879380353826
3705,3.858539966145903
3706,0.3502632639466833
3707,0.4565426734159359
3708,3.8057356700136364
3709,3.2267840921618682
3710,0.3032422603721529
3711,6.7968178701672395
3712,1.6817690950076707
3713,2.8227854090731324
3714,9.846837268121996
3715,3.122423441652211
3716,8.426681836690602
3717,2.7190011153542435
3718,8.348929629958993
3719,4.116069221972458
3720,1.4971173882432842
3721,7.166084540648126
3722,3.7793837003538266
3723,8.456967887410077
3724,1.6549612903572966
3725,4.6165784982763025
3726,1.0900877678615537
3727,4.247530363876739
3728,0.4514582123605225
3729,1.0670536345857766
3730,8.731895078736258
3731,8.670504374830063
3732,5.677999841390916
3733,0.8939954660075143
3734,9.628675992351251
3735,1.702638529671043
3736,6.005686002914284
3737,4.0078878441552614
3738,9.057181792828676
3739,8.477168291527699
3740,5.574149255134036
3741,9.574771833468686
3742,8.465130993382958
3743,7.901126050710409
3744,9.716124671748988
3745,6.788689618083822
3746,2.8284437146622268
3747,7.8216098711033855
3748,3.004633309765415
3749,8.619917167576144
3750,0.8751892521475033
3751,4.312098472447986
3752,4.734825164018434
3753,9.922584245321021
3754,3.5450456509896147
3755,5.165075794241989
3756,0.7664584060203904
3757,4.756797189633402
3758,3.130474686941221
3759,4.634657857155938
3760,7.9497534273691155
3761,4.696021976990784
3762,2.39628858614982
3763,7.754048189072364
3764,8.165017585161737
3765,7.6789644029132695
3766,2.6527169076680885
3767,9.600092072374933
3768,0.9476767784177229
3769,2.841587555311693
3770,8.424229533244116
3771,5.005984369346609
3772,3.8476191105216087
3773,4.963024798707387
3774,2.6800231462658877
3775,0.5803878506706819
3776,2.967404788238942
3777,7.588796556746505
3778,1.2745688980576455
3779,9.377007926811903
3780,8.428152802987748
3781,0.4328522390665417
3782,5.464552881040744
3783,3.2962795737401342
3784,3.9965896906684377
3785,2.402871997649825
3786,9.266573233985486
3787,7.947896611713359
3788,3.943994760619728
3789,3.6318980256710467
3790,1.272321775785576
3791,0.7478443947628415
3792,1.7195269133748563
3793,0.9940880867645338
3794,2.8268593432656655
3795,8.970209047310385
3796,1.6088836886881643
3797,2.245864478529728
3798,8.530484429530473
3799,5.507230502255913
3800,3.04915050459375
3801,4.731078119117644
3802,4.186934829210528
3803,5.113955787112872
3804,3.5601962170863137
3805,4.178120779251879
3806,0.6052711645689366
3807,9.268442381707995
3808,2.466313925949477
3809,3.484516442748769
3810,0.6540812085260418
3811,5.9636856182820015
3812,6.881345944481411
3813,1.7158522984746813
3814,2.362038247741826
3815,6.003736784821018
3816,5.529395089365049
3817,1.52861613525003
3818,6.834040431299048
3819,9.277485986986454
3820,5.146880112596535
3821,8.147666843479849
3822,6.584608092146868
3823,3.206021294421728
3824,7.7934213716424106
3825,9.300787821899137
3826,9.275135414029856
3827,2.5324144953014036
3828,2.6671402586502375
3829,9.345742556999905
3830,7.044379609996459
3831,1.739115684195146
3832,0.418760163953523
3833,5.773719312304596
3834,3.2692315029990326
3835,3.6470549449281293
3836,7.329020234571822
3837,9.64697659939861
3838,3.8698556571669407
3839,9.971756550996002
3840,6.888418490011098
3841,8.313533521002459
3842,3.1241925951925604
3843,9.035217928154395
3844,2.984588047961183
3845,1.9708546434836602
3846,8.653547928120092
3847,5.38538717861862
3848,1.4892259049350343
3849,8.61195797840226
3850,2.824463816434416
3851,6.840030235536941
3852,1.8116701428331854
3853,9.733122609501173
3854,5.750159806548992
3855,4.14031674424206
3856,2.2532267598144866
3857,5.92599614080191
3858,9.237973658354246
3859,2.5872267971332295
3860,0.20343895600779602
3861,4.732280815257483
3862,6.11170777848629
3863,7.106776337559541
3864,5.5494818183066075
3865,4.117587576893041
3866,2.809320113775966
3867,9.037033037641438
3868,7.004860014876996
3869,2.595530711326887
3870,2.182966426887219
3871,5.258287211598556
3872,8.5348658141895
3873,8.77504672949325
3874,6.560557919954012
3875,5.080442896462985
3876,3.9048419256026845
3877,6.751316588233604
3878,9.691168304544519
3879,3.7180435317898346
3880,8.665663261175178
3881,9.53154746131058
3882,3.969322955275922
3883,9.008177280476568
3884,0.645223291363573
3885,1.0104937194859047
3886,7.098311968656363
3887,3.4156350433740683
3888,8.380452373818274
3889,8.234184465764615
3890,6.0491822196822325
3891,9.812077505545536
3892,3.328028746186351
3893,5.1139893802513585
3894,0.7707161127558431
3895,6.813950730732303
3896,4.276329226564254
3897,6.982446624643305
3898,8.725878622377877
3899,7.7235143943027555
3900,9.670369878239539
3901,3.441047668217985
3902,2.60889119102106
3903,2.5172261730924257
3904,1.65455854239829
3905,8.12743451396024
3906,9.616306491021179
3907,5.704462102931275
3908,1.9419049562705462
3909,9.093267826540242
3910,3.1786071093725528
3911,3.0160416570313733
3912,4.438120593098303
3913,6.075633908264591
3914,7.943707593429537
3915,5.759637426916495
3916,0.2678456577964137
3917,9.93406779229656
3918,2.7388474366802162
3919,1.3402342538267193
3920,6.640485843141015
3921,5.371453883638773
3922,9.130002973483025
3923,2.3208845687672013
3924,7.100751589774686
3925,8.241214849723784
3926,4.222852811040305
3927,0.6781304585596695
3928,4.176534006658375
3929,7.796068110679658
3930,5.745196442049987
3931,5.969799361342096
3932,8.580262318293993
3933,5.008124262270338
3934,0.963911623763016
3935,7.845758868069504
3936,4.953333833827873
3937,3.6222801088662
3938,6.276549262844013
3939,6.7224160548253185
3940,8.749837877354288
3941,3.066036447967694
3942,4.01098609740774
3943,2.9310817433302643
3944,2.701769457646699
3945,7.24126525298089
3946,5.628684194975057
3947,0.20284160657284894
3948,3.127566528632025
3949,0.7402021543138598
3950,8.98135658633021
3951,8.742965440430359
3952,0.7629704032080412
3953,8.721203065958594
3954,6.905435315703202
3955,1.7030894081380568
3956,5.1254149626645376
3957,0.4819565939585364
3958,0.7638757266687941
3959,3.806301840448978
3960,0.8694233329166541
3961,9.120873565688585
3962,7.655024375941506
3963,1.9302751419740447
3964,0.8118808151675765
3965,6.022765839405919
3966,5.69173636898698
3967,1.4681332554388473
3968,5.917907554408863
3969,9.434126225176463
3970,7.28125987540727
3971,5.011058573179396
3972,1.6435878729027837
3973,2.6644727507974273
3974,4.609463205942909
3975,6.100490763389673
3976,1.1640151826185599
3977,0.35983088047578904
3978,0.7083512096628148
3979,7.309486804374292
3980,4.835645673742068
3981,9.82896078164752
3982,1.1286401792621148
3983,4.888318171456873
3984,5.020486443056693
3985,6.811108895332579
3986,2.1364960728457887
3987,9.949095074193123
3988,8.804277727973195
3989,5.814788376287237
3990,9.365902370919617
3991,8.113940396222633
3992,3.7185363774294022
3993,9.153634417266904
3994,3.1659949564744174
3995,6.422410833617669
3996,1.5442221827450198
3997,6.100720965699555
3998,1.267657895459364
3999,6.346440889898218
4000,9.451341326770935
4001,3.308928307246558
4002,5.886220657724336
4003,7.306963987102999
4004,9.283415666865057
4005,7.159055650743692
4006,2.801562826630499
4007,4.422974663044073
4008,5.90311621659546
4009,0.3495328971757213
4010,3.2902788116488466
4011,5.617136193259022
4012,3.088128862623155
4013,1.5542832304934155
4014,0.10005614367548508
4015,5.704708521236037
4016,9.665259130908064
4017,4.110823322952218
4018,8.147052751745939
4019,7.353006216046737
4020,1.4321466474372602
4021,4.267499184676454
4022,8.960844306696986
4023,7.226713679835618
4024,6.536852893705996
4025,1.227888876590852
4026,3.296021279013621
4027,1.4400355299644507
4028,9.709406838526943
4029,0.2126638274879864
4030,5.981911091359484
4031,5.390720046487167
4032,1.1384808411439404
4033,6.192834796235384
4034,1.6711966913897587
4035,0.6741676302871246
4036,0.6443862660947492
4037,0.2978362871506983
4038,2.9444462379671634
4039,1.7503511481817018
4040,5.409210377578412
4041,0.8594727870638704
4042,0.27644183817177154
4043,3.2332068774343763
4044,8.633806495887793
4045,9.54754181099507
4046,7.067992833635229
4047,4.263461526698163
4048,6.2563302859275645
4049,1.753315546456831
4050,7.7302584183217
4051,7.740847779166787
4052,6.9084806069354245
4053,0.35690227931001817
4054,2.8795429010808693
4055,2.578117665858302
4056,0.6978642836154403
4057,6.134893135804161
4058,3.7938254592801455
4059,4.436177791236304
4060,2.4168871871247437
4061,7.535274050301885
4062,4.367509356142923
4063,2.661936217884705
4064,8.091622766245539
4065,5.619069186208584
4066,5.312930734570333
4067,3.0448498959135066
4068,0.7405967074170349
4069,0.9467030804383196
4070,6.143558271647478
4071,6.600234967666134
4072,9.83266194232352
4073,7.221524839739983
4074,1.2187108888520242
4075,5.010194618465568
4076,5.191892609787515
4077,9.64759988788563
4078,0.5714848854602567
4079,3.3220250585898996
4080,1.876723551084198
4081,4.9490420882429556
4082,5.489427594640491
4083,2.748478025450521
4084,4.567651301830549
4085,0.18521661423844332
4086,8.950309912002117
4087,7.340854251532404
4088,9.177536573204192
4089,1.4344829508989168
4090,8.635729315292426
4091,0.4618229794020967
4092,8.519529557563716
4093,1.0849536942822628
4094,7.4717984269837014
4095,6.508312366500148
4096,0.9260401312737331
4097,1.6966631817074882
4098,7.174263101228392
4099,2.9061116713233606
4100,7.819676617570861
4101,6.543878280872332
4102,5.7819992907335855
4103,9.417396068427838
4104,2.7519880353130772
4105,9.936434891700165
4106,8.709499062812522
4107,5.527377023530554
4108,7.565098207763039
4109,9.595832074345909
4110,3.8963074040405377
4111,7.722178326560978
4112,0.9864391041178777
4113,5.312447842728635
4114,5.033189070574366
4115,9.041670637795923
4116,1.1137027158653736
4117,5.100353342545303
4118,4.7588619641863295
4119,6.657149288125068
4120,1.3383522858145036
4121,7.792514844682578
4122,5.618445064564823
4123,6.783013372947286
4124,7.432309423805071
4125,6.883320067809026
4126,3.1898538344695893
4127,0.2654592550012834
4128,1.8636186143909201
4129,6.417330529093999
4130,7.270179032379373
4131,1.704390419801308
4132,2.1800026600998472
4133,3.2376659581149947
4134,6.500321248455344
4135,1.4719006737462474
4136,0.9572333200956386
4137,4.886136978432675
4138,3.121114742707682
4139,5.183451577554829
4140,1.405543215943832
4141,1.542885564594355
4142,7.84861178267515
4143,0.699764549307287
4144,9.982413264365984
4145,5.136956106334582
4146,3.8263277236931623
4147,9.537739849858061
4148,1.6720166595422068
4149,2.3207183836122907
4150,4.521914731826759
4151,0.799772599720153
4152,4.322540665674659
4153,1.2671991830675757
4154,4.821018975160935
4155,4.875105389592805
4156,5.7727905915337505
4157,0.9726824469093924
4158,5.6562601092694065
4159,2.474583027183663
4160,5.089697653594035
4161,2.219142964118516
4162,6.169141962210346
4163,4.643118687948978
4164,6.643056450306258
4165,2.7112846069787473
4166,9.818499689443417
4167,0.7247714181328223
4168,6.137454397790664
4169,5.5735438345059665
4170,1.4537879199609516
4171,7.296423413970787
4172,2.893528416201682
4173,9.25011933971823
4174,0.9779186058984586
4175,8.778713924751594
4176,5.738499923254422
4177,6.5952029223239155
4178,7.11916613404482
4179,8.82897137732855
4180,5.9415932662256195
4181,4.770352123397647
4182,9.333221249575852
4183,3.16002838915355
4184,8.088790756346999
4185,7.092001645867764
4186,6.754618254631243
4187,9.447459479983076
4188,7.304133588029212
4189,8.128220258972958
4190,9.708514442670557
4191,2.302300253557151
4192,0.3340275496046674
4193,8.554875798936495
4194,2.1542424806303626
4195,4.981702325332662
4196,2.455566292878813
4197,3.2176057499512614
4198,0.2925102567755712
4199,3.8800720529801827
4200,2.3670799122854485
4201,1.6773815433563652
4202,3.6654940464828636
4203,0.7773337441497108
4204,9.094507086018677
4205,3.018808700581302
4206,7.5593822012999565
4207,8.692226944123572
4208,6.685869640856381
4209,6.60910463531865
4210,1.5848396919536956
4211,9.960179539313039
4212,5.443160489466319
4213,8.734568351793293
4214,6.383840464611587
4215,7.520581540048258
4216,4.08585195902007
4217,7.260597761923801
4218,9.822473166362252
4219,8.27414913524205
4220,3.3189899216200804
4221,9.58360524613367
4222,5.273044181293292
4223,4.487884216947504
4224,8.494323923646318
4225,5.682449106515374
4226,5.00194605517808
4227,6.356290525793644
4228,5.234071200282367
4229,7.173905705890356
4230,1.0897888820712476
4231,3.366514275768884
4232,1.140181383954805
4233,8.135499182561341
4234,6.559672872894532
4235,1.5487498116475482
4236,3.9730924059781665
4237,5.550539277464716
4238,1.5288981268668278
4239,7.14843796477438
4240,6.3673685412853205
4241,3.7152884385611187
4242,7.830136723742529
4243,5.356732676516548
4244,7.554256766244398
4245,5.624834491616491
4246,7.491365116786328
4247,6.39249076945216
4248,5.803386658342825
4249,8.261084535108235
4250,6.729699175723208
4251,3.1299014758112937
4252,1.115389922015463
4253,4.980675009238392
4254,9.115073733345415
4255,1.1295730632043142
4256,5.524451603831707
4257,2.6662401730980396
4258,4.237268711856227
4259,9.84314958194123
4260,8.826882937154306
4261,9.05297229794844
4262,9.041239203182663
4263,0.2844772307136957
4264,7.988735893582646
4265,3.055669330027945
4266,4.403875643707703
4267,4.308841917206965
4268,5.452567463847687
4269,7.298374918008282
4270,3.646364102911582
4271,0.561070316638523
4272,9.474133296038973
4273,0.8520110212114096
4274,8.264850653836653
4275,7.608777365910185
4276,8.04334158353804
4277,4.040366547723948
4278,6.320607988276754
4279,9.230561390419023
4280,0.9580624806089738
4281,5.501246228453051
4282,1.112264967596322
4283,1.9173950975260996
4284,7.176527571769848
4285,1.4917532986858983
4286,7.438788559361214
4287,3.7863278989675018
4288,6.7229538847764685
4289,3.2879554291323236
4290,6.823554572752709
4291,0.7439772990301767
4292,2.6195489589768925
4293,4.063180151751953
4294,1.7773180484314872
4295,9.72842308505061
4296,2.5034913884879795
4297,6.5041506466160275
4298,0.8682036678139472
4299,4.255058404953501
4300,8.57470220755949
4301,5.840405745886939
4302,5.41106103038215
4303,4.483094622414376
4304,6.856490989017361
4305,2.4921255323271896
4306,0.7581021220749423
4307,7.909651228445827
4308,1.948413902914652
4309,3.4952629193949476
4310,7.846666312615221
4311,4.468177119295622
4312,3.1887317536322217
4313,6.6312472431965555
4314,9.70289855665359
4315,6.624769828975328
4316,2.1813202293762157
4317,2.6333661455827246
4318,2.486214785075702
4319,2.7728216882684564
4320,0.482106392740156
4321,9.966615848055255
4322,1.6894775508801143
4323,8.886236970040395
4324,3.6240878398444076
4325,3.5678742377262838
4326,6.444860432534637
4327,7.886248858081376
4328,2.8471669837079165
4329,9.515340963842506
4330,7.467384032532321
4331,8.859089117547496
4332,6.681154767812567
4333,2.2417629942142145
4334,2.5251409793319928
4335,4.4731062272405815
4336,7.244366022154382
4337,5.625281694668102
4338,9.95788287035293
4339,2.907327837208419
4340,0.3680382278851483
4341,3.65855694593198
4342,9.288525347029212
4343,9.87621451819984
4344,7.075411215318645
4345,3.91478162262965
4346,0.5851386158780166
4347,3.6758823540676664
4348,7.140414667187194
4349,4.062279225037938
4350,3.534921396351729
4351,5.08324235093616
4352,5.297625664034579
4353,4.213452839992714
4354,0.8763175210904027
4355,9.053580921366683
4356,3.1635218638932647
4357,7.044152495910858
4358,0.4580508885700717
4359,8.109063473297848
4360,8.252931737168565
4361,0.8875239145080605
4362,4.15563850410492
4363,3.216933580207198
4364,0.9147705801385723
4365,1.4980448078286686
4366,9.86388802149147
4367,8.6347677236914
4368,1.376168088323219
4369,3.225648038323221
4370,9.612589258226519
4371,0.6531787651843491
4372,5.677881790918604
4373,2.5055085620319733
4374,9.174737803166785
4375,6.712659705331667
4376,3.6905028238329365
4377,9.51555845579975
4378,1.7012874833338423
4379,3.8427290707979886
4380,9.940982878168963
4381,4.177572617102858
4382,1.3036365768886788
4383,7.035437401936292
4384,5.914284044879686
4385,2.725894095671904
4386,2.7343754458403438
4387,0.4996187049943783
4388,4.755873840177773
4389,6.685489024104432
4390,0.6384514960244829
4391,2.2174996438608177
4392,8.854659923461178
4393,9.25623680566019
4394,9.900452056533986
4395,7.374222976629845
4396,3.4476979175504403
4397,8.076159344175977
4398,6.411178096944463
4399,6.408423723810553
4400,5.34325537049686
4401,5.014711576222165
4402,1.7851772540772748
4403,7.746151549646216
4404,1.8090945898316138
4405,9.439935087852982
4406,9.676130921918244
4407,9.84405359203984
4408,7.959853872330678
4409,5.020022145276973
4410,8.263416741087203
4411,1.9065853696341748
4412,1.2914417019071482
4413,5.63450720533834
4414,3.1464217217821937
4415,7.161390730059319
4416,5.491947520514387
4417,7.724245385137395
4418,1.2855435825407988
4419,5.525683975971591
4420,5.577194648568751
4421,1.1742062737107444
4422,9.210143503843089
4423,2.1469240183232148
4424,8.136653387155818
4425,6.478544248605506
4426,4.769036880240694
4427,1.2297742316517368
4428,4.752107412689204
4429,9.120901417448996
4430,0.8218827659545066
4431,8.8298107262176
4432,2.895984348564572
4433,7.565480838138765
4434,1.9880467181988242
4435,9.290854401555494
4436,8.238938704053895
4437,5.950166098945381
4438,6.2651079379881285
4439,5.298200706211375
4440,5.620194174193492
4441,2.556810857884998
4442,7.524991390983698
4443,7.380587470106888
4444,4.518987956266679
4445,5.13459609288706
4446,5.619770113930626
4447,2.349844087151458
4448,2.5521251581341544
4449,8.33574407842837
4450,5.861377078357019
4451,2.955634903514614
4452,2.4890287592013816
4453,6.599518112052276
4454,5.801924367150581
4455,1.3725287565704363
4456,6.611617083131399
4457,8.088389419225356
4458,8.555201259737975
4459,5.966057549930436
4460,6.426153535448014
4461,5.809374975853784
4462,0.6466283015582713
4463,2.9329608276536665
4464,8.606123593454896
4465,0.9842397814076232
4466,1.912080714194056
4467,4.309657449969003
4468,1.5429150220577628
4469,9.70614330393362
4470,5.106998119177692
4471,3.313913558762852
4472,2.0478652276326836
4473,0.39497077865688357
4474,1.118019642053088
4475,6.322185671382783
4476,7.975449898236973
4477,5.04827773470582
4478,6.128498623318403
4479,9.420652794168088
4480,8.967324494673097
4481,0.323119004055586
4482,1.0194766423600838
4483,7.905826124645476
4484,1.9669725767756696
4485,0.5073450680343052
4486,1.320765080832306
4487,6.425539013502679
4488,9.343759367687694
4489,0.3409480615220104
4490,4.855597274468997
4491,1.983676912207217
4492,1.284739561922006
4493,3.502239540697861
4494,4.923212220326436
4495,8.38096239358234
4496,1.36328165356526
4497,3.7158801715813468
4498,5.783007368471058
4499,3.975536474903009
4500,7.782467916295403
4501,8.789217094297317
4502,9.202418954274725
4503,4.495318798890973
4504,9.468027205869936
4505,2.633094494137644
4506,6.131374605918634
4507,6.4361796375059654
4508,2.323213082349613
4509,8.294038737388115
4510,7.681636578663055
4511,8.821547376601318
4512,4.245149202816018
4513,1.3443911411566802
4514,9.739939035285886
4515,2.2991303817103153
4516,7.077791371190582
4517,2.3775048847324927
4518,3.084294087661522
4519,1.8559190318754122
4520,3.6375992561081305
4521,3.5731058493102785
4522,8.866341994473041
4523,9.372418541038886
4524,4.345425573593476
4525,6.241450914839504
4526,0.9594430348576581
4527,4.67928487260948
4528,8.464928776840493
4529,0.49353971567521615
4530,3.9206996627288953
4531,1.479179616185296
4532,4.83912017442251
4533,6.106284392746868
4534,8.342459072596322
4535,2.751571216292031
4536,0.5986905593019682
4537,6.385924981257547
4538,2.8671399275350367
4539,2.182924367909944
4540,4.2877883712446385
4541,0.9453380343680092
4542,8.082362810527567
4543,8.381342825745651
4544,4.788870545069415
4545,5.331729702203351
4546,2.0755843565882945
4547,5.028498287227994
4548,8.861995128048266
4549,7.7200110856861315
4550,1.5575872161313005
4551,8.314648599564379
4552,9.97483422311596
4553,2.687938034262912
4554,9.615560464710718
4555,2.3245672385460927
4556,4.395724785572303
4557,9.203597346604
4558,7.640325053868652
4559,0.5820738373335835
4560,3.0626876952250908
4561,3.4204990178486385
4562,0.8524113721524338
4563,3.3667895725090795
4564,4.829461336238641
4565,1.6618106449158834
4566,6.981250201156313
4567,4.198363093644181
4568,2.333644911925253
4569,8.8093415914712
4570,4.1305770211856965
4571,9.420597790111966
4572,7.39239395616707
4573,9.086752756693327
4574,3.1005719145143162
4575,2.537629421997765
4576,9.434908065728825
4577,6.021657209043054
4578,4.853799712871319
4579,0.9519237888804294
4580,4.693818140599287
4581,5.130180644790823
4582,3.668555151174209
4583,5.11381814670145
4584,4.113206970582445
4585,3.0501660274313753
4586,0.7759360397147773
4587,6.3111818800194
4588,4.968260441330379
4589,8.972067621068991
4590,7.222879280252852
4591,4.600941088510082
4592,2.6346006979836516
4593,8.497163012645206
4594,1.2996628680690325
4595,5.649327098733701
4596,9.814180965362512
4597,8.303689100242714
4598,4.09239002843822
4599,4.597664647606774
4600,1.5267861339863975
4601,9.387653446614916
4602,3.6432423668952856
4603,3.0996073468558083
4604,5.095511701489136
4605,9.929106412238422
4606,1.1218579850588088
4607,2.241310437696944
4608,1.1170350070037522
4609,5.0346212957007275
4610,4.646524702035195
4611,0.135032401570184
4612,2.5815761417374556
4613,9.597012745467026
4614,0.24013068558964173
4615,5.327260561806337
4616,6.230036634895806
4617,6.30824578089976
4618,7.928182989204086
4619,7.038778791349861
4620,5.832140652658619
4621,5.9838497284739445
4622,6.604624405922332
4623,2.057250154992163
4624,1.0030457812922995
4625,6.76346649894657
4626,3.033391443669275
4627,4.108220669390493
4628,7.919286250004491
4629,1.4976732183679302
4630,6.7333558426978435
4631,8.40096359558965
4632,2.313743608044033
4633,9.472697565079523
4634,3.2700388971879306
4635,5.38722145707911
4636,2.3640302838556986
4637,5.229583735509334
4638,5.818969822813069
4639,5.984638563726992
4640,1.3906365095014028
4641,2.695740506413646
4642,5.408744949682957
4643,3.3226290483562333
4644,4.4283989881294215
4645,9.953310972240619
4646,4.980570825638041
4647,0.6942622508970865
4648,0.9190790598495439
4649,4.952753025266953
4650,2.02519194515592
4651,1.4609572109314228
4652,5.53109008505188
4653,6.246699916177169
4654,7.718255878250228
4655,9.93884221660163
4656,2.474215778170828
4657,0.7383849172293644
4658,2.5444182134618214
4659,7.713873748137211
4660,2.1413543121569316
4661,2.970063603858688
4662,7.7019117282495095
4663,9.94091475526137
4664,1.1464618695356994
4665,3.9375971872000544
4666,9.219635942959735
4667,0.5063198544468073
4668,5.617498288200785
4669,1.437089100391866
4670,4.0719523959620245
4671,0.4009948665879156
4672,5.984605502303886
4673,8.749670889725877
4674,4.624293232337558
4675,7.446852535199531
4676,5.484950579271542
4677,9.793086370225495
4678,5.985088440315132
4679,5.125839152483476
4680,4.163859342194766
4681,1.750840910948143
4682,6.86499399064227
4683,5.798184420773342
4684,1.8279089935328923
4685,3.5380147807636777
4686,1.2669938919143502
4687,8.141652912491955
4688,4.183321881620777
4689,6.985145485676941
4690,5.784678637831142
4691,1.9874053943466201
4692,3.993350226462251
4693,3.1862587789084102
4694,4.234335454749629
4695,9.472707458964441
4696,3.065600088972103
4697,3.7972719574657363
4698,2.8147504502260907
4699,7.006445264617271
4700,0.604883578853032
4701,3.0020059057882325
4702,4.413817315039194
4703,7.865914707164562
4704,3.046955601092736
4705,7.059517788841625
4706,7.180468923165774
4707,1.9105079654704396
4708,5.815057212843537
4709,7.915202302072714
4710,7.838882703493607
4711,2.4269935438637025
4712,2.5101814555631323
4713,8.115336517347906
4714,4.4874464306910795
4715,3.404503276908889
4716,5.167975165849978
4717,7.992108659811339
4718,1.0008638804204861
4719,3.3634292026247468
4720,3.3442614388756944
4721,2.168149167970782
4722,7.959531150735621
4723,2.498272013878514
4724,1.97295002553776
4725,3.8635450124954884
4726,3.9310652190845166
4727,6.467734329901603
4728,0.5045382829074221
4729,0.5050360351864853
4730,2.981173735341121
4731,4.211008342667365
4732,7.545334245855198
4733,6.9007810253057755
4734,4.644802939201924
4735,1.7803315452670185
4736,2.782997387082391
4737,4.535268960117944
4738,3.0269921493218868
4739,0.35032844341723646
4740,7.0864839408855795
4741,7.05670659870975
4742,2.016603061586242
4743,7.736957028181942
4744,9.462185404029002
4745,6.039161732385153
4746,0.7464674046329527
4747,7.777289266656084
4748,5.365472390311975
4749,1.6495735846423618
4750,9.824958129262637
4751,7.264639882438417
4752,7.816610123944941
4753,5.627982718629924
4754,2.0261926591718176
4755,1.985870446136737
4756,8.306316029430734
4757,8.080718395389237
4758,1.7002086472967541
4759,0.8240812945074599
4760,6.910301435484502
4761,8.627833618962018
4762,3.740751905497528
4763,7.862524716809402
4764,0.7072617182002958
4765,9.65567818305255
4766,7.303829636815909
4767,6.722786925931695
4768,4.422731447885809
4769,9.864219121309223
4770,6.811629548811909
4771,5.091125405512625
4772,9.209517543947008
4773,5.60543518384081
4774,1.7901212664629227
4775,0.8081676049027428
4776,8.54575160471754
4777,9.887271048080956
4778,2.0427964675225696
4779,7.830581017550423
4780,2.6019445756253003
4781,7.171582163204297
4782,3.1230345445225574
4783,5.6159422468396984
4784,4.717626908814044
4785,6.549532185151936
4786,2.0320495212887857
4787,1.783937619806571
4788,2.7211035360067335
4789,7.708919339834917
4790,7.778652011843944
4791,4.109940446878963
4792,1.5531639638506882
4793,4.218696606474301
4794,0.37164979783092444
4795,8.789670779400824
4796,4.355948208246063
4797,5.83477198242774
4798,8.243755693499386
4799,8.041423446310846
4800,8.90578735054832
4801,4.507215568197495
4802,4.423657519686939
4803,4.419200222947047
4804,7.100661579194848
4805,6.984307405693308
4806,2.2156532584510478
4807,1.9661671326519379
4808,6.645536341558258
4809,3.5761912387694497
4810,8.150743684392735
4811,5.00078291659566
4812,7.691846418883668
4813,7.749435910561879
4814,1.153054909158437
4815,5.78335682548688
4816,9.871865641498875
4817,2.2558640842439477
4818,0.28487392208966394
4819,9.754032380166414
4820,5.342448290418671
4821,4.179255714591991
4822,3.66272685888725
4823,5.693242820873844
4824,2.224699181456679
4825,9.34789428276611
4826,9.097742171649312
4827,6.714576709317671
4828,8.426873772074922
4829,9.2973701312017
4830,6.934522833468468
4831,1.7586396716921533
4832,8.627415037194021
4833,2.972043037666134
4834,2.22306901093814
4835,7.8899524997770385
4836,0.8192183482107619
4837,0.9465073259667952
4838,4.741021744558678
4839,5.551283278291403
4840,8.773273763238485
4841,7.798803193128779
4842,8.021958494021183
4843,2.2731594768437686
4844,9.283143411619147
4845,7.759027874275714
4846,3.17197029780653
4847,0.9257266826109177
4848,4.323364456326604
4849,1.330557408050693
4850,4.3343950399210875
4851,8.769238784407483
4852,3.618881412550024
4853,6.617654706075945
4854,7.66077439367377
4855,6.8027027468206125
4856,4.823914484080925
4857,2.9371614590333732
4858,0.5728429799189971
4859,4.477044060921327
4860,6.99593828384439
4861,6.536580839049854
4862,2.329327275004747
4863,7.393767287916931
4864,7.052746937203687
4865,5.435734823552647
4866,3.61646545727301
4867,9.473936732160595
4868,6.7178865867748225
4869,8.546785986885558
4870,0.7189062521137832
4871,4.408377744504184
4872,4.333265839118124
4873,1.643339675427194
4874,1.3926318652015504
4875,6.209454319782018
4876,7.364019634699724
4877,9.496007435316535
4878,8.385475689416907
4879,5.863773494946505
4880,0.7568173487110147
4881,2.602042913429733
4882,3.3034073276240137
4883,8.4023653673484
4884,9.46786157258989
4885,3.639184918048842
4886,5.10822659468505
4887,8.032473219897707
4888,1.7255017176039311
4889,7.954894401091137
4890,1.7197924298547678
4891,8.676880234025939
4892,4.588588145920845
4893,2.907510775164128
4894,8.647796953357338
4895,4.144905712204157
4896,4.862568698932877
4897,9.907969214140829
4898,6.538962305164389
4899,1.453582408300403
4900,1.564916474470127
4901,8.286802691140295
4902,9.905819647346574
4903,8.884317716926565
4904,9.796831348789938
4905,8.156168526834147
4906,5.447368051193079
4907,9.560786994354064
4908,3.032032309200489
4909,2.5815828747671294
4910,5.326873672050289
4911,7.3815858556930225
4912,9.003721212052051
4913,6.347404972780857
4914,4.681526705814202
4915,6.272269405211769
4916,5.1747615863194625
4917,5.171367768207492
4918,8.192167465961209
4919,5.217939148137077
4920,0.42352950707522163
4921,6.891758001699607
4922,8.106898335012385
4923,2.436263510486865
4924,4.0039201462939245
4925,0.21269889972069056
4926,3.179926900941614
4927,8.755952252259219
4928,9.933644927069205
4929,9.852656327734149
4930,5.33474731234183
4931,9.849075117672262
4932,3.1473575514582928
4933,1.5614640246244393
4934,4.537326896150653
4935,2.677303160475069
4936,0.9509326215296707
4937,5.024948391321628
4938,0.1825148196917349
4939,6.046797384136338
4940,4.244065639438179
4941,3.882116971460952
4942,5.409829963298004
4943,2.5341784140529326
4944,9.622984422892207
4945,0.2252479087876885
4946,8.514116807654844
4947,7.0706021386730935
4948,0.6154536401245875
4949,2.307705804566705
4950,9.39058417419876
4951,8.913874218566926
4952,3.065292393713128
4953,0.5513499880363134
4954,1.0064337401332266
4955,5.810108576476455
4956,8.827874160634899
4957,1.3192004509741342
4958,5.331496502582674
4959,7.306152023040416
4960,8.368118745201729
4961,3.973351102928667
4962,4.894233525101454
4963,7.70463177549442
4964,4.934704741955163
4965,2.802505351313839
4966,7.100432763904206
4967,3.4200741559598633
4968,3.243282546052521
4969,0.4008103788822802
4970,0.2827218648482168
4971,0.761788732917454
4972,1.445125152345948
4973,0.3656413058908833
4974,7.3625219395519155
4975,7.3464455456854525
4976,2.0716564961311343
4977,1.9240535314188998
4978,8.577495612194664
4979,9.609804440453075
4980,2.9127670976109723
4981,0.3465130727160058
4982,6.011670492565538
4983,9.073105307316093
4984,7.979561011034323
4985,1.7468009979832515
4986,1.2535238264075224
4987,4.137563325151345
4988,1.1942887860646694
4989,2.951246584998179
4990,1.744312813249652
4991,9.92821787424762
4992,0.6891480418402237
4993,1.9232200201827943
4994,4.713253208039559
4995,4.315973892466928
4996,1.0155773634528882
4997,2.152766488387041
4998,8.95818134597617
4999,1.4074080561001763
5000,8.80922324435626
5001,8.523934358291555
5002,6.441142861840405
5003,8.262631301246063
5004,9.408393098376662
5005,6.505352495593965
5006,9.217265571345713
5007,7.025503590485143
5008,3.5111657586187204
5009,7.4545637120035835
5010,9.169249864379402
5011,0.6445429727166281
5012,0.727620629384836
5013,0.5542352713775689
5014,5.301364890207813
5015,5.759791816711053
5016,6.213678438591683
5017,6.378636220225847
5018,0.373606989380744
5019,8.842596015091843
5020,1.4456212959143642
5021,9.949076177589893
5022,0.3044098416381044
5023,6.065187738110756
5024,7.9808520268214025
5025,4.4638141847472825
5026,9.633493197132774
5027,2.3372742012684267
5028,2.7658257042430674
5029,6.496591414143434
5030,4.945896700416831
5031,4.587730582014073
5032,2.8047637542140045
5033,9.418887052499986
5034,0.35204573920308946
5035,7.090788323557195
5036,9.127216534975577
5037,0.25516262960537267
5038,5.183533344002225
5039,5.9545968051570926
5040,8.381626769650413
5041,5.959365505685972
5042,3.5731877011769346
5043,2.5139808443689167
5044,5.00605509616691
5045,1.4032980461141862
5046,4.6377218971570855
5047,3.839911190368388
5048,5.112164093134297
5049,7.310745333043694
5050,5.978499611493636
5051,8.053505231632121
5052,1.0086174735834288
5053,5.965655507620843
5054,4.907327377460911
5055,6.136953005854115
5056,0.49482119041756056
5057,7.742463513292146
5058,7.848489063193894
5059,4.876057558922336
5060,6.568027107886044
5061,6.390017450909451
5062,3.310691846819299
5063,0.7820344852546388
5064,7.495774454672521
5065,3.9868097958912063
5066,8.318201830090965
5067,9.57004838410573
5068,3.0047534722408598
5069,8.158876807743425
5070,8.532518280300048
5071,0.989533257271343
5072,7.856524389801497
5073,2.354326301807787
5074,2.351425610871187
5075,2.069128341925254
5076,7.943270434787391
5077,0.24993451140547782
5078,2.623412941649698
5079,7.529112749656185
5080,9.73302887261792
5081,0.6947348794719898
5082,5.663394462091074
5083,3.404527187578972
5084,4.171948272004564
5085,9.720556940394768
5086,0.38348629362108433
5087,0.9059236504446273
5088,8.918353665180383
5089,4.988868448429362
5090,0.4408869987677245
5091,3.7190203870870944
5092,2.912950338500263
5093,4.989594890956862
5094,4.735975054770853
5095,1.9118563056912272
5096,2.6486434144303246
5097,9.194390832079762
5098,0.8260098973041606
5099,7.333916640103102
5100,0.3356964575630595
5101,6.9893539940561835
5102,6.075418410384398
5103,1.1796418898276835
5104,8.336907865423061
5105,0.12704717337143345
5106,7.757587329835551
5107,1.354090817848264
5108,6.840570744581873
5109,3.782204635283571
5110,0.9775546545713077
5111,9.040667060528724
5112,2.63972824416233
5113,6.024490312238785
5114,3.3023923936083825
5115,9.987090075695876
5116,9.421191182654354
5117,2.929993776074785
5118,0.45443875373534326
5119,6.9821443703349315
5120,8.374853307544749
5121,0.848330709192447
5122,9.500753756489575
5123,2.073614600935988
5124,4.431232946635343
5125,1.4437032039655289
5126,3.2536045820844053
5127,1.2306025449362838
5128,2.473912189675473
5129,6.409483851572246
5130,8.984268140681928
5131,7.981111532457729
5132,4.724010493659387
5133,7.598150676825856
5134,8.872049744225604
5135,9.864134743476708
5136,3.0562672250763816
5137,2.8306510716908475
5138,4.113865659599945
5139,3.567103294330966
5140,9.173868221454223
5141,3.8814609955964663
5142,6.3931078374612555
5143,0.20325318916761864
5144,7.246233584658827
5145,8.891251601202436
5146,0.313421594274918
5147,6.798917417545708
5148,2.654197458311901
5149,4.095604719779806
5150,6.617551253926022
5151,0.16885743640381323
5152,9.504837709391238
5153,8.747933801199016
5154,6.523913994666051
5155,4.046260486057657
5156,9.82174986648077
5157,3.261433542368843
5158,6.55485145758089
5159,6.156876950995958
5160,6.371679351022192
5161,3.707312868533381
5162,8.323834445058742
5163,9.778800466705398
5164,5.037080706381115
5165,9.895257326721618
5166,4.053606460232688
5167,2.035690367086674
5168,3.9085977180656846
5169,6.496027386466824
5170,8.36841971792079
5171,4.190395483814403
5172,8.832602895486252
5173,8.9043554185579
5174,1.473902201458002
5175,8.45686394175425
5176,4.846697886490468
5177,6.474745782322809
5178,0.44495486227370584
5179,7.583249356712944
5180,4.138739511255377
5181,1.3365915280110618
5182,5.104075507261298
5183,1.8612422873028285
5184,0.2462306295763655
5185,0.8464395949522917
5186,8.16614408970936
5187,4.111192535046204
5188,6.200162728237269
5189,8.47640071245877
5190,9.798124103816077
5191,1.1741336661105382
5192,3.355724270527732
5193,7.413337489477105
5194,1.6601176234582387
5195,0.9670661889283932
5196,0.26651999810359944
5197,5.611156934711645
5198,6.111922672927559
5199,4.117772258273142
5200,5.700941614239057
5201,6.174607049965833
5202,3.6494353960547206
5203,4.40988337870945
5204,1.1185403589287972
5205,4.287785384215487
5206,4.394252508335459
5207,2.9783416623042513
5208,1.1221428193636762
5209,9.246776204397113
5210,6.680596876789851
5211,9.640858930925182
5212,7.301139087321285
5213,1.1034059440258572
5214,9.269127646185574
5215,7.302994411932635
5216,8.753582476357144
5217,8.409102362486822
5218,9.17715049208209
5219,0.6511542219879448
5220,5.315238569173746
5221,7.267825469210257
5222,4.258063272240835
5223,9.437160318518385
5224,9.801147941465539
5225,4.632796138568504
5226,2.685776802486509
5227,2.6507837651318575
5228,9.403315636402263
5229,0.3373434996482908
5230,0.33316257073578087
5231,9.3187426878699
5232,6.099324936861108
5233,3.8881530020490755
5234,6.528233579363472
5235,9.692558226518168
5236,5.507230193290267
5237,5.776206672390515
5238,0.36263892421827104
5239,2.66373345670224
5240,5.3848349018437895
5241,7.07447899720056
5242,2.1506344223006546
5243,0.499664727019947
5244,7.0305697297116705
5245,9.819947357525827
5246,9.159564050391397
5247,0.8925420130956684
5248,3.9584084021151997
5249,2.7310167637204956
5250,4.132344060201822
5251,4.57787952430042
5252,5.8075363587934845
5253,7.322244907861286
5254,0.6810546020556877
5255,3.5849524782145923
5256,1.3920095181315315
5257,6.644580340851933
5258,8.422418590546416
5259,5.265685156281476
5260,6.6104962877943025
5261,2.598219497935233
5262,1.1721940862793059
5263,8.8466232961674
5264,0.48540212722566967
5265,6.243279542043486
5266,8.194984139913172
5267,1.9527568415216718
5268,8.116846498131002
5269,3.3688389493071296
5270,9.740408724282394
5271,1.1334229377888843
5272,5.753766269469377
5273,1.3181194283633741
5274,9.878265609895774
5275,8.537483345200645
5276,4.414976076697537
5277,3.0265546794172153
5278,1.104837838538443
5279,7.94868156298342
5280,5.033861856863456
5281,7.037591195056076
5282,9.53058064104636
5283,4.241183406488226
5284,4.293107680957978
5285,0.42416466120846696
5286,3.1743713576303327
5287,1.6150650377614406
5288,7.030928731116859
5289,9.475035001264974
5290,2.659394995904252
5291,0.8284924881350159
5292,7.167192483053655
5293,4.057923546212147
5294,0.5555671187094943
5295,1.4328779208012576
5296,3.664569897530534
5297,3.4969100149369803
5298,0.898953114743049
5299,0.17206675650283926
5300,0.40175830528506895
5301,0.19235139879408486
5302,4.30102605806924
5303,4.497334190225401
5304,6.190370845992084
5305,0.9113514342963094
5306,6.090850460049966
5307,7.353712126438609
5308,2.031476555314185
5309,1.7912957056918002
5310,6.299661378281379
5311,1.0961033904886963
5312,9.556633314454634
5313,3.6417244347741926
5314,4.811636487745063
5315,7.898253202400142
5316,1.6236519495780928
5317,0.7722145499008943
5318,7.720054958177737
5319,5.767353718306495
5320,5.873123260098291
5321,1.6193970754663265
5322,6.6904143196992365
5323,9.107621897061751
5324,1.8807311893207357
5325,5.250663633196068
5326,8.134939744800011
5327,6.250976311732633
5328,1.264537032849695
5329,1.0170554452339895
5330,5.91438033940003
5331,7.457491227909845
5332,1.4551791328734063
5333,3.916547571361929
5334,7.579130726380469
5335,2.996370746053892
5336,1.9794997827991434
5337,5.11697971242208
5338,9.668727134568742
5339,6.894587850066625
5340,9.378135276195758
5341,9.597361520770507
5342,3.287495453171919
5343,8.554652164452849
5344,4.826885613307876
5345,5.538242452292082
5346,3.7300691837438955
5347,6.532549677118215
5348,8.459662876451816
5349,6.811443805399278
5350,8.121495756964196
5351,4.134054226816558
5352,7.3517663830385835
5353,4.802225055667252
5354,5.605296694840146
5355,1.8889236645470378
5356,4.473113185223643
5357,3.392960239420105
5358,7.496352744931635
5359,6.804496490955228
5360,7.580834150607369
5361,0.2761354589439957
5362,7.676759009969306
5363,6.103734386191295
5364,7.360449396323502
5365,5.375349091968717
5366,9.189401822016876
5367,8.11859108489343
5368,4.489591614440232
5369,2.828003413261701
5370,6.37858274496504
5371,7.309837464046028
5372,8.947792935476093
5373,5.3273201515140975
5374,4.110152683657633
5375,5.802442525197665
5376,0.4816089587503507
5377,2.333610138814864
5378,4.580669508400335
5379,9.479856334201662
5380,7.671379495161277
5381,1.2430423754438356
5382,1.7922537207228277
5383,0.4088159905434643
5384,2.801264808766032
5385,2.7222578851751718
5386,0.5503771975065301
5387,3.3963315705881003
5388,0.24789556048250178
5389,2.237771180470524
5390,0.5437967499834667
5391,3.7158265682834255
5392,7.688809955672289
5393,9.88958665802847
5394,0.9866043404198258
5395,3.8433028245376217
5396,0.3148133542498587
5397,1.2012439612891825
5398,6.398777599834584
5399,9.942123596048175
5400,6.815771780966813
5401,7.361670335750737
5402,4.735075210161786
5403,3.256164034172435
5404,6.8334434121314045
5405,3.93578469253925
5406,1.6159916585355738
5407,4.325358166597417
5408,2.98416848801042
5409,9.176333069150033
5410,5.410371467417235
5411,7.011549857570088
5412,9.539703483629546
5413,7.1662912778650965
5414,1.5512380641026886
5415,8.692679083120682
5416,0.6180357900496264
5417,7.210221474556326
5418,6.030816964542747
5419,7.028301667856063
5420,6.133416379072273
5421,4.463977531485797
5422,6.9309261590673525
5423,5.588963566884091
5424,6.531794136878006
5425,0.8075574752054636
5426,8.854658179997037
5427,6.6161313896823595
5428,1.2017535403248125
5429,7.292305477263797
5430,2.1466272989258393
5431,4.8343375570734235
5432,8.11877278163121
5433,5.27938473238217
5434,7.046080670289554
5435,6.6850237842575915
5436,5.945617922875196
5437,7.72922612768479
5438,8.045599906702222
5439,5.146945157094003
5440,0.2822366617965574
5441,9.247527734995344
5442,4.539757584261325
5443,0.7372149283381928
5444,1.4608363861640592
5445,5.398140450033169
5446,0.5987298855292842
5447,7.750559552721378
5448,2.93803844565256
5449,0.6643841619637355
5450,0.7120757640101258
5451,0.6544974049171285
5452,4.1901235854169405
5453,0.27029656443928585
5454,0.1918034251947637
5455,8.129475478870756
5456,4.420256528535915
5457,5.634624184469366
5458,3.642128009469177
5459,0.8024361764561155
5460,1.8649772571140273
5461,5.568451136423303
5462,3.7974258409521053
5463,9.706999479673575
5464,3.962845710858839
5465,9.960845242154045
5466,7.180500659074323
5467,6.274994928783907
5468,6.885237317203446
5469,3.516935985601764
5470,4.652856542042805
5471,8.609971162252798
5472,2.174009057062834
5473,2.4474656510490362
5474,2.801755614608681
5475,2.856596926194684
5476,5.065898063319635
5477,3.585634059495246
5478,2.023954251906806
5479,1.4428001313959806
5480,8.057402066953212
5481,5.472157288200659
5482,8.383396791889602
5483,5.995913617478851
5484,0.35655793109823486
5485,6.491160054053027
5486,5.198166298159748
5487,3.806064383466106
5488,5.063655784913224
5489,0.9147213199832689
5490,5.345085743839086
5491,7.013687622498662
5492,8.987496587345122
5493,0.1805156769081877
5494,5.8654758701681295
5495,7.556878584242278
5496,6.50007337443088
5497,4.455458374987789
5498,1.2664912765038179
5499,1.9610120407546814
5500,8.828392239196749
5501,6.925317866303709
5502,7.231269345057371
5503,0.7351352372656214
5504,4.476234141810476
5505,8.843732358692838
5506,1.5108189516143984
5507,8.745749149510061
5508,9.400160430119099
5509,8.175131825686666
5510,1.2526017197260562
5511,2.91415727412508
5512,6.942275230157902
5513,9.738443524907154
5514,2.258723077039039
5515,5.004494299224082
5516,6.5467367131200005
5517,5.971115543577844
5518,0.3096958559821663
5519,1.44927667923572
5520,1.407779607272567
5521,7.673904920246803
5522,1.429010646942603
5523,2.498169972604594
5524,6.133933470935734
5525,1.8629201209876396
5526,1.7220745325032127
5527,0.7132983755912186
5528,8.537927816918028
5529,0.6296937001349217
5530,8.96384489083292
5531,3.442548992454522
5532,2.4762877997675306
5533,5.981413423469291
5534,9.177474137787609
5535,3.0935648168534025
5536,5.685360246739918
5537,7.194217582183806
5538,1.701895529574386
5539,4.928906771301115
5540,5.242742086880491
5541,8.452813663378963
5542,0.18659164171225487
5543,0.5879439065643228
5544,2.8374867295793553
5545,0.16887814448731212
5546,0.4710636060030051
5547,2.9565128540531083
5548,5.443985031820284
5549,2.6277012623081104
5550,8.884303465620706
5551,2.382449711092305
5552,0.8587002409719406
5553,3.37789663632336
5554,7.547229749458333
5555,7.698562754196527
5556,7.712012372653685
5557,1.0324839399688628
5558,4.323266034316657
5559,4.567422824081919
5560,8.056585381122959
5561,3.76841817146792
5562,1.6087116239271282
5563,6.46063400879823
5564,6.535138933606593
5565,5.417788543943873
5566,9.755705985218516
5567,2.024848901047558
5568,5.360474498147834
5569,1.3183102300030098
5570,1.6518011057323831
5571,5.598729862247364
5572,7.42072238906014
5573,0.6090318948845378
5574,8.553176086392858
5575,8.20794833872197
5576,8.834794959824888
5577,5.6239265718612526
5578,9.788801069646375
5579,5.932107600862025
5580,1.9667474071730309
5581,8.777143860665225
5582,9.54254035555581
5583,8.774549708998677
5584,4.890621799437496
5585,6.326555785486875
5586,8.167912027417037
5587,1.3175772573913342
5588,5.42003845436887
5589,0.35059354368949136
5590,4.612622343352744
5591,3.2736085875216503
5592,9.718144229567407
5593,0.17081938838528055
5594,9.885643859836124
5595,3.2739674258019926
5596,8.866146562850139
5597,6.508032030826592
5598,1.4836276819803695
5599,7.85808897998695
5600,3.0934179852155017
5601,1.3392755075541607
5602,6.778179459724972
5603,5.9867972636724796
5604,2.682165128745785
5605,0.11793015956520302
5606,5.221127141686544
5607,3.1955579057000376
5608,3.671080176588168
5609,2.2150247594210932
5610,3.483723122751929
5611,3.3514027668988295
5612,3.562440122692665
5613,2.886055519942212
5614,1.4100761651655882
5615,2.2462745174431564
5616,2.508005310111823
5617,8.790548524211362
5618,7.52137149614907
5619,8.104103191864704
5620,3.521378023692276
5621,6.794808535990345
5622,0.364156084113344
5623,5.815889835028762
5624,6.218529744141581
5625,3.7325353888832637
5626,2.266400922964618
5627,4.134958495207471
5628,7.96192474076411
5629,8.046223207611762
5630,1.2605092015180903
5631,4.30613589756913
5632,8.065015878127861
5633,1.4603521793077892
5634,7.046338085241822
5635,9.272726244002971
5636,8.95737099990247
5637,3.831167717434821
5638,2.1569624242074625
5639,6.136149486559983
5640,2.3768545332504996
5641,6.062851682669981
5642,8.437445096969457
5643,6.143814556301198
5644,0.3745531865401942
5645,5.2804718474250025
5646,2.073143894270003
5647,4.059602303968991
5648,5.132402113145302
5649,2.2639115847063276
5650,6.680083731759522
5651,1.6066230359084037
5652,1.5002075569326858
5653,8.973302549063137
5654,6.226860152509029
5655,4.233301462974892
5656,3.277811873231909
5657,4.926468547963733
5658,9.209834419950148
5659,7.280561952298258
5660,5.998771880441826
5661,9.608031704021176
5662,0.5190467282409577
5663,8.631124749795235
5664,0.4117880624093275
5665,6.533673567044679
5666,7.7646300667740515
5667,3.1833922632470495
5668,8.03041270205534
5669,1.4479480524465305
5670,9.54491183964318
5671,8.822730023850932
5672,9.662300121917731
5673,4.975496606037973
5674,0.47397790360175696
5675,4.7084329880560665
5676,2.899389348732698
5677,2.5207861973470806
5678,7.320313291964655
5679,3.6273675758141573
5680,9.57904548158906
5681,1.2094822351548233
5682,2.1833596057548617
5683,9.686486156205916
5684,2.0000437433275104
5685,9.924681867072264
5686,8.97869913129354
5687,3.629869076041669
5688,6.4407440851894595
5689,7.655662433818983
5690,6.6373124266239705
5691,2.6348625746535226
5692,7.7877468396043925
5693,0.3335239466708791
5694,2.149365222937613
5695,9.708168548181606
5696,4.776953321103326
5697,3.986105221775846
5698,9.793156844610063
5699,9.561610592016052
5700,7.180003597790778
5701,1.2709675584939732
5702,2.2831751031101506
5703,9.725341518758196
5704,6.125699183656192
5705,0.9374847901653607
5706,6.929571130066853
5707,5.090161583567404
5708,3.090359131023519
5709,6.486929627860132
5710,3.9460459665150442
5711,1.7454056693922306
5712,8.663379573561592
5713,5.956916816671345
5714,0.5967316751042359
5715,9.94245239173163
5716,9.394435883894955
5717,8.46878000997574
5718,1.1115754402581302
5719,6.090826531669883
5720,0.7661563410894381
5721,5.083052407765901
5722,4.585897094660003
5723,5.377442629082094
5724,4.442930987430029
5725,9.652328945240209
5726,8.931858505351322
5727,8.595739434084736
5728,8.560708744165828
5729,9.705202827972805
5730,8.756066263975894
5731,7.16587698977162
5732,2.2697880062804954
5733,9.343303103244867
5734,7.440742585197098
5735,4.92013603265606
5736,4.47613943118961
5737,0.9051353361447164
5738,4.088633896198119
5739,4.924548903841217
5740,7.862672428990288
5741,0.766616860034376
5742,9.88200766934714
5743,4.192651061263707
5744,6.79653949953636
5745,3.9846363126606996
5746,6.73094339599086
5747,0.8988150200041282
5748,4.448724537029788
5749,8.60036082423297
5750,7.703276828608451
5751,7.2878987890632745
5752,4.91151236375859
5753,5.736927432388068
5754,8.73535344945403
5755,0.6928868640677536
5756,5.099628089536263
5757,9.28936571073464
5758,8.649132163279106
5759,7.485664439353289
5760,7.457915967392841
5761,9.164839940429946
5762,7.390031199107344
5763,9.998113242657825
5764,5.0309051359064725
5765,5.440933328615248
5766,7.836186941791972
5767,8.67896214552492
5768,3.5291348928946626
5769,8.723947907690954
5770,7.457638188775785
5771,6.05226821528922
5772,0.8409258280807196
5773,6.516238034346207
5774,7.254605564515851
5775,9.895556386674595
5776,4.085884462735347
5777,3.082163375607796
5778,9.434503998997382
5779,0.11004910717064535
5780,2.7260561870764244
5781,2.1357230213373963
5782,1.7621383640980885
5783,3.2434472795022864
5784,0.5459949079847356
5785,0.35962799260118294
5786,3.6327573597161225
5787,6.754739683800366
5788,2.6303928795565277
5789,6.709895272130158
5790,5.612543606877962
5791,6.704938842807819
5792,5.181218248398119
5793,4.825640639171138
5794,1.6060351364124676
5795,6.969139114634191
5796,9.254903626494889
5797,1.9132593527038957
5798,1.960740289827184
5799,1.1059166326030678
5800,3.427653821305922
5801,3.323496204259552
5802,2.9848973911860277
5803,6.079641318395747
5804,0.7508725590471543
5805,4.366296253205796
5806,1.6250181018868652
5807,3.43993450930098
5808,0.8333262866265004
5809,1.7724430357804979
5810,8.952681299569969
5811,5.93627498287986
5812,8.458768931859872
5813,6.989215456351466
5814,3.7212980512519884
5815,6.1659107719315465
5816,9.993705375220785
5817,2.845039341366592
5818,9.898531002534911
5819,5.118155846241551
5820,4.179714062515253
5821,0.8921033167633585
5822,7.92037913283671
5823,9.92566773769497
5824,6.867705062438077
5825,2.363066972500805
5826,8.39324156003893
5827,3.6522257654051318
5828,8.678812960158496
5829,5.028888431642959
5830,3.95009541219002
5831,6.230880666444779
5832,8.182430188997968
5833,8.759626793366548
5834,1.166652474897253
5835,3.0976846007762093
5836,5.127668004803124
5837,5.605030698275278
5838,9.48240371933683
5839,9.045497204692746
5840,0.7959475023955825
5841,9.546932401918829
5842,2.0397774786407323
5843,1.6973145276432566
5844,6.274376795511225
5845,8.655251429281702
5846,8.2460946303307
5847,4.149439492511237
5848,7.66780981517639
5849,4.701892321434806
5850,4.6598481073873295
5851,9.037806389784125
5852,2.8999471185578067
5853,7.51461279770231
5854,6.516755989560433
5855,7.603498980027237
5856,5.874904737113773
5857,6.814619265234588
5858,3.1739444620887935
5859,2.000781979982687
5860,7.17907873751075
5861,0.7090279577305192
5862,8.873955504892649
5863,5.588719018101003
5864,0.632553962197221
5865,0.6556884101608573
5866,9.411569435853684
5867,9.28249005491848
5868,8.558454344103573
5869,4.102176215717277
5870,4.856502573983186
5871,9.10603656314202
5872,9.415053593315802
5873,7.09513849904469
5874,0.7264939220988686
5875,4.653106097435438
5876,7.689004799142061
5877,7.950966593780005
5878,4.087628757315253
5879,4.368809037655898
5880,6.880647848772746
5881,1.1740914678403334
5882,5.287938715034246
5883,0.6139194699809244
5884,3.0560332043108334
5885,8.214449836229612
5886,3.4873044173282395
5887,2.4596469433294357
5888,8.954392856127734
5889,2.48215573564414
5890,6.781734786252972
5891,8.255274049140246
5892,1.3358725610356288
5893,8.140147908576642
5894,2.386481383019592
5895,6.832107791257384
5896,7.979284179792725
5897,7.956082230596537
5898,5.981220994342724
5899,4.123710764902216
5900,6.391646357232725
5901,8.73246337378265
5902,1.8548956217838
5903,0.3224794698201353
5904,8.704786065435089
5905,8.152808810223455
5906,3.647650904784961
5907,5.109034508913373
5908,0.6888637693852494
5909,3.2777414976649686
5910,0.492051676919777
5911,0.33339693533722636
5912,9.506000570116399
5913,5.7760969048113315
5914,4.812120990854406
5915,3.6186347846638913
5916,1.6170224778267057
5917,5.000462819133617
5918,2.8033424481723284
5919,9.241902569531572
5920,3.441200151915772
5921,9.475697433476185
5922,5.008303615653394
5923,7.680773656308887
5924,5.148710314796305
5925,4.615403938818457
5926,1.9392791169430121
5927,5.260082078428876
5928,9.247511295479187
5929,0.7576261372949161
5930,4.576753618601917
5931,4.639726932497381
5932,2.2024389978060643
5933,9.923976316590485
5934,0.1629554555699927
5935,0.13185082631748557
5936,2.7452642196378796
5937,8.89585273275001
5938,9.259167153454465
5939,4.397348170280357
5940,6.235009973393734
5941,0.36033819449644267
5942,3.175726453366439
5943,3.128588641965056
5944,2.459106186199857
5945,1.0000580239664059
5946,7.628301113864579
5947,9.349315994901891
5948,5.981925592296906
5949,6.713447810083602
5950,0.8038017524112826
5951,2.1912294716238776
5952,6.956269936720888
5953,8.968217172308702
5954,8.9783134999234
5955,6.377392638981033
5956,7.431297475554195
5957,1.617459808282997
5958,3.629723529903961
5959,9.893765803529229
5960,4.979646500314405
5961,9.48775577781649
5962,7.4179408274930445
5963,3.2797942367555675
5964,7.2305004337867205
5965,4.498616749085942
5966,0.9197879697688839
5967,1.0754250709506203
5968,2.380060616862332
5969,0.40392152424546734
5970,0.4252258191003637
5971,3.3330897960727857
5972,0.19887195982275402
5973,0.9920691667783637
5974,3.8242161979160265
5975,7.132126755401539
5976,5.894620919828502
5977,9.259272069296976
5978,6.030431911530475
5979,6.686809931591528
5980,0.4935542760058116
5981,8.580408960043057
5982,3.7256612740722375
5983,8.694174945694751
5984,6.917792002194105
5985,2.8892461688014923
5986,7.647059187697559
5987,8.421085752395687
5988,6.898028916657683
5989,5.056670408432349
5990,9.7718405641112
5991,8.335591944807412
5992,7.50877653498906
5993,4.7284754999303065
5994,4.0725923863825315
5995,9.980692228686141
5996,6.026432657391099
5997,4.4151747290890215
5998,9.30691336566342
5999,6.398015796255341
6000,4.680976984468964
6001,4.432480505193559
6002,1.7398945873653822
6003,3.3913599873918203
6004,4.823139593349226
6005,2.6784560049054917
6006,4.696315828948256
6007,5.670054779370658
6008,1.6158255630744847
6009,5.3752420710402085
6010,4.463810808353366
6011,8.916573968407091
6012,7.38944268826046
6013,2.188490141896702
6014,2.2147521020310994
6015,4.981394587668446
6016,8.137179803972284
6017,9.853151796085198
6018,4.051055992638162
6019,9.159169807175934
6020,0.2518273254434388
6021,0.7320516392962417
6022,1.1559814449646217
6023,7.04519125656419
6024,8.770585653430148
6025,4.503771988718993
6026,7.097149034931933
6027,3.7870412760050844
6028,8.734723603862864
6029,6.218858890342133
6030,5.46322842044772
6031,3.116269095262575
6032,3.5700830252501996
6033,7.564108941639881
6034,7.668022294262351
6035,0.5738800273304382
6036,4.824410125113553
6037,7.810830368398771
6038,9.60909274638913
6039,2.980208938654048
6040,4.698364711476665
6041,3.3983402511815313
6042,4.131671524000534
6043,0.9789516568738266
6044,3.1495541584117777
6045,0.7454855274940191
6046,5.694650698607083
6047,3.1861960980251776
6048,2.724366424060712
6049,6.5549835383413955
6050,4.375352207298537
6051,0.6022957993073313
6052,9.524033213236544
6053,0.6693801416622497
6054,9.896494622796627
6055,1.6298510569003213
6056,7.113959940680609
6057,1.510225292508417
6058,1.917686932696548
6059,8.802299750971367
6060,1.5473109479651457
6061,1.792736717071205
6062,0.6420311649934909
6063,0.19350583657169618
6064,8.866735498256128
6065,4.287543734673029
6066,5.90852042413519
6067,1.0423617697998124
6068,2.066269950845233
6069,5.533051548847334
6070,4.552549084214744
6071,2.1672275073166767
6072,4.659174160996091
6073,8.09003487412216
6074,3.5874847432621686
6075,9.122121551657992
6076,8.924323441688145
6077,7.393138519233941
6078,2.7604204411768873
6079,7.780486084002873
6080,2.822160320054737
6081,9.763586487147395
6082,7.869808903747101
6083,9.656206206281096
6084,9.956552894203861
6085,4.385798702627672
6086,7.655758440199637
6087,2.8972485692547
6088,8.30035013209281
6089,0.6447505954883616
6090,0.9244245248318259
6091,1.4364291851939122
6092,5.680152086946786
6093,2.0463948416947755
6094,6.1762163784384665
6095,3.882357409071123
6096,7.930281741483919
6097,0.7698504653769526
6098,8.523859092547752
6099,2.316843379808135
6100,2.124658913749888
6101,7.100226802614928
6102,9.620202573645923
6103,2.83441001356068
6104,3.0293774768749286
6105,3.6421361326145654
6106,6.619026474532366
6107,2.0247619909677796
6108,2.5110581241395877
6109,6.078100947882943
6110,7.807430506631222
6111,7.511851577539561
6112,9.628221730077122
6113,0.5625515751517075
6114,2.4154304393830355
6115,1.4517241266263092
6116,8.851485999430887
6117,4.772059821826649
6118,5.990549277812963
6119,1.9460080766429588
6120,5.097861195345747
6121,7.6473341983060354
6122,3.708095629108115
6123,7.961131461521899
6124,3.974961484117243
6125,1.9764993890456228
6126,3.677179759967606
6127,2.086895200095723
6128,4.203572475323369
6129,2.5817518144900458
6130,4.302999416140271
6131,6.435393690604578
6132,7.706098618144638
6133,3.1064892507172384
6134,9.06030129441742
6135,3.9484080526605507
6136,8.922631436389725
6137,2.548168017144383
6138,3.276041852330753
6139,0.38904453503722003
6140,7.973903766549489
6141,2.956647498313079
6142,7.314804505401151
6143,5.345967733883702
6144,4.4536519004202475
6145,8.923722346658778
6146,0.7604759482822263
6147,0.44783126218255553
6148,0.22930613668481786
6149,4.328883341900191
6150,9.610066218092014
6151,3.6591044638966026
6152,6.141460625778861
6153,0.501775568962119
6154,9.81583765934023
6155,8.228554301548094
6156,1.2410017572160883
6157,0.10516470582856116
6158,6.307585932872174
6159,3.1283709083063167
6160,2.1473369180905046
6161,4.999784015249587
6162,5.644661857866096
6163,0.5360076076082283
6164,8.040836293112186
6165,5.1110332059139765
6166,2.863198942980126
6167,0.7445187462385684
6168,7.823963729301999
6169,2.2766648333190727
6170,8.779189093986416
6171,1.0479066087564353
6172,8.818011553587157
6173,9.364377760965015
6174,7.531132939371532
6175,1.6405677767130618
6176,5.162838994417796
6177,3.2142364333783076
6178,2.6845312763442264
6179,2.4212722978147343
6180,9.020012329546265
6181,9.40605397989775
6182,3.6323271812427533
6183,1.775570526216852
6184,8.41615572688043
6185,5.436206848421805
6186,6.138287878316613
6187,8.987840146558629
6188,2.1250511875283604
6189,5.5517416042053
6190,1.2744625306391302
6191,4.670001242443522
6192,4.743986071124225
6193,5.182205402783984
6194,4.969299999988192
6195,3.3072596627015733
6196,5.9472994282112905
6197,5.073751619838748
6198,3.104801888722781
6199,6.549978553891835
6200,3.78663659564728
6201,8.664433728458805
6202,9.430548485907627
6203,9.332811009552698
6204,4.239573191497304
6205,3.9370560371230123
6206,1.377141619857422
6207,5.419596014692526
6208,8.597001571783538
6209,2.965394184088293
6210,3.825432483736
6211,3.7644046877397552
6212,1.0327694347417664
6213,2.858226711362628
6214,5.195597846391521
6215,5.715330648410687
6216,4.9093323828632265
6217,2.26110899480516
6218,1.1971975966686264
6219,2.6150672150471976
6220,4.641452547922096
6221,8.702032725925184
6222,0.8163153384351906
6223,7.500382197156914
6224,2.9114139456451253
6225,5.6555071645456785
6226,2.935099069646068
6227,3.469347873905712
6228,4.018477252451816
6229,0.8298200457021828
6230,1.5383190021317783
6231,1.4589348307217143
6232,3.039865425470407
6233,7.703614584782503
6234,4.8867290280382445
6235,0.8124739805842492
6236,0.20286033587907015
6237,3.00266206166892
6238,4.561093444106426
6239,0.9021651317402323
6240,6.395725652760755
6241,7.080883880573765
6242,3.1795901884771354
6243,4.720436641834303
6244,4.875151406117149
6245,0.9439460315441262
6246,6.18579965884954
6247,9.950104233220278
6248,3.0352687547062223
6249,4.2005723375062
6250,2.5795946072373277
6251,4.8769163446428845
6252,6.507968962743879
6253,1.4515647667214604
6254,6.370149229795983
6255,6.545108338314786
6256,8.893230882842772
6257,7.393551423203576
6258,5.89015111718638
6259,3.1721171908220938
6260,0.2991165144345191
6261,4.803458018465433
6262,7.439933975124509
6263,8.659795064319422
6264,4.342344100844937
6265,4.8615878315301275
6266,6.9595391495820556
6267,1.5093138991116688
6268,0.7043416493605055
6269,7.2425485372278775
6270,1.8744693691381114
6271,6.65866919226993
6272,3.5450773138200957
6273,8.258466541722711
6274,1.742192009987567
6275,0.4600830862772446
6276,1.2386445924021565
6277,0.7334960003855162
6278,7.547510701756228
6279,2.0333972090665906
6280,3.879478473417961
6281,9.227644567051456
6282,5.625069773207955
6283,3.376832089374134
6284,2.4778728341648617
6285,9.408233864015546
6286,6.872295967549833
6287,9.57859268212012
6288,0.7200917269205898
6289,3.0890982584804507
6290,9.32472815228158
6291,4.724252384004953
6292,9.133788636539485
6293,9.974403167377178
6294,3.610594061278285
6295,1.8890350704843504
6296,9.473696300653463
6297,3.905310268597601
6298,3.7034546962368338
6299,6.078767577125869
6300,4.840890022216075
6301,6.503135353186882
6302,5.521721204857286
6303,2.9913665139294006
6304,1.2376586436470642
6305,1.072397808359954
6306,5.857329681405191
6307,0.246698586535619
6308,6.673039286916455
6309,7.514330322216826
6310,0.8639585833764171
6311,3.7092210156967966
6312,5.3298177141634415
6313,8.333242815760894
6314,7.838349108011046
6315,7.336119786257181
6316,5.670347049073036
6317,4.909929978415202
6318,0.9825684015396969
6319,0.3966302675798592
6320,0.5531874338173833
6321,9.02410299167899
6322,7.90201979391733
6323,1.1893478795790917
6324,8.98580846579992
6325,4.389654018631006
6326,7.902970888585774
6327,6.743834189939316
6328,6.866725929653593
6329,3.025564329152853
6330,8.13293502216687
6331,2.1974700525082587
6332,5.594987415952152
6333,6.1962619702880035
6334,7.653541597731723
6335,6.32435723857274
6336,8.544176873375143
6337,7.231252061609609
6338,8.549658855253233
6339,9.114313093566516
6340,2.8386915557335106
6341,5.955537465014658
6342,3.4082266023085777
6343,7.080192302158451
6344,8.60461933378453
6345,2.2728744977202906
6346,0.8151434642210069
6347,0.7127222946255765
6348,3.0146735113011873
6349,9.596651061352786
6350,1.605001595023026
6351,2.3558513935024026
6352,1.1524302350367812
6353,0.518388061685152
6354,8.665752760080668
6355,9.588455942903005
6356,6.892670020790695
6357,4.468841317716597
6358,6.812575544945847
6359,3.2418652679852253
6360,4.083511210245833
6361,4.023906082440047
6362,5.545920788412538
6363,9.077849409709355
6364,5.371329151552687
6365,5.528021762388191
6366,4.763373708388565
6367,0.7252044903199638
6368,7.439914229010709
6369,6.896919468509965
6370,7.106985104982773
6371,5.905169994030501
6372,8.914335143167706
6373,6.7376264079872
6374,5.696528087902988
6375,9.05832199047562
6376,3.1500464743132723
6377,0.4790644015993203
6378,8.331900640978228
6379,2.790049281084259
6380,4.74204169654364
6381,5.8691501908511645
6382,9.508365742286108
6383,2.3113232273773194
6384,7.259492409923563
6385,7.92264292211489
6386,0.10458130015651218
6387,0.5834656597181439
6388,0.35368368585757637
6389,4.548000356263049
6390,9.267246907350755
6391,7.6058109855607885
6392,7.471122497366969
6393,1.9918152168163565
6394,5.359881771477532
6395,2.2685513789346783
6396,1.8065834827432983
6397,7.619434920280862
6398,7.320022113095247
6399,8.69633713464878
6400,4.575469186205672
6401,4.750944641816418
6402,7.2042888765463635
6403,1.2474917408038635
6404,9.566042431203766
6405,5.072439452255763
6406,8.61492991762015
6407,9.472581645172854
6408,7.0036441689730475
6409,5.275127545627454
6410,4.101709046971171
6411,4.469561735180971
6412,2.2378516477124437
6413,0.9030010334781342
6414,2.0929028636708114
6415,0.2983270285141124
6416,2.089282076940566
6417,6.745435356884331
6418,4.134189581521764
6419,6.164927565142413
6420,5.125559560450431
6421,6.809910599785482
6422,1.774628715270244
6423,8.318631464921875
6424,3.607378587463744
6425,3.0393854107174056
6426,6.566907622414281
6427,9.11085710336702
6428,4.346864055426574
6429,6.890010996351967
6430,8.14930691844771
6431,0.6283693392133876
6432,3.231184967359221
6433,9.28856548075454
6434,0.978931793335052
6435,6.693779473627929
6436,6.182736920103107
6437,3.5235718523844635
6438,8.700168705845575
6439,0.8166424211154681
6440,4.810269421657889
6441,4.134607564646192
6442,8.966471643235284
6443,5.5466560742210245
6444,6.941665045973431
6445,1.1169105013399017
6446,3.0236430071316662
6447,2.1182316686826597
6448,1.3566574378856544
6449,1.883763179502603
6450,1.3100503982822342
6451,4.88633104046762
6452,0.26280154131950034
6453,7.374697156948012
6454,8.865123930509606
6455,9.175358610396506
6456,8.459893344785034
6457,9.160069946320935
6458,4.109555416957624
6459,6.695164261693491
6460,3.5248387285426683
6461,1.5406109420680687
6462,9.647650810743368
6463,4.185362749561826
6464,2.0300518974165693
6465,6.403598418913097
6466,5.427808089278659
6467,2.408714987814397
6468,1.0569014595361608
6469,0.2889441393111446
6470,8.121756519900332
6471,1.3072451913621375
6472,5.315728202019069
6473,8.066948096934455
6474,6.123556596396083
6475,5.9597274927365245
6476,8.272030883645517
6477,3.1741391539057755
6478,9.785974919421944
6479,7.243664098360847
6480,5.3244220198805134
6481,3.753583517430647
6482,2.785181357868977
6483,6.6930908627157635
6484,5.868149053823243
6485,4.319014434317539
6486,6.378374747144834
6487,0.14952680741362448
6488,7.735659625472303
6489,9.724516278932464
6490,9.778889753380035
6491,9.771606478532027
6492,6.5093394282143375
6493,8.844877037155047
6494,1.2984005203098552
6495,9.074132520172988
6496,9.25814975640405
6497,6.387785160779067
6498,1.4678929036025614
6499,2.7538958982747306
6500,4.43472255008265
6501,2.186401780830877
6502,5.811283308804866
6503,9.861543702146887
6504,6.722244020639098
6505,1.434743282633541
6506,6.8606552571295145
6507,5.316459136039154
6508,9.063093209488697
6509,8.129590042796183
6510,5.180100914248089
6511,5.153129505751951
6512,1.844634708413852
6513,4.647615658370929
6514,3.381268623027058
6515,4.89924424019241
6516,9.566243049770447
6517,6.515090463912838
6518,7.958194619344054
6519,5.372057315241242
6520,3.19568591489367
6521,0.5459526577843584
6522,0.7583541719588891
6523,3.89204770753489
6524,7.059522031728613
6525,5.906475385576816
6526,2.9861212793057503
6527,4.611692050050613
6528,0.941317780813829
6529,4.358101373218088
6530,7.013630178773257
6531,7.971891040789428
6532,8.818889352081273
6533,8.55370050748038
6534,4.028166929930184
6535,8.23154322632339
6536,4.006932072880895
6537,3.305447162227505
6538,5.722205507828154
6539,1.586897786778914
6540,3.50088411446638
6541,7.874012474157051
6542,1.6369262817668495
6543,9.524268784612865
6544,1.567421117830072
6545,1.1419680352839894
6546,1.0364169652132913
6547,2.4977929956252938
6548,7.388546127630425
6549,7.943346848802134
6550,7.835231391657211
6551,7.623555729320705
6552,9.348392870431363
6553,1.2589983887761025
6554,2.9898068015458965
6555,1.9862732563284708
6556,1.6587213797525944
6557,7.3790926910704036
6558,0.1432742378524338
6559,5.6601051057063385
6560,3.529894203349215
6561,5.970198596219924
6562,1.6075022098590643
6563,9.707967113739258
6564,2.1431894775809335
6565,4.790620868912718
6566,1.5957585019152842
6567,0.16400238450512555
6568,1.3881534064083936
6569,6.422466237968892
6570,9.100808483580826
6571,2.8004725721723482
6572,8.8763206713724
6573,1.7015817765762096
6574,9.212363147340259
6575,3.231088114255842
6576,8.1876007048762
6577,3.93329111504377
6578,7.695093207645474
6579,8.034711450601286
6580,9.227209722655015
6581,4.182049392025204
6582,4.830594124403107
6583,7.084614707180897
6584,2.060250219886253
6585,8.121692912729003
6586,1.6509076857929859
6587,2.3376397153961865
6588,4.393564884628226
6589,8.84764667359864
6590,9.961826214842125
6591,0.47277463679661735
6592,0.7429242519011939
6593,9.02948100469026
6594,1.0960394173921393
6595,7.6806150605641115
6596,4.476388917538472
6597,0.9225845453601947
6598,2.593403434082261
6599,3.126701133636729
6600,0.44597540203525177
6601,9.13412661171099
6602,0.4237414346455185
6603,4.528347320217594
6604,3.6218080107182056
6605,4.3342714523136605
6606,5.163700258420292
6607,6.490027766877045
6608,4.534729325980062
6609,4.2373293783882255
6610,5.859750849408549
6611,2.375000581717294
6612,8.144349144257966
6613,2.7695842155584978
6614,8.709616076442707
6615,0.7333831257763324
6616,1.300865338620473
6617,0.6705722430345024
6618,2.5462871178400723
6619,7.434657537037053
6620,7.057207786343924
6621,8.806888708193428
6622,6.482055397135039
6623,8.662191410149331
6624,3.808766778490155
6625,1.9667715033764637
6626,9.672155296961401
6627,6.2285979214221365
6628,2.3516536979013254
6629,4.812769770528769
6630,2.4746482032519084
6631,3.972397033898883
6632,5.421370408235329
6633,6.517535763087419
6634,8.472502210791067
6635,0.3749784838730663
6636,8.35286793473095
6637,0.489523404954497
6638,7.010748496441572
6639,8.264122509818518
6640,6.751632729726276
6641,2.172974606306542
6642,8.255132845088447
6643,2.055241896713672
6644,7.484558337591462
6645,1.6406230928186232
6646,8.901781626227944
6647,6.450478841616443
6648,0.9413151430231159
6649,3.4275293020378905
6650,7.092806089907142
6651,3.3610458395588116
6652,4.389729239256821
6653,0.48695727262108457
6654,8.718667180823491
6655,8.80907577730269
6656,5.066481497527115
6657,2.032593944049321
6658,1.4131325503879748
6659,8.631542166379411
6660,8.847464125895755
6661,4.498755305762393
6662,8.554254520607962
6663,9.118840151184306
6664,3.1845696423335403
6665,7.946823039418236
6666,7.301125874723436
6667,9.045192190103988
6668,8.93101898982916
6669,5.726277503969589
6670,6.315042360700156
6671,8.96757388111087
6672,0.7387429342847888
6673,9.556010534132183
6674,4.13466867765072
6675,2.1836007147056478
6676,7.024710070486573
6677,7.545086233490078
6678,3.549829377179599
6679,0.9130855844450683
6680,7.896915300983857
6681,6.6957233983963445
6682,3.4408108182657364
6683,4.388346121596692
6684,1.5064899381730419
6685,8.736237979753035
6686,6.858555806485907
6687,3.795812334788708
6688,4.8221060120036725
6689,6.759967798062966
6690,3.241330680518201
6691,1.609451813768329
6692,7.381332286663843
6693,7.3133446552394545
6694,1.741517256782418
6695,9.381998226628296
6696,3.045986985059203
6697,6.331780059671642
6698,2.6675138381862213
6699,1.8718537532755624
6700,4.11654967156003
6701,2.0308677744901673
6702,7.006500717867512
6703,9.360088057532472
6704,6.269519566092162
6705,0.38097882926999105
6706,5.004777840194845
6707,3.682785471898148
6708,2.8540874074979774
6709,8.627920944634242
6710,4.013709567748504
6711,3.7524379353648953
6712,3.951814607648573
6713,1.4053854998989153
6714,1.7742177821837033
6715,1.2329722038725917
6716,3.7446695552032545
6717,4.995356623240095
6718,9.39873357031881
6719,4.905464966476335
6720,8.406745523694905
6721,4.934318390634865
6722,9.977850961457401
6723,0.39348053969574437
6724,4.619011081925463
6725,3.8573439108613794
6726,2.0702788473395377
6727,1.8887158367510664
6728,6.488253274951433
6729,3.228159282156874
6730,8.006110970290282
6731,9.478029846036172
6732,6.39266581013068
6733,3.388529424128686
6734,4.045116058307119
6735,4.319032815748841
6736,8.399530967936771
6737,7.3887752742854005
6738,9.134145697755166
6739,9.387313914400794
6740,5.854227565568339
6741,0.4215507977371592
6742,8.30397957692227
6743,9.999807263258376
6744,3.638471430518151
6745,5.111603518330291
6746,0.2515174785601972
6747,7.350488709126118
6748,5.053664086941303
6749,6.075894456988846
6750,8.07661394419875
6751,9.12062809551915
6752,4.138526658022777
6753,8.252193336937903
6754,2.288576784756418
6755,0.2695244980567627
6756,8.490002364802779
6757,3.6062213505635943
6758,6.8500688281647255
6759,0.9529903136958903
6760,9.6003722094157
6761,1.943684023084164
6762,1.7923101009339935
6763,0.6110681259020556
6764,2.9618446267598006
6765,5.293600650702682
6766,9.229645361145977
6767,2.58539419249167
6768,8.304748329813037
6769,7.230274501204591
6770,8.620715522909427
6771,6.9946294708454575
6772,3.2964160559317857
6773,1.018691014578107
6774,9.838954561131786
6775,6.626952749325673
6776,2.28550597991073
6777,7.982008148279973
6778,7.609633900518083
6779,5.705246942818701
6780,1.367845808206417
6781,0.6398860003990289
6782,8.46007412389519
6783,2.2713237838504123
6784,2.529153443329077
6785,4.540259786793658
6786,4.2004648233474375
6787,6.230434309362725
6788,0.6987119343107306
6789,8.552000012554302
6790,3.9406940807932123
6791,9.989334634933947
6792,7.028093351592786
6793,5.1196131189426834
6794,6.772113943414067
6795,4.440753177781315
6796,5.017422336210724
6797,0.40941392720718617
6798,9.623248237546743
6799,6.955149511738656
6800,4.915294973023625
6801,9.924046835640818
6802,6.7289970720824055
6803,9.261576024658272
6804,2.2661788894452615
6805,9.209067098831602
6806,2.716527030960192
6807,3.172710595077554
6808,6.709881434502468
6809,5.205164793365965
6810,5.052857214760405
6811,9.602972659479471
6812,3.872087818270383
6813,2.2796584453881206
6814,4.375315990734771
6815,7.575910537027153
6816,5.672405131068699
6817,0.6676046090649119
6818,4.713441555420681
6819,7.902957595350946
6820,9.341776261190397
6821,8.179042147945658
6822,9.63767017808914
6823,2.4389800760321942
6824,1.368659113646072
6825,0.5856032311777569
6826,3.7321516778096497
6827,5.013488684168332
6828,1.146721845521864
6829,9.253978701384519
6830,1.3738782788348898
6831,4.896968190143245
6832,6.336564070197972
6833,5.952005355459094
6834,5.148921353932034
6835,6.362957416176412
6836,7.846635079706451
6837,0.47465567622412264
6838,0.8149211688467071
6839,0.4109227615312857
6840,1.039342178856442
6841,7.14396079125092
6842,4.918264338143782
6843,3.1347198908308544
6844,2.8255766699936116
6845,7.977865828365161
6846,5.10507781584063
6847,0.4030191677904055
6848,1.2124897437636544
6849,0.5577951298505245
6850,7.20177834577281
6851,0.158465660178349
6852,5.74911482755328
6853,4.3778338158034344
6854,4.260981609589142
6855,2.953316768529438
6856,6.456713336907601
6857,6.53841289512056
6858,8.869954098397937
6859,7.180790734945552
6860,5.650253288262181
6861,7.860049367050738
6862,3.2916933021247736
6863,1.4281209848901397
6864,1.4145182282588156
6865,3.1200492966274846
6866,2.293674938711727
6867,8.911271243648237
6868,9.870072684576147
6869,8.351178211990135
6870,8.105645561195159
6871,8.35899903034153
6872,4.039759284382048
6873,3.8818331143780234
6874,6.8679966424715735
6875,5.426812964486909
6876,7.320022444192493
6877,2.2588699648122406
6878,8.495582947202362
6879,9.587846718605135
6880,8.195172875013158
6881,9.352219469807117
6882,2.7413574917519306
6883,8.04797965773825
6884,4.571042216056043
6885,2.1049894834452085
6886,9.11511170538049
6887,5.889952766736345
6888,0.2814631744084193
6889,6.5282052942482185
6890,8.725552805111674
6891,8.217519597737402
6892,1.1077733665935774
6893,7.004093342025795
6894,3.3910845983054774
6895,3.9430176499502196
6896,4.555210582864673
6897,9.360435537736482
6898,6.9985951568932165
6899,3.8754050036402226
6900,8.137512082648978
6901,0.1954722014686673
6902,1.1845179675943271
6903,0.7102556568035322
6904,3.582484590460342
6905,9.240458924076716
6906,4.224475288374685
6907,8.664533000553616
6908,1.8161364903579393
6909,1.9697951665452738
6910,0.18700553355749663
6911,5.4475915018803684
6912,6.101335129456463
6913,3.2232599550080274
6914,1.9650101180457824
6915,7.789298053500517
6916,2.1864070430247184
6917,0.6227717587225118
6918,9.483806649282082
6919,8.332413651096038
6920,3.593574844870811
6921,3.2204150718680604
6922,3.1665399144791166
6923,8.669752143444702
6924,3.9970194461414894
6925,2.8180324567623174
6926,9.93489360308679
6927,1.1721072850611236
6928,4.324420904015138
6929,8.026804996149094
6930,5.530049332575133
6931,8.21871142982752
6932,4.806426410710422
6933,7.622900541944336
6934,5.067566503295211
6935,3.8891741500691173
6936,9.820440525843857
6937,6.3182010369721215
6938,6.901996656427402
6939,4.014724911950103
6940,0.8684682867241673
6941,4.631855729145929
6942,4.724982158736862
6943,0.8763990568688773
6944,9.904196935400234
6945,7.8483288360302375
6946,3.2693967279183123
6947,1.4829728578156527
6948,0.8505904157019819
6949,6.95799872995471
6950,4.690292453451166
6951,3.236789604365788
6952,5.105268440360873
6953,2.9117048824059015
6954,3.539817628929763
6955,4.967731015342717
6956,4.816621380503828
6957,1.711386734887778
6958,5.989592661515833
6959,4.544537900247881
6960,2.9193745592853646
6961,4.698776057444322
6962,6.263773469375681
6963,2.4112791684719665
6964,2.4440028243016965
6965,2.800379368176039
6966,1.783265841991708
6967,8.836199004544508
6968,7.815730158937081
6969,2.307491211557847
6970,9.815784383864495
6971,0.6950429452311293
6972,5.24921022005818
6973,3.444075112022759
6974,8.691583226771968
6975,5.63854750624152
6976,6.685809910556159
6977,9.6048865877036
6978,8.11747973234106
6979,2.3620508762768444
6980,9.956403471721051
6981,1.7910989657640977
6982,3.6877979563878807
6983,3.6769072287699105
6984,1.840399632379812
6985,0.7100566536961685
6986,8.337879790396679
6987,6.312649428717133
6988,7.281338963350551
6989,1.1423066683510372
6990,1.8731297270715592
6991,7.594351136778738
6992,2.632185680890569
6993,8.639209128488961
6994,1.564471840498191
6995,1.8795864856924376
6996,9.453296371613574
6997,1.957356867644618
6998,4.410523101033989
6999,4.4063200668196565
7000,6.9117763627687845
7001,3.665526778342797
7002,1.1494123801332365
7003,9.127967278496923
7004,8.723937252454302
7005,5.069241997806929
7006,4.486915708988511
7007,8.967290606967808
7008,8.82424945181954
7009,8.02975002661171
7010,6.03568663044073
7011,2.780071449611246
7012,8.666991909412156
7013,2.1551474958373342
7014,9.27863446599698
7015,2.2195708242748307
7016,6.634610826768562
7017,6.8191795371556205
7018,4.0949892263920145
7019,5.918010512982813
7020,5.4472905455740745
7021,3.065875663235853
7022,5.816947951274237
7023,0.3089824527335865
7024,6.127403516811566
7025,4.568728970454084
7026,3.5539020609510206
7027,2.0326091292839754
7028,3.2452070690888553
7029,4.535153075822971
7030,7.275948779163577
7031,2.8000393283022738
7032,2.8252510937071404
7033,8.535921999432569
7034,2.529290044416828
7035,9.064158056901434
7036,8.04986296500911
7037,3.3830535078193584
7038,5.20706691064952
7039,9.158316059998434
7040,4.959955741535371
7041,6.613729460494992
7042,6.445148980776504
7043,8.47843098435468
7044,4.0509577753748
7045,6.742099226938002
7046,6.492727605256501
7047,1.0259240089190218
7048,4.007133830844768
7049,4.2000196933008445
7050,4.403642664942466
7051,9.630154211535176
7052,0.5509552077532982
7053,2.316663029241792
7054,4.19601075703873
7055,5.311555959265639
7056,8.478789059807728
7057,6.013590532717956
7058,3.218409994702537
7059,4.075747870456325
7060,3.996826987872722
7061,4.26593588464073
7062,1.5095829783818882
7063,2.018420409156917
7064,6.11036937925202
7065,8.28261472275342
7066,9.612984491178311
7067,8.33499924331613
7068,6.096735624217597
7069,3.6715978703306145
7070,5.856117124830582
7071,4.153654274712792
7072,9.048718749266618
7073,6.357002143402162
7074,6.831242388912349
7075,0.5846382588682649
7076,1.230879719193521
7077,3.120304298931671
7078,0.23274944012160434
7079,4.030209971554508
7080,8.383844951778574
7081,1.7057858374942707
7082,2.5466255055445193
7083,1.0961887559162447
7084,4.033953432211639
7085,1.8249651920171992
7086,1.9067850896300773
7087,6.467607008959481
7088,6.823824421959427
7089,6.081727140893021
7090,4.718545046571535
7091,8.656358414449599
7092,2.3277387978749395
7093,8.704162656045634
7094,8.963091355354951
7095,9.643951000249281
7096,6.468603701509445
7097,2.183607376011141
7098,4.4993036425237545
7099,9.112093186113512
7100,7.653137163437815
7101,5.001188440799542
7102,5.469555320329377
7103,4.414029440441568
7104,6.258851513918089
7105,5.474757494153726
7106,8.435032345188306
7107,5.5487466694114325
7108,9.461725116574678
7109,4.794560379288633
7110,0.6044768968241083
7111,9.036406389447743
7112,6.3629568306071045
7113,2.0573839017798092
7114,9.648341425510415
7115,4.140514620712186
7116,2.27212445338732
7117,9.514841019864082
7118,6.372153351713568
7119,5.387072224128087
7120,9.989026407969602
7121,8.084819947901499
7122,6.112923424486162
7123,6.13606240561723
7124,6.671303846393069
7125,7.186259384861478
7126,0.6128997060004977
7127,5.6450293428164935
7128,8.731782627260204
7129,5.979892903589128
7130,7.241441392281102
7131,1.1151996036167968
7132,1.6399085625316534
7133,5.727981300570606
7134,6.8647550447782715
7135,6.087015933100657
7136,3.5376705304803884
7137,6.082684092118907
7138,8.215556247100027
7139,3.312512930675218
7140,1.6686795587959014
7141,9.55603158316997
7142,0.48280920633897195
7143,7.701313512436093
7144,1.7401242384263143
7145,4.111344121701885
7146,1.9233599372436616
7147,5.028276238924457
7148,5.252573456150538
7149,7.668215208751699
7150,5.7856156950017015
7151,1.2105568204904962
7152,1.837035360022681
7153,7.5618530670234
7154,8.284327547607647
7155,2.7925575515655137
7156,2.208232875910259
7157,2.4798312997762864
7158,7.082864789524943
7159,4.459697382774987
7160,2.623947690896779
7161,3.4761932197629695
7162,5.259907514896134
7163,2.0579559521577977
7164,0.2595998973222311
7165,3.6078186407693567
7166,1.6708721406720497
7167,1.1501977824391632
7168,6.756152040107956
7169,0.8749571639634419
7170,5.059251901586369
7171,2.5049106301402317
7172,7.44636401373441
7173,9.874019237209275
7174,9.108513704164158
7175,5.394494669728577
7176,7.560488951990582
7177,9.981350495415526
7178,2.3361226450983565
7179,7.138549129326336
7180,6.922556462691774
7181,9.874847415010299
7182,5.005863655257172
7183,7.996551754179292
7184,3.7935305478764247
7185,9.645320159700578
7186,5.229078069314903
7187,1.9886172676567433
7188,7.078171338065417
7189,9.985483002692911
7190,5.1749085496358465
7191,2.8741632862554876
7192,2.5986888239065755
7193,7.327583012353556
7194,1.721555963218745
7195,0.7814469276595088
7196,0.7195698444628456
7197,9.171405779786797
7198,0.2682284755460898
7199,0.5401855299884453
7200,4.3993101881517855
7201,3.526729456663534
7202,6.673676072936312
7203,4.117289974776039
7204,8.260273685579966
7205,9.129278479664883
7206,0.4778589473183009
7207,5.094177960974593
7208,6.126256400148021
7209,1.450323021817188
7210,1.2011664295231945
7211,4.862620327389984
7212,5.111919481211969
7213,2.1569460503686444
7214,6.682821084453873
7215,7.003782057224551
7216,6.746237422601815
7217,6.72981626815714
7218,5.428117442184863
7219,7.762425953405937
7220,6.6121796810172935
7221,3.4209662497948568
7222,2.0829671775630048
7223,2.7237488692299547
7224,4.473745352434217
7225,1.1384731179738437
7226,5.203397982539044
7227,5.024414710188182
7228,0.744141068362839
7229,4.174786124246101
7230,8.91702667421513
7231,8.477579469664182
7232,6.426076786646214
7233,2.1673028470387248
7234,7.6688093359220835
7235,5.38960440761744
7236,4.675427522672952
7237,6.498813180635169
7238,4.408544224553098
7239,6.990816058998651
7240,8.851448756059675
7241,8.006754699996716
7242,1.389968809200853
7243,7.551962921183582
7244,5.120039715112787
7245,5.5868340608116425
7246,8.076618802696377
7247,3.6051699672893216
7248,8.649697872125692
7249,4.959669738870174
7250,4.403451996110923
7251,7.310804219093214
7252,3.537659455220176
7253,0.9333445443179184
7254,6.868499943823175
7255,4.398325932246831
7256,2.0116468848808298
7257,6.189859699178591
7258,9.930872627969576
7259,4.2543179551518095
7260,5.563162546680054
7261,5.049504301186935
7262,7.616558343081274
7263,1.370573553765426
7264,7.875278222585526
7265,6.314240077671609
7266,9.407295738346367
7267,0.6154955255669095
7268,6.9703694849772555
7269,8.20063027242527
7270,0.4364973254103185
7271,9.105480922083958
7272,8.907259009498654
7273,0.9577923985158096
7274,7.491786111856361
7275,3.7594339565189703
7276,3.2688857763929398
7277,7.773528577566293
7278,8.837044200111194
7279,1.1975885066748106
7280,3.819738571576227
7281,2.980574350557696
7282,1.9241838507162108
7283,9.088055711373865
7284,8.704648914707116
7285,6.259551865139463
7286,1.4325323557396183
7287,8.145795025802961
7288,5.839823125302227
7289,4.957909630957151
7290,4.55962776818861
7291,4.596218167552298
7292,8.313245799035085
7293,1.8325909462067371
7294,7.635773309253291
7295,8.610606553350681
7296,0.32392577979640624
7297,8.413080653195648
7298,2.9738248128834717
7299,0.12338469772779516
7300,5.641534683155696
7301,1.8977944151348847
7302,8.990582416139523
7303,2.2006500601202146
7304,9.139599015463636
7305,5.214593476112498
7306,0.560944150027263
7307,6.919769436236158
7308,5.909132251710525
7309,9.721848799024627
7310,1.9122913267799768
7311,6.303035717682298
7312,5.8620484168098645
7313,4.9728876610320984
7314,8.490945042222416
7315,0.3774427842676493
7316,1.497036184399451
7317,3.2397415580124846
7318,5.8651615778112305
7319,0.6560646778904963
7320,5.895082160126628
7321,7.976779323951137
7322,8.24676217566593
7323,3.111379947922737
7324,6.189027582253775
7325,6.0758431806533375
7326,0.34280339357205536
7327,9.367384598102223
7328,6.4092206393680975
7329,9.62732375063419
7330,5.3746542577861876
7331,8.658464322615345
7332,2.870042150961059
7333,9.682762900733257
7334,9.149827026150493
7335,4.3408092290184745
7336,7.174211218918108
7337,3.9889614587966205
7338,7.2367542505643065
7339,3.4053114339622628
7340,8.359308978340472
7341,9.189397782301594
7342,4.111026252825752
7343,4.891191175377646
7344,3.825043011231023
7345,1.978990681639724
7346,1.4860927438374327
7347,5.019710765750129
7348,1.4612445810071784
7349,9.045419680874256
7350,1.0057129354964411
7351,1.4303912133956123
7352,4.076555825992716
7353,2.0407341273869024
7354,4.404074094273779
7355,2.5868021609821357
7356,9.711749964722475
7357,4.493429862874754
7358,8.006588747079762
7359,7.601310757288356
7360,4.75783339888278
7361,4.539908492185593
7362,0.4488706975024086
7363,1.332281832451906
7364,9.396990677138158
7365,8.468880548855845
7366,1.6055390070765438
7367,8.384093801112986
7368,3.2664651759824417
7369,5.76238448245657
7370,7.5234063819369785
7371,8.938486418107018
7372,4.757481769446429
7373,5.551810164183194
7374,6.584096234220307
7375,3.9669971321330135
7376,3.3673601716679373
7377,5.548442930177305
7378,5.3450549080414405
7379,4.981191944574052
7380,5.156799629707088
7381,6.911473652654103
7382,4.5794728705708945
7383,0.14799427022964234
7384,2.6681461071984143
7385,6.572681584996435
7386,4.071731748480839
7387,8.70947198312657
7388,0.8833294493394774
7389,3.9576889928868777
7390,3.8324446317619834
7391,7.416317978218491
7392,3.55083710727984
7393,1.0432398237017364
7394,4.334340254100036
7395,0.7098646114946833
7396,1.6920193274534339
7397,3.7528251302265954
7398,7.115696168564145
7399,4.834116801668414
7400,5.009240793166955
7401,4.637265330037379
7402,2.1062028376502373
7403,4.332745087892355
7404,4.39098109267128
7405,8.816275010588168
7406,1.4306017635294381
7407,6.088565749448077
7408,5.1988343530583885
7409,4.24253902353832
7410,9.387956531518045
7411,4.157766174392628
7412,7.9642413347049805
7413,5.847427772461975
7414,8.482409509175538
7415,6.675262580962912
7416,3.108696341175666
7417,8.557801299062119
7418,2.8984219696458755
7419,1.7243631346377897
7420,6.794850102389415
7421,9.05143919652519
7422,8.18745318467798
7423,7.450551882354034
7424,5.417314505045449
7425,6.927885575535176
7426,0.9054041944107575
7427,5.334808005224204
7428,7.605733927428168
7429,1.5899465993200588
7430,6.109221658401685
7431,8.429151939093211
7432,1.7797054783656712
7433,5.967049677193443
7434,9.817216274074873
7435,8.651153766949625
7436,6.159677754222427
7437,1.4030494152958577
7438,4.098273486501924
7439,1.4987403520653906
7440,8.89232891534504
7441,3.39337713482605
7442,1.2776637175659895
7443,8.500943209437123
7444,6.210270883428739
7445,5.27477667666831
7446,0.8695967393680601
7447,5.954832277481715
7448,8.686375514021757
7449,7.0227110906032175
7450,2.5610502471234056
7451,0.5792784558780468
7452,0.3678192518381076
7453,8.008393050600377
7454,3.5325569309729694
7455,4.536766226433475
7456,4.0069301399162365
7457,7.437811282431726
7458,8.009442107857637
7459,7.8942707202487306
7460,1.5478282763497722
7461,3.4815223543872986
7462,4.421131924478471
7463,6.129741538830358
7464,7.627097641583014
7465,7.254973411682798
7466,3.0546639811322014
7467,7.449018573253479
7468,9.500892814928187
7469,6.407103743762661
7470,6.092920318896347
7471,4.335771130672255
7472,2.1790953362888685
7473,9.703969503126038
7474,6.38513864543982
7475,3.1105782241176203
7476,9.340714126687024
7477,6.7154587152465055
7478,0.30818303334151986
7479,2.31306722578645
7480,4.359000650043594
7481,2.498456571968374
7482,1.7574408404727961
7483,3.8940348776358213
7484,2.162735862382018
7485,4.149545957311931
7486,5.505701747847975
7487,9.378223894586489
7488,0.8141443625588127
7489,7.311669543237136
7490,5.324171787061921
7491,1.357202944172236
7492,1.7308690740398849
7493,0.43195688600510684
7494,1.9366709022797222
7495,4.683969100093702
7496,8.222033448841989
7497,8.480286134596147
7498,2.1511395231344785
7499,6.740761638608065
7500,4.348911933039094
7501,5.3202150311232
7502,1.4531501656680303
7503,7.843460715817801
7504,2.0398177066017995
7505,1.1134018992995713
7506,1.9640798287536938
7507,5.214853149138866
7508,8.702485791982564
7509,0.22648715953593138
7510,4.369442020229343
7511,1.3445618321848327
7512,7.914561366982338
7513,6.271499288629237
7514,9.334050905491395
7515,5.163274063029487
7516,1.2255785725602015
7517,7.990722423532352
7518,8.220000702219187
7519,0.9927274390716948
7520,2.100499068104726
7521,3.8088377865227208
7522,9.6118245519934
7523,2.7950265287340215
7524,7.503245791462158
7525,7.176308999201029
7526,8.313513036469915
7527,5.491362196041336
7528,1.3859540761064766
7529,6.178886890337324
7530,5.292697498389413
7531,9.899081950954708
7532,0.6705273200261227
7533,2.4112837615846976
7534,1.1276537817329566
7535,0.8559577208621393
7536,5.232050054425065
7537,5.5991633107557135
7538,7.367732313118916
7539,4.910305566615716
7540,5.843026633522313
7541,2.671803261223477
7542,9.946685403750974
7543,7.931010864092012
7544,8.794793866343463
7545,6.8212089114375365
7546,9.198170090709164
7547,0.9725268723168132
7548,8.596266911868048
7549,0.24273755255578078
7550,8.674437823089477
7551,4.950716620848233
7552,0.9056083709132208
7553,9.748049132591156
7554,9.366205385474787
7555,6.462303551046258
7556,8.73020041504623
7557,6.358365435332624
7558,8.246387329202985
7559,4.215999280942492
7560,1.4999631563080338
7561,3.414171729703173
7562,4.2521397906597
7563,6.896970557555759
7564,7.665362063481391
7565,3.6572474218311886
7566,8.128717547351522
7567,9.080501159737024
7568,4.4895819262933045
7569,3.3850986085232466
7570,0.3426153653064654
7571,4.594639242907999
7572,3.770820459073329
7573,9.268570632244735
7574,4.643136340781507
7575,9.18526970485587
7576,0.18423724544080627
7577,8.603316528050794
7578,2.592057623389463
7579,5.140226560622116
7580,4.0154992736976745
7581,4.017465191055076
7582,6.402472901049956
7583,9.223196816788692
7584,5.376068593317693
7585,3.540044230107095
7586,9.828720098940805
7587,5.893581980996985
7588,2.626051468527083
7589,4.400700022486448
7590,3.556028863368851
7591,6.6432851703893725
7592,4.080903887071834
7593,7.437866597516133
7594,5.4745147490237525
7595,1.7209351398005208
7596,2.9394463262656796
7597,1.9540565576945261
7598,3.3205870986016213
7599,9.77349629923831
7600,1.9377633961833658
7601,0.8058855529505058
7602,1.0453101745751812
7603,5.504291504641712
7604,2.741805333686196
7605,9.351218710454441
7606,2.363533416802269
7607,9.228011356748608
7608,9.070654680848715
7609,9.186258148913995
7610,7.7625275091366
7611,7.906845107484272
7612,2.878899982669879
7613,7.941767336196629
7614,1.0908724394767575
7615,5.88570337406807
7616,3.270388548719837
7617,5.948933474929907
7618,6.322116180395052
7619,3.0248171706176623
7620,8.12262339724392
7621,6.103632842364445
7622,3.594008624147916
7623,7.4759247388357455
7624,1.5913254249648587
7625,5.478445766031245
7626,4.818380137052373
7627,4.1928910195360185
7628,0.9369305235283545
7629,6.086004279087249
7630,1.309598735100288
7631,1.584721374136602
7632,3.2145945048762954
7633,1.3598797031223517
7634,1.5122535922078733
7635,7.204116822634872
7636,0.7003556848078154
7637,4.208419420098394
7638,9.884870904503703
7639,0.5376112617526907
7640,7.118981233457663
7641,2.227944011776003
7642,3.3178946262434383
7643,3.2053981626793884
7644,1.7118514069921003
7645,1.9056217576352088
7646,5.747717773551682
7647,1.4454905766195851
7648,2.477728157591426
7649,4.675894158055088
7650,2.110677824318179
7651,9.77884513194098
7652,9.55858794027861
7653,0.7809772220946862
7654,7.046067702793483
7655,0.39995161168587345
7656,4.9887969920651285
7657,9.400847004949846
7658,4.0372160012433636
7659,4.351207561937841
7660,5.834358162502513
7661,1.6586078827683401
7662,5.9251189151233055
7663,2.6256694131868303
7664,3.31120978100009
7665,8.093284626938512
7666,0.2215942996917975
7667,1.583282909534228
7668,5.365738865584512
7669,3.5122234843681355
7670,4.42938649583658
7671,1.3615397843500707
7672,4.909544895098011
7673,6.178500000395311
7674,2.1691756422327684
7675,1.8615556902229369
7676,8.605370085648685
7677,6.697148671225791
7678,2.186342060148591
7679,5.428573450365796
7680,5.967284189615506
7681,1.5535236936711387
7682,6.4213149018211695
7683,5.454573295048477
7684,5.115751941747453
7685,1.6866089475915649
7686,2.1749659680672866
7687,1.3503142323147148
7688,6.2236905683140575
7689,4.726924437421408
7690,6.15480329490563
7691,2.044008573306424
7692,9.994103471759269
7693,8.294984438171923
7694,9.245404417962844
7695,4.60124758117792
7696,7.4230284230148165
7697,0.26053600129772725
7698,7.731483035884852
7699,6.939935653301364
7700,1.4175493140906947
7701,9.631614091666346
7702,2.6226267320693712
7703,2.1209520645791184
7704,0.2003278925368723
7705,6.714764287976338
7706,3.1276483261086185
7707,3.4880222860430763
7708,7.11054250394576
7709,8.939436988554496
7710,7.890009817891437
7711,2.7163332990218043
7712,5.629836986582855
7713,6.7381708062402375
7714,1.0804539803809816
7715,2.888007149398817
7716,7.015840337708637
7717,5.256138735546896
7718,3.019198126415077
7719,9.118830551780109
7720,3.6943419108446736
7721,4.8219293306740365
7722,6.1384840295985805
7723,7.539044834845749
7724,1.781762145317891
7725,2.439798958135485
7726,1.9083169080920772
7727,5.487277633166963
7728,6.370287851805259
7729,8.795786122500203
7730,0.3145705511269166
7731,0.5080747651276672
7732,6.596442855946201
7733,8.007784544264902
7734,9.689260427031606
7735,8.4527942230308
7736,1.4357736382942967
7737,0.7729966631319846
7738,6.547655953474505
7739,2.273858938331093
7740,5.0943649858380144
7741,8.298859692348332
7742,7.148322127719456
7743,7.109225862292228
7744,2.7541499323815333
7745,0.3892922727716045
7746,5.1102142480322135
7747,6.584322142666186
7748,2.760202284089269
7749,8.547868175204544
7750,0.27791699389272523
7751,1.2609990363906398
7752,2.386059841225198
7753,3.7376950449485298
7754,7.624237531680387
7755,6.577706510935637
7756,9.529904138610133
7757,7.546013842614715
7758,9.395739492666587
7759,4.234081786242154
7760,9.621380126264572
7761,9.308401306878585
7762,7.174388793655793
7763,8.160999465011766
7764,1.9665123245611114
7765,7.541976664037997
7766,2.3950634093777925
7767,1.8337842422226467
7768,3.7845194231085446
7769,2.724313366170396
7770,3.1246155000531566
7771,8.088489432763355
7772,5.884814240603752
7773,9.993225824255106
7774,6.977432608489162
7775,5.997285357837529
7776,7.847299977527407
7777,4.573145039214477
7778,5.177921006292711
7779,0.1009809759718156
7780,5.653862484654584
7781,3.1503570091315147
7782,3.1227287543682625
7783,1.3911248405681056
7784,1.7710135114113779
7785,7.0544191226185005
7786,8.410639187557807
7787,1.7816268431700943
7788,9.974223490563672
7789,6.586691332042087
7790,1.885442641213476
7791,0.19135570061188928
7792,9.868668885790038
7793,4.88441258337323
7794,4.921980542783934
7795,6.661615080654125
7796,6.047615150891078
7797,8.938518471220844
7798,9.849822805026367
7799,1.3738107025446344
7800,1.5222955554383109
7801,8.474490225853206
7802,3.875418261564234
7803,8.430374815258151
7804,4.7143460445748815
7805,9.007322306303923
7806,5.16062922851517
7807,3.1901870670201724
7808,0.2816297824932062
7809,6.016374286953483
7810,7.134081074599414
7811,4.698913188449932
7812,4.9992093202880294
7813,7.654415632628661
7814,6.842960705953654
7815,2.2884341770709997
7816,7.63727518115394
7817,2.814323202286715
7818,7.703756143123101
7819,2.529143609553928
7820,4.603488181557662
7821,6.4412953838648415
7822,9.288234564321998
7823,4.133024013740225
7824,6.149336232094628
7825,6.84452186906025
7826,1.2260769007203602
7827,5.327681498022879
7828,6.892371064217668
7829,1.0032441884818812
7830,3.7115210287561244
7831,8.457926212371166
7832,4.498526044055961
7833,7.4530785697314315
7834,1.4995921594562829
7835,7.656072502349037
7836,8.27849177061479
7837,3.749761703246827
7838,2.4133551465730245
7839,3.107593573508924
7840,1.4030609307884234
7841,2.5507669347222155
7842,4.503322838617886
7843,5.33334252738846
7844,9.02821692202928
7845,2.6061397445274546
7846,0.9289121455679535
7847,2.638342383020984
7848,7.091185612102221
7849,8.979041173225871
7850,2.3509521131283924
7851,2.914686542153679
7852,1.7582154413002005
7853,1.3965884752954314
7854,5.254030743291244
7855,6.639303362733984
7856,0.9803519090150876
7857,4.210089626303159
7858,1.4695365967969405
7859,9.401964424723957
7860,7.294013761815758
7861,4.256029432608101
7862,2.600178518122822
7863,0.44136679112614474
7864,1.6654495560570173
7865,2.765153780394728
7866,0.9877923472506945
7867,7.12343421078003
7868,1.3743591495972436
7869,9.541597218326421
7870,4.345492647084031
7871,1.9759580686203038
7872,1.4968169978109729
7873,6.638448452985992
7874,8.535795915000199
7875,0.9197003857758163
7876,3.563432397778351
7877,0.5425361701842778
7878,8.96178220327914
7879,8.998035163237086
7880,9.884027456211083
7881,8.419943564457146
7882,1.4202749491260944
7883,8.748372352404605
7884,3.458939588831357
7885,2.347758741986531
7886,7.490266555470343
7887,4.634846592420192
7888,3.882798243064926
7889,4.775243529502989
7890,2.682751601320728
7891,8.116851004024856
7892,2.262027506559365
7893,3.4286309275775
7894,2.5704677718313262
7895,5.766996783543688
7896,7.061568422838136
7897,6.9144914397975565
7898,3.390271019100306
7899,6.887473299704869
7900,7.785874981679617
7901,9.678749069482853
7902,5.141907386698319
7903,3.511097007571938
7904,9.03102740850167
7905,4.625740278457633
7906,4.7935593883834615
7907,7.826043972979692
7908,3.588385846476575
7909,8.53960309429496
7910,9.13407811752236
7911,6.708229868806783
7912,6.753654457641519
7913,1.5282874428393673
7914,6.994208836494037
7915,5.5711200181594265
7916,2.2176681548249837
7917,6.265579587794989
7918,3.4652906199347715
7919,4.6297221154072945
7920,3.9142584561633567
7921,1.742048200069496
7922,3.852725973192972
7923,6.140634484206584
7924,4.377617252595444
7925,0.667582718915457
7926,0.3072510646661018
7927,9.713405829962792
7928,1.3294047237682127
7929,0.5527355205961837
7930,9.655522479495339
7931,1.0878716803732351
7932,8.913941241204927
7933,0.7213953206628665
7934,2.820416397498396
7935,9.225349833487824
7936,6.187248256092199
7937,1.089226662437915
7938,5.953455689908793
7939,2.8038724309918943
7940,8.038809353903748
7941,5.713366944681393
7942,8.885699545919454
7943,9.963800958040318
7944,7.6112161987160505
7945,3.7682444338735714
7946,3.0219665597033716
7947,8.39619863436076
7948,8.546517315040411
7949,7.7137738462199765
7950,7.03580197493809
7951,4.2506847228321405
7952,6.9350791133804846
7953,0.1665285704526661
7954,9.839080501887711
7955,3.275814682894029
7956,0.8209836152570386
7957,1.2331236139813693
7958,3.888533017994167
7959,3.265723464319601
7960,8.887656342009105
7961,7.674769519606278
7962,7.649885253806864
7963,0.2038717661049458
7964,3.7369152127410277
7965,4.5971913329008025
7966,5.769058335313756
7967,9.740019850119939
7968,6.6363404267109285
7969,4.967797209082256
7970,5.838997762821964
7971,7.087519641109319
7972,5.679042889988942
7973,6.6732943746518645
7974,1.608700797218344
7975,1.3209251888174856
7976,5.367533514937645
7977,1.3085938182658468
7978,1.7297018764902272
7979,8.008673214405373
7980,5.463333968447381
7981,1.9663607503205245
7982,7.172269165746306
7983,0.3929990366800853
7984,2.478426713689881
7985,3.3032130204034096
7986,3.3019883934947765
7987,8.537172388210642
7988,9.30238041046416
7989,2.4623485793248117
7990,7.933605661640484
7991,1.7045710593114844
7992,9.761960978533212
7993,1.667265637400279
7994,2.6107312122095845
7995,4.188595063642344
7996,9.905695071444406
7997,5.7742102351521245
7998,8.758478642996531
7999,1.709581825754934
8000,2.4654059530380357
8001,3.7862270587227633
8002,9.594413524883464
8003,2.9395784779123644
8004,2.4377327920208227
8005,8.432704835175597
8006,0.6020514103608828
8007,3.224135579997053
8008,8.859833486441486
8009,3.8547731226570767
8010,8.858784866062974
8011,4.563159642319627
8012,0.9971418348709025
8013,2.751492542412597
8014,2.1325291782410347
8015,5.534341411029987
8016,2.0347695203771456
8017,5.7899201193128516
8018,2.786965744486727
8019,3.4133451852146606
8020,0.24046110056201836
8021,6.9321106131919725
8022,5.535144834467619
8023,5.976118997880221
8024,2.805617950031242
8025,0.3100294532622319
8026,7.098528114392636
8027,5.246304764719851
8028,9.853722131181057
8029,4.828861174512364
8030,8.016805155197845
8031,4.1123638819536845
8032,8.759019012277186
8033,4.223509523087549
8034,7.097402501659512
8035,4.857583691024354
8036,9.958312340307147
8037,5.936844620431503
8038,3.806089200288655
8039,6.3607803656664705
8040,4.044440642826517
8041,4.113282916838675
8042,4.984935342719922
8043,8.810916251826924
8044,0.42042672184153007
8045,9.614408825993696
8046,2.7094462871996563
8047,9.880344285550981
8048,8.081821727506158
8049,3.192956385837247
8050,4.371231331259352
8051,4.135734584162581
8052,1.576576501968656
8053,9.874788909828313
8054,0.4113454871476332
8055,4.321328363369925
8056,8.18386521824141
8057,8.237039949654516
8058,8.302860628573999
8059,6.266904051807183
8060,6.10749258562354
8061,8.034407556596335
8062,5.904383708749044
8063,7.874794161445297
8064,7.737988177376799
8065,2.330480300008767
8066,1.02656581475238
8067,0.488128460557693
8068,3.986275209223514
8069,6.713935507684556
8070,2.124894995991633
8071,3.095203245615672
8072,0.3033239439949681
8073,9.451920990937744
8074,6.597654790392791
8075,6.871902005156618
8076,3.269784837472643
8077,7.936512175324807
8078,8.718025978443572
8079,7.868089662091728
8080,4.7087255468477105
8081,1.7811895610004482
8082,8.415302937841469
8083,1.6536065828347304
8084,9.99355469186166
8085,3.1928962903751352
8086,2.5784669773367366
8087,5.550424285050486
8088,2.9856502483398915
8089,9.947701297589441
8090,5.83303067463849
8091,6.832504155163079
8092,6.929695821296926
8093,0.5439992274110755
8094,8.881807723251642
8095,6.50173193274139
8096,6.057000882088767
8097,0.8859555751855686
8098,7.84017090938016
8099,3.7857582071367517
8100,0.44526272523573274
8101,0.7214377279864939
8102,5.260725559440195
8103,8.752219692092332
8104,8.673229994508961
8105,5.1021011019974045
8106,2.3928588558021455
8107,9.907020690682636
8108,2.3806832169389436
8109,0.3906298770861446
8110,6.884612341944323
8111,6.357455591115776
8112,0.7322202024000102
8113,0.8136278260253319
8114,9.693975745442591
8115,3.2445562246118387
8116,2.6031363593674093
8117,8.530740776875284
8118,4.640649237594316
8119,9.421090677414846
8120,8.83294107285215
8121,6.650048421455112
8122,7.871086942838295
8123,5.958244282638464
8124,0.46698798758077376
8125,7.550689249492902
8126,9.972688665738817
8127,9.013209345219915
8128,4.422135439176198
8129,4.608688699748023
8130,9.19647669879744
8131,9.06897878773261
8132,0.4605067495682206
8133,0.7018445737809765
8134,9.945364081701888
8135,0.6234513020220254
8136,0.2421598312800225
8137,3.0749090505585697
8138,7.858051238776752
8139,7.844390220386897
8140,9.136280461804052
8141,6.23255952741583
8142,9.299739088650929
8143,4.844051761109833
8144,8.487506660880609
8145,4.8557021462785395
8146,7.586074610302914
8147,8.776816873373553
8148,9.99725688594406
8149,5.958609208358488
8150,0.4930374345186934
8151,7.516118617013366
8152,9.087009765683073
8153,4.8411578824561445
8154,5.1487221024900505
8155,0.5733714824874973
8156,2.2534949491570617
8157,6.7863217525377895
8158,0.233868745617312
8159,3.946523722900805
8160,2.383352376776982
8161,2.138282204676829
8162,7.419982403322464
8163,0.622095734444706
8164,7.413980537794388
8165,4.280195617458295
8166,7.640791838872277
8167,3.1440843917730676
8168,8.236073237246314
8169,1.9234677600100267
8170,9.468236661939612
8171,6.250085824834261
8172,5.228584700057302
8173,2.4118682972558614
8174,9.746102836819846
8175,1.2173579151902776
8176,2.4711387384012147
8177,3.1343274239835894
8178,7.6864969312660065
8179,0.6121120140984132
8180,4.511670765713968
8181,7.897641059965061
8182,2.59202478934301
8183,3.6731204411503464
8184,3.4979827970689708
8185,5.551978530943601
8186,1.601495861515784
8187,3.6639296957526506
8188,0.6573387405076548
8189,1.0816212743291012
8190,9.806699821908811
8191,8.631902674187733
8192,3.1678561228738746
8193,8.98646220339858
8194,9.83146799486389
8195,4.245846235389218
8196,2.3629292511510176
8197,8.598662158146908
8198,7.03355556408283
8199,9.66950970103599
8200,2.16068016103392
8201,7.327757419419864
8202,3.1980871479762256
8203,3.564870199708626
8204,2.290233792397032
8205,3.12231155657554
8206,6.675561470818847
8207,5.156655538056195
8208,3.2639352673743116
8209,4.582199357503784
8210,7.026683557215209
8211,9.570824454810952
8212,1.2425297677612606
8213,9.051597713589828
8214,7.825673497963478
8215,0.9249392887145753
8216,7.617199522911563
8217,1.6132247876948156
8218,3.9541079418720413
8219,9.633362538051248
8220,2.3411649965795798
8221,3.398128517771758
8222,0.2595695616030323
8223,3.9883600154085554
8224,7.975621619765538
8225,5.576466686303257
8226,7.273270008003138
8227,9.629615063965405
8228,9.82121489382597
8229,1.738884743240894
8230,2.9144294047815817
8231,0.9569963195768842
8232,1.3453591945653773
8233,2.889261698955905
8234,5.507437079611184
8235,8.15257258090399
8236,0.47029488800291264
8237,1.3660412773416868
8238,3.144338016937681
8239,8.611970838088643
8240,6.067595932721467
8241,7.4139070671123575
8242,6.457925311105982
8243,6.163945309603284
8244,6.148511945765983
8245,5.361256097918304
8246,6.238905277106751
8247,4.487743272425313
8248,3.109773398329768
8249,2.7535801846522885
8250,8.72169818085061
8251,7.733237168690624
8252,6.343049821680755
8253,5.143937580398821
8254,8.269315894232095
8255,0.33839848773077
8256,0.7668526080326906
8257,9.26135601093663
8258,3.866248419099857
8259,0.6680399611624939
8260,8.822393369178455
8261,6.446004994151012
8262,6.150792375024998
8263,4.471981143812783
8264,2.1887325241768076
8265,2.6469262285437254
8266,1.9347678131149246
8267,2.219343472619586
8268,3.5248439989811997
8269,0.2887805501791201
8270,6.0276403633147035
8271,0.870141805830359
8272,0.9127529768861948
8273,5.899015337068208
8274,9.791617270616308
8275,5.10298655707281
8276,1.8995099673373756
8277,3.6244862230849773
8278,7.0474199583356585
8279,7.893646487560926
8280,7.159980774170225
8281,1.2603594451152669
8282,6.88849181566917
8283,6.4215379525094605
8284,5.944892948106207
8285,5.381628349274586
8286,7.4610402965059475
8287,7.010623857782707
8288,8.284158901097987
8289,4.6815049756179095
8290,3.3327999103972994
8291,7.175647292913955
8292,8.817458348941921
8293,6.467618263004785
8294,1.2910990435180394
8295,5.785441996673804
8296,0.7868005624093055
8297,8.36458288502006
8298,7.368188664053642
8299,4.34822748975895
8300,5.019586526973409
8301,1.4804224723354102
8302,7.581204876567649
8303,3.9856910995426063
8304,6.605700658047843
8305,2.167031572687977
8306,8.346955083630855
8307,9.536927781857539
8308,3.9637873162208166
8309,1.7806612081690274
8310,0.9237085157842925
8311,1.4501056828518513
8312,9.340002274551361
8313,3.75829018929283
8314,7.917114251822995
8315,5.153420176275985
8316,7.461200379784688
8317,6.353475273212033
8318,7.375100596024089
8319,2.4608077493240845
8320,6.892987390142278
8321,0.600747565266941
8322,2.731238520585146
8323,4.941403692920172
8324,9.944932653600016
8325,4.027870281972659
8326,7.929133120637411
8327,6.101421989665781
8328,1.8675230020741858
8329,7.558738649211645
8330,9.366906143403178
8331,2.6004883415513116
8332,6.502181253196449
8333,8.475042991758448
8334,1.4264472812341433
8335,6.771878166918284
8336,5.301117880726112
8337,6.938460238126272
8338,8.298289625651764
8339,2.423486276623813
8340,6.86231497955667
8341,6.458993643686711
8342,3.116412435602957
8343,1.1057582703618392
8344,4.880117520681333
8345,5.563897467525772
8346,5.239660691278375
8347,0.8480617898839595
8348,8.085574000667066
8349,9.094377767411483
8350,9.945633957327795
8351,0.12748489352139478
8352,2.5733572291015676
8353,5.166369395600674
8354,8.330655939183082
8355,4.768409760376117
8356,7.81213931847902
8357,7.359302443673489
8358,8.965548293576266
8359,7.72005616169259
8360,8.462299696689875
8361,5.451191704265758
8362,1.836412397088436
8363,6.189946079287905
8364,1.403899837279058
8365,0.8442303458290883
8366,1.2054489330304732
8367,0.3323804856219559
8368,1.1997434620304357
8369,0.43948700729777934
8370,6.102900704931052
8371,4.7385490614475625
8372,6.105601347418944
8373,8.517351292693816
8374,3.6575245686383333
8375,7.330937065522389
8376,8.255602220071747
8377,5.680788086236009
8378,2.902585177005676
8379,0.25494069770002403
8380,0.9704424468922972
8381,5.569156439916285
8382,1.4017994735990162
8383,8.047554784526525
8384,5.2491626821876975
8385,7.136839593594292
8386,8.51831824491285
8387,6.917879335717143
8388,6.10716184907564
8389,2.842453483513294
8390,8.691991618081227
8391,6.220193464646211
8392,3.4938568071426173
8393,8.184741030396173
8394,0.6675034463744001
8395,5.220786418415145
8396,3.382868259776157
8397,2.013862501082721
8398,3.9596661727895324
8399,1.5920634610285593
8400,9.545727540406276
8401,4.10815790591651
8402,0.5375981483280443
8403,9.496273824699392
8404,1.413161873086607
8405,1.7780865839959403
8406,5.254109010355428
8407,4.263485964979662
8408,9.820277687197652
8409,2.6529403586573146
8410,0.8047471335911335
8411,6.969891470967718
8412,4.639160136228597
8413,8.401078002064388
8414,6.699879573289941
8415,6.6973209755436
8416,1.7032148847004471
8417,0.9330111218633688
8418,4.796329607542612
8419,6.021175061284844
8420,8.747561461903265
8421,4.106588582070505
8422,3.9756970921679167
8423,3.8510873503247005
8424,5.626733580872699
8425,8.384368678900579
8426,5.534302785552464
8427,8.233111251404718
8428,9.014515981427438
8429,1.4950413690007303
8430,2.524233346407522
8431,7.722761355548734
8432,4.067233050113617
8433,6.054403054821565
8434,7.4599823546099415
8435,3.2499813206017705
8436,8.961042887233287
8437,9.064870884473368
8438,6.338256320075002
8439,7.594575110057461
8440,1.6026745919182135
8441,8.650167570181313
8442,2.295480836005039
8443,3.387080235769723
8444,0.56342988988878
8445,8.559549576317877
8446,7.607440552191329
8447,7.344401969809993
8448,3.7199441524038295
8449,3.234135961602799
8450,3.940185654759952
8451,0.4012491170462603
8452,7.640491894495539
8453,4.1393748845599765
8454,4.824602963724014
8455,5.114905159187036
8456,1.8651552531175064
8457,4.1500082677743215
8458,9.89950743869856
8459,3.7824547304105347
8460,5.825859604755577
8461,0.37841197786195124
8462,4.771264766594286
8463,9.656154095905118
8464,1.9241244507313582
8465,6.657138161493608
8466,9.319045375372703
8467,0.5701866472082004
8468,6.441488808172466
8469,5.147759467134695
8470,1.2840351327920452
8471,1.441167517478197
8472,6.971358907710351
8473,6.7975876670561695
8474,7.00581545679327
8475,8.437429905960322
8476,5.222473470375498
8477,6.00862513269356
8478,2.156057316366243
8479,5.226350800142976
8480,0.23201278299931843
8481,8.813751226011819
8482,8.02696845725551
8483,9.304288269070286
8484,7.696647537235573
8485,2.7632792003330913
8486,7.221586890403953
8487,2.436225008306707
8488,8.403492131117686
8489,4.859049367938353
8490,0.860955949358496
8491,8.498758895715167
8492,5.095156419943795
8493,3.9602744129552647
8494,0.39330906686859946
8495,5.588135385495413
8496,7.445851171754066
8497,2.391339040035476
8498,1.4147886213305754
8499,9.713867975635518
8500,7.775500274899915
8501,9.28057766531389
8502,2.476932064281926
8503,3.833096431319132
8504,3.826364373309673
8505,6.959250878856676
8506,1.3057839975600571
8507,3.9422369294641704
8508,4.12791411837782
8509,5.389719312372252
8510,3.850928390392027
8511,6.552293461489661
8512,4.095847889375424
8513,5.016978019436219
8514,9.990341448201473
8515,6.889930050255903
8516,8.806317950746022
8517,3.2571479393975604
8518,3.0571716139855436
8519,2.7982931390263626
8520,2.4393166043196137
8521,1.6049484465999055
8522,1.8361126593454093
8523,2.547217411089876
8524,2.21613883824954
8525,8.831568155893985
8526,5.699621972499249
8527,9.675432451614544
8528,6.010938274847253
8529,5.342066220667834
8530,3.091448199453682
8531,7.433838228465416
8532,2.7330267508360837
8533,2.7089532258022606
8534,8.26176458307979
8535,9.592360008317492
8536,8.021001022132653
8537,6.183475122471438
8538,1.6853102477523376
8539,3.487804126012791
8540,6.797101889847526
8541,2.222220521730472
8542,7.118874826935375
8543,7.024115447962102
8544,1.4597718127403185
8545,2.376941437654781
8546,7.238329118564207
8547,2.020245691155612
8548,6.6882236992475
8549,1.9920112051192298
8550,6.850028099496466
8551,6.060271715566823
8552,2.8272761350466418
8553,6.846790514132272
8554,5.422253882922473
8555,6.011248333940145
8556,0.2296013182725063
8557,5.070190340274041
8558,4.961761453690383
8559,8.160363919357854
8560,3.5717340676824914
8561,8.26178771093949
8562,1.237008196867733
8563,5.414467511009043
8564,3.1027488846459974
8565,6.796606747662318
8566,2.0644385436219905
8567,2.988994118828634
8568,1.4593636123087437
8569,9.106039156301838
8570,8.936384824140271
8571,3.7593986191324644
8572,5.462588170325251
8573,0.12473481090464221
8574,2.885971518187579
8575,3.407433874283523
8576,8.79857057710781
8577,7.831651708888459
8578,2.4437427279700845
8579,9.68441810547714
8580,1.4814855408294192
8581,5.455561034980545
8582,0.21960987733493753
8583,0.20445265434707827
8584,5.610945259125018
8585,4.648701116994349
8586,5.042832179057408
8587,5.878336220096846
8588,0.4098630209270332
8589,5.183459973693981
8590,5.766545746641108
8591,7.104629674492379
8592,5.0012478557017985
8593,9.346355424231355
8594,1.772244489537312
8595,2.6792058205800124
8596,0.6823807360246807
8597,9.05563654094904
8598,7.939246404885178
8599,2.559999930307335
8600,9.760100066849361
8601,1.8448405546288753
8602,0.7434425057453556
8603,5.160209000494499
8604,3.190885794689245
8605,2.494214464988588
8606,0.7055379349784624
8607,3.086229394060488
8608,7.39990118958978
8609,6.777055540662451
8610,6.806132602005504
8611,4.859834451654402
8612,1.2798330109981073
8613,9.376046797537352
8614,8.416020719041985
8615,1.0094967518962399
8616,9.850854798487624
8617,3.6231090359440996
8618,2.1694827052075896
8619,6.963353743114256
8620,7.654324450477422
8621,5.468693221396084
8622,9.485289441244444
8623,4.901668127378191
8624,7.869217280956382
8625,0.6616303067009526
8626,7.869914779322075
8627,7.140538388640242
8628,8.230409191606189
8629,4.699757045603582
8630,1.112976716364061
8631,1.9209455671209128
8632,6.985659451049355
8633,2.8869445691769635
8634,6.474866979034908
8635,1.7180639300301264
8636,1.1297053209169692
8637,4.3400763804992435
8638,3.7810211457734564
8639,9.454794281786564
8640,3.957749275599055
8641,4.022018669022477
8642,4.85851330790024
8643,0.4351333199900086
8644,9.768905498735021
8645,8.116342036709192
8646,8.166163132497996
8647,6.267497606914757
8648,7.8561908547382995
8649,4.691447688897858
8650,7.1651436695332915
8651,1.670628462352173
8652,5.034948407031437
8653,5.356848952077624
8654,3.0293916722492336
8655,4.55360385375914
8656,6.640289856617783
8657,1.7024951936765031
8658,8.013257164279487
8659,6.461387751673585
8660,5.913178194140697
8661,1.8252355109563172
8662,8.517405552637934
8663,7.529988233496285
8664,5.769250449794526
8665,8.174711247367359
8666,4.134424629069575
8667,6.7995449698603885
8668,9.40621100980076
8669,3.482041127679354
8670,4.867569594681048
8671,5.283531150591024
8672,4.929274523546589
8673,4.195536501366064
8674,2.4825028919121817
8675,5.744919932464759
8676,9.506519350593276
8677,5.75260361622113
8678,2.028550538042763
8679,5.3274359618781455
8680,6.758409589679788
8681,2.197841231556893
8682,1.762949298875396
8683,5.100558764978536
8684,3.9745343314496155
8685,3.7049899517434643
8686,9.588734923127964
8687,8.797576901979
8688,1.6838591088363737
8689,8.399808452296485
8690,8.411751605514969
8691,3.140524209261837
8692,5.046095586708533
8693,9.266403982939487
8694,6.782378841518393
8695,0.18315359143635698
8696,9.221179132855346
8697,4.525539455790135
8698,8.316587279718616
8699,5.553634608349993
8700,8.177035282852676
8701,7.7352536572591415
8702,5.534839241981964
8703,5.699589400325168
8704,9.444390560093302
8705,0.6693839408883128
8706,6.2867032531197875
8707,5.749235887727711
8708,1.9708702961068787
8709,0.1978878243553389
8710,1.1851210548266706
8711,0.4968992349146173
8712,2.483191436544166
8713,3.7450521006211233
8714,7.158355833169779
8715,4.2320108578857525
8716,1.680124284005508
8717,1.3602359791243934
8718,1.5567381594501004
8719,2.885122639918475
8720,6.238997972760224
8721,9.75898360453582
8722,5.402206083944551
8723,0.4159206159024875
8724,2.0289831183950398
8725,3.833507487883446
8726,5.608509581669641
8727,4.3272912127617795
8728,7.146209303275518
8729,7.375422322888678
8730,5.80231506662839
8731,9.708928291863888
8732,0.20219517841334023
8733,3.469721725739036
8734,2.3013795577754976
8735,3.6226820837875233
8736,2.2826162913545804
8737,2.9892831053889304
8738,3.0973072634425454
8739,2.8860993660738927
8740,5.529510224846984
8741,0.5449459438535688
8742,6.077113391895417
8743,9.928428056455157
8744,8.8469483874517
8745,4.67834317388937
8746,7.3930243634037165
8747,0.7779015958329841
8748,6.559904897688804
8749,2.5709594570001975
8750,2.4262968735144237
8751,1.5588393859475334
8752,3.634355470729632
8753,8.555553662225922
8754,9.719823228758159
8755,3.6485272416068057
8756,6.932241456164241
8757,5.3395371574913275
8758,6.295297734927544
8759,0.5544394190612202
8760,1.350691875220937
8761,7.028572658446862
8762,8.199298410624484
8763,9.39719206841111
8764,9.119084546157868
8765,0.9408285608347675
8766,8.391108133854802
8767,0.32456325774753425
8768,2.636510274516292
8769,3.190675075339577
8770,0.4854156180100889
8771,2.1233709628342354
8772,4.605090637954655
8773,7.668064065728686
8774,4.5396468023507435
8775,7.274338163463164
8776,3.4244795684022877
8777,8.345897043632855
8778,1.0974850436376298
8779,4.975657698684533
8780,9.255325213883733
8781,7.574874768616161
8782,8.30721798145722
8783,5.000028501833609
8784,4.584608850960434
8785,3.9401286529345607
8786,9.611770631442596
8787,8.583393017036924
8788,4.80080960840312
8789,4.150284324888836
8790,7.148484522072581
8791,3.932002059843836
8792,1.7724735205386597
8793,7.1219945205663215
8794,2.1234510863638123
8795,3.463080025428919
8796,0.3244473675109648
8797,3.595752948230504
8798,0.7903119119671727
8799,4.0612860414764045
8800,3.4271048505369617
8801,3.0527327010612537
8802,6.979565134252884
8803,9.491680555928623
8804,5.420652704468242
8805,1.3748954425704565
8806,1.5405777962777043
8807,8.452892379822021
8808,7.4742218839313015
8809,6.397021602851173
8810,5.650148562017279
8811,2.563680038716963
8812,7.977736306604285
8813,3.42870575729809
8814,3.255227153211489
8815,2.768881344131503
8816,3.046836171128703
8817,2.264295479092327
8818,5.403823831028247
8819,3.5111826445698315
8820,7.3313342779539905
8821,0.14561541231961234
8822,2.8190311775087378
8823,5.4426834894216665
8824,1.5921877926504087
8825,7.422028293680493
8826,6.255944278398302
8827,9.4208290819029
8828,0.6717856908883378
8829,1.8973286001117424
8830,3.2964072474326094
8831,1.268251136222096
8832,3.0056366380994963
8833,7.320334981817253
8834,2.003917141864877
8835,4.700947265763901
8836,6.006091081994926
8837,6.238564574403331
8838,6.5624130452403975
8839,6.110221118461909
8840,2.036346845614962
8841,8.641727770772494
8842,8.377885136483004
8843,9.259837493636779
8844,9.54200054439553
8845,1.881690064300658
8846,2.1411457611600553
8847,1.7436006195678384
8848,2.4048146676054785
8849,1.3074291772840978
8850,0.8887050957496742
8851,9.772058693694607
8852,0.37962587121314606
8853,1.352853878194399
8854,3.8548252623605403
8855,4.6336026522992
8856,6.440282395181062
8857,3.154623956220508
8858,5.595865128350634
8859,2.598609712224
8860,6.351433155212745
8861,7.906432036018994
8862,5.538862355554504
8863,6.6723277127367995
8864,6.1284615948475425
8865,0.2717404492906575
8866,3.325779817507903
8867,9.648214526800398
8868,5.000611235339723
8869,0.2469034294516463
8870,5.29397534530375
8871,5.5540356962727975
8872,0.9027355309247186
8873,8.682936154181645
8874,3.0098209946041368
8875,0.3814837139633548
8876,3.9232218997161827
8877,0.11165225313124806
8878,8.430767064139856
8879,6.85455453059435
8880,6.11283363517363
8881,3.8956348496444972
8882,1.277418200870988
8883,5.795250180406013
8884,6.58156532870261
8885,6.835131299477691
8886,7.878041265572969
8887,9.1165271482299
8888,5.790214629907395
8889,5.985847116482608
8890,6.569495447827245
8891,0.41725216819288413
8892,0.16177269352084206
8893,6.4908130788736145
8894,1.6353243830151007
8895,4.9943048336435005
8896,4.671809145871583
8897,0.26606818917317
8898,1.6267192298323463
8899,3.174306522888599
8900,4.985883488159495
8901,0.1994024567567212
8902,3.3187601780433034
8903,0.25324547823535615
8904,7.0538771936349525
8905,6.425455902476396
8906,4.242607023559406
8907,4.234522665134624
8908,1.0501290609338116
8909,6.997226954029235
8910,5.330458919452385
8911,7.222052803788529
8912,5.551716185113581
8913,6.994954332561378
8914,1.8024859822087547
8915,2.7758894782160355
8916,3.421368489591789
8917,4.377653431432709
8918,3.034702033237754
8919,6.095865679175563
8920,7.710580890618158
8921,8.226956035821315
8922,3.4469112666659463
8923,5.218970954431301
8924,6.362899375413292
8925,2.14598485178701
8926,2.9371890451492195
8927,4.44955339758983
8928,3.6897653218747353
8929,4.798113356107592
8930,4.855592329354333
8931,2.0913173169489245
8932,4.196553199355253
8933,9.373503698994647
8934,7.019847631060414
8935,5.717897861724384
8936,1.8475267603363739
8937,1.8266802563688804
8938,9.324851829665192
8939,4.114995860020061
8940,9.156164573022634
8941,8.846555308672952
8942,6.196609036083084
8943,0.7426104509334666
8944,0.5802119247983998
8945,0.9884311021548671
8946,9.05621999259108
8947,3.0214323272524766
8948,1.524081880668891
8949,5.27589897315542
8950,5.629006227970714
8951,5.573201611030999
8952,4.796386513435322
8953,9.85940548045296
8954,2.6215557942993635
8955,5.765229178642137
8956,9.977806123781708
8957,8.555269003823176
8958,4.254223178622344
8959,3.4777120537604573
8960,3.5979369317101386
8961,1.162495630880241
8962,1.2928706833917487
8963,1.0181652276231292
8964,2.9975877718384276
8965,8.187022211910953
8966,0.3253702550808008
8967,0.9712849080537818
8968,3.983111540753176
8969,1.1093813993021895
8970,4.088357293772902
8971,0.17852528847807086
8972,2.4958017332573816
8973,1.2304130561614663
8974,6.122213556943083
8975,0.9955675112749104
8976,2.704538214357409
8977,6.701525662799768
8978,2.9599180611023903
8979,3.768774204373095
8980,3.6742086094471915
8981,4.325492856517109
8982,8.12815665865912
8983,9.450964242705439
8984,5.083261193993434
8985,1.7870525771832146
8986,7.161447273010065
8987,1.6874275808986485
8988,9.836811604109572
8989,5.055907518398085
8990,5.393123818408509
8991,6.5982183687488245
8992,8.942866925482258
8993,8.118266131454428
8994,3.8981036416741928
8995,9.640653095048977
8996,4.988241324626177
8997,1.0223959601333499
8998,9.940364787544613
8999,2.538176996320072
9000,2.1645486397271734
9001,8.509071394729963
9002,3.7508140714084375
9003,8.447269229367391
9004,5.964155583850889
9005,9.926872939996219
9006,0.795304351496029
9007,2.8983835165959895
9008,8.717581443228708
9009,9.205025379604344
9010,7.775984968345452
9011,7.954255832554669
9012,8.336645458641092
9013,1.5970306571873927
9014,3.0889847463869424
9015,5.571973259776803
9016,7.82952314024211
9017,0.9574087369778153
9018,5.869529007819043
9019,7.900173700042913
9020,9.317517340514758
9021,0.9403094246867252
9022,7.58079964477514
9023,0.6861285087993403
9024,6.0888941701118995
9025,5.433686116025964
9026,6.162427595400115
9027,8.937212961671683
9028,3.962228797169247
9029,5.081483255229119
9030,3.1588443045756516
9031,2.7326585148254363
9032,7.882238897042519
9033,2.189861704426501
9034,6.11108600099883
9035,5.089582455739061
9036,1.2195882426051563
9037,1.8487157887072256
9038,4.747125177153058
9039,7.9116835616688
9040,1.1064093139262554
9041,2.829139051177031
9042,5.311932422407897
9043,4.154141355814175
9044,1.9365126610036505
9045,4.253116028065618
9046,1.6676315519173304
9047,4.29663216160675
9048,9.463796929804605
9049,6.2960338604790875
9050,9.725900635796398
9051,4.0246002342710305
9052,4.141235884805346
9053,5.415688813936781
9054,1.7450427383406197
9055,5.351760691513703
9056,7.270492466705588
9057,6.214160322522703
9058,0.9298396627267872
9059,6.636089680131816
9060,2.5024363041854576
9061,9.687346153845748
9062,3.1682358394694674
9063,5.483363609559327
9064,6.074038684172337
9065,5.2155343115684705
9066,2.2074607475887476
9067,2.6791906251602073
9068,0.8981036427399541
9069,2.721427182716595
9070,7.589078381104534
9071,6.020554856898044
9072,4.921671222788108
9073,7.578625629748057
9074,7.3188794747480515
9075,5.959676068707776
9076,4.578190706265533
9077,6.541814737277661
9078,1.400158632081645
9079,7.283083008621387
9080,5.77353823117933
9081,5.870407717097778
9082,4.115725266347519
9083,7.2657672792552335
9084,6.73045218703793
9085,7.713242106088076
9086,0.3876753102472945
9087,2.5976888827683844
9088,5.926722257175278
9089,8.991462659894314
9090,7.201417839404919
9091,4.284965177380333
9092,9.424232874580184
9093,1.525084740136858
9094,3.9655574894079604
9095,7.776138064170971
9096,0.72241469751079
9097,6.836304821435407
9098,4.741639841227679
9099,4.386008462694083
9100,0.13097002813288577
9101,7.431339116522988
9102,9.321953511627283
9103,1.1712108004944035
9104,8.650845446341158
9105,1.0095877607869586
9106,3.3571656433860992
9107,8.994296333424511
9108,2.5311249930745414
9109,0.6680628325001211
9110,7.65207704391503
9111,7.570136911642921
9112,3.9448079837352905
9113,4.720814231131642
9114,0.6555083106225581
9115,3.3718144942603696
9116,7.952669198655711
9117,3.000353213737053
9118,7.758344878032837
9119,2.765957904431357
9120,0.8297660588917357
9121,6.970245142501401
9122,9.129823390245328
9123,8.620732266937228
9124,0.9916579804762148
9125,5.326569241417706
9126,3.782650240729641
9127,8.013160415420892
9128,7.410099013806944
9129,9.425174550519074
9130,2.4632325501467687
9131,0.5867305555701193
9132,1.5747792973581385
9133,4.838371259451569
9134,8.913548796055526
9135,4.983243951165792
9136,8.643131768240956
9137,8.761582203380225
9138,7.681060231314502
9139,3.38040212505381
9140,3.2414442493215194
9141,7.670498312024355
9142,4.894527523044009
9143,0.3017612509855294
9144,7.156408558430747
9145,5.6198914850982735
9146,7.1526738031447294
9147,5.445872808283239
9148,9.233296776782872
9149,7.993685615548157
9150,7.850954514738465
9151,1.9102434554806227
9152,5.500829446995749
9153,2.396633526495816
9154,2.1690247865829737
9155,6.432340603649814
9156,6.556351740239987
9157,0.10711853721368411
9158,9.721035791108742
9159,8.268552012422015
9160,7.89147694113797
9161,3.8145407821913144
9162,9.14868444246714
9163,8.076589678203808
9164,5.922874714932898
9165,8.149103319708251
9166,8.50982458991378
9167,6.104083736499173
9168,3.194894720907999
9169,6.958328038151514
9170,6.589528339943004
9171,8.445328483065166
9172,5.31303670256864
9173,2.766121322330675
9174,5.424768669991592
9175,7.29951382961118
9176,6.377830275413458
9177,7.035445510032665
9178,4.13891505429181
9179,0.23728005798626328
9180,5.96590300279574
9181,4.393220353753515
9182,6.281205797050365
9183,0.9244447776674516
9184,8.595822540459261
9185,0.5229921564738504
9186,3.390020685680707
9187,7.978136105271516
9188,7.466658474565457
9189,2.820572829690182
9190,1.4061965214269145
9191,2.240210823619584
9192,1.795161610691917
9193,0.6014835985510619
9194,8.943938476476283
9195,8.881345650383933
9196,9.733932672323878
9197,4.7672148288396565
9198,2.5765742171378867
9199,4.363810525853748
9200,8.582399216344651
9201,9.288768048154973
9202,4.453924373690114
9203,8.858746788174491
9204,0.9988442959035427
9205,7.131321559304315
9206,9.069060118176614
9207,9.792056301987392
9208,4.34084431581567
9209,7.279742173460244
9210,5.525652792618648
9211,2.829052973615822
9212,8.023446703673658
9213,1.6313762668720122
9214,1.8203929160542265
9215,0.7701378878935847
9216,7.628578732447085
9217,4.910057379383881
9218,6.382831488986017
9219,2.7194162330881513
9220,6.841007248002274
9221,8.096562366658963
9222,1.9927022695676693
9223,9.157317000433181
9224,9.455315240362431
9225,7.879786078323908
9226,9.29299860544459
9227,9.639792359024367
9228,4.009004100006199
9229,5.740572936987746
9230,9.0501749623182
9231,5.205611786916095
9232,0.6411801913713107
9233,9.554997773113193
9234,0.6080287308649939
9235,4.8151495502338815
9236,6.670044634104741
9237,1.33790998147401
9238,1.7227804294869205
9239,4.516634657486307
9240,4.2952894798936025
9241,1.8996653519640014
9242,3.117445948414108
9243,9.55527599878291
9244,3.787233111911114
9245,1.7330735427865178
9246,3.3918770627648915
9247,3.2301007741571413
9248,5.623634898951933
9249,9.318503285846031
9250,0.9273583994254562
9251,8.122366157429099
9252,9.084777483740087
9253,0.7983571680739199
9254,3.1203150275887013
9255,1.6555174896755962
9256,1.002567269668142
9257,1.2547950736771685
9258,8.467555337983327
9259,0.96956567583111
9260,8.60490401255347
9261,5.686348095581364
9262,3.14106741919657
9263,8.998141518254197
9264,9.970154484528356
9265,6.106426354286823
9266,7.294006510583531
9267,3.5461138760598803
9268,9.959734880820214
9269,9.39374617250326
9270,6.953266592181366
9271,3.1644722207584044
9272,4.048084078559339
9273,0.683803998481734
9274,5.869713667795805
9275,0.6829485551718077
9276,4.072847174436238
9277,9.338545674220716
9278,0.937039428356415
9279,6.294687444862469
9280,1.196524313061036
9281,9.78705424133314
9282,0.7816660756615885
9283,7.929827393796331
9284,3.6684411398198993
9285,4.767536210922647
9286,9.486402541386097
9287,3.549270352476925
9288,6.933842782799287
9289,1.5782428670577542
9290,3.5485302840811386
9291,5.649160662918684
9292,9.508065169828726
9293,2.234206946774761
9294,5.750871678788461
9295,9.724052025939171
9296,3.7377264159580057
9297,7.199419935154229
9298,0.6521514305074123
9299,7.558003058497694
9300,6.094259061346365
9301,1.8863302971355689
9302,0.6177115927083382
9303,7.187737686573458
9304,3.3406184634612246
9305,4.4087283475371
9306,8.67212808674656
9307,8.513021217505786
9308,9.976205438832357
9309,0.8609853182302605
9310,7.797309579915773
9311,7.9386749755514385
9312,8.782793979961731
9313,8.072457603420377
9314,4.829677315506827
9315,9.315553990657591
9316,4.1170683781545865
9317,6.023085743390729
9318,5.437013811588695
9319,9.171035003732403
9320,5.035010624495453
9321,4.722281663757634
9322,4.607997116952025
9323,8.714727473227722
9324,0.15763945976055224
9325,5.335958387258776
9326,0.2171158653222677
9327,6.404444279853469
9328,5.736988048307633
9329,1.116802262336227
9330,4.220882115546016
9331,8.121918915236908
9332,3.359915912591382
9333,8.562188706603916
9334,1.4962536831152846
9335,5.31816776604072
9336,0.7086981691137106
9337,3.652787540065646
9338,1.261359076730939
9339,2.1389673075705797
9340,0.304876044626934
9341,8.913744242556097
9342,0.8886538197348448
9343,6.97622283185427
9344,3.3378541308594523
9345,2.9575406945729994
9346,3.2821980842032055
9347,6.178625709412107
9348,6.367339108818184
9349,7.410755152865082
9350,1.0189807440305418
9351,3.7368460214985313
9352,9.530696661150737
9353,5.2835411349235635
9354,2.1953962207574382
9355,0.8074495430700586
9356,3.705158883247583
9357,2.705102773464955
9358,7.735172365780223
9359,0.7952451488022534
9360,1.7708759492963688
9361,5.2334208594615825
9362,3.358412468146388
9363,8.896960887302816
9364,3.6443794070933464
9365,3.327013610978439
9366,9.00591349176024
9367,6.471071362869546
9368,1.3682140901924842
9369,8.523203022643786
9370,2.380421634049849
9371,1.1221286017166092
9372,3.769421137596636
9373,1.786214082227896
9374,4.731067590013283
9375,4.4551178778033655
9376,0.10056257403195656
9377,3.6393464769993074
9378,2.4813331429869563
9379,4.812106095773435
9380,8.746194029876087
9381,3.272514514674728
9382,9.28630611726979
9383,2.3292581397421546
9384,1.344159992156816
9385,7.624627091132161
9386,4.092802068252394
9387,1.5534193830949798
9388,1.8514326505772523
9389,2.815473157978948
9390,0.6740066909884125
9391,4.69619988910982
9392,3.4056348255569926
9393,4.565310469817097
9394,5.030681586752895
9395,5.909812118177298
9396,4.868453619213335
9397,1.1459822236626733
9398,6.4512539404279865
9399,5.072058812118566
9400,4.154123066774518
9401,8.922650089044984
9402,4.998613832527689
9403,5.437442974638973
9404,6.4712473396969745
9405,0.8056017732038716
9406,4.32746010183084
9407,0.9593287046604602
9408,4.856040097967481
9409,4.199677823960357
9410,1.1159801000257823
9411,2.524185055674337
9412,4.340335906472189
9413,7.272935881913706
9414,2.042668903665867
9415,1.7885781137614392
9416,7.550701136112628
9417,2.174677165065072
9418,9.869115322869193
9419,8.02372174460081
9420,5.876589212934514
9421,3.1419750042491676
9422,9.693229258311785
9423,2.2430235716255438
9424,9.544807174305559
9425,1.0744148095995794
9426,5.302101780325355
9427,5.9434161594351105
9428,2.2119661034307136
9429,4.246793557364961
9430,0.9830903047799072
9431,6.512184235286085
9432,8.366937838880403
9433,9.456120791338195
9434,9.823702447360079
9435,0.9519291391969575
9436,5.665075706143228
9437,6.633135265326231
9438,4.357215089556916
9439,8.06004606888354
9440,5.14825752334677
9441,1.661747947892508
9442,7.32139559720366
9443,8.157133433261144
9444,2.774842534789484
9445,1.776047098406677
9446,9.794671983802559
9447,0.1914160713492314
9448,4.1168284588047594
9449,9.013682006872767
9450,7.541095865663759
9451,7.652634556803802
9452,1.1245948985143193
9453,8.44277343320602
9454,5.5822410548356505
9455,9.059480202238737
9456,2.1997006919768918
9457,6.885761152679341
9458,6.366490286283422
9459,1.0360225919680448
9460,7.127905916051234
9461,8.07790560561886
9462,5.058293785928593
9463,0.33052691193012385
9464,5.199373509593544
9465,6.473609957182839
9466,0.7622268415047002
9467,2.081215209741012
9468,9.73108676395814
9469,2.1161395880547134
9470,7.464276460197063
9471,8.497832115596394
9472,3.4132017615375894
9473,3.2986055229768665
9474,8.926552085263298
9475,5.862057700691423
9476,4.297261877334462
9477,5.726364368036094
9478,4.122654268640493
9479,5.334770562774961
9480,6.22525111154616
9481,6.398896796613465
9482,4.801834605319562
9483,0.36768756392536894
9484,5.776524759864111
9485,5.254204109198916
9486,8.122500712100857
9487,2.611853487134882
9488,5.8969463484759
9489,9.856535488873732
9490,8.841876181060348
9491,1.8732574428011186
9492,9.551249230184583
9493,5.577756013274692
9494,4.321989244250991
9495,9.592322174003131
9496,6.704735107756972
9497,4.019453582001419
9498,2.6387086530385355
9499,6.832251663022397
9500,4.5779172103039265
9501,7.4534881920597185
9502,5.287055464066482
9503,3.422993661528282
9504,8.717617589939008
9505,0.5373506762231042
9506,6.547641941618185
9507,0.7472424357691454
9508,8.685225669875
9509,3.4421731755111535
9510,1.6268527398847161
9511,3.612252995105388
9512,8.440412472996144
9513,9.200725283157144
9514,2.201959895692333
9515,9.088528432600024
9516,2.196877073320048
9517,8.469102231188119
9518,9.306245877302654
9519,5.34882774082281
9520,5.972745504296701
9521,7.636382181296251
9522,1.5367913848892667
9523,5.0056208565351525
9524,8.290314970168298
9525,1.7122106699248827
9526,1.6709770339018613
9527,6.265752911248198
9528,8.869401681112063
9529,5.876641822480482
9530,4.877332415624396
9531,4.452876654106732
9532,1.1040620227536904
9533,2.7802049643853466
9534,5.85066454804411
9535,6.088024628790252
9536,1.020710372340393
9537,8.060435224132418
9538,2.544677038363375
9539,2.701361037117362
9540,3.299511073965417
9541,3.0605765645321883
9542,4.142739142219484
9543,0.674389861976397
9544,1.6673946471284755
9545,6.651671895899526
9546,2.3753121833341866
9547,1.4391217070978382
9548,9.164416671494267
9549,4.4974424708401415
9550,1.9209159992050429
9551,1.8089050893271361
9552,4.492609323173819
9553,4.606279740431922
9554,8.384891326730905
9555,1.6017876735995882
9556,6.53584790080499
9557,4.192611990702303
9558,8.044538365930231
9559,6.6200457188145885
9560,7.662890432797031
9561,8.388854244405456
9562,8.625468794200716
9563,6.339726818614956
9564,8.750766535275185
9565,8.969193573546434
9566,4.008008710339034
9567,5.639689180178421
9568,5.587679252639525
9569,1.1696363630779354
9570,8.9719317408357
9571,2.7959690142543017
9572,8.91641541345822
9573,6.758230634976215
9574,1.9329204867061036
9575,1.7456255379611778
9576,1.6589785714455185
9577,5.085913232785766
9578,3.3370208495320957
9579,9.465359901553722
9580,1.1603307118232058
9581,1.8041868336675302
9582,0.7439041998406409
9583,6.362182514368489
9584,8.222008356074497
9585,8.08866492061548
9586,9.338411783613461
9587,8.57835812083873
9588,9.8131915807818
9589,9.619509042557706
9590,2.6950153123032723
9591,5.726395873604065
9592,0.7384385475526019
9593,8.847784193274762
9594,6.883856614321359
9595,5.179455365698777
9596,6.122650037807231
9597,0.5482488450123802
9598,8.088453011328987
9599,4.926656309463565
9600,9.056018649718633
9601,9.806613432782331
9602,7.529944581125243
9603,0.21148535190089118
9604,3.2978693563973307
9605,5.141811514266826
9606,1.775357414431264
9607,4.954331749738834
9608,8.282831000976639
9609,1.4558170860313169
9610,8.285833079909306
9611,9.845185028907517
9612,3.26310443999303
9613,2.311276931956763
9614,4.919631202759091
9615,7.627516130697295
9616,1.3741547781005548
9617,2.2535446001842554
9618,3.578739411574449
9619,5.895587428543131
9620,2.602512735879911
9621,3.491959733480238
9622,1.872028534234165
9623,0.22123525440702793
9624,2.323380708968952
9625,9.187442675820687
9626,3.6952205417162753
9627,7.918361056871515
9628,6.5289869654608355
9629,9.428892215725748
9630,1.1023055377773117
9631,7.442632612056778
9632,4.374042450765768
9633,7.82591964821043
9634,3.622656858043153
9635,5.418817130657702
9636,7.728515060023884
9637,2.0209383701425923
9638,1.0330133463568496
9639,6.078772787806775
9640,9.056849164688844
9641,6.600605857442483
9642,9.688207204703225
9643,6.9749487881748
9644,0.5128724378168902
9645,0.23837492315776637
9646,7.416521937860682
9647,8.798085276893397
9648,4.2202827111291095
9649,6.072172410937643
9650,0.8738592365758189
9651,5.743093423646937
9652,0.22497862167659893
9653,9.476754346665688
9654,5.346656374517742
9655,6.116268794473001
9656,1.9360291544277062
9657,5.608317053117756
9658,4.733312474046787
9659,3.837898265217308
9660,3.9870986093475858
9661,8.814021309824865
9662,4.3518036305501875
9663,3.6682594604367864
9664,0.3500840948086684
9665,7.616947453459089
9666,7.1802593453879595
9667,9.876156324233946
9668,9.688869727158218
9669,3.0963836057917185
9670,7.49715879805567
9671,5.312087908200502
9672,3.9292411467410884
9673,3.662101119315219
9674,3.6792977752430738
9675,0.9704196197779578
9676,5.195466863107332
9677,1.3747646774013234
9678,2.5889521732202767
9679,8.447701723771727
9680,4.678413410914138
9681,8.68094333433841
9682,7.056696342550859
9683,9.205292274767393
9684,9.771810220181907
9685,7.012360220847277
9686,0.45536276864994474
9687,6.962633195868069
9688,1.9901119257150943
9689,7.279279551656742
9690,3.415999794545748
9691,5.814979356130742
9692,6.816072451531608
9693,3.796710117252433
9694,7.942538112078177
9695,5.369334153030252
9696,1.4025817019816704
9697,4.6323695607673585
9698,3.1265251992014838
9699,5.895741464797242
9700,2.748604190445428
9701,4.018185013258779
9702,6.563037262041616
9703,9.182139579162426
9704,0.5794955431924346
9705,1.4595251572826924
9706,5.4085318301699825
9707,2.1800467150111356
9708,8.061799003579743
9709,6.548613416697817
9710,8.358565218759924
9711,1.172286892771994
9712,3.9732549935455173
9713,3.77652567107994
9714,5.4758737364476335
9715,6.32389846116776
9716,7.991176717946397
9717,5.619641949881573
9718,2.7378273086165774
9719,9.06043177446372
9720,9.790087151079172
9721,2.752883096632198
9722,6.198589388014095
9723,2.438721832274532
9724,2.1471405582334047
9725,2.021635487278977
9726,5.64365461127245
9727,5.045482238442231
9728,9.572816921721966
9729,3.901627017527591
9730,2.252259544240225
9731,7.652935953590947
9732,4.344492023988666
9733,9.517743351429315
9734,3.600191528160284
9735,5.1160900613895235
9736,6.796916801397894
9737,0.8142540264305657
9738,5.525843170228376
9739,7.8549408190202445
9740,0.1211622453277041
9741,6.443120074502932
9742,7.253241786611615
9743,2.909895090302715
9744,3.2369650846609135
9745,9.961536348507241
9746,2.587566064959771
9747,6.354383160607629
9748,7.346959605132668
9749,5.19478115177094
9750,3.2470420569301206
9751,8.677305704901077
9752,7.190244991353861
9753,8.463005727077132
9754,1.0164786846168208
9755,3.6947080719863274
9756,2.056087267776521
9757,7.473641709285578
9758,0.7593705513572583
9759,4.0501997734804265
9760,4.677703416887461
9761,9.625199175605564
9762,2.6908108617620616
9763,7.7893368934231235
9764,9.18582376870489
9765,4.40107922879156
9766,9.766911627588458
9767,6.259460095045093
9768,5.1503083877641265
9769,4.156848558663021
9770,3.4178867148963903
9771,5.918196272032875
9772,6.404958863209908
9773,4.555530269955217
9774,7.234461416661869
9775,0.44056213372356623
9776,9.631034133845752
9777,1.443346547296615
9778,0.6545781347220686
9779,2.3903696481953407
9780,3.000256279123051
9781,4.634803031893911
9782,2.4550650049324148
9783,8.168103881607882
9784,2.1033040251709867
9785,8.584834948167005
9786,8.798988012897487
9787,3.0163133217697498
9788,3.397676661892319
9789,7.727553260612756
9790,2.5481804014925884
9791,2.2256465196543815
9792,1.8764546863536526
9793,6.012638680505622
9794,0.15827103862024167
9795,5.5909516481193124
9796,4.232192206654807
9797,3.257291528492926
9798,2.557874741752316
9799,9.699476449553178
9800,4.522805746615338
9801,9.74938967595445
9802,9.693467750344821
9803,9.34852175256438
9804,3.284379344486085
9805,5.835677785625314
9806,2.5456494602314264
9807,1.9845027655611438
9808,0.9274366011433937
9809,2.3337009278624805
9810,2.871985698269657
9811,8.542285148690288
9812,0.15708086007955332
9813,0.3682722280399702
9814,8.116324452791266
9815,5.2073962521686195
9816,3.0803448063270302
9817,4.116892868023618
9818,8.904842328384396
9819,2.5630696347313497
9820,5.735237779678765
9821,9.23536599481412
9822,1.3054631933580125
9823,5.28771126440041
9824,9.50580507578409
9825,5.841851460513436
9826,2.624962080146255
9827,1.7444166808558765
9828,7.204126874315769
9829,2.0537206696951547
9830,0.5381720457882938
9831,2.250706033206874
9832,7.831240672935012
9833,3.695512649525342
9834,9.174793160183821
9835,0.7492829583867323
9836,6.970872956158493
9837,8.361355630297272
9838,6.473741185408634
9839,9.86874058749959
9840,0.3907167086107418
9841,0.7969835365178537
9842,9.896419569409579
9843,7.701981689686249
9844,9.049591610741505
9845,9.142138167631188
9846,9.33779698695261
9847,7.1586525764475235
9848,9.82772012845231
9849,5.0349073434496425
9850,8.903232660727047
9851,5.244106310151585
9852,5.765274595507159
9853,2.536753172322216
9854,1.1417649929086617
9855,1.6336478858041577
9856,6.341741953775432
9857,5.179083257692208
9858,8.222253185524703
9859,4.617806160266207
9860,7.477434181981642
9861,7.28052865447264
9862,4.746332886330054
9863,7.795322757630673
9864,5.715205108183141
9865,0.2018492614934011
9866,2.8635501292488654
9867,8.810176864048689
9868,5.0886282094404445
9869,4.274633770016666
9870,8.45042020114913
9871,1.4107452998507986
9872,0.544348226794995
9873,3.572903003827793
9874,6.808981422553634
9875,3.312939232991555
9876,1.2032630112043243
9877,7.145827963077058
9878,2.5794476494935568
9879,4.815658415213997
9880,6.524599336061954
9881,4.481378565279269
9882,5.127729862226791
9883,2.6902558352443466
9884,4.131377873288883
9885,5.784635224256689
9886,5.662177811308985
9887,0.16906448490122278
9888,1.490547504478095
9889,2.485625647141012
9890,8.537906759405923
9891,7.919380288527218
9892,0.7106117090531231
9893,6.9412046591253524
9894,5.507657194590818
9895,1.4190572410760405
9896,0.7101820804915508
9897,1.2056241492315547
9898,0.8525397582631118
9899,4.656429518068475
9900,5.60191285410447
9901,9.12800232517088
9902,8.453032613478367
9903,2.0455552420858663
9904,9.196562037097138
9905,1.6587764644527456
9906,2.137473369808656
9907,6.379977763894972
9908,4.924441899496271
9909,6.106461223415337
9910,0.19885700324846606
9911,6.406390480980246
9912,0.8448480289816357
9913,4.1404549537962705
9914,4.603634677531026
9915,4.099197134388697
9916,4.515449887800972
9917,6.759096913427381
9918,3.0092196296688947
9919,7.427805944194984
9920,3.012160854297833
9921,9.498395309144918
9922,0.7500423802410259
9923,4.095902378782252
9924,9.09524101411843
9925,7.135949578889247
9926,9.126098587202144
9927,9.498062622169277
9928,3.347297257191178
9929,8.561485158004725
9930,9.552858268787183
9931,7.113427087708485
9932,5.391032301300513
9933,3.981305070117078
9934,2.7730306662261324
9935,0.11388892772483142
9936,0.15374180071900176
9937,3.4331669186024523
9938,3.684816054732206
9939,6.9934783484652145
9940,4.139681766919678
9941,8.57855977202258
9942,8.056945055292099
9943,2.3724449997778154
9944,3.701661789505524
9945,7.063294307100769
9946,1.6815948156518397
9947,6.133129638842642
9948,0.3052917541145431
9949,3.8064370352054318
9950,3.0680000071892235
9951,4.612854041426881
9952,3.696141295257581
9953,8.116091485409708
9954,2.3623624741270843
9955,3.1432796590169176
9956,5.905546732336597
9957,3.789618242363656
9958,0.10141852851225486
9959,8.541645894854767
9960,2.1011920549754226
9961,7.0516526628988725
9962,9.554621288284235
9963,1.8263894489788721
9964,0.6553835025683209
9965,2.1238581550790325
9966,8.756932337091754
9967,2.5017196677093128
9968,7.445873526603329
9969,7.726034281150305
9970,6.630381204980054
9971,9.172255343824808
9972,6.002681902283028
9973,2.3895320468316315
9974,7.781722385833277
9975,0.3627246605746738
9976,3.484687012771893
9977,4.759689331037657
9978,5.285514834545101
9979,2.913945567663239
9980,5.191392660076334
9981,9.015033843376663
9982,8.861793538185797
9983,9.602314199200725
9984,5.157028614224845
9985,0.5566689621099778
9986,1.5026696514394506
9987,1.5297950592479768
9988,6.428665456962127
9989,5.41465345091907
9990,2.9070456274486327
9991,0.4151912847099002
9992,9.1501980562139
9993,6.555681285890446
9994,5.23264606865722
9995,5.010450457688241
9996,8.311296600037746
9997,3.0373712230777516
9998,9.405992753942757
9999,3.8821422707210056
10000,1.1807158304071663
10001,7.856114142147969
10002,8.687844775021082
10003,8.262142702316904
10004,8.207234562889841
10005,6.466230401131841
10006,0.28100339890458803
10007,3.134953149292155
10008,4.042792627466501
10009,9.987382060714744
10010,3.1529832985357915
10011,4.088969398486011
10012,4.466982547308251
10013,0.2601755366887678
10014,5.712436585313122
10015,8.987809169322095
10016,8.591053521486966
10017,7.307684167622477
10018,2.543746821656
10019,4.120392798512294
10020,9.806770604197869
10021,5.158352192844559
10022,6.570531188713743
10023,6.146568746714855
10024,7.715612260617056
10025,1.76833563644647
10026,7.525783267212899
10027,5.027227657038668
10028,3.012812764458651
10029,2.3769037041953855
10030,3.1398719378464612
10031,0.8322866257294859
10032,3.8866148189318963
10033,2.0491466676088206
10034,9.411074675659192
10035,4.4765351264346265
10036,3.326321640779583
10037,5.2941843160078905
10038,7.2593061078627334
10039,2.4978947036385093
10040,9.688329462569333
10041,0.8767129687023638
10042,5.423185145862934
10043,0.6776557757464183
10044,0.5251413064394959
10045,5.0285411956976365
10046,0.6192887206059953
10047,3.9452878143776178
10048,2.4827183124593386
10049,0.5627352175072663
10050,1.3678329564431682
10051,8.933498041308866
10052,5.1319698159607094
10053,3.1943746785104605
10054,0.2987951254814467
10055,1.1540745075533076
10056,8.747372862023331
10057,6.323961981044508
10058,2.5953218538338088
10059,7.237321401019423
10060,3.1157886587938424
10061,0.7050831109019974
10062,4.202100467185342
10063,3.683045109153135
10064,0.3742101842958764
10065,4.248431305378922
10066,0.9604667609662884
10067,7.02138969784632
10068,9.739954407227357
10069,8.34583558983822
10070,0.9542329161980553
10071,1.4798704027149578
10072,8.512883286078837
10073,5.526625705883267
10074,1.780495329623075
10075,3.8385380795506348
10076,4.987534406599771
10077,2.1745344855643256
10078,2.556427171248121
10079,9.970735691514713
10080,9.460179215192884
10081,6.650148947367568
10082,1.6959196612205945
10083,5.555907162610186
10084,7.133856767752891
10085,9.45157784083089
10086,6.763650552663165
10087,0.385173205387206
10088,7.999366060244424
10089,7.462601824903885
10090,5.907837717251586
10091,8.910620946082654
10092,1.3824594498866247
10093,7.420578985850173
10094,9.713157185035369
10095,7.799677546143457
10096,1.0176855338279025
10097,5.6004190859466165
10098,0.8713406080423478
10099,5.666980387862032
10100,0.8952571011902312
10101,9.063097406004832
10102,2.4290529297736
10103,5.899313704031361
10104,4.149096884725371
10105,6.189426635700586
10106,2.1716001699871295
10107,5.019822902526892
10108,7.764995292512677
10109,2.093096320215762
10110,5.403637310398992
10111,0.6721488752977136
10112,6.907912389035899
10113,6.58597461202532
10114,7.484376247260177
10115,5.2972095653885525
10116,1.5736428653252428
10117,9.095361528750654
10118,1.9482300861077035
10119,3.768490786704947
10120,6.39040866167772
10121,2.0315129589909833
10122,3.732468892888585
10123,7.788135164949323
10124,2.320777879243126
10125,0.8838682878203115
10126,4.0623759460379425
10127,7.492569393965378
10128,0.9464459316808599
10129,3.481298660860081
10130,1.8501125360026542
10131,0.999997275162687
10132,4.770917350615265
10133,4.1499406087205255
10134,5.961491668824456
10135,1.092033431504181
10136,2.7373340549970147
10137,4.186537152308728
10138,9.92429565042568
10139,9.73195892144056
10140,9.608474732032192
10141,2.1187086196391607
10142,4.735160753203411
10143,5.6001415817457945
10144,5.179156305385932
10145,8.98168068193415
10146,0.6053708744381906
10147,2.157610952423523
10148,6.482870429154326
10149,8.273930910750199
10150,0.12189900409079309
10151,1.0298516602002714
10152,2.7750981704930453
10153,4.178993726368677
10154,5.540222208345791
10155,3.3579993046237173
10156,9.459339202854935
10157,1.596155961874767
10158,1.6999321719509823
10159,0.7811883105702316
10160,4.089098839954677
10161,1.31552010650038
10162,0.49532129682130166
10163,2.462101336182776
10164,6.603848027123294
10165,0.1299138808931053
10166,4.33967460876351
10167,1.1945146223269543
10168,7.660936010270778
10169,2.718019037079456
10170,8.281082766580335
10171,8.145964814563317
10172,5.347047800106305
10173,5.6847145077923535
10174,5.416950969385846
10175,1.4371723443577145
10176,3.4473855983425903
10177,7.037516819394896
10178,0.7468334988643347
10179,8.9437077591134
10180,2.4878492136656956
10181,5.389842962502112
10182,2.902369067867177
10183,8.762210457928704
10184,5.554097235607896
10185,7.135399897966415
10186,1.1992129582308886
10187,3.1816099980209107
10188,7.825583885041965
10189,6.721159288557393
10190,7.743391075122563
10191,2.4855945789269738
10192,9.627682482493517
10193,7.413936414211618
10194,1.9476839368653271
10195,4.784147363699904
10196,7.711948467105097
10197,9.68568936231836
10198,4.5098851343391395
10199,9.283394575561662
10200,1.974140704292592
10201,1.0295006607320594
10202,6.695549396522672
10203,6.84859763583045
10204,4.559867782627643
10205,9.21330603213238
10206,2.3288184083563057
10207,2.4898191322422822
10208,8.946722582016317
10209,8.394383656101976
10210,3.0094642553335715
10211,0.1288293676962335
10212,7.750996181398833
10213,5.683997206906821
10214,5.660645309166833
10215,0.8732180137267223
10216,0.2968020293508409
10217,8.39218864822422
10218,0.3714020209380535
10219,8.960606619000329
10220,8.684442010873514
10221,3.1240671231858004
10222,0.12712478669180863
10223,4.023704572287333
10224,4.826088169740115
10225,1.682743531236778
10226,2.172929918635623
10227,5.316549857250266
10228,1.1839728131423515
10229,2.227348818273079
10230,6.739573802164439
10231,5.426549441174914
10232,8.092742887830305
10233,4.197102536361009
10234,3.765281569060678
10235,9.620146527905867
10236,0.39950555869081217
10237,0.22381455330476
10238,0.14167206815606853
10239,1.8316227269001975
10240,4.76699441941526
10241,4.61757223789414
10242,0.6741912876529016
10243,9.270898172126198
10244,8.402353713127697
10245,4.75180229970826
10246,6.850984606555593
10247,1.3248092691770443
10248,0.4862110994979708
10249,3.8389192452344614
10250,1.2968362633142991
10251,0.6119502284219104
10252,6.029178653073588
10253,0.12315224452808428
10254,1.5040802223058298
10255,4.305547194306377
10256,4.2480439058849555
10257,9.887916159932232
10258,5.624632884962534
10259,5.93017723871287
10260,8.388251328114679
10261,1.354421630478464
10262,5.978700269628846
10263,3.3053710185228247
10264,0.8884364126655886
10265,3.3005435192721024
10266,3.6778261435289363
10267,5.254674848791632
10268,8.886278672108183
10269,9.342131893512079
10270,3.3904897062155115
10271,3.1587135043861077
10272,9.642711874211232
10273,7.844429176625908
10274,1.3222796501465948
10275,1.7737197115504943
10276,6.341817872677112
10277,9.226567038715155
10278,9.099449226524957
10279,9.680577511906153
10280,3.001485594623386
10281,6.724245556884285
10282,0.3445194031436886
10283,4.823051079106118
10284,1.7753422464013833
10285,6.132784611183291
10286,0.8291002783143059
10287,5.824352376569405
10288,4.210171984947329
10289,3.433320800605527
10290,7.203781352993054
10291,7.171068949844239
10292,8.006338470513503
10293,9.685184524713065
10294,6.41910924636295
10295,6.857105349979725
10296,2.3910195368713563
10297,6.312114061835813
10298,7.206128020653398
10299,1.4734222909932315
10300,9.254318563414115
10301,0.27045138562662163
10302,4.665998189599361
10303,1.9368989680564117
10304,8.379979064195343
10305,5.398467370196497
10306,1.429629071022849
10307,0.4071884626994273
10308,1.15859165865587
10309,1.4748125965129064
10310,8.869975532648285
10311,2.502887164349443
10312,1.0339550460987723
10313,5.0170918762346215
10314,3.2080080177840307
10315,0.6667422508031356
10316,9.697611604369342
10317,9.355540106354022
10318,3.8870090653682694
10319,9.83446720197377
10320,0.3299141486961787
10321,2.446139852159886
10322,8.715717724712382
10323,9.944716247930327
10324,8.526237643734879
10325,4.720983879421357
10326,4.290542063913233
10327,9.971803876396764
10328,4.1709996845189
10329,4.095794041479306
10330,0.9769954220513348
10331,2.2139285221149523
10332,0.3300076284558435
10333,9.612597131388046
10334,1.3235669446000242
10335,1.721379097008479
10336,9.59541589193462
10337,8.0381210429077
10338,6.929884651894867
10339,8.41123561873705
10340,7.825318260056785
10341,1.038271417043203
10342,4.0085364599563285
10343,7.142980688168741
10344,2.0965228377277056
10345,6.841151813528579
10346,8.836144322470547
10347,8.642038464237817
10348,1.0948252231429463
10349,6.010987143124594
10350,0.5059658389317434
10351,9.244117376465026
10352,6.018461609774974
10353,2.9561717190677554
10354,1.7906753934959045
10355,7.599962111524631
10356,4.596437265769817
10357,7.809243413543374
10358,7.705781232917111
10359,6.151685950857403
10360,3.342744261438672
10361,2.110100911785878
10362,8.703692801238974
10363,4.954024431921987
10364,9.651265537688746
10365,9.824142977010226
10366,3.608272578862365
10367,4.268611465723642
10368,0.5930771797432703
10369,8.311715729266204
10370,2.2783958794045636
10371,0.554930472933173
10372,1.2695575680235316
10373,7.5908530032962505
10374,2.3450198989493125
10375,0.3644452926278776
10376,8.203592529945144
10377,9.669690334452296
10378,6.896277958538791
10379,5.768097196467183
10380,4.6561860781683215
10381,0.4872692716052043
10382,8.083315820127442
10383,5.617928244517683
10384,0.9611110116290571
10385,3.3898767694798493
10386,7.100946275626457
10387,3.9481802568835573
10388,8.443495233893774
10389,4.187595275287773
10390,6.16434862477034
10391,5.1379137296183055
10392,9.861232825743501
10393,5.317135428143071
10394,2.828631280739086
10395,3.28287890611478
10396,4.507506311418366
10397,9.047441865140733
10398,3.9526146598176166
10399,1.3347468331836159
10400,9.364752330687102
10401,4.612220077032135
10402,1.7993876397858732
10403,2.6530779240269697
10404,0.8672973419119652
10405,3.6794938970436846
10406,9.626009186963671
10407,7.605147191185099
10408,7.917157270812672
10409,4.0433063269421785
10410,4.451911312383163
10411,5.6777948237210705
10412,0.5039027571804994
10413,9.998881847201778
10414,4.293270022964718
10415,0.8790021856241019
10416,2.4445470701208234
10417,6.583638523562169
10418,6.784055223251306
10419,6.078956468701534
10420,2.7607392720100847
10421,5.724740858362234
10422,1.9483008848271488
10423,8.475421559590561
10424,4.171664629896317
10425,6.152780714078386
10426,6.055803888644543
10427,1.6717671634381488
10428,6.053643041412456
10429,2.6232883826509164
10430,3.955371842691863
10431,4.120850453268289
10432,9.17918686899379
10433,1.3420339293607255
10434,5.755527106918884
10435,7.019174764316368
10436,9.012104815170135
10437,2.5606652875840963
10438,3.2549213891514923
10439,7.444236130359074
10440,4.731614722996293
10441,0.5200480885239962
10442,8.549695857507503
10443,9.62118276219603
10444,8.12134769113233
10445,2.227962111326028
10446,3.6912245653334903
10447,1.872447727231033
10448,5.26798200832606
10449,6.2246695942636565
10450,7.183068772838209
10451,6.195116304386358
10452,2.2245965138492108
10453,8.35931909756298
10454,4.415897169318382
10455,1.3648061702943695
10456,7.297946097910533
10457,4.001242927823703
10458,9.26322867360666
10459,6.924201585019144
10460,6.028159206324011
10461,8.333363171441778
10462,4.533193741677826
10463,7.790203474809955
10464,2.725768532164898
10465,4.2331536356237045
10466,2.554726787771439
10467,4.090375269526256
10468,7.575632834032087
10469,9.28853102181136
10470,5.87208577040008
10471,2.256219939404811
10472,6.1135656314779885
10473,9.618440994302961
10474,1.690778913911807
10475,8.854073969531491
10476,0.1708573717613407
10477,3.1194622396451757
10478,8.508090148773533
10479,5.664063944966068
10480,7.8776646064602485
10481,2.7216657140908302
10482,6.194438387189997
10483,1.547167347527655
10484,9.023131534627511
10485,7.822891904462707
10486,6.128271192347835
10487,2.11741360267728
10488,3.3354208419326046
10489,9.33506386900557
10490,3.2286381911214956
10491,1.182044501128405
10492,1.5579474712283106
10493,2.0004282589807585
10494,7.822944862682001
10495,5.988623661662936
10496,6.90446169818745
10497,4.180829566772198
10498,6.0329371149401725
10499,9.392919384033563
10500,6.853014962937593
10501,1.821625517439208
10502,9.402422948922627
10503,6.221294370296179
10504,8.862794850180336
10505,1.3396259562361623
10506,3.0739344768878385
10507,0.4407290755225932
10508,1.2127090020332867
10509,5.26613204506168
10510,1.0845982236243934
10511,5.436042293457488
10512,6.270683812987757
10513,4.868080978485623
10514,1.1117615550525093
10515,1.5700615645555063
10516,4.938804023179457
10517,8.679668100876142
10518,9.722021699553483
10519,4.243102927936378
10520,2.8443054341226373
10521,8.337900040902065
10522,8.07205611328572
10523,3.300184920617466
10524,6.434227344610786
10525,7.547852427320446
10526,7.675556471190023
10527,1.3415079563443244
10528,9.635442047240089
10529,9.575040748560856
10530,6.065095636187026
10531,3.3521312177269182
10532,3.1941707036350464
10533,4.7633797097014945
10534,8.94240816791388
10535,5.53908424363523
10536,2.6819132921935345
10537,5.616221878020906
10538,0.38307348220138804
10539,4.345956898023312
10540,4.511095122115046
10541,8.613558766481436
10542,4.248960426190352
10543,8.89128173143262
10544,0.6892327103090026
10545,7.818217965938533
10546,0.8600589353729147
10547,9.982384785455958
10548,7.264730167121771
10549,5.678240696731656
10550,4.836145569455277
10551,7.2758524327647045
10552,0.19436120950105568
10553,2.212455644640114
10554,8.521305586322434
10555,5.314746769511408
10556,6.478548959569612
10557,9.194548838562238
10558,1.0202252158264236
10559,9.367578997948703
10560,4.767259071517608
10561,0.6824684601270055
10562,0.13798350112515032
10563,5.049913373029781
10564,3.4591519370390356
10565,8.150629815667445
10566,6.013637126731079
10567,0.5055791589585451
10568,8.398306850495574
10569,7.431435971957757
10570,8.287113553198367
10571,5.085666876108291
10572,2.828799699178632
10573,9.746297440947073
10574,2.55226518909823
10575,3.156043531628681
10576,9.925254415466092
10577,0.4680725758667338
10578,1.509744974203127
10579,7.686099593226244
10580,6.471799524367114
10581,6.724996329931559
10582,2.3217949585255777
10583,9.88493998765362
10584,2.635081792275814
10585,0.6527074891187937
10586,2.593212626800702
10587,6.362932131382762
10588,6.410201367547727
10589,1.8852184951326174
10590,6.794386976234808
10591,6.958705554787883
10592,2.9437135386541127
10593,7.116661853691767
10594,4.456287095985373
10595,2.1147354914954564
10596,9.728926618430497
10597,4.273731312515983
10598,2.494435817305169
10599,9.55427704602241
10600,2.4637592906123125
10601,3.3019956471736958
10602,1.378414529958308
10603,3.722223035447949
10604,0.9781532281366144
10605,1.9189150046882604
10606,5.052276356527571
10607,3.0781500898400846
10608,0.7367686647628126
10609,2.9501536497974246
10610,0.18736555893183532
10611,4.861354388181341
10612,7.581280109617816
10613,3.8537333148058885
10614,0.4322089935186849
10615,3.9306987103370954
10616,8.90980566292193
10617,0.3746756211238691
10618,7.247585486016309
10619,9.975538041598256
10620,5.240458824003806
10621,2.904791317398062
10622,4.639182270557578
10623,4.420059489080868
10624,3.7774934075360345
10625,6.085372425005904
10626,1.339202535216265
10627,7.374111959204255
10628,6.977359608977325
10629,1.6345891574226994
10630,9.697535464047853
10631,0.7148458286172338
10632,2.2644082172094104
10633,9.275876825585186
10634,8.083712615529583
10635,4.692458241701949
10636,8.897894941556412
10637,7.385493929787567
10638,4.0746945801692105
10639,1.3550176272431584
10640,2.5026492429823053
10641,1.475771105965654
10642,6.907850043750603
10643,4.327522319897208
10644,5.7688706258813705
10645,4.651673693883839
10646,2.144492479407191
10647,1.125309423356759
10648,2.8236502904575214
10649,1.0557209304747484
10650,6.348608075565365
10651,1.8779796696140245
10652,7.097944667070898
10653,2.182184639460715
10654,2.8410774379343975
10655,0.43424328924984457
10656,3.834475217822639
10657,0.5140924338683589
10658,2.7886218997862993
10659,3.7749989510928033
10660,8.315230383549585
10661,4.296660113697174
10662,4.694337234113712
10663,0.964695834665541
10664,6.449292341263251
10665,8.589812009607714
10666,2.582924459233445
10667,6.7700400129538645
10668,6.069884105418495
10669,0.15513548399650967
10670,1.660584398789862
10671,8.930017607728589
10672,9.65422785994174
10673,6.2939241454219035
10674,8.924522471028894
10675,5.748088365552011
10676,6.3658611158065925
10677,8.434860703967386
10678,1.767132195154116
10679,1.74268880350763
10680,4.448159418464217
10681,3.119267206083991
10682,4.585100734153034
10683,6.658393237984406
10684,9.380829752676057
10685,0.6720265886114438
10686,8.520492935921657
10687,8.618930606191613
10688,6.552846409161259
10689,9.488545022434504
10690,9.922214995682697
10691,5.514657602751081
10692,9.635425215637948
10693,5.039106053102557
10694,5.765645860560538
10695,0.5511024918263782
10696,2.112038875916733
10697,6.899181304900987
10698,3.700593308682793
10699,2.394676492800622
10700,3.3992474249521822
10701,6.875388607542935
10702,7.65615817342579
10703,2.5532409614112965
10704,8.000113650205684
10705,3.3813262046468933
10706,6.733919508960423
10707,5.982226247755905
10708,6.857036279091178
10709,7.217044505954218
10710,7.080547316837791
10711,4.574428318138686
10712,5.637311812865511
10713,5.091256044618286
10714,0.7028633311573839
10715,1.4374442982851703
10716,9.755889824346053
10717,6.295041446911376
10718,7.395672849796629
10719,8.603258257626155
10720,0.5331598766705186
10721,6.3052304341552405
10722,3.757544026895739
10723,4.245545429976062
10724,2.9623575326591993
10725,4.16232049280552
10726,4.82833802657594
10727,0.8168526421033252
10728,7.340131712862721
10729,1.5955967757581662
10730,3.0185527974840216
10731,4.876715326504686
10732,0.7808603852307362
10733,9.928646956446315
10734,7.734779185060732
10735,9.246901433178277
10736,7.269845391311731
10737,1.0882597505450564
10738,9.03995071629498
10739,4.018643530854759
10740,9.938258499065581
10741,9.170380450886583
10742,7.2692575277487315
10743,3.844286107954733
10744,6.658132358975667
10745,8.554125739168079
10746,3.6001461257620355
10747,9.6591773729574
10748,4.396935338539725
10749,7.873891397358502
10750,8.814259413713106
10751,5.968464045118065
10752,8.299983007496317
10753,8.11651761160873
10754,9.03266941010163
10755,1.2481802892846086
10756,8.340270176776633
10757,4.959250945992062
10758,3.43024179320594
10759,6.748222163639274
10760,6.539322022037784
10761,2.9450685304218704
10762,2.827094087344872
10763,2.8896053084233273
10764,2.7724698222222117
10765,3.6041909318186987
10766,7.850560571989563
10767,0.8614166197956377
10768,6.240312306549226
10769,5.295292367604714
10770,7.461818091921137
10771,9.947959226628035
10772,5.136966349141329
10773,5.682618184285713
10774,1.9537167426664115
10775,3.1334760014041207
10776,5.376923229178485
10777,8.583855332229575
10778,7.336044150678338
10779,1.2929167052916097
10780,4.163724586501451
10781,1.774686601696905
10782,3.7566971285969104
10783,0.3675256729075861
10784,6.943965831191143
10785,6.290602564487071
10786,4.686038184005459
10787,9.318334745347274
10788,4.293046739905455
10789,3.489152352531771
10790,2.107244493884407
10791,9.43979353126276
10792,8.120514969776469
10793,9.908452944918798
10794,4.433644837731032
10795,1.7581093345017875
10796,7.224089478566999
10797,2.7574300122234217
10798,0.9788213782367527
10799,5.8115019481728085
10800,7.75914605021186
10801,8.402754245565298
10802,5.18099875769293
10803,9.369849904897123
10804,5.272627322519191
10805,0.5689746498261258
10806,1.8649681094123995
10807,0.4857668163348038
10808,2.3723981272796033
10809,3.377638888075679
10810,4.163503250843795
10811,6.209699044223098
10812,5.587024241743057
10813,4.802036880033344
10814,4.574773653643722
10815,5.708462352133741
10816,0.8997284467845281
10817,0.946516978770006
10818,2.4959482295331066
10819,2.946648180323736
10820,0.311834584908136
10821,4.825525289566723
10822,6.1934022927714345
10823,4.294507312512953
10824,9.117812147553586
10825,1.8310484328227554
10826,7.309486594771055
10827,0.8280523009355082
10828,3.819259764950517
10829,2.796839960754298
10830,4.483728843924605
10831,3.5037634923165992
10832,6.047690753101118
10833,3.609068641918572
10834,3.4459636654587498
10835,1.1604554786698218
10836,0.7313492547698911
10837,6.803292216030276
10838,4.817305791804698
10839,0.9714892104365119
10840,6.232417955664193
10841,7.215196846332891
10842,4.620414715390036
10843,1.7241592079858705
10844,1.7906856996572205
10845,7.250215920411023
10846,5.770910797501927
10847,1.4221496435814898
10848,5.608176857226474
10849,6.371199914288832
10850,5.313019767390877
10851,1.8073085919278058
10852,7.9922529750215725
10853,3.9491944397761856
10854,6.174559193778747
10855,4.626625804104597
10856,9.25619341511462
10857,9.099052899314902
10858,4.116719739882336
10859,6.405993371254194
10860,7.175025619640989
10861,0.8976419031609477
10862,8.171582582795493
10863,2.796635952985652
10864,2.1621728203719006
10865,7.900388324109008
10866,9.37465289598467
10867,8.685177965358928
10868,8.616818331171734
10869,3.925568536370913
10870,5.109082079090924
10871,3.7237926230876575
10872,4.736198487758019
10873,8.744247797980664
10874,7.209874006839595
10875,2.480989618678864
10876,2.834958532671147
10877,5.923777860690188
10878,3.7215426131239457
10879,9.81262179735243
10880,4.412762908655361
10881,2.9751321294481308
10882,6.711880999196927
10883,0.7141237240832619
10884,0.2770414782314743
10885,6.405934772477453
10886,5.498837758071512
10887,2.1766108173397254
10888,9.211545992308277
10889,9.145332932037531
10890,0.4375601839188781
10891,1.1895479064140624
10892,8.165355443370423
10893,7.468794995674428
10894,5.544713570495365
10895,6.555632302921319
10896,5.056265321098896
10897,1.75657831433984
10898,1.1345504260433361
10899,6.430247361715211
10900,9.80383229162609
10901,9.642340152172375
10902,0.6227594649481611
10903,6.601327216004003
10904,3.837892835015765
10905,5.747361612344907
10906,4.39956285271548
10907,4.449277484944739
10908,6.527950291582025
10909,6.578222984543431
10910,9.458038063822197
10911,8.186136714412173
10912,4.839667488950396
10913,2.460500152051077
10914,9.837860662688671
10915,3.1245113523559818
10916,6.164270041584421
10917,3.750083037665224
10918,4.042057903743538
10919,4.063593116463053
10920,4.340729845763069
10921,2.0302086701704636
10922,4.956681095826673
10923,2.9086391931590465
10924,3.2777277099597044
10925,9.509036099715795
10926,3.1846293162170007
10927,9.786495701439057
10928,0.5556385643063897
10929,9.821123234529226
10930,5.670795158490698
10931,6.55121130096054
10932,5.022436265802621
10933,9.167889104414458
10934,2.8038812901085484
10935,1.2880564578586333
10936,2.8272793087096324
10937,4.512828832345742
10938,6.319077526167155
10939,3.4748101090729038
10940,5.489955105967276
10941,3.919812309985117
10942,6.095618254396697
10943,0.6926170357942245
10944,2.5321803050390166
10945,8.89600311181484
10946,8.517346630945198
10947,3.299931113053413
10948,4.694415596631368
10949,5.321340260453711
10950,9.023044510067683
10951,7.269630696021126
10952,3.9736314324058095
10953,5.704287181976546
10954,2.7996148782619477
10955,3.9626776659590286
10956,7.133703786746594
10957,8.036817820170505
10958,6.358809302029775
10959,7.384018111866426
10960,3.875548546350002
10961,7.812248456068291
10962,0.9214625465622013
10963,7.4078943470315215
10964,5.665758583999914
10965,3.894011572153104
10966,7.666735065411655
10967,3.3745587641475163
10968,0.5828182398355308
10969,4.81512424420716
10970,5.6999839887478
10971,9.357337552060658
10972,3.407140130093624
10973,7.180564734698447
10974,0.25746440109780677
10975,4.491431576726664
10976,4.557431259982342
10977,9.061238816263467
10978,1.5228162493725204
10979,1.99563370908318
10980,5.989880426910849
10981,8.741510896045162
10982,6.76277021925463
10983,1.8876640658391182
10984,5.608035053981657
10985,0.13895328414096317
10986,0.549886883447993
10987,2.733178839637248
10988,5.800068137592461
10989,9.498281616502233
10990,7.974167002857629
10991,0.570619835810896
10992,7.464628646819119
10993,5.979940319998012
10994,1.7066714011958093
10995,8.321478044283111
10996,7.066389329214413
10997,9.885131918696828
10998,6.445868693143579
10999,3.8923196321398774
11000,0.48588710140143243
11001,6.713324004985629
11002,9.740820449298912
11003,8.40644179905223
11004,7.298150289835069
11005,9.286411337229334
11006,1.7980957438315734
11007,8.748773965622025
11008,5.872410821171353
11009,4.333513079633552
11010,4.949265036322555
11011,3.7207856326012583
11012,1.6852768869092012
11013,9.82455540303661
11014,0.5964211811608151
11015,7.006490717641553
11016,9.512953069408399
11017,8.51564025628469
11018,0.356858699260028
11019,5.0460034971653265
11020,8.22619484555566
11021,7.981585862157023
11022,5.776861122503632
11023,3.264296965247877
11024,1.4577635527639035
11025,3.9716726533317273
11026,4.711908900944426
11027,8.064321539354093
11028,9.145839153034412
11029,4.34908695896187
11030,0.2659926375305868
11031,1.133464452098608
11032,4.92149249149704
11033,0.773661823917666
11034,3.06719378626089
11035,3.121437573341029
11036,5.726908805812677
11037,1.8032088900706038
11038,2.5391143787789656
11039,1.9001584267098441
11040,0.8087699781655057
11041,0.11255340961905248
11042,6.959203151247568
11043,5.643218601128784
11044,3.5882217037312842
11045,0.2706414922961414
11046,2.533771278292329
11047,9.163828970953498
11048,2.026152254013669
11049,0.8715773367594375
11050,2.9672074338738654
11051,5.69006391673439
11052,8.739990730110568
11053,5.738957770340107
11054,0.650207790365912
11055,4.1910959957165534
11056,8.046400345998203
11057,5.89166673343605
11058,9.31580775404624
11059,5.949608490897947
11060,6.780998052777158
11061,7.362493296823273
11062,2.4405914831304134
11063,0.630603875468702
11064,4.3713437103006925
11065,8.11723555511267
11066,0.6108529494375207
11067,9.920761272155971
11068,4.317578405424474
11069,8.988569799722926
11070,2.611630463547216
11071,6.833877573742731
11072,3.2931090655432897
11073,9.902864897654629
11074,4.59617664096013
11075,9.732289918855292
11076,5.174558978925186
11077,5.765242087213513
11078,9.965803239087567
11079,5.719070826122736
11080,4.021651773536201
11081,6.151098169172142
11082,8.72084347893663
11083,6.66534758977327
11084,0.1757412090063935
11085,0.6312594632373602
11086,4.823629592242199
11087,9.548789974197588
11088,7.563965937451049
11089,9.279706220401856
11090,3.5604460925743995
11091,3.0558144748023586
11092,3.79071085799452
11093,0.3881967377440888
11094,9.789940100150039
11095,4.424211321098192
11096,4.012255780240163
11097,5.1559049512418325
11098,2.375346344611759
11099,1.6970725303409337
11100,9.963263648230283
11101,4.089860388733329
11102,7.61097820415183
11103,9.016803311237366
11104,2.6020000344443277
11105,9.753750956669593
11106,6.323073894837904
11107,8.708547741920098
11108,8.77405229211632
11109,9.965076013875189
11110,5.531217676295809
11111,8.581697088541523
11112,7.814780336214434
11113,6.697763955424517
11114,5.171743391564282
11115,6.588857879801526
11116,3.899183150838072
11117,5.573054072878988
11118,8.485725532739334
11119,9.073037842475358
11120,9.970590734617735
11121,0.6557640926606868
11122,4.6217805773501786
11123,4.9009621465021755
11124,0.1294185316871622
11125,7.772168081036877
11126,0.8839767153181244
11127,7.222083548751877
11128,5.470663154743918
11129,5.792481162084017
11130,5.090279661141541
11131,6.343924873045225
11132,3.167654139275975
11133,2.2120434690921384
11134,5.780057918171421
11135,3.5797059022252196
11136,9.317392328379302
11137,7.301186784797075
11138,4.007903191517358
11139,4.7468341025419845
11140,4.709299304020981
11141,6.702505582092743
11142,8.804505093263273
11143,4.786433075495811
11144,0.46723537062078724
11145,2.2383619608450456
11146,3.7206882979240183
11147,6.469762177096299
11148,7.0363097746441134
11149,1.8935741360989526
11150,3.248495842196129
11151,2.631312715013706
11152,2.513852739030289
11153,4.118850634284208
11154,1.5349392308448442
11155,1.02292786658495
11156,7.684551528328196
11157,0.8918576337293209
11158,9.847138787101265
11159,3.4410905097717657
11160,8.980792848051115
11161,7.833052822126332
11162,2.6760254937592345
11163,9.16890660984136
11164,5.902712090425525
11165,6.221873381433741
11166,1.8158797571056209
11167,3.767528951859353
11168,6.8726340231189536
11169,6.195038798779064
11170,0.9524078737391416
11171,6.899585997989004
11172,9.951538746023814
11173,6.1597994874472155
11174,3.2617268937151644
11175,9.139135558767364
11176,5.095721311953688
11177,4.089172048060274
11178,6.731712470533973
11179,2.1951466458260116
11180,7.833260987730307
11181,0.7060216387855276
11182,0.327860176904071
11183,1.388953654434135
11184,3.409398386474041
11185,5.038935937962466
11186,5.569655645285161
11187,8.15726851416228
11188,8.843220493761725
11189,5.287995653770873
11190,5.384628237168327
11191,6.179125125772033
11192,9.749478262903134
11193,7.7503568953349475
11194,1.0663483955681134
11195,2.623767781167423
11196,6.812127611363797
11197,4.974618011392095
11198,8.827998087513857
11199,4.198506051221349
11200,8.874859474007751
11201,1.5275644926955163
11202,0.7076428124980096
11203,9.312541265210447
11204,4.818532432318982
11205,4.033689586795711
11206,3.0520618675914877
11207,4.9159803866140885
11208,3.8762610719955153
11209,1.7870930190133811
11210,2.0432324283518275
11211,2.4300583288949698
11212,1.3530404600748065
11213,9.03829963245077
11214,1.2829850170388064
11215,6.755645712439098
11216,4.639235894452725
11217,4.5456176438629905
11218,4.750363450866309
11219,2.6523578811043733
11220,2.997208219872891
11221,0.7988325533210678
11222,1.6745624587170438
11223,6.994197454393788
11224,2.785939545738235
11225,5.91772488083385
11226,9.588622085913189
11227,3.5264263244179075
11228,6.651043147985317
11229,5.947029049932464
11230,1.36835516213614
11231,1.7442128994366242
11232,5.044580813475118
11233,6.083285520683354
11234,3.518773858095509
11235,7.603675869269547
11236,5.611919359091582
11237,1.6381604809639791
11238,6.326528918417792
11239,0.4791731455309489
11240,0.7860666434837988
11241,9.742725770563213
11242,7.9444329670743645
11243,8.634896674224809
11244,8.260970784420248
11245,9.303690501510344
11246,1.4303129741720033
11247,3.1842088002378297
11248,4.1392816384194395
11249,4.190830016140907
11250,0.812073564895327
11251,4.340572291190636
11252,3.7369265930437687
11253,3.836466939308147
11254,2.941804672036429
11255,2.371338273491757
11256,7.255895200474118
11257,6.806762804107841
11258,8.627388587946259
11259,7.457197504812916
11260,7.9701706314922305
11261,5.375420866125214
11262,6.036729955011213
11263,2.5913092295118543
11264,7.779566511646047
11265,7.980710174124468
11266,1.4321475812089668
11267,8.487037548764945
11268,3.8786335927573172
11269,5.788349285014286
11270,4.711613567976247
11271,5.979647847343868
11272,8.667956122408237
11273,6.1690272322250665
11274,3.8811565963328714
11275,1.4511381032029969
11276,2.7819985408221735
11277,8.191550707844042
11278,7.398217575675482
11279,8.357538265900173
11280,9.804989141065866
11281,7.290461819948153
11282,7.04228320248911
11283,8.87892510535075
11284,4.411098581223261
11285,6.56644193359019
11286,9.956627015673554
11287,7.433762922036182
11288,8.464642659005602
11289,4.149316234864195
11290,9.720749853370075
11291,7.755836063386303
11292,6.640482817517287
11293,5.278285185609353
11294,2.9988615906046623
11295,1.8827480566193722
11296,2.991079030242779
11297,3.2269979354463265
11298,3.0608689829430133
11299,5.420473805608746
11300,6.193080162441221
11301,8.608657613294053
11302,0.8715007077034262
11303,5.461761831541839
11304,9.172634270705377
11305,4.0436195268100095
11306,9.442481088051556
11307,4.589724853344411
11308,9.83625897919933
11309,1.0440047595338051
11310,4.619204705055824
11311,3.140781693817319
11312,9.903939279728394
11313,7.68725946112721
11314,5.327881888244105
11315,6.151905876922436
11316,7.458037249904153
11317,0.5492792773230394
11318,5.814194910717929
11319,4.3831551794694725
11320,2.3398411276684428
11321,5.631158260127233
11322,5.856685362937436
11323,4.242169074410438
11324,6.296984243378734
11325,9.396743063399805
11326,3.90410563408599
11327,6.1471697699298
11328,3.103923282291145
11329,6.17854854260295
11330,6.828531738100408
11331,1.7055505149709287
11332,7.524987556171098
11333,0.4870238560910579
11334,9.436236333708576
11335,5.819755497038259
11336,1.667146943204459
11337,2.8224052119538787
11338,4.124252651254576
11339,8.339593846852576
11340,2.8534181575622264
11341,4.036142217423296
11342,3.174328427980666
11343,3.5758605818853364
11344,3.6615993203834196
11345,9.924724018082125
11346,8.458257032400585
11347,1.2527244530627917
11348,0.2503879678820643
11349,6.078404090056464
11350,0.5169539843344696
11351,5.033611090502451
11352,0.33827055593484245
11353,3.049090683058721
11354,9.976402853481012
11355,6.681091153053924
11356,4.906399236911615
11357,7.18433379882038
11358,2.1719469426896674
11359,8.398928987860936
11360,8.491172867441673
11361,4.505775531046195
11362,8.885304536191404
11363,4.0824891338337155
11364,6.825189548086827
11365,6.017843346220725
11366,3.890250266691789
11367,8.946991713214977
11368,1.5997807011522678
11369,3.937493830372383
11370,8.269836069779226
11371,7.006786730074568
11372,9.790959178763908
11373,1.569941021088418
11374,7.043422755147258
11375,7.50880123080078
11376,9.062767984709279
11377,3.4896501823944783
11378,6.0468005125599
11379,3.678618201200722
11380,5.059972172038852
11381,0.6586179629312124
11382,7.773768531115696
11383,4.959660818299887
11384,6.97285253131488
11385,1.7854081074534016
11386,5.92142215119603
11387,5.063467254125044
11388,4.924135155566602
11389,9.68252464707897
11390,8.62639803488746
11391,6.417206523911319
11392,5.056288209866111
11393,9.868078285241044
11394,1.1853820121020189
11395,4.035230263126339
11396,1.8517978807493423
11397,5.100514076719421
11398,6.948180827368022
11399,4.825853603765167
11400,2.5200441161201397
11401,4.878568704687789
11402,6.192062445539468
11403,4.9912749915629835
11404,4.10510883094022
11405,1.2190314829194675
11406,4.900056784018978
11407,1.24108853530209
11408,3.2523235241563397
11409,2.5507111643937823
11410,7.761769857142164
11411,8.490583348690443
11412,0.7564889859156375
11413,5.50825973032587
11414,0.8511108254596157
11415,5.704421459019965
11416,5.7444962682665155
11417,1.8422042799729181
11418,6.607666088437124
11419,5.878145764383439
11420,9.403665520180096
11421,0.291656436362121
11422,5.44392212540037
11423,8.050949472471226
11424,5.561482258383442
11425,1.6399774891385732
11426,1.6237935817082865
11427,0.7350702678558843
11428,4.892524303826992
11429,2.887285963764247
11430,4.473657253710373
11431,5.17538916693194
11432,9.967257638378006
11433,7.01559980623118
11434,1.2383100744619293
11435,3.719024549225021
11436,6.589356391981786
11437,6.009589781798156
11438,8.212545873753768
11439,3.1968487806647556
11440,7.576704809030783
11441,1.8814384021887574
11442,9.944938710968968
11443,4.1327158023398844
11444,7.105715936197684
11445,4.515855581828539
11446,6.510585541566356
11447,5.656920267640035
11448,1.9134932496628774
11449,9.262433050675549
11450,4.4126628458112656
11451,3.740130127230969
11452,5.5212007347477
11453,0.7938385526902266
11454,0.4740675369238341
11455,1.823591202298826
11456,5.927462331690909
11457,7.347831216618473
11458,7.1991997326550665
11459,9.316418036869399
11460,7.274980728994524
11461,5.674555792670253
11462,5.612833558475716
11463,3.1361735349145397
11464,5.34762525657203
11465,9.693497883470307
11466,0.9040120588757421
11467,3.7850586629825265
11468,7.574101808045002
11469,2.129619231161507
11470,1.417460005085808
11471,0.7693534992740688
11472,1.626470394366299
11473,5.790857878469089
11474,6.895202227417139
11475,3.4462727230709316
11476,6.360172372936963
11477,3.755709854676438
11478,9.325457156216025
11479,5.141903199044675
11480,2.6900550319310654
11481,4.027432879800801
11482,2.2812073910782136
11483,7.310977758061983
11484,0.6098921916413412
11485,5.492576940543557
11486,9.079364018785077
11487,8.385578368720632
11488,6.7323940993746625
11489,8.446230543328554
11490,6.160419372696654
11491,3.139648163578266
11492,1.8161202287691351
11493,8.496494625017318
11494,5.1817787340505115
11495,7.120985097997565
11496,6.288577461416402
11497,8.305958123961181
11498,1.9398229807793332
11499,6.936871479319157
11500,5.393095180728366
11501,0.7764830160294847
11502,1.3211425395530871
11503,6.054544554263185
11504,4.02031599294798
11505,8.710854100059807
11506,7.5256028653735
11507,4.740729138989455
11508,1.3689374370280314
11509,4.327795065700108
11510,2.475140423159533
11511,9.90983765152648
11512,2.451781958114256
11513,1.341506914230461
11514,8.343589695725948
11515,0.1018744179903832
11516,7.099205979874152
11517,5.59664127882003
11518,0.8805960709962294
11519,0.39957344132796135
11520,5.401877480823347
11521,6.089246940066582
11522,7.614097170595907
11523,1.9525515233360111
11524,7.193122058202236
11525,9.543163981099243
11526,5.533620612150202
11527,1.5229380085049202
11528,0.8032608744237718
11529,9.446923689928143
11530,4.808142099628146
11531,8.68575921036596
11532,0.6883433470103817
11533,9.19801259357255
11534,0.9196156071742424
11535,4.0564492042758555
11536,1.5914856860112216
11537,8.898602193818832
11538,4.755407262596545
11539,9.128205817264645
11540,7.741758109724073
11541,5.012905369269969
11542,9.27039586759382
11543,3.581617881989316
11544,8.964167791900767
11545,8.2615759731009
11546,1.722351363842557
11547,4.895493267688564
11548,4.524542981455091
11549,9.852009941929545
11550,1.7977811019997532
11551,7.09416622800757
11552,1.3677307262546936
11553,0.7312245112325937
11554,9.451176083755946
11555,9.492321409944447
11556,9.319934251203497
11557,2.3207207370123366
11558,6.079710568782154
11559,7.691628140352865
11560,5.867954539189961
11561,1.42348784975547
11562,6.8505811749589
11563,5.39322622465743
11564,9.15971202970891
11565,1.7241696906086668
11566,8.688794209730991
11567,4.806589197905851
11568,9.227515873594934
11569,3.5887759225855933
11570,6.823942236826451
11571,0.3612260569538326
11572,9.74315978034273
11573,3.789517136039424
11574,0.6537001972356923
11575,8.600559107907356
11576,6.407614198174958
11577,4.402752607760277
11578,1.7612336965538662
11579,4.461837108855852
11580,9.36457170044341
11581,3.7090133108534573
11582,7.165058031325933
11583,4.821534701574583
11584,4.860689209480828
11585,2.3339629094259653
11586,5.324570853414685
11587,1.1563893157093714
11588,5.073917978336208
11589,7.303513944226101
11590,7.062775852152858
11591,7.228999256213154
11592,3.2649328918706884
11593,4.090164229838319
11594,0.5148654967912351
11595,9.021764030857302
11596,7.156596873565473
11597,7.276876214216366
11598,7.8722698025735385
11599,8.655534620334235
11600,4.41383062891319
11601,7.4618652568132475
11602,9.886039406831346
11603,6.180729715728186
11604,4.550300587866113
11605,1.3291996730706654
11606,4.169156311364376
11607,3.381825071400688
11608,7.034707099635962
11609,8.528735402016139
11610,4.217496452235188
11611,1.3011115891635558
11612,8.360521131746832
11613,4.040974956479224
11614,0.882641121832009
11615,3.4872240938546804
11616,1.1441882287896232
11617,3.2714892652823173
11618,6.425288221084315
11619,3.139061689469098
11620,9.800214050936221
11621,5.095508663131141
11622,8.597755573014686
11623,5.718008806522365
11624,7.56586125830263
11625,3.8716277656626983
11626,4.015048990917603
11627,8.801052037174324
11628,1.5509034889817956
11629,9.855265289710077
11630,1.6011034814664828
11631,8.307705935767626
11632,0.25397533611770884
11633,0.548028797867651
11634,6.539914424498928
11635,8.837611624135151
11636,9.730672387040498
11637,5.575747095633201
11638,3.008481533550531
11639,6.313357358379217
11640,0.11427807749425253
11641,8.161247208695565
11642,8.446535323800278
11643,3.564954657019696
11644,8.74893808527391
11645,1.6517770611486946
11646,6.776187699643025
11647,2.8614009657254345
11648,8.68034055558304
11649,5.454741182767887
11650,9.834326343708941
11651,1.106873341699079
11652,8.197372464269257
11653,6.301369224465065
11654,0.6902749747386904
11655,9.419599448251995
11656,5.145393446619797
11657,9.7550172271222
11658,3.6834059851265266
11659,8.936098117963786
11660,4.770935004851899
11661,5.51813817351618
11662,7.391548002972447
11663,1.0507329969511754
11664,7.60215609405632
11665,6.942076554081258
11666,7.466601036085556
11667,5.217869639734214
11668,9.824451658850327
11669,2.6964570955484652
11670,5.872779083841662
11671,2.998649995843502
11672,4.368427613410989
11673,0.2388504346880925
11674,0.10920044129881981
11675,2.394598237411984
11676,0.24954744438281934
11677,2.9412024069946825
11678,2.5021454794231395
11679,9.627024490323926
11680,1.0822259113442803
11681,0.2265496401529156
11682,7.910748179089885
11683,6.409793380295305
11684,3.9623929448546913
11685,1.0355369998988198
11686,2.142903399127191
11687,2.440943152940466
11688,8.843966036154308
11689,5.509678287974343
11690,2.212916736373423
11691,5.832531168690862
11692,4.953871367374012
11693,5.641632390896513
11694,3.9787174520936386
11695,8.237184905881788
11696,3.8589259690727453
11697,2.3977294714454405
11698,1.0356321206689594
11699,7.828280632990119
11700,6.046934417826541
11701,0.5001968506971438
11702,4.753921226377289
11703,2.8465186581593174
11704,1.1374360488085522
11705,9.279814077289442
11706,1.0137934503683617
11707,6.530971577416142
11708,9.77462674137633
11709,4.813581901498863
11710,1.9215717367112035
11711,4.0289983490663435
11712,3.695017378641652
11713,3.2512636310160636
11714,6.342454683157691
11715,1.788263520297703
11716,2.578681203859037
11717,0.637922622229936
11718,6.419678425951796
11719,9.496098917739124
11720,3.2896307778754976
11721,1.5442144832649076
11722,8.539064941655067
11723,2.967552505456122
11724,3.0649179022672244
11725,7.672738322396129
11726,6.745121394309802
11727,4.542570501639958
11728,5.070650593031104
11729,9.090186600745401
11730,6.006300599017089
11731,7.370573785002433
11732,2.688159002513935
11733,6.119481559935255
11734,5.165298288646521
11735,3.744644960928436
11736,8.928046185311537
11737,0.19384727227261395
11738,8.804043187397625
11739,5.2261598044094395
11740,5.723548380658063
11741,2.4312001117027333
11742,0.8331843074092838
11743,8.243408830221597
11744,8.998613289715571
11745,8.063811741213039
11746,3.628292366151675
11747,4.429274487105168
11748,6.99840083194877
11749,3.9844946779762274
11750,4.338062594587325
11751,8.252515148792037
11752,0.32645925965678196
11753,8.022589956658653
11754,3.1816346705055265
11755,0.5799122059950961
11756,1.2111059954539583
11757,8.149381616990791
11758,1.37714203762665
11759,5.083637353487273
11760,8.762914370240988
11761,9.217848845109552
11762,1.3174392371340935
11763,4.11176625868627
11764,9.609804308983676
11765,8.174083756758655
11766,6.756686231309067
11767,5.902277781098306
11768,3.768184672952357
11769,5.854381216215335
11770,4.485495720716311
11771,9.039669397621235
11772,8.645699266870707
11773,2.4711919348193208
11774,7.739270336409835
11775,0.9147630144973078
11776,4.884877899600492
11777,7.39185255611331
11778,2.9526639940996477
11779,3.914292130407777
11780,0.14322371401046297
11781,6.300909986543615
11782,9.400291575184049
11783,4.153255027474713
11784,5.130638552686688
11785,0.12803963529484846
11786,8.088758562653279
11787,6.24437322345027
11788,9.520605395870504
11789,4.712438641467832
11790,4.147367389548054
11791,4.633243170248994
11792,9.840083135965976
11793,1.2028885634727566
11794,2.8553652257799405
11795,6.187818202039051
11796,3.4013863868536736
11797,7.211260125204454
11798,3.423000776911877
11799,2.8921992113282005
11800,3.2447603435217482
11801,0.30231080327269233
11802,8.763634405043872
11803,1.0731967603384835
11804,3.0214849503138765
11805,3.074812563166978
11806,7.714078367933386
11807,7.4745399241947315
11808,4.089760210860676
11809,2.0960008697565318
11810,1.3542800964445254
11811,4.708700270043421
11812,0.3772547048798134
11813,9.700472186488113
11814,5.564364712092329
11815,8.996050964620173
11816,0.8575739957442068
11817,0.3254114039600833
11818,0.8155674281743857
11819,6.506767329890345
11820,9.162213354069436
11821,6.926411937624821
11822,2.430201721782622
11823,7.138286066031613
11824,1.0919582834946102
11825,8.317908677106617
11826,0.14518952108957317
11827,2.2326085293762183
11828,8.627987085391581
11829,4.196534819653912
11830,2.775229879906479
11831,2.093388555782167
11832,3.574056502174284
11833,3.3605727607412312
11834,5.763461731746175
11835,0.30190643781811777
11836,3.9848980299037864
11837,9.964358596809559
11838,0.6793947341988816
11839,5.092396781232507
11840,7.761524070600023
11841,2.2867088715655024
11842,6.6072871295494116
11843,6.1824296469023485
11844,9.784712309850956
11845,0.8336166402675143
11846,7.6787996235035765
11847,9.249978660512282
11848,0.4045555779087826
11849,1.1833578970490262
11850,0.656853021752325
11851,7.293161585326996
11852,3.1617842276502732
11853,2.6180015170054345
11854,9.641315325814082
11855,6.5421831876738
11856,8.947338642046443
11857,7.0620970368424745
11858,8.257185395234623
11859,6.86450487107239
11860,4.684393629784195
11861,8.7928779109123
11862,2.6972931954490402
11863,6.726351135137109
11864,4.435239428819144
11865,1.0494076211372565
11866,5.731439339591421
11867,3.520545283362655
11868,1.0009696124695393
11869,2.964926313231288
11870,3.3715987111784416
11871,9.08290701593838
11872,5.954565176569366
11873,2.0079359334810323
11874,0.6908440238438397
11875,6.356721328912697
11876,3.3752037444817273
11877,0.7394250120526267
11878,2.009986366661242
11879,7.4969402061868715
11880,0.25283246708184526
11881,6.353243740918434
11882,0.8071157133356546
11883,3.7304358865966396
11884,8.406642843974597
11885,1.825843400745777
11886,7.319361989549572
11887,5.342414337018373
11888,4.41792225161715
11889,4.339919295964518
11890,6.246779257692015
11891,8.22384435448025
11892,3.310899021467055
11893,8.849876603144953
11894,2.6074415241187037
11895,7.686439790138383
11896,9.113730560948447
11897,9.2704384947041
11898,0.4900900908737671
11899,5.522703535630324
11900,4.629739911317265
11901,1.688967053881905
11902,8.237636334131151
11903,6.331051008590144
11904,0.9074874343743212
11905,5.681137859782944
11906,2.4372515150337906
11907,8.97996834589982
11908,1.147176711789048
11909,6.326892860754616
11910,2.042013220278072
11911,0.9779772131659253
11912,9.492333610290416
11913,7.031132458118053
11914,2.234141215758601
11915,2.8916625224485175
11916,9.506554835444591
11917,8.737428548090072
11918,6.5504272156833725
11919,0.8665753862265774
11920,8.452311807186604
11921,2.9776408427470313
11922,8.945527923256142
11923,6.852903391892708
11924,7.332568759497477
11925,1.5397673785585138
11926,6.818759333154844
11927,5.08727188776664
11928,2.4755290996372126
11929,3.121698246380204
11930,7.656492717369344
11931,5.975389589919845
11932,8.061321503108127
11933,3.8063718798622848
11934,1.4056817655305482
11935,0.980402199188041
11936,9.06642125716101
11937,6.188334613463993
11938,2.635711276628668
11939,4.179244551944963
11940,6.375143765160089
11941,3.9630545620561466
11942,6.463481931408761
11943,4.779885745429791
11944,2.8802317650290106
11945,9.052882861088067
11946,8.365225717278184
11947,6.096583128858142
11948,2.5319195975693924
11949,8.136441362140664
11950,8.14988932009579
11951,1.276832810617941
11952,0.9621604849309237
11953,7.61583484732466
11954,4.973126311643193
11955,7.127158764846924
11956,5.420155455186437
11957,6.152617733375258
11958,2.5019430954588917
11959,3.691408861634416
11960,9.005366861900587
11961,4.477230613055656
11962,6.403322390061293
11963,2.939060380867908
11964,6.13275236355442
11965,6.94308412082857
11966,1.7038321490992387
11967,8.458348882641832
11968,0.8158975715424885
11969,3.604995835814453
11970,6.546727620997688
11971,4.2573542713686665
11972,9.17445482412685
11973,8.443588411128538
11974,7.995881281917254
11975,7.18232533829134
11976,5.217323689801511
11977,5.353683227194051
11978,5.347389922142277
11979,9.580486299568495
11980,7.586005106986004
11981,3.1939485471394278
11982,2.85512901050756
11983,1.794059348894036
11984,6.680854922453968
11985,7.963775387000077
11986,1.0609011848312233
11987,2.6233887579197592
11988,2.2138906905125038
11989,8.860514637236507
11990,1.7773096050070984
11991,8.500646862048182
11992,3.699695492652844
11993,6.142920139056192
11994,8.793924437464005
11995,2.0837414386141995
11996,0.7174567988047159
11997,8.928054046432903
11998,7.137101872043623
11999,4.394814753135772
12000,7.148091770668421
12001,6.92420190815997
12002,8.418542978965828
12003,5.837961686246449
12004,0.7567476177110026
12005,5.7955216319690495
12006,3.2459712151070614
12007,2.900937781118616
12008,4.961325618688876
12009,1.4026376854830187
12010,2.5912098149720215
12011,4.133153564462777
12012,3.295843562192084
12013,6.917698137792662
12014,3.8799401127663793
12015,1.5682253466430158
12016,3.2473671007243694
12017,1.1036660457375522
12018,1.3371161706316297
12019,3.465421249415008
12020,6.116568735136528
12021,3.6697698310343663
12022,0.1730858867347553
12023,8.324264042963117
12024,9.015943021448562
12025,6.721203871601423
12026,4.666101101686727
12027,0.8269633931977141
12028,5.943756015956536
12029,2.6250112231690226
12030,3.680777057330774
12031,0.19422337738973622
12032,6.590615429306949
12033,6.141248612456237
12034,9.570128153171549
12035,0.1829480044033912
12036,8.520300742286828
12037,8.761277253992379
12038,2.1751410924561525
12039,1.50666587065917
12040,3.0203710091251526
12041,5.782298340321404
12042,4.271549860856568
12043,7.597667006951472
12044,9.652966095626626
12045,6.480351373445513
12046,0.8354173533203687
12047,8.661068613696312
12048,8.196410182607702
12049,1.7269762685042596
12050,3.454533332874781
12051,9.882343102948077
12052,4.161586589641721
12053,1.023085386168747
12054,9.301097466334488
12055,9.603272973255836
12056,4.6271525255297465
12057,8.034925973560938
12058,2.1039222378872737
12059,2.688074297640963
12060,5.938662088242757
12061,4.561113876283032
12062,0.2191726034137686
12063,2.401089607189139
12064,6.238117436837616
12065,8.028675442176425
12066,4.362254162789923
12067,6.307766902418366
12068,8.611269873066085
12069,4.036846123073943
12070,8.652772127972788
12071,2.4014490748381006
12072,5.705630972757434
12073,3.118729550963539
12074,3.1490834199419973
12075,0.79962978948433
12076,3.8891080445295816
12077,8.984762459604251
12078,3.9939133518659244
12079,8.95905657053164
12080,4.592619389434365
12081,4.1719151318829395
12082,8.448947574770633
12083,7.264963574582136
12084,7.4593048740738945
12085,5.711812815443345
12086,4.380103211982655
12087,5.471065326196446
12088,8.006798171624794
12089,6.947810175272096
12090,6.813661910671639
12091,4.278673835352772
12092,4.2102697756731855
12093,1.244362169424691
12094,8.017430525992713
12095,3.083636625494895
12096,7.027030118440231
12097,3.9192297673298073
12098,2.232477421249904
12099,0.9143741173549397
12100,0.3357862768496934
12101,9.639052796416811
12102,5.66187420596565
12103,5.347169900137368
12104,0.13413929084959325
12105,8.433306272247048
12106,4.8662597008379285
12107,3.6317274250324085
12108,8.740700670729112
12109,4.495774002507905
12110,0.9350286446678507
12111,7.30554308623165
12112,3.318389478225974
12113,6.419659976289443
12114,6.569503202979956
12115,5.2900608020424995
12116,4.8608352289692425
12117,1.4839120264983567
12118,6.179759100291494
12119,1.5177011014799036
12120,9.98187061293258
12121,7.620408782243467
12122,7.688545957610307
12123,0.3246118612005752
12124,0.6212074135025772
12125,9.342585727430581
12126,2.05443037768418
12127,3.5888803157140696
12128,1.2823299964794765
12129,1.349468576555266
12130,5.901441410524864
12131,2.6822180671766556
12132,7.277087530421221
12133,9.611157264336951
12134,5.157413606308463
12135,6.24618448369441
12136,7.804541155724119
12137,3.6534577403166666
12138,7.7848878344961046
12139,6.498642781161263
12140,7.27464569585478
12141,9.796513439239291
12142,0.18688692057640366
12143,0.4152703878874471
12144,1.9072185054450768
12145,1.651471070355648
12146,9.580030694896312
12147,7.522817859648507
12148,8.719183373228073
12149,3.505819944749893
12150,9.941871099778488
12151,7.3249812619845
12152,8.240289987759379
12153,5.027265738727804
12154,0.4043114691824684
12155,7.810484400417885
12156,1.2206901677305786
12157,3.9928236502668994
12158,2.3428435929771916
12159,8.096461959001546
12160,0.47271090056923826
12161,7.174522894973935
12162,7.781564173067252
12163,5.294951857175606
12164,9.080091730196978
12165,6.952317606069673
12166,1.3897262587343007
12167,3.0610468532924884
12168,6.581854045939847
12169,3.4506927738451383
12170,7.154579446294768
12171,7.206439926770688
12172,2.3279817964680656
12173,3.9188658060747756
12174,7.5953000813591895
12175,3.060453407571989
12176,5.948908852970975
12177,4.65630621533238
12178,7.398670954122761
12179,9.02415879675696
12180,7.754332389873399
12181,6.242368292742214
12182,4.139613197680863
12183,6.761882129868491
12184,9.628349345474213
12185,7.2047383647943715
12186,7.1390000021613895
12187,1.050685292289393
12188,2.2273952451875605
12189,1.6311998224429078
12190,1.175582003029865
12191,1.679367387728421
12192,8.447653576815298
12193,1.597316534286043
12194,8.027074239120065
12195,3.043926008778567
12196,0.9943044911373823
12197,8.643432289587196
12198,1.8241511695022374
12199,9.075182598593905
12200,4.900927505741615
12201,4.847139284384188
12202,7.254702045402301
12203,6.61700132524638
12204,1.8335211924886925
12205,6.978927807023642
12206,3.0280591146762115
12207,6.04089063262235
12208,9.507552796157311
12209,5.9850433918873165
12210,9.05187556708548
12211,8.458787213318448
12212,0.10933764087690447
12213,4.86028087819711
12214,9.256640706937665
12215,8.276099249262202
12216,8.979804168878097
12217,6.105927107009814
12218,9.499167532014404
12219,6.75412944448652
12220,9.380582151364633
12221,9.098807148711035
12222,6.944592087188971
12223,3.575777806569172
12224,6.036469928287226
12225,1.6323393830894963
12226,6.314633565212266
12227,8.032353693010387
12228,7.315216549207628
12229,4.58739590677542
12230,2.32151026179913
12231,0.9107491777344224
12232,1.079780093850275
12233,8.030412865711616
12234,3.018630811684271
12235,5.915750696681974
12236,7.486114128217134
12237,6.243568126499173
12238,3.6785056567398544
12239,6.091562642466676
12240,8.26904119400345
12241,5.4945524520486595
12242,4.375835936173509
12243,9.183529035426636
12244,6.9457490043906525
12245,6.7083515228210615
12246,7.455106212904322
12247,1.3264222506217804
12248,4.867594432326995
12249,9.953199160097773
12250,3.0812587599605537
12251,1.153922073762464
12252,5.921289160545964
12253,0.2953082823960621
12254,3.594823400063574
12255,4.3706449134146865
12256,4.815170116894629
12257,7.907490841365133
12258,7.112846312072541
12259,2.1635397321829233
12260,1.624677242732919
12261,3.608969431568538
12262,5.911697864892112
12263,6.0053125830662655
12264,6.549421017727168
12265,8.465643817778545
12266,2.424010958541521
12267,0.6786967750147033
12268,6.360309664126283
12269,4.235557331584187
12270,6.018531184126952
12271,1.850560180826528
12272,0.5548534395570253
12273,8.451192557128595
12274,7.5036358432591435
12275,6.6262236186883126
12276,1.9960504555186507
12277,4.123016092873015
12278,5.83652183799211
12279,5.702565250047103
12280,9.538870927461042
12281,0.5397022002768916
12282,0.18282463876113453
12283,2.998296193901571
12284,0.38826155687453157
12285,4.75657497582162
12286,4.22291628275317
12287,8.625861203047897
12288,1.665942749207329
12289,3.779184642179252
12290,1.2402489308934004
12291,4.398855320176529
12292,2.3006789118699116
12293,9.15276171349872
12294,6.264845342936595
12295,8.898919119952662
12296,3.5401082459485402
12297,9.027636118419572
12298,6.478828045549918
12299,4.846779138856421
12300,4.2228217115830455
12301,0.29053701070523585
12302,1.058620379237412
12303,8.461831736684896
12304,8.23402526310952
12305,1.161816449020273
12306,1.2175694506143726
12307,4.145697015508258
12308,2.173430987331357
12309,0.1681014286030099
12310,4.203111199410357
12311,3.8722433783157126
12312,9.955958729907323
12313,5.10041522919651
12314,4.678663194020281
12315,5.606626833875563
12316,6.313889921749541
12317,1.6944337648919183
12318,3.9070492530610186
12319,3.585341406632809
12320,5.702443037757117
12321,9.802763143285066
12322,8.410315735499639
12323,4.837098707197929
12324,5.553954771587415
12325,8.972987109369305
12326,9.47287064774077
12327,8.875964273954525
12328,8.833793958365607
12329,8.764542913648931
12330,4.009913353748639
12331,4.186581938677606
12332,2.6334912941523045
12333,7.132542047580616
12334,3.5226822517240333
12335,4.148978304213855
12336,8.48749205591829
12337,4.765520749507201
12338,4.667935839188645
12339,1.0223639577283485
12340,1.12991662016474
12341,9.913512171984872
12342,6.444695197467822
12343,7.7613317285851116
12344,4.70789370380538
12345,2.3795502098889854
12346,8.49842898833678
12347,0.9641405917043722
12348,6.249402675673116
12349,5.56138684613793
12350,6.2049310713708925
12351,1.0591654353036946
12352,4.33422912184925
12353,9.105665353970274
12354,5.867740211484725
12355,7.687597142455594
12356,5.624760065371821
12357,1.2667780248611158
12358,3.119845816632317
12359,5.130909194159569
12360,2.0486935744510553
12361,7.9210942844551075
12362,6.38541831252148
12363,1.1293445609027524
12364,6.966172747506824
12365,9.025723703476437
12366,0.6445296154493209
12367,1.8095446907549835
12368,8.722637660776355
12369,3.190935027769808
12370,1.3728352338500054
12371,0.8911652901474264
12372,9.785869475733273
12373,2.734658719762544
12374,9.513137920051133
12375,1.1040726550666984
12376,8.325171421727783
12377,0.1606183154034811
12378,8.403564344327249
12379,5.795915549425641
12380,9.552243073492793
12381,6.164014629499412
12382,5.631558279651498
12383,2.9001068437614483
12384,1.3135352840861951
12385,4.079121321928707
12386,5.651573872740428
12387,9.541262643035106
12388,1.1008855390528898
12389,2.5221797919813573
12390,9.046258050627355
12391,5.7413914901129885
12392,9.57518200696753
12393,8.548806051151066
12394,7.052197087908621
12395,1.894722058361393
12396,7.919989723943628
12397,1.7643014486894573
12398,2.5119171493055186
12399,4.062813727435264
12400,3.891982475682192
12401,0.16215727809975516
12402,1.6355271511070821
12403,8.054171204964966
12404,1.5600305453568257
12405,8.616559397381016
12406,7.271797072636102
12407,9.925274374802004
12408,2.1576573140635094
12409,1.99335662943477
12410,8.128439775131062
12411,7.420305684560349
12412,3.6373554278223836
12413,0.7818123318714733
12414,2.8796424839927757
12415,4.81074692974225
12416,5.1019930069387405
12417,7.020594474639784
12418,0.189856476123334
12419,8.547450902511844
12420,2.7590689168034923
12421,3.9774102883847546
12422,2.954941717950622
12423,5.139875785105408
12424,1.9980065501701498
12425,4.25548289634905
12426,6.669396588405285
12427,7.9115188892531565
12428,5.3255040979918915
12429,2.283741377900462
12430,1.1223208784986358
12431,9.767856783332089
12432,1.028574368001755
12433,4.656243963198691
12434,0.8405960701106632
12435,8.041986001431585
12436,4.377795903460111
12437,5.535253289646793
12438,4.979822366902336
12439,7.42520695922425
12440,5.979878718165513
12441,5.298786554681762
12442,9.626185253830885
12443,4.975650540235588
12444,4.157523185577454
12445,9.190672436803602
12446,0.36041860315257424
12447,7.6825027461191215
12448,4.747390533493682
12449,8.536499762544052
12450,5.212704319968916
12451,6.586226196330487
12452,5.724962812600003
12453,5.801950511876499
12454,0.36732972472132375
12455,3.7237395661752317
12456,8.143679904577072
12457,1.0955106448040064
12458,8.538657880322681
12459,2.2025326364081503
12460,1.5378694290734989
12461,4.181054540776523
12462,1.3989607574829395
12463,7.84755080874599
12464,4.38352434114972
12465,2.545493262755505
12466,3.943957281651339
12467,3.315306438879334
12468,7.656007808686234
12469,0.41957923120545915
12470,0.7510576598290793
12471,0.5570417179807231
12472,6.233804328603333
12473,9.44862626493367
12474,8.330324992008967
12475,0.7211066254737875
12476,2.3517363657923034
12477,4.652664701200714
12478,0.6737164639604604
12479,9.439489118646508
12480,0.19252529172529806
12481,4.666768954089329
12482,7.684777634673156
12483,3.1477630359841045
12484,3.298484335384765
12485,5.42664446018836
12486,9.107878995001633
12487,8.84885749805954
12488,6.920271292301744
12489,2.947614979875544
12490,7.8477246697092315
12491,4.395220674391402
12492,5.0112213048950105
12493,2.59781654556266
12494,6.858993040206631
12495,9.493813497023991
12496,0.5403451055356019
12497,1.746884841666927
12498,6.956696227875659
12499,7.85989031343178
12500,7.192758228541461
12501,7.082280973117674
12502,7.116921730214045
12503,6.063452667193346
12504,1.32493351760214
12505,1.3979553882471194
12506,0.4903722644303745
12507,2.525034419954927
12508,1.453163368480391
12509,6.412108014959108
12510,8.7694783813072
12511,3.0164579351788183
12512,3.9127009566601387
12513,1.6324487101683642
12514,2.638882665830383
12515,8.899775202422973
12516,2.969923840193819
12517,5.944652053451406
12518,9.30879705668913
12519,3.134369380884698
12520,3.0124325834687684
12521,7.994728456937856
12522,0.23278937448098547
12523,7.500160322096458
12524,7.247443853192811
12525,7.4878632123264355
12526,3.8564836280513286
12527,5.766127191490882
12528,2.9136156070109305
12529,4.830788652770084
12530,6.996754051864044
12531,2.3256612952160727
12532,4.6507481764133125
12533,9.097919598926136
12534,1.4650751801266857
12535,7.389428104410185
12536,1.307497961849183
12537,1.8919668284366122
12538,7.4722967314238575
12539,6.829841949798054
12540,7.769258045471365
12541,2.795021419977888
12542,2.7032074422693935
12543,9.891363380108356
12544,6.575210693190811
12545,9.025676050502994
12546,0.6509000481288495
12547,5.051627310470972
12548,6.772952302317733
12549,2.3747576390055833
12550,4.0603483400770655
12551,0.7941735660650157
12552,0.8556296724367906
12553,0.9569265653369687
12554,0.6354492949450286
12555,6.808526699631578
12556,8.345742939288808
12557,8.470035008589608
12558,2.4028066063814877
12559,8.171310988687289
12560,3.184711031388552
12561,1.7468353530102951
12562,6.200645669744151
12563,6.176623783884963
12564,6.411090353504104
12565,8.228105477680002
12566,7.339487423499811
12567,6.117488329224882
12568,6.346187981526111
12569,9.261011119634178
12570,8.529558193541472
12571,5.82936387827123
12572,4.062993842483918
12573,2.911887264564921
12574,6.0868102537471
12575,0.42872196456985157
12576,6.293292695885442
12577,6.226408207391575
12578,0.5966546989254825
12579,3.117217179713567
12580,7.788531538439658
12581,9.056283989814176
12582,8.998307355385617
12583,5.966247407114389
12584,4.708316032074072
12585,3.535952214948446
12586,1.8860384130912722
12587,2.195515279881137
12588,3.599617799128025
12589,6.610112973308761
12590,3.0303125999721496
12591,0.5308673205440612
12592,9.026152309588896
12593,6.1234867964119974
12594,0.5052418450233166
12595,7.773710536315871
12596,7.351399788678505
12597,6.63772746912395
12598,9.910286175411356
12599,0.3305396197180233
12600,6.857562722909439
12601,0.32142789698023877
12602,0.1291248868134828
12603,2.1671828821031753
12604,3.124745369897747
12605,0.8774462032007871
12606,7.258024503252002
12607,3.901520899801797
12608,0.2672200084770997
12609,9.41883188760817
12610,4.04440561393825
12611,5.896104820148319
12612,8.60956965796075
12613,7.113238516736902
12614,4.101310676703715
12615,9.881008025284551
12616,9.00639829737714
12617,6.952249869453484
12618,2.645106992563988
12619,9.82644853240402
12620,4.793050718033276
12621,3.6261137078000836
12622,4.179571084074053
12623,9.264866132004933
12624,7.1267197792076615
12625,2.718872878830093
12626,6.848336090609947
12627,3.5641484785615076
12628,2.8363998089321103
12629,0.6516584790109645
12630,9.941378382578224
12631,8.624670933328085
12632,7.86428476206551
12633,4.37364749655308
12634,9.863064857149087
12635,0.8991160279746803
12636,3.4863834180076267
12637,4.582100692493767
12638,6.84595406467339
12639,0.7104167581834239
12640,0.642688590249638
12641,2.4589219342564905
12642,1.9817292507306534
12643,5.813028470485012
12644,0.946769498196902
12645,9.579063117662228
12646,0.5292082591667083
12647,8.633724254016432
12648,3.352465989673406
12649,2.251754467810998
12650,1.9983077828975688
12651,3.3402015321494716
12652,1.5075476571769164
12653,1.751962474420698
12654,2.74724327088677
12655,0.40419098151354305
12656,4.996909235260207
12657,2.009738279744362
12658,2.0926930659544567
12659,5.198771626002443
12660,1.0945870510893683
12661,6.356102718387856
12662,6.448993042347992
12663,3.179856821938998
12664,3.993170784948024
12665,8.807242828979373
12666,8.930397118900485
12667,1.4054897819009056
12668,1.5691643179132748
12669,5.6350144429859546
12670,2.069694548407283
12671,3.249244883328819
12672,5.388084734899112
12673,9.640559513663328
12674,9.735362827766489
12675,0.38795713862418435
12676,5.064024853669258
12677,9.010560561215895
12678,0.25539873917961275
12679,5.533958440833117
12680,7.189043451301687
12681,6.906779646421838
12682,6.169147723134344
12683,4.2089317797089345
12684,9.95837547220742
12685,1.3477511159652868
12686,3.934056275983368
12687,7.285797367233501
12688,9.543117321073938
12689,4.964388339640385
12690,8.382643360674429
12691,9.901365033403446
12692,6.837211024571994
12693,4.070121209981466
12694,8.843135529040186
12695,5.317311187280959
12696,0.6454651917516705
12697,6.127627969760216
12698,0.14871224382602696
12699,4.611775230644482
12700,3.3327195332927086
12701,0.11186557639985195
12702,6.964299596515475
12703,2.4280132156815935
12704,0.733345748057446
12705,0.18776264886549265
12706,9.699235247004495
12707,5.712664523540233
12708,2.7228688198954605
12709,1.7425704006125176
12710,3.817557488004824
12711,3.764710275428174
12712,3.450204998077502
12713,0.12885821638089512
12714,7.257925680417891
12715,2.858666259616328
12716,0.3257557705953503
12717,5.890793178148426
12718,3.61661414220823
12719,3.7033034575114523
12720,1.2152600080845444
12721,0.18656675160369224
12722,0.11745850260844473
12723,8.577066445392028
12724,1.9484174540423993
12725,3.0998478443320634
12726,2.6586654462661508
12727,7.050277361321833
12728,4.053764155026209
12729,7.166513630036933
12730,1.088882106542496
12731,3.4998099685748993
12732,6.752889254789965
12733,5.0674212423694796
12734,3.0904372242267355
12735,9.758615831082166
12736,3.4623401516821817
12737,1.058901566588729
12738,8.881926759286491
12739,4.892662230334415
12740,1.7597721330504295
12741,1.3554600158701753
12742,4.698428535871371
12743,4.022269575158354
12744,8.39287460939104
12745,0.6016777548446357
12746,8.309551529109072
12747,0.30710637022423176
12748,2.8834007053441755
12749,9.447820852035344
12750,4.605951359200148
12751,9.268874424622377
12752,5.299639844472708
12753,5.391122495707228
12754,7.7494055744811146
12755,7.007880584535351
12756,3.373060923161053
12757,3.412383558075054
12758,4.062856705041176
12759,4.764623376760361
12760,5.898930403045044
12761,5.888612701191952
12762,8.378168544796283
12763,6.778279815090335
12764,6.3073730577439315
12765,5.774717972539436
12766,2.373675919264942
12767,7.970232622758842
12768,4.986140695811253
12769,5.994164169523732
12770,2.5191822903648
12771,5.171369796913086
12772,9.462394488446591
12773,1.2263867955848222
12774,4.659820683887679
12775,0.8063592014070682
12776,2.881333482405479
12777,0.8838578069230976
12778,3.7421437340826014
12779,6.213204530451674
12780,2.306079173499082
12781,8.344109541189319
12782,4.908648780779949
12783,4.303063753187734
12784,9.57365794802208
12785,3.860980266737974
12786,5.699255630917839
12787,6.338307081231676
12788,4.935060897951033
12789,3.5060542108194315
12790,4.848084405747887
12791,0.39098243520298404
12792,6.594586324251365
12793,7.505570402263406
12794,4.212041831881905
12795,7.889203957231371
12796,2.4289747553684142
12797,9.948474524078392
12798,5.6566181372033935
12799,6.16161885440275
12800,6.672202599828233
12801,2.576516491144794
12802,5.063089069223087
12803,5.2267720776515985
12804,8.592776492557077
12805,8.420534713078437
12806,9.758638197964654
12807,2.5009392400723045
12808,8.382375429745514
12809,4.30374701659357
12810,0.48187115916864676
12811,8.288025833788023
12812,7.405095744451758
12813,1.0587368922879834
12814,7.56414535453196
12815,5.157873033908012
12816,7.37803745548956
12817,5.381877539069902
12818,1.821929246703806
12819,3.6803861250928587
12820,9.426940090615892
12821,3.9717662532963702
12822,5.120793578752707
12823,5.645844485006745
12824,5.741920309956854
12825,1.4055382131815872
12826,4.726796901865185
12827,1.9319035951926933
12828,3.5451785787678705
12829,5.701498722808401
12830,8.501117639318132
12831,9.385739472516528
12832,1.1893349677633522
12833,0.8757638936263243
12834,9.322315165220386
12835,9.80902646864391
12836,5.43144000664057
12837,3.912090414334662
12838,3.333509290754971
12839,6.391205585618574
12840,3.8177332155048176
12841,1.8487333495423313
12842,3.1193724401110186
12843,7.112780152297154
12844,8.15683628797691
12845,2.3404989105131317
12846,8.379523988673885
12847,8.54099725046801
12848,1.4166224882826117
12849,8.125102436499436
12850,3.206192768211995
12851,2.082217225674309
12852,3.712632219174659
12853,1.0194345440393175
12854,2.2816458136033204
12855,9.8219445380176
12856,2.2848026983430203
12857,2.9284214358888847
12858,9.83726355989684
12859,2.8165519007021853
12860,2.514056112049155
12861,1.7368289872882905
12862,4.781425533663104
12863,9.261727355172743
12864,2.319370392068679
12865,7.76612522005989
12866,6.415799489475947
12867,2.223514131346215
12868,1.9481690589493574
12869,3.3638661085363775
12870,7.728829062064163
12871,3.768221576179858
12872,6.66750633574248
12873,1.8967852931406666
12874,6.785676835789459
12875,1.8046172900414394
12876,9.786710703162528
12877,5.871200094299313
12878,9.238512601368724
12879,3.3221002658285412
12880,0.45308102369250813
12881,8.989565880416514
12882,4.91627019508641
12883,4.783500060112482
12884,5.050660692472483
12885,6.538007012401986
12886,0.77638403273898
12887,5.819200343660851
12888,0.2621097306436093
12889,3.9405533638229566
12890,3.2742343747776506
12891,9.647249949954782
12892,5.070784706624565
12893,8.839204528860456
12894,0.19521778196013012
12895,9.267013261971506
12896,5.399539272743999
12897,5.495871857122371
12898,2.113305471984073
12899,4.613513480653257
12900,6.8205660720462165
12901,5.59548358338525
12902,2.967478044735425
12903,8.652637962971907
12904,4.493202910554424
12905,4.400758225939625
12906,8.582243932855144
12907,5.9682395100773
12908,0.9815892870438387
12909,6.142599817804954
12910,3.5533604558285297
12911,5.0304120459848045
12912,5.267207604796439
12913,8.307156946217228
12914,7.0462033374503354
12915,8.161115691177773
12916,2.113039477028723
12917,7.086268913631825
12918,2.8165370004865964
12919,7.196401691017136
12920,7.599767774009344
12921,7.405764867087756
12922,2.283742728906415
12923,2.210535183272526
12924,3.2243194190620175
12925,0.5626162824179433
12926,7.222056955298167
12927,2.868460587842089
12928,1.051140303176773
12929,1.8131436789226012
12930,3.0261158360831937
12931,8.091302129128794
12932,3.0023185626905136
12933,7.291664048503158
12934,9.082876341500764
12935,2.9213033707287868
12936,6.55745181561201
12937,2.767288487464561
12938,4.450606826358921
12939,2.5764547863782195
12940,1.531991039881561
12941,8.458371517222908
12942,6.234645215517973
12943,4.8143319608313675
12944,7.527426844072874
12945,7.608659385421602
12946,3.5117073046361886
12947,0.9266650904937805
12948,2.2250833027285237
12949,5.5026153868356005
12950,5.2481777357289765
12951,7.839989536678876
12952,2.733793207998156
12953,2.844076582872523
12954,2.8487956583981973
12955,6.333578844253538
12956,5.912535816519344
12957,4.169565238769613
12958,6.889796561079961
12959,0.7921895336697639
12960,3.967990418670138
12961,4.103251864325864
12962,4.6430525942144785
12963,3.5943249339617984
12964,6.5600503386264295
12965,7.199693031016299
12966,1.4019477206009967
12967,9.953491312093952
12968,5.956085134696103
12969,4.8131002943561105
12970,0.8324026156514818
12971,0.3226283004199087
12972,5.235984174102198
12973,9.926244327321637
12974,7.162489146813135
12975,3.807114179050714
12976,9.848823217042604
12977,8.949696570117613
12978,9.78971506426033
12979,1.4129330561068945
12980,2.6353528821856234
12981,3.8332878665652093
12982,2.8460487129639405
12983,0.796865171135923
12984,6.145620358044228
12985,1.4698926347845447
12986,3.875833863170426
12987,3.8504250700591047
12988,9.868510094426306
12989,5.195031765712092
12990,0.20627163310928665
12991,5.346170876726191
12992,7.273050606392642
12993,0.8020740488180296
12994,8.4196946549572
12995,7.266632679975623
12996,3.3639914616446815
12997,1.7796032100725758
12998,8.160611056782935
12999,0.9318237360963181
13000,1.546011709556086
13001,1.9840335258755721
13002,2.3175183347928163
13003,2.456817051036186
13004,7.515379589754329
13005,1.5524447285236416
13006,1.7047449682347677
13007,9.635019841672236
13008,2.306220465993262
13009,3.8755578302839555
13010,3.0068929476236126
13011,3.730304546443787
13012,3.5431133552646825
13013,2.2745574907130033
13014,1.4833774015805716
13015,0.5642112318244838
13016,8.053132623883297
13017,7.340420792508502
13018,6.0721474610088
13019,2.751096162436913
13020,7.993690411059153
13021,9.323615608257834
13022,7.236038754132639
13023,0.3577044830801476
13024,8.29532403541181
13025,4.504339582003565
13026,5.270016722251018
13027,0.16983398164999805
13028,6.189171503131965
13029,0.4939284583673914
13030,5.744984745594876
13031,5.127999133738676
13032,3.161271133578364
13033,6.32839170854984
13034,3.5566985281725265
13035,1.5727498405716651
13036,2.44622536705698
13037,1.9222597147827851
13038,1.0305469862863383
13039,3.7324068528009375
13040,9.88505434187546
13041,6.389955866045811
13042,8.50630493269724
13043,5.872283990491479
13044,6.687951483000612
13045,0.5364567112200449
13046,0.371777859811976
13047,2.564308684733765
13048,4.035416651792573
13049,6.26735316873638
13050,8.19127510040207
13051,5.2224810721754755
13052,9.17970199452575
13053,6.401727519795421
13054,3.179398901861306
13055,5.0193912232794595
13056,4.289480514667351
13057,7.088638168845635
13058,5.244768331899223
13059,4.781043320320642
13060,2.1864448673120367
13061,1.7060539159553738
13062,6.192110724135821
13063,7.847025381989464
13064,8.38389083755773
13065,2.6969753331425506
13066,2.785543970347018
13067,2.196027170826179
13068,2.971223944961307
13069,7.381151246145467
13070,4.231480185652591
13071,6.05215556334691
13072,9.763568862474175
13073,9.513601505213625
13074,2.9115375767802747
13075,1.5073574503495801
13076,3.3703304772969522
13077,9.868087326784492
13078,1.4492357250307681
13079,9.583333714857506
13080,5.139211731836764
13081,4.997562097797531
13082,1.778265168323622
13083,6.714586065979999
13084,9.23511132954645
13085,4.9340883279454975
13086,8.099581943920546
13087,9.12099244216936
13088,4.0710653701534945
13089,1.2996800422899562
13090,0.46722561452086775
13091,0.15838292973544293
13092,5.233027814309473
13093,8.846717910528684
13094,2.1685533716272367
13095,5.365270633109177
13096,2.3950479439310666
13097,1.7240092987425892
13098,6.587783755781751
13099,7.366449964657901
13100,4.952763601505389
13101,8.305264936886921
13102,8.779197135465054
13103,6.609622287868317
13104,9.731846929921193
13105,9.215794221681609
13106,5.421901678936183
13107,4.229469320862896
13108,0.5260592698399602
13109,0.7831794317409569
13110,6.613524226335249
13111,3.0691694865293235
13112,0.47354968036760325
13113,4.187956155229993
13114,3.6459644487483547
13115,0.7312630072026884
13116,3.34816974051825
13117,3.3510975083791212
13118,3.0037262931480964
13119,4.551139900626537
13120,1.4471195785844473
13121,3.3706059670411332
13122,7.304651539795905
13123,3.781303986647074
13124,7.3743362687677445
13125,8.144045668425637
13126,7.950196932093992
13127,8.51223538198813
13128,1.3345427700817833
13129,6.835711114909071
13130,8.742723612734299
13131,6.425348378549119
13132,7.965918072187382
13133,1.638807775676055
13134,5.715212898860611
13135,6.578534128621556
13136,8.840845816165517
13137,5.8897164026878395
13138,8.082096167897092
13139,9.012650550557852
13140,4.311616456909715
13141,9.549550366681027
13142,4.3834936512446285
13143,6.953211047187501
13144,2.4408314245010105
13145,8.018800561376473
13146,9.437305539142692
13147,0.46853719834739405
13148,2.640662844981935
13149,7.389846453991949
13150,8.38264948953575
13151,2.4030074468117952
13152,0.19206604368782138
13153,6.680687087654509
13154,4.854477035486383
13155,4.21502457379735
13156,7.852548621487564
13157,4.865064734541305
13158,8.821892717595956
13159,5.615207681545394
13160,6.274895937044731
13161,4.903615129509472
13162,7.312556086560663
13163,9.282152454121423
13164,7.454514369650439
13165,9.073906912798396
13166,6.226966064670613
13167,6.4449599998796
13168,2.243843450219472
13169,6.1826706657020996
13170,8.201268109579932
13171,2.7615320923708704
13172,4.086902101358942
13173,6.280486242351738
13174,6.377904042286943
13175,2.350374218363273
13176,4.744944186291841
13177,0.2609970523999542
13178,5.929609165751271
13179,4.331520674366958
13180,5.197422063067422
13181,4.6448936255031805
13182,8.070897420421502
13183,6.145972473438616
13184,0.8922302179745876
13185,1.083018228048122
13186,3.6778544482779614
13187,0.8805739312719689
13188,8.131723721146363
13189,4.215421178413174
13190,8.736981052145424
13191,8.827900699526996
13192,9.605291806595732
13193,5.005380713514563
13194,7.256627140076245
13195,8.618605159583689
13196,6.707350940194923
13197,0.9941439931242263
13198,9.011836071548894
13199,6.606622257170866
13200,6.350597508305282
13201,4.123940180330917
13202,7.631694108075842
13203,6.466419577310438
13204,9.624550296239457
13205,9.230328691152817
13206,0.6217684532446521
13207,5.227547870393434
13208,4.5930568186259295
13209,1.2226268937715177
13210,8.779778987438654
13211,6.835737706333683
13212,2.869179556910859
13213,9.76195418548286
13214,9.484681298769575
13215,6.290794608133542
13216,5.6966348852522835
13217,4.155688741134057
13218,7.2103781111748555
13219,7.853098316539218
13220,2.8311592250837
13221,3.3653762022611207
13222,5.797278468000761
13223,8.536713396809278
13224,2.576070389899256
13225,2.198603819381223
13226,4.658511750215867
13227,8.321913251574017
13228,1.0028453526116343
13229,0.8118906186179451
13230,7.386022448063993
13231,0.9167563336091025
13232,2.1303901783336148
13233,1.1944197231030298
13234,8.9492258616798
13235,9.400502077568836
13236,8.246763201137481
13237,3.0447873008296504
13238,5.55377801629854
13239,5.779221995696867
13240,4.623279949973414
13241,9.093351198834252
13242,7.9451440492261325
13243,2.6239303466544506
13244,3.2852159972378345
13245,9.872867207455192
13246,8.064175501018042
13247,9.115774411978776
13248,7.206621695648955
13249,0.8694324840068205
13250,8.595236331409062
13251,1.4076417561813857
13252,7.6944822496276455
13253,3.913034390900212
13254,4.460690448547464
13255,3.7281414354011417
13256,7.207513124854536
13257,8.99883119867908
13258,7.795796022994388
13259,7.435580925659457
13260,5.038106408987547
13261,5.426707887205786
13262,1.3506495793557949
13263,0.7459900463828285
13264,1.98479212820801
13265,7.007592027391541
13266,9.299994872302591
13267,9.830009310320836
13268,2.141828494735288
13269,5.239285943187121
13270,0.7334320935734775
13271,8.04765644483793
13272,4.931452231019491
13273,5.254909418311172
13274,8.589829878538742
13275,7.945071454464667
13276,7.943021618905891
13277,8.935048891511268
13278,0.40555144033897894
13279,6.383517495623847
13280,6.119216309108947
13281,8.175686025978724
13282,6.399814240764922
13283,5.122708724533957
13284,2.1434561455380163
13285,5.373528949842743
13286,4.673812957178192
13287,7.939034380461012
13288,8.858172881553028
13289,0.11624818370119819
13290,6.332645072162884
13291,1.2835169536924116
13292,9.476583193335472
13293,6.232602674693306
13294,6.182685265371297
13295,5.698124518331958
13296,8.390009492557043
13297,2.2506470546710067
13298,7.515369825179828
13299,8.901998136348567
13300,8.87864775864033
13301,2.211794436840114
13302,5.659289618169157
13303,2.26373440054008
13304,4.987859619613136
13305,6.11132886584304
13306,8.77836194409435
13307,8.83820262317273
13308,0.5753074908574136
13309,4.111123686340042
13310,8.99854549245339
13311,8.762141116951453
13312,1.2538982815117714
13313,2.5809749810367424
13314,3.946005476548124
13315,9.528206772888154
13316,9.021076855036554
13317,7.926940948826072
13318,4.4644414967916015
13319,5.3025299509018655
13320,2.4231817318326905
13321,5.354671403263087
13322,6.439148145160857
13323,4.543453662788891
13324,2.0498504825155877
13325,5.654073526295931
13326,9.668088899946438
13327,1.439358491120048
13328,1.9906156644352624
13329,6.474951678046938
13330,8.423661432417436
13331,2.4283601909229167
13332,8.598620816596885
13333,2.7753699161212646
13334,3.1927931011824326
13335,2.2784741783480675
13336,3.5977678166448293
13337,2.2182909681330143
13338,4.552092822670637
13339,8.637082208157395
13340,5.6335849433057055
13341,6.896943081972431
13342,8.356804045089184
13343,6.702369221842951
13344,3.284051676724235
13345,2.3812247956006876
13346,6.223234913297465
13347,7.04419856705511
13348,9.580268866229371
13349,9.437876569412076
13350,6.714939726122855
13351,3.248867836490788
13352,0.8902053037837014
13353,4.407345717543384
13354,9.643280839020365
13355,6.530380910108866
13356,8.582406754453844
13357,8.071598152454149
13358,1.3317569907362279
13359,4.718459838230039
13360,4.505023768071354
13361,6.592082444825654
13362,9.648456859717266
13363,8.50581206953767
13364,2.7531935427850924
13365,2.9673883958720966
13366,7.732379677921822
13367,3.6846223923789996
13368,4.911580917421158
13369,1.316423295207441
13370,3.488987787561959
13371,2.487056109389271
13372,6.696627407894537
13373,2.426739143326899
13374,7.979909511308806
13375,0.6005919675645393
13376,6.621254752109218
13377,2.503508352018917
13378,3.9544032072347033
13379,3.12277550480567
13380,6.721434913732195
13381,1.1094890313970853
13382,0.7291056379737635
13383,9.712470772212262
13384,6.441026138644386
13385,0.12186816452331216
13386,2.570799210031803
13387,1.6003572258909478
13388,2.1862671686997524
13389,5.813069143306544
13390,9.380792214297728
13391,4.183205226840314
13392,3.838646183185678
13393,9.439658836280783
13394,5.9844347677865075
13395,9.419763933752524
13396,7.094787200839935
13397,9.817842722526752
13398,9.811109797382416
13399,1.9734318108165894
13400,1.4730401424573563
13401,4.056987992181556
13402,9.05307257900024
13403,4.416115472487604
13404,8.757809416556109
13405,1.2618548531151306
13406,7.810981643034773
13407,9.543753240412915
13408,3.465103436058732
13409,8.445440212623584
13410,5.524194557250466
13411,0.9235992436531616
13412,9.674902566950525
13413,4.845925930872446
13414,9.685707868274097
13415,7.9886231626428374
13416,6.074520647965559
13417,7.0221022629630205
13418,9.592087983734707
13419,3.0997840010378406
13420,8.442448422391749
13421,2.763179732640543
13422,5.026197018744967
13423,3.8457866991130514
13424,1.5480486960583508
13425,9.268237780187683
13426,9.246640814341108
13427,9.681306650999948
13428,8.90029397815064
13429,8.393342187697197
13430,5.40234050345934
13431,6.513262137111477
13432,1.1767127863726465
13433,2.1327528188481124
13434,1.8351698309753106
13435,0.6372124138417905
13436,1.8612887273731746
13437,4.10285704223946
13438,9.484357238605444
13439,6.622446348573442
13440,0.7429412351005378
13441,3.056073834524901
13442,8.916563734240922
13443,7.790321475423656
13444,6.298691809420396
13445,4.814499894965698
13446,7.650201669337264
13447,2.91132624417793
13448,4.666681078410182
13449,4.949471594709421
13450,8.593134764397092
13451,9.374527199319127
13452,2.9596192281820124
13453,8.473383306426213
13454,3.238775370564339
13455,4.44960198060605
13456,6.5696846921098135
13457,1.5611831523247213
13458,9.599126825672766
13459,0.40048700018231564
13460,8.811856546364037
13461,5.042975782959913
13462,5.471528248747998
13463,6.9352759274191325
13464,4.299459739037736
13465,0.8795485592328091
13466,3.4204045334295903
13467,5.214023353307684
13468,8.344902652103347
13469,7.8073338217016
13470,9.112947510836257
13471,3.928929454917636
13472,0.29775690406788335
13473,9.454930670692505
13474,1.1318204152019524
13475,7.1430032491321445
13476,7.6053419236016735
13477,4.385039947088057
13478,8.402867183245364
13479,3.677298053471411
13480,5.298402578142371
13481,0.9153716481102551
13482,1.9592845280867734
13483,7.228047102266419
13484,5.690722054481813
13485,8.118866556630003
13486,9.698719065685165
13487,2.5173249142848575
13488,9.151947539640148
13489,5.092859220184773
13490,7.513416806643358
13491,4.548590880668141
13492,1.254058843626403
13493,5.858920451397983
13494,4.510703969380113
13495,6.146233166108549
13496,6.106645873136297
13497,1.8635110443218408
13498,0.9822395530528449
13499,6.698601185254003
13500,0.14396173875071125
13501,2.005608274300033
13502,2.9469455205200035
13503,0.47105599026620104
13504,1.56049923473279
13505,3.4558695641247827
13506,3.750854645642411
13507,2.307777562002513
13508,9.28042060590992
13509,2.8381356328282337
13510,9.969933315376212
13511,3.7176705240004866
13512,2.2750961460449037
13513,4.950837862176816
13514,8.799131216896091
13515,4.634874516598147
13516,5.666850431707522
13517,3.5904540527416904
13518,5.89231154807647
13519,9.732186875567516
13520,0.29564931608548284
13521,2.5560594300263446
13522,5.1713831702813
13523,9.103722208427879
13524,7.00565013275548
13525,2.283809606776513
13526,1.1828361406210126
13527,2.6279410678653146
13528,2.249815972682034
13529,1.4997992351549945
13530,3.6118493851078624
13531,0.41915351803107614
13532,2.8770250507544346
13533,3.4335020154426408
13534,3.7151290583693575
13535,8.766325452153682
13536,6.925919866403882
13537,7.863822922463776
13538,4.615021188559147
13539,3.11132445820543
13540,0.20140121947634404
13541,3.8833157098489317
13542,5.372624964969523
13543,5.755771381543498
13544,2.4285218298334397
13545,1.0052784922950264
13546,5.575790854808042
13547,8.9728308220951
13548,5.108286159851188
13549,1.043169428700614
13550,0.8352762555694597
13551,9.305723464732981
13552,9.586127169938997
13553,9.941159159241922
13554,1.093587023459302
13555,7.529247541877891
13556,9.078165459860983
13557,6.661892853858676
13558,3.2365890884085733
13559,3.0056541207360845
13560,1.8326417466930935
13561,0.29444406087893304
13562,8.257677843278486
13563,7.446086343346739
13564,6.086360514810183
13565,8.578482096664048
13566,5.7770047568199585
13567,1.6024638704467469
13568,2.9452186197428825
13569,1.5260458125732637
13570,3.0768180825799574
13571,9.388366409534271
13572,4.991611524383705
13573,4.511144963848445
13574,1.810470949335914
13575,5.655398498701533
13576,0.12337323916333588
13577,9.641873575208116
13578,1.5477879550910048
13579,6.049146283096081
13580,0.30527546062852273
13581,3.2390801829582614
13582,0.7390119214789388
13583,2.6551229350772245
13584,1.2110451735031649
13585,4.40491406397322
13586,9.003643487567352
13587,2.6745372940095735
13588,8.484583124217451
13589,3.539514655688545
13590,1.8779257038660953
13591,2.69866016924713
13592,6.2754237700666256
13593,4.015458450335846
13594,1.5382959850500741
13595,5.5062063206205885
13596,1.747378343955328
13597,3.4225170304621875
13598,2.7025944369442554
13599,8.43387506738733
13600,2.8453709285546354
13601,7.828597013292565
13602,6.726114010200375
13603,9.988134093343385
13604,3.303710430557676
13605,0.1329700071160937
13606,9.608531989935297
13607,0.8061747973222462
13608,3.035812847870427
13609,8.026832708403616
13610,9.483947905184102
13611,2.292400695002204
13612,1.0249938158209508
13613,5.774872316526479
13614,1.7549485930446498
13615,7.507254593548975
13616,1.0356643074007912
13617,5.386921278649529
13618,3.035278315449258
13619,6.636534329933308
13620,8.505180769138223
13621,1.944760892437441
13622,9.581891621585187
13623,5.0534139782198935
13624,6.031698882244913
13625,1.0250578186124082
13626,5.635745572754919
13627,8.109248093689892
13628,0.29406421017364703
13629,6.670866012667872
13630,1.8711932434603897
13631,7.701129397571452
13632,0.159710051439674
13633,9.770212140233198
13634,0.8578356912414898
13635,0.8078376532080619
13636,6.56997300404767
13637,6.4518717688760905
13638,5.3552836784262565
13639,3.36836663794581
13640,3.324698395587489
13641,2.8615115651594087
13642,8.570533921230595
13643,0.6719428623409679
13644,0.21465442639355498
13645,4.277814302976178
13646,4.146392263569004
13647,9.051964955937851
13648,2.549183393761316
13649,0.9485080826469119
13650,4.946050450103907
13651,4.528727614117136
13652,2.1092155741940872
13653,8.793700696543262
13654,9.478675009627162
13655,6.930092337926145
13656,9.205662838218416
13657,6.0832478114340525
13658,0.10643618601691107
13659,5.014653256406387
13660,8.825236459497063
13661,4.509791304474825
13662,0.4978820855235552
13663,3.086178064422256
13664,6.68163365509715
13665,9.465369307636852
13666,3.9229844677312187
13667,9.942952014023001
13668,1.7868151495643485
13669,9.10185710805039
13670,5.544067799804909
13671,3.0229792815984493
13672,6.344489086371601
13673,5.501785133406241
13674,6.936351798474576
13675,4.429378974050214
13676,8.783762588008301
13677,5.607742377804028
13678,8.996895060424338
13679,0.7534025867288897
13680,8.532845194190578
13681,3.136594966056037
13682,0.8316226292441095
13683,3.809390484258859
13684,2.209371636106498
13685,4.963186508361906
13686,0.9997159059780402
13687,7.123701008958193
13688,7.144940219208806
13689,9.34787456575257
13690,8.929594485345373
13691,4.7878666978626265
13692,2.2387942562120964
13693,2.5072680196889565
13694,8.833929323012216
13695,0.8863827436821444
13696,6.809587877332066
13697,1.7642073228132977
13698,1.7546543261268026
13699,6.1986279225846745
13700,1.136950639000394
13701,4.304199651207147
13702,4.0627084281394055
13703,5.218774587986662
13704,8.126836378747345
13705,0.863337274049699
13706,9.504842025702969
13707,2.3364944385074486
13708,9.297548389381948
13709,5.178659257303676
13710,4.989093064416192
13711,8.87846730682
13712,0.6070163025271358
13713,2.0553932447693746
13714,0.14131703413914332
13715,0.35162040179387166
13716,8.878185488115381
13717,6.348813187197493
13718,7.113637925219221
13719,6.566422347336399
13720,7.391546523624897
13721,7.373796754478881
13722,5.443870674782267
13723,5.466459065148465
13724,4.892913814110122
13725,5.771747875976199
13726,4.113642863766844
13727,3.563059321783985
13728,0.24274072237234443
13729,7.703802776771043
13730,8.011728696561754
13731,0.6682612599638487
13732,8.392246548595777
13733,1.1681855022350975
13734,5.138637902691009
13735,5.709829342635201
13736,9.76543100349914
13737,5.292882067692221
13738,8.987881476066628
13739,2.085678814857982
13740,8.61984239564319
13741,5.709811120640334
13742,3.7144981466313594
13743,6.591903487672526
13744,7.7231731996565705
13745,8.979626716420285
13746,3.9516781046740768
13747,3.017500425365893
13748,8.003586405679242
13749,9.825659969336614
13750,2.6918743981345457
13751,9.084415274906894
13752,0.739197920465516
13753,3.417390041123246
13754,2.4384175387222933
13755,8.866499926975223
13756,0.8203112925233917
13757,9.761587136967044
13758,6.164950772409032
13759,3.0479404155511864
13760,9.524503465132662
13761,8.04488465663
13762,1.441238406394749
13763,3.800604840179254
13764,0.14413310303934912
13765,7.581709574703612
13766,9.50785931256512
13767,7.253425838228362
13768,1.9481422288700871
13769,3.842495585732143
13770,6.716791987212024
13771,9.778228321874328
13772,9.358379777208803
13773,3.275527410612103
13774,5.9823322460936605
13775,7.562633418477755
13776,3.0033407643464
13777,6.602811048633722
13778,0.22088537373672035
13779,0.5615049931032003
13780,3.788319015221274
13781,5.025508762074799
13782,9.523021754905498
13783,2.4630467950161163
13784,2.827278117064225
13785,5.74588437419346
13786,4.541748885497089
13787,0.1656611604503793
13788,1.118488448731654
13789,2.0556557600529572
13790,3.614804475065909
13791,0.29523941594558734
13792,6.937503389980041
13793,0.16721043195188112
13794,4.389552989509311
13795,6.001711179261709
13796,8.617725240006834
13797,9.966125021887162
13798,5.246385057055948
13799,6.459919055370555
13800,5.2032801862971025
13801,8.397873756952988
13802,6.775311931550478
13803,0.449220397424669
13804,8.504069829620862
13805,3.296951040570115
13806,7.6997863945726515
13807,6.059250901997525
13808,3.0839659612750245
13809,6.291685560479261
13810,1.9307705129761707
13811,8.495080564303539
13812,2.248381814068268
13813,2.657033827056
13814,8.853622196854452
13815,8.11871156406519
13816,4.944185091932813
13817,9.30320850248983
13818,1.5741883311427716
13819,5.32035627524681
13820,1.680862485236993
13821,3.645439326632171
13822,4.45424987440365
13823,3.3402609458688826
13824,6.049503007841668
13825,4.599601231232444
13826,7.859245116257905
13827,3.282563298170508
13828,9.108800727314323
13829,1.0511603835894332
13830,6.879250147734011
13831,5.9689399177934614
13832,5.585873741550648
13833,8.948708267974876
13834,0.8116527165004754
13835,2.655572588299413
13836,9.28197270270013
13837,0.74602580546328
13838,2.9782374477243643
13839,7.511205788868397
13840,2.2901092723443526
13841,9.05347234349478
13842,7.157747737614478
13843,6.781545228886828
13844,1.8944643015392686
13845,2.8362661047093503
13846,5.037633290556374
13847,4.6421699537937196
13848,0.6407180165715122
13849,5.302824835009448
13850,1.949923447707839
13851,7.205433588551569
13852,1.7158392890204972
13853,6.812476550218239
13854,8.265647270378706
13855,7.11195443742111
13856,0.2733631460014433
13857,0.3212656189014538
13858,5.191749124656663
13859,6.914077335431181
13860,6.17667780024925
13861,4.422383424225687
13862,1.9309580900908438
13863,3.386579325348787
13864,3.708239632117127
13865,4.997152635533268
13866,8.582351803001321
13867,0.6195547000968107
13868,4.0446704553565755
13869,8.676456927692856
13870,0.46872323872133737
13871,0.584866334101982
13872,5.745166261403308
13873,5.502157032795068
13874,1.3669872395149707
13875,9.76612555855359
13876,3.4835028652044886
13877,9.19507047740538
13878,3.7850407604425036
13879,3.34228009161543
13880,8.892333175457463
13881,2.880746236551466
13882,3.0468077044766413
13883,2.249371726405763
13884,9.744184157266545
13885,5.897053181959503
13886,8.355766961352417
13887,1.2227021883036058
13888,9.256310903511833
13889,6.759062422118243
13890,4.491931953555076
13891,0.6861696256377326
13892,3.6119016815000755
13893,3.497051297000341
13894,1.834980039094992
13895,3.6726262423630636
13896,1.9726578652107416
13897,9.879286060869548
13898,4.941760010055689
13899,0.9863342319607936
13900,1.5977979382374556
13901,9.002461774185273
13902,5.516255388942411
13903,8.409151191041033
13904,3.0114768007346133
13905,5.267995923130234
13906,1.043981440635005
13907,1.1465257057542386
13908,7.419349729377769
13909,0.7046928699016051
13910,1.6191401418128735
13911,2.9032792439099575
13912,4.44039411466605
13913,0.7547754891872821
13914,6.1873705350736286
13915,5.539023404164833
13916,3.62494987350366
13917,0.917162799573144
13918,6.863068490178749
13919,5.784319189042738
13920,9.516527131016906
13921,5.844575983514999
13922,5.39046867103575
13923,5.512968598487821
13924,9.22148887134389
13925,4.469898119573834
13926,5.159707734329648
13927,3.8165440084252484
13928,3.7936001846064995
13929,7.238184139956179
13930,6.223894091040845
13931,1.2763530028090995
13932,2.9588077776154
13933,3.2302648965449348
13934,3.8344290719069143
13935,9.551107305126116
13936,7.09416114497182
13937,9.678057165539718
13938,4.8663390742833315
13939,7.01098158712425
13940,0.464259286697579
13941,6.254703808507165
13942,5.636297516172642
13943,5.9985661269118
13944,0.3459670983703299
13945,7.144505898752648
13946,5.7955312353020965
13947,5.808126680698414
13948,9.449228465434292
13949,2.5902412915205093
13950,8.777113763529835
13951,3.6839197575842246
13952,8.718715573730888
13953,2.5057608159590288
13954,4.710248497163005
13955,0.30241336410767716
13956,3.199683892557166
13957,2.6193348715663465
13958,9.830449774422743
13959,6.2812912791993005
13960,4.277949511281434
13961,0.7625034839660866
13962,6.342589227269849
13963,2.5674374011087266
13964,9.57963209972967
13965,8.252107508057465
13966,6.016274019222506
13967,4.655969926598068
13968,8.83722763789655
13969,4.738280238639433
13970,2.8976324856245275
13971,9.319671126548323
13972,7.527816002311019
13973,2.15802483290939
13974,4.520412203523365
13975,4.313482986684929
13976,6.768087763100326
13977,8.809191694516487
13978,3.702927064681572
13979,8.990220459598255
13980,1.7160772015888228
13981,3.130385610834201
13982,2.2815588320686375
13983,3.2938389899845615
13984,9.739184474455968
13985,0.12209174817763918
13986,1.3699880613337696
13987,1.4282539923565885
13988,2.7729205439722917
13989,2.4018117559397703
13990,6.564033170120382
13991,0.4904054134934116
13992,8.934132613697505
13993,7.428755782900122
13994,0.16392376980979043
13995,7.426584600812151
13996,4.798200986699959
13997,8.898668097823458
13998,9.724316394987534
13999,6.54170357140869
14000,9.305291085089364
14001,6.140495171431322
14002,9.163301055290724
14003,2.8330408719971105
14004,5.0984119398550805
14005,0.8879496819955931
14006,6.916092759618631
14007,3.2802596977952687
14008,9.585437812704143
14009,5.434272691971132
14010,0.5301258286337672
14011,0.3592030933956061
14012,0.7585762096759316
14013,6.4231717682680145
14014,6.518574446383814
14015,8.175318901735494
14016,2.2770411569258955
14017,2.3000737874669226
14018,9.75528677447268
14019,6.069032628195058
14020,2.385796525803035
14021,3.0194547329652477
14022,4.243459950923149
14023,1.015256364535495
14024,2.423724099433524
14025,6.199277164596934
14026,6.287137694809761
14027,9.947372140386227
14028,9.703941470982155
14029,4.055619849918831
14030,3.497675722869293
14031,0.7607962142235245
14032,3.221540369359513
14033,3.391985853184926
14034,6.367428267757564
14035,1.0847563108578537
14036,4.669465764466941
14037,6.220069300028895
14038,5.578989215682915
14039,6.971060855439763
14040,5.623942875486106
14041,6.716032445312306
14042,8.138727036295842
14043,2.5246025135294814
14044,7.557411351739483
14045,3.333542020780546
14046,3.539748153661305
14047,5.694996706050817
14048,8.105292551207757
14049,8.643160753149795
14050,5.911335140246193
14051,2.732144400665509
14052,8.69271720613225
14053,7.677819942337822
14054,7.2123750181920725
14055,5.4965506880485675
14056,5.834639615976262
14057,7.041431046401973
14058,8.33404338913259
14059,4.9455743946208734
14060,0.6325563578779284
14061,4.819800380324485
14062,6.021233962630481
14063,2.226971356914786
14064,6.173534370963264
14065,0.15529237477473667
14066,2.2931161639160926
14067,6.740793588243984
14068,8.729713092178542
14069,8.90159886467938
14070,8.469000203576396
14071,3.220979528724711
14072,0.20723708110878838
14073,1.4543598395788706
14074,4.746674277964842
14075,1.1020637433500116
14076,6.5685660248038005
14077,1.9234650225245071
14078,3.2096779048686455
14079,1.9956709743554948
14080,5.048401223150203
14081,7.290370548225912
14082,8.923577237803341
14083,2.503805073772765
14084,5.86910060982877
14085,8.115166830389827
14086,0.6295409321501575
14087,6.2112617462925055
14088,7.968974350905119
14089,3.4591863451605542
14090,9.813624728543601
14091,0.3026700807615217
14092,0.532769784284357
14093,7.621377800765654
14094,4.903009036872334
14095,2.9168888509574473
14096,8.207479207222752
14097,3.4595527448466057
14098,6.196282290158317
14099,4.775387758266698
14100,2.211556161837424
14101,7.684749604488117
14102,0.30152756455856033
14103,1.8803899989615156
14104,4.176331428938974
14105,2.0151306069505592
14106,7.583188875712817
14107,4.495358270293737
14108,5.8012053366727425
14109,8.040610569411978
14110,2.2830635148559333
14111,0.3751700060999318
14112,6.704527114236047
14113,4.188121857364239
14114,2.365856932758757
14115,1.9387174211013238
14116,3.3641725989581013
14117,5.621498772979026
14118,1.6770411732472839
14119,0.829364996063779
14120,3.8557208794389664
14121,8.233600832962628
14122,4.499997808130878
14123,9.631526620306921
14124,3.8439463382939634
14125,5.602729716031697
14126,0.49795143052189883
14127,5.212890812212343
14128,1.1545259187192671
14129,0.4971003656788885
14130,9.15063232966254
14131,7.394561980513889
14132,7.630438463099799
14133,1.8727047198207203
14134,7.032753133831891
14135,7.355462317268106
14136,0.6877286298075187
14137,6.397142152963403
14138,0.7034955428429742
14139,4.629283076106191
14140,3.4766942532556837
14141,8.105350829293455
14142,8.582031036572396
14143,8.26677438519704
14144,3.7433257776802855
14145,4.218012040569295
14146,2.8437791929284337
14147,2.859268322460238
14148,5.683053159824764
14149,9.982584683979693
14150,6.212219575682739
14151,1.7217748582980268
14152,9.621351858115636
14153,8.423420978602334
14154,2.1308148547810317
14155,5.1940423529819
14156,8.160233061451404
14157,1.6973404483450623
14158,9.830515187668787
14159,2.21301813446558
14160,6.770632932287422
14161,9.246728641275096
14162,1.8503694875812737
14163,8.04165173619148
14164,8.6468375684556
14165,9.937532041948977
14166,6.210153922992084
14167,2.3655916902607803
14168,6.98228004603337
14169,8.005716679205747
14170,3.6894755243380706
14171,9.739712026757243
14172,0.5565208313200811
14173,3.892231678503853
14174,0.6754682556183206
14175,3.574657998315174
14176,8.720674772190138
14177,3.9436558019360857
14178,6.340369836583022
14179,7.683586673336204
14180,4.521541956247192
14181,0.640026703333124
14182,0.6520619569271903
14183,4.661735156924498
14184,4.263808074057294
14185,2.0869539518634035
14186,1.994092502949901
14187,1.2561814305727952
14188,0.6865251105526835
14189,0.9657834844539825
14190,9.244807139625397
14191,1.1427548031816097
14192,0.41018460041895033
14193,9.017502716592997
14194,7.499514023384581
14195,0.528872562802609
14196,3.957645723826237
14197,6.454622834124535
14198,3.5220603334038403
14199,6.471426120384118
14200,3.2315559432875576
14201,3.39740880645739
14202,6.09147275484234
14203,7.034865554723575
14204,3.765411372482441
14205,9.179230579976505
14206,1.128079282437477
14207,2.180156415613771
14208,6.760876653321411
14209,5.8739617203575625
14210,4.117878996586052
14211,2.4029318772614223
14212,0.9437913728174723
14213,6.3355846574934676
14214,0.13547376208080006
14215,2.574025825496003
14216,8.734882884095331
14217,8.184682359784272
14218,7.223529195552764
14219,2.5195706928195842
14220,9.467107867124156
14221,7.867253264705673
14222,9.113350004659813
14223,0.8688536021804296
14224,2.7068803991530155
14225,0.43685294691658927
14226,4.952410253930584
14227,2.7024612774410146
14228,1.2957676841332058
14229,8.081152523314689
14230,0.5188035702722144
14231,4.787072833105875
14232,6.7927746661412725
14233,2.6932039688747014
14234,0.596414566417031
14235,3.0070189371947302
14236,5.148132544614092
14237,9.854894932338686
14238,6.693351902650491
14239,2.408788785184885
14240,5.77635365833454
14241,1.892372182555548
14242,2.0735760689871623
14243,8.339286072662096
14244,5.495812166383863
14245,7.963578001050669
14246,5.231036959638589
14247,3.2268751607680453
14248,2.3416954269995003
14249,2.447004849614286
14250,7.638140808036906
14251,3.334986388878637
14252,0.12115687108982748
14253,9.841847103317676
14254,3.8787874607180113
14255,4.334722472327248
14256,0.2556688800597364
14257,8.614971535785545
14258,3.170127900655266
14259,3.2534355180887555
14260,3.1144550671380795
14261,0.9262211395632398
14262,6.661848726944834
14263,0.44809993015370164
14264,2.6742348598595096
14265,9.834409308021874
14266,2.0206071772876233
14267,2.2238267766765634
14268,1.778675278151636
14269,2.0009596116734176
14270,4.504722252007805
14271,6.513870764286667
14272,2.847123867536903
14273,5.654652210595593
14274,3.5267647025791438
14275,1.5318432834412312
14276,2.6086910059351105
14277,0.646786930032888
14278,2.9918703326260405
14279,0.9260036051034973
14280,1.456341017877213
14281,4.192528553860737
14282,2.4937145427701757
14283,6.472391911870535
14284,2.3254695443040196
14285,9.054424122270277
14286,2.5250210654515226
14287,2.444001269448356
14288,7.584093803601966
14289,5.4753609773099505
14290,8.895777024351505
14291,0.39446845567485
14292,4.489863911773067
14293,0.3246354245402317
14294,2.722202212214114
14295,6.436313506013346
14296,6.428645390390496
14297,1.0523519910426555
14298,7.89780039494722
14299,6.289315861331794
14300,3.648475931603484
14301,4.494551332427414
14302,7.851442768758585
14303,6.913799651789347
14304,4.809379166536884
14305,0.7730929399819004
14306,4.353407293762029
14307,7.028756215924773
14308,5.607150531978266
14309,9.525540768340404
14310,8.952738772455184
14311,1.9231815354307373
14312,4.225519975481478
14313,5.67065287067691
14314,9.045066204469954
14315,6.2099778846373885
14316,5.092276159778829
14317,3.915712552254683
14318,0.5350884182712554
14319,1.8230026293566808
14320,5.780322154338664
14321,9.561351572006762
14322,4.3964672863304735
14323,8.652222001396218
14324,9.825719317773098
14325,3.8277466920025613
14326,8.433009615893587
14327,5.537492282452319
14328,2.8834579273227487
14329,0.14562367033626314
14330,6.992933669340155
14331,7.540117390183936
14332,0.9720492379931088
14333,5.079962207575591
14334,8.469586871551147
14335,3.9067854252492573
14336,1.8978428526984474
14337,1.3400345958615916
14338,8.782617735786141
14339,1.2294955701267072
14340,2.2161578891932354
14341,5.2835967602465255
14342,5.707421239907568
14343,7.917658398504873
14344,1.9247702993064213
14345,2.400956279261659
14346,5.338456100403878
14347,3.395564715521971
14348,5.141947527709436
14349,3.6907456578309237
14350,3.0268661750233603
14351,5.844097805740361
14352,9.260944818695954
14353,6.35915189077426
14354,5.774338193076582
14355,1.4674720837443127
14356,7.496922601335469
14357,4.654042861310915
14358,0.7167552058099844
14359,7.814989059089094
14360,0.8737436584551196
14361,8.293368943772087
14362,0.7896639425294251
14363,6.286299690547313
14364,1.1115728616293843
14365,3.5302062278644737
14366,0.9713897392917473
14367,8.080204395005973
14368,5.368786198941701
14369,2.304932834705008
14370,4.3516160369543515
14371,5.400542076317337
14372,6.9962879853391735
14373,8.712824750714
14374,0.5022395673827568
14375,3.535611058787388
14376,0.7677520721509412
14377,7.902982056758426
14378,4.409574015456065
14379,8.286112761515735
14380,6.378430528236132
14381,6.305708489884199
14382,7.063491388643109
14383,9.561882867907071
14384,3.479048203718059
14385,4.220002181421962
14386,2.0060448913124094
14387,6.5415119029384705
14388,7.622032353075742
14389,5.107689483719853
14390,7.394062359051125
14391,7.670952935232304
14392,1.9103517481571552
14393,6.864674292265615
14394,0.7576572942978569
14395,9.107935638266044
14396,9.761717507103672
14397,6.989668908842204
14398,8.601896942494331
14399,8.513811480143083
14400,5.309803924603089
14401,5.762035412596394
14402,6.978231031274905
14403,9.707866824949148
14404,9.343723744778327
14405,0.8711343865999513
14406,9.038944990918916
14407,4.032642545161811
14408,9.01387214862469
14409,2.0649157071438644
14410,1.621636691591627
14411,9.802251682156172
14412,7.091295876348086
14413,8.432278908604637
14414,0.5209556287454219
14415,3.8473826379628493
14416,6.240178070626365
14417,9.759555082406576
14418,6.8830977080821905
14419,4.589120640560345
14420,0.8441497926471806
14421,8.833064834750587
14422,6.132923629031526
14423,1.0210970847237608
14424,9.7413624115381
14425,0.10215273470354591
14426,4.017434412256272
14427,2.225433035156805
14428,7.156756362545135
14429,2.6100160325063877
14430,2.818572596730101
14431,4.176582901107981
14432,3.1410770627074607
14433,5.961767769988484
14434,1.3448723905236117
14435,7.257160341912304
14436,1.3666965496880623
14437,7.290671415146813
14438,1.2053665797665674
14439,6.476999670179131
14440,1.9535770154909504
14441,7.778258799135382
14442,3.5965858058951308
14443,7.602997659661294
14444,6.863260024982289
14445,9.94285127568939
14446,6.941770600252186
14447,0.2416292644911354
14448,8.40485237795264
14449,7.173895737889363
14450,9.024250438007227
14451,2.420991347354949
14452,2.763300976965079
14453,8.166017693434688
14454,4.030981506424393
14455,4.484528081212178
14456,4.552967032365752
14457,8.26511579292695
14458,2.363424319666594
14459,8.587959543401166
14460,6.0009720200943635
14461,2.459269151544672
14462,9.264722799008128
14463,3.307361535906825
14464,7.767139803629384
14465,3.586181593147971
14466,9.605844577441603
14467,5.170930992430946
14468,5.73448459691968
14469,8.756629138926566
14470,7.128963162767727
14471,6.962415431727665
14472,1.7539390495274214
14473,5.3044977052797515
14474,3.7182422311663896
14475,9.471829476123435
14476,9.806554403122773
14477,3.7751999181146503
14478,7.15198452521277
14479,3.8422617421340357
14480,4.090846333691297
14481,6.1489553383792845
14482,9.322494489685333
14483,8.03982280198517
14484,4.962153500909385
14485,7.116201386327635
14486,1.086647666817638
14487,4.676821505222005
14488,1.517302868946425
14489,0.24099083537713117
14490,0.11782004027983281
14491,3.981935013959698
14492,5.93222107428761
14493,0.49356851273900904
14494,8.077037342037915
14495,6.542738341526519
14496,5.131137958235093
14497,9.331395006970697
14498,6.918494898607042
14499,3.9244599685687027
14500,6.587854620052033
14501,0.4160997876990822
14502,8.356312634959208
14503,7.1866338213085
14504,1.7327573724015788
14505,1.4150842859370176
14506,7.486523536959731
14507,9.359934968696573
14508,5.080765732377178
14509,6.278925275006346
14510,1.0307519937447627
14511,7.080129567004783
14512,4.0792744982398315
14513,4.199739136933648
14514,9.062732285155858
14515,3.2572119132395216
14516,3.413585551746325
14517,8.48711366674443
14518,6.704279841583778
14519,4.456124307907906
14520,5.292346544326467
14521,6.138742934415992
14522,9.46916322244225
14523,7.925652366324163
14524,7.542121414635026
14525,7.356256708415599
14526,3.9052986553582434
14527,7.962074153368509
14528,1.3419607263749767
14529,0.5004709671591865
14530,9.011119554818874
14531,1.037077185269647
14532,9.93902906036909
14533,2.0034009806963344
14534,5.664898011631966
14535,1.1987498742971212
14536,1.617852044131045
14537,7.3724560295840345
14538,9.931368112697537
14539,8.46425710384582
14540,7.422830461784784
14541,0.7893501134314078
14542,4.305079370739643
14543,8.930945290523992
14544,7.92521311789466
14545,0.4042256746295947
14546,6.210267994200788
14547,7.513011790523583
14548,9.787149728407641
14549,4.634739045845792
14550,1.0483548618518448
14551,2.4205742562000707
14552,8.06336159625767
14553,3.629721836332669
14554,1.5452931153297338
14555,2.1582566595333987
14556,8.573543233831707
14557,2.8923473328001026
14558,1.1542675869386951
14559,9.860760466027454
14560,5.516943782396743
14561,6.034464991046131
14562,2.2397043302121658
14563,0.4666840463134212
14564,1.0691721804179344
14565,0.2585230730625356
14566,7.88640412585226
14567,7.5322132008788465
14568,3.0752957981139217
14569,4.265391842241581
14570,5.541460467110194
14571,7.532954427876825
14572,6.104827963607029
14573,1.9695304882366238
14574,0.48299198318798575
14575,4.146862769193286
14576,5.906365073088587
14577,0.8953616496776555
14578,3.473356916267174
14579,0.8793259299685494
14580,1.5113345423054236
14581,5.861426693903721
14582,7.70617531647356
14583,3.976188464466015
14584,2.685828276068829
14585,8.261667795105692
14586,1.001390432588628
14587,6.054758496297487
14588,6.45387870499019
14589,3.2870401913951652
14590,8.362858543075184
14591,3.919612284508077
14592,6.907045095045473
14593,4.637058606906828
14594,3.200623460475082
14595,4.254002662440765
14596,0.9347164209207915
14597,3.4202334359299296
14598,4.532234789090835
14599,4.392007535637145
14600,5.083560311248661
14601,2.595642573687614
14602,4.730818587315917
14603,5.7216534901955125
14604,0.30089159900607887
14605,6.858023219586591
14606,0.934671418975768
14607,6.471382196246313
14608,5.0503561798168715
14609,8.17024761302062
14610,9.301516089297765
14611,4.52000523953964
14612,2.461492495414251
14613,7.5502709356047895
14614,0.9957754858578968
14615,6.7249365358325734
14616,8.821835950068195
14617,2.143091350905966
14618,7.961587006393694
14619,9.371912781971432
14620,8.222595617441232
14621,3.2465909711356447
14622,5.567167534104797
14623,6.865649948683827
14624,7.790215056433558
14625,5.99823180965768
14626,0.3959908955230681
14627,4.31313798861742
14628,2.4397202941140543
14629,3.8166250609632457
14630,7.713154661093907
14631,2.2613534534303144
14632,2.4869244106852855
14633,2.0590481811140884
14634,2.183379233716289
14635,2.543471320711218
14636,7.4820207903142375
14637,3.3472592362989926
14638,9.610731177845947
14639,5.507060920935728
14640,7.89219217018131
14641,6.200849113173762
14642,3.6442332619727167
14643,6.439728894765459
14644,5.752151829288801
14645,3.742995305019223
14646,6.275518385376464
14647,9.693726301441028
14648,2.065833149941995
14649,2.612376919449501
14650,5.4994227686692705
14651,4.5557295954872865
14652,8.6682653668476
14653,2.1745285839312842
14654,3.649380225590135
14655,6.569178408358277
14656,3.8500412222385174
14657,0.7098898429948227
14658,1.7429213803736432
14659,7.298856101075489
14660,1.3625916602179518
14661,7.914312644898603
14662,4.2981825598083425
14663,0.6326136745963473
14664,7.706703344166445
14665,1.4679110623320593
14666,4.3550754722448
14667,6.881651523179157
14668,0.18402141649677606
14669,8.98814203891672
14670,4.799997154628294
14671,7.1157977926872835
14672,1.9446059589438331
14673,3.2496114502155535
14674,6.334959216406876
14675,5.961199887201004
14676,4.3714062379759655
14677,3.547862388113718
14678,9.954172950737536
14679,5.660581091808958
14680,5.74594795128733
14681,5.659024185627164
14682,2.971591864827587
14683,0.8647329131900394
14684,5.7355561530404655
14685,5.368593124071751
14686,1.0141595070568659
14687,7.065078203022635
14688,0.4518880498325393
14689,5.330180936056019
14690,8.106523932391976
14691,3.5839446261463768
14692,0.6286160518771768
14693,5.959779998523231
14694,0.8277458453094925
14695,5.704836414302595
14696,3.475715832070545
14697,7.521492514293601
14698,5.171948745144207
14699,4.467062919168096
14700,0.9087022007755613
14701,2.1230822413950237
14702,3.434837421666305
14703,0.7845494669424512
14704,2.2049724190486595
14705,7.417192260477543
14706,4.985336740836556
14707,4.7969631449063215
14708,4.871542113277356
14709,5.865957468577315
14710,6.765917843143993
14711,2.6020928868996904
14712,1.718393115358349
14713,9.068176004341755
14714,4.970654736182089
14715,2.2900296589110174
14716,8.047002887493237
14717,8.214408839570678
14718,6.474175274218078
14719,4.966893650881138
14720,9.005330692253148
14721,8.90834552186669
14722,8.95192915635463
14723,0.5238860322617102
14724,4.262710856879657
14725,7.620860679306361
14726,8.91223204815968
14727,3.81155877054516
14728,6.174175451829006
14729,9.086423504227687
14730,1.9329990323896113
14731,1.0591948788791241
14732,4.8455270816965665
14733,8.625664264822904
14734,7.202703129237375
14735,7.657107697340082
14736,5.772445644594812
14737,4.507806552854127
14738,8.204193290167805
14739,2.1411170836902
14740,9.576411573583673
14741,9.921445281331296
14742,0.8113227701391882
14743,9.092065909085862
14744,9.401678202423414
14745,7.930050865537646
14746,2.246681842280119
14747,2.9100509035880577
14748,1.2482636538962533
14749,6.206406507608253
14750,3.383209052043081
14751,4.340538722318056
14752,3.061985098526996
14753,5.678825732788452
14754,9.685405893433597
14755,0.28073437969044207
14756,7.330955782995982
14757,0.7191295151289353
14758,3.3123204085506077
14759,1.1071978457168963
14760,1.3992563599566648
14761,3.794348188457352
14762,6.476291140144494
14763,8.282706861599397
14764,2.6544141649190016
14765,9.939920122950802
14766,5.053121566825845
14767,5.658061467035304
14768,5.792596957604596
14769,4.414501994675998
14770,1.7067326714657547
14771,3.9453207178234977
14772,9.299069017559813
14773,5.269192484820302
14774,9.958446704295794
14775,4.62131671834549
14776,2.7224048044673865
14777,3.897940973560763
14778,0.44260439590310363
14779,1.7604099746204707
14780,7.1912365584128874
14781,4.272515434153773
14782,6.056465631156046
14783,6.416894795804098
14784,4.668111352085725
14785,1.2674756048895777
14786,6.645032187634591
14787,3.125800488707784
14788,5.298461843134028
14789,2.5775608770990184
14790,8.763823220430696
14791,1.8461948689732992
14792,4.79135068987787
14793,5.182214409939235
14794,4.167725523405902
14795,4.310199748650836
14796,4.4221734346067905
14797,8.684801436380434
14798,0.23228964437387722
14799,7.842375959248398
14800,9.602260758079794
14801,8.552529761671074
14802,2.024255439439178
14803,8.839580448344195
14804,6.415903504810806
14805,3.3625555774850877
14806,2.284805445251404
14807,6.6399885157831235
14808,1.425388968569129
14809,2.3661822392639076
14810,7.664242243687387
14811,3.3978543625856377
14812,8.049172640722627
14813,7.733858236065032
14814,7.935259164302212
14815,6.587572085158874
14816,2.518359505100165
14817,2.1940331450649504
14818,3.1839658456720445
14819,2.5553310960065247
14820,0.7637921417375618
14821,3.12275823990835
14822,7.568052614455933
14823,7.240403136166744
14824,0.4673090604837292
14825,5.068515720520614
14826,7.408554393379543
14827,7.95191743066232
14828,7.294105040937802
14829,0.487831454933601
14830,8.500468436244798
14831,4.628350898998123
14832,6.088344495960209
14833,0.10841399162455634
14834,4.667743812519446
14835,0.1053659990356348
14836,3.7459439927790465
14837,3.4047904035999204
14838,4.664093126103595
14839,5.941140965413012
14840,5.444054373152271
14841,2.385398875246035
14842,9.74133177329461
14843,8.182400639966728
14844,9.344463762338142
14845,6.473754622106505
14846,1.3543044652724752
14847,4.703907887415265
14848,4.8003402096527115
14849,9.42804607577932
14850,3.5680502435510726
14851,5.027525504758978
14852,4.174218010813546
14853,6.932723572407123
14854,1.5242616661930866
14855,1.1652567518668795
14856,9.6467251440296
14857,5.500366887114949
14858,5.291479452558964
14859,6.67321219278052
14860,9.70000992403753
14861,5.232107038985753
14862,6.4433937279998625
14863,8.285983841542757
14864,6.158823274715718
14865,9.2261730211612
14866,3.3395100494219343
14867,7.757878173759651
14868,5.3661734268427175
14869,4.363070632506497
14870,3.716850904183012
14871,4.9183002556310855
14872,4.1070274006835605
14873,1.6952578671931495
14874,2.179550958824126
14875,1.3468044805318926
14876,7.081495239138553
14877,7.3952589991997755
14878,2.133237057942491
14879,6.256529347838789
14880,8.783804765416068
14881,0.8516327106154904
14882,3.34214042350523
14883,9.450413970341046
14884,2.0447251149864973
14885,2.3309307636206165
14886,3.9803754116722496
14887,5.239884308706219
14888,0.4264110634027778
14889,4.371492609574916
14890,5.625538643168037
14891,6.005031325186259
14892,2.022743194962255
14893,3.6433811327520975
14894,9.816470244277044
14895,7.94164980041157
14896,4.718598390129743
14897,2.412677444854556
14898,6.061937107441101
14899,4.237854567147384
14900,0.2689096735862731
14901,0.9438371006872465
14902,7.379750354352711
14903,7.126934909123025
14904,0.16234766890549857
14905,6.277464491538205
14906,5.429249256424458
14907,1.9451059924491272
14908,4.645181214823087
14909,2.8000414258153405
14910,3.8765325508166453
14911,7.92625508239182
14912,2.5463561164212547
14913,0.7958725353996361
14914,8.482585179191872
14915,9.888659519873181
14916,8.9900344101295
14917,6.911398010102737
14918,6.626476600372091
14919,1.3636046290606068
14920,4.970942007844333
14921,7.906375892281678
14922,2.844328975224266
14923,6.51541790106349
14924,9.39295163815575
14925,4.839456249540534
14926,2.3663054788014604
14927,2.8019507915677657
14928,1.113713385913488
14929,6.947952320009191
14930,3.076955984517228
14931,1.4049977677891514
14932,5.532147689380787
14933,7.4344090222756805
14934,1.2895822804798023
14935,4.980461859824055
14936,9.747438292466729
14937,0.18005087071504491
14938,1.8993776384613437
14939,2.1740429789427744
14940,5.123446095305404
14941,0.8568526111020355
14942,1.5887528329546354
14943,3.674610186752044
14944,9.997279308662375
14945,3.2014036597940665
14946,0.25209997643401477
14947,0.3136273399593856
14948,3.6083657761946917
14949,1.7631194657821758
14950,1.3775511356555843
14951,4.451844073311199
14952,3.011902676927345
14953,3.2971039885624065
14954,6.9333084582454365
14955,7.177565806259421
14956,5.643158847251992
14957,0.12261668998274522
14958,5.312345949632288
14959,1.2324358975059468
14960,9.13849886909759
14961,9.247161617231653
14962,9.31910155875887
14963,4.43827659767885
14964,6.288139189580713
14965,5.563268231818453
14966,5.831795139124255
14967,5.72683505335857
14968,6.3821248985162065
14969,1.7819655277592723
14970,7.545047017643435
14971,8.832772317083355
14972,6.9830080215223695
14973,5.000997816595965
14974,3.656186985531163
14975,6.316570739439355
14976,3.9908535923308417
14977,3.656195380424736
14978,7.3339325442810965
14979,7.174354380289119
14980,0.31055755335249224
14981,6.653924210813913
14982,2.1597075712543337
14983,7.516491108885473
14984,4.859412306632287
14985,9.141038096190535
14986,7.748124819249937
14987,8.627514587635622
14988,8.779688210744586
14989,8.007265789226999
14990,5.990095508869392
14991,4.222171138986043
14992,0.2852030214478465
14993,0.6502305199522616
14994,8.902725467109311
14995,0.7600855010774437
14996,6.801173086064633
14997,6.899777028858999
14998,0.7881911132774818
14999,2.1504647006957085
15000,3.575371571396099
15001,1.592073248699984
15002,3.43478321280308
15003,8.232412559164967
15004,7.97457915743504
15005,8.710617220863034
15006,3.821738178685644
15007,0.9544940639097794
15008,2.308100128295783
15009,0.6896915714680499
15010,8.474938781719516
15011,2.7041793927947073
15012,9.746182962856764
15013,6.978301569817332
15014,0.2776170939390424
15015,7.520327582065938
15016,6.62475892635502
15017,2.2007814771275136
15018,6.463110463921125
15019,1.5699839592200107
15020,1.3661714859651353
15021,2.708533877601269
15022,4.956677541466028
15023,6.062275879297676
15024,6.112650501303384
15025,7.180325687463449
15026,5.905447994760077
15027,9.661074323189148
15028,2.8857305059328264
15029,7.521148412264218
15030,4.499430980323528
15031,7.024534039610587
15032,9.344740788065565
15033,8.427195268271467
15034,2.362308144378191
15035,3.5785943942151994
15036,5.287538332818928
15037,4.99720202475736
15038,7.904322070847353
15039,3.5438587123615153
15040,8.260776593973127
15041,1.0930028186755913
15042,0.3430949668876855
15043,6.916296785481003
15044,9.233866094281835
15045,7.1972277185909235
15046,1.7037796573451973
15047,2.9857005819571927
15048,5.481234433401463
15049,2.3319560801976325
15050,5.278993840502945
15051,0.1436668137406105
15052,7.527251388909449
15053,4.373871919549851
15054,6.5319864164316614
15055,4.763652139467909
15056,3.4961790547291467
15057,6.320858552962351
15058,7.78963805525966
15059,8.706355296676486
15060,9.870676002158662
15061,6.54996217471315
15062,4.1405089523593865
15063,0.14363977529505617
15064,7.996718859124577
15065,2.42519076125596
15066,5.529100641908272
15067,6.899681263247145
15068,2.6981613928348085
15069,4.160100082792768
15070,8.958787641471108
15071,0.4687633347633031
15072,8.153962857882041
15073,5.513026100254722
15074,1.5387099256882293
15075,1.179599992354217
15076,3.772298886982
15077,8.455679481443893
15078,1.2236257542589921
15079,5.8168094809076045
15080,3.046818892998502
15081,9.03925640591201
15082,6.12970170032614
15083,2.8854336520867196
15084,4.266676732653754
15085,4.418953050149795
15086,5.038401193871408
15087,8.019454399511453
15088,8.940272602349637
15089,4.408490568148863
15090,4.7757762485211686
15091,6.435532184201738
15092,8.477927278010865
15093,2.9174820097741088
15094,9.363220598045144
15095,1.054066626058645
15096,8.164091725831936
15097,6.084115605492903
15098,6.149107651478528
15099,4.026166045206266
15100,3.922562949894232
15101,6.886237353511053
15102,1.9007601857955612
15103,1.9243143431009024
15104,6.621008184006392
15105,7.039462917350381
15106,9.607894914470744
15107,2.455570209848832
15108,3.3072719149709466
15109,7.224051495606921
15110,3.048897190168147
15111,4.971734498496947
15112,7.478853117883645
15113,9.076577869722328
15114,0.1904927196359925
15115,9.750435859174416
15116,2.3476982914423083
15117,1.2918438849067018
15118,3.6777364662542946
15119,3.5603834311747296
15120,0.9927504647640112
15121,9.008514436885628
15122,0.6235125525926443
15123,3.9364192358036525
15124,8.9537783754464
15125,1.5692899981072532
15126,3.9169813250565375
15127,6.056963632303044
15128,8.848283534332069
15129,7.61601001128194
15130,9.998770315566587
15131,8.987682392221693
15132,6.13803037925337
15133,1.728342486384609
15134,9.91360258192007
15135,1.7722909304926988
15136,0.7405072438103206
15137,0.2780933665264809
15138,4.977900488783682
15139,7.449641155856417
15140,0.6497871099569325
15141,2.373546466518189
15142,2.869813957624179
15143,2.000057647982574
15144,8.422815121164414
15145,6.998070310348893
15146,5.743872881834973
15147,6.877200140887622
15148,9.847752711379895
15149,9.372661963278317
15150,3.842843252641795
15151,8.261732072658146
15152,7.992685003116305
15153,2.0608337769472294
15154,4.8149388729985345
15155,6.356989708281452
15156,3.0888605668411864
15157,2.4503276571403614
15158,4.26031588073083
15159,2.63446576200477
15160,1.695854647415613
15161,6.04093926320829
15162,0.4827281849522188
15163,7.968923644515372
15164,7.446376917779542
15165,5.786013179898558
15166,4.958864623169382
15167,8.52679501826802
15168,3.310054787226764
15169,2.063140306311191
15170,1.128602970095663
15171,0.9800276853806559
15172,0.6942909535469121
15173,5.409896454119721
15174,8.69178113562425
15175,0.8982089250916182
15176,7.3327900586299855
15177,8.286671401785506
15178,4.07514877787882
15179,0.41129004872635155
15180,5.877839179350711
15181,4.165400235379884
15182,0.6164086922952614
15183,4.551645746579757
15184,6.409755315088677
15185,6.686023302064849
15186,1.2235720382280748
15187,7.303758678601132
15188,9.448646960939918
15189,9.606609321324813
15190,2.8810208756837334
15191,4.291179810391509
15192,4.604215081999788
15193,8.588588067231386
15194,4.582474741208327
15195,9.16310849720648
15196,1.828983812529968
15197,6.615624714640297
15198,4.431226291608149
15199,1.5862976508887319
15200,5.236191118548933
15201,8.541496899366004
15202,9.924348623892394
15203,7.349350256214325
15204,4.5928656005625275
15205,9.733899356116055
15206,7.203565071548517
15207,6.111312188345515
15208,2.820341334160603
15209,6.668208396548023
15210,5.141064326994997
15211,8.107504438877283
15212,4.346280137507482
15213,1.5616631877638236
15214,9.120813107795104
15215,9.142022720946786
15216,4.939933426114983
15217,9.742066369786887
15218,5.726089211660029
15219,5.7700280574649145
15220,0.37023720312505803
15221,3.8470879268635487
15222,8.474008897580589
15223,4.492628395189593
15224,2.2489309954708885
15225,7.787654547642787
15226,9.727260001587236
15227,0.9367541801000617
15228,1.9724664604642057
15229,3.7748426423195287
15230,2.3317494189142387
15231,1.393794937078307
15232,9.648808920823472
15233,8.53766054368951
15234,3.180881769125922
15235,7.632086057051757
15236,5.007713092809323
15237,4.763149283669195
15238,5.660428481715217
15239,2.6117236164168807
15240,5.3039769546179345
15241,6.910288474630621
15242,8.969378629016473
15243,3.477977562030211
15244,7.7419783429505475
15245,1.339260180820128
15246,8.31406080167746
15247,7.020056401088248
15248,9.72597257500581
15249,1.3992400407418544
15250,9.249551549196902
15251,2.9941636807157077
15252,8.33651613382231
15253,9.135996355123574
15254,7.760350463499353
15255,1.8616946037459923
15256,9.926954070452418
15257,5.727148665568738
15258,0.8700799382912549
15259,3.668413195552165
15260,1.1093241684162798
15261,6.522317507239917
15262,1.1783003377206789
15263,5.5785130394934175
15264,4.015761434048749
15265,4.947778910203793
15266,7.94753304172109
15267,5.038789463246373
15268,2.5664833872162123
15269,2.7760555822946174
15270,0.36884814255699594
15271,4.213488922403434
15272,3.529857843247415
15273,8.817243998299329
15274,7.711274698806119
15275,9.750765671865338
15276,8.189661973261435
15277,1.9593744354101956
15278,7.779195784870016
15279,2.6391321010631277
15280,9.391115677033794
15281,9.598224587786262
15282,8.213858261311978
15283,6.184612766931953
15284,3.3707406501886243
15285,0.5650952753830168
15286,2.7610025383845613
15287,2.808448002912144
15288,1.0666302401437984
15289,9.836433427484284
15290,6.807230724294006
15291,9.785822533280657
15292,1.6069114528867259
15293,2.7418594091432023
15294,4.9925992322846975
15295,7.4479767723259656
15296,7.556990262267371
15297,6.709392568738406
15298,2.822857845822496
15299,0.7909058484692943
15300,4.924563067419749
15301,1.074011923780552
15302,6.001025193663061
15303,7.9724272118939865
15304,4.487127537439683
15305,1.446430428099584
15306,1.8985429891627807
15307,3.5920512960572615
15308,6.44527111989866
15309,7.0279431353932615
15310,6.169352216189532
15311,4.493043671385613
15312,7.819635422871789
15313,4.102192778404247
15314,6.535903827937785
15315,6.158128966464051
15316,8.763744571671348
15317,8.314225102775412
15318,3.542490307840523
15319,9.776633960367793
15320,2.505468324649347
15321,9.3927294421238
15322,3.620295746031635
15323,5.0320063027583135
15324,0.5524416965046004
15325,5.916906829467444
15326,3.8837598350911495
15327,7.042091270354305
15328,2.7876897541289107
15329,6.562864832348413
15330,2.2106732835662477
15331,8.838006251748187
15332,5.035238488128533
15333,2.1184281942589136
15334,0.21080946994870198
15335,2.6677001258116486
15336,3.031972219498859
15337,0.2691450890230791
15338,7.328742897477195
15339,7.516097115777837
15340,4.726693510982616
15341,6.0834625053821805
15342,3.343381059946732
15343,6.86679685559503
15344,8.19897891416939
15345,1.0335698341767696
15346,3.690932474775853
15347,1.8150753510058164
15348,4.072857604136161
15349,2.721115010807483
15350,5.967083722158694
15351,3.0641651523075772
15352,6.2194663861032335
15353,3.254409306527883
15354,6.062561237534671
15355,5.409278303097489
15356,1.1966379045218336
15357,8.863806266476441
15358,9.258555666369293
15359,1.3572149322200762
15360,0.3031598070473237
15361,8.06492458350086
15362,0.1213346882549577
15363,9.137974172731694
15364,9.277231224264984
15365,9.83235387092954
15366,4.740725111842983
15367,0.6903149940125697
15368,3.7385175069448766
15369,0.8649748670812522
15370,9.364901895092673
15371,1.7537207536195312
15372,7.2463032679628165
15373,0.34737394650564934
15374,9.07763428521124
15375,4.146794099999711
15376,7.8300363808891715
15377,1.4245984414406028
15378,8.948525533489978
15379,5.587100393748178
15380,9.707689009570718
15381,0.16436093688160747
15382,8.530670534932828
15383,0.557217650656697
15384,5.113560295894523
15385,6.9325396387629175
15386,1.999403556959671
15387,5.461264058439469
15388,2.5155570843937958
15389,8.668087611514691
15390,2.6554396950750796
15391,9.696715002523723
15392,7.001769326543412
15393,6.369907402943925
15394,5.886578359428866
15395,9.846648243217855
15396,5.5128594400159265
15397,6.955645783433145
15398,5.956515883411879
15399,7.133800428656482
15400,2.032015873465667
15401,7.258149612999349
15402,4.194664074235167
15403,3.552930425535967
15404,3.979330334576349
15405,1.242631153974495
15406,4.8792694069326945
15407,9.977108487770801
15408,7.28400749535734
15409,7.793087642885431
15410,7.692612526276102
15411,4.872530222735212
15412,5.187142511783874
15413,7.282368379691114
15414,3.9289514797941254
15415,7.564011359279184
15416,9.376208367682821
15417,6.81241369244748
15418,1.9366807610201369
15419,4.993230572805514
15420,7.736696116886546
15421,6.884426077366162
15422,8.358654637821664
15423,9.052625715001769
15424,0.3815185933248336
15425,8.251839315980012
15426,7.002105814441782
15427,0.20706926084428437
15428,0.5315106759379127
15429,2.724949346284928
15430,5.180290871092173
15431,8.3281897021417
15432,1.1751433642087308
15433,4.587635693171102
15434,9.482755314049118
15435,8.811737078814524
15436,6.248251976456008
15437,5.273482453075186
15438,0.618229045261308
15439,3.858249831238671
15440,5.801891750539423
15441,9.089883731151646
15442,4.344864897639744
15443,4.47616963812316
15444,9.08836170612869
15445,9.168157976629466
15446,7.292220420186938
15447,8.106910158331921
15448,2.6409578333954196
15449,4.011168972419489
15450,5.67448607065031
15451,7.847659024978628
15452,5.111494100499318
15453,3.7705644025809146
15454,0.7848491236199974
15455,5.260993347674291
15456,7.766946274347063
15457,5.787748921284024
15458,1.8398326425784415
15459,6.990033408125047
15460,9.785038869051807
15461,8.690025431789367
15462,1.3098736116417191
15463,8.031650844663615
15464,0.6405076428358409
15465,4.962256356040009
15466,2.7725377033564
15467,8.8414635608977
15468,6.823978582938267
15469,1.789650176781829
15470,2.644761667090578
15471,8.830345200613415
15472,9.476966744313227
15473,2.7455253453384745
15474,5.772467656510167
15475,9.304539612855649
15476,7.2887384468420535
15477,7.673486226614814
15478,1.9699335944349956
15479,9.325383929456427
15480,6.534060477514791
15481,8.083916912677452
15482,3.2576321388310183
15483,2.76869282643657
15484,6.756240118854477
15485,1.2808105096000473
15486,2.6239028177949355
15487,6.489485921856431
15488,8.588659392180855
15489,9.618362901020753
15490,0.8662203088968771
15491,3.392569487830501
15492,8.695660217312147
15493,8.71997349325289
15494,2.0003478437069813
15495,0.970053422399331
15496,2.707002749825099
15497,1.5362417013891612
15498,9.948374609582581
15499,1.9430763670105102
15500,4.528328307774842
15501,8.371930976121204
15502,8.748397896666297
15503,3.5631135756858106
15504,1.043156732153891
15505,5.798002702055849
15506,2.834669318686576
15507,4.686417308554918
15508,1.8722501695312894
15509,1.8134711623587831
15510,1.856681535595086
15511,6.318448956487159
15512,8.749745896187331
15513,1.4229637238177584
15514,0.3821965690845106
15515,9.099463714762775
15516,0.7714735533711735
15517,2.8397173193409504
15518,2.1566028295887176
15519,8.214549978076333
15520,7.884514417683757
15521,9.920557052834393
15522,5.5614812944760335
15523,7.542875910563841
15524,4.062590996068086
15525,6.024490682135856
15526,7.121303610559588
15527,3.62048155877469
15528,1.951456582754881
15529,1.8900325329567305
15530,3.748609879147452
15531,2.9558346417308377
15532,0.9430800606370195
15533,7.251239764878357
15534,3.7318949311682155
15535,0.2705936742417871
15536,6.809763764176401
15537,8.110503581027952
15538,3.19618378415471
15539,3.4246245568670806
15540,9.066705959466463
15541,6.036904842555603
15542,4.325584076159214
15543,2.1895528696572453
15544,5.649985849008526
15545,8.173445109868094
15546,6.353010917231677
15547,9.73433904334287
15548,8.270515575703511
15549,0.9473008242068268
15550,5.840241276871005
15551,0.7583004603026715
15552,9.651491360897012
15553,2.4072631449875677
15554,2.8871341450628294
15555,8.556982979979836
15556,1.9377465258593267
15557,1.3172221954800896
15558,3.4083434331089033
15559,0.713608183155346
15560,3.4007026022179256
15561,2.2397731560242944
15562,2.8741669446048035
15563,2.5569209987702592
15564,1.5511581432890826
15565,1.5710520674062856
15566,7.77128929948941
15567,5.276406122228327
15568,9.384847730555142
15569,5.749714135723002
15570,0.8842868222219089
15571,6.967830401021629
15572,2.483465900881329
15573,6.064481145914381
15574,4.742615887059953
15575,7.402483618478158
15576,4.31017820138376
15577,0.9406667338574148
15578,2.104061185218722
15579,9.151475295730533
15580,3.1355627100837604
15581,1.675049403700867
15582,9.579580590505051
15583,7.413495785355743
15584,2.3533574471827956
15585,8.575800635001581
15586,7.850034355010699
15587,6.786825582879755
15588,1.2626044351733507
15589,4.223158901618977
15590,1.9486092590190531
15591,3.8842808034902903
15592,1.2115126539547725
15593,7.637443472026947
15594,1.821917706740184
15595,4.75239888645647
15596,4.422281761964108
15597,6.902805570157216
15598,7.852049820253329
15599,1.9597017045933256
15600,4.8472703851442285
15601,3.8837418582414767
15602,2.5118813596833074
15603,6.187007260012408
15604,9.490684655666733
15605,1.7592906094010088
15606,4.911398185247409
15607,7.654266758304356
15608,1.3799822770521706
15609,2.514555801087376
15610,9.401825604903776
15611,8.211180333892376
15612,5.53226546906757
15613,9.44821857067797
15614,3.3161975597852957
15615,5.515188392695487
15616,0.46372715003236853
15617,6.0438704777293975
15618,2.186098753756092
15619,3.9595655050692224
15620,6.193064687998759
15621,6.689102996983729
15622,1.6008911580076228
15623,3.7560001350587693
15624,2.3838129284604737
15625,2.7185122357516405
15626,2.57043258465107
15627,6.119145827922655
15628,3.983375316671515
15629,6.377018692833139
15630,3.664970441035011
15631,9.876040584545995
15632,6.025291522721761
15633,4.622013026310512
15634,1.3476329438306864
15635,3.5840015088308923
15636,5.430604900285295
15637,4.474629239047912
15638,1.1138063565132024
15639,2.5419349565149627
15640,7.365860120691612
15641,4.476898950295536
15642,5.881144894077812
15643,5.804754468736577
15644,7.602997498977102
15645,9.829085780199762
15646,2.2027092380092266
15647,6.075136673294223
15648,1.0541973630780461
15649,6.025636417403013
15650,3.3956881579090346
15651,6.957019262198693
15652,8.0060700917402
15653,4.183656277588756
15654,9.68087818750361
15655,9.76686004122082
15656,6.078623907490153
15657,8.355436953281188
15658,8.355904808265082
15659,1.7818553646298054
15660,2.4432537390795623
15661,9.401060323800726
15662,9.579477531703105
15663,9.376325968723227
15664,8.902648228421947
15665,3.238565090163811
15666,5.169415223795857
15667,9.927569623823885
15668,1.5832186511373498
15669,7.567253584003356
15670,5.834910401463401
15671,0.21730272832081216
15672,3.389651420955978
15673,2.810372851799236
15674,5.6576512188582555
15675,5.140783864691339
15676,5.014783344965259
15677,4.305119546535864
15678,6.032256078936496
15679,4.242183157508074
15680,0.9145636314780317
15681,8.98636972215026
15682,0.544051780823125
15683,2.5497576221713314
15684,1.7671642964661574
15685,6.340541631870048
15686,5.249480754315811
15687,2.6125715094256527
15688,1.0839068486086032
15689,0.29173697277481203
15690,5.92010340347614
15691,1.3844035166419175
15692,0.23888793823573432
15693,2.7562977857675883
15694,5.922446133600878
15695,4.120950600317684
15696,0.8121095036142512
15697,2.8673841335979136
15698,9.379267361094696
15699,7.002519825291763
15700,3.532989975594679
15701,1.689523807716874
15702,9.371307266008452
15703,5.286146305870818
15704,2.5171075644805234
15705,9.965787449101294
15706,0.9482415724853949
15707,7.273148197922333
15708,7.84344088766952
15709,3.1081595359657292
15710,1.295444985749438
15711,2.427190598124978
15712,1.1977376600226672
15713,2.9888680666782124
15714,2.8365924765398356
15715,8.17001420438083
15716,1.5703563398550409
15717,8.197284531070844
15718,6.637580398511318
15719,8.68506791389629
15720,7.3665419836108725
15721,8.229249827065987
15722,7.797160321156616
15723,3.0185351856059968
15724,7.203666510929734
15725,9.031183951026408
15726,8.491124109216805
15727,1.7519059662252463
15728,1.146577338882772
15729,3.1396493763540447
15730,3.2437421508871114
15731,6.042221897665574
15732,9.04393477208302
15733,1.5067307890719732
15734,8.550398735294387
15735,5.763204787516945
15736,9.924295714338706
15737,5.861316466393628
15738,1.165802880897402
15739,6.629202458112167
15740,4.475488522509691
15741,1.9058539921619086
15742,0.10751646620748051
15743,0.4139527739028732
15744,0.132559172317344
15745,4.7964225033830115
15746,7.118021656573653
15747,7.538996598998576
15748,1.3509147304741844
15749,8.73058366517254
15750,9.594069437266825
15751,3.362885708925834
15752,6.453596518536337
15753,5.154713676127874
15754,6.018724792625883
15755,1.5120802372504347
15756,4.70870113775467
15757,2.54625289937763
15758,2.1284250855214215
15759,9.380644878510171
15760,4.726788095034421
15761,8.426637373419743
15762,4.842046540475295
15763,5.377328644560116
15764,2.9629193950764363
15765,8.98051334294916
15766,2.901708907538661
15767,1.8922443051435183
15768,5.587193885936029
15769,3.5731517944017592
15770,1.9319304548275933
15771,8.01552413207049
15772,4.342052880659041
15773,6.373131437659482
15774,3.4115826170164323
15775,0.7236794265202529
15776,6.096700630999219
15777,3.687476321073865
15778,8.426112776607651
15779,8.71938178097536
15780,3.424291429790581
15781,2.1888910750150257
15782,2.2849377906928323
15783,4.454880952081437
15784,0.6174460535541374
15785,0.35263016804064073
15786,3.7213612630791975
15787,1.6222197713906592
15788,8.166883025902424
15789,3.664328150694138
15790,1.9729752194279073
15791,8.20150760883218
15792,4.2753148877520015
15793,6.667163591445541
15794,8.090816240342745
15795,7.424832723661993
15796,9.687092213587894
15797,6.606068575859734
15798,6.799970055206344
15799,6.874194435851823
15800,9.082782837129793
15801,5.507576931020303
15802,2.00560211134803
15803,8.487568317881435
15804,7.834974656852358
15805,8.924024519146885
15806,1.8534194767707157
15807,9.814498234953472
15808,3.994218014049909
15809,6.1341823256143035
15810,5.95268204471407
15811,4.896263705313473
15812,7.247277543371683
15813,2.9555045552386403
15814,9.271612191086861
15815,5.452067013346648
15816,3.2731723211498216
15817,9.058773070392766
15818,8.428178174098713
15819,9.86863317817066
15820,1.1222273642903193
15821,2.7375977564280607
15822,9.558432573369126
15823,6.858251759618758
15824,0.2566654236496025
15825,6.243444883915693
15826,5.621677777913535
15827,6.973268714384733
15828,2.0386363680327837
15829,3.87525934881839
15830,6.818772163683404
15831,9.93011073440594
15832,4.7254732400558765
15833,8.28873790166467
15834,2.485061765188529
15835,7.030478974546238
15836,1.0785471777656892
15837,9.563872246187573
15838,9.934736303174825
15839,2.341368940195116
15840,1.656070860858678
15841,1.645722303126179
15842,8.363755568111387
15843,7.749530006280689
15844,4.042358584459442
15845,3.9121176854019875
15846,1.5487098373303407
15847,9.584197063525206
15848,3.558870352873285
15849,3.310399628982195
15850,2.5302201016748413
15851,9.41943537425446
15852,9.445062755696938
15853,2.397776350875649
15854,2.5069061901151484
15855,7.464604699927468
15856,0.7040031732874185
15857,0.4857808402419962
15858,6.709221992715444
15859,1.1004746438872277
15860,6.749554441771117
15861,3.7143502340178944
15862,1.5028010882490717
15863,3.639818950798386
15864,8.412075362978502
15865,5.946262687840641
15866,2.3002564593562624
15867,5.79305599664997
15868,1.7365064182893823
15869,4.4724813725114005
15870,6.931907846291572
15871,7.3895635617921265
15872,0.9942192715570435
15873,5.283173741568421
15874,9.879438000824505
15875,0.9609419881846788
15876,6.200189983414969
15877,0.8333648490835134
15878,9.0518376794479
15879,7.920205861074878
15880,7.573062851298469
15881,3.288767879304722
15882,5.892679184719032
15883,4.24955316702704
15884,7.910555258969155
15885,7.37563958435522
15886,6.281532263213027
15887,0.30459265947383823
15888,1.512275297133847
15889,4.598799522134861
15890,6.893721837288608
15891,8.703051219814679
15892,7.695368296407372
15893,1.1441731530655324
15894,8.769286310249699
15895,2.5450846375063967
15896,4.802538969265661
15897,8.607031779693518
15898,5.976915342685047
15899,2.43980525241683
15900,8.177570832630957
15901,8.09771032663426
15902,4.422364973320018
15903,6.308785611801607
15904,4.274803895628531
15905,5.074422699607481
15906,0.41626707901699944
15907,4.072468480203932
15908,0.45963557194195115
15909,5.385526184154717
15910,4.452834036632982
15911,9.711937536844049
15912,9.551385195289098
15913,5.243249197593374
15914,1.279521932868155
15915,3.2326147648064336
15916,0.6361800350025657
15917,1.806962310569493
15918,5.702533118222959
15919,3.6189949052083823
15920,3.7235000191903382
15921,3.9241800230605475
15922,5.444295740501693
15923,0.3127288727174221
15924,2.5823970875184634
15925,2.3548534668062935
15926,4.651230719734215
15927,8.11983947835986
15928,6.9379023430477185
15929,4.9334099808239085
15930,7.381805856926003
15931,4.140087843655094
15932,4.743699746320872
15933,5.178247705467097
15934,1.0923886268376408
15935,3.736579390949532
15936,8.600135650122644
15937,0.5610003777887962
15938,7.718017883242893
15939,7.799853732852258
15940,4.7231108049790755
15941,5.2018320617378135
15942,4.4203251012569424
15943,0.2999484536631853
15944,1.4038156971825193
15945,3.9987738386545173
15946,6.3381475009823065
15947,8.091472023110395
15948,5.486129367533054
15949,5.130588250420364
15950,4.915806111992335
15951,2.8388109802146064
15952,0.22592258291325157
15953,5.855607593457682
15954,3.5264588573104323
15955,6.627385785920865
15956,0.4909672582822313
15957,4.9072664470306435
15958,6.560344720870266
15959,1.6745926016621873
15960,4.521110739085351
15961,6.002112361767128
15962,4.8001838489891355
15963,2.550872159641814
15964,2.5764383589779056
15965,4.304457326132538
15966,9.820157203917955
15967,3.0609819085604135
15968,5.451456319398888
15969,4.707960266726317
15970,0.47531433332854567
15971,3.4643749727293827
15972,8.512284324534093
15973,9.93137329335461
15974,0.6206312802251733
15975,0.8248950237760683
15976,9.0984501052337
15977,8.178024505420675
15978,5.705780733220017
15979,0.9897589856773572
15980,4.4852804070030805
15981,9.424567797605226
15982,3.036077774714474
15983,3.5146188643779688
15984,7.026803082842594
15985,8.234111845149751
15986,8.502572853797119
15987,4.306380159130578
15988,1.2125788372323967
15989,4.538563853601783
15990,3.1641176724566553
15991,5.66003580574992
15992,8.049512279607844
15993,9.350537582521602
15994,9.548231358757874
15995,7.523738634986774
15996,8.527957501595672
15997,1.5524300772939867
15998,1.8651935496529528
15999,0.8020765353095147
16000,1.9784857543439271
16001,9.244500727765264
16002,0.1280246716169505
16003,6.657688697682361
16004,3.363521866935602
16005,4.0592286597080385
16006,1.8204564072770826
16007,1.4282981585708143
16008,0.9496092991534087
16009,1.8861972439230268
16010,4.492813573154119
16011,2.824798273141642
16012,6.918607820167933
16013,2.41294210116984
16014,6.511751164151514
16015,9.481069620495179
16016,2.9805735729487863
16017,8.650068877289876
16018,2.5830296977334415
16019,8.860412472162016
16020,4.3875094265605386
16021,7.9845299348392516
16022,7.716689893274394
16023,6.776344298854979
16024,9.606898778357127
16025,0.38747817347718316
16026,8.303399742456152
16027,0.7877045726567256
16028,5.771168448430526
16029,7.774578800062304
16030,9.904219523123908
16031,4.4558996050944675
16032,9.021038671728947
16033,2.9371744615823165
16034,5.186545738741019
16035,6.690754417919015
16036,9.236467360465996
16037,7.016910919350387
16038,9.139636256936328
16039,8.90610535897655
16040,9.970055076831944
16041,6.067000168827481
16042,2.4514626887863535
16043,0.7762045776575023
16044,9.13402498456354
16045,3.0048324310111236
16046,7.460207844304211
16047,6.1257997577789665
16048,4.05830642724357
16049,2.6890553322255153
16050,2.8181714503214343
16051,6.678482315709473
16052,3.4398200644065287
16053,7.061530085952418
16054,7.125546058342604
16055,3.496910184090842
16056,0.20951181402593455
16057,6.9689466178286645
16058,8.623394797578335
16059,9.237476732929409
16060,9.499407571659068
16061,7.900654546772827
16062,7.958293348084494
16063,4.089845703096597
16064,9.677427446685861
16065,6.922314463082131
16066,9.871725856931233
16067,9.352610584654725
16068,3.4654453387857704
16069,6.885736852376646
16070,6.759732119409682
16071,1.1787998245252596
16072,7.288814759377624
16073,0.22279124532033423
16074,4.9570365382603025
16075,7.685535842171895
16076,8.38232623082578
16077,0.6966178232170169
16078,7.731506732111411
16079,3.211470386952642
16080,0.1382853227772929
16081,6.1175117345563
16082,1.1276009371014226
16083,4.863387160186714
16084,4.154870155578269
16085,0.5240620718018586
16086,6.973140782934345
16087,9.795641393667513
16088,4.065278445063883
16089,6.984882698395234
16090,4.480178928685608
16091,0.2243051739016415
16092,1.3841458702680203
16093,1.284505215195718
16094,5.167229957458408
16095,3.825231756759762
16096,7.318568885933309
16097,1.4939515545996689
16098,0.34116337150501574
16099,2.7840339532576928
16100,1.76780896323537
16101,5.375756685059381
16102,6.9727163869430875
16103,4.69124340709216
16104,0.935849641608492
16105,6.645920676866194
16106,7.9509963726853945
16107,8.282716265728792
16108,5.68220089464853
16109,0.6257529428395299
16110,7.20910184193768
16111,1.8831998111159631
16112,7.390986482211468
16113,4.825556248212351
16114,0.8254574776235273
16115,1.1633213651592547
16116,9.594518195582616
16117,3.871664120573901
16118,4.928760089340863
16119,9.405094539731614
16120,2.64276717074894
16121,1.613387221785667
16122,4.653561599863262
16123,9.35580830440934
16124,0.7993019307961582
16125,1.8497180518101786
16126,2.9949229982502144
16127,3.5255058757332534
16128,3.0960445080547547
16129,8.778080036936377
16130,2.6096460664458405
16131,1.0904235500915822
16132,9.031925142121986
16133,2.5673850866064294
16134,9.61218259705642
16135,9.511616474547889
16136,2.1221681115977993
16137,1.875817172209277
16138,2.308249062788303
16139,6.01406185275614
16140,8.91458069592773
16141,0.1661100081536474
16142,1.418959991283794
16143,3.029369582686184
16144,4.704498132496364
16145,6.142715555569786
16146,0.13885978049996114
16147,0.31156310221813827
16148,1.031935525806319
16149,9.83181547220233
16150,2.2932600729493244
16151,3.5467881745449272
16152,2.881199277837222
16153,0.4364748778789227
16154,6.99810227556466
16155,3.436132792344935
16156,7.493902362852264
16157,8.366756809604905
16158,7.203819132526742
16159,0.6298519369267235
16160,8.564562853454385
16161,2.6671693321105376
16162,6.503677348184681
16163,7.809276731944786
16164,1.794479719440799
16165,3.4330185213814697
16166,3.629564628457505
16167,9.024965826683198
16168,2.9317315032826468
16169,4.399049364916901
16170,5.051423614223466
16171,6.685254874443374
16172,4.706845988872955
16173,2.9355657371692745
16174,8.627693165919363
16175,3.0920238081869638
16176,6.961796216354355
16177,0.36848871552417306
16178,6.407307940178167
16179,0.5644612244310039
16180,9.245179667649104
16181,3.8872537603118626
16182,5.200523342985754
16183,2.3973695667536767
16184,2.5350804263001474
16185,3.4587639448549266
16186,4.079139792551263
16187,8.715441737852116
16188,7.315673529128475
16189,4.489844587878471
16190,2.389697418555695
16191,2.4811685815932716
16192,3.974128863603063
16193,7.912376435082442
16194,2.137065435788317
16195,8.726550267752117
16196,8.070189914610728
16197,6.074400068976386
16198,1.283727102822144
16199,1.8865668586115079
16200,3.718555784713198
16201,3.136193136649384
16202,6.2459416218143335
16203,1.5325596457164379
16204,7.923445383951349
16205,0.5627060438330393
16206,6.251057051585395
16207,1.931633589800427
16208,3.625426674971596
16209,6.550356180523988
16210,3.426098275456636
16211,1.953383144269327
16212,4.562364203649946
16213,1.2803171623176588
16214,6.161830834626223
16215,1.3502735503128829
16216,0.12629121928008438
16217,4.189092288455973
16218,8.502290745863068
16219,5.208095616399787
16220,0.8941677497816285
16221,8.22672978169014
16222,5.354096195257899
16223,9.970158828223003
16224,3.6375312942440594
16225,2.5874860152205668
16226,3.6873411105706073
16227,9.464678431343387
16228,0.69671775715909
16229,8.324746377606068
16230,8.888071412007085
16231,7.02440113316148
16232,2.647787165777481
16233,5.134830959518987
16234,5.515822822789804
16235,4.859977664420431
16236,5.950116469600775
16237,5.665124317639003
16238,3.927777579373254
16239,1.5103570819002834
16240,2.0239982362848856
16241,4.3461107629616516
16242,7.886443006334375
16243,4.105510996958498
16244,8.105767930025118
16245,2.034336031028537
16246,7.964050865825462
16247,8.58079880247445
16248,0.7060015880358417
16249,6.616049652391443
16250,5.185766526500544
16251,1.9124616057524642
16252,4.300264792404109
16253,2.554579937412455
16254,4.866180462347029
16255,5.3852577552272445
16256,2.175109913552162
16257,3.7746896121166813
16258,2.231847394297626
16259,1.2596062972539495
16260,5.49267472397156
16261,5.5654274343175985
16262,1.2905271239959821
16263,1.9922336649325016
16264,7.036942618719575
16265,6.689206076573763
16266,5.854530819397924
16267,7.6065708976378765
16268,5.5941892374101885
16269,3.7215879998561556
16270,4.3944294402830835
16271,2.684179995878615
16272,5.365632818382682
16273,2.2111818448829332
16274,3.9584284427338057
16275,2.1144330212284053
16276,7.203391748778376
16277,9.461094859933876
16278,6.288535935265269
16279,8.126515192960358
16280,4.366884468742441
16281,3.321954591280966
16282,7.539170069502037
16283,4.819477658366781
16284,7.750713372925041
16285,6.037704268937366
16286,6.57312597270861
16287,9.725028246412235
16288,9.8412077820241
16289,0.5087535840228605
16290,4.046862569430815
16291,3.222927842125451
16292,2.0480557122453873
16293,3.990763300373584
16294,6.435762218222959
16295,8.852058261827663
16296,6.516661533320112
16297,3.606030783146069
16298,0.9867372784195706
16299,9.592205002384809
16300,3.11528201757008
16301,1.2517805361519836
16302,9.239250802553439
16303,6.116027992095651
16304,5.485483007698088
16305,5.712559740420698
16306,7.140285600951005
16307,3.950365364237466
16308,8.97714891626953
16309,4.106989839213225
16310,4.109480300565753
16311,8.341207388882712
16312,9.306068319239495
16313,2.6907638139676924
16314,0.2766199545578098
16315,5.411880641878938
16316,0.6470444256660636
16317,5.300322954800841
16318,9.776771205889649
16319,2.421042186737834
16320,2.7424550738475304
16321,4.6399801693926355
16322,2.0104343534242997
16323,3.445440651356483
16324,4.831662163002363
16325,1.628759503410672
16326,8.295953919176618
16327,7.794823456731465
16328,1.1559696109080848
16329,7.636606222424162
16330,9.303120124858278
16331,7.429534017741115
16332,2.5086300502114565
16333,8.897409417293783
16334,3.0203273907969663
16335,5.580005704951599
16336,4.138872106349381
16337,5.336655309543747
16338,6.396809059834033
16339,6.694767445672442
16340,1.565135630627995
16341,8.098188481105318
16342,3.8197266087363637
16343,3.6684445200255436
16344,1.9643125869891211
16345,7.157563679877368
16346,8.977858520687933
16347,5.583515470888151
16348,6.463474306285121
16349,5.585193761388565
16350,8.086521334823274
16351,3.2242205611983374
16352,1.9566210536095738
16353,6.718648753647944
16354,5.9743744759575375
16355,5.40919047494235
16356,1.4274434470345825
16357,9.678758055541383
16358,7.670948354315319
16359,5.51170817817973
16360,1.1599220544288622
16361,3.112399296617352
16362,4.901808866494936
16363,2.3271858250838884
16364,4.978457871852684
16365,8.814424431856963
16366,6.587100295319621
16367,7.187776489508868
16368,6.184048103086656
16369,8.634452197670424
16370,9.741871646951557
16371,6.325326523267015
16372,4.318040561137494
16373,2.0525472215259457
16374,7.0224190756184495
16375,7.615718462391466
16376,5.107787945188677
16377,1.8176013928000179
16378,1.409278192082645
16379,8.020319409935933
16380,7.143806045596171
16381,2.7037221913397746
16382,0.4527920590161192
16383,1.432958659087879
16384,2.6977093243305976
16385,9.927519495276027
16386,1.4242201605676774
16387,4.475486109581471
16388,1.8664072618506646
16389,4.860543564899041
16390,2.9030462654563407
16391,2.1319349672979406
16392,3.32745901744244
16393,2.0553946586638903
16394,2.864943756301012
16395,9.179677954702417
16396,1.015732154996556
16397,7.807515853831195
16398,9.198613189685409
16399,5.555537716104884
16400,7.634221487292855
16401,7.011151516916067
16402,1.215760654006991
16403,7.511139014273314
16404,6.53505645557847
16405,7.6904443739606
16406,0.3914624968261323
16407,1.4420217497711199
16408,1.615465188154724
16409,1.7480773668372511
16410,6.506678616651315
16411,3.9734998861489723
16412,2.356783026444002
16413,7.394456901872447
16414,1.7078531363550988
16415,5.461200375278113
16416,2.4175064073449994
16417,6.659847224575467
16418,6.4267623247239065
16419,8.992023654934977
16420,7.452616162298699
16421,8.349964162614656
16422,2.0577131528390185
16423,1.8360788806077264
16424,1.042025029767139
16425,0.13967026104733746
16426,1.0767574345275475
16427,6.022611288893293
16428,4.604094700330257
16429,2.2736878828591385
16430,5.720753526611156
16431,2.64837580015955
16432,3.122020147186983
16433,1.7449570948115913
16434,9.46870081783121
16435,5.9619434669716505
16436,1.3525357182896869
16437,1.862150727249694
16438,1.206554870663516
16439,1.562061557498622
16440,1.8645061817900659
16441,9.697081965186236
16442,6.785224382919837
16443,4.902813937025044
16444,0.2916818787404081
16445,5.018419766992198
16446,9.953286412452533
16447,5.569289692653777
16448,6.604369513592211
16449,2.890113596035793
16450,0.2757143942885141
16451,2.253572170322174
16452,6.272338158927782
16453,9.44640640860178
16454,9.520464087653309
16455,9.68326979342169
16456,5.220989421459358
16457,5.770204413146481
16458,6.914310285533222
16459,0.227973897066546
16460,0.6066457866931201
16461,3.1247724523836276
16462,1.5781416641279475
16463,0.6076071011363825
16464,7.633646266257097
16465,7.477879539292679
16466,9.044203380162841
16467,5.080480450024274
16468,2.2368822398712185
16469,7.728720070971491
16470,8.901909382296486
16471,6.86465237600777
16472,4.111886930216754
16473,4.075182810958174
16474,3.1852076534324034
16475,7.351991001545141
16476,1.4334606628799107
16477,4.389197957771898
16478,8.498099084380376
16479,9.262282260439616
16480,7.356443219008427
16481,5.902194868678961
16482,4.220467206880682
16483,1.8069815311718072
16484,6.643771407543893
16485,4.65520942201489
16486,6.685344949778182
16487,0.7361089262792226
16488,8.844358206455935
16489,9.933084904936365
16490,6.1812092599493615
16491,7.233648413946487
16492,4.222332185162658
16493,0.21866321229580796
16494,0.7533722887265023
16495,6.708739376640847
16496,7.552906893636377
16497,6.32278956535473
16498,8.695914763725773
16499,8.008940717224055
16500,9.845507946300806
16501,6.7335674931168565
16502,4.93699412218926
16503,5.882773231272961
16504,9.421701699847267
16505,1.4688942553340467
16506,6.86301343508918
16507,0.9489531781985296
16508,2.7668264905924955
16509,3.528642695219128
16510,3.7882084742762587
16511,3.3816347618761187
16512,9.506883419497784
16513,1.624317711291629
16514,8.514998253583153
16515,2.29893750455395
16516,1.7575338916370185
16517,9.671211196605817
16518,7.018867598777637
16519,6.5555391043125955
16520,4.534501364242999
16521,5.735040169421252
16522,4.613216078374889
16523,6.113456989673332
16524,6.212458157780713
16525,0.814328608241828
16526,2.252670051035309
16527,4.3441520404446905
16528,1.7786740988785787
16529,3.580546170966182
16530,1.3212542104958347
16531,8.773098844813202
16532,8.19310798959163
16533,6.008887862559801
16534,7.717428595499926
16535,4.391915616091993
16536,2.433791222675803
16537,9.396958384136685
16538,7.339646963900296
16539,9.656585178524194
16540,9.391092977977834
16541,6.508554442477059
16542,6.64709776403434
16543,3.9188893864749605
16544,4.621411655766586
16545,4.580320720593111
16546,9.181217116484374
16547,8.805753113116346
16548,1.2659428419216134
16549,1.1619538717646813
16550,1.7330458406618932
16551,3.144599819750397
16552,1.8938116825135058
16553,9.400166686386017
16554,4.14867126683592
16555,8.684978316652858
16556,9.719309899096697
16557,6.337399811359913
16558,5.85360234349017
16559,8.852593628877166
16560,0.3793356891316758
16561,7.97972478612621
16562,5.135314721442149
16563,7.745868840023242
16564,6.085035675981369
16565,9.999886362564899
16566,3.0039582937957894
16567,1.430809452033173
16568,6.526703191738861
16569,1.602785668121474
16570,9.70240244026011
16571,5.7251373676720005
16572,1.6851849084490622
16573,1.8273129156392331
16574,3.3629717137303134
16575,5.677945594759161
16576,8.793540540256778
16577,6.998674096908964
16578,9.143008581333532
16579,6.657947903844913
16580,4.904627444975558
16581,3.189727563080931
16582,0.7019511722089216
16583,3.8842380016652593
16584,3.479331220708063
16585,0.842152427166277
16586,2.8992606246263914
16587,2.969555340481341
16588,4.87159916737272
16589,3.140367019538766
16590,4.871359668290496
16591,5.001281432964251
16592,5.885844235436679
16593,7.726493892601447
16594,8.960453667780477
16595,7.776204595973887
16596,8.99476974299783
16597,1.8955372429268706
16598,4.071334451999953
16599,1.9290079833083176
16600,7.483718453753994
16601,4.129788472722577
16602,9.941428815661087
16603,0.5466451757503049
16604,8.784092036762667
16605,4.3723002686217445
16606,3.662219902147949
16607,6.895435772513411
16608,9.351681536402564
16609,7.421121975383531
16610,7.208269869525069
16611,9.122378500332944
16612,8.296032949025689
16613,4.784674765680345
16614,1.1628283806493376
16615,2.452433056756744
16616,1.8282181183142245
16617,0.18530474288357435
16618,3.185092450768192
16619,9.196688545739637
16620,9.64194549904777
16621,8.866871323257076
16622,1.4959176306430846
16623,1.570889038531204
16624,1.6091769654392403
16625,9.977142304324483
16626,7.525333499605609
16627,8.047184452219188
16628,6.309668286454382
16629,6.044310285438151
16630,4.198685826243422
16631,2.154370355973648
16632,3.190526576137807
16633,2.280552991940329
16634,0.6917234940081733
16635,1.8484878937612044
16636,3.9196438867140104
16637,9.877113456295943
16638,9.695537888914009
16639,0.11331367410250061
16640,1.5276901913494825
16641,4.1916050661261535
16642,3.8597630001799765
16643,5.570228068501465
16644,8.812630064590381
16645,4.146518956841502
16646,0.6101989676280531
16647,4.457338413533923
16648,9.345647461085504
16649,1.7930947099409105
16650,8.79169912220222
16651,5.593182479893415
16652,3.6581498022741377
16653,6.425973299517236
16654,8.688987741950893
16655,8.571153850576234
16656,5.851800597565607
16657,0.6872543237776945
16658,4.991016224738617
16659,9.608316578297245
16660,3.390437484089374
16661,0.8930350579112549
16662,5.784899722309913
16663,2.1940057322062354
16664,8.853238021867789
16665,9.537828433352036
16666,3.463778580018432
16667,9.600935482771238
16668,1.5997435534162356
16669,3.7513232912355656
16670,2.740375550678552
16671,0.22322561333707786
16672,3.4743056778866843
16673,3.879171756179882
16674,7.17202273884541
16675,3.8328894660167063
16676,4.008455655515741
16677,0.4444902735314058
16678,0.8268055410867001
16679,5.407156742223812
16680,3.961428100787201
16681,5.365009169978454
16682,1.4168425925371002
16683,0.22686284641150925
16684,3.524093052820268
16685,7.653360689251229
16686,3.1808808168268605
16687,7.062506336020427
16688,9.471084586418575
16689,4.065135667628179
16690,6.645256210798836
16691,0.8776519717748784
16692,3.6852053514185195
16693,3.41200611453728
16694,4.113146846474552
16695,7.449392244770475
16696,7.291065190224317
16697,3.2310660422556157
16698,2.3993870526650842
16699,4.580121525196271
16700,1.8150547099246541
16701,2.479921225585141
16702,0.7087959438452626
16703,5.721533040169413
16704,4.880681028803178
16705,5.587959879127614
16706,7.761695079217011
16707,9.10185093073842
16708,6.211809761395433
16709,7.832112401490072
16710,8.917769574805819
16711,2.846995990484064
16712,4.657492660841916
16713,9.222374564641774
16714,7.004029296185483
16715,4.2142440273969655
16716,8.554034603377099
16717,5.994130329440672
16718,1.222743749000255
16719,9.53456858354114
16720,5.519656760398423
16721,3.172417150415669
16722,4.070311007271002
16723,1.8109570165659308
16724,2.613728625772294
16725,6.621916031757161
16726,9.234359153150278
16727,0.2698987078885817
16728,0.4293455407602397
16729,8.55626675638085
16730,3.0552188979334645
16731,5.571877104324665
16732,3.9039393117138244
16733,8.253059739107625
16734,9.979733735875548
16735,2.50004234456202
16736,7.043561388052362
16737,2.7622093227776494
16738,4.544330187504873
16739,2.004253514771884
16740,4.958713948679411
16741,8.471230117455697
16742,8.053717544672644
16743,7.874169436498196
16744,7.289783094953606
16745,1.6800543240827646
16746,3.0185499120799784
16747,4.114436100065847
16748,2.0128074645957996
16749,5.784015178190422
16750,8.778657297718707
16751,4.318268733262189
16752,9.781021137046258
16753,9.102117295171215
16754,7.345413521479062
16755,2.9304050457597723
16756,4.31573637784028
16757,7.635785776620221
16758,2.2160038565721636
16759,3.309986858180668
16760,0.9675891751467965
16761,0.9335728287249664
16762,3.5265422466020695
16763,2.526279324279476
16764,5.510731498417834
16765,9.21003630049102
16766,9.38682142151675
16767,8.40045431975568
16768,4.149953825410845
16769,6.415420690726155
16770,4.357728487228197
16771,0.7280166300619859
16772,2.748732245585286
16773,2.8221143470471795
16774,6.3619796564507
16775,5.557049970706456
16776,7.8258006487043295
16777,6.507578739445799
16778,1.5567731957494706
16779,0.7894165032322844
16780,2.0058921342597893
16781,3.0090105143605124
16782,3.881515538485267
16783,3.0639469327301168
16784,0.43971231131475874
16785,5.609318639027501
16786,0.18914293465642232
16787,0.36194216132818946
16788,5.353321327925408
16789,5.683700655130153
16790,2.1061608662434312
16791,7.710224409377234
16792,9.011723651655377
16793,7.1624411951383715
16794,9.608110262772861
16795,5.1026991424992625
16796,4.300062846417427
16797,7.562930765148488
16798,7.8660322095658755
16799,7.2271441050834735
16800,5.325349098236349
16801,1.7470287564606939
16802,3.703680125695043
16803,6.858478179229729
16804,2.0329401576106942
16805,3.796050984868078
16806,6.923477465091026
16807,3.981764139459023
16808,5.794669123126184
16809,0.9703961907097971
16810,6.919531913371672
16811,8.943353627846824
16812,7.914445879833831
16813,2.9215382370075935
16814,4.599030720796794
16815,3.215975073397484
16816,4.282244683261875
16817,7.430566381938488
16818,6.9204988122958815
16819,5.732779859754059
16820,5.019474285873301
16821,7.776321816409532
16822,8.538620692198375
16823,1.6061566881309717
16824,8.054667504769066
16825,9.3071725449843
16826,5.2432269836474195
16827,1.8590622951658728
16828,2.588655467505573
16829,7.017681412229154
16830,0.34405973227263653
16831,4.758955959088696
16832,8.70194956576263
16833,6.927046142512305
16834,9.222289057252341
16835,8.940964192968037
16836,4.522316233467611
16837,4.588758214077133
16838,6.096409842610814
16839,0.8662646034885008
16840,5.877546830496703
16841,7.211543143811202
16842,6.669984898550029
16843,3.659029120322072
16844,2.4774593062622343
16845,4.230480674528418
16846,6.966322873178255
16847,3.0466800141145405
16848,8.193072496002678
16849,1.5975666092589618
16850,4.014742399916487
16851,8.246756742110218
16852,2.5714804505719266
16853,3.788862961867098
16854,8.737538931993797
16855,7.251926065560011
16856,9.185856951483245
16857,1.8952358890726493
16858,6.104678317938482
16859,0.6836387873201364
16860,5.194837448380506
16861,1.6401714250914585
16862,3.2361564290389304
16863,3.2544837090576086
16864,5.957258858877604
16865,5.7982214378839565
16866,7.757711023440443
16867,1.8623590820921625
16868,7.004153563848194
16869,6.400547143082206
16870,6.022428586459387
16871,1.6402218750109425
16872,3.3674155797380587
16873,4.638370099300392
16874,7.833431711465128
16875,7.189709022978318
16876,4.9733646694447025
16877,4.455507171421368
16878,9.730181941780106
16879,7.807169107389638
16880,1.2652378840599388
16881,6.99674001715217
16882,8.472573364373156
16883,3.233536291068864
16884,7.0670645705067345
16885,4.716959107474651
16886,9.502689638157491
16887,0.834355604031964
16888,3.417517685677661
16889,5.246810206818644
16890,1.2343537961810873
16891,4.835735157230286
16892,4.812976342440889
16893,6.597260089711949
16894,7.886660502071119
16895,9.608247973069123
16896,7.686534144271996
16897,0.3048328626050336
16898,6.120532681991367
16899,2.0560629832590114
16900,4.037853368103416
16901,5.30296625411778
16902,3.353458543065006
16903,4.59757824122713
16904,7.900808032574624
16905,2.753078977949027
16906,1.3521731056805952
16907,7.750866727884674
16908,4.6800616258157905
16909,1.8756565519733301
16910,6.3103731549168325
16911,6.788747044991663
16912,3.2267832695701926
16913,7.6082613976160225
16914,4.071020089990136
16915,8.795816174625072
16916,1.9791350502031972
16917,3.428817260271339
16918,1.6573046245338674
16919,9.407384325841921
16920,2.4001925675959583
16921,1.7178467541071096
16922,2.1752271015302846
16923,0.16456506768944268
16924,7.697344996596356
16925,7.466087548272487
16926,3.1110137338765647
16927,6.063760774915414
16928,8.105684805108742
16929,2.040099070662623
16930,1.6917474719690704
16931,3.226500000522634
16932,0.9887790536030406
16933,6.415813726005264
16934,8.323752866846668
16935,9.560474284257548
16936,7.01156693049114
16937,6.4351367060461975
16938,4.343996458716954
16939,4.90142047726734
16940,3.4483589971842616
16941,6.858772499204991
16942,2.4626619956628484
16943,4.759440120343427
16944,6.518423311433566
16945,3.887785412439041
16946,7.031636518176727
16947,4.904528752192452
16948,1.9416169410330768
16949,5.707320737927624
16950,8.973020600195095
16951,8.634419514293745
16952,5.583843747327327
16953,8.475803783345466
16954,1.7249686717809407
16955,1.4951229335756717
16956,7.451621023565741
16957,5.0966182685484736
16958,5.209359941543609
16959,7.689369562463285
16960,1.1226783768844057
16961,5.3711981768947545
16962,6.109669786193377
16963,7.744612113970245
16964,8.08694988642128
16965,3.7543423440585255
16966,2.146491177552614
16967,3.786242897186536
16968,1.6994101824276981
16969,2.7233228108540093
16970,2.4907311155327423
16971,4.095932601781747
16972,6.288219289296773
16973,2.976916453819196
16974,7.041323898399971
16975,6.039729359897783
16976,2.7551319446797247
16977,8.884204828982794
16978,7.171682093735607
16979,6.394281736287067
16980,1.2716345142150371
16981,6.1288735591278805
16982,1.9940369896115007
16983,3.730311602156448
16984,8.569328760141966
16985,9.554400831220482
16986,9.789947354204132
16987,7.446915988244595
16988,1.08627469448369
16989,4.944894282368481
16990,1.5726817141297516
16991,4.969540515688304
16992,3.1974914448481373
16993,9.922500968080204
16994,2.3922403373738708
16995,6.9844702558910665
16996,5.665163458499005
16997,3.6925812957662645
16998,2.5938447156359707
16999,7.75950935220925
17000,7.386099309967792
17001,7.343082255280908
17002,3.7349377069813463
17003,9.022275931152462
17004,5.129145924149314
17005,3.85428101062155
17006,9.634437274908251
17007,3.2164757479971353
17008,0.2799441942366172
17009,7.248333616163376
17010,3.5687127249552133
17011,6.231258192025546
17012,4.989970586048587
17013,5.996118868536114
17014,1.5254667487766156
17015,2.3724979492848592
17016,8.039418025133655
17017,0.2822177920461396
17018,1.5905080910789213
17019,2.8360559788088544
17020,1.4178742827165496
17021,3.911324630407452
17022,6.703355593646384
17023,2.909571020681413
17024,8.160915684167009
17025,6.9260425861218735
17026,0.7213457021448303
17027,9.854166167350424
17028,7.199450976201027
17029,0.6602068009473618
17030,8.958779884465034
17031,9.02882734226162
17032,9.008807749368806
17033,4.291673357824315
17034,0.2664919655306822
17035,2.2567941247007504
17036,8.199850794968555
17037,3.1643068190506507
17038,1.326004627935971
17039,2.36059110439678
17040,0.8514571414887266
17041,0.9680283525320124
17042,3.4900339431759844
17043,1.7671198317646448
17044,5.270199138171638
17045,7.580044295721058
17046,7.709047996260646
17047,3.7133754342877503
17048,0.5206260168381994
17049,5.920329111263948
17050,4.908686705023669
17051,2.4479850520810365
17052,4.278881521778572
17053,7.3900326269258025
17054,2.3811701300196573
17055,8.57724522832197
17056,8.025884442027225
17057,4.949395838489559
17058,4.419772050463788
17059,0.7258138117691649
17060,9.589673405126664
17061,8.462244100370334
17062,6.753808386865863
17063,6.9063781124986585
17064,8.15822733388943
17065,6.994204508741536
17066,9.841207876551307
17067,6.942567383565596
17068,6.531934522005646
17069,0.5238241685396645
17070,8.047324823731815
17071,8.738199953613
17072,1.825051509774979
17073,8.991804600266912
17074,5.40628714500849
17075,6.209469204512195
17076,8.40298608013779
17077,0.649191513644919
17078,4.649180327282534
17079,9.77005125289766
17080,2.0854136804251793
17081,7.6599820552195075
17082,3.8249077540745318
17083,2.4735974787547614
17084,6.691925755961716
17085,4.570355159074855
17086,4.494177643246216
17087,6.740424924477836
17088,4.879271113629047
17089,0.4859695062917474
17090,0.13022240880704367
17091,6.63827022603994
17092,5.4609610353121765
17093,2.5619706314824398
17094,7.434706121507137
17095,8.332767121450814
17096,9.190454295809179
17097,1.586242584868909
17098,4.180115602067031
17099,5.129390613735884
17100,0.6658315973742923
17101,1.2410223317890425
17102,1.5008312171544065
17103,1.796030841406742
17104,7.606099557946222
17105,3.296260459879569
17106,9.329151915448799
17107,0.4086155030528704
17108,8.048258074664076
17109,1.2466184015455648
17110,1.735381384879737
17111,2.710679807296276
17112,4.156555027455025
17113,1.5194880261165529
17114,5.783045985782081
17115,1.9563471168743807
17116,9.291121806265
17117,8.299673521466927
17118,4.473612031435537
17119,9.989757885975193
17120,9.021284242417659
17121,1.8550619964936117
17122,4.749439611088286
17123,3.095844047836378
17124,5.068584967842264
17125,5.0428050373512905
17126,9.122112048847702
17127,4.333408863939454
17128,3.781447612419965
17129,0.7445388122987092
17130,7.432888477515508
17131,2.360019492775028
17132,4.998854942675301
17133,1.4685045346163939
17134,1.2919365907048637
17135,4.942619351084687
17136,9.958306046318565
17137,0.8453070637705502
17138,9.362152359363437
17139,5.946683012933692
17140,0.5035520405345242
17141,5.512870097898775
17142,9.683710131885652
17143,2.195161968918745
17144,8.29718360076122
17145,6.732015419296928
17146,7.605144479892332
17147,8.840939126883825
17148,2.69632488192949
17149,9.384095290390738
17150,0.3524873975274828
17151,0.36108190331795276
17152,6.467355967823824
17153,0.33179475249855284
17154,4.091313205032938
17155,0.30096924700444383
17156,8.464830427514826
17157,1.6939491502034318
17158,1.8909952963812349
17159,4.356213206204153
17160,9.227720530901642
17161,9.12241213218622
17162,0.11469776938900866
17163,8.341877723488155
17164,9.386409335484569
17165,9.420697057630736
17166,6.136778000444322
17167,0.9574607764968353
17168,2.8485206827092595
17169,9.941475260220214
17170,0.9132100465273769
17171,3.9946608814794917
17172,4.449263400040617
17173,6.782939607741244
17174,0.9683286536679154
17175,4.601234529101999
17176,3.61613400407629
17177,6.929567672928336
17178,2.0352376399321104
17179,6.504298785129244
17180,9.892032336856559
17181,1.2463851985222285
17182,7.095163333599941
17183,4.049424534594449
17184,9.327439456982411
17185,2.9082762562449043
17186,0.7388531914548637
17187,5.7701164939309315
17188,5.3715968364031585
17189,4.714801456037866
17190,4.607904303949084
17191,8.804984763047486
17192,2.2708300915184867
17193,5.815265162133627
17194,9.221256388464354
17195,7.320493149058562
17196,5.177664967297138
17197,0.8553600326736723
17198,9.464573920424312
17199,9.876847399654597
17200,2.7702566841641953
17201,7.7744960178419165
17202,9.308720429073595
17203,0.41140842039011694
17204,9.057368120802916
17205,2.024694496233383
17206,9.793161717467978
17207,4.224805877318382
17208,4.156916364026647
17209,8.425708947387355
17210,3.4119537915820413
17211,1.2212563331991613
17212,4.210010999323945
17213,5.526719148102965
17214,0.7279691272329926
17215,4.770617005328267
17216,3.134990031905018
17217,2.3188367682580364
17218,4.550896623728302
17219,0.367819190225522
17220,5.522385031127599
17221,0.9774735480830122
17222,2.6152630447747764
17223,8.540903740396905
17224,6.337780100115161
17225,9.08606255032926
17226,8.781840288842266
17227,0.2234935407113507
17228,6.155968086696023
17229,3.0348104062366277
17230,8.254304364780074
17231,1.208724556992783
17232,9.298226855055326
17233,5.802053087369458
17234,7.564391445654708
17235,6.838878373182497
17236,0.9847823724063204
17237,8.350931872194685
17238,2.3547285558525433
17239,9.694746189157028
17240,4.967895030600558
17241,2.639901013780376
17242,5.043404019225391
17243,8.205374833902647
17244,6.770963155664467
17245,4.400686376713172
17246,2.2437514415590525
17247,5.24931900894429
17248,3.4477499504964544
17249,3.2775195032104287
17250,7.378699136521114
17251,3.514389013608283
17252,1.6888157915360593
17253,0.7639498096033044
17254,8.292157535416584
17255,2.7879068480058717
17256,3.5399663887370223
17257,5.32740491815505
17258,0.9655616263689465
17259,7.892080273071387
17260,9.17188204905922
17261,5.208663665506223
17262,1.1667852881443455
17263,1.9722392869149803
17264,4.77164896247806
17265,5.519116202293398
17266,9.293574246603841
17267,2.6734971328007253
17268,1.5287638406596389
17269,6.311419213971026
17270,6.739741900459914
17271,4.418873796213542
17272,7.571305290967921
17273,0.6552912713573482
17274,5.344089147307667
17275,7.114821206373874
17276,9.246649629265406
17277,2.814840528635129
17278,6.316447903453317
17279,2.4874785528889602
17280,4.465721449956122
17281,3.806901277118036
17282,5.424008510762004
17283,4.7725672729209325
17284,6.55582617426445
17285,7.768522496302551
17286,3.2695997007012703
17287,9.71069243319677
17288,5.35063546115613
17289,2.5077400009051947
17290,3.4694585402907876
17291,4.233774703559287
17292,2.9351494718262288
17293,6.311203146208627
17294,1.5174520905122106
17295,5.122889960141211
17296,3.59327391667757
17297,9.199133484995
17298,6.702400140536315
17299,8.101480175964031
17300,1.60340145273538
17301,9.065060517730357
17302,5.357990597631425
17303,2.743337683776437
17304,6.393206209625645
17305,0.776568064093636
17306,8.111505298574102
17307,4.65604590083794
17308,6.5255189244768
17309,5.247952299649875
17310,8.730909082902397
17311,0.8048910392375433
17312,5.872753641586705
17313,3.1301823446517654
17314,6.598745594432156
17315,0.32954150000193194
17316,0.4032039665952101
17317,3.3718480175551435
17318,8.784011593583568
17319,7.3013765913523
17320,2.3798545740458787
17321,0.7911389331703415
17322,6.383230490999881
17323,5.308966162755483
17324,8.316087960911426
17325,8.877949731682035
17326,0.7301771741505264
17327,7.54389451491943
17328,3.97098887362047
17329,6.131300454408996
17330,3.8316716686440655
17331,1.520749129158006
17332,1.6814016087426031
17333,0.6171206888047339
17334,0.5360339191765274
17335,9.88317565002657
17336,7.789857847147147
17337,7.944367432553809
17338,2.9315597276200824
17339,3.603989706961261
17340,4.7341563358431324
17341,6.5735505305978625
17342,4.340009330416163
17343,3.64644676733902
17344,2.927993991673721
17345,4.175536768797428
17346,9.190940638112217
17347,2.271392642608633
17348,0.4940076466827702
17349,7.198093171486108
17350,8.208930072788233
17351,7.894203042827291
17352,7.085230125506118
17353,0.47620630069176584
17354,6.489876824223819
17355,0.3937822595325018
17356,5.5555674427489
17357,9.806772356550889
17358,2.2675481263837702
17359,2.952487259440205
17360,7.3663863829513945
17361,0.4383705170853526
17362,7.788963404267671
17363,8.941618313681051
17364,2.7924116172349067
17365,1.1981325605735451
17366,9.142206259339568
17367,6.877009055858381
17368,1.1401195919711558
17369,3.720033947885592
17370,5.022196931989225
17371,5.960397592125543
17372,9.621370015534518
17373,0.20152497434559613
17374,2.393344350124471
17375,5.2808511664582705
17376,6.999645052024306
17377,0.804704127322129
17378,4.61308948969737
17379,1.1063724341286918
17380,5.814451587943934
17381,7.005576568981467
17382,4.357806917857248
17383,6.4205222459347695
17384,8.948015836306382
17385,4.912825651244436
17386,2.6396521712022354
17387,5.993796918376958
17388,7.986648616089688
17389,0.33383225625070034
17390,0.2329827167766835
17391,8.551909237747344
17392,3.549776288342148
17393,6.499497786812901
17394,3.9569404936167003
17395,9.375273173385223
17396,8.229939800479674
17397,8.730474737657556
17398,9.194035266027642
17399,4.017678985535279
17400,3.962266969486148
17401,5.0363382300012125
17402,5.404475499400125
17403,2.986708239911848
17404,4.3441218967126085
17405,9.436211688017622
17406,5.303536356167249
17407,7.19549298187689
17408,5.343308226318447
17409,1.6361445334114257
17410,9.450664354066276
17411,7.771371744629949
17412,8.656733190154444
17413,6.818956892510781
17414,4.7320116827637975
17415,3.5288481811819414
17416,4.331284075871652
17417,3.4874293140955035
17418,8.265238835489624
17419,7.2192374926627965
17420,0.16192201262239822
17421,8.875443239787975
17422,3.4450435942363877
17423,7.801663008862809
17424,5.70639222919945
17425,0.12741486380459968
17426,0.8166938193610261
17427,7.965586032803704
17428,2.6027964260031005
17429,1.7750964611535445
17430,2.500365864196995
17431,3.35158832512721
17432,7.430288183348345
17433,2.423020444076344
17434,9.233471537001021
17435,6.092357892455969
17436,9.31887306614639
17437,1.165437908564388
17438,6.954426543101457
17439,1.1192534812018886
17440,5.641134823475626
17441,6.993833238605349
17442,4.4007187849759335
17443,9.348480628371965
17444,5.695995185659442
17445,8.375647488149225
17446,1.3735159207232537
17447,2.5434571554184022
17448,3.2407889573050483
17449,8.998236047214567
17450,4.749908123201184
17451,3.7333806725400236
17452,6.3784846884215645
17453,9.577577006806376
17454,7.162745758655924
17455,1.3338193589821918
17456,5.958569929879163
17457,6.382798434632083
17458,3.6693721222730007
17459,3.968286220517198
17460,4.7925471945710365
17461,9.82422679882001
17462,4.133419609254061
17463,7.8451446002367655
17464,5.073673279720576
17465,9.768916829199867
17466,5.941908914535405
17467,4.818166403371582
17468,3.061599737216244
17469,9.388424059600949
17470,3.5799898797057397
17471,1.2370806066890416
17472,6.182935827971241
17473,0.8163431772579596
17474,1.2238306378331694
17475,0.18910270329144738
17476,3.9618185218832354
17477,8.132097232565263
17478,0.3771005736234555
17479,9.773882248872699
17480,0.42758447471619465
17481,0.26213356448027525
17482,3.3767240034164496
17483,7.675955550918403
17484,9.948857284677171
17485,9.637928675931018
17486,0.802767964875424
17487,1.4515135350037511
17488,8.034428927579567
17489,7.541765607483584
17490,8.952402623459951
17491,9.661310209011877
17492,3.8772489479350662
17493,8.3982001382479
17494,3.510381946598659
17495,8.280347726716284
17496,9.776232030907291
17497,8.690324348759038
17498,6.883437400704876
17499,1.8495222373455065
17500,7.963485230229255
17501,5.562269913838579
17502,6.589744258797398
17503,6.092870160366803
17504,9.733087919131943
17505,1.2144886376855408
17506,2.7905321496441484
17507,3.1961328543647136
17508,4.062678575408797
17509,9.241096124687767
17510,6.261713781763894
17511,6.183787612079781
17512,2.1134230037298445
17513,3.780247958700117
17514,0.8869094804491097
17515,6.698666905558441
17516,4.59096932530662
17517,9.055955866919321
17518,4.772027161068993
17519,4.327797967235587
17520,2.3806912440668624
17521,8.921299034915611
17522,1.1345932965884986
17523,4.058394208563703
17524,6.334194934856614
17525,6.576860976501876
17526,0.8160450020200312
17527,4.5366075919300215
17528,7.128918276128464
17529,7.341244045837679
17530,0.7334509523924191
17531,9.080767478389093
17532,2.6520800649893572
17533,6.765717832005976
17534,7.461243802029166
17535,8.027513637059492
17536,3.7036689956928313
17537,5.427908585090514
17538,5.501850367696693
17539,3.562884628271869
17540,8.171806224189467
17541,0.7643827157535854
17542,3.8866130155486722
17543,2.5988034134610642
17544,0.7614900978233906
17545,1.1362581459266277
17546,3.0603251391104886
17547,3.942546394335318
17548,2.4688773767335825
17549,0.41862251631492264
17550,1.318024383748558
17551,0.6950359026317405
17552,7.804733980263557
17553,5.015130974018181
17554,3.8941774679175154
17555,1.2661825965004563
17556,3.122650062631531
17557,6.142917646485533
17558,7.547561576222026
17559,9.835201069232772
17560,4.48901046469054
17561,4.83360236219135
17562,4.818756190031326
17563,9.188617647019646
17564,5.112078421757249
17565,9.65202526529459
17566,7.791021159467084
17567,1.7125204335248014
17568,2.037645457443958
17569,0.8346606628391916
17570,6.9048519066016345
17571,0.15763419249519828
17572,3.610612090960646
17573,4.49852765135924
17574,3.0511224328357023
17575,4.2994819407815115
17576,2.1634990387865503
17577,8.349348275435462
17578,7.892496276468057
17579,4.491752581681346
17580,7.72072984916611
17581,9.398637740966583
17582,5.190692894292946
17583,4.40491931101661
17584,9.421629667884423
17585,8.786563834518065
17586,1.3886880640612076
17587,7.788784675908257
17588,7.579244237636732
17589,7.664967655289461
17590,7.43927458940935
17591,7.111081108306901
17592,3.8858554231478366
17593,0.6982026367000814
17594,4.501961538275914
17595,3.0674981952511904
17596,7.733312336159435
17597,8.5803196170315
17598,5.5292768989901395
17599,0.4655094933110001
17600,4.866285250494579
17601,7.534627342188857
17602,1.349807452124997
17603,8.726606060240577
17604,0.7795753637247059
17605,2.6279070152309787
17606,4.331470306109745
17607,8.969680837939423
17608,9.88634957224567
17609,9.194758079405464
17610,1.5188911676966865
17611,8.63368689701459
17612,8.594474563233595
17613,1.0917446407690645
17614,9.97162496050928
17615,8.911661005471764
17616,8.201535725896173
17617,7.001564691052707
17618,8.499506011987835
17619,9.169703169575522
17620,0.7345435372120892
17621,8.860102790088476
17622,7.283136679453379
17623,8.419189166965813
17624,0.7709249221125052
17625,9.850752436111947
17626,3.4027906731051263
17627,9.347591055207845
17628,9.6333227206769
17629,8.825834198551563
17630,1.4198116300128143
17631,0.8467925210194803
17632,4.524368067198241
17633,3.159150381099973
17634,7.4472880596673905
17635,7.779732155684131
17636,5.297307185138728
17637,6.417602687952821
17638,0.3763899709862569
17639,7.9014989863941825
17640,2.235839839609643
17641,0.3797244327141708
17642,3.8164810380612653
17643,8.225414722367404
17644,1.0343663285223068
17645,7.092435925282573
17646,2.618981442337212
17647,8.930425187230357
17648,7.94346617538925
17649,5.956479354421975
17650,5.3193266068586995
17651,9.768250991038267
17652,6.0128538186930935
17653,1.4921745891456057
17654,9.67507551592322
17655,5.758456785837365
17656,5.380806955301592
17657,5.408477112956318
17658,9.05022487372797
17659,5.754107113505547
17660,7.691033213261168
17661,4.060570655061997
17662,3.1078639337819203
17663,1.1993006515928315
17664,0.3562243713147949
17665,4.678649531674585
17666,8.146289124344062
17667,7.539600747524913
17668,4.058102103439541
17669,9.068400610099085
17670,3.775807911880114
17671,1.7316901971904557
17672,6.153991076117591
17673,5.997469442440467
17674,4.583239051175436
17675,2.2073753397270393
17676,4.885942125282428
17677,5.907525162115767
17678,6.1207906819852855
17679,4.100826388813704
17680,6.1146678036362365
17681,7.694097070695244
17682,2.3579728636992963
17683,8.371041539857995
17684,7.753280732291508
17685,9.573340036382614
17686,8.834016705002467
17687,8.826033387244252
17688,3.719202384242088
17689,1.5651028690317466
17690,8.608895951581959
17691,1.103991287368852
17692,3.8533939335984946
17693,4.704349683967505
17694,0.16713017652723838
17695,8.758848842969266
17696,2.2074534865033644
17697,4.767706105875577
17698,4.299509205870121
17699,9.162375112252507
17700,6.183705482940187
17701,2.5127969028102055
17702,3.0786627486094127
17703,3.8780444671817924
17704,5.482972901496853
17705,5.228315043355008
17706,2.6251699315369623
17707,2.004163035782853
17708,4.833675465448272
17709,0.3672786522172562
17710,4.585593914325734
17711,8.637999716864966
17712,8.105588081889943
17713,5.710221174887665
17714,2.0531626858927416
17715,1.5631969924683462
17716,5.163569595997876
17717,4.005527019321646
17718,5.595029445620394
17719,1.4728371293268354
17720,2.354961513327492
17721,9.653595765048975
17722,3.1734677653568344
17723,7.798799467406153
17724,2.8844217290370047
17725,8.409174777191364
17726,8.534119533346173
17727,7.723313458245747
17728,6.026778558077678
17729,6.23758742684959
17730,2.842102796731627
17731,6.5806487852054705
17732,6.718242500037632
17733,5.035161057592635
17734,8.629151362391422
17735,2.1878570985944124
17736,0.44626749919977493
17737,6.205222498848457
17738,6.358948878209066
17739,2.9086558834578486
17740,8.50811210581741
17741,5.993158130797931
17742,9.876486476690033
17743,6.1012728190752386
17744,8.295555583984502
17745,5.13930192016252
17746,4.687874148655176
17747,3.0639350582555265
17748,3.593459038200721
17749,0.20266704689684395
17750,4.84724141227773
17751,1.0690778429472794
17752,8.901093658186348
17753,9.504660452140522
17754,1.1745148961215865
17755,7.956625717058068
17756,6.6793888558886625
17757,7.850186755175376
17758,4.5985048795473356
17759,0.5050644586394185
17760,0.7366916418575579
17761,3.0458379928504917
17762,5.148777726894321
17763,6.1159208411129695
17764,5.373776918383443
17765,8.875909290705753
17766,3.7506381098276993
17767,2.026496481062778
17768,4.20192321935328
17769,1.6428733951202572
17770,1.4557377079805933
17771,2.452130578923563
17772,9.466722174806801
17773,6.294888807058193
17774,9.551166076121271
17775,2.6224667871108296
17776,2.9349779792659447
17777,9.48351096537108
17778,4.787505580467336
17779,9.80501190223874
17780,5.143701650469986
17781,9.41430964180618
17782,4.410144494609597
17783,7.73857577536414
17784,6.515946700438763
17785,2.413655561492172
17786,9.29396043426173
17787,1.0269940180697594
17788,6.2210773412468185
17789,0.7819758677940061
17790,2.311215799376566
17791,6.273906488678974
17792,8.733412498016854
17793,9.299733132616035
17794,2.888238769673746
17795,5.091021649658073
17796,7.778925942844557
17797,9.599588434252121
17798,1.9326475349303727
17799,4.029310427966856
17800,8.149275785483052
17801,0.7199054513618997
17802,0.6971732334563383
17803,4.9987169231406545
17804,4.4659562734824005
17805,3.9927828527650293
17806,0.7937439160285948
17807,9.405898469070246
17808,7.952285466221347
17809,0.8005672442182307
17810,2.2794652399137223
17811,7.717788092030462
17812,2.3299815526080057
17813,9.030049535291813
17814,6.498631362044919
17815,8.012246981673673
17816,9.764749025418638
17817,1.8317133851977792
17818,0.7362314146419646
17819,7.7000260394330615
17820,5.632572447085252
17821,4.538549926405803
17822,7.076266205903212
17823,0.8856771976206185
17824,7.603869753175566
17825,3.060007250705219
17826,2.2990923857305976
17827,0.5933555991393774
17828,6.813898157170312
17829,6.849071224359126
17830,0.35856693853661736
17831,8.860939509004256
17832,1.2864019735517511
17833,6.469225060784674
17834,8.5433331149203
17835,9.9536599683683
17836,6.288673125972325
17837,1.4931012534119112
17838,0.66737035185727
17839,2.091886934722743
17840,8.877749164716473
17841,4.153783188528259
17842,5.880005393631872
17843,7.398557480560863
17844,0.5698069923385806
17845,4.372179187036917
17846,3.5581937735962095
17847,0.6501385904043621
17848,6.562612004769977
17849,4.017935930505269
17850,0.8623066749338675
17851,2.7348525346566115
17852,0.16940058341851222
17853,8.984630830728715
17854,0.5753398979596894
17855,9.069479170828547
17856,1.438796582150369
17857,7.153734440430667
17858,9.089414959268591
17859,3.1053155946206723
17860,3.5241407730430763
17861,3.714411484789707
17862,0.806722781490493
17863,6.4713197797438
17864,9.782633920922159
17865,2.7544834910183407
17866,8.97010530014101
17867,2.6654611837586026
17868,3.213718916186077
17869,8.993917559649342
17870,4.917671731544542
17871,8.899919294656568
17872,3.729327255154869
17873,1.5399791842334238
17874,8.53259734269895
17875,0.4367615379247961
17876,1.6162024708657665
17877,1.738772733450234
17878,3.9435598758619363
17879,2.6976098467206695
17880,7.056300720188513
17881,7.002937260114767
17882,7.03999630168705
17883,1.1987505736396453
17884,6.591072849236287
17885,2.270802881143527
17886,9.353423021573178
17887,0.9141667223176374
17888,4.890579160869619
17889,8.84995464056376
17890,4.898034026413055
17891,2.516700127362411
17892,0.9465304755376123
17893,2.174888283175533
17894,8.83552445314099
17895,1.2671190550546685
17896,6.863923023017461
17897,8.667661021942674
17898,6.2814068644732455
17899,4.584143515178387
17900,7.361611908371121
17901,9.080610138070998
17902,6.735008771378868
17903,3.3926479985031532
17904,2.804935993811471
17905,0.10682727290423448
17906,1.8945811984119407
17907,0.2918663733190535
17908,7.295724311099332
17909,4.727938339673687
17910,4.058453789854992
17911,9.953453065334031
17912,2.444873231699714
17913,9.62499017970596
17914,9.602720805237658
17915,1.1423930134313431
17916,7.0977345803634195
17917,3.077472311911818
17918,1.1017659383856857
17919,9.44774088596321
17920,7.219307432705784
17921,9.939785524582257
17922,9.7899374845795
17923,0.475296470565458
17924,2.464757188327429
17925,9.703170466735854
17926,5.535265093499278
17927,1.4600759583155516
17928,7.139456699221433
17929,0.5360075663770804
17930,4.438106094496193
17931,7.944893861724858
17932,4.036199976618263
17933,7.718293644174188
17934,9.039730132345985
17935,2.515806492358103
17936,6.363925102543929
17937,3.437358740953943
17938,2.962585223702509
17939,5.253693198778265
17940,1.9970628586645647
17941,6.824492339572042
17942,3.8152089648344893
17943,7.629171035996142
17944,9.931379554006822
17945,4.2959062015379175
17946,3.569163532699362
17947,0.19212535324663338
17948,2.275198670917785
17949,5.414898520768096
17950,1.5723310245303803
17951,3.3494128005595605
17952,5.056040312610075
17953,4.108793772821422
17954,0.5011009161672799
17955,6.852179347536908
17956,2.490060977963908
17957,9.378992478085374
17958,2.9172321826121306
17959,4.320170964915382
17960,4.1694465968688155
17961,8.11780995280769
17962,5.61608646879013
17963,9.376594182259906
17964,8.383861637446497
17965,0.6763671934456406
17966,8.50407888066277
17967,3.4638884294370373
17968,4.965573024103045
17969,5.893484410129655
17970,3.1398476091810226
17971,8.913148681587565
17972,2.983818516425115
17973,9.131036495374445
17974,2.2134753047011286
17975,8.780588538808356
17976,9.981134513086456
17977,5.8405321350208315
17978,1.684446041202242
17979,9.730468920394564
17980,5.610261578135323
17981,2.620783490010129
17982,5.643811959769276
17983,4.39504087546785
17984,6.755411814705509
17985,1.8918574626136233
17986,8.469791015851646
17987,0.5534881365762497
17988,8.760577201416451
17989,9.698576889493042
17990,6.386396117755393
17991,4.355413662765138
17992,3.2828951823878825
17993,7.131031050465776
17994,4.704914671599248
17995,9.15047162828212
17996,3.3711635437975134
17997,9.8495549434595
17998,4.476521394248864
17999,4.752245290993846
18000,0.2313498331079834
18001,4.721432870948985
18002,4.850623801727164
18003,5.624681391570359
18004,8.806639162339993
18005,2.655862738045187
18006,1.8855179311155397
18007,4.16065270251655
18008,8.559640248769663
18009,3.5553154660568613
18010,6.886432846194418
18011,6.747838938509481
18012,9.353441750888098
18013,0.35705224238393185
18014,8.545433150324916
18015,8.745373617701013
18016,3.8992911445954506
18017,9.302937002151827
18018,4.203691906060836
18019,0.35476003682406654
18020,2.2363321248440076
18021,2.643482005523476
18022,3.9930075181433327
18023,6.128924928985668
18024,1.8263391461354466
18025,6.247400674490323
18026,3.9264509265779837
18027,9.874415241024366
18028,3.567482641610302
18029,5.373288067486361
18030,1.44329204515697
18031,4.968263248290814
18032,2.699725443238556
18033,1.9093669015300034
18034,0.4630038418723188
18035,1.993046004409589
18036,9.054943291195285
18037,4.791130239253192
18038,2.2958456714560374
18039,2.5348596563551897
18040,2.3579209364918
18041,5.8135588872952795
18042,0.19418531070571327
18043,8.958687611201436
18044,3.46026873867474
18045,0.8512736113138094
18046,2.6145114916517764
18047,6.519151160705276
18048,8.807646144619236
18049,9.13372736061503
18050,7.58816212278397
18051,4.595965666490139
18052,3.958305042493923
18053,7.305756458950458
18054,4.864596678360776
18055,2.385069148508658
18056,2.8967641156902997
18057,2.419922255876375
18058,6.383211076496104
18059,0.3737774235916159
18060,9.452892016620046
18061,8.635361854658965
18062,9.13875532714234
18063,5.825668007381369
18064,2.101716088139601
18065,6.472256855193069
18066,1.1510021545046705
18067,5.334863605183233
18068,8.14404011089047
18069,8.479670267523632
18070,7.4273395224141465
18071,3.3618507861885516
18072,7.568722245462384
18073,8.968917138987521
18074,5.867376118133504
18075,0.4408455574947657
18076,6.085105046493273
18077,8.378730608501629
18078,6.034875505081145
18079,5.51047360410797
18080,1.31231184767705
18081,9.4422408881272
18082,1.94053744350692
18083,3.936565816725515
18084,6.956596772027301
18085,0.4839500651893228
18086,1.6578236161818793
18087,4.7437767531326935
18088,6.6732898578682205
18089,5.888670808619294
18090,9.784324297270901
18091,0.7403195812202701
18092,0.7730324006552327
18093,8.415256322361692
18094,2.1522288993553134
18095,9.268078928573882
18096,4.992241206676184
18097,8.845192400446672
18098,2.7369627959450162
18099,1.9981924077032365
18100,3.503939859075308
18101,5.135511534736576
18102,5.795934949159547
18103,7.875677082988026
18104,8.916021977304501
18105,2.279641608520104
18106,8.372005621007592
18107,8.957972179820503
18108,2.013080960962429
18109,7.347285040788986
18110,0.9826498379808553
18111,4.56021660709724
18112,5.222444021540594
18113,7.356810547976765
18114,8.923474071384817
18115,5.137146390449896
18116,3.8020454385207887
18117,1.6770620326801613
18118,9.153461262366209
18119,0.489884330031362
18120,1.5123850366901477
18121,5.545088108870576
18122,6.583607828365127
18123,9.484777028175678
18124,0.4465084632009486
18125,1.2541716967288352
18126,4.82051435002781
18127,6.611866173457507
18128,3.6161558868423054
18129,7.9937794067140056
18130,9.861955364633056
18131,6.1993548868393225
18132,2.417974930758893
18133,6.427850084705049
18134,7.699748165442609
18135,4.207568229906593
18136,8.096398402284471
18137,5.639132456803976
18138,1.0689095702537426
18139,7.439202014025189
18140,0.25748290623127795
18141,9.856781373119853
18142,6.254423045303169
18143,8.13305095222587
18144,5.004107001909521
18145,9.236455449934997
18146,2.400121196561814
18147,1.3545368369441153
18148,0.8103494091665424
18149,6.826648480809312
18150,6.181386653465494
18151,2.6246317432487665
18152,0.6842860890307398
18153,3.8128674010609127
18154,7.501943912548409
18155,3.6008291378620676
18156,8.821573453080903
18157,8.280045910445821
18158,2.7585247365526957
18159,7.3008089393258535
18160,8.674539168044726
18161,7.05363499402768
18162,8.03423661029921
18163,0.22534597888881383
18164,3.681109733257981
18165,5.383334926124132
18166,0.7313953095347664
18167,1.2610435459759073
18168,8.250876110933294
18169,5.602673269588016
18170,5.633489760046873
18171,0.3245392740241799
18172,6.62993825467592
18173,6.561204322089559
18174,7.168773744975338
18175,8.024613683453007
18176,5.961820982379312
18177,6.98275547495285
18178,6.653248906014714
18179,0.3436103381843949
18180,9.964306432878244
18181,4.6929017782971085
18182,3.1962024325076963
18183,8.915994323361993
18184,7.601646938850203
18185,8.708536489289841
18186,8.310913877934162
18187,7.495644801761736
18188,7.3712789529227
18189,0.4444941166035087
18190,3.8562672449490956
18191,4.071043361340574
18192,5.148267473906349
18193,1.2326248144772112
18194,5.25293743235076
18195,6.185603853344332
18196,9.729907661286397
18197,8.589774163876728
18198,3.6283878763995827
18199,6.786720640997334
18200,9.60289624404226
18201,5.645827105778285
18202,9.160263097573011
18203,3.113359090482648
18204,5.12564121491051
18205,0.7273267250013311
18206,0.3512791846701734
18207,3.8729668553853696
18208,7.151528221068416
18209,0.3825961840163984
18210,4.334258538880978
18211,7.348487487159411
18212,1.0193082238758344
18213,6.3775196376793275
18214,7.778651021311543
18215,4.903521233993437
18216,6.567601611878531
18217,1.798736090774454
18218,7.16466987520959
18219,2.5519800173073355
18220,0.38537403832905404
18221,0.28934057924817325
18222,4.213179392317559
18223,7.801500762532448
18224,5.778067374147494
18225,7.082877852746329
18226,2.5290098376078047
18227,5.840521090099639
18228,6.259976887781733
18229,4.605237734556605
18230,6.5527848036314955
18231,4.54231687918528
18232,5.7048187627712466
18233,2.5303372694917607
18234,2.5538905396893745
18235,0.8847064351958945
18236,1.787188278750179
18237,1.3891958796991466
18238,3.9077947126265515
18239,8.243650601719237
18240,6.329483896536808
18241,2.708010053891796
18242,6.655515909342516
18243,4.66678844565538
18244,6.76835176758842
18245,8.876529079904165
18246,3.2090823358262015
18247,9.147135334075898
18248,5.219762370794698
18249,3.349682302527714
18250,0.8706861316375774
18251,4.728783306861162
18252,9.555960464142855
18253,5.7761118429419
18254,0.2484869648128174
18255,6.6237052112182075
18256,1.116838192194635
18257,2.2688627194633897
18258,9.650624267960902
18259,7.164550904971923
18260,0.35988793797068597
18261,3.780710257038764
18262,4.4491733596914695
18263,3.61609461017206
18264,1.0313570626371382
18265,1.593943876612193
18266,9.06095019791937
18267,0.18243973194909385
18268,7.580303199913772
18269,7.901927455207776
18270,4.129908568616973
18271,3.988601922503464
18272,0.6300677817772925
18273,6.182876757777745
18274,2.143112847238129
18275,3.974571960260358
18276,5.953984227577142
18277,7.897146841346225
18278,4.076468664267041
18279,2.3440387191655496
18280,3.162113385006921
18281,9.56030901661307
18282,7.869973059783466
18283,1.1079359827607185
18284,0.7479076412255096
18285,7.743035566552165
18286,9.76671599858297
18287,2.212367327244052
18288,0.16121466292386805
18289,6.059572157775613
18290,6.570222653640556
18291,0.40048866208926837
18292,3.809542180596121
18293,1.427192392412553
18294,0.29564048783746355
18295,4.7533364248271655
18296,5.665145217636862
18297,7.51061292293595
18298,2.8698413126732607
18299,6.678659033290388
18300,2.3697770934855242
18301,1.9080661812048914
18302,5.1491261724052055
18303,5.987604000783691
18304,9.41074917658615
18305,5.336007264197636
18306,0.19451993145880858
18307,6.257455439215267
18308,7.329728439796749
18309,9.699163789800117
18310,4.579442948189157
18311,5.4246059119866805
18312,9.579677891999408
18313,8.624902088713338
18314,4.260627240217165
18315,0.9068634533537211
18316,7.292409526004502
18317,9.615142587636786
18318,2.8859933422798867
18319,2.7679201632674455
18320,3.303826359821532
18321,8.923774087739485
18322,9.06816162367292
18323,9.71325643613717
18324,9.27007907678551
18325,9.19721000948366
18326,1.2831270448363445
18327,6.699308076663443
18328,6.279050429175215
18329,1.04768866090533
18330,0.9664129416507053
18331,3.8267421476823342
18332,2.299732862267596
18333,6.165034946534634
18334,5.475004541827554
18335,9.530713953991027
18336,7.178987015715059
18337,0.5220403093897724
18338,8.06912880846908
18339,7.348607250838877
18340,0.6539793384388906
18341,1.6421770355979668
18342,9.377410104800333
18343,8.076385361340813
18344,8.569040624418975
18345,1.357876695955032
18346,1.4105863940348264
18347,6.216694235464177
18348,4.030287526965626
18349,3.1092563191335865
18350,2.8452367170706196
18351,6.409079503926715
18352,1.1058828709145092
18353,0.9363729882519206
18354,7.683758946854164
18355,7.982879069035314
18356,6.931165619001337
18357,2.1966922057579805
18358,3.104787396378897
18359,7.926255120486185
18360,6.81112380283566
18361,9.295690891393924
18362,7.741828187449421
18363,3.533426379461375
18364,8.425002244613466
18365,1.5086299003918213
18366,3.6010120216309565
18367,6.099679610103112
18368,4.5164485121729365
18369,3.5134069012067375
18370,0.3379612500683574
18371,1.4827606644187534
18372,8.813985701645871
18373,8.14962704342631
18374,8.370371246376617
18375,1.071315783736602
18376,1.835913149977298
18377,1.8478607255438633
18378,3.368207398308525
18379,1.5968004038257666
18380,8.725648657739088
18381,2.6685578661569376
18382,5.380771080662778
18383,1.077941645175967
18384,5.1646868086259445
18385,4.571472033766276
18386,2.9123775996814754
18387,8.339925302826122
18388,0.8621670087761293
18389,5.327852355598573
18390,1.4582378177308244
18391,6.336083449703725
18392,1.3633235090570834
18393,4.645520376652334
18394,2.487567978442742
18395,2.5466461834780225
18396,1.4558531319835257
18397,5.1989141127744185
18398,4.336621018493855
18399,9.048810871348321
18400,7.276463803956497
18401,1.9192719172277526
18402,8.99048079138148
18403,2.9120075714481195
18404,2.628694806054513
18405,0.5612865392854598
18406,8.50081217825451
18407,9.301878741965082
18408,3.0241559310527593
18409,4.747697680969127
18410,2.201148868139831
18411,7.821906878106292
18412,4.290296702956772
18413,2.1994196486691613
18414,4.697512271185361
18415,3.5913442207214885
18416,0.6587047278260421
18417,6.26569342942738
18418,6.108087023620216
18419,8.556364673707266
18420,8.439303692188862
18421,1.7010104966852753
18422,2.5256235373564246
18423,0.3278711180243481
18424,1.9752533831355386
18425,5.103614096296163
18426,8.148735107512314
18427,3.361642901274651
18428,5.782246323682006
18429,6.858989167320719
18430,6.572026312928209
18431,7.598709953680534
18432,3.762870553151801
18433,0.5456100584220688
18434,2.9093546759687365
18435,8.23331342005554
18436,3.1048252581315694
18437,2.6522122334226923
18438,6.4416477119211795
18439,2.284466285629777
18440,8.10651756276523
18441,7.772500205644162
18442,2.189136688271958
18443,6.408953498400452
18444,3.4057778702849517
18445,4.48488205145853
18446,8.39888870787118
18447,7.377254719625766
18448,3.3892958619529487
18449,6.249288866245334
18450,6.922025607865927
18451,8.27524004808387
18452,2.010038832240822
18453,8.610340061997844
18454,9.505663350479212
18455,4.864221122237982
18456,1.4003479686136056
18457,9.376422434512934
18458,9.742750449148224
18459,1.8557159904633254
18460,3.8239344274390956
18461,3.994693034217587
18462,8.351645085514349
18463,3.755809939403676
18464,7.518745898697476
18465,5.619966570610372
18466,4.79294497888121
18467,8.375754901924353
18468,3.9445358898102216
18469,2.685815375426058
18470,2.0231090207112783
18471,4.942528693668544
18472,4.75750580367154
18473,6.450540856924785
18474,3.7959533011331006
18475,0.8879301260027159
18476,2.693818608976476
18477,8.88381550420845
18478,2.1626267616062886
18479,6.7144255092694785
18480,8.643261077196403
18481,9.179040782467833
18482,0.864890766395271
18483,7.419717811552387
18484,8.150390619406648
18485,9.994427509013752
18486,4.314658219849901
18487,1.1303489237952207
18488,5.534578502319755
18489,8.509053611278922
18490,3.770234905618967
18491,8.776144487824096
18492,7.605996910278286
18493,8.316227921615576
18494,6.892131540631211
18495,0.6512655611958788
18496,1.4738293133929434
18497,9.631868844416244
18498,7.793181882998146
18499,9.659684661033205
18500,1.6584455278834316
18501,9.412390387023686
18502,0.8960620932178219
18503,0.271861384067263
18504,3.1524215831563662
18505,7.526621473154561
18506,2.7935854111847283
18507,1.1655012558295563
18508,0.20791939747993993
18509,5.8381596828567295
18510,0.36519270441435914
18511,4.6901365232562595
18512,9.241097027579201
18513,2.6423607903049153
18514,5.252907988189192
18515,9.783425991151493
18516,7.3471150053861685
18517,1.9976518927335944
18518,8.887981097504943
18519,7.098545486125848
18520,2.4040942217891166
18521,2.8529250487441193
18522,2.1500566298954538
18523,9.142051936605984
18524,5.869577160451704
18525,1.3740514996726234
18526,9.261528636011747
18527,6.012944107363952
18528,0.22059962129949545
18529,7.213813279517395
18530,6.738645731680628
18531,4.910455903410426
18532,6.323274686835191
18533,3.5014081682861447
18534,9.102815809068291
18535,0.6508074148001498
18536,4.54664529512312
18537,3.475712984092673
18538,4.955806350690143
18539,9.741543168553125
18540,7.472087349498541
18541,1.8668349436234764
18542,8.933305060015497
18543,9.389707452662238
18544,9.532146510347161
18545,6.907336949423133
18546,2.3265712195023243
18547,9.63248618724258
18548,7.939744932362668
18549,5.22389360515917
18550,0.26039287841090514
18551,8.976691214609055
18552,2.466130244582788
18553,5.631680866680791
18554,7.731890999111075
18555,1.9276498457416067
18556,2.2944562474234713
18557,5.944750771578635
18558,5.99239902274213
18559,9.65673755244659
18560,8.726394226299034
18561,1.9728925728010096
18562,2.514260874613738
18563,3.7335462064610563
18564,2.8429305958236877
18565,8.551953011525336
18566,5.698769941316333
18567,2.3986814538207333
18568,5.315992879269547
18569,6.085770753591298
18570,4.705389970907325
18571,7.146757060628306
18572,7.148953009585205
18573,2.7659373206048445
18574,9.376616645059931
18575,6.32819450334734
18576,5.6227128468551895
18577,4.230873484745064
18578,0.33834418427649504
18579,2.3388515594984485
18580,7.461523213097727
18581,7.761757092102534
18582,9.64690107029061
18583,2.616706520965589
18584,2.251993388330887
18585,0.38391133225836627
18586,8.397375607511101
18587,9.478705984055313
18588,9.126773832708658
18589,9.760477025754643
18590,4.431167836793172
18591,7.817536963021277
18592,5.3863492752370385
18593,2.546643544888295
18594,4.092966472015898
18595,5.678500850826145
18596,3.1237835667220715
18597,6.848168607915695
18598,3.322138725097088
18599,5.304052152851472
18600,7.603355451158953
18601,2.626702325770525
18602,9.998016098383866
18603,1.6797942714697824
18604,3.87689384930252
18605,6.402748978887759
18606,6.895114923603438
18607,4.866004047715383
18608,5.48209663453067
18609,1.5623706165283666
18610,4.952042295557915
18611,6.094260250419111
18612,8.360653207124171
18613,5.4483370621657095
18614,4.256784103051355
18615,0.19226343068679863
18616,5.45628172595807
18617,6.568501640659641
18618,4.4799757104714635
18619,9.12383084372244
18620,9.402480504916939
18621,3.657842166215702
18622,0.8631902843571584
18623,0.7426089619923504
18624,8.264718708656893
18625,8.660683371731633
18626,4.819044295927739
18627,1.513333191626457
18628,6.429012835669571
18629,9.332707381443416
18630,5.0148009906192215
18631,7.067323522873045
18632,9.66521072458078
18633,9.294289832269786
18634,5.015948963931586
18635,3.713381094739976
18636,1.1804898584691017
18637,0.2041036917476488
18638,4.256526295857068
18639,1.8574891407826732
18640,1.691339235596117
18641,8.500476444828777
18642,4.529571591379733
18643,9.552094028543058
18644,8.656377501844805
18645,0.753395606707829
18646,4.290399035178141
18647,8.80547190694932
18648,0.7890640771927757
18649,2.5016813420950235
18650,0.5734616368950028
18651,7.672536862782293
18652,4.117142153319714
18653,3.8040060591898843
18654,4.538651385230812
18655,1.1759209535795103
18656,4.1492373732930075
18657,3.0659218404130524
18658,1.9625696690310235
18659,1.3509900246303543
18660,8.85205561251127
18661,1.99655664094042
18662,8.868057414017475
18663,2.284915804227888
18664,5.0623496864282895
18665,6.027976695540588
18666,8.395959109046997
18667,1.1397013418254212
18668,3.951893032571341
18669,7.579161379209255
18670,4.788589506457566
18671,4.786132859278939
18672,0.20279380688076937
18673,2.5763219103170334
18674,0.9105430519572665
18675,4.729361178697254
18676,8.543076754263058
18677,4.468392484284769
18678,7.032546817359207
18679,4.837336441386417
18680,4.067579609342948
18681,3.0480214735125526
18682,1.7482492086283303
18683,1.963504060919107
18684,8.84655436511513
18685,0.38592668350622406
18686,5.8717972548867925
18687,7.310518737476122
18688,7.661344598117069
18689,8.83359537260785
18690,8.05255971039876
18691,6.317829653991903
18692,4.888616867768841
18693,0.8047447849461816
18694,8.287085570415417
18695,3.6055756849287373
18696,2.916871840352627
18697,1.5966030034633523
18698,1.7920665296219431
18699,8.652361638368879
18700,9.158467327684393
18701,9.702998239376841
18702,8.03485568204279
18703,7.972465942405674
18704,2.9470664205574875
18705,8.522218594819227
18706,0.877451915253596
18707,2.5632575910363835
18708,0.38487893072399737
18709,5.085934313978162
18710,5.53923391787676
18711,4.9647366308479235
18712,8.459411899190899
18713,1.7752338010765576
18714,5.611829295338842
18715,6.381616420678069
18716,4.781347900829943
18717,8.97695237448729
18718,3.3859377449751094
18719,6.43991355401416
18720,0.6017535358910904
18721,5.791814933811404
18722,6.045409535654806
18723,3.2095235067797456
18724,7.087663839117487
18725,0.18300559829262397
18726,3.8213738297289983
18727,5.445759862222507
18728,2.744369277642278
18729,1.5037897122871489
18730,0.88208871876823
18731,3.1538198113448077
18732,5.836695465490378
18733,2.685475366392925
18734,4.931342621286919
18735,5.487990294002373
18736,5.614309409411747
18737,1.916869350708549
18738,5.298752012553967
18739,0.17591974483435124
18740,8.411900197879326
18741,2.2245253788764194
18742,7.931786809476348
18743,1.69311586294235
18744,7.544423847382733
18745,1.036904670209761
18746,1.179042227897097
18747,8.627554670540887
18748,7.958122636312887
18749,0.5257392286945839
18750,9.188304011896482
18751,8.681579714542659
18752,1.0163275759387829
18753,5.519609430780586
18754,2.7074023379793553
18755,6.916697323566823
18756,1.4555373513409313
18757,3.7398471524782066
18758,8.884609150451947
18759,8.945573462757425
18760,5.705026072385808
18761,6.261369293115742
18762,6.164611327550364
18763,9.337103210392034
18764,8.217928499186844
18765,9.38372399392591
18766,5.060945553298893
18767,2.950933628607262
18768,3.861039307245359
18769,5.034931384922148
18770,9.522148658036683
18771,4.841774140632758
18772,5.547365274326063
18773,9.904057087874325
18774,6.622253816750878
18775,9.712460480003344
18776,7.959236837281206
18777,8.00239868392827
18778,6.562944115556929
18779,5.890408836470242
18780,9.443679357685918
18781,9.735015845185785
18782,4.4380705396846505
18783,8.390655878212709
18784,6.2988411003751565
18785,9.119485657423743
18786,8.091093582503992
18787,6.051760560310544
18788,2.998895246606075
18789,3.538525557344308
18790,6.70210114362428
18791,4.117431460462817
18792,0.3554862955809045
18793,6.857828284594123
18794,1.581015013067221
18795,8.964755452928653
18796,6.129747895799263
18797,6.4666839487573125
18798,0.3445393991483463
18799,4.728757621448627
18800,7.869080834137181
18801,5.186903616164004
18802,6.97705131401885
18803,4.770045733465078
18804,1.3119464614504353
18805,0.931602658607034
18806,1.658326963988439
18807,5.248260298110654
18808,9.955142329779878
18809,8.332615635242338
18810,3.9469140045756625
18811,3.3338332417681564
18812,0.47622086570170663
18813,9.32649798165984
18814,0.2062239576436829
18815,2.25517969174556
18816,9.412052346456665
18817,4.657650010988644
18818,8.518322954876576
18819,2.949806623390929
18820,7.480618832565415
18821,9.751179135794928
18822,1.2009005274507976
18823,2.1342197949759623
18824,0.3373913639666595
18825,0.17002838615705138
18826,0.6133988305134964
18827,8.034020287440159
18828,1.4471660832715787
18829,5.467829086035535
18830,2.211321979139444
18831,3.789998919830967
18832,8.548202215033859
18833,2.467600970130262
18834,5.690206023196672
18835,2.5813568399015416
18836,3.3794769824281365
18837,0.9482682913925438
18838,9.312052382357242
18839,1.9267825158583727
18840,7.9525093368532636
18841,3.1122274697160126
18842,6.3498793377510525
18843,9.653132259387133
18844,0.8969668609354275
18845,0.3783008618686
18846,7.130421610023844
18847,7.574142366043617
18848,4.820531349665081
18849,0.44181907598674086
18850,8.04397465961771
18851,6.777514138282607
18852,7.117979341495265
18853,6.792928122577674
18854,8.131649054958734
18855,2.0785539011813916
18856,7.056314461993005
18857,0.32430397707514
18858,8.466786334202498
18859,7.82353009312644
18860,2.1800529318959483
18861,3.2275942603804904
18862,6.537030097807113
18863,6.8811103670114555
18864,2.134605702095944
18865,9.796234742100362
18866,5.863678951728801
18867,4.998423140396046
18868,7.403733909210758
18869,6.371616217316672
18870,1.26832387518889
18871,2.622545394991228
18872,8.720019138306757
18873,7.1595233347438665
18874,5.481816002993768
18875,9.942160679554854
18876,3.8342337306412935
18877,8.637868550874853
18878,8.290254154060902
18879,8.278165903573635
18880,0.5703029093361947
18881,3.144543586101886
18882,4.930011145105316
18883,6.7534675517463265
18884,4.326340829608796
18885,6.510956066174105
18886,9.523464202726952
18887,2.8054029166894114
18888,9.367388219163917
18889,6.753856882895553
18890,3.9239134521944283
18891,5.177473411667099
18892,7.361398795476717
18893,7.680033904540703
18894,3.3252251915386557
18895,7.236491352490931
18896,4.96058647841425
18897,6.738545854631156
18898,9.136992788269996
18899,9.942886526188769
18900,5.84330911991612
18901,0.597908587047659
18902,7.733662497723994
18903,2.227526668808811
18904,6.739063707115458
18905,8.908543374851677
18906,5.8631989591085185
18907,3.8436575995237954
18908,1.661080199143817
18909,6.916436801782626
18910,0.6134771423770842
18911,2.6658428660576328
18912,9.340931459538933
18913,8.323688696193926
18914,6.167579616759928
18915,9.092860733621345
18916,2.286036341651438
18917,9.710532395890125
18918,7.329952831568346
18919,1.7365905118512108
18920,3.9974668958687216
18921,9.86243658999423
18922,5.334136487387927
18923,8.349384272717534
18924,2.8843590061594693
18925,9.82943163657127
18926,4.150869563014606
18927,8.322435238571277
18928,9.468182586509768
18929,9.321140608929968
18930,6.251299288779028
18931,9.377091513180376
18932,0.14013806683279037
18933,8.868252667884056
18934,1.320885203605973
18935,5.860380530999767
18936,0.33447933933311147
18937,8.364583133530525
18938,8.293508181637549
18939,3.444258423880522
18940,0.5627533484102066
18941,9.103236689876681
18942,6.867258945702463
18943,1.2690843641726854
18944,6.195681967171331
18945,9.500064401532823
18946,0.42827860720068656
18947,8.803246956201404
18948,2.970989608200611
18949,4.552504925266778
18950,5.128997173424145
18951,2.396615135217796
18952,4.10060758081594
18953,5.393400702440367
18954,0.6275157128157981
18955,4.787517965366215
18956,8.38571590453931
18957,5.293613131584771
18958,7.107072404743713
18959,2.7630460778220427
18960,2.7708005818440062
18961,7.961323054601857
18962,0.6297649494646669
18963,9.971794970137907
18964,5.0145719036776315
18965,2.457901014762994
18966,2.9930438627396265
18967,7.536408442876162
18968,3.7838864843702726
18969,2.9447337464077243
18970,9.083129793857545
18971,4.878487277141006
18972,0.3614955976763917
18973,2.3427295782852893
18974,6.287207837654846
18975,3.07885103353725
18976,6.765041717130465
18977,5.02448825520989
18978,2.6072808719478417
18979,2.129863519604944
18980,6.565586355257723
18981,5.078151425723789
18982,6.901011537119761
18983,2.9075227063560702
18984,3.370316081839017
18985,0.2235138683698827
18986,4.119727056745702
18987,1.8382905152572504
18988,3.1708681756097694
18989,0.5984943753668629
18990,7.4697195197506625
18991,2.2493100142544944
18992,7.641350823652705
18993,7.345426588955054
18994,2.6329394737064447
18995,0.9495304807867313
18996,5.858918521195739
18997,8.289210686181194
18998,0.6275689661258727
18999,3.667688563055718
19000,6.535297079510258
19001,3.1412130130361966
19002,4.628804767173389
19003,3.6831173689761703
19004,2.7587696716453514
19005,8.492893368700283
19006,9.285898382867618
19007,7.45635677450892
19008,0.48086529711527237
19009,3.9035175958528634
19010,3.8419328943316393
19011,1.0651188374210252
19012,9.306521290074292
19013,4.597154910578317
19014,5.596871523388388
19015,4.85254607378055
19016,3.891995180298829
19017,9.25820332981866
19018,0.8938673871140076
19019,7.476388521917727
19020,4.601972873372695
19021,1.371720303211512
19022,8.790753998809748
19023,6.25155603321182
19024,5.3399430410543705
19025,3.228499308576673
19026,1.5759200946156176
19027,8.256307698369122
19028,8.367401834633057
19029,5.857251598166428
19030,0.12033592182077645
19031,1.2812428056506577
19032,0.5414504399703891
19033,2.128946515188044
19034,0.3885907440841444
19035,9.281730954660718
19036,5.6811649314317325
19037,5.332139510133831
19038,4.134893296148095
19039,8.926858412917134
19040,5.366376638350936
19041,1.9488478085471004
19042,8.773316886212433
19043,8.60585941844544
19044,3.209190026276092
19045,7.06715933324602
19046,4.171839430648981
19047,3.2368264069993806
19048,8.45931876806583
19049,6.0298060861579925
19050,1.2886329601816977
19051,6.749502886930876
19052,7.900551777909806
19053,8.731938987700406
19054,9.508325402134878
19055,8.520846115074251
19056,3.3634269950646085
19057,5.3419791987648155
19058,4.717091563488394
19059,2.346354100040691
19060,5.088957854631503
19061,0.13402310785956895
19062,4.561630609721801
19063,1.0810779310715226
19064,3.240069837901586
19065,3.057975144898641
19066,5.034057480911022
19067,9.891542138851081
19068,7.573289860085068
19069,2.328261872633072
19070,7.1081006768397845
19071,6.199382521313805
19072,7.360120158052031
19073,3.308766403064661
19074,7.78326305681342
19075,3.682804209881471
19076,2.0681741992041918
19077,8.729831152627094
19078,5.714017163581932
19079,0.7467649072505501
19080,8.147972539971338
19081,0.3979954999471842
19082,3.337725075165778
19083,5.550047395442255
19084,0.27374244666412034
19085,2.644303786440325
19086,0.5592603294494809
19087,9.712088357651849
19088,8.375146911389958
19089,6.7815776642404115
19090,2.91722630858801
19091,5.103948918656817
19092,5.786580795857926
19093,1.5508491436742056
19094,3.2867214423909066
19095,0.5607025493705955
19096,4.8072896835823276
19097,6.745846493094793
19098,0.7335322115588696
19099,5.940705468677364
19100,8.579907746619535
19101,1.630828307026339
19102,0.5234324386901009
19103,6.1392753436450445
19104,5.165892900560663
19105,0.9057522634560653
19106,4.933268886758862
19107,9.581240337007287
19108,0.11713928598740533
19109,8.732190436227603
19110,1.5937523024395082
19111,4.513165232601308
19112,4.945468812391557
19113,6.750549737376491
19114,2.39072877643562
19115,7.511622187444537
19116,7.900961079476493
19117,6.482535968254253
19118,2.7465002503120375
19119,1.997209373556949
19120,2.8196912177251114
19121,1.9829784340046925
19122,6.622123965748399
19123,1.4881063885993062
19124,1.1333653067267069
19125,0.7836755476639801
19126,9.251486186340648
19127,3.3904571939412325
19128,7.786283032867162
19129,1.8127219262757106
19130,0.3266900033687141
19131,6.87192802164494
19132,0.2437435367137684
19133,4.622367301391618
19134,1.3811891959755558
19135,5.0187251037655285
19136,7.466553757013405
19137,1.8047917925498507
19138,2.736946940703576
19139,0.5772945164813718
19140,4.757873302864661
19141,2.540296328655732
19142,6.356159198689228
19143,5.521656992020165
19144,0.7856283474677822
19145,5.385834873845318
19146,3.607366228916168
19147,0.808206878669231
19148,5.451993657038889
19149,6.074797076515133
19150,3.389048644226159
19151,4.532830684655197
19152,6.132839339306342
19153,4.495221704897997
19154,9.792928555169881
19155,2.1871982834148556
19156,3.387369969311376
19157,3.7044427021067303
19158,7.6885301515587425
19159,5.551411128283965
19160,8.63619028442924
19161,5.125712725042474
19162,2.2517639028570575
19163,9.302636234153852
19164,4.802184257884997
19165,4.213419765730203
19166,2.604269272427514
19167,6.978396461164578
19168,3.3553386380198704
19169,5.375779237554777
19170,1.9759987983581047
19171,6.383957714819649
19172,9.203446847788372
19173,4.496798888184682
19174,0.7348092372922178
19175,5.773833138026896
19176,7.5004776367632
19177,6.766357935909025
19178,6.564477305493192
19179,2.48324830838705
19180,5.027619230681438
19181,9.597378705942019
19182,4.418563144566587
19183,0.23128490083185438
19184,2.2867315998327737
19185,4.704877352760262
19186,5.639763296232172
19187,0.5402119616733735
19188,7.8735565701831245
19189,4.995409967307772
19190,5.235573348473686
19191,2.841964223686927
19192,5.194941567572692
19193,0.5416617026017155
19194,3.1872150389222345
19195,5.905430302031806
19196,6.572086935199504
19197,5.5741856440032285
19198,3.924995281326432
19199,7.691077046162079
19200,3.4949941792318833
19201,4.666545481169797
19202,2.7200864082768814
19203,1.1706017067690646
19204,9.013685423254987
19205,2.9336976077007484
19206,1.6266511818039777
19207,3.697422089087639
19208,5.960491625779049
19209,9.999239087858678
19210,9.848767735460616
19211,5.542477588949095
19212,9.396244201354673
19213,4.8334128821467806
19214,7.296364750339689
19215,3.916484877024407
19216,3.349272748070741
19217,0.49049291019310337
19218,4.409859966046146
19219,9.482602859007963
19220,3.9528765351297164
19221,8.51449084487481
19222,6.002631664989187
19223,5.385521256843387
19224,9.463466044256132
19225,8.663390410019694
19226,6.185230484674782
19227,3.6558809946382507
19228,9.11092880600965
19229,4.194119137016977
19230,5.513774609733151
19231,8.104844440925627
19232,1.1652664577558012
19233,7.845176096175693
19234,1.553393220751617
19235,8.269980458480271
19236,3.815791550008749
19237,1.8283280187726263
19238,5.27028193843144
19239,0.4037489613378965
19240,8.420495056219263
19241,4.154733828954087
19242,6.913051533997207
19243,6.2380257107558235
19244,8.289410813759591
19245,4.471888175030295
19246,8.182528601731319
19247,9.995519308086925
19248,8.293285229022082
19249,1.1246785604061402
19250,3.46563732834506
19251,2.904373971099144
19252,6.485590102779981
19253,0.26761352061244814
19254,2.4108677843854345
19255,5.335036090205031
19256,4.637376968382805
19257,4.740077904489465
19258,6.852427595131131
19259,9.20252510257852
19260,8.960462000145966
19261,9.630165738540104
19262,6.797715501833585
19263,3.2542700571126915
19264,5.992171794098481
19265,2.908120126571816
19266,0.15918876965120873
19267,0.5325984476846789
19268,2.5510777691104907
19269,2.8386394911484087
19270,8.484893218742224
19271,0.7076699066224503
19272,3.326662310587013
19273,7.346460103576137
19274,6.305415101527996
19275,6.742477526232214
19276,3.6728327946697443
19277,6.394562066143244
19278,3.7101982675259966
19279,2.2132423922620124
19280,9.833082785987514
19281,4.783774104869745
19282,3.6452570420202606
19283,2.015439023648103
19284,5.083258562598096
19285,0.10398900454083067
19286,3.9910512549920893
19287,8.8353742603924
19288,8.371379724842265
19289,2.001487834174124
19290,8.38332189110636
19291,3.662962177805927
19292,3.092073223483082
19293,4.072495379426512
19294,8.59070341579522
19295,0.47508059503324307
19296,7.748111269704458
19297,3.3990244267592042
19298,3.230650803953062
19299,5.4400230754981465
19300,2.888983185731805
19301,3.153707264248331
19302,0.4037841439542392
19303,2.9845066458903586
19304,2.6793776474895403
19305,8.896132853790405
19306,1.8103012113495769
19307,2.283237290380058
19308,1.7481996184412327
19309,3.403300547973222
19310,4.890294244912137
19311,9.996529858329781
19312,0.8407542233920573
19313,9.132697306850973
19314,2.1022198380307375
19315,5.909361587392039
19316,0.5745982636626491
19317,8.12670577918528
19318,2.509944778855274
19319,7.610496082904496
19320,2.8774254124468857
19321,6.0360089589830475
19322,3.0628822423279995
19323,7.679239401509844
19324,9.251119519496251
19325,8.16050859808372
19326,3.494815272989422
19327,1.133321430952356
19328,8.371095298445889
19329,5.237659948332552
19330,8.560624635769557
19331,7.998772836528835
19332,5.69147097036452
19333,5.5679299631483765
19334,6.490744592154545
19335,4.912436753519487
19336,7.540255552153901
19337,9.131638411856674
19338,2.7350002547270726
19339,3.629685954276449
19340,2.993915435134622
19341,6.707750882759313
19342,3.595883929800828
19343,3.1293181751037538
19344,7.296444538282575
19345,6.237974928267283
19346,7.847354596288678
19347,9.399141587481688
19348,3.7870620349577675
19349,5.40265465276015
19350,9.370468324128499
19351,8.134764988236896
19352,2.5790421952302514
19353,0.5796876748151738
19354,9.291958535466533
19355,8.732368635046662
19356,9.379704608979827
19357,2.690949462851321
19358,6.382176597856526
19359,2.028975249091583
19360,9.759499981986982
19361,8.454423206484229
19362,5.7752240864909385
19363,8.673730352834522
19364,8.43147542666842
19365,0.9752979783979061
19366,4.532247666086748
19367,8.466726797383894
19368,2.1380057822323564
19369,7.668809856619773
19370,1.3912512874272098
19371,3.4617701586416953
19372,9.218129615689069
19373,9.463520962086875
19374,8.730478367510615
19375,2.5820828913196414
19376,9.029058929605602
19377,6.765702834042654
19378,0.6792736262642516
19379,0.5479831469172572
19380,7.9639181110433155
19381,7.300574499850311
19382,4.035653644128095
19383,5.3905171881308505
19384,5.318348613111493
19385,9.524396902016687
19386,8.435402619633605
19387,1.9791869935664006
19388,8.573895554691799
19389,3.2996640531398023
19390,9.125905633055213
19391,0.3126009778722936
19392,9.113722826775607
19393,5.8964095383796655
19394,8.280223267171642
19395,1.3039358514123567
19396,3.4886877848959426
19397,4.574988091132802
19398,0.8488591351581081
19399,5.751879997228653
19400,2.6163803939470114
19401,5.481812134080617
19402,9.052472014085142
19403,8.856387099880063
19404,4.145474886725031
19405,5.039271118062458
19406,0.18858379783534948
19407,0.35562566466381407
19408,6.502461964687873
19409,4.890800803075202
19410,3.562356291644913
19411,1.2675690840581022
19412,1.6386148141786019
19413,8.682037261243977
19414,4.824112084391426
19415,1.3354025258940667
19416,3.4239622173131474
19417,0.5297400348460649
19418,6.499561284214889
19419,7.192031964151746
19420,6.31409939129946
19421,4.2957068329933525
19422,5.8714155818118945
19423,8.252326455725385
19424,5.3653066840922
19425,2.5590932405197284
19426,4.489126862080025
19427,2.7487742895916187
19428,5.213872638710176
19429,2.6498123050793367
19430,5.553259954629307
19431,5.931722277899898
19432,4.807566443656706
19433,1.847283527647304
19434,5.026554869524572
19435,3.129268116662675
19436,3.855667352946716
19437,5.907408858872594
19438,8.740248528780816
19439,1.9831169989208761
19440,6.786405773915649
19441,8.603022579283438
19442,5.864875613065065
19443,7.671009529336263
19444,1.523864140561733
19445,6.396231545321396
19446,2.0176506006172774
19447,2.2525217408043883
19448,7.944043720251426
19449,5.197738743131258
19450,4.521549544687761
19451,9.727526779152273
19452,6.053072865601722
19453,8.167196795930403
19454,8.278053445125858
19455,6.530616137038913
19456,9.31966199470702
19457,1.6103293098711187
19458,6.034622655197722
19459,2.229017031990894
19460,1.9304253789937529
19461,4.727061249282425
19462,1.5721865562517174
19463,9.492262636109274
19464,9.412032780612849
19465,1.1823667925988182
19466,4.457505287605467
19467,2.6279228039040943
19468,7.885471201304278
19469,0.29880501025196005
19470,9.994913210007214
19471,1.5019648415677258
19472,5.368510948758718
19473,7.965663541907822
19474,8.844822813771405
19475,3.620790618581807
19476,5.831151371069426
19477,9.635800055548001
19478,7.7178833339562445
19479,1.3300098648397596
19480,4.515881060639212
19481,2.6356099493849667
19482,7.715582141580162
19483,4.009686224736647
19484,8.046681809983312
19485,5.712464092724201
19486,1.8291691674870763
19487,9.815488493790197
19488,2.3398542253074517
19489,6.14512945663716
19490,9.317656435914087
19491,6.107299487502666
19492,7.126156365030748
19493,2.3968715938000793
19494,1.1192450729367418
19495,9.258090833353796
19496,2.119506867589841
19497,7.062794602527973
19498,7.685003019094522
19499,3.944982573998857
19500,5.7504808902974816
19501,8.227268349757715
19502,2.319908835908409
19503,4.143332156441403
19504,9.40906602598319
19505,5.855858777430222
19506,7.482905051179068
19507,1.7412055475557697
19508,4.200538103459614
19509,4.7883470246279485
19510,8.691335509874941
19511,4.7870518431484985
19512,4.205538587439207
19513,6.803670270311289
19514,1.1301894118058198
19515,4.865496276700564
19516,1.4381874811290256
19517,5.642241746795202
19518,9.871011724076382
19519,6.1776644970365595
19520,5.964205064180754
19521,6.522314969241715
19522,2.0499312703206223
19523,3.6050177108406323
19524,4.998646539132192
19525,5.307812625451674
19526,7.669228480728133
19527,0.6601450937494939
19528,3.63289618473526
19529,7.469684997495477
19530,9.153537203412974
19531,5.0197588911746305
19532,8.430552659960167
19533,5.942398259723403
19534,8.62634428482181
19535,5.217900243259865
19536,1.8893272613620964
19537,9.051810432195467
19538,7.002657504681504
19539,9.911166375086236
19540,6.587688201988232
19541,0.3871666658117511
19542,9.830790505768606
19543,4.418297821240723
19544,4.9999100763895985
19545,3.766670413541356
19546,7.013614272396202
19547,0.7518440795626988
19548,4.8245688826113895
19549,2.4961718937429382
19550,7.64826198173391
19551,1.4066953796659656
19552,5.836000358127133
19553,5.638959691582583
19554,4.376938781296112
19555,0.7027195892610806
19556,3.6405012288989416
19557,1.2089587266551303
19558,1.9245645007155587
19559,9.682510084917606
19560,0.8246852353057058
19561,8.851062697804648
19562,3.8247151175196215
19563,8.772277178609755
19564,8.264798964323187
19565,8.434247189088978
19566,2.2476236789303794
19567,9.809889922001515
19568,6.080208644707954
19569,6.776992543307565
19570,5.463478369583331
19571,3.7488208547688493
19572,9.570687009798258
19573,1.8606092472987406
19574,1.2657380138378256
19575,4.729676200534684
19576,4.566957407507725
19577,2.82983731572319
19578,7.616543099863265
19579,4.538196774557754
19580,8.358830261030608
19581,6.4017563163705775
19582,2.2529261838113266
19583,0.5411121137473941
19584,3.112289200379373
19585,6.3109089972172
19586,0.5476931884280463
19587,7.010860206053274
19588,5.50200599873777
19589,0.11761975204280915
19590,6.6438019011136555
19591,3.8632822500465904
19592,4.515454551917922
19593,0.4450680257827072
19594,0.4858166142794912
19595,3.345639258848457
19596,8.76680550396355
19597,4.566999929241275
19598,4.566605535669553
19599,3.0605135852112975
19600,4.694119577323665
19601,5.37090168568413
19602,1.4783051602790411
19603,2.8684800095367957
19604,8.54112380072721
19605,5.383572721814605
19606,2.5519095239883183
19607,7.760074943104382
19608,5.7520022993037125
19609,5.952610868662144
19610,2.378835953567206
19611,5.711247756037587
19612,4.070804028411884
19613,6.7708442018921
19614,7.679508177854056
19615,0.2470444078768173
19616,4.348608949081247
19617,8.311367298594915
19618,1.8935585479523165
19619,6.076715362492786
19620,2.6719683775283896
19621,4.783211496843508
19622,6.7357481530429135
19623,4.8021918387927025
19624,3.409790852982667
19625,0.8775363457882159
19626,8.874775824341157
19627,6.1352886286529325
19628,0.6041731742880939
19629,8.301615843368445
19630,5.468004170977376
19631,9.156609971005835
19632,4.223710960235853
19633,7.650869290226381
19634,1.9612752435803151
19635,6.786947028273928
19636,9.315489239398492
19637,5.1436263758632474
19638,1.9532012366451683
19639,5.4270475215015415
19640,9.182330995753636
19641,4.988454738091946
19642,5.482695920590231
19643,6.969218433851115
19644,3.2483043345463893
19645,6.452234351138666
19646,2.008012715932755
19647,1.3315623176505584
19648,5.600464874709831
19649,5.542840766933205
19650,9.6455416743013
19651,1.4302458011387678
19652,2.919006252151192
19653,5.407562084372867
19654,9.385230984689203
19655,1.3057726240295595
19656,7.93182114228599
19657,3.0536923449633364
19658,3.673923530433269
19659,9.279773683544493
19660,2.3435964946876107
19661,2.885790286192537
19662,3.5362512929685055
19663,1.4802323213422341
19664,4.489075952936911
19665,3.002161295463541
19666,8.744410717680374
19667,1.1452058852587867
19668,7.955990700392985
19669,9.644123204617701
19670,4.007786760165317
19671,0.5284075633303726
19672,5.746117770681691
19673,3.352559010434569
19674,9.270399388624885
19675,7.661708377622666
19676,5.001395075480886
19677,6.364781925045017
19678,2.934344932559314
19679,1.1358937193690202
19680,0.3296094037999438
19681,2.701307621203476
19682,3.78607902877298
19683,4.419835438962558
19684,3.6641289649797026
19685,2.9148806914483205
19686,4.2514011902301405
19687,4.31400430289983
19688,2.193818770039291
19689,3.187119768353144
19690,0.41599429138524857
19691,2.2193592604158994
19692,7.246841907939941
19693,4.711009504428092
19694,0.8268619357744824
19695,3.9065308989236494
19696,6.068071740500594
19697,1.2932085702416083
19698,2.7681843902765717
19699,2.8279854965083033
19700,9.27766000587097
19701,1.1605108091821277
19702,3.6009601677367242
19703,8.35795093917733
19704,8.57784816883899
19705,6.641602575962003
19706,0.8357724177633129
19707,6.550656872233518
19708,5.3289855860158335
19709,7.465887722027588
19710,0.2641087140259608
19711,9.732856198328806
19712,7.198986356460365
19713,9.352929439784397
19714,7.648605113676377
19715,4.13887305110683
19716,8.005902273207816
19717,7.493913753438905
19718,4.506776603482651
19719,4.584704210474231
19720,2.481226686832223
19721,9.963603536315551
19722,2.4939418791378345
19723,7.601741166236114
19724,8.020638110083482
19725,5.359410585250944
19726,1.4499686293086147
19727,3.0289664220413086
19728,7.145871051161063
19729,1.0675115705995109
19730,8.602324064477981
19731,5.679921801820401
19732,9.325214205923954
19733,4.168054879769616
19734,2.1978883218642418
19735,3.865221858999711
19736,0.4757429886661718
19737,6.544973182076264
19738,5.332798107853311
19739,1.759018335428768
19740,8.431269398564893
19741,0.7647316578578764
19742,5.9153309396234
19743,0.3349324228250744
19744,9.932922004328045
19745,7.737091866752338
19746,0.25706441625256105
19747,0.4797971737276502
19748,6.684879270347274
19749,5.5856975011503796
19750,6.088873562057082
19751,2.3504461060356636
19752,5.050852464888406
19753,0.9714056798630899
19754,4.038292009535374
19755,1.8073953875502762
19756,4.743190096751371
19757,0.20533693311784493
19758,6.883861090331008
19759,2.3400363439380536
19760,0.16506763446792122
19761,1.8939596784703594
19762,8.428495009853068
19763,2.091286001700561
19764,9.09672574929168
19765,2.5181440908777137
19766,5.849293323270804
19767,2.164014447680536
19768,6.515813683947648
19769,3.4176057193851737
19770,4.963925212307978
19771,0.6329179505155087
19772,3.9402073236339175
19773,0.6296521015565014
19774,4.711093205460918
19775,5.138528459429476
19776,9.604062718628548
19777,5.283251822469943
19778,0.21683474970607075
19779,2.72128112636381
19780,6.433899827210536
19781,9.12503414916418
19782,9.606594701736682
19783,6.134384008809375
19784,5.330400374495693
19785,3.292370313885399
19786,2.3705899329261624
19787,3.5242133001313882
19788,4.895239059361717
19789,2.4656025339955057
19790,3.9344272571987684
19791,3.0863261640354733
19792,5.984978920517485
19793,9.761945321187833
19794,4.3258897987666165
19795,6.7392483078178795
19796,1.9113700140164473
19797,0.7703276951354353
19798,1.4548151674298944
19799,9.670175009805227
19800,7.736449119595998
19801,4.464624505786203
19802,9.367682546373217
19803,8.823549177945432
19804,8.721668685129437
19805,9.311038004695378
19806,1.8018664001100821
19807,9.593395147751771
19808,0.9182430271976953
19809,6.291231439879224
19810,3.447902005326748
19811,8.688614661822617
19812,8.179598886811076
19813,8.391317387672549
19814,3.866030831506469
19815,9.61094213284641
19816,1.4444297634556253
19817,6.045873445249248
19818,4.836770060627407
19819,3.829695202530381
19820,0.19615346971140601
19821,8.504432612401798
19822,9.592835089627098
19823,0.311994748736547
19824,6.976662588184452
19825,6.680827549155331
19826,0.31535173567956565
19827,4.518352602796298
19828,4.926339526514484
19829,6.230887605894937
19830,6.92657710843448
19831,5.108673858970598
19832,1.9194880732358706
19833,4.118591815026857
19834,9.742530286706183
19835,6.375160160266373
19836,2.671061723719838
19837,2.309177174817097
19838,1.0140490476540374
19839,4.197893575832991
19840,7.328068872682149
19841,8.483957353132041
19842,7.114478726977857
19843,0.6073042266203629
19844,2.0261768118160277
19845,6.96430050379506
19846,0.6268308528063519
19847,9.009960355754433
19848,0.5840310270441971
19849,3.085273129435452
19850,4.543818891813708
19851,9.683531982459451
19852,8.784220339948995
19853,6.895262542599411
19854,4.7109708858647705
19855,7.260021881795073
19856,1.4077700563307034
19857,3.000496921627725
19858,1.490685974635494
19859,3.2534709508353883
19860,2.397822025530537
19861,3.0363686336408957
19862,2.1566914877851486
19863,0.9605339055390386
19864,0.29297986192447295
19865,9.067336138774925
19866,9.552008928333116
19867,4.872383440190709
19868,0.7346056915260641
19869,2.769359902524899
19870,4.125317229000451
19871,9.337292813610418
19872,7.504287633022429
19873,4.663207742356343
19874,3.256832757383876
19875,2.3466199429901518
19876,5.067765645822029
19877,3.0356803386086524
19878,5.688286184589204
19879,2.0885274900603035
19880,9.68509275104148
19881,6.501233291655688
19882,1.0902260486536843
19883,6.807360316485966
19884,7.958215440187045
19885,7.926153819503835
19886,5.940551661815497
19887,6.38744669633371
19888,8.776371805078398
19889,1.0531214710797001
19890,2.4441874154966485
19891,7.485009065510528
19892,3.328078212989164
19893,4.851681263683988
19894,9.486202216550268
19895,4.60863690977624
19896,9.238385969719397
19897,1.259312213495925
19898,8.364214173608893
19899,9.946517883861466
19900,1.7565431360692692
19901,1.330232833446038
19902,2.2800950648558587
19903,3.855854942376001
19904,5.211811267049964
19905,0.7270816887646145
19906,5.073104003801779
19907,7.870150488234803
19908,1.8420122600089988
19909,3.535366621690546
19910,1.0130391516556847
19911,6.450742585004
19912,9.771556647944204
19913,9.302543664566874
19914,3.623243663911218
19915,3.4638994016508406
19916,5.9039910344543225
19917,8.006722636018031
19918,8.932157255524967
19919,7.17450980352901
19920,3.9961382470722424
19921,1.2414553473792822
19922,9.680158766042078
19923,4.3916501359352464
19924,0.8824297639055853
19925,2.9975017880215025
19926,9.362600027335343
19927,1.5530242609091516
19928,1.095350742642108
19929,8.791910368182903
19930,8.133151088610223
19931,7.691381133653334
19932,7.39805947234227
19933,1.8736845494795897
19934,4.8595045842613835
19935,6.247266295027234
19936,2.5962907331864717
19937,8.662055975953246
19938,0.2969614547624066
19939,4.519566290322643
19940,9.276392193347457
19941,9.111716617718793
19942,5.383603092072131
19943,8.527589694041382
19944,1.4068220091997325
19945,0.8836182078392387
19946,1.8152842312090505
19947,8.19388891090727
19948,1.466076437607068
19949,7.2180545418808935
19950,4.441046652664448
19951,0.5941246708917438
19952,0.6124993130772851
19953,6.799095788051838
19954,9.540927273688242
19955,9.642984489774731
19956,7.414661008011829
19957,6.594348826893527
19958,1.4544698987249727
19959,4.6798688439266565
19960,0.4311695652943205
19961,8.056668653084364
19962,9.762632245198208
19963,1.5647769992723441
19964,9.272121636148784
19965,0.23718053112645893
19966,3.399894387904335
19967,5.121418691265349
19968,5.443685629629098
19969,4.774053646222147
19970,3.4522405958184943
19971,2.9929361193683963
19972,9.488548225972686
19973,3.8299000560425656
19974,3.4053879798703575
19975,5.117901724042569
19976,6.598279079171019
19977,4.950395198178368
19978,4.339036707959223
19979,4.70687672543125
19980,8.890756325061876
19981,5.531069687096522
19982,7.973411262122377
19983,2.2566443813263155
19984,2.2864139537399715
19985,7.0924646664498345
19986,0.3881143482305902
19987,2.1439676227967457
19988,8.546512168913026
19989,5.892704402562632
19990,5.250040827202555
19991,1.9796233112111163
19992,0.576702882287362
19993,9.645150724454108
19994,0.913957567749191
19995,6.5079691438455205
19996,8.272798084317435
19997,4.991978390301163
19998,5.298413774384988
19999,4.345876569304516
20000,8.803722544404492
20001,6.413782582200804
20002,3.378666429848215
20003,2.847310915744914
20004,2.09511799268153
20005,5.75459953297951
20006,9.816986381782607
20007,2.8880468106276798
20008,4.328802602301871
20009,6.198996157497502
20010,6.156454776412244
20011,2.2720611415205556
20012,1.0903542527884664
20013,6.639226987682838
20014,3.2776090469770414
20015,1.0310233619190465
20016,6.923982765573633
20017,6.242441054743462
20018,0.6523123993302323
20019,8.436554118770808
20020,2.886139794132379
20021,3.681016287797619
20022,4.272797960197352
20023,8.210331810958102
20024,2.2198348993085424
20025,6.409617570985086
20026,3.017590810823966
20027,5.36891840748562
20028,6.557407562535819
20029,7.707610012296491
20030,3.0433944862773012
20031,4.795166607617205
20032,3.166983756208001
20033,3.4374958131000732
20034,4.496684780880251
20035,4.442691078540447
20036,0.6603550385436139
20037,8.118869234896978
20038,1.0968295525829108
20039,0.8295560622592081
20040,5.482833351687551
20041,6.667683225853865
20042,1.7804914976028492
20043,2.0051487992750987
20044,6.557575876444275
20045,2.681933543294391
20046,8.067828807231177
20047,8.803181631845174
20048,5.265743439251151
20049,9.85271220395233
20050,3.920594908616815
20051,8.811526475895327
20052,5.616668811707087
20053,8.144415187704855
20054,9.746261455983728
20055,8.781148209538873
20056,8.894435413073852
20057,9.0030390159519
20058,6.287216260585542
20059,4.419496300003641
20060,4.76065880388059
20061,8.359651447540415
20062,9.320579365019151
20063,5.001949583510112
20064,8.771350532872678
20065,4.6932332380128745
20066,1.9845994414220096
20067,4.313622844334341
20068,9.369583782294512
20069,7.065364380466963
20070,1.5763140199883705
20071,8.375002173559023
20072,1.729393586893344
20073,4.686492874551309
20074,9.372891046657237
20075,0.24732823755988903
20076,1.937450558357986
20077,8.987099572985322
20078,2.161825991533872
20079,1.5979358298956303
20080,9.873412985147507
20081,7.867922864875493
20082,4.11618885806924
20083,4.706052541535995
20084,3.494054468527813
20085,7.624001566341968
20086,6.630882983294131
20087,4.751127059564355
20088,3.281922687614793
20089,9.341686915281205
20090,7.826764224678471
20091,3.4325705948287952
20092,8.021069797958097
20093,6.379550185356454
20094,1.0681565531024277
20095,4.21212557666322
20096,6.823661140490902
20097,1.0652219803752152
20098,1.5718783048103544
20099,1.4208712771850056
20100,9.9535932900943
20101,5.5625734566801075
20102,6.564021626653836
20103,0.14392419274450904
20104,9.183762751211633
20105,6.1813051105014996
20106,1.2035903057127977
20107,4.535487956353547
20108,7.438563433007141
20109,8.972867577972545
20110,9.312234708773001
20111,1.0552167654984832
20112,7.342581679595795
20113,3.6112634245400663
20114,4.156827257059996
20115,0.10569982993457483
20116,6.947837653575169
20117,3.97843896215391
20118,3.685799458549424
20119,7.103148043349514
20120,9.049240017905456
20121,4.6352376435251905
20122,0.6315445215729877
20123,1.5648461831289344
20124,2.871200286882357
20125,2.2923480576741615
20126,4.1408483374305876
20127,8.299768863861603
20128,3.1936013611617247
20129,5.260474057993815
20130,9.754445700193298
20131,3.8852464511463567
20132,7.506194161483166
20133,1.4696248224114377
20134,4.860634861090754
20135,9.39556555746383
20136,5.300972098415622
20137,1.4537293172979338
20138,5.118807274272792
20139,3.923943089979454
20140,1.0624490878598951
20141,7.618661356278807
20142,4.013498747737026
20143,6.08094992871006
20144,5.4688217793954355
20145,9.103050635199507
20146,0.7234568786631288
20147,2.2839082138859133
20148,8.703608580168146
20149,4.595673170910031
20150,8.93482038243699
20151,8.349122062948803
20152,7.82369390799365
20153,1.4351667449526428
20154,7.220670562514098
20155,2.423025757956861
20156,6.3252801446539575
20157,4.071892265927032
20158,9.207946986176287
20159,1.897063456469677
20160,4.673493582069747
20161,0.14110604993762405
20162,8.98861399280643
20163,2.1610551956808703
20164,9.405343036390178
20165,5.22223696834683
20166,7.440528650366639
20167,5.359764589224465
20168,7.767443415321845
20169,9.040322235656486
20170,3.7391192465522582
20171,9.458692481031715
20172,0.28636227351707444
20173,6.167026979657977
20174,4.057928722229921
20175,5.122020537450139
20176,4.906281508002007
20177,3.1864305011452365
20178,6.656468825349117
20179,2.486813792785319
20180,0.904204940244156
20181,7.195186366134488
20182,7.433814382829474
20183,5.895204995001056
20184,3.157346265606985
20185,3.7961940776744405
20186,8.203625983091973
20187,4.535784320050976
20188,8.285613230802296
20189,3.5411999900591633
20190,3.8634265604537052
20191,0.83225925704035
20192,4.16670769267651
20193,8.020866863352762
20194,2.3229738088835723
20195,6.99609686468042
20196,9.940652920760375
20197,3.8930917942955285
20198,4.626012197611966
20199,7.238660369089592
20200,4.854708248059169
20201,4.76716131302103
20202,7.66547799354864
20203,4.753049070824023
20204,6.261619843368364
20205,9.397095376830471
20206,2.1618830047586077
20207,2.1995004878690345
20208,1.997519519592386
20209,3.237159908352559
20210,3.2025537887194484
20211,4.422291384627789
20212,7.581882349503989
20213,7.246574898304011
20214,2.1256907094775612
20215,2.8398362354647
20216,1.307989082113145
20217,9.37580408007841
20218,4.8560952795545065
20219,7.584548468995109
20220,1.2631508691177653
20221,4.658253314956281
20222,9.674468165076904
20223,9.693791490106824
20224,0.20750321830980648
20225,8.783736040166453
20226,1.8413549759488435
20227,4.074316054741041
20228,9.140093463400309
20229,8.744426598016712
20230,5.673054555898739
20231,9.39806828505566
20232,2.200274781104926
20233,0.6421160000594631
20234,8.959846178198251
20235,7.548878332680293
20236,3.554073448577115
20237,7.6497464445796926
20238,5.809359572392466
20239,9.31453557916486
20240,9.641822750492617
20241,7.659635091809868
20242,6.597479773782717
20243,2.2119103825820594
20244,4.4700370074147395
20245,4.373632454648643
20246,9.885343057961254
20247,9.018598313068273
20248,7.931523900751614
20249,3.3499245554205337
20250,1.536566586727144
20251,1.056966914834655
20252,9.284084497895453
20253,9.604504711241692
20254,6.848214763493273
20255,5.916847262588078
20256,3.8318405968724942
20257,3.831786281414443
20258,4.225787000384081
20259,6.660745070181527
20260,2.4912921746474006
20261,7.754161185046551
20262,7.559963384145898
20263,2.1160831179682638
20264,7.77958459949682
20265,6.657492506948286
20266,1.705245809704691
20267,2.9002915732367818
20268,8.21202035033533
20269,3.1398873080977188
20270,5.906495535128913
20271,4.449070906565712
20272,3.167294419373089
20273,7.724041498357506
20274,4.658858530975095
20275,1.9725313094412913
20276,3.6296180572482735
20277,9.691031588851702
20278,5.327010517342848
20279,1.4445299465430788
20280,7.43753184810002
20281,7.192545785725349
20282,1.8155182995353372
20283,2.2479666942767698
20284,4.360011837184423
20285,8.231156339119215
20286,7.868682427642495
20287,2.1293018212832497
20288,3.1320199608798225
20289,7.10950919194624
20290,2.4783179980633663
20291,6.528167844460247
20292,8.978261173131974
20293,3.800974637530499
20294,7.2763093598606545
20295,7.129964354605767
20296,4.573770042511185
20297,4.995418048022009
20298,7.12197503263392
20299,8.590871698688126
20300,0.2990548054845834
20301,7.14778733423502
20302,7.263048876451298
20303,4.616928845836789
20304,1.855111566281568
20305,6.202314840898582
20306,9.86778170499831
20307,3.243281844909919
20308,1.4782664600378632
20309,6.789533644351818
20310,3.9936574622166368
20311,7.994282638521546
20312,0.8142004330285234
20313,2.219500953644809
20314,2.1589087770931115
20315,9.224413719852054
20316,9.947171640708465
20317,3.4609773195356737
20318,3.182377896572352
20319,4.105575832773104
20320,0.3090581499593528
20321,5.060249664298996
20322,9.544752512562097
20323,7.970107985231588
20324,7.177099169555213
20325,0.2687984922398392
20326,0.5857353311737958
20327,3.5928363177356974
20328,4.965718526910124
20329,0.32551143039264696
20330,6.1097662577922165
20331,7.459758831094817
20332,9.432697793077587
20333,1.269579881633406
20334,9.35758536540504
20335,1.6747495330133846
20336,5.643923713862876
20337,8.292821968314328
20338,3.258413254879214
20339,9.946838108131622
20340,1.0315045642799319
20341,7.437977654924038
20342,0.10849528771857707
20343,6.9185369324243675
20344,8.96651286614023
20345,4.401153181901278
20346,4.755661732612607
20347,8.793107832704475
20348,6.012327010165278
20349,6.891230215017396
20350,0.7552472995011521
20351,4.579668244660081
20352,9.797426615888323
20353,1.508502968218542
20354,1.8943241382916265
20355,8.236758722242039
20356,4.810963931133223
20357,9.40171323611071
20358,1.4281198845387115
20359,3.0690018037889546
20360,0.8573158654823424
20361,9.803462858566428
20362,2.8373696001533624
20363,4.507727835533652
20364,3.696368646612175
20365,2.8836488599584245
20366,9.071590986266429
20367,7.068404877987227
20368,7.95219986117357
20369,8.449610246325422
20370,7.495330080303151
20371,0.8705516482705686
20372,3.4636256340001226
20373,7.075518000623976
20374,3.0795683891216123
20375,5.024505956270293
20376,7.885611489071197
20377,2.8267828192915494
20378,5.717497972283529
20379,5.729700376643989
20380,0.566135545460759
20381,1.2536201312572888
20382,5.598801782566331
20383,8.64123702891181
20384,9.797607081206403
20385,8.120293536736996
20386,2.8926554227180032
20387,2.6859139224346724
20388,2.071551192562283
20389,1.7624156973016392
20390,9.428287218939964
20391,0.14235659521858304
20392,1.7489020415956409
20393,2.11260078944164
20394,4.718951455032528
20395,3.132646048683272
20396,9.685022193105734
20397,8.272663818301558
20398,6.098975214063101
20399,2.165847104896336
20400,8.290776722468943
20401,9.035723114861371
20402,0.33129022470150127
20403,3.648237622346355
20404,6.2591429869472055
20405,6.826688376918026
20406,3.056818795709902
20407,9.323129262240371
20408,1.5264885005796904
20409,7.1778780462903455
20410,9.45237150111325
20411,1.496042793096272
20412,5.323555731094031
20413,4.9307018546933294
20414,5.241508260566217
20415,9.55713444277826
20416,6.551654564341799
20417,5.200846902476686
20418,8.8302289532515
20419,3.6945928489635844
20420,2.0907632481673497
20421,5.740057034767676
20422,0.6240593056657207
20423,9.428732801078072
20424,0.17014220077817366
20425,3.7652333772691486
20426,2.0568648385082104
20427,6.0474877961313815
20428,7.376204912421842
20429,4.094640375533149
20430,5.604463396709837
20431,7.677401159713988
20432,7.595555048877634
20433,5.27248123078278
20434,5.368010088077083
20435,6.4776964163183335
20436,9.860781178008597
20437,3.4381317931125572
20438,0.2794855790556553
20439,8.607454705247978
20440,4.77806596973737
20441,0.8345320709677042
20442,6.13108006190074
20443,3.4022266666084993
20444,4.756919824450018
20445,5.091347688543678
20446,3.2657407597853956
20447,3.287643278537506
20448,6.895620700268311
20449,8.336103797733127
20450,4.838844492106916
20451,5.497085867626691
20452,2.0763374942822446
20453,6.3273202074345285
20454,6.92841001714291
20455,9.955905429599595
20456,0.7876761864634102
20457,4.067381378044574
20458,5.476531503378638
20459,0.9770468633810057
20460,5.680748584737792
20461,4.100485991495831
20462,7.266872986125645
20463,6.665224284612174
20464,7.941545463670174
20465,8.594260986729388
20466,4.37266901871652
20467,5.36549804499269
20468,3.713375238320597
20469,3.6509679659763474
20470,0.37131762511290667
20471,2.206435506077402
20472,2.220107127273067
20473,6.881805642838319
20474,9.856309374370628
20475,2.7981658658198625
20476,6.616127350440121
20477,0.2239114341987293
20478,3.8050404945235563
20479,8.961924503657126
20480,9.611174369842043
20481,3.3510616747793316
20482,2.8095514500796757
20483,9.417031566894767
20484,4.75374959834481
20485,2.731478634605756
20486,6.2712083063155735
20487,5.29687099005423
20488,8.86673561714503
20489,0.6509402571104459
20490,0.2111740296654816
20491,7.799250120752847
20492,1.6955985677082228
20493,7.961200953331051
20494,2.616148882117787
20495,8.693924478795987
20496,2.1429582932435465
20497,9.243360700374986
20498,9.762255728469967
20499,5.980349854410345
20500,3.5650003660634213
20501,3.878524123264723
20502,8.950024036505095
20503,1.7603612261873145
20504,5.509946354700892
20505,1.2219648640925274
20506,3.3273647215576942
20507,1.0888729914218347
20508,3.2799812425462447
20509,3.8966624327295505
20510,1.7496636706353645
20511,4.993895121648385
20512,9.617516222604511
20513,9.2974050842543
20514,1.3759835162054728
20515,9.392789074675967
20516,1.9736859448077544
20517,9.274324969270653
20518,3.3428147251836737
20519,6.697600831496085
20520,1.4886726254170275
20521,8.276418047901485
20522,0.6914644432760567
20523,8.022464670677891
20524,4.005366360846032
20525,7.214550527049181
20526,5.983687427885718
20527,5.226498986013307
20528,9.267781817844108
20529,0.9319284691074553
20530,9.173190351229458
20531,9.942328396551991
20532,5.749538930377276
20533,3.896991021075311
20534,7.4598850881112835
20535,9.821409900701246
20536,4.26524512572732
20537,7.280902215883333
20538,0.5425479050226332
20539,2.709885925513208
20540,3.708504534825646
20541,3.818822953547337
20542,1.7684281671081965
20543,1.1003271585092893
20544,0.2983916928089084
20545,9.105247601397863
20546,0.8954669840181398
20547,9.64767905372654
20548,2.146989746893547
20549,1.255758989953016
20550,7.519824444563617
20551,4.5688937581717495
20552,3.5098788621325343
20553,0.48816182446017076
20554,8.23929589390116
20555,7.473152164726786
20556,5.325662686385992
20557,9.5888975279675
20558,2.7375917958360105
20559,5.874861591669023
20560,7.134385272592659
20561,8.785487381505972
20562,7.354756196080074
20563,7.284540007182303
20564,9.239700275347975
20565,5.068282427319303
20566,6.040840556245782
20567,4.7725042056340605
20568,0.9766515048952792
20569,2.500806610668875
20570,0.2403710399943356
20571,5.508573491658121
20572,8.620763081864217
20573,1.3470691334459446
20574,3.790393901310195
20575,6.241949751563897
20576,3.8664114650073245
20577,1.7094203722145263
20578,4.428500656220065
20579,5.084180923479681
20580,5.554590250838866
20581,5.117959169169188
20582,6.82166134794806
20583,4.305321143442226
20584,9.870466604188065
20585,0.7236122916763396
20586,6.128042223535719
20587,4.024880960480291
20588,8.060349786381982
20589,6.61041776438666
20590,0.17516094141271257
20591,0.7687788117956038
20592,7.996563348670687
20593,8.957057295363057
20594,4.341708658241176
20595,1.248089470895957
20596,9.17696061866548
20597,2.6715849361255417
20598,2.8768080510252863
20599,0.8195905063254205
20600,0.5313937721184508
20601,1.1190194619082006
20602,5.032364018905646
20603,7.329217644263778
20604,1.8519291371547926
20605,6.860614303195956
20606,9.902217105976682
20607,3.7756990384689915
20608,1.454813686207709
20609,3.2771465865236706
20610,2.82532434520491
20611,9.156976977702524
20612,8.66287925015333
20613,9.30080128926979
20614,7.959435276505343
20615,1.2047734340592209
20616,6.479864796051586
20617,8.79117931531464
20618,9.771938676122312
20619,7.618288808599387
20620,3.33818965442959
20621,6.158464985155359
20622,1.7067539881710079
20623,3.912003049747549
20624,1.7724056322177162
20625,7.973020821970681
20626,5.404899134368745
20627,3.587251416211002
20628,9.207938888967389
20629,4.168956639586429
20630,5.119907371868897
20631,6.221445897192487
20632,9.757233872152867
20633,9.465300854325655
20634,4.206892041269591
20635,8.09029720941785
20636,0.20554719763840457
20637,3.3483754781997708
20638,0.24419517577367994
20639,3.054017107270102
20640,9.501409433872183
20641,9.214008019205508
20642,5.144947444805483
20643,6.314898050961619
20644,7.252230420446498
20645,2.2806160075154467
20646,7.861623436486359
20647,0.310624465065434
20648,8.872931229852743
20649,7.459329944462223
20650,8.18455936077994
20651,5.982217435074268
20652,2.312396280464333
20653,2.8883394323177334
20654,3.3244094902149564
20655,9.032208207812774
20656,6.025290658990601
20657,6.4781879370905
20658,2.1497933377742977
20659,0.6585475246507876
20660,6.43731473342066
20661,3.05756648911059
20662,1.7884796150356468
20663,4.430853766935697
20664,5.8991474226798735
20665,2.0163735117102184
20666,4.35423169526931
20667,8.036016467131265
20668,5.327132536685441
20669,4.540339178389805
20670,2.927417414330331
20671,3.5307420142506736
20672,5.776666529268105
20673,8.646728994858236
20674,1.704324401635083
20675,8.970753767942462
20676,2.8989330452743376
20677,1.7638616638648743
20678,0.5586498395738577
20679,5.897572584548074
20680,7.23036305073486
20681,4.805965496457506
20682,7.587209496415889
20683,4.771243251102222
20684,0.5519783480084242
20685,6.0284345022598895
20686,8.405349522608715
20687,3.948185240388689
20688,5.285483183092694
20689,5.705524601747393
20690,7.6124798249819765
20691,5.821219837841749
20692,4.469548403563946
20693,8.949919288205745
20694,7.3790226533761185
20695,7.376453288915883
20696,6.334411339691384
20697,4.699900012173375
20698,9.727297667095808
20699,6.584276541485969
20700,5.6780438312057155
20701,2.0184405601138935
20702,6.887833327851876
20703,0.8947394398009713
20704,2.2744940328419156
20705,0.9238753336691302
20706,2.4297504548521762
20707,7.772578984514716
20708,1.0173061987265406
20709,3.054422329301495
20710,5.834800131471514
20711,1.4697771256714904
20712,1.0132064992819119
20713,7.069233340568887
20714,2.0865839917981868
20715,5.809415771057991
20716,8.718172312558382
20717,0.2756341350930473
20718,1.8795897821062695
20719,6.506807541681469
20720,4.868809270420972
20721,2.1562057582762595
20722,6.3770948035991335
20723,4.130777368555612
20724,3.244790572446834
20725,8.633161373178899
20726,6.296955235655353
20727,4.341098725650489
20728,9.578737583127484
20729,0.8421755994532776
20730,2.600792919653775
20731,5.441245613390646
20732,6.913638493653198
20733,8.194133434371556
20734,3.5770969152609036
20735,4.248379434710424
20736,3.630064069343615
20737,7.127053031086841
20738,2.664452106749463
20739,0.5226055841615157
20740,7.6906207331672025
20741,5.413021151111561
20742,0.3395957669124827
20743,5.136864947841948
20744,1.5710832346857628
20745,4.883094038954558
20746,4.4119844797045324
20747,1.4751615423148696
20748,6.3079233319824946
20749,5.474615437223841
20750,2.198209975863697
20751,8.861524499614072
20752,3.794473798266566
20753,8.286403709158613
20754,8.81639618772459
20755,3.2055155352474296
20756,3.32717004125184
20757,4.620421223736596
20758,2.586988572265869
20759,4.2172480846034865
20760,5.4365898372516535
20761,7.771783194097158
20762,0.8622542526563307
20763,9.334745628461478
20764,6.046223945429447
20765,7.248402237840213
20766,2.3745156056478187
20767,0.2599213301527431
20768,9.12555263231219
20769,0.38716340198930166
20770,9.810170438980506
20771,2.7818220428000417
20772,3.8573523846445386
20773,5.6183599443596375
20774,4.524542736392221
20775,4.762862210691864
20776,4.323538887300084
20777,2.7835970418817104
20778,7.266830597351463
20779,8.72217776573837
20780,9.715380812983652
20781,7.8613004656170675
20782,7.7934604952359035
20783,9.923190865945774
20784,4.016260097309902
20785,7.801400381217238
20786,5.381586371609096
20787,2.5317465880641388
20788,0.36076488331599865
20789,2.949765027414343
20790,0.7833119326574627
20791,4.3249897694551676
20792,7.321557538283451
20793,5.148846381382064
20794,1.7416545020288463
20795,2.749850844022957
20796,0.1139683662036433
20797,1.9924762319447986
20798,6.379013181912757
20799,4.873388120638536
20800,2.1409524382104186
20801,5.616482944006202
20802,3.843612912275152
20803,7.827448234967408
20804,0.47300706434111006
20805,1.73346896836306
20806,8.97793271097817
20807,1.3293476492105625
20808,3.043736419537531
20809,9.96654909389437
20810,2.815932152596111
20811,0.7276002444413019
20812,0.6359836530413266
20813,3.8028772186097037
20814,2.4231967893808073
20815,3.057221721486836
20816,5.855221332039487
20817,2.6390067050014565
20818,5.610138310751433
20819,7.43133351625487
20820,1.9204501558707736
20821,9.758726139151639
20822,5.7748063074642015
20823,8.768219777979821
20824,4.659634608206714
20825,8.809520673779678
20826,4.236774977768335
20827,1.349368881672857
20828,1.0585256742896894
20829,0.6821971963446307
20830,4.474808689872555
20831,4.687066269840584
20832,1.024000031917267
20833,5.497729326365076
20834,6.927872270746818
20835,8.321465704979373
20836,4.683479706837471
20837,8.69476149314434
20838,5.205231256369934
20839,4.753500757780197
20840,1.9827473305660748
20841,1.184901585438602
20842,4.712109796004943
20843,8.301258093436283
20844,1.5148016472291483
20845,0.3429390995420658
20846,0.11540707508787913
20847,6.680979349683678
20848,7.203627474102714
20849,9.63976254250727
20850,8.390235265490547
20851,2.912465274123488
20852,3.830263860131053
20853,5.9379133667533095
20854,3.6892603592765236
20855,5.7522524569322915
20856,7.001860632609136
20857,8.281988227737408
20858,1.2282077936893143
20859,9.946756936693784
20860,2.0082611543861906
20861,0.6193496723625315
20862,0.2240519759135632
20863,9.211077411478565
20864,4.028667203381946
20865,3.141705238362545
20866,1.1930749155921685
20867,8.146079582510925
20868,9.08869110766606
20869,4.564663019387315
20870,0.20423187028543982
20871,1.5968696771290456
20872,4.483348110926602
20873,0.49014199145071713
20874,6.263322184548818
20875,7.188599502061017
20876,6.209211431660526
20877,3.2946772123977466
20878,8.091498706450798
20879,6.220545266585004
20880,2.3803494289900766
20881,0.13105382848482866
20882,1.1993644262442635
20883,3.1115546283153503
20884,2.0509057170314997
20885,8.401224352982833
20886,9.094826000793129
20887,0.12582736320427798
20888,6.800803637893057
20889,5.794742950196611
20890,6.281355998492604
20891,3.4348574567565686
20892,3.3858922414944375
20893,9.735051678822662
20894,9.331528980864187
20895,7.437518262415206
20896,0.33936206270109837
20897,0.3310013756924355
20898,6.751966198169873
20899,4.704377886595888
20900,5.459314572101359
20901,9.052757201156291
20902,4.749913088562397
20903,2.196733558290205
20904,9.687253506888165
20905,6.789725964059738
20906,9.984380779278881
20907,5.167861931527082
20908,2.54153459238385
20909,0.14129775655924473
20910,9.715417729042215
20911,4.277759258058587
20912,1.8678987274549141
20913,7.748058585866463
20914,3.350554152752908
20915,2.0834601048599577
20916,0.3391287040748192
20917,1.3810936523419426
20918,1.3420095229681275
20919,0.1603525257271503
20920,2.416303812534791
20921,1.0212968851809416
20922,6.7841518761317685
20923,2.4794840020956426
20924,4.856723361560904
20925,4.483826415533704
20926,4.512954031553228
20927,5.41255147283586
20928,1.7668566318599794
20929,2.450909948097966
20930,0.19424001569553626
20931,1.5500052587494657
20932,2.840929288334787
20933,3.7560773692502507
20934,4.315661937887091
20935,6.154001676463993
20936,8.034074275589674
20937,9.968035251786429
20938,0.3692655026021672
20939,6.438063557178761
20940,7.470142499525345
20941,1.7602360228464935
20942,2.537728817605142
20943,7.893719482913352
20944,6.014072752098997
20945,9.857745820229049
20946,7.16993416249236
20947,6.00922575836093
20948,5.3546388963293
20949,6.688568057187018
20950,3.7580786902660632
20951,8.154616733627341
20952,9.77800250507112
20953,4.122277236807335
20954,6.0818285020634635
20955,8.949453478993375
20956,7.351482119717237
20957,3.176007465558828
20958,5.311194293953489
20959,1.9511173802188073
20960,9.762477186314069
20961,1.3649935808020637
20962,5.857857078333692
20963,0.5163089278859843
20964,7.485087842934013
20965,4.988441906692432
20966,3.44761680251085
20967,6.93616896357985
20968,1.727469341646196
20969,2.3589260787877073
20970,6.054523256446536
20971,4.448704218238916
20972,4.238543096373567
20973,9.867495582292696
20974,7.791829409581921
20975,0.14276404973936083
20976,7.05608097787623
20977,8.452137607182966
20978,3.678621164420125
20979,9.532107611772096
20980,3.3786187827606713
20981,5.032458077484931
20982,8.884298836327037
20983,3.559040616574428
20984,4.9946047801705244
20985,3.131567479974182
20986,5.045190739732258
20987,5.529868363191915
20988,8.498594792570312
20989,5.7223882451524934
20990,0.2834032120752981
20991,4.681753559048086
20992,2.8828866575644487
20993,9.82129363283815
20994,5.708985091008704
20995,2.812909227787102
20996,1.2378409250365596
20997,8.370899993502297
20998,3.593451513928103
20999,8.753430188773287
21000,0.17273124792945363
21001,4.900248583103894
21002,7.952260173116131
21003,3.0115079001739526
21004,6.262971666838928
21005,2.254941674753948
21006,6.626646036866341
21007,9.400115563401952
21008,8.71849089945723
21009,3.127521319260434
21010,3.5317242349132663
21011,4.471435539745444
21012,3.536222330647629
21013,6.140654400696752
21014,5.9841488968936085
21015,0.5900463966921602
21016,8.26564218334979
21017,6.796783395895661
21018,3.8984181717886552
21019,7.699855180674295
21020,5.224345527528702
21021,1.9662008397839827
21022,8.094480942747856
21023,1.5918759325082874
21024,0.7939424850752421
21025,5.333681000486513
21026,3.7653616391204685
21027,3.925808695943568
21028,7.603853830472731
21029,7.918988410802512
21030,5.909343507738547
21031,6.941526234197697
21032,3.1669454763329883
21033,1.2829644053474385
21034,5.023435253236026
21035,4.829946261509651
21036,5.615527730487223
21037,9.214507307601393
21038,4.546076363995705
21039,7.862477465329236
21040,0.9130550922873506
21041,4.0185321389302855
21042,9.652143261731355
21043,5.634261299653565
21044,6.026666136865633
21045,3.1339333064245216
21046,5.197859559946091
21047,7.841403942196677
21048,4.359191167685389
21049,3.877428113162153
21050,0.5486246662124535
21051,2.471842675215314
21052,5.697509508500294
21053,8.214180138205748
21054,9.691244861932383
21055,3.8832588345302375
21056,0.7248354920267238
21057,1.5958315023803513
21058,7.35977489865028
21059,1.8827116344664003
21060,8.337704546945478
21061,7.591169994534484
21062,6.028281292561354
21063,8.127058153426574
21064,7.856635023019839
21065,4.362325579609034
21066,2.8792309494812245
21067,5.460059104361945
21068,1.9400720147124695
21069,9.854672991185275
21070,1.1319729894579706
21071,2.974198567910194
21072,6.877218198396143
21073,6.277301768322344
21074,4.484148657285825
21075,0.2797126450235132
21076,3.29416896518085
21077,1.5423443243587525
21078,8.612396513109237
21079,8.532122277830036
21080,5.622780856087487
21081,5.635896898410283
21082,6.084840280477535
21083,3.8548885070913306
21084,6.361735916840003
21085,8.007125921217053
21086,0.9428356140611255
21087,9.017508494868133
21088,2.681673916604878
21089,4.803559582695741
21090,3.9857697239752263
21091,8.971001706645858
21092,2.847154542017576
21093,2.801330494637891
21094,2.588225422045749
21095,6.2005700419418694
21096,0.9825392473372114
21097,3.555781546183834
21098,8.648902907258922
21099,6.2887103671257885
21100,8.30841994375125
21101,0.6607594898458039
21102,8.479266343226346
21103,8.63829930998648
21104,6.694232893855863
21105,5.01967999213035
21106,3.034362644572115
21107,0.8558616419958871
21108,7.839137214927566
21109,5.326732487199097
21110,4.126470450768845
21111,8.53701774987236
21112,8.132696177989635
21113,0.44856320704195707
21114,0.775156094370692
21115,7.6769043051284225
21116,6.146888273206886
21117,6.836744701943833
21118,4.912357523316833
21119,7.295538081761273
21120,2.7687588560351912
21121,8.44232665452832
21122,9.123071179406015
21123,5.281005946304058
21124,3.6033279558836018
21125,2.874401825108424
21126,8.317897158378887
21127,6.795687877728877
21128,9.9930074832088
21129,5.011541963200649
21130,2.9339488156593023
21131,6.155330866556401
21132,2.9660639719916055
21133,3.138074596604185
21134,4.616637042087867
21135,7.6653186047644875
21136,8.813065633874633
21137,7.338095969202873
21138,1.3783088907341825
21139,2.2263001957960205
21140,1.6577973033128388
21141,2.771785462380104
21142,0.7287197155039982
21143,3.8295504573014627
21144,7.689888476043688
21145,3.0971694031292163
21146,4.004811653082535
21147,4.064517975052229
21148,7.695606850939766
21149,0.7772257791882728
21150,9.200136430912814
21151,8.010124272624237
21152,0.3549047313087561
21153,4.855193656856998
21154,0.6341906223711042
21155,4.645548829369608
21156,6.811534081296483
21157,4.929135742611406
21158,0.4329541380911067
21159,4.449297824237282
21160,5.4705453213396735
21161,9.644203561000264
21162,1.7164833608084207
21163,0.9937719363106775
21164,0.21452165297068648
21165,8.15119309951025
21166,6.789483551974607
21167,5.37150862564384
21168,6.738981314422435
21169,3.788854450809073
21170,2.909511032463909
21171,0.9030071964739042
21172,6.912936637761577
21173,5.726911871520339
21174,9.074381081526715
21175,7.269618375232728
21176,4.1426640691940015
21177,0.991110971162384
21178,1.9184402817152446
21179,8.929714992181943
21180,5.728239073340625
21181,5.497749712401581
21182,2.1697264344609137
21183,5.53982369218834
21184,0.6780090911121783
21185,4.817705073210199
21186,8.680028143730437
21187,4.146740152170726
21188,6.155111019522373
21189,4.348115353545154
21190,4.191105157421038
21191,9.385478420075149
21192,3.7244736761895063
21193,8.081155538301159
21194,5.157777177296009
21195,6.72433596799011
21196,0.687828416172087
21197,6.6914566516719285
21198,0.28797829946218156
21199,3.3528525795209414
21200,8.817144486195605
21201,5.0952752088554085
21202,4.043510718157862
21203,8.34813611481009
21204,5.599653369342492
21205,9.738853678479849
21206,8.602350952679606
21207,2.8337976669025626
21208,0.4524023006309813
21209,7.4693275036438616
21210,2.1120268303207834
21211,2.042180451644217
21212,5.97827379611669
21213,4.053914967725593
21214,9.187680208465494
21215,4.178432398495293
21216,6.1233193124308025
21217,0.5097611474012832
21218,7.100531552595211
21219,0.805667753731027
21220,4.841746759468336
21221,8.267791174775116
21222,7.142617202978845
21223,8.272915294272908
21224,7.732138131347247
21225,8.07657864688956
21226,0.946194392290973
21227,5.22033642929266
21228,0.16567331858464973
21229,3.671975661244403
21230,2.0126576294277756
21231,2.493495163490593
21232,7.322097900252036
21233,4.784840915422849
21234,1.177904707376596
21235,9.29148128503597
21236,2.31117080161201
21237,1.422203026448941
21238,3.879197304266992
21239,4.779141522065334
21240,7.61107979095934
21241,4.010822136216598
21242,2.2501494453449404
21243,4.095824089779921
21244,5.406670420492396
21245,5.5188062630270736
21246,0.16899990018458477
21247,1.8827918357726015
21248,1.913263088517354
21249,9.663077604884394
21250,5.217512838462928
21251,9.523316188572075
21252,2.0645014051322597
21253,8.02594624078734
21254,7.417185294842474
21255,0.8328626763488788
21256,7.733519408332091
21257,3.706498623821169
21258,3.708049851257
21259,2.643623700817009
21260,8.868583378108863
21261,0.5777951786141375
21262,5.378763804758569
21263,3.3400693111473294
21264,3.8634194644657263
21265,4.819957359533971
21266,5.773690243974287
21267,6.942411926676558
21268,7.2932721674515575
21269,7.317004752030897
21270,1.110226015283878
21271,2.5013488933685966
21272,4.048181371400983
21273,3.5776907734112497
21274,4.738911551727568
21275,2.212480055704716
21276,9.990025289820839
21277,0.10979822782233015
21278,9.888816258871746
21279,3.834764440821393
21280,2.9003388015314906
21281,7.934604850592124
21282,8.347733315464499
21283,5.332852566588579
21284,2.4230680732111827
21285,3.151354678495781
21286,6.777526267846602
21287,6.217778203302506
21288,1.6643731146564322
21289,7.039103105589987
21290,8.287237254825923
21291,8.388637908320815
21292,0.45093026156509153
21293,7.145750472709551
21294,0.6870567660817417
21295,1.3337236125106269
21296,5.718978777973798
21297,3.6440682835224716
21298,3.3306661635421033
21299,9.510042892333368
21300,7.8042720795375615
21301,4.125373758787686
21302,5.250093757416508
21303,2.07196938213861
21304,3.050801318580845
21305,4.915316607913672
21306,0.8106624099364196
21307,7.322945237668137
21308,3.3276985989548855
21309,0.3132658934085494
21310,1.8650496614060286
21311,4.350976318969103
21312,5.006568185518414
21313,0.18289319527049686
21314,7.803087726477403
21315,1.3789843444789025
21316,7.500603335187368
21317,3.279672655138844
21318,1.5516735632026537
21319,3.33063091026638
21320,4.223849209117334
21321,2.5255254447661346
21322,9.490665171223126
21323,9.742011055325074
21324,6.943936931266184
21325,8.763238058258464
21326,2.241063480723991
21327,5.256743857963293
21328,4.798418639640692
21329,3.083535138468842
21330,9.127412794457534
21331,2.1287946291209954
21332,5.366457479606793
21333,0.5483098990465876
21334,9.903549287740777
21335,2.210869755795247
21336,0.5992664647725572
21337,7.417876876566244
21338,6.6825248094468295
21339,3.366677985226739
21340,2.886497061911059
21341,7.0419605333532065
21342,7.613897049140452
21343,4.404098182688755
21344,5.800908605944975
21345,0.5031628257857764
21346,9.704030726685373
21347,9.187799662957879
21348,9.634376949929957
21349,3.5814280355335413
21350,5.92825142329835
21351,7.926056204987472
21352,2.2944549241227405
21353,7.185774128814755
21354,5.0202224327542
21355,1.5284830696249783
21356,2.188498747980429
21357,8.209182638650708
21358,5.615637734940669
21359,8.280100239889004
21360,1.1784745119019895
21361,4.620396455411703
21362,7.479729401995446
21363,9.597560462436036
21364,6.33038534953076
21365,9.629106291647993
21366,3.4050940481923297
21367,3.3257764740633307
21368,2.1278055825233126
21369,4.258370647785836
21370,8.52819152430756
21371,4.2038195129306555
21372,8.031965710612829
21373,8.859826061468857
21374,2.0648303458760684
21375,0.3585706724176301
21376,5.477096076476395
21377,0.8074129838859635
21378,1.5592699919850666
21379,5.064718612432214
21380,4.477242205992204
21381,3.5319937790729496
21382,8.458831017950475
21383,7.662423837379724
21384,9.98856626043431
21385,7.368171383234378
21386,6.13917580808152
21387,6.274584512891442
21388,1.1293505214060353
21389,3.6264276044636996
21390,2.976466104775706
21391,4.062830599372784
21392,0.90459067906173
21393,6.549228351287252
21394,6.261351259405578
21395,6.507297581785682
21396,0.5856059553912587
21397,4.188945707504079
21398,0.6635049620240426
21399,4.572819863702895
21400,2.5561553537655612
21401,6.767615281042475
21402,5.820020977747326
21403,3.8693190402874844
21404,8.04627228462781
21405,2.1883192816474892
21406,7.129774891709199
21407,5.9648594635866745
21408,1.6116278115592786
21409,0.203588441245749
21410,4.7640019775476805
21411,5.864030970177523
21412,9.526944205895905
21413,9.216404509692454
21414,6.18751679591465
21415,5.722483019325776
21416,4.581205464654039
21417,4.715947825718216
21418,2.7606015462432283
21419,5.498419899336235
21420,1.749902308098224
21421,6.773544104006496
21422,4.932721507330216
21423,1.0895186349366284
21424,7.720019801849336
21425,1.9587592099503595
21426,8.112825853732668
21427,0.10770725878316822
21428,6.447576921027391
21429,0.6108817562899417
21430,9.336644033108199
21431,0.8577539803753039
21432,4.552598464222837
21433,1.4290765326304191
21434,1.092612981018738
21435,7.650419684464144
21436,8.871304391839484
21437,9.065511338039574
21438,1.8959071652721535
21439,4.872521709649833
21440,7.193849611213315
21441,3.6347404019106753
21442,5.051396608350724
21443,0.551361012576778
21444,5.877136027748067
21445,1.417664185031033
21446,2.2203937815728456
21447,4.242299792863402
21448,1.9671353587990021
21449,6.757525512110591
21450,8.473830979671053
21451,9.876054153585223
21452,7.167459499241704
21453,6.133795958238384
21454,8.69006212939985
21455,6.857547594030161
21456,4.168073242133083
21457,7.700991530480204
21458,5.774688630459665
21459,6.537657786760777
21460,5.155991500556688
21461,9.463821360003864
21462,8.156105880442775
21463,4.395400130638878
21464,9.39770059199888
21465,4.523323745434332
21466,4.308602918343422
21467,8.718593618036904
21468,2.845526324849201
21469,1.7593609007675097
21470,2.9835754368338643
21471,0.45106165288002886
21472,4.8431283588227325
21473,4.427062350777152
21474,6.672737096996724
21475,0.5994869742632531
21476,8.122672093326937
21477,1.585628068816934
21478,0.7339497058649642
21479,0.851909645496666
21480,2.8831579026539527
21481,5.221474591609345
21482,8.955647532865006
21483,3.9161193331444135
21484,2.713553272410308
21485,9.719086253961482
21486,0.73698406484559
21487,0.5834994386810542
21488,1.0790286388930173
21489,4.265048642619871
21490,5.959982532838081
21491,6.905378545069674
21492,6.8098512394484025
21493,0.11599092844672734
21494,1.9952327804349885
21495,5.076413170848949
21496,2.309265901885348
21497,5.0311670236551835
21498,8.050651429552811
21499,8.536997921095008
21500,4.329159256710447
21501,8.275651982737783
21502,0.5463657855263053
21503,6.947871334561191
21504,5.137267178732728
21505,6.0986947229211115
21506,7.561048823631147
21507,6.772112932008044
21508,7.698624109955656
21509,2.939521940214497
21510,5.70522069354835
21511,8.17967543820501
21512,2.91074955249622
21513,9.870011456714009
21514,7.524497700448454
21515,4.47688678276767
21516,2.0153587584154655
21517,9.943071615205996
21518,8.638435052024105
21519,8.531719075999861
21520,3.38348359002676
21521,9.888928995631998
21522,3.525357712051524
21523,8.109127468782686
21524,5.987653633251091
21525,6.959755504806577
21526,7.951521665217956
21527,5.488854160451528
21528,7.996046913040386
21529,6.403584870731421
21530,4.936459815349641
21531,8.72519316443068
21532,0.5221157137240101
21533,4.986190996157065
21534,5.425793072913172
21535,0.9594546581194904
21536,2.4571592508770688
21537,3.7067251178678777
21538,3.5339579284934435
21539,3.0664895085012933
21540,5.091754757816501
21541,9.687428466259204
21542,8.730301077815103
21543,5.18899525403498
21544,4.320444899707783
21545,4.184363910124052
21546,7.2521259165469
21547,7.4510412815970595
21548,9.058847556845109
21549,6.2833176736393455
21550,7.341481368109797
21551,2.4284009432021243
21552,3.3196204798242133
21553,5.036576854147465
21554,0.12988479214039222
21555,4.991853363300898
21556,4.597599767872787
21557,6.70325101367747
21558,6.642584761406805
21559,0.7150976315602543
21560,8.005826141840886
21561,8.695103108012312
21562,8.033064386148666
21563,5.738917303156836
21564,3.510130441217505
21565,9.85099096378159
21566,7.188263053525513
21567,9.108672337776197
21568,4.7319890467381684
21569,8.580349400669741
21570,2.562618733680324
21571,4.9852903407906926
21572,4.688022932304988
21573,7.509927343974875
21574,9.066490788590137
21575,2.8336202439528644
21576,2.1343323504203684
21577,0.6553373443657723
21578,6.978701232990519
21579,5.589129539965879
21580,4.873918532690258
21581,4.732183114667296
21582,7.074029140746843
21583,7.339299617845139
21584,6.5288686649741114
21585,6.265345981520515
21586,2.2913032579276016
21587,0.47664040333765756
21588,3.118919154021928
21589,3.431191222786007
21590,3.406428289788887
21591,9.980242549205808
21592,1.2752038188659807
21593,3.3787460314859485
21594,3.990356083734193
21595,3.0550016592122504
21596,8.201056210217585
21597,6.149979686778489
21598,5.418769240690147
21599,5.767839799756913
21600,3.1118892974667616
21601,5.962280101529567
21602,1.4628620124713159
21603,8.453747239299492
21604,1.684107346577679
21605,8.628980942078515
21606,7.033447458002789
21607,0.6024114637963206
21608,4.789984155492032
21609,0.3503345302225025
21610,7.651194963325513
21611,6.5376054469371425
21612,2.7793053641129126
21613,6.10937285991813
21614,5.500915184161592
21615,0.6386686327708007
21616,3.048690876146407
21617,6.3974086301665825
21618,5.317313833988378
21619,0.5308068022348154
21620,3.4487553366350143
21621,9.043034360147713
21622,5.7403914999547325
21623,8.463103938889525
21624,6.242725951127192
21625,3.376460896604139
21626,7.545365678987327
21627,7.34924903334532
21628,1.3545989097701825
21629,5.548718185796369
21630,7.187915282259118
21631,8.053711191997065
21632,1.270426043603818
21633,5.559182397642002
21634,0.34059461660926393
21635,2.021631128949196
21636,6.711300125568585
21637,2.822568660865802
21638,6.303998142426293
21639,8.367184494246402
21640,7.729259851055969
21641,0.6102315276450633
21642,4.307548835771105
21643,6.840306573504953
21644,8.187143344406714
21645,6.5680854830053965
21646,3.533887471450499
21647,7.434532732605752
21648,8.721341415149219
21649,9.199871516135344
21650,2.0430500927291515
21651,1.1084547043769173
21652,7.368825772008148
21653,6.399872815097539
21654,7.4933235709000225
21655,8.309127122690624
21656,2.387813819527085
21657,9.994302451847295
21658,0.789681305101831
21659,1.5645358689272464
21660,9.5377588556329
21661,3.908847323636974
21662,8.378113427600063
21663,3.772472282568365
21664,3.3239890222095747
21665,7.629134539086204
21666,5.052725230520419
21667,7.373979696567469
21668,7.461678817425426
21669,0.7584577076691513
21670,1.1209541898534918
21671,0.7775107718947274
21672,0.38221468250457513
21673,0.2598228341418911
21674,6.057988012673352
21675,9.091942685045865
21676,4.758514892651498
21677,4.524620015777253
21678,9.709119890539597
21679,1.394253355457772
21680,7.5970698668894645
21681,8.03480267654549
21682,5.550385693390627
21683,1.4165355875125516
21684,2.4929319883935697
21685,1.8578143053466323
21686,6.889731025301844
21687,2.7735150108782496
21688,1.8441956719231225
21689,5.090671415098657
21690,6.129503236538452
21691,8.877318690609378
21692,4.716370003329855
21693,9.842912843812973
21694,9.41870076822076
21695,2.4179255525827896
21696,2.3168926177196782
21697,0.9356098876467472
21698,9.304287708744342
21699,1.4925025452359266
21700,8.568625774907126
21701,1.294436723748611
21702,4.284020164643496
21703,8.309664021554557
21704,2.7452861667714905
21705,7.250550113129508
21706,2.8265529998712533
21707,8.81420504344461
21708,3.4596004999938135
21709,9.279557763184776
21710,3.1042652471975893
21711,0.27898809078416276
21712,2.6490993331614066
21713,0.43842843612931004
21714,6.165694540332093
21715,7.594153788952259
21716,6.543424404577817
21717,7.175226706801439
21718,1.449035740162198
21719,6.120861916869448
21720,7.292627627624125
21721,8.80488352218964
21722,4.037894581709048
21723,3.458958957036405
21724,3.577558238066248
21725,2.5278052403626954
21726,9.105236925468702
21727,2.9429990871157106
21728,1.2145575768961712
21729,3.467295611621483
21730,5.139947290968565
21731,1.887758790411758
21732,2.0444971210564775
21733,3.6442868040233694
21734,1.8256147743053368
21735,7.156534524994017
21736,9.689541221408119
21737,6.3473885893550985
21738,1.0971845838506173
21739,0.7265441049063472
21740,0.37388468920761164
21741,2.661347998735722
21742,7.158529674232639
21743,1.0825564554429856
21744,5.683781989446606
21745,2.0517245779911715
21746,4.155894064095333
21747,4.1623470658928
21748,4.264621506668347
21749,6.845255086299039
21750,1.6839695693517411
21751,5.296364714746505
21752,8.619547972119188
21753,6.733639303592991
21754,6.583161923058141
21755,0.7049938435506232
21756,9.456142977920365
21757,1.7771177886254101
21758,3.8659773058176965
21759,2.572812953552074
21760,4.557617893180932
21761,9.05616294523172
21762,7.962586803429102
21763,3.777997882435438
21764,8.458068405290328
21765,7.997060832509233
21766,3.7172848407913825
21767,6.104673371879253
21768,3.0499694336555576
21769,5.917599983751573
21770,7.552123206095232
21771,8.290933786927202
21772,1.0762223537031101
21773,5.981920284009809
21774,6.0020732812596425
21775,8.130454185522037
21776,0.7470715756151293
21777,8.25850464721399
21778,2.270935753550708
21779,8.759432017532559
21780,5.960257793241784
21781,7.087280818541903
21782,2.6683976264616507
21783,0.7549767644535048
21784,1.0708866873784015
21785,4.5488574692943
21786,2.9045265192800644
21787,3.8587883212969416
21788,2.1936783903397488
21789,9.15649057762027
21790,0.9616940717369061
21791,7.553321934358907
21792,9.150982894073465
21793,9.270371840712475
21794,6.797948693690781
21795,8.469060304467902
21796,8.405237398099555
21797,8.378191384605431
21798,5.685624117077644
21799,2.373855407994111
21800,9.783048784259327
21801,1.1270886585955444
21802,1.561665246048334
21803,6.518333197426369
21804,8.942250615331142
21805,2.6922322189865984
21806,9.812300882622576
21807,1.6131052103954906
21808,4.7687347629252885
21809,3.8160735159703365
21810,9.436509246795447
21811,3.452776775758292
21812,6.60028328860292
21813,1.6866505363414261
21814,1.347835405073948
21815,6.7048464178597715
21816,4.057779824696863
21817,8.344418793311702
21818,3.778845391984641
21819,5.5136376724529805
21820,6.922381591797347
21821,3.2444004078445845
21822,9.740289282844094
21823,6.482385284605933
21824,9.101857503868866
21825,1.5017181233651107
21826,5.566530411524528
21827,1.1622649007765817
21828,6.5494252250763285
21829,3.7843230317491554
21830,2.960540995282754
21831,5.848003163911109
21832,1.5874667927194037
21833,6.9390214301578865
21834,4.633416778536286
21835,3.4622163838213162
21836,8.658133622442932
21837,1.8568959376085916
21838,2.7682283846147833
21839,4.18912959080773
21840,4.301412384988928
21841,3.9655652444035825
21842,7.431185378025316
21843,9.196043060539308
21844,3.0646868460932333
21845,2.2511527850884425
21846,0.8451315388890798
21847,0.2493919500715717
21848,1.0403186195180927
21849,6.30402335302062
21850,6.791550776456129
21851,0.6741558545279174
21852,5.367652985601984
21853,4.929527159306716
21854,4.741837879518825
21855,3.5139036895619244
21856,8.541036307318176
21857,6.464257235769121
21858,7.0377809641756235
21859,8.35978020623437
21860,1.7412671463496265
21861,8.453130535661526
21862,5.7724810307173495
21863,1.2250236529239917
21864,1.9795295013370826
21865,9.802575071065306
21866,7.614379433772896
21867,2.169673985452486
21868,0.34869849369172223
21869,4.8826611958350155
21870,7.035403424985955
21871,5.439843858673332
21872,6.487081023312601
21873,4.106173807415394
21874,1.7763836852940087
21875,2.5028754246863825
21876,7.758386945110105
21877,8.947255061057993
21878,3.1231810370015443
21879,3.918676213297131
21880,9.711210527577265
21881,9.491784012658758
21882,1.5149172606374495
21883,3.764555338135209
21884,9.921655619449567
21885,9.998287907310878
21886,8.222520505263923
21887,9.871902964377918
21888,0.3579707137357204
21889,1.5404722425063617
21890,1.7552476503497378
21891,7.607032716782852
21892,6.147448919821971
21893,5.442666123697091
21894,2.6409778386432383
21895,6.585680865962234
21896,5.54722536184103
21897,6.4841460239276385
21898,8.581206907091767
21899,7.131606650508373
21900,1.8855994223603247
21901,0.1133918551525179
21902,1.92018811384908
21903,2.176945360771696
21904,6.431236565538519
21905,9.633750869136756
21906,7.860440337142484
21907,7.001031893861637
21908,9.368505223424432
21909,9.683862818881918
21910,2.587957915715759
21911,6.740879102943632
21912,4.589803348440526
21913,6.789309724274554
21914,1.8932295737836946
21915,6.948627240494748
21916,8.506119056591931
21917,2.082117106649055
21918,1.5151320736322955
21919,4.252169969869036
21920,9.85274904674949
21921,6.899994263307749
21922,3.854560232562812
21923,4.168878300490773
21924,8.170642294501413
21925,9.512083127232474
21926,4.707979943046807
21927,2.7063990897939254
21928,0.13461475089824884
21929,4.683835710749473
21930,6.247171185270618
21931,1.3376972649966923
21932,9.93877577632682
21933,9.224582539290612
21934,5.806576255050802
21935,3.1878707218934714
21936,4.582484310040412
21937,1.6193748763472973
21938,6.77139674545674
21939,9.777201679360793
21940,1.2099991530730771
21941,0.9395000693441878
21942,4.293682690591246
21943,9.412315557561824
21944,9.886801339920165
21945,7.350645019906114
21946,1.6412369093034755
21947,8.06022975972757
21948,4.784325333125214
21949,1.8916872265200506
21950,2.675777580678002
21951,1.9989439199835786
21952,8.96396397865447
21953,3.8161978345534457
21954,4.268033127243708
21955,6.42438360139284
21956,3.013952761613936
21957,8.432515209010672
21958,5.210889524641998
21959,7.728466172320155
21960,6.4958178377007645
21961,0.3079482626282886
21962,7.7061705632017645
21963,8.991169497151189
21964,5.169810632960722
21965,6.3092835762815636
21966,8.343698691992818
21967,2.3182521795057123
21968,7.6939943799794905
21969,1.2008527810589609
21970,8.58275456563586
21971,5.122510067571326
21972,7.044232609773038
21973,8.303882278302071
21974,8.866052334378807
21975,0.6136778893177323
21976,2.966142360671928
21977,7.4252678616308145
21978,7.5845325077494925
21979,5.697140491114076
21980,6.688753471188641
21981,9.635983208188957
21982,4.590316345056426
21983,1.4290957552520016
21984,7.5912339168732315
21985,5.650813486015082
21986,8.648918085940817
21987,3.6381080211804058
21988,7.003071457630628
21989,0.1658917538925509
21990,2.8689348000404986
21991,3.824126230773573
21992,5.775164500346595
21993,8.314038449023768
21994,3.8368824558668564
21995,1.1970267284883784
21996,4.914030786765654
21997,4.554189681344991
21998,7.021201403123406
21999,5.224363480226234
22000,0.7039954282181937
22001,3.768754045407884
22002,4.220094187519405
22003,2.8829431338125717
22004,0.9208427592379604
22005,8.03646854930662
22006,8.946814097842626
22007,9.622894938521867
22008,4.756854341382763
22009,0.42758073992791934
22010,4.260635292653181
22011,9.340543653824582
22012,6.297287211233009
22013,8.45529549288727
22014,7.6609253376204505
22015,3.849245462026799
22016,7.238224781965038
22017,1.3366516883792745
22018,1.148232666315892
22019,8.267024082456212
22020,1.4033712824167723
22021,6.484644504952328
22022,8.557972554404662
22023,7.864202047958243
22024,9.831499661335357
22025,8.930431393740406
22026,5.223105260652988
22027,5.283214555329983
22028,4.940374887113761
22029,6.860625047661679
22030,0.6568330510482222
22031,6.298101687289544
22032,8.272783392939393
22033,1.1503842594225158
22034,8.514019070503727
22035,2.592989868983823
22036,7.618325098675305
22037,0.3187098293535789
22038,9.065267564173588
22039,8.690955888956921
22040,2.8250476579380615
22041,6.431957098564908
22042,1.736731589144647
22043,2.115175271772537
22044,8.12372917926516
22045,9.75094911111064
22046,6.206487409884531
22047,6.930175856501379
22048,5.612614517001341
22049,0.6655237693564588
22050,6.388093280705887
22051,3.3699868987164567
22052,3.389948439164217
22053,0.2653648938440005
22054,8.933692526767464
22055,9.992882542959208
22056,9.964728919757476
22057,8.993392340972322
22058,9.577932979569287
22059,2.7438583288656955
22060,5.98168289214772
22061,1.821452884644169
22062,3.390791926915071
22063,0.6509262465160388
22064,5.524225224492025
22065,2.1580909141522295
22066,0.9997118977624256
22067,2.981759422664677
22068,0.9525868822185677
22069,6.69236471540739
22070,8.624830895387596
22071,0.8220383129590065
22072,1.586532348552884
22073,8.752679853467548
22074,6.911520259726328
22075,3.750604490978683
22076,6.525883643470867
22077,5.745697029311678
22078,4.630078535828122
22079,2.949799471481648
22080,3.803865401432737
22081,1.5422102174699348
22082,7.258544168840923
22083,9.728921304185482
22084,0.5144054022826984
22085,2.885842639255023
22086,7.800798562595381
22087,0.9063602279847214
22088,6.713116418866279
22089,0.4131213427574818
22090,9.288843453205345
22091,7.61566771263265
22092,1.2468142936988864
22093,0.44158178787915403
22094,8.730508397765055
22095,7.65792975455923
22096,0.5612099597216149
22097,7.316226554479942
22098,6.1656408731274555
22099,2.0774713410581134
22100,5.5424430034566425
22101,6.327304507016778
22102,8.018442259458798
22103,7.261932295214323
22104,7.703044651024233
22105,3.453846880288538
22106,0.9835629088891368
22107,4.90043139900609
22108,1.1931410558956088
22109,0.5139555063622216
22110,7.6249047842884705
22111,4.889298428491407
22112,7.588868325316828
22113,8.970744374214854
22114,4.714591253502154
22115,2.3705403660974964
22116,3.7381097105777847
22117,3.1440955810628
22118,6.769978187436015
22119,8.701903704055647
22120,1.4154826468280661
22121,2.3889155246593847
22122,7.104785610075458
22123,1.8115573118413364
22124,4.3049755583938
22125,5.766083370092426
22126,8.797569037284452
22127,9.653509061916637
22128,9.330379679328958
22129,0.4672418435728847
22130,0.9500027370749341
22131,6.475430742663971
22132,1.623984658346171
22133,6.554031013997171
22134,2.4412575025259184
22135,2.642996051356552
22136,2.6067212891382057
22137,9.466931129430334
22138,1.1486393278573237
22139,3.5584904706104177
22140,6.288823839811142
22141,0.11058765486583758
22142,9.69812932207808
22143,5.83564727071012
22144,9.95363509692407
22145,9.673649428676104
22146,2.6263354952016345
22147,3.405606542562416
22148,2.066758657348635
22149,8.261935319969359
22150,9.896854317105097
22151,5.4153839577429945
22152,4.700481469515714
22153,8.817739483775016
22154,7.888470666171259
22155,4.871853297248956
22156,7.634737147298023
22157,1.7040389165567205
22158,5.2662655389869935
22159,4.386740368296739
22160,6.809478914027482
22161,0.4990338484324729
22162,5.29241386281436
22163,4.3707943593358465
22164,4.660487761057526
22165,4.253065728947062
22166,1.5246020554164457
22167,8.982381940206215
22168,1.418379129632737
22169,1.0994898823529657
22170,7.61048644601651
22171,7.501334791253558
22172,1.704841535589632
22173,5.095867746014402
22174,7.853442368599746
22175,5.394681868604758
22176,8.773030654910515
22177,0.20332953898845504
22178,7.566545389304231
22179,5.3464923914076445
22180,1.8547105310339
22181,2.0765449750703957
22182,6.729308996088995
22183,8.52682508651979
22184,4.3196720506908886
22185,5.314186773533839
22186,3.4285456997520383
22187,5.962671987647294
22188,3.3176965915386343
22189,7.550424350181939
22190,1.2124161615705393
22191,9.527247961688804
22192,4.993843945750422
22193,2.3787684525731354
22194,8.409958426315391
22195,7.983710423820337
22196,1.8910649760407572
22197,4.906237032641189
22198,6.489640094829954
22199,1.4477907751340957
22200,4.559301734187975
22201,4.323085012453799
22202,0.4914372478196306
22203,2.7510685787987343
22204,3.1232674088075933
22205,5.352398730466716
22206,1.4782341769287728
22207,9.29154179910047
22208,8.22988211637352
22209,0.39844747732733443
22210,5.592238477740131
22211,4.950263017049494
22212,5.654143558422136
22213,9.586942889520223
22214,2.0626852658508006
22215,9.651348599929207
22216,1.8564043219001825
22217,6.157248272410004
22218,6.847619609326032
22219,4.667520778488627
22220,7.058788322629042
22221,1.2536780699087917
22222,6.111419046956095
22223,7.717872760967072
22224,6.206652593367443
22225,3.2568922342319633
22226,0.6890191377962538
22227,3.798990869536922
22228,7.719115455355103
22229,9.944714032968006
22230,6.7440449367597886
22231,2.0875099591909265
22232,7.678127373784762
22233,6.146129280279816
22234,2.1709954407696137
22235,6.430545034304363
22236,9.970163079617459
22237,5.236384211942248
22238,0.37516088837163497
22239,7.756445779881508
22240,6.724135828803069
22241,3.1529774726561066
22242,8.61617768600538
22243,3.555655628442123
22244,5.416845710995424
22245,1.0492889283205726
22246,6.2794731438816775
22247,6.364412553221743
22248,8.636719296166463
22249,3.6251543787640834
22250,7.811930604990428
22251,3.3494773369184885
22252,6.193300428399237
22253,2.848991279788705
22254,8.997795370975528
22255,8.926601738302015
22256,6.504334266573953
22257,2.1231635513508964
22258,6.52205771857041
22259,1.527463290496836
22260,2.707251987448288
22261,4.91669388033398
22262,6.982621360501494
22263,7.626823612208728
22264,5.485116656144904
22265,6.510054821784553
22266,4.502310923556504
22267,2.623061238043446
22268,0.15360682596714936
22269,2.5249818082762037
22270,3.676547701321514
22271,3.476641338565932
22272,3.402095977623551
22273,6.9983427499286694
22274,2.5056110653115877
22275,7.541157953231479
22276,4.037204838773885
22277,4.899907957494419
22278,4.761031725392539
22279,7.896755226518751
22280,7.608549596540277
22281,8.634810545843061
22282,7.59247413509928
22283,6.016274763171873
22284,5.2441942115739
22285,7.564082770853649
22286,5.654164569358238
22287,0.5397913162104099
22288,4.652875809818243
22289,6.8408622703591435
22290,4.884431704920458
22291,9.95529035011367
22292,6.5175536888388255
22293,8.374412944579577
22294,4.181117791799698
22295,7.272624095536693
22296,4.999946069741684
22297,0.12676673224970036
22298,1.2086094227055828
22299,7.972573469837323
22300,8.744436740353493
22301,9.397367184485951
22302,4.418735172737103
22303,7.873830033941021
22304,7.952340841272976
22305,4.544694487572315
22306,0.5095059803440557
22307,9.457078500843672
22308,5.351074022450577
22309,9.190264140695794
22310,9.911585304436668
22311,3.889836035450141
22312,1.480862470833914
22313,7.240694604616773
22314,4.601466412941574
22315,0.6236902065606674
22316,0.17653376536701337
22317,5.1062000399588126
22318,3.9468051824976667
22319,7.275959461820407
22320,9.979846598565546
22321,8.728844675850967
22322,3.4805415103031954
22323,3.7305048326674606
22324,4.661637877358859
22325,1.6664304696064425
22326,7.299889666383471
22327,0.29385335194707507
22328,4.741170503592166
22329,0.4481826025937964
22330,6.966128876575976
22331,2.9245946625056383
22332,0.19162097660851019
22333,1.0560279599526299
22334,3.659822533510777
22335,0.8582595727581623
22336,6.783058438861451
22337,7.975780854803778
22338,9.389307431393853
22339,9.605255945512283
22340,2.524536269876234
22341,0.21438913404734192
22342,6.217864530354317
22343,9.178579943255432
22344,8.92310562750678
22345,5.987198387819517
22346,1.1272066428610272
22347,9.816684632900161
22348,8.590271738993456
22349,4.367091221277363
22350,5.409933889437466
22351,8.888292298774747
22352,6.926967421382188
22353,1.3310144828924442
22354,1.3003988113218095
22355,9.855163112121838
22356,8.673074462789266
22357,5.063377857013579
22358,9.761200066050714
22359,9.648726337486934
22360,4.003395361754607
22361,2.4316996878817783
22362,6.638886048563345
22363,4.305309048047471
22364,7.35967907787598
22365,7.602642961238603
22366,3.773880733076496
22367,7.955759809724716
22368,5.36976345236855
22369,9.380848387639938
22370,3.741624442170186
22371,5.091808208839581
22372,5.214009738172829
22373,4.372670703486451
22374,9.44819960202028
22375,4.04632372522827
22376,2.2210988079615817
22377,3.5601284731094394
22378,0.3082415637481872
22379,3.7550558962749196
22380,7.518775207237165
22381,3.531140550410707
22382,1.021763848169991
22383,6.299538136624897
22384,4.988377945778398
22385,8.445559992316177
22386,4.295910558861941
22387,1.009922994088381
22388,8.328955181117205
22389,1.127253744847976
22390,0.23970612578855555
22391,8.265302086610419
22392,8.363733964553466
22393,2.4446305018118024
22394,8.697796626764577
22395,6.501028044366042
22396,1.0754181022482516
22397,4.311176081618032
22398,5.489488305884669
22399,8.445840520125955
22400,3.2575798266943847
22401,7.6729279840237234
22402,8.30204391980104
22403,0.4821107497978596
22404,3.499496366087089
22405,4.392091781009242
22406,8.169293913090831
22407,0.32682187016527886
22408,5.2303603293346015
22409,7.454262304526952
22410,2.6560723597559663
22411,3.871303745317523
22412,1.5847429113815867
22413,5.143359633026512
22414,3.8612492094453925
22415,4.56457209364088
22416,0.1410721010461885
22417,1.3305760045920394
22418,5.365090539851003
22419,0.5089307694968617
22420,5.285080250390705
22421,3.536067294355527
22422,1.3189020497811665
22423,8.37564627343085
22424,3.760107353321811
22425,7.368911361585528
22426,0.6477445651762288
22427,8.142418609952431
22428,4.2008555442937725
22429,8.567268418293798
22430,7.937365096385133
22431,2.809895247349959
22432,2.104859259293474
22433,4.076608224283271
22434,6.429805686765302
22435,3.540948288024526
22436,1.1404567687372038
22437,0.9407044354561129
22438,7.574594870083208
22439,6.99325964005936
22440,8.322266798246055
22441,9.316339014750485
22442,6.896555153721846
22443,8.009575845041883
22444,9.525893503633453
22445,9.121931389866194
22446,1.926045008659182
22447,6.4270735991380565
22448,5.893254978575505
22449,8.161148242403776
22450,9.318934965947019
22451,6.957869358935972
22452,5.221174564114437
22453,0.5887148625463123
22454,7.336930900496782
22455,7.011425039608471
22456,6.275703269458563
22457,6.541944610480777
22458,1.1839062696435843
22459,7.499722875586022
22460,1.1764023178254
22461,5.087576803852597
22462,9.905723400322879
22463,2.604137773678281
22464,2.8310200339916514
22465,7.9996419559393726
22466,1.5293935564871906
22467,8.236130735696541
22468,6.452471343282362
22469,2.384402323132566
22470,8.487359506844376
22471,8.908347318013988
22472,9.467909733982575
22473,5.529539220318729
22474,6.728340782618424
22475,0.962274568744188
22476,6.365097517949613
22477,4.4636487672135265
22478,9.894954806685236
22479,4.717771314137648
22480,1.6045029819084602
22481,3.742626222453748
22482,3.311717760193567
22483,2.032427704116475
22484,3.048999650427758
22485,3.10558759210356
22486,0.6671370939664327
22487,1.4860801861312793
22488,5.042735357694549
22489,5.5853763659248745
22490,1.2400437642379576
22491,7.110012001441436
22492,9.932560378661949
22493,9.47481000331112
22494,7.011088947540928
22495,1.7189930448696729
22496,2.4100174200112052
22497,8.762313131906785
22498,1.6732131207708993
22499,3.275048298773518
22500,9.87609541534107
22501,0.6129954443306231
22502,7.091372464480117
22503,8.480485132963018
22504,0.1823482236048264
22505,4.149592462910742
22506,5.689123612345314
22507,5.530405136364021
22508,9.195586249885052
22509,5.712705339676947
22510,7.210383429847125
22511,4.498358120945613
22512,3.8419765649145456
22513,9.458894577052131
22514,6.918599647561751
22515,8.603922697336273
22516,6.696882033356297
22517,2.8637465513673104
22518,6.814650383761579
22519,2.8838302058397725
22520,6.091236234566438
22521,0.9370165546918457
22522,8.935732673129582
22523,8.012637182213279
22524,9.760957099826426
22525,9.223163925604464
22526,6.444080347689756
22527,4.847524800191017
22528,5.628817500052835
22529,4.4604805725370555
22530,8.963227903850203
22531,8.98230285398498
22532,1.4634343085786252
22533,3.569734021827408
22534,3.645158354254783
22535,7.733861094449297
22536,2.4531996856010467
22537,0.8356951033884203
22538,3.6481183787724687
22539,0.20146897246920265
22540,4.63014865141746
22541,2.4038180735411623
22542,7.788866126176071
22543,2.783818498791833
22544,1.2509687506048304
22545,9.908730262963648
22546,1.9152117405281546
22547,0.4058481889948854
22548,0.5853383515280711
22549,5.647671178770546
22550,9.42976797502181
22551,7.043020654921987
22552,6.278010523931711
22553,3.4504619250332884
22554,0.8004475679432606
22555,7.658722572631434
22556,3.2962421003569577
22557,3.560219527641724
22558,8.019439974286891
22559,9.003685633234698
22560,9.71809793993762
22561,7.3922594034715
22562,1.4651804135625317
22563,2.9729604349379124
22564,2.2562699563902413
22565,7.480132172669411
22566,1.068110402508865
22567,1.819112838203688
22568,9.62117955913346
22569,2.785525019485518
22570,5.533019940377483
22571,6.546991944009607
22572,5.593709678454138
22573,4.551560983719429
22574,9.523587821329391
22575,5.270321672254623
22576,5.743859795805188
22577,5.562606756743259
22578,8.132250646474823
22579,6.970021529513667
22580,8.607403605592651
22581,1.12799348366178
22582,1.0671500392973288
22583,7.23105484884082
22584,1.6300795323603212
22585,5.505905463622421
22586,3.8367650412613346
22587,1.3823777436121851
22588,6.628456707949052
22589,7.235620161831602
22590,4.1226450053082075
22591,5.870814158885972
22592,8.499109394379449
22593,7.723552906690952
22594,9.40327332621117
22595,1.5720237339579566
22596,2.024138628870796
22597,9.746862072372002
22598,0.9065645708813979
22599,3.8880436143122403
22600,4.249598674147395
22601,5.401079330397777
22602,2.4349235587840945
22603,6.296925832215001
22604,4.897560391603173
22605,7.8843190840616515
22606,8.054484287208327
22607,3.3044160306929764
22608,0.9710061757128334
22609,8.819319980904712
22610,4.949871293318525
22611,6.081913613307395
22612,9.040257234260858
22613,2.0427984156658745
22614,0.33887900774747187
22615,6.440397194864886
22616,7.2331163395977995
22617,5.727471229781238
22618,0.9521725761406323
22619,1.8616001191653018
22620,1.0745054118227584
22621,8.502315067099977
22622,8.599457852272883
22623,9.165130649135595
22624,8.53542559036275
22625,6.055732430951881
22626,4.623399197352662
22627,9.172705132933947
22628,5.670948238686673
22629,1.4622572668142706
22630,1.0362428503284926
22631,0.7803431025123508
22632,4.791193241820921
22633,6.9929208235432245
22634,2.3846466883093504
22635,9.83763632582899
22636,7.41447520216985
22637,5.072491847108562
22638,7.606887197206224
22639,8.622635506564004
22640,3.7754808630440695
22641,2.4305056875336297
22642,1.799238385440985
22643,4.813542475600168
22644,0.6137777291299772
22645,7.798350042633036
22646,3.7621696038524584
22647,5.159549517828665
22648,5.928317697710503
22649,6.777517669012757
22650,0.8124261031673745
22651,9.93988302208633
22652,2.148286249480003
22653,2.7869170801221514
22654,3.964635342825143
22655,3.7164977813837536
22656,8.750788388284692
22657,6.599220604773511
22658,6.295015855303298
22659,2.259296609928551
22660,7.826315768598648
22661,6.031611511197698
22662,2.4509746303896067
22663,6.336747668719305
22664,4.667783013401869
22665,4.90819380018897
22666,1.7432342501987115
22667,4.664136158560074
22668,6.690807045101158
22669,1.3948869722969937
22670,4.9780722851865375
22671,1.8684358326328134
22672,1.0679354418427265
22673,6.103607643463638
22674,0.8464401979824766
22675,6.831657872782669
22676,3.8848536048065347
22677,4.3739805409661665
22678,2.940976123967961
22679,6.217454331523902
22680,7.237100929670871
22681,3.2762081784331807
22682,8.949972600673744
22683,7.138049976599613
22684,8.944105852552143
22685,6.774929253702177
22686,0.5821640800111021
22687,8.176715975105092
22688,4.804176641820567
22689,8.797270018558788
22690,6.433822483306651
22691,6.97450175712635
22692,0.33277726007325037
22693,1.117088461459261
22694,1.3760172940228947
22695,4.413154011651856
22696,1.787444664130067
22697,8.332408750443587
22698,8.914253896841354
22699,3.859338819127374
22700,4.430003460256933
22701,6.101391985489812
22702,8.591347987350977
22703,5.380380707908847
22704,8.449539987793319
22705,0.8029905343136914
22706,2.1551412384078135
22707,7.639707398079862
22708,2.2047872765688177
22709,4.649693210028446
22710,1.7130948712162857
22711,4.076654737788018
22712,2.1444331742335807
22713,4.4240465216989735
22714,2.8781193868794572
22715,7.372912608547807
22716,9.880261985768799
22717,8.487276975653758
22718,5.367471725570459
22719,1.949094458950658
22720,4.977917901430186
22721,7.292938421926349
22722,8.73241658952488
22723,2.0179814065580537
22724,0.7199414204753607
22725,7.370662637430892
22726,6.372545081394805
22727,3.5889121312609387
22728,2.4376968657537033
22729,4.375491001597699
22730,9.78193525670861
22731,3.6108199365027622
22732,1.6589470225241234
22733,0.7120602465712625
22734,0.18551182412043343
22735,3.316382176355448
22736,0.26068110384710186
22737,7.957217739436022
22738,5.0280008436675905
22739,7.991837229698249
22740,9.753920096581387
22741,6.608749357106198
22742,4.4591947547769895
22743,6.725885837022817
22744,8.736188674420415
22745,7.832340684211676
22746,0.6191690388017892
22747,5.719241528748672
22748,2.88810358848717
22749,6.843568102998643
22750,6.321230334909041
22751,0.41836578738802277
22752,6.683245935206233
22753,2.7937748083241076
22754,3.164582950441042
22755,0.8877510748296857
22756,4.633930350179508
22757,0.2722388256600767
22758,1.8175564972974252
22759,3.2475207488697926
22760,5.394557884776999
22761,8.985965807544773
22762,2.602524555937529
22763,3.081111641375062
22764,7.956864749757967
22765,8.789604492421168
22766,4.892628726428735
22767,9.198403269680275
22768,6.975774569502124
22769,7.088206620480394
22770,9.25575427295562
22771,2.4190671539632977
22772,1.6356145666510247
22773,5.171484068793044
22774,2.391237734881952
22775,7.7093949050039985
22776,7.755583716717325
22777,4.840648805878938
22778,1.9059006544508792
22779,3.9968502670395565
22780,9.658579179769744
22781,4.936412258233968
22782,8.953013381423569
22783,3.655420510199256
22784,6.9014159536409965
22785,9.92474563291
22786,4.695174909782629
22787,7.0737910307395495
22788,7.12203032348396
22789,2.4706573116195956
22790,0.2143186513883268
22791,2.5551638612863026
22792,3.2061121018285363
22793,2.2435112728236213
22794,9.463387726049554
22795,3.4213449942980088
22796,4.383547505204374
22797,9.71971807920882
22798,0.7045694080876407
22799,7.93149018858246
22800,5.880182074417007
22801,1.8134620350840451
22802,6.203638440537551
22803,4.474994674270436
22804,8.762030177234664
22805,4.917303995120803
22806,2.6619621394362882
22807,1.7074010243515332
22808,7.4462276723018865
22809,3.5161689351548384
22810,8.999890144074834
22811,7.750520053056546
22812,2.330863610755554
22813,8.76309129506232
22814,1.7336707888828686
22815,5.958853904140952
22816,1.040334263139526
22817,5.369409755037396
22818,1.6357381110947604
22819,7.442733185733101
22820,8.370127523967662
22821,7.251389551522461
22822,5.225012782174816
22823,6.387864007052765
22824,5.764344981264575
22825,6.8357098394721945
22826,1.9198372182928647
22827,7.893427446130674
22828,2.526303694905517
22829,1.9727883726011743
22830,0.6866644668878352
22831,1.3795178451415526
22832,4.693691082405236
22833,5.5684633895821225
22834,1.9445314239395235
22835,0.14448043752954404
22836,5.0961214465511695
22837,4.119245777767
22838,6.962419751604004
22839,1.5802997417332483
22840,6.33544321821331
22841,5.631966615444588
22842,3.260222904794298
22843,6.032454800313259
22844,4.813908280712528
22845,5.8975366779234175
22846,3.752552044878281
22847,3.88045985672523
22848,1.9696012775449594
22849,6.051994124894709
22850,1.7610339632471395
22851,3.3867199282240468
22852,4.274878363749912
22853,8.747953289332084
22854,4.541822399180454
22855,2.48240752005687
22856,3.5753894207619012
22857,3.067549780609259
22858,3.788049435560411
22859,0.12129551459163773
22860,7.763637067944407
22861,9.862843240734657
22862,6.9440861558412115
22863,0.682766934831479
22864,6.952627673747005
22865,3.5657272602642265
22866,7.809053007616147
22867,9.514409781291574
22868,6.3135374260542685
22869,4.786663172791276
22870,3.9179892497082296
22871,4.280350552412383
22872,7.879441339599011
22873,1.3568440395274923
22874,3.4583207389420925
22875,5.40406352881385
22876,0.5726806949924325
22877,7.591807564253131
22878,3.1000567877071643
22879,9.854422200410962
22880,0.8369601951306928
22881,8.219667654695284
22882,7.352424992116332
22883,6.874118869676828
22884,2.988711979585794
22885,9.11910663865636
22886,1.976756814304722
22887,2.253337097139018
22888,6.839861762304467
22889,3.0597119772619745
22890,4.169509054765717
22891,6.393620754232256
22892,5.201129682002177
22893,7.096484652679067
22894,1.6681161747178328
22895,3.1778982995013654
22896,7.2400754090517685
22897,5.368850305964563
22898,3.151779275705407
22899,5.3089293136995614
22900,6.755637384603756
22901,1.1856072959716273
22902,9.656106972456845
22903,8.684350697443154
22904,7.153124192060679
22905,3.0130014045200064
22906,4.390937975046821
22907,8.540879158310657
22908,5.769480746897352
22909,0.17421680432742176
22910,8.680962768654537
22911,7.971537181509658
22912,0.2376690773396648
22913,4.366447338458685
22914,8.700382609032781
22915,6.187156256681639
22916,9.01702703161532
22917,8.94550177022485
22918,3.6311269992642123
22919,5.792011367979445
22920,9.80280718685088
22921,5.226204714487596
22922,8.124126480114302
22923,5.443582680995929
22924,5.899459017215244
22925,4.317785221242814
22926,3.933929799161477
22927,2.268618088340867
22928,8.605459107057806
22929,9.165548717209836
22930,2.394055518811662
22931,7.996544097716763
22932,5.962124549633785
22933,5.328903687983003
22934,7.940779608510794
22935,8.645960869489029
22936,6.439265684552775
22937,6.691390269877823
22938,4.465182072773364
22939,4.411145904858417
22940,8.697651557375393
22941,2.0822109453794666
22942,1.0135472271574817
22943,4.7916206617966415
22944,5.081045083144349
22945,0.6703108985782248
22946,3.0480032599711095
22947,2.1017952445543377
22948,1.1144749048871025
22949,6.937429822069254
22950,1.3595995269324488
22951,4.844998383514801
22952,2.0775456373803762
22953,4.5423686004873085
22954,3.8912664811479747
22955,3.602840182720985
22956,1.5140538872018274
22957,1.3998230491356514
22958,3.123827624372886
22959,8.302133948794223
22960,0.9791604208325033
22961,2.241362868319308
22962,6.261001660177328
22963,1.087150288928836
22964,6.058906760456221
22965,0.2981943314426338
22966,9.074254270909673
22967,3.420381968446644
22968,5.3146635465162095
22969,9.716941171981203
22970,8.75765534880667
22971,0.32272730732616783
22972,1.2156822202008035
22973,2.7150897792489133
22974,5.585346287958998
22975,9.828607018942293
22976,1.768639383322424
22977,9.129748047357284
22978,4.99259347213081
22979,9.796083941922761
22980,8.854741084826847
22981,6.773824126953359
22982,5.904025798226951
22983,9.033428154044604
22984,7.114648534084801
22985,1.087622325520557
22986,1.7967713958283624
22987,7.7129603452969535
22988,1.8673326009430544
22989,8.125702182043414
22990,9.465265676624096
22991,1.3837466428480851
22992,9.890523420934459
22993,5.632795259195301
22994,6.682600835591443
22995,2.6389561335845775
22996,3.484785145550632
22997,2.6472949960579566
22998,7.376750233546812
22999,0.21734059010647613
23000,5.047513545483742
23001,1.1224112727856663
23002,2.0190464998212354
23003,7.083479559243687
23004,8.484313793014262
23005,9.268935925335628
23006,1.6451419639021727
23007,9.461601429839824
23008,2.7321711078171806
23009,2.8249290945686445
23010,7.902275672463712
23011,5.866931365174463
23012,5.412514190806934
23013,4.976878685547669
23014,4.003076857188822
23015,9.128487108944126
23016,8.831347519346147
23017,3.691301984096874
23018,4.826864858195081
23019,0.9309769704790749
23020,9.415684510898798
23021,9.166864966465088
23022,4.8586966871743655
23023,0.5512642326869264
23024,0.1656077879453478
23025,8.325679710929505
23026,8.052379940024721
23027,8.486156264323055
23028,4.5986909389546575
23029,7.849865209128257
23030,6.079352645573687
23031,2.9058984817123252
23032,7.297317442095887
23033,0.40443812846867266
23034,3.490181455626005
23035,3.7808901427006605
23036,7.932923976413008
23037,5.857912038688011
23038,9.785994047007145
23039,6.44126434167779
23040,4.252399065745081
23041,4.0162313691419165
23042,1.2813456685277695
23043,7.804326836896224
23044,0.10707153987597269
23045,6.49445228990301
23046,8.952797499125234
23047,6.7477979682736375
23048,6.071400268707008
23049,9.697817681541094
23050,2.417009914241731
23051,0.6618194394167538
23052,5.208923257626977
23053,8.771040358986406
23054,3.873750766790452
23055,5.382475416047136
23056,2.628399916561754
23057,7.2259159990959
23058,9.673998768476308
23059,1.9829862924061121
23060,5.640939061129626
23061,6.212266989779921
23062,9.88433170545529
23063,6.098024464631825
23064,8.24141134319518
23065,3.597918209881115
23066,9.699460288060951
23067,5.992043188561775
23068,9.673840583735604
23069,4.720767390680762
23070,5.644391159296472
23071,6.579191292235557
23072,3.0822474650489635
23073,7.186023575883371
23074,4.202492643794417
23075,5.083686545909557
23076,6.2583611970620865
23077,1.050977531825786
23078,8.620875697190801
23079,0.7705925476604224
23080,7.869468838152407
23081,8.256417455338172
23082,3.7595327952820394
23083,5.614332494103446
23084,2.786600951934106
23085,1.1976467252488434
23086,9.557363343886111
23087,0.36625319773913356
23088,9.924659575813658
23089,5.5308063472097535
23090,7.934471313485364
23091,5.683669169368895
23092,5.563450104552138
23093,1.669105583971212
23094,3.955577656121573
23095,0.29312966812102187
23096,5.995197548204097
23097,4.60388512067428
23098,5.403082296533384
23099,9.236068945687018
23100,4.6005367280691045
23101,3.8085575205130584
23102,6.417198990374212
23103,9.939750365975506
23104,8.333160370550791
23105,7.697130632608754
23106,3.6874145007986874
23107,9.610743713111816
23108,2.763205417171363
23109,2.5583811204374185
23110,4.101517886465832
23111,6.662459925074198
23112,3.455134669529895
23113,1.6784668364606754
23114,7.539004016646456
23115,2.3691371291003334
23116,4.98134979916053
23117,6.737232905985581
23118,7.7450014519629065
23119,6.857293138666457
23120,8.848405748624515
23121,8.129886775754569
23122,9.647008939770656
23123,4.345563864331202
23124,6.192720053139216
23125,0.5615659301988225
23126,0.4516861989877825
23127,7.151791614615157
23128,6.374240679613217
23129,3.611686564930387
23130,3.1692190116304495
23131,6.597896216336112
23132,4.272243650260949
23133,8.431987464910586
23134,3.551874667158597
23135,3.5544433580024206
23136,9.126143247134735
23137,3.0198224746713316
23138,5.599537880113708
23139,5.150573093091582
23140,5.151810676566969
23141,8.416336140210166
23142,5.418003597586965
23143,5.648685796039617
23144,0.20759321137284015
23145,6.234258300767135
23146,0.3305841880602519
23147,2.800257636065859
23148,6.437443975390039
23149,8.260947533993487
23150,4.232765697163227
23151,3.073449896806107
23152,7.940049480597888
23153,5.12240565731855
23154,6.717637256502562
23155,6.084034606087465
23156,7.690518771842926
23157,7.95042211476819
23158,7.139062413999148
23159,1.3557607088300325
23160,5.295033781872451
23161,9.372354138247077
23162,3.596266469115174
23163,1.7542890847203199
23164,0.2733442497091499
23165,0.759179792134391
23166,2.878551049723032
23167,2.00892433396922
23168,2.321863972894096
23169,2.390106119072734
23170,9.398505299637351
23171,3.2507532894439994
23172,8.663144374349317
23173,9.128766284579557
23174,5.476378422435717
23175,4.625110478064739
23176,7.445704305381262
23177,8.245859955904773
23178,5.9930891652380325
23179,0.1717433296421273
23180,2.2320559397001585
23181,0.5878257272504389
23182,5.550229076742168
23183,3.046375128549208
23184,2.455667561695045
23185,8.401149039016646
23186,2.0994045413797457
23187,9.145274259052266
23188,9.461496539894263
23189,8.70041872231166
23190,0.5936710622347818
23191,8.06463328106209
23192,2.6442810984337077
23193,3.1675054120642177
23194,1.3152916948738502
23195,2.143944329817613
23196,0.9560589242998471
23197,6.705193678043567
23198,8.889171859594406
23199,5.435871004803348
23200,4.097956644853835
23201,5.012733638138299
23202,6.028130029937225
23203,1.585613963308422
23204,7.623188448604278
23205,6.657079451014041
23206,2.39486205135413
23207,1.221766837281635
23208,8.738488733877084
23209,3.6192735076104814
23210,3.179445177068918
23211,3.4304526147286163
23212,4.056874509350632
23213,5.079197276451317
23214,2.484283722860426
23215,6.1581089453827484
23216,5.839130383994101
23217,9.2082382946074
23218,9.28126169447297
23219,9.558690804886721
23220,5.9820013528416345
23221,7.5847208002264574
23222,8.436358175621901
23223,2.220078008470486
23224,5.406814405557239
23225,2.261403315202676
23226,4.19105471031115
23227,7.788184420071178
23228,3.804817450864948
23229,3.9139463658495255
23230,1.6267574838075056
23231,0.8580635591305392
23232,9.015972757710598
23233,1.2298167766918837
23234,0.8790575453977139
23235,0.32039641611780634
23236,8.442596813784572
23237,5.010080466001755
23238,0.775081693732553
23239,3.355637657342208
23240,1.9927608975761038
23241,9.550846693302173
23242,7.156957317925735
23243,2.39499429002062
23244,7.936696849808922
23245,2.8200174089021193
23246,5.820300690223175
23247,6.773828888641721
23248,4.7417788680245385
23249,4.639799958540148
23250,5.525083566350826
23251,3.227752460733977
23252,4.831031381403969
23253,6.432244426839165
23254,7.306608705652861
23255,5.0724513185516455
23256,1.3129223682495814
23257,5.369170049985849
23258,2.5251921930012724
23259,3.19610386210103
23260,9.086851076352069
23261,2.33647910939093
23262,0.2738485236837117
23263,7.150153038643858
23264,1.3025710111378186
23265,3.9552442520112403
23266,5.290483376904151
23267,6.550119263746487
23268,2.1878958189213895
23269,1.0855308711388822
23270,8.377537260469913
23271,2.027513261683835
23272,5.777610207644546
23273,7.081802766401923
23274,2.8240783923547657
23275,3.700447836448573
23276,9.266949239332014
23277,2.9021060688125506
23278,3.6568949803637234
23279,7.283129620315842
23280,6.822884181715585
23281,2.353910500762715
23282,0.9979978335493748
23283,1.1926999777218557
23284,7.214987163910675
23285,1.6392683260974155
23286,1.1163829590251817
23287,8.308235490734962
23288,3.380483726258425
23289,7.184490325792272
23290,1.7245882524914768
23291,9.455195021975156
23292,1.0757557821917743
23293,8.301388129917271
23294,3.9575592224133818
23295,4.8828991678863956
23296,9.216149359102413
23297,6.192296810599103
23298,3.0018917753106833
23299,1.0683316874507922
23300,7.005093367673578
23301,7.805794427478971
23302,1.1056330807402661
23303,4.1012089791531725
23304,1.59880824681144
23305,2.9658943870853927
23306,1.4300337234218667
23307,2.667168250024623
23308,7.8789265453794695
23309,9.727804530757671
23310,1.5301605246926433
23311,3.8406203085547084
23312,2.0634072349340453
23313,6.711241339676868
23314,4.015880887167362
23315,1.6332058759944381
23316,5.374686636540556
23317,9.830743586017974
23318,2.9334000368656827
23319,2.874642786143222
23320,7.521363739151889
23321,2.1048738819258554
23322,8.39951660385953
23323,4.12786967372928
23324,1.330586223048784
23325,5.959750193718353
23326,0.7554046797282159
23327,2.7819214630981857
23328,3.911391247835572
23329,8.68822070281766
23330,4.414653147985484
23331,2.954264360415869
23332,7.530595413216292
23333,7.956095967708541
23334,6.712545945680124
23335,4.157085295694671
23336,7.596239682412882
23337,8.874337409686404
23338,5.059974317838312
23339,5.8705882638758435
23340,2.166936806735476
23341,2.980530787638575
23342,1.2091062635287957
23343,5.03118877408233
23344,2.3698938246995525
23345,7.429015412317738
23346,9.410428935580567
23347,1.3325388724910237
23348,3.0341897847697648
23349,9.89421934394464
23350,1.3941889181425038
23351,6.6569041422640005
23352,7.79350528749609
23353,0.6070985014677168
23354,1.6573501856539408
23355,5.608821742143968
23356,8.164816877290857
23357,4.523106338372479
23358,9.029912134745732
23359,1.2588881972261405
23360,0.23034771723856767
23361,6.5677802538953305
23362,5.259541991039823
23363,9.068174745633176
23364,3.0720475120724746
23365,2.851622270315735
23366,1.2666916880325119
23367,7.722145049142587
23368,9.927976811104928
23369,0.5406747705500791
23370,9.325251455528552
23371,6.602158039551325
23372,5.308092696797191
23373,6.551778346515758
23374,8.94078402001345
23375,1.6282690418559167
23376,7.006341588198678
23377,1.0906247431392873
23378,7.051184375495794
23379,2.108737737584287
23380,3.336451331802814
23381,9.908445256465974
23382,7.34070675980856
23383,1.0056447034529372
23384,7.664102331950693
23385,1.9512328120830251
23386,5.409526079386363
23387,2.583876155226553
23388,3.090051010963285
23389,8.21887234375285
23390,8.686438049899358
23391,5.764694919515311
23392,3.3898467556735237
23393,1.513286037679307
23394,3.408071489978286
23395,8.838830461593256
23396,3.096375787635907
23397,6.5433494426457655
23398,8.182838141485542
23399,6.763549990946131
23400,6.016954937294389
23401,9.88552054431161
23402,4.875659105240951
23403,1.135843119189327
23404,8.565387726575942
23405,0.2313197115890182
23406,8.032101676156678
23407,7.835075814491054
23408,3.020625232086776
23409,5.426670102669173
23410,8.522561361582213
23411,6.45844228192132
23412,6.25677695692018
23413,3.9032969002941558
23414,9.13926427945188
23415,4.840196664770377
23416,6.376025583129372
23417,4.855401049546245
23418,7.63851584075017
23419,7.39100757706303
23420,1.9769869619975222
23421,5.674187057138731
23422,2.451137766665512
23423,6.962459461082396
23424,5.346809901572113
23425,7.22413430010948
23426,2.1107515122524827
23427,2.7598277128733595
23428,5.360125132231977
23429,1.0772140477893906
23430,9.927919760266585
23431,4.081722435568328
23432,2.688135524278463
23433,0.6451015799406611
23434,1.2895845037461622
23435,5.518465712871756
23436,9.356523974267107
23437,7.2889809212766625
23438,1.4202558313236808
23439,3.6363898028978836
23440,0.3855387247476503
23441,8.772620556993273
23442,0.6370296294555581
23443,3.80755129744508
23444,6.238644500874448
23445,4.024396333720733
23446,9.360927741920554
23447,5.104263796507892
23448,9.28131116318643
23449,3.939115947036966
23450,9.687840430398243
23451,6.626331731315032
23452,7.9850069325046
23453,4.618597046215606
23454,1.6101653932408164
23455,5.2507520247007475
23456,6.577419621011287
23457,7.025191621842557
23458,0.9424765008457744
23459,6.14226417941716
23460,2.6970801401556352
23461,9.82987054559477
23462,1.8122252652254918
23463,4.484210762578655
23464,1.8392735985697928
23465,0.9555762825483873
23466,1.559476630465733
23467,7.978615749924996
23468,3.154002902244884
23469,5.780010489258486
23470,7.0059913424519396
23471,3.7681327077741913
23472,1.675232569139839
23473,9.094901742736148
23474,7.782183834143894
23475,2.3989197167968377
23476,1.4739291055262769
23477,2.12666257084926
23478,5.601406449660196
23479,1.1062500576562444
23480,4.465404379791492
23481,1.7949828941011543
23482,5.379621014285504
23483,5.950097626300654
23484,2.989981142196457
23485,2.070549559330227
23486,6.107051929757976
23487,1.8411342422813581
23488,5.815416291484607
23489,1.0082699957635726
23490,8.097149046115256
23491,8.32067376475525
23492,0.8285511150408001
23493,8.781039510505972
23494,7.964303602451412
23495,8.957687129240231
23496,4.8023923991719615
23497,8.258635029663123
23498,9.976943992796294
23499,5.95157492676749
23500,7.414655893739629
23501,9.173549289889376
23502,4.628274035036239
23503,2.863507259196606
23504,5.847686334493083
23505,9.786540909366913
23506,7.622793202153552
23507,5.731297939975946
23508,2.8760175861574884
23509,1.9653483199437423
23510,7.505619518416578
23511,6.3936421977173685
23512,2.5394131547346346
23513,9.035273249883003
23514,1.3687129270078573
23515,7.711483648116901
23516,1.5000514780040732
23517,7.067913783895457
23518,0.797012590011374
23519,1.3978056228635756
23520,4.641162145955214
23521,0.7438783053722691
23522,9.323278641715076
23523,1.4404806808134005
23524,0.3058780059003871
23525,9.292303000998356
23526,4.42477780972511
23527,4.840948316254644
23528,0.6906150178362934
23529,1.3279207174700973
23530,5.969999109633215
23531,0.1210486827644364
23532,4.034246586668031
23533,9.240175488812206
23534,8.614414550626813
23535,5.066346545456034
23536,1.8385090420689976
23537,8.023055783216227
23538,0.4150802964214081
23539,0.46371097188545296
23540,2.9786372217916846
23541,2.6734249082888604
23542,7.901034780255863
23543,9.790261576810593
23544,2.2298196627194224
23545,7.69376717666112
23546,1.1456075603310272
23547,7.012713427901841
23548,6.1058769327265985
23549,7.869679901829184
23550,4.324725193651679
23551,6.422226038959462
23552,8.085898092266273
23553,5.691616847124513
23554,7.181153191975908
23555,3.5754638771399794
23556,8.620617545345024
23557,8.335953370212824
23558,3.0286181893399258
23559,5.753485242900548
23560,1.773156598689522
23561,4.1936243527918835
23562,4.736490333602188
23563,7.685173837506746
23564,5.2362592886702695
23565,4.517773452168516
23566,9.320467460781853
23567,0.27912875257648817
23568,8.913431366615836
23569,4.25374722515781
23570,6.494161492624136
23571,4.823659750404398
23572,5.098723725563237
23573,4.638374317633474
23574,7.2036248010169475
23575,6.595594390478612
23576,9.030885170164893
23577,6.352753530188232
23578,7.32236866991978
23579,0.34355772290176767
23580,6.235152349466909
23581,9.652164736823188
23582,9.487689054902347
23583,4.323755624438183
23584,3.6653578428143123
23585,7.00565333115783
23586,3.392062290207403
23587,7.836489670879527
23588,6.558493958448398
23589,5.746969354519904
23590,8.942840452724843
23591,7.06790296953007
23592,9.483114049128956
23593,6.94564817773181
23594,1.4446466335519301
23595,7.349641898151525
23596,0.8132915474754087
23597,1.3884853030842594
23598,1.5938256044243517
23599,3.0563952485631036
23600,7.633498827562216
23601,2.649422281511289
23602,3.944089355450724
23603,4.563666656422077
23604,7.476983532312368
23605,8.866962692201177
23606,1.056514092472018
23607,8.961388176203668
23608,4.020677201663001
23609,2.543843252652798
23610,5.898098320038037
23611,7.684391526456572
23612,0.7053487637091901
23613,5.867816718216366
23614,8.831471097431402
23615,5.969481018147498
23616,3.5756065070028105
23617,5.776403169978617
23618,4.488905298780567
23619,7.511769831767488
23620,5.22731444948115
23621,2.9285552579345704
23622,0.4702681725756571
23623,0.7461386750775754
23624,0.7402423626032334
23625,5.824536232740592
23626,8.231236756509935
23627,8.028745851729813
23628,4.900472131654977
23629,8.013802275904421
23630,4.646557391614214
23631,0.9733139285802378
23632,4.856108062232943
23633,1.6459277309647025
23634,1.7212474500893409
23635,2.992440991254133
23636,1.1409622815643998
23637,0.8029437150195261
23638,7.7175489544200335
23639,1.8590300231806618
23640,4.368195416691841
23641,9.341038466051963
23642,7.581488742023317
23643,8.494264725771236
23644,1.9028887707210875
23645,1.3298612635963238
23646,1.3987426345178726
23647,4.658247162846466
23648,4.827106394706079
23649,6.377150467739632
23650,1.4871352035834544
23651,3.4680556383342793
23652,7.378767965443257
23653,6.408449432249868
23654,1.468229520025201
23655,9.868545822817117
23656,3.4892015616456065
23657,3.170230739572904
23658,0.532915664817944
23659,4.744228770849624
23660,7.562502723108767
23661,2.5123033250766245
23662,6.985377759411171
23663,9.497435582913674
23664,2.516542502860303
23665,0.8998249506204058
23666,0.7738884285042346
23667,6.923683223094455
23668,5.264770348077078
23669,8.601220791123952
23670,6.032323108001521
23671,0.4555271832003486
23672,8.360800672149168
23673,0.742351714013436
23674,8.21301055284293
23675,0.42245546967586856
23676,7.456619954115253
23677,1.149667844055866
23678,5.897373577084487
23679,1.162289111980212
23680,5.86362227246544
23681,1.8320067328543335
23682,0.6406558479160376
23683,1.0322014249417135
23684,3.1844224916011075
23685,2.30672366202071
23686,6.684174907717997
23687,3.8207014607282574
23688,2.1045097541605013
23689,2.4734302652030915
23690,1.3731109332400726
23691,1.9054358991114417
23692,9.992339840758211
23693,5.100215104242794
23694,5.331962269828129
23695,3.8720618414000074
23696,1.9846987366320343
23697,6.812728602948834
23698,8.9470655657182
23699,6.221788588921215
23700,6.503806948396244
23701,0.9948636698309896
23702,4.87672545440508
23703,1.7994525632886003
23704,5.451865569713777
23705,5.243632743164332
23706,5.4562539469577835
23707,7.2395705671910475
23708,4.813480288831903
23709,3.4152383958821186
23710,1.6857352918531863
23711,5.981566653001769
23712,8.095565888561023
23713,0.12439978612562637
23714,1.4189578377762138
23715,8.510530293607971
23716,1.450740536333319
23717,7.21878144875856
23718,1.4549044942446716
23719,9.160167122374911
23720,9.146863241314806
23721,1.8797645081115968
23722,0.2992125816600137
23723,0.7059972353208072
23724,3.594101567627268
23725,9.219292177830475
23726,5.75571994691803
23727,9.552714448629146
23728,8.865247756478459
23729,7.467188075612278
23730,0.1923547980589893
23731,4.556749499695088
23732,8.935630845827001
23733,1.1050017841507405
23734,2.4210158513651625
23735,3.0967337996443267
23736,0.12609476868560696
23737,4.170890416364948
23738,8.31937295327778
23739,4.557902007214052
23740,8.610826376514192
23741,7.0185553530607905
23742,2.3266895816091266
23743,3.0684803459331436
23744,6.125902751833687
23745,9.592677784525778
23746,4.546666914239809
23747,4.927673224730413
23748,3.834602081009199
23749,7.633611041732541
23750,4.999666042818612
23751,2.810652992097075
23752,1.216055531216558
23753,6.400234557935363
23754,2.3126413110648207
23755,6.485121932691692
23756,1.9526671653087964
23757,5.17741892037797
23758,2.426994406758907
23759,0.36734684317957833
23760,2.2989757118419685
23761,4.431385186504207
23762,2.7719615704337617
23763,4.575130924723589
23764,9.751035404154186
23765,1.2928995176508709
23766,6.818726047697859
23767,6.150485440992518
23768,8.0927752720975
23769,9.820913446443209
23770,5.908946472459596
23771,4.803310866586059
23772,3.440382570268193
23773,3.5601853938726347
23774,0.11490165337846074
23775,7.89321953233895
23776,7.232519151789342
23777,5.717950090853286
23778,9.427905637034899
23779,5.875612434455499
23780,5.506778793811383
23781,8.584708047197301
23782,6.438560105566288
23783,2.121688601376758
23784,6.2458397230649405
23785,6.844338329562299
23786,6.507039534237113
23787,0.6114194773806932
23788,3.490179165732298
23789,5.775279035403567
23790,8.346678436901136
23791,4.571897606554017
23792,4.203792892407752
23793,4.824829171821537
23794,5.640784565044526
23795,8.985469801177521
23796,1.5362449783403689
23797,1.5234429757000616
23798,4.49324817146714
23799,8.156848684509814
23800,3.0037974516117694
23801,4.86002823046059
23802,7.033774548629059
23803,1.3096419103772787
23804,7.2277710726754005
23805,6.307250075199016
23806,3.010940249028414
23807,6.740011098839653
23808,7.525306466703125
23809,5.234670615715597
23810,7.284542263448673
23811,9.65351956689279
23812,8.456588762993116
23813,7.11447846752433
23814,2.4541471198286207
23815,7.262558468029166
23816,6.910727783535711
23817,1.882326043111197
23818,5.114040614994581
23819,6.972279845199794
23820,9.54767365280476
23821,7.604413529173197
23822,6.526257448728676
23823,3.4810381391823753
23824,1.580349179456527
23825,8.843664904948943
23826,6.606314641993971
23827,8.63327156780966
23828,1.590863924059305
23829,2.456214506137669
23830,1.4404310344567044
23831,4.66416795431738
23832,1.984074175934726
23833,9.205751625011224
23834,6.439846581238275
23835,5.640583545704568
23836,8.254689447878118
23837,4.676687031892612
23838,5.780630482406038
23839,7.8595987083071055
23840,2.7801362442271493
23841,2.970947399429173
23842,5.452930230485152
23843,3.656292231798721
23844,3.2371113509191276
23845,9.257337862682139
23846,2.609834697849547
23847,4.732956827581669
23848,0.9152182318972135
23849,7.098482697377329
23850,4.193740748434165
23851,4.864098869565499
23852,9.472585071590146
23853,8.887354977581754
23854,5.3959162806678815
23855,7.76676633838369
23856,1.023995332907556
23857,3.4974452506105504
23858,4.016641328203613
23859,7.31933357217064
23860,7.628211313808579
23861,5.567291818183365
23862,9.187724325642911
23863,3.832141113522965
23864,9.842589119928357
23865,8.290312686794787
23866,5.669974539608402
23867,7.642362419473763
23868,5.483035706340208
23869,7.130839322831351
23870,9.049872788315557
23871,6.598695416145464
23872,3.549993529586707
23873,4.2335842509252455
23874,3.6604952767676124
23875,2.7219414000606545
23876,2.1911675873659977
23877,1.184795150791538
23878,6.272094412871183
23879,9.887912815436914
23880,4.128598008289737
23881,6.718784993051243
23882,3.9589926907399335
23883,7.572587941913173
23884,6.300325366391555
23885,7.176356271342316
23886,9.612687491345534
23887,4.834210825488418
23888,2.032691335047348
23889,1.8675014862525723
23890,5.066009349010222
23891,2.4736962803912816
23892,3.8950279143891535
23893,9.62902483570113
23894,2.088641864344053
23895,5.24540474653563
23896,0.46983254560582743
23897,0.18033005984796857
23898,6.555498064273092
23899,5.845065196706567
23900,0.35862687955219186
23901,7.317801703550126
23902,8.82442677653842
23903,3.55967023750861
23904,8.826210965052503
23905,7.93291713150324
23906,5.520958621094484
23907,8.767841552698004
23908,8.276377494213818
23909,3.8150514291966933
23910,5.669039168410341
23911,0.18835242575930378
23912,9.837401453312296
23913,4.70073419519418
23914,2.891803148670127
23915,8.92173864144561
23916,6.890105637985129
23917,4.111795485363603
23918,3.9172569563635147
23919,3.2673429013205153
23920,4.92793730999341
23921,3.1346278221586745
23922,3.5838838462144347
23923,1.6449737829537234
23924,5.339364885099511
23925,8.521893024376777
23926,5.407232321224144
23927,7.782911501409011
23928,2.6329209516217444
23929,8.64898897640109
23930,8.943145626404624
23931,5.858011610576372
23932,5.588738430923998
23933,3.797787746418096
23934,6.058970525220366
23935,4.664243078013694
23936,2.971114346247719
23937,6.1681912888875186
23938,8.827152840150042
23939,8.151539559180488
23940,7.476653588511692
23941,5.376297862078869
23942,8.69401326202625
23943,8.984599993386103
23944,8.08171968525959
23945,9.71102232786606
23946,5.318585561350921
23947,8.158702992964109
23948,6.949251219621959
23949,4.620346710728736
23950,0.7670656371167953
23951,3.6151371935565373
23952,7.20685371654338
23953,4.710633763054656
23954,0.7514506555308971
23955,2.380589054394805
23956,3.682614182531443
23957,4.939295187644564
23958,7.81293762856526
23959,8.71819287418229
23960,9.432393644675892
23961,4.696179832830485
23962,8.770362035673438
23963,8.10811157117708
23964,7.464718328149964
23965,4.275214771426027
23966,9.506669269478632
23967,4.974892101691434
23968,8.36386806766856
23969,1.7018723390204245
23970,7.139725358444488
23971,7.970184069706434
23972,3.8850021242022597
23973,7.736749937759353
23974,1.546056886861968
23975,2.9175503482422456
23976,1.0791475893487459
23977,4.647650734141702
23978,9.96624188990253
23979,7.896221405259056
23980,8.276449377140658
23981,9.662387543385934
23982,5.947965107304777
23983,9.801381268287068
23984,4.859806147571634
23985,4.175950615602904
23986,1.1651370522505637
23987,3.2742942124675642
23988,3.5405147465125757
23989,9.943740091818166
23990,3.003090623843952
23991,8.71604144326826
23992,7.215351172157133
23993,4.337924100672802
23994,2.825873109989542
23995,3.986347469539446
23996,9.797392829352038
23997,1.079787370220261
23998,8.30013676667631
23999,6.536424114602279
24000,7.386596647355686
24001,1.7953065006484255
24002,9.314220196885834
24003,9.449921792663998
24004,9.259901531152298
24005,3.207273967535056
24006,0.364716583644495
24007,4.197711763983909
24008,1.8575294343907884
24009,9.680073508909324
24010,1.697644339675796
24011,4.614068409205512
24012,1.9655383137859856
24013,4.632748771659299
24014,7.823311485455198
24015,7.329540387904304
24016,8.504718244421165
24017,8.925593868251658
24018,5.003580159678387
24019,2.5196306070042165
24020,5.500103711441863
24021,6.069664090129405
24022,2.902520301218538
24023,4.47081540652264
24024,5.245522983741769
24025,6.7593163801339085
24026,2.9012703403283844
24027,5.729840275979545
24028,5.596537419499389
24029,8.906641796935084
24030,5.088775468371136
24031,5.371541051843947
24032,1.5193464345791037
24033,6.958393178872011
24034,1.8504928220584715
24035,4.032131730297618
24036,6.5261903860394455
24037,2.9422725245250185
24038,9.506899531141562
24039,8.47033867983879
24040,3.56555031749702
24041,7.384783192041284
24042,0.9635674328873363
24043,8.225681719497953
24044,4.202669372588604
24045,8.721942458594093
24046,1.6386122110715664
24047,3.6675626023803742
24048,3.8747561143414058
24049,5.980616413204255
24050,8.707303562455449
24051,8.647377591837115
24052,4.322556498994071
24053,6.070614099914207
24054,6.414676030873291
24055,7.357717156202836
24056,7.620127962037838
24057,7.478462497323333
24058,9.39722575496759
24059,7.884337367904735
24060,5.349172111735164
24061,1.3294396513710254
24062,8.061367202713276
24063,0.23147796819106214
24064,8.647618617514842
24065,3.134130108171273
24066,6.945306829528651
24067,3.4168446020860963
24068,8.221536168186752
24069,6.698522648254047
24070,3.515703661369453
24071,0.46380895401162114
24072,5.971702805529252
24073,1.6346061966899657
24074,7.954906812648293
24075,0.140242598380509
24076,2.084138595733717
24077,1.09299666757787
24078,6.384835256681358
24079,6.546119973600065
24080,7.8095201624016495
24081,3.2205594143207366
24082,9.956183045544636
24083,5.009220485716677
24084,5.276103355982935
24085,2.1061351857686454
24086,0.11606946418284582
24087,6.374333429352093
24088,6.03087443027637
24089,5.727619296429538
24090,1.9769620745804306
24091,7.703520943252647
24092,6.650843957415791
24093,2.538758375621096
24094,0.3240782199135539
24095,8.02391826879333
24096,0.34400052384800106
24097,3.948191211199704
24098,9.662677128471385
24099,9.169044047708315
24100,0.19437249155876285
24101,8.958888011514071
24102,6.82984741800973
24103,9.57465175941119
24104,0.8291183006552992
24105,4.254499598911552
24106,3.4364028682771326
24107,4.8603129451905085
24108,0.7658598592659284
24109,7.366400917210607
24110,2.8434189520317887
24111,8.515948454777291
24112,2.269055543260323
24113,1.8530495137048923
24114,5.952787030003251
24115,8.824536012681635
24116,9.349864482862971
24117,3.106168269074435
24118,5.230557223496608
24119,1.9651948710054747
24120,3.2510465021374086
24121,6.843538354210696
24122,6.164293501859488
24123,2.0464149792829947
24124,7.65232703336666
24125,7.700001689514245
24126,6.123042946882612
24127,3.43971314279958
24128,9.69334791817251
24129,5.024450249979084
24130,1.7084312397830759
24131,1.7028336171550071
24132,8.063043716765417
24133,2.15039771422114
24134,8.310916189354009
24135,6.4313245237781755
24136,4.250531263912596
24137,9.776243887774823
24138,8.355435500014117
24139,1.7573348182247361
24140,3.7365399448811765
24141,8.896181463866347
24142,8.879665184592044
24143,4.479248679126057
24144,2.5690631966614172
24145,0.8451094932117
24146,1.2675035981455307
24147,5.4825341606948355
24148,3.4736084926071027
24149,7.61269549063629
24150,3.765951902880377
24151,6.3815613263397895
24152,4.144694920977858
24153,5.42948073815557
24154,1.6939894018289028
24155,8.678969459762213
24156,7.919995927088166
24157,2.3177996032566734
24158,4.526408949761234
24159,0.8726758568367564
24160,8.047557891645726
24161,8.20687182822709
24162,8.942385008275815
24163,9.713856539989475
24164,5.322273034949547
24165,4.385533622872557
24166,5.314765092592704
24167,7.988780120088691
24168,8.064624993292274
24169,6.998621400659775
24170,3.732238313781568
24171,7.189281831614137
24172,4.717751602334117
24173,7.20541946407429
24174,3.3308181965725585
24175,5.156814256711205
24176,5.3340149562431955
24177,0.5266198175319673
24178,0.9124675578265702
24179,9.353741851917754
24180,4.298328239874205
24181,6.391065417086345
24182,1.5938017193253888
24183,4.605900978000234
24184,1.6020752407641867
24185,8.571283590007669
24186,2.3635209179293226
24187,5.9358128048713805
24188,2.8019031868570456
24189,4.780642626816585
24190,7.4605413673873
24191,6.616536028162714
24192,5.071316468273309
24193,2.8651273661437213
24194,7.590469396830556
24195,5.201873417889109
24196,5.925000217118737
24197,7.296465374191755
24198,9.302005156685905
24199,4.787141327171017
24200,3.425327849053679
24201,6.549675977177265
24202,0.7017328736188964
24203,3.7266705430547002
24204,0.10985034814199092
24205,8.450963549701573
24206,2.833220598560919
24207,3.9074055007796167
24208,1.2983330528860484
24209,0.8010250546868696
24210,6.393178803367683
24211,8.899393010259628
24212,1.1164944934620045
24213,3.3626756168520853
24214,6.165916682417304
24215,6.029107926062192
24216,7.374244664881631
24217,6.496596978739575
24218,2.3866405999806974
24219,4.1579131913084915
24220,7.703454133373305
24221,8.709452050762799
24222,4.505211271890487
24223,1.7146027298521826
24224,1.3454758071317425
24225,7.774766690003213
24226,0.6131285532966467
24227,6.207003073412782
24228,3.4692739040181166
24229,6.802416363409516
24230,0.2731717476525136
24231,7.405496542707817
24232,3.301789935312212
24233,4.120034673905313
24234,7.6751574243587735
24235,3.1014134477238477
24236,7.015068723712957
24237,8.385954664908787
24238,9.44702684843583
24239,3.836589793197293
24240,0.834514523425127
24241,5.354474330510112
24242,7.156859764831321
24243,3.2775309025207022
24244,3.2248550551678283
24245,9.632419375985027
24246,7.130282597897681
24247,3.745093887361597
24248,7.390487608272009
24249,6.427440976014368
24250,1.0405072525016763
24251,1.9387049485560013
24252,4.567096879009684
24253,4.03380725440032
24254,6.306883632556614
24255,6.419921683582303
24256,3.3059399627340835
24257,1.4449195671563047
24258,7.427136419488384
24259,3.8855865624104005
24260,2.9627892985721203
24261,9.939946951335697
24262,4.156160402233363
24263,6.284879996925762
24264,7.031815990669723
24265,3.0868834735732276
24266,7.4248741449554405
24267,9.072806710247525
24268,5.161199669555108
24269,9.489210860275312
24270,9.927871980634992
24271,8.275167760967443
24272,8.254060496645014
24273,5.192528391371597
24274,7.701931738368569
24275,7.871915366756154
24276,2.789951106749754
24277,5.776459556589112
24278,5.5806782611269465
24279,8.20820188976512
24280,4.800565637300653
24281,4.956775536834691
24282,2.803341629912649
24283,4.365518806835828
24284,5.2526599408643735
24285,4.950674125911402
24286,0.11429722762979146
24287,0.7736236719246935
24288,2.8998615581129754
24289,3.4553667990097656
24290,8.955451869752643
24291,2.3844842626954525
24292,8.139220762512812
24293,0.6265643440843709
24294,3.5642836056668097
24295,0.1860684088125617
24296,0.399196846359702
24297,5.948492639213075
24298,7.700456793978749
24299,1.1601994902953092
24300,1.0115721836254896
24301,6.731609452253744
24302,3.1382439438910685
24303,4.796142672984659
24304,5.340534744213461
24305,1.5867803850106208
24306,6.348577749007024
24307,2.5912044716778992
24308,5.11121966700588
24309,7.780223716498689
24310,2.26238257580497
24311,8.266150519119282
24312,9.377937808355988
24313,6.079391592080488
24314,4.804031625630388
24315,1.2911495153419479
24316,4.461502269899091
24317,8.373919812042486
24318,4.174737313773921
24319,9.936756222112049
24320,6.663062835439539
24321,5.351689009995742
24322,1.6440470739852024
24323,9.174643902761364
24324,0.38531507972855095
24325,1.2467799666224515
24326,5.692005045054307
24327,2.632235498918331
24328,9.190438460166298
24329,3.383388610796362
24330,3.561570536924198
24331,7.311409576922329
24332,6.528899397490626
24333,0.7540628069611641
24334,3.037158401513949
24335,3.853980523235698
24336,3.947102729819606
24337,3.5723600919770595
24338,0.22879223058012912
24339,2.0301097207601826
24340,0.5134868607557567
24341,6.7032599542984
24342,3.6376869155666305
24343,1.4286835169061223
24344,7.201565332745896
24345,0.47263753681625154
24346,5.272558150576567
24347,6.099736773970419
24348,7.720796091863358
24349,0.22281246163601343
24350,6.220167227073168
24351,1.869717832770292
24352,9.093430033583946
24353,1.8855540773264114
24354,3.8432505367422105
24355,3.2728855234308254
24356,5.866626764480392
24357,2.963839321897312
24358,1.5313094145986066
24359,9.577411176188308
24360,5.253374160297266
24361,8.194876217166147
24362,6.267226293666963
24363,0.492051816780646
24364,3.5356120110582956
24365,3.0972598142118137
24366,3.3480996128590395
24367,1.958637620876604
24368,8.326900406385004
24369,9.181512179009578
24370,2.745996965936806
24371,8.968244027034919
24372,4.166804075414788
24373,0.7915714844596423
24374,0.6717736581432382
24375,4.2638100980266636
24376,5.610951930615493
24377,9.209978966762872
24378,3.5516605392040983
24379,9.966636523437108
24380,4.567847514513984
24381,8.065999729287515
24382,4.681921278022852
24383,0.37343838540453667
24384,9.437133378394174
24385,9.237969423766966
24386,3.3860511079985813
24387,9.253948493327897
24388,1.6976206839223478
24389,0.3397467144808658
24390,6.315164013607849
24391,9.36743744496955
24392,8.837208045925161
24393,6.224830277034206
24394,4.876458887454988
24395,9.156474471564543
24396,7.362156427382773
24397,5.305513399050339
24398,8.78804920132071
24399,3.005964754623659
24400,9.511307647121377
24401,0.6134000436751659
24402,4.90220664079883
24403,1.6753132830722264
24404,8.82246382667701
24405,2.4110895736731326
24406,1.0950861415207513
24407,0.17477980804993865
24408,1.4134293000251763
24409,3.348940457056525
24410,2.54079199898789
24411,4.264408397394136
24412,3.0287356991351078
24413,2.3896862901789104
24414,3.638676122952908
24415,5.724342983628185
24416,4.845305859672816
24417,8.40526687166583
24418,3.7067431041545666
24419,4.384504304389974
24420,2.463697221553503
24421,9.34724804577913
24422,8.46119419087494
24423,4.935673276666066
24424,0.6425569847367619
24425,5.699201780538107
24426,9.136210479582681
24427,5.643807684762674
24428,6.571176960185035
24429,1.4493982201352131
24430,6.257022524735763
24431,3.5673692927789817
24432,3.134076754072047
24433,2.632783443265218
24434,6.810855027308621
24435,2.690236979995169
24436,7.575932202125726
24437,9.889210677456475
24438,3.402532419339538
24439,0.5129511134135457
24440,7.950386151559095
24441,3.3590368409774953
24442,1.226744876626888
24443,3.205672992181659
24444,1.4065560217295958
24445,3.891358054488921
24446,3.3633577175503495
24447,1.7879275830430277
24448,6.050122658237436
24449,0.8232205931175772
24450,9.393419664733221
24451,1.1195993560521924
24452,1.178271904838373
24453,9.43755937894997
24454,6.387545033698623
24455,3.672603859947606
24456,9.835254231523543
24457,9.320483912803153
24458,5.316283673756879
24459,0.7991225185440545
24460,5.264458870783763
24461,7.251589683129002
24462,6.525883079571651
24463,2.71931170973532
24464,6.783717751525238
24465,9.765514662382126
24466,8.06188856430497
24467,3.7180943383810803
24468,5.191887094179843
24469,1.5649706584960523
24470,3.6535323284024943
24471,7.465258708744073
24472,5.4768523178227175
24473,2.428731619711202
24474,5.414540968188889
24475,1.1876107262451396
24476,6.424417109106547
24477,7.408942520013028
24478,5.538840389157469
24479,2.0436982941227035
24480,2.172701173545282
24481,4.013635573385672
24482,8.511184469374733
24483,9.242516222967602
24484,1.3236224220714805
24485,6.1940278894046665
24486,8.616122822100804
24487,6.7383359397138545
24488,2.1312606861844317
24489,1.3822576408008806
24490,7.683135455100794
24491,9.275842364795183
24492,9.586798587370788
24493,1.8905315720423186
24494,2.325116990078991
24495,2.564909189587337
24496,4.621665933868936
24497,8.681759429494871
24498,2.3027634149207117
24499,3.8662401393991797
24500,5.362045843387293
24501,4.854049900595365
24502,9.256158774430448
24503,6.722642539309432
24504,5.591910249881136
24505,0.8371843042624867
24506,5.743980150249118
24507,4.444383092021629
24508,3.1900734277206753
24509,8.717067235330358
24510,0.40469602163842877
24511,9.091902783291394
24512,8.62880295547393
24513,9.810406573442167
24514,1.368036461766074
24515,6.220844526095676
24516,2.23803201310332
24517,7.3353257728188135
24518,3.985882760966018
24519,2.1438466168382035
24520,7.969051854680262
24521,9.492358243929234
24522,0.20521132043090942
24523,2.8528839700996427
24524,0.9283831831690774
24525,5.737405879864146
24526,1.2650585482446508
24527,2.614478980667147
24528,9.568792287543552
24529,6.05961841224941
24530,2.372279342399932
24531,7.772840481590706
24532,9.691605837934725
24533,4.513215222371485
24534,6.7218330146795
24535,3.9359691551488405
24536,2.404022841241865
24537,5.7937419918994255
24538,8.851533226446076
24539,6.906703457880084
24540,8.237878489753061
24541,6.9399371912443035
24542,5.5829470973858
24543,5.801083984064909
24544,0.6845114265673237
24545,8.071668968455441
24546,2.105669947163288
24547,3.6295156473043275
24548,6.541380117219146
24549,5.983255255838578
24550,9.35793045569061
24551,1.2912156784667925
24552,8.821518482308567
24553,2.068304570402277
24554,4.781418560059062
24555,5.609677672327317
24556,6.864400174979152
24557,4.129429044787373
24558,8.30333711795035
24559,3.576225688388893
24560,0.7648486000287777
24561,7.2813212794584965
24562,7.751558970299604
24563,3.1830005480280663
24564,6.131226260063858
24565,5.402680562530438
24566,0.3271682298534847
24567,0.607867780052043
24568,9.762834607589234
24569,1.960445517909852
24570,6.809965572161949
24571,6.319665227041914
24572,6.469539180718535
24573,3.6389064299079292
24574,0.9881750623927281
24575,4.437785738700091
24576,0.7532915859938624
24577,0.6444337525263706
24578,3.4328789215510938
24579,7.107138173419988
24580,1.2771629201167476
24581,6.024553895975893
24582,8.65777454836612
24583,9.894872411058687
24584,5.516961448673933
24585,9.017922574092331
24586,3.882214351001045
24587,6.335312776041052
24588,1.3891134594086512
24589,4.186306097152581
24590,0.8223794184728003
24591,0.7448573357335243
24592,3.15888622613445
24593,6.969139106305407
24594,4.8388055228194
24595,7.82377281519135
24596,8.022450596811325
24597,5.599926876221078
24598,6.354746660977692
24599,9.166571558933553
24600,1.558757070059236
24601,7.724437262007998
24602,8.792062147824199
24603,8.297693611485542
24604,9.30584304474731
24605,8.039850926280154
24606,0.7430643475418762
24607,7.390345426189061
24608,9.307710246715736
24609,8.303420444509307
24610,2.787965281693909
24611,8.384362193693905
24612,5.777028652508536
24613,4.140882167739577
24614,9.850442512704765
24615,5.736658022557884
24616,6.940631336557887
24617,6.912115380511983
24618,0.5806431291255308
24619,5.68452256750419
24620,3.5722638696021907
24621,9.661962685920862
24622,7.050254861999678
24623,0.8954769406100167
24624,4.56396126848143
24625,9.727721417457877
24626,1.4944884865489276
24627,3.547554636549953
24628,6.266340012277701
24629,2.866235533150867
24630,6.956428244136519
24631,5.270604184809314
24632,1.1249369439774841
24633,4.443197314371063
24634,8.364321189795396
24635,4.621034273903836
24636,9.840551824540245
24637,2.9071997130132363
24638,6.67900183563623
24639,8.542001165033637
24640,1.5407253202657183
24641,9.351893707086678
24642,0.8940687762594741
24643,6.980818388145777
24644,6.101608894700734
24645,8.539224070074038
24646,4.407124347173024
24647,3.027303849447763
24648,5.263974186147933
24649,6.154980540155492
24650,8.586998628505025
24651,6.007495813523107
24652,9.239767374948972
24653,9.298522147601622
24654,4.648568699036969
24655,8.57492586841515
24656,4.5596787838803765
24657,6.43734289093305
24658,8.13574641106206
24659,2.6265863699109837
24660,4.574262489054428
24661,8.397770491790405
24662,1.868088445546989
24663,1.8171347428818436
24664,9.717965430555473
24665,6.23852410109297
24666,6.573244778908699
24667,3.062287096592319
24668,6.5415719666531436
24669,8.377483660856372
24670,5.380113143723737
24671,2.258737040230953
24672,8.116578046501164
24673,1.4228179311681741
24674,9.755235973613326
24675,4.576990257350152
24676,8.917380349718657
24677,2.640747423262702
24678,4.284458559067164
24679,0.47146974200394764
24680,3.570689762065461
24681,9.71915499804305
24682,6.640788700530571
24683,1.7113824368236685
24684,1.1533765603352035
24685,2.9627426497916622
24686,4.1762773150784
24687,5.256409827871104
24688,5.832142494409075
24689,6.927220919120425
24690,2.119445354688554
24691,6.759482386313373
24692,6.069794923238977
24693,2.532480767065736
24694,6.728710471440549
24695,8.533751408507225
24696,2.36956885345023
24697,3.062030611662213
24698,8.736586322689995
24699,6.459813401878967
24700,9.70656660563009
24701,6.069902950888116
24702,4.157177388389873
24703,3.4605445300873
24704,7.180969942278845
24705,9.529937387248461
24706,1.1639998791721478
24707,7.395247062141988
24708,1.0085587145379376
24709,9.243827841188496
24710,6.817042628927104
24711,6.568460178602328
24712,9.001776142730892
24713,1.9917013222591091
24714,9.136735905795701
24715,7.610774431683071
24716,7.394739493314379
24717,5.495053421043367
24718,1.0592897620674806
24719,7.348751735950225
24720,1.7275478767402093
24721,7.659701370405766
24722,3.720314885077737
24723,8.505306353587557
24724,0.26685864524811487
24725,4.858031975217243
24726,3.076846916905085
24727,3.0085845261520787
24728,1.7676155002748213
24729,4.898734838044139
24730,4.374623857267267
24731,4.984469542080422
24732,8.013811463620307
24733,7.6596187974644625
24734,9.816691535929495
24735,6.433906342366006
24736,3.3169808924295006
24737,9.394573095050719
24738,3.5783123011349622
24739,6.157133314790852
24740,3.9453057631259214
24741,3.7144951239574597
24742,6.1194426090364535
24743,4.329404305536308
24744,3.2480382794193634
24745,5.483431126028799
24746,1.3131518960128694
24747,2.6144200925010206
24748,3.163398537778361
24749,6.557798408605824
24750,6.96195546525445
24751,7.330211099910709
24752,0.9959106100284659
24753,8.10122889848173
24754,3.209379707230767
24755,5.525748153915979
24756,3.2844625720145375
24757,8.90261813340017
24758,7.527394222441842
24759,6.158456008012615
24760,8.894684312885165
24761,8.594950898355123
24762,9.763268715783978
24763,3.1810349103641973
24764,8.414436274926219
24765,9.279265385329165
24766,2.615487234886432
24767,0.40655835525776574
24768,9.978751670461074
24769,0.44920132295459725
24770,1.090167224126956
24771,6.097294235161948
24772,4.868407428744482
24773,3.0173190634615845
24774,9.39891908115723
24775,0.1911520022620104
24776,6.926840199030159
24777,3.875097486739301
24778,7.171547036901675
24779,9.572705161805771
24780,0.1972460066119583
24781,3.840673516899314
24782,4.593761580879646
24783,4.655181170137555
24784,4.403300585047274
24785,9.217779704545263
24786,5.616144465242068
24787,3.115575769921547
24788,1.060844527211282
24789,7.182199124802366
24790,9.90277725295527
24791,2.6029235512523714
24792,8.251238046063998
24793,8.848771749878935
24794,1.8652183794218855
24795,1.630381625812969
24796,0.23954808747543066
24797,9.97121108398686
24798,9.403321411590975
24799,1.7460113056059545
24800,5.737864712360412
24801,8.003680485107395
24802,6.630498460810369
24803,5.088322415319555
24804,9.422907207505807
24805,7.099487572954019
24806,1.662959217297824
24807,1.7817851417091417
24808,7.926118996503543
24809,6.536628341833729
24810,5.744012341749542
24811,2.8363063484612723
24812,2.1094182615539876
24813,5.002887811138529
24814,6.8653451169290785
24815,7.990291610763526
24816,4.073082395207826
24817,0.3429853584043763
24818,4.669127060198209
24819,2.3778514425296517
24820,6.854519872232628
24821,4.287500029871629
24822,2.196733456285862
24823,0.5715212357478134
24824,4.44728816016995
24825,2.017580989927908
24826,0.7115206800864503
24827,0.19632035395032
24828,2.5874148122243232
24829,3.3862432625415044
24830,2.6293597641126625
24831,1.96678918662055
24832,2.592291622416996
24833,2.7022924634304055
24834,5.568165494462063
24835,2.727530921097157
24836,5.612800251486968
24837,4.216972032083117
24838,5.460255822852269
24839,9.20095250433204
24840,5.076074895293044
24841,5.803869636138714
24842,5.923624184629636
24843,9.839355014773986
24844,2.2623904060449807
24845,2.720410370129307
24846,1.2638497512740507
24847,1.668068703864423
24848,2.8537882403010832
24849,7.634565585807776
24850,6.798299241566513
24851,4.718153105737668
24852,8.11270534951807
24853,6.8418180523455945
24854,2.6156376231904033
24855,9.847140305604825
24856,9.625785716322026
24857,0.8850619297145519
24858,0.2772666174394629
24859,9.125177836122244
24860,1.4122915957807467
24861,1.1116250071254357
24862,4.4599775876496
24863,5.825564841663398
24864,2.896956144481125
24865,4.222071600770712
24866,0.18520546319724063
24867,6.2529734925476
24868,4.083642499217198
24869,0.8419554315337756
24870,1.2392126400776449
24871,3.970938751840914
24872,5.770977427356147
24873,9.48034846320902
24874,2.114485356804956
24875,5.010213577510309
24876,3.5648391684738607
24877,2.2714014080157665
24878,6.691313422281994
24879,7.546846185584904
24880,2.955746968331452
24881,4.174026619847167
24882,0.321298064884199
24883,4.902868653591518
24884,3.452285537537186
24885,0.15178592484945316
24886,4.480394874291303
24887,9.792755721966847
24888,3.186298045894371
24889,8.103498289885339
24890,4.790330531788864
24891,9.110847641152972
24892,5.862582899032337
24893,8.219801679715333
24894,2.2689537163375326
24895,4.881685575780403
24896,4.804100031787534
24897,0.6348590729174768
24898,7.6324547733146275
24899,2.0457089231136445
24900,2.6656029477304055
24901,3.002205891185961
24902,1.8156706958116262
24903,9.81218380672428
24904,5.043016759248187
24905,8.541770498266839
24906,1.5991485513139923
24907,8.70344799385306
24908,8.54643519239292
24909,4.2999564899710645
24910,1.3351562086038795
24911,2.71649126561872
24912,8.469425537026428
24913,7.843153218766507
24914,7.716643761865492
24915,2.6912630130520494
24916,2.857135520080608
24917,3.198752119035592
24918,9.45377179767506
24919,9.144754813236858
24920,8.091026109788691
24921,1.5180752380875677
24922,2.3849259528743407
24923,1.1174545110988903
24924,0.3970164591608022
24925,9.898049388752666
24926,0.22218362563633093
24927,1.8575723041060925
24928,4.771864495068173
24929,4.162522281275776
24930,9.54300173536661
24931,7.7246125805161
24932,9.313681933781629
24933,7.36848220136954
24934,6.839943645739755
24935,1.2378161684773803
24936,9.1357880582194
24937,8.942706858885801
24938,4.64336423107267
24939,1.0138686947069409
24940,6.18946839913864
24941,2.55275635025018
24942,1.0439720619504254
24943,6.636745090123703
24944,8.186998099182306
24945,1.8470428455280474
24946,5.845712886680196
24947,2.4186354186901418
24948,7.07293115904976
24949,1.068430939200909
24950,6.01822733885527
24951,9.464476535776107
24952,7.692446153104463
24953,0.21277633475004049
24954,0.6943950793568955
24955,0.865468615001242
24956,2.236517839644015
24957,4.768090309854433
24958,7.97316386596257
24959,6.792701878194328
24960,5.970974489929047
24961,8.978845340246902
24962,5.222861666297535
24963,1.0630649389318783
24964,9.224891591840853
24965,3.9939546472165213
24966,0.8838979477445535
24967,3.218604037634713
24968,8.165653840731041
24969,8.034754792544142
24970,7.365026545903472
24971,0.3400417839179284
24972,1.6708167542406873
24973,2.3522681407751964
24974,2.2037785966325942
24975,7.957778166011432
24976,8.216500289041962
24977,2.5451591522833312
24978,4.067562243678217
24979,4.03867982648587
24980,2.2209841092704616
24981,8.828721448257689
24982,3.143873446333145
24983,2.6972557387675806
24984,9.634297175255805
24985,7.912094467941076
24986,7.838222065420093
24987,5.389113174183146
24988,5.875314013247572
24989,1.1720163293925474
24990,5.38074080450528
24991,1.3325655171449382
24992,6.427596795743672
24993,1.5720987177205852
24994,2.3928969196894534
24995,8.166223439875802
24996,1.8121621575853457
24997,7.536850467366393
24998,1.3016889071629159
24999,9.368462115735708
25000,9.284959128708735
25001,7.855500850134185
25002,6.61552164966363
25003,3.623906734775951
25004,8.584498613140719
25005,2.050106298303592
25006,6.528253044017141
25007,7.097274184217635
25008,7.70797159826404
25009,2.104162436082778
25010,7.762480873525601
25011,8.057366199340192
25012,2.848405773854235
25013,0.5568776724149257
25014,8.959727330881126
25015,2.0793470613418568
25016,2.470711566871548
25017,8.286013419718278
25018,2.5000040560277452
25019,5.8872144249577145
25020,2.8506414209362845
25021,5.819219169938629
25022,8.845153484537564
25023,1.2593490672024383
25024,8.086324323400548
25025,9.798977918605189
25026,8.356126395471764
25027,2.713831551515973
25028,7.971052451063157
25029,7.3233350353109525
25030,0.8116645247022136
25031,9.387976611166772
25032,2.1737085956264894
25033,6.965642426536835
25034,2.299843457401291
25035,5.160456797069075
25036,0.18220177806908433
25037,6.716319781895462
25038,2.9654484913804335
25039,1.1093876343292628
25040,3.900369448124739
25041,4.952169418943087
25042,6.362673061420426
25043,0.7300041127010001
25044,4.713483611425002
25045,8.8391579279845
25046,9.48424992323141
25047,0.7875214908875678
25048,1.1976684887769746
25049,5.617285747295947
25050,0.29016933223578734
25051,8.841005420561945
25052,9.688032976096762
25053,9.256477604065259
25054,7.67427655107993
25055,0.3620246295101883
25056,2.099607800193356
25057,7.183145837123554
25058,6.578752107800298
25059,0.6133931638065316
25060,5.270831728245803
25061,6.714099635884297
25062,9.201763790372882
25063,6.533411869969074
25064,0.37514593554295605
25065,1.2326993065598604
25066,8.881139872090145
25067,5.420536213283155
25068,0.5028971487189785
25069,9.457490086549774
25070,0.7682098904050814
25071,5.895930504276235
25072,9.235404980715675
25073,9.783413786922116
25074,1.412468263393835
25075,3.228410011857632
25076,1.3716086638011715
25077,1.3903371181064985
25078,3.0921368343167672
25079,4.695327048928715
25080,6.254306819994301
25081,2.0888950807260893
25082,2.3859466067650454
25083,8.982457101838955
25084,1.524764136443794
25085,6.126113071652036
25086,0.2588175989172047
25087,7.42413297849458
25088,8.504240473407085
25089,0.8658437736152513
25090,5.544518049732955
25091,1.4862248232572346
25092,9.704554873787822
25093,4.86406959707675
25094,7.71954462173725
25095,4.353699895622524
25096,3.7959087394281843
25097,8.767801620360068
25098,7.194131397580839
25099,7.031280313512894
25100,1.4668751171208478
25101,5.725420558361337
25102,4.347095737026063
25103,5.692720000405462
25104,1.0410072851995222
25105,5.03462533983218
25106,7.076053841744762
25107,6.2301176318384766
25108,2.318422756556211
25109,7.246418192802321
25110,6.131516878262143
25111,8.403097118499172
25112,8.328070206714596
25113,9.101552043792138
25114,9.14979501394384
25115,8.259377327141381
25116,6.901269892873849
25117,8.488756079297918
25118,8.692257106810798
25119,0.4483441601862377
25120,1.172815659563633
25121,3.8850015250474694
25122,9.492943988226331
25123,2.0082109482190966
25124,2.8893678269294054
25125,9.89619022290443
25126,5.095353736241733
25127,1.4688078204253425
25128,1.8254477053851952
25129,0.9916488977224966
25130,8.685859521710759
25131,5.134617187936554
25132,2.2907487662933397
25133,0.6047664171913353
25134,0.6099679530778763
25135,5.809525743840729
25136,5.460993629493069
25137,6.153616613006204
25138,5.1431492337776525
25139,0.48157948156165853
25140,4.66520216965731
25141,6.572270229238439
25142,0.40967006710324116
25143,5.315159558652663
25144,0.24817006179900108
25145,1.129721027212129
25146,1.1724629008474852
25147,6.4170662316342675
25148,7.150954051724148
25149,5.511319515673819
25150,9.73871343492633
25151,7.312922676389378
25152,6.508040753516031
25153,7.387330908997667
25154,6.629476653583263
25155,5.795278536862172
25156,5.062079896350392
25157,1.984031723628934
25158,8.14034951594563
25159,8.784419897525726
25160,8.411174793081736
25161,8.555409993851232
25162,2.1750690273368547
25163,6.539647598326862
25164,4.475541262062919
25165,8.11075207080011
25166,2.558751693437632
25167,3.104172260848517
25168,8.955310860481395
25169,5.123798902852843
25170,4.271569274472115
25171,4.844446683820759
25172,2.0939444066144675
25173,1.8922408206884727
25174,7.672249085969647
25175,9.39097049407489
25176,7.289983178963418
25177,2.281963100284545
25178,5.598986243806389
25179,2.399097037140328
25180,3.5169510019115515
25181,9.024980245210749
25182,8.070415061166527
25183,3.227406764771113
25184,7.443166882154013
25185,1.4659006755809856
25186,7.265868519526207
25187,8.29574329514502
25188,7.812213298841616
25189,1.0737168355829978
25190,4.313576543258519
25191,6.879202166264225
25192,5.973480592994556
25193,7.547412015034838
25194,5.925585191910258
25195,1.8241203816741962
25196,0.2947049326429352
25197,8.890878121403171
25198,9.925768482570355
25199,5.538110872842706
25200,3.070186928385762
25201,0.3524198389829285
25202,5.948814454140021
25203,2.4627206366376644
25204,9.495426015697285
25205,5.388685352369502
25206,8.330513573059818
25207,9.438771528531698
25208,9.387224177174735
25209,4.02302748787083
25210,8.36993354560629
25211,2.877859646130751
25212,6.712123728589707
25213,7.5426882300617155
25214,5.182687621254051
25215,9.052870084719846
25216,2.2458902610974243
25217,5.161778216148073
25218,6.566105420840345
25219,9.995733476835673
25220,6.904419198452865
25221,2.736284813895736
25222,4.941949319858607
25223,8.772664214116755
25224,9.455831501782871
25225,2.160654644729718
25226,7.763207402977093
25227,5.362219682220144
25228,0.5765464853588153
25229,5.90093564877341
25230,0.39709047735107994
25231,1.4316707465480243
25232,1.5741086373370867
25233,5.006725269634208
25234,0.19498532192950224
25235,4.1797773515561065
25236,6.8071734322008925
25237,7.805041345695958
25238,1.3982552871216283
25239,8.499454884500299
25240,3.3642893456781056
25241,3.8769837872827346
25242,2.4833175164369825
25243,6.873940454777921
25244,9.48867502795541
25245,6.500555942891516
25246,2.6650227652172966
25247,7.092044787387647
25248,5.0277750903942655
25249,3.360130263061233
25250,6.0275570940951715
25251,2.898865524438737
25252,9.070287339582318
25253,0.9118395022960352
25254,2.6674052276662894
25255,6.624854366682082
25256,3.213513787553033
25257,8.133681686863994
25258,8.81608813723705
25259,3.138862965129702
25260,1.2153110936977025
25261,4.059046680175703
25262,7.948887268499304
25263,6.870354228711972
25264,5.702076884221795
25265,8.499358768125578
25266,2.0838400049233665
25267,5.227063665071627
25268,0.4334307554077266
25269,0.9472130164241802
25270,7.530204870037309
25271,2.304433694393453
25272,5.463486652667707
25273,2.7162222202561392
25274,8.47925377574509
25275,8.350012389291546
25276,6.312732959576302
25277,1.222572757968305
25278,7.692293300485036
25279,9.117405057567503
25280,8.357599133175553
25281,0.1500049930506039
25282,3.705949232255261
25283,2.0367911311354665
25284,8.852677670660858
25285,7.933195065569174
25286,4.6788026493117645
25287,8.797080309375868
25288,3.9548020697187862
25289,4.760993080205258
25290,6.577565068619797
25291,2.2858747071927326
25292,1.3328526221067063
25293,3.231847471986667
25294,2.2242660279512365
25295,4.663588993587617
25296,3.6642355900912373
25297,1.3393521062548934
25298,4.190182083075778
25299,3.865656012020986
25300,2.9511890632521975
25301,1.1874353934909503
25302,2.639431579078214
25303,6.533784942999224
25304,1.3149428772012124
25305,3.1949106614070373
25306,5.020160526023443
25307,6.408019447890547
25308,0.48763409923333145
25309,3.689261309545021
25310,9.26247854277779
25311,4.255099047889065
25312,2.2647468536980906
25313,6.781600925889741
25314,3.699605637128634
25315,9.282318013028423
25316,9.256107288388883
25317,0.2046578878697405
25318,1.1397142577539496
25319,5.754491837712203
25320,4.464729209928063
25321,1.1959218611614404
25322,8.440640017031715
25323,8.548841677306102
25324,4.428657249301977
25325,8.466737325002157
25326,8.037332587433713
25327,1.6033677335162069
25328,7.899047006126974
25329,7.984323305937266
25330,3.7883010384653515
25331,5.992024895542143
25332,6.21960421094474
25333,9.915457616488379
25334,9.213361837158175
25335,2.376804197663704
25336,6.921582708222989
25337,4.2179515328666675
25338,4.688918087351873
25339,7.665766654945043
25340,6.687446032555855
25341,7.754187544460833
25342,9.085621871548602
25343,0.297108645284806
25344,0.7670274466739625
25345,1.445555572533409
25346,3.1831558900882597
25347,9.244159804047676
25348,7.878741552976986
25349,5.554864763059379
25350,7.755502088688014
25351,0.44538508790323716
25352,2.0564640418996345
25353,6.678212388069385
25354,4.160260246518425
25355,7.955665299722706
25356,7.820759235363094
25357,7.1998993704734
25358,4.167220875022847
25359,9.659506845941646
25360,4.939384956074371
25361,6.4424639326858575
25362,7.242886983206932
25363,4.948549755775944
25364,9.603629487392732
25365,0.2903075318920211
25366,4.555654744418531
25367,8.339151510753155
25368,5.712907052863405
25369,3.8183025030773656
25370,8.755221482556175
25371,3.022282538548285
25372,1.925404766075793
25373,3.133307122191845
25374,7.728972400026635
25375,5.4343578873483365
25376,7.01405036732397
25377,9.942294635847919
25378,9.311430776440899
25379,2.422182225050714
25380,7.500266798583623
25381,8.570247860747422
25382,3.9129708443581994
25383,7.716319367785134
25384,5.487168767826185
25385,2.3429554435184134
25386,2.6421807541213678
25387,0.9095370636431613
25388,9.91205684934046
25389,2.2865735582097204
25390,5.6645097868962635
25391,7.058454661270325
25392,3.402845650686473
25393,1.646672918963778
25394,7.356192340814899
25395,3.5287296215143904
25396,7.4928860868700555
25397,8.513577487320404
25398,4.182137770660129
25399,8.087953378723196
25400,8.210858020804352
25401,6.266936469701425
25402,5.526184272712002
25403,0.8458190908284111
25404,5.085390508155968
25405,3.1568639184274465
25406,4.20287920114352
25407,4.204422937045814
25408,4.295910582310019
25409,3.792238980031627
25410,0.2828065455191193
25411,5.495018957825401
25412,0.6383372188778822
25413,5.99229490301019
25414,7.400464746307166
25415,4.705194368585187
25416,0.9024907653667423
25417,3.8235018183619385
25418,1.4743798317432004
25419,2.229636709021838
25420,0.8297836704697938
25421,2.157028242994025
25422,1.4151804626594
25423,4.344291071649978
25424,6.041387009453888
25425,9.52978180504736
25426,8.627066986455787
25427,7.0027916403182235
25428,8.251334736724566
25429,8.53323955439868
25430,4.099996412195761
25431,0.9334376125253142
25432,8.956409588794196
25433,0.4260950411153783
25434,3.0678270063932307
25435,1.3717082369804257
25436,6.557219742469891
25437,5.910106962961847
25438,0.9816663647821536
25439,6.3479131432585945
25440,3.356953750188216
25441,5.035588771508629
25442,0.1842882574795593
25443,4.396923996297568
25444,1.001922888704247
25445,0.37987131798890805
25446,3.9914920465318287
25447,1.8362404712329263
25448,6.070079674505447
25449,8.607934711483692
25450,0.48062216028563576
25451,4.90634028159961
25452,8.037758636323115
25453,6.872514886427518
25454,7.163827502667906
25455,6.8682556923157065
25456,8.433305145358513
25457,7.410646698943277
25458,8.809346667161089
25459,8.217519853432666
25460,1.709146296604116
25461,1.797141503936375
25462,5.655960102810054
25463,5.22055060696994
25464,1.7961745536767124
25465,3.1511824387973966
25466,1.6974395420540487
25467,4.913111071711606
25468,7.75015736111277
25469,4.499532533711535
25470,8.45562466143417
25471,9.876460424194292
25472,1.5609895222842607
25473,4.94566131750456
25474,1.310498738506875
25475,7.536395283358154
25476,7.771341273981262
25477,1.4142996965708607
25478,7.267662088020542
25479,6.907092392145006
25480,5.1690104834043
25481,0.7672340638424809
25482,4.486086755792935
25483,3.0975034883683086
25484,1.9580215679320174
25485,7.390820237080358
25486,5.353980976025938
25487,7.5463268788374975
25488,7.701017585657345
25489,6.640819796841102
25490,4.649184849701538
25491,7.2751066516900424
25492,5.934683899349773
25493,8.259026836137933
25494,0.44534942964386337
25495,2.1149082212474455
25496,4.09237276148784
25497,0.7026035464603799
25498,8.62621066239967
25499,0.6811942051688858
25500,0.6806999777903956
25501,5.9055749657597945
25502,8.71273001662692
25503,6.702751610044689
25504,4.689696263258869
25505,4.083068651437668
25506,5.982158166115722
25507,2.48424189344407
25508,5.333649747332278
25509,2.8896190954410934
25510,9.2915275220612
25511,4.749403698466571
25512,4.734265216099069
25513,8.0293070380345
25514,2.2876607566829716
25515,9.753719222706566
25516,9.343617812614193
25517,0.538979412311021
25518,0.3265074566774917
25519,8.043010750821933
25520,5.362766997075598
25521,1.1179660221149659
25522,5.15178734625728
25523,1.9237817220221132
25524,7.921747096588314
25525,0.3483732171336027
25526,3.697035713185515
25527,4.232230033666183
25528,9.928647075558269
25529,2.0247445593539832
25530,6.331377486018083
25531,5.665072404491683
25532,7.6089100263769875
25533,7.129635004662067
25534,0.2559892625267602
25535,3.9607458300409286
25536,2.069762630873401
25537,5.583793958967361
25538,7.336727078930704
25539,5.195049332502608
25540,0.8478893739895017
25541,6.43540221383305
25542,2.576669742848267
25543,6.78834244748375
25544,5.2263173067341775
25545,5.698953848747571
25546,3.1351656511838337
25547,4.551944815007356
25548,6.008846085206039
25549,7.72255460255464
25550,3.990532291149553
25551,2.981390270559762
25552,9.545227450264552
25553,5.505583873636867
25554,5.806487004649866
25555,7.28949201226449
25556,2.563437194779972
25557,5.029713961971205
25558,8.987876820723217
25559,5.597925817524206
25560,0.9989946036330548
25561,5.794185257327712
25562,7.854199189066804
25563,9.978096548736517
25564,9.91630392016681
25565,0.8179182334373991
25566,1.3373071564931003
25567,9.474846806524347
25568,5.82744673774017
25569,9.531175937216139
25570,7.483458547295599
25571,4.61852038997504
25572,1.3343019300631982
25573,7.906405534437009
25574,7.608938215810645
25575,7.465938895765286
25576,2.1459418220389765
25577,2.6410911008144033
25578,7.600372279469303
25579,5.908226480399287
25580,8.654136207792469
25581,0.303636280872262
25582,5.076532112376689
25583,6.6080537455582125
25584,8.192882912744798
25585,9.264641919480297
25586,6.884652812831416
25587,1.5005883394484412
25588,2.682212406061468
25589,7.9107259965733245
25590,9.252825867921427
25591,1.5925770202936527
25592,3.1097552783570808
25593,5.055147873087814
25594,8.83749592992695
25595,3.6576322454518184
25596,3.9150895110351374
25597,1.9882889084776978
25598,9.204130834628433
25599,0.5383539378084279
25600,5.234387965318996
25601,8.348713161295118
25602,7.201803339561762
25603,4.707266231656065
25604,7.624650585203457
25605,8.049705911595737
25606,0.8103792851762674
25607,5.091408949981894
25608,9.80335802472921
25609,9.123767931921577
25610,7.2496412370036385
25611,4.466832048732741
25612,1.9347429502239881
25613,5.935217841296708
25614,2.9663083921120643
25615,5.52462265869305
25616,3.4456550769762093
25617,6.885677174298354
25618,8.272941821000835
25619,0.4106291899220561
25620,7.320126884974893
25621,1.2557418996692105
25622,0.26746872944230304
25623,7.311541120980282
25624,7.450133270392625
25625,2.783543670299139
25626,4.765086534108435
25627,7.967121109688652
25628,2.3671522979239046
25629,8.690359484365251
25630,0.20101973442668158
25631,3.5256518602345697
25632,3.4564479301742983
25633,8.425899961481615
25634,4.132857232744979
25635,9.380127639403307
25636,7.453734469230317
25637,7.9517726566280285
25638,1.1178484130650275
25639,7.2612289652833635
25640,1.3939428289603466
25641,5.866186003926442
25642,0.9280571463192567
25643,2.6045058062410487
25644,9.359171058280214
25645,1.5941870027187885
25646,4.810360019908451
25647,9.482143108300132
25648,5.684895662782021
25649,7.988975714581448
25650,3.472402162158186
25651,1.684773098213823
25652,9.869465281458368
25653,0.20062921362255912
25654,5.604608574392439
25655,4.547852710699741
25656,9.120628844272414
25657,8.341859970133196
25658,3.141493945523342
25659,4.663703454833443
25660,4.621543595334785
25661,0.11613654097855736
25662,0.3772334488499388
25663,8.29183026217556
25664,1.4919059545152007
25665,1.3498858611083522
25666,5.66207595356408
25667,3.359825865550136
25668,5.197707641327801
25669,9.877663779810993
25670,9.287804242182796
25671,5.944560005154783
25672,8.620183535318867
25673,9.417398428246878
25674,4.123669806264204
25675,6.123677425454453
25676,3.691857281244786
25677,8.544706555161575
25678,7.434503741867342
25679,0.4135086467464497
25680,6.992401267378475
25681,6.2777464136736985
25682,4.184763086414538
25683,7.582439386921826
25684,6.021101911788475
25685,4.7911617565738664
25686,4.0208154951903285
25687,9.785630536055283
25688,9.716647271763309
25689,0.9819791169439811
25690,0.5244968000867335
25691,4.966626589347482
25692,0.5123668944335918
25693,0.14995371968381038
25694,8.205222646984186
25695,9.09919625468084
25696,0.25711894572040783
25697,4.2472061627763305
25698,8.636796745463027
25699,9.315061318282964
25700,2.367696377590859
25701,9.06959830757159
25702,0.9611744428711165
25703,4.411032742334777
25704,8.520004487689404
25705,2.9450802925216837
25706,7.98890701631526
25707,5.518105286198666
25708,5.875300804770581
25709,3.13733413315583
25710,6.180521197524437
25711,4.639311480961751
25712,7.077702388492225
25713,7.361240142755446
25714,1.7796078292010926
25715,0.6212013403928267
25716,5.363177476131652
25717,6.426550490778754
25718,3.6397386075434817
25719,0.9528080544623598
25720,6.373524277942841
25721,6.025204237710313
25722,7.08876270047116
25723,2.3422541861852
25724,4.212366490542973
25725,8.018711984268855
25726,0.4901579008512632
25727,2.4659738875760624
25728,9.522457647309297
25729,8.895037764556111
25730,2.0745393535833476
25731,9.458853204750351
25732,4.0056105572084615
25733,4.498432146669113
25734,1.2551080902454013
25735,5.970593328957218
25736,8.094386782559996
25737,4.539150106807342
25738,3.7020425523458447
25739,1.2122899904379658
25740,2.8399624678275655
25741,2.300733068679026
25742,3.8026006599210205
25743,0.6914243072568101
25744,7.759881060998685
25745,9.294209043635778
25746,2.0106464988684305
25747,7.7275366186581875
25748,9.538798050093327
25749,3.1355316943096585
25750,7.9697483090313765
25751,2.9188137842164283
25752,4.321805114558946
25753,3.9138439854748985
25754,5.748663729344415
25755,6.859889465948786
25756,2.066032022943872
25757,9.95902234966478
25758,0.3930868070361818
25759,2.0998558045313067
25760,0.8722161593045543
25761,9.124261062938166
25762,5.2638874253217685
25763,7.1809027220833235
25764,8.369259397801057
25765,7.421760351658815
25766,5.851104267889207
25767,0.3881060074002589
25768,8.64622899798723
25769,3.893216436311148
25770,3.511435988246807
25771,7.09620712846035
25772,4.3168943956497206
25773,9.895717446125106
25774,9.690751936519472
25775,5.939762069644332
25776,1.6517438102967852
25777,1.8968661075899136
25778,2.174280689847833
25779,1.3557859873840397
25780,7.023674149181931
25781,5.8354370726753055
25782,1.2711898955045065
25783,0.6983246061527263
25784,3.4730892722462894
25785,3.2433919146226087
25786,6.904961145857748
25787,2.106750199209419
25788,4.107637447903687
25789,5.577101909678651
25790,9.828810520963872
25791,2.3721246278759804
25792,4.745771348675053
25793,2.216378862563928
25794,3.7440750682067443
25795,0.1060612836502838
25796,5.567137330025971
25797,9.659853471679215
25798,9.893169987104773
25799,9.997130382209406
25800,6.782634011514587
25801,4.999008469763965
25802,8.402612201550236
25803,9.209169592357297
25804,2.168777052713995
25805,2.423494308396001
25806,7.325610602922099
25807,8.427562015794527
25808,2.728270304852129
25809,9.687046609169064
25810,5.0877673395998055
25811,9.336065859779332
25812,5.852512675188827
25813,8.441291570125943
25814,2.5361379158942094
25815,1.989153991481632
25816,0.47122044679776987
25817,2.6354550843352977
25818,4.55622697865809
25819,0.7144362059970306
25820,5.44807411384989
25821,4.5083656747520875
25822,2.8070842430145593
25823,2.0530925075439486
25824,4.035048747100187
25825,2.478586003470973
25826,3.052404394132749
25827,7.6707616312862665
25828,5.370760016885807
25829,2.807026400304553
25830,7.339873734329665
25831,8.703336563244939
25832,8.38701317396518
25833,7.0274107068254965
25834,2.648424034933796
25835,8.43603154609817
25836,3.0810780061026275
25837,2.669260539833972
25838,4.982454024417093
25839,0.18503649280479073
25840,6.357997114701072
25841,3.8399184681839627
25842,1.419451338410848
25843,1.9045490575671216
25844,8.629765549631143
25845,1.239913658701143
25846,2.5727049949113767
25847,5.636149990737736
25848,9.202031021817264
25849,4.98806856021679
25850,6.454584227016981
25851,8.665622862240587
25852,7.278973729925522
25853,0.6598287356139071
25854,6.441142441571645
25855,6.856530860239545
25856,8.033418710907949
25857,3.0617892876644754
25858,7.820600007639354
25859,2.2989494731987503
25860,2.919696125733554
25861,3.0378468214515055
25862,1.3150645489119281
25863,1.5168576846107398
25864,1.7161757846372006
25865,5.013531107950203
25866,3.9056168308773227
25867,4.262875710184929
25868,3.161365404149843
25869,4.0480392993097425
25870,5.567781768449652
25871,8.666113639907032
25872,8.742364668892824
25873,1.016643205011038
25874,3.9520758049255034
25875,1.0421856803155007
25876,9.99695345267226
25877,3.385629977885737
25878,7.761310657203859
25879,5.435352050712617
25880,1.410345849259461
25881,4.6859548286919575
25882,0.14001302751484945
25883,3.336256374356855
25884,8.094091401824917
25885,1.7706017950216384
25886,4.4941066024376175
25887,7.085241657377468
25888,7.253791746363528
25889,1.8563787264807754
25890,6.328575961446867
25891,8.180696661681143
25892,6.818111675089015
25893,3.999133533104222
25894,1.9533214435262987
25895,4.902675825034133
25896,2.0809324512994674
25897,5.8080952309558
25898,3.660939374572703
25899,1.8295739002754108
25900,8.210676167673412
25901,9.190698357481105
25902,3.1701182107935257
25903,1.3351441740244836
25904,6.11992620464998
25905,0.43852903741676974
25906,4.536702824466844
25907,4.035502582311816
25908,0.7114842508741465
25909,5.069881059569543
25910,3.3828830394932448
25911,2.146505189131248
25912,5.996025770854484
25913,6.825706082699199
25914,7.265677393453627
25915,1.8427384298969205
25916,0.919105063843286
25917,8.793090588521018
25918,2.846706138954607
25919,4.65991890869611
25920,6.890375348317121
25921,7.811330184698106
25922,8.534181970125253
25923,1.5180243819801398
25924,5.877187985069231
25925,8.44279842563811
25926,6.7567164711217576
25927,4.946072227973496
25928,0.7936311080673328
25929,1.2752002905071143
25930,4.536054033946049
25931,5.824446795391387
25932,9.246398852006688
25933,3.1851489005842466
25934,3.387782186837537
25935,3.2111294351522215
25936,2.828650956361961
25937,6.3010863538740605
25938,8.718817642505368
25939,7.072549815976401
25940,7.86539224775052
25941,7.154005717311459
25942,6.29081342384775
25943,2.3383162374737303
25944,1.7283299003056174
25945,4.222564942771247
25946,3.7461243104707695
25947,7.244419473438807
25948,6.634540047053933
25949,5.111935540489239
25950,7.603455260642595
25951,3.971845136718203
25952,1.0574100020166548
25953,1.2642099836417122
25954,0.2208596434830095
25955,8.740808153611384
25956,7.643291666132208
25957,2.0585855667956805
25958,3.2337833871320565
25959,3.6384710217761516
25960,2.986110877511529
25961,2.325843126618009
25962,3.5600257977788843
25963,7.893462179656563
25964,3.935109045474668
25965,7.351042208691073
25966,4.852280911669341
25967,4.348188521502853
25968,4.02896340318106
25969,0.41635180595698995
25970,9.15794401975462
25971,7.635482333845263
25972,7.159933347882343
25973,7.100468416930902
25974,7.474058870903586
25975,2.661412705600979
25976,0.5630427543388428
25977,2.814539198285274
25978,1.9229103631844218
25979,9.58998171273492
25980,7.7220331485621605
25981,0.3457779343930173
25982,7.446363425899392
25983,3.255791975416267
25984,6.795023167180333
25985,5.150768981771945
25986,5.667466799252773
25987,7.321160810744153
25988,6.865130485016718
25989,3.4112045450361093
25990,9.838101650756327
25991,3.370412691496889
25992,5.493265651635451
25993,4.078940561561328
25994,1.6808248035215518
25995,5.497291453682396
25996,6.537906298486443
25997,8.697185709265442
25998,6.6893428207695935
25999,1.3210854933536293
26000,3.891922524400581
26001,1.2766212557151306
26002,6.724958066610892
26003,6.488622082350914
26004,3.0634704869800133
26005,3.8068832564037502
26006,4.757391535464662
26007,5.98795996644109
26008,3.3967622841962624
26009,2.8149107118045724
26010,1.5415771972027479
26011,9.875910899186875
26012,4.356271465567914
26013,9.844580892693731
26014,5.570578124974937
26015,1.6024598331781141
26016,5.820136498274459
26017,3.4083707463725093
26018,3.343871291393319
26019,5.906281566821966
26020,9.094550334313407
26021,1.7030378886972202
26022,9.103535950268434
26023,3.1341041241128345
26024,1.240707204010994
26025,3.1503281204118068
26026,6.845546278853205
26027,2.20610841260298
26028,9.624152440530818
26029,0.26413815934189755
26030,3.4123909343340797
26031,1.661031603556333
26032,4.502769006277337
26033,4.53773047952156
26034,1.3091050688964252
26035,2.5967209812165026
26036,9.545354233699685
26037,6.451259370530524
26038,1.342428528257776
26039,1.4308317168179374
26040,0.25871847414860893
26041,7.122203675770679
26042,4.815326413128745
26043,1.8394179876271701
26044,5.235747884190488
26045,1.5378025611557746
26046,5.715472746736278
26047,7.74757402378894
26048,8.163522115129828
26049,9.39536057948906
26050,8.8623672259305
26051,8.934895205281785
26052,1.3027358752136002
26053,1.7233560324447776
26054,6.42677541183451
26055,2.6461689573810867
26056,4.748762588392082
26057,3.2208992556438014
26058,2.225818911601341
26059,2.5591617070538284
26060,5.299919457909368
26061,9.948499789435312
26062,9.310166400911681
26063,4.465312808531565
26064,9.934212389689742
26065,5.085351759953399
26066,6.1446365276629225
26067,5.791083991825018
26068,7.902745046876709
26069,5.082478512373345
26070,5.215242614187388
26071,3.9016600837470232
26072,7.325388569371504
26073,9.38627359324474
26074,3.513860451243176
26075,4.421306012868373
26076,8.442312766862106
26077,2.69153241850564
26078,7.224088796814853
26079,3.6750065497643427
26080,0.9096876774835774
26081,1.3814238259555471
26082,2.058848374167194
26083,1.2321091034047291
26084,9.180272708138217
26085,3.51117483119629
26086,1.075169116923203
26087,5.225747202770574
26088,9.024920178305303
26089,0.9209725368056361
26090,5.942952083219046
26091,5.165308935019511
26092,0.6551345261211466
26093,5.774594970313393
26094,5.625985964193695
26095,0.863800382745619
26096,8.578742697163966
26097,9.258208627919727
26098,0.29476052509948714
26099,0.5367123809194859
26100,3.2558177087361164
26101,0.8490766210702972
26102,9.001583707996813
26103,5.004932525438817
26104,4.942927808011978
26105,7.240101628457104
26106,1.1804771258675952
26107,1.500883274912925
26108,2.052542636226251
26109,7.553142367049818
26110,2.6457912842856612
26111,2.2671598466653795
26112,1.5597199150279757
26113,9.005244320477114
26114,2.718686107600708
26115,2.4680843599382287
26116,9.719906413893625
26117,9.19346823757287
26118,8.205071537274772
26119,9.599367532357268
26120,3.637632029764162
26121,2.4213458311812324
26122,1.9321384098082657
26123,3.9303935996180597
26124,3.9220079687749316
26125,7.16357355643668
26126,7.170185378900317
26127,9.302431683975595
26128,0.16943642893736
26129,5.830438995282256
26130,0.8265554118091002
26131,7.143654809595725
26132,7.7014669182194995
26133,1.4886351774509536
26134,6.326784520929301
26135,9.138644304870766
26136,1.643485953792594
26137,9.710926196092496
26138,6.999963631386172
26139,9.51435209634534
26140,9.344287310379642
26141,2.0628814033524225
26142,4.836498608633619
26143,5.22767053687728
26144,8.119645424942895
26145,0.9972085301479637
26146,7.7182917745168576
26147,1.0050578347389503
26148,5.581405122860099
26149,3.1161488067842216
26150,6.013124108022414
26151,7.823236442213746
26152,8.352716647095244
26153,3.040296126824441
26154,7.3794889741440075
26155,2.633328441276723
26156,5.196114085422994
26157,7.265915101447289
26158,8.051965442190316
26159,5.462602151959636
26160,7.993268540275121
26161,3.53830637738329
26162,4.641957882103571
26163,7.217050774756624
26164,8.720408164723475
26165,9.708449635129636
26166,1.527435267203358
26167,6.306743613862082
26168,0.28859490985083136
26169,8.068760287887761
26170,3.4437789226244426
26171,0.552078362497904
26172,3.8457556697657203
26173,2.0718656248670437
26174,8.40133552833761
26175,3.1654882535990785
26176,3.9372400784146198
26177,5.154305092131901
26178,4.271255927298205
26179,7.07607825473071
26180,2.0901749356646584
26181,4.526715553839166
26182,3.68230954192939
26183,3.0370946043539013
26184,3.5153812880276565
26185,1.944586700323456
26186,2.5466486708192697
26187,9.178199481077625
26188,4.024747607316416
26189,2.478366186046399
26190,5.16377951342224
26191,2.1794464682586563
26192,0.5110253724239923
26193,4.9169204385959375
26194,6.955336171281646
26195,4.918651545892507
26196,9.910645095666172
26197,7.87375811506793
26198,4.332830203758509
26199,0.17719975020802914
26200,7.199527606878035
26201,6.305866226943574
26202,7.930456927599615
26203,5.6608229590173185
26204,7.825352647678094
26205,5.757292823630072
26206,6.977925085808404
26207,6.8244425342237
26208,9.374964901033334
26209,8.051500046693967
26210,7.617337125390119
26211,3.584795233527794
26212,6.25569444385771
26213,5.833127220186549
26214,7.865569676851876
26215,8.934842626532188
26216,8.87424678080961
26217,1.587943014501973
26218,3.5789490901622125
26219,7.241805929534602
26220,3.8424153892727695
26221,5.950702751339086
26222,4.477533771961046
26223,6.565813749636285
26224,2.386698322632667
26225,5.154702056191983
26226,6.849085106367009
26227,3.859501829291267
26228,3.592448879328976
26229,8.822055499061083
26230,1.4583473418548407
26231,5.458396414512048
26232,3.864710075694438
26233,7.494481142562989
26234,4.272040865291942
26235,8.23195223237539
26236,7.839977375737426
26237,6.18191187798993
26238,5.10869189371492
26239,0.8273280529584138
26240,4.067810461588913
26241,0.6791597193129961
26242,2.7265045220538195
26243,0.4106744465874237
26244,5.969247683369408
26245,3.062066908656136
26246,0.5699681201035539
26247,7.320785152730995
26248,9.302689450924106
26249,4.239436144242635
26250,4.22459222108009
26251,2.5164229795889566
26252,8.87579736789273
26253,3.635400921477307
26254,7.068560285117029
26255,6.8388953810635975
26256,0.17976727678179227
26257,1.5618827895536065
26258,7.897927745071004
26259,8.839767384058392
26260,7.493744900221354
26261,3.0334187445718603
26262,6.114824411981128
26263,4.91697516198212
26264,4.159057220124113
26265,1.4905902830766338
26266,4.6750188052481345
26267,7.2054075792352625
26268,1.913759718179601
26269,5.9589928087290085
26270,8.913646523060008
26271,6.539945123769732
26272,7.162628039336469
26273,9.215144506093875
26274,7.079070280561125
26275,4.2809672861299735
26276,7.102206639775991
26277,2.17488687312899
26278,6.184384862697985
26279,8.103520188686348
26280,8.882176732863913
26281,3.078722627998821
26282,2.365845545778383
26283,3.2547015902019267
26284,1.5652802111428326
26285,5.933955661485238
26286,4.422618463290154
26287,8.798789191783998
26288,5.582214657032119
26289,1.784243493124266
26290,2.3407409209338748
26291,1.2188903344614186
26292,6.774079267111864
26293,4.2350365037891615
26294,4.670088422792825
26295,5.598173474305207
26296,3.074059375744163
26297,7.81295367882619
26298,2.9720827645820487
26299,9.489901434962258
26300,6.433717732777775
26301,5.978166643876454
26302,4.000588292548806
26303,3.912722462011246
26304,6.037233000987709
26305,0.5200270600941183
26306,4.91809622970405
26307,2.008203965697979
26308,6.957939526032703
26309,2.4732917119193827
26310,2.2614765128780117
26311,3.110346791202312
26312,3.7696565477571435
26313,7.25682893684134
26314,3.2047302828045656
26315,6.819531535323754
26316,8.767577457097628
26317,5.602530345896306
26318,8.569093901131305
26319,3.5491097315726114
26320,1.5740035905859207
26321,8.92333720567745
26322,5.629224659212119
26323,0.7648231789808784
26324,5.946278445146994
26325,8.50010692937093
26326,4.483898999024621
26327,0.639683361541231
26328,2.1994536751267173
26329,0.8396964754513504
26330,4.8789607397866
26331,3.7673058633113916
26332,6.561582286842392
26333,9.87479242110577
26334,7.547269658242384
26335,2.3062567904732636
26336,0.7836587770677736
26337,9.77221460283662
26338,2.1029003691109462
26339,4.125572075266686
26340,3.398122136613989
26341,7.543435071372976
26342,3.524022377489511
26343,1.5757818315438552
26344,4.571555579409684
26345,7.113149901507498
26346,9.917250388753349
26347,5.639867142052079
26348,2.2778883130654286
26349,5.744652226191682
26350,5.5018882252023715
26351,6.028123877517439
26352,1.029994982045917
26353,0.20455787955763285
26354,8.075438356588627
26355,0.8989747706378672
26356,8.934109895060539
26357,3.510234884032813
26358,1.2756761150088827
26359,7.1087436783712254
26360,6.357822614309979
26361,7.379105344524327
26362,9.514933782144675
26363,2.679689609487413
26364,1.9474006286144598
26365,5.965452810453392
26366,1.54594605010239
26367,5.8686728534705965
26368,7.7533057383255
26369,4.721042288297932
26370,9.82914866035931
26371,5.4089726236425095
26372,4.220976359871738
26373,1.8470504665985132
26374,4.539752521722729
26375,6.713340883042596
26376,2.9034191673605427
26377,6.873394519370386
26378,6.368386255680052
26379,7.118425414926349
26380,1.6867541205035654
26381,1.0368616853374675
26382,6.217605609123428
26383,4.46026106600291
26384,8.824115060194767
26385,0.5950666167536388
26386,8.65856417456708
26387,8.938211110445096
26388,4.322132332355443
26389,1.7889193745808978
26390,2.606831577507187
26391,6.641164305606228
26392,5.505613915199599
26393,9.889139477398807
26394,4.040561336082526
26395,8.886970964613596
26396,7.907786025324413
26397,4.498998460502958
26398,5.354637262780453
26399,3.607445422694762
26400,3.025894707856724
26401,0.840472995515683
26402,0.8125124180385247
26403,0.45718322982359816
26404,9.674703035179629
26405,5.301846742822243
26406,9.077335020251057
26407,3.357569699878545
26408,5.121834125907295
26409,4.26495542742506
26410,6.436754560165895
26411,6.155136366414945
26412,3.3643525046286054
26413,3.536945885373976
26414,2.6439331222299263
26415,0.2558792600984433
26416,6.990445473381057
26417,5.931057273441088
26418,5.292271485849246
26419,6.202507448066021
26420,8.517222933591807
26421,2.9585486521189357
26422,2.275252980336165
26423,7.5045256106396
26424,5.005881483764895
26425,0.6781977878125913
26426,8.989813497028637
26427,8.099961264046494
26428,3.756749242032381
26429,7.417006045954307
26430,7.767275546387307
26431,6.20395340096916
26432,1.4947138751413112
26433,1.8767290650455766
26434,7.676668398241032
26435,6.855892205065847
26436,6.340771724344713
26437,5.116590141795849
26438,5.339873594262248
26439,7.48618410694181
26440,3.603714499170753
26441,7.115992339672715
26442,2.3507296192378258
26443,2.0155152756683297
26444,8.562723551438134
26445,3.119776002181748
26446,5.744867216403449
26447,8.503565105564348
26448,7.209546683679726
26449,7.772877533205493
26450,2.459459385143492
26451,3.1555492678730963
26452,2.6918990585813116
26453,8.487638045281676
26454,7.353051070554795
26455,9.857816423808435
26456,5.012014048244654
26457,3.304833512494121
26458,9.573041419305847
26459,3.018033950869192
26460,4.905777113898373
26461,4.940627130249416
26462,2.381273355665114
26463,5.228218090916512
26464,2.8668433181922115
26465,5.538527706317518
26466,8.471869636248492
26467,9.072278597112271
26468,7.260603281260383
26469,0.6981832820203071
26470,7.389896441418017
26471,3.663231286581674
26472,8.958874655249868
26473,8.98930703473094
26474,7.596120870058394
26475,9.236612032094609
26476,0.9348759786616406
26477,6.5498979559491195
26478,0.6642416220979295
26479,4.466802534130416
26480,9.127939155393362
26481,9.714147954890281
26482,1.6340215924906032
26483,6.352477482054506
26484,5.300712765604855
26485,2.2837359991720985
26486,6.65305664697106
26487,2.7898820616890005
26488,7.6288456254575285
26489,2.956196118083162
26490,7.125487531735198
26491,8.12856075063153
26492,9.146907567387903
26493,7.00834072400989
26494,5.635259359812698
26495,2.3077666130514323
26496,6.469554724512956
26497,3.7667826767584867
26498,7.706420313253171
26499,1.0847858897507134
26500,1.6406584692119284
26501,6.536964245197891
26502,3.6699731580258588
26503,0.9725309075370915
26504,8.018431896530993
26505,3.2318804385760256
26506,3.2939726544352457
26507,9.377069645103655
26508,1.3342255757746215
26509,8.447313126070167
26510,6.931645876043508
26511,6.622036105654858
26512,2.6219498666892753
26513,0.32495560938240853
26514,4.409697875759997
26515,2.6839386477441716
26516,1.4699275494406794
26517,4.193226862588846
26518,2.906746655027162
26519,5.589191462653527
26520,8.964758165594503
26521,0.43410581467470477
26522,1.339154877200867
26523,5.247854266782226
26524,4.842638355757295
26525,8.061783967119188
26526,8.808977310170802
26527,9.00076533729186
26528,2.914782394388906
26529,7.384686835971005
26530,3.123793557845664
26531,1.6714714444383858
26532,7.800017752894412
26533,8.030595530266007
26534,1.1710190180018716
26535,4.581242947799738
26536,5.212467116927845
26537,7.852261892718033
26538,7.702577007505909
26539,0.4388633384289027
26540,5.669618317930886
26541,3.3578158006070122
26542,4.085747177110656
26543,6.263856619419782
26544,6.889982050903344
26545,4.416169800325822
26546,2.663139796718095
26547,5.266330262216371
26548,9.090651945536402
26549,0.2910918746693343
26550,6.314127358415895
26551,8.035523800129075
26552,3.897707936519674
26553,6.31338524440314
26554,1.8768293989034794
26555,2.3291360418690705
26556,0.2718510899951615
26557,6.251844149741501
26558,0.6545190327759395
26559,1.1775414413464793
26560,4.441986471065611
26561,3.341791980291595
26562,4.862574324114962
26563,1.2631703952345674
26564,2.139465547239367
26565,5.076449765116391
26566,9.075215995849367
26567,4.629339041810556
26568,1.9071234424879928
26569,5.212803045992885
26570,9.209530773959312
26571,8.19638717254477
26572,2.658805075015526
26573,2.4835460180054483
26574,1.2283875712804275
26575,4.276689260216736
26576,6.510226632711123
26577,5.681924646743787
26578,2.6668397549581413
26579,2.508674367021031
26580,2.1926954300046333
26581,9.247528308635486
26582,6.859347735721837
26583,7.640106937835546
26584,1.089518761348432
26585,5.70957889346675
26586,0.40731483797813695
26587,3.6717654306747867
26588,2.0047709487642593
26589,3.4461200892732706
26590,1.7464736159575278
26591,4.794591968898074
26592,1.2218186034608631
26593,8.830000587544259
26594,8.928808819990413
26595,6.8618843898670425
26596,1.7925012737021313
26597,6.293083747811033
26598,7.370593081939667
26599,8.815235628538684
26600,3.1606360751227376
26601,7.665058341055537
26602,3.846476868509649
26603,1.1249271958698785
26604,5.13755299716389
26605,5.098927733461659
26606,8.829186769783744
26607,2.0020390966664188
26608,1.5608900951259026
26609,2.4355829704884835
26610,7.648636400581047
26611,9.88825242143168
26612,3.428686684590155
26613,0.8883620912314734
26614,2.0410478607424825
26615,3.328191785649071
26616,2.2593111652477122
26617,4.80635546100988
26618,5.84452132373382
26619,4.126826471321341
26620,6.11560550025786
26621,6.834774967649288
26622,3.6940665007319744
26623,2.0109209518380515
26624,6.306907187215057
26625,5.47477556192992
26626,4.326298381993874
26627,4.506153827538951
26628,4.495936434315964
26629,1.1381685194242444
26630,1.9899733793295091
26631,5.565904153022198
26632,8.095770903874179
26633,2.2132245162590958
26634,0.2657139628240343
26635,1.5178059734307223
26636,1.4906835230478426
26637,0.6662947399873017
26638,1.505659839309751
26639,1.5840945267027087
26640,4.883012043610354
26641,3.126398946144294
26642,1.9090323705792889
26643,2.488599595500759
26644,9.95331803826178
26645,7.123867974983448
26646,0.5956713578107152
26647,7.87752180980218
26648,1.4368213522129871
26649,1.1048080918105052
26650,5.2366041846540385
26651,1.5160021003730237
26652,4.84623317498945
26653,8.443753057877585
26654,5.152056338256003
26655,5.353501661246256
26656,3.308714391881153
26657,5.672504188027111
26658,1.9219497686909002
26659,6.093739656415576
26660,4.268200868750949
26661,7.719075055887936
26662,7.1270235141389175
26663,6.512827928819072
26664,6.355438308482592
26665,5.580341629793121
26666,3.796725424830536
26667,9.937906475804597
26668,4.135888107671367
26669,0.664398226047321
26670,8.749633649134012
26671,7.367603948887486
26672,3.0599165380821653
26673,9.2115200340155
26674,7.790083070427407
26675,7.499058134071354
26676,3.9684458493977997
26677,3.371372965088825
26678,8.670523657300187
26679,1.1217173529153064
26680,0.9556132749413295
26681,6.617214590891058
26682,5.687569764377605
26683,9.362450261750926
26684,4.55838013328214
26685,1.5041713326782011
26686,5.632745942715259
26687,1.2500699321291788
26688,2.3417882383781596
26689,9.242897112285512
26690,5.090647668389562
26691,5.707809847177329
26692,6.780870091479241
26693,0.40716461925217773
26694,3.549788702119071
26695,3.8028163393721948
26696,7.642774780279353
26697,4.211468401393349
26698,5.008216745941734
26699,6.824312806530819
26700,0.2223565705981019
26701,1.3859594671243909
26702,5.111870500819118
26703,9.79706932055294
26704,7.439398277097857
26705,6.287538491551631
26706,4.809095254336268
26707,5.166320894864035
26708,1.1157591759842709
26709,2.5133440365748956
26710,0.9696345051080719
26711,9.556161231415318
26712,0.20153330514212076
26713,5.540748948419482
26714,0.7134162429666041
26715,7.817290328424614
26716,0.8916421397331465
26717,0.847432105856451
26718,2.1434799137007596
26719,5.224240889094125
26720,5.225192582809041
26721,4.006288710536711
26722,4.035463794116769
26723,3.329879507657003
26724,2.8204734349459537
26725,4.886996640048111
26726,1.725014325207804
26727,0.37529020236248256
26728,3.011136558366825
26729,3.3778015869599045
26730,7.458179955392356
26731,1.5383383284216945
26732,3.652653592717402
26733,8.546630313223892
26734,2.2033631625133916
26735,2.7160814965581146
26736,4.52420916865991
26737,0.3526715680112418
26738,1.8215465353760225
26739,6.737224496488055
26740,4.469539220173769
26741,4.509584606041894
26742,2.0320957406583076
26743,4.166982473894267
26744,5.74107961402775
26745,0.45650938480565184
26746,7.343384818198924
26747,0.7851472248547063
26748,2.4112116181706127
26749,1.9163533959770493
26750,5.152813301772956
26751,9.47181077781877
26752,9.492132536018795
26753,3.025299223818657
26754,9.07997836651665
26755,8.975422605461237
26756,7.234868721656036
26757,8.135080582262683
26758,7.643883998109484
26759,5.657885083319791
26760,3.6855625326093007
26761,9.928971210769244
26762,4.109340048495921
26763,1.7886851496647918
26764,0.31514328699701705
26765,1.1950863822974716
26766,0.6332721873372982
26767,8.6772282687403
26768,4.8993240532036895
26769,2.5138751128952292
26770,7.4463607613298874
26771,6.87563553511385
26772,6.868606394066734
26773,1.0454126378383137
26774,7.28580135243648
26775,0.49856784921814246
26776,0.8623970983557225
26777,4.394417662235502
26778,8.042526200110018
26779,7.6430986438404585
26780,5.543223795605019
26781,6.037711668847246
26782,7.341324730710967
26783,2.887720536184875
26784,3.303206671979001
26785,9.82070837562874
26786,8.396541853601091
26787,6.0521268478176795
26788,2.2816424756491807
26789,4.223146201425793
26790,2.785606312244723
26791,6.48551690046584
26792,6.802235005827658
26793,7.589845276939974
26794,6.373171914000757
26795,5.472936596722177
26796,7.756171381124703
26797,3.300351902559186
26798,4.341704641536636
26799,9.541879139049044
26800,7.709720815873722
26801,0.5094726050878514
26802,0.5177872002728656
26803,3.756851052678665
26804,3.160812824879675
26805,4.699724101996625
26806,1.1741758395626933
26807,1.1953359087437734
26808,1.8293077487740355
26809,5.002361296992809
26810,6.386608124192609
26811,8.727023155025378
26812,1.3696008835674798
26813,9.876117154598312
26814,6.460818352941621
26815,6.3587581269392714
26816,9.987162534120435
26817,0.49820082991368275
26818,8.743573265325832
26819,1.59067657620571
26820,9.721109708116936
26821,3.6627679013728693
26822,1.1421063261098003
26823,0.6204623743676823
26824,1.9175529900052715
26825,2.510590126315179
26826,9.250331597625708
26827,2.322748401254983
26828,1.4801952832131458
26829,0.5312001029075487
26830,9.309521231257975
26831,7.392842578187322
26832,4.5514134700165245
26833,1.1764196831068408
26834,1.3828201986938091
26835,5.662315760039701
26836,3.4810258027683694
26837,0.9605547907055905
26838,0.6723093303419129
26839,6.1250578050252535
26840,5.797900367425669
26841,7.909579187564393
26842,8.575039372219752
26843,4.167256166274087
26844,6.523507081764032
26845,0.45903555995287304
26846,4.418345845691596
26847,5.952774235207107
26848,3.6576259450161777
26849,6.3598680542779995
26850,7.9222447310339374
26851,1.000775318369361
26852,7.761019746195972
26853,6.454173632829561
26854,1.4479990092961137
26855,1.2028605230643028
26856,9.354595128014987
26857,8.825301552190261
26858,9.945081556350507
26859,8.701822949509918
26860,4.937615086186435
26861,2.844561194904371
26862,4.488129498160451
26863,1.0500852618443446
26864,8.502759933513746
26865,4.309490625527252
26866,5.976173390470632
26867,0.4965768438061213
26868,7.23103493092979
26869,1.651628561439797
26870,8.04122044388201
26871,9.622914560549223
26872,5.916528997848838
26873,3.7289338320532575
26874,9.045975263189195
26875,7.4783016954154
26876,6.925772843144434
26877,1.3525989663223568
26878,5.817389234104614
26879,1.3324277189958733
26880,5.951274225555317
26881,8.91786340391148
26882,9.881924833484725
26883,5.72568213726645
26884,5.040101567548818
26885,3.2505473106640057
26886,9.542492438027336
26887,6.203824973736089
26888,9.377906588623013
26889,6.004277495897062
26890,1.7896960032844378
26891,0.7665394647709516
26892,6.939028997255362
26893,7.477830101492679
26894,8.232088580923582
26895,7.439181340577164
26896,6.006681167171004
26897,5.3141785692579555
26898,6.2228999427696445
26899,1.3138249128527013
26900,9.52151192857212
26901,5.8806686917917945
26902,3.5918983041602566
26903,7.104005207049637
26904,6.3158002686685055
26905,6.522518990529904
26906,6.025321347722062
26907,3.5903081370135355
26908,1.0502801401867314
26909,5.631954230734009
26910,2.968830979467875
26911,9.390447399966533
26912,0.735043686553715
26913,4.249789615289839
26914,5.153298223682589
26915,9.637824167543704
26916,9.815644044569868
26917,7.384624837855784
26918,2.5611992194010487
26919,5.572872637556129
26920,2.4237730915881786
26921,9.583678598609279
26922,3.113250227717733
26923,9.423623552690756
26924,7.091979155919629
26925,9.096019794333461
26926,6.104513527416332
26927,8.444544546788643
26928,5.006221526121713
26929,8.993591581192202
26930,4.205856284153674
26931,6.508120039934918
26932,3.5771624584440183
26933,1.2039404907768088
26934,7.476772631601418
26935,4.791247513992744
26936,4.559055605337667
26937,6.241657781357397
26938,4.618957432362497
26939,2.3397387760468367
26940,5.199099345562635
26941,7.617083994663109
26942,5.183655850981034
26943,5.111114309966226
26944,7.131996230401052
26945,4.003530400375244
26946,6.135730001207991
26947,4.995866226260465
26948,4.847559373067908
26949,8.500827068319794
26950,8.051265402571927
26951,2.2192798067660813
26952,4.8405014088267375
26953,8.771434202011537
26954,4.520871817028293
26955,3.686402753219311
26956,3.3662630069429134
26957,0.6898353421405039
26958,4.982536660361262
26959,9.142845973066867
26960,8.202421368412395
26961,8.687506536903863
26962,3.7128681543930693
26963,0.708727013849927
26964,5.900904321433993
26965,4.982116607991625
26966,4.998067382598206
26967,6.735045556882428
26968,5.342076780712688
26969,2.39238980936996
26970,4.215617990006386
26971,2.0848423146485273
26972,4.1086057770365425
26973,2.9395387178829817
26974,8.116247449173295
26975,2.275969320543894
26976,6.709552144358863
26977,8.569109799892516
26978,0.5677766484470141
26979,0.9163885819274464
26980,4.243984065452813
26981,5.445130306285949
26982,5.7566362213895905
26983,8.740450271762693
26984,0.8769476569812718
26985,7.417721216507849
26986,7.4153893861321105
26987,3.3178685959692826
26988,0.11820630199422939
26989,7.2611199375152236
26990,1.9246486418195639
26991,3.2362910722712046
26992,2.6784438859576905
26993,9.112373636533334
26994,1.256514003276151
26995,5.145067911445292
26996,2.958518233047173
26997,7.883742748094184
26998,8.43700774832646
26999,9.996455255093998
27000,3.058637687042187
27001,1.9204712958145225
27002,2.6462650896406528
27003,8.770751647842447
27004,5.615897406066742
27005,6.818909643274634
27006,3.502004969425834
27007,2.5003207816041124
27008,7.385936516954881
27009,0.9113666370505397
27010,1.0898921847395562
27011,9.982762461605509
27012,2.266743933947846
27013,0.23788717086058483
27014,5.0136773004702695
27015,5.690285964294018
27016,0.206390898836315
27017,6.786783991122645
27018,0.24448144338543437
27019,6.850063316112159
27020,7.62447226811503
27021,2.6466129472813935
27022,7.843402361898505
27023,2.944261076308576
27024,3.198575460859729
27025,7.297112875364552
27026,7.676495230672935
27027,6.775860393818905
27028,5.200339060362847
27029,2.377494960408704
27030,1.0400068402355305
27031,9.662741964329609
27032,2.2331205815272015
27033,1.1441640533487105
27034,5.390733334104852
27035,9.649605086170768
27036,5.958442132759093
27037,5.904138567373712
27038,9.999936517127507
27039,1.696873030507548
27040,5.5921274040901165
27041,1.23580003714582
27042,1.8964352337007864
27043,4.222243514669805
27044,9.898014320055784
27045,7.818703546517774
27046,4.478001313255011
27047,9.724606288356556
27048,1.499720875625879
27049,6.393593433576615
27050,0.824108921690539
27051,5.446038224556385
27052,3.4612803584357654
27053,0.39528377576272167
27054,6.146657237765087
27055,6.227924792697658
27056,3.385673855458738
27057,6.549022837666665
27058,5.263437179242447
27059,0.6050422737521994
27060,9.76660238161024
27061,2.3708350368601776
27062,3.421232586763086
27063,0.6472369203435625
27064,2.1918875215379545
27065,8.983876927342285
27066,5.651335348834234
27067,9.601096622207256
27068,1.2422259402136342
27069,6.259292131962494
27070,7.090432711831002
27071,3.733992279362566
27072,1.919678006388195
27073,5.940840061317958
27074,3.7564574775054616
27075,7.380292836268936
27076,1.5247913443505965
27077,2.755761653289714
27078,9.12478677048515
27079,8.514438382905496
27080,0.5233784061602593
27081,4.695221192017513
27082,1.1973928760903294
27083,9.43857006409023
27084,8.495042881854566
27085,7.3563599700726465
27086,7.345899038992106
27087,4.505715033862417
27088,5.136625919256641
27089,8.850193543121309
27090,6.163006520227092
27091,6.7596612704858865
27092,9.390723082694812
27093,8.840517842611382
27094,6.211276571878421
27095,8.720830904015354
27096,0.4507062159200018
27097,2.0311159220917716
27098,5.441095434913252
27099,4.193735128909442
27100,0.5346356189323646
27101,3.650240163757332
27102,7.2664010487176744
27103,4.371080626995285
27104,7.788724353354762
27105,9.194644104746102
27106,3.4083154423420052
27107,5.242756381549823
27108,6.494456967403348
27109,2.0590351108068288
27110,4.500565723167327
27111,2.1754752974813893
27112,5.849855990960075
27113,9.486957931700905
27114,9.104346080887305
27115,0.4176008524034157
27116,5.291108637897185
27117,6.123323997076302
27118,3.0667400911131737
27119,6.034487531352416
27120,5.217069793889445
27121,3.127576991160395
27122,5.278688173911218
27123,7.081528760826581
27124,0.25087271804296457
27125,4.337043772464494
27126,5.282862278822216
27127,0.4475598338538105
27128,2.121952632037165
27129,6.29193648235489
27130,7.1858908316383365
27131,2.9583572616149576
27132,9.590722408932074
27133,6.484817350068039
27134,3.7722825102734987
27135,7.343180101858649
27136,4.415517812723194
27137,4.583056335190332
27138,0.7025262693824424
27139,1.85374106637911
27140,2.3446857849000704
27141,1.1313893619877549
27142,0.9559919032473656
27143,5.32924922308611
27144,4.95652345119222
27145,6.995756126825241
27146,6.753746672977473
27147,0.33504922016638494
27148,4.960735094566589
27149,7.6121421449426325
27150,5.306108373367651
27151,7.4666557321556475
27152,6.295198890209522
27153,1.2693506273445534
27154,7.417069234426394
27155,6.130627514622718
27156,9.840506701517146
27157,2.0070287951787016
27158,9.3352687644051
27159,0.204388559592927
27160,0.21727820939662978
27161,1.4537344578579725
27162,0.9267478441851699
27163,2.3335525094733724
27164,2.954577587829744
27165,3.4642818351795617
27166,7.255778570824587
27167,3.8689550677639626
27168,8.745771120655245
27169,4.195146484087569
27170,5.514642883939
27171,0.4415942675218204
27172,5.68256075130723
27173,7.303271514561337
27174,5.584031696488912
27175,0.5151992918209395
27176,5.5113750665139
27177,9.435866248003943
27178,9.164408522018185
27179,3.7335744644387603
27180,0.4275571672065348
27181,5.528060619327216
27182,4.250869533746156
27183,1.616919157118533
27184,7.3891401998372
27185,6.526125538955217
27186,7.991912611112523
27187,2.412732396909932
27188,1.8625927241565774
27189,3.261727063582761
27190,3.338246427304882
27191,0.8587399355438605
27192,3.429380193418725
27193,4.658775312461423
27194,3.9042372006206936
27195,8.848939965854674
27196,4.697410106607384
27197,6.679494222132177
27198,2.7803883951071175
27199,3.4386792534896653
27200,3.913861806586143
27201,2.30066838878939
27202,3.9174994191543884
27203,4.386453012035711
27204,2.065798774170635
27205,4.614762062280459
27206,2.5461338021226565
27207,5.687620653511217
27208,8.602505059226308
27209,5.139714834768924
27210,4.0469786984654155
27211,0.4942647919704749
27212,5.991828473683933
27213,4.330139002134354
27214,1.9104355069553307
27215,1.2569544612649508
27216,3.2884547059891007
27217,6.754543394951383
27218,7.864457833400854
27219,5.237678712679546
27220,0.8313973732772388
27221,4.407392900240249
27222,8.017263080848474
27223,5.044543447883311
27224,8.252461605001104
27225,0.30947920684879865
27226,8.096025641949312
27227,9.081095865130575
27228,3.884327140732775
27229,7.616830874688992
27230,2.0326773921545676
27231,0.8634317793710197
27232,2.275234566258092
27233,9.414306389630898
27234,1.5065404784942045
27235,0.7667766389649712
27236,7.438441824946292
27237,8.893980671309011
27238,8.761138149957583
27239,2.4323460801198875
27240,0.15565468885354722
27241,1.7273667850475656
27242,5.439346258530156
27243,4.57053607301241
27244,2.312516761522368
27245,3.4495379713957113
27246,7.257289511552482
27247,4.59766626784424
27248,2.651491663747767
27249,8.747377821917352
27250,8.669182054082293
27251,7.373537628726018
27252,2.24552308132239
27253,0.6924657873340225
27254,9.845824887579724
27255,3.9357884285986926
27256,8.652627950087991
27257,2.448468200216851
27258,5.117327456002847
27259,5.42062560670729
27260,7.446366122275716
27261,2.750496062287227
27262,8.389284511163817
27263,5.730775376243184
27264,5.003067916956298
27265,9.007352038764058
27266,7.008723621255681
27267,6.6298990576499515
27268,0.6653041272495821
27269,2.7828835480553615
27270,3.1225898417750235
27271,4.661323904432578
27272,5.96453609370913
27273,8.010686439281343
27274,3.7933987282756894
27275,3.1902613508415354
27276,6.707415180691112
27277,3.6576597750136868
27278,1.1920128350497903
27279,6.355622398743863
27280,4.234385794670649
27281,3.3679115333385803
27282,2.37591124361373
27283,6.862977325512771
27284,5.546335291509642
27285,0.5208969374921514
27286,3.5411742048091037
27287,3.9172421937555475
27288,5.915396896554738
27289,0.19367862739115121
27290,4.364624258677402
27291,2.770635280064564
27292,8.98996613953973
27293,7.8662161488333044
27294,8.058276439493754
27295,5.884180098615477
27296,7.45885333300137
27297,9.824024514094416
27298,9.811332665390013
27299,7.181518690629619
27300,6.514367599168087
27301,2.7592623790615085
27302,0.5269111070976719
27303,9.29345137299941
27304,1.3339136272819447
27305,2.418519099298896
27306,3.6391466799542407
27307,7.631232672545952
27308,7.254720738609106
27309,9.817534991811652
27310,1.7725292640632109
27311,0.3039886129902666
27312,3.9331588991943116
27313,3.8124938095077923
27314,8.847359736583533
27315,3.474743257975887
27316,0.29541141936832777
27317,7.671871953456346
27318,3.1265415325725687
27319,8.618530914959107
27320,9.547257420175459
27321,7.686098458623191
27322,2.810884459197299
27323,2.907725587543421
27324,6.428802573834263
27325,2.063148654171446
27326,3.616993373175884
27327,7.688849820657205
27328,1.3663557787108103
27329,0.651022884718784
27330,7.100730737933743
27331,8.898825320859492
27332,3.885619418782447
27333,7.714332409026313
27334,6.1938285563766415
27335,1.1386160331845658
27336,5.784790000789861
27337,6.743155589228207
27338,9.707453176299223
27339,9.220600896438318
27340,1.0501274712365427
27341,3.2195362286944205
27342,4.821390901114112
27343,5.921328452162895
27344,6.866126487349907
27345,5.561602788789531
27346,8.777459921326667
27347,5.0855781163260065
27348,4.411210525605735
27349,7.243685696567305
27350,3.412413951842169
27351,6.843849681429446
27352,8.999227100292618
27353,4.768695576729501
27354,9.175910539761567
27355,3.541334316762182
27356,5.870789923529038
27357,9.754237230269137
27358,5.759532987075649
27359,6.822666812509042
27360,3.1210508811470103
27361,0.6069462172895199
27362,7.07835216416689
27363,0.5541233707413943
27364,8.031276867674817
27365,6.0637986452120325
27366,4.556368738557662
27367,7.636646982229302
27368,2.1370253805649817
27369,5.769639328859629
27370,2.7074781156023224
27371,9.094886267498266
27372,7.5676651791019705
27373,1.9855468167214598
27374,6.034793493308133
27375,5.0477002803165485
27376,5.091828948424731
27377,2.9908034688927345
27378,8.673074028806106
27379,4.537916846428603
27380,8.71983062201722
27381,9.119982927519342
27382,9.33727086161982
27383,5.392096696492148
27384,5.952733896368696
27385,2.724818404849195
27386,2.1128374310898943
27387,9.895211595227229
27388,7.749144778381494
27389,6.67290896029928
27390,8.045458734695536
27391,0.6989966858203192
27392,6.536449748685743
27393,3.481150442953534
27394,4.9529298805352004
27395,2.678220610520827
27396,5.396612934157013
27397,3.5648074052965284
27398,2.9559237161010246
27399,2.4624330239964354
27400,4.744278768885602
27401,3.3166887468594886
27402,4.965396217858585
27403,8.566920492049228
27404,9.341318273535178
27405,1.223531798054416
27406,9.760722833658473
27407,6.4197651934279865
27408,5.598402969301076
27409,4.8747468114563155
27410,3.298659124599729
27411,4.556631725419255
27412,4.164518329349778
27413,9.467183914963071
27414,9.62647781558054
27415,0.8220765623137851
27416,6.845474261678463
27417,5.586827749934805
27418,9.428060100126139
27419,0.651861125492783
27420,1.1575200165486574
27421,9.614685218144157
27422,0.4840475956484478
27423,6.807295240634886
27424,1.6988959704792763
27425,0.1965519488347529
27426,3.8743213305438253
27427,4.625224314755775
27428,0.25089590742104506
27429,1.0851012068812156
27430,5.617155922461074
27431,5.885739389567208
27432,3.538904752373232
27433,7.982555212643063
27434,5.2079163998492275
27435,9.839348283220627
27436,2.0650628053099003
27437,3.7264439037758224
27438,0.6370457548279963
27439,7.933004115606946
27440,5.338306776248548
27441,6.297704254333602
27442,4.433849737076539
27443,2.754249947818407
27444,5.8963836261434075
27445,4.9745748052517875
27446,4.488675447281495
27447,6.839720573065002
27448,4.295964726213401
27449,4.415829913836769
27450,4.4742537078972955
27451,3.466203722894233
27452,7.303049539935863
27453,9.980550083181479
27454,6.428775859039804
27455,3.132633674326241
27456,4.319324071142149
27457,7.461944634898184
27458,9.995042753541007
27459,4.632465017830702
27460,9.110198845527462
27461,0.37485156245829887
27462,0.3950469858993573
27463,9.649869885414205
27464,7.7142926845053905
27465,1.7496588387089913
27466,9.246295319696582
27467,2.7278725363444396
27468,5.743903638951363
27469,6.868089300446687
27470,7.247627446024259
27471,9.454635047332843
27472,3.751624998796016
27473,2.5070249096617125
27474,1.4244698165395924
27475,7.661080031018264
27476,5.730594006733429
27477,9.841471583225387
27478,0.41472132901610304
27479,4.665854625556554
27480,6.755834137853631
27481,7.255432778687037
27482,5.2626583306685575
27483,7.754894782838723
27484,1.3558636208873986
27485,2.1875931734375955
27486,9.079320870446963
27487,5.6014225939136715
27488,9.956228924369718
27489,3.6567032975389617
27490,1.3713809209840857
27491,3.963217223308637
27492,4.292684519889758
27493,6.973575819095087
27494,9.099468914141
27495,9.59998653015301
27496,3.0345914816482287
27497,1.9469795004428978
27498,6.104496301040002
27499,0.6759325085600107
27500,2.8262556830029606
27501,0.8860632097072165
27502,5.642448869186533
27503,3.161958639981641
27504,3.823342925130964
27505,4.596519584404349
27506,1.8193959490441203
27507,4.25582293054263
27508,2.220291293901122
27509,7.485356067087884
27510,7.448567310382274
27511,5.169873125930065
27512,4.41690771627631
27513,8.738804337383314
27514,7.793387600452527
27515,4.5022922268870476
27516,3.2944675333339735
27517,5.815765260369506
27518,3.46495850840177
27519,4.1470592753114115
27520,6.035184630364305
27521,3.357002418988879
27522,2.77583168427887
27523,3.4527774840113805
27524,1.5818141391473155
27525,3.8622040943984897
27526,4.185949518534947
27527,4.091488007433759
27528,1.4162548555342263
27529,2.7175611541483637
27530,0.9291373896924626
27531,5.4765045078469425
27532,5.663823095822595
27533,2.2299636169579
27534,8.191330358956522
27535,9.895224478580014
27536,3.6651268708113545
27537,5.904528288172445
27538,6.319338072540435
27539,7.506319876473649
27540,2.6120222271238993
27541,6.659027621226188
27542,4.667876980407066
27543,5.718294743144465
27544,9.08696141288899
27545,9.719811642005851
27546,7.72799175580842
27547,3.9977961911527564
27548,9.536072162060803
27549,4.102994590238357
27550,8.08641487562272
27551,3.2122388263127286
27552,3.8574176784868937
27553,0.3373347421015166
27554,5.761302599346542
27555,1.172656423157466
27556,2.855826687606936
27557,6.2952072929108365
27558,3.8601614225897998
27559,3.693247538371757
27560,9.671279419554919
27561,8.625949149182778
27562,7.571605287379246
27563,2.7473863680665405
27564,0.37739336154031533
27565,7.11640635200887
27566,8.27913476477971
27567,3.485320022396539
27568,4.829693135440434
27569,0.49365378863097287
27570,2.3868517746704416
27571,2.2125556615324875
27572,5.35566558368935
27573,3.8429612052444004
27574,0.6253097498239263
27575,2.405803261163458
27576,1.239232955998378
27577,7.787738874761783
27578,5.5329300624555575
27579,9.186695363918323
27580,3.713377546587585
27581,7.093879848001284
27582,5.250586278920869
27583,1.9735703597779541
27584,8.584255820705089
27585,1.120538572088102
27586,9.20181191833755
27587,7.403479651135079
27588,6.973790389910183
27589,2.5152997766810117
27590,8.40094796078216
27591,1.9102987958885196
27592,1.7752013748588575
27593,8.16816420741994
27594,0.9418228202526611
27595,1.0587827109242343
27596,5.427005039235945
27597,2.557959479725861
27598,3.023975216507887
27599,9.177315386445049
27600,2.0221906449954683
27601,8.631028919441315
27602,0.5862798091249175
27603,5.912741361231461
27604,7.3108487351109295
27605,3.1354721402773764
27606,9.28683878217201
27607,7.041026401332542
27608,4.001773935409844
27609,6.7410740433756
27610,2.6654159264967148
27611,5.19611693493479
27612,7.46457331945265
27613,5.229133390284594
27614,1.3699739543398266
27615,1.3480316241491124
27616,6.205603990698467
27617,9.606762386260895
27618,2.594511658134309
27619,5.346808627948084
27620,7.362289538768229
27621,0.4244906912483364
27622,0.5756132140834472
27623,8.926022429739225
27624,6.678770700926996
27625,7.944750921570414
27626,4.004816178772153
27627,4.619996618121016
27628,6.642767717854916
27629,6.110042110681031
27630,2.72892247872052
27631,8.607165489829583
27632,0.21347563473459338
27633,6.227294760440275
27634,0.498277050973826
27635,5.324290467006583
27636,1.2772646161901737
27637,8.2456465518607
27638,2.231688316918428
27639,1.7163129356483116
27640,5.740986736282733
27641,3.2019530770196485
27642,1.8523347879715781
27643,4.554319961006816
27644,8.723365956716615
27645,4.0336381715171665
27646,1.495009196576334
27647,8.128026684229313
27648,7.727946337075287
27649,6.297484564575736
27650,9.881932158187054
27651,5.386772208288375
27652,5.862629722487413
27653,2.672046555884167
27654,9.33794982041984
27655,5.452392524016264
27656,1.9025410100022804
27657,3.163767445747044
27658,2.1176535316387843
27659,2.2471588586256632
27660,4.877044887071491
27661,4.643882655774924
27662,7.807914320725204
27663,1.2069040311438943
27664,7.210306814389478
27665,4.554020903046945
27666,0.34991569588414406
27667,6.904737039491859
27668,7.243372238342762
27669,5.654626569529988
27670,6.02157620854986
27671,8.08414997152665
27672,8.378912220264297
27673,1.2040856657618566
27674,9.291966004292712
27675,3.2667015441806257
27676,3.2992290635321133
27677,5.760424509109408
27678,9.63155468693196
27679,6.43675630461018
27680,8.56073549293913
27681,6.481750791705829
27682,0.6575863414228716
27683,3.807765297603335
27684,8.509274395194042
27685,5.880426334534915
27686,8.23144934177486
27687,6.15504404610077
27688,8.66743338202104
27689,1.8910409660313607
27690,2.1143974843472773
27691,5.746195254966369
27692,8.940925838666082
27693,3.1843411800454398
27694,9.230136368589992
27695,9.590484560166978
27696,6.2079324578790445
27697,7.868112269220458
27698,3.1710396237268026
27699,8.91785570557169
27700,9.969515095333085
27701,1.309524030989559
27702,2.736865133612632
27703,0.5069988311920949
27704,0.23747285339702967
27705,9.804230662589209
27706,5.219987351655318
27707,3.13538166236729
27708,6.210141409402484
27709,9.158514635950821
27710,7.022556796125144
27711,6.138189218237665
27712,1.7397273864537048
27713,3.611889065313411
27714,7.6635793357051085
27715,8.387588897092934
27716,9.572803227629256
27717,3.8521820318835025
27718,1.8648910579321014
27719,1.159221252140031
27720,3.589375180914408
27721,1.4922779602223406
27722,7.594688895228983
27723,1.1947476362247096
27724,9.22731579891246
27725,2.1470779174246326
27726,3.8209790101368273
27727,4.7430548016364975
27728,8.91140521709033
27729,1.8244442349950887
27730,4.772723530136247
27731,9.446071551364103
27732,0.6819870382633475
27733,1.3951869851890653
27734,5.699301118076072
27735,4.859259414335263
27736,5.92096002982438
27737,1.5687117502437842
27738,8.459269779173379
27739,6.416502522750189
27740,9.675075126606542
27741,9.268529721690117
27742,2.347780801188969
27743,0.1109037292544731
27744,7.43917144143237
27745,4.029987612812776
27746,2.69834126357539
27747,1.0014907566736861
27748,6.2595978676606725
27749,3.7330116146121153
27750,2.356493399300859
27751,8.367525541072634
27752,1.0031627028814274
27753,8.56952477646125
27754,8.681891960675486
27755,3.2901340308097775
27756,2.2343455169427067
27757,0.22747915724397746
27758,0.2721141057521397
27759,4.0099476238718506
27760,6.7168936600093785
27761,2.0547964321593164
27762,5.758076754157929
27763,3.3110847989214194
27764,2.693282248907407
27765,8.477521699385035
27766,6.605981662587698
27767,2.849145307228838
27768,8.161808422178362
27769,9.109283212950338
27770,2.2696551996003342
27771,6.728274308139119
27772,1.5907049448021575
27773,2.7592890582414054
27774,5.878905285411031
27775,5.055073808310997
27776,7.624423147879275
27777,7.697786002747717
27778,5.618482145057197
27779,8.555084325800795
27780,7.37704687823531
27781,4.165012688614735
27782,9.952539364545334
27783,1.8679758539683584
27784,1.4916189850669754
27785,6.784844802203501
27786,0.8244656078905426
27787,8.762169518546369
27788,0.9318326731534997
27789,4.004857092677375
27790,9.633516287398221
27791,7.228859118524533
27792,4.062836007290982
27793,8.653445522001489
27794,0.2460336595127276
27795,9.240402720242248
27796,7.834196009235761
27797,3.3870568912426737
27798,5.490994143044621
27799,3.485532955313904
27800,0.47968711996283253
27801,7.813767511928786
27802,0.8357991378239121
27803,9.91096034483749
27804,2.2024579854161086
27805,0.9772864526745735
27806,9.898074528346891
27807,8.239412293932663
27808,2.135787086091804
27809,0.8143646954510448
27810,1.1282110086286437
27811,3.6305923359454835
27812,3.628719654596944
27813,4.920476413498987
27814,5.521699771123116
27815,7.444909497570311
27816,0.4719843283590244
27817,6.658448670040943
27818,3.0148257295546763
27819,3.288460183703067
27820,2.759851442506289
27821,4.530485546585633
27822,2.457784255897298
27823,5.7246367471560635
27824,8.381204694898978
27825,3.0926715264543225
27826,4.89551514352608
27827,7.743919885404594
27828,2.4853621709171088
27829,1.5814333927206385
27830,6.315736752127761
27831,5.743450965273124
27832,0.20439651544200385
27833,5.830388607566241
27834,5.508180052463679
27835,0.5757855960245382
27836,2.4549391772312115
27837,0.4899616709424872
27838,8.902862276904301
27839,1.167067379147876
27840,9.163902291670995
27841,0.6967130637059259
27842,1.8356374927170023
27843,3.9291791410556405
27844,6.332341191528858
27845,3.2873499200972973
27846,8.132269047326629
27847,6.951562760092861
27848,0.9276501317786521
27849,9.445249472977073
27850,3.1507345356856944
27851,4.141582152535498
27852,6.30843903808707
27853,0.16045830153226925
27854,1.0970796157481884
27855,6.680991975187287
27856,4.131632175318207
27857,3.8961285804707684
27858,0.8295325512959801
27859,1.5425418957731099
27860,0.6585950706943737
27861,6.838747296403019
27862,5.013332837136959
27863,7.4857155623736285
27864,0.9143074276566056
27865,0.6847535492825418
27866,2.3653422346896176
27867,1.0388109357861495
27868,6.530038651287402
27869,0.9586700764523503
27870,8.27665353941198
27871,9.948834062769194
27872,7.955193177830016
27873,3.6004234734613516
27874,0.9046647033679797
27875,6.693569955063072
27876,1.4427563387532805
27877,3.5187158773132814
27878,8.983702093019403
27879,2.8777297776843005
27880,3.1313700149920347
27881,2.4595030630033055
27882,7.830390680798587
27883,0.9038939188075567
27884,6.245605093662235
27885,6.242648602962858
27886,2.474412750429424
27887,2.025876523944841
27888,5.907914542674845
27889,6.847923594484439
27890,8.088740945762178
27891,4.497706455492065
27892,7.145798466867999
27893,7.558329398406476
27894,8.508475961784072
27895,1.4237791021952602
27896,1.9275919214074027
27897,1.7643476294531923
27898,2.3159022216070833
27899,4.863949922175355
27900,8.473457849787422
27901,5.123108470478505
27902,1.9217029609309413
27903,0.678660747797735
27904,1.153083954194315
27905,8.34036015736839
27906,5.041053517316775
27907,2.6899273747456665
27908,0.7473429556731467
27909,1.2670808288022946
27910,7.238734863328814
27911,5.137060164126674
27912,0.8728878771573222
27913,8.000125725831749
27914,7.946850339129866
27915,7.543135212179436
27916,8.86720580578862
27917,5.905417991047418
27918,3.504353682238118
27919,5.729258540778264
27920,7.4746424193570045
27921,1.3995127145467696
27922,2.9408635884612355
27923,2.505959320778913
27924,5.718337505359263
27925,9.4340199432815
27926,9.853130161799772
27927,3.599583031864405
27928,7.540782797109953
27929,3.7691709553101957
27930,0.8709209703522208
27931,2.5403255570074585
27932,3.866575239834065
27933,3.7914667201236876
27934,3.2479633411497084
27935,0.9067075717430172
27936,1.7193959205973326
27937,4.67126641531044
27938,0.13434062573979424
27939,2.08470055142325
27940,9.838739181117566
27941,8.63319614416118
27942,3.3227723153283315
27943,6.40884578394436
27944,8.555611898070099
27945,2.7537746951110558
27946,9.400289381109571
27947,3.306391737832468
27948,6.951553509453617
27949,8.586632361332247
27950,2.733857304428953
27951,4.902315545853027
27952,9.654123820267964
27953,4.610991015821382
27954,9.92434792471393
27955,3.477383060779051
27956,0.9625828038175234
27957,2.508859546173949
27958,4.774802495381267
27959,4.360677742133522
27960,1.163548096107938
27961,3.133530642393891
27962,3.8790899123503486
27963,4.512985162742573
27964,1.7336871352263983
27965,7.859341791027349
27966,9.82006158279869
27967,0.7783997190175915
27968,5.652938722143138
27969,8.340617326156918
27970,7.462989980640252
27971,2.4663992227050024
27972,3.0268238314808005
27973,1.6001585937686806
27974,3.7861955645692977
27975,6.621081852547051
27976,9.15872604380059
27977,2.710347125089674
27978,5.619188375712416
27979,4.772453675353245
27980,7.420740511873601
27981,2.11952990088545
27982,2.465166120391354
27983,3.5027461174078116
27984,4.793481152587427
27985,6.790322790201128
27986,7.9653448539976415
27987,2.1696786678309463
27988,0.2563658948837346
27989,1.6134224323185888
27990,0.5916506645154349
27991,0.4443532656622712
27992,6.075174350795224
27993,4.7464357694234485
27994,1.901359299176081
27995,0.29960236082264197
27996,4.680170645245061
27997,6.413424817522292
27998,2.5574792924489267
27999,6.242266925632419
28000,6.988147495700618
28001,9.3400150365069
28002,6.056965732669516
28003,1.1497489293081047
28004,6.709213502589411
28005,4.41306425934524
28006,9.779897906429166
28007,5.1930982808045005
28008,5.904482591627851
28009,6.123629229185828
28010,0.2987428529584818
28011,5.785702524204933
28012,4.656522226965621
28013,9.882748692234355
28014,7.704171902763266
28015,6.3565309980950895
28016,7.846671303574407
28017,1.1449593860138507
28018,7.34236503738517
28019,5.910508448963389
28020,2.479018215238489
28021,2.647682075668332
28022,6.088993089684913
28023,3.4959569698068753
28024,0.2212176311325407
28025,1.1770316613028657
28026,5.81534720409819
28027,7.643688683073508
28028,1.0431343797350396
28029,7.407138456072985
28030,3.203454559891883
28031,7.341115064737156
28032,9.77200416755746
28033,3.6100548092721514
28034,3.421265053466055
28035,1.0503530156260499
28036,3.5266988345403014
28037,9.839631797865009
28038,3.6213963886486686
28039,2.0623522585117597
28040,3.861726737904489
28041,1.1365017805527236
28042,4.485533666387962
28043,7.033162826744547
28044,2.6517874760807945
28045,7.228006219012497
28046,7.243641625819581
28047,7.014167759331726
28048,0.17869921153019705
28049,8.734964629677545
28050,7.066491684818657
28051,8.591490250951555
28052,4.5531176284216475
28053,4.40059328815105
28054,3.686424348191568
28055,3.0568998828449927
28056,3.509480936434465
28057,0.8918352914553994
28058,9.099342613733182
28059,7.604523826997547
28060,1.238456370971189
28061,7.40142527195217
28062,9.535033346480263
28063,4.029681843716489
28064,5.2118840201660745
28065,9.533732482633798
28066,4.747674769073486
28067,5.273319616905655
28068,2.4008941568275177
28069,1.2506437344964594
28070,1.785953536674755
28071,2.553381107550132
28072,2.7069667937775628
28073,1.1221827836377973
28074,4.220762089346119
28075,9.647916523693942
28076,9.160730164326283
28077,2.142275138158912
28078,8.515671706550815
28079,8.539479643295284
28080,2.968524388764769
28081,8.923661602533699
28082,0.7748744976316994
28083,3.0210455934050406
28084,5.156941032642734
28085,7.6815006355531485
28086,2.01909065027765
28087,3.745373537703293
28088,8.226185353790408
28089,2.3044789030451156
28090,0.5417829185132865
28091,1.3406844674441147
28092,6.411346511562941
28093,2.619782454926493
28094,9.94017528337365
28095,8.464904584170094
28096,3.424398744573952
28097,9.536376689841155
28098,1.4697192768224088
28099,6.601602204633097
28100,1.6393372851900418
28101,3.1844119406236846
28102,6.552745205942206
28103,4.296552554440323
28104,5.0579798224033485
28105,3.89318497415869
28106,3.3449297647916545
28107,1.0379497255888976
28108,0.4930254954134261
28109,2.8312396912159246
28110,7.44686851984894
28111,7.382485689710835
28112,7.61021397042839
28113,4.84400752774121
28114,9.673640669129234
28115,9.955472701752164
28116,2.448653907804465
28117,4.995248411646603
28118,9.406540719667584
28119,5.441047354399827
28120,9.809680653456164
28121,9.008485209851164
28122,5.701297024765896
28123,8.457771295426626
28124,6.463615557899567
28125,4.0702540455919705
28126,6.479568841231361
28127,3.5751543340805263
28128,6.12889579372587
28129,6.238435547946836
28130,6.89697922042614
28131,6.924575483464726
28132,5.989692127184816
28133,2.0043695627777085
28134,5.893098042618631
28135,1.0097083851230333
28136,0.10082922511654065
28137,5.25392417466194
28138,1.7677334106753528
28139,8.45280153492135
28140,3.6619367618204306
28141,0.6312580526180586
28142,2.1213807767635986
28143,0.9469980554419638
28144,2.1011451083050794
28145,5.645931867574853
28146,1.8687943731573287
28147,5.002437370766616
28148,4.43556679532341
28149,2.1140655810839433
28150,9.822558057670129
28151,0.9265684452617831
28152,6.254864572749497
28153,1.8063375661741679
28154,6.012451313371737
28155,0.685675422237877
28156,4.556805853797215
28157,3.527609152358994
28158,1.3155219012662462
28159,7.628343557922379
28160,8.793476069632076
28161,6.444866332409398
28162,4.706761420781162
28163,8.529705043758241
28164,8.084482995373524
28165,1.1900117656933233
28166,8.085701893910285
28167,8.615062471645313
28168,5.425468491201282
28169,1.451885188372525
28170,9.189740881673542
28171,9.541198805757102
28172,3.883179396140803
28173,6.970722606837808
28174,5.514976827112988
28175,8.895956246162077
28176,6.746244147201641
28177,9.993959567527533
28178,6.1300145979774765
28179,7.467370330914285
28180,8.674747255914806
28181,1.8895577003939183
28182,2.4442127887964893
28183,5.204860920453918
28184,3.384603312805876
28185,4.8084603445445895
28186,4.5090805493706725
28187,1.7873530974651772
28188,6.404628655738807
28189,3.152335523452445
28190,8.606592547695989
28191,7.427275058358265
28192,7.125184968486084
28193,5.79803093448048
28194,8.528829687780151
28195,5.468984861372661
28196,0.4644408765921112
28197,7.851963737940002
28198,3.52802695792008
28199,6.350807913156509
28200,1.091391658494286
28201,6.826250384662551
28202,8.411656761620957
28203,7.706900381215157
28204,2.396280872084226
28205,7.1597729855665655
28206,0.706651142697422
28207,2.1060397908368276
28208,3.9647244458944755
28209,6.63903503227026
28210,6.60087996184706
28211,3.407324025018477
28212,5.27571685134583
28213,1.8310079774493413
28214,2.534013991443253
28215,0.12538932471064454
28216,2.9823743040854453
28217,1.892591615572739
28218,3.4008348584065913
28219,7.081915983459782
28220,5.224009877356119
28221,0.46152397327689254
28222,9.941512495852482
28223,1.8199408943282374
28224,9.299136765543563
28225,0.8437125754616555
28226,5.137350946601445
28227,6.657628034185988
28228,7.523867918006551
28229,1.7770556169694895
28230,4.048483262605035
28231,8.40309672849412
28232,8.390443500365635
28233,1.486884453879223
28234,5.516209286180855
28235,7.204286254027801
28236,0.3926928938941472
28237,4.58298984753087
28238,4.0664545558062635
28239,9.798743868952236
28240,0.4658927372412064
28241,7.947418499938574
28242,0.5650169163316212
28243,3.822555320256142
28244,2.559554869594027
28245,3.293514633516249
28246,5.492640216180765
28247,6.545298648307317
28248,1.6506979825498886
28249,2.77895711556635
28250,4.700187680920586
28251,2.6528225035013584
28252,8.494900394519751
28253,2.8731072620829377
28254,4.590870138060636
28255,2.24744537584388
28256,9.043914916728845
28257,2.905156708001615
28258,2.828618025559624
28259,5.035882618424856
28260,6.850074602033882
28261,0.23311237696663145
28262,4.884710622332321
28263,3.259748453366911
28264,6.426686247874305
28265,8.024657279033162
28266,3.1705904731737946
28267,6.9221488796225765
28268,6.296483578463445
28269,9.816825446294594
28270,4.603291577560263
28271,0.19433497779344022
28272,2.4527711269050916
28273,6.495827800212809
28274,9.152062760148244
28275,0.42332110425736036
28276,8.979826582221872
28277,2.4467261120245514
28278,8.205132997096143
28279,4.275866405420063
28280,1.6719086331138926
28281,8.685555645895302
28282,1.5350390769470583
28283,4.607304319725409
28284,1.7346283774412352
28285,0.8165756413725357
28286,5.123684204230508
28287,2.440441891738208
28288,6.088956258760391
28289,0.43473196928747104
28290,6.727691777671515
28291,7.146649682644724
28292,8.978266223502327
28293,6.134543702191368
28294,1.8667696980240425
28295,3.931185434067331
28296,2.1304329556940886
28297,3.1635467271394053
28298,9.107053205803728
28299,1.9322027357580576
28300,8.37546575126285
28301,6.890548283841328
28302,1.690871057483429
28303,3.080956333367618
28304,7.216564187847814
28305,6.5852107305595515
28306,2.605471217007435
28307,6.77260191304667
28308,9.260671257719823
28309,2.0727565720838497
28310,1.6569734942743402
28311,1.881417304076661
28312,2.5142853763184916
28313,5.357623968557043
28314,4.4608032648036495
28315,3.7026719086478863
28316,2.6360413088985766
28317,3.8171255079233055
28318,5.03731656271654
28319,9.725760114655584
28320,3.5459236697871437
28321,0.9101198368492681
28322,2.0496570644176866
28323,9.894749969563993
28324,9.071956524965831
28325,0.5908477540335261
28326,0.6976041102917697
28327,6.187286347982976
28328,3.688115272309316
28329,1.1862721794066458
28330,0.8600341647407521
28331,6.845611338847505
28332,5.866780101606297
28333,7.939571208231703
28334,9.12086216810245
28335,6.588392442458644
28336,8.408214416627988
28337,3.099422974115413
28338,8.92913262399373
28339,2.790807262577894
28340,7.8377386405832485
28341,7.575161803059184
28342,5.534706759076725
28343,1.1820005560229279
28344,9.835667582192611
28345,9.779485277442665
28346,0.5551451334735912
28347,9.57649492700052
28348,0.27871740832996683
28349,3.316124537389148
28350,2.1343034831257914
28351,3.8385241608413225
28352,4.807884553129251
28353,7.750601906197084
28354,7.377692878090526
28355,1.842485488434468
28356,0.74965800546626
28357,8.316880777792514
28358,2.5021400876575903
28359,3.062955391033491
28360,4.091653329834894
28361,1.0703666900159963
28362,2.2939438284157805
28363,1.0587604070259649
28364,4.5952021932109
28365,3.072597135921178
28366,2.856622908249695
28367,5.951889214034362
28368,0.4091692179866214
28369,9.034536603521943
28370,4.9443508547650445
28371,8.836597522594918
28372,1.2038460012213426
28373,9.781719532079926
28374,8.375479200556985
28375,9.569120186019326
28376,5.932138711738394
28377,0.4296882893320757
28378,3.3872290301223655
28379,1.0130850985700772
28380,6.13267281094716
28381,4.735941115344095
28382,8.761964479617504
28383,8.562775529675708
28384,4.045455276761769
28385,7.871038332350782
28386,6.968273562420379
28387,1.0928992214341817
28388,2.982061726509969
28389,4.230052609698182
28390,0.8956921811225141
28391,0.5082988583738123
28392,7.5440324535164285
28393,1.7619578890927947
28394,0.10381572234233977
28395,8.917043361433885
28396,6.565365447667765
28397,3.1919036996558003
28398,9.252545850998807
28399,5.140123365469774
28400,9.660528697620029
28401,5.651667458790435
28402,9.533627661359313
28403,3.438947068108045
28404,4.259007384445925
28405,3.0422694075541625
28406,8.030140860586151
28407,9.009875727179558
28408,7.642844395931414
28409,2.985961358284235
28410,0.6937289874706403
28411,0.5195129965714743
28412,0.2068899650295303
28413,4.614917752119807
28414,7.447694340087203
28415,5.314787591444578
28416,7.371821295213239
28417,8.650738990990845
28418,8.175100076477761
28419,8.404153836659331
28420,9.611692738870834
28421,5.374467574531177
28422,9.492821102168579
28423,8.651939222529245
28424,1.3266886801857247
28425,2.0508436111991526
28426,4.312120326354128
28427,0.8732583355287257
28428,3.7314218390140845
28429,7.825391263907219
28430,3.3531719781636
28431,3.3968609285845033
28432,2.5790477817489506
28433,3.553209798387369
28434,7.3020820418284185
28435,9.92423612179804
28436,4.586186806456258
28437,5.658405964450866
28438,6.434012167436168
28439,1.905698676053596
28440,4.977328903566136
28441,3.157132095332504
28442,4.905305224640412
28443,9.974628037182274
28444,2.206394505346865
28445,8.361065709464654
28446,4.0103105580785
28447,2.160278745885277
28448,1.5815205113052944
28449,9.601304803357891
28450,0.11923735909588895
28451,5.763742676362738
28452,7.433889068735011
28453,0.43083193424937083
28454,6.637501391941796
28455,6.032873721835594
28456,8.269051059472458
28457,3.0890522718804596
28458,8.483818883393932
28459,5.549850040443218
28460,0.5702785655098311
28461,5.582093209977763
28462,2.1180147803202973
28463,0.27566484493774834
28464,2.4874261076944997
28465,5.617232785820675
28466,8.843304104462453
28467,1.3506070380118254
28468,4.535445969679222
28469,6.65723591178223
28470,6.914114106309066
28471,8.787246388443414
28472,4.966830143494977
28473,6.406272128488337
28474,6.753163457354284
28475,2.126536204294423
28476,9.466847791988938
28477,3.9365744668437492
28478,4.450427796212826
28479,7.381957990628271
28480,9.805503022234303
28481,1.0541089575728457
28482,5.985848472517074
28483,6.213661966217791
28484,8.131220467397116
28485,1.6877608057344557
28486,9.49269449322357
28487,8.638793352219997
28488,1.567740679386523
28489,2.685191911607818
28490,5.130571467742027
28491,9.715779719331676
28492,6.376379931938849
28493,2.410321517000505
28494,0.18983845832655993
28495,1.0700401120246217
28496,1.1177062483842024
28497,6.3391688008272595
28498,9.202670948652107
28499,1.8664174608963588
28500,9.660030590836518
28501,9.429567689691053
28502,1.4230308447976256
28503,7.05423619531222
28504,1.5304611489417168
28505,4.890944857821772
28506,4.297607983031026
28507,1.1126930190905853
28508,7.513164901160884
28509,4.915903745181721
28510,5.548026598474798
28511,8.339023543730221
28512,3.6716527522166507
28513,6.020967365578936
28514,0.8624898405205383
28515,2.650085178810361
28516,0.9934575020798398
28517,9.928245690606035
28518,5.173645444808888
28519,9.368548314924455
28520,1.6662723632730236
28521,2.2948849780937133
28522,9.409791208023819
28523,1.6239867846755691
28524,0.5497774534022328
28525,3.6150466630085214
28526,1.1563389223866056
28527,2.7983843671462254
28528,3.478515197169668
28529,2.037209716370921
28530,8.488557622523992
28531,6.295981518959333
28532,5.417216743215036
28533,5.273693387592655
28534,9.746175989874716
28535,6.559921026764209
28536,3.7132420022896326
28537,7.867307946841006
28538,9.346242322185217
28539,0.6733586181756119
28540,3.245865790545405
28541,5.143080419929587
28542,4.2998283057941835
28543,6.181139268811399
28544,2.4632532243827923
28545,2.825486461743273
28546,2.292744463454687
28547,5.5094162504384
28548,8.31864832004441
28549,7.595578716074378
28550,5.775083084992455
28551,0.27038005781738417
28552,1.10602874508764
28553,8.579300050624852
28554,7.147511525721069
28555,0.8046017105888708
28556,8.209809374100145
28557,7.058489064034699
28558,5.947518991251796
28559,6.921162509084636
28560,0.779625336253726
28561,4.582518572322781
28562,3.0039983609875907
28563,6.223338774711415
28564,6.7258046047589275
28565,9.543329692996217
28566,6.479710065136663
28567,6.823737978776076
28568,0.5135182879055435
28569,9.924597816254758
28570,2.356672520629134
28571,5.456481521313818
28572,6.6827919771680895
28573,7.055613219513968
28574,1.3824467337564643
28575,4.5974484176149675
28576,2.027160728323387
28577,6.328092019906573
28578,1.9155375822253138
28579,5.621939558522023
28580,1.1516096588664668
28581,8.593173349500043
28582,7.265271458210759
28583,7.032350961536556
28584,3.600330803732392
28585,9.200037519176938
28586,9.418776462272463
28587,9.905430919893453
28588,6.063901440460046
28589,8.47458861126129
28590,5.855319732209257
28591,5.494664712281262
28592,1.5948009472711997
28593,4.8695040944609564
28594,8.226647011608858
28595,1.7360214011816535
28596,0.4342128105640328
28597,6.894736935743339
28598,6.893994665463044
28599,7.315447153564367
28600,9.9386232791305
28601,9.843674024482063
28602,7.551766512048032
28603,3.536325912816563
28604,6.358425373444571
28605,6.1715901608133565
28606,5.110869264722873
28607,0.7324182807294253
28608,9.91038405759486
28609,6.443686831404038
28610,7.205536059787558
28611,3.0793344421684994
28612,4.057690502078799
28613,5.547321048104247
28614,1.4370868991455195
28615,5.175097325844222
28616,1.437906718316292
28617,3.6917297164966887
28618,0.6276625502351523
28619,5.716775009600438
28620,2.859539607066127
28621,6.700956900194835
28622,6.723945984580468
28623,2.822127210497514
28624,3.6697580060782133
28625,2.332106244623628
28626,9.562922312753923
28627,4.563500680583856
28628,6.832560818184441
28629,9.15214060478398
28630,2.4705669519597624
28631,0.8745379745048394
28632,4.291540202079911
28633,7.13056305501388
28634,0.2340608471895183
28635,3.4738716227679527
28636,7.934059241943728
28637,3.5814596632608025
28638,7.297239434838888
28639,3.4722090353091017
28640,7.3456907539512475
28641,2.042650171411918
28642,1.6041676066806518
28643,0.4014343185418723
28644,5.186392845816466
28645,0.8472469767750551
28646,5.6201883094305245
28647,5.1035159559566345
28648,4.977147194396953
28649,8.713060077958152
28650,0.12549734451355965
28651,1.94859509442349
28652,5.811595346491656
28653,4.8328466064209
28654,8.547323144634777
28655,8.333970917371236
28656,4.652620770183885
28657,4.944109684775532
28658,4.856372451136327
28659,8.767404520678118
28660,6.147179946804316
28661,2.20191276700026
28662,4.940082021627692
28663,9.483620893175258
28664,8.478064198821542
28665,4.8142896255442835
28666,9.227176486870524
28667,5.956713043246835
28668,3.944713437141745
28669,1.5387249161211751
28670,7.910130025392617
28671,3.949731393821321
28672,4.676241272351101
28673,3.1752874669103877
28674,4.315009470998159
28675,6.208967927005454
28676,0.5783958802977375
28677,4.146982891287061
28678,7.657888072012658
28679,8.862322013668402
28680,4.381136428447378
28681,9.487645821712645
28682,2.4469921524453664
28683,2.649881928560693
28684,8.5431793921477
28685,5.964140324981599
28686,1.7901299742054044
28687,3.9072215420270275
28688,0.4229362309259911
28689,2.0076006936990027
28690,2.3629905273648766
28691,4.1711831658851555
28692,4.197417919609786
28693,5.416969679716064
28694,2.7524944206811313
28695,4.192929636731855
28696,6.9352443974807425
28697,4.976876423939268
28698,8.939292126169642
28699,1.4195285586847974
28700,8.86019972244764
28701,9.056222582070468
28702,7.713093476047397
28703,8.09714778186673
28704,6.457568322977866
28705,1.5988503120029314
28706,5.2403141338970025
28707,4.583284602672243
28708,6.106250162960652
28709,6.429560087352323
28710,3.226230803516659
28711,3.04061924558383
28712,2.063733177788561
28713,5.726972675278693
28714,6.004078443135586
28715,4.797169147252208
28716,6.058248296803497
28717,8.679568171914251
28718,7.69434593251501
28719,7.566644289768022
28720,4.283970973139274
28721,1.2620814129577798
28722,5.8148924430949185
28723,0.1842886189395002
28724,5.129595039516165
28725,9.490820897518335
28726,8.568702226265534
28727,1.7133184234383585
28728,9.644841946843902
28729,5.591050225115293
28730,0.14623375680817696
28731,8.58872728973424
28732,8.558392500155735
28733,1.4015052149836418
28734,4.634042770243709
28735,1.4922778205271159
28736,8.709243035661475
28737,1.6515910502622828
28738,4.574906375011561
28739,3.4526614481963858
28740,4.385733430569104
28741,2.4312587878159007
28742,4.0121372868773815
28743,5.452165030548235
28744,6.247504616744995
28745,7.825377305315651
28746,8.992736582449567
28747,9.701519594578496
28748,7.963734709288932
28749,7.1814980654628915
28750,5.838674386278261
28751,3.3511722170769604
28752,6.302204839324857
28753,9.028194477126805
28754,1.8183225046283846
28755,9.938898783670263
28756,0.7997294137644532
28757,4.772072608365776
28758,9.496715388512943
28759,7.256126751874865
28760,3.0385067157092376
28761,3.156424879069364
28762,1.3652536612705455
28763,6.458079203562401
28764,3.5081371232118426
28765,3.0480206765310265
28766,1.191510357730569
28767,0.4029948594180154
28768,4.114878815810928
28769,9.977413446772319
28770,0.4833144972607899
28771,7.364352839457968
28772,0.1331200280889892
28773,9.349560226348956
28774,7.352311563795079
28775,3.9493138733733972
28776,9.59998230599709
28777,6.961685510682944
28778,1.0423043443154663
28779,9.702945348023812
28780,5.759622398298704
28781,0.13019489395845574
28782,4.101092773266366
28783,1.3403934056900502
28784,9.048089566341002
28785,5.146711677940847
28786,9.922489148183642
28787,7.400490521219322
28788,7.215327790222886
28789,1.5807538723130654
28790,2.249198108970042
28791,5.715490566404814
28792,7.3086742929244
28793,8.721688994203639
28794,9.554327014437543
28795,0.7599138864090658
28796,9.578888584526736
28797,4.6416448654214575
28798,4.762119164433845
28799,9.251144255597593
28800,8.801830106253593
28801,0.39049478887777134
28802,5.635624514526346
28803,4.245678872836726
28804,0.9019980472298479
28805,9.170891917140548
28806,2.428529139622398
28807,7.36936305873358
28808,8.542954042966027
28809,0.4968811912591691
28810,3.1013446987298856
28811,2.6900524444924576
28812,8.122868820352275
28813,0.37774066576057297
28814,9.824412850186695
28815,6.283987397579623
28816,1.236464110722377
28817,6.268265828282943
28818,2.1548110913179
28819,9.793684037323285
28820,2.4261813214646324
28821,9.19240781507824
28822,9.1491739615807
28823,5.374849023391365
28824,6.309826747579755
28825,7.038064778431686
28826,4.1875380573034375
28827,9.655860727589133
28828,3.4228641360313823
28829,6.0982040355814275
28830,7.059770886819789
28831,9.392897288940517
28832,6.241199855910817
28833,9.251701180216122
28834,8.610717149698075
28835,0.9422573397791504
28836,4.960268381130453
28837,2.3733072084006155
28838,7.5695874207162195
28839,2.6870807578596017
28840,2.0584161608847165
28841,2.4930806240547945
28842,7.954699286695066
28843,5.409815467974364
28844,8.739261067847206
28845,9.919199840004609
28846,0.532982078163532
28847,1.9725059432546181
28848,0.21016120148642292
28849,7.290487725716498
28850,5.732307725100825
28851,8.713156280494408
28852,4.679678940960998
28853,6.99948219125326
28854,5.116760022902655
28855,8.060758172778327
28856,2.330996344452137
28857,9.25681351976642
28858,8.212060255118061
28859,9.069532108243022
28860,4.708564139536826
28861,4.667406037125547
28862,3.2594921787512083
28863,6.462160889474587
28864,9.809863619804794
28865,1.3200103515286732
28866,4.7169571360956635
28867,4.174839600607608
28868,4.058267968000875
28869,1.1980291642625793
28870,1.506571067835488
28871,8.33844731820879
28872,2.3187888239625267
28873,6.611836372708505
28874,7.608050219456836
28875,2.2253879622975723
28876,7.864431136820692
28877,7.388912189079096
28878,3.9365663244802036
28879,2.839279333798311
28880,4.579305997981905
28881,4.690945625011136
28882,8.109415239542257
28883,5.62030929821209
28884,1.6871973980254382
28885,8.62540815820451
28886,0.9980350563669178
28887,8.305518216352134
28888,2.0859078581793673
28889,2.5538128726822475
28890,3.4226479133797785
28891,6.718296402343428
28892,8.324594117937002
28893,9.82310978319858
28894,2.901619190226178
28895,8.93811669182137
28896,8.065691715276701
28897,4.275583312472577
28898,7.152530941425862
28899,7.27390115672903
28900,4.467344847290111
28901,9.615184259294265
28902,1.4524903415755923
28903,1.5629080920845377
28904,4.260198585882274
28905,9.460838638625713
28906,5.3939507388076
28907,2.2212879548154163
28908,3.2012243724754734
28909,3.9288707930988678
28910,9.263544463158263
28911,6.063823708304166
28912,2.9100675204747795
28913,3.2271315427649303
28914,9.491546589244496
28915,3.259189133296724
28916,3.9731604033632837
28917,1.8790645640437653
28918,7.80561411018049
28919,2.7703028700023675
28920,2.434478152162615
28921,5.244251255703426
28922,4.601009036919123
28923,7.2334089657981195
28924,3.0477910593984654
28925,9.790988850837426
28926,5.4464046902524395
28927,1.8320168206375025
28928,4.269271958724204
28929,6.328025435826045
28930,7.157638668805475
28931,1.2743239025704718
28932,3.172412417851774
28933,0.5152561052125146
28934,7.422219287267889
28935,0.145976636032396
28936,9.055510768897806
28937,9.666461074542973
28938,5.231872988320279
28939,0.20878894658059927
28940,6.0601995056933236
28941,4.803649632372312
28942,0.4461336301027108
28943,6.192207684781452
28944,2.253293975220839
28945,5.2259588078016135
28946,0.3193454296377362
28947,3.1297058183215776
28948,5.297053691938601
28949,3.907729465911798
28950,4.544191144461157
28951,6.0096448399525135
28952,8.673129508659494
28953,1.7170773588971007
28954,6.784540201766443
28955,3.1635993092966204
28956,6.813459243237624
28957,4.1916276144984845
28958,3.828874669231596
28959,6.13314022744199
28960,4.48313409494097
28961,2.6753519688254124
28962,8.931605024847904
28963,7.213006658003336
28964,4.633658653742913
28965,1.4277529409759826
28966,1.8424704417772266
28967,2.80021866146891
28968,7.595746327477457
28969,1.1650866636678365
28970,5.8423139185726525
28971,9.247023015518721
28972,2.002197994894351
28973,5.1425234700100475
28974,6.036777285620091
28975,4.101984140809183
28976,4.135709882169766
28977,4.216294807772735
28978,1.341915184161211
28979,1.9764771191918824
28980,7.278019925602432
28981,6.99483483514698
28982,1.1276345576660896
28983,0.6135001346975312
28984,2.2452263679505142
28985,7.336681368311766
28986,6.719352395578682
28987,4.90279782764526
28988,6.58264422821345
28989,2.266945088325946
28990,6.1248506692156885
28991,8.550420679748274
28992,7.434042335662132
28993,3.241856353125047
28994,3.1289363633190344
28995,4.736330008413178
28996,1.386919157692211
28997,3.19861827546697
28998,5.237888115504289
28999,4.289504808939353
29000,7.327228115297272
29001,7.6714254830863435
29002,2.8760410324902352
29003,0.36433445286736266
29004,1.1848634487184735
29005,6.132239348611248
29006,4.783267634047484
29007,6.9898970947709405
29008,2.6885957945526298
29009,7.147030062106597
29010,6.797583291989806
29011,0.9702025201117814
29012,5.174869712238585
29013,5.809007986741673
29014,1.8867276479452104
29015,6.385032178674718
29016,3.351161981877766
29017,6.71635157201568
29018,4.5046943294895145
29019,3.899372861312143
29020,8.239989868393865
29021,4.518990934728554
29022,8.59111805346242
29023,5.573125855616918
29024,4.671946346448572
29025,8.409406496969133
29026,2.9651421068047537
29027,1.668825955610782
29028,3.3133975784914584
29029,3.211802866518789
29030,6.980200616033721
29031,3.122208116588961
29032,0.7362877334294538
29033,7.821649661820617
29034,8.929262165826287
29035,7.470960829508198
29036,3.2834953178906083
29037,8.766328929082588
29038,5.330602086606417
29039,6.9839700375938865
29040,1.0895024376678488
29041,3.2051476699480284
29042,1.970293676228992
29043,2.4434706014533387
29044,9.64132886512832
29045,9.551164487935534
29046,3.5444324602042663
29047,3.0755515215370464
29048,9.370283271719783
29049,9.6316425094632
29050,2.797238485449642
29051,7.278844258140739
29052,0.7185640742265799
29053,5.207396681115688
29054,1.3201030311796331
29055,6.012600071467732
29056,2.9009848900033104
29057,8.345574181107414
29058,2.4236698843995406
29059,4.466586084338854
29060,4.607504821698373
29061,7.397593922641963
29062,7.288715253547223
29063,6.39928319719048
29064,8.11622861849961
29065,9.257546989180021
29066,9.271855821188673
29067,8.023129122810952
29068,1.9506862859420218
29069,7.501428708354313
29070,2.5562062114762503
29071,2.0069478148284357
29072,4.072320081842553
29073,6.620988017696329
29074,6.691774518482662
29075,8.256005259757606
29076,8.409756537321496
29077,2.7741547423711475
29078,4.329775180468095
29079,1.3255726857330665
29080,5.757057523729303
29081,5.288726764334273
29082,6.799381048167396
29083,6.177856760392851
29084,3.068516061424702
29085,9.143877810207337
29086,6.620283879026064
29087,4.075949872156083
29088,3.1437518120335617
29089,2.1602144013881492
29090,3.998184149856793
29091,2.5889644116951027
29092,2.5151561050775664
29093,7.276685027459379
29094,0.1502597214395931
29095,9.406210079032547
29096,9.166661941691125
29097,8.995173548154026
29098,8.86534490480048
29099,2.0800211432115843
29100,3.0582361315053945
29101,2.722631296054969
29102,6.912645368649552
29103,7.29482729923887
29104,6.097301725439464
29105,6.692698368118836
29106,7.432069827778295
29107,0.16022040139277846
29108,8.715497993584126
29109,2.2693540198387163
29110,5.110540679252386
29111,4.084960862167986
29112,5.710472949449714
29113,9.88910250243777
29114,9.914029813970808
29115,3.6350948531722014
29116,5.8604734961004725
29117,5.857459392741466
29118,7.002365920545783
29119,7.623552805228606
29120,8.080302880604584
29121,1.161418889304322
29122,3.8538184062033607
29123,4.867564860784554
29124,4.194377095922211
29125,9.21625011874156
29126,4.009780473289489
29127,8.75557803711324
29128,6.441311265818728
29129,8.246654358317516
29130,0.9044488420022755
29131,1.2344537438510583
29132,8.371586056524018
29133,5.613401154875132
29134,1.54888773704447
29135,9.452357990825554
29136,2.392812815793989
29137,0.2915250983249099
29138,9.089529540679933
29139,1.9118027312234565
29140,0.6790700668613932
29141,1.6060885078669056
29142,5.761096807865001
29143,9.499910235173846
29144,4.439005324365497
29145,5.216947570082677
29146,5.741507492988032
29147,5.83601966045587
29148,7.079379461140414
29149,2.1938265597892035
29150,5.010238731965933
29151,2.643409755189068
29152,0.49315364211779267
29153,5.359812663647592
29154,0.39195629344460015
29155,6.6050288762432565
29156,7.603172559289342
29157,1.5374051719793478
29158,3.783152701579102
29159,7.402565441562533
29160,1.7626603137227934
29161,6.534293492301917
29162,6.163927895879727
29163,3.3104186511942664
29164,9.239433459843063
29165,0.46576921010058103
29166,9.775353796580603
29167,7.332955309100474
29168,3.2559282517980317
29169,1.5020151885382023
29170,3.705099195759102
29171,8.191788891210857
29172,7.927128061223965
29173,7.253296413267764
29174,8.48355464797929
29175,1.5965581166274259
29176,8.683272152345696
29177,0.3402593785254384
29178,0.6295641497345034
29179,8.625714024257075
29180,8.010381697816308
29181,0.6437274795422968
29182,7.205055509323964
29183,8.795727571082107
29184,9.574084983479421
29185,5.981145437946454
29186,3.013303970582189
29187,5.085083610188447
29188,7.134342825023138
29189,9.754443947414506
29190,5.385124102896223
29191,8.421882054010663
29192,9.074336070405163
29193,5.022961021295605
29194,5.7561355263805485
29195,2.6407572427369637
29196,1.1160213999636301
29197,5.724888314660079
29198,3.8947440288837525
29199,2.7571224494657782
29200,9.392291524208183
29201,8.013768729355826
29202,1.3136562791341038
29203,5.80803585418199
29204,6.821261559820164
29205,5.043760089891668
29206,7.61612063798307
29207,2.382447670703631
29208,7.393048352395388
29209,3.114516672722993
29210,7.808777596841041
29211,2.3372953542241555
29212,9.68335702018445
29213,3.683047052375191
29214,2.1945191851373997
29215,1.7682608631512025
29216,3.1696175058846725
29217,8.788655009327154
29218,7.3498201875675
29219,1.8765974611574274
29220,9.730912104376763
29221,4.375407248320618
29222,2.3206712849001248
29223,0.5373318195418009
29224,9.70348178062992
29225,2.889501598299306
29226,2.898209105591765
29227,3.458964105393518
29228,8.930274928497774
29229,5.546117578501848
29230,8.125817065014372
29231,0.5632690785845221
29232,2.1095610918407957
29233,3.0631813887182138
29234,8.327667151357042
29235,1.3007266363013599
29236,5.968723378727183
29237,4.665379571649709
29238,7.944958961996828
29239,2.5932753276058027
29240,2.3733762213506377
29241,2.0083146449303113
29242,8.148505209929736
29243,7.816423549105442
29244,2.9672578864476846
29245,9.4721484493808
29246,9.582484654316202
29247,4.171543533374363
29248,6.817249063214769
29249,9.216248758102864
29250,9.763927039353206
29251,5.956186898865011
29252,4.331679890334346
29253,3.4710790659764226
29254,7.076763847824576
29255,5.002733019749207
29256,8.106354982615745
29257,7.165244699076298
29258,8.71623915455491
29259,6.762438399782485
29260,2.397207273417153
29261,7.309876775543294
29262,2.887731636280167
29263,8.910116567248245
29264,3.281580339208522
29265,1.93112417286363
29266,6.5209147322865775
29267,2.9620802993523054
29268,4.931615621473658
29269,3.703886619134127
29270,5.712789907805888
29271,0.16332581410189267
29272,3.108136817165497
29273,1.6695344354753767
29274,9.015140338546544
29275,9.579936954652213
29276,8.354501301873672
29277,3.304668825907403
29278,6.51212480103875
29279,1.5282414304455096
29280,3.6583617849157104
29281,3.7115415249661887
29282,2.6440365067679785
29283,5.010752299959543
29284,5.94181891763558
29285,7.833552140015077
29286,1.6092739277529005
29287,7.345516749425065
29288,0.5374019199707301
29289,4.651914919739816
29290,9.035011398950372
29291,0.29925245128774614
29292,1.5664176499625204
29293,3.885674045208653
29294,7.082507226733515
29295,7.413322320955621
29296,2.6028171716226627
29297,5.986554182051872
29298,9.518978696340374
29299,7.126021360380115
29300,2.550980454475212
29301,7.556554945789146
29302,2.7355177746190003
29303,3.003921556596213
29304,6.806014070406075
29305,0.42452374313125874
29306,4.758589874189687
29307,6.0392949670679705
29308,8.344771308199823
29309,6.805240392755699
29310,0.1275686598040882
29311,8.952097372492647
29312,0.12034464235820252
29313,9.388969659387866
29314,3.406112534060278
29315,6.279580287227075
29316,0.20084850831605985
29317,6.416485020186155
29318,3.4886237449346984
29319,1.695321984276709
29320,3.425712269350868
29321,2.5411678802686746
29322,8.098871301413668
29323,9.744344242440743
29324,6.251783049686458
29325,5.395129547111111
29326,8.878441624523202
29327,5.818276523313871
29328,0.7334910949549649
29329,4.602950897087324
29330,6.799817029927314
29331,5.476806296241469
29332,4.710701260717808
29333,8.967255470304464
29334,2.867684605257984
29335,9.790247929824828
29336,0.798329805239584
29337,1.4458057312052106
29338,2.4490462598668534
29339,8.611204386516981
29340,9.523947384767666
29341,8.489000006915434
29342,4.697598151441361
29343,1.8577170386208472
29344,6.067906250993051
29345,5.998431469696441
29346,2.7631720010427605
29347,1.3677236001591857
29348,8.080457961011842
29349,2.025162197752406
29350,1.0765393948651851
29351,8.864057740010667
29352,9.109917318791153
29353,4.342410524844638
29354,3.240210699094698
29355,8.318452262486582
29356,9.189393824602128
29357,6.765332719996576
29358,8.371234486891833
29359,0.8546868504856804
29360,8.530327807231366
29361,0.7997883882413671
29362,0.11190220113536281
29363,7.1351795486268275
29364,3.2205551293034897
29365,8.6233088028531
29366,7.555105172291197
29367,1.2410951519704951
29368,1.5153521553849378
29369,7.00242519145439
29370,1.617589608572198
29371,6.188581157716847
29372,0.15485031609578298
29373,2.3538512453043055
29374,1.8479761013176466
29375,2.4146610484308884
29376,4.708265472375135
29377,6.37357911655202
29378,2.2096824863185915
29379,2.8187949317283034
29380,6.76347700141631
29381,8.533348269221802
29382,9.883284320547753
29383,7.255814006364417
29384,0.8603440476571564
29385,8.960916958823558
29386,4.387518752506115
29387,8.827811058375241
29388,5.427306331542101
29389,3.1761151009575546
29390,7.762471315640311
29391,7.989601132533794
29392,2.0363389850172684
29393,2.750987577815346
29394,4.405857435476068
29395,6.03991864295809
29396,6.47437694349211
29397,9.242183855909307
29398,4.5172500860270945
29399,2.9788442524840812
29400,2.544999445287759
29401,4.287968419453779
29402,4.756631332845122
29403,9.600613473270506
29404,2.605898748681784
29405,5.3487247373910956
29406,7.149896597955957
29407,4.66334775818187
29408,1.3139653468047392
29409,7.741750561144777
29410,2.3529937188805103
29411,6.752305035950212
29412,0.3828052231478083
29413,1.4249110992676763
29414,6.21416849902841
29415,3.5888698549123546
29416,8.675420174001767
29417,6.662595707129276
29418,7.580030614232676
29419,2.126411966247282
29420,5.4969265812668535
29421,0.6361089485439119
29422,7.540603753400554
29423,8.54346865496821
29424,9.384266264604088
29425,7.946292630312776
29426,7.438222141585823
29427,6.275279881838205
29428,5.137081220968834
29429,2.493034618368131
29430,0.7176986339250784
29431,1.1551744421978722
29432,8.349154010211981
29433,6.684649208573188
29434,4.345473254963932
29435,6.175199447000074
29436,4.154221869634383
29437,5.714115220663985
29438,9.42518624917173
29439,7.913171471456295
29440,7.293166822302391
29441,1.0156127313102465
29442,2.8168914477502938
29443,9.095236799181139
29444,2.0366534849419207
29445,8.917694229512788
29446,5.197419101791454
29447,4.6670030475102
29448,8.57931855554002
29449,5.788029988624063
29450,1.0733162306555313
29451,0.7602937074610531
29452,1.1853642406141525
29453,5.009993113270609
29454,0.19361965930667546
29455,4.387726541402389
29456,9.538897085218968
29457,8.65659599165088
29458,3.98470354838893
29459,1.3496167660384428
29460,9.486237671008945
29461,5.320133359480161
29462,0.8158584695301937
29463,4.596324878792644
29464,6.324004681569164
29465,3.329640300316304
29466,1.6996920246463425
29467,9.866007900198872
29468,8.56714823189504
29469,9.821942901519554
29470,4.461356361053962
29471,1.7971518554720043
29472,8.049195629331708
29473,5.803690057709339
29474,8.259459901767206
29475,9.990401020684711
29476,9.247705570834025
29477,5.318517030854983
29478,6.187634843832785
29479,8.179212729234935
29480,1.2875648389305432
29481,8.801249334880513
29482,0.34431012039550146
29483,8.899205327706111
29484,0.4174458778286787
29485,3.989118619154737
29486,5.6127456527141995
29487,7.790500851519008
29488,4.707479553592222
29489,6.993555864620023
29490,1.8778384638180863
29491,8.928840979986647
29492,0.31213984314381055
29493,7.769478988078562
29494,9.775844344849265
29495,1.1089765668599578
29496,8.173856958009601
29497,0.81712537168738
29498,2.035208133699812
29499,5.849690444125673
29500,5.213965244901783
29501,9.618794878745
29502,6.513296942414639
29503,6.938715378524828
29504,7.222919763265307
29505,2.152548891656214
29506,1.0584086877557999
29507,4.371170594641527
29508,4.440261002887056
29509,8.434326002742203
29510,6.680235589623035
29511,6.174619617919036
29512,3.717247196118455
29513,9.830429110130074
29514,1.5788379083056683
29515,4.159837892823486
29516,4.128608554404855
29517,0.3266903868964022
29518,8.735253853599731
29519,9.753773180166975
29520,3.3013365113170257
29521,0.6453719157906185
29522,8.432583990090585
29523,9.846956810253127
29524,9.173772857495718
29525,6.082559912501249
29526,3.1622189102043765
29527,8.817318904881656
29528,2.051489586525794
29529,0.3405261257429027
29530,3.5649033342025667
29531,2.299054989281893
29532,3.869995304013132
29533,1.0547542531730267
29534,4.991954682543854
29535,8.710060310458978
29536,8.314348157329283
29537,6.615708703083497
29538,9.620046281239985
29539,1.2635084162304977
29540,5.089250939420047
29541,9.538383097890103
29542,3.1869997163866794
29543,4.000054766736305
29544,2.4591342955968907
29545,9.995622448146769
29546,8.811671413543397
29547,9.394043106283013
29548,4.870269967314365
29549,3.04669769609707
29550,1.3000698760452074
29551,8.698338391460625
29552,3.0337563007470703
29553,3.5045118455386564
29554,7.818375619625169
29555,2.6968253249072482
29556,0.5914343235021716
29557,9.974376471016225
29558,3.036642331047607
29559,5.636853920209666
29560,1.6947280273822543
29561,7.922530198188132
29562,3.7954417083241614
29563,6.380937366059534
29564,2.4166703936498775
29565,3.873482388057456
29566,9.934715204690605
29567,8.351105519361015
29568,9.302525336713943
29569,1.1563279711991061
29570,8.776198431171535
29571,2.9604097110703083
29572,5.806204229678777
29573,1.7722732243023438
29574,4.399091983355064
29575,8.00917504573089
29576,3.628703440283275
29577,3.3414062712273034
29578,1.227000604590753
29579,0.4242105788501007
29580,1.5269750674562883
29581,9.783107390987196
29582,7.133090211115206
29583,3.7684380178908863
29584,8.037837811773661
29585,2.8319224012733213
29586,2.9729584921685763
29587,4.520385973235597
29588,3.963595811346342
29589,4.260738663345473
29590,1.9394328943179724
29591,0.3453884053405928
29592,1.6674845965275078
29593,4.149746263514102
29594,6.172427698343999
29595,3.7807488802605396
29596,8.997864048871028
29597,8.635832442924006
29598,0.7326668187848682
29599,1.0440256053006927
29600,4.731558299285206
29601,1.9674980127792674
29602,9.2563952346319
29603,8.9784921356371
29604,8.808219049572555
29605,7.002180371150363
29606,7.765730551501473
29607,0.5124325000102934
29608,3.9942387275524283
29609,9.04921074065782
29610,3.1408021799716748
29611,2.222910294460331
29612,3.8597241658774135
29613,4.114510120899306
29614,8.624719941464114
29615,9.158944855066522
29616,4.988677697286297
29617,2.111628771089337
29618,7.7340026636460335
29619,0.31046476314867766
29620,9.99571531497402
29621,6.276159968326997
29622,5.067646756270095
29623,8.353705798122524
29624,1.0540078857652326
29625,3.733573503963561
29626,9.960059188565502
29627,1.2071451108313367
29628,6.057182185922978
29629,0.554331753360528
29630,4.186671130673962
29631,4.4761504369503164
29632,4.316265860730248
29633,9.215766036804563
29634,6.599216955309078
29635,1.6768071114692544
29636,6.510197466923706
29637,1.5653601653032478
29638,0.5939962986802847
29639,9.946806471891247
29640,5.594975193511683
29641,2.850676860543247
29642,8.36204692537072
29643,4.067993973092087
29644,8.760278280394695
29645,2.203546558459205
29646,5.778935771033361
29647,9.864354958335793
29648,9.24398718902961
29649,4.245711653612136
29650,6.6100056876673206
29651,7.186331485988876
29652,5.314440881558571
29653,7.764357943112873
29654,7.938005199357397
29655,8.71309732490341
29656,6.390200634293051
29657,4.217971639799009
29658,1.4827669176556533
29659,7.3492199538337495
29660,7.6221908777756955
29661,6.077156443981973
29662,1.9102270469074796
29663,5.718353327531453
29664,0.41424108703939755
29665,0.33422045463558125
29666,9.946968947133557
29667,3.3377648513135756
29668,7.715421303987114
29669,3.840542018788012
29670,5.686750918252359
29671,4.228862191471311
29672,3.2663864232705424
29673,4.720542897537656
29674,3.857953929688481
29675,8.066467490703365
29676,2.603783554533044
29677,8.5993044346699
29678,8.07720333273349
29679,7.6257243896758595
29680,5.794655681184967
29681,2.268922468226325
29682,1.338499789595341
29683,3.4097989085627223
29684,4.022650772358473
29685,9.504870571650525
29686,9.612599340067435
29687,6.573743924396464
29688,4.653963131815513
29689,3.359795995691811
29690,8.686426657253824
29691,1.3888296885042626
29692,3.503874501576595
29693,0.4484077860787836
29694,3.4083935349673555
29695,6.258600438802163
29696,3.010323170203136
29697,0.871022148205192
29698,6.5573329833213085
29699,0.5653163574001259
29700,5.560811389843258
29701,9.588047143566369
29702,8.133467816689517
29703,1.1443507284195518
29704,0.5630740973101048
29705,1.2079626226113231
29706,3.487780515783153
29707,2.735706684561936
29708,6.257539953489976
29709,0.3368011643157024
29710,1.3927401782675661
29711,4.72507928578816
29712,3.379581012886372
29713,6.275472847212146
29714,2.888117609981258
29715,1.2365894557290331
29716,2.8685417108465923
29717,9.410364892263225
29718,4.039990015626993
29719,8.432978921558629
29720,5.620071896371693
29721,4.125134515634601
29722,3.868822165153678
29723,4.486846350416603
29724,2.883177287767779
29725,5.3945816976466565
29726,7.337237915948985
29727,9.910551070912101
29728,7.0022126954609165
29729,2.600181247113284
29730,3.2612102979584776
29731,4.974835140141323
29732,5.922305030846823
29733,7.705118222330605
29734,0.7346209830085374
29735,9.65089649481189
29736,7.746087457884502
29737,4.692802808988805
29738,4.6306251494281625
29739,7.302596138676325
29740,7.6130478538956465
29741,8.76249500289844
29742,1.9600224253312717
29743,3.576539087862031
29744,5.894465823582479
29745,7.790570692514766
29746,7.7142935814493265
29747,8.952431614443276
29748,1.9300752351058423
29749,0.5735045437949144
29750,7.342038429248375
29751,1.9854979378364075
29752,5.144047627806588
29753,5.572324888044888
29754,4.890929298137811
29755,8.230229161017968
29756,4.79377900570834
29757,0.5311793246261131
29758,7.906118019844152
29759,4.444015619117862
29760,9.233157478342582
29761,1.0391294578871255
29762,0.16487412971205456
29763,0.8703287862130336
29764,5.117048937227977
29765,9.989068386019163
29766,3.722980826858586
29767,0.47766665060643787
29768,9.73954578596499
29769,8.791594228255919
29770,5.626550742278329
29771,2.3348748785247917
29772,9.457420482677312
29773,7.245327195174446
29774,0.17138451130539106
29775,5.498520677429817
29776,2.5200541933700373
29777,3.026106643220462
29778,7.828416844502039
29779,7.064676706648011
29780,9.736496263928029
29781,2.796790465783728
29782,9.732312121427263
29783,0.683960635719896
29784,2.4891844713559528
29785,1.4786985485563828
29786,3.3834008668028184
29787,9.720797791822513
29788,3.6656270184340882
29789,4.9702365200272105
29790,3.8564946794053827
29791,1.5892487453584763
29792,3.773996890874564
29793,3.9661295085427164
29794,4.074581626666339
29795,9.622263050875526
29796,5.930161825808985
29797,2.8962828319592466
29798,5.278089584955905
29799,1.130209288224041
29800,6.735074334464933
29801,8.083593169661292
29802,4.444010158918469
29803,2.064872155218643
29804,3.7001402792840863
29805,3.9985329213580494
29806,5.115510760633365
29807,6.987335124249382
29808,0.8550448491592272
29809,5.93285060765167
29810,6.348401506469038
29811,0.4123643437808516
29812,6.074416560812927
29813,2.7913235469900606
29814,9.79388083204777
29815,4.2491143593029825
29816,2.4142920119572033
29817,1.792761925517411
29818,6.54605596154569
29819,7.660090990339683
29820,0.8899194704983647
29821,0.3295736502645171
29822,4.611236831570628
29823,5.461344107227312
29824,8.542128897185883
29825,3.3997675024136504
29826,5.921741437339568
29827,9.654859928530222
29828,1.6294569658708946
29829,5.737161406623836
29830,6.3500364558435844
29831,3.7503457552320367
29832,2.115315536535757
29833,5.949957947845671
29834,5.316663393768333
29835,4.001484739023335
29836,5.682439398730643
29837,0.10861947922502418
29838,9.873690905450943
29839,0.9829217990090613
29840,1.9106025859127171
29841,3.6986695748317358
29842,0.40949132216702366
29843,8.226557474902991
29844,1.6438293247750526
29845,9.788525677224799
29846,9.282363363531369
29847,6.6708966062932715
29848,5.531427109931182
29849,7.031019344338454
29850,0.6737586474691707
29851,9.896660264808869
29852,9.1336673260189
29853,1.27410518922664
29854,3.687552048201337
29855,3.2809443211963703
29856,1.9417960764017461
29857,8.393019608531489
29858,6.317717033267719
29859,1.8837286800488173
29860,7.668641531815628
29861,7.859311316911452
29862,2.2721392503735034
29863,8.539732220880788
29864,6.576411079444609
29865,5.5825005825092955
29866,7.260886097470099
29867,9.266552133263582
29868,3.000679859738748
29869,6.770972038851563
29870,9.450444088001472
29871,8.3081919251182
29872,6.647104075717705
29873,7.1205253518188805
29874,9.202226791687451
29875,2.0299757906127343
29876,3.1122679636160013
29877,8.556810743581645
29878,0.2860496630521412
29879,2.0408028346940332
29880,2.3906358398635676
29881,0.5793686384730625
29882,3.8323719921567996
29883,7.862753200269895
29884,4.7465214894556516
29885,4.59143338725704
29886,0.634665702821145
29887,5.8046335117809305
29888,7.135008350102766
29889,4.337407348824122
29890,9.663413111803493
29891,7.541882614654354
29892,0.7999369040615775
29893,1.320964830451179
29894,3.1653712412383213
29895,8.73076482801551
29896,6.750237711573037
29897,9.909308731431391
29898,8.863706738819854
29899,7.049327745036844
29900,0.7581401817453666
29901,2.0613028621967264
29902,9.026664165599039
29903,0.44062206553036154
29904,9.493569397223123
29905,3.3728209526096204
29906,2.328592787695572
29907,5.0231735599936655
29908,3.0152790439119137
29909,6.1682643192432005
29910,3.8844871196510486
29911,2.214612839384553
29912,2.201930856257391
29913,5.262622724544765
29914,7.657600176994979
29915,3.464769096927526
29916,5.236256551562157
29917,6.3643564803701835
29918,9.390147567222868
29919,7.805468204841293
29920,1.8297450368557788
29921,8.795051792161233
29922,2.9574708612263936
29923,9.9837067224667
29924,0.4101490929508095
29925,6.016712253834357
29926,6.023342528358991
29927,0.532640932878481
29928,5.415149571041937
29929,9.049771187715539
29930,9.323125518586542
29931,7.953152468957295
29932,2.1840541300657947
29933,7.296673351829114
29934,1.042251100154803
29935,9.004127058020089
29936,5.251762794288495
29937,1.1290159252942522
29938,3.0472251311748875
29939,8.556108619956225
29940,8.02311668469825
29941,0.9085899291290599
29942,0.4521976249898685
29943,6.33436396522486
29944,4.068145798004442
29945,9.504428418307517
29946,3.1464308530046856
29947,8.901927632092638
29948,2.7031834498747522
29949,5.997155561936287
29950,9.020915643654345
29951,3.8368134820378947
29952,5.4575554537291096
29953,0.7047029752902755
29954,7.3713474347741155
29955,4.357599315899807
29956,4.535003726078804
29957,3.541789835674202
29958,8.32775937497575
29959,3.957348166091495
29960,9.345450235042563
29961,1.6123018577596742
29962,5.374007316112856
29963,2.9858760571581104
29964,3.967751459022962
29965,7.703894129239641
29966,0.2867411561746346
29967,4.111905863524011
29968,2.204078683377142
29969,8.24618333182359
29970,1.769635759218248
29971,5.239737308902554
29972,4.799885509879668
29973,3.939270577441631
29974,5.572688030991536
29975,1.7242691981634617
29976,3.781505401303843
29977,0.6363046278890044
29978,1.7324217288811947
29979,5.049510351133646
29980,4.959649942642177
29981,2.279537703887453
29982,5.551758254217274
29983,1.1415159694782193
29984,9.481857413957579
29985,3.8922729645244742
29986,1.148209264757632
29987,3.3299451470339223
29988,6.672466768815004
29989,1.1659638625449842
29990,0.7020748024685982
29991,6.445520720435697
29992,4.633173793310603
29993,2.5510160735901164
29994,6.598264885446402
29995,0.5186141354591509
29996,9.870443510848498
29997,5.344730224978213
29998,1.1491249251588618
29999,5.354082584465149
30000,9.695118792350284
30001,4.262219627763951
30002,3.7689307104444594
30003,5.715800025131798
30004,8.742164453158104
30005,4.431246861733115
30006,3.4922666319695645
30007,1.6904441493842726
30008,4.567169599267955
30009,6.431515270369325
30010,5.933447125133854
30011,9.416369440462741
30012,7.58374985707269
30013,4.624096932558444
30014,4.651787029323331
30015,2.7273989960691307
30016,6.378435825817517
30017,7.24394122447113
30018,5.32728950751813
30019,7.091434940087267
30020,6.377648764928674
30021,4.292436517484222
30022,2.9890845537555095
30023,4.5803571450726475
30024,0.5786566161881951
30025,5.0397777054471815
30026,1.316306563212002
30027,3.3958139448576747
30028,0.2978879295777014
30029,0.7768810601004874
30030,3.7992667430754326
30031,3.882128630624813
30032,2.828730643310965
30033,4.563943201457519
30034,4.688570295969278
30035,5.005352872708003
30036,7.67335925646981
30037,9.120172253361721
30038,2.6312978739169925
30039,8.665477334164686
30040,6.611747919188796
30041,8.498690336749723
30042,0.33578170794132245
30043,4.221889983318155
30044,6.145639029509792
30045,3.1385999319238325
30046,2.9205135046026176
30047,3.7098293180531674
30048,7.844072215054306
30049,1.567129706071608
30050,0.44426891723194173
30051,4.947499616158473
30052,3.3862450377662654
30053,7.6545159072257265
30054,8.644396283770586
30055,8.322809017448584
30056,6.963257897214366
30057,3.642242568331684
30058,6.842654582510135
30059,3.4436052616974626
30060,1.2577896575350187
30061,5.330010348632671
30062,2.8401560511883353
30063,7.741239741086089
30064,0.8046414219988123
30065,5.431143783613213
30066,5.687675533923871
30067,7.98324185312941
30068,8.794973116979984
30069,9.501278850180393
30070,9.761298365454198
30071,6.538929333409254
30072,0.5834875742174297
30073,6.038922401689769
30074,9.539474144345446
30075,1.496386380960277
30076,3.9811274276480884
30077,8.598377765058329
30078,8.658568738679643
30079,8.861643238333373
30080,9.878243081906211
30081,0.39776399012496466
30082,2.6527078039787693
30083,3.2466477929240067
30084,4.762859667189785
30085,6.502278237703894
30086,4.4201207809226
30087,0.7178756524640769
30088,1.2400077555955384
30089,3.919696800453093
30090,4.589617635136626
30091,6.754715572529875
30092,2.126795967104198
30093,8.56641343610646
30094,8.711118139937597
30095,2.57690637682273
30096,8.929818795044463
30097,5.270146072307473
30098,7.587557615851298
30099,4.0781691759018335
30100,3.87803180720458
30101,7.952339166735158
30102,0.810759105448199
30103,4.103527393940033
30104,5.796378323890384
30105,6.069100291645022
30106,9.560261504941773
30107,5.79511043628323
30108,3.644999089007491
30109,5.506823512501894
30110,4.993427195818383
30111,0.46124395098851223
30112,4.459890990939461
30113,9.079975657570627
30114,3.477273887039844
30115,7.521349926585731
30116,5.318860662236889
30117,3.673755704776127
30118,0.9584595679253146
30119,5.371598590940476
30120,6.850554001232619
30121,7.521675501499268
30122,6.3097445657222355
30123,9.97179928619551
30124,7.6954896964218795
30125,7.601361197474525
30126,8.500469822904922
30127,5.87938435805362
30128,8.639029480313019
30129,0.12687849380951452
30130,5.775315197947388
30131,4.993673135808802
30132,1.315455869056655
30133,9.638390400277155
30134,7.540973252033579
30135,4.945904697410456
30136,1.332256218596593
30137,2.537596279797326
30138,7.259641247363196
30139,9.8643944930826
30140,0.3918222055808962
30141,7.424605719707963
30142,8.108890101888472
30143,6.322742744136205
30144,2.29183206106217
30145,9.041916824042481
30146,8.575253467879861
30147,6.468911990384489
30148,7.546912213888106
30149,7.693281825323817
30150,4.700240994234561
30151,0.9948388025514384
30152,9.921276664356098
30153,9.961638378545548
30154,3.4166696208823275
30155,3.6681740794678603
30156,3.160599567559483
30157,7.283468939387033
30158,6.892754926088547
30159,7.642431577557922
30160,2.5575033490218853
30161,0.4004786008145892
30162,2.6921520010592306
30163,6.9495736838934254
30164,0.1360496441364857
30165,0.5538474855892547
30166,0.6965308284417656
30167,9.424057418125148
30168,2.213111301398784
30169,7.638151234287427
30170,0.6188969272128897
30171,6.275981676788718
30172,7.383757387136374
30173,5.035748474575836
30174,0.2721723676350908
30175,7.236606603704778
30176,4.1891469764935145
30177,6.238451882207429
30178,2.023899731582102
30179,3.1174989402980438
30180,7.392761345188534
30181,3.5962372800396385
30182,6.117723771522426
30183,4.02033862324192
30184,2.1044946873470884
30185,6.897512373563634
30186,0.5729773529061748
30187,6.026967944639118
30188,4.305889357650634
30189,4.416004413183785
30190,2.0508137756550093
30191,7.938162629032077
30192,2.2963914112256907
30193,8.88063820862085
30194,5.755406095839441
30195,0.8142953878802955
30196,8.925604694137267
30197,2.4771406909918867
30198,5.083396948667725
30199,8.572814312855645
30200,1.125382568158181
30201,7.401686778707625
30202,1.5870912497441265
30203,7.253772254072054
30204,7.419072428744048
30205,1.8256653324838292
30206,3.7005424241495692
30207,1.89449609317276
30208,4.475357315140049
30209,1.3032598070368249
30210,6.731908910659603
30211,2.7255364093653864
30212,7.066853938187812
30213,3.2994697997819378
30214,7.960074486887084
30215,1.8010208664785337
30216,2.847763238554058
30217,9.078180332040953
30218,2.1755877084676305
30219,8.016367167708877
30220,2.600835371834557
30221,2.3576637238817897
30222,4.240920527022785
30223,3.323741094344751
30224,6.295499733160164
30225,6.302989549766197
30226,7.664652659647718
30227,5.107400292699984
30228,5.611869689756063
30229,3.4119025250089923
30230,9.306067255080688
30231,5.724988722991383
30232,8.323905495368237
30233,4.993420992612701
30234,4.368617363071991
30235,8.20393347745452
30236,7.225387499988661
30237,2.4482055162387426
30238,5.283638987924938
30239,2.3484835085570803
30240,8.795607610766908
30241,1.3045738998174319
30242,6.929314670216137
30243,5.9627191278998675
30244,7.84902013791258
30245,2.412993522880536
30246,5.3742788412415585
30247,7.176531979341455
30248,1.961696990552942
30249,6.617567333163582
30250,8.809058724055602
30251,0.1176085900775295
30252,3.167258754099944
30253,3.4017093591752903
30254,6.189525141210304
30255,7.504221086857118
30256,5.993983467318314
30257,6.447372033910325
30258,2.344282331809439
30259,9.879055123186735
30260,5.28514822503708
30261,8.841976232887308
30262,7.6163045333850246
30263,4.516667450309956
30264,5.762342135254949
30265,3.599638693931825
30266,0.1912702870201126
30267,1.1047923746692303
30268,0.22042911551988414
30269,3.437548618642649
30270,0.20760418657577162
30271,6.955918497955838
30272,7.750340350565553
30273,5.439670891207888
30274,2.0789230343177096
30275,6.820226845703338
30276,5.214044733687994
30277,2.8658796501740156
30278,3.2874496276429213
30279,2.501380075306241
30280,4.0986473778141725
30281,5.13613097878447
30282,4.370632780617083
30283,5.091370210872701
30284,5.837423161046253
30285,9.715543748364196
30286,7.388858950679988
30287,1.3186258235554675
30288,8.324946991445467
30289,1.9785762257594952
30290,5.781891164698616
30291,3.034053528886381
30292,7.009523709010625
30293,4.786606832608874
30294,5.731136859784925
30295,5.693367520029567
30296,5.1159929979008165
30297,7.337553132656982
30298,7.158634150488978
30299,8.61953157799119
30300,3.982745408406573
30301,2.007518616566158
30302,8.174178442681209
30303,9.962398102704629
30304,0.42775766362054424
30305,8.13415713951208
30306,9.69781433869509
30307,7.278205284269412
30308,6.561585800788222
30309,0.3038759868646471
30310,4.909100245632641
30311,7.7057162598470565
30312,8.025089547650584
30313,2.0716077609736887
30314,9.496978872816642
30315,2.0313170482502168
30316,4.726528277840197
30317,6.051070665491422
30318,7.229788881995785
30319,7.039316687171884
30320,4.062195711035066
30321,3.9477593609963852
30322,8.182074708369635
30323,5.886355756687812
30324,2.6830114911480565
30325,6.081483303382388
30326,5.739835095631101
30327,1.0287852776589366
30328,7.221455454469005
30329,7.708325066481473
30330,4.382263093040659
30331,8.382814688703727
30332,2.699985688886895
30333,4.792347675339802
30334,9.419566045388581
30335,9.14322217442191
30336,4.258129115817332
30337,8.717964959853077
30338,2.666080867862186
30339,1.1850466057724958
30340,6.482151755753472
30341,4.102912503230463
30342,6.498299191249494
30343,9.23107321215633
30344,1.143652055296276
30345,7.264185398549861
30346,7.502987869171087
30347,2.6313343884470433
30348,1.0302478904654682
30349,7.369672159056203
30350,9.25730871342443
30351,6.274964333394731
30352,1.4602413765776616
30353,8.789358091155233
30354,1.9313515304030602
30355,5.4606535858638665
30356,7.756178032266079
30357,7.930852405094977
30358,9.8526612825476
30359,8.661173167953356
30360,9.045693912186298
30361,6.331497305356864
30362,9.536437415400991
30363,0.37442476650353285
30364,9.56078296767525
30365,6.203034224885569
30366,5.571096110799426
30367,2.241574362933566
30368,4.8312222744454925
30369,2.9829183740095293
30370,3.8878201404213453
30371,9.750053497317186
30372,8.489691279241825
30373,5.985068433350188
30374,3.008045777931461
30375,6.249883183105682
30376,6.521517686216451
30377,9.274546069997978
30378,6.044833368013861
30379,1.3356858472888193
30380,7.812056165206062
30381,7.687798307930898
30382,9.431252167998123
30383,5.577692754735556
30384,8.241203328800813
30385,4.994703058761434
30386,8.498889693783386
30387,6.698862742100938
30388,0.2066418545243079
30389,7.5088174066763385
30390,4.4832369061221575
30391,2.0537901826259595
30392,8.976073016145339
30393,1.7108621176309318
30394,5.991147259229274
30395,9.03654010561716
30396,0.9360683919602101
30397,4.290251586400621
30398,2.562494864953839
30399,1.2394903716497918
30400,4.054104727193307
30401,3.5937075762359454
30402,5.499619189630709
30403,2.645061928776563
30404,3.7027516042148934
30405,7.100194538143836
30406,4.024847428739434
30407,2.1544301729342856
30408,9.519082402311017
30409,5.525488515101509
30410,9.509233400498339
30411,7.426683236350416
30412,3.1709745713429367
30413,8.747022039863609
30414,1.0882134374625632
30415,9.065382696924043
30416,7.882924653994944
30417,4.136954678594113
30418,3.3626352417265255
30419,0.9474915385784609
30420,6.6834020240283865
30421,4.261150800987755
30422,7.0514393892150755
30423,8.795139332340655
30424,7.257682666260451
30425,6.493516644521969
30426,0.32025882247596715
30427,1.4831883545128823
30428,0.8097684365418026
30429,4.864460791342303
30430,7.156021352285032
30431,6.128094425278154
30432,7.628309184984745
30433,9.660164447664329
30434,8.644490583673733
30435,1.0036374988140981
30436,0.9316796257041214
30437,5.543056170358396
30438,0.7777210436095184
30439,1.8855062249254346
30440,8.007093010822937
30441,9.454186472607972
30442,4.7891487743046985
30443,8.91785848657191
30444,0.36558942734160216
30445,3.4034106068115118
30446,0.8658868357338412
30447,8.39125710665462
30448,5.50390187004775
30449,5.679339383499935
30450,7.111227435659355
30451,9.556411884071887
30452,7.099084886422517
30453,2.0122983824304046
30454,4.333689350954639
30455,0.19528082041796668
30456,7.744875534638423
30457,9.485466664060883
30458,4.880545988719639
30459,1.3202886588191898
30460,2.831797201016254
30461,8.416959546920257
30462,3.5295453943190296
30463,8.39990350225746
30464,5.7929719336028205
30465,1.3045583962019316
30466,6.214060647819832
30467,0.9726532767895704
30468,7.536885585074254
30469,0.45848127756505375
30470,4.991104205758712
30471,5.502582323235062
30472,7.716628403781473
30473,7.969641704899429
30474,8.266952339245817
30475,4.784271512089802
30476,8.076089114860233
30477,4.690399026488967
30478,5.011601502543919
30479,7.880352941733456
30480,6.621418604903572
30481,8.665560268965645
30482,6.321351309988384
30483,0.22120263204030577
30484,0.49260440077371825
30485,7.253782725234052
30486,0.11278244455055168
30487,9.922337237129996
30488,8.957032315242676
30489,3.2021315118319094
30490,3.298640231091378
30491,2.500748692844736
30492,2.8289026787559592
30493,5.189935631396819
30494,5.971684265195704
30495,1.1515154021559004
30496,2.1857681046349846
30497,0.6124206897024723
30498,4.679146548117715
30499,4.415786202036994
30500,8.930329953212826
30501,4.55454189856492
30502,7.726546184591191
30503,7.122953861601277
30504,6.106811194226476
30505,5.862201464677324
30506,2.5554979717701434
30507,0.3023226424511155
30508,8.777691171236901
30509,2.0992438229413217
30510,3.0175701284169345
30511,1.7133955497705327
30512,8.61053705838428
30513,1.3123715371118452
30514,3.485491312745479
30515,9.210674526874982
30516,8.039070731913924
30517,9.119502445025109
30518,3.2401377139676866
30519,8.721297536737469
30520,8.599167961665353
30521,0.8584327487128058
30522,1.3078411720045127
30523,4.017606664012512
30524,6.382569197921184
30525,6.110315368409257
30526,6.26246350728711
30527,6.586772530115776
30528,7.712689776580337
30529,9.870543687984327
30530,3.961003378447216
30531,8.673682708389544
30532,1.0419444008264236
30533,9.448088479538452
30534,3.8590415921352847
30535,3.6193477987989215
30536,6.319812123657892
30537,7.462326648949159
30538,2.060461024205606
30539,4.9049091117740815
30540,2.459512399595476
30541,4.566694443389116
30542,0.4796491704873045
30543,1.339160205854675
30544,2.883873862159843
30545,0.3946408008928919
30546,8.760882090111128
30547,6.5370344897192645
30548,2.837324850429252
30549,4.249208206115129
30550,5.819902528554813
30551,1.15163024870313
30552,4.59804503986526
30553,8.397634752369019
30554,2.41906210372943
30555,4.874232035249154
30556,7.4443718304783495
30557,1.7434772408993462
30558,4.052140363009364
30559,8.498909695561096
30560,3.2764596842908014
30561,6.766766403577185
30562,0.775472677627103
30563,3.3343815971191786
30564,5.928485794801165
30565,2.8677292886831287
30566,2.1768113908670483
30567,0.41191013027798695
30568,8.75132627697373
30569,9.575550224301246
30570,6.1940686042329025
30571,4.073507708769059
30572,0.16104258234510876
30573,4.589314510327685
30574,4.100940030441279
30575,8.320637514641142
30576,6.976009782275995
30577,9.181940873422109
30578,6.047788326977893
30579,8.51803324823714
30580,5.686046179131591
30581,9.978011543848686
30582,5.368260197701786
30583,5.238628966196361
30584,8.473903030812881
30585,7.528218941902185
30586,7.024125325591222
30587,1.338946917984272
30588,5.554280484041528
30589,3.0647941959821354
30590,7.9983926766293365
30591,8.592508929449178
30592,3.581471403401967
30593,5.8277186036204
30594,1.3537742314507986
30595,7.800791227398206
30596,0.9893612896263199
30597,8.183342072895288
30598,1.7266394322651915
30599,1.9642073377906202
30600,4.373432914120467
30601,8.513962063511318
30602,3.75934894676226
30603,6.658966653744624
30604,1.350736635547817
30605,6.988653844069337
30606,3.5005098000076127
30607,1.7862139780114625
30608,9.976790147603056
30609,8.19283058996045
30610,5.814595534829945
30611,5.458926321340535
30612,2.338385983107528
30613,5.594594949276496
30614,1.6597255038236922
30615,5.069686001273022
30616,4.429051694796535
30617,5.257128490714795
30618,6.27182827739374
30619,2.0132633247989316
30620,8.043585567890968
30621,5.071925435327962
30622,0.31081432459193103
30623,3.5512216669093717
30624,5.499483136849108
30625,6.9331530489062505
30626,9.492347706993923
30627,1.2424568949923254
30628,6.573158984323468
30629,6.93669984566029
30630,3.4202059015717614
30631,8.64875521890032
30632,1.8759691491550874
30633,2.016799525790023
30634,3.934631645663752
30635,6.57401203968261
30636,3.9895065712502507
30637,6.339982793393219
30638,4.305405526501719
30639,3.9270330515849357
30640,3.9474619277763088
30641,4.9424591055530644
30642,8.446882145638837
30643,4.738289011544531
30644,7.54817192237689
30645,3.8388400361274235
30646,8.643051569656683
30647,2.4603453024201296
30648,9.362046402124617
30649,6.171100916864746
30650,6.756411965024511
30651,1.8245119780561523
30652,4.263324477162757
30653,0.40517373528882217
30654,1.7018715889820661
30655,5.211204766198258
30656,0.3170653655224592
30657,4.204603944637577
30658,1.709105122610062
30659,9.913658144836932
30660,4.848477943168856
30661,8.256575112878952
30662,8.588625170431415
30663,8.960946399730314
30664,4.475358291735731
30665,0.3434107174929418
30666,9.054737056726855
30667,6.10147134177293
30668,2.046212109369371
30669,5.439237139254998
30670,6.671724223409879
30671,4.739858767791601
30672,3.590144778373502
30673,9.273858794789472
30674,2.690361920647939
30675,7.4404236796898156
30676,2.128528099060437
30677,8.225963660145558
30678,8.265701906941288
30679,9.280857274600837
30680,5.018222864616946
30681,8.71311121561592
30682,7.6043014120491454
30683,9.484757796709033
30684,0.10023844672540004
30685,2.816720674857327
30686,6.358912304436035
30687,9.0404797483303
30688,4.946879302007128
30689,7.0677242194321845
30690,9.776036556760516
30691,4.67221348046389
30692,4.64256998406568
30693,8.364943274378096
30694,8.678855709080342
30695,9.978104527838283
30696,7.512427223464461
30697,6.387005227558757
30698,0.35163648661098157
30699,5.5055599770167145
30700,3.6735168877402575
30701,6.198403805950881
30702,2.7243471191333066
30703,9.540182319359332
30704,8.137722646990147
30705,9.646609681764753
30706,7.473931903532292
30707,2.594394060668053
30708,3.675980503430636
30709,5.814679912905447
30710,3.6168518733596637
30711,5.966755811012597
30712,7.682132216814067
30713,7.625925452592688
30714,2.391484421296865
30715,8.00072482213367
30716,4.715014842684832
30717,4.856344631479883
30718,5.230806636832798
30719,7.072338120330801
30720,5.721234718283398
30721,2.7577108387281046
30722,8.949131921560635
30723,3.810417272382945
30724,2.6446788283776086
30725,3.563526232637339
30726,4.980026552042653
30727,4.407181425165089
30728,8.612069729383597
30729,9.164589377703678
30730,1.9313625393037768
30731,3.4354050669125074
30732,6.539022080080313
30733,9.51091061662899
30734,5.666773490287605
30735,7.146869582027097
30736,8.090437835667847
30737,9.514749687998606
30738,3.953186588960112
30739,0.59922613727092
30740,1.8974887056111087
30741,2.0279525589183063
30742,7.01531636078852
30743,1.3034978998447642
30744,4.209278300665051
30745,3.487889208990878
30746,0.1471363138618119
30747,6.72355900701824
30748,6.3761968570583
30749,1.405190915604585
30750,6.630405187407805
30751,1.7546382756402372
30752,9.077054691317546
30753,5.768161634137486
30754,0.15037927372644713
30755,3.3464379038716756
30756,6.495654505992157
30757,0.33762917572036255
30758,9.659857027003339
30759,9.031608971311858
30760,8.191074024349804
30761,7.020816082197097
30762,7.348970257968889
30763,8.54216331004839
30764,4.264376787876582
30765,9.77104096901534
30766,2.123525189284521
30767,5.931124986563667
30768,4.301505928502159
30769,5.247309947622959
30770,6.287901659458548
30771,2.458410970888723
30772,7.7691387231320075
30773,9.27869980046371
30774,0.8816537440511327
30775,5.874133134637436
30776,7.403284546462955
30777,5.9339129594414
30778,0.11736361616974397
30779,8.267846056477243
30780,6.405798420287184
30781,9.705710398936063
30782,9.174143203387143
30783,3.3014267026461246
30784,9.858351218080202
30785,8.619240494854983
30786,7.73294407562029
30787,7.573426349746204
30788,1.9114054880751126
30789,9.87307957542895
30790,8.590405444894417
30791,3.733853193764051
30792,5.410328055398362
30793,0.49639166438494364
30794,3.080045543761792
30795,1.2814868842772644
30796,9.355367211868671
30797,4.734432678883375
30798,3.7946517686932175
30799,4.930324463061993
30800,7.281471793635772
30801,6.612092638177088
30802,8.171901199098592
30803,1.1805265618476584
30804,4.007751152221591
30805,8.319375901637907
30806,9.459891858139803
30807,7.324940682067437
30808,4.725394434232067
30809,0.6646887505717871
30810,3.9340289296385977
30811,5.846959470701458
30812,6.800746147429915
30813,8.254770607700467
30814,2.1632276946360034
30815,2.5629463155117347
30816,0.1639771823686928
30817,6.188240482673692
30818,2.0131823237350175
30819,5.546273569599827
30820,2.2171573795770803
30821,4.1235624277730984
30822,1.641761052006568
30823,5.856411373056946
30824,2.2123687680975284
30825,0.30661084575367054
30826,1.1608551884481237
30827,2.3121948696252184
30828,7.459459323181417
30829,9.5060582579324
30830,5.129596941918654
30831,5.886111948187403
30832,4.546806627140442
30833,4.031671484676537
30834,2.5688836254659773
30835,0.2998605915047611
30836,2.742092249709604
30837,6.266504561349202
30838,4.8473400065139245
30839,6.523603077994457
30840,9.352439831771564
30841,3.10195553291607
30842,2.946901131919355
30843,5.874043578828884
30844,5.451264256549901
30845,6.514374776232802
30846,2.2704189084473065
30847,3.4328368829082505
30848,5.478907957535136
30849,5.410853161782852
30850,6.19180613154404
30851,0.3710530973860927
30852,8.48525713760446
30853,6.43837662912163
30854,6.952009090953634
30855,8.176953449039745
30856,4.280881090050243
30857,1.2161742480281028
30858,7.914077147957596
30859,3.5479660006200664
30860,1.792278652216999
30861,7.275375330632489
30862,0.5165303016721777
30863,5.602112257415261
30864,2.2611270933329313
30865,9.59672342082778
30866,5.604901190275489
30867,3.597321969700607
30868,5.556400544978377
30869,1.4472104220733621
30870,1.5571340435690229
30871,2.1788217975367243
30872,7.655074993596739
30873,1.6164411013282758
30874,9.367889675811966
30875,9.922428526663213
30876,8.663529656410773
30877,2.238106149779739
30878,4.187315088211544
30879,7.061358247600089
30880,3.8100743304580353
30881,2.615103949399831
30882,0.4845918692056189
30883,3.0650630169609836
30884,6.92006965895855
30885,6.93721144344508
30886,3.0955388730506055
30887,4.570741998450339
30888,1.167477546027618
30889,4.358649029363968
30890,7.726020512920867
30891,6.699752732994406
30892,7.768171606892605
30893,5.363470278960683
30894,9.261505439312545
30895,8.186500663584564
30896,5.580451801801275
30897,2.1279757970004964
30898,3.972536998702609
30899,7.078851110877632
30900,4.49572868409004
30901,1.380531110171516
30902,7.2060329009526125
30903,9.016791685204414
30904,4.865626133077908
30905,7.533654400156413
30906,9.843392794944869
30907,4.88047709499511
30908,2.375975807241721
30909,2.846325190564229
30910,2.602793380799942
30911,2.63994877085035
30912,9.941751839454927
30913,2.9533277097918873
30914,5.848122626444157
30915,5.463922565516773
30916,5.493591869433474
30917,4.84596082969031
30918,9.633898266437061
30919,0.46360646170899067
30920,6.1278441612348145
30921,5.149053611043193
30922,5.201931735758293
30923,4.946521075528556
30924,5.324432001095703
30925,3.1462005205070978
30926,8.166230601132037
30927,2.5699261501476807
30928,4.576867987974348
30929,9.954879477423514
30930,2.647337201483185
30931,5.719477044579234
30932,8.361048548057328
30933,2.616856548804534
30934,6.129879000935573
30935,2.4823857204176503
30936,3.7872718015024165
30937,6.223305554840101
30938,8.914836911195376
30939,9.591305208920165
30940,1.8345201343313964
30941,1.1090624955394521
30942,4.601281753860171
30943,0.5740825741067734
30944,9.437771984575312
30945,3.530969507060327
30946,6.986559643225045
30947,8.051528608405903
30948,5.261581262907041
30949,7.8235987433460945
30950,1.824266101070325
30951,2.77173252342183
30952,3.880948866801438
30953,6.874509469491335
30954,4.897300663258668
30955,9.54002228430172
30956,0.2637307169185928
30957,4.384786945787142
30958,1.4234233554550737
30959,7.626295218564541
30960,7.973548544033064
30961,5.667646341844404
30962,8.257495333074909
30963,4.882623435911572
30964,4.203796606345769
30965,3.538976944282859
30966,0.9375114905132438
30967,6.253769142027755
30968,9.788291689082081
30969,9.860041968357272
30970,4.468862166963171
30971,2.2429091016587255
30972,9.555955496396686
30973,4.638827220944948
30974,7.026325706172833
30975,4.297847841447299
30976,3.3408190820516834
30977,4.26120841740297
30978,5.481128986118693
30979,2.7789260853807995
30980,6.7812537551674685
30981,2.929669981267339
30982,3.405345506788248
30983,7.966316165800866
30984,1.6295205034727598
30985,2.1381506572940667
30986,8.81394261518898
30987,9.177582357474183
30988,1.6455598346124962
30989,3.479827330107526
30990,3.1599160598312928
30991,0.5856808275941412
30992,6.196372680288879
30993,9.685990786055129
30994,9.412449428397176
30995,0.2537879029329697
30996,6.632797880428254
30997,1.8343535318578268
30998,7.9498579795140225
30999,2.396002281891458
31000,9.8322662257251
31001,0.585971781500885
31002,5.066771272404099
31003,9.525632042235062
31004,1.2453527789994454
31005,5.6113260637646745
31006,8.789141223942266
31007,4.766495618694813
31008,6.001618188542972
31009,2.681374800904417
31010,0.8790873173095732
31011,5.481437158642906
31012,4.407436676774473
31013,1.454689486363425
31014,3.8289354244943707
31015,2.5229019358928473
31016,7.334290783747972
31017,1.2184299176218458
31018,3.0290982375963575
31019,3.15901161229188
31020,1.9872892534099214
31021,1.1472062664561475
31022,3.4171938779656825
31023,6.499309114797582
31024,2.05493727793371
31025,3.9812853885778874
31026,9.546573427871554
31027,4.242121990299798
31028,6.619078084885944
31029,3.465771890448677
31030,8.686007398208243
31031,8.685865784165319
31032,4.703195921571782
31033,9.325882320527034
31034,1.9838522227468365
31035,1.963440632567344
31036,8.201700801319072
31037,3.7385176894897265
31038,1.4345299905384055
31039,9.045380765799461
31040,0.5301916911279859
31041,5.703862121275665
31042,8.174696040926179
31043,2.942020253572764
31044,9.457913631739826
31045,2.301515406845407
31046,3.729965928643295
31047,0.8507264509556304
31048,2.580021166008173
31049,2.460584517666575
31050,3.858134546107673
31051,3.874246301722433
31052,0.14366552112426384
31053,9.099298960462557
31054,3.5395021991222837
31055,3.9283556735098606
31056,5.596290809196435
31057,8.469553242919838
31058,2.684753270950435
31059,3.3710802603029
31060,4.295711807835602
31061,4.4860691418477225
31062,0.540494336597367
31063,2.2691629125383677
31064,5.820663978053495
31065,5.365864577487498
31066,8.506012680074273
31067,4.42677145858796
31068,8.316620695948808
31069,7.369899595647894
31070,1.9016486036279434
31071,5.600903597052978
31072,8.718303246741081
31073,0.6916482840947707
31074,4.978375900884716
31075,2.377683621159174
31076,1.211872177694376
31077,3.8889195972316046
31078,2.1791705219288975
31079,2.7168889885711573
31080,0.6092948698766151
31081,8.763758917801644
31082,4.740410548468487
31083,0.4293037952840999
31084,7.100162632488332
31085,3.0755549791367955
31086,5.187289393753089
31087,6.7023007122708185
31088,6.7533419917932
31089,3.04852560101482
31090,4.6608060974819185
31091,8.677083130687198
31092,7.551431286046939
31093,7.771171832363866
31094,3.275705794938153
31095,4.425441323438361
31096,3.4729918564702555
31097,7.8001553365395
31098,0.8147309385408723
31099,9.983677452643485
31100,5.821662490723949
31101,9.374919669176192
31102,0.7066155888784933
31103,6.642577887916892
31104,8.229315202146909
31105,6.913497496650235
31106,9.964434244064906
31107,3.9780058581954303
31108,1.958286999942192
31109,9.793522199876497
31110,6.656576114730253
31111,4.984216529089512
31112,9.576681596718633
31113,8.447338021436904
31114,4.7440529199105415
31115,7.317748532483825
31116,5.857498391686285
31117,7.180109445676232
31118,3.0011754190251465
31119,6.276836277660005
31120,8.597108707755543
31121,0.8238920132623098
31122,2.6719590656317345
31123,4.508675231675772
31124,9.397198610507044
31125,8.577245512224792
31126,7.870309517937335
31127,2.8444761949833435
31128,3.5294051541416205
31129,3.912618650798877
31130,4.568869806013485
31131,5.12360343662903
31132,8.876675069895237
31133,9.312299199135422
31134,3.32386229230804
31135,6.249637643915589
31136,4.1665059632403345
31137,7.618596386439166
31138,7.750565855542744
31139,9.064734412544357
31140,7.597176505278272
31141,5.3460576758859375
31142,3.4674786472689028
31143,8.164860780634687
31144,4.867793262258413
31145,0.36472046331875474
31146,3.838523599625037
31147,1.707064525297814
31148,4.6872202379236905
31149,1.720119096444489
31150,8.758555318622015
31151,3.505862575359493
31152,3.487072175649509
31153,2.878031115516171
31154,6.023881634876839
31155,4.055287256924732
31156,3.3244116916212625
31157,2.375628774715936
31158,3.215939918321711
31159,5.725103594521004
31160,1.2824880687423523
31161,3.866310763390481
31162,9.708159780692245
31163,6.694307161583128
31164,9.641779160383985
31165,6.567810013357086
31166,7.375045242435519
31167,2.078929277025595
31168,4.856445921535248
31169,3.065526683784021
31170,6.538926273015835
31171,4.71886074078173
31172,4.973366213163793
31173,4.01244893025141
31174,9.0575759519145
31175,6.8096342111873795
31176,8.359788346205224
31177,3.905830453177697
31178,7.298729582512038
31179,5.273843277732519
31180,4.248257879865893
31181,4.065872175894391
31182,1.0223169749783694
31183,2.56124746697426
31184,6.029094265168251
31185,2.7334014665988526
31186,4.529116640295532
31187,7.922368666168058
31188,3.466084252383239
31189,4.92726209089121
31190,5.160818349642416
31191,1.1856677993209235
31192,4.425055084614802
31193,6.310632760860024
31194,3.1537800043060273
31195,6.869525041008241
31196,1.3968481956280567
31197,8.128755648155378
31198,9.743169381175653
31199,1.8019454481213024
31200,6.849527347958267
31201,3.2381091927485652
31202,7.065979098922377
31203,3.3075586594371527
31204,4.424775132241375
31205,8.172387584981216
31206,2.771804065405329
31207,8.619113992159974
31208,3.903033075716092
31209,2.5014088128677305
31210,1.9880442917828602
31211,7.259971715365905
31212,1.995578371480658
31213,6.0812371173112165
31214,8.267476112023509
31215,8.515342491381581
31216,0.7121446320762422
31217,8.409442748115397
31218,1.7206503433747313
31219,5.243459218414597
31220,7.578271822562212
31221,4.076165480419324
31222,7.254665544141066
31223,8.314258101065903
31224,0.6814680261331185
31225,1.6272722473030292
31226,2.3620270542311332
31227,7.09488776979315
31228,1.5773706459127572
31229,3.155509410332658
31230,8.24127496645444
31231,5.110674052358676
31232,1.7201713273142205
31233,7.823891266784553
31234,4.562592227502959
31235,7.054009159792621
31236,1.208843428601249
31237,2.5269906621086466
31238,6.486182958688946
31239,9.603267642640244
31240,0.6631031069407308
31241,1.9538603672242265
31242,2.96473135564989
31243,0.14653810497053898
31244,3.554311683751151
31245,5.70395056091257
31246,0.9167540330376707
31247,2.1849336388080944
31248,7.544536220773402
31249,6.539522258188246
31250,5.820289011154495
31251,5.857600506212606
31252,0.6260854915822196
31253,4.753982082671709
31254,6.589920811578475
31255,1.2925439722376701
31256,8.513798882684755
31257,2.7599875034983823
31258,0.5341064159106185
31259,1.98704118830175
31260,3.7387611060332446
31261,3.2335219768032606
31262,3.0505409654823383
31263,9.647641685471507
31264,2.6857989364173216
31265,1.0260235105151918
31266,9.14261608613363
31267,1.5680337808031701
31268,0.8001902065793681
31269,3.9909008734231226
31270,4.868988512701786
31271,0.4436822721847431
31272,0.7578754276465905
31273,0.5760330343483777
31274,7.265918450203464
31275,5.335434202156181
31276,5.98841817916453
31277,5.586080274266939
31278,1.522239629745588
31279,5.67089665952796
31280,1.3787943459305272
31281,7.283159287973228
31282,9.617798134509135
31283,3.152866800862106
31284,6.745768909899411
31285,2.1243322434975083
31286,4.392465972623002
31287,8.18025723561843
31288,9.491585854140299
31289,0.1054437858870915
31290,2.7301386740106817
31291,0.6112234216826863
31292,0.9229930337749962
31293,9.982413908768683
31294,9.588718494243654
31295,7.144257041077026
31296,6.565943490378757
31297,6.640073991638542
31298,6.620492725069249
31299,1.4447226380772786
31300,3.053879513074103
31301,1.0587875320365319
31302,4.738110965121204
31303,0.5095253016345033
31304,9.091388938502543
31305,8.694035869530222
31306,3.3881344504064375
31307,3.572113428955711
31308,5.308749201346823
31309,5.667643181340483
31310,8.959950265361698
31311,4.865669503651677
31312,5.719540632594018
31313,0.5460919530076169
31314,6.078734004905097
31315,2.978430165403791
31316,0.6273272856120023
31317,8.913674533137957
31318,8.281974005849415
31319,1.1181929392836418
31320,9.182332451983015
31321,8.90317015066971
31322,4.163433858699605
31323,8.76640765382546
31324,3.625395673168773
31325,1.5547897704080067
31326,0.7035079946235429
31327,8.403732494033717
31328,2.734951980437035
31329,2.181690056782431
31330,0.29468404749028054
31331,3.5431795567736546
31332,1.928317863861649
31333,6.876494628985667
31334,3.9979948763097277
31335,5.898826640312912
31336,6.784096810716399
31337,0.6252941951247373
31338,0.3946671789251255
31339,8.130747545367242
31340,8.212630529066976
31341,2.2237145104887435
31342,4.061067571295207
31343,9.171152642118678
31344,1.6630510078647471
31345,5.891377930470511
31346,3.3228633311092826
31347,6.776507986816278
31348,9.814499795506222
31349,8.33127113880062
31350,8.413646598357728
31351,2.7268364880993983
31352,4.8378650337626885
31353,4.39438403737514
31354,3.34740324955213
31355,5.925196796781028
31356,6.618930391671318
31357,8.659603877256318
31358,6.000157785753546
31359,8.894390559958408
31360,7.093074459278198
31361,3.1846566658561155
31362,3.4010877728878683
31363,7.416864228457776
31364,7.353696942397943
31365,1.7968438041256378
31366,5.698509928788447
31367,5.833035187158515
31368,0.532547991812338
31369,3.3281802983685225
31370,7.552470261285308
31371,9.572578074767685
31372,9.267456099222745
31373,9.487936270428035
31374,7.333092980118655
31375,5.640278020066563
31376,8.402581146297392
31377,5.734662474169824
31378,8.465452114416856
31379,0.697151914872812
31380,3.7901006198511205
31381,2.6185895681467914
31382,2.5527985656571355
31383,2.912823117470839
31384,8.033813860717013
31385,5.791403150651622
31386,4.263966835401363
31387,9.68980982200577
31388,6.970874690410285
31389,7.191206588284923
31390,3.2549201190643013
31391,0.7525231237443769
31392,8.439637090260263
31393,2.636745270540461
31394,6.685078527925577
31395,3.628836493922099
31396,5.4271990050402
31397,5.582838904339541
31398,7.4534337520645115
31399,2.8459571572380438
31400,0.2088371039632597
31401,8.816691235781567
31402,4.388670014173889
31403,3.16418695070765
31404,4.360142166029932
31405,2.8693522759958823
31406,9.048282625455403
31407,6.97451861196254
31408,8.287510952652779
31409,0.38237312286043734
31410,4.346411627455803
31411,8.745720120182979
31412,8.014830271319344
31413,9.32153729782315
31414,9.763763905399218
31415,2.674927422026946
31416,6.350193155586655
31417,0.5822301342461959
31418,2.468127429933781
31419,0.9353367592109479
31420,3.879141160573266
31421,3.583126512135842
31422,6.310685749986346
31423,6.836187176505129
31424,8.852288876601506
31425,3.982829921493583
31426,8.281876557845493
31427,1.9365340302937692
31428,5.506105200207578
31429,2.1394295621482287
31430,4.15882555774778
31431,2.942419735379261
31432,8.29014436523707
31433,3.1541199990765003
31434,4.769878066242553
31435,5.811873038732773
31436,9.429614672252093
31437,9.27880441085269
31438,4.8466945647285
31439,1.5528404903864632
31440,5.907132725180978
31441,1.9734590477263891
31442,0.10723992106059287
31443,6.412032445930927
31444,6.027172163072568
31445,4.575926056779971
31446,5.745978191952408
31447,6.049401979739744
31448,6.8399734528351
31449,6.087764372701031
31450,4.073408615022675
31451,0.9069427886140574
31452,4.5138703055427385
31453,6.654484135955072
31454,0.8559813662418667
31455,7.552565007795903
31456,3.491898829733166
31457,9.11925778932107
31458,3.7450885099413096
31459,7.353661219928687
31460,3.322887568586262
31461,7.352670680691027
31462,8.484624871261945
31463,3.43906374395195
31464,5.1647001312972245
31465,7.191927810592057
31466,3.3860027537531177
31467,5.91659664491938
31468,3.415714636515645
31469,1.798167248581165
31470,8.15937648971577
31471,5.473250826849693
31472,6.398659734040899
31473,4.813129792236986
31474,8.906424385385746
31475,9.431490508422863
31476,4.7945370737936575
31477,0.9561848126541882
31478,9.671162229928559
31479,5.738578755008241
31480,3.1649824908001327
31481,2.1867995112494345
31482,2.761349475396362
31483,3.2168820298226715
31484,9.357608253093462
31485,1.5255156711753006
31486,6.513310628339853
31487,6.087634056562844
31488,5.433151657560348
31489,3.801168840767845
31490,7.854115402126019
31491,9.020071593363522
31492,7.19334497816066
31493,6.698918945846418
31494,9.162096864054075
31495,6.795675510055995
31496,3.498789826170917
31497,6.643395459428212
31498,6.949107486250271
31499,6.619177248323199
31500,8.957866526802935
31501,3.9657535973145865
31502,6.2931452373438
31503,4.375554887935912
31504,5.679717786707485
31505,9.9597947586667
31506,1.4997413840741973
31507,1.4174861199318758
31508,9.196128814125595
31509,9.24005734426674
31510,9.171240844052994
31511,6.807421478114632
31512,3.1795325708635955
31513,3.168788878630642
31514,9.475380551720258
31515,8.849705476731339
31516,7.2142682960578295
31517,5.607925642919971
31518,8.557598042120732
31519,7.971724917417585
31520,4.372937103190726
31521,9.366237597998133
31522,6.782808095859902
31523,8.647713654153648
31524,3.8654794176193183
31525,8.08498125762011
31526,5.403909992794426
31527,6.387197045192098
31528,4.296647034056461
31529,2.330593304296523
31530,6.085265691146347
31531,5.910476599998769
31532,2.507873527089943
31533,1.4925807047376038
31534,3.316843586327831
31535,5.062169611898387
31536,1.397179248205284
31537,7.586778964890142
31538,6.572604282663126
31539,2.216202711374548
31540,6.226682777306125
31541,6.340436224273411
31542,2.9075389606294166
31543,7.363832179851243
31544,7.838608668317956
31545,4.826741355257643
31546,3.3322394524687486
31547,5.727088180267313
31548,6.983367125754908
31549,6.402248100126636
31550,6.612998476897684
31551,7.121738577778727
31552,6.9776581244065605
31553,2.811947659862074
31554,1.593385603349466
31555,3.6461217918744993
31556,6.752943317973458
31557,7.688237564092249
31558,8.361097472016246
31559,5.516115031750651
31560,2.881432026877667
31561,8.65845831490785
31562,4.98688897892933
31563,4.0632522887010545
31564,4.3697405163901735
31565,2.772864959037051
31566,7.245314578195034
31567,9.050540827041202
31568,1.5562904409798544
31569,3.40410831046009
31570,5.4394919318265815
31571,6.8013975642431355
31572,4.309073566091148
31573,3.5370709833788254
31574,1.7632764830110879
31575,8.884295096174167
31576,4.937494587350541
31577,1.301263664907677
31578,5.422353768611429
31579,6.047022253421197
31580,1.391045328917689
31581,1.4857202579210962
31582,8.006486218532885
31583,9.592259328595466
31584,9.4633045350306
31585,1.0466949283338869
31586,7.367535206310373
31587,5.058927575249483
31588,5.839208469197125
31589,1.8828563993736793
31590,4.228992974726997
31591,4.6373957829946555
31592,4.673493446665659
31593,6.614704694699809
31594,1.0989805059229762
31595,5.882653193905535
31596,8.661345997383695
31597,5.968080137332259
31598,5.07288770252237
31599,9.769980057664197
31600,0.3231673361395553
31601,4.061918470952927
31602,7.142561333772649
31603,7.617782875439343
31604,6.252204407038631
31605,8.22892336482399
31606,7.520400474728593
31607,4.771036790090088
31608,4.509306198449879
31609,3.2527140454297965
31610,9.269545874385699
31611,6.871560389674424
31612,4.750964732773504
31613,2.077529925949213
31614,6.737603659578687
31615,2.6427811722999954
31616,8.471777101142525
31617,9.117487683566187
31618,4.515342468603008
31619,7.4982098041481455
31620,0.27950187545268723
31621,6.463803635171396
31622,3.7256407893236005
31623,9.362661538873114
31624,7.26138955600511
31625,2.1592163791826837
31626,8.404342584143805
31627,7.45760183223045
31628,2.8205727126021882
31629,8.287298025735499
31630,7.72773444237876
31631,3.3842016929376406
31632,0.6673684126031286
31633,2.0343622391340572
31634,3.574159557902849
31635,9.372689955410632
31636,4.130314662596393
31637,3.87844212465692
31638,2.451236900414013
31639,6.000145399298403
31640,0.2311899911655163
31641,5.564084892549458
31642,8.822422606315195
31643,9.032191244414006
31644,3.6166344633935945
31645,3.209469937244383
31646,0.6022831308929361
31647,1.5125352482694587
31648,4.00660356675246
31649,9.216503865486327
31650,1.9215178921622855
31651,5.2493188809381754
31652,3.202536993322486
31653,9.679208070228311
31654,3.624963193710277
31655,3.058986352145524
31656,9.451502566827935
31657,3.903729866462979
31658,3.1689970312414415
31659,2.591829604073466
31660,3.149902363411376
31661,3.5031673647821715
31662,4.980020218929701
31663,8.066659758830069
31664,9.180624421341696
31665,1.9749840292036882
31666,1.6000833129462648
31667,7.999698561539381
31668,4.589100994805997
31669,2.1704546663388657
31670,4.417542584836761
31671,4.523297710469745
31672,4.786270220757776
31673,8.214461369740961
31674,6.493103339005101
31675,4.588084159597355
31676,2.884559540021241
31677,5.439551939191575
31678,8.231796352066986
31679,5.321335152587849
31680,5.228255491214682
31681,3.9157798603543292
31682,8.40339925036303
31683,8.994111080500577
31684,9.835771087371453
31685,7.468772062421355
31686,4.717328868003529
31687,1.1971053317965594
31688,4.590896167565706
31689,0.20378655889021158
31690,2.2288178797473366
31691,9.311525528893581
31692,0.8141536739558118
31693,1.0562944912205923
31694,4.310409524547038
31695,2.461482652414851
31696,3.8865636432049038
31697,3.4077712271189764
31698,0.3477552935439532
31699,0.6837230987789814
31700,3.2745550986059584
31701,9.389320951189728
31702,7.004233396661081
31703,2.8480423731182025
31704,3.373401014830078
31705,9.521482130250542
31706,3.693447062939981
31707,3.957384203080662
31708,9.948545037360672
31709,0.1288589339956846
31710,6.67654610372104
31711,1.944622675518846
31712,7.718055843590105
31713,4.585632313363923
31714,9.750901296578325
31715,8.256381774541238
31716,0.797032150410167
31717,5.314807963121318
31718,1.8353519375910947
31719,2.6628399165172243
31720,5.311687244808675
31721,1.4827661294960577
31722,9.364051687770893
31723,1.7970567783537592
31724,4.371704784995508
31725,7.573564624019241
31726,9.973614460026527
31727,1.7743713413164748
31728,1.3463830064221363
31729,8.129533291514079
31730,1.4762144162230988
31731,4.2142524294257555
31732,1.051981382136013
31733,1.8015211846555332
31734,4.839588918692877
31735,9.709725517840587
31736,0.9108786762240074
31737,4.0541467367977635
31738,8.126807246644244
31739,6.302140684280299
31740,5.938524688530038
31741,1.1324195667423955
31742,3.7410731752563007
31743,1.726986577547578
31744,5.813080429718369
31745,3.540304291504398
31746,4.536504874015979
31747,2.018896107477572
31748,2.856953094122282
31749,3.549401248049699
31750,5.971303828474693
31751,1.5439255761527664
31752,5.543985865526782
31753,7.801096815781829
31754,0.11114340656935795
31755,5.685480637838886
31756,0.8620133263431156
31757,5.850009883403014
31758,3.0465476139083045
31759,8.02245348648465
31760,7.397859430946828
31761,2.059237685534528
31762,4.72418091613415
31763,8.492454551007889
31764,9.399135995384336
31765,1.1895682567292427
31766,7.758362368189729
31767,0.7206321572462931
31768,2.0042468317737203
31769,8.576375681139307
31770,8.995643556861994
31771,5.197094868852454
31772,8.677114895218326
31773,8.790031776058925
31774,8.188785094519776
31775,4.438109312983021
31776,5.816729711440032
31777,9.324141326974818
31778,1.4173749649474783
31779,6.143400503745935
31780,3.773110539592812
31781,5.22222383564224
31782,5.564843962353203
31783,1.577062695293488
31784,9.004396515340572
31785,4.788078425662777
31786,3.6326013759940103
31787,9.359542529779969
31788,1.551531471157987
31789,2.3798952323336793
31790,0.7490014473425676
31791,5.627061916342751
31792,7.029253089679684
31793,8.547995439277935
31794,7.146109942414467
31795,9.961874297218134
31796,5.11798408737219
31797,1.0953049160288253
31798,3.826764673603447
31799,3.786618536353727
31800,9.663700354002817
31801,9.078048773839104
31802,7.652165020425154
31803,9.405971426029048
31804,4.806915492889292
31805,1.4227341105216484
31806,2.5150247005178237
31807,2.0828522171904345
31808,6.453890719219257
31809,1.1607566967746672
31810,3.7608576646188365
31811,1.1813847356072318
31812,2.3166634256811944
31813,7.76132374905767
31814,3.4586955736661604
31815,3.8288561095824347
31816,9.196224587017708
31817,4.511141135735122
31818,3.600207300733227
31819,2.462421078471431
31820,7.377910929204481
31821,4.636747981670048
31822,2.8832592144099944
31823,1.5648558378924875
31824,5.95931671581226
31825,8.93947019046887
31826,7.578428621078399
31827,8.507574535702254
31828,8.53246395007556
31829,0.15202259754088265
31830,0.14528234792745315
31831,8.782988215638056
31832,6.883594170159513
31833,8.534026498400134
31834,0.794211080087194
31835,3.469826585236517
31836,3.854894804897039
31837,5.789137540978719
31838,2.7857622670588986
31839,8.151757321207086
31840,8.32374156557519
31841,9.906818580874596
31842,4.917429714120487
31843,8.72803371861087
31844,3.1454849212987237
31845,5.011250052919522
31846,8.235172793919128
31847,7.615847464573662
31848,3.422226596875194
31849,5.443888978203279
31850,0.5123516052176299
31851,4.3101387240337905
31852,7.811345091677499
31853,3.774201350184473
31854,4.501286866525186
31855,6.781205344237484
31856,8.86750176306805
31857,9.764907277589685
31858,2.395543667077729
31859,8.702923303152039
31860,1.6678981827351063
31861,6.242880941309592
31862,9.16235606060708
31863,0.7850103262415916
31864,1.7867630743960974
31865,1.9924579121584147
31866,0.20996759456424485
31867,4.947218160552675
31868,5.411813702279087
31869,4.700289721357753
31870,7.71977095280539
31871,0.989923379397736
31872,7.222883981100311
31873,2.523974685555396
31874,5.461181264239401
31875,6.189932732453462
31876,5.869613344420131
31877,5.944187625400567
31878,8.970533846472698
31879,7.862134768349002
31880,9.065493735697508
31881,3.351166107588313
31882,1.0932900056757642
31883,7.575201806309266
31884,9.972689467607601
31885,3.2137238776612755
31886,1.4259853693325408
31887,6.582317721321446
31888,6.358504464272105
31889,0.801533974210017
31890,6.236643705355749
31891,1.806837659524769
31892,4.210656799610459
31893,1.4250457993068515
31894,6.451712717216095
31895,7.356230887621397
31896,1.6027780560283718
31897,9.7629511336073
31898,3.316150898036155
31899,4.957788011151936
31900,6.956567231651858
31901,5.4601762121283715
31902,0.4747853468381047
31903,7.11355099527641
31904,7.84837107759239
31905,1.5587344408593122
31906,5.232460521594229
31907,3.876639230355668
31908,4.007782986637125
31909,1.8386561860403834
31910,9.875742212480953
31911,3.127872850380084
31912,1.1769069498564113
31913,8.466994473111578
31914,6.388024894033859
31915,8.60084221624965
31916,1.407790019281631
31917,1.0164503729824612
31918,7.693256711087241
31919,3.169034867612537
31920,8.46177877439034
31921,8.002017143483851
31922,4.278853806902663
31923,9.177820114652953
31924,7.426532141674689
31925,7.677464726433296
31926,3.8889689928663693
31927,7.90755061929213
31928,8.510312892822446
31929,3.2312591349273965
31930,4.509461243827591
31931,3.986221848048922
31932,2.064613111711551
31933,1.1584781794915273
31934,8.387093139216514
31935,2.796157259244278
31936,4.450564043360307
31937,8.909439386962635
31938,6.130246723252947
31939,1.7096001452945477
31940,8.049698614295954
31941,5.704949680223417
31942,3.272359049905581
31943,4.187838391694431
31944,1.24832226645424
31945,2.2434747335372123
31946,8.96707507380956
31947,3.3464373444370477
31948,6.865172801736345
31949,1.7114803735283204
31950,2.244862483453979
31951,6.843417260340164
31952,0.5602854435653721
31953,6.3183263199786435
31954,8.442671274962622
31955,9.556345142911775
31956,3.5739061207000447
31957,4.491252204377635
31958,4.890886485031691
31959,5.261659595397994
31960,4.160287644689693
31961,1.8872327007947352
31962,3.049246526936062
31963,1.1712179319060774
31964,8.252950329007243
31965,5.393060092916309
31966,1.4681846492299468
31967,0.21459784761477824
31968,5.5986512681131035
31969,3.936490083448176
31970,9.262534407678942
31971,2.038128459567594
31972,6.950992273034057
31973,0.755182751103666
31974,7.554249377477895
31975,7.325876897528666
31976,9.001377609481619
31977,0.26404427471655095
31978,1.371685017679774
31979,0.3576031652771544
31980,4.133151233641377
31981,1.92491841113055
31982,9.129674136457476
31983,0.5731444260713848
31984,0.942072797378022
31985,2.5156318762393357
31986,7.506350613590852
31987,9.88722598333488
31988,5.00361667898329
31989,8.865140678348162
31990,6.887937566661442
31991,3.1590929293541663
31992,1.2516044380058802
31993,0.8640645409072093
31994,4.785592439456902
31995,0.13995355547523178
31996,1.3672022119119522
31997,4.540549760940435
31998,6.3546847404302405
31999,1.5092275221006297
32000,4.591307410006901
32001,5.33826331550327
32002,3.1795613034100203
32003,8.420125150810852
32004,3.756678495237075
32005,3.1371539546350755
32006,6.176054491133455
32007,0.2935330403282401
32008,8.473106650538526
32009,6.4252178243645055
32010,3.084235594174718
32011,5.421610821788144
32012,2.8224797047752084
32013,6.868079102814161
32014,5.799008051251921
32015,7.376491961611963
32016,0.5123372546768249
32017,5.191248444067892
32018,2.79975733543322
32019,2.649417561794851
32020,4.8805430544343515
32021,3.06771153460108
32022,2.9396567461724112
32023,0.5527023736758375
32024,9.391946307457902
32025,5.756061408996327
32026,4.644999298219337
32027,5.838357480501698
32028,9.772036165361898
32029,7.147167834897898
32030,9.164995825165324
32031,5.1393007390721195
32032,6.587999204527666
32033,2.18503940851489
32034,3.8627060395735326
32035,3.7171577702897447
32036,1.405178042901426
32037,8.115950045271562
32038,9.302049878607487
32039,2.690916386191627
32040,2.6688357458893197
32041,1.6617033108596977
32042,6.745300873533383
32043,1.7771695154867109
32044,4.055938444938582
32045,9.027173672851871
32046,3.4977782669471713
32047,4.730669140368345
32048,9.110907210189401
32049,4.82224620613003
32050,3.5750550159620063
32051,6.643373495390083
32052,0.7761283619969712
32053,6.175901578592063
32054,6.731399565035852
32055,7.8576985220757996
32056,4.847992389582825
32057,7.266916694138874
32058,1.9493270340543827
32059,7.367124246139394
32060,2.679476640531264
32061,9.136939074320896
32062,3.643358118422451
32063,7.360632938402702
32064,4.571135943354318
32065,1.4133756442935184
32066,8.676580275649044
32067,7.676367226604426
32068,1.358171148487455
32069,2.8017717782238027
32070,0.6383707612671078
32071,5.189709514515284
32072,6.90939428307576
32073,3.429440974707022
32074,6.000599371555333
32075,2.4962237350076273
32076,9.916793837778968
32077,8.504132126463888
32078,6.834557098915561
32079,9.66123277183089
32080,8.806154696457636
32081,4.319361138669653
32082,9.745650335311579
32083,5.7341044620760675
32084,1.3231706881470358
32085,6.180860778333679
32086,6.068616523128475
32087,0.4585703562619037
32088,4.730851054146524
32089,8.810075466706108
32090,2.663710187345972
32091,2.7697406856173377
32092,6.071328517752418
32093,2.861157098457356
32094,4.52557730946879
32095,6.883152917262024
32096,9.629261522803672
32097,0.5828739263919621
32098,6.795897189351993
32099,9.59665261937211
32100,7.411155854578808
32101,3.5667925343502485
32102,6.7701711323922
32103,1.2116092032868089
32104,2.3450346180666855
32105,2.6951500599160365
32106,1.4702833330706009
32107,1.5927014771214616
32108,5.579812738566872
32109,7.418576012212453
32110,9.275844629429654
32111,5.10362023948985
32112,4.206204566271516
32113,8.020808679726152
32114,3.8572042750016577
32115,4.855740101648185
32116,6.232431922242288
32117,6.057386763430501
32118,9.642471605382086
32119,2.6535618848434495
32120,2.092590200840504
32121,8.164087028039013
32122,5.878936724333684
32123,4.079657163079782
32124,3.885298118332102
32125,2.4411958479942215
32126,8.649070764285115
32127,0.9005403747521113
32128,3.1821262854613637
32129,7.8573206662414234
32130,2.2752310972085783
32131,9.828514900314959
32132,6.743601596085925
32133,6.535587818507765
32134,6.545857260489398
32135,2.4218520248960034
32136,9.030062810025099
32137,1.532802992864427
32138,7.871928823649431
32139,3.8429496968663246
32140,0.8708762879535811
32141,4.559309058339444
32142,8.995915125679796
32143,5.379744727389902
32144,7.8771807309531905
32145,0.6011747651465899
32146,2.41990940607085
32147,4.203694175958098
32148,6.553956278298394
32149,3.820207144090607
32150,1.9514980042762007
32151,1.5980832120219137
32152,9.753094351403021
32153,2.1416246370695435
32154,8.73683331764028
32155,9.986124219049984
32156,5.790410922149314
32157,4.099635013712371
32158,7.818314368121115
32159,7.701510446853259
32160,5.5307505220048565
32161,1.0252080386263436
32162,3.911152964619423
32163,3.51946695381827
32164,2.9920510960941105
32165,6.897406693387338
32166,2.3638604328940502
32167,3.294004100132118
32168,5.239003389368247
32169,2.1865952705063876
32170,2.6872111871274367
32171,0.6721840290082225
32172,4.07393465366528
32173,9.479447759267932
32174,7.848202788274324
32175,1.3636604958410794
32176,3.927133704585665
32177,6.384081843311077
32178,1.195571795987578
32179,9.692645666732153
32180,0.3019785466611859
32181,9.714779917141334
32182,2.309795215008664
32183,2.983817858591643
32184,8.4283780661538
32185,0.8581096902677734
32186,7.4109826317542815
32187,1.4338321706318564
32188,1.3194414589183638
32189,3.9641289401422655
32190,2.942867626419569
32191,3.0906204131547663
32192,6.577872901439065
32193,4.250213393865911
32194,9.50942008483863
32195,6.439600441963618
32196,5.094779117681896
32197,2.0612539035665014
32198,5.672344639584239
32199,0.9981577279428512
32200,1.57174174618904
32201,9.449006409244593
32202,9.428350728838799
32203,0.5461504660123322
32204,8.663923643064035
32205,6.239263426437209
32206,8.743215635435588
32207,5.688221259952277
32208,7.324791548608242
32209,3.1963484354300995
32210,4.039279968706027
32211,5.580008468792086
32212,8.396219300364702
32213,0.25852566123985704
32214,2.0676312336375053
32215,5.337773486131017
32216,1.1918132143742866
32217,6.903885898072375
32218,8.787445488935585
32219,9.322998341461986
32220,4.2424250148224365
32221,1.1169281987576507
32222,8.252727049733787
32223,0.7782683756248616
32224,1.4248864916856312
32225,7.381172446353528
32226,8.117193797372085
32227,8.60075361942281
32228,1.1882857944624288
32229,5.031315134835949
32230,0.18039349577421268
32231,3.901177613969872
32232,7.775771663762362
32233,0.47497255781518655
32234,0.2338883612109166
32235,2.2159921583703213
32236,3.830453860081756
32237,2.154194136572554
32238,1.8157699946571368
32239,0.4747929963402502
32240,3.8442543766182875
32241,2.085745777092937
32242,0.8923106419324249
32243,4.556539229609505
32244,4.990409242713949
32245,7.0204776542453295
32246,1.103874844057406
32247,7.301744482296
32248,2.1217617583060084
32249,3.249922671408107
32250,2.5483049351231903
32251,0.8039366169692531
32252,3.290062026465685
32253,8.203057356590087
32254,1.3582424010488683
32255,2.9637470263766397
32256,6.272924172092605
32257,8.5775467068874
32258,4.815446507178068
32259,1.1387918668343868
32260,6.989733346210176
32261,8.702381125295082
32262,6.882000254627523
32263,3.96774989628089
32264,8.309338115071466
32265,7.254270027487927
32266,3.781763958109209
32267,4.3526818660248505
32268,8.227560919594666
32269,7.674577221320759
32270,6.334509087076571
32271,7.048106790584237
32272,3.76312525006784
32273,2.697322004847211
32274,8.996583416196007
32275,3.9792880809504743
32276,3.9778871292007456
32277,1.2052362395178235
32278,4.238279129096818
32279,9.181857776844069
32280,7.416040264289987
32281,1.973543035605244
32282,0.3429603953641853
32283,6.7674679600630405
32284,6.118558641466675
32285,8.215457748732641
32286,4.49581518160959
32287,7.260791713463504
32288,3.4203679113792917
32289,8.908244664549796
32290,6.538409033041845
32291,7.300698236569411
32292,5.773194329154274
32293,5.929807514334545
32294,1.9738631850845536
32295,7.891884967813053
32296,3.147687538290983
32297,0.6624610723227765
32298,9.591627918933877
32299,2.37989855797417
32300,5.862128153663385
32301,7.520550930167725
32302,6.745369294837326
32303,0.6390904403524356
32304,1.4543028353024519
32305,1.083992324237736
32306,1.2477774195249758
32307,5.513778103480048
32308,7.462755242174686
32309,8.810263304856532
32310,1.2029063236620492
32311,1.4401731979698462
32312,0.2423398500546795
32313,3.855119049252441
32314,6.777916542932174
32315,0.7738470937389055
32316,3.7060617556811106
32317,6.384691552903646
32318,1.257932406609607
32319,9.393757349663646
32320,4.884608926894873
32321,4.075610267807008
32322,1.6059206874279097
32323,5.508506415717673
32324,3.6679326275904347
32325,3.695163258590268
32326,4.394842806916841
32327,9.346806572901043
32328,7.31115079313338
32329,5.955941848140009
32330,8.676323008139851
32331,9.728730854519306
32332,4.7087130951516185
32333,5.304533367778839
32334,3.9684953997705685
32335,6.8527669571125065
32336,2.278583063457655
32337,3.566997737084147
32338,4.811896208147392
32339,2.0343969870695298
32340,5.986815079020402
32341,2.430698486249759
32342,7.3391778943450054
32343,7.138127755517447
32344,1.5498421804118205
32345,1.2889761164949805
32346,0.8582778263949328
32347,9.235839027119782
32348,3.1051354408015563
32349,9.858772961836557
32350,9.574913237291982
32351,8.255207267349428
32352,0.13947187957641521
32353,8.502618007313483
32354,0.4688563696906062
32355,6.568809726107702
32356,6.178077190892855
32357,2.284424999575126
32358,6.456220844954824
32359,8.431875580983363
32360,9.350938240583671
32361,3.4131736307620826
32362,0.339341193256067
32363,8.466091308572983
32364,5.946313926686735
32365,9.704650462315723
32366,1.0040727992254246
32367,2.2606703264018746
32368,6.178288889832332
32369,1.075122928622734
32370,4.117970565478855
32371,1.2234333174921521
32372,7.920275006203984
32373,6.295791409381211
32374,6.779147083087727
32375,0.22268220834161512
32376,0.6616534871975764
32377,4.162707080375725
32378,0.3607607117548254
32379,5.367594064163727
32380,5.572181112650447
32381,4.282942401171483
32382,2.49339575251706
32383,4.86570738675711
32384,9.463319950559637
32385,8.997017273688064
32386,7.969380302503436
32387,8.912688136108342
32388,0.608287319493966
32389,5.251846762864348
32390,1.4224686517006357
32391,2.118802031670524
32392,2.490173987711342
32393,1.1406712758358901
32394,9.574537509700853
32395,1.27388646929737
32396,9.123548767782063
32397,9.082943995818088
32398,5.004385131397367
32399,1.9315351942066326
32400,0.2923082303900334
32401,9.941522704639814
32402,3.069544678936782
32403,1.5897963962326682
32404,4.0325708933766276
32405,3.191709707145163
32406,5.16891591217564
32407,0.5502343813415472
32408,4.966338142457006
32409,5.698682178544231
32410,4.345739657123423
32411,4.039375868371354
32412,1.5414891396250727
32413,4.6819050345320825
32414,5.872763670205159
32415,2.2305020745913917
32416,4.700780391308917
32417,0.6029411910151128
32418,4.085131120113075
32419,6.272286439887795
32420,2.489070081313962
32421,8.529063057689283
32422,5.132950887429098
32423,8.446406071448264
32424,5.256131379561265
32425,3.9775214818722535
32426,5.761354081601269
32427,8.817311265245424
32428,3.708835743627311
32429,3.931732124769223
32430,2.236026339685686
32431,3.2609193971769503
32432,6.316008269960459
32433,1.883776637615496
32434,3.2112600439250873
32435,6.804815678500284
32436,8.088356797119596
32437,0.3135470856817215
32438,1.9542373106977626
32439,6.118749438820456
32440,2.0065686106303007
32441,7.884765936427663
32442,7.233284616991793
32443,8.210963213219019
32444,2.4382141115659732
32445,3.8254731996369977
32446,4.422911872667798
32447,8.369187146958993
32448,4.1815705386230135
32449,6.097571504396047
32450,0.34148707403597456
32451,0.15014980919561244
32452,6.74820251958643
32453,0.27415536613729163
32454,6.888137641794553
32455,1.3041407764574826
32456,7.006202698280443
32457,8.533901186414672
32458,6.941817254001367
32459,7.703065925688439
32460,3.5290027323970063
32461,9.47260746583567
32462,1.069895830235935
32463,1.107269445722473
32464,7.061056930049169
32465,0.6281935359902044
32466,7.809204846350386
32467,9.122407036783784
32468,9.587705519705604
32469,1.965511360897192
32470,6.961898621137346
32471,5.668556779624466
32472,3.947359810442515
32473,9.143212871661405
32474,2.0188966865550833
32475,0.25626377558389085
32476,1.2534214194814617
32477,1.2873936250382043
32478,9.15367403744285
32479,7.585097486586673
32480,5.256657041169778
32481,3.920115652545329
32482,2.4890773333605587
32483,5.274701005308405
32484,0.3290673364314389
32485,3.068390376542903
32486,9.156726048153585
32487,9.162226173278821
32488,6.318350277507595
32489,8.850874508740208
32490,8.73090280790414
32491,8.657450614219394
32492,3.1098793398575078
32493,5.311242945306761
32494,4.133635544104229
32495,3.0939524153998277
32496,4.666251681542984
32497,4.1179837020915695
32498,0.6440513239296971
32499,9.043443937425117
32500,5.614692225868217
32501,7.416775080278045
32502,1.0413613516501627
32503,6.055003939766959
32504,3.4745513608832748
32505,9.994830530939511
32506,5.290914806384162
32507,4.7931454763279255
32508,8.202476151437313
32509,3.2848499862676444
32510,6.3281442652600814
32511,9.195192896900698
32512,4.458630351617878
32513,3.9758411076656808
32514,8.947060765865823
32515,5.64744358681882
32516,8.63071110996972
32517,0.9439416344221473
32518,6.22139419841332
32519,8.294773786405687
32520,6.0510413532622325
32521,7.578117420315872
32522,0.28254237108323327
32523,9.771169583169295
32524,7.304111226888538
32525,7.828884981231668
32526,9.52557616396063
32527,3.2826002992303827
32528,1.9712238792889913
32529,4.951699481320448
32530,0.6496168993292577
32531,3.029015207404132
32532,0.44379998796651987
32533,4.606722399103783
32534,3.3582748698384863
32535,5.3260895960235075
32536,4.593812861109895
32537,7.926241349232217
32538,8.389460143154576
32539,0.5756373673385397
32540,7.1245142692848065
32541,3.1355126271278735
32542,2.667833806571453
32543,6.883064260861501
32544,7.938715847683683
32545,4.616227852097438
32546,7.659268107928769
32547,1.8884523940024431
32548,0.41637566338832477
32549,2.7226953164918037
32550,8.407000179354426
32551,6.30357899292047
32552,9.51513017846846
32553,6.91042556014689
32554,3.426771624089797
32555,8.155608775925712
32556,9.074203906991743
32557,5.4665710347102126
32558,7.366532216294338
32559,6.445680296010243
32560,8.974423474288976
32561,2.8134519963905595
32562,4.141665576924221
32563,3.6111924852153385
32564,0.42323740641096597
32565,6.857459804158398
32566,4.558894316648571
32567,4.796702167709066
32568,4.255938220572328
32569,0.37778418185724816
32570,3.518027426670575
32571,6.7813909480001815
32572,1.6691114012905837
32573,9.621654680755155
32574,6.142973957752254
32575,4.912333091648482
32576,5.81739507449313
32577,7.002255760202695
32578,7.9462194968473
32579,2.526046632342527
32580,8.25733739390373
32581,0.2921388629171062
32582,4.777763071486057
32583,6.147683071720957
32584,5.942252917180303
32585,3.278444244744491
32586,3.1729894875237306
32587,9.187563346436445
32588,9.745111050304603
32589,9.411978845689873
32590,9.108078506637082
32591,2.3700552709769602
32592,4.86483259694658
32593,9.48085408412732
32594,3.9220560032810465
32595,6.737225640103383
32596,6.310647942194563
32597,4.622001990471165
32598,7.188447532298956
32599,5.450069136040401
32600,2.425983026079893
32601,2.25221139131842
32602,6.938385017758515
32603,6.934192578906331
32604,9.474001741332524
32605,2.966463658610575
32606,9.136481016867855
32607,8.797908370574453
32608,7.923706578988687
32609,0.496531468233362
32610,7.756787484710788
32611,9.860751027651311
32612,4.6886556611838115
32613,0.1260177103659856
32614,3.1726016732014912
32615,4.460151728387496
32616,1.6403713832623252
32617,3.797874344271796
32618,9.82188307185422
32619,7.066545927178561
32620,5.485808777175803
32621,1.9326285592124837
32622,2.270309570058678
32623,5.131361650977956
32624,1.4454381988315608
32625,6.65204598856815
32626,0.5837934641022349
32627,1.926307283651237
32628,8.205182500495445
32629,8.061696832093205
32630,0.5260534739418525
32631,8.813233381231393
32632,6.99423508340447
32633,5.3050886420221754
32634,4.6917769939242
32635,1.2149651002241442
32636,7.448920584469988
32637,8.487267747699681
32638,9.975808282441855
32639,1.1984817939977923
32640,4.405837149494293
32641,0.2716692112276764
32642,8.77642656348087
32643,7.846730046970486
32644,9.996957124290175
32645,3.4833778303916327
32646,6.962942906759935
32647,6.828942063136823
32648,5.172241829799393
32649,8.69141972882285
32650,2.834688829034082
32651,0.6419085430096481
32652,2.8516433505517274
32653,4.409679997861533
32654,9.880610032211333
32655,9.604786937953415
32656,1.9159015998613198
32657,3.646634589123068
32658,6.877741127337462
32659,9.225620773898134
32660,7.428892150821072
32661,4.068291607969282
32662,7.0600711849343964
32663,7.822027176348651
32664,9.371749864317495
32665,2.6699629761667483
32666,7.771671976778022
32667,5.546877520146075
32668,6.951914107193851
32669,9.178704214182684
32670,1.104323279782983
32671,3.4375440232956955
32672,5.484145337286695
32673,1.7131668151153898
32674,8.531456525263696
32675,7.386992676036369
32676,1.716503499527145
32677,9.798012449134445
32678,4.618417345627646
32679,9.254644820244291
32680,8.5065490068453
32681,5.281035200936734
32682,3.913840691656884
32683,9.858795731931263
32684,5.269651833440121
32685,5.950050061606142
32686,3.9148648212308164
32687,8.931261840889022
32688,2.914290359501263
32689,2.480744221984755
32690,1.7514199915637905
32691,5.500406335019748
32692,5.1156355324159675
32693,4.81298971131912
32694,7.8510949350330135
32695,1.9024271554525682
32696,8.55535870978292
32697,2.0435061663702796
32698,8.070347970101565
32699,2.07674044054661
32700,2.365360818472416
32701,4.317412402873875
32702,2.5985600405208564
32703,8.895697091048
32704,4.323580068218942
32705,6.377624170704133
32706,3.993552685200573
32707,3.3495682326520035
32708,0.8786795935744215
32709,8.713651407964766
32710,3.453538764262084
32711,6.814906823727682
32712,5.264664475784027
32713,3.718630731767697
32714,6.562209083123684
32715,1.1503844008393462
32716,3.2703280874826706
32717,9.295283182391827
32718,5.666543185295981
32719,6.635618472108588
32720,1.8349022021024437
32721,9.63723221708172
32722,0.6901506097420402
32723,3.276959810174569
32724,2.1071074584790286
32725,5.606288825716198
32726,0.4027112224589924
32727,3.062989430882526
32728,7.504160963488138
32729,1.4299552973714946
32730,9.890638585049713
32731,6.25457275354643
32732,3.350722842778949
32733,4.698105299847958
32734,6.129792146132899
32735,0.5411686638558401
32736,8.234422072152134
32737,1.6084556236558267
32738,7.9348460912297
32739,6.765913095401842
32740,2.811519646175956
32741,1.881422968675599
32742,7.481536701705592
32743,1.7777278483626824
32744,5.252340031040756
32745,8.210486153670105
32746,9.71420242339189
32747,1.1909699268706202
32748,2.9305599703418133
32749,6.759369259730163
32750,0.7391487302815031
32751,5.171316485853622
32752,7.2453821084829215
32753,3.5960654935283762
32754,5.672800851249178
32755,7.495851527184419
32756,1.4694818968211671
32757,3.0266495052333493
32758,7.120242432647779
32759,2.8569154965716876
32760,4.698539026061524
32761,8.672354732810101
32762,8.648520017840582
32763,4.44750370963413
32764,8.927318287680018
32765,0.6510522130878406
32766,4.209877120649571
32767,8.857893844927865
32768,6.915198990897212
32769,6.344309048205624
32770,3.0472641152601336
32771,0.8819512933438542
32772,1.6614435616412733
32773,4.620785884755836
32774,6.106325006545474
32775,7.819826155918591
32776,1.7642559180697959
32777,1.5464710563358885
32778,5.193367525572806
32779,8.320646370317412
32780,7.4781969930068275
32781,2.6206226348237895
32782,1.1123635546349349
32783,0.611302292870502
32784,7.095616805308919
32785,9.663459299793614
32786,2.008329063974398
32787,2.4505895734716328
32788,8.232026918883102
32789,8.822831162114342
32790,9.713410360899417
32791,4.753236200224487
32792,9.51882199906313
32793,9.156314757216643
32794,7.49479532319119
32795,5.80453744145973
32796,5.410297027558471
32797,3.2224126856244384
32798,8.544203184188452
32799,8.628192001437203
32800,6.010894654165621
32801,0.4302376735325948
32802,0.1967034075402167
32803,9.57232651320295
32804,5.579079570999543
32805,5.2418485327326145
32806,6.262906075153928
32807,6.833814142131703
32808,9.242814145227458
32809,8.695260491449742
32810,3.5816342506939325
32811,7.902615104758891
32812,2.3717546918664034
32813,2.5450139719890554
32814,6.424608518783071
32815,0.5265459414950838
32816,5.078143728663361
32817,1.5939037142399515
32818,1.1412872848988682
32819,6.245443505176137
32820,2.9340317746392537
32821,0.9513095769594505
32822,9.968451310324912
32823,2.9807849335768997
32824,3.1330401821884526
32825,4.701008914318669
32826,4.861920491019943
32827,6.539222859503972
32828,9.959867891053754
32829,5.437393450707164
32830,8.780987969703698
32831,3.781000847713369
32832,4.4085720567797155
32833,8.265801957615421
32834,7.734680435423863
32835,3.675354993611343
32836,5.225904886766626
32837,9.717747788363644
32838,4.706758322960196
32839,5.189999946390824
32840,8.601781958434948
32841,6.5974886730058016
32842,8.610579486430318
32843,8.317378921021549
32844,7.313594580441804
32845,4.000721556885831
32846,5.836146867765013
32847,3.778460383954406
32848,1.2974684887805144
32849,7.656265248716915
32850,0.8310351141409674
32851,8.47407788872892
32852,6.239981553826379
32853,2.4867503446069708
32854,6.547358729437958
32855,0.7287295237102702
32856,7.410314235503645
32857,3.487708175413676
32858,6.877109602661115
32859,4.905251246241578
32860,2.772718669957938
32861,8.990921160426067
32862,1.9342814336459897
32863,3.3129594091597805
32864,7.768390511200838
32865,5.422121198908725
32866,0.6832760054046594
32867,5.269407421292132
32868,1.9210865866477003
32869,5.458180922105566
32870,0.49142801631391686
32871,1.4345455263748232
32872,8.850775662091452
32873,6.096418693200216
32874,6.0447843731384845
32875,3.6557321824456213
32876,2.895214875452891
32877,1.4115939871870344
32878,9.451838235042748
32879,0.23867882200633694
32880,2.0572348791626447
32881,3.011603916890112
32882,7.588791860381332
32883,9.271219226284488
32884,1.3778265509458583
32885,1.2016050532326983
32886,2.7506848683706315
32887,8.491194840594186
32888,7.37642582868307
32889,6.906753534747568
32890,4.950673951785998
32891,7.093086078359704
32892,0.8278307334821589
32893,5.043011701485428
32894,2.213032340123138
32895,9.505439659877684
32896,4.752560946461208
32897,1.0170705906563655
32898,6.304584200592224
32899,5.536198744344527
32900,5.802163497000622
32901,9.013431217215189
32902,3.1130002532061516
32903,9.49430039364065
32904,9.580346315685402
32905,9.32101830941709
32906,3.4970726543312707
32907,6.96303713070537
32908,6.253802457302842
32909,7.649091891397399
32910,9.341484879861179
32911,3.1383127920733425
32912,8.311565843260393
32913,6.720474172986955
32914,3.9025190208791916
32915,1.9482790109369361
32916,5.183537088240266
32917,9.604290664462278
32918,4.267182418833702
32919,6.556309769003341
32920,4.988418858751897
32921,3.26185203435647
32922,6.606669119013489
32923,5.406860167872475
32924,5.377291847478524
32925,5.46416426812263
32926,1.17644201945029
32927,8.217136093442036
32928,5.753208698310133
32929,6.304126842333708
32930,1.7387753996574085
32931,6.092199137003178
32932,7.741311298381578
32933,6.555411945214835
32934,5.1735911665484275
32935,5.05054524754409
32936,0.2478831796499617
32937,5.347954573154504
32938,8.895071471087133
32939,6.898124502400378
32940,1.5968909024025515
32941,2.122189264463741
32942,2.0856861695060815
32943,9.678875613914068
32944,3.189012152379511
32945,4.111921186814052
32946,3.476407985570174
32947,0.18740549280605134
32948,2.5205669373772834
32949,1.5277151464360648
32950,0.42184328847108965
32951,2.9288048181693678
32952,1.7310008594334314
32953,2.93449191545479
32954,1.2694051056047382
32955,6.232466901564249
32956,6.0939234864089835
32957,0.8461836662333979
32958,7.071763673287519
32959,3.233696371694984
32960,5.338919042634455
32961,1.976139970884669
32962,8.853418747274082
32963,8.522344566459063
32964,9.508106157671042
32965,4.5406162530264025
32966,5.634699313531334
32967,4.505346175469995
32968,0.5025234395362901
32969,9.37930610470752
32970,2.1367972156134996
32971,1.3902023740088092
32972,7.087180764327943
32973,8.306684749792348
32974,0.42660607811213525
32975,2.765483281104079
32976,5.594853844435179
32977,6.202881972294799
32978,0.5506031241125808
32979,5.080209109320288
32980,3.426462461206846
32981,0.17698101244629022
32982,6.161923337038708
32983,9.150513286626428
32984,5.961192435325341
32985,8.574368848907087
32986,8.598661014968581
32987,0.9611874728498868
32988,6.940449693223567
32989,6.407265598370875
32990,4.974636235616045
32991,5.2252695250495345
32992,1.3160815235082497
32993,4.262182030467668
32994,4.1651442707516315
32995,5.187596388932467
32996,6.986511299919011
32997,1.131919800534181
32998,0.6511113104285338
32999,2.281958935580726
33000,7.049769211452608
33001,4.2644309239495755
33002,5.773334663567423
33003,4.212672793647655
33004,9.86648066079005
33005,0.47802184532911074
33006,7.580516803660958
33007,9.401789989990077
33008,8.422664841601438
33009,2.9106416570931755
33010,3.873529317796227
33011,4.8420237188975
33012,6.843136988916108
33013,9.566324591531831
33014,5.7788426091279055
33015,5.628070987248949
33016,5.123671883436369
33017,1.530725900259492
33018,2.3553495560471043
33019,0.5566860622850284
33020,9.946960941152268
33021,3.6043879470720817
33022,2.217342982643532
33023,9.437616420370182
33024,7.963284774874589
33025,1.8410596294450516
33026,9.862161900258654
33027,2.952121171399596
33028,6.01719175505062
33029,8.464930915144212
33030,0.4586741921365274
33031,8.012407620916925
33032,0.46515312858671454
33033,1.1069865664390401
33034,2.8107625639356155
33035,3.5099004701923286
33036,5.87125947978128
33037,8.989137252133936
33038,6.050719457972439
33039,0.4640646505834456
33040,9.203793078400548
33041,0.26110052204916906
33042,3.4950301861453243
33043,5.520816207266624
33044,2.0642505589225397
33045,4.871525747920936
33046,7.08657785466524
33047,7.1388394828014645
33048,9.41640362481451
33049,5.53902717513197
33050,4.75720970276475
33051,2.4718530645417087
33052,1.9390689355059034
33053,4.624875303478
33054,7.13064555901976
33055,9.99912863032404
33056,9.288663183828332
33057,2.2913166253122728
33058,2.408676142290197
33059,2.0388408225192594
33060,7.417239936712904
33061,1.464711091118054
33062,8.8604431234446
33063,3.8434008523429863
33064,8.726314702021691
33065,7.806390484155758
33066,6.917321416158398
33067,3.3137412050612483
33068,0.6733018468695346
33069,9.363832641445626
33070,2.150126973060051
33071,6.763203822067509
33072,0.8436803451409944
33073,2.2033067908810757
33074,1.9761649234776069
33075,7.0128254523068385
33076,4.303585678931732
33077,1.3601188463848788
33078,6.833313474910856
33079,5.984359761253319
33080,0.28729189827461743
33081,3.0836058069376806
33082,2.284818238053878
33083,9.279624013310483
33084,2.66096498570853
33085,0.9250878183496042
33086,2.855247398315894
33087,8.29902886542638
33088,2.0122447717671506
33089,6.210300685920648
33090,1.6500815867216279
33091,1.5539207836276203
33092,3.08826672442901
33093,7.992503609341518
33094,4.174264942148447
33095,0.3289529478691494
33096,7.007090142688066
33097,6.3719439039042856
33098,2.7639286860606984
33099,1.7346918267218157
33100,2.0015825429993623
33101,1.7765579814168568
33102,0.14055705971910468
33103,3.6532426379123075
33104,1.8744621779986583
33105,4.76560582843069
33106,6.704717534538445
33107,6.24760905397362
33108,5.35466372562273
33109,2.9051771495243175
33110,9.241139298671621
33111,1.740149912009311
33112,2.879025748158793
33113,0.7782503141359554
33114,7.121558034692722
33115,2.978107615704968
33116,1.7305771375283636
33117,6.275471101690639
33118,1.2593260870029217
33119,1.6933204224173914
33120,6.816892756960233
33121,2.8667943847310418
33122,4.438250732771519
33123,3.288007299245566
33124,6.523421166402497
33125,2.4953110134225036
33126,7.156871791211298
33127,4.195214157856692
33128,6.651051701442346
33129,4.896306894184374
33130,4.559902315554067
33131,0.18273063710105403
33132,2.1138563129981778
33133,4.578065267658907
33134,5.5268967406029335
33135,9.080994203150404
33136,4.0128947734440645
33137,3.6235315568741293
33138,4.770906635886276
33139,1.298693636222777
33140,0.24729470239983592
33141,3.2887518756228524
33142,4.07778521502868
33143,8.861301665632185
33144,2.435902676897443
33145,2.449846550135221
33146,3.0258515059058335
33147,5.830127230672312
33148,8.455565622253932
33149,7.083439468648047
33150,7.92218690198243
33151,9.405948641071623
33152,1.7642025233376017
33153,8.954621994143988
33154,5.261647154201808
33155,1.047285475415317
33156,8.69926386808894
33157,1.8439358651392799
33158,9.57596882235744
33159,7.1773192725524915
33160,3.630945482433017
33161,4.363257808353107
33162,3.079101731548824
33163,0.9556546064410267
33164,8.308821537740346
33165,3.088977778740106
33166,1.9164115221185452
33167,9.533666758776105
33168,7.951055513558938
33169,0.21384270189858645
33170,8.303024034959767
33171,7.4623555565800785
33172,9.652668859277043
33173,6.108173910834349
33174,8.356761933343535
33175,8.272190379694605
33176,3.152524812243422
33177,8.361073743397018
33178,1.8258416244208144
33179,3.8493151623448223
33180,5.018750759464358
33181,6.510436271054906
33182,7.640453008212357
33183,8.229096777081196
33184,1.799429901072773
33185,7.847444230882607
33186,4.389158384096236
33187,2.547893760609399
33188,6.833829903179253
33189,1.5250021354145515
33190,3.594657634838533
33191,5.283459562928776
33192,1.2704127980152775
33193,7.702350601179731
33194,9.121198952853314
33195,6.544322736670673
33196,4.415771061119026
33197,5.549724480712144
33198,0.32692370359534373
33199,1.7630158090129433
33200,8.372217021428812
33201,6.152937481486407
33202,9.652988891543076
33203,5.5355184771374395
33204,6.939521176368467
33205,2.001305281796544
33206,8.442017951082043
33207,5.072170859177978
33208,2.240733243868662
33209,4.417709214689789
33210,2.939242041995918
33211,0.4452702083422121
33212,3.215394104402872
33213,2.9693826045161757
33214,8.161569673011284
33215,6.30454597284812
33216,9.799438125054515
33217,9.774742604908221
33218,1.1530767684130288
33219,7.802778087675694
33220,0.5569331800453258
33221,0.20357028600586174
33222,2.448228095319404
33223,3.8033618733620487
33224,2.6735159747938697
33225,9.660978851005
33226,3.546911278115163
33227,6.934850331305004
33228,0.8130865642045367
33229,8.379984658634447
33230,5.7503424491591835
33231,8.9366300791904
33232,7.197636740097326
33233,6.92732774777388
33234,0.8253753702071491
33235,7.421293820881484
33236,6.384849024307475
33237,5.801947273340482
33238,8.518170301134573
33239,1.058631451636323
33240,6.937438489696406
33241,6.006102903818851
33242,9.675146969591081
33243,1.3213572548237098
33244,2.2276753631558712
33245,7.459663472220968
33246,1.9435894824111826
33247,5.166122065222529
33248,5.4821809802069446
33249,2.500545848367148
33250,8.054399749190711
33251,5.220423282221055
33252,4.594504231596934
33253,2.0022581576111675
33254,8.814499013210998
33255,9.738891772134078
33256,3.273903925636442
33257,0.42731183141910034
33258,5.685923932937357
33259,1.6743480514224582
33260,4.703031084974092
33261,7.886218968831947
33262,7.949079762757984
33263,3.610380889540894
33264,9.80473216055552
33265,1.983664383897712
33266,9.676430893937786
33267,8.396051008133904
33268,9.234306048382653
33269,4.361000838486735
33270,1.5542784087592927
33271,5.907189450606907
33272,0.6728682201717888
33273,6.953450868520502
33274,0.13707814326282552
33275,9.400395014620772
33276,4.169966591091708
33277,5.540197651596674
33278,9.634836374052597
33279,9.236791474463988
33280,6.8516606770462385
33281,0.37794597752196835
33282,7.0110895036017125
33283,4.056161708028395
33284,5.1699608869115234
33285,7.064241765237272
33286,6.0875937841044205
33287,3.726765659083481
33288,3.640955891270822
33289,5.800523291555633
33290,4.988577984899995
33291,1.9732465382772462
33292,8.212713443470676
33293,2.2701851490802327
33294,5.445923567590427
33295,4.8250982970233505
33296,1.5235660162896183
33297,3.0806956223828452
33298,2.0674632270977265
33299,9.781719192427047
33300,1.262922557155883
33301,7.533896263065255
33302,8.081120440890999
33303,0.9416470386819465
33304,9.172266187862252
33305,2.7364735812219076
33306,2.004566256493843
33307,7.1914215627308105
33308,1.4670145691114986
33309,2.9943930488298505
33310,7.336039262817699
33311,4.158399371237303
33312,1.359051126186567
33313,1.952885430624108
33314,0.3109191457457963
33315,5.786213481001786
33316,4.693545145195149
33317,0.16927495553827498
33318,9.957269659895054
33319,2.143310816554098
33320,3.2245524311931195
33321,6.699730619563339
33322,3.1738767639947745
33323,1.5618971119169562
33324,6.45876152227719
33325,8.49175120475978
33326,5.673334049303963
33327,0.10907301983696746
33328,8.45790322716562
33329,6.06712373925629
33330,2.675604314371599
33331,1.6051003704491942
33332,6.1807930840150815
33333,7.547930127763067
33334,3.697667405228351
33335,2.03621503055674
33336,8.579792368443766
33337,8.820726372929135
33338,4.160403487555195
33339,9.466731381132233
33340,8.801321805441495
33341,5.318727935756109
33342,6.185467832911752
33343,1.4163576691349016
33344,3.6236785912612253
33345,1.4099074046847708
33346,8.868654683277516
33347,9.652779134336544
33348,2.6848253993963547
33349,2.7579484522384483
33350,1.8425570134827487
33351,9.321916317591803
33352,6.7158019800639615
33353,4.337996946025469
33354,6.140223864151921
33355,4.559315343314505
33356,1.6587496264345456
33357,0.6511856327344804
33358,1.3343840535203277
33359,4.966440572464414
33360,8.31299950126332
33361,9.18360637424487
33362,1.8421806253490496
33363,2.0156854329630804
33364,9.218093300265233
33365,3.7658064986822235
33366,4.3921898885879544
33367,6.336034181404951
33368,2.4829241207037307
33369,9.994736767949716
33370,7.410114394685113
33371,4.269495938348788
33372,3.5058820683819736
33373,2.256079353734597
33374,2.4258565869162108
33375,9.226017860480704
33376,9.082094098956249
33377,3.8041320452746823
33378,6.924663613302807
33379,1.0241139972894977
33380,4.102450898753991
33381,8.16756707563982
33382,0.5569763684315653
33383,6.152771494137461
33384,5.037286974126597
33385,4.948367921017146
33386,0.8374694894956471
33387,9.930619766394576
33388,0.9880899156327976
33389,5.526706116655878
33390,9.175358370940423
33391,5.995525640459208
33392,4.600263024008162
33393,7.0081965752598325
33394,1.3132462738386643
33395,5.216609273610283
33396,0.8557269869835693
33397,9.275709655559812
33398,0.14020165515475733
33399,8.17149654607997
33400,8.079615268633352
33401,6.885068141186222
33402,6.893918894913136
33403,6.562043539736555
33404,3.8155400183371766
33405,9.191247620357464
33406,0.41912490090747545
33407,2.494901653173612
33408,0.49448117374268186
33409,4.923686907566852
33410,6.098905983118027
33411,9.614528280376003
33412,7.430902257656395
33413,1.1982016309731902
33414,5.633060235737266
33415,9.203503971510308
33416,7.495694161306073
33417,5.836149420759116
33418,8.962205050241643
33419,0.381149222897917
33420,5.784492329693262
33421,8.81646636746873
33422,0.27221850102812983
33423,6.901754367751635
33424,8.536731435428065
33425,3.2497522183599163
33426,9.513212863040847
33427,5.368423893577073
33428,6.410889690496293
33429,0.3827091605574181
33430,4.51285062166727
33431,9.143702036229351
33432,2.794727350685413
33433,0.31794406784182583
33434,3.706735661827825
33435,7.984741429187227
33436,0.9851890639123483
33437,8.597680078313754
33438,1.0554821013741489
33439,9.661137913095716
33440,6.11368783297312
33441,6.508623432676044
33442,1.6460002274195598
33443,7.482951110888828
33444,2.6985566588364245
33445,3.1501579524368
33446,4.290499901850195
33447,9.086520435860926
33448,5.7170130187724
33449,5.669252143987352
33450,1.4580124306129607
33451,4.512727151816859
33452,4.123005308494385
33453,1.1203899270179876
33454,3.521326752006836
33455,2.657746612566036
33456,9.336424101746701
33457,7.275688935741918
33458,6.1519540378982684
33459,2.8001399772012214
33460,0.8166614863249824
33461,3.4684831257799855
33462,4.827488917337244
33463,0.9197687093820857
33464,0.5077365083763189
33465,0.3700175223053268
33466,4.980144071515744
33467,4.295036794407172
33468,9.56047341501104
33469,6.2156096796403295
33470,1.9392412328087394
33471,4.866190864043587
33472,3.2743538431865358
33473,3.962568730795389
33474,3.9852806364682403
33475,0.6035005233300681
33476,5.003272612836012
33477,2.8231262195611717
33478,1.3898711959130337
33479,7.996803182625293
33480,3.1277107775932533
33481,5.185586675400124
33482,1.838585321622082
33483,3.9795157329128314
33484,4.134024602118927
33485,2.731408268667204
33486,0.29162519353160504
33487,8.856055729590372
33488,4.901007128272605
33489,1.801155139070521
33490,8.628157786801124
33491,9.463226369485245
33492,3.9107775905266013
33493,9.821865780669098
33494,3.8039375377730553
33495,2.3302674284591802
33496,5.67912037715215
33497,2.211891630027421
33498,9.77329577285582
33499,9.507610637826865
33500,8.793054957796398
33501,5.114433039606864
33502,1.0311564445714687
33503,8.51420671281823
33504,0.2593063552853961
33505,3.0265546018594227
33506,5.517095558004194
33507,4.64299992720385
33508,5.399496645743805
33509,0.22633829749020762
33510,6.142764131353234
33511,6.722863473065107
33512,4.0605037204492485
33513,6.669334548496712
33514,2.967771613541695
33515,8.200727765983865
33516,8.93885647680183
33517,8.235273251955357
33518,9.969155555200857
33519,5.42764560676214
33520,8.196477098180955
33521,1.9832113415536265
33522,2.6317872522082375
33523,4.645104132644777
33524,5.612638491972901
33525,1.8741165444416312
33526,2.849564641147292
33527,4.3426676381912515
33528,4.03087068779654
33529,1.70666589466893
33530,1.2226490445754248
33531,6.472923112526916
33532,7.639263040591261
33533,3.673722191814124
33534,0.5535683388851282
33535,2.2360085965879075
33536,0.21022795545162154
33537,8.381014560718818
33538,6.923322121949934
33539,4.079440912137479
33540,3.204613293574822
33541,5.3364426749167135
33542,4.9107498006992305
33543,0.3109928971786901
33544,1.905711891162897
33545,3.801169605854555
33546,9.700637659083668
33547,5.444878265587174
33548,0.7175209778868898
33549,9.155512849104284
33550,3.532755443627912
33551,2.661509502874883
33552,0.9791141855272487
33553,0.6958089438939716
33554,7.461104536510479
33555,3.1050712221667984
33556,5.951378106377747
33557,9.502924672859738
33558,1.0815020954472347
33559,2.94920618685458
33560,8.862397368974934
33561,2.0941633410431475
33562,4.965883568581469
33563,0.4372813098819818
33564,0.9932557356667353
33565,1.5521672356046468
33566,1.1646122829130474
33567,9.998092493892825
33568,9.772457978860706
33569,7.166204012611795
33570,7.579367736232378
33571,7.223481960269497
33572,0.5325489544672443
33573,0.23569510762742646
33574,6.121737602984833
33575,3.9623289327237443
33576,8.467235994227732
33577,7.420256887144841
33578,1.3827120568510411
33579,8.247353918413951
33580,6.074711281952608
33581,1.7111196268302749
33582,8.815118762177006
33583,6.868575996712893
33584,7.250225765237942
33585,2.0472775911145202
33586,5.716757126970666
33587,2.3416754992262128
33588,3.6505027051383583
33589,6.949984134940028
33590,7.286222233169805
33591,8.77937985332544
33592,4.295668574046081
33593,7.26574535033501
33594,4.703748249280169
33595,3.291545246536801
33596,0.7208718703669569
33597,9.366993039764946
33598,2.75604468536197
33599,0.92162418216167
33600,4.582861765903808
33601,1.053372583860568
33602,7.546987737050968
33603,9.580184312306812
33604,1.9663401047312128
33605,1.0858473231099912
33606,0.12879033250029295
33607,8.78911357728712
33608,7.241159006174497
33609,9.446939832299762
33610,4.72149419846511
33611,4.511346912503018
33612,7.487819058548824
33613,5.522811197416467
33614,2.3536045958993244
33615,8.865678163297265
33616,8.604034143525496
33617,1.9145781503053796
33618,3.5401732392680496
33619,6.070356421168452
33620,6.83600414340345
33621,8.305391954591773
33622,5.200543913005849
33623,6.854855531803498
33624,2.2490607544451104
33625,7.39311287746298
33626,7.495937536913852
33627,1.8891320835475052
33628,3.827120864962368
33629,0.7414851529625621
33630,4.763183537265095
33631,7.821051975276028
33632,4.582630912257167
33633,6.030257098909032
33634,7.421055366938342
33635,3.0115399909102405
33636,4.302131444602622
33637,3.6867657265788663
33638,3.388060456515229
33639,0.7270309400080377
33640,1.9117492144886354
33641,3.345540410371176
33642,3.0616656317031428
33643,3.9655943862685192
33644,7.343320429008312
33645,7.226089607731439
33646,0.26610372752246814
33647,9.7115178735262
33648,4.612671060877086
33649,6.575465803004779
33650,0.14673200280366192
33651,8.163446112426438
33652,4.746743886270012
33653,0.9284230800717859
33654,6.9457072048376265
33655,0.6131940559317126
33656,9.041749848662835
33657,9.62337930389333
33658,2.4477701129750367
33659,7.91351854429906
33660,7.547186639885294
33661,3.7342027287355184
33662,5.046512257565312
33663,7.610305273115876
33664,3.2834598194740225
33665,9.159109044170053
33666,9.464677270527043
33667,9.635726713212845
33668,2.127155860133958
33669,3.14785319256315
33670,2.0426514051317746
33671,0.6710326416596091
33672,5.546789659605572
33673,5.596139222344738
33674,6.8533371281154665
33675,5.905961215255198
33676,2.4059395609472785
33677,1.6597976949735032
33678,0.7797409203648985
33679,0.23686167016727072
33680,0.7038244931921208
33681,1.604004815913621
33682,2.8691088450342757
33683,1.6698918507577103
33684,7.59463873413907
33685,2.93014803719487
33686,2.4342488430943763
33687,1.7276193956616401
33688,0.9962251183088401
33689,4.762935613756877
33690,0.7417977672476985
33691,4.3079946915937555
33692,3.2089415636068956
33693,6.763627473121999
33694,1.5875246119515634
33695,6.340882778720934
33696,1.05448201095942
33697,8.370796362386383
33698,2.8910268021045975
33699,3.794047734202232
33700,6.643409834299092
33701,9.624009744316796
33702,3.340133497496616
33703,4.136117603760284
33704,0.3794621269518512
33705,2.0482228390623214
33706,4.193709168875104
33707,3.9337621600676003
33708,8.662051511072473
33709,9.303516621385745
33710,0.602130324329575
33711,0.8081082414624289
33712,8.098541947654043
33713,5.354834735091435
33714,3.9995648521489424
33715,3.408316249513387
33716,0.2598951013294767
33717,8.684196459017803
33718,0.1392673724897507
33719,7.83643855067392
33720,0.8511303607899232
33721,0.6663193977085371
33722,7.473553343849656
33723,8.983680637302403
33724,4.780461203167694
33725,7.931261370183048
33726,8.904216693158967
33727,9.113883478702023
33728,1.4455367436864177
33729,2.909098372610317
33730,3.469214934611468
33731,7.927940883638956
33732,6.153730765886569
33733,3.218038372291738
33734,6.144658089091277
33735,9.877760559323546
33736,2.0916773177461416
33737,2.2554985404815326
33738,7.749620237481796
33739,0.1952064581563369
33740,7.273066788817236
33741,3.9296303133667654
33742,4.784241671368187
33743,9.664127666861843
33744,4.982825063853344
33745,2.3386338831607767
33746,6.759195086735494
33747,2.403652641726052
33748,7.278868799724893
33749,7.425804142537099
33750,1.0430469902560322
33751,9.400431839101287
33752,7.491548136304967
33753,0.11032805435171025
33754,3.62448087353888
33755,1.3159115455617048
33756,2.383235311602158
33757,4.414663044948489
33758,7.4412686458023725
33759,9.487107661026734
33760,9.935946380698306
33761,4.835923648015338
33762,0.7239252503713649
33763,8.270154361769743
33764,9.10944804085234
33765,2.929796673642845
33766,4.745984515850694
33767,8.199455948184807
33768,1.0088177848802442
33769,8.276704259068637
33770,6.4864280851364065
33771,6.238376684611597
33772,4.707739084815077
33773,1.1623725145854202
33774,0.45049753176068763
33775,6.479835460350276
33776,0.4343220543564916
33777,7.27132074745731
33778,3.91969139559685
33779,5.977913834919714
33780,2.896228541349637
33781,1.4665614021625804
33782,7.658355059977753
33783,3.724275612766763
33784,8.49827229985557
33785,4.664019253560064
33786,8.457313016527936
33787,7.3556904433340495
33788,2.688923266887204
33789,1.804504577197681
33790,6.445707891990707
33791,9.724653587513867
33792,9.781246019868682
33793,0.7049177703215431
33794,1.0360008468267328
33795,5.826146243302905
33796,4.289033395335003
33797,4.556302000143768
33798,3.5689830228431685
33799,4.9181904612902105
33800,7.6196880768474236
33801,4.671124902346712
33802,2.2098643310118318
33803,5.158703134405464
33804,9.500535088696143
33805,9.136488131825883
33806,6.374770763059208
33807,3.9692835059199147
33808,7.358641160938272
33809,8.033745727656816
33810,6.107632068833513
33811,5.376913997387654
33812,7.7203610428669
33813,2.071034627033777
33814,6.719950209779159
33815,2.049936951601708
33816,9.096603120254448
33817,6.127266725631138
33818,1.072754922052997
33819,7.758875806867238
33820,5.52414519373971
33821,0.9687836352161916
33822,6.455032264749833
33823,2.7677364809549987
33824,7.380157584383769
33825,4.9170989089164525
33826,7.2776120382318785
33827,3.4937620288721254
33828,8.167097892670688
33829,0.6765375829724786
33830,6.605144434740651
33831,9.3531365638372
33832,2.354472344011187
33833,5.455240701629731
33834,1.2251907096562633
33835,4.65568016644543
33836,4.876458856225314
33837,1.4980575416032182
33838,1.8264776466918813
33839,5.1533659871738555
33840,0.44457273867677793
33841,1.150588292115578
33842,0.7942502589515954
33843,9.13231601928637
33844,3.976624110035588
33845,7.355517974470837
33846,4.109964604471687
33847,9.934829516214334
33848,8.532063503531338
33849,0.14355487342136541
33850,9.277061730809457
33851,8.194765790098884
33852,8.706815477213025
33853,2.023251713133503
33854,6.862925498870936
33855,4.378221168975395
33856,2.3701384477128946
33857,7.522247833042416
33858,8.406727721714615
33859,6.83457541389245
33860,1.850623587754967
33861,8.49091667953233
33862,1.0124324795288369
33863,1.016111765289868
33864,9.752583018363579
33865,9.818813523925549
33866,0.4576965819662451
33867,8.852449765236466
33868,0.9091834540370526
33869,5.69071848931085
33870,4.510221044692649
33871,4.295447356457598
33872,8.703610005821588
33873,6.547626078551595
33874,1.1428190456829987
33875,4.479450711436297
33876,2.6391500206265994
33877,8.042370148818383
33878,6.102804977126003
33879,8.062006041934213
33880,7.1353494104759045
33881,3.780910141392064
33882,9.015703245928446
33883,6.728355056834936
33884,2.815693688306797
33885,8.800881065828948
33886,7.882075783274609
33887,9.643747137061473
33888,5.594554079500476
33889,2.5155153487863076
33890,5.145566794989498
33891,3.525126049749116
33892,5.456628288618513
33893,2.8119671960648756
33894,4.040148609722928
33895,8.963329904747038
33896,6.8427293176200585
33897,5.900144906091753
33898,9.759832909870166
33899,9.344389716280393
33900,1.7478470008998352
33901,3.543240845415648
33902,8.312511969350156
33903,7.9595893780189115
33904,9.439322723561865
33905,9.655300421979106
33906,5.864919981891535
33907,0.40088913096047696
33908,8.559939893608668
33909,9.795435963161214
33910,1.4117618147017073
33911,0.5971579132407266
33912,8.441324201092561
33913,1.4619964175273403
33914,0.2597897034540478
33915,6.437272850181538
33916,3.211420647079245
33917,5.036357065986597
33918,9.728600100671954
33919,7.756237636434379
33920,5.648150355737803
33921,9.93409090929089
33922,8.329996182266784
33923,6.755192889653068
33924,5.229378764673092
33925,0.798260140310807
33926,1.303811513489471
33927,0.8613520417701986
33928,0.7582257469376984
33929,8.653522919801338
33930,5.667477881619402
33931,2.9641840690226444
33932,6.6706120939978115
33933,6.920637714791775
33934,2.9993479285811038
33935,2.8309546574324727
33936,2.3370539517038176
33937,0.14264285966053686
33938,2.3365187305460764
33939,5.112028737029754
33940,7.692708910905073
33941,0.41089011174817247
33942,3.7745804529246385
33943,8.46640255493745
33944,0.5865110233122534
33945,1.7280833667965778
33946,3.0954197987627747
33947,0.23349352085680525
33948,1.757897026891047
33949,7.4453960524660525
33950,5.922596842074278
33951,2.3686061903933218
33952,2.564034528124262
33953,0.7538982539508834
33954,7.685604641270427
33955,7.146884193917142
33956,0.10460968407523548
33957,4.774538033926984
33958,7.751459317325571
33959,9.818304594186973
33960,8.402585323684415
33961,6.430810822449826
33962,6.686116475325948
33963,3.0215578013056477
33964,7.2377740798904515
33965,6.6394207699531185
33966,4.277532700735577
33967,6.79735195789614
33968,8.22538720214078
33969,1.0224819274873274
33970,6.432505166698872
33971,3.7115294679281843
33972,8.364323225361606
33973,3.684380572061305
33974,9.721159217262294
33975,9.062051413004479
33976,0.7579720978173784
33977,8.258827058016125
33978,1.0479529114852524
33979,1.5957542101586066
33980,3.8447220065942815
33981,5.809909833821575
33982,2.757736778185585
33983,4.82124273797056
33984,9.364692583891403
33985,2.9855046301137804
33986,6.147317418620004
33987,5.91478723989469
33988,0.636612356279147
33989,6.245411920548483
33990,0.39192248543811736
33991,6.415124732653499
33992,6.403923170767315
33993,1.6397082923401225
33994,6.797615689955596
33995,8.190019656555501
33996,4.84113312315686
33997,8.312988407692952
33998,7.575513304291341
33999,2.237348803640307
34000,6.610344182484709
34001,1.8018825770177918
34002,7.063076275585462
34003,2.8313690829385103
34004,9.92116353036874
34005,3.4689329728161495
34006,8.141756263792951
34007,8.567160733756218
34008,6.5128389387561505
34009,9.331397346914011
34010,2.0117872454672705
34011,4.88812682038219
34012,1.5302376640491877
34013,9.45085427403164
34014,4.3919211995246155
34015,7.998911962058562
34016,1.5773128634120648
34017,2.86919232317538
34018,9.299770361051106
34019,0.7608992445478248
34020,6.84543085992174
34021,5.579755906743492
34022,0.9495141918393951
34023,2.8691969804988027
34024,5.982271772493224
34025,6.834779486001579
34026,5.556848226598515
34027,5.746971220141077
34028,0.29535116524732163
34029,7.0531540501789705
34030,5.437342471801887
34031,4.641481046573811
34032,6.1654110302484515
34033,8.578190189380006
34034,0.5437738098719214
34035,9.13294453529445
34036,3.7670644204722383
34037,4.7841077089336626
34038,2.9023108618642195
34039,2.7367573709558304
34040,6.194482196518303
34041,8.333763386185804
34042,7.66123880451695
34043,9.112434369159583
34044,5.452985343998837
34045,7.836222231678767
34046,6.059885895149108
34047,6.4202622543846
34048,7.910664736643855
34049,4.095539364994991
34050,3.3950790112511693
34051,0.24936056690294298
34052,0.9884191385948623
34053,3.688835429796178
34054,4.336448469603876
34055,6.789693922493634
34056,2.13660372692504
34057,3.2366807289213977
34058,0.4127221918750046
34059,1.4104213468566942
34060,2.274074351338332
34061,8.560882330886775
34062,3.962655283726196
34063,0.9957828685590528
34064,9.027984264767046
34065,9.621675385863034
34066,8.690843697313735
34067,7.554280895172328
34068,9.829709927514473
34069,2.784084558192168
34070,2.699613247435247
34071,0.21990145682022058
34072,7.994359605745637
34073,1.788364428282174
34074,8.047855323938965
34075,7.3047863484862265
34076,2.1638629289731264
34077,9.650073604057697
34078,3.0685685976877832
34079,1.282463370722598
34080,9.619503816208901
34081,2.2659789655110227
34082,5.7195256694964005
34083,4.734618528583005
34084,6.589309416276871
34085,6.502389532539621
34086,7.927656348001095
34087,3.274462491779634
34088,9.999728131753907
34089,9.56744760232967
34090,0.5855958262013649
34091,5.6737879781218
34092,4.708155493491534
34093,7.6041647890853925
34094,7.418787852835597
34095,3.5111895049796322
34096,9.856255761657065
34097,2.2083094658779174
34098,8.392880214460183
34099,4.754862905806108
34100,2.647827636778872
34101,4.766382447764153
34102,5.75145641260425
34103,5.897462341679563
34104,8.206308448332596
34105,6.79486441090351
34106,9.764719190634594
34107,6.869510874529998
34108,6.648941893579332
34109,1.5040604579416446
34110,4.419889089370695
34111,8.748803702860146
34112,0.17000837391152984
34113,0.6940540137605365
34114,5.554346051787655
34115,9.424625213368111
34116,1.384509623125429
34117,1.6947063069294606
34118,5.449991038184511
34119,7.52821916382154
34120,8.77328928282603
34121,3.084977582629033
34122,2.534167543379672
34123,9.112548446519634
34124,7.5632646537928165
34125,8.391951683915346
34126,9.611238322778554
34127,3.319308957053374
34128,4.113567399088972
34129,7.752164377535795
34130,5.493766839003056
34131,8.93964063798094
34132,5.5402622506878005
34133,3.046981171580579
34134,2.884030526261678
34135,4.971578407431033
34136,1.473771143570209
34137,3.475353331595842
34138,2.0624527391217486
34139,4.397054611672247
34140,8.025661183396384
34141,8.841032117844865
34142,5.7486434570506875
34143,5.813055827063154
34144,0.5513120604576162
34145,3.006769537112838
34146,0.545442632174166
34147,2.845512528384078
34148,2.2275539095494525
34149,6.65022287568776
34150,8.611175992083588
34151,1.2150563035881907
34152,6.037312054904959
34153,5.590371399014913
34154,1.888467830835221
34155,9.889237387386947
34156,0.4425026062130796
34157,1.8860981806794836
34158,7.551178813047912
34159,4.741188099358119
34160,0.32127502745113035
34161,3.3587135463412854
34162,6.294010131586859
34163,4.942361332041081
34164,7.829938790462363
34165,1.9909034545671427
34166,0.9952142938669251
34167,9.276688454175238
34168,0.21657131540525912
34169,7.355640295503678
34170,0.21915232485951103
34171,9.086832898861324
34172,4.765786432158199
34173,9.613997946321113
34174,3.2335105495230887
34175,2.3204954943655505
34176,9.393887741350365
34177,4.713938071210547
34178,8.244371998147118
34179,6.235055492037048
34180,8.09795683340097
34181,0.6169646612457992
34182,1.9851122854699708
34183,3.788720290907939
34184,2.4169184254603264
34185,8.557711068762785
34186,2.2735224920980466
34187,7.638934899764207
34188,1.425699736455192
34189,6.491676281767595
34190,4.07225984415992
34191,5.189635346058555
34192,6.738596327832428
34193,1.1065751866025755
34194,3.081054607886786
34195,5.189159005463241
34196,8.779385695963164
34197,2.351296175925278
34198,8.68854604209105
34199,7.850573228480403
34200,6.148717919841034
34201,7.339253565843086
34202,4.21681571702246
34203,7.893288030628588
34204,9.61116114758082
34205,6.713389342632557
34206,5.534110294719735
34207,2.3722636865571856
34208,5.34003092570744
34209,5.756040476386495
34210,7.041571746541958
34211,3.5631310713067657
34212,7.180087170639932
34213,0.474342233632257
34214,3.719196653347549
34215,5.4187369998699655
34216,5.763678831683811
34217,2.1560670348955333
34218,7.4794143652304985
34219,5.483385293313857
34220,3.7741192364928002
34221,4.837111915385093
34222,0.10975685999543763
34223,1.7415004123515359
34224,2.695947832002115
34225,7.713027802365279
34226,7.858461262349412
34227,8.622756544631507
34228,7.977233110293163
34229,8.149105720904267
34230,4.675966551215134
34231,2.7378508995678748
34232,3.741425630643125
34233,3.1768585541898515
34234,0.9845117452288822
34235,1.7356355484201513
34236,2.506767484106021
34237,9.489956670987343
34238,7.947912542700747
34239,7.320873618846642
34240,0.33768594600156243
34241,2.9696060911103
34242,8.59197626904074
34243,9.800140197437328
34244,4.0521029001004365
34245,0.4428984257113282
34246,8.441626735382664
34247,3.2587541402871762
34248,5.491885411631818
34249,6.548455911983767
34250,8.580794806824926
34251,1.6706850976122833
34252,8.478005810134992
34253,2.347995323838021
34254,5.569658341483904
34255,4.623476583881906
34256,1.9194946100677497
34257,2.859909567385266
34258,7.181851805476014
34259,4.706400553471896
34260,7.7249624398401995
34261,4.897954753218916
34262,5.353048474726145
34263,6.599995558916242
34264,1.8139392370730891
34265,6.552945736912338
34266,8.64611196372704
34267,4.671042002282271
34268,9.467471939978742
34269,1.4234006413758007
34270,6.44235079854036
34271,4.117937436316868
34272,6.606716756583873
34273,3.2962600739118315
34274,4.710207137454266
34275,7.112269317373151
34276,6.2390596353545265
34277,0.6300943535690179
34278,6.105375351331206
34279,9.91635520017884
34280,6.424215667740184
34281,3.3626199469600024
34282,5.942652399717774
34283,6.53478286884003
34284,0.9505458651903774
34285,7.83169475043114
34286,5.874780957466257
34287,3.711838897152331
34288,3.3921433641103853
34289,0.8704022559040043
34290,1.4784742816727174
34291,5.523541818943642
34292,0.8627942117070728
34293,9.01933364870904
34294,1.5577048193166458
34295,9.032277452889977
34296,3.2533936480594745
34297,6.644895980326813
34298,9.093056064995041
34299,9.772564813205147
34300,0.7111629145729973
34301,8.322394013808816
34302,1.1846146437524292
34303,0.7080880680492042
34304,4.5302567804060905
34305,6.920691930888359
34306,3.8464803406037142
34307,3.768047172435809
34308,2.610843202991002
34309,2.8259048979182864
34310,0.5596503090796243
34311,5.254295874560554
34312,3.178924531152602
34313,9.786076463435233
34314,3.3455855423986307
34315,0.6440651978577606
34316,9.00626122969237
34317,3.5986521030898158
34318,2.0470802900585885
34319,0.710624906278998
34320,6.327244704677533
34321,4.453597942323727
34322,8.318717289391829
34323,6.2576891522031195
34324,3.729027093441224
34325,7.315864970714997
34326,3.356352593309349
34327,3.9055249132143306
34328,2.5571037129552168
34329,7.667352912298551
34330,5.02059602119881
34331,8.949478334892193
34332,0.7415132722516454
34333,4.112812809790272
34334,4.715938299348406
34335,0.9806966161035757
34336,5.605941098245247
34337,5.350052226306956
34338,1.5522033737622505
34339,4.262678119776439
34340,0.7636720512288605
34341,7.16615510083245
34342,7.577908589696844
34343,9.99042697923195
34344,7.160674978139048
34345,6.742803014938356
34346,4.328079431203172
34347,3.811736007536161
34348,0.5253238243883006
34349,9.219510338129737
34350,1.958684786271115
34351,2.1052027958256296
34352,4.692981875651396
34353,1.764260554604694
34354,4.065464503978604
34355,1.196588598456504
34356,8.506325557175646
34357,8.551613840917414
34358,0.3893462682002059
34359,1.2370810950115765
34360,0.23311138824380814
34361,1.1019646228092332
34362,2.3039212575783843
34363,4.643630027196339
34364,3.126447754460808
34365,8.073879443599719
34366,5.4996712412155375
34367,0.43505399113776966
34368,0.3352345789367159
34369,6.885597873548828
34370,7.621194470742643
34371,0.30346230576121475
34372,1.781142298800847
34373,7.065848418144086
34374,2.381443746226593
34375,9.451768767335773
34376,3.12169630909647
34377,5.368218714178021
34378,4.817583885876082
34379,5.001039739518133
34380,6.7964360832928605
34381,2.506400728188001
34382,8.692114108533593
34383,7.607086348482824
34384,8.98550781412091
34385,1.9949461193862268
34386,3.785442510313081
34387,2.48872481315005
34388,8.924250995416356
34389,7.80164851456797
34390,3.040906437490574
34391,2.536313403413922
34392,0.3438649620762859
34393,1.2199442106427687
34394,6.696216303687068
34395,8.932422283822971
34396,7.454126438048338
34397,4.874263653267608
34398,0.4641287552105857
34399,1.1396743535982279
34400,0.1990584905020955
34401,9.010601623545128
34402,4.241419820730948
34403,0.7794028922460553
34404,8.664742514098235
34405,7.884691008944309
34406,6.984649808701601
34407,9.893359292921486
34408,6.189710278328499
34409,6.050602194812741
34410,3.2656702347484163
34411,7.395925117728037
34412,0.19738806135540538
34413,1.4244532043219211
34414,4.4282468824901535
34415,3.9514688535672002
34416,6.421937598563561
34417,5.992757944599817
34418,5.743849755950819
34419,5.9554987401163055
34420,5.679516043655271
34421,8.369923512231386
34422,6.748332269751148
34423,3.8825007222459686
34424,0.9648050986167709
34425,9.613646202292134
34426,4.068054413426105
34427,5.870845765575679
34428,7.327281035424964
34429,8.431464794191326
34430,7.5517648220041504
34431,7.625666830977232
34432,7.785929119006206
34433,8.274256906447592
34434,5.406525403108796
34435,1.7966021781736383
34436,3.9105148564366083
34437,5.876541867258092
34438,9.783092511641124
34439,7.271139373387027
34440,0.41924629426322113
34441,9.516758717714469
34442,5.784330425927615
34443,3.1805555794747677
34444,1.6253165709060255
34445,4.300629544480967
34446,3.89668071344238
34447,9.861966833212472
34448,7.957776945706645
34449,3.0747286572275323
34450,1.5010971566747524
34451,2.2312556993287305
34452,3.549478918430129
34453,7.43291279185396
34454,2.3955152173316434
34455,4.809007823585099
34456,5.5905129302815535
34457,2.6931675195052662
34458,4.2790097985799
34459,3.754128755245899
34460,2.940722282989188
34461,9.123659933033698
34462,4.506029644016576
34463,8.738151029575265
34464,9.034660727283232
34465,2.4395855977661007
34466,5.03299568286499
34467,7.542266915519369
34468,1.0044529368722466
34469,0.15114979433021086
34470,9.705367911356712
34471,2.702737599707392
34472,5.373068248863061
34473,3.93240232025877
34474,6.24332301586603
34475,7.584098575213677
34476,5.745879883862788
34477,6.307293510868235
34478,5.72238069169678
34479,4.847605894229277
34480,7.124185407631522
34481,1.7508826255248802
34482,2.105787529173809
34483,5.6124698352711295
34484,9.692655792041736
34485,4.460553102390279
34486,4.663487732146366
34487,0.7321476177294366
34488,2.1892172091718196
34489,0.265030866344082
34490,6.945593533583211
34491,2.6436201152895458
34492,9.6151844301287
34493,2.9180737255167637
34494,3.902096741899451
34495,2.599551414040429
34496,2.5648058914784193
34497,6.463998033852347
34498,2.841670280907198
34499,5.547130555092496
34500,3.423586860448201
34501,0.6402239752711871
34502,1.0877712831106774
34503,5.504674112009905
34504,0.10983723639661869
34505,6.504233951338023
34506,3.865687586608306
34507,8.122070797006586
34508,0.917881647980063
34509,4.081724975711683
34510,4.185079076900064
34511,5.651043709584789
34512,8.974304830164629
34513,5.890565904720926
34514,1.8614745243193973
34515,8.542151274019472
34516,8.020051948484358
34517,0.7372848304237271
34518,5.565469951119989
34519,1.1391172376102663
34520,1.0623205309610313
34521,0.9367163232823084
34522,0.8594257556993588
34523,2.5423564809206205
34524,0.8935887994860738
34525,4.885304262868649
34526,4.4582433241432975
34527,5.569536409160698
34528,0.8521273838707786
34529,2.298065253207759
34530,5.272218229452004
34531,6.6066666264472325
34532,5.800560746497031
34533,3.0220801009233234
34534,3.925126568838684
34535,7.8681206972254785
34536,2.337477270841171
34537,7.359365506216894
34538,5.441671420510674
34539,8.192150845209113
34540,2.4583865208641917
34541,8.344969128344603
34542,7.689063591142073
34543,4.2498192750868995
34544,5.105781920778678
34545,9.63801799435169
34546,7.333650444312419
34547,0.7995524073011574
34548,8.857021071757073
34549,0.4548642092181554
34550,4.790168947304621
34551,3.7760029289781962
34552,0.5764394531625695
34553,5.978089229764499
34554,8.627771945237003
34555,5.327620029350738
34556,2.10073241045153
34557,5.251333727183726
34558,5.863590359566027
34559,8.736255627639002
34560,4.357435630188027
34561,1.0653942881970866
34562,7.542162967976433
34563,2.022885031188061
34564,8.096152590348298
34565,1.3496261475770897
34566,8.74053026434654
34567,0.9544025147439776
34568,0.41628157779784825
34569,5.242067607461209
34570,5.363079884202181
34571,8.090976669484066
34572,9.610744429560096
34573,9.573483030383569
34574,0.2882557083843374
34575,7.8652856391406285
34576,5.978713287528881
34577,2.421432097591463
34578,1.5015539221388534
34579,4.018728114774254
34580,3.7282150357278154
34581,8.891552256022312
34582,0.4196702120222433
34583,5.310278563338369
34584,4.379461944479872
34585,8.4774046825553
34586,7.422192172237354
34587,0.38563313849186975
34588,8.745850810887127
34589,1.7189770696940203
34590,1.1350558299447984
34591,3.0591285902047574
34592,7.945088103750286
34593,1.1494414489591764
34594,1.275689023872666
34595,4.11015877391192
34596,3.2494966667857095
34597,5.031522591116451
34598,1.0102617314050202
34599,4.232271303733585
34600,6.297923508635128
34601,4.353061561958754
34602,1.9452909545206352
34603,0.6961980680080625
34604,7.477501271257619
34605,5.735617694888242
34606,1.0536683126676187
34607,2.6273598658064246
34608,7.175264525064166
34609,2.419853465815879
34610,2.4641502900640417
34611,7.151870289815558
34612,8.663457930356122
34613,6.505056874775493
34614,0.3870311701779118
34615,6.063130987943559
34616,6.271068499276272
34617,0.522118588644561
34618,9.16749235714579
34619,2.744442259720884
34620,2.2375712220383805
34621,5.758509730714955
34622,3.377808660188481
34623,6.064696185652243
34624,4.930095567984715
34625,1.7083707149063778
34626,7.961592087877805
34627,4.7379786815879665
34628,4.735200121669032
34629,1.0379451412717975
34630,5.304116199843274
34631,5.6271305815266475
34632,1.3723725543640681
34633,5.195032796433299
34634,9.207049628128512
34635,5.034996272245519
34636,6.230553717491867
34637,1.686518707539336
34638,6.031707433869862
34639,6.74543036447194
34640,9.432196262880485
34641,8.7637723620028
34642,4.5547167355849565
34643,8.094819883000177
34644,2.11686874332158
34645,8.736061042308108
34646,0.8084176889517439
34647,1.2330593809708665
34648,7.557821388529276
34649,3.4361710212719965
34650,5.722279874191964
34651,3.3559782482482756
34652,7.843623119487521
34653,1.1909309986352032
34654,5.239773420820865
34655,5.454857515061142
34656,1.313500456280829
34657,4.185769469608758
34658,1.5003711909239208
34659,9.842974821504562
34660,7.018493380771887
34661,5.332577969482271
34662,6.76404991793387
34663,3.560202146265853
34664,1.2454113606768817
34665,3.7276181212574357
34666,2.4392816963347874
34667,9.549172211870236
34668,6.143332923247015
34669,1.395330616018057
34670,6.793180702303255
34671,6.160535884292003
34672,1.6295122708856535
34673,0.9228690405390141
34674,8.6911118646704
34675,3.381996007742168
34676,3.394608513585933
34677,6.53996732563096
34678,7.411540469289918
34679,6.5592010408780235
34680,5.382427262783527
34681,8.014651063762736
34682,9.786605343160788
34683,9.507426352614948
34684,7.56516072814768
34685,8.79693334164321
34686,7.743489498927917
34687,8.151037988973151
34688,9.657102546678013
34689,7.137535962800727
34690,6.827870470951009
34691,0.9306202294827107
34692,8.911683462261074
34693,8.39068838944533
34694,0.7405344973825289
34695,9.412550663551942
34696,4.797358082369792
34697,6.605730968480273
34698,8.260377998514178
34699,7.706838458368575
34700,3.697372219398463
34701,0.9942441251761817
34702,5.92273461621996
34703,4.7931104006377305
34704,5.778809326449759
34705,0.43293997518262384
34706,0.48548807680087924
34707,8.46085270191778
34708,2.5059808356383453
34709,8.343950417417151
34710,4.7181527466452655
34711,4.757068325062932
34712,8.412527752736715
34713,3.6083171441457274
34714,0.5048700743342933
34715,9.018662299941726
34716,0.2707817781198204
34717,7.781114280007596
34718,2.6385106810458865
34719,6.7047712148540155
34720,0.8709119726892636
34721,5.8847202619369074
34722,3.5163303396160783
34723,5.9538692158248505
34724,1.6118832912201233
34725,7.916659056554709
34726,4.9530601450130005
34727,5.3131054934742625
34728,3.2175543082926885
34729,2.1625206753384543
34730,5.207099329786426
34731,4.9243331330220785
34732,0.19341037635229877
34733,9.682061380956194
34734,3.205339753825133
34735,6.5663352098331105
34736,0.3411914020430724
34737,2.334467346068303
34738,5.38497498853649
34739,3.2542569512714796
34740,5.521058589499833
34741,7.794292791888278
34742,3.3729108648167405
34743,5.04737184676961
34744,4.354876278515228
34745,4.350388714445756
34746,3.7924201715602877
34747,7.268117187490356
34748,4.344734853781168
34749,9.80262518207215
34750,8.993032478629116
34751,7.7065643541886555
34752,0.7177039632941425
34753,0.6984726756852985
34754,4.442167099708375
34755,5.874283427423716
34756,5.807138938021664
34757,3.4923801929980938
34758,3.5596455398370987
34759,6.753503612281063
34760,2.0659591492258262
34761,5.200830799295872
34762,7.1178682284992165
34763,7.3372846407322285
34764,3.450843583342944
34765,5.820252067973725
34766,1.955141204435757
34767,5.09490018211177
34768,7.666387960525957
34769,5.566692536070961
34770,3.61510575891423
34771,6.472561239007477
34772,4.6645149526652006
34773,5.177549132129697
34774,4.6519719771740045
34775,0.5091449891168133
34776,6.989286083106301
34777,2.4784173724151923
34778,9.365122221815195
34779,2.5943510561008285
34780,7.036116472035523
34781,3.6129707243634805
34782,4.057081415437364
34783,8.219679005734793
34784,7.024644452497874
34785,2.2878041583581856
34786,9.174041625119136
34787,1.3969554645939088
34788,8.027739948429275
34789,5.556163403380579
34790,5.910063181886149
34791,6.579673280570163
34792,6.398580204967786
34793,7.533491840450396
34794,4.637805715231266
34795,5.125278698268885
34796,5.925141170911498
34797,6.145576942633133
34798,2.7032405536741275
34799,9.724659099340652
34800,1.5779509481023157
34801,7.55448002503861
34802,3.0647753023517463
34803,5.454693650416763
34804,3.529001860212596
34805,6.573660189720584
34806,8.179617806648734
34807,3.0598707421400606
34808,4.386931032190942
34809,5.243587750954538
34810,0.4125356652680705
34811,5.312133265314531
34812,6.81402935296461
34813,4.612831500744123
34814,2.812574035973734
34815,7.782858209515773
34816,6.311724184762093
34817,3.772201811999537
34818,3.539724408614614
34819,1.308272995715572
34820,3.2317817864265765
34821,4.073216698600447
34822,5.015144881857795
34823,9.493490368733779
34824,4.460939150485705
34825,8.114246670129075
34826,1.1392959903134088
34827,1.7277713715871599
34828,2.0820366316402685
34829,3.0974856899493868
34830,4.747424129010468
34831,4.478535981470155
34832,1.4304897674472656
34833,9.758720563024745
34834,5.450915610570902
34835,3.0762929910117776
34836,7.21753912912242
34837,0.15216640088584646
34838,0.49322442637109787
34839,9.616873855159277
34840,5.985153173648659
34841,2.204888227216294
34842,2.728496821680719
34843,9.349526779254742
34844,0.6161451536820269
34845,8.92639491795299
34846,6.969953832370202
34847,1.0081141838366665
34848,0.9187335406329241
34849,1.1543219209460716
34850,1.2828104009018004
34851,5.431357571648109
34852,7.095901618203939
34853,2.9037790941135664
34854,5.182903098414132
34855,3.6145225069226816
34856,1.7055628985545956
34857,1.4452997315116565
34858,1.5882772153138875
34859,6.4816495407662265
34860,6.64579033308487
34861,4.83935957210775
34862,8.662200927616018
34863,1.800166368495395
34864,5.815135103610145
34865,2.07067089337011
34866,4.403338823413156
34867,7.69396143582603
34868,8.687483818987154
34869,7.544009939728876
34870,7.117033590894529
34871,6.688468267156328
34872,3.234406561652408
34873,7.429075831181501
34874,8.864378316261208
34875,1.6081700391928706
34876,4.418630247614409
34877,7.779745198946059
34878,7.087791542940166
34879,7.710542267498839
34880,9.616277466799984
34881,0.9149389773544265
34882,4.56096252899722
34883,9.255186474537346
34884,2.918488538499199
34885,2.1226672631856043
34886,7.018155593671414
34887,1.3198662358575368
34888,8.861047599033782
34889,9.895809707850583
34890,7.224185039149529
34891,6.80433629665765
34892,6.36490588441151
34893,9.22332239487431
34894,8.174459883186659
34895,3.5803504891740343
34896,0.3557642621488264
34897,3.189836157608725
34898,7.230776850587063
34899,3.8711308619585045
34900,6.802326930683514
34901,7.596102473582061
34902,8.964956369062758
34903,2.8446060824737383
34904,6.08478576649569
34905,6.2289712489478415
34906,5.103319805373799
34907,8.780323709088165
34908,6.945864157031395
34909,3.9703990068380794
34910,5.344839978428475
34911,8.107114065013137
34912,3.534306045838089
34913,2.7653225882865473
34914,7.283647256736363
34915,3.6445375382163148
34916,8.86282214033612
34917,4.618642222259281
34918,9.466470529859162
34919,5.135961272479083
34920,2.3894330306859066
34921,7.692349234505066
34922,1.9880232008131653
34923,6.9167563080202
34924,1.1276262127159533
34925,5.661656564776143
34926,0.16208464986996501
34927,2.784476248576308
34928,1.7640752172193113
34929,5.929758948982199
34930,3.9546102036027513
34931,6.624483005849065
34932,9.984386831744908
34933,4.603659101977226
34934,3.2542076267222635
34935,3.466897768558859
34936,4.358712571758358
34937,9.987273804481879
34938,7.359307531155232
34939,5.0272288276953585
34940,4.714390359443153
34941,2.4089117710443704
34942,5.614163667379849
34943,9.347324984331353
34944,2.0553251316578103
34945,3.959101972516185
34946,6.66783127291522
34947,8.621690754580928
34948,5.54955545177876
34949,5.252342332742377
34950,7.915509415556054
34951,7.469498835144198
34952,6.890622644723736
34953,7.715262822982141
34954,5.285832184182673
34955,6.203896701197503
34956,9.691178989226147
34957,2.447445885331241
34958,3.3488047241735965
34959,7.092785514457739
34960,0.12133598398864176
34961,8.702170995056811
34962,3.526008579789714
34963,0.9645371717046718
34964,0.8876273591305917
34965,8.22304148552325
34966,6.804612579272668
34967,7.909762946618588
34968,5.485506883394919
34969,5.777418055097767
34970,4.116257762818356
34971,6.7270202887715165
34972,5.895897159650067
34973,5.444950149540668
34974,1.3387825584183222
34975,8.984235553928695
34976,6.652884301639171
34977,7.553399612006785
34978,5.459755678411148
34979,2.08110937370397
34980,4.677408716858655
34981,8.380733918319871
34982,3.7606266503222354
34983,9.740745933444515
34984,8.82550446745187
34985,2.8448993525392834
34986,7.089705088699736
34987,7.611806708659183
34988,9.940347678479164
34989,8.911845130076545
34990,3.6510139098682854
34991,0.7875622534706308
34992,2.07804234693166
34993,3.420890511034572
34994,4.85742426348773
34995,2.3781932143874958
34996,7.115540283648944
34997,1.6401974691468446
34998,6.980336419022504
34999,6.43434664679159
35000,3.6672888293539323
35001,2.6541495174541607
35002,8.844841253091591
35003,3.100973242254307
35004,4.984850193393714
35005,0.6440903454174998
35006,2.8195050454502737
35007,4.704663563792473
35008,1.3937345358179758
35009,7.2591151983643485
35010,9.231959383939563
35011,6.843722941196259
35012,5.901665793587717
35013,5.191380140831973
35014,9.646002143398524
35015,3.4241033611276968
35016,7.9458834211283795
35017,3.777899261024842
35018,0.7827526256879009
35019,5.9408500452019295
35020,5.211772316853566
35021,0.6208187023920574
35022,3.7913162513097336
35023,8.378839979145761
35024,8.669867747363512
35025,4.00874462018102
35026,3.7218865311454516
35027,2.112537773287342
35028,1.224329682471185
35029,7.6261567710630045
35030,8.404925043658086
35031,7.725477430599304
35032,5.983063662361654
35033,9.00457288501154
35034,0.7300281759554701
35035,5.9176814335350105
35036,7.2931212841109465
35037,2.3468474338421457
35038,1.7277413547413303
35039,3.21412109642795
35040,7.075590111634204
35041,7.06140547806744
35042,7.683721273448923
35043,8.265703777186943
35044,0.5054681752017544
35045,6.150292902413537
35046,4.023429424387218
35047,6.15418428083359
35048,3.7222525474420016
35049,7.712954295677296
35050,8.2094306257747
35051,4.802070281444933
35052,9.93648889758339
35053,2.3402717242910516
35054,3.0961353835541385
35055,2.6288421330204694
35056,6.416575637065319
35057,0.631875877262524
35058,3.261677132510323
35059,4.183955952685675
35060,4.741123908034521
35061,9.3237877610848
35062,4.722658206809483
35063,2.324843758475909
35064,8.075123785916494
35065,7.834120408057584
35066,1.8958438936185886
35067,8.77871725344806
35068,9.91352033265163
35069,1.626477065583754
35070,3.792276893175156
35071,3.0752161005634555
35072,7.46644576212236
35073,1.144410541241419
35074,2.479898931217884
35075,1.903871593480195
35076,4.426028419881266
35077,0.17397135084737686
35078,9.598338538953103
35079,9.380983069642234
35080,1.7003414782096282
35081,5.727248760954279
35082,2.7568253507729064
35083,9.798285645015968
35084,4.249029594584889
35085,8.964789145812457
35086,3.346248046339639
35087,9.179573226145637
35088,9.89937650905826
35089,9.358616672841558
35090,0.9764700382590193
35091,5.48749827146525
35092,3.0085758737749657
35093,1.8191191048219253
35094,6.054416682680319
35095,5.8425538092752864
35096,2.1494908195276405
35097,9.804048639913244
35098,3.901440070660896
35099,6.532771132020486
35100,5.185491188626846
35101,6.455998477513375
35102,1.6026925359142659
35103,0.971378199427076
35104,8.876942344426556
35105,9.380972055412075
35106,9.956980701155222
35107,6.800608846765946
35108,1.8989600002151812
35109,2.9236410157682795
35110,3.633700302569299
35111,8.650147154367268
35112,8.140711857657852
35113,0.6249308886086906
35114,5.152352938022606
35115,0.2921981167032691
35116,8.89812200423011
35117,0.20645110513226722
35118,9.203707563022549
35119,3.2594009405224202
35120,6.182084229029468
35121,6.98936512548978
35122,4.96111660678906
35123,2.1998178845599843
35124,7.419074466871721
35125,0.38959967089169656
35126,4.463439726600739
35127,7.819745959690459
35128,0.6398421513683223
35129,7.13167436319294
35130,1.5035904836036162
35131,6.240243334581999
35132,8.775194078537215
35133,7.24191368646846
35134,2.69989845775552
35135,2.9594909885264378
35136,6.945595736566115
35137,5.931693613728765
35138,2.995287344894034
35139,4.719206605435758
35140,0.2869955897400035
35141,7.372601089883027
35142,3.3223607360829477
35143,8.424481379576964
35144,4.544501796004466
35145,6.911992640883025
35146,9.186945897670867
35147,7.0825966257187165
35148,5.717379677581533
35149,4.953974843123683
35150,2.1487764530514015
35151,8.32198660040017
35152,6.712517935280709
35153,3.3922588348485623
35154,4.474901517543857
35155,3.7322183984018458
35156,6.072681662831357
35157,8.383710434852294
35158,2.8109183472175103
35159,1.0096442107395127
35160,7.555795198640681
35161,2.171453087938015
35162,0.9111593228586707
35163,5.777628499878198
35164,1.738627676021562
35165,0.16378149713781498
35166,5.108449156892582
35167,7.820430730061978
35168,3.1985063407249186
35169,7.806341455992209
35170,8.347118533029617
35171,0.4898013658264573
35172,8.79667362999913
35173,2.1137375075362312
35174,4.272596728724244
35175,5.998251796123723
35176,5.2954736009881005
35177,8.87840929967823
35178,6.46217077830865
35179,2.335420701626228
35180,5.5795390160219815
35181,0.27064626051584906
35182,0.21242552488816274
35183,3.0955966006156403
35184,1.2662404173695883
35185,6.271298448665377
35186,9.097766707338126
35187,2.142120148178912
35188,8.201935408813672
35189,9.26594967302864
35190,5.1174718220912725
35191,9.85629769964366
35192,0.8787926653117891
35193,3.650982781726686
35194,7.751410023742982
35195,2.728813767285563
35196,3.622267892030286
35197,8.845237837618534
35198,2.2018877342686167
35199,9.521224124897996
35200,8.462239148053152
35201,3.210306473629482
35202,6.41253382529295
35203,4.440066165074806
35204,5.770875105104661
35205,1.058027090265936
35206,4.201970998728936
35207,7.7761459004493885
35208,9.02967169259324
35209,4.733275786713895
35210,8.30334422861527
35211,7.761882436367687
35212,6.383400336747835
35213,1.4710942051644935
35214,2.2605570588989314
35215,4.044006001104331
35216,1.4169828881412705
35217,3.678130444898943
35218,7.778678195366119
35219,1.7998474011619983
35220,2.8752186611273594
35221,0.7000905442170247
35222,7.888840806845256
35223,1.110342881975255
35224,4.14356115417204
35225,5.997841691659582
35226,1.948349510246289
35227,9.966738496100366
35228,2.4380598977921424
35229,7.76181219708008
35230,2.6892275865367554
35231,6.407612306108253
35232,0.17519576529016267
35233,0.6742629799653223
35234,9.201224863456776
35235,7.172614614394846
35236,1.3826196088001148
35237,7.108996917861169
35238,9.050784879332257
35239,2.0517756296527776
35240,3.5238267118417093
35241,2.9128200157525015
35242,5.169418883733172
35243,3.92634295247977
35244,5.279084963145631
35245,6.349429685012471
35246,0.4076363565654012
35247,0.46594454215840264
35248,4.35054886281781
35249,2.5422460274687704
35250,0.6139391999884698
35251,6.159428288030098
35252,4.4547128053090015
35253,5.762891900946789
35254,4.854902044711984
35255,2.8549459532303403
35256,3.519960322223609
35257,6.685374416127034
35258,2.9043147118813457
35259,6.567922935336215
35260,3.892218718687385
35261,4.155048842816971
35262,5.706780078866714
35263,3.4863110071535575
35264,6.7401739950716255
35265,5.850568573750874
35266,2.395029689806494
35267,6.891256286885561
35268,1.7922850434106148
35269,2.2593859555640377
35270,3.1305365792565976
35271,2.3255515214493303
35272,5.158697510995048
35273,2.4222840750057073
35274,9.223925097513703
35275,5.795530032902416
35276,5.865677432126452
35277,2.5386688962907313
35278,2.8482517947459636
35279,7.373613149025893
35280,8.059066382215208
35281,3.6705413530908033
35282,9.901657876077257
35283,8.45374129123694
35284,7.661044927236622
35285,3.813510462065059
35286,8.055206946038824
35287,5.681917753615705
35288,4.465960179871441
35289,0.1030759679626452
35290,4.700533193229386
35291,2.437142901181468
35292,3.085845797395583
35293,7.956647921193246
35294,6.872832227430109
35295,3.9534115547367206
35296,7.642294568574096
35297,9.196723260683584
35298,6.601482331365013
35299,3.5644412491569546
35300,5.98556189772442
35301,6.916647780326035
35302,5.017817553813425
35303,7.426357021920899
35304,7.1142672124908
35305,4.608451227719672
35306,2.0833275548146175
35307,3.344266360345823
35308,1.2204474392037614
35309,8.853767236591903
35310,9.55074880893698
35311,5.745590209672955
35312,1.521822341236044
35313,9.992976395952013
35314,7.39060104488408
35315,3.193433877903841
35316,8.570896768927065
35317,1.7045866906273175
35318,6.392062096398526
35319,0.13824601621719376
35320,8.196437004216387
35321,6.568847369072879
35322,0.3639531215234145
35323,2.097538872071652
35324,4.093098729339811
35325,7.628903530979794
35326,8.064633395307363
35327,0.7539922003580604
35328,9.941312406327752
35329,7.892908599892183
35330,5.080210373499945
35331,2.5909038924102012
35332,1.2958420342305217
35333,9.508453292535822
35334,5.473587731017248
35335,3.5006678314120614
35336,1.235621964374705
35337,4.865001948549255
35338,5.520307963804775
35339,8.339590497153399
35340,8.088708371190114
35341,4.954786816695524
35342,4.6289923714299634
35343,5.616385751570223
35344,1.278146887464297
35345,2.08539839425874
35346,8.699063820893148
35347,0.9877855022561058
35348,7.510166134412084
35349,6.402355725243378
35350,2.7954814945613466
35351,5.269831320480385
35352,5.703097814377013
35353,7.709550512600847
35354,7.202844722279466
35355,4.526341169743054
35356,4.054323857286091
35357,4.98997337079028
35358,3.726200880125107
35359,1.5209376704599717
35360,9.405341639328292
35361,3.2583992930973285
35362,5.136122942877652
35363,2.66477764163675
35364,9.717428920075983
35365,4.5324279801959175
35366,3.125708830284148
35367,3.381853990724787
35368,5.215767491873667
35369,0.8315246854642808
35370,2.4918315278389427
35371,7.8810751742794585
35372,4.9989620557974686
35373,8.868153303964194
35374,7.972065844081476
35375,4.154556523700808
35376,6.724373291417682
35377,3.7438110233327118
35378,4.968497006761228
35379,7.137687198870904
35380,7.754901770148614
35381,3.3046778993068338
35382,0.31148601697431433
35383,8.669848336584018
35384,4.629055349587198
35385,6.318599436197545
35386,4.099495455265947
35387,5.860360314937161
35388,6.359619166845401
35389,0.24653212472306502
35390,6.016155794527941
35391,0.1974383134245304
35392,9.145935869417347
35393,7.965268199754336
35394,9.17194302687731
35395,7.242102761052608
35396,1.6319552508462116
35397,4.905822000253218
35398,3.7729352675306345
35399,9.186695365384667
35400,5.301718902027263
35401,4.872431213834295
35402,5.2177997107284195
35403,6.180074029616698
35404,0.5373789712047604
35405,7.606339912093054
35406,7.960825938155549
35407,1.675377666855342
35408,3.5152873231132307
35409,8.646693006157069
35410,4.17976780645827
35411,4.29867054352893
35412,4.921989349649677
35413,7.056086557679137
35414,8.05919869273031
35415,3.0583855980108376
35416,3.4350026981123576
35417,5.3342114876445095
35418,9.533446746159683
35419,2.1006368864831617
35420,1.426400779796989
35421,5.679847544891007
35422,2.5654897921349025
35423,8.564185431132382
35424,9.88701132587534
35425,0.7236219230734595
35426,1.4364273949960613
35427,0.6307736253454707
35428,1.7501464177692512
35429,6.29997787139083
