episode,reward,length,is_success,avg_reward_100,std_reward_100,success_rate_100,episode_time_s,cumulative_time_s
1,-2.8067,50,0,-2.8067,0.0,0.0,0.1008,0.1
2,-4.513,50,0,-3.6599,0.8531,0.0,0.1097,0.21
3,-3.8734,50,0,-3.731,0.7038,0.0,0.126,0.34
4,-0.0277,1,1,-2.8052,1.7155,0.25,0.0018,0.34
5,-3.5335,50,0,-2.9509,1.5618,0.2,0.0828,0.42
6,-0.4753,9,1,-2.5383,1.6982,0.3333,0.0142,0.44
7,-3.5315,50,0,-2.6802,1.6102,0.2857,0.0916,0.53
8,-4.9244,50,0,-2.9607,1.6791,0.25,0.0955,0.62
9,-4.1765,50,0,-3.0958,1.6286,0.2222,0.1183,0.74
10,-5.7239,50,0,-3.3586,1.7345,0.2,0.1162,0.86
11,-5.2787,50,0,-3.5331,1.7435,0.1818,0.1107,0.97
12,-0.0266,1,1,-3.2409,1.9302,0.25,0.0028,0.97
13,-8.0377,50,0,-3.6099,2.2523,0.2308,0.0899,1.06
14,-0.0362,1,1,-3.3546,2.3575,0.2857,0.0031,1.06
15,-1.0915,20,1,-3.2038,2.3465,0.3333,0.053,1.12
16,-5.846,50,0,-3.3689,2.3602,0.3125,0.102,1.22
17,-4.0377,50,0,-3.4083,2.2952,0.2941,0.1091,1.33
18,-5.7013,50,0,-3.5356,2.2915,0.2778,0.0822,1.41
19,-3.4765,50,0,-3.5325,2.2304,0.2632,0.0999,1.51
20,-3.668,50,0,-3.5393,2.1742,0.25,0.0967,1.61
21,-0.0342,1,1,-3.3724,2.2492,0.2857,0.0019,1.61
22,-2.9726,50,0,-3.3542,2.1991,0.2727,0.0914,1.7
23,-0.041,1,1,-3.2102,2.2544,0.3043,0.0022,1.7
24,-2.9241,50,0,-3.1982,2.2077,0.2917,0.1124,1.81
25,-4.4234,50,0,-3.2473,2.1764,0.28,0.0987,1.91
26,-6.2906,50,0,-3.3643,2.2129,0.2692,0.1034,2.02
27,-2.8951,50,0,-3.3469,2.1733,0.2593,0.0988,2.12
28,-10.5958,50,0,-3.6058,2.5228,0.25,0.1068,2.22
29,-6.293,50,0,-3.6985,2.5269,0.2414,0.1254,2.35
30,-3.4244,50,0,-3.6893,2.4849,0.2333,0.1008,2.45
31,-3.9901,50,0,-3.699,2.4451,0.2258,0.0936,2.54
32,-0.0463,1,1,-3.5849,2.4891,0.25,0.0023,2.54
33,-4.3494,50,0,-3.6081,2.4546,0.2424,0.0982,2.64
34,-6.1669,50,0,-3.6833,2.4566,0.2353,0.0934,2.74
35,-5.2429,50,0,-3.7279,2.4351,0.2286,0.1023,2.84
36,-0.0446,1,1,-3.6256,2.4762,0.25,0.0019,2.84
37,-14.2545,50,0,-3.9128,2.9894,0.2432,0.0919,2.93
38,-7.7259,50,0,-4.0132,3.0123,0.2368,0.1075,3.04
39,-7.3555,50,0,-4.0989,3.02,0.2308,0.1019,3.14
40,-0.046,1,1,-3.9976,3.0484,0.25,0.0035,3.14
41,-0.0344,1,1,-3.9009,3.0724,0.2683,0.0033,3.15
42,-5.0371,50,0,-3.9279,3.0406,0.2619,0.101,3.25
43,-3.94,50,0,-3.9282,3.005,0.2558,0.0891,3.34
44,-12.3737,50,0,-4.1202,3.2263,0.25,0.1172,3.46
45,-0.0347,1,1,-4.0294,3.2466,0.2667,0.0023,3.46
46,-6.6178,50,0,-4.0856,3.2332,0.2609,0.1001,3.56
47,-5.0405,50,0,-4.106,3.2016,0.2553,0.1099,3.67
48,-4.375,50,0,-4.1116,3.1683,0.25,0.0899,3.76
49,-0.0469,1,1,-4.0286,3.1881,0.2653,0.0023,3.76
50,-0.0129,1,1,-3.9483,3.2057,0.28,0.0021,3.76
51,-5.1343,50,0,-3.9716,3.1784,0.2745,0.1216,3.88
52,-3.9516,50,0,-3.9712,3.1477,0.2692,0.0861,3.97
53,-2.7073,50,0,-3.9473,3.1226,0.2642,0.0802,4.05
54,-4.7543,50,0,-3.9623,3.0954,0.2593,0.1126,4.16
55,-5.3558,50,0,-3.9876,3.0728,0.2545,1.0221,5.18
56,-3.5419,50,0,-3.9796,3.0458,0.25,0.1034,5.29
57,-7.3551,50,0,-4.0389,3.0513,0.2456,0.1019,5.39
58,-0.0489,1,1,-3.9701,3.0692,0.2586,0.0018,5.39
59,-5.6536,50,0,-3.9986,3.0508,0.2542,0.1025,5.49
60,-6.2932,50,0,-4.0369,3.0395,0.25,0.1095,5.6
61,-8.439,50,0,-4.109,3.0659,0.2459,0.1098,5.71
62,-3.2843,50,0,-4.0957,3.0428,0.2419,0.0914,5.8
63,-4.2478,50,0,-4.0981,3.0186,0.2381,0.0994,5.9
64,-4.9725,50,0,-4.1118,2.9969,0.2344,0.0938,6.0
65,-5.0191,50,0,-4.1258,2.9759,0.2308,0.1066,6.1
66,-3.3581,50,0,-4.1141,2.9547,0.2273,0.1008,6.21
67,-3.5797,50,0,-4.1061,2.9333,0.2239,0.1233,6.33
68,-4.7183,50,0,-4.1151,2.9126,0.2206,0.0895,6.42
69,-5.5606,50,0,-4.1361,2.8966,0.2174,0.0916,6.51
70,-4.1803,50,0,-4.1367,2.8758,0.2143,0.1002,6.61
71,-0.0421,1,1,-4.0791,2.896,0.2254,0.003,6.61
72,-4.1925,50,0,-4.0806,2.8758,0.2222,0.122,6.73
73,-5.2682,50,0,-4.0969,2.8594,0.2192,0.0951,6.83
74,-0.0448,1,1,-4.0421,2.8783,0.2297,0.0018,6.83
75,-4.8403,50,0,-4.0528,2.8605,0.2267,0.1004,6.93
76,-6.3735,50,0,-4.0833,2.8539,0.2237,0.1063,7.04
77,-4.1626,50,0,-4.0843,2.8353,0.2208,0.1046,7.14
78,-4.7329,50,0,-4.0927,2.818,0.2179,0.1038,7.25
79,-5.2913,50,0,-4.1078,2.8033,0.2152,0.101,7.35
80,-5.6001,50,0,-4.1265,2.7907,0.2125,0.0916,7.44
81,-4.4337,50,0,-4.1303,2.7736,0.2099,0.1027,7.54
82,-0.0221,1,1,-4.0802,2.7933,0.2195,0.002,7.54
83,-0.027,1,1,-4.0313,2.8114,0.2289,0.0015,7.55
84,-0.0338,1,1,-3.9838,2.8281,0.2381,0.0016,7.55
85,-2.5635,50,0,-3.967,2.8155,0.2353,0.0917,7.64
86,-4.0094,50,0,-3.9675,2.7991,0.2326,0.1099,7.75
87,-7.9441,50,0,-4.0132,2.8151,0.2299,0.0952,7.84
88,-3.76,50,0,-4.0104,2.7992,0.2273,0.0813,7.93
89,-5.3772,50,0,-4.0257,2.7871,0.2247,0.0945,8.02
90,-5.1761,50,0,-4.0385,2.7742,0.2222,0.1309,8.15
91,-5.5091,50,0,-4.0547,2.7632,0.2198,0.1105,8.26
92,-0.0405,1,1,-4.011,2.7795,0.2283,0.0033,8.26
93,-0.0364,1,1,-3.9683,2.7947,0.2366,0.0026,8.27
94,-5.7595,50,0,-3.9874,2.7859,0.234,0.1042,8.37
95,-0.5355,8,1,-3.951,2.7935,0.2421,0.0216,8.39
96,-4.5864,50,0,-3.9576,2.7796,0.2396,0.0889,8.48
97,-9.2335,50,0,-4.012,2.8162,0.2371,0.0975,8.58
98,-6.1713,50,0,-4.0341,2.8102,0.2347,0.1048,8.68
99,-5.2921,50,0,-4.0468,2.7988,0.2323,0.112,8.8
100,-4.117,50,0,-4.0475,2.7847,0.23,0.0972,8.89
101,-4.5981,50,0,-4.0654,2.7825,0.23,0.119,9.01
102,-3.5788,50,0,-4.056,2.7825,0.23,0.0798,9.09
103,-0.0362,1,1,-4.0177,2.8111,0.24,0.0021,9.09
104,-3.6091,50,0,-4.0535,2.7827,0.23,0.099,9.19
105,-2.9834,50,0,-4.048,2.7842,0.23,0.9955,10.19
106,-0.0421,1,1,-4.0437,2.7901,0.23,0.0023,10.19
107,-4.927,50,0,-4.0576,2.791,0.23,0.1138,10.3
108,-0.0345,1,1,-4.0087,2.8181,0.24,0.0042,10.31
109,-3.8063,50,0,-4.005,2.8181,0.24,0.0986,10.41
110,-0.0274,1,1,-3.948,2.8403,0.25,0.0025,10.41
111,-3.7916,50,0,-3.9332,2.8372,0.25,0.0924,10.5
112,-5.1529,50,0,-3.9844,2.8123,0.24,0.107,10.61
113,-4.6335,50,0,-3.9504,2.7835,0.24,0.105,10.71
114,-5.6711,50,0,-4.0067,2.7607,0.23,0.109,10.82
115,-3.1532,50,0,-4.0274,2.7465,0.22,0.1073,10.93
116,-5.3474,50,0,-4.0224,2.7436,0.22,0.0954,11.03
117,-4.1491,50,0,-4.0235,2.7436,0.22,0.1125,11.14
118,-3.3493,50,0,-4.0,2.7392,0.22,0.1073,11.25
119,-0.0082,1,1,-3.9653,2.7675,0.23,0.002,11.25
120,-2.9926,50,0,-3.9585,2.769,0.23,0.0859,11.33
121,-5.7495,50,0,-4.0157,2.7463,0.22,0.0894,11.42
122,-4.4137,50,0,-4.0301,2.7446,0.22,0.109,11.53
123,-3.233,50,0,-4.062,2.7164,0.21,0.098,11.63
124,-4.7712,50,0,-4.0805,2.7149,0.21,0.0893,11.72
125,-0.046,1,1,-4.0367,2.7441,0.22,0.0017,11.72
126,-5.6058,50,0,-4.0299,2.7394,0.22,0.117,11.84
127,-2.5759,50,0,-4.0267,2.7409,0.22,0.0992,11.94
128,-5.1832,50,0,-3.9725,2.6629,0.22,0.1008,12.04
129,-5.0183,50,0,-3.9598,2.6548,0.22,0.0906,12.13
130,-5.9088,50,0,-3.9846,2.6613,0.22,0.094,12.22
131,-7.7621,50,0,-4.0224,2.6877,0.22,0.081,12.3
132,-5.2205,50,0,-4.0741,2.6604,0.21,0.0956,12.4
133,-3.8416,50,0,-4.069,2.6603,0.21,0.1028,12.5
134,-0.0413,1,1,-4.0078,2.6817,0.22,0.0018,12.5
135,-4.8035,50,0,-4.0034,2.6801,0.22,0.1101,12.61
136,-3.2304,50,0,-4.0352,2.6516,0.21,0.0957,12.71
137,-6.3561,50,0,-3.9562,2.4565,0.21,0.0947,12.8
138,-4.3615,50,0,-3.9226,2.4275,0.21,0.0863,12.89
139,-5.3772,50,0,-3.9028,2.4074,0.21,0.0955,12.99
140,-4.097,50,0,-3.9433,2.3761,0.2,0.1099,13.1
141,-4.8946,50,0,-3.9919,2.3451,0.19,0.0758,13.17
142,-4.6057,50,0,-3.9876,2.3436,0.19,0.1044,13.28
143,-4.3643,50,0,-3.9919,2.3439,0.19,0.0921,13.37
144,-5.2297,50,0,-3.9204,2.1912,0.19,0.102,13.47
145,-3.9167,50,0,-3.9592,2.1561,0.18,0.1031,13.57
146,-4.7921,50,0,-3.941,2.1412,0.18,0.0898,13.66
147,-2.7752,50,0,-3.9183,2.1414,0.18,0.0929,13.76
148,-13.1154,50,0,-4.0057,2.3285,0.18,0.0981,13.85
149,-1.4756,24,1,-4.02,2.3085,0.18,0.0534,13.91
150,-4.593,50,0,-4.0658,2.2737,0.17,0.0762,13.98
151,-5.9746,50,0,-4.0742,2.2792,0.17,0.089,14.07
152,-9.2578,50,0,-4.1273,2.3367,0.17,0.1056,14.18
153,-4.818,50,0,-4.1484,2.3333,0.17,1.0409,15.22
154,-0.0309,1,1,-4.1012,2.3681,0.18,0.0031,15.22
155,-4.8821,50,0,-4.0964,2.3661,0.18,0.1098,15.33
156,-0.0499,1,1,-4.0615,2.3996,0.19,0.0029,15.34
157,-3.5164,50,0,-4.0231,2.3772,0.19,0.0794,15.41
158,-3.8172,50,0,-4.0608,2.3435,0.18,0.0766,15.49
159,-2.9563,50,0,-4.0338,2.3405,0.18,0.0841,15.58
160,-0.0349,1,1,-3.9712,2.3628,0.19,0.0017,15.58
161,-28.0814,50,0,-4.1677,3.3403,0.19,0.0884,15.67
162,-4.9866,50,0,-4.1847,3.3401,0.19,0.1011,15.77
163,-2.7564,50,0,-4.1698,3.3431,0.19,0.092,15.86
164,-0.0425,1,1,-4.1205,3.3672,0.2,0.0024,15.86
165,-0.0478,1,1,-4.0708,3.3902,0.21,0.0023,15.86
166,-0.0169,1,1,-4.0373,3.4134,0.22,0.0021,15.87
167,-0.028,1,1,-4.0018,3.4364,0.23,0.0021,15.87
168,-5.7145,50,0,-4.0118,3.4399,0.23,0.101,15.97
169,-3.0054,50,0,-3.9862,3.4378,0.23,0.1074,16.08
170,-3.375,50,0,-3.9782,3.4383,0.23,0.1087,16.18
171,-5.4776,50,0,-4.0325,3.4185,0.22,0.1215,16.31
172,-2.7519,50,0,-4.0181,3.4209,0.22,0.0799,16.39
173,-3.0587,50,0,-3.996,3.4199,0.22,0.1007,16.49
174,-4.838,50,0,-4.044,3.3977,0.21,0.0891,16.58
175,-3.2892,50,0,-4.0285,3.3975,0.21,0.1102,16.69
176,-4.761,50,0,-4.0123,3.3902,0.21,0.1003,16.79
177,-3.3141,50,0,-4.0039,3.3909,0.21,0.0822,16.87
178,-0.0468,1,1,-3.957,3.4128,0.22,0.0018,16.87
179,-5.6923,50,0,-3.961,3.4146,0.22,0.0924,16.96
180,-9.1155,50,0,-3.9962,3.4492,0.22,0.0931,17.06
181,-4.9247,50,0,-4.0011,3.4501,0.22,0.0984,17.15
182,-6.0734,50,0,-4.0616,3.4329,0.21,0.1056,17.26
183,-4.3364,50,0,-4.1047,3.4089,0.2,0.0904,17.35
184,-0.0146,1,1,-4.1045,3.4091,0.2,0.0025,17.35
185,-5.1724,50,0,-4.1306,3.4072,0.2,0.0959,17.45
186,-3.3852,50,0,-4.1243,3.408,0.2,0.0913,17.54
187,-0.0173,1,1,-4.0451,3.4104,0.21,0.0028,17.54
188,-4.2871,50,0,-4.0503,3.4104,0.21,0.1005,17.64
189,-0.0453,1,1,-3.997,3.4308,0.22,0.0023,17.65
190,-4.6159,50,0,-3.9914,3.4294,0.22,0.0858,17.73
191,-6.8142,50,0,-4.0045,3.4376,0.22,0.0986,17.83
192,-4.4274,50,0,-4.0483,3.4146,0.21,0.1111,17.94
193,-4.189,50,0,-4.0899,3.3908,0.2,0.0972,18.04
194,-0.0319,1,1,-4.0326,3.4104,0.21,0.0034,18.04
195,-4.0771,50,0,-4.068,3.3922,0.2,0.1004,18.14
196,-3.4807,50,0,-4.0569,3.3923,0.2,0.1044,18.25
197,-5.6652,50,0,-4.0213,3.3563,0.2,0.0957,18.34
198,-0.0399,1,1,-3.9599,3.3724,0.21,0.0029,18.35
199,-5.4044,50,0,-3.9611,3.3729,0.21,0.1083,18.45
200,-5.0,50,0,-3.9699,3.3744,0.21,0.092,18.55
201,-26.0145,50,0,-4.1841,4.0245,0.21,0.1075,18.65
202,-5.1315,50,0,-4.1996,4.0251,0.21,0.1001,18.75
203,-5.9939,50,0,-4.2592,4.0071,0.2,0.103,18.86
204,-0.016,1,1,-4.2232,4.0288,0.21,0.0023,18.86
205,-6.7486,50,0,-4.2609,4.0347,0.21,0.0768,18.94
206,-3.4221,50,0,-4.2947,4.0133,0.2,0.1045,19.04
207,-5.9349,50,0,-4.3048,4.0161,0.2,0.9544,19.99
208,-4.8568,50,0,-4.353,3.9934,0.19,0.0949,20.09
209,-4.8617,50,0,-4.3635,3.9934,0.19,0.1022,20.19
210,-19.9287,50,0,-4.5626,4.2594,0.18,0.092,20.28
211,-5.3335,50,0,-4.578,4.2593,0.18,0.0901,20.37
212,-4.6892,50,0,-4.5733,4.259,0.18,0.1014,20.47
213,-2.7607,50,0,-4.5546,4.2628,0.18,0.0985,20.57
214,-4.3689,50,0,-4.5416,4.2613,0.18,0.0816,20.65
215,-5.2331,50,0,-4.5624,4.2596,0.18,0.0884,20.74
216,-6.1138,50,0,-4.57,4.2617,0.18,0.0734,20.82
217,-5.0297,50,0,-4.5789,4.2617,0.18,0.1056,20.92
218,-4.3125,50,0,-4.5885,4.26,0.18,0.1037,21.03
219,-3.8422,50,0,-4.6268,4.2358,0.17,0.0858,21.11
220,-0.0441,1,1,-4.5973,4.2573,0.18,0.0022,21.11
221,-23.1438,50,0,-4.7713,4.639,0.18,0.0977,21.21
222,-4.4425,50,0,-4.7716,4.639,0.18,0.0995,21.31
223,-5.8587,50,0,-4.7978,4.6376,0.18,0.0786,21.39
224,-7.3403,50,0,-4.8235,4.6445,0.18,0.094,21.48
225,-5.3659,50,0,-4.8767,4.6199,0.17,0.0793,21.56
226,-4.1022,50,0,-4.8617,4.62,0.17,0.1009,21.66
227,-3.8975,50,0,-4.8749,4.6153,0.17,0.1,21.76
228,-5.67,50,0,-4.8798,4.6159,0.17,0.0937,21.86
229,-0.0413,1,1,-4.83,4.6409,0.18,0.0027,21.86
230,-5.2399,50,0,-4.8233,4.6398,0.18,0.0954,21.96
231,-11.0119,50,0,-4.8558,4.6715,0.18,0.0984,22.05
232,-4.4476,50,0,-4.8481,4.6716,0.18,0.0872,22.14
233,-2.5884,50,0,-4.8355,4.6759,0.18,0.1158,22.26
234,-3.2734,50,0,-4.8679,4.6538,0.17,0.0959,22.35
235,-5.0873,50,0,-4.8707,4.6538,0.17,0.1115,22.46
236,-2.9828,50,0,-4.8682,4.6548,0.17,0.0907,22.56
237,-0.0132,1,1,-4.8048,4.6772,0.18,0.002,22.56
238,-3.5976,50,0,-4.7972,4.6786,0.18,0.0849,22.64
239,-4.264,50,0,-4.786,4.6785,0.18,0.0774,22.72
240,-4.2637,50,0,-4.7877,4.6783,0.18,0.112,22.83
241,-0.0136,1,1,-4.7389,4.7023,0.19,0.0036,22.84
242,-6.0743,50,0,-4.7536,4.7042,0.19,0.0869,22.92
243,-5.0333,50,0,-4.7603,4.7041,0.19,0.0933,23.02
244,-0.0376,1,1,-4.7083,4.7272,0.2,0.0025,23.02
245,-4.0509,50,0,-4.7097,4.727,0.2,0.0912,23.11
246,-3.5373,50,0,-4.6971,4.7284,0.2,0.1014,23.21
247,-0.027,1,1,-4.6697,4.7475,0.21,0.0018,23.21
248,-5.3109,50,0,-4.5916,4.6715,0.21,0.1072,23.32
249,-0.0027,1,1,-4.5769,4.6836,0.21,0.0023,23.32
250,-18.9978,50,0,-4.7209,4.8985,0.21,0.7652,24.09
251,-2.9805,50,0,-4.691,4.8999,0.21,0.0942,24.18
252,-0.0369,1,1,-4.5988,4.8999,0.22,0.0027,24.18
253,-23.2912,50,0,-4.7835,5.241,0.22,0.0924,24.28
254,-0.043,1,1,-4.7836,5.2409,0.22,0.0019,24.28
255,-7.1546,50,0,-4.8064,5.2462,0.22,0.1091,24.39
256,-5.8116,50,0,-4.864,5.2252,0.21,0.0844,24.47
257,-4.0751,50,0,-4.8696,5.2241,0.21,0.9673,25.44
258,-0.0227,1,1,-4.8316,5.2453,0.22,0.0029,25.44
259,-6.0843,50,0,-4.8629,5.2434,0.22,0.0867,25.53
260,-4.3412,50,0,-4.906,5.2212,0.21,0.0941,25.62
261,-8.5863,50,0,-4.711,4.6891,0.21,0.0847,25.71
262,-4.957,50,0,-4.7107,4.689,0.21,0.109,25.82
263,-3.6195,50,0,-4.7193,4.6862,0.21,0.1054,25.92
264,-3.0103,50,0,-4.749,4.6659,0.2,0.1154,26.04
265,-4.2541,50,0,-4.7911,4.6422,0.19,0.0853,26.12
266,-5.0488,50,0,-4.8414,4.6174,0.18,0.0897,26.21
267,-3.0662,50,0,-4.8718,4.5956,0.17,0.1005,26.31
268,-4.3071,50,0,-4.8577,4.5951,0.17,0.0993,26.41
269,-21.3453,50,0,-5.0411,4.875,0.17,0.1069,26.52
270,-3.2715,50,0,-5.0401,4.8753,0.17,0.1161,26.63
271,-6.926,50,0,-5.0546,4.8788,0.17,0.0985,26.73
272,-3.8258,50,0,-5.0653,4.8749,0.17,0.1114,26.84
273,-3.8208,50,0,-5.0729,4.8723,0.17,0.0958,26.94
274,-5.0358,50,0,-5.0749,4.8723,0.17,0.1033,27.04
275,-2.6247,50,0,-5.0683,4.8752,0.17,0.0957,27.14
276,-20.9442,50,0,-5.2301,5.1245,0.17,0.1179,27.26
277,-4.4771,50,0,-5.2417,5.1215,0.17,0.0892,27.35
278,-0.0234,1,1,-5.2415,5.1217,0.17,0.0021,27.35
279,-0.0471,1,1,-5.185,5.1475,0.18,0.002,27.35
280,-4.9001,50,0,-5.1429,5.1323,0.18,0.079,27.43
281,-5.704,50,0,-5.1507,5.1326,0.18,0.0903,27.52
282,-4.1624,50,0,-5.1316,5.1327,0.18,0.0962,27.62
283,-0.0421,1,1,-5.0886,5.1571,0.19,0.0033,27.62
284,-5.6248,50,0,-5.1447,5.132,0.18,0.0942,27.71
285,-5.469,50,0,-5.1477,5.1321,0.18,0.0994,27.81
286,-0.0471,1,1,-5.1143,5.1543,0.19,0.0069,27.82
287,-0.0244,1,1,-5.1144,5.1542,0.19,0.0019,27.82
288,-3.6531,50,0,-5.108,5.1556,0.19,0.0967,27.92
289,-5.6522,50,0,-5.1641,5.1307,0.18,0.0913,28.01
290,-4.9906,50,0,-5.1679,5.1304,0.18,0.0978,28.11
291,-5.3545,50,0,-5.1533,5.1278,0.18,0.0927,28.2
292,-2.514,50,0,-5.1341,5.134,0.18,0.0864,28.29
293,-0.0419,1,1,-5.0926,5.1582,0.19,0.0022,28.29
294,-0.0243,1,1,-5.0926,5.1583,0.19,0.0021,28.29
295,-4.3659,50,0,-5.0955,5.1578,0.19,0.0888,28.38
296,-0.0324,1,1,-5.061,5.1799,0.2,0.003,28.38
297,-3.8426,50,0,-5.0428,5.181,0.2,0.123,28.51
298,-5.2213,50,0,-5.0946,5.1565,0.19,0.0977,28.6
299,-4.5754,50,0,-5.0863,5.1567,0.19,0.1219,28.73
300,-4.3282,50,0,-5.0796,5.1572,0.19,0.1287,28.85
301,-0.0485,1,1,-4.8199,4.7329,0.2,0.0038,28.86
302,-4.5965,50,0,-4.8146,4.7328,0.2,0.1193,28.98
303,-3.8924,50,0,-4.7935,4.7322,0.2,0.0947,29.07
304,-3.3501,50,0,-4.8269,4.7101,0.19,0.1076,29.18
305,-6.2931,50,0,-4.8223,4.7085,0.19,0.1035,29.28
306,-6.2333,50,0,-4.8504,4.7084,0.19,0.0825,29.37
307,-0.0405,1,1,-4.7915,4.7313,0.2,0.0022,29.37
308,-3.649,50,0,-4.7794,4.7327,0.2,0.1092,29.48
309,-4.158,50,0,-4.7724,4.7331,0.2,1.0435,30.52
310,-3.6176,50,0,-4.6093,4.4824,0.2,0.0957,30.62
311,-0.0482,1,1,-4.5564,4.5046,0.21,0.002,30.62
312,-3.7651,50,0,-4.5472,4.5053,0.21,0.1116,30.73
313,-5.8212,50,0,-4.5778,4.5034,0.21,0.079,30.81
314,-4.6393,50,0,-4.5805,4.5034,0.21,0.0942,30.9
315,-3.3203,50,0,-4.5614,4.5046,0.21,0.0855,30.99
316,-3.303,50,0,-4.5332,4.5036,0.21,0.1017,31.09
317,-4.0785,50,0,-4.5237,4.5036,0.21,0.1134,31.2
318,-3.5839,50,0,-4.5164,4.5045,0.21,0.1297,31.33
319,-5.8665,50,0,-4.5367,4.506,0.21,0.0943,31.43
320,-0.004,1,1,-4.5363,4.5064,0.21,0.002,31.43
321,-0.015,1,1,-4.305,4.1226,0.22,0.0016,31.43
322,-5.8706,50,0,-4.3193,4.1255,0.22,0.1003,31.53
323,-5.6439,50,0,-4.3171,4.1248,0.22,0.0681,31.6
324,-3.8258,50,0,-4.282,4.1138,0.22,0.0865,31.69
325,-5.6474,50,0,-4.2848,4.1147,0.22,0.089,31.77
326,-0.0227,1,1,-4.244,4.1365,0.23,0.0018,31.78
327,-3.1435,50,0,-4.2365,4.1378,0.23,0.0809,31.86
328,-3.9983,50,0,-4.2198,4.1353,0.23,0.078,31.94
329,-5.454,50,0,-4.2739,4.1157,0.22,0.0923,32.03
330,-4.7665,50,0,-4.2691,4.1148,0.22,0.0794,32.11
331,-2.794,50,0,-4.187,4.061,0.22,0.0995,32.21
332,-5.124,50,0,-4.1937,4.062,0.22,0.0991,32.31
333,-5.1677,50,0,-4.2195,4.0599,0.22,0.0742,32.38
334,-4.8951,50,0,-4.2357,4.0594,0.22,0.1095,32.49
335,-5.0855,50,0,-4.2357,4.0594,0.22,0.0982,32.59
336,-4.5749,50,0,-4.2516,4.0575,0.22,0.1256,32.71
337,-0.0459,1,1,-4.252,4.0572,0.22,0.0017,32.72
338,-0.0207,1,1,-4.2162,4.0785,0.23,0.0016,32.72
339,-3.5889,50,0,-4.2094,4.079,0.23,0.1067,32.82
340,-5.7541,50,0,-4.2244,4.0819,0.23,0.0947,32.92
341,-4.6514,50,0,-4.2707,4.0601,0.22,0.0983,33.02
342,-0.0326,1,1,-4.2103,4.0777,0.23,0.0034,33.02
343,-4.67,50,0,-4.2067,4.0771,0.23,0.0919,33.11
344,-0.023,1,1,-4.2065,4.0773,0.23,0.0034,33.12
345,-4.0722,50,0,-4.2067,4.0773,0.23,0.1071,33.22
346,-0.0431,1,1,-4.1718,4.0978,0.24,0.0028,33.23
347,-3.7882,50,0,-4.2094,4.0768,0.23,0.0996,33.32
348,-0.0457,1,1,-4.1568,4.0962,0.24,0.0029,33.33
349,-5.1049,50,0,-4.2078,4.0758,0.23,0.0933,33.42
350,-4.5532,50,0,-4.0633,3.7954,0.23,0.0846,33.51
351,-4.0695,50,0,-4.0742,3.7939,0.23,0.0893,33.59
352,-11.3349,50,0,-4.1872,3.8399,0.22,0.0897,33.68
353,-5.0678,50,0,-4.005,3.3271,0.22,0.0898,33.77
354,-4.9567,50,0,-4.0541,3.3044,0.21,0.0956,33.87
355,-2.752,50,0,-4.0101,3.2922,0.21,0.1144,33.98
356,-4.8649,50,0,-4.0006,3.2883,0.21,0.0976,34.08
357,-4.8714,50,0,-4.0086,3.2895,0.21,0.1256,34.21
358,-0.0247,1,1,-4.0086,3.2894,0.21,0.0032,34.21
359,-3.9607,50,0,-3.9874,3.2828,0.21,0.1025,34.31
360,-0.0265,1,1,-3.9442,3.3061,0.22,0.0024,34.32
361,-4.8549,50,0,-3.9069,3.2744,0.22,0.1097,34.43
362,-5.8862,50,0,-3.9162,3.2787,0.22,1.0247,35.45
363,-3.7274,50,0,-3.9173,3.2786,0.22,0.1039,35.55
364,-2.6337,50,0,-3.9135,3.2799,0.22,0.0857,35.64
365,-3.2116,50,0,-3.9031,3.2805,0.22,0.0854,35.73
366,-2.9531,50,0,-3.8821,3.2798,0.22,0.082,35.81
367,-4.9063,50,0,-3.9005,3.2803,0.22,0.0958,35.9
368,-3.3963,50,0,-3.8914,3.2804,0.22,0.1001,36.0
369,-4.5366,50,0,-3.7233,2.7732,0.22,0.0958,36.1
370,-5.1054,50,0,-3.7417,2.7762,0.22,0.0938,36.19
371,-3.5449,50,0,-3.7079,2.7578,0.22,0.1095,36.3
372,-6.4715,50,0,-3.7343,2.7714,0.22,0.1034,36.41
373,-4.643,50,0,-3.7425,2.7729,0.22,0.0996,36.51
374,-4.1821,50,0,-3.734,2.7702,0.22,0.0958,36.6
375,-4.6409,50,0,-3.7542,2.7694,0.22,0.0842,36.69
376,-0.0104,1,1,-3.5448,2.1934,0.23,0.0029,36.69
377,-5.1511,50,0,-3.5516,2.1973,0.23,0.0825,36.77
378,-4.0519,50,0,-3.5919,2.169,0.22,0.1031,36.87
379,-5.1017,50,0,-3.6424,2.1445,0.21,0.073,36.95
380,-4.5491,50,0,-3.6389,2.1428,0.21,0.0747,37.02
381,-3.2269,50,0,-3.6141,2.133,0.21,0.0955,37.12
382,-3.3199,50,0,-3.6057,2.1325,0.21,0.0834,37.2
383,-3.9075,50,0,-3.6443,2.1024,0.2,0.0944,37.29
384,-5.3035,50,0,-3.6411,2.0996,0.2,0.0919,37.39
385,-5.3224,50,0,-3.6397,2.0984,0.2,0.0798,37.47
386,-6.2191,50,0,-3.7014,2.0825,0.19,0.1214,37.59
387,-2.8186,50,0,-3.7293,2.0515,0.18,0.113,37.7
388,-3.571,50,0,-3.7285,2.0516,0.18,0.1008,37.8
389,-5.0456,50,0,-3.7224,2.0467,0.18,0.0854,37.89
390,-3.215,50,0,-3.7047,2.0434,0.18,0.0914,37.98
391,-2.5988,50,0,-3.6771,2.0395,0.18,0.0894,38.07
392,-2.5247,50,0,-3.6772,2.0395,0.18,0.0792,38.15
393,-0.0274,1,1,-3.6771,2.0397,0.18,0.0019,38.15
394,-3.8511,50,0,-3.7154,2.0064,0.17,0.088,38.24
395,-5.2553,50,0,-3.7243,2.0113,0.17,0.0879,38.32
396,-3.3874,50,0,-3.7578,1.9771,0.16,0.0989,38.42
397,-3.3179,50,0,-3.7526,1.9776,0.16,0.1007,38.52
398,-3.9004,50,0,-3.7393,1.9721,0.16,0.0986,38.62
399,-4.8339,50,0,-3.7419,1.9734,0.16,0.1122,38.74
400,-2.6239,50,0,-3.7249,1.9756,0.16,0.0823,38.82
401,-0.0167,1,1,-3.7246,1.9762,0.16,0.0057,38.82
402,-5.1818,50,0,-3.7304,1.9796,0.16,0.1161,38.94
403,-0.0205,1,1,-3.6917,2.0137,0.17,0.0033,38.94
404,-2.7042,50,0,-3.6852,2.0158,0.17,0.0852,39.03
405,-0.026,1,1,-3.6226,2.0311,0.18,0.0017,39.03
406,-0.0373,1,1,-3.5606,2.045,0.19,0.0019,39.03
407,-4.6853,50,0,-3.6071,2.017,0.18,0.0775,39.11
408,-4.8832,50,0,-3.6194,2.021,0.18,1.0064,40.12
409,-5.0982,50,0,-3.6288,2.0257,0.18,0.0917,40.21
410,-4.3596,50,0,-3.6362,2.027,0.18,0.0955,40.3
411,-2.9747,50,0,-3.6655,1.9959,0.17,0.1276,40.43
412,-3.3768,50,0,-3.6616,1.9961,0.17,0.0781,40.51
413,-3.0286,50,0,-3.6337,1.9852,0.17,0.1,40.61
414,-5.1308,50,0,-3.6386,1.9882,0.17,0.0819,40.69
415,-4.6603,50,0,-3.652,1.9906,0.17,0.0878,40.78
416,-2.5988,50,0,-3.645,1.993,0.17,0.0999,40.88
417,-5.7905,50,0,-3.6621,2.004,0.17,0.0926,40.97
418,-5.4944,50,0,-3.6812,2.0123,0.17,0.0988,41.07
419,-5.1683,50,0,-3.6742,2.0059,0.17,0.1059,41.18
420,-3.2074,50,0,-3.7062,1.9723,0.16,0.0899,41.26
421,-4.664,50,0,-3.7527,1.9393,0.15,0.0762,41.34
422,-4.5505,50,0,-3.7395,1.9293,0.15,0.0808,41.42
423,-6.0394,50,0,-3.7435,1.9336,0.15,0.0926,41.51
424,-4.7085,50,0,-3.7523,1.9359,0.15,0.1037,41.62
425,-0.0266,1,1,-3.6961,1.9615,0.16,0.0018,41.62
426,-3.5515,50,0,-3.7314,1.9265,0.15,0.0928,41.71
427,-3.7691,50,0,-3.7376,1.9256,0.15,0.0861,41.8
428,-0.0228,1,1,-3.6979,1.9606,0.16,0.0018,41.8
429,-6.0782,50,0,-3.7041,1.9671,0.16,0.0908,41.89
430,-0.0355,1,1,-3.6568,1.9977,0.17,0.0019,41.89
431,-0.0327,1,1,-3.6292,2.0283,0.18,0.0019,41.9
432,-0.0473,1,1,-3.5784,2.0536,0.19,0.0018,41.9
433,-5.2532,50,0,-3.5793,2.0543,0.19,0.0827,41.98
434,-3.0639,50,0,-3.561,2.0506,0.19,0.0865,42.07
435,-3.5234,50,0,-3.5454,2.0449,0.19,0.1009,42.17
436,-4.3839,50,0,-3.5435,2.044,0.19,0.103,42.27
437,-6.3111,50,0,-3.6061,2.0318,0.18,0.0818,42.35
438,-4.3108,50,0,-3.649,2.0007,0.17,0.0902,42.44
439,-4.9521,50,0,-3.6626,2.0049,0.17,0.1031,42.55
440,-5.3231,50,0,-3.6583,2.0009,0.17,0.0919,42.64
441,-0.0069,1,1,-3.6119,2.0309,0.18,0.002,42.64
442,-3.3318,50,0,-3.6449,1.9991,0.17,0.0842,42.72
443,-0.0285,1,1,-3.5985,2.0284,0.18,0.0018,42.73
444,-4.3681,50,0,-3.6419,1.9977,0.17,0.0883,42.81
445,-4.6676,50,0,-3.6479,1.9998,0.17,0.0971,42.91
446,-4.734,50,0,-3.6948,1.9695,0.16,0.103,43.01
447,-3.9852,50,0,-3.6967,1.9697,0.16,0.0911,43.1
448,-3.1153,50,0,-3.7274,1.9362,0.15,0.1026,43.21
449,-4.939,50,0,-3.7258,1.9351,0.15,0.0895,43.3
450,-0.0308,1,1,-3.6806,1.9678,0.16,0.0026,43.3
451,-4.4821,50,0,-3.6847,1.969,0.16,0.0909,43.39
452,-4.2258,50,0,-3.6136,1.8137,0.16,0.1005,43.49
453,-0.0083,1,1,-3.563,1.8428,0.17,0.0032,43.49
454,-3.7637,50,0,-3.5511,1.8376,0.17,0.0812,43.57
455,-4.7501,50,0,-3.571,1.8397,0.17,0.1112,43.69
456,-2.866,50,0,-3.5511,1.8364,0.17,0.0877,43.77
457,-3.483,50,0,-3.5372,1.8316,0.17,0.0792,43.85
458,-4.572,50,0,-3.5827,1.8,0.16,0.9886,44.84
459,-6.3309,50,0,-3.6064,1.8203,0.16,0.0967,44.94
460,-3.9512,50,0,-3.6456,1.7846,0.15,0.0986,45.04
461,-4.6926,50,0,-3.644,1.7836,0.15,0.09,45.13
462,-6.7381,50,0,-3.6525,1.7963,0.15,0.1075,45.23
463,-2.8578,50,0,-3.6438,1.798,0.15,0.0899,45.32
464,-6.3002,50,0,-3.6805,1.8143,0.15,0.0941,45.42
465,-5.8317,50,0,-3.7067,1.8263,0.15,0.0842,45.5
466,-3.4597,50,0,-3.7117,1.8249,0.15,0.0991,45.6
467,-0.0246,1,1,-3.6629,1.8573,0.16,0.0023,45.6
468,-6.4077,50,0,-3.693,1.877,0.16,0.0984,45.7
469,-3.7721,50,0,-3.6854,1.8751,0.16,0.0796,45.78
470,-5.4724,50,0,-3.6891,1.8782,0.16,0.0967,45.88
471,-5.7905,50,0,-3.7115,1.8898,0.16,0.0922,45.97
472,-5.7945,50,0,-3.7047,1.8811,0.16,0.0835,46.05
473,-0.0126,1,1,-3.6584,1.9141,0.17,0.0021,46.06
474,-5.1428,50,0,-3.668,1.9191,0.17,0.0932,46.15
475,-0.0244,1,1,-3.6219,1.9504,0.18,0.0017,46.15
476,-4.2445,50,0,-3.6642,1.9172,0.17,0.0999,46.25
477,-2.8499,50,0,-3.6412,1.9131,0.17,0.0739,46.33
478,-4.781,50,0,-3.6485,1.916,0.17,0.0847,46.41
479,-5.5936,50,0,-3.6534,1.9204,0.17,0.0913,46.5
480,-4.3635,50,0,-3.6516,1.9196,0.17,0.087,46.59
481,-5.2238,50,0,-3.6715,1.9254,0.17,0.0911,46.68
482,-5.3254,50,0,-3.6916,1.9321,0.17,0.1018,46.78
483,-4.1402,50,0,-3.6939,1.9325,0.17,0.083,46.86
484,-4.2306,50,0,-3.6832,1.9265,0.17,0.0989,46.96
485,-5.7785,50,0,-3.6877,1.9309,0.17,0.0941,47.06
486,-4.9265,50,0,-3.6748,1.9182,0.17,0.0761,47.13
487,-4.6193,50,0,-3.6928,1.9185,0.17,0.0896,47.22
488,-3.2001,50,0,-3.6891,1.9191,0.17,0.1063,47.33
489,-0.0462,1,1,-3.6391,1.948,0.18,0.0018,47.33
490,-3.5056,50,0,-3.642,1.9476,0.18,0.082,47.41
491,-5.367,50,0,-3.6697,1.9523,0.18,0.1001,47.51
492,-0.0039,1,1,-3.6445,1.9829,0.19,0.0023,47.52
493,-4.9883,50,0,-3.6941,1.9536,0.18,0.1057,47.62
494,-0.0163,1,1,-3.6558,1.9875,0.19,0.0022,47.62
495,-2.874,50,0,-3.632,1.9825,0.19,1.028,48.65
496,-6.5837,50,0,-3.6639,2.0039,0.19,0.0946,48.75
497,-3.9739,50,0,-3.6705,2.0039,0.19,0.0933,48.84
498,-3.5465,50,0,-3.6669,2.0038,0.19,0.0888,48.93
499,-0.0311,1,1,-3.6189,2.0326,0.2,0.0028,48.93
500,-0.0402,1,1,-3.5931,2.0613,0.21,0.0026,48.93
501,-4.9163,50,0,-3.6421,2.0337,0.2,0.0992,49.03
502,-3.2094,50,0,-3.6223,2.0283,0.2,0.0876,49.12
503,-0.048,1,1,-3.6226,2.0278,0.2,0.0022,49.12
504,-4.4288,50,0,-3.6399,2.0272,0.2,0.0964,49.22
505,-2.7808,50,0,-3.6674,1.9964,0.19,0.0873,49.31
506,-4.5084,50,0,-3.7121,1.9644,0.18,0.0834,49.39
507,-4.5915,50,0,-3.7112,1.964,0.18,0.0851,49.47
508,-3.8409,50,0,-3.7008,1.9605,0.18,1.0012,50.48
509,-3.8575,50,0,-3.6884,1.9555,0.18,0.0986,50.57
510,-3.533,50,0,-3.6801,1.9544,0.18,0.0836,50.66
511,-4.1923,50,0,-3.6923,1.9538,0.18,0.0893,50.75
512,-4.7647,50,0,-3.7061,1.9564,0.18,0.1076,50.85
513,-3.7561,50,0,-3.7134,1.9552,0.18,0.1224,50.98
514,-3.2446,50,0,-3.6946,1.9506,0.18,0.0841,51.06
515,-3.5241,50,0,-3.6832,1.9482,0.18,0.0847,51.15
516,-2.8071,50,0,-3.6853,1.9472,0.18,0.0715,51.22
517,-2.938,50,0,-3.6567,1.937,0.18,0.0992,51.32
518,-0.0413,1,1,-3.6022,1.9611,0.19,0.0023,51.32
519,-3.7275,50,0,-3.5878,1.9548,0.19,0.0891,51.41
520,-0.0286,1,1,-3.556,1.9863,0.2,0.0018,51.41
521,-5.1177,50,0,-3.5606,1.9894,0.2,0.1091,51.52
522,-5.0182,50,0,-3.5652,1.9922,0.2,0.1073,51.63
523,-6.4026,50,0,-3.5689,1.9971,0.2,0.0984,51.72
524,-0.0186,1,1,-3.522,2.0246,0.21,0.0024,51.73
525,-3.4066,50,0,-3.5558,1.994,0.2,0.0956,51.82
526,-4.0173,50,0,-3.5604,1.9945,0.2,0.1,51.92
527,-6.1963,50,0,-3.5847,2.0116,0.2,0.1045,52.03
528,-0.042,1,1,-3.5849,2.0113,0.2,0.0018,52.03
529,-4.5152,50,0,-3.5693,1.9979,0.2,0.099,52.13
530,-0.0423,1,1,-3.5693,1.9977,0.2,0.0018,52.13
531,-5.3703,50,0,-3.6227,1.9737,0.19,0.0724,52.2
532,-3.4788,50,0,-3.657,1.9408,0.18,0.0863,52.29
533,-4.4728,50,0,-3.6492,1.9359,0.18,0.0797,52.37
534,-4.7561,50,0,-3.6661,1.9381,0.18,0.0949,52.46
535,-3.6106,50,0,-3.667,1.9381,0.18,0.0906,52.55
536,-5.1559,50,0,-3.6747,1.9425,0.18,0.0862,52.64
537,-0.0195,1,1,-3.6118,1.9579,0.19,0.003,52.64
538,-3.8726,50,0,-3.6074,1.9568,0.19,0.0905,52.73
539,-4.4122,50,0,-3.602,1.9538,0.19,0.104,52.84
540,-4.9913,50,0,-3.5987,1.9512,0.19,0.0996,52.94
541,-2.9246,50,0,-3.6279,1.9188,0.18,0.0848,53.02
542,-4.2408,50,0,-3.637,1.9195,0.18,0.0995,53.12
543,-3.3646,50,0,-3.6703,1.8852,0.17,0.0857,53.21
544,-0.0185,1,1,-3.6268,1.9185,0.18,0.0025,53.21
545,-0.0475,1,1,-3.5806,1.9483,0.19,0.0022,53.21
546,-0.0262,1,1,-3.5336,1.9765,0.2,0.0018,53.21
547,-3.4266,50,0,-3.528,1.976,0.2,0.0782,53.29
548,-4.034,50,0,-3.5372,1.9762,0.2,0.0904,53.38
549,-3.1658,50,0,-3.5194,1.9715,0.2,0.1087,53.49
550,-5.0374,50,0,-3.5695,1.9457,0.19,0.0944,53.59
551,-3.25,50,0,-3.5572,1.9437,0.19,0.0969,53.68
552,-5.7458,50,0,-3.5724,1.9548,0.19,0.0882,53.77
553,-4.427,50,0,-3.6166,1.9235,0.18,0.089,53.86
554,-5.748,50,0,-3.6364,1.9351,0.18,0.0879,53.95
555,-4.0445,50,0,-3.6294,1.9323,0.18,0.0918,54.04
556,-4.9446,50,0,-3.6501,1.9351,0.18,0.0844,54.12
557,-5.8024,50,0,-3.6733,1.9469,0.18,0.0926,54.22
558,-2.8576,50,0,-3.6562,1.9464,0.18,0.955,55.17
559,-5.2065,50,0,-3.6449,1.9341,0.18,0.0952,55.27
560,-3.8099,50,0,-3.6435,1.934,0.18,0.0905,55.36
561,-4.032,50,0,-3.6369,1.9315,0.18,0.078,55.43
562,-4.3711,50,0,-3.6133,1.9077,0.18,0.1339,55.57
563,-0.0012,1,1,-3.5847,1.9399,0.19,0.0067,55.58
564,-3.0543,50,0,-3.5522,1.9213,0.19,0.1187,55.69
565,-3.4625,50,0,-3.5285,1.9076,0.19,0.1017,55.8
566,-3.1238,50,0,-3.5252,1.908,0.19,0.081,55.88
567,-5.113,50,0,-3.5761,1.8816,0.18,0.0834,55.96
568,-5.0635,50,0,-3.5626,1.8661,0.18,0.0938,56.05
569,-4.8744,50,0,-3.5736,1.8705,0.18,0.0939,56.15
570,-3.856,50,0,-3.5575,1.861,0.18,0.0878,56.24
571,-3.1072,50,0,-3.5306,1.8479,0.18,0.0813,56.32
572,-4.3202,50,0,-3.5159,1.8357,0.18,0.0851,56.4
573,-0.0389,1,1,-3.5162,1.8352,0.18,0.0031,56.41
574,-5.7865,50,0,-3.5226,1.842,0.18,0.0857,56.49
575,-0.0443,1,1,-3.5228,1.8416,0.18,0.0031,56.49
576,-4.7007,50,0,-3.5274,1.8439,0.18,0.079,56.57
577,-4.8038,50,0,-3.5469,1.847,0.18,0.1135,56.69
578,-32.8629,50,0,-3.8277,3.4513,0.18,0.1148,56.8
579,-4.4156,50,0,-3.8159,3.4473,0.18,0.1038,56.91
580,-2.8578,50,0,-3.8009,3.4481,0.18,0.0905,57.0
581,-3.702,50,0,-3.7857,3.4452,0.18,0.0758,57.07
582,-5.0425,50,0,-3.7828,3.444,0.18,0.1088,57.18
583,-0.0492,1,1,-3.7419,3.4638,0.19,0.002,57.18
584,-0.0298,1,1,-3.6999,3.483,0.2,0.0016,57.18
585,-4.9761,50,0,-3.6919,3.4792,0.2,0.083,57.27
586,-3.6753,50,0,-3.6794,3.4769,0.2,0.0792,57.35
587,-5.8338,50,0,-3.6915,3.4823,0.2,0.1068,57.45
588,-4.386,50,0,-3.7034,3.4826,0.2,0.1035,57.56
589,-5.7279,50,0,-3.7602,3.4688,0.19,0.0698,57.63
590,-5.6253,50,0,-3.7814,3.4737,0.19,0.0829,57.71
591,-2.8605,50,0,-3.7563,3.4712,0.19,0.0852,57.79
592,-4.0634,50,0,-3.7969,3.4508,0.18,0.0855,57.88
593,-0.0438,1,1,-3.7475,3.4687,0.19,0.0019,57.88
594,-3.3173,50,0,-3.7805,3.4487,0.18,0.0901,57.97
595,-4.2116,50,0,-3.7939,3.4477,0.18,0.0869,58.06
596,-3.8217,50,0,-3.7663,3.4363,0.18,0.0949,58.15
597,-5.5258,50,0,-3.7818,3.4407,0.18,0.1122,58.27
598,-3.426,50,0,-3.7806,3.4408,0.18,0.1161,58.38
599,-4.5848,50,0,-3.8261,3.421,0.17,0.104,58.49
600,-0.0434,1,1,-3.8261,3.421,0.17,0.0028,58.49
601,-0.0331,1,1,-3.7773,3.4398,0.18,0.0035,58.49
602,-2.6077,50,0,-3.7713,3.4414,0.18,0.0926,58.58
603,-4.2912,50,0,-3.8137,3.4213,0.17,0.0886,58.67
604,-4.9787,50,0,-3.8192,3.4227,0.17,0.1032,58.78
605,-3.5796,50,0,-3.8272,3.4212,0.17,0.1052,58.88
606,-2.6456,50,0,-3.8086,3.4225,0.17,0.088,58.97
607,-0.0239,1,1,-3.7629,3.4422,0.18,0.0029,58.97
608,-0.006,1,1,-3.7246,3.4624,0.19,0.8709,59.84
609,-4.8965,50,0,-3.7349,3.4644,0.19,0.0942,59.94
610,-4.2212,50,0,-3.7418,3.4646,0.19,0.1046,60.04
611,-4.6339,50,0,-3.7462,3.4655,0.19,0.0814,60.12
612,-4.2657,50,0,-3.7413,3.4644,0.19,0.0796,60.2
613,-5.0406,50,0,-3.7541,3.4668,0.19,0.0749,60.28
614,-5.2291,50,0,-3.7739,3.4695,0.19,0.1042,60.38
615,-5.6042,50,0,-3.7947,3.4742,0.19,0.1071,60.49
616,-0.043,1,1,-3.7671,3.4929,0.2,0.0022,60.49
617,-2.741,50,0,-3.7651,3.4934,0.2,0.0742,60.57
618,-4.0567,50,0,-3.8053,3.4734,0.19,0.0776,60.64
619,-6.0923,50,0,-3.8289,3.4808,0.19,0.1128,60.76
620,-3.2817,50,0,-3.8615,3.4603,0.18,0.1177,60.87
621,-5.0051,50,0,-3.8603,3.4599,0.18,0.1073,60.98
622,-0.0283,1,1,-3.8104,3.4787,0.19,0.0033,60.98
623,-5.2452,50,0,-3.7989,3.472,0.19,0.1128,61.1
624,-3.8695,50,0,-3.8374,3.4512,0.18,0.1054,61.2
625,-6.8637,50,0,-3.8719,3.464,0.18,0.1117,61.31
626,-3.7738,50,0,-3.8695,3.464,0.18,0.1111,61.43
627,-0.0154,1,1,-3.8077,3.477,0.19,0.0028,61.43
628,-0.0329,1,1,-3.8076,3.4771,0.19,0.0026,61.43
629,-0.0475,1,1,-3.7629,3.4964,0.2,0.0026,61.43
630,-4.6883,50,0,-3.8094,3.4774,0.19,0.1143,61.55
631,-3.7587,50,0,-3.7933,3.4739,0.19,0.1104,61.66
632,-5.1283,50,0,-3.8098,3.4763,0.19,0.0857,61.74
633,-2.7369,50,0,-3.7924,3.4773,0.19,0.116,61.86
634,-4.5259,50,0,-3.7901,3.4767,0.19,0.0871,61.95
635,-4.9061,50,0,-3.8031,3.4784,0.19,0.1154,62.06
636,-0.0159,1,1,-3.7517,3.496,0.2,0.0019,62.06
637,-4.9605,50,0,-3.8011,3.4778,0.19,0.0805,62.14
638,-5.1588,50,0,-3.8139,3.4804,0.19,0.0872,62.23
639,-4.5922,50,0,-3.8157,3.4807,0.19,0.109,62.34
640,-0.0492,1,1,-3.7663,3.4987,0.2,0.0017,62.34
641,-0.04,1,1,-3.7375,3.5174,0.21,0.0018,62.34
642,-3.0926,50,0,-3.726,3.5176,0.21,0.1,62.44
643,-2.5798,50,0,-3.7181,3.5193,0.21,0.085,62.53
644,-0.0313,1,1,-3.7183,3.5191,0.21,0.0028,62.53
645,-4.1584,50,0,-3.7594,3.5,0.2,0.0904,62.62
646,-3.9801,50,0,-3.7989,3.4799,0.19,0.0909,62.71
647,-5.2326,50,0,-3.817,3.4826,0.19,0.0979,62.81
648,-0.0194,1,1,-3.7768,3.5029,0.2,0.0019,62.81
649,-5.3513,50,0,-3.7987,3.5059,0.2,0.1103,62.92
650,-6.4575,50,0,-3.8129,3.5137,0.2,0.0977,63.02
651,-6.6483,50,0,-3.8469,3.5245,0.2,0.0887,63.11
652,-6.2108,50,0,-3.8515,3.5273,0.2,0.1103,63.22
653,-4.249,50,0,-3.8497,3.5271,0.2,0.0763,63.3
654,-0.0323,1,1,-3.7926,3.5421,0.21,0.0019,63.3
655,-3.5386,50,0,-3.7875,3.5421,0.21,0.0954,63.39
656,-4.8304,50,0,-3.7864,3.5418,0.21,0.0732,63.47
657,-0.0058,1,1,-3.7284,3.5557,0.22,0.0018,63.47
658,-5.2414,50,0,-3.7523,3.5578,0.22,0.0835,63.55
659,-4.2924,50,0,-3.7431,3.5552,0.22,0.0882,63.64
660,-5.0061,50,0,-3.7551,3.5574,0.22,0.1176,63.76
661,-3.7971,50,0,-3.7527,3.5573,0.22,0.9238,64.68
662,-2.8415,50,0,-3.7374,3.5579,0.22,0.1066,64.79
663,-3.0961,50,0,-3.7684,3.5387,0.21,0.1028,64.89
664,-5.399,50,0,-3.7918,3.5417,0.21,0.1107,65.0
665,-4.5758,50,0,-3.803,3.5423,0.21,0.077,65.08
666,-3.3252,50,0,-3.805,3.542,0.21,0.0806,65.16
667,-3.4622,50,0,-3.7885,3.5397,0.21,0.0896,65.25
668,-4.5611,50,0,-3.7834,3.5383,0.21,0.0888,65.34
669,-5.4387,50,0,-3.7891,3.5405,0.21,0.0898,65.43
670,-4.9904,50,0,-3.8004,3.5425,0.21,0.1024,65.53
671,-5.0021,50,0,-3.8194,3.5438,0.21,0.081,65.61
672,-0.0208,1,1,-3.7764,3.5635,0.22,0.0018,65.61
673,-5.1723,50,0,-3.8277,3.5462,0.21,0.0845,65.7
674,-0.0394,1,1,-3.7702,3.5605,0.22,0.0028,65.7
675,-5.4731,50,0,-3.8245,3.5446,0.21,0.0896,65.79
676,-3.2784,50,0,-3.8103,3.544,0.21,0.0969,65.89
677,-0.0197,1,1,-3.7625,3.5625,0.22,0.0019,65.89
678,-0.0312,1,1,-3.4342,2.0626,0.23,0.0016,65.89
679,-4.8959,50,0,-3.439,2.0654,0.23,0.0915,65.98
680,-4.8833,50,0,-3.4592,2.0695,0.23,0.1062,66.09
681,-3.5916,50,0,-3.4581,2.0694,0.23,0.093,66.18
682,-6.4459,50,0,-3.4721,2.0848,0.23,0.1118,66.29
683,-0.0145,1,1,-3.4718,2.0854,0.23,0.002,66.3
684,-5.1432,50,0,-3.5229,2.063,0.22,0.0956,66.39
685,-3.4604,50,0,-3.5078,2.0578,0.22,0.0903,66.48
686,-4.785,50,0,-3.5189,2.0617,0.22,0.1145,66.6
687,-5.8047,50,0,-3.5186,2.0613,0.22,0.0936,66.69
688,-0.0468,1,1,-3.4752,2.0881,0.23,0.0034,66.69
689,-4.3685,50,0,-3.4616,2.0778,0.23,0.1027,66.8
690,-5.2924,50,0,-3.4583,2.0746,0.23,0.1247,66.92
691,-3.6338,50,0,-3.466,2.0738,0.23,0.1106,67.03
692,-3.7217,50,0,-3.4626,2.0731,0.23,0.0845,67.12
693,-5.704,50,0,-3.5192,2.0562,0.22,0.125,67.24
694,-4.8111,50,0,-3.5341,2.0601,0.22,0.0905,67.33
695,-3.6604,50,0,-3.5286,2.059,0.22,0.077,67.41
696,-2.7727,50,0,-3.5181,2.0601,0.22,0.0891,67.5
697,-0.0439,1,1,-3.4633,2.0788,0.23,0.0034,67.5
698,-3.5988,50,0,-3.465,2.0789,0.23,0.1224,67.62
699,-4.2995,50,0,-3.4622,2.0775,0.23,0.1043,67.73
700,-3.7598,50,0,-3.4993,2.0491,0.22,0.0918,67.82
701,-4.443,50,0,-3.5434,2.0213,0.21,0.0818,67.9
702,-4.497,50,0,-3.5623,2.0213,0.21,0.0988,68.0
703,-5.3728,50,0,-3.5731,2.028,0.21,0.1071,68.11
704,-3.3774,50,0,-3.5571,2.0232,0.21,0.0998,68.21
705,-3.414,50,0,-3.5555,2.0232,0.21,0.0939,68.3
706,-4.8846,50,0,-3.5779,2.0254,0.21,0.0934,68.39
707,-4.7007,50,0,-3.6246,1.9966,0.2,0.0981,68.49
708,-5.1661,50,0,-3.6762,1.9689,0.19,0.0967,68.59
709,-0.0334,1,1,-3.6276,1.998,0.2,0.0019,68.59
710,-4.4479,50,0,-3.6299,1.9988,0.2,0.9373,69.53
711,-3.9311,50,0,-3.6228,1.9965,0.2,0.0887,69.62
712,-4.2871,50,0,-3.6231,1.9966,0.2,0.097,69.71
713,-3.3078,50,0,-3.6057,1.9917,0.2,0.0897,69.8
714,-5.2431,50,0,-3.6059,1.9918,0.2,0.0926,69.9
715,-4.0653,50,0,-3.5905,1.9823,0.2,0.1142,70.01
716,-5.9059,50,0,-3.6491,1.9631,0.19,0.098,70.11
717,-4.8827,50,0,-3.6705,1.9647,0.19,0.1031,70.21
718,-5.3854,50,0,-3.6838,1.9718,0.19,0.0978,70.31
719,-3.711,50,0,-3.66,1.9569,0.19,0.08,70.39
720,-0.048,1,1,-3.6277,1.9893,0.2,0.0017,70.39
721,-0.0481,1,1,-3.5781,2.016,0.21,0.0016,70.39
722,-3.8668,50,0,-3.6165,1.9843,0.2,0.0751,70.47
723,-4.0087,50,0,-3.6041,1.9779,0.2,0.0786,70.55
724,-0.0165,1,1,-3.5656,2.0097,0.21,0.0019,70.55
725,-3.4809,50,0,-3.5318,1.9822,0.21,0.0744,70.62
726,-0.0217,1,1,-3.4942,2.0125,0.22,0.0017,70.62
727,-5.2906,50,0,-3.547,1.9896,0.21,0.1043,70.73
728,-5.7688,50,0,-3.6043,1.9701,0.2,0.0758,70.8
729,-3.3114,50,0,-3.637,1.9377,0.19,0.0742,70.88
730,-2.5112,50,0,-3.6152,1.9379,0.19,0.1085,70.99
731,-3.8985,50,0,-3.6166,1.9381,0.19,0.0768,71.06
732,-4.691,50,0,-3.6122,1.9352,0.19,0.0939,71.16
733,-4.3274,50,0,-3.6281,1.9345,0.19,0.0915,71.25
734,-4.1495,50,0,-3.6244,1.9331,0.19,0.089,71.34
735,-5.044,50,0,-3.6258,1.934,0.19,0.0817,71.42
736,-0.047,1,1,-3.6261,1.9335,0.19,0.0018,71.42
737,-5.2423,50,0,-3.6289,1.9356,0.19,0.0718,71.49
738,-3.753,50,0,-3.6148,1.9295,0.19,0.1002,71.59
739,-5.9023,50,0,-3.6279,1.9405,0.19,0.0801,71.67
740,-6.2036,50,0,-3.6895,1.9236,0.18,0.095,71.77
741,-0.0305,1,1,-3.6894,1.9238,0.18,0.0034,71.77
742,-5.0479,50,0,-3.7089,1.9275,0.18,1.0563,72.83
743,-4.7901,50,0,-3.731,1.9271,0.18,0.1058,72.93
744,-0.0445,1,1,-3.7312,1.9269,0.18,0.003,72.94
745,-6.0597,50,0,-3.7502,1.9403,0.18,0.0908,73.03
746,-5.2323,50,0,-3.7627,1.9458,0.18,0.0915,73.12
747,-0.0274,1,1,-3.7107,1.9752,0.19,0.0021,73.12
748,-4.584,50,0,-3.7563,1.9418,0.18,0.0804,73.2
749,-3.2388,50,0,-3.7352,1.9358,0.18,0.1018,73.3
750,-0.0338,1,1,-3.6709,1.951,0.19,0.003,73.31
751,-2.74,50,0,-3.6319,1.93,0.19,0.1127,73.42
752,-4.7436,50,0,-3.6172,1.9158,0.19,0.1379,73.56
753,-5.0404,50,0,-3.6251,1.92,0.19,0.1087,73.67
754,-0.0421,1,1,-3.6252,1.9199,0.19,0.0021,73.67
755,-4.094,50,0,-3.6307,1.9204,0.19,0.0741,73.74
756,-4.502,50,0,-3.6275,1.9186,0.19,0.1159,73.86
757,-4.3166,50,0,-3.6706,1.8849,0.18,0.0779,73.94
758,-2.7832,50,0,-3.646,1.8803,0.18,0.0858,74.02
759,-5.9254,50,0,-3.6623,1.8929,0.18,0.0807,74.1
760,-4.5864,50,0,-3.6581,1.8904,0.18,0.1013,74.2
761,-3.2207,50,0,-3.6524,1.8908,0.18,0.9109,75.11
762,-3.5907,50,0,-3.6599,1.8891,0.18,0.0938,75.21
763,-4.6936,50,0,-3.6758,1.891,0.18,0.0978,75.31
764,-5.1546,50,0,-3.6734,1.8889,0.18,0.0936,75.4
765,-0.0444,1,1,-3.6281,1.9208,0.19,0.0017,75.4
766,-5.141,50,0,-3.6462,1.9264,0.19,0.081,75.48
767,-5.4547,50,0,-3.6662,1.9347,0.19,0.1069,75.59
768,-2.5798,50,0,-3.6463,1.9356,0.19,0.1027,75.69
769,-0.0373,1,1,-3.5923,1.96,0.2,0.0029,75.69
770,-0.024,1,1,-3.5427,1.9867,0.21,0.0026,75.7
771,-6.5004,50,0,-3.5576,2.0032,0.21,0.0996,75.8
772,-3.52,50,0,-3.5926,1.9715,0.2,0.1001,75.9
773,-4.1908,50,0,-3.5828,1.966,0.2,0.0985,76.0
774,-6.279,50,0,-3.6452,1.9515,0.19,0.0834,76.08
775,-4.3082,50,0,-3.6336,1.944,0.19,0.1085,76.19
776,-5.6679,50,0,-3.6575,1.9542,0.19,0.1177,76.31
777,-0.0147,1,1,-3.6574,1.9543,0.19,0.0033,76.31
778,-3.4928,50,0,-3.692,1.9201,0.18,0.1042,76.41
779,-0.0406,1,1,-3.6435,1.9502,0.19,0.0019,76.41
780,-0.0294,1,1,-3.5949,1.9789,0.2,0.0019,76.42
781,-5.4258,50,0,-3.6133,1.9873,0.2,0.0944,76.51
782,-3.0823,50,0,-3.5796,1.9674,0.2,0.0897,76.6
783,-4.9386,50,0,-3.6289,1.939,0.19,0.1082,76.71
784,-6.5092,50,0,-3.6425,1.9544,0.19,0.1098,76.82
785,-2.6968,50,0,-3.6349,1.9566,0.19,0.0811,76.9
786,-2.9562,50,0,-3.6166,1.9543,0.19,0.122,77.02
787,-6.0131,50,0,-3.6187,1.9567,0.19,0.0966,77.12
788,-4.4893,50,0,-3.6631,1.9253,0.18,0.1013,77.22
789,-0.0496,1,1,-3.6199,1.9572,0.19,0.0023,77.22
790,-0.0313,1,1,-3.5673,1.982,0.2,0.0022,77.22
791,-0.0354,1,1,-3.5313,2.0129,0.21,0.002,77.23
792,-2.835,50,0,-3.5225,2.014,0.21,0.1201,77.35
793,-3.8586,50,0,-3.504,2.0024,0.21,0.0895,77.44
794,-3.9825,50,0,-3.4957,1.9987,0.21,0.0919,77.53
795,-6.0294,50,0,-3.5194,2.0144,0.21,0.0983,77.63
796,-5.5331,50,0,-3.547,2.0229,0.21,0.0964,77.72
797,-4.9479,50,0,-3.5961,1.9967,0.2,0.0984,77.82
798,-2.922,50,0,-3.5893,1.9978,0.2,0.0918,77.91
799,-5.0053,50,0,-3.5964,2.0015,0.2,0.0975,78.01
800,-4.8769,50,0,-3.6075,2.0055,0.2,0.0842,78.09
801,-3.078,50,0,-3.5939,2.0044,0.2,0.0781,78.17
802,-4.9745,50,0,-3.5987,2.0072,0.2,0.1082,78.28
803,-0.042,1,1,-3.5454,2.03,0.21,0.002,78.28
804,-4.6888,50,0,-3.5585,2.0331,0.21,0.1045,78.39
805,-0.0182,1,1,-3.5245,2.0634,0.22,0.0027,78.39
806,-4.7266,50,0,-3.5229,2.0624,0.22,0.0867,78.48
807,-6.11,50,0,-3.537,2.0752,0.22,0.0818,78.56
808,-4.0203,50,0,-3.5256,2.0693,0.22,0.0974,78.66
809,-4.5958,50,0,-3.5712,2.0419,0.21,0.0996,78.76
810,-0.0465,1,1,-3.5272,2.0698,0.22,0.0026,78.76
811,-3.9422,50,0,-3.5273,2.0698,0.22,0.0941,78.85
812,-2.6542,50,0,-3.511,2.0702,0.22,0.0921,78.94
813,-0.0372,1,1,-3.4782,2.0988,0.23,0.0018,78.95
814,-5.5972,50,0,-3.4818,2.102,0.23,0.9494,79.9
815,-3.0028,50,0,-3.4712,2.1017,0.23,0.1054,80.0
816,-4.5659,50,0,-3.4578,2.0904,0.23,0.0943,80.1
817,-0.0238,1,1,-3.4092,2.1131,0.24,0.0024,80.1
818,-2.6177,50,0,-3.3815,2.1051,0.24,0.0998,80.2
819,-0.0261,1,1,-3.3446,2.1311,0.25,0.0026,80.2
820,-4.5889,50,0,-3.3901,2.1087,0.24,0.1008,80.3
821,-4.1382,50,0,-3.431,2.083,0.23,0.1072,80.41
822,-2.9317,50,0,-3.4216,2.0831,0.23,0.0994,80.51
823,-3.4051,50,0,-3.4156,2.0822,0.23,0.0911,80.6
824,-0.034,1,1,-3.4157,2.082,0.23,0.0031,80.6
825,-0.0448,1,1,-3.3814,2.1088,0.24,0.0062,80.61
826,-5.7395,50,0,-3.4386,2.0944,0.23,0.0901,80.7
827,-4.6179,50,0,-3.4318,2.0895,0.23,0.1218,80.82
828,-4.7513,50,0,-3.4217,2.0805,0.23,0.1053,80.92
829,-3.3665,50,0,-3.4222,2.0805,0.23,0.0922,81.02
830,-4.9308,50,0,-3.4464,2.0839,0.23,0.0909,81.11
831,-4.6938,50,0,-3.4544,2.0871,0.23,0.09,81.2
832,-5.715,50,0,-3.4646,2.0956,0.23,0.0969,81.29
833,-2.9298,50,0,-3.4506,2.0945,0.23,0.1024,81.4
834,-4.6609,50,0,-3.4557,2.0968,0.23,0.0839,81.48
835,-5.5813,50,0,-3.4611,2.1015,0.23,0.0811,81.56
836,-6.2725,50,0,-3.5234,2.0917,0.22,0.1056,81.67
837,-0.0292,1,1,-3.4712,2.113,0.23,0.0038,81.67
838,-3.8889,50,0,-3.4726,2.1133,0.23,0.1046,81.78
839,-4.2983,50,0,-3.4566,2.1008,0.23,0.1044,81.88
840,-2.7756,50,0,-3.4223,2.0836,0.23,0.1023,81.98
841,-3.4267,50,0,-3.4562,2.0555,0.22,0.1028,82.09
842,-4.311,50,0,-3.4489,2.0511,0.22,0.0925,82.18
843,-5.7684,50,0,-3.4587,2.0598,0.22,0.1134,82.29
844,-0.0356,1,1,-3.4586,2.06,0.22,0.0021,82.29
845,-5.1972,50,0,-3.4499,2.0508,0.22,0.0776,82.37
846,-2.9422,50,0,-3.427,2.0436,0.22,0.0853,82.46
847,-4.878,50,0,-3.4755,2.0197,0.21,0.0833,82.54
848,-0.0345,1,1,-3.43,2.0453,0.22,0.0023,82.54
849,-0.0255,1,1,-3.3979,2.0731,0.23,0.002,82.54
850,-3.7348,50,0,-3.4349,2.0456,0.22,0.0977,82.64
851,-0.0087,1,1,-3.4076,2.0728,0.23,0.0023,82.64
852,-4.9871,50,0,-3.41,2.0745,0.23,0.089,82.73
853,-5.3093,50,0,-3.4127,2.0768,0.23,0.0815,82.81
854,-4.8357,50,0,-3.4607,2.0536,0.22,0.1157,82.93
855,-0.0495,1,1,-3.4202,2.0804,0.23,0.0022,82.93
856,-4.7023,50,0,-3.4222,2.0815,0.23,0.1046,83.04
857,-5.1915,50,0,-3.431,2.0871,0.23,0.0702,83.11
858,-2.5768,50,0,-3.4289,2.0878,0.23,0.0981,83.21
859,-0.0256,1,1,-3.3699,2.0998,0.24,0.0017,83.21
860,-5.2108,50,0,-3.3762,2.1043,0.24,0.0867,83.29
861,-5.8082,50,0,-3.402,2.1181,0.24,0.0959,83.39
862,-5.8264,50,0,-3.4244,2.1317,0.24,0.0884,83.48
863,-3.729,50,0,-3.4147,2.1281,0.24,0.0837,83.56
864,-2.8487,50,0,-3.3917,2.1216,0.24,0.0851,83.65
865,-4.0542,50,0,-3.4318,2.0957,0.23,0.0971,83.74
866,-5.831,50,0,-3.4387,2.1025,0.23,0.9907,84.73
867,-6.316,50,0,-3.4473,2.1125,0.23,0.0998,84.83
868,-0.0346,1,1,-3.4218,2.1379,0.24,0.0024,84.84
869,-5.8838,50,0,-3.4803,2.1245,0.23,0.0901,84.93
870,-3.1472,50,0,-3.5115,2.0962,0.22,0.0771,85.0
871,-5.0126,50,0,-3.4967,2.0802,0.22,0.0988,85.1
872,-3.5616,50,0,-3.4971,2.0802,0.22,0.1058,85.21
873,-4.7087,50,0,-3.5023,2.0825,0.22,0.0927,85.3
874,-5.5153,50,0,-3.4946,2.0737,0.22,0.0869,85.39
875,-5.1021,50,0,-3.5026,2.0783,0.22,0.0919,85.48
876,-0.0196,1,1,-3.4461,2.0954,0.23,0.0059,85.49
877,-3.341,50,0,-3.4793,2.0669,0.22,0.1116,85.6
878,-3.879,50,0,-3.4832,2.0673,0.22,0.0871,85.69
879,-0.0149,1,1,-3.483,2.0677,0.22,0.0029,85.69
880,-4.3456,50,0,-3.5261,2.04,0.21,0.1148,85.8
881,-3.3825,50,0,-3.5057,2.0311,0.21,0.0873,85.89
882,-4.1876,50,0,-3.5167,2.0318,0.21,0.094,85.98
883,-3.7667,50,0,-3.505,2.0269,0.21,0.0939,86.08
884,-6.0257,50,0,-3.5002,2.0203,0.21,0.1032,86.18
885,-3.9815,50,0,-3.513,2.0192,0.21,0.1156,86.3
886,-4.3988,50,0,-3.5275,2.0203,0.21,0.0977,86.39
887,-4.8016,50,0,-3.5153,2.009,0.21,0.0928,86.49
888,-0.0296,1,1,-3.4707,2.0362,0.22,0.0023,86.49
889,-3.0596,50,0,-3.5008,2.0075,0.21,0.0897,86.58
890,-4.3641,50,0,-3.5442,1.9787,0.2,0.0955,86.67
891,-0.0252,1,1,-3.5441,1.9788,0.2,0.0018,86.68
892,-0.0173,1,1,-3.5159,2.0086,0.21,0.0016,86.68
893,-3.1902,50,0,-3.5092,2.0085,0.21,0.1043,86.78
894,-3.3992,50,0,-3.5034,2.008,0.21,0.074,86.86
895,-3.5614,50,0,-3.4787,1.9919,0.21,0.0878,86.94
896,-3.5426,50,0,-3.4588,1.9812,0.21,0.0838,87.03
897,-0.049,1,1,-3.4098,2.0042,0.22,0.0027,87.03
898,-3.9397,50,0,-3.42,2.0043,0.22,0.1048,87.14
899,-5.0224,50,0,-3.4201,2.0044,0.22,0.0763,87.21
900,-4.7968,50,0,-3.4193,2.0038,0.22,0.0872,87.3
901,-0.0383,1,1,-3.3889,2.0317,0.23,0.0047,87.3
902,-3.7629,50,0,-3.3768,2.0258,0.23,0.0868,87.39
903,-4.7645,50,0,-3.4241,2.0024,0.22,0.0843,87.47
904,-4.9315,50,0,-3.4265,2.0041,0.22,0.0907,87.57
905,-4.387,50,0,-3.4702,1.9767,0.21,0.0876,87.65
906,-2.7367,50,0,-3.4503,1.974,0.21,0.1069,87.76
907,-4.909,50,0,-3.4383,1.9614,0.21,0.081,87.84
908,-3.3975,50,0,-3.432,1.9605,0.21,0.1108,87.95
909,-4.099,50,0,-3.4271,1.9582,0.21,0.1024,88.05
910,-3.7868,50,0,-3.4645,1.9288,0.2,0.0997,88.15
911,-5.3637,50,0,-3.4787,1.9374,0.2,0.1002,88.25
912,-2.8201,50,0,-3.4803,1.9368,0.2,0.0869,88.34
913,-3.1982,50,0,-3.512,1.9059,0.19,0.0913,88.43
914,-4.1385,50,0,-3.4974,1.8954,0.19,0.0862,88.52
915,-4.1921,50,0,-3.5093,1.896,0.19,0.9858,89.5
916,-4.0774,50,0,-3.5044,1.8939,0.19,0.0959,89.6
917,-4.6714,50,0,-3.5508,1.8647,0.18,0.1041,89.7
918,-4.0497,50,0,-3.5652,1.863,0.18,0.0786,89.78
919,-4.8441,50,0,-3.6134,1.8329,0.17,0.0979,89.88
920,-2.6402,50,0,-3.5939,1.8328,0.17,0.1079,89.99
921,-4.4611,50,0,-3.5971,1.8341,0.17,0.1018,90.09
922,-4.6537,50,0,-3.6143,1.8358,0.17,0.0841,90.17
923,-0.0367,1,1,-3.5806,1.8699,0.18,0.0027,90.18
924,-5.9617,50,0,-3.6399,1.8504,0.17,0.0889,90.27
925,-5.9466,50,0,-3.6989,1.8288,0.16,0.096,90.36
926,-0.0416,1,1,-3.6419,1.8529,0.17,0.003,90.37
927,-4.3678,50,0,-3.6394,1.8518,0.17,0.0955,90.46
928,-4.1981,50,0,-3.6339,1.8493,0.17,0.0874,90.55
929,-3.4226,50,0,-3.6345,1.8492,0.17,0.0762,90.62
930,-34.0054,50,0,-3.9252,3.5415,0.17,0.118,90.74
931,-5.4153,50,0,-3.9324,3.5438,0.17,0.1025,90.84
932,-5.9894,50,0,-3.9352,3.5453,0.17,0.0968,90.94
933,-0.0388,1,1,-3.9063,3.5651,0.18,0.0019,90.94
934,-5.6688,50,0,-3.9163,3.5686,0.18,0.1107,91.05
935,-4.4881,50,0,-3.9054,3.5652,0.18,0.1201,91.17
936,-3.0714,50,0,-3.8734,3.5581,0.18,0.0994,91.27
937,-4.601,50,0,-3.9191,3.5378,0.17,0.1065,91.38
938,-4.2044,50,0,-3.9223,3.5379,0.17,0.0928,91.47
939,-4.7531,50,0,-3.9268,3.5387,0.17,0.0921,91.57
940,-0.0234,1,1,-3.8993,3.5582,0.18,0.0027,91.57
941,-2.777,50,0,-3.8928,3.5596,0.18,0.0805,91.65
942,-6.6249,50,0,-3.9159,3.5698,0.18,0.0842,91.73
943,-2.8218,50,0,-3.8865,3.5665,0.18,0.1183,91.85
944,-3.6494,50,0,-3.9226,3.5455,0.17,0.084,91.93
945,-3.2861,50,0,-3.9035,3.5438,0.17,0.1228,92.06
946,-0.0414,1,1,-3.8745,3.5633,0.18,0.003,92.06
947,-4.7211,50,0,-3.8729,3.5629,0.18,0.1066,92.17
948,-0.0182,1,1,-3.8728,3.5631,0.18,0.0027,92.17
949,-3.0364,50,0,-3.9029,3.5431,0.17,0.0884,92.26
950,-5.1137,50,0,-3.9167,3.5451,0.17,0.0907,92.35
951,-0.0276,1,1,-3.9169,3.5449,0.17,0.002,92.35
952,-3.1406,50,0,-3.8984,3.5441,0.17,0.0955,92.45
953,-0.035,1,1,-3.8456,3.5619,0.18,0.0024,92.45
954,-0.0191,1,1,-3.7975,3.5807,0.19,0.0023,92.45
955,-4.3565,50,0,-3.8405,3.5612,0.18,0.1001,92.55
956,-3.8663,50,0,-3.8322,3.5602,0.18,0.0954,92.65
957,-6.3295,50,0,-3.8436,3.5663,0.18,0.0937,92.74
958,-4.8166,50,0,-3.866,3.5653,0.18,0.0884,92.83
959,-4.7512,50,0,-3.9132,3.5454,0.17,0.0919,92.92
960,-0.0206,1,1,-3.8613,3.564,0.18,0.0018,92.92
961,-5.287,50,0,-3.8561,3.5615,0.18,0.1037,93.03
962,-0.0355,1,1,-3.7982,3.576,0.19,0.0018,93.03
963,-6.4901,50,0,-3.8258,3.586,0.19,0.0984,93.13
964,-5.14,50,0,-3.8487,3.587,0.19,0.0815,93.21
965,-0.0323,1,1,-3.8085,3.607,0.2,0.0024,93.21
966,-11.3955,50,0,-3.8641,3.68,0.2,0.0799,93.29
967,-0.0293,1,1,-3.8013,3.6912,0.21,0.0022,93.29
968,-5.5598,50,0,-3.8565,3.6757,0.2,0.0857,93.38
969,-0.0383,1,1,-3.7981,3.6895,0.21,0.0026,93.38
970,-6.1199,50,0,-3.8278,3.6961,0.21,1.0065,94.39
971,-4.0605,50,0,-3.8183,3.6942,0.21,0.0945,94.48
972,-0.0358,1,1,-3.783,3.7133,0.22,0.0035,94.48
973,-4.371,50,0,-3.7796,3.7126,0.22,0.0896,94.57
974,-5.412,50,0,-3.7786,3.7121,0.22,0.0849,94.66
975,-3.808,50,0,-3.7657,3.7098,0.22,0.0916,94.75
976,-0.0409,1,1,-3.7659,3.7096,0.22,0.0024,94.75
977,-0.0478,1,1,-3.733,3.7278,0.23,0.0025,94.76
978,-2.9907,50,0,-3.7241,3.7285,0.23,0.1073,94.86
979,-0.0338,1,1,-3.7243,3.7283,0.23,0.0026,94.87
980,-4.866,50,0,-3.7295,3.7295,0.23,0.1063,94.97
981,-5.6048,50,0,-3.7517,3.734,0.23,0.0961,95.07
982,-3.9578,50,0,-3.7494,3.7338,0.23,0.088,95.16
983,-3.4622,50,0,-3.7463,3.7339,0.23,0.1023,95.26
984,-5.107,50,0,-3.7372,3.7294,0.23,0.1175,95.38
985,-5.4296,50,0,-3.7516,3.7331,0.23,0.1128,95.49
986,-3.7985,50,0,-3.7456,3.7326,0.23,0.1114,95.6
987,-4.8468,50,0,-3.7461,3.7327,0.23,0.1048,95.71
988,-6.1656,50,0,-3.8075,3.7215,0.22,0.1091,95.81
989,-0.0493,1,1,-3.7773,3.7396,0.23,0.0018,95.82
990,-0.0457,1,1,-3.7342,3.7574,0.24,0.0016,95.82
991,-0.0308,1,1,-3.7342,3.7574,0.24,0.0017,95.82
992,-4.3058,50,0,-3.7771,3.7391,0.23,0.0822,95.9
993,-2.6029,50,0,-3.7712,3.7405,0.23,0.0881,95.99
994,-3.9186,50,0,-3.7764,3.7404,0.23,0.0859,96.08
995,-4.141,50,0,-3.7822,3.7405,0.23,0.0844,96.16
996,-5.0989,50,0,-3.7978,3.7427,0.23,0.0931,96.25
997,-3.5712,50,0,-3.833,3.7238,0.22,0.1037,96.36
998,-3.7409,50,0,-3.831,3.7238,0.22,1.0226,97.38
999,-0.0137,1,1,-3.7809,3.741,0.23,0.0026,97.38
1000,-5.6009,50,0,-3.789,3.7441,0.23,0.1103,97.49
1001,-3.4253,50,0,-3.8228,3.7253,0.22,0.0918,97.58
1002,-4.8279,50,0,-3.8335,3.7266,0.22,0.1005,97.68
1003,-3.9948,50,0,-3.8258,3.7255,0.22,0.0834,97.77
1004,-3.2522,50,0,-3.809,3.7242,0.22,0.0736,97.84
1005,-3.2849,50,0,-3.798,3.7241,0.22,0.1012,97.94
1006,-4.9446,50,0,-3.8201,3.7243,0.22,0.093,98.04
1007,-3.1719,50,0,-3.8027,3.7233,0.22,0.084,98.12
1008,-0.0487,1,1,-3.7692,3.7418,0.23,0.0017,98.12
1009,-4.0404,50,0,-3.7686,3.7417,0.23,0.1095,98.23
1010,-3.7411,50,0,-3.7682,3.7417,0.23,0.122,98.35
1011,-5.2324,50,0,-3.7668,3.7412,0.23,0.0978,98.45
1012,-5.554,50,0,-3.7942,3.7441,0.23,0.0968,98.55
1013,-5.0876,50,0,-3.8131,3.7459,0.23,0.0876,98.64
1014,-0.0362,1,1,-3.7721,3.7645,0.24,0.0019,98.64
1015,-2.6987,50,0,-3.7571,3.7657,0.24,0.1007,98.74
1016,-4.7691,50,0,-3.764,3.767,0.24,0.1009,98.84
1017,-4.8839,50,0,-3.7662,3.7675,0.24,0.0848,98.92
1018,-4.2903,50,0,-3.7686,3.7678,0.24,0.0964,99.02
1019,-0.0229,1,1,-3.7204,3.7845,0.25,0.0023,99.02
1020,-4.4974,50,0,-3.7389,3.7837,0.25,0.0907,99.11
1021,-0.0227,1,1,-3.6945,3.801,0.26,0.0029,99.12
1022,-4.0295,50,0,-3.6883,3.7999,0.26,1.0552,100.17
1023,-3.3068,50,0,-3.721,3.7824,0.25,0.1022,100.27
1024,-4.8636,50,0,-3.71,3.7775,0.25,0.1175,100.39
1025,-3.8681,50,0,-3.6892,3.7708,0.25,0.0976,100.49
1026,-4.3805,50,0,-3.7326,3.7535,0.24,0.0997,100.59
1027,-2.5685,50,0,-3.7146,3.7547,0.24,0.109,100.7
1028,-4.1774,50,0,-3.7144,3.7547,0.24,0.0693,100.77
1029,-3.1911,50,0,-3.7121,3.755,0.24,0.1021,100.87
1030,-0.0132,1,1,-3.3722,2.2236,0.25,0.0029,100.87
1031,-5.5996,50,0,-3.374,2.2253,0.25,0.1035,100.98
1032,-4.6596,50,0,-3.3607,2.2136,0.25,0.0966,101.07
1033,-4.3072,50,0,-3.4034,2.1902,0.24,0.0838,101.16
1034,-5.6064,50,0,-3.4028,2.1895,0.24,0.1031,101.26
1035,-5.2832,50,0,-3.4107,2.1949,0.24,0.1052,101.36
1036,-0.0487,1,1,-3.3805,2.22,0.25,0.0023,101.37
1037,-5.3829,50,0,-3.3883,2.2257,0.25,0.0881,101.45
1038,-3.2326,50,0,-3.3786,2.2242,0.25,0.0974,101.55
1039,-0.0282,1,1,-3.3314,2.2446,0.26,0.0028,101.55
1040,-2.8755,50,0,-3.3599,2.2204,0.25,0.1169,101.67
1041,-3.7692,50,0,-3.3698,2.22,0.25,0.0888,101.76
1042,-3.1307,50,0,-3.3349,2.1958,0.25,0.0976,101.86
1043,-3.7353,50,0,-3.344,2.1956,0.25,0.1134,101.97
1044,-4.4986,50,0,-3.3525,2.1984,0.25,0.1113,102.08
1045,-6.0851,50,0,-3.3805,2.2151,0.25,0.1067,102.19
1046,-4.3095,50,0,-3.4232,2.1914,0.24,0.0854,102.27
1047,-3.0317,50,0,-3.4063,2.1878,0.24,0.0804,102.35
1048,-5.941,50,0,-3.4655,2.1754,0.23,0.0822,102.44
1049,-3.5537,50,0,-3.4707,2.175,0.23,0.0913,102.53
1050,-4.1631,50,0,-3.4612,2.1699,0.23,0.1152,102.64
1051,-5.0889,50,0,-3.5118,2.1481,0.22,0.0999,102.74
1052,-4.8997,50,0,-3.5294,2.1522,0.22,0.0901,102.83
1053,-6.1726,50,0,-3.5907,2.1391,0.21,0.0855,102.92
1054,-5.176,50,0,-3.6423,2.1144,0.2,0.0949,103.01
1055,-4.1699,50,0,-3.6405,2.1139,0.2,0.0764,103.09
1056,-4.4658,50,0,-3.6464,2.1154,0.2,0.0918,103.18
1057,-4.3576,50,0,-3.6267,2.0994,0.2,0.0844,103.27
1058,-2.7191,50,0,-3.6058,2.0979,0.2,0.0843,103.35
1059,-4.9308,50,0,-3.6075,2.0989,0.2,0.0849,103.44
1060,-5.1375,50,0,-3.6587,2.0731,0.19,0.0938,103.53
1061,-4.9982,50,0,-3.6558,2.071,0.19,0.0926,103.62
1062,-5.4966,50,0,-3.7104,2.0467,0.18,0.0881,103.71
1063,-4.2893,50,0,-3.6884,2.0284,0.18,0.0825,103.79
1064,-3.7124,50,0,-3.6742,2.0232,0.18,0.0879,103.88
1065,-0.0414,1,1,-3.6742,2.023,0.18,0.0023,103.88
1066,-0.0249,1,1,-3.5605,1.9017,0.19,0.0021,103.88
1067,-5.5317,50,0,-3.6156,1.8782,0.18,0.1017,103.99
1068,-5.9342,50,0,-3.6193,1.8825,0.18,0.978,104.96
1069,-4.3622,50,0,-3.6625,1.8491,0.17,0.0921,105.06
1070,-5.8639,50,0,-3.66,1.8459,0.17,0.0993,105.16
1071,-2.5004,50,0,-3.6444,1.849,0.17,0.0872,105.24
1072,-3.6482,50,0,-3.6805,1.8131,0.16,0.1156,105.36
1073,-5.0827,50,0,-3.6876,1.8172,0.16,0.0857,105.44
1074,-2.8224,50,0,-3.6617,1.8109,0.16,0.121,105.57
1075,-3.2529,50,0,-3.6562,1.8113,0.16,0.1258,105.69
1076,-3.5538,50,0,-3.6913,1.7745,0.15,0.0869,105.78
1077,-0.0298,1,1,-3.6911,1.7749,0.15,0.002,105.78
1078,-3.8815,50,0,-3.7,1.7736,0.15,0.0711,105.85
1079,-4.9774,50,0,-3.7495,1.7392,0.14,0.0905,105.94
1080,-2.5932,50,0,-3.7267,1.7394,0.14,0.097,106.04
1081,-4.0309,50,0,-3.711,1.7294,0.14,0.1083,106.15
1082,-4.3414,50,0,-3.7148,1.7303,0.14,0.085,106.23
1083,-3.3916,50,0,-3.7141,1.7305,0.14,0.1094,106.34
1084,-4.7218,50,0,-3.7103,1.7278,0.14,0.1006,106.44
1085,-0.0459,1,1,-3.6564,1.757,0.15,0.0024,106.44
1086,-5.0129,50,0,-3.6686,1.7621,0.15,0.0912,106.54
1087,-4.6192,50,0,-3.6663,1.7608,0.15,0.0767,106.61
1088,-4.7103,50,0,-3.6518,1.746,0.15,0.0945,106.71
1089,-3.1626,50,0,-3.6829,1.7088,0.14,0.1089,106.82
1090,-5.2264,50,0,-3.7347,1.676,0.13,0.0957,106.91
1091,-4.6932,50,0,-3.7813,1.6367,0.12,0.074,106.99
1092,-2.9272,50,0,-3.7675,1.638,0.12,0.0844,107.07
1093,-0.0074,1,1,-3.7416,1.6764,0.13,0.0017,107.07
1094,-4.2767,50,0,-3.7452,1.6772,0.13,0.1041,107.18
1095,-4.6351,50,0,-3.7501,1.679,0.13,0.1118,107.29
1096,-0.0378,1,1,-3.6995,1.7135,0.14,0.0024,107.29
1097,-4.1508,50,0,-3.7053,1.7141,0.14,0.0983,107.39
1098,-0.0468,1,1,-3.6684,1.7523,0.15,0.0024,107.39
1099,-4.664,50,0,-3.7149,1.716,0.14,0.0892,107.48
1100,-0.0042,1,1,-3.6589,1.7446,0.15,0.0025,107.48
1101,-4.7811,50,0,-3.6724,1.748,0.15,0.0789,107.56
1102,-5.4517,50,0,-3.6787,1.7532,0.15,0.1008,107.66
1103,-6.4586,50,0,-3.7033,1.7747,0.15,0.0939,107.76
1104,-6.0945,50,0,-3.7317,1.7899,0.15,0.0893,107.85
1105,-0.0251,1,1,-3.6991,1.8271,0.16,0.0023,107.85
1106,-4.9655,50,0,-3.6994,1.8272,0.16,0.0956,107.94
1107,-4.5544,50,0,-3.7132,1.8284,0.16,0.0955,108.04
1108,-0.0436,1,1,-3.7131,1.8285,0.16,0.0036,108.04
1109,-3.6223,50,0,-3.7089,1.8282,0.16,0.1007,108.14
1110,-3.4881,50,0,-3.7064,1.8284,0.16,0.1075,108.25
1111,-4.9793,50,0,-3.7039,1.8264,0.16,0.0944,108.34
1112,-2.8977,50,0,-3.6773,1.8186,0.16,0.0868,108.43
1113,-3.8405,50,0,-3.6649,1.8132,0.16,0.0854,108.52
1114,-0.0322,1,1,-3.6648,1.8133,0.16,0.0022,108.52
1115,-5.2386,50,0,-3.6902,1.8173,0.16,0.0869,108.61
1116,-3.4206,50,0,-3.6767,1.8143,0.16,0.0898,108.7
1117,-2.9417,50,0,-3.6573,1.8116,0.16,0.0845,108.78
1118,-6.0021,50,0,-3.6744,1.8256,0.16,0.9689,109.75
1119,-0.0288,1,1,-3.6745,1.8255,0.16,0.0024,109.75
1120,-0.0358,1,1,-3.6299,1.859,0.17,0.0021,109.75
1121,-0.0476,1,1,-3.6301,1.8585,0.17,0.0023,109.76
1122,-0.0418,1,1,-3.5902,1.892,0.18,0.0022,109.76
1123,-0.0487,1,1,-3.5577,1.9244,0.19,0.0021,109.76
1124,-3.9702,50,0,-3.5487,1.9204,0.19,0.0948,109.86
1125,-4.8946,50,0,-3.559,1.9248,0.19,0.0971,109.95
1126,-4.9587,50,0,-3.5648,1.9281,0.19,0.1065,110.06
1127,-4.5653,50,0,-3.5847,1.928,0.19,0.0923,110.15
1128,-5.5892,50,0,-3.5989,1.9375,0.19,0.0947,110.25
1129,-3.5027,50,0,-3.602,1.9371,0.19,0.0861,110.33
1130,-4.488,50,0,-3.6467,1.9051,0.18,0.0937,110.43
1131,-4.1271,50,0,-3.632,1.8956,0.18,0.0759,110.5
1132,-5.2914,50,0,-3.6383,1.9,0.18,0.0995,110.6
1133,-5.7695,50,0,-3.6529,1.9107,0.18,0.0708,110.67
1134,-4.5613,50,0,-3.6425,1.9029,0.18,0.0854,110.76
1135,-4.0781,50,0,-3.6304,1.8962,0.18,0.0825,110.84
1136,-3.1294,50,0,-3.6612,1.8625,0.17,0.0848,110.92
1137,-3.992,50,0,-3.6473,1.8548,0.17,0.0885,111.01
1138,-3.6603,50,0,-3.6516,1.8543,0.17,0.0774,111.09
1139,-3.3447,50,0,-3.6848,1.8185,0.16,0.0997,111.19
1140,-5.2749,50,0,-3.7088,1.8235,0.16,0.0879,111.28
1141,-3.9371,50,0,-3.7105,1.8236,0.16,0.0907,111.37
1142,-3.5936,50,0,-3.7151,1.8228,0.16,0.0928,111.46
1143,-5.6062,50,0,-3.7338,1.8324,0.16,0.0926,111.55
1144,-3.2782,50,0,-3.7216,1.8314,0.16,0.0926,111.65
1145,-5.4629,50,0,-3.7154,1.8244,0.16,0.0971,111.74
1146,-0.0364,1,1,-3.6726,1.8597,0.17,0.0017,111.75
1147,-5.023,50,0,-3.6925,1.8634,0.17,0.0712,111.82
1148,-5.5557,50,0,-3.6887,1.8591,0.17,0.0949,111.91
1149,-4.1264,50,0,-3.6944,1.8595,0.17,0.109,112.02
1150,-3.0877,50,0,-3.6837,1.8599,0.17,0.0869,112.11
1151,-0.0402,1,1,-3.6332,1.8894,0.18,0.002,112.11
1152,-6.7606,50,0,-3.6518,1.9108,0.18,0.0895,112.2
1153,-5.9424,50,0,-3.6495,1.9079,0.18,0.0779,112.28
1154,-2.9586,50,0,-3.6273,1.9029,0.18,0.0747,112.35
1155,-5.3674,50,0,-3.6393,1.91,0.18,0.0858,112.44
1156,-3.1641,50,0,-3.6263,1.9088,0.18,0.0907,112.53
1157,-5.0354,50,0,-3.633,1.9126,0.18,0.084,112.61
1158,-0.0149,1,1,-3.606,1.9442,0.19,0.0023,112.61
1159,-0.0171,1,1,-3.5569,1.972,0.2,0.0023,112.62
1160,-5.9502,50,0,-3.565,1.9801,0.2,0.0877,112.7
1161,-0.0426,1,1,-3.5154,2.0055,0.21,0.0027,112.71
1162,-0.0419,1,1,-3.4609,2.0249,0.22,0.0021,112.71
1163,-3.0301,50,0,-3.4483,2.0237,0.22,0.0917,112.8
1164,-0.0177,1,1,-3.4114,2.052,0.23,0.0021,112.8
1165,-3.7256,50,0,-3.4482,2.0241,0.22,0.0923,112.9
1166,-3.8369,50,0,-3.4863,1.9949,0.21,0.0715,112.97
1167,-3.7028,50,0,-3.468,1.9845,0.21,0.1153,113.08
1168,-5.0421,50,0,-3.4591,1.9753,0.21,0.0842,113.17
1169,-0.0457,1,1,-3.4159,2.0021,0.22,0.002,113.17
1170,-3.5909,50,0,-3.3932,1.987,0.22,0.1019,113.27
1171,-5.0389,50,0,-3.4186,1.9917,0.22,0.0993,113.37
1172,-6.3054,50,0,-3.4452,2.0122,0.22,0.9842,114.35
1173,-3.4555,50,0,-3.4289,2.0054,0.22,0.0893,114.44
1174,-2.6618,50,0,-3.4273,2.006,0.22,0.0908,114.53
1175,-4.0821,50,0,-3.4356,2.007,0.22,0.0892,114.62
1176,-3.9741,50,0,-3.4398,2.0077,0.22,0.0924,114.72
1177,-3.3788,50,0,-3.4733,1.9782,0.21,0.0974,114.81
1178,-4.8406,50,0,-3.4829,1.9825,0.21,0.0794,114.89
1179,-3.5945,50,0,-3.469,1.9768,0.21,0.0853,114.98
1180,-3.5771,50,0,-3.4789,1.9749,0.21,0.0965,115.07
1181,-3.9141,50,0,-3.4777,1.9746,0.21,0.0908,115.17
1182,-3.2316,50,0,-3.4666,1.9728,0.21,0.0832,115.25
1183,-4.9799,50,0,-3.4825,1.9785,0.21,0.0925,115.34
1184,-5.0614,50,0,-3.4859,1.981,0.21,0.0729,115.41
1185,-0.0314,1,1,-3.4857,1.9812,0.21,0.0021,115.42
1186,-2.9899,50,0,-3.4655,1.9758,0.21,0.1033,115.52
1187,-0.0247,1,1,-3.4196,2.0017,0.22,0.0019,115.52
1188,-4.0449,50,0,-3.4129,1.9985,0.22,0.0983,115.62
1189,-5.67,50,0,-3.438,2.0109,0.22,0.0834,115.7
1190,-3.3762,50,0,-3.4195,2.0029,0.22,0.0931,115.8
1191,-4.4489,50,0,-3.417,2.0015,0.22,0.0922,115.89
1192,-0.0372,1,1,-3.3881,2.029,0.23,0.0021,115.89
1193,-4.0204,50,0,-3.4283,2.0012,0.22,0.0741,115.96
1194,-5.023,50,0,-3.4357,2.0058,0.22,0.0889,116.05
1195,-0.0486,1,1,-3.3899,2.0301,0.23,0.0019,116.06
1196,-3.2029,50,0,-3.4215,2.0021,0.22,0.094,116.15
1197,-3.4799,50,0,-3.4148,2.0008,0.22,0.0912,116.24
1198,-3.5101,50,0,-3.4494,1.9719,0.21,0.084,116.32
1199,-6.7473,50,0,-3.4703,1.9955,0.21,0.091,116.42
1200,-5.9175,50,0,-3.5294,1.9795,0.2,0.0739,116.49
1201,-4.2701,50,0,-3.5243,1.9769,0.2,0.1101,116.6
1202,-5.1777,50,0,-3.5216,1.9744,0.2,0.0769,116.68
1203,-4.3769,50,0,-3.5007,1.9542,0.2,0.0991,116.78
1204,-3.1554,50,0,-3.4714,1.937,0.2,0.1074,116.88
1205,-4.067,50,0,-3.5118,1.9066,0.19,0.0858,116.97
1206,-0.0473,1,1,-3.4626,1.9317,0.2,0.0022,116.97
1207,-4.9771,50,0,-3.4668,1.9346,0.2,0.0882,117.06
1208,-0.0456,1,1,-3.4668,1.9345,0.2,0.0027,117.06
1209,-0.0358,1,1,-3.431,1.9643,0.21,0.0027,117.06
1210,-0.0448,1,1,-3.3965,1.993,0.22,0.0026,117.07
1211,-6.0933,50,0,-3.4077,2.0049,0.22,0.0784,117.15
1212,-0.0245,1,1,-3.379,2.0324,0.23,0.0018,117.15
1213,-4.2899,50,0,-3.3834,2.0339,0.23,0.0735,117.22
1214,-0.0452,1,1,-3.3836,2.0337,0.23,0.0022,117.22
1215,-4.5243,50,0,-3.3764,2.0284,0.23,0.0807,117.3
1216,-2.9667,50,0,-3.3719,2.0288,0.23,0.0756,117.38
1217,-4.393,50,0,-3.3864,2.0309,0.23,0.0906,117.47
1218,-3.4693,50,0,-3.3611,2.0138,0.23,0.0922,117.56
1219,-4.5526,50,0,-3.4063,1.9891,0.22,0.0844,117.65
1220,-3.8838,50,0,-3.4448,1.9606,0.21,0.1042,117.75
1221,-4.9901,50,0,-3.4942,1.9365,0.2,0.1037,117.85
1222,-3.1555,50,0,-3.5254,1.9055,0.19,0.0812,117.94
1223,-4.7052,50,0,-3.5719,1.8766,0.18,1.0105,118.95
1224,-0.0319,1,1,-3.5325,1.9089,0.19,0.0031,118.95
1225,-2.5548,50,0,-3.5091,1.9064,0.19,0.0892,119.04
1226,-4.1803,50,0,-3.5014,1.9021,0.19,0.1123,119.15
1227,-4.9883,50,0,-3.5056,1.9049,0.19,0.1045,119.26
1228,-3.3735,50,0,-3.4834,1.8934,0.19,0.0928,119.35
1229,-5.1378,50,0,-3.4998,1.9005,0.19,0.0946,119.44
1230,-4.667,50,0,-3.5016,1.9015,0.19,0.0879,119.53
1231,-4.7195,50,0,-3.5075,1.9044,0.19,0.091,119.62
1232,-2.5533,50,0,-3.4801,1.8982,0.19,0.0953,119.72
1233,-4.9517,50,0,-3.4719,1.8901,0.19,0.1068,119.82
1234,-3.8971,50,0,-3.4653,1.8874,0.19,0.089,119.91
1235,-0.0397,1,1,-3.4249,1.9168,0.2,0.0028,119.92
1236,-3.8583,50,0,-3.4322,1.9171,0.2,0.0705,119.99
1237,-0.0484,1,1,-3.3928,1.9455,0.21,0.0023,119.99
1238,-5.5582,50,0,-3.4117,1.9572,0.21,0.098,120.09
1239,-4.8412,50,0,-3.4267,1.9624,0.21,0.0981,120.18
1240,-5.2918,50,0,-3.4269,1.9626,0.21,0.0807,120.27
1241,-0.0278,1,1,-3.3878,1.9907,0.22,0.0033,120.27
1242,-3.271,50,0,-3.3846,1.9907,0.22,0.0975,120.37
1243,-5.258,50,0,-3.3811,1.9871,0.22,0.8778,121.24
1244,-5.0649,50,0,-3.3989,1.9941,0.22,0.1086,121.35
1245,-0.0216,1,1,-3.3445,2.0112,0.23,0.0029,121.36
1246,-5.3451,50,0,-3.3976,1.9931,0.22,0.0771,121.43
1247,-3.0161,50,0,-3.3775,1.9868,0.22,0.0898,121.52
1248,-4.7315,50,0,-3.3693,1.9794,0.22,0.0842,121.61
1249,-4.6368,50,0,-3.3744,1.982,0.22,0.0817,121.69
1250,-4.2176,50,0,-3.3857,1.9836,0.22,0.0975,121.79
1251,-4.154,50,0,-3.4268,1.9562,0.21,0.0913,121.88
1252,-2.5402,50,0,-3.3846,1.9292,0.21,0.0912,121.97
1253,-3.2564,50,0,-3.3578,1.912,0.21,0.1072,122.08
1254,-5.9203,50,0,-3.3874,1.9285,0.21,0.1119,122.19
1255,-4.8225,50,0,-3.3819,1.9236,0.21,0.0943,122.28
1256,-2.9033,50,0,-3.3793,1.9241,0.21,0.0868,122.37
1257,-0.0416,1,1,-3.3294,1.9452,0.22,0.0023,122.37
1258,-4.9527,50,0,-3.3788,1.9229,0.21,0.0838,122.45
1259,-2.9271,50,0,-3.4079,1.8936,0.2,0.0932,122.55
1260,-4.9445,50,0,-3.3978,1.8828,0.2,0.0903,122.64
1261,-5.3406,50,0,-3.4508,1.862,0.19,0.0782,122.72
1262,-2.7495,50,0,-3.4779,1.8317,0.18,0.097,122.81
1263,-5.9193,50,0,-3.5068,1.8471,0.18,0.0936,122.91
1264,-3.4183,50,0,-3.5408,1.8136,0.17,0.0891,123.0
1265,-5.8917,50,0,-3.5624,1.8285,0.17,0.0945,123.09
1266,-0.0427,1,1,-3.5245,1.8615,0.18,0.002,123.09
1267,-0.0484,1,1,-3.488,1.8933,0.19,0.0017,123.09
1268,-3.4836,50,0,-3.4724,1.8868,0.19,0.0906,123.18
1269,-5.8955,50,0,-3.5309,1.8703,0.18,0.0775,123.26
1270,-4.5444,50,0,-3.5404,1.873,0.18,0.0853,123.35
1271,-3.6879,50,0,-3.5269,1.867,0.18,0.9995,124.35
1272,-4.4364,50,0,-3.5082,1.8483,0.18,0.1117,124.46
1273,-0.0463,1,1,-3.4741,1.8802,0.19,0.0024,124.46
1274,-4.3391,50,0,-3.4909,1.8803,0.19,0.0889,124.55
1275,-4.7054,50,0,-3.4971,1.8833,0.19,0.0978,124.65
1276,-0.0467,1,1,-3.4578,1.9136,0.2,0.0028,124.65
1277,-4.53,50,0,-3.4694,1.9166,0.2,0.1015,124.75
1278,-0.0297,1,1,-3.4212,1.9418,0.21,0.0029,124.75
1279,-0.0436,1,1,-3.3857,1.9705,0.22,0.0033,124.76
1280,-5.4646,50,0,-3.4046,1.9813,0.22,0.0934,124.85
1281,-0.0463,1,1,-3.3659,2.0085,0.23,0.0029,124.85
1282,-4.7169,50,0,-3.3808,2.013,0.23,0.089,124.94
1283,-3.101,50,0,-3.362,2.0067,0.23,0.0862,125.03
1284,-0.0459,1,1,-3.3118,2.0262,0.24,0.0024,125.03
1285,-0.0344,1,1,-3.3119,2.0262,0.24,0.0022,125.03
1286,-4.1357,50,0,-3.3233,2.0275,0.24,0.0972,125.13
1287,-4.6658,50,0,-3.3697,2.0045,0.23,0.0894,125.22
1288,-5.0357,50,0,-3.3796,2.0102,0.23,0.0875,125.31
1289,-4.8271,50,0,-3.3712,2.0024,0.23,0.093,125.4
1290,-2.7077,50,0,-3.3645,2.0035,0.23,0.0835,125.48
1291,-3.2334,50,0,-3.3524,2.0005,0.23,0.09,125.57
1292,-6.2732,50,0,-3.4147,1.9934,0.22,0.0847,125.66
1293,-6.7318,50,0,-3.4419,2.0197,0.22,0.087,125.75
1294,-0.0464,1,1,-3.3921,2.0413,0.23,0.002,125.75
1295,-0.0432,1,1,-3.392,2.0414,0.23,0.0017,125.75
1296,-6.703,50,0,-3.427,2.0677,0.23,0.1135,125.86
1297,-4.9436,50,0,-3.4417,2.0732,0.23,0.0775,125.94
1298,-0.0328,1,1,-3.4069,2.1008,0.24,0.0021,125.94
1299,-4.4132,50,0,-3.3836,2.0763,0.24,0.0882,126.03
1300,-3.7972,50,0,-3.3624,2.0611,0.24,0.1148,126.15
1301,-4.7269,50,0,-3.3669,2.0636,0.24,0.1016,126.25
1302,-0.0259,1,1,-3.3154,2.082,0.25,0.0022,126.25
1303,-4.9312,50,0,-3.3209,2.0856,0.25,0.097,126.35
1304,-3.2006,50,0,-3.3214,2.0855,0.25,0.0838,126.43
1305,-3.8281,50,0,-3.319,2.0848,0.25,0.0923,126.52
1306,-0.0392,1,1,-3.3189,2.0849,0.25,0.0019,126.53
1307,-0.035,1,1,-3.2695,2.1035,0.26,0.0016,126.53
1308,-3.9779,50,0,-3.3088,2.0795,0.25,0.0887,126.62
1309,-2.9851,50,0,-3.3383,2.0537,0.24,0.0985,126.71
1310,-4.8828,50,0,-3.3867,2.0324,0.23,0.099,126.81
1311,-0.0183,1,1,-3.326,2.0413,0.24,0.0029,126.82
1312,-4.6404,50,0,-3.3721,2.0182,0.23,0.0941,126.91
1313,-0.0433,1,1,-3.3296,2.043,0.24,0.0021,126.91
1314,-5.8979,50,0,-3.3882,2.0319,0.23,0.0796,126.99
1315,-3.2755,50,0,-3.3757,2.0287,0.23,0.0874,127.08
1316,-4.7982,50,0,-3.394,2.0332,0.23,0.073,127.15
1317,-4.2796,50,0,-3.3929,2.0326,0.23,0.102,127.25
1318,-6.3887,50,0,-3.4221,2.0544,0.23,0.0971,127.35
1319,-6.7471,50,0,-3.444,2.0779,0.23,0.1108,127.46
1320,-5.9577,50,0,-3.4647,2.0925,0.23,0.097,127.56
1321,-4.1379,50,0,-3.4562,2.088,0.23,0.1039,127.66
1322,-2.7433,50,0,-3.4521,2.089,0.23,0.0916,127.75
1323,-3.4206,50,0,-3.4393,2.0852,0.23,0.0735,127.83
1324,-5.7721,50,0,-3.4967,2.0696,0.22,0.0889,127.92
1325,-3.0383,50,0,-3.5015,2.0679,0.22,0.1196,128.04
1326,-5.3557,50,0,-3.5132,2.0751,0.22,0.1004,128.14
1327,-0.0304,1,1,-3.4637,2.0983,0.23,0.0027,128.14
1328,-0.0201,1,1,-3.4301,2.1261,0.24,0.0025,128.14
1329,-4.4684,50,0,-3.4234,2.1218,0.24,0.9959,129.14
1330,-4.9159,50,0,-3.4259,2.1234,0.24,0.1164,129.25
1331,-4.8572,50,0,-3.4273,2.1243,0.24,0.1044,129.36
1332,-3.1622,50,0,-3.4334,2.1226,0.24,0.0908,129.45
1333,-4.073,50,0,-3.4246,2.1181,0.24,0.0994,129.55
1334,-3.8587,50,0,-3.4242,2.118,0.24,0.0846,129.63
1335,-4.3689,50,0,-3.4675,2.0925,0.23,0.1105,129.74
1336,-3.16,50,0,-3.4605,2.0924,0.23,0.094,129.84
1337,-3.5651,50,0,-3.4957,2.0641,0.22,0.0929,129.93
1338,-5.4044,50,0,-3.4942,2.0626,0.22,0.0925,130.02
1339,-0.0162,1,1,-3.4459,2.0868,0.23,0.0022,130.03
1340,-4.1503,50,0,-3.4345,2.0798,0.23,0.0851,130.11
1341,-4.1412,50,0,-3.4756,2.0525,0.22,0.087,130.2
1342,-4.9967,50,0,-3.4929,2.058,0.22,0.0921,130.29
1343,-0.0446,1,1,-3.4408,2.0785,0.23,0.0023,130.29
1344,-4.0552,50,0,-3.4307,2.0731,0.23,0.0825,130.37
1345,-0.0296,1,1,-3.4307,2.0729,0.23,0.0025,130.38
1346,-0.0431,1,1,-3.3777,2.091,0.24,0.0018,130.38
1347,-3.4355,50,0,-3.3819,2.0907,0.24,0.0876,130.47
1348,-4.4425,50,0,-3.379,2.089,0.24,0.0971,130.56
1349,-0.0482,1,1,-3.3331,2.1112,0.25,0.0025,130.57
1350,-2.7022,50,0,-3.318,2.1102,0.25,0.0957,130.66
1351,-4.8043,50,0,-3.3245,2.1138,0.25,0.0914,130.75
1352,-3.3214,50,0,-3.3323,2.1123,0.25,0.0908,130.84
1353,-4.9834,50,0,-3.3496,2.1187,0.25,0.0922,130.94
1354,-5.548,50,0,-3.3458,2.1145,0.25,0.0848,131.02
1355,-3.4922,50,0,-3.3325,2.1093,0.25,0.0894,131.11
1356,-3.6258,50,0,-3.3398,2.1091,0.25,0.0722,131.18
1357,-5.1984,50,0,-3.3913,2.0908,0.24,0.0859,131.27
1358,-0.0335,1,1,-3.3421,2.1112,0.25,0.0024,131.27
1359,-4.7998,50,0,-3.3609,2.1158,0.25,0.0965,131.37
1360,-3.5171,50,0,-3.3466,2.1098,0.25,0.1019,131.47
1361,-2.6093,50,0,-3.3193,2.1015,0.25,0.0887,131.56
1362,-0.0389,1,1,-3.2922,2.126,0.26,0.0031,131.56
1363,-0.0247,1,1,-3.2332,2.1341,0.27,0.0027,131.56
1364,-5.1266,50,0,-3.2503,2.1423,0.27,0.1027,131.67
1365,-4.595,50,0,-3.2373,2.1302,0.27,0.073,131.74
1366,-0.0398,1,1,-3.2373,2.1302,0.27,0.0017,131.74
1367,-4.4608,50,0,-3.2814,2.1093,0.26,0.1021,131.84
1368,-0.0339,1,1,-3.2469,2.1338,0.27,0.0026,131.85
1369,-5.7409,50,0,-3.2454,2.1319,0.27,0.0834,131.93
1370,-4.7392,50,0,-3.2473,2.1332,0.27,0.1117,132.04
1371,-3.7311,50,0,-3.2478,2.1333,0.27,0.089,132.13
1372,-2.6802,50,0,-3.2302,2.1306,0.27,0.097,132.23
1373,-3.7615,50,0,-3.2674,2.1071,0.26,0.0914,132.32
1374,-4.5127,50,0,-3.2691,2.108,0.26,0.0919,132.41
1375,-4.0373,50,0,-3.2624,2.1045,0.26,0.084,132.49
1376,-3.4778,50,0,-3.2967,2.0796,0.25,0.0949,132.59
1377,-5.0591,50,0,-3.302,2.0834,0.25,0.0863,132.68
1378,-0.0292,1,1,-3.302,2.0834,0.25,0.0019,132.68
1379,-4.7974,50,0,-3.3496,2.0627,0.24,0.0874,132.76
1380,-4.1293,50,0,-3.3362,2.0532,0.24,0.0859,132.85
1381,-0.0227,1,1,-3.336,2.0536,0.24,0.0024,132.85
1382,-0.024,1,1,-3.289,2.075,0.25,0.0028,132.86
1383,-5.0603,50,0,-3.3086,2.0824,0.25,1.0364,133.89
1384,-2.6395,50,0,-3.3346,2.0576,0.24,0.1037,134.0
1385,-0.0134,1,1,-3.3344,2.0579,0.24,0.0027,134.0
1386,-6.4029,50,0,-3.357,2.079,0.24,0.0971,134.1
1387,-9.3779,50,0,-3.4041,2.16,0.24,0.1146,134.21
1388,-4.2182,50,0,-3.396,2.1553,0.24,0.1017,134.31
1389,-2.8688,50,0,-3.3764,2.1511,0.24,0.0789,134.39
1390,-0.0205,1,1,-3.3495,2.176,0.25,0.0025,134.39
1391,-5.0613,50,0,-3.3678,2.1826,0.25,0.0943,134.49
1392,-3.5407,50,0,-3.3405,2.163,0.25,0.097,134.58
1393,-4.9847,50,0,-3.323,2.1425,0.25,0.0835,134.67
1394,-4.5834,50,0,-3.3684,2.1206,0.24,0.0921,134.76
1395,-0.04,1,1,-3.3683,2.1207,0.24,0.0022,134.76
1396,-5.0086,50,0,-3.3514,2.1006,0.24,0.0922,134.85
1397,-4.3054,50,0,-3.345,2.0967,0.24,0.0872,134.94
1398,-0.0459,1,1,-3.3451,2.0965,0.24,0.0018,134.94
1399,-0.0442,1,1,-3.3014,2.1192,0.25,0.0022,134.95
1400,-5.0358,50,0,-3.3138,2.1257,0.25,0.1077,135.05
1401,-4.2488,50,0,-3.3091,2.123,0.25,0.0948,135.15
1402,-2.7136,50,0,-3.3359,2.0982,0.24,0.1027,135.25
1403,-5.3688,50,0,-3.3403,2.1019,0.24,0.1007,135.35
1404,-3.5812,50,0,-3.3441,2.102,0.24,0.0873,135.44
1405,-3.8979,50,0,-3.3448,2.1022,0.24,0.0838,135.52
1406,-3.6176,50,0,-3.3806,2.0759,0.23,0.0856,135.61
1407,-5.1034,50,0,-3.4313,2.0554,0.22,0.0942,135.7
1408,-5.1322,50,0,-3.4428,2.0617,0.22,0.0994,135.8
1409,-4.6719,50,0,-3.4597,2.0647,0.22,0.0973,135.9
1410,-3.2833,50,0,-3.4437,2.0599,0.22,0.0911,135.99
1411,-6.6713,50,0,-3.5102,2.0556,0.21,0.1,136.09
1412,-5.1174,50,0,-3.515,2.0587,0.21,0.082,136.17
1413,-3.8597,50,0,-3.5532,2.0292,0.2,0.0881,136.26
1414,-3.2268,50,0,-3.5264,2.0157,0.2,0.085,136.35
1415,-0.0051,1,1,-3.4937,2.0458,0.21,0.0025,136.35
1416,-4.2623,50,0,-3.4884,2.0431,0.21,0.088,136.44
1417,-4.2737,50,0,-3.4883,2.0431,0.21,0.1013,136.54
1418,-4.6982,50,0,-3.4714,2.0259,0.21,0.0959,136.63
1419,-5.5153,50,0,-3.4591,2.0096,0.21,0.0897,136.72
1420,-4.5745,50,0,-3.4453,1.9971,0.21,0.0958,136.82
1421,-6.0095,50,0,-3.464,2.0122,0.21,0.1111,136.93
1422,-3.674,50,0,-3.4733,2.011,0.21,0.0971,137.03
1423,-3.2479,50,0,-3.4716,2.0111,0.21,0.0965,137.12
1424,-5.6049,50,0,-3.4699,2.0093,0.21,0.1033,137.23
1425,-4.7499,50,0,-3.487,2.0128,0.21,0.0953,137.32
1426,-4.6787,50,0,-3.4802,2.0077,0.21,0.0922,137.41
1427,-2.9065,50,0,-3.509,1.9784,0.2,0.0918,137.51
1428,-0.037,1,1,-3.5092,1.9781,0.2,0.0023,137.51
1429,-5.248,50,0,-3.517,1.9834,0.2,0.1015,137.61
1430,-5.6984,50,0,-3.5248,1.9905,0.2,1.0869,138.7
1431,-6.0145,50,0,-3.5364,2.0015,0.2,0.0994,138.8
1432,-3.2253,50,0,-3.537,2.0014,0.2,0.1055,138.9
1433,-0.021,1,1,-3.4965,2.0309,0.21,0.0024,138.9
1434,-0.038,1,1,-3.4583,2.0595,0.22,0.0022,138.91
1435,-5.1942,50,0,-3.4665,2.0648,0.22,0.09,139.0
1436,-3.7827,50,0,-3.4727,2.0648,0.22,0.0987,139.09
1437,-4.5819,50,0,-3.4829,2.0677,0.22,0.1103,139.2
1438,-3.8359,50,0,-3.4672,2.059,0.22,0.0943,139.3
1439,-5.1107,50,0,-3.5182,2.0359,0.21,0.0829,139.38
1440,-4.559,50,0,-3.5223,2.0376,0.21,0.0909,139.47
1441,-3.2818,50,0,-3.5137,2.0368,0.21,0.0954,139.57
1442,-5.3257,50,0,-3.517,2.0394,0.21,0.0955,139.66
1443,-5.0298,50,0,-3.5668,2.0147,0.2,0.1004,139.76
1444,-5.7903,50,0,-3.5842,2.0263,0.2,0.0978,139.86
1445,-4.3298,50,0,-3.6272,1.9958,0.19,0.1064,139.97
1446,-6.4562,50,0,-3.6913,1.9826,0.18,0.0963,140.06
1447,-3.1175,50,0,-3.6881,1.9832,0.18,0.104,140.17
1448,-3.8146,50,0,-3.6818,1.9818,0.18,0.0897,140.26
1449,-5.0506,50,0,-3.7319,1.9524,0.17,0.0853,140.34
1450,-3.7766,50,0,-3.7426,1.9497,0.17,0.0952,140.44
1451,-5.3559,50,0,-3.7481,1.9534,0.17,0.1054,140.54
1452,-5.956,50,0,-3.7745,1.9652,0.17,0.0921,140.64
1453,-4.8893,50,0,-3.7735,1.9647,0.17,0.086,140.72
1454,-3.5299,50,0,-3.7533,1.9567,0.17,0.0882,140.81
1455,-5.0469,50,0,-3.7689,1.9607,0.17,0.1162,140.93
1456,-3.8277,50,0,-3.7709,1.9607,0.17,0.0824,141.01
1457,-3.5985,50,0,-3.7549,1.9555,0.17,0.1134,141.12
1458,-3.8138,50,0,-3.7927,1.9194,0.16,0.1057,141.23
1459,-3.4256,50,0,-3.779,1.917,0.16,0.0901,141.32
1460,-4.9992,50,0,-3.7938,1.9207,0.16,0.0913,141.41
1461,-0.0362,1,1,-3.7681,1.9533,0.17,0.0025,141.41
1462,-3.4323,50,0,-3.802,1.9174,0.16,0.0881,141.5
1463,-3.9763,50,0,-3.8415,1.8795,0.15,0.0822,141.58
1464,-3.0995,50,0,-3.8212,1.8765,0.15,0.0934,141.68
1465,-0.0309,1,1,-3.7756,1.9122,0.16,0.002,141.68
1466,-3.2548,50,0,-3.8078,1.8758,0.15,0.0814,141.76
1467,-4.4166,50,0,-3.8073,1.8757,0.15,0.091,141.85
1468,-5.4018,50,0,-3.861,1.8435,0.14,0.0937,141.94
1469,-0.0201,1,1,-3.8038,1.8728,0.15,0.0026,141.95
1470,-3.9515,50,0,-3.7959,1.8705,0.15,0.1027,142.05
1471,-4.6569,50,0,-3.8052,1.8724,0.15,0.0991,142.15
1472,-4.2566,50,0,-3.8209,1.8695,0.15,0.1026,142.25
1473,-4.875,50,0,-3.8321,1.8725,0.15,0.0946,142.35
1474,-0.0391,1,1,-3.7873,1.9088,0.16,0.0019,142.35
1475,-2.944,50,0,-3.7764,1.9104,0.16,0.0917,142.44
1476,-3.3586,50,0,-3.7752,1.9106,0.16,0.0922,142.53
1477,-5.3882,50,0,-3.7785,1.9131,0.16,1.0735,143.6
1478,-5.2094,50,0,-3.8303,1.8808,0.15,0.1031,143.71
1479,-0.0203,1,1,-3.7825,1.9159,0.16,0.0029,143.71
1480,-3.3309,50,0,-3.7745,1.9161,0.16,0.0969,143.81
1481,-4.9513,50,0,-3.8238,1.8821,0.15,0.0825,143.89
1482,-5.6759,50,0,-3.8803,1.8517,0.14,0.0985,143.99
1483,-0.0238,1,1,-3.83,1.8871,0.15,0.0027,143.99
1484,-5.8934,50,0,-3.8625,1.8944,0.15,0.096,144.09
1485,-0.0444,1,1,-3.8628,1.8937,0.15,0.0029,144.09
1486,-3.8826,50,0,-3.8376,1.8764,0.15,0.0853,144.18
1487,-5.5888,50,0,-3.7997,1.8009,0.15,0.0761,144.25
1488,-0.0385,1,1,-3.7579,1.8388,0.16,0.0025,144.25
1489,-4.7656,50,0,-3.7769,1.8393,0.16,0.095,144.35
1490,-5.1686,50,0,-3.8284,1.8052,0.15,0.0941,144.44
1491,-4.6214,50,0,-3.824,1.8027,0.15,0.0889,144.53
1492,-4.5936,50,0,-3.8345,1.8041,0.15,0.0888,144.62
1493,-2.6475,50,0,-3.8111,1.8042,0.15,0.5576,145.18
1494,-4.7192,50,0,-3.8125,1.8048,0.15,0.0912,145.27
1495,-3.8885,50,0,-3.851,1.7646,0.14,0.0882,145.36
1496,-3.5269,50,0,-3.8362,1.761,0.14,0.0947,145.45
1497,-0.0429,1,1,-3.7935,1.8003,0.15,0.0019,145.45
1498,-6.0741,50,0,-3.8538,1.7745,0.14,0.1041,145.56
1499,-2.6934,50,0,-3.8803,1.7368,0.13,0.0931,145.65
1500,-3.5637,50,0,-3.8656,1.7332,0.13,0.0897,145.74
1501,-4.8331,50,0,-3.8714,1.7355,0.13,0.0761,145.82
1502,-3.7167,50,0,-3.8815,1.7317,0.13,0.0994,145.92
1503,-3.2457,50,0,-3.8602,1.7263,0.13,0.0983,146.02
1504,-0.0399,1,1,-3.8248,1.7675,0.14,0.0024,146.02
1505,-5.3415,50,0,-3.8393,1.7739,0.14,0.0964,146.11
1506,-0.0422,1,1,-3.8035,1.8136,0.15,0.0022,146.12
1507,-3.6626,50,0,-3.7891,1.8089,0.15,0.0932,146.21
1508,-2.8662,50,0,-3.7664,1.8062,0.15,0.1033,146.31
1509,-0.0481,1,1,-3.7202,1.8412,0.16,0.0018,146.31
1510,-3.2162,50,0,-3.7195,1.8414,0.16,0.085,146.4
1511,-3.2657,50,0,-3.6855,1.8178,0.16,0.0864,146.49
1512,-0.0038,1,1,-3.6343,1.8485,0.17,0.0021,146.49
1513,-4.0171,50,0,-3.6359,1.8488,0.17,0.098,146.59
1514,-4.7061,50,0,-3.6507,1.8513,0.17,0.0824,146.67
1515,-4.8971,50,0,-3.6996,1.8187,0.16,0.0921,146.76
1516,-5.3022,50,0,-3.71,1.8249,0.16,0.0899,146.85
1517,-3.1261,50,0,-3.6986,1.8249,0.16,0.0908,146.94
1518,-5.3103,50,0,-3.7047,1.8293,0.16,0.0881,147.03
1519,-3.5058,50,0,-3.6846,1.8203,0.16,0.1087,147.14
1520,-5.2564,50,0,-3.6914,1.8249,0.16,0.1047,147.24
1521,-5.537,50,0,-3.6867,1.8195,0.16,0.0971,147.34
1522,-4.6224,50,0,-3.6962,1.8218,0.16,0.0952,147.44
1523,-5.2848,50,0,-3.7165,1.8281,0.16,0.1086,147.54
1524,-0.0421,1,1,-3.6609,1.8542,0.17,0.004,147.55
1525,-3.6337,50,0,-3.6497,1.851,0.17,0.0954,147.64
1526,-4.4611,50,0,-3.6476,1.8499,0.17,0.1047,147.75
1527,-4.2468,50,0,-3.661,1.8494,0.17,0.1024,147.85
1528,-4.5473,50,0,-3.7061,1.8151,0.16,1.0931,148.94
1529,-3.1926,50,0,-3.6855,1.8092,0.16,0.1114,149.06
1530,-4.3698,50,0,-3.6722,1.7992,0.16,0.1293,149.18
1531,-2.6439,50,0,-3.6385,1.7865,0.16,0.1145,149.3
1532,-4.1445,50,0,-3.6477,1.7867,0.16,0.0932,149.39
1533,-3.2469,50,0,-3.68,1.7497,0.15,0.0828,149.47
1534,-0.032,1,1,-3.6799,1.7498,0.15,0.0023,149.48
1535,-5.0957,50,0,-3.6789,1.749,0.15,0.0943,149.57
1536,-3.9885,50,0,-3.681,1.7492,0.15,0.0947,149.67
1537,-6.1551,50,0,-3.6967,1.7643,0.15,0.0841,149.75
1538,-2.6314,50,0,-3.6847,1.7674,0.15,0.0933,149.84
1539,-2.7703,50,0,-3.6613,1.7638,0.15,0.0805,149.92
1540,-0.0145,1,1,-3.6158,1.7983,0.16,0.0018,149.93
1541,-5.2289,50,0,-3.6353,1.8051,0.16,0.0969,150.02
1542,-5.5892,50,0,-3.6379,1.8078,0.16,0.1219,150.14
1543,-3.8819,50,0,-3.6264,1.8026,0.16,0.0975,150.24
1544,-3.2678,50,0,-3.6012,1.7897,0.16,0.0939,150.34
1545,-2.8742,50,0,-3.5867,1.7896,0.16,0.1013,150.44
1546,-4.7451,50,0,-3.5696,1.7702,0.16,0.0876,150.53
1547,-4.2774,50,0,-3.5812,1.771,0.16,0.0966,150.62
1548,-4.9973,50,0,-3.593,1.7765,0.16,0.1107,150.73
1549,-5.4445,50,0,-3.5969,1.7801,0.16,0.1018,150.83
1550,-3.4226,50,0,-3.5934,1.7801,0.16,0.0943,150.93
1551,-4.5846,50,0,-3.5857,1.7741,0.16,0.0945,151.02
1552,-3.8454,50,0,-3.5646,1.7583,0.16,0.1075,151.13
1553,-5.4785,50,0,-3.5705,1.7637,0.16,0.1008,151.23
1554,-3.9146,50,0,-3.5743,1.764,0.16,0.0933,151.32
1555,-4.1938,50,0,-3.5658,1.7589,0.16,0.0872,151.41
1556,-3.2412,50,0,-3.5599,1.759,0.16,0.0916,151.5
1557,-4.3798,50,0,-3.5677,1.7609,0.16,0.1011,151.6
1558,-5.0382,50,0,-3.58,1.7668,0.16,0.0823,151.69
1559,-3.922,50,0,-3.5849,1.7671,0.16,0.0819,151.77
1560,-5.6003,50,0,-3.5909,1.7729,0.16,0.0888,151.86
1561,-6.3473,50,0,-3.654,1.7575,0.15,0.0901,151.95
1562,-5.5078,50,0,-3.6748,1.767,0.15,0.0995,152.05
1563,-0.0439,1,1,-3.6355,1.8032,0.16,0.0024,152.05
1564,-0.0461,1,1,-3.6049,1.8376,0.17,0.0021,152.05
1565,-4.21,50,0,-3.6467,1.803,0.16,0.102,152.15
1566,-0.0392,1,1,-3.6146,1.838,0.17,0.0018,152.16
1567,-2.768,50,0,-3.5981,1.8382,0.17,0.0929,152.25
1568,-0.0334,1,1,-3.5444,1.8629,0.18,0.0032,152.25
1569,-4.1877,50,0,-3.5861,1.8299,0.17,0.1187,152.37
1570,-3.4055,50,0,-3.5806,1.8297,0.17,0.0869,152.46
1571,-3.8825,50,0,-3.5729,1.8267,0.17,0.0932,152.55
1572,-4.0666,50,0,-3.571,1.8261,0.17,0.0969,152.65
1573,-0.0359,1,1,-3.5226,1.8548,0.18,0.0019,152.65
1574,-3.5539,50,0,-3.5577,1.8215,0.17,0.1076,152.76
1575,-2.5837,50,0,-3.5541,1.823,0.17,0.1071,152.86
1576,-3.4541,50,0,-3.5551,1.8229,0.17,1.0548,153.92
1577,-0.0277,1,1,-3.5015,1.8469,0.18,0.0024,153.92
1578,-4.4465,50,0,-3.4939,1.8414,0.18,0.1077,154.03
1579,-4.7754,50,0,-3.5414,1.8123,0.17,0.1007,154.13
1580,-5.8202,50,0,-3.5663,1.8262,0.17,0.1138,154.24
1581,-3.9962,50,0,-3.5567,1.8215,0.17,0.1058,154.35
1582,-4.7877,50,0,-3.5479,1.8133,0.17,0.0964,154.45
1583,-0.026,1,1,-3.5479,1.8132,0.17,0.0027,154.45
1584,-4.9342,50,0,-3.5383,1.8033,0.17,0.0907,154.54
1585,-0.0274,1,1,-3.5381,1.8036,0.17,0.0023,154.54
1586,-0.0192,1,1,-3.4995,1.8369,0.18,0.0049,154.55
1587,-6.1296,50,0,-3.5049,1.8438,0.18,0.0922,154.64
1588,-4.2188,50,0,-3.5467,1.8119,0.17,0.0939,154.73
1589,-0.0471,1,1,-3.4995,1.8407,0.18,0.0031,154.74
1590,-2.9407,50,0,-3.4772,1.8339,0.18,0.0922,154.83
1591,-0.0354,1,1,-3.4314,1.8618,0.19,0.0023,154.83
1592,-4.9679,50,0,-3.4351,1.8645,0.19,0.1034,154.93
1593,-4.2365,50,0,-3.451,1.8645,0.19,0.1065,155.04
1594,-0.0493,1,1,-3.4043,1.8905,0.2,0.003,155.04
1595,-4.2489,50,0,-3.4079,1.8917,0.2,0.0845,155.13
1596,-4.1025,50,0,-3.4137,1.8929,0.2,0.1095,155.24
1597,-4.0728,50,0,-3.454,1.8634,0.19,0.098,155.33
1598,-5.333,50,0,-3.4466,1.8544,0.19,0.0921,155.43
1599,-3.6777,50,0,-3.4564,1.853,0.19,0.1015,155.53
1600,-3.4331,50,0,-3.4551,1.853,0.19,0.0949,155.62
1601,-2.9789,50,0,-3.4366,1.8484,0.19,0.0907,155.71
1602,-3.1702,50,0,-3.4311,1.8484,0.19,0.1111,155.83
1603,-0.0263,1,1,-3.3989,1.8791,0.2,0.0019,155.83
1604,-0.0162,1,1,-3.3987,1.8795,0.2,0.0018,155.83
1605,-4.408,50,0,-3.3893,1.8721,0.2,0.0923,155.92
1606,-5.512,50,0,-3.444,1.8534,0.19,0.0896,156.01
1607,-0.0133,1,1,-3.4075,1.8844,0.2,0.0021,156.01
1608,-2.7896,50,0,-3.4068,1.8846,0.2,0.0947,156.11
1609,-0.0264,1,1,-3.4065,1.885,0.2,0.0023,156.11
1610,-2.9936,50,0,-3.4043,1.8853,0.2,0.0923,156.2
1611,-0.0443,1,1,-3.3721,1.9147,0.21,0.0018,156.2
1612,-2.9292,50,0,-3.4014,1.8852,0.2,0.0897,156.29
1613,-6.4904,50,0,-3.4261,1.9092,0.2,0.0881,156.38
1614,-5.1177,50,0,-3.4302,1.9123,0.2,0.0822,156.46
1615,-0.0472,1,1,-3.3817,1.9359,0.21,0.0027,156.47
1616,-4.1277,50,0,-3.37,1.9277,0.21,0.1004,156.57
1617,-4.5598,50,0,-3.3843,1.9312,0.21,0.1125,156.68
1618,-3.8323,50,0,-3.3695,1.922,0.21,0.0958,156.78
1619,-6.1061,50,0,-3.3955,1.9412,0.21,0.0857,156.86
1620,-4.9428,50,0,-3.3924,1.9384,0.21,0.0827,156.94
1621,-3.862,50,0,-3.3756,1.927,0.21,0.0928,157.04
1622,-3.1949,50,0,-3.3614,1.923,0.21,0.0948,157.13
1623,-3.3362,50,0,-3.3419,1.9133,0.21,0.1141,157.25
1624,-0.0302,1,1,-3.3418,1.9135,0.21,0.003,157.25
1625,-0.0427,1,1,-3.3059,1.9412,0.22,0.0029,157.25
1626,-2.834,50,0,-3.2896,1.9383,0.22,0.1095,157.36
1627,-0.0354,1,1,-3.2475,1.9626,0.23,0.0023,157.36
1628,-0.0282,1,1,-3.2023,1.9841,0.24,0.0026,157.37
1629,-4.9899,50,0,-3.2202,1.992,0.24,0.0841,157.45
1630,-0.0444,1,1,-3.177,2.0134,0.25,0.0018,157.45
1631,-3.5181,50,0,-3.1857,2.013,0.25,0.102,157.55
1632,-3.0062,50,0,-3.1744,2.0108,0.25,0.1086,157.66
1633,-2.7913,50,0,-3.1698,2.0111,0.25,0.084,157.75
1634,-2.9256,50,0,-3.1987,1.9864,0.24,1.1074,158.85
1635,-4.9563,50,0,-3.1973,1.9851,0.24,0.1159,158.97
1636,-3.8605,50,0,-3.1961,1.9847,0.24,0.0846,159.05
1637,-3.37,50,0,-3.1682,1.9624,0.24,0.104,159.16
1638,-0.0236,1,1,-3.1421,1.9865,0.25,0.0022,159.16
1639,-3.6073,50,0,-3.1505,1.9867,0.25,0.0827,159.24
1640,-4.5268,50,0,-3.1956,1.9661,0.24,0.1067,159.35
1641,-3.5653,50,0,-3.179,1.9558,0.24,0.1021,159.45
1642,-3.8085,50,0,-3.1612,1.9418,0.24,0.0911,159.54
1643,-2.8428,50,0,-3.1508,1.9407,0.24,0.0967,159.64
1644,-3.345,50,0,-3.1516,1.9408,0.24,0.0763,159.72
1645,-3.8042,50,0,-3.1609,1.9417,0.24,0.0827,159.8
1646,-3.7199,50,0,-3.1506,1.936,0.24,0.0826,159.88
1647,-3.3881,50,0,-3.1417,1.9328,0.24,0.1006,159.98
1648,-4.5645,50,0,-3.1374,1.9291,0.24,0.1086,160.09
1649,-3.0223,50,0,-3.1132,1.9152,0.24,0.1116,160.2
1650,-3.2301,50,0,-3.1112,1.915,0.24,0.081,160.28
1651,-3.6401,50,0,-3.1018,1.91,0.24,0.0932,160.38
1652,-5.5242,50,0,-3.1186,1.9238,0.24,0.1121,160.49
1653,-4.4122,50,0,-3.1079,1.9136,0.24,0.1108,160.6
1654,-4.0315,50,0,-3.1091,1.9141,0.24,0.0861,160.69
1655,-2.5688,50,0,-3.0928,1.9118,0.24,0.0983,160.78
1656,-5.0758,50,0,-3.1112,1.9219,0.24,0.0884,160.87
1657,-4.8424,50,0,-3.1158,1.9255,0.24,0.1033,160.98
1658,-4.6669,50,0,-3.1121,1.9221,0.24,0.0885,161.06
1659,-0.0241,1,1,-3.0731,1.9447,0.25,0.0029,161.07
1660,-4.2704,50,0,-3.0598,1.9319,0.25,0.1017,161.17
1661,-4.9512,50,0,-3.0459,1.913,0.25,0.1056,161.27
1662,-3.9034,50,0,-3.0298,1.899,0.25,0.122,161.4
1663,-3.3772,50,0,-3.0631,1.8754,0.24,0.1117,161.51
1664,-6.3306,50,0,-3.126,1.8785,0.23,0.0955,161.6
1665,-0.05,1,1,-3.0844,1.9,0.24,0.0036,161.61
1666,-4.3157,50,0,-3.1272,1.879,0.23,0.0866,161.69
1667,-0.0373,1,1,-3.0999,1.9037,0.24,0.0026,161.7
1668,-3.1258,50,0,-3.1308,1.8786,0.23,0.0877,161.78
1669,-4.6015,50,0,-3.1349,1.8813,0.23,0.0949,161.88
1670,-2.5199,50,0,-3.1261,1.8821,0.23,0.0902,161.97
1671,-2.6704,50,0,-3.1139,1.8811,0.23,0.1054,162.07
1672,-3.7846,50,0,-3.1111,1.8799,0.23,0.0971,162.17
1673,-0.003,1,1,-3.1108,1.8804,0.23,0.003,162.17
1674,-4.2406,50,0,-3.1177,1.8833,0.23,0.0939,162.27
1675,-4.0074,50,0,-3.1319,1.8846,0.23,0.1069,162.37
1676,-0.0254,1,1,-3.0976,1.9094,0.24,0.0023,162.38
1677,-4.8327,50,0,-3.1457,1.892,0.23,0.1023,162.48
1678,-5.7392,50,0,-3.1586,1.9052,0.23,0.0957,162.58
1679,-3.2327,50,0,-3.1432,1.8983,0.23,0.1105,162.69
1680,-4.9384,50,0,-3.1343,1.8878,0.23,0.0767,162.76
1681,-4.3499,50,0,-3.1379,1.8898,0.23,0.9625,163.72
1682,-2.7396,50,0,-3.1174,1.8829,0.23,0.0994,163.82
1683,-4.2701,50,0,-3.1598,1.8604,0.22,0.0931,163.92
1684,-5.532,50,0,-3.1658,1.867,0.22,0.087,164.0
1685,-3.8446,50,0,-3.204,1.8413,0.21,0.082,164.09
1686,-0.0461,1,1,-3.2043,1.8409,0.21,0.0025,164.09
1687,-4.5628,50,0,-3.1886,1.8225,0.21,0.0951,164.18
1688,-3.9219,50,0,-3.1856,1.821,0.21,0.0974,164.28
1689,-4.2206,50,0,-3.2273,1.7963,0.2,0.1041,164.39
1690,-2.6537,50,0,-3.2245,1.797,0.2,0.0843,164.47
1691,-2.5834,50,0,-3.25,1.7694,0.19,0.0787,164.55
1692,-4.8447,50,0,-3.2487,1.7683,0.19,0.1041,164.65
1693,-3.5071,50,0,-3.2414,1.7657,0.19,0.0963,164.75
1694,-3.9141,50,0,-3.2801,1.7375,0.18,0.0881,164.84
1695,-4.5606,50,0,-3.2832,1.7395,0.18,0.0873,164.92
1696,-2.9685,50,0,-3.2719,1.7378,0.18,0.0984,165.02
1697,-4.849,50,0,-3.2796,1.7431,0.18,0.0911,165.11
1698,-3.0249,50,0,-3.2565,1.731,0.18,0.105,165.22
1699,-4.9806,50,0,-3.2696,1.739,0.18,0.1101,165.33
1700,-3.5782,50,0,-3.271,1.7392,0.18,0.1137,165.44
1701,-0.043,1,1,-3.2417,1.7684,0.19,0.0056,165.45
1702,-3.4504,50,0,-3.2445,1.7685,0.19,0.0844,165.53
1703,-3.9665,50,0,-3.2839,1.74,0.18,0.098,165.63
1704,-4.702,50,0,-3.3307,1.7143,0.17,0.1013,165.73
1705,-5.0433,50,0,-3.3371,1.7194,0.17,0.0952,165.83
1706,-4.3829,50,0,-3.3258,1.7088,0.17,0.1013,165.93
1707,-4.4617,50,0,-3.3703,1.6796,0.16,0.0985,166.03
1708,-0.041,1,1,-3.3428,1.7111,0.17,0.003,166.03
1709,-4.6121,50,0,-3.3886,1.6828,0.16,0.0994,166.13
1710,-15.0785,50,0,-3.5095,2.0451,0.16,0.115,166.24
1711,-3.8175,50,0,-3.5472,2.0154,0.15,0.0926,166.34
1712,-3.7511,50,0,-3.5554,2.0145,0.15,0.0973,166.43
1713,-6.3982,50,0,-3.5545,2.0132,0.15,0.1098,166.54
1714,-3.638,50,0,-3.5397,2.0071,0.15,0.0926,166.64
1715,-4.6599,50,0,-3.5858,1.9791,0.14,0.0963,166.73
1716,-5.1854,50,0,-3.5964,1.9848,0.14,0.0904,166.82
1717,-4.5306,50,0,-3.5961,1.9846,0.14,0.1003,166.92
1718,-4.1268,50,0,-3.5991,1.9852,0.14,0.0843,167.01
1719,-6.615,50,0,-3.6042,1.9923,0.14,0.084,167.09
1720,-0.02,1,1,-3.5549,2.0192,0.15,0.0026,167.09
1721,-6.5934,50,0,-3.5823,2.0415,0.15,0.0978,167.19
1722,-0.0343,1,1,-3.5506,2.0715,0.16,0.004,167.2
1723,-2.8024,50,0,-3.5453,2.0728,0.16,0.0918,167.29
1724,-2.7409,50,0,-3.5724,2.0442,0.15,0.1046,167.39
1725,-5.6488,50,0,-3.6285,2.0233,0.14,0.1023,167.5
1726,-5.4629,50,0,-3.6548,2.0299,0.14,0.077,167.57
1727,-0.0057,1,1,-3.6545,2.0305,0.14,0.0017,167.57
1728,-5.0979,50,0,-3.7052,2.0024,0.13,1.0231,168.6
1729,-5.7678,50,0,-3.7129,2.0089,0.13,0.1047,168.7
1730,-3.9603,50,0,-3.7521,1.9748,0.12,0.1162,168.82
1731,-0.0423,1,1,-3.7173,2.0089,0.13,0.0027,168.82
1732,-4.1863,50,0,-3.7291,2.0082,0.13,0.0852,168.91
1733,-0.0331,1,1,-3.7016,2.0396,0.14,0.0017,168.91
1734,-0.0493,1,1,-3.6728,2.0704,0.15,0.0017,168.91
1735,-3.3242,50,0,-3.6565,2.0666,0.15,0.0718,168.98
1736,-6.5681,50,0,-3.6836,2.0868,0.15,0.0897,169.07
1737,-6.0376,50,0,-3.7102,2.0996,0.15,0.082,169.15
1738,-5.2829,50,0,-3.7628,2.0723,0.14,0.899,170.05
1739,-0.0216,1,1,-3.727,2.1054,0.15,0.0023,170.05
1740,-5.0636,50,0,-3.7323,2.1081,0.15,0.0935,170.15
1741,-4.0228,50,0,-3.7369,2.1083,0.15,0.0952,170.24
1742,-3.9749,50,0,-3.7386,2.1084,0.15,0.086,170.33
1743,-6.1403,50,0,-3.7716,2.1199,0.15,0.1071,170.44
1744,-3.9987,50,0,-3.7781,2.1195,0.15,0.0841,170.52
1745,-0.0267,1,1,-3.7403,2.1522,0.16,0.0026,170.52
1746,-3.4048,50,0,-3.7372,2.1524,0.16,0.0881,170.61
1747,-0.018,1,1,-3.7035,2.1838,0.17,0.0027,170.61
1748,-2.8345,50,0,-3.6862,2.1837,0.17,0.0789,170.69
1749,-0.0316,1,1,-3.6563,2.2129,0.18,0.0021,170.69
1750,-4.9658,50,0,-3.6736,2.2163,0.18,0.0977,170.79
1751,-4.3846,50,0,-3.6811,2.2174,0.18,0.0853,170.88
1752,-3.9464,50,0,-3.6653,2.2099,0.18,0.0826,170.96
1753,-0.0256,1,1,-3.6214,2.238,0.19,0.002,170.96
1754,-3.4119,50,0,-3.6152,2.2377,0.19,0.0913,171.05
1755,-5.1751,50,0,-3.6413,2.2405,0.19,0.0783,171.13
1756,-4.8204,50,0,-3.6387,2.239,0.19,0.0991,171.23
1757,-4.1697,50,0,-3.632,2.2364,0.19,0.0929,171.32
1758,-4.9658,50,0,-3.635,2.238,0.19,0.1058,171.43
1759,-2.8233,50,0,-3.663,2.21,0.18,0.0902,171.52
1760,-3.8994,50,0,-3.6593,2.2093,0.18,0.0971,171.62
1761,-4.986,50,0,-3.6596,2.2095,0.18,0.0935,171.71
1762,-3.2399,50,0,-3.653,2.2097,0.18,0.0906,171.8
1763,-2.9017,50,0,-3.6482,2.2108,0.18,0.102,171.9
1764,-0.04,1,1,-3.5853,2.2231,0.19,0.0052,171.91
1765,-3.9963,50,0,-3.6248,2.1948,0.18,0.0892,172.0
1766,-4.9843,50,0,-3.6315,2.1979,0.18,0.0797,172.08
1767,-4.717,50,0,-3.6783,2.1705,0.17,0.0798,172.16
1768,-2.5298,50,0,-3.6723,2.1729,0.17,0.0904,172.25
1769,-5.0538,50,0,-3.6768,2.1753,0.17,0.0917,172.34
1770,-3.7697,50,0,-3.6893,2.1722,0.17,0.0877,172.43
1771,-2.6003,50,0,-3.6886,2.1725,0.17,0.0861,172.51
1772,-0.0415,1,1,-3.6512,2.2026,0.18,0.0021,172.51
1773,-6.2149,50,0,-3.7133,2.1863,0.17,0.1012,172.62
1774,-4.4781,50,0,-3.7157,2.187,0.17,0.098,172.71
1775,-5.8559,50,0,-3.7342,2.1972,0.17,0.0792,172.79
1776,-3.6818,50,0,-3.7707,2.1654,0.16,0.0993,172.89
1777,-0.0336,1,1,-3.7228,2.1943,0.17,0.0032,172.9
1778,-3.5097,50,0,-3.7005,2.185,0.17,0.0905,172.99
1779,-3.1009,50,0,-3.6991,2.1853,0.17,0.0849,173.07
1780,-3.6871,50,0,-3.6866,2.1818,0.17,1.0246,174.1
1781,-4.8503,50,0,-3.6916,2.1839,0.17,0.0963,174.19
1782,-0.0436,1,1,-3.6647,2.2119,0.18,0.0024,174.19
1783,-3.3435,50,0,-3.6554,2.2113,0.18,0.0886,174.28
1784,-5.0841,50,0,-3.6509,2.2079,0.18,0.1017,174.38
1785,-0.0437,1,1,-3.6129,2.2368,0.19,0.0029,174.39
1786,-4.3874,50,0,-3.6563,2.2091,0.18,0.1062,174.49
1787,-3.4668,50,0,-3.6454,2.2073,0.18,0.09,174.58
1788,-5.5392,50,0,-3.6615,2.2152,0.18,0.1017,174.69
1789,-5.9329,50,0,-3.6787,2.226,0.18,0.0915,174.78
1790,-8.5278,50,0,-3.7374,2.2752,0.18,0.0821,174.86
1791,-6.1051,50,0,-3.7726,2.2843,0.18,0.0995,174.96
1792,-0.0358,1,1,-3.7245,2.3117,0.19,0.002,174.96
1793,-3.2958,50,0,-3.7224,2.3119,0.19,0.1053,175.07
1794,-4.3262,50,0,-3.7265,2.3127,0.19,0.0918,175.16
1795,-4.2084,50,0,-3.723,2.3116,0.19,0.0981,175.26
1796,-4.9938,50,0,-3.7433,2.3138,0.19,0.1031,175.36
1797,-4.3242,50,0,-3.738,2.3119,0.19,0.0933,175.45
1798,-4.9133,50,0,-3.7569,2.3137,0.19,0.0974,175.55
1799,-0.0221,1,1,-3.7073,2.3399,0.2,0.0025,175.55
1800,-2.5623,50,0,-3.6972,2.3427,0.2,0.0767,175.63
1801,-3.4979,50,0,-3.7317,2.3138,0.19,0.0874,175.72
1802,-3.5746,50,0,-3.733,2.3137,0.19,0.0965,175.81
1803,-3.6663,50,0,-3.73,2.3136,0.19,0.0864,175.9
1804,-3.9392,50,0,-3.7223,2.3116,0.19,0.1019,176.0
1805,-3.5407,50,0,-3.7073,2.3079,0.19,0.0817,176.08
1806,-4.6965,50,0,-3.7104,2.309,0.19,0.0869,176.17
1807,-3.8133,50,0,-3.704,2.3078,0.19,0.093,176.26
1808,-2.8558,50,0,-3.7321,2.28,0.18,0.0833,176.35
1809,-4.5656,50,0,-3.7316,2.2798,0.18,0.0827,176.43
1810,-5.3263,50,0,-3.6341,1.9814,0.18,0.1044,176.53
1811,-0.0307,1,1,-3.5962,2.0134,0.19,0.0026,176.54
1812,-0.0486,1,1,-3.5592,2.044,0.2,0.0022,176.54
1813,-4.4321,50,0,-3.5396,2.026,0.2,0.1023,176.64
1814,-5.0597,50,0,-3.5538,2.0316,0.2,0.1003,176.74
1815,-3.9819,50,0,-3.547,2.0291,0.2,0.1042,176.84
1816,-3.9911,50,0,-3.5351,2.0229,0.2,0.0866,176.93
1817,-0.0132,1,1,-3.4899,2.0504,0.21,0.0022,176.93
1818,-2.5847,50,0,-3.4745,2.0514,0.21,0.0816,177.01
1819,-4.329,50,0,-3.4516,2.0289,0.21,0.0974,177.11
1820,-3.409,50,0,-3.4855,1.9993,0.2,0.0922,177.2
1821,-4.3112,50,0,-3.4627,1.9766,0.2,0.1191,177.32
1822,-5.0536,50,0,-3.5129,1.9525,0.19,0.0792,177.4
1823,-4.6505,50,0,-3.5313,1.9544,0.19,0.0893,177.49
1824,-4.2467,50,0,-3.5464,1.9541,0.19,0.096,177.59
1825,-5.3225,50,0,-3.5431,1.9509,0.19,0.0823,177.67
1826,-4.7173,50,0,-3.5357,1.9449,0.19,0.0921,177.76
1827,-5.0433,50,0,-3.5861,1.9179,0.18,0.0858,177.85
1828,-5.2168,50,0,-3.5872,1.9189,0.18,0.9683,178.82
1829,-5.6349,50,0,-3.5859,1.9174,0.18,0.0876,178.9
1830,-3.6751,50,0,-3.5831,1.9171,0.18,0.1017,179.01
1831,-0.0497,1,1,-3.5831,1.9169,0.18,0.0031,179.01
1832,-4.0128,50,0,-3.5814,1.9164,0.18,0.1009,179.11
1833,-5.0318,50,0,-3.6314,1.8882,0.17,0.0873,179.2
1834,-4.1016,50,0,-3.6719,1.8541,0.16,0.0866,179.28
1835,-4.0731,50,0,-3.6794,1.8542,0.16,0.0923,179.38
1836,-3.5889,50,0,-3.6496,1.8313,0.16,0.1027,179.48
1837,-3.0027,50,0,-3.6193,1.8166,0.16,0.0913,179.57
1838,-0.0098,1,1,-3.5665,1.8439,0.17,0.0036,179.57
1839,-6.1922,50,0,-3.6282,1.8274,0.16,0.1097,179.68
1840,-4.6906,50,0,-3.6245,1.8248,0.16,0.1156,179.8
1841,-2.5672,50,0,-3.6099,1.8274,0.16,0.0864,179.89
1842,-2.7887,50,0,-3.5981,1.8288,0.16,0.0968,179.98
1843,-3.5869,50,0,-3.5726,1.8109,0.16,0.0877,180.07
1844,-3.482,50,0,-3.5674,1.8104,0.16,0.0913,180.16
1845,-0.0309,1,1,-3.5674,1.8103,0.16,0.0023,180.16
1846,-3.2322,50,0,-3.5657,1.8106,0.16,0.0902,180.25
1847,-5.1562,50,0,-3.6171,1.7818,0.15,0.0924,180.35
1848,-0.022,1,1,-3.589,1.8158,0.16,0.0029,180.35
1849,-0.0432,1,1,-3.5891,1.8156,0.16,0.0027,180.35
1850,-0.042,1,1,-3.5398,1.8441,0.17,0.003,180.35
1851,-10.8499,50,0,-3.6045,1.9809,0.17,0.0968,180.45
1852,-3.6216,50,0,-3.6012,1.9806,0.17,0.0978,180.55
1853,-2.5836,50,0,-3.6268,1.9505,0.16,0.0948,180.64
1854,-5.5445,50,0,-3.6481,1.9597,0.16,0.111,180.76
1855,-5.1464,50,0,-3.6479,1.9595,0.16,0.0922,180.85
1856,-3.005,50,0,-3.6297,1.9569,0.16,0.0995,180.95
1857,-4.8727,50,0,-3.6367,1.9601,0.16,0.0796,181.03
1858,-4.8109,50,0,-3.6352,1.9591,0.16,0.1058,181.13
1859,-4.1068,50,0,-3.648,1.958,0.16,0.1096,181.24
1860,-3.9263,50,0,-3.6483,1.958,0.16,0.0994,181.34
1861,-0.0459,1,1,-3.5989,1.9858,0.17,0.0024,181.34
1862,-3.0664,50,0,-3.5972,1.9862,0.17,0.0967,181.44
1863,-0.0433,1,1,-3.5686,2.0163,0.18,0.002,181.44
1864,-0.0271,1,1,-3.5684,2.0165,0.18,0.0016,181.44
1865,-4.9783,50,0,-3.5783,2.021,0.18,0.0971,181.54
1866,-4.3625,50,0,-3.572,2.0176,0.18,0.098,181.64
1867,-0.0157,1,1,-3.525,2.045,0.19,0.0028,181.64
1868,-5.8742,50,0,-3.5585,2.0557,0.19,0.1106,181.75
1869,-0.0148,1,1,-3.5081,2.0801,0.2,0.0033,181.76
1870,-0.0242,1,1,-3.4706,2.1085,0.21,0.0027,181.76
1871,-4.9963,50,0,-3.4946,2.1121,0.21,0.0871,181.85
1872,-0.0396,1,1,-3.4946,2.1122,0.21,0.0023,181.85
1873,-3.4062,50,0,-3.4665,2.0944,0.21,0.1106,181.96
1874,-4.3505,50,0,-3.4652,2.0938,0.21,0.0903,182.05
1875,-0.0364,1,1,-3.407,2.1074,0.22,0.003,182.05
1876,-2.5836,50,0,-3.396,2.1088,0.22,0.0946,182.15
1877,-4.8276,50,0,-3.444,2.0862,0.21,0.0897,182.24
1878,-3.2992,50,0,-3.4419,2.0862,0.21,0.0925,182.33
1879,-4.22,50,0,-3.4531,2.0874,0.21,0.0921,182.42
1880,-4.9886,50,0,-3.4661,2.0928,0.21,0.0779,182.5
1881,-3.1625,50,0,-3.4492,2.0884,0.21,0.0992,182.6
1882,-0.035,1,1,-3.4491,2.0885,0.21,0.0022,182.6
1883,-4.2635,50,0,-3.4583,2.0901,0.21,0.9813,183.58
1884,-4.9763,50,0,-3.4572,2.0893,0.21,0.1222,183.7
1885,-0.0333,1,1,-3.4571,2.0894,0.21,0.0036,183.71
1886,-5.0782,50,0,-3.464,2.0936,0.21,0.1005,183.81
1887,-4.4194,50,0,-3.4736,2.0958,0.21,0.0978,183.91
1888,-4.854,50,0,-3.4667,2.0901,0.21,0.112,184.02
1889,-3.5011,50,0,-3.4424,2.0754,0.21,0.1104,184.13
1890,-4.2243,50,0,-3.3993,2.0132,0.21,0.0867,184.21
1891,-3.8631,50,0,-3.3769,1.9953,0.21,0.0922,184.31
1892,-0.0103,1,1,-3.3767,1.9958,0.21,0.0037,184.31
1893,-3.4413,50,0,-3.3781,1.9958,0.21,0.1019,184.41
1894,-3.898,50,0,-3.3738,1.9942,0.21,0.0923,184.5
1895,-3.372,50,0,-3.3655,1.9924,0.21,0.0983,184.6
1896,-6.4813,50,0,-3.3804,2.01,0.21,0.0986,184.7
1897,-4.7565,50,0,-3.3847,2.0125,0.21,0.0929,184.79
1898,-3.9602,50,0,-3.3752,2.0075,0.21,0.108,184.9
1899,-3.2568,50,0,-3.4075,1.979,0.2,0.0936,185.0
1900,-5.3473,50,0,-3.4353,1.9865,0.2,0.0915,185.09
1901,-5.1673,50,0,-3.452,1.994,0.2,0.0853,185.17
1902,-2.6107,50,0,-3.4424,1.9957,0.2,0.0824,185.26
1903,-5.274,50,0,-3.4585,2.0039,0.2,0.0921,185.35
1904,-2.9585,50,0,-3.4487,2.0039,0.2,0.0968,185.44
1905,-5.1753,50,0,-3.465,2.0113,0.2,0.0885,185.53
1906,-4.4407,50,0,-3.4625,2.0099,0.2,0.0723,185.6
1907,-5.6671,50,0,-3.481,2.0215,0.2,0.1028,185.71
1908,-6.131,50,0,-3.5138,2.0376,0.2,0.0928,185.8
1909,-4.8566,50,0,-3.5167,2.0393,0.2,0.0964,185.9
1910,-4.4342,50,0,-3.5077,2.0333,0.2,0.1052,186.0
1911,-4.4685,50,0,-3.5521,2.0052,0.19,0.0935,186.1
1912,-5.2437,50,0,-3.6041,1.9809,0.18,0.0922,186.19
1913,-0.0405,1,1,-3.5602,2.0105,0.19,0.0023,186.19
1914,-0.05,1,1,-3.5101,2.0348,0.2,0.0021,186.19
1915,-4.902,50,0,-3.5193,2.039,0.2,0.0904,186.28
1916,-5.3606,50,0,-3.533,2.0467,0.2,0.0856,186.37
1917,-6.6191,50,0,-3.599,2.0386,0.19,0.0966,186.46
1918,-2.8501,50,0,-3.6017,2.0374,0.19,0.1042,186.57
1919,-4.2808,50,0,-3.6012,2.0373,0.19,0.0727,186.64
1920,-2.6028,50,0,-3.5931,2.0396,0.19,0.0919,186.73
1921,-5.8752,50,0,-3.6088,2.051,0.19,0.0965,186.83
1922,-4.3275,50,0,-3.6015,2.0472,0.19,0.0889,186.92
1923,-0.0366,1,1,-3.5554,2.0748,0.2,0.003,186.92
1924,-3.8916,50,0,-3.5518,2.0739,0.2,0.1088,187.03
1925,-2.5852,50,0,-3.5244,2.0684,0.2,0.0917,187.12
1926,-5.0705,50,0,-3.528,2.0708,0.2,0.0926,187.22
1927,-4.6954,50,0,-3.5245,2.0685,0.2,0.0732,187.29
1928,-4.9556,50,0,-3.5219,2.0665,0.2,0.0792,187.37
1929,-32.3067,50,0,-3.7886,3.5271,0.2,0.9543,188.32
1930,-4.4288,50,0,-3.7961,3.5277,0.2,0.088,188.41
1931,-3.7253,50,0,-3.8329,3.5075,0.19,0.1054,188.52
1932,-4.7205,50,0,-3.84,3.5086,0.19,0.0955,188.61
1933,-4.0751,50,0,-3.8304,3.5066,0.19,0.093,188.7
1934,-0.027,1,1,-3.7897,3.5269,0.2,0.0021,188.71
1935,-2.683,50,0,-3.7758,3.5285,0.2,0.0806,188.79
1936,-3.0589,50,0,-3.7705,3.5291,0.2,0.0993,188.89
1937,-5.0604,50,0,-3.791,3.5306,0.2,0.0988,188.98
1938,-4.6118,50,0,-3.837,3.511,0.19,0.0993,189.08
1939,-2.9466,50,0,-3.8046,3.504,0.19,0.0893,189.17
1940,-3.3318,50,0,-3.791,3.5032,0.19,0.1095,189.28
1941,-3.9716,50,0,-3.8051,3.5011,0.19,0.1276,189.41
1942,-3.522,50,0,-3.8124,3.4997,0.19,0.0835,189.49
1943,-3.1351,50,0,-3.8079,3.5003,0.19,0.1188,189.61
1944,-3.3821,50,0,-3.8069,3.5004,0.19,0.0903,189.7
1945,-0.0454,1,1,-3.807,3.5002,0.19,0.0022,189.71
1946,-5.5026,50,0,-3.8297,3.5038,0.19,0.0844,189.79
1947,-3.0275,50,0,-3.8084,3.5021,0.19,0.0998,189.89
1948,-2.8373,50,0,-3.8366,3.4829,0.18,0.0901,189.98
1949,-3.9104,50,0,-3.8753,3.4619,0.17,0.0882,190.07
1950,-4.8848,50,0,-3.9237,3.4418,0.16,0.0942,190.16
1951,-6.1423,50,0,-3.8766,3.3783,0.16,0.096,190.26
1952,-5.2009,50,0,-3.8924,3.3808,0.16,0.101,190.36
1953,-0.0165,1,1,-3.8667,3.4003,0.17,0.0018,190.36
1954,-2.6766,50,0,-3.8381,3.3981,0.17,0.1021,190.46
1955,-2.761,50,0,-3.8142,3.3972,0.17,0.0835,190.55
1956,-3.6687,50,0,-3.8208,3.3963,0.17,0.0904,190.64
1957,-4.8053,50,0,-3.8202,3.3961,0.17,0.1088,190.75
1958,-4.3476,50,0,-3.8155,3.3951,0.17,0.1082,190.85
1959,-3.3518,50,0,-3.808,3.3953,0.17,0.1054,190.96
1960,-3.8714,50,0,-3.8074,3.3952,0.17,0.0968,191.06
1961,-3.3463,50,0,-3.8404,3.3745,0.16,0.0853,191.14
1962,-4.5986,50,0,-3.8558,3.3744,0.16,0.0951,191.24
1963,-4.1756,50,0,-3.8971,3.3527,0.15,0.098,191.33
1964,-6.2442,50,0,-3.9592,3.338,0.14,0.1007,191.43
1965,-3.4793,50,0,-3.9443,3.3367,0.14,0.0995,191.53
1966,-4.731,50,0,-3.9479,3.3374,0.14,0.0936,191.63
1967,-4.399,50,0,-3.9918,3.3142,0.13,0.0921,191.72
1968,-5.9513,50,0,-3.9925,3.3146,0.13,0.0935,191.81
1969,-3.8311,50,0,-4.0307,3.2905,0.12,0.1087,191.92
1970,-0.0483,1,1,-4.0309,3.2902,0.12,0.0025,191.92
1971,-6.0732,50,0,-4.0417,3.2951,0.12,0.1026,192.03
1972,-3.2777,50,0,-4.0741,3.2714,0.11,0.0941,192.12
1973,-4.0681,50,0,-4.0807,3.2707,0.11,0.0891,192.21
1974,-0.042,1,1,-4.0376,3.2952,0.12,0.0018,192.21
1975,-3.1653,50,0,-4.0689,3.2718,0.11,0.9837,193.2
1976,-4.5978,50,0,-4.0891,3.2688,0.11,0.0964,193.29
1977,-5.905,50,0,-4.0998,3.273,0.11,0.0862,193.38
1978,-3.1591,50,0,-4.0984,3.2734,0.11,0.8385,194.22
1979,-0.0477,1,1,-4.0567,3.2981,0.12,0.0028,194.22
1980,-0.0377,1,1,-4.0072,3.3208,0.13,0.0026,194.22
1981,-0.0429,1,1,-3.976,3.3431,0.14,0.0026,194.23
1982,-5.6042,50,0,-4.0317,3.3234,0.13,0.0997,194.33
1983,-4.7327,50,0,-4.0364,3.324,0.13,0.1014,194.43
1984,-0.0431,1,1,-3.9871,3.3462,0.14,0.0022,194.43
1985,-4.5647,50,0,-4.0324,3.323,0.13,0.1193,194.55
1986,-0.0297,1,1,-3.9819,3.345,0.14,0.0022,194.55
1987,-2.5456,50,0,-3.9632,3.3477,0.14,0.0789,194.63
1988,-3.4435,50,0,-3.949,3.3469,0.14,0.106,194.74
1989,-3.2415,50,0,-3.9465,3.3474,0.14,0.0978,194.83
1990,-0.0491,1,1,-3.9047,3.3696,0.15,0.0018,194.83
1991,-4.675,50,0,-3.9128,3.3705,0.15,0.0882,194.92
1992,-6.822,50,0,-3.9809,3.3597,0.14,0.0993,195.02
1993,-2.9911,50,0,-3.9764,3.3608,0.14,0.0914,195.11
1994,-0.0332,1,1,-3.9378,3.3836,0.15,0.002,195.12
1995,-3.6589,50,0,-3.9407,3.3832,0.15,0.0833,195.2
1996,-4.7661,50,0,-3.9235,3.3746,0.15,0.0877,195.29
1997,-4.5025,50,0,-3.921,3.3741,0.15,0.0895,195.38
1998,-4.9999,50,0,-3.9314,3.3758,0.15,0.0979,195.47
1999,-0.0286,1,1,-3.8991,3.3975,0.16,0.003,195.48
2000,-4.801,50,0,-3.8936,3.3956,0.16,0.111,195.59
2001,-3.8375,50,0,-3.8803,3.3932,0.16,0.1029,195.69
2002,-5.5749,50,0,-3.91,3.3949,0.16,0.078,195.77
2003,-3.8675,50,0,-3.8959,3.3921,0.16,0.0961,195.86
2004,-4.4172,50,0,-3.9105,3.3912,0.16,0.0884,195.95
2005,-5.0581,50,0,-3.9093,3.3908,0.16,0.0829,196.04
2006,-5.5915,50,0,-3.9208,3.3945,0.16,0.0873,196.12
2007,-5.107,50,0,-3.9152,3.3921,0.16,0.0952,196.22
2008,-5.3797,50,0,-3.9077,3.388,0.16,0.0986,196.32
2009,-5.0229,50,0,-3.9094,3.3885,0.16,0.0932,196.41
2010,-5.7107,50,0,-3.9221,3.3929,0.16,0.1088,196.52
2011,-0.0277,1,1,-3.8777,3.4144,0.17,0.0027,196.52
2012,-6.8843,50,0,-3.8941,3.4249,0.17,0.1046,196.63
2013,-4.655,50,0,-3.9403,3.4037,0.16,0.0858,196.71
2014,-0.0175,1,1,-3.94,3.404,0.16,0.0019,196.71
2015,-5.6995,50,0,-3.9479,3.4072,0.16,0.0915,196.81
2016,-0.031,1,1,-3.8946,3.4263,0.17,0.003,196.81
2017,-0.0468,1,1,-3.8289,3.4364,0.18,0.0026,196.81
2018,-3.521,50,0,-3.8356,3.4352,0.18,0.124,196.94
2019,-6.6055,50,0,-3.8589,3.446,0.18,0.1052,197.04
2020,-3.1617,50,0,-3.8645,3.4444,0.18,0.0862,197.13
2021,-0.0332,1,1,-3.806,3.4593,0.19,0.0023,197.13
2022,-0.0389,1,1,-3.7631,3.4791,0.2,0.0021,197.13
2023,-2.74,50,0,-3.7902,3.4605,0.19,0.081,197.21
2024,-5.5439,50,0,-3.8067,3.4649,0.19,0.0912,197.3
2025,-5.812,50,0,-3.839,3.4684,0.19,0.0815,197.38
2026,-0.0256,1,1,-3.7885,3.4867,0.2,0.0019,197.39
2027,-5.5931,50,0,-3.7975,3.4902,0.2,0.0908,197.48
2028,-4.7253,50,0,-3.7952,3.4895,0.2,0.1052,197.58
2029,-5.0366,50,0,-3.5225,1.9972,0.2,0.0838,197.67
2030,-2.9957,50,0,-3.5082,1.9957,0.2,0.0903,197.76
2031,-5.7871,50,0,-3.5288,2.0085,0.2,1.0072,198.76
2032,-4.8446,50,0,-3.53,2.0093,0.2,0.1134,198.88
2033,-4.3656,50,0,-3.5329,2.0103,0.2,0.0844,198.96
2034,-3.6429,50,0,-3.5691,1.9792,0.19,0.0849,199.05
2035,-4.8079,50,0,-3.5903,1.9809,0.19,0.0701,199.12
2036,-6.6936,50,0,-3.6267,2.0041,0.19,0.0926,199.21
2037,-0.0332,1,1,-3.5764,2.0303,0.2,0.0019,199.21
2038,-2.6608,50,0,-3.5569,2.0297,0.2,0.0981,199.31
2039,-2.7718,50,0,-3.5552,2.0303,0.2,0.0992,199.41
2040,-5.1716,50,0,-3.5735,2.0365,0.2,0.0865,199.5
2041,-4.6426,50,0,-3.5803,2.0389,0.2,0.0744,199.57
2042,-4.617,50,0,-3.5912,2.0415,0.2,0.0822,199.65
2043,-5.5627,50,0,-3.6155,2.0503,0.2,0.0831,199.73
2044,-4.3839,50,0,-3.6255,2.0516,0.2,0.0967,199.83
2045,-3.2684,50,0,-3.6577,2.0202,0.19,0.0914,199.92
2046,-5.2228,50,0,-3.6549,2.0178,0.19,0.0951,200.02
2047,-3.215,50,0,-3.6568,2.0173,0.19,0.1026,200.12
2048,-5.3005,50,0,-3.6814,2.0222,0.19,0.0733,200.19
2049,-0.0375,1,1,-3.6427,2.0543,0.2,0.0017,200.2
2050,-4.5307,50,0,-3.6392,2.0525,0.2,0.0865,200.28
2051,-3.7623,50,0,-3.6154,2.037,0.2,0.1202,200.4
2052,-0.0461,1,1,-3.5638,2.0613,0.21,0.0029,200.41
2053,-4.5932,50,0,-3.6096,2.0327,0.2,0.0957,200.5
2054,-4.712,50,0,-3.6299,2.0334,0.2,0.083,200.58
2055,-0.0348,1,1,-3.6027,2.063,0.21,0.0019,200.59
2056,-0.0367,1,1,-3.5664,2.0932,0.22,0.0021,200.59
2057,-2.5144,50,0,-3.5435,2.0921,0.22,0.0891,200.68
2058,-0.0263,1,1,-3.5002,2.1195,0.23,0.0018,200.68
2059,-4.9622,50,0,-3.5163,2.1244,0.23,0.0812,200.76
2060,-0.0381,1,1,-3.478,2.152,0.24,0.002,200.76
2061,-4.6424,50,0,-3.491,2.1551,0.24,0.0886,200.85
2062,-3.4168,50,0,-3.4792,2.1522,0.24,0.094,200.94
2063,-3.2335,50,0,-3.4697,2.1512,0.24,0.0865,201.03
2064,-3.5743,50,0,-3.443,2.1331,0.24,0.091,201.12
2065,-3.055,50,0,-3.4388,2.1335,0.24,0.1006,201.22
2066,-3.0039,50,0,-3.4215,2.1299,0.24,0.0865,201.31
2067,-4.9144,50,0,-3.4267,2.1329,0.24,0.0952,201.4
2068,-0.0118,1,1,-3.3673,2.1444,0.25,0.003,201.41
2069,-3.9482,50,0,-3.3685,2.1447,0.25,0.1076,201.52
2070,-5.134,50,0,-3.4193,2.1256,0.24,0.0833,201.6
2071,-5.302,50,0,-3.4116,2.1173,0.24,0.1142,201.71
2072,-2.7099,50,0,-3.4059,2.1185,0.24,0.1094,201.82
2073,-0.0397,1,1,-3.3656,2.1436,0.25,0.003,201.83
2074,-0.0169,1,1,-3.3654,2.144,0.25,0.0027,201.83
2075,-3.5996,50,0,-3.3697,2.1441,0.25,0.1007,201.93
2076,-3.8696,50,0,-3.3624,2.1411,0.25,0.0894,202.02
2077,-0.0163,1,1,-3.3036,2.1513,0.26,0.0032,202.02
2078,-3.1869,50,0,-3.3038,2.1513,0.26,0.0968,202.12
2079,-4.4975,50,0,-3.3483,2.1294,0.25,0.0954,202.21
2080,-3.7783,50,0,-3.3857,2.1036,0.24,0.08,202.29
2081,-3.519,50,0,-3.4205,2.0766,0.23,0.0857,202.38
2082,-4.4264,50,0,-3.4087,2.0675,0.23,0.9696,203.35
2083,-6.3744,50,0,-3.4251,2.0844,0.23,0.1084,203.46
2084,-3.5461,50,0,-3.4602,2.0566,0.22,0.0882,203.55
2085,-0.0319,1,1,-3.4148,2.0815,0.23,0.0024,203.55
2086,-4.4606,50,0,-3.4591,2.056,0.22,0.0876,203.64
2087,-2.5538,50,0,-3.4592,2.056,0.22,0.1029,203.74
2088,-5.7398,50,0,-3.4822,2.0684,0.22,0.0891,203.83
2089,-3.4161,50,0,-3.4839,2.0683,0.22,0.0929,203.92
2090,-5.5199,50,0,-3.5386,2.049,0.21,0.0798,204.0
2091,-2.8147,50,0,-3.52,2.047,0.21,0.086,204.09
2092,-6.6388,50,0,-3.5182,2.0442,0.21,0.0962,204.18
2093,-3.2938,50,0,-3.5212,2.0436,0.21,0.0978,204.28
2094,-5.1673,50,0,-3.5726,2.0197,0.2,0.0872,204.37
2095,-4.2796,50,0,-3.5788,2.0209,0.2,0.0943,204.46
2096,-0.0122,1,1,-3.5312,2.0481,0.21,0.0022,204.46
2097,-4.2435,50,0,-3.5287,2.0471,0.21,0.0876,204.55
2098,-5.9154,50,0,-3.5378,2.0556,0.21,0.0958,204.65
2099,-4.7254,50,0,-3.5848,2.0284,0.2,0.1011,204.75
2100,-2.6408,50,0,-3.5632,2.0268,0.2,0.0958,204.84
2101,-2.9568,50,0,-3.5544,2.0275,0.2,0.0926,204.94
2102,-4.0478,50,0,-3.5391,2.018,0.2,0.1022,205.04
2103,-3.985,50,0,-3.5403,2.0182,0.2,0.1043,205.14
2104,-4.0205,50,0,-3.5363,2.0169,0.2,0.1083,205.25
2105,-5.7001,50,0,-3.5427,2.0227,0.2,0.1165,205.37
2106,-0.0064,1,1,-3.4869,2.0424,0.21,0.0029,205.37
2107,-0.0202,1,1,-3.436,2.0646,0.22,0.0027,205.37
2108,-3.8488,50,0,-3.4207,2.0558,0.22,0.0974,205.47
2109,-3.3049,50,0,-3.4035,2.0495,0.22,0.0878,205.56
2110,-0.025,1,1,-3.3467,2.0636,0.23,0.0018,205.56
2111,-4.6198,50,0,-3.3926,2.0402,0.22,0.0992,205.66
2112,-0.0496,1,1,-3.3242,2.0365,0.23,0.0018,205.66
2113,-0.0357,1,1,-3.278,2.0581,0.24,0.0016,205.66
2114,-4.3015,50,0,-3.3209,2.0342,0.23,0.0849,205.75
2115,-3.8393,50,0,-3.3023,2.0208,0.23,0.0785,205.83
2116,-4.7533,50,0,-3.3495,1.9989,0.22,0.0961,205.92
2117,-0.0378,1,1,-3.3494,1.999,0.22,0.0018,205.92
2118,-4.952,50,0,-3.3637,2.0053,0.22,0.0892,206.01
2119,-0.0453,1,1,-3.2981,2.0055,0.23,0.0023,206.02
2120,-4.4274,50,0,-3.3108,2.0086,0.23,0.0976,206.11
2121,-0.0412,1,1,-3.3109,2.0085,0.23,0.002,206.11
2122,-5.2337,50,0,-3.3628,1.9903,0.22,0.1032,206.22
2123,-3.0197,50,0,-3.3656,1.9896,0.22,0.0709,206.29
2124,-4.3143,50,0,-3.3533,1.9799,0.22,0.0866,206.38
2125,-5.152,50,0,-3.3467,1.9728,0.22,0.0837,206.46
2126,-3.5907,50,0,-3.3824,1.9444,0.21,0.0908,206.55
2127,-0.0424,1,1,-3.3269,1.9597,0.22,0.0029,206.55
2128,-4.043,50,0,-3.32,1.956,0.22,0.0885,206.64
2129,-4.9886,50,0,-3.3196,1.9556,0.22,0.0941,206.74
2130,-6.0399,50,0,-3.35,1.9739,0.22,0.0934,206.83
2131,-3.8452,50,0,-3.3306,1.9593,0.22,0.0908,206.92
2132,-3.803,50,0,-3.3202,1.954,0.22,0.0908,207.01
2133,-4.5238,50,0,-3.3217,1.9549,0.22,0.0849,207.1
2134,-4.6176,50,0,-3.3315,1.9589,0.22,1.0145,208.11
2135,-4.9829,50,0,-3.3332,1.9603,0.22,0.1108,208.22
2136,-5.1362,50,0,-3.3177,1.9396,0.22,0.1037,208.32
2137,-3.2453,50,0,-3.3498,1.9114,0.21,0.1074,208.43
2138,-2.6688,50,0,-3.3499,1.9114,0.21,0.105,208.54
2139,-3.442,50,0,-3.3566,1.9105,0.21,0.0863,208.62
2140,-4.808,50,0,-3.3529,1.9074,0.21,0.0781,208.7
2141,-0.0322,1,1,-3.3068,1.9312,0.22,0.0019,208.7
2142,-5.0624,50,0,-3.3113,1.9347,0.22,0.0899,208.79
2143,-3.9971,50,0,-3.2956,1.9228,0.22,0.0762,208.87
2144,-3.7419,50,0,-3.2892,1.9202,0.22,0.1007,208.97
2145,-5.7124,50,0,-3.3136,1.9353,0.22,0.0816,209.05
2146,-0.0223,1,1,-3.2616,1.953,0.23,0.0018,209.05
2147,-3.6212,50,0,-3.2657,1.9534,0.23,0.0987,209.15
2148,-5.3195,50,0,-3.2659,1.9536,0.23,0.0907,209.24
2149,-4.4234,50,0,-3.3098,1.9297,0.22,0.104,209.35
2150,-0.0373,1,1,-3.2648,1.9529,0.23,0.0029,209.35
2151,-2.9691,50,0,-3.2569,1.9525,0.23,0.0953,209.44
2152,-2.8155,50,0,-3.2846,1.9262,0.22,0.0942,209.54
2153,-0.0451,1,1,-3.2391,1.9483,0.23,0.0022,209.54
2154,-3.4775,50,0,-3.2268,1.9429,0.23,0.121,209.66
2155,-3.1738,50,0,-3.2581,1.9162,0.22,0.1044,209.77
2156,-4.3474,50,0,-3.3013,1.8916,0.21,0.1006,209.87
2157,-5.8329,50,0,-3.3344,1.9065,0.21,0.1276,209.99
2158,-5.0319,50,0,-3.3845,1.8846,0.2,0.0775,210.07
2159,-5.9576,50,0,-3.3944,1.8955,0.2,0.09,210.16
2160,-2.6456,50,0,-3.4205,1.8669,0.19,0.0921,210.25
2161,-2.5962,50,0,-3.4001,1.8646,0.19,0.103,210.36
2162,-5.2903,50,0,-3.4188,1.8741,0.19,0.0862,210.44
2163,-2.9252,50,0,-3.4157,1.8746,0.19,0.094,210.54
2164,-5.4611,50,0,-3.4346,1.8856,0.19,0.0905,210.63
2165,-4.8703,50,0,-3.4527,1.8906,0.19,0.1008,210.73
2166,-4.9103,50,0,-3.4718,1.8956,0.19,0.0969,210.83
2167,-0.0305,1,1,-3.423,1.9205,0.2,0.0018,210.83
2168,-0.0381,1,1,-3.4232,1.92,0.2,0.0019,210.83
2169,-5.3426,50,0,-3.4372,1.9288,0.2,0.085,210.91
2170,-4.6204,50,0,-3.432,1.925,0.2,0.1027,211.02
2171,-4.5374,50,0,-3.4244,1.9191,0.2,0.0747,211.09
2172,-4.318,50,0,-3.4405,1.9198,0.2,0.0828,211.17
2173,-2.7668,50,0,-3.4677,1.8904,0.19,0.0725,211.25
2174,-5.0835,50,0,-3.5184,1.865,0.18,0.0916,211.34
2175,-5.3492,50,0,-3.5359,1.8738,0.18,0.0959,211.43
2176,-5.3703,50,0,-3.5509,1.8824,0.18,0.096,211.53
2177,-4.1656,50,0,-3.5924,1.8495,0.17,0.095,211.63
2178,-5.3341,50,0,-3.6139,1.8571,0.17,0.098,211.72
2179,-3.3242,50,0,-3.6021,1.8552,0.17,0.1141,211.84
2180,-0.0175,1,1,-3.5645,1.8891,0.18,0.003,211.84
2181,-4.6704,50,0,-3.576,1.8922,0.18,0.1054,211.95
2182,-0.0484,1,1,-3.5323,1.9225,0.19,0.003,211.95
2183,-4.6805,50,0,-3.5153,1.9047,0.19,1.0295,212.98
2184,-4.2493,50,0,-3.5224,1.9061,0.19,0.096,213.07
2185,-5.4143,50,0,-3.5762,1.8827,0.18,0.1001,213.17
2186,-3.7359,50,0,-3.5689,1.8806,0.18,0.0971,213.27
2187,-4.6266,50,0,-3.5897,1.8808,0.18,0.0968,213.37
2188,-4.0936,50,0,-3.5732,1.869,0.18,0.0942,213.46
2189,-0.04,1,1,-3.5394,1.9018,0.19,0.0026,213.47
2190,-0.0233,1,1,-3.4845,1.9231,0.2,0.0023,213.47
2191,-0.0404,1,1,-3.4567,1.9523,0.21,0.0021,213.47
2192,-0.0251,1,1,-3.3906,1.9554,0.22,0.0023,213.47
2193,-2.6369,50,0,-3.384,1.9568,0.22,0.0936,213.57
2194,-5.6069,50,0,-3.3884,1.9613,0.22,0.1041,213.67
2195,-4.0721,50,0,-3.3863,1.9605,0.22,0.085,213.75
2196,-5.5273,50,0,-3.4415,1.9423,0.21,0.0834,213.84
2197,-3.6401,50,0,-3.4355,1.9407,0.21,0.101,213.94
2198,-0.0407,1,1,-3.3767,1.9536,0.22,0.003,213.94
2199,-5.2207,50,0,-3.3817,1.9577,0.22,0.1114,214.05
2200,-4.6851,50,0,-3.4021,1.9605,0.22,0.0938,214.15
2201,-6.178,50,0,-3.4343,1.9793,0.22,0.0992,214.25
2202,-4.1182,50,0,-3.435,1.9795,0.22,0.0912,214.34
2203,-4.604,50,0,-3.4412,1.9822,0.22,0.0929,214.43
2204,-5.3514,50,0,-3.4545,1.9905,0.22,0.0948,214.53
2205,-3.8852,50,0,-3.4364,1.9782,0.22,0.0852,214.61
2206,-3.8486,50,0,-3.4748,1.9483,0.21,0.0978,214.71
2207,-3.4553,50,0,-3.5091,1.9171,0.2,0.0992,214.81
2208,-5.4618,50,0,-3.5253,1.9266,0.2,0.0852,214.89
2209,-6.3678,50,0,-3.5559,1.9471,0.2,0.0765,214.97
2210,-3.0967,50,0,-3.5866,1.9151,0.19,0.0832,215.05
2211,-4.7396,50,0,-3.5878,1.9158,0.19,0.0999,215.15
2212,-3.0308,50,0,-3.6176,1.8835,0.18,0.1041,215.26
2213,-4.2881,50,0,-3.6602,1.8498,0.17,0.0886,215.35
2214,-4.8976,50,0,-3.6661,1.8528,0.17,0.0993,215.44
2215,-3.351,50,0,-3.6612,1.853,0.17,0.1008,215.55
2216,-5.8585,50,0,-3.6723,1.8628,0.17,0.0868,215.63
2217,-4.5739,50,0,-3.7176,1.8286,0.16,0.0981,215.73
2218,-5.1774,50,0,-3.7199,1.8303,0.16,0.0899,215.82
2219,-0.025,1,1,-3.7197,1.8307,0.16,0.0033,215.82
2220,-5.4164,50,0,-3.7296,1.8371,0.16,0.1016,215.93
2221,-4.1825,50,0,-3.771,1.7998,0.15,0.0902,216.02
2222,-4.2684,50,0,-3.7613,1.7945,0.15,0.1006,216.12
2223,-3.0712,50,0,-3.7619,1.7943,0.15,0.0899,216.21
2224,-3.6932,50,0,-3.7557,1.7935,0.15,0.1147,216.32
2225,-0.0131,1,1,-3.7043,1.8261,0.16,0.002,216.32
2226,-3.6846,50,0,-3.7052,1.826,0.16,0.0996,216.42
2227,-4.6595,50,0,-3.7514,1.7909,0.15,0.1081,216.53
2228,-3.9903,50,0,-3.7508,1.7908,0.15,0.091,216.62
2229,-3.1398,50,0,-3.7324,1.7874,0.15,0.8716,217.49
2230,-3.9029,50,0,-3.711,1.7724,0.15,0.0901,217.58
2231,-4.4396,50,0,-3.7169,1.7739,0.15,1.0329,218.62
2232,-3.2123,50,0,-3.711,1.7746,0.15,0.0903,218.71
2233,-4.0835,50,0,-3.7066,1.7731,0.15,0.099,218.81
2234,-2.7192,50,0,-3.6876,1.7734,0.15,0.0934,218.9
2235,-6.1041,50,0,-3.6989,1.7851,0.15,0.1203,219.02
2236,-3.3331,50,0,-3.6808,1.7795,0.15,0.097,219.12
2237,-3.5859,50,0,-3.6842,1.779,0.15,0.0947,219.21
2238,-4.0327,50,0,-3.6979,1.7764,0.15,0.0931,219.3
2239,-4.4991,50,0,-3.7084,1.778,0.15,0.0963,219.4
2240,-3.6275,50,0,-3.6966,1.7746,0.15,0.0877,219.49
2241,-0.0322,1,1,-3.6966,1.7746,0.15,0.003,219.49
2242,-3.7841,50,0,-3.6838,1.7693,0.15,0.1053,219.6
2243,-5.167,50,0,-3.6955,1.7752,0.15,0.0996,219.7
2244,-3.1588,50,0,-3.6897,1.776,0.15,0.0916,219.79
2245,-4.6159,50,0,-3.6788,1.7668,0.15,0.0976,219.88
2246,-6.8043,50,0,-3.7466,1.7553,0.14,0.0945,219.98
2247,-3.3741,50,0,-3.7441,1.7556,0.14,0.0914,220.07
2248,-4.6049,50,0,-3.737,1.7507,0.14,0.0991,220.17
2249,-5.7061,50,0,-3.7498,1.7603,0.14,0.0822,220.25
2250,-0.0103,1,1,-3.7495,1.7609,0.14,0.0026,220.25
2251,-5.3462,50,0,-3.7733,1.7662,0.14,0.0938,220.35
2252,-4.145,50,0,-3.7866,1.764,0.14,0.0887,220.44
2253,-4.8744,50,0,-3.8349,1.7266,0.13,0.0936,220.53
2254,-5.2327,50,0,-3.8524,1.7318,0.13,0.0974,220.63
2255,-4.469,50,0,-3.8654,1.7315,0.13,0.0933,220.72
2256,-3.6146,50,0,-3.858,1.731,0.13,0.0827,220.8
2257,-3.3758,50,0,-3.8335,1.7202,0.13,0.099,220.9
2258,-0.018,1,1,-3.7833,1.7572,0.14,0.0026,220.91
2259,-0.0232,1,1,-3.724,1.7828,0.15,0.002,220.91
2260,-0.0306,1,1,-3.6978,1.8173,0.16,0.0021,220.91
2261,-0.0333,1,1,-3.6722,1.8504,0.17,0.0024,220.91
2262,-4.6585,50,0,-3.6659,1.8459,0.17,0.0973,221.01
2263,-0.0448,1,1,-3.6371,1.8794,0.18,0.0024,221.01
2264,-3.6846,50,0,-3.6193,1.8705,0.18,0.0985,221.11
2265,-0.0459,1,1,-3.5711,1.8996,0.19,0.0031,221.11
2266,-2.7832,50,0,-3.5498,1.8964,0.19,0.0915,221.2
2267,-3.4631,50,0,-3.5841,1.8631,0.18,0.0872,221.29
2268,-0.0328,1,1,-3.5841,1.8632,0.18,0.0019,221.29
2269,-4.7798,50,0,-3.5785,1.8588,0.18,0.0982,221.39
2270,-4.564,50,0,-3.5779,1.8585,0.18,0.1086,221.5
2271,-3.9514,50,0,-3.572,1.8564,0.18,0.0735,221.57
2272,-3.942,50,0,-3.5683,1.8552,0.18,0.0845,221.66
2273,-3.3776,50,0,-3.5744,1.8536,0.18,0.0928,221.75
2274,-4.9499,50,0,-3.573,1.8525,0.18,0.0907,221.84
2275,-4.6658,50,0,-3.5662,1.8472,0.18,0.0783,221.92
2276,-4.8842,50,0,-3.5614,1.8431,0.18,0.0823,222.0
2277,-2.7254,50,0,-3.5469,1.8439,0.18,0.0919,222.09
2278,-2.6985,50,0,-3.5206,1.837,0.18,0.0941,222.19
2279,-3.5204,50,0,-3.5226,1.8369,0.18,0.0985,222.29
2280,-5.0216,50,0,-3.5726,1.8087,0.17,0.0819,222.37
2281,-5.3057,50,0,-3.579,1.8137,0.17,0.9782,223.35
2282,-0.038,1,1,-3.5788,1.8139,0.17,0.0027,223.35
2283,-2.9025,50,0,-3.5611,1.8117,0.17,0.0969,223.45
2284,-6.7178,50,0,-3.5858,1.8375,0.17,0.114,223.56
2285,-0.0457,1,1,-3.5321,1.8616,0.18,0.0019,223.56
2286,-3.1266,50,0,-3.526,1.8619,0.18,0.1101,223.67
2287,-4.812,50,0,-3.5278,1.8631,0.18,0.0858,223.76
2288,-5.8023,50,0,-3.5449,1.876,0.18,0.1203,223.88
2289,-0.0297,1,1,-3.5448,1.8762,0.18,0.0026,223.88
2290,-4.7989,50,0,-3.5926,1.8465,0.17,0.0779,223.96
2291,-0.0386,1,1,-3.5925,1.8465,0.17,0.0019,223.96
2292,-3.1182,50,0,-3.6235,1.8121,0.16,0.0847,224.05
2293,-5.0412,50,0,-3.6475,1.8148,0.16,0.0838,224.13
2294,-5.865,50,0,-3.6501,1.8178,0.16,0.0884,224.22
2295,-3.1863,50,0,-3.6412,1.8178,0.16,0.1056,224.32
2296,-4.6328,50,0,-3.6323,1.8107,0.16,0.0783,224.4
2297,-0.0336,1,1,-3.5962,1.8458,0.17,0.0029,224.41
2298,-4.7133,50,0,-3.643,1.8141,0.16,0.095,224.5
2299,-5.108,50,0,-3.6418,1.8131,0.16,0.0845,224.58
2300,-4.9675,50,0,-3.6447,1.815,0.16,0.0781,224.66
2301,-0.0285,1,1,-3.5832,1.8322,0.17,0.0035,224.67
2302,-0.0368,1,1,-3.5423,1.865,0.18,0.0016,224.67
2303,-3.9429,50,0,-3.5357,1.8624,0.18,0.091,224.76
2304,-2.7902,50,0,-3.5101,1.8548,0.18,0.0846,224.84
2305,-2.9201,50,0,-3.5005,1.8554,0.18,0.0844,224.93
2306,-4.1421,50,0,-3.5034,1.8561,0.18,0.1006,225.03
2307,-0.0478,1,1,-3.4693,1.8877,0.19,0.0023,225.03
2308,-3.0173,50,0,-3.4449,1.8776,0.19,0.0898,225.12
2309,-3.7044,50,0,-3.4183,1.8546,0.19,0.0918,225.21
2310,-4.542,50,0,-3.4327,1.8577,0.19,0.1005,225.31
2311,-3.4117,50,0,-3.4194,1.8531,0.19,0.1006,225.41
2312,-0.0488,1,1,-3.3896,1.8828,0.2,0.0023,225.42
2313,-4.1037,50,0,-3.3878,1.882,0.2,0.0867,225.5
2314,-3.0935,50,0,-3.3697,1.8761,0.2,0.0749,225.58
2315,-0.0216,1,1,-3.3364,1.9055,0.21,0.002,225.58
2316,-3.5355,50,0,-3.3132,1.8887,0.21,0.0909,225.67
2317,-4.458,50,0,-3.312,1.8879,0.21,0.0778,225.75
2318,-6.026,50,0,-3.3205,1.8982,0.21,0.0848,225.83
2319,-0.0436,1,1,-3.3207,1.8979,0.21,0.0022,225.84
2320,-0.0288,1,1,-3.2668,1.914,0.22,0.0017,225.84
2321,-3.5448,50,0,-3.2605,1.912,0.22,0.103,225.94
2322,-4.1726,50,0,-3.2595,1.9115,0.22,0.0933,226.03
2323,-3.2904,50,0,-3.2617,1.9114,0.22,0.1015,226.13
2324,-2.8171,50,0,-3.2529,1.9114,0.22,0.0785,226.21
2325,-5.1616,50,0,-3.3044,1.8927,0.21,0.0721,226.29
2326,-5.7137,50,0,-3.3247,1.9075,0.21,0.0964,226.38
2327,-3.5221,50,0,-3.3133,1.9029,0.21,0.0837,226.47
2328,-5.1739,50,0,-3.3252,1.9107,0.21,0.0864,226.55
2329,-0.0448,1,1,-3.2942,1.9384,0.22,0.0023,226.55
2330,-6.6587,50,0,-3.3218,1.9662,0.22,0.0965,226.65
2331,-4.4411,50,0,-3.3218,1.9662,0.22,0.1099,226.76
2332,-2.9743,50,0,-3.3194,1.9665,0.22,0.0965,226.86
2333,-2.5892,50,0,-3.3045,1.9663,0.22,0.0878,226.94
2334,-3.4308,50,0,-3.3116,1.9655,0.22,0.9707,227.92
2335,-0.0205,1,1,-3.2508,1.9722,0.23,0.0024,227.92
2336,-3.1486,50,0,-3.2489,1.9722,0.23,0.0862,228.0
2337,-4.9953,50,0,-3.263,1.9796,0.23,0.0899,228.09
2338,-6.8674,50,0,-3.2913,2.0105,0.23,0.0831,228.18
2339,-5.3332,50,0,-3.2997,2.0172,0.23,0.0753,228.25
2340,-6.6876,50,0,-3.3303,2.045,0.23,0.0858,228.34
2341,-6.8358,50,0,-3.3983,2.0473,0.22,0.0816,228.42
2342,-3.9994,50,0,-3.4005,2.0478,0.22,0.0897,228.51
2343,-2.6824,50,0,-3.3756,2.0413,0.22,0.0802,228.59
2344,-6.3942,50,0,-3.408,2.0631,0.22,0.0893,228.68
2345,-4.7504,50,0,-3.4093,2.0639,0.22,0.0955,228.77
2346,-4.1682,50,0,-3.383,2.0371,0.22,0.0881,228.86
2347,-5.7599,50,0,-3.4068,2.0507,0.22,0.1055,228.97
2348,-5.1318,50,0,-3.4121,2.0545,0.22,0.0851,229.05
2349,-6.5355,50,0,-3.4204,2.0654,0.22,0.0956,229.15
2350,-0.0349,1,1,-3.4206,2.065,0.22,0.0021,229.15
2351,-5.5478,50,0,-3.4227,2.067,0.22,0.0894,229.24
2352,-3.8171,50,0,-3.4194,2.0661,0.22,0.0947,229.34
2353,-5.0654,50,0,-3.4213,2.0675,0.22,0.0948,229.43
2354,-3.426,50,0,-3.4032,2.0595,0.22,0.1065,229.54
2355,-4.9334,50,0,-3.4079,2.0624,0.22,0.1013,229.64
2356,-3.8012,50,0,-3.4097,2.0627,0.22,0.0816,229.72
2357,-0.044,1,1,-3.3764,2.0897,0.23,0.0021,229.72
2358,-3.4453,50,0,-3.4107,2.0622,0.22,0.0889,229.81
2359,-2.9933,50,0,-3.4404,2.0344,0.21,0.0956,229.91
2360,-6.2559,50,0,-3.5026,2.0244,0.2,0.085,229.99
2361,-4.5857,50,0,-3.5482,1.9968,0.19,0.0907,230.08
2362,-3.2027,50,0,-3.5336,1.994,0.19,0.0904,230.17
2363,-3.3547,50,0,-3.5667,1.963,0.18,0.0904,230.26
2364,-0.0346,1,1,-3.5302,1.9942,0.19,0.0027,230.27
2365,-4.3102,50,0,-3.5728,1.9646,0.18,0.0862,230.35
2366,-0.0475,1,1,-3.5455,1.9942,0.19,0.0021,230.35
2367,-5.567,50,0,-3.5665,2.0043,0.19,0.0744,230.43
2368,-2.5429,50,0,-3.5916,1.9754,0.18,0.1128,230.54
2369,-5.0985,50,0,-3.5948,1.9776,0.18,0.107,230.65
2370,-0.0352,1,1,-3.5495,2.0065,0.19,0.0018,230.65
2371,-4.6581,50,0,-3.5566,2.0092,0.19,0.0963,230.75
2372,-3.0804,50,0,-3.548,2.0093,0.19,0.0898,230.84
2373,-0.0447,1,1,-3.5146,2.0393,0.2,0.0027,230.84
2374,-0.0365,1,1,-3.4655,2.0632,0.21,0.0021,230.84
2375,-5.858,50,0,-3.4774,2.0735,0.21,0.09,230.93
2376,-5.3027,50,0,-3.4816,2.0768,0.21,0.1078,231.04
2377,-4.0192,50,0,-3.4946,2.076,0.21,0.1026,231.14
2378,-4.0497,50,0,-3.5081,2.0752,0.21,0.0848,231.23
2379,-2.5991,50,0,-3.4989,2.0772,0.21,0.0766,231.3
2380,-3.4072,50,0,-3.4827,2.0715,0.21,0.0814,231.38
2381,-0.0453,1,1,-3.4301,2.0913,0.22,0.0018,231.39
2382,-5.367,50,0,-3.4834,2.072,0.21,0.0898,231.48
2383,-3.0885,50,0,-3.4853,2.0715,0.21,0.0871,231.56
2384,-0.0233,1,1,-3.4183,2.0742,0.22,0.0023,231.56
2385,-5.0556,50,0,-3.4684,2.0525,0.21,0.9861,232.55
2386,-4.3151,50,0,-3.4803,2.0539,0.21,0.0996,232.65
2387,-4.538,50,0,-3.4776,2.0523,0.21,0.104,232.75
2388,-0.0174,1,1,-3.4197,2.0674,0.22,0.0024,232.76
2389,-4.3946,50,0,-3.4634,2.0413,0.21,0.0909,232.85
2390,-3.0495,50,0,-3.4459,2.0373,0.21,0.0965,232.94
2391,-0.0091,1,1,-3.4456,2.0378,0.21,0.0022,232.95
2392,-0.0412,1,1,-3.4148,2.0655,0.22,0.0019,232.95
2393,-6.0962,50,0,-3.4253,2.0765,0.22,0.073,233.02
2394,-2.979,50,0,-3.3965,2.0624,0.22,0.0798,233.1
2395,-0.0476,1,1,-3.3651,2.0891,0.23,0.0018,233.1
2396,-2.5837,50,0,-3.3446,2.0866,0.23,0.0799,233.18
2397,-3.725,50,0,-3.3815,2.0602,0.22,0.0984,233.28
2398,-0.0471,1,1,-3.3349,2.0822,0.23,0.0026,233.28
2399,-5.4358,50,0,-3.3381,2.0852,0.23,0.0852,233.37
2400,-4.3527,50,0,-3.332,2.0813,0.23,0.1017,233.47
2401,-0.0401,1,1,-3.3321,2.0811,0.23,0.005,233.48
2402,-4.9397,50,0,-3.3811,2.0606,0.22,0.0882,233.56
2403,-4.6157,50,0,-3.3879,2.0635,0.22,0.0881,233.65
2404,-0.0248,1,1,-3.3602,2.0897,0.23,0.0029,233.65
2405,-0.0377,1,1,-3.3314,2.1153,0.24,0.0018,233.66
2406,-4.7211,50,0,-3.3372,2.1183,0.24,0.0909,233.75
2407,-3.7839,50,0,-3.3745,2.0927,0.23,0.0871,233.83
2408,-3.0282,50,0,-3.3746,2.0927,0.23,0.088,233.92
2409,-4.2589,50,0,-3.3802,2.0943,0.23,0.0921,234.01
2410,-3.5724,50,0,-3.3705,2.0912,0.23,0.0958,234.11
2411,-3.4073,50,0,-3.3705,2.0912,0.23,0.1067,234.22
2412,-0.0329,1,1,-3.3703,2.0914,0.23,0.0024,234.22
2413,-0.037,1,1,-3.3296,2.1161,0.24,0.0021,234.22
2414,-3.5349,50,0,-3.334,2.1161,0.24,0.0833,234.3
2415,-3.7925,50,0,-3.3717,2.0902,0.23,0.109,234.41
2416,-6.1733,50,0,-3.3981,2.1086,0.23,0.0972,234.51
2417,-3.0398,50,0,-3.3839,2.1062,0.23,0.0896,234.6
2418,-3.5381,50,0,-3.3591,2.0895,0.23,0.0937,234.69
2419,-4.5274,50,0,-3.4039,2.0659,0.22,0.0837,234.78
2420,-4.597,50,0,-3.4496,2.0411,0.21,0.094,234.87
2421,-5.0435,50,0,-3.4646,2.0472,0.21,0.0911,234.96
2422,-4.817,50,0,-3.471,2.0504,0.21,0.1105,235.07
2423,-0.0442,1,1,-3.4386,2.0786,0.22,0.002,235.08
2424,-3.8705,50,0,-3.4491,2.078,0.22,0.0875,235.16
2425,-5.4522,50,0,-3.452,2.0806,0.22,0.0857,235.25
2426,-2.7839,50,0,-3.4227,2.0692,0.22,0.0795,235.33
2427,-2.6473,50,0,-3.4139,2.0706,0.22,0.0728,235.4
2428,-5.3691,50,0,-3.4159,2.0723,0.22,0.0748,235.48
2429,-5.9854,50,0,-3.4753,2.06,0.21,0.0832,235.56
2430,-3.9045,50,0,-3.4478,2.0355,0.21,0.0908,235.65
2431,-2.6753,50,0,-3.4301,2.0344,0.21,0.085,235.74
2432,-3.8446,50,0,-3.4388,2.0343,0.21,0.1153,235.85
2433,-4.6043,50,0,-3.459,2.0358,0.21,0.0975,235.95
2434,-0.0299,1,1,-3.4249,2.0642,0.22,0.0017,235.95
2435,-3.7964,50,0,-3.4627,2.0359,0.21,0.0922,236.04
2436,-4.3025,50,0,-3.4742,2.0374,0.21,0.0846,236.13
2437,-3.883,50,0,-3.4631,2.0321,0.21,0.0922,236.22
2438,-0.0481,1,1,-3.3949,2.0311,0.22,0.002,236.22
2439,-3.779,50,0,-3.3794,2.0221,0.22,0.9979,237.22
2440,-4.7256,50,0,-3.3598,1.9993,0.22,0.1056,237.32
2441,-6.4754,50,0,-3.3562,1.9934,0.22,0.0966,237.42
2442,-4.8807,50,0,-3.365,1.9982,0.22,0.0904,237.51
2443,-4.7342,50,0,-3.3855,2.0016,0.22,0.0954,237.61
2444,-2.9768,50,0,-3.3513,1.979,0.22,0.0935,237.7
2445,-0.0421,1,1,-3.3042,2.001,0.23,0.0018,237.7
2446,-4.2614,50,0,-3.3052,2.0014,0.23,0.0846,237.79
2447,-5.4455,50,0,-3.302,1.9978,0.23,0.1144,237.9
2448,-4.3475,50,0,-3.2942,1.9921,0.23,0.1049,238.01
2449,-0.0379,1,1,-3.2292,1.9913,0.24,0.0025,238.01
2450,-0.0474,1,1,-3.2293,1.9911,0.24,0.0022,238.01
2451,-5.7602,50,0,-3.2315,1.9937,0.24,0.0817,238.09
2452,-0.0152,1,1,-3.1934,2.0183,0.25,0.005,238.1
2453,-4.1492,50,0,-3.1843,2.0118,0.25,0.082,238.18
2454,-0.0315,1,1,-3.1503,2.036,0.26,0.0023,238.18
2455,-5.1212,50,0,-3.1522,2.0377,0.26,0.087,238.27
2456,-5.2564,50,0,-3.1668,2.0474,0.26,0.0958,238.36
2457,-5.9339,50,0,-3.2257,2.0415,0.25,0.0975,238.46
2458,-3.4233,50,0,-3.2254,2.0414,0.25,0.0939,238.56
2459,-3.573,50,0,-3.2312,2.0416,0.25,0.0894,238.65
2460,-4.6322,50,0,-3.215,2.0239,0.25,0.0925,238.74
2461,-0.0376,1,1,-3.1695,2.0436,0.26,0.003,238.74
2462,-5.8003,50,0,-3.1955,2.0603,0.26,0.1171,238.86
2463,-3.7498,50,0,-3.1994,2.0609,0.26,0.0997,238.96
2464,-3.6508,50,0,-3.2356,2.0367,0.25,0.0921,239.05
2465,-3.7059,50,0,-3.2296,2.0344,0.25,0.0999,239.15
2466,-4.1323,50,0,-3.2704,2.0109,0.24,0.0936,239.24
2467,-5.6783,50,0,-3.2715,2.0122,0.24,0.106,239.35
2468,-3.0341,50,0,-3.2764,2.0111,0.24,0.0948,239.44
2469,-4.882,50,0,-3.2743,2.0092,0.24,0.0919,239.54
2470,-0.0234,1,1,-3.2742,2.0094,0.24,0.0021,239.54
2471,-3.557,50,0,-3.2631,2.0048,0.24,0.1141,239.65
2472,-0.0369,1,1,-3.2327,2.0303,0.25,0.0018,239.65
2473,-4.7851,50,0,-3.2801,2.0105,0.24,0.1021,239.76
2474,-5.642,50,0,-3.3362,1.9974,0.23,0.0966,239.85
2475,-0.0435,1,1,-3.278,2.0078,0.24,0.002,239.85
2476,-5.8386,50,0,-3.2834,2.0139,0.24,0.0935,239.95
2477,-4.4017,50,0,-3.2872,2.0156,0.24,0.0986,240.05
2478,-2.6137,50,0,-3.2728,2.0153,0.24,0.0896,240.14
2479,-4.9485,50,0,-3.2963,2.0209,0.24,0.0924,240.23
2480,-3.1084,50,0,-3.2934,2.021,0.24,0.0872,240.32
2481,-4.9603,50,0,-3.3425,2.0011,0.23,0.0826,240.4
2482,-5.687,50,0,-3.3457,2.0046,0.23,0.7203,241.12
2483,-0.0386,1,1,-3.3152,2.0313,0.24,0.0023,241.12
2484,-2.6017,50,0,-3.341,2.0055,0.23,0.0916,241.21
2485,-0.0263,1,1,-3.2907,2.0249,0.24,0.0019,241.21
2486,-0.0469,1,1,-3.248,2.0477,0.25,0.0018,241.22
2487,-4.1578,50,0,-3.2442,2.0456,0.25,0.0976,241.31
2488,-4.6725,50,0,-3.2908,2.0245,0.24,0.0947,241.41
2489,-6.7199,50,0,-3.314,2.0503,0.24,0.089,241.5
2490,-4.2588,50,0,-3.3261,2.0522,0.24,0.0855,241.58
2491,-4.5018,50,0,-3.371,2.0282,0.23,0.0905,241.67
2492,-0.0239,1,1,-3.3709,2.0284,0.23,0.9052,242.58
2493,-0.0453,1,1,-3.3104,2.0365,0.24,0.0018,242.58
2494,-4.0854,50,0,-3.3214,2.0377,0.24,0.0944,242.67
2495,-2.7336,50,0,-3.3483,2.0119,0.23,0.119,242.79
2496,-3.7405,50,0,-3.3598,2.0108,0.23,0.0821,242.88
2497,-5.8645,50,0,-3.3812,2.0259,0.23,0.0912,242.97
2498,-5.6459,50,0,-3.4372,2.0102,0.22,0.0969,243.06
2499,-4.6762,50,0,-3.4296,2.0041,0.22,0.1062,243.17
2500,-0.0324,1,1,-3.3864,2.0301,0.23,0.0024,243.17
2501,-0.0465,1,1,-3.3865,2.03,0.23,0.0041,243.18
2502,-0.013,1,1,-3.3372,2.0514,0.24,0.003,243.18
2503,-5.8054,50,0,-3.3491,2.0622,0.24,0.0905,243.27
2504,-0.0266,1,1,-3.3491,2.0622,0.24,0.0031,243.27
2505,-4.8327,50,0,-3.3971,2.0403,0.23,0.1066,243.38
2506,-3.7052,50,0,-3.3869,2.0362,0.23,0.0858,243.47
2507,-4.9959,50,0,-3.3991,2.0421,0.23,0.085,243.55
2508,-0.0306,1,1,-3.3691,2.0691,0.24,0.0019,243.55
2509,-4.1145,50,0,-3.3676,2.0686,0.24,0.1,243.65
2510,-2.9545,50,0,-3.3615,2.0689,0.24,0.0965,243.75
2511,-5.6731,50,0,-3.3841,2.0816,0.24,0.0979,243.85
2512,-4.8376,50,0,-3.4322,2.059,0.23,0.0986,243.95
2513,-3.2268,50,0,-3.4641,2.0307,0.22,0.0893,244.03
2514,-5.031,50,0,-3.479,2.0367,0.22,0.1041,244.14
2515,-4.9858,50,0,-3.4909,2.042,0.22,0.1208,244.26
2516,-0.0395,1,1,-3.4296,2.0526,0.23,0.003,244.26
2517,-6.27,50,0,-3.4619,2.0715,0.23,0.0885,244.35
2518,-2.6463,50,0,-3.453,2.0731,0.23,0.0964,244.45
2519,-4.5776,50,0,-3.4535,2.0734,0.23,0.0846,244.53
2520,-3.9662,50,0,-3.4472,2.0708,0.23,0.0762,244.61
2521,-4.631,50,0,-3.4431,2.068,0.23,0.1006,244.71
2522,-0.0426,1,1,-3.3953,2.0908,0.24,0.003,244.71
2523,-4.8219,50,0,-3.4431,2.0681,0.23,0.1147,244.83
2524,-4.9968,50,0,-3.4544,2.0735,0.23,0.1063,244.93
2525,-4.4695,50,0,-3.4445,2.0663,0.23,0.0748,245.01
2526,-6.2735,50,0,-3.4794,2.0842,0.23,0.0939,245.1
2527,-4.9977,50,0,-3.5029,2.088,0.23,0.0848,245.19
2528,-4.854,50,0,-3.4978,2.084,0.23,0.0874,245.27
2529,-0.0268,1,1,-3.4382,2.0971,0.24,0.0024,245.28
2530,-5.1148,50,0,-3.4503,2.1033,0.24,0.0862,245.36
2531,-4.2577,50,0,-3.4661,2.1033,0.24,0.0838,245.45
2532,-3.3202,50,0,-3.4609,2.103,0.24,0.1025,245.55
2533,-2.8599,50,0,-3.4434,2.1007,0.24,0.0795,245.63
2534,-5.0812,50,0,-3.4939,2.0787,0.23,0.094,245.72
2535,-0.015,1,1,-3.4561,2.107,0.24,0.0023,245.72
2536,-5.598,50,0,-3.4691,2.1161,0.24,0.0844,245.81
2537,-4.3413,50,0,-3.4737,2.1175,0.24,0.0841,245.89
2538,-2.949,50,0,-3.5027,2.0901,0.23,0.1142,246.01
2539,-3.2369,50,0,-3.4973,2.0901,0.23,0.0746,246.08
2540,-2.9208,50,0,-3.4792,2.0872,0.23,0.0861,246.17
2541,-3.015,50,0,-3.4446,2.0658,0.23,0.0984,246.27
2542,-3.7107,50,0,-3.4329,2.0609,0.23,0.0958,246.36
2543,-6.0154,50,0,-3.4457,2.0729,0.23,0.9707,247.33
2544,-3.3849,50,0,-3.4498,2.0724,0.23,0.1102,247.44
2545,-3.9457,50,0,-3.4888,2.0444,0.22,0.0957,247.54
2546,-4.9733,50,0,-3.496,2.0483,0.22,0.0975,247.64
2547,-0.0293,1,1,-3.4418,2.0676,0.23,0.0024,247.64
2548,-4.4948,50,0,-3.4433,2.0683,0.23,0.0838,247.72
2549,-3.1382,50,0,-3.4743,2.04,0.22,0.0809,247.8
2550,-0.0432,1,1,-3.4742,2.0401,0.22,0.0017,247.8
2551,-4.2348,50,0,-3.459,2.0286,0.22,0.0795,247.88
2552,-5.4096,50,0,-3.5129,2.008,0.21,0.1185,248.0
2553,-4.0297,50,0,-3.5117,2.0076,0.21,0.124,248.13
2554,-0.0185,1,1,-3.5116,2.0078,0.21,0.003,248.13
2555,-4.6164,50,0,-3.5065,2.0044,0.21,0.1002,248.23
2556,-2.761,50,0,-3.4816,1.998,0.21,0.0856,248.32
2557,-0.0266,1,1,-3.4225,2.0119,0.22,0.0019,248.32
2558,-5.4395,50,0,-3.4427,2.0219,0.22,0.0836,248.4
2559,-0.0086,1,1,-3.407,2.0505,0.23,0.0026,248.4
2560,-6.1993,50,0,-3.4227,2.0657,0.23,0.0947,248.5
2561,-5.2512,50,0,-3.4748,2.0453,0.22,0.0963,248.59
2562,-5.9142,50,0,-3.476,2.0467,0.22,0.0889,248.68
2563,-0.0347,1,1,-3.4388,2.0749,0.23,0.0031,248.69
2564,-4.8634,50,0,-3.451,2.0796,0.23,0.1028,248.79
2565,-2.9006,50,0,-3.4429,2.0802,0.23,0.0977,248.89
2566,-0.0401,1,1,-3.402,2.1063,0.24,0.0033,248.89
2567,-3.9634,50,0,-3.3848,2.0946,0.24,0.1165,249.01
2568,-0.0119,1,1,-3.3546,2.1211,0.25,0.0022,249.01
2569,-0.0146,1,1,-3.3059,2.1413,0.26,0.0018,249.01
2570,-0.0264,1,1,-3.306,2.1412,0.26,0.0017,249.01
2571,-2.868,50,0,-3.2991,2.1415,0.26,0.0981,249.11
2572,-3.4788,50,0,-3.3335,2.1163,0.25,0.1169,249.23
2573,-3.3342,50,0,-3.319,2.1113,0.25,0.0969,249.32
2574,-3.102,50,0,-3.2936,2.0984,0.25,0.1121,249.44
2575,-4.5448,50,0,-3.3386,2.0764,0.24,0.0761,249.51
2576,-3.9677,50,0,-3.3199,2.0621,0.24,0.1047,249.62
2577,-3.621,50,0,-3.3121,2.0595,0.24,0.0888,249.71
2578,-0.0354,1,1,-3.2863,2.0841,0.25,0.0023,249.71
2579,-3.3942,50,0,-3.2708,2.0774,0.25,0.1017,249.81
2580,-4.1244,50,0,-3.2809,2.0791,0.25,0.1005,249.91
2581,-0.0086,1,1,-3.2314,2.0974,0.26,0.003,249.91
2582,-5.0091,50,0,-3.2246,2.0905,0.26,0.1013,250.02
2583,-0.0301,1,1,-3.2245,2.0906,0.26,0.0032,250.02
2584,-4.7383,50,0,-3.2459,2.0951,0.26,0.0865,250.1
2585,-5.3289,50,0,-3.2989,2.08,0.25,0.0899,250.19
2586,-5.5802,50,0,-3.3543,2.0663,0.24,0.0925,250.29
2587,-0.0331,1,1,-3.313,2.0909,0.25,0.0026,250.29
2588,-5.0551,50,0,-3.3168,2.0937,0.25,0.0857,250.38
2589,-5.144,50,0,-3.3011,2.0738,0.25,0.0922,250.47
2590,-4.9316,50,0,-3.3078,2.078,0.25,0.0923,250.56
2591,-6.0535,50,0,-3.3233,2.0926,0.25,0.085,250.65
2592,-4.8875,50,0,-3.372,2.0718,0.24,0.0807,250.73
2593,-4.7887,50,0,-3.4194,2.0493,0.23,0.0957,250.82
2594,-3.3469,50,0,-3.412,2.0482,0.23,0.0924,250.91
2595,-2.7716,50,0,-3.4124,2.0481,0.23,0.0813,251.0
2596,-5.0366,50,0,-3.4254,2.0542,0.23,0.0903,251.09
2597,-2.6407,50,0,-3.3931,2.0409,0.23,0.084,251.17
2598,-3.2321,50,0,-3.369,2.0284,0.23,0.9873,252.16
2599,-2.7123,50,0,-3.3493,2.0251,0.23,0.0993,252.26
2600,-3.9479,50,0,-3.3885,1.9983,0.22,0.1037,252.36
2601,-4.3068,50,0,-3.4311,1.9718,0.21,0.0854,252.45
2602,-2.7776,50,0,-3.4587,1.9429,0.2,0.0948,252.54
2603,-3.2363,50,0,-3.4331,1.9286,0.2,0.0877,252.63
2604,-5.9585,50,0,-3.4924,1.9141,0.19,0.0913,252.72
2605,-3.205,50,0,-3.4761,1.9095,0.19,0.0863,252.81
2606,-0.0379,1,1,-3.4394,1.9398,0.2,0.0023,252.81
2607,-4.7509,50,0,-3.437,1.9379,0.2,0.0953,252.9
2608,-0.0397,1,1,-3.4371,1.9378,0.2,0.0025,252.91
2609,-5.6925,50,0,-3.4528,1.9496,0.2,0.0933,253.0
2610,-4.6636,50,0,-3.4699,1.9527,0.2,0.0926,253.09
2611,-5.0267,50,0,-3.4635,1.9464,0.2,0.0798,253.17
2612,-0.0438,1,1,-3.4155,1.9709,0.21,0.0019,253.17
2613,-3.2411,50,0,-3.4157,1.9709,0.21,0.0773,253.25
2614,-4.1408,50,0,-3.4068,1.9655,0.21,0.0952,253.35
2615,-4.4162,50,0,-3.4011,1.9618,0.21,0.0874,253.43
2616,-0.0447,1,1,-3.4011,1.9617,0.21,0.0025,253.44
2617,-3.4998,50,0,-3.3734,1.9404,0.21,0.0869,253.52
2618,-3.4953,50,0,-3.3819,1.9391,0.21,0.1017,253.62
2619,-3.7723,50,0,-3.3739,1.9358,0.21,0.0974,253.72
2620,-4.279,50,0,-3.377,1.937,0.21,0.0845,253.81
2621,-4.7466,50,0,-3.3781,1.9378,0.21,0.073,253.88
2622,-0.0493,1,1,-3.3782,1.9376,0.21,0.0019,253.88
2623,-5.7687,50,0,-3.3877,1.947,0.21,0.0828,253.96
2624,-5.0566,50,0,-3.3883,1.9475,0.21,0.085,254.05
2625,-4.8009,50,0,-3.3916,1.9496,0.21,0.103,254.15
2626,-4.0435,50,0,-3.3693,1.9291,0.21,0.1038,254.26
2627,-6.5012,50,0,-3.3843,1.9475,0.21,0.1011,254.36
2628,-5.0063,50,0,-3.3859,1.9487,0.21,0.1051,254.46
2629,-4.6197,50,0,-3.4318,1.923,0.2,0.108,254.57
2630,-3.4847,50,0,-3.4155,1.9156,0.2,0.094,254.66
2631,-4.1234,50,0,-3.4141,1.915,0.2,0.1138,254.78
2632,-3.6914,50,0,-3.4179,1.9152,0.2,0.1362,254.91
2633,-4.3419,50,0,-3.4327,1.9165,0.2,0.0987,255.01
2634,-0.0481,1,1,-3.3823,1.9385,0.21,0.003,255.02
2635,-4.7389,50,0,-3.4296,1.9133,0.2,0.1027,255.12
2636,-3.3398,50,0,-3.407,1.9009,0.2,0.0799,255.2
2637,-0.0276,1,1,-3.3639,1.9279,0.21,0.0026,255.2
2638,-3.7001,50,0,-3.3714,1.9278,0.21,0.0943,255.29
2639,-6.253,50,0,-3.4015,1.9489,0.21,0.1163,255.41
2640,-6.2127,50,0,-3.4345,1.9682,0.21,0.0998,255.51
2641,-0.037,1,1,-3.4047,1.9967,0.22,0.0026,255.51
2642,-3.5372,50,0,-3.4029,1.9965,0.22,0.0852,255.6
2643,-3.2043,50,0,-3.3748,1.9792,0.22,0.1037,255.7
2644,-2.8068,50,0,-3.369,1.98,0.22,0.1107,255.81
2645,-5.4167,50,0,-3.3838,1.9897,0.22,0.1045,255.92
2646,-3.4516,50,0,-3.3685,1.9833,0.22,0.1314,256.05
2647,-3.1048,50,0,-3.3993,1.9549,0.21,1.0373,257.09
2648,-0.0465,1,1,-3.3548,1.9799,0.22,0.0027,257.09
2649,-2.6736,50,0,-3.3502,1.981,0.22,0.099,257.19
2650,-0.046,1,1,-3.3502,1.9809,0.22,0.0024,257.19
2651,-0.0385,1,1,-3.3082,2.006,0.23,0.0025,257.19
2652,-5.5583,50,0,-3.3097,2.0076,0.23,0.0917,257.28
2653,-2.8101,50,0,-3.2975,2.0069,0.23,0.1039,257.39
2654,-5.6818,50,0,-3.3542,1.9934,0.22,0.1003,257.49
2655,-2.8425,50,0,-3.3364,1.99,0.22,0.0982,257.59
2656,-3.144,50,0,-3.3402,1.9893,0.22,0.0919,257.68
2657,-6.1599,50,0,-3.4016,1.9807,0.21,0.0867,257.77
2658,-3.5091,50,0,-3.3823,1.9701,0.21,0.1116,257.88
2659,-4.8777,50,0,-3.431,1.9462,0.2,0.1172,257.99
2660,-6.1031,50,0,-3.43,1.9448,0.2,0.0893,258.08
2661,-4.0875,50,0,-3.4184,1.9374,0.2,0.0877,258.17
2662,-5.4354,50,0,-3.4136,1.9318,0.2,0.0943,258.27
2663,-6.3082,50,0,-3.4763,1.9229,0.19,0.0863,258.35
2664,-3.6247,50,0,-3.4639,1.9179,0.19,0.0969,258.45
2665,-5.4533,50,0,-3.4894,1.9272,0.19,0.0832,258.53
2666,-3.987,50,0,-3.5289,1.8963,0.18,0.0799,258.61
2667,-5.2538,50,0,-3.5418,1.9036,0.18,0.0838,258.7
2668,-4.5545,50,0,-3.5872,1.8728,0.17,0.1161,258.81
2669,-3.4198,50,0,-3.6213,1.8381,0.16,0.1087,258.92
2670,-4.6379,50,0,-3.6674,1.8049,0.15,0.0905,259.01
2671,-5.1528,50,0,-3.6903,1.8091,0.15,0.1044,259.12
2672,-5.1675,50,0,-3.7071,1.8149,0.15,0.0891,259.2
2673,-3.3721,50,0,-3.7075,1.8148,0.15,0.0932,259.3
2674,-3.2953,50,0,-3.7095,1.8143,0.15,0.104,259.4
2675,-4.5589,50,0,-3.7096,1.8144,0.15,0.0898,259.49
2676,-0.0228,1,1,-3.6702,1.8508,0.16,0.0031,259.49
2677,-4.7128,50,0,-3.6811,1.8537,0.16,0.0832,259.58
2678,-0.03,1,1,-3.681,1.8538,0.16,0.0029,259.58
2679,-6.1876,50,0,-3.7089,1.8703,0.16,0.0954,259.68
2680,-4.1645,50,0,-3.7094,1.8704,0.16,0.0894,259.77
2681,-3.4137,50,0,-3.7434,1.8333,0.15,0.0919,259.86
2682,-4.3316,50,0,-3.7366,1.8299,0.15,0.0926,259.95
2683,-5.241,50,0,-3.7887,1.7975,0.14,0.0899,260.04
2684,-0.044,1,1,-3.7418,1.833,0.15,0.0018,260.04
2685,-4.5654,50,0,-3.7342,1.828,0.15,0.0739,260.12
2686,-0.0235,1,1,-3.6786,1.8553,0.16,0.002,260.12
2687,-4.357,50,0,-3.7218,1.8199,0.15,0.0895,260.21
2688,-2.7035,50,0,-3.6983,1.8177,0.15,0.1019,260.31
2689,-5.2715,50,0,-3.6996,1.8187,0.15,0.1046,260.41
2690,-3.844,50,0,-3.6887,1.8146,0.15,0.0852,260.5
2691,-0.0166,1,1,-3.6283,1.8352,0.16,0.0029,260.5
2692,-4.8739,50,0,-3.6282,1.8351,0.16,0.1082,260.61
2693,-5.5437,50,0,-3.6358,1.8414,0.16,0.0911,260.7
2694,-5.6874,50,0,-3.6592,1.8524,0.16,0.1028,260.8
2695,-4.302,50,0,-3.6745,1.8514,0.16,0.0934,260.9
2696,-5.4286,50,0,-3.6784,1.8546,0.16,1.0837,261.98
2697,-3.998,50,0,-3.692,1.852,0.16,0.109,262.09
2698,-4.9452,50,0,-3.7091,1.8556,0.16,0.1269,262.22
2699,-5.7978,50,0,-3.7399,1.8644,0.16,0.0963,262.31
2700,-0.0112,1,1,-3.7006,1.9008,0.17,0.0031,262.32
2701,-4.3936,50,0,-3.7014,1.9011,0.17,0.0941,262.41
2702,-3.01,50,0,-3.7038,1.9001,0.17,0.0873,262.5
2703,-4.1603,50,0,-3.713,1.9,0.17,0.0938,262.59
2704,-0.0457,1,1,-3.6539,1.9211,0.18,0.0026,262.59
2705,-5.0116,50,0,-3.6719,1.9253,0.18,0.0964,262.69
2706,-4.4555,50,0,-3.7161,1.8918,0.17,0.1037,262.79
2707,-0.0495,1,1,-3.6691,1.9236,0.18,0.003,262.8
2708,-0.045,1,1,-3.6692,1.9235,0.18,0.0026,262.8
2709,-4.6697,50,0,-3.6589,1.9155,0.18,0.0967,262.9
2710,-0.0453,1,1,-3.6128,1.9461,0.19,0.0023,262.9
2711,-4.2973,50,0,-3.6055,1.9422,0.19,0.0786,262.98
2712,-4.0437,50,0,-3.6455,1.9093,0.18,0.0865,263.06
2713,-4.5903,50,0,-3.6589,1.9112,0.18,0.1112,263.18
2714,-2.8005,50,0,-3.6455,1.9124,0.18,0.0844,263.26
2715,-2.7047,50,0,-3.6284,1.9131,0.18,0.1041,263.36
2716,-2.5821,50,0,-3.6538,1.882,0.17,0.0928,263.46
2717,-5.222,50,0,-3.671,1.8884,0.17,0.0856,263.54
2718,-0.0154,1,1,-3.6362,1.923,0.18,0.002,263.54
2719,-4.895,50,0,-3.6475,1.9271,0.18,0.1039,263.65
2720,-3.8516,50,0,-3.6432,1.9261,0.18,0.1013,263.75
2721,-0.0242,1,1,-3.596,1.9562,0.19,0.0024,263.75
2722,-3.0208,50,0,-3.6257,1.9244,0.18,0.09,263.84
2723,-5.1186,50,0,-3.6192,1.9182,0.18,0.1019,263.94
2724,-4.7661,50,0,-3.6163,1.9163,0.18,0.0918,264.04
2725,-0.0201,1,1,-3.5685,1.9455,0.19,0.0018,264.04
2726,-4.1279,50,0,-3.5693,1.9457,0.19,0.078,264.11
2727,-0.023,1,1,-3.5045,1.9549,0.2,0.0017,264.12
2728,-2.5544,50,0,-3.48,1.9513,0.2,0.0725,264.19
2729,-4.4029,50,0,-3.4778,1.9501,0.2,0.1,264.29
2730,-0.0303,1,1,-3.4433,1.98,0.21,0.0021,264.29
2731,-3.8837,50,0,-3.4409,1.9794,0.21,0.1042,264.4
2732,-5.8595,50,0,-3.4626,1.9938,0.21,0.0799,264.48
2733,-3.1319,50,0,-3.4505,1.9921,0.21,0.0896,264.57
2734,-5.6277,50,0,-3.5063,1.9741,0.2,0.9309,265.5
2735,-2.5825,50,0,-3.4847,1.9723,0.2,0.1086,265.6
2736,-0.033,1,1,-3.4516,2.0019,0.21,0.0019,265.61
2737,-4.809,50,0,-3.4995,1.9765,0.2,0.0942,265.7
2738,-5.023,50,0,-3.5127,1.9822,0.2,0.0937,265.79
2739,-5.1007,50,0,-3.5012,1.9696,0.2,0.1132,265.91
2740,-0.0226,1,1,-3.4393,1.9806,0.21,0.0031,265.91
2741,-3.4106,50,0,-3.473,1.9509,0.2,0.0978,266.01
2742,-4.8057,50,0,-3.4857,1.9554,0.2,0.0755,266.08
2743,-3.9108,50,0,-3.4927,1.9556,0.2,0.0976,266.18
2744,-3.1094,50,0,-3.4958,1.9548,0.2,0.1125,266.29
2745,-4.3751,50,0,-3.4854,1.9473,0.2,0.0886,266.38
2746,-5.7697,50,0,-3.5085,1.9605,0.2,0.0895,266.47
2747,-0.0422,1,1,-3.4779,1.9903,0.21,0.0019,266.47
2748,-6.7398,50,0,-3.5448,1.9863,0.2,0.0965,266.57
2749,-5.5455,50,0,-3.5736,1.9943,0.2,0.9837,267.55
2750,-4.4033,50,0,-3.6171,1.9641,0.19,0.1159,267.67
2751,-3.7677,50,0,-3.6544,1.9309,0.18,0.0759,267.75
2752,-3.8255,50,0,-3.6371,1.9215,0.18,0.0993,267.85
2753,-3.6609,50,0,-3.6456,1.9197,0.18,0.109,267.95
2754,-0.0299,1,1,-3.5891,1.942,0.19,0.0025,267.96
2755,-5.4819,50,0,-3.6155,1.9496,0.19,0.0805,268.04
2756,-6.3597,50,0,-3.6476,1.968,0.19,0.1158,268.15
2757,-2.7602,50,0,-3.6136,1.9536,0.19,0.1158,268.27
2758,-5.8577,50,0,-3.6371,1.9663,0.19,0.1017,268.37
2759,-2.662,50,0,-3.615,1.9646,0.19,0.1012,268.47
2760,-4.9258,50,0,-3.6032,1.9532,0.19,0.0979,268.57
2761,-0.0194,1,1,-3.5625,1.9848,0.2,0.0034,268.57
2762,-3.9433,50,0,-3.5476,1.9762,0.2,0.1194,268.69
2763,-4.2654,50,0,-3.5272,1.9581,0.2,0.1129,268.81
2764,-3.4873,50,0,-3.5258,1.9581,0.2,0.0858,268.89
2765,-4.9296,50,0,-3.5206,1.9536,0.2,0.0971,268.99
2766,-0.0387,1,1,-3.4811,1.9834,0.21,0.0019,268.99
2767,-5.2119,50,0,-3.4807,1.9831,0.21,0.09,269.08
2768,-3.0062,50,0,-3.4652,1.9807,0.21,0.0864,269.17
2769,-4.5664,50,0,-3.4766,1.9837,0.21,0.0879,269.25
2770,-0.0423,1,1,-3.4307,2.0093,0.22,0.003,269.26
2771,-4.355,50,0,-3.4227,2.004,0.22,0.1029,269.36
2772,-3.5213,50,0,-3.4062,1.9964,0.22,0.0885,269.45
2773,-5.5903,50,0,-3.4284,2.0082,0.22,0.0914,269.54
2774,-4.6878,50,0,-3.4424,2.012,0.22,0.1106,269.65
2775,-6.1886,50,0,-3.4586,2.0275,0.22,0.0965,269.75
2776,-3.4846,50,0,-3.4933,1.9979,0.21,0.0945,269.84
2777,-3.0223,50,0,-3.4764,1.9947,0.21,0.0957,269.94
2778,-4.4237,50,0,-3.5203,1.9665,0.2,0.0814,270.02
2779,-3.416,50,0,-3.4926,1.9481,0.2,0.1059,270.13
2780,-4.0298,50,0,-3.4912,1.9477,0.2,0.1001,270.23
2781,-3.4274,50,0,-3.4914,1.9477,0.2,0.087,270.31
2782,-3.6259,50,0,-3.4843,1.9459,0.2,0.1022,270.41
2783,-3.8096,50,0,-3.47,1.9382,0.2,0.0953,270.51
2784,-6.041,50,0,-3.53,1.924,0.19,0.1035,270.61
2785,-4.2997,50,0,-3.5273,1.9227,0.19,0.0911,270.7
2786,-3.4373,50,0,-3.5615,1.8903,0.18,0.1012,270.81
2787,-5.2114,50,0,-3.57,1.8958,0.18,0.0965,270.9
2788,-4.0132,50,0,-3.5831,1.8943,0.18,0.0753,270.98
2789,-4.8429,50,0,-3.5788,1.8909,0.18,0.0715,271.05
2790,-3.0576,50,0,-3.5709,1.8914,0.18,0.0924,271.14
2791,-0.0184,1,1,-3.571,1.8914,0.18,0.0022,271.14
2792,-0.0331,1,1,-3.5226,1.9192,0.19,0.0022,271.15
2793,-4.0371,50,0,-3.5075,1.9091,0.19,0.0853,271.23
2794,-0.0154,1,1,-3.4508,1.9277,0.2,0.0023,271.23
2795,-4.342,50,0,-3.4512,1.9279,0.2,0.0959,271.33
2796,-4.87,50,0,-3.4456,1.9229,0.2,0.0881,271.42
2797,-0.0193,1,1,-3.4058,1.952,0.21,0.0022,271.42
2798,-0.0167,1,1,-3.3565,1.9746,0.22,0.0022,271.42
2799,-4.4075,50,0,-3.3426,1.9623,0.22,0.9592,272.38
2800,-5.4657,50,0,-3.3972,1.9446,0.21,0.1174,272.5
2801,-3.3062,50,0,-3.3863,1.9421,0.21,0.1168,272.61
2802,-5.4676,50,0,-3.4109,1.9527,0.21,0.109,272.72
2803,-3.7674,50,0,-3.4069,1.9515,0.21,0.0926,272.82
2804,-2.5934,50,0,-3.4324,1.9239,0.2,0.1011,272.92
2805,-0.0494,1,1,-3.3828,1.9464,0.21,0.003,272.92
2806,-5.5117,50,0,-3.3933,1.9551,0.21,0.0889,273.01
2807,-4.3892,50,0,-3.4367,1.9283,0.2,0.1135,273.12
2808,-3.7657,50,0,-3.4739,1.8982,0.19,0.0997,273.22
2809,-0.0331,1,1,-3.4276,1.9249,0.2,0.0042,273.23
2810,-5.3489,50,0,-3.4806,1.9039,0.19,0.0776,273.3
2811,-6.8384,50,0,-3.506,1.9314,0.19,0.0879,273.39
2812,-3.0068,50,0,-3.4957,1.9312,0.19,0.1012,273.49
2813,-3.0897,50,0,-3.4807,1.9285,0.19,0.0846,273.58
2814,-4.2071,50,0,-3.4947,1.9286,0.19,0.0779,273.66
2815,-0.0397,1,1,-3.4681,1.9576,0.2,0.0022,273.66
2816,-4.8255,50,0,-3.4905,1.9601,0.2,0.1071,273.77
2817,-4.8703,50,0,-3.487,1.9573,0.2,0.083,273.85
2818,-5.3643,50,0,-3.5405,1.9347,0.19,0.0842,273.93
2819,-5.1809,50,0,-3.5433,1.9369,0.19,0.1088,274.04
2820,-4.2236,50,0,-3.5471,1.9378,0.19,0.0897,274.13
2821,-4.4729,50,0,-3.5915,1.9073,0.18,0.0712,274.2
2822,-3.7632,50,0,-3.599,1.9065,0.18,0.1094,274.31
2823,-0.0221,1,1,-3.548,1.9331,0.19,0.0019,274.31
2824,-0.0297,1,1,-3.5006,1.9605,0.2,0.0017,274.32
2825,-4.8174,50,0,-3.5486,1.9333,0.19,0.0768,274.39
2826,-3.9772,50,0,-3.5471,1.9329,0.19,0.0721,274.46
2827,-3.8056,50,0,-3.5849,1.9003,0.18,0.094,274.56
2828,-4.6155,50,0,-3.6055,1.9002,0.18,0.0997,274.66
2829,-4.3497,50,0,-3.605,1.9,0.18,0.107,274.76
2830,-5.2929,50,0,-3.6576,1.8729,0.17,0.0875,274.85
2831,-5.2165,50,0,-3.671,1.8792,0.17,0.0935,274.95
2832,-4.0166,50,0,-3.6525,1.8666,0.17,0.097,275.04
2833,-5.3598,50,0,-3.6748,1.8736,0.17,0.1055,275.15
2834,-6.9001,50,0,-3.6875,1.891,0.17,0.1037,275.25
2835,-3.5222,50,0,-3.6969,1.8878,0.17,0.1034,275.36
2836,-0.0463,1,1,-3.6971,1.8876,0.17,0.0032,275.36
2837,-31.2401,50,0,-3.9614,3.3267,0.17,0.1065,275.46
2838,-0.0058,1,1,-3.9112,3.3481,0.18,0.0019,275.47
2839,-0.0246,1,1,-3.8604,3.3681,0.19,0.0017,275.47
2840,-3.4091,50,0,-3.8943,3.3463,0.18,0.0879,275.56
2841,-0.0357,1,1,-3.8606,3.3679,0.19,0.0026,275.56
2842,-3.7359,50,0,-3.8499,3.3666,0.19,0.0929,275.65
2843,-3.7543,50,0,-3.8483,3.3666,0.19,0.1101,275.76
2844,-2.7482,50,0,-3.8447,3.3676,0.19,0.0902,275.85
2845,-5.2794,50,0,-3.8537,3.3702,0.19,0.0819,275.93
2846,-4.7284,50,0,-3.8433,3.3659,0.19,0.1226,276.06
2847,-4.5771,50,0,-3.8887,3.3449,0.18,0.0812,276.14
2848,-5.2634,50,0,-3.8739,3.3355,0.18,0.0799,276.22
2849,-0.0316,1,1,-3.8188,3.3529,0.19,0.0024,276.22
2850,-0.0498,1,1,-3.7752,3.3733,0.2,0.002,276.22
2851,-0.037,1,1,-3.7379,3.3937,0.21,0.0021,276.22
2852,-3.596,50,0,-3.7356,3.3937,0.21,0.9942,277.22
2853,-2.9642,50,0,-3.7287,3.3946,0.21,0.0933,277.31
2854,-4.2246,50,0,-3.7706,3.3745,0.2,0.0763,277.39
2855,-4.4586,50,0,-3.7604,3.3708,0.2,0.0886,277.48
2856,-4.1944,50,0,-3.7387,3.361,0.2,0.0957,277.57
2857,-3.5229,50,0,-3.7463,3.3596,0.2,0.0859,277.66
2858,-5.3689,50,0,-3.7415,3.3569,0.2,0.1138,277.77
2859,-4.5146,50,0,-3.76,3.356,0.2,0.0943,277.87
2860,-2.6918,50,0,-3.7376,3.3556,0.2,0.102,277.97
2861,-0.0324,1,1,-3.7378,3.3555,0.2,0.0032,277.97
2862,-6.076,50,0,-3.7591,3.3635,0.2,0.1002,278.07
2863,-3.6522,50,0,-3.753,3.3631,0.2,0.0885,278.16
2864,-0.0279,1,1,-3.7184,3.3834,0.21,0.0019,278.16
2865,-3.7424,50,0,-3.7065,3.3812,0.21,0.1199,278.28
2866,-3.1628,50,0,-3.7377,3.3616,0.2,0.0949,278.38
2867,-0.0231,1,1,-3.6859,3.3784,0.21,0.002,278.38
2868,-4.9234,50,0,-3.705,3.3799,0.21,0.1085,278.49
2869,-0.0363,1,1,-3.6597,3.3984,0.22,0.0025,278.49
2870,-3.4288,50,0,-3.6936,3.379,0.21,0.1046,278.59
2871,-4.1468,50,0,-3.6915,3.3786,0.21,0.0943,278.69
2872,-5.7737,50,0,-3.714,3.3849,0.21,0.0873,278.78
2873,-0.0398,1,1,-3.6585,3.3992,0.22,0.0022,278.78
2874,-4.9163,50,0,-3.6608,3.4,0.22,0.0941,278.87
2875,-3.5296,50,0,-3.6342,3.3905,0.22,0.0875,278.96
2876,-4.9211,50,0,-3.6486,3.3928,0.22,0.0894,279.05
2877,-3.7541,50,0,-3.6559,3.3923,0.22,0.0903,279.14
2878,-4.9496,50,0,-3.6612,3.3939,0.22,0.1054,279.25
2879,-3.9259,50,0,-3.6663,3.3939,0.22,0.1025,279.35
2880,-0.0228,1,1,-3.6262,3.413,0.23,0.0032,279.35
2881,-5.3483,50,0,-3.6454,3.4172,0.23,0.0995,279.45
2882,-2.5383,50,0,-3.6345,3.419,0.23,0.0912,279.54
2883,-3.1271,50,0,-3.6277,3.4193,0.23,0.1088,279.65
2884,-0.0459,1,1,-3.5677,3.429,0.24,0.0036,279.65
2885,-6.1213,50,0,-3.586,3.4377,0.24,0.0921,279.75
2886,-4.2826,50,0,-3.5944,3.4383,0.24,0.1017,279.85
2887,-0.0196,1,1,-3.5425,3.4527,0.25,0.0027,279.85
2888,-5.3959,50,0,-3.5563,3.4573,0.25,0.0908,279.94
2889,-4.5196,50,0,-3.5531,3.4563,0.25,0.0845,280.03
2890,-0.0424,1,1,-3.5229,3.4736,0.26,0.0022,280.03
2891,-4.584,50,0,-3.5686,3.4572,0.25,0.1043,280.13
2892,-4.8956,50,0,-3.6172,3.4412,0.24,0.0923,280.22
2893,-3.2655,50,0,-3.6095,3.4412,0.24,0.0837,280.31
2894,-4.1251,50,0,-3.6506,3.4225,0.23,0.0972,280.41
2895,-4.5856,50,0,-3.653,3.4231,0.23,0.0992,280.5
2896,-4.6674,50,0,-3.651,3.4224,0.23,0.0883,280.59
2897,-5.6967,50,0,-3.7078,3.4087,0.22,0.0981,280.69
2898,-5.1849,50,0,-3.7595,3.3915,0.21,0.0842,280.78
2899,-2.9287,50,0,-3.7447,3.3919,0.21,0.0791,280.85
2900,-3.632,50,0,-3.7263,3.3875,0.21,0.0841,280.94
2901,-0.0458,1,1,-3.6937,3.407,0.22,0.0048,280.94
2902,-0.0316,1,1,-3.6394,3.4216,0.23,0.0026,280.95
2903,-5.9189,50,0,-3.6609,3.4291,0.23,0.9719,281.92
2904,-2.6516,50,0,-3.6615,3.4289,0.23,0.1107,282.03
2905,-3.5901,50,0,-3.6969,3.4097,0.22,0.0971,282.13
2906,-5.6303,50,0,-3.6981,3.4103,0.22,0.0932,282.22
2907,-4.615,50,0,-3.7003,3.4109,0.22,0.1188,282.34
2908,-0.0456,1,1,-3.6631,3.4302,0.23,0.0023,282.34
2909,-4.2539,50,0,-3.7053,3.4112,0.22,0.0771,282.42
2910,-3.9989,50,0,-3.6918,3.4073,0.22,0.0996,282.52
2911,-2.7843,50,0,-3.6513,3.3937,0.22,0.0911,282.61
2912,-2.6384,50,0,-3.6476,3.3946,0.22,0.1045,282.71
2913,-0.0338,1,1,-3.6171,3.4132,0.23,0.0033,282.72
2914,-5.1085,50,0,-3.6261,3.4159,0.23,0.0884,282.8
2915,-3.9891,50,0,-3.6656,3.397,0.22,0.1004,282.9
2916,-0.0435,1,1,-3.6177,3.414,0.23,0.0018,282.91
2917,-2.8228,50,0,-3.5973,3.4125,0.23,0.1039,283.01
2918,-3.0153,50,0,-3.5738,3.4084,0.23,0.0946,283.1
2919,-4.474,50,0,-3.5667,3.4058,0.23,0.0989,283.2
2920,-3.5074,50,0,-3.5595,3.4051,0.23,0.0939,283.3
2921,-4.097,50,0,-3.5558,3.4043,0.23,0.1041,283.4
2922,-0.0388,1,1,-3.5185,3.4222,0.24,0.0031,283.4
2923,-5.688,50,0,-3.5752,3.4107,0.23,0.0959,283.5
2924,-5.7867,50,0,-3.6328,3.3989,0.22,0.0877,283.59
2925,-3.0978,50,0,-3.6156,3.3973,0.22,0.0992,283.69
2926,-3.2458,50,0,-3.6083,3.3973,0.22,0.0905,283.78
2927,-4.5107,50,0,-3.6153,3.3984,0.22,0.0882,283.87
2928,-5.7234,50,0,-3.6264,3.4034,0.22,0.0817,283.95
2929,-3.5169,50,0,-3.6181,3.4027,0.22,0.0975,284.05
2930,-0.0468,1,1,-3.5656,3.4169,0.23,0.0018,284.05
2931,-5.2398,50,0,-3.5658,3.417,0.23,0.0897,284.14
2932,-2.5166,50,0,-3.5508,3.4182,0.23,0.084,284.22
2933,-0.0205,1,1,-3.4974,3.4313,0.24,0.0018,284.22
2934,-3.3504,50,0,-3.4619,3.4142,0.24,0.0973,284.32
2935,-4.7028,50,0,-3.4737,3.4164,0.24,0.0964,284.42
2936,-4.7902,50,0,-3.5212,3.4014,0.23,0.083,284.5
2937,-5.5893,50,0,-3.2647,1.9655,0.23,0.0799,284.58
2938,-4.9987,50,0,-3.3146,1.9454,0.22,0.1106,284.69
2939,-4.2185,50,0,-3.3565,1.919,0.21,0.0922,284.78
2940,-4.0201,50,0,-3.3627,1.9201,0.21,0.0942,284.88
2941,-0.0306,1,1,-3.3626,1.9202,0.21,0.0024,284.88
2942,-4.4797,50,0,-3.37,1.9231,0.21,0.0875,284.97
2943,-5.0768,50,0,-3.3833,1.9302,0.21,0.0772,285.04
2944,-6.2665,50,0,-3.4185,1.9503,0.21,0.0985,285.14
2945,-4.1551,50,0,-3.4072,1.9428,0.21,0.0811,285.22
2946,-4.4375,50,0,-3.4043,1.941,0.21,0.1014,285.32
2947,-3.7934,50,0,-3.3965,1.9378,0.21,0.0997,285.42
2948,-5.056,50,0,-3.3944,1.9359,0.21,0.1062,285.53
2949,-2.9514,50,0,-3.4236,1.9068,0.2,0.0999,285.63
2950,-3.1124,50,0,-3.4542,1.8767,0.19,0.0918,285.72
2951,-3.6666,50,0,-3.4905,1.8451,0.18,0.9919,286.71
2952,-0.0217,1,1,-3.4548,1.8771,0.19,0.0021,286.72
2953,-5.957,50,0,-3.4847,1.8928,0.19,0.0995,286.82
2954,-4.0967,50,0,-3.4834,1.8923,0.19,0.0873,286.9
2955,-3.6616,50,0,-3.4754,1.8899,0.19,0.0836,286.99
2956,-4.1057,50,0,-3.4746,1.8896,0.19,0.0851,287.07
2957,-0.0354,1,1,-3.4397,1.9203,0.2,0.0018,287.07
2958,-6.1191,50,0,-3.4472,1.9293,0.2,0.09,287.16
2959,-5.1603,50,0,-3.4536,1.9339,0.2,0.0977,287.26
2960,-3.7956,50,0,-3.4647,1.9327,0.2,0.0985,287.36
2961,-4.9044,50,0,-3.5134,1.9068,0.19,0.0866,287.45
2962,-4.7542,50,0,-3.5002,1.8935,0.19,0.1007,287.55
2963,-4.6287,50,0,-3.5099,1.8968,0.19,0.0883,287.64
2964,-5.4371,50,0,-3.564,1.8737,0.18,0.0828,287.72
2965,-3.5872,50,0,-3.5625,1.8736,0.18,0.0849,287.8
2966,-4.6135,50,0,-3.577,1.8761,0.18,0.0788,287.88
2967,-3.7171,50,0,-3.6139,1.8418,0.17,0.1218,288.0
2968,-4.9171,50,0,-3.6139,1.8417,0.17,0.1096,288.11
2969,-5.1824,50,0,-3.6653,1.8127,0.16,0.0939,288.21
2970,-3.1882,50,0,-3.6629,1.8132,0.16,0.0793,288.29
2971,-0.0263,1,1,-3.6217,1.8482,0.17,0.0022,288.29
2972,-0.0233,1,1,-3.5642,1.8697,0.18,0.0017,288.29
2973,-2.8282,50,0,-3.5921,1.8374,0.17,0.0839,288.37
2974,-2.6306,50,0,-3.5692,1.835,0.17,0.1047,288.48
2975,-5.1696,50,0,-3.5856,1.8419,0.17,0.0908,288.57
2976,-2.5067,50,0,-3.5615,1.8401,0.17,0.0866,288.66
2977,-0.0383,1,1,-3.5243,1.873,0.18,0.0027,288.66
2978,-4.2008,50,0,-3.5169,1.8688,0.18,0.0867,288.75
2979,-5.5339,50,0,-3.5329,1.8792,0.18,0.0978,288.84
2980,-4.8632,50,0,-3.5813,1.8502,0.17,0.0861,288.93
2981,-5.2667,50,0,-3.5805,1.8495,0.17,0.7269,289.66
2982,-3.8987,50,0,-3.5941,1.8468,0.17,0.0873,289.74
2983,-4.9946,50,0,-3.6128,1.8514,0.17,0.0922,289.84
2984,-3.9878,50,0,-3.6522,1.8167,0.16,0.0956,289.93
2985,-4.9965,50,0,-3.641,1.8048,0.16,0.0854,290.02
2986,-0.043,1,1,-3.5986,1.8387,0.17,0.0022,290.02
2987,-5.1155,50,0,-3.6495,1.8092,0.16,0.0842,290.1
2988,-0.0482,1,1,-3.5961,1.8356,0.17,0.0027,290.11
2989,-3.5766,50,0,-3.5866,1.8333,0.17,0.1076,290.21
2990,-4.5068,50,0,-3.6313,1.8005,0.16,0.1224,290.34
2991,-3.8221,50,0,-3.6237,1.798,0.16,0.086,290.42
2992,-4.8733,50,0,-3.6234,1.7979,0.16,0.0867,290.51
2993,-6.2829,50,0,-3.6536,1.8168,0.16,0.0959,290.6
2994,-0.0259,1,1,-3.6126,1.8516,0.17,0.0025,290.61
2995,-3.5478,50,0,-3.6022,1.8491,0.17,0.0973,290.7
2996,-3.313,50,0,-3.5887,1.8462,0.17,0.1038,290.81
2997,-4.8176,50,0,-3.5799,1.8382,0.17,0.0845,290.89
2998,-4.8034,50,0,-3.5761,1.8352,0.17,0.0725,290.97
2999,-4.3934,50,0,-3.5907,1.8359,0.17,0.094,291.06
3000,-4.7436,50,0,-3.6018,1.8394,0.17,1.0101,292.07
3001,-4.5175,50,0,-3.6466,1.8065,0.16,0.1069,292.18
3002,-6.801,50,0,-3.7143,1.7966,0.15,0.0802,292.26
3003,-3.8474,50,0,-3.6935,1.7829,0.15,0.0876,292.34
3004,-4.7039,50,0,-3.7141,1.7826,0.15,0.1055,292.45
3005,-4.3835,50,0,-3.722,1.7838,0.15,0.079,292.53
3006,-3.7603,50,0,-3.7033,1.7735,0.15,0.1059,292.63
3007,-3.8038,50,0,-3.6952,1.7712,0.15,0.0885,292.72
3008,-6.404,50,0,-3.7588,1.753,0.14,0.0894,292.81
3009,-0.0448,1,1,-3.7167,1.7908,0.15,0.0023,292.81
3010,-5.7815,50,0,-3.7345,1.8023,0.15,0.0929,292.91
3011,-4.4846,50,0,-3.7515,1.8013,0.15,0.0922,293.0
3012,-3.8948,50,0,-3.7641,1.7979,0.15,0.1026,293.1
3013,-4.0518,50,0,-3.8043,1.7585,0.14,0.1004,293.2
3014,-5.9911,50,0,-3.8131,1.7673,0.14,0.0858,293.29
3015,-0.0345,1,1,-3.7735,1.8067,0.15,0.0026,293.29
3016,-4.9401,50,0,-3.8225,1.7709,0.14,0.1028,293.39
3017,-5.0367,50,0,-3.8446,1.7721,0.14,0.0806,293.47
3018,-4.2731,50,0,-3.8572,1.7707,0.14,0.0814,293.56
3019,-5.4439,50,0,-3.8669,1.7767,0.14,0.0907,293.65
3020,-6.8028,50,0,-3.8999,1.8001,0.14,0.0921,293.74
3021,-5.4873,50,0,-3.9138,1.8069,0.14,0.108,293.85
3022,-4.1922,50,0,-3.9553,1.7646,0.13,0.0981,293.94
3023,-0.0342,1,1,-3.8988,1.7984,0.14,0.0019,293.95
3024,-3.2233,50,0,-3.8731,1.7896,0.14,0.0832,294.03
3025,-0.0482,1,1,-3.8426,1.8281,0.15,0.0021,294.03
3026,-4.9087,50,0,-3.8593,1.8302,0.15,0.081,294.11
3027,-4.974,50,0,-3.8639,1.8324,0.15,0.0892,294.2
3028,-4.0717,50,0,-3.8474,1.823,0.15,0.0876,294.29
3029,-6.258,50,0,-3.8748,1.8383,0.15,0.0773,294.37
3030,-3.2097,50,0,-3.9064,1.799,0.14,0.0996,294.47
3031,-0.0335,1,1,-3.8544,1.8346,0.15,0.0022,294.47
3032,-3.9238,50,0,-3.8684,1.8297,0.15,0.096,294.56
3033,-0.0238,1,1,-3.8685,1.8297,0.15,0.0031,294.57
3034,-5.0544,50,0,-3.8855,1.8327,0.15,0.1038,294.67
3035,-0.0435,1,1,-3.8389,1.8702,0.16,0.0034,294.68
3036,-3.7625,50,0,-3.8286,1.8677,0.16,0.114,294.79
3037,-3.3293,50,0,-3.806,1.8599,0.16,0.1131,294.9
3038,-0.027,1,1,-3.7563,1.8935,0.17,0.0029,294.91
3039,-3.5189,50,0,-3.7493,1.8931,0.17,0.117,295.02
3040,-0.0273,1,1,-3.7094,1.9287,0.18,0.0025,295.02
3041,-4.7278,50,0,-3.7564,1.8955,0.17,0.1128,295.14
3042,-3.9044,50,0,-3.7506,1.8942,0.17,0.0836,295.22
3043,-2.6656,50,0,-3.7265,1.8925,0.17,0.0927,295.31
3044,-4.3308,50,0,-3.7071,1.8762,0.17,0.0819,295.4
3045,-0.0237,1,1,-3.6658,1.9111,0.18,0.0024,295.4
3046,-0.0391,1,1,-3.6218,1.9431,0.19,0.0023,295.4
3047,-3.9936,50,0,-3.6239,1.9434,0.19,0.0882,295.49
3048,-5.2106,50,0,-3.6254,1.9446,0.19,0.0937,295.58
3049,-5.0026,50,0,-3.6459,1.9482,0.19,0.0708,295.65
3050,-0.0282,1,1,-3.6151,1.9806,0.2,0.0018,295.65
3051,-0.043,1,1,-3.5788,2.0122,0.21,0.0019,295.66
3052,-4.7319,50,0,-3.6259,1.9833,0.2,0.0838,295.74
3053,-3.9439,50,0,-3.6058,1.9697,0.2,0.0962,295.84
3054,-0.0395,1,1,-3.5652,2.0007,0.21,0.0019,295.84
3055,-0.039,1,1,-3.529,2.0312,0.22,0.002,295.84
3056,-0.0304,1,1,-3.4883,2.0599,0.23,0.0026,295.84
3057,-3.907,50,0,-3.527,2.0308,0.22,1.0232,296.87
3058,-5.0721,50,0,-3.5165,2.0201,0.22,0.0894,296.96
3059,-6.3995,50,0,-3.5289,2.0339,0.22,0.0812,297.04
3060,-2.7321,50,0,-3.5183,2.0353,0.22,0.0882,297.12
3061,-4.0688,50,0,-3.5099,2.0313,0.22,0.0855,297.21
3062,-5.4629,50,0,-3.517,2.0368,0.22,0.0976,297.31
3063,-2.6875,50,0,-3.4976,2.0354,0.22,0.1211,297.43
3064,-0.0326,1,1,-3.4435,2.0548,0.23,0.005,297.43
3065,-0.0485,1,1,-3.4081,2.0823,0.24,0.0025,297.44
3066,-3.5989,50,0,-3.398,2.0789,0.24,0.093,297.53
3067,-0.0413,1,1,-3.3612,2.1053,0.25,0.0026,297.53
3068,-4.654,50,0,-3.3586,2.1035,0.25,0.0831,297.62
3069,-5.8259,50,0,-3.365,2.11,0.25,0.0734,297.69
3070,-2.6798,50,0,-3.36,2.1111,0.25,0.0918,297.78
3071,-4.6107,50,0,-3.4058,2.0878,0.24,0.0901,297.87
3072,-6.2966,50,0,-3.4685,2.0795,0.23,0.0805,297.95
3073,-6.888,50,0,-3.5091,2.106,0.23,0.0775,298.03
3074,-5.8479,50,0,-3.5413,2.1169,0.23,0.0861,298.11
3075,-2.5054,50,0,-3.5147,2.113,0.23,0.1013,298.22
3076,-5.9446,50,0,-3.549,2.1243,0.23,0.0932,298.31
3077,-3.0239,50,0,-3.5789,2.0955,0.22,0.0754,298.38
3078,-3.0836,50,0,-3.5677,2.0951,0.22,0.0922,298.48
3079,-4.3078,50,0,-3.5555,2.0872,0.22,0.0888,298.57
3080,-3.4104,50,0,-3.5409,2.0831,0.22,0.0823,298.65
3081,-0.0409,1,1,-3.4887,2.1046,0.23,0.0022,298.65
3082,-2.7709,50,0,-3.4774,2.1053,0.23,0.0833,298.73
3083,-0.0277,1,1,-3.4277,2.1274,0.24,0.0023,298.74
3084,-4.1796,50,0,-3.4297,2.128,0.24,0.0805,298.82
3085,-3.4533,50,0,-3.4142,2.1222,0.24,0.0786,298.89
3086,-2.934,50,0,-3.4431,2.0956,0.23,0.0967,298.99
3087,-0.0258,1,1,-3.3922,2.1161,0.24,0.0025,298.99
3088,-4.3809,50,0,-3.4356,2.0914,0.23,0.097,299.09
3089,-4.0971,50,0,-3.4408,2.0924,0.23,0.0832,299.17
3090,-5.3887,50,0,-3.4496,2.0987,0.23,0.089,299.26
3091,-5.0567,50,0,-3.4619,2.1045,0.23,0.0861,299.35
3092,-0.0316,1,1,-3.4135,2.127,0.24,0.002,299.35
3093,-5.7667,50,0,-3.4084,2.1207,0.24,0.0844,299.44
3094,-6.1939,50,0,-3.47,2.1111,0.23,0.0865,299.52
3095,-3.233,50,0,-3.4669,2.1112,0.23,0.0875,299.61
3096,-5.4488,50,0,-3.4882,2.1203,0.23,0.0767,299.69
3097,-4.3131,50,0,-3.4832,2.1177,0.23,0.0852,299.77
3098,-4.1881,50,0,-3.477,2.1148,0.23,0.0939,299.87
3099,-3.5662,50,0,-3.4688,2.1128,0.23,0.0914,299.96
3100,-4.5986,50,0,-3.4673,2.112,0.23,0.1079,300.06
3101,-3.1679,50,0,-3.4538,2.1095,0.23,0.1007,300.17
3102,-4.9169,50,0,-3.435,2.0878,0.23,0.0795,300.24
3103,-5.4903,50,0,-3.4514,2.0975,0.23,0.0901,300.33
3104,-3.0805,50,0,-3.4352,2.094,0.23,0.0972,300.43
3105,-2.5619,50,0,-3.417,2.0936,0.23,0.9749,301.41
3106,-5.8685,50,0,-3.438,2.1075,0.23,0.093,301.5
3107,-4.9013,50,0,-3.449,2.1122,0.23,0.0855,301.59
3108,-4.2437,50,0,-3.4274,2.0929,0.23,0.0769,301.66
3109,-0.0085,1,1,-3.4271,2.0935,0.23,0.0019,301.66
3110,-6.2856,50,0,-3.4321,2.0997,0.23,0.0937,301.76
3111,-4.6953,50,0,-3.4342,2.1009,0.23,0.1205,301.88
3112,-0.0386,1,1,-3.3956,2.1273,0.24,0.0022,301.88
3113,-0.0186,1,1,-3.3553,2.1526,0.25,0.0027,301.88
3114,-4.8423,50,0,-3.3438,2.1415,0.25,0.0939,301.98
3115,-4.5067,50,0,-3.3885,2.1185,0.24,0.0827,302.06
3116,-0.0253,1,1,-3.3394,2.1388,0.25,0.0018,302.06
3117,-5.1678,50,0,-3.3407,2.1399,0.25,0.0921,302.15
3118,-0.0306,1,1,-3.2983,2.1629,0.26,0.0031,302.16
3119,-2.6548,50,0,-3.2704,2.1531,0.26,0.1128,302.27
3120,-0.0365,1,1,-3.2027,2.1473,0.27,0.0022,302.27
3121,-0.0454,1,1,-3.1483,2.1576,0.28,0.0017,302.27
3122,-2.6328,50,0,-3.1327,2.1557,0.28,0.0888,302.36
3123,-3.7562,50,0,-3.1699,2.1339,0.27,0.0888,302.45
3124,-4.7359,50,0,-3.1851,2.1395,0.27,0.093,302.54
3125,-5.0847,50,0,-3.2354,2.1243,0.26,0.1001,302.64
3126,-5.7332,50,0,-3.2437,2.1324,0.26,0.0835,302.73
3127,-3.667,50,0,-3.2306,2.1258,0.26,0.075,302.8
3128,-0.0163,1,1,-3.19,2.1479,0.27,0.0022,302.81
3129,-0.0052,1,1,-3.1275,2.1487,0.28,0.0017,302.81
3130,-4.1072,50,0,-3.1365,2.1509,0.28,0.0837,302.89
3131,-3.6836,50,0,-3.173,2.1288,0.27,0.0858,302.98
3132,-3.7636,50,0,-3.1714,2.1283,0.27,0.1121,303.09
3133,-3.6909,50,0,-3.2081,2.1052,0.26,0.1099,303.2
3134,-0.0471,1,1,-3.158,2.1202,0.27,0.0031,303.2
3135,-0.0088,1,1,-3.1576,2.1207,0.27,0.0027,303.2
3136,-0.0222,1,1,-3.1202,2.1425,0.28,0.0018,303.21
3137,-0.0498,1,1,-3.0874,2.1641,0.29,0.0018,303.21
3138,-2.9124,50,0,-3.1163,2.1422,0.28,0.0936,303.3
3139,-3.6546,50,0,-3.1177,2.1425,0.28,0.0729,303.37
3140,-0.0477,1,1,-3.1179,2.1422,0.28,0.002,303.38
3141,-6.4405,50,0,-3.135,2.1618,0.28,0.0961,303.47
3142,-3.1456,50,0,-3.1274,2.1604,0.28,0.0879,303.56
3143,-3.6655,50,0,-3.1374,2.1606,0.28,0.0988,303.66
3144,-3.3383,50,0,-3.1275,2.1573,0.28,0.0885,303.75
3145,-0.0194,1,1,-3.1274,2.1574,0.28,0.0031,303.75
3146,-0.0455,1,1,-3.1275,2.1573,0.28,0.0027,303.75
3147,-3.2292,50,0,-3.1198,2.1556,0.28,0.0886,303.84
3148,-4.9318,50,0,-3.1171,2.153,0.28,0.0801,303.92
3149,-3.0295,50,0,-3.0973,2.1447,0.28,0.0875,304.01
3150,-2.539,50,0,-3.1224,2.1232,0.27,0.0935,304.1
3151,-5.0765,50,0,-3.1728,2.1092,0.26,0.1001,304.2
3152,-0.0341,1,1,-3.1258,2.1262,0.27,0.0019,304.21
3153,-4.3626,50,0,-3.13,2.1282,0.27,0.09,304.3
3154,-6.0532,50,0,-3.1901,2.125,0.26,0.081,304.38
3155,-4.1072,50,0,-3.2308,2.1031,0.25,0.0854,304.46
3156,-3.9893,50,0,-3.2704,2.0797,0.24,0.1191,304.58
3157,-2.7991,50,0,-3.2593,2.0792,0.24,0.1122,304.69
3158,-6.2706,50,0,-3.2713,2.093,0.24,0.114,304.81
3159,-4.9382,50,0,-3.2567,2.0761,0.24,0.1181,304.93
3160,-3.1108,50,0,-3.2605,2.0755,0.24,0.103,305.03
3161,-4.8738,50,0,-3.2685,2.0802,0.24,0.1077,305.14
3162,-2.8471,50,0,-3.2424,2.0689,0.24,1.0474,306.18
3163,-0.0287,1,1,-3.2158,2.0928,0.25,0.0024,306.19
3164,-4.1779,50,0,-3.2572,2.0702,0.24,0.1038,306.29
3165,-3.9522,50,0,-3.2963,2.046,0.23,0.1074,306.4
3166,-5.4236,50,0,-3.3145,2.0568,0.23,0.0999,306.5
3167,-5.5703,50,0,-3.3698,2.0423,0.22,0.0874,306.58
3168,-0.0379,1,1,-3.3236,2.0648,0.23,0.0029,306.59
3169,-0.0297,1,1,-3.2657,2.0751,0.24,0.0041,306.59
3170,-3.8504,50,0,-3.2774,2.075,0.24,0.0814,306.67
3171,-0.0223,1,1,-3.2315,2.0957,0.25,0.0019,306.67
3172,-4.4674,50,0,-3.2132,2.0767,0.25,0.0823,306.76
3173,-4.0909,50,0,-3.1852,2.0456,0.25,0.0793,306.84
3174,-5.5207,50,0,-3.182,2.0416,0.25,0.111,306.95
3175,-4.6828,50,0,-3.2037,2.0459,0.25,0.1051,307.05
3176,-0.0149,1,1,-3.1444,2.0515,0.26,0.0032,307.06
3177,-3.9531,50,0,-3.1537,2.0531,0.26,0.1002,307.16
3178,-4.8269,50,0,-3.1712,2.0598,0.26,0.1145,307.27
3179,-4.4187,50,0,-3.1723,2.0604,0.26,0.0894,307.36
3180,-3.3586,50,0,-3.1718,2.0604,0.26,0.0754,307.43
3181,-6.6498,50,0,-3.2378,2.0649,0.25,0.0928,307.53
3182,-0.0201,1,1,-3.2103,2.0891,0.26,0.0029,307.53
3183,-2.6424,50,0,-3.2365,2.0653,0.25,0.088,307.62
3184,-5.4725,50,0,-3.2494,2.0752,0.25,0.0942,307.71
3185,-4.1744,50,0,-3.2566,2.0772,0.25,0.1066,307.82
3186,-4.9843,50,0,-3.2771,2.084,0.25,0.1199,307.94
3187,-0.0352,1,1,-3.2772,2.0838,0.25,0.0031,307.94
3188,-5.7054,50,0,-3.2905,2.095,0.25,0.0992,308.04
3189,-0.0327,1,1,-3.2498,2.1183,0.26,0.0019,308.04
3190,-5.2596,50,0,-3.2485,2.117,0.26,0.0773,308.12
3191,-4.0954,50,0,-3.2389,2.1109,0.26,0.0725,308.19
3192,-4.9813,50,0,-3.2884,2.0931,0.25,0.1028,308.3
3193,-3.9918,50,0,-3.2707,2.0795,0.25,0.0881,308.38
3194,-4.7668,50,0,-3.2564,2.0642,0.25,0.0759,308.46
3195,-4.2575,50,0,-3.2666,2.0666,0.25,0.0818,308.54
3196,-3.9457,50,0,-3.2516,2.0561,0.25,0.0762,308.62
3197,-4.5439,50,0,-3.2539,2.0575,0.25,0.0979,308.72
3198,-5.7685,50,0,-3.2697,2.0706,0.25,0.1014,308.82
3199,-0.0033,1,1,-3.2341,2.0957,0.26,0.0029,308.82
3200,-2.7449,50,0,-3.2156,2.0917,0.26,0.1087,308.93
3201,-3.0622,50,0,-3.2145,2.0918,0.26,0.0941,309.02
3202,-3.3495,50,0,-3.1988,2.0848,0.26,0.0766,309.1
3203,-0.0058,1,1,-3.144,2.0959,0.27,0.0018,309.1
3204,-4.6279,50,0,-3.1595,2.1011,0.27,0.0846,309.19
3205,-2.971,50,0,-3.1635,2.1003,0.27,0.0974,309.28
3206,-4.9363,50,0,-3.1542,2.0904,0.27,0.0833,309.37
3207,-0.0488,1,1,-3.1057,2.1055,0.28,0.0017,309.37
3208,-5.0627,50,0,-3.1139,2.1115,0.28,0.1129,309.48
3209,-3.4839,50,0,-3.1486,2.0886,0.27,0.1187,309.6
3210,-4.7004,50,0,-3.1328,2.0707,0.27,0.0942,309.69
3211,-5.5053,50,0,-3.1409,2.0783,0.27,0.1012,309.8
3212,-0.0459,1,1,-3.141,2.0782,0.27,0.0032,309.8
3213,-3.1672,50,0,-3.1724,2.0544,0.26,0.0968,309.9
3214,-3.0316,50,0,-3.1543,2.0476,0.26,0.1101,310.01
3215,-5.6136,50,0,-3.1654,2.0578,0.26,0.9894,310.99
3216,-0.0143,1,1,-3.1653,2.058,0.26,0.0026,311.0
3217,-3.0277,50,0,-3.1439,2.0481,0.26,0.0804,311.08
3218,-4.5183,50,0,-3.1888,2.0285,0.25,0.0809,311.16
3219,-4.7916,50,0,-3.2101,2.034,0.25,0.12,311.28
3220,-6.2457,50,0,-3.2722,2.031,0.24,0.1168,311.4
3221,-2.9437,50,0,-3.3012,2.0052,0.23,0.0855,311.48
3222,-5.4017,50,0,-3.3289,2.0149,0.23,0.098,311.58
3223,-6.8017,50,0,-3.3594,2.0439,0.23,0.1161,311.7
3224,-4.3178,50,0,-3.3552,2.0415,0.23,0.0987,311.79
3225,-4.2925,50,0,-3.3473,2.0363,0.23,0.0904,311.88
3226,-4.0103,50,0,-3.33,2.0233,0.23,0.0952,311.98
3227,-0.0269,1,1,-3.2936,2.0495,0.24,0.0018,311.98
3228,-6.5776,50,0,-3.3592,2.0486,0.23,0.0997,312.08
3229,-6.1117,50,0,-3.4203,2.0387,0.22,0.1007,312.18
3230,-5.4383,50,0,-3.4336,2.0474,0.22,0.0864,312.27
3231,-3.1863,50,0,-3.4286,2.0474,0.22,0.1185,312.39
3232,-4.446,50,0,-3.4355,2.0497,0.22,0.1036,312.49
3233,-0.0166,1,1,-3.3987,2.0775,0.23,0.0029,312.49
3234,-5.1718,50,0,-3.45,2.0573,0.22,0.1047,312.6
3235,-5.2617,50,0,-3.5025,2.0357,0.21,0.1052,312.7
3236,-4.5155,50,0,-3.5474,2.0078,0.2,0.0916,312.79
3237,-3.1075,50,0,-3.578,1.9774,0.19,0.8923,313.69
3238,-3.7177,50,0,-3.5861,1.9763,0.19,0.1077,313.79
3239,-4.9845,50,0,-3.5994,1.9811,0.19,0.0924,313.89
3240,-5.3946,50,0,-3.6528,1.9566,0.18,0.0934,313.98
3241,-5.3971,50,0,-3.6424,1.9444,0.18,0.1062,314.09
3242,-0.0333,1,1,-3.6113,1.9768,0.19,0.0031,314.09
3243,-3.5982,50,0,-3.6106,1.9768,0.19,0.093,314.18
3244,-4.8384,50,0,-3.6256,1.9803,0.19,0.0901,314.27
3245,-5.9009,50,0,-3.6844,1.9596,0.18,0.0935,314.37
3246,-4.8421,50,0,-3.7324,1.9284,0.17,0.1105,314.48
3247,-0.0402,1,1,-3.7005,1.9625,0.18,0.0021,314.48
3248,-0.0278,1,1,-3.6515,1.9922,0.19,0.0016,314.48
3249,-4.2159,50,0,-3.6633,1.992,0.19,0.0702,314.55
3250,-5.1932,50,0,-3.6899,1.9945,0.19,0.0738,314.62
3251,-6.0169,50,0,-3.6993,2.0032,0.19,0.1018,314.73
3252,-4.9088,50,0,-3.748,1.9725,0.18,0.0984,314.82
3253,-2.5065,50,0,-3.7295,1.9753,0.18,0.0799,314.9
3254,-4.5989,50,0,-3.7149,1.9635,0.18,0.1051,315.01
3255,-3.1516,50,0,-3.7054,1.9639,0.18,0.1194,315.13
3256,-2.518,50,0,-3.6906,1.9672,0.18,0.0934,315.22
3257,-4.5775,50,0,-3.7084,1.9671,0.18,0.0902,315.31
3258,-3.2992,50,0,-3.6787,1.9506,0.18,0.0871,315.4
3259,-4.8072,50,0,-3.6774,1.9498,0.18,0.0851,315.48
3260,-0.0499,1,1,-3.6468,1.9822,0.19,0.0028,315.49
3261,-3.195,50,0,-3.63,1.9788,0.19,0.1061,315.59
3262,-2.7675,50,0,-3.6292,1.9792,0.19,0.1034,315.7
3263,-3.1129,50,0,-3.66,1.9466,0.18,1.0505,316.75
3264,-4.8124,50,0,-3.6664,1.9493,0.18,0.096,316.84
3265,-6.5053,50,0,-3.6919,1.9695,0.18,0.0977,316.94
3266,-4.9426,50,0,-3.6871,1.9658,0.18,0.0915,317.03
3267,-4.5233,50,0,-3.6766,1.9585,0.18,0.1026,317.14
3268,-0.0434,1,1,-3.6767,1.9584,0.18,0.0039,317.14
3269,-4.6015,50,0,-3.7224,1.9259,0.17,0.0903,317.23
3270,-4.4711,50,0,-3.7286,1.9273,0.17,0.0995,317.33
3271,-0.0446,1,1,-3.7288,1.9268,0.17,0.0024,317.33
3272,-6.447,50,0,-3.7486,1.9444,0.17,0.081,317.41
3273,-6.8464,50,0,-3.7762,1.9684,0.17,0.0906,317.5
3274,-5.0006,50,0,-3.771,1.9645,0.17,0.0975,317.6
3275,-0.0123,1,1,-3.7243,1.9975,0.18,0.0025,317.6
3276,-6.1112,50,0,-3.7853,1.9763,0.17,0.0886,317.69
3277,-0.0095,1,1,-3.7458,2.0116,0.18,0.0022,317.69
3278,-3.4633,50,0,-3.7322,2.0088,0.18,0.0864,317.78
3279,-6.0306,50,0,-3.7483,2.0207,0.18,0.086,317.87
3280,-3.5167,50,0,-3.7499,2.0205,0.18,0.0974,317.96
3281,-3.0301,50,0,-3.7137,2.0005,0.18,0.1021,318.07
3282,-3.2168,50,0,-3.7457,1.9665,0.17,0.077,318.14
3283,-3.5245,50,0,-3.7545,1.9635,0.17,0.1121,318.25
3284,-5.2514,50,0,-3.7523,1.9617,0.17,0.1141,318.37
3285,-3.6926,50,0,-3.7474,1.9612,0.17,0.0956,318.46
3286,-4.3512,50,0,-3.7411,1.9582,0.17,0.0981,318.56
3287,-0.0037,1,1,-3.7408,1.9588,0.17,0.0018,318.56
3288,-4.4012,50,0,-3.7278,1.95,0.17,0.1007,318.67
3289,-4.4839,50,0,-3.7723,1.9157,0.16,0.1031,318.77
3290,-4.3968,50,0,-3.7636,1.9109,0.16,0.0777,318.85
3291,-5.5726,50,0,-3.7784,1.9191,0.16,0.0914,318.94
3292,-3.8891,50,0,-3.7675,1.9153,0.16,0.0869,319.02
3293,-4.8874,50,0,-3.7764,1.9184,0.16,0.0829,319.11
3294,-3.0046,50,0,-3.7588,1.9174,0.16,0.0941,319.2
3295,-0.0425,1,1,-3.7167,1.9519,0.17,0.0043,319.21
3296,-4.4249,50,0,-3.7215,1.9531,0.17,0.113,319.32
3297,-6.2024,50,0,-3.7381,1.967,0.17,0.0817,319.4
3298,-4.8945,50,0,-3.7293,1.9599,0.17,0.0966,319.5
3299,-3.2813,50,0,-3.7621,1.9244,0.16,0.0913,319.59
3300,-3.5375,50,0,-3.77,1.9218,0.16,0.0909,319.68
3301,-4.0509,50,0,-3.7799,1.9207,0.16,0.0946,319.77
3302,-0.0198,1,1,-3.7466,1.9564,0.17,0.003,319.78
3303,-2.9159,50,0,-3.7757,1.9219,0.16,0.1031,319.88
3304,-5.3175,50,0,-3.7826,1.9261,0.16,0.0939,319.97
3305,-4.6188,50,0,-3.7991,1.9262,0.16,0.0886,320.06
3306,-0.041,1,1,-3.7501,1.9586,0.17,0.0018,320.06
3307,-5.5393,50,0,-3.805,1.9308,0.16,0.0862,320.15
3308,-0.0201,1,1,-3.7546,1.9629,0.17,0.0017,320.15
3309,-6.2125,50,0,-3.7819,1.9779,0.17,0.1001,320.25
3310,-5.5139,50,0,-3.79,1.9833,0.17,0.092,320.34
3311,-4.6155,50,0,-3.7811,1.9775,0.17,0.0874,320.43
3312,-4.7934,50,0,-3.8286,1.944,0.16,0.9457,321.38
3313,-3.1316,50,0,-3.8282,1.9441,0.16,0.0945,321.47
3314,-4.5296,50,0,-3.8432,1.9437,0.16,0.0984,321.57
3315,-2.9556,50,0,-3.8166,1.9375,0.16,0.1018,321.67
3316,-5.6343,50,0,-3.8728,1.9077,0.15,0.0988,321.77
3317,-0.0281,1,1,-3.8429,1.9439,0.16,0.0021,321.77
3318,-5.8574,50,0,-3.8562,1.9531,0.16,0.0886,321.86
3319,-0.0364,1,1,-3.8087,1.9874,0.17,0.0019,321.86
3320,-3.6965,50,0,-3.7832,1.9722,0.17,0.1094,321.97
3321,-0.0128,1,1,-3.7539,2.006,0.18,0.0032,321.98
3322,-6.7985,50,0,-3.7679,2.0222,0.18,0.1208,322.1
3323,-0.0349,1,1,-3.7002,2.0328,0.19,0.003,322.1
3324,-0.045,1,1,-3.6575,2.064,0.2,0.0026,322.1
3325,-5.1114,50,0,-3.6657,2.0681,0.2,0.0932,322.2
3326,-4.4179,50,0,-3.6697,2.0692,0.2,0.0812,322.28
3327,-5.4394,50,0,-3.7239,2.0438,0.19,0.0759,322.35
3328,-6.8884,50,0,-3.727,2.0484,0.19,0.0884,322.44
3329,-4.7128,50,0,-3.713,2.0368,0.19,0.0821,322.52
3330,-3.528,50,0,-3.6939,2.0295,0.19,0.0951,322.62
3331,-2.5858,50,0,-3.6879,2.0319,0.19,0.1045,322.72
3332,-3.8776,50,0,-3.6822,2.0305,0.19,0.0878,322.81
3333,-3.8499,50,0,-3.7205,1.9969,0.18,0.0858,322.9
3334,-0.0443,1,1,-3.6692,2.0246,0.19,0.0046,322.9
3335,-5.5034,50,0,-3.6717,2.0266,0.19,0.1,323.0
3336,-3.5842,50,0,-3.6623,2.0249,0.19,0.0883,323.09
3337,-3.6675,50,0,-3.6679,2.0241,0.19,0.1164,323.21
3338,-4.5624,50,0,-3.6764,2.026,0.19,0.0976,323.3
3339,-5.8929,50,0,-3.6855,2.0339,0.19,0.1064,323.41
3340,-3.7488,50,0,-3.669,2.0267,0.19,0.0887,323.5
3341,-3.9406,50,0,-3.6545,2.0194,0.19,0.1138,323.61
3342,-5.7272,50,0,-3.7114,1.9967,0.18,0.113,323.73
3343,-5.4364,50,0,-3.7298,2.004,0.18,0.1116,323.84
3344,-0.0338,1,1,-3.6817,2.0342,0.19,0.0028,323.84
3345,-4.5035,50,0,-3.6678,2.0237,0.19,0.1037,323.94
3346,-5.9396,50,0,-3.6787,2.033,0.19,0.1253,324.07
3347,-0.0086,1,1,-3.6784,2.0335,0.19,0.0027,324.07
3348,-0.0248,1,1,-3.6784,2.0336,0.19,0.0024,324.07
3349,-0.0341,1,1,-3.6366,2.0649,0.2,0.0024,324.08
3350,-4.677,50,0,-3.6314,2.0616,0.2,0.0879,324.16
3351,-6.8972,50,0,-3.6402,2.0736,0.2,0.0956,324.26
3352,-3.5052,50,0,-3.6262,2.0697,0.2,0.0808,324.34
3353,-4.989,50,0,-3.651,2.071,0.2,0.1163,324.46
3354,-6.0792,50,0,-3.6658,2.083,0.2,0.0963,324.55
3355,-5.3156,50,0,-3.6874,2.0888,0.2,0.1008,324.65
3356,-4.3673,50,0,-3.7059,2.0865,0.2,0.0878,324.74
3357,-4.8333,50,0,-3.7085,2.0878,0.2,0.0981,324.84
3358,-4.4879,50,0,-3.7204,2.0888,0.2,0.0751,324.91
3359,-4.117,50,0,-3.7135,2.0863,0.2,0.096,325.01
3360,-3.9109,50,0,-3.7521,2.0536,0.19,0.1113,325.12
3361,-2.7502,50,0,-3.7476,2.0553,0.19,0.0978,325.22
3362,-4.8295,50,0,-3.7683,2.0557,0.19,0.1111,325.33
3363,-3.8377,50,0,-3.7755,2.0547,0.19,1.0441,326.38
3364,-0.0334,1,1,-3.7277,2.0853,0.2,0.0028,326.38
3365,-3.7484,50,0,-3.7001,2.0666,0.2,0.0892,326.47
3366,-4.9069,50,0,-3.6998,2.0664,0.2,0.1103,326.58
3367,-4.4899,50,0,-3.6995,2.0662,0.2,0.102,326.68
3368,-5.1385,50,0,-3.7504,2.0381,0.19,0.0946,326.77
3369,-2.6351,50,0,-3.7307,2.0393,0.19,0.0968,326.87
3370,-5.7446,50,0,-3.7435,2.0478,0.19,0.1037,326.97
3371,-0.0478,1,1,-3.7435,2.0478,0.19,0.0025,326.98
3372,-6.0831,50,0,-3.7399,2.0433,0.19,0.1095,327.09
3373,-4.4487,50,0,-3.7159,2.0206,0.19,0.0791,327.17
3374,-4.6568,50,0,-3.7125,2.0187,0.19,0.0941,327.26
3375,-5.5415,50,0,-3.7678,1.9922,0.18,0.1125,327.37
3376,-5.2762,50,0,-3.7594,1.9841,0.18,0.087,327.46
3377,-3.9389,50,0,-3.7987,1.948,0.17,0.0824,327.54
3378,-3.9371,50,0,-3.8034,1.9477,0.17,0.0861,327.63
3379,-2.9522,50,0,-3.7726,1.9366,0.17,0.1107,327.74
3380,-0.0456,1,1,-3.7379,1.9717,0.18,0.002,327.74
3381,-5.8991,50,0,-3.7666,1.982,0.18,0.0938,327.83
3382,-3.6261,50,0,-3.7707,1.9813,0.18,0.1016,327.94
3383,-6.6226,50,0,-3.8017,2.0013,0.18,0.1111,328.05
3384,-0.0355,1,1,-3.7495,2.0306,0.19,0.0031,328.05
3385,-4.8311,50,0,-3.7609,2.0334,0.19,0.0829,328.13
3386,-0.0321,1,1,-3.7177,2.066,0.2,0.0021,328.13
3387,-3.0489,50,0,-3.7482,2.0333,0.19,0.0855,328.22
3388,-0.0278,1,1,-3.7045,2.0655,0.2,0.002,328.22
3389,-5.9958,50,0,-3.7196,2.0767,0.2,0.1019,328.32
3390,-5.1065,50,0,-3.7267,2.0802,0.2,0.095,328.42
3391,-0.0364,1,1,-3.6713,2.1039,0.21,0.0028,328.42
3392,-4.1818,50,0,-3.6742,2.1044,0.21,0.0833,328.51
3393,-4.7214,50,0,-3.6726,2.1035,0.21,0.1061,328.61
3394,-4.0619,50,0,-3.6831,2.1027,0.21,0.112,328.72
3395,-5.3461,50,0,-3.7362,2.077,0.2,0.0961,328.82
3396,-4.1879,50,0,-3.7338,2.0763,0.2,0.0742,328.89
3397,-3.8034,50,0,-3.7098,2.0615,0.2,0.0982,328.99
3398,-4.2837,50,0,-3.7037,2.0589,0.2,0.0844,329.08
3399,-6.5323,50,0,-3.7362,2.0775,0.2,0.0774,329.15
3400,-0.0447,1,1,-3.7013,2.1097,0.21,0.0021,329.16
3401,-3.0903,50,0,-3.6917,2.1102,0.21,0.0993,329.26
3402,-0.0404,1,1,-3.6919,2.1099,0.21,0.002,329.26
3403,-2.9473,50,0,-3.6922,2.1098,0.21,0.0961,329.35
3404,-5.1055,50,0,-3.6901,2.1082,0.21,0.0922,329.45
3405,-5.0132,50,0,-3.694,2.1103,0.21,0.0965,329.54
3406,-0.0406,1,1,-3.694,2.1104,0.21,0.0027,329.54
3407,-4.8293,50,0,-3.6869,2.1053,0.21,0.0982,329.64
3408,-2.7184,50,0,-3.7139,2.0752,0.2,0.1026,329.75
3409,-3.2817,50,0,-3.6846,2.0604,0.2,0.0847,329.83
3410,-6.101,50,0,-3.6905,2.0664,0.2,0.0746,329.9
3411,-2.6398,50,0,-3.6707,2.0669,0.2,0.0757,329.98
3412,-3.5996,50,0,-3.6588,2.0638,0.2,0.0955,330.08
3413,-4.5518,50,0,-3.673,2.0651,0.2,0.0912,330.17
3414,-0.0447,1,1,-3.6281,2.0945,0.21,0.0027,330.17
3415,-3.1036,50,0,-3.6296,2.094,0.21,0.9626,331.13
3416,-5.3522,50,0,-3.6268,2.0915,0.21,0.0959,331.23
3417,-6.3196,50,0,-3.6897,2.0769,0.2,0.1027,331.33
3418,-6.3302,50,0,-3.6944,2.0824,0.2,0.0952,331.43
3419,-2.7232,50,0,-3.7213,2.0521,0.19,0.0895,331.52
3420,-0.0306,1,1,-3.6846,2.0847,0.2,0.002,331.52
3421,-5.7519,50,0,-3.742,2.0617,0.19,0.0875,331.61
3422,-3.2465,50,0,-3.7065,2.0392,0.19,0.1058,331.71
3423,-0.042,1,1,-3.7066,2.0391,0.19,0.0028,331.71
3424,-3.3937,50,0,-3.7401,2.0059,0.18,0.0841,331.8
3425,-0.0358,1,1,-3.6893,2.0346,0.19,0.0022,331.8
3426,-4.3972,50,0,-3.6891,2.0345,0.19,0.0946,331.89
3427,-6.6323,50,0,-3.701,2.0482,0.19,0.1031,332.0
3428,-3.4983,50,0,-3.6671,2.023,0.19,0.0944,332.09
3429,-4.3531,50,0,-3.6635,2.0215,0.19,0.0921,332.18
3430,-3.9191,50,0,-3.6675,2.0216,0.19,0.0875,332.27
3431,-3.2021,50,0,-3.6736,2.0192,0.19,0.1036,332.38
3432,-4.6448,50,0,-3.6813,2.0215,0.19,0.0915,332.47
3433,-2.5123,50,0,-3.6679,2.0247,0.19,0.0723,332.54
3434,-5.4999,50,0,-3.7225,1.9997,0.18,0.0998,332.64
3435,-0.0243,1,1,-3.6677,2.025,0.19,0.003,332.64
3436,-0.0211,1,1,-3.632,2.0573,0.2,0.0023,332.64
3437,-4.2034,50,0,-3.6374,2.0581,0.2,0.0848,332.73
3438,-0.0147,1,1,-3.5919,2.0872,0.21,0.0019,332.73
3439,-4.0835,50,0,-3.5738,2.075,0.21,0.0744,332.81
3440,-4.7427,50,0,-3.5838,2.0781,0.21,0.0986,332.9
3441,-3.0842,50,0,-3.5752,2.0784,0.21,0.092,333.0
3442,-2.9315,50,0,-3.5473,2.0681,0.21,0.0956,333.09
3443,-4.0498,50,0,-3.5334,2.06,0.21,0.0916,333.18
3444,-4.047,50,0,-3.5735,2.0303,0.2,0.0853,333.27
3445,-4.9553,50,0,-3.578,2.0329,0.2,0.0789,333.35
3446,-4.4367,50,0,-3.563,2.0209,0.2,0.0991,333.45
3447,-2.8802,50,0,-3.5917,1.9903,0.19,0.0995,333.55
3448,-6.7707,50,0,-3.6592,1.9826,0.18,0.0957,333.64
3449,-3.5492,50,0,-3.6943,1.9489,0.17,0.0794,333.72
3450,-0.031,1,1,-3.6479,1.98,0.18,0.0022,333.72
3451,-0.0472,1,1,-3.5794,1.9849,0.19,0.0017,333.73
3452,-0.0488,1,1,-3.5448,2.0158,0.2,0.0017,333.73
3453,-0.032,1,1,-3.4952,2.0404,0.21,0.0015,333.73
3454,-3.854,50,0,-3.473,2.0242,0.21,0.0844,333.81
3455,-3.5547,50,0,-3.4554,2.0157,0.21,0.0878,333.9
3456,-4.0539,50,0,-3.4522,2.0146,0.21,0.0968,334.0
3457,-4.8732,50,0,-3.4526,2.0148,0.21,0.0866,334.08
3458,-6.1793,50,0,-3.4696,2.0305,0.21,0.0905,334.17
3459,-3.5669,50,0,-3.4641,2.0295,0.21,0.089,334.26
3460,-0.0492,1,1,-3.4254,2.0572,0.22,0.0022,334.27
3461,-0.0429,1,1,-3.3984,2.0835,0.23,0.0021,334.27
3462,-4.1218,50,0,-3.3913,2.0798,0.23,0.0777,334.35
3463,-0.0338,1,1,-3.3533,2.106,0.24,0.0024,334.35
3464,-3.5726,50,0,-3.3886,2.0794,0.23,0.0875,334.44
3465,-0.0204,1,1,-3.3514,2.1059,0.24,0.0037,334.44
3466,-4.4984,50,0,-3.3473,2.1033,0.24,0.0756,334.52
3467,-5.032,50,0,-3.3527,2.1069,0.24,0.0905,334.61
3468,-3.4712,50,0,-3.336,2.0993,0.24,0.0941,334.7
3469,-4.166,50,0,-3.3513,2.0997,0.24,0.0748,334.77
3470,-0.0453,1,1,-3.2943,2.1113,0.25,0.0048,334.78
3471,-4.7695,50,0,-3.3416,2.0909,0.24,0.9939,335.77
3472,-0.0382,1,1,-3.2811,2.0981,0.25,0.0034,335.78
3473,-4.1728,50,0,-3.2784,2.0967,0.25,0.0986,335.88
3474,-3.983,50,0,-3.2716,2.0934,0.25,0.0853,335.96
3475,-0.0496,1,1,-3.2167,2.1051,0.26,0.0029,335.96
3476,-3.8889,50,0,-3.2028,2.096,0.26,0.1028,336.07
3477,-0.0267,1,1,-3.1637,2.1183,0.27,0.0035,336.07
3478,-2.5129,50,0,-3.1495,2.1179,0.27,0.0958,336.17
3479,-5.3587,50,0,-3.1735,2.1291,0.27,0.0866,336.25
3480,-5.877,50,0,-3.2318,2.1225,0.26,0.0874,336.34
3481,-0.0459,1,1,-3.1733,2.1288,0.27,0.0019,336.34
3482,-0.0254,1,1,-3.1373,2.1512,0.28,0.0017,336.34
3483,-5.4238,50,0,-3.1253,2.135,0.28,0.0903,336.43
3484,-0.0453,1,1,-3.1254,2.1349,0.28,0.0029,336.44
3485,-4.19,50,0,-3.119,2.1307,0.28,0.1001,336.54
3486,-2.8158,50,0,-3.1468,2.1083,0.27,0.09,336.63
3487,-0.0327,1,1,-3.1167,2.1309,0.28,0.0024,336.63
3488,-5.1018,50,0,-3.1674,2.1171,0.27,0.0873,336.72
3489,-4.3961,50,0,-3.1514,2.1017,0.27,0.0847,336.8
3490,-3.0191,50,0,-3.1305,2.0925,0.27,0.1029,336.9
3491,-2.7418,50,0,-3.1576,2.0697,0.26,0.0948,337.0
3492,-3.5016,50,0,-3.1508,2.0674,0.26,0.8275,337.83
3493,-0.0136,1,1,-3.1037,2.0847,0.27,0.0017,337.83
3494,-6.1787,50,0,-3.1249,2.1049,0.27,0.0844,337.91
3495,-3.299,50,0,-3.1044,2.0932,0.27,0.0998,338.01
3496,-3.9522,50,0,-3.1021,2.0921,0.27,0.1032,338.12
3497,-5.1197,50,0,-3.1152,2.1006,0.27,0.1083,338.22
3498,-4.5276,50,0,-3.1177,2.1021,0.27,0.0884,338.31
3499,-5.4428,50,0,-3.1068,2.0871,0.27,0.1125,338.42
3500,-2.5354,50,0,-3.1317,2.0652,0.26,0.1158,338.54
3501,-4.6742,50,0,-3.1475,2.0708,0.26,0.0879,338.63
3502,-2.9879,50,0,-3.177,2.0473,0.25,0.1077,338.74
3503,-4.235,50,0,-3.1899,2.0498,0.25,0.0954,338.83
3504,-2.8642,50,0,-3.1674,2.041,0.25,0.1039,338.94
3505,-3.498,50,0,-3.1523,2.0328,0.25,0.0901,339.03
3506,-5.4784,50,0,-3.2067,2.0216,0.24,0.0834,339.11
3507,-4.6184,50,0,-3.2046,2.02,0.24,0.086,339.19
3508,-5.4174,50,0,-3.2316,2.0313,0.24,0.0951,339.29
3509,-4.0159,50,0,-3.2389,2.0328,0.24,0.1186,339.41
3510,-4.1921,50,0,-3.2198,2.0147,0.24,0.0829,339.49
3511,-4.7658,50,0,-3.2411,2.0197,0.24,0.0874,339.58
3512,-4.0583,50,0,-3.2456,2.021,0.24,0.0709,339.65
3513,-3.3466,50,0,-3.2336,2.0168,0.24,0.0824,339.73
3514,-6.2419,50,0,-3.2956,2.0131,0.23,0.1049,339.84
3515,-4.3579,50,0,-3.3081,2.0157,0.23,0.0869,339.92
3516,-3.5391,50,0,-3.29,2.0054,0.23,0.0855,340.01
3517,-0.013,1,1,-3.2269,2.0083,0.24,0.003,340.01
3518,-5.1468,50,0,-3.2151,1.9934,0.24,0.0963,340.11
3519,-4.9851,50,0,-3.2377,2.0005,0.24,0.0913,340.2
3520,-5.245,50,0,-3.2898,1.9841,0.23,0.9903,341.19
3521,-0.0329,1,1,-3.2327,1.9947,0.24,0.0021,341.19
3522,-3.3384,50,0,-3.2336,1.9948,0.24,0.1059,341.3
3523,-4.6464,50,0,-3.2796,1.9736,0.23,0.099,341.4
3524,-4.3973,50,0,-3.2897,1.9767,0.23,0.095,341.49
3525,-0.0251,1,1,-3.2895,1.9769,0.23,0.0018,341.49
3526,-3.2637,50,0,-3.2782,1.9737,0.23,0.0884,341.58
3527,-4.7707,50,0,-3.2596,1.9506,0.23,0.0955,341.68
3528,-0.017,1,1,-3.2248,1.977,0.24,0.0023,341.68
3529,-0.0393,1,1,-3.1816,1.9988,0.25,0.0021,341.68
3530,-5.9429,50,0,-3.2019,2.0163,0.25,0.0952,341.78
3531,-5.3443,50,0,-3.2233,2.0276,0.25,0.1054,341.88
3532,-3.1055,50,0,-3.2079,2.0226,0.25,0.1072,341.99
3533,-2.7342,50,0,-3.2101,2.0219,0.25,0.102,342.09
3534,-4.5996,50,0,-3.2011,2.0137,0.25,0.0957,342.19
3535,-4.7463,50,0,-3.2483,1.9939,0.24,0.0988,342.29
3536,-4.0182,50,0,-3.2883,1.9687,0.23,0.1009,342.39
3537,-5.2293,50,0,-3.2986,1.9761,0.23,0.0992,342.49
3538,-4.8742,50,0,-3.3472,1.9544,0.22,0.1156,342.6
3539,-0.0296,1,1,-3.3066,1.9806,0.23,0.0024,342.6
3540,-4.9264,50,0,-3.3085,1.982,0.23,0.0855,342.69
3541,-0.0122,1,1,-3.2778,2.0089,0.24,0.0034,342.69
3542,-0.0156,1,1,-3.2486,2.0347,0.25,0.003,342.7
3543,-5.0941,50,0,-3.259,2.0414,0.25,0.079,342.78
3544,-3.5214,50,0,-3.2538,2.0401,0.25,0.0805,342.86
3545,-5.0803,50,0,-3.255,2.0411,0.25,0.1013,342.96
3546,-6.3483,50,0,-3.2741,2.061,0.25,0.0962,343.05
3547,-0.0393,1,1,-3.2457,2.0856,0.26,0.0018,343.06
3548,-4.3924,50,0,-3.222,2.0587,0.26,0.0997,343.15
3549,-0.045,1,1,-3.1869,2.0825,0.27,0.0028,343.16
3550,-3.9394,50,0,-3.226,2.0595,0.26,0.1089,343.27
3551,-0.0463,1,1,-3.226,2.0595,0.26,0.0019,343.27
3552,-3.9235,50,0,-3.2647,2.0356,0.25,0.0958,343.36
3553,-3.262,50,0,-3.297,2.0096,0.24,0.0975,343.46
3554,-3.6859,50,0,-3.2954,2.0092,0.24,0.0966,343.56
3555,-5.6555,50,0,-3.3164,2.0227,0.24,0.0915,343.65
3556,-0.0478,1,1,-3.2763,2.0472,0.25,0.0023,343.65
3557,-5.1039,50,0,-3.2786,2.0491,0.25,0.0898,343.74
3558,-3.6094,50,0,-3.2529,2.0286,0.25,0.1051,343.85
3559,-4.549,50,0,-3.2627,2.0325,0.25,0.1049,343.95
3560,-4.7432,50,0,-3.3097,2.0118,0.24,0.0887,344.04
3561,-3.31,50,0,-3.3423,1.9849,0.23,0.097,344.14
3562,-4.006,50,0,-3.3412,1.9844,0.23,0.0875,344.23
3563,-4.9684,50,0,-3.3905,1.9628,0.22,0.1252,344.35
3564,-6.1345,50,0,-3.4161,1.9817,0.22,0.0994,344.45
3565,-5.1129,50,0,-3.4671,1.959,0.21,0.0968,344.55
3566,-3.9005,50,0,-3.4611,1.9568,0.21,0.0791,344.63
3567,-5.1344,50,0,-3.4621,1.9576,0.21,0.0972,344.72
3568,-3.6949,50,0,-3.4644,1.9578,0.21,0.098,344.82
3569,-3.2442,50,0,-3.4551,1.9566,0.21,0.0849,344.91
3570,-0.0308,1,1,-3.455,1.9569,0.21,0.0019,344.91
3571,-3.368,50,0,-3.441,1.9524,0.21,0.0892,345.0
3572,-3.4379,50,0,-3.475,1.9222,0.2,0.0941,345.09
3573,-2.6659,50,0,-3.4599,1.9226,0.2,0.9627,346.05
3574,-3.3276,50,0,-3.4533,1.9219,0.2,0.1065,346.16
3575,-5.7074,50,0,-3.5099,1.9041,0.19,0.0936,346.25
3576,-5.4473,50,0,-3.5255,1.9135,0.19,0.0928,346.35
3577,-4.8365,50,0,-3.5736,1.8852,0.18,0.1179,346.46
3578,-5.0973,50,0,-3.5995,1.8882,0.18,0.1017,346.57
3579,-0.0489,1,1,-3.5464,1.9125,0.19,0.0026,346.57
3580,-0.0494,1,1,-3.4881,1.9293,0.2,0.0027,346.57
3581,-5.2761,50,0,-3.5404,1.906,0.19,0.0957,346.67
3582,-4.1943,50,0,-3.5821,1.874,0.18,0.0865,346.75
3583,-3.3549,50,0,-3.5614,1.8649,0.18,0.0873,346.84
3584,-3.8835,50,0,-3.5998,1.8314,0.17,0.0839,346.92
3585,-3.6868,50,0,-3.5947,1.8304,0.17,0.0904,347.02
3586,-3.413,50,0,-3.6007,1.8289,0.17,0.0949,347.11
3587,-5.8745,50,0,-3.6591,1.8071,0.16,0.0905,347.2
3588,-3.4081,50,0,-3.6422,1.8015,0.16,0.0894,347.29
3589,-0.0493,1,1,-3.5987,1.8349,0.17,0.0018,347.29
3590,-3.0881,50,0,-3.5994,1.8347,0.17,0.0733,347.37
3591,-5.0658,50,0,-3.6226,1.8384,0.17,0.0961,347.46
3592,-3.6084,50,0,-3.6237,1.8383,0.17,0.101,347.56
3593,-3.8626,50,0,-3.6622,1.8023,0.16,0.096,347.66
3594,-0.0076,1,1,-3.6005,1.8206,0.17,0.0021,347.66
3595,-3.4717,50,0,-3.6022,1.8204,0.17,0.0896,347.75
3596,-4.3911,50,0,-3.6066,1.8218,0.17,0.0961,347.85
3597,-5.7108,50,0,-3.6125,1.8276,0.17,0.0828,347.93
3598,-3.1731,50,0,-3.599,1.8258,0.17,0.1237,348.05
3599,-3.5832,50,0,-3.5804,1.8164,0.17,0.101,348.15
3600,-4.8085,50,0,-3.6031,1.8174,0.17,0.1028,348.26
3601,-4.7039,50,0,-3.6034,1.8176,0.17,0.0985,348.35
3602,-4.4135,50,0,-3.6177,1.8183,0.17,0.1075,348.46
3603,-2.9426,50,0,-3.6047,1.8184,0.17,0.1066,348.57
3604,-4.4955,50,0,-3.6211,1.819,0.17,0.0873,348.66
3605,-2.8333,50,0,-3.6144,1.8207,0.17,0.096,348.75
3606,-4.9308,50,0,-3.6089,1.8159,0.17,0.0886,348.84
3607,-2.7596,50,0,-3.5903,1.815,0.17,0.0958,348.94
3608,-5.0689,50,0,-3.5869,1.8118,0.17,0.1075,349.04
3609,-2.6401,50,0,-3.5731,1.8137,0.17,0.1082,349.15
3610,-0.0229,1,1,-3.5314,1.8466,0.18,0.0031,349.16
3611,-5.2678,50,0,-3.5364,1.8506,0.18,0.1052,349.26
3612,-2.511,50,0,-3.521,1.8527,0.18,0.0863,349.35
3613,-2.6224,50,0,-3.5137,1.8548,0.18,0.0755,349.42
3614,-3.5531,50,0,-3.4868,1.8344,0.18,0.1145,349.54
3615,-3.9798,50,0,-3.483,1.833,0.18,0.1064,349.64
3616,-4.5528,50,0,-3.4932,1.8361,0.18,0.0935,349.74
3617,-2.9952,50,0,-3.523,1.8032,0.17,0.0871,349.82
3618,-0.0266,1,1,-3.4718,1.8289,0.18,0.0019,349.83
3619,-4.5641,50,0,-3.4676,1.8259,0.18,0.0956,349.92
3620,-2.555,50,0,-3.4407,1.8193,0.18,0.9636,350.88
3621,-2.8383,50,0,-3.4687,1.7879,0.17,0.1043,350.99
3622,-2.9554,50,0,-3.4649,1.7886,0.17,0.1007,351.09
3623,-6.4726,50,0,-3.4832,1.8098,0.17,0.1037,351.19
3624,-4.7522,50,0,-3.4867,1.8119,0.17,0.0933,351.29
3625,-3.9766,50,0,-3.5262,1.7788,0.16,0.0896,351.38
3626,-2.748,50,0,-3.5211,1.7803,0.16,0.0904,351.47
3627,-3.2432,50,0,-3.5058,1.776,0.16,0.0996,351.57
3628,-4.4621,50,0,-3.5503,1.7435,0.15,0.0996,351.67
3629,-4.7862,50,0,-3.5977,1.7116,0.14,0.1002,351.77
3630,-3.7086,50,0,-3.5754,1.6953,0.14,0.1222,351.89
3631,-3.3154,50,0,-3.5551,1.6861,0.14,0.1264,352.01
3632,-0.0374,1,1,-3.5244,1.7216,0.15,0.0029,352.02
3633,-3.2946,50,0,-3.53,1.7199,0.15,0.0978,352.12
3634,-5.2072,50,0,-3.5361,1.7247,0.15,0.1095,352.22
3635,-0.0199,1,1,-3.4888,1.7554,0.16,0.0022,352.23
3636,-4.6873,50,0,-3.4955,1.7587,0.16,0.087,352.31
3637,-5.2903,50,0,-3.4961,1.7593,0.16,0.1031,352.42
3638,-0.0368,1,1,-3.4478,1.787,0.17,0.0047,352.42
3639,-6.34,50,0,-3.5109,1.7766,0.16,0.0976,352.52
3640,-3.2455,50,0,-3.4941,1.7711,0.16,0.093,352.61
3641,-0.0311,1,1,-3.4942,1.7707,0.16,0.0018,352.61
3642,-0.0486,1,1,-3.4946,1.7701,0.16,0.0015,352.62
3643,-4.233,50,0,-3.486,1.7644,0.16,0.09,352.71
3644,-2.7953,50,0,-3.4787,1.7657,0.16,0.087,352.79
3645,-0.045,1,1,-3.4283,1.7909,0.17,0.002,352.79
3646,-4.7208,50,0,-3.4121,1.7716,0.17,0.0855,352.88
3647,-4.3646,50,0,-3.4553,1.7413,0.16,0.099,352.98
3648,-4.3021,50,0,-3.4544,1.7408,0.16,0.1026,353.08
3649,-6.3451,50,0,-3.5174,1.7302,0.15,0.0955,353.18
3650,-3.2125,50,0,-3.5102,1.73,0.15,0.0982,353.28
3651,-4.5361,50,0,-3.5551,1.6975,0.14,0.0914,353.37
3652,-4.9466,50,0,-3.5653,1.7027,0.14,0.0925,353.46
3653,-4.5103,50,0,-3.5778,1.705,0.14,0.075,353.53
3654,-5.6325,50,0,-3.5972,1.7172,0.14,0.0785,353.61
3655,-5.0037,50,0,-3.5907,1.7106,0.14,0.127,353.74
3656,-3.6809,50,0,-3.627,1.6732,0.13,0.0949,353.83
3657,-0.0281,1,1,-3.5763,1.7043,0.14,0.0018,353.84
3658,-5.6521,50,0,-3.5967,1.7168,0.14,0.0846,353.92
3659,-0.0492,1,1,-3.5517,1.7499,0.15,0.0021,353.92
3660,-2.8193,50,0,-3.5325,1.7472,0.15,0.0833,354.01
3661,-2.7971,50,0,-3.5273,1.7486,0.15,0.0958,354.1
3662,-4.1788,50,0,-3.5291,1.7492,0.15,0.1158,354.22
3663,-6.2833,50,0,-3.5422,1.7648,0.15,0.0963,354.31
3664,-4.1095,50,0,-3.522,1.7465,0.15,0.0969,354.41
3665,-3.2496,50,0,-3.5033,1.7393,0.15,0.1052,354.52
3666,-3.6081,50,0,-3.5004,1.7389,0.15,0.0845,354.6
3667,-4.1144,50,0,-3.4902,1.7323,0.15,0.1159,354.72
3668,-5.9543,50,0,-3.5128,1.7494,0.15,0.1003,354.82
3669,-4.5071,50,0,-3.5254,1.752,0.15,0.9946,355.81
3670,-0.0437,1,1,-3.5256,1.7518,0.15,0.0037,355.82
3671,-3.5912,50,0,-3.5278,1.7517,0.15,0.1053,355.92
3672,-5.1994,50,0,-3.5454,1.7596,0.15,0.0876,356.01
3673,-0.0196,1,1,-3.519,1.7922,0.16,0.002,356.01
3674,-0.0397,1,1,-3.4861,1.8252,0.17,0.0016,356.01
3675,-5.3661,50,0,-3.4827,1.8214,0.17,0.1095,356.12
3676,-5.2593,50,0,-3.4808,1.8195,0.17,0.1069,356.23
3677,-4.369,50,0,-3.4761,1.8166,0.17,0.0933,356.32
3678,-5.4876,50,0,-3.48,1.8205,0.17,0.0942,356.42
3679,-5.4848,50,0,-3.5344,1.7982,0.16,0.0901,356.51
3680,-0.0138,1,1,-3.534,1.7989,0.16,0.0025,356.51
3681,-4.9544,50,0,-3.5308,1.7961,0.16,0.089,356.6
3682,-0.0483,1,1,-3.4893,1.8279,0.17,0.002,356.6
3683,-3.8983,50,0,-3.4948,1.8283,0.17,0.0891,356.69
3684,-4.4186,50,0,-3.5001,1.8302,0.17,0.1045,356.79
3685,-3.8066,50,0,-3.5013,1.8303,0.17,0.0926,356.89
3686,-3.716,50,0,-3.5043,1.8304,0.17,0.1063,356.99
3687,-6.0421,50,0,-3.506,1.8327,0.17,0.0978,357.09
3688,-2.8049,50,0,-3.5,1.834,0.17,0.0907,357.18
3689,-3.1828,50,0,-3.5313,1.8012,0.16,0.0989,357.28
3690,-0.0214,1,1,-3.5007,1.8343,0.17,0.0018,357.28
3691,-6.0152,50,0,-3.5102,1.8448,0.17,0.0921,357.37
3692,-4.8811,50,0,-3.5229,1.8498,0.17,0.1171,357.49
3693,-4.1763,50,0,-3.526,1.8507,0.17,0.0891,357.58
3694,-2.9778,50,0,-3.5557,1.8175,0.16,0.1006,357.68
3695,-3.7049,50,0,-3.558,1.8176,0.16,0.0862,357.77
3696,-5.4978,50,0,-3.5691,1.8259,0.16,0.0914,357.86
3697,-3.7801,50,0,-3.5498,1.8134,0.16,0.0968,357.95
3698,-3.1741,50,0,-3.5498,1.8134,0.16,0.0931,358.05
3699,-5.5529,50,0,-3.5695,1.8243,0.16,0.0872,358.14
3700,-3.8412,50,0,-3.5598,1.8202,0.16,0.0995,358.23
3701,-5.4145,50,0,-3.567,1.8261,0.16,0.0941,358.33
3702,-3.8432,50,0,-3.5612,1.8243,0.16,0.0808,358.41
3703,-3.0389,50,0,-3.5622,1.824,0.16,0.1118,358.52
3704,-0.0359,1,1,-3.5176,1.8549,0.17,0.0017,358.52
3705,-4.0041,50,0,-3.5293,1.8542,0.17,0.1016,358.62
3706,-3.3425,50,0,-3.5134,1.849,0.17,0.1092,358.73
3707,-0.0356,1,1,-3.4862,1.8797,0.18,0.0027,358.74
3708,-0.0367,1,1,-3.4359,1.9038,0.19,0.0023,358.74
3709,-4.9068,50,0,-3.4585,1.9077,0.19,0.1088,358.85
3710,-4.9916,50,0,-3.5082,1.8821,0.18,0.0851,358.93
3711,-3.3848,50,0,-3.4894,1.8738,0.18,0.0921,359.03
3712,-5.5169,50,0,-3.5195,1.882,0.18,0.0838,359.11
3713,-5.4399,50,0,-3.5476,1.8894,0.18,0.0968,359.21
3714,-3.7218,50,0,-3.5493,1.8895,0.18,0.0841,359.29
3715,-5.2171,50,0,-3.5617,1.8963,0.18,0.0921,359.38
3716,-4.187,50,0,-3.558,1.8948,0.18,0.099,359.48
3717,-4.3473,50,0,-3.5716,1.8955,0.18,0.0887,359.57
3718,-4.4478,50,0,-3.6158,1.8636,0.17,0.1086,359.68
3719,-5.5295,50,0,-3.6254,1.871,0.17,1.0157,360.69
3720,-4.9116,50,0,-3.649,1.8722,0.17,0.1056,360.8
3721,-3.8108,50,0,-3.6587,1.8705,0.17,0.0926,360.89
3722,-5.4177,50,0,-3.6833,1.8772,0.17,0.1053,361.0
3723,-6.2313,50,0,-3.6809,1.8738,0.17,0.1255,361.12
3724,-5.1605,50,0,-3.685,1.8766,0.17,0.1048,361.23
3725,-5.489,50,0,-3.7001,1.885,0.17,0.1018,361.33
3726,-0.015,1,1,-3.6728,1.9181,0.18,0.0023,361.33
3727,-4.3242,50,0,-3.6836,1.9187,0.18,0.0984,361.43
3728,-4.9667,50,0,-3.6887,1.9214,0.18,0.0879,361.52
3729,-4.4576,50,0,-3.6854,1.9198,0.18,0.7977,362.32
3730,-2.7945,50,0,-3.6762,1.9218,0.18,0.0975,362.41
3731,-3.9365,50,0,-3.6824,1.9216,0.18,0.0901,362.5
3732,-0.0348,1,1,-3.6824,1.9217,0.18,0.0018,362.51
3733,-5.8258,50,0,-3.7077,1.9331,0.18,0.0912,362.6
3734,-4.6596,50,0,-3.7023,1.9296,0.18,0.1005,362.7
3735,-3.6297,50,0,-3.7384,1.8938,0.17,0.0763,362.77
3736,-3.3767,50,0,-3.7252,1.8917,0.17,0.0921,362.87
3737,-4.8534,50,0,-3.7209,1.8886,0.17,0.0851,362.95
3738,-3.3202,50,0,-3.7537,1.8524,0.16,0.0936,363.04
3739,-5.3388,50,0,-3.7437,1.8411,0.16,0.0892,363.13
3740,-0.0251,1,1,-3.7115,1.8774,0.17,0.0029,363.14
3741,-0.0394,1,1,-3.7116,1.8772,0.17,0.0032,363.14
3742,-4.0399,50,0,-3.7515,1.841,0.16,0.108,363.25
3743,-3.0,50,0,-3.7392,1.8418,0.16,0.108,363.36
3744,-5.0318,50,0,-3.7615,1.8438,0.16,0.1163,363.47
3745,-5.5189,50,0,-3.8163,1.8137,0.15,0.1175,363.59
3746,-0.0221,1,1,-3.7693,1.8501,0.16,0.0019,363.59
3747,-4.3491,50,0,-3.7691,1.8501,0.16,0.1189,363.71
3748,-4.2156,50,0,-3.7683,1.8498,0.16,0.1046,363.81
3749,-3.2371,50,0,-3.7372,1.8323,0.16,0.0838,363.9
3750,-2.5018,50,0,-3.7301,1.8357,0.16,0.0835,363.98
3751,-2.8295,50,0,-3.713,1.8361,0.16,0.0985,364.08
3752,-3.0095,50,0,-3.6936,1.8332,0.16,0.0825,364.16
3753,-3.0747,50,0,-3.6793,1.8323,0.16,0.1004,364.26
3754,-0.0477,1,1,-3.6234,1.8569,0.17,0.0018,364.27
3755,-0.0435,1,1,-3.5738,1.8854,0.18,0.0018,364.27
3756,-3.6854,50,0,-3.5739,1.8854,0.18,0.1059,364.37
3757,-5.4923,50,0,-3.6285,1.8609,0.17,0.0901,364.46
3758,-4.9262,50,0,-3.6213,1.8544,0.17,0.1275,364.59
3759,-4.6149,50,0,-3.6669,1.8218,0.16,0.1119,364.7
3760,-3.8474,50,0,-3.6772,1.8199,0.16,0.122,364.82
3761,-4.2148,50,0,-3.6914,1.8185,0.16,0.1002,364.92
3762,-5.5712,50,0,-3.7053,1.8275,0.16,0.0984,365.02
3763,-6.3172,50,0,-3.7056,1.8279,0.16,0.1057,365.13
3764,-4.3109,50,0,-3.7076,1.8285,0.16,0.076,365.2
3765,-3.4024,50,0,-3.7092,1.8282,0.16,0.1047,365.31
3766,-4.1835,50,0,-3.7149,1.8288,0.16,1.0301,366.34
3767,-2.7446,50,0,-3.7012,1.8308,0.16,0.1066,366.45
3768,-6.6974,50,0,-3.7087,1.8415,0.16,0.0941,366.54
3769,-2.8609,50,0,-3.6922,1.8416,0.16,0.0895,366.63
3770,-6.1662,50,0,-3.7534,1.8209,0.15,0.1075,366.74
3771,-0.0258,1,1,-3.7178,1.8583,0.16,0.0024,366.74
3772,-5.1114,50,0,-3.7169,1.8576,0.16,0.1034,366.84
3773,-5.0879,50,0,-3.7676,1.8249,0.15,0.1057,366.95
3774,-2.9286,50,0,-3.7965,1.7881,0.14,0.0924,367.04
3775,-3.5994,50,0,-3.7788,1.7813,0.14,0.0943,367.14
3776,-0.0499,1,1,-3.7267,1.8131,0.15,0.0018,367.14
3777,-5.6752,50,0,-3.7398,1.8224,0.15,0.093,367.23
3778,-4.647,50,0,-3.7314,1.8162,0.15,0.0821,367.31
3779,-6.0896,50,0,-3.7374,1.823,0.15,0.0852,367.4
3780,-0.0046,1,1,-3.7373,1.8232,0.15,0.0021,367.4
3781,-3.3819,50,0,-3.7216,1.8194,0.15,0.1117,367.51
3782,-3.6234,50,0,-3.7573,1.7816,0.14,0.102,367.61
3783,-5.0174,50,0,-3.7685,1.786,0.14,0.1079,367.72
3784,-6.4596,50,0,-3.7889,1.8049,0.14,0.1071,367.83
3785,-5.7989,50,0,-3.8089,1.8159,0.14,0.102,367.93
3786,-3.4302,50,0,-3.806,1.8163,0.14,0.0893,368.02
3787,-4.9406,50,0,-3.795,1.806,0.14,0.1003,368.12
3788,-3.8477,50,0,-3.8054,1.8033,0.14,0.0963,368.22
3789,-4.4213,50,0,-3.8178,1.8032,0.14,0.0951,368.31
3790,-3.2821,50,0,-3.8504,1.7633,0.13,0.105,368.42
3791,-3.3571,50,0,-3.8238,1.7504,0.13,0.1209,368.54
3792,-6.3474,50,0,-3.8385,1.7653,0.13,0.1048,368.64
3793,-4.4519,50,0,-3.8413,1.7661,0.13,0.0838,368.73
3794,-2.5945,50,0,-3.8374,1.7683,0.13,0.0953,368.82
3795,-0.0106,1,1,-3.8005,1.8089,0.14,0.0019,368.82
3796,-4.3716,50,0,-3.7892,1.8017,0.14,0.0991,368.92
3797,-3.9145,50,0,-3.7906,1.8018,0.14,0.079,369.0
3798,-0.0415,1,1,-3.7592,1.8391,0.15,0.0023,369.0
3799,-4.122,50,0,-3.7449,1.8306,0.15,0.092,369.1
3800,-4.1266,50,0,-3.7478,1.831,0.15,0.0937,369.19
3801,-2.956,50,0,-3.7232,1.8249,0.15,0.112,369.3
3802,-3.4646,50,0,-3.7194,1.8251,0.15,0.0824,369.38
3803,-0.0435,1,1,-3.6894,1.8602,0.16,0.0025,369.39
3804,-4.6487,50,0,-3.7356,1.8259,0.15,0.0842,369.47
3805,-3.2434,50,0,-3.728,1.8264,0.15,0.0958,369.57
3806,-3.6672,50,0,-3.7312,1.826,0.15,0.112,369.68
3807,-5.4307,50,0,-3.7852,1.7955,0.14,0.1029,369.78
3808,-4.2228,50,0,-3.827,1.7559,0.13,0.1214,369.9
3809,-4.6461,50,0,-3.8244,1.7545,0.13,0.0996,370.0
3810,-5.4565,50,0,-3.8291,1.7582,0.13,0.1001,370.1
3811,-5.9261,50,0,-3.8545,1.7699,0.13,0.1061,370.21
3812,-3.4796,50,0,-3.8341,1.7624,0.13,0.1033,370.31
3813,-3.0833,50,0,-3.8105,1.7565,0.13,0.9858,371.3
3814,-3.9232,50,0,-3.8126,1.7565,0.13,0.1132,371.41
3815,-5.0596,50,0,-3.811,1.7553,0.13,0.0993,371.51
3816,-5.5516,50,0,-3.8246,1.7635,0.13,0.0803,371.59
3817,-0.039,1,1,-3.7815,1.8024,0.14,0.0025,371.59
3818,-4.7937,50,0,-3.785,1.804,0.14,0.1088,371.7
3819,-5.3989,50,0,-3.7837,1.8028,0.14,0.1011,371.8
3820,-5.9838,50,0,-3.7944,1.8126,0.14,0.1081,371.91
3821,-0.0153,1,1,-3.7565,1.8512,0.15,0.0048,371.92
3822,-4.2881,50,0,-3.7452,1.8445,0.15,0.1066,372.02
3823,-0.0315,1,1,-3.6832,1.864,0.16,0.0024,372.02
3824,-2.763,50,0,-3.6592,1.8602,0.16,0.0829,372.11
3825,-6.2265,50,0,-3.6666,1.8689,0.16,0.1,372.21
3826,-5.8878,50,0,-3.7253,1.8454,0.15,0.0908,372.3
3827,-4.5643,50,0,-3.7277,1.8463,0.15,0.1081,372.41
3828,-3.9597,50,0,-3.7176,1.8422,0.15,0.1015,372.51
3829,-0.0442,1,1,-3.6735,1.8765,0.16,0.0027,372.51
3830,-4.5666,50,0,-3.6912,1.8765,0.16,0.1002,372.61
3831,-6.1707,50,0,-3.7136,1.8925,0.16,0.1166,372.73
3832,-3.831,50,0,-3.7515,1.8561,0.15,0.1096,372.84
3833,-6.8734,50,0,-3.762,1.8707,0.15,0.0936,372.93
3834,-0.0216,1,1,-3.7156,1.905,0.16,0.0018,372.93
3835,-0.0234,1,1,-3.6796,1.9401,0.17,0.0018,372.93
3836,-0.0397,1,1,-3.6462,1.9734,0.18,0.0061,372.94
3837,-4.0881,50,0,-3.6385,1.9702,0.18,0.079,373.02
3838,-5.0458,50,0,-3.6558,1.9749,0.18,0.1068,373.13
3839,-2.7658,50,0,-3.6301,1.9696,0.18,0.1045,373.23
3840,-2.7871,50,0,-3.6577,1.9379,0.17,0.0994,373.33
3841,-4.5496,50,0,-3.7028,1.9054,0.16,0.1065,373.44
3842,-6.2712,50,0,-3.7251,1.9222,0.16,0.1016,373.54
3843,-4.7947,50,0,-3.743,1.9238,0.16,0.1149,373.65
3844,-0.0257,1,1,-3.693,1.9545,0.17,0.0034,373.66
3845,-4.9574,50,0,-3.6874,1.95,0.17,0.099,373.76
3846,-2.5818,50,0,-3.713,1.9183,0.16,0.0915,373.85
3847,-4.2249,50,0,-3.7117,1.9179,0.16,0.0959,373.94
3848,-4.5628,50,0,-3.7152,1.9191,0.16,0.1035,374.05
3849,-0.0478,1,1,-3.6833,1.953,0.17,0.0029,374.05
3850,-2.709,50,0,-3.6854,1.9519,0.17,0.1042,374.15
3851,-5.1369,50,0,-3.7084,1.9552,0.17,0.0725,374.23
3852,-4.386,50,0,-3.7222,1.9551,0.17,0.0818,374.31
3853,-5.4784,50,0,-3.7462,1.9618,0.17,0.1003,374.41
3854,-3.6088,50,0,-3.7819,1.9263,0.16,0.0913,374.5
3855,-3.1612,50,0,-3.813,1.8904,0.15,0.1025,374.6
3856,-0.0162,1,1,-3.7763,1.9278,0.16,0.0033,374.6
3857,-0.0219,1,1,-3.7216,1.9557,0.17,0.0048,374.61
3858,-5.2422,50,0,-3.7248,1.9579,0.17,0.0925,374.7
3859,-5.2942,50,0,-3.7316,1.9622,0.17,0.0956,374.8
3860,-3.2543,50,0,-3.7257,1.9627,0.17,0.0763,374.87
3861,-2.6373,50,0,-3.7099,1.9651,0.17,0.0814,374.96
3862,-3.8393,50,0,-3.6926,1.9562,0.17,0.1013,375.06
3863,-3.9554,50,0,-3.6689,1.9386,0.17,0.1004,375.16
3864,-3.0069,50,0,-3.6559,1.9386,0.17,0.088,375.25
3865,-4.3579,50,0,-3.6655,1.9397,0.17,0.9796,376.22
3866,-2.5567,50,0,-3.6492,1.9421,0.17,0.115,376.34
3867,-4.6293,50,0,-3.668,1.9423,0.17,0.0866,376.43
3868,-4.4187,50,0,-3.6453,1.9199,0.17,0.0977,376.52
3869,-5.0515,50,0,-3.6672,1.9233,0.17,0.0842,376.61
3870,-4.2198,50,0,-3.6477,1.9077,0.17,0.1161,376.72
3871,-4.213,50,0,-3.6896,1.8734,0.16,0.0834,376.81
3872,-4.5252,50,0,-3.6837,1.8699,0.16,0.0988,376.91
3873,-3.8922,50,0,-3.6718,1.8647,0.16,0.0879,376.99
3874,-3.8761,50,0,-3.6812,1.8633,0.16,0.1068,377.1
3875,-0.0348,1,1,-3.6456,1.8983,0.17,0.0033,377.1
3876,-3.5223,50,0,-3.6803,1.8636,0.16,0.1097,377.21
3877,-0.0496,1,1,-3.624,1.8873,0.17,0.0034,377.22
3878,-2.7197,50,0,-3.6048,1.8866,0.17,0.1131,377.33
3879,-0.0034,1,1,-3.5439,1.9036,0.18,0.0034,377.33
3880,-4.6258,50,0,-3.5901,1.8729,0.17,0.0958,377.43
3881,-4.8093,50,0,-3.6044,1.8767,0.17,0.0808,377.51
3882,-0.0283,1,1,-3.5684,1.9101,0.18,0.0022,377.51
3883,-0.0343,1,1,-3.5186,1.9365,0.19,0.0024,377.52
3884,-3.4308,50,0,-3.4883,1.9138,0.19,0.0934,377.61
3885,-0.0178,1,1,-3.4305,1.9304,0.2,0.0024,377.61
3886,-0.0386,1,1,-3.3966,1.9597,0.21,0.0021,377.61
3887,-6.0802,50,0,-3.408,1.9719,0.21,0.0949,377.71
3888,-0.043,1,1,-3.37,1.9996,0.22,0.0031,377.71
3889,-2.7026,50,0,-3.3528,1.9978,0.22,0.0784,377.79
3890,-3.9136,50,0,-3.3591,1.9986,0.22,0.0997,377.89
3891,-0.03,1,1,-3.3258,2.0259,0.23,0.0033,377.89
3892,-5.6686,50,0,-3.319,2.0168,0.23,0.0914,377.98
3893,-4.8968,50,0,-3.3235,2.0198,0.23,0.1046,378.09
3894,-0.0332,1,1,-3.2979,2.045,0.24,0.0022,378.09
3895,-5.91,50,0,-3.3568,2.0344,0.23,0.0986,378.19
3896,-4.5536,50,0,-3.3587,2.0354,0.23,0.0826,378.27
3897,-0.0367,1,1,-3.3199,2.0612,0.24,0.0019,378.27
3898,-3.8822,50,0,-3.3583,2.0354,0.23,0.0791,378.35
3899,-3.9631,50,0,-3.3567,2.0348,0.23,0.09,378.44
3900,-3.2125,50,0,-3.3476,2.0334,0.23,0.1078,378.55
3901,-3.0219,50,0,-3.3482,2.0333,0.23,0.0888,378.64
3902,-3.8179,50,0,-3.3518,2.0338,0.23,0.1046,378.74
3903,-4.2046,50,0,-3.3934,2.0081,0.22,0.1057,378.85
3904,-0.038,1,1,-3.3473,2.0315,0.23,0.0031,378.85
3905,-4.3122,50,0,-3.358,2.0338,0.23,0.1246,378.98
3906,-4.1617,50,0,-3.3629,2.0351,0.23,0.1176,379.1
3907,-4.8951,50,0,-3.3575,2.0304,0.23,0.1131,379.21
3908,-0.0208,1,1,-3.3155,2.0553,0.24,0.003,379.21
3909,-6.3711,50,0,-3.3328,2.0736,0.24,0.0934,379.3
3910,-2.7786,50,0,-3.306,2.0633,0.24,0.0884,379.39
3911,-3.7852,50,0,-3.2846,2.047,0.24,0.0831,379.48
3912,-5.0894,50,0,-3.3007,2.0548,0.24,0.1058,379.58
3913,-4.4664,50,0,-3.3145,2.0579,0.24,0.0887,379.67
3914,-0.0455,1,1,-3.2757,2.0825,0.25,0.0022,379.67
3915,-5.3605,50,0,-3.2787,2.0853,0.25,0.0961,379.77
3916,-4.5485,50,0,-3.2687,2.0767,0.25,0.0904,379.86
3917,-3.2122,50,0,-3.3004,2.0512,0.24,0.0783,379.94
3918,-4.0432,50,0,-3.2929,2.0471,0.24,0.0967,380.03
3919,-0.0481,1,1,-3.2394,2.0612,0.25,0.0018,380.04
3920,-2.5209,50,0,-3.2048,2.0439,0.25,0.1033,380.14
3921,-0.0151,1,1,-3.2048,2.0439,0.25,0.0018,380.14
3922,-5.5971,50,0,-3.2179,2.0549,0.25,1.0643,381.21
3923,-2.6993,50,0,-3.2446,2.0305,0.24,0.094,381.3
3924,-3.0314,50,0,-3.2473,2.0301,0.24,0.1002,381.4
3925,-0.0435,1,1,-3.1854,2.0326,0.25,0.0018,381.4
3926,-6.8798,50,0,-3.1953,2.0481,0.25,0.0876,381.49
3927,-4.6941,50,0,-3.1966,2.049,0.25,0.0963,381.59
3928,-0.0167,1,1,-3.1572,2.0717,0.26,0.0019,381.59
3929,-5.1098,50,0,-3.2079,2.0569,0.25,0.0864,381.67
3930,-3.2559,50,0,-3.1948,2.0524,0.25,0.1117,381.79
3931,-0.05,1,1,-3.1336,2.054,0.26,0.0032,381.79
3932,-3.6556,50,0,-3.1318,2.0534,0.26,0.1003,381.89
3933,-0.032,1,1,-3.0634,2.0416,0.27,0.002,381.89
3934,-3.3714,50,0,-3.0969,2.0187,0.26,0.0882,381.98
3935,-3.1425,50,0,-3.1281,1.995,0.25,0.1012,382.08
3936,-0.0412,1,1,-3.1281,1.9949,0.25,0.0026,382.08
3937,-4.5698,50,0,-3.1329,1.9978,0.25,0.1133,382.2
3938,-4.3446,50,0,-3.1259,1.9923,0.25,0.1168,382.31
3939,-0.045,1,1,-3.0987,2.0155,0.26,0.0024,382.32
3940,-5.2358,50,0,-3.1232,2.0264,0.26,0.086,382.4
3941,-3.3621,50,0,-3.1113,2.0215,0.26,0.0896,382.49
3942,-0.0499,1,1,-3.0491,2.019,0.27,0.0029,382.49
3943,-3.1967,50,0,-3.0331,2.0115,0.27,0.1257,382.62
3944,-5.5467,50,0,-3.0883,2.0039,0.26,0.1034,382.72
3945,-0.0199,1,1,-3.0389,2.018,0.27,0.002,382.73
3946,-3.6205,50,0,-3.0493,2.0183,0.27,0.0815,382.81
3947,-5.026,50,0,-3.0573,2.0246,0.27,0.1185,382.93
3948,-3.8213,50,0,-3.0499,2.0204,0.27,0.1095,383.03
3949,-0.0101,1,1,-3.0495,2.0209,0.27,0.0026,383.04
3950,-3.2432,50,0,-3.0549,2.0207,0.27,0.0951,383.13
3951,-4.4887,50,0,-3.0484,2.0151,0.27,0.0884,383.22
3952,-4.712,50,0,-3.0517,2.0175,0.27,0.0875,383.31
3953,-2.8051,50,0,-3.0249,2.0028,0.27,0.0931,383.4
3954,-4.5303,50,0,-3.0341,2.0076,0.27,0.0906,383.49
3955,-4.5486,50,0,-3.048,2.0132,0.27,0.0882,383.58
3956,-0.0337,1,1,-3.0482,2.013,0.27,0.0021,383.58
3957,-4.3364,50,0,-3.0913,1.9938,0.26,0.1086,383.69
3958,-0.0436,1,1,-3.0394,2.0048,0.27,0.0025,383.69
3959,-0.0247,1,1,-2.9867,2.014,0.28,0.0021,383.7
3960,-6.4529,50,0,-3.0186,2.0432,0.28,0.1047,383.8
3961,-3.437,50,0,-3.0266,2.0433,0.28,0.1152,383.92
3962,-4.8612,50,0,-3.0369,2.0499,0.28,0.1067,384.02
3963,-6.182,50,0,-3.0591,2.0717,0.28,0.1146,384.14
3964,-4.8874,50,0,-3.0779,2.0797,0.28,0.0868,384.22
3965,-3.1408,50,0,-3.0658,2.0757,0.28,0.0916,384.31
3966,-3.7104,50,0,-3.0773,2.076,0.28,0.083,384.4
3967,-4.6667,50,0,-3.0777,2.0763,0.28,0.0911,384.49
3968,-0.0176,1,1,-3.0337,2.094,0.29,0.0031,384.49
3969,-3.0848,50,0,-3.014,2.0842,0.29,0.094,384.59
3970,-3.2683,50,0,-3.0045,2.0808,0.29,0.11,384.7
3971,-5.2759,50,0,-3.0151,2.0896,0.29,0.0918,384.79
3972,-5.3755,50,0,-3.0236,2.0975,0.29,0.0811,384.87
3973,-3.3898,50,0,-3.0186,2.096,0.29,0.0794,384.95
3974,-0.0497,1,1,-2.9803,2.1148,0.3,0.0018,384.95
3975,-3.4216,50,0,-3.0142,2.0944,0.29,0.1035,385.05
3976,-0.0371,1,1,-2.9793,2.1146,0.3,0.002,385.06
3977,-3.9738,50,0,-3.0186,2.0962,0.29,1.0882,386.14
3978,-3.7256,50,0,-3.0286,2.0971,0.29,0.1035,386.25
3979,-4.1262,50,0,-3.0699,2.0777,0.28,0.0835,386.33
3980,-5.1852,50,0,-3.0755,2.0826,0.28,0.0894,386.42
3981,-0.012,1,1,-3.0275,2.0973,0.29,0.003,386.42
3982,-4.0478,50,0,-3.0677,2.0779,0.28,0.1211,386.54
3983,-3.6453,50,0,-3.1038,2.0561,0.27,0.8976,387.44
3984,-3.602,50,0,-3.1055,2.0565,0.27,0.0994,387.54
3985,-6.4513,50,0,-3.1698,2.0595,0.26,0.1009,387.64
3986,-3.0221,50,0,-3.1997,2.0354,0.25,0.106,387.75
3987,-3.9511,50,0,-3.1784,2.0162,0.25,0.0801,387.83
3988,-4.0972,50,0,-3.2189,1.9934,0.24,0.0865,387.91
3989,-4.6226,50,0,-3.2381,1.9975,0.24,0.0962,388.01
3990,-0.041,1,1,-3.1994,2.0215,0.25,0.0019,388.01
3991,-3.8761,50,0,-3.2379,1.9972,0.24,0.109,388.12
3992,-4.347,50,0,-3.2246,1.9855,0.24,0.1036,388.23
3993,-4.2726,50,0,-3.2184,1.9812,0.24,0.0886,388.31
3994,-3.8658,50,0,-3.2567,1.9561,0.23,0.1008,388.41
3995,-3.079,50,0,-3.2284,1.9379,0.23,0.0948,388.51
3996,-4.3949,50,0,-3.2268,1.9369,0.23,0.0829,388.59
3997,-4.6883,50,0,-3.2734,1.9154,0.22,0.0889,388.68
3998,-4.319,50,0,-3.2777,1.9173,0.22,0.0984,388.78
3999,-4.684,50,0,-3.2849,1.9212,0.22,0.1135,388.89
4000,-3.3326,50,0,-3.2861,1.9212,0.22,0.0997,388.99
4001,-0.0295,1,1,-3.2562,1.9482,0.23,0.0048,389.0
4002,-5.8888,50,0,-3.2769,1.965,0.23,0.105,389.1
4003,-4.8595,50,0,-3.2835,1.9692,0.23,0.086,389.19
4004,-4.5735,50,0,-3.3288,1.946,0.22,0.091,389.28
4005,-5.9012,50,0,-3.3447,1.9604,0.22,0.0904,389.37
4006,-12.173,50,0,-3.4248,2.147,0.22,0.0947,389.47
4007,-2.9455,50,0,-3.4053,2.1424,0.22,0.0908,389.56
4008,-0.0369,1,1,-3.4055,2.1421,0.22,0.0025,389.56
4009,-0.0386,1,1,-3.3422,2.1471,0.23,0.0022,389.56
4010,-0.0314,1,1,-3.3147,2.1716,0.24,0.0026,389.56
4011,-3.3018,50,0,-3.3099,2.1711,0.24,0.0831,389.65
4012,-3.9125,50,0,-3.2981,2.1646,0.24,0.0957,389.74
4013,-0.0065,1,1,-3.2535,2.1859,0.25,0.0033,389.75
4014,-4.3747,50,0,-3.2968,2.1647,0.24,0.0898,389.83
4015,-6.1515,50,0,-3.3047,2.1736,0.24,0.0847,389.92
4016,-0.0455,1,1,-3.2597,2.1939,0.25,0.0029,389.92
4017,-0.0414,1,1,-3.228,2.2172,0.26,0.003,389.93
4018,-5.46,50,0,-3.2421,2.2269,0.26,0.112,390.04
4019,-4.2697,50,0,-3.2843,2.2058,0.25,0.0953,390.13
4020,-4.2373,50,0,-3.3015,2.2065,0.25,0.0993,390.23
4021,-4.5108,50,0,-3.3465,2.1848,0.24,0.0867,390.32
4022,-3.4253,50,0,-3.3247,2.1731,0.24,0.0944,390.41
4023,-5.7074,50,0,-3.3548,2.185,0.24,0.0909,390.5
4024,-2.5358,50,0,-3.3499,2.1863,0.24,0.0841,390.59
4025,-4.7641,50,0,-3.3971,2.1652,0.23,0.0986,390.69
4026,-4.9986,50,0,-3.3783,2.1429,0.23,0.0925,390.78
4027,-3.8906,50,0,-3.3702,2.1395,0.23,0.9748,391.75
4028,-4.1623,50,0,-3.4117,2.1141,0.22,0.1062,391.86
4029,-4.6941,50,0,-3.4075,2.1112,0.22,0.0886,391.95
4030,-5.506,50,0,-3.43,2.1214,0.22,0.1232,392.07
4031,-2.6204,50,0,-3.4557,2.0957,0.21,0.0845,392.16
4032,-0.0216,1,1,-3.4194,2.1233,0.22,0.0018,392.16
4033,-4.0043,50,0,-3.4591,2.0965,0.21,0.0904,392.25
4034,-3.7062,50,0,-3.4625,2.0966,0.21,0.0731,392.32
4035,-0.0261,1,1,-3.4313,2.1241,0.22,0.0021,392.32
4036,-0.0491,1,1,-3.4314,2.124,0.22,0.0016,392.33
4037,-5.2059,50,0,-3.4377,2.1284,0.22,0.0888,392.41
4038,-0.0489,1,1,-3.3948,2.1528,0.23,0.0026,392.42
4039,-0.0468,1,1,-3.3948,2.1528,0.23,0.0022,392.42
4040,-4.8134,50,0,-3.3906,2.1496,0.23,0.0992,392.52
4041,-0.0483,1,1,-3.3574,2.1752,0.24,0.0024,392.52
4042,-6.6916,50,0,-3.4239,2.1746,0.23,0.0951,392.62
4043,-2.5849,50,0,-3.4177,2.1761,0.23,0.1016,392.72
4044,-3.7152,50,0,-3.3994,2.1658,0.23,0.0965,392.81
4045,-3.4645,50,0,-3.4339,2.139,0.22,0.0893,392.9
4046,-0.0056,1,1,-3.3977,2.1659,0.23,0.0021,392.91
4047,-4.2033,50,0,-3.3895,2.1612,0.23,0.0902,393.0
4048,-3.844,50,0,-3.3897,2.1613,0.23,0.1018,393.1
4049,-4.5731,50,0,-3.4353,2.1375,0.22,0.1068,393.2
4050,-4.0734,50,0,-3.4436,2.1383,0.22,0.1206,393.32
4051,-6.1066,50,0,-3.4598,2.1522,0.22,0.1378,393.46
4052,-0.0414,1,1,-3.4131,2.1751,0.23,0.0033,393.47
4053,-4.0684,50,0,-3.4258,2.1752,0.23,0.0801,393.55
4054,-6.7753,50,0,-3.4482,2.198,0.23,0.0859,393.63
4055,-3.9445,50,0,-3.4422,2.1958,0.23,0.0985,393.73
4056,-4.2028,50,0,-3.4839,2.1701,0.22,0.0867,393.82
4057,-2.5012,50,0,-3.4655,2.1706,0.22,0.0898,393.91
4058,-4.0212,50,0,-3.5053,2.1438,0.21,0.087,393.99
4059,-4.808,50,0,-3.5531,2.1188,0.2,0.0814,394.08
4060,-4.2333,50,0,-3.5309,2.0998,0.2,0.0897,394.17
4061,-3.6601,50,0,-3.5331,2.0999,0.2,0.0807,394.25
4062,-0.036,1,1,-3.4849,2.1241,0.21,0.0023,394.25
4063,-5.8635,50,0,-3.4817,2.1203,0.21,0.0915,394.34
4064,-4.1389,50,0,-3.4742,2.1166,0.21,0.084,394.42
4065,-4.3049,50,0,-3.4859,2.118,0.21,0.0895,394.51
4066,-5.0063,50,0,-3.4988,2.1232,0.21,0.0881,394.6
4067,-2.6074,50,0,-3.4782,2.1218,0.21,0.1042,394.71
4068,-2.8207,50,0,-3.5063,2.0942,0.2,0.1135,394.82
4069,-0.027,1,1,-3.4757,2.1223,0.21,0.0031,394.82
4070,-0.0482,1,1,-3.4435,2.1495,0.22,0.0028,394.82
4071,-5.345,50,0,-3.4442,2.1501,0.22,0.0922,394.92
4072,-3.6445,50,0,-3.4269,2.1414,0.22,0.0931,395.01
4073,-0.0345,1,1,-3.3933,2.1678,0.23,0.0038,395.01
4074,-2.9246,50,0,-3.4221,2.1422,0.22,0.0949,395.11
4075,-3.0561,50,0,-3.4184,2.1425,0.22,0.0934,395.2
4076,-5.6032,50,0,-3.4741,2.1262,0.21,0.0831,395.29
4077,-3.9143,50,0,-3.4735,2.1261,0.21,0.0775,395.36
4078,-5.3749,50,0,-3.49,2.1343,0.21,0.0934,395.46
4079,-5.799,50,0,-3.5067,2.1458,0.21,0.0969,395.55
4080,-5.3376,50,0,-3.5082,2.147,0.21,0.9695,396.52
4081,-3.2716,50,0,-3.5408,2.1182,0.2,0.0996,396.62
4082,-4.8349,50,0,-3.5487,2.1216,0.2,0.0821,396.7
4083,-0.0398,1,1,-3.5126,2.1501,0.21,0.003,396.71
4084,-4.2275,50,0,-3.5189,2.1512,0.21,0.0851,396.79
4085,-5.4222,50,0,-3.5086,2.1396,0.21,0.0834,396.88
4086,-4.5315,50,0,-3.5237,2.1415,0.21,0.0837,396.96
4087,-3.235,50,0,-3.5165,2.1412,0.21,0.0928,397.05
4088,-0.0103,1,1,-3.4757,2.1686,0.22,0.0028,397.06
4089,-4.5453,50,0,-3.4749,2.1682,0.22,0.0848,397.14
4090,-5.6094,50,0,-3.5306,2.1507,0.21,0.0864,397.23
4091,-4.915,50,0,-3.541,2.1548,0.21,0.0969,397.32
4092,-7.6044,50,0,-3.5735,2.1911,0.21,0.0904,397.41
4093,-4.7307,50,0,-3.5781,2.193,0.21,0.0941,397.51
4094,-4.855,50,0,-3.588,2.1965,0.21,0.0909,397.6
4095,-5.0864,50,0,-3.6081,2.201,0.21,0.1229,397.72
4096,-3.0193,50,0,-3.5943,2.2003,0.21,0.1226,397.84
4097,-4.6855,50,0,-3.5943,2.2003,0.21,0.0973,397.94
4098,-3.5299,50,0,-3.5864,2.1991,0.21,0.0814,398.02
4099,-3.0661,50,0,-3.5702,2.1969,0.21,0.0905,398.11
4100,-5.4781,50,0,-3.5917,2.2049,0.21,0.0937,398.21
4101,-3.4864,50,0,-3.6262,2.1757,0.2,0.1038,398.31
4102,-0.0352,1,1,-3.5677,2.1927,0.21,0.0027,398.31
4103,-3.7982,50,0,-3.5571,2.189,0.21,0.088,398.4
4104,-4.4021,50,0,-3.5554,2.1883,0.21,0.0937,398.5
4105,-3.1211,50,0,-3.5276,2.1759,0.21,0.0851,398.58
4106,-3.6881,50,0,-3.4427,1.9951,0.21,0.1103,398.69
4107,-3.6026,50,0,-3.4493,1.9945,0.21,0.0952,398.79
4108,-4.0543,50,0,-3.4895,1.9656,0.2,0.0792,398.87
4109,-3.3559,50,0,-3.5227,1.9349,0.19,0.0993,398.96
4110,-4.5075,50,0,-3.5674,1.9051,0.18,0.0873,399.05
4111,-2.6999,50,0,-3.5614,1.9069,0.18,0.1132,399.17
4112,-4.5795,50,0,-3.5681,1.9093,0.18,0.0985,399.26
4113,-4.0748,50,0,-3.6087,1.876,0.17,0.0965,399.36
4114,-0.0262,1,1,-3.5653,1.9079,0.18,0.0018,399.36
4115,-5.5017,50,0,-3.5588,1.9002,0.18,0.1011,399.46
4116,-3.5636,50,0,-3.5939,1.8671,0.17,0.1003,399.56
4117,-4.9912,50,0,-3.6434,1.8376,0.16,0.0917,399.66
4118,-0.0077,1,1,-3.5889,1.8636,0.17,0.0019,399.66
4119,-2.937,50,0,-3.5756,1.8635,0.17,0.0959,399.75
4120,-4.9627,50,0,-3.5828,1.8674,0.17,0.0902,399.84
4121,-4.4904,50,0,-3.5826,1.8673,0.17,0.0776,399.92
4122,-5.0439,50,0,-3.5988,1.8729,0.17,0.1,400.02
4123,-5.1259,50,0,-3.593,1.8672,0.17,0.1078,400.13
4124,-4.7944,50,0,-3.6156,1.868,0.17,0.1092,400.24
4125,-5.981,50,0,-3.6278,1.8793,0.17,0.091,400.33
4126,-5.2418,50,0,-3.6302,1.8813,0.17,1.005,401.33
4127,-3.7237,50,0,-3.6285,1.8811,0.17,0.1046,401.44
4128,-2.8626,50,0,-3.6155,1.8819,0.17,0.1048,401.54
4129,-0.027,1,1,-3.5689,1.9122,0.18,0.0019,401.54
4130,-2.6502,50,0,-3.5403,1.9043,0.18,0.1089,401.65
4131,-0.029,1,1,-3.5144,1.9341,0.19,0.0022,401.66
4132,-6.1785,50,0,-3.576,1.9199,0.18,0.0883,401.74
4133,-3.0368,50,0,-3.5663,1.9201,0.18,0.0994,401.84
4134,-0.039,1,1,-3.5296,1.9518,0.19,0.0023,401.85
4135,-0.0365,1,1,-3.5297,1.9517,0.19,0.0025,401.85
4136,-0.0456,1,1,-3.5297,1.9517,0.19,0.0039,401.85
4137,-0.035,1,1,-3.478,1.975,0.2,0.0028,401.86
4138,-5.0131,50,0,-3.5276,1.9504,0.19,0.0928,401.95
4139,-4.8367,50,0,-3.5755,1.923,0.18,0.0851,402.03
4140,-5.1605,50,0,-3.579,1.9255,0.18,0.1016,402.13
4141,-2.88,50,0,-3.6073,1.8939,0.17,0.1094,402.24
4142,-5.5578,50,0,-3.596,1.8788,0.17,0.0986,402.34
4143,-4.1734,50,0,-3.6119,1.8769,0.17,0.1034,402.45
4144,-0.0491,1,1,-3.5752,1.91,0.18,0.0019,402.45
4145,-6.1199,50,0,-3.6017,1.9267,0.18,0.097,402.55
4146,-4.0347,50,0,-3.642,1.8929,0.17,0.0848,402.63
4147,-0.0194,1,1,-3.6002,1.926,0.18,0.0024,402.63
4148,-0.0316,1,1,-3.5621,1.9582,0.19,0.0026,402.63
4149,-3.3744,50,0,-3.5501,1.9557,0.19,0.0985,402.73
4150,-3.2763,50,0,-3.5421,1.9551,0.19,0.0912,402.82
4151,-4.0267,50,0,-3.5213,1.9387,0.19,0.1046,402.93
4152,-0.0417,1,1,-3.5213,1.9387,0.19,0.0027,402.93
4153,-2.8929,50,0,-3.5096,1.9389,0.19,0.0982,403.03
4154,-4.7922,50,0,-3.4897,1.9154,0.19,0.1029,403.13
4155,-5.6335,50,0,-3.5066,1.9268,0.19,0.1057,403.24
4156,-3.5009,50,0,-3.4996,1.9255,0.19,0.0863,403.33
4157,-3.8253,50,0,-3.5128,1.9232,0.19,0.0807,403.41
4158,-4.019,50,0,-3.5128,1.9231,0.19,0.0746,403.48
4159,-0.0425,1,1,-3.4652,1.9493,0.2,0.0025,403.48
4160,-4.7124,50,0,-3.47,1.9518,0.2,0.0955,403.58
4161,-3.8846,50,0,-3.4722,1.9521,0.2,0.1114,403.69
4162,-3.213,50,0,-3.504,1.9216,0.19,0.0986,403.79
4163,-3.2568,50,0,-3.4779,1.907,0.19,0.0972,403.89
4164,-5.7528,50,0,-3.494,1.9193,0.19,0.0982,403.98
4165,-3.2146,50,0,-3.4831,1.9178,0.19,0.1008,404.08
4166,-4.2147,50,0,-3.4752,1.9131,0.19,0.0875,404.17
4167,-3.8942,50,0,-3.4881,1.9116,0.19,0.0871,404.26
4168,-4.9226,50,0,-3.5091,1.9157,0.19,0.0913,404.35
4169,-4.5991,50,0,-3.5548,1.8863,0.18,0.0996,404.45
4170,-3.5457,50,0,-3.5898,1.8531,0.17,0.1197,404.57
4171,-5.7633,50,0,-3.594,1.8576,0.17,0.0948,404.66
4172,-0.0405,1,1,-3.5579,1.8909,0.18,0.0021,404.67
4173,-0.0346,1,1,-3.5579,1.8909,0.18,0.0017,404.67
4174,-3.1361,50,0,-3.5601,1.8903,0.18,0.0976,404.77
4175,-5.1033,50,0,-3.5805,1.8958,0.18,0.0945,404.86
4176,-4.0798,50,0,-3.5653,1.8856,0.18,0.0961,404.96
4177,-3.7116,50,0,-3.5633,1.8853,0.18,0.1049,405.06
4178,-0.0276,1,1,-3.5098,1.9089,0.19,0.003,405.06
4179,-4.9214,50,0,-3.501,1.9003,0.19,0.0942,405.16
4180,-3.5672,50,0,-3.4833,1.8914,0.19,1.0059,406.16
4181,-0.037,1,1,-3.451,1.9221,0.2,0.0027,406.17
4182,-0.0165,1,1,-3.4028,1.947,0.21,0.0024,406.17
4183,-4.5961,50,0,-3.4484,1.9209,0.2,0.1002,406.27
4184,-0.0229,1,1,-3.4063,1.9492,0.21,0.0019,406.27
4185,-0.0257,1,1,-3.3523,1.9673,0.22,0.0021,406.27
4186,-4.273,50,0,-3.3498,1.9659,0.22,0.1071,406.38
4187,-2.6604,50,0,-3.344,1.9671,0.22,0.0947,406.48
4188,-2.9382,50,0,-3.3733,1.9388,0.21,0.0787,406.55
4189,-3.3929,50,0,-3.3618,1.9353,0.21,0.0886,406.64
4190,-5.1197,50,0,-3.3569,1.9302,0.21,0.1009,406.74
4191,-4.5081,50,0,-3.3528,1.9273,0.21,0.0968,406.84
4192,-2.7264,50,0,-3.304,1.8802,0.21,0.095,406.94
4193,-4.8579,50,0,-3.3053,1.8812,0.21,0.0829,407.02
4194,-3.4163,50,0,-3.2909,1.8748,0.21,0.1108,407.13
4195,-2.7143,50,0,-3.2672,1.867,0.21,0.0901,407.22
4196,-4.7234,50,0,-3.2842,1.8724,0.21,0.0995,407.32
4197,-2.7071,50,0,-3.2644,1.8679,0.21,0.1052,407.42
4198,-4.6683,50,0,-3.2758,1.873,0.21,0.0964,407.52
4199,-2.8039,50,0,-3.2732,1.8734,0.21,0.096,407.62
4200,-0.0335,1,1,-3.2188,1.8876,0.22,0.0024,407.62
4201,-4.7562,50,0,-3.2315,1.8937,0.22,0.1103,407.73
4202,-4.5296,50,0,-3.2764,1.8705,0.21,0.1087,407.84
4203,-4.2579,50,0,-3.281,1.8723,0.21,0.0786,407.92
4204,-3.9376,50,0,-3.2764,1.8701,0.21,0.1047,408.02
4205,-4.2502,50,0,-3.2876,1.8725,0.21,0.0983,408.12
4206,-2.9996,50,0,-3.2808,1.8723,0.21,0.0983,408.22
4207,-5.3335,50,0,-3.2981,1.8832,0.21,0.0858,408.3
4208,-3.8667,50,0,-3.2962,1.8825,0.21,0.0812,408.38
4209,-4.4776,50,0,-3.3074,1.8862,0.21,0.088,408.47
4210,-3.1442,50,0,-3.2938,1.8824,0.21,0.0917,408.56
4211,-2.8212,50,0,-3.295,1.882,0.21,0.1133,408.68
4212,-4.0719,50,0,-3.2899,1.8792,0.21,0.116,408.79
4213,-5.682,50,0,-3.306,1.8927,0.21,0.1136,408.91
4214,-0.014,1,1,-3.3059,1.8929,0.21,0.0031,408.91
4215,-2.8054,50,0,-3.2789,1.8806,0.21,0.1054,409.02
4216,-5.3748,50,0,-3.297,1.8919,0.21,0.0989,409.11
4217,-3.1632,50,0,-3.2787,1.8843,0.21,0.0921,409.21
4218,-4.749,50,0,-3.3261,1.8609,0.2,0.1061,409.31
4219,-0.0468,1,1,-3.2972,1.889,0.21,0.0026,409.32
4220,-5.0386,50,0,-3.298,1.8896,0.21,0.1059,409.42
4221,-4.8571,50,0,-3.3017,1.8923,0.21,0.0858,409.51
4222,-3.6201,50,0,-3.2874,1.8845,0.21,0.0885,409.6
4223,-4.7504,50,0,-3.2837,1.8812,0.21,0.0955,409.69
4224,-4.5213,50,0,-3.2809,1.8792,0.21,0.0969,409.79
4225,-3.7431,50,0,-3.2586,1.8601,0.21,0.0892,409.88
4226,-5.1598,50,0,-3.2577,1.8593,0.21,0.1036,409.98
4227,-2.7662,50,0,-3.2482,1.8593,0.21,0.0693,410.05
4228,-5.0017,50,0,-3.2696,1.867,0.21,1.8015,411.85
4229,-3.8233,50,0,-3.3075,1.8391,0.2,0.0894,411.94
4230,-4.0833,50,0,-3.3219,1.8395,0.2,0.0819,412.02
4231,-0.0425,1,1,-3.322,1.8393,0.2,0.0027,412.03
4232,-0.0418,1,1,-3.2606,1.8453,0.21,0.0026,412.03
4233,-3.161,50,0,-3.2619,1.8452,0.21,0.1013,412.13
4234,-0.0108,1,1,-3.2616,1.8457,0.21,0.002,412.13
4235,-2.6094,50,0,-3.2873,1.8183,0.2,0.0937,412.23
4236,-4.2135,50,0,-3.329,1.7911,0.19,0.0769,412.3
4237,-2.9093,50,0,-3.3577,1.7608,0.18,0.0866,412.39
4238,-3.1115,50,0,-3.3387,1.7531,0.18,0.0881,412.48
4239,-4.2328,50,0,-3.3327,1.7489,0.18,0.0994,412.58
4240,-2.5429,50,0,-3.3065,1.7409,0.18,0.0906,412.67
4241,-4.539,50,0,-3.3231,1.7447,0.18,0.0845,412.75
4242,-6.2186,50,0,-3.3297,1.7544,0.18,0.0928,412.84
4243,-4.0542,50,0,-3.3285,1.7538,0.18,0.0959,412.94
4244,-4.5983,50,0,-3.374,1.727,0.17,0.1108,413.05
4245,-4.4215,50,0,-3.357,1.7081,0.17,0.0954,413.15
4246,-5.2839,50,0,-3.3695,1.7176,0.17,0.1107,413.26
4247,-2.6589,50,0,-3.3959,1.6859,0.16,0.1131,413.37
4248,-4.4161,50,0,-3.4398,1.6545,0.15,0.1038,413.47
4249,-5.4361,50,0,-3.4604,1.6664,0.15,0.1124,413.59
4250,-0.0366,1,1,-3.428,1.7008,0.16,0.0019,413.59
4251,-5.5282,50,0,-3.443,1.7126,0.16,0.0928,413.68
4252,-5.5451,50,0,-3.498,1.6907,0.15,0.0957,413.78
4253,-3.3428,50,0,-3.5025,1.6897,0.15,0.1059,413.88
4254,-3.3117,50,0,-3.4877,1.6848,0.15,0.1206,414.0
4255,-0.0462,1,1,-3.4318,1.7052,0.16,0.0033,414.01
4256,-5.4042,50,0,-3.4509,1.7165,0.16,0.1215,414.13
4257,-3.7942,50,0,-3.4506,1.7164,0.16,0.1163,414.24
4258,-3.0207,50,0,-3.4406,1.716,0.16,0.0944,414.34
4259,-4.4878,50,0,-3.485,1.6847,0.15,0.1098,414.45
4260,-4.8554,50,0,-3.4865,1.6858,0.15,0.0837,414.53
4261,-4.6388,50,0,-3.494,1.6892,0.15,0.0914,414.62
4262,-0.0199,1,1,-3.4621,1.7241,0.16,0.0028,414.63
4263,-3.4993,50,0,-3.4645,1.7239,0.16,0.106,414.73
4264,-2.7717,50,0,-3.4347,1.7098,0.16,0.1098,414.84
4265,-4.975,50,0,-3.4523,1.7165,0.16,0.1135,414.96
4266,-3.9689,50,0,-3.4498,1.7156,0.16,0.0952,415.05
4267,-0.0298,1,1,-3.4112,1.7484,0.17,0.0027,415.05
4268,-4.2617,50,0,-3.4046,1.7439,0.17,0.0892,415.14
4269,-3.1509,50,0,-3.3901,1.7399,0.17,0.0854,415.23
4270,-6.1495,50,0,-3.4161,1.7614,0.17,0.0974,415.33
4271,-2.7157,50,0,-3.3857,1.7468,0.17,0.0816,415.41
4272,-3.7551,50,0,-3.4228,1.7145,0.16,0.0831,415.49
4273,-5.697,50,0,-3.4794,1.6951,0.15,0.0961,415.59
4274,-3.0926,50,0,-3.479,1.6952,0.15,0.105,415.69
4275,-4.5766,50,0,-3.4737,1.6909,0.15,0.1069,415.8
4276,-5.0254,50,0,-3.4832,1.6969,0.15,1.0408,416.84
4277,-4.3884,50,0,-3.49,1.6992,0.15,0.0925,416.93
4278,-4.5068,50,0,-3.5347,1.666,0.14,0.1013,417.03
4279,-4.3728,50,0,-3.5293,1.6623,0.14,0.127,417.16
4280,-0.0423,1,1,-3.494,1.6981,0.15,0.003,417.16
4281,-0.0222,1,1,-3.4939,1.6984,0.15,0.0029,417.17
4282,-4.2378,50,0,-3.5361,1.6636,0.14,0.111,417.28
4283,-3.0571,50,0,-3.5207,1.6608,0.14,0.084,417.36
4284,-0.0483,1,1,-3.5209,1.6603,0.14,0.0024,417.36
4285,-4.3575,50,0,-3.5643,1.6247,0.13,0.094,417.46
4286,-4.8013,50,0,-3.5695,1.6278,0.13,0.0893,417.55
4287,-2.933,50,0,-3.5723,1.6265,0.13,0.0901,417.64
4288,-4.5974,50,0,-3.5889,1.6284,0.13,0.1,417.74
4289,-3.9916,50,0,-3.5948,1.6288,0.13,0.1001,417.84
4290,-3.9209,50,0,-3.5829,1.6219,0.13,0.0826,417.92
4291,-5.5426,50,0,-3.5932,1.6311,0.13,0.0977,418.02
4292,-3.0738,50,0,-3.5967,1.6296,0.13,0.0927,418.11
4293,-4.3857,50,0,-3.592,1.6266,0.13,0.1017,418.21
4294,-4.3758,50,0,-3.6015,1.6284,0.13,0.1014,418.31
4295,-4.0904,50,0,-3.6153,1.6266,0.13,0.1048,418.42
4296,-3.9175,50,0,-3.6072,1.6231,0.13,0.1115,418.53
4297,-3.9559,50,0,-3.6197,1.6209,0.13,0.0921,418.62
4298,-3.9564,50,0,-3.6126,1.6179,0.13,0.0985,418.72
4299,-0.0308,1,1,-3.5849,1.6549,0.14,0.0024,418.72
4300,-3.0251,50,0,-3.6148,1.617,0.13,0.0898,418.81
4301,-3.4205,50,0,-3.6014,1.613,0.13,0.1007,418.91
4302,-5.7501,50,0,-3.6137,1.6246,0.13,0.1033,419.02
4303,-3.3315,50,0,-3.6044,1.6235,0.13,0.0911,419.11
4304,-4.7767,50,0,-3.6128,1.6274,0.13,0.12,419.23
4305,-4.7609,50,0,-3.6179,1.6302,0.13,0.1029,419.33
4306,-4.3413,50,0,-3.6313,1.6305,0.13,0.1038,419.43
4307,-2.5454,50,0,-3.6034,1.625,0.13,0.11,419.54
4308,-5.3205,50,0,-3.618,1.6338,0.13,0.1078,419.65
4309,-6.0296,50,0,-3.6335,1.6492,0.13,0.0935,419.75
4310,-6.0998,50,0,-3.663,1.6665,0.13,0.0857,419.83
4311,-0.0179,1,1,-3.635,1.7036,0.14,0.0028,419.83
4312,-5.4863,50,0,-3.6491,1.7131,0.14,0.0963,419.93
4313,-0.05,1,1,-3.5928,1.7377,0.15,0.0035,419.93
4314,-0.0466,1,1,-3.5931,1.737,0.15,0.0028,419.94
4315,-3.4615,50,0,-3.5997,1.7353,0.15,0.0957,420.03
4316,-0.0469,1,1,-3.5464,1.7616,0.16,0.0021,420.03
4317,-4.177,50,0,-3.5566,1.7622,0.16,0.0783,420.11
4318,-4.5294,50,0,-3.5544,1.7609,0.16,0.1015,420.21
4319,-4.6153,50,0,-3.6001,1.7283,0.15,0.0934,420.31
4320,-4.7694,50,0,-3.5974,1.7262,0.15,0.1199,420.43
4321,-3.6822,50,0,-3.5856,1.7216,0.15,0.1065,420.53
4322,-2.6813,50,0,-3.5762,1.7239,0.15,0.0942,420.63
4323,-3.0995,50,0,-3.5597,1.7205,0.15,0.0997,420.73
4324,-4.5716,50,0,-3.5602,1.7208,0.15,0.0884,420.82
4325,-4.7614,50,0,-3.5704,1.7249,0.15,0.9957,421.81
4326,-4.6272,50,0,-3.5651,1.7208,0.15,0.1092,421.92
4327,-4.6511,50,0,-3.5839,1.7222,0.15,0.1208,422.04
4328,-4.9016,50,0,-3.5829,1.7214,0.15,0.1077,422.15
4329,-0.0439,1,1,-3.5451,1.7569,0.16,0.0028,422.15
4330,-4.8293,50,0,-3.5526,1.7607,0.16,0.0851,422.24
4331,-0.0161,1,1,-3.5523,1.7612,0.16,0.0028,422.24
4332,-4.33,50,0,-3.5952,1.7271,0.15,0.0828,422.32
4333,-4.1383,50,0,-3.605,1.7274,0.15,0.1021,422.43
4334,-0.0245,1,1,-3.6051,1.7271,0.15,0.0038,422.43
4335,-2.8723,50,0,-3.6077,1.7258,0.15,0.0959,422.52
4336,-0.023,1,1,-3.5658,1.7611,0.16,0.0021,422.53
4337,-2.766,50,0,-3.5644,1.7617,0.16,0.0825,422.61
4338,-4.9805,50,0,-3.5831,1.7667,0.16,0.0946,422.7
4339,-4.1982,50,0,-3.5828,1.7666,0.16,0.1025,422.81
4340,-0.0245,1,1,-3.5576,1.7989,0.17,0.0022,422.81
4341,-3.952,50,0,-3.5517,1.7966,0.17,0.0727,422.88
4342,-5.5122,50,0,-3.5446,1.7875,0.17,0.0747,422.96
4343,-0.0271,1,1,-3.5044,1.8206,0.18,0.002,422.96
4344,-5.1595,50,0,-3.51,1.8248,0.18,0.0952,423.05
4345,-5.3222,50,0,-3.519,1.8315,0.18,0.091,423.14
4346,-4.7387,50,0,-3.5135,1.8271,0.18,0.0897,423.23
4347,-6.3459,50,0,-3.5504,1.8465,0.18,0.1074,423.34
4348,-3.9346,50,0,-3.5456,1.8449,0.18,0.0967,423.44
4349,-5.3925,50,0,-3.5452,1.8445,0.18,0.0999,423.54
4350,-4.905,50,0,-3.5938,1.8152,0.17,0.0738,423.61
4351,-4.8163,50,0,-3.5867,1.809,0.17,0.0915,423.7
4352,-0.0495,1,1,-3.5318,1.832,0.18,0.002,423.71
4353,-4.7897,50,0,-3.5462,1.8362,0.18,0.0897,423.79
4354,-0.0404,1,1,-3.5135,1.8689,0.19,0.0023,423.8
4355,-4.7019,50,0,-3.5601,1.8397,0.18,0.0954,423.89
4356,-5.7173,50,0,-3.5632,1.8431,0.18,0.0779,423.97
4357,-4.5883,50,0,-3.5712,1.8458,0.18,0.1362,424.11
4358,-3.5804,50,0,-3.5767,1.845,0.18,0.1188,424.23
4359,-6.0696,50,0,-3.5926,1.8594,0.18,0.0889,424.31
4360,-3.5942,50,0,-3.58,1.8551,0.18,0.09,424.4
4361,-0.0191,1,1,-3.5338,1.8854,0.19,0.0023,424.41
4362,-0.0252,1,1,-3.5338,1.8853,0.19,0.0024,424.41
4363,-3.9607,50,0,-3.5384,1.8858,0.19,0.094,424.5
4364,-3.6034,50,0,-3.5467,1.8842,0.19,0.1127,424.62
4365,-2.6111,50,0,-3.5231,1.881,0.19,0.0931,424.71
4366,-4.4367,50,0,-3.5278,1.8827,0.19,0.1141,424.82
4367,-3.0569,50,0,-3.5581,1.8503,0.18,0.0948,424.92
4368,-3.4403,50,0,-3.5498,1.8489,0.18,0.091,425.01
4369,-2.806,50,0,-3.5464,1.85,0.18,0.0915,425.1
4370,-3.3977,50,0,-3.5189,1.8314,0.18,0.1222,425.22
4371,-4.1123,50,0,-3.5328,1.8306,0.18,0.122,425.34
4372,-5.8826,50,0,-3.5541,1.8454,0.18,0.1199,425.46
4373,-4.4945,50,0,-3.5421,1.8352,0.18,0.1094,425.57
4374,-3.4077,50,0,-3.5452,1.8347,0.18,0.095,425.67
4375,-4.465,50,0,-3.5441,1.8341,0.18,0.1036,425.77
4376,-3.2446,50,0,-3.5263,1.8283,0.18,1.0124,426.79
4377,-3.8089,50,0,-3.5205,1.8265,0.18,0.0925,426.88
4378,-3.3671,50,0,-3.5091,1.8239,0.18,0.107,426.98
4379,-5.765,50,0,-3.523,1.8357,0.18,0.0834,427.07
4380,-3.5456,50,0,-3.5581,1.802,0.17,0.0876,427.16
4381,-5.3254,50,0,-3.6111,1.775,0.16,0.0979,427.25
4382,-2.6797,50,0,-3.5955,1.7763,0.16,0.1002,427.35
4383,-5.8045,50,0,-3.623,1.789,0.16,0.102,427.46
4384,-3.4605,50,0,-3.6571,1.7526,0.15,0.096,427.55
4385,-0.0378,1,1,-3.6139,1.7877,0.16,0.0023,427.55
4386,-3.2607,50,0,-3.5985,1.784,0.16,0.087,427.64
4387,-6.0538,50,0,-3.6297,1.7994,0.16,0.1014,427.74
4388,-4.4031,50,0,-3.6278,1.7984,0.16,0.0715,427.81
4389,-2.5049,50,0,-3.6129,1.8015,0.16,0.0867,427.9
4390,-0.0399,1,1,-3.5741,1.8359,0.17,0.0032,427.9
4391,-5.964,50,0,-3.5783,1.8409,0.17,0.0968,428.0
4392,-3.7229,50,0,-3.5848,1.8403,0.17,0.0959,428.1
4393,-0.0293,1,1,-3.5413,1.8721,0.18,0.003,428.1
4394,-4.6031,50,0,-3.5435,1.8732,0.18,0.0899,428.19
4395,-4.6163,50,0,-3.5488,1.8755,0.18,0.0911,428.28
4396,-3.9024,50,0,-3.5486,1.8755,0.18,0.0829,428.36
4397,-4.9356,50,0,-3.5584,1.8801,0.18,0.0923,428.46
4398,-5.7391,50,0,-3.5763,1.8922,0.18,0.087,428.54
4399,-0.025,1,1,-3.5762,1.8923,0.18,0.0017,428.54
4400,-5.9348,50,0,-3.6053,1.9059,0.18,0.0889,428.63
4401,-5.9777,50,0,-3.6309,1.9204,0.18,0.1029,428.74
4402,-2.5597,50,0,-3.599,1.9114,0.18,0.0824,428.82
4403,-4.0658,50,0,-3.6063,1.9118,0.18,0.0977,428.92
4404,-4.6312,50,0,-3.6049,1.9109,0.18,0.0903,429.01
4405,-0.0221,1,1,-3.5575,1.9402,0.19,0.002,429.01
4406,-5.3674,50,0,-3.5677,1.947,0.19,0.0901,429.1
4407,-0.0226,1,1,-3.5425,1.9762,0.2,0.0036,429.1
4408,-0.0457,1,1,-3.4897,1.9984,0.21,0.0019,429.1
4409,-0.0334,1,1,-3.4298,2.0112,0.22,0.0018,429.11
4410,-3.2388,50,0,-3.4012,1.9932,0.22,0.0838,429.19
4411,-0.0134,1,1,-3.4011,1.9933,0.22,0.003,429.19
4412,-2.9211,50,0,-3.3755,1.9828,0.22,0.1005,429.29
4413,-4.2471,50,0,-3.4175,1.9562,0.21,0.1002,429.39
4414,-5.3339,50,0,-3.4703,1.9357,0.2,0.0797,429.47
4415,-5.9943,50,0,-3.4957,1.952,0.2,0.1046,429.58
4416,-6.2604,50,0,-3.5578,1.94,0.19,0.0963,429.67
4417,-5.2456,50,0,-3.5685,1.9464,0.19,0.0816,429.76
4418,-4.9568,50,0,-3.5727,1.9489,0.19,0.1011,429.86
4419,-5.2524,50,0,-3.5791,1.9534,0.19,0.0985,429.95
4420,-4.9422,50,0,-3.5808,1.9545,0.19,0.0983,430.05
4421,-3.624,50,0,-3.5803,1.9545,0.19,0.0908,430.14
4422,-3.4195,50,0,-3.5876,1.9524,0.19,0.1083,430.25
4423,-0.0297,1,1,-3.5569,1.9838,0.2,0.0038,430.26
4424,-3.4495,50,0,-3.5457,1.9812,0.2,0.1105,430.37
4425,-4.8167,50,0,-3.5463,1.9815,0.2,0.0981,430.46
4426,-4.4894,50,0,-3.5449,1.9808,0.2,1.016,431.48
4427,-0.0401,1,1,-3.4988,2.008,0.21,0.0035,431.48
4428,-7.0259,50,0,-3.52,2.0338,0.21,0.082,431.57
4429,-4.9735,50,0,-3.5693,2.0085,0.2,0.0907,431.66
4430,-4.722,50,0,-3.5683,2.0079,0.2,0.1154,431.77
4431,-2.6837,50,0,-3.5949,1.978,0.19,0.1034,431.88
4432,-5.768,50,0,-3.6093,1.9885,0.19,0.0942,431.97
4433,-2.7971,50,0,-3.5959,1.9894,0.19,0.0821,432.05
4434,-0.0444,1,1,-3.5961,1.9891,0.19,0.0018,432.05
4435,-6.0823,50,0,-3.6282,2.003,0.19,0.0836,432.14
4436,-5.3189,50,0,-3.6812,1.9768,0.18,0.0939,432.23
4437,-3.9349,50,0,-3.6929,1.9748,0.18,0.1005,432.33
4438,-5.1936,50,0,-3.695,1.9763,0.18,0.1018,432.43
4439,-3.8357,50,0,-3.6914,1.9757,0.18,0.0947,432.53
4440,-3.096,50,0,-3.7221,1.9421,0.17,0.0698,432.6
4441,-5.6594,50,0,-3.7391,1.9515,0.17,0.1,432.7
4442,-5.0949,50,0,-3.735,1.9481,0.17,0.1104,432.81
4443,-4.7603,50,0,-3.7823,1.9147,0.16,0.0996,432.91
4444,-0.048,1,1,-3.7312,1.9452,0.17,0.003,432.91
4445,-0.0373,1,1,-3.6783,1.9729,0.18,0.0029,432.91
4446,-4.0505,50,0,-3.6715,1.9704,0.18,0.0923,433.01
4447,-5.0095,50,0,-3.6581,1.9567,0.18,0.0902,433.1
4448,-5.9573,50,0,-3.6783,1.9698,0.18,0.0938,433.19
4449,-4.8842,50,0,-3.6732,1.966,0.18,0.1083,433.3
4450,-3.057,50,0,-3.6548,1.9631,0.18,0.0944,433.39
4451,-4.5647,50,0,-3.6522,1.9617,0.18,0.0883,433.48
4452,-3.854,50,0,-3.6903,1.9281,0.17,0.0861,433.57
4453,-5.0502,50,0,-3.6929,1.9298,0.17,0.0891,433.66
4454,-5.2542,50,0,-3.745,1.9006,0.16,0.09,433.75
4455,-5.1074,50,0,-3.7491,1.9031,0.16,0.0898,433.84
4456,-2.7632,50,0,-3.7195,1.8952,0.16,0.0992,433.94
4457,-0.044,1,1,-3.6741,1.928,0.17,0.0025,433.94
4458,-4.64,50,0,-3.6847,1.9304,0.17,0.0969,434.03
4459,-5.9665,50,0,-3.6837,1.9291,0.17,0.1005,434.14
4460,-3.8068,50,0,-3.6858,1.9291,0.17,0.0942,434.23
4461,-0.0491,1,1,-3.6861,1.9286,0.17,0.002,434.23
4462,-5.0163,50,0,-3.736,1.8975,0.16,0.0698,434.3
4463,-4.2886,50,0,-3.7393,1.8982,0.16,0.0756,434.38
4464,-5.7516,50,0,-3.7608,1.9087,0.16,0.0879,434.46
4465,-4.7966,50,0,-3.7826,1.9079,0.16,0.0795,434.54
4466,-5.5067,50,0,-3.7933,1.9145,0.16,0.095,434.64
4467,-3.0839,50,0,-3.7936,1.9144,0.16,0.0845,434.72
4468,-0.0286,1,1,-3.7595,1.9505,0.17,0.0023,434.73
4469,-4.2491,50,0,-3.7739,1.9487,0.17,0.1016,434.83
4470,-3.9842,50,0,-3.7798,1.9484,0.17,0.9371,435.77
4471,-4.0306,50,0,-3.7789,1.9483,0.17,0.0965,435.86
4472,-3.4899,50,0,-3.755,1.937,0.17,0.0866,435.95
4473,-3.9481,50,0,-3.7496,1.9357,0.17,0.0853,436.03
4474,-0.024,1,1,-3.7157,1.9706,0.18,0.0019,436.04
4475,-4.9117,50,0,-3.7202,1.9728,0.18,1.0465,437.08
4476,-4.9875,50,0,-3.7376,1.9762,0.18,0.0831,437.16
4477,-5.6904,50,0,-3.7564,1.9857,0.18,0.0945,437.26
4478,-0.033,1,1,-3.7231,2.0197,0.19,0.0025,437.26
4479,-3.2883,50,0,-3.6983,2.0097,0.19,0.0865,437.35
4480,-2.6365,50,0,-3.6892,2.0124,0.19,0.0876,437.44
4481,-4.8342,50,0,-3.6843,2.009,0.19,0.101,437.54
4482,-3.4836,50,0,-3.6924,2.0066,0.19,0.0959,437.63
4483,-5.8343,50,0,-3.6927,2.0069,0.19,0.0851,437.72
4484,-4.4619,50,0,-3.7027,2.0082,0.19,0.0823,437.8
4485,-0.0269,1,1,-3.7026,2.0084,0.19,0.002,437.8
4486,-3.7193,50,0,-3.7072,2.0079,0.19,0.108,437.91
4487,-0.0171,1,1,-3.6468,2.0271,0.2,0.0028,437.91
4488,-0.0127,1,1,-3.6029,2.0576,0.21,0.0022,437.92
4489,-4.5902,50,0,-3.6237,2.0569,0.21,0.0819,438.0
4490,-4.2532,50,0,-3.6659,2.026,0.2,0.0756,438.07
4491,-2.7409,50,0,-3.6336,2.0148,0.2,0.099,438.17
4492,-3.7725,50,0,-3.6341,2.0148,0.2,0.1028,438.27
4493,-0.0308,1,1,-3.6341,2.0148,0.2,0.002,438.28
4494,-4.7406,50,0,-3.6355,2.0155,0.2,0.0786,438.36
4495,-4.2369,50,0,-3.6317,2.014,0.2,0.1037,438.46
4496,-4.03,50,0,-3.633,2.0142,0.2,0.0861,438.55
4497,-4.924,50,0,-3.6329,2.0141,0.2,0.1081,438.65
4498,-4.2631,50,0,-3.6181,2.004,0.2,0.0949,438.75
4499,-0.0275,1,1,-3.6182,2.004,0.2,0.0021,438.75
4500,-4.1158,50,0,-3.6,1.9911,0.2,0.0865,438.84
4501,-3.8135,50,0,-3.5783,1.9768,0.2,0.1225,438.96
4502,-4.5891,50,0,-3.5986,1.9767,0.2,0.0933,439.05
4503,-4.6195,50,0,-3.6042,1.9787,0.2,0.0949,439.15
4504,-3.4485,50,0,-3.5923,1.9761,0.2,0.0853,439.23
4505,-2.5085,50,0,-3.6172,1.9464,0.19,0.081,439.31
4506,-3.8519,50,0,-3.602,1.9386,0.19,0.106,439.42
4507,-0.0224,1,1,-3.602,1.9386,0.19,0.0019,439.42
4508,-3.3805,50,0,-3.6354,1.9056,0.18,0.0873,439.51
4509,-4.6499,50,0,-3.6815,1.8734,0.17,0.0921,439.6
4510,-4.0805,50,0,-3.69,1.8733,0.17,0.0993,439.7
4511,-5.1259,50,0,-3.7411,1.8417,0.16,0.0977,439.8
4512,-4.1587,50,0,-3.7535,1.8404,0.16,0.0774,439.88
4513,-4.7281,50,0,-3.7583,1.8423,0.16,0.0889,439.96
4514,-5.6062,50,0,-3.761,1.8448,0.16,0.0947,440.06
4515,-4.0874,50,0,-3.7419,1.8314,0.16,0.084,440.14
4516,-5.7157,50,0,-3.7365,1.8247,0.16,0.0803,440.22
4517,-2.8134,50,0,-3.7122,1.8206,0.16,0.0966,440.32
4518,-5.2499,50,0,-3.7151,1.8229,0.16,0.0821,440.4
4519,-5.7296,50,0,-3.7199,1.8275,0.16,0.081,440.48
4520,-6.0599,50,0,-3.731,1.8383,0.16,0.1046,440.59
4521,-6.437,50,0,-3.7592,1.8579,0.16,0.0993,440.69
4522,-0.0418,1,1,-3.7254,1.8941,0.17,0.0019,440.69
4523,-3.6506,50,0,-3.7616,1.8574,0.16,0.1011,440.79
4524,-4.0762,50,0,-3.7679,1.8574,0.16,0.967,441.76
4525,-4.934,50,0,-3.769,1.8581,0.16,0.0948,441.85
4526,-3.4097,50,0,-3.7582,1.857,0.16,0.086,441.94
4527,-4.1957,50,0,-3.7998,1.8194,0.15,0.0997,442.04
4528,-2.7514,50,0,-3.7571,1.7932,0.15,0.0877,442.12
4529,-4.6633,50,0,-3.754,1.7913,0.15,0.1023,442.23
4530,-3.2483,50,0,-3.7392,1.7894,0.15,0.0902,442.32
4531,-4.8417,50,0,-3.7608,1.7895,0.15,0.0845,442.4
4532,-4.7783,50,0,-3.7509,1.7811,0.15,0.0771,442.48
4533,-3.6864,50,0,-3.7598,1.7785,0.15,0.0934,442.57
4534,-0.0339,1,1,-3.7597,1.7788,0.15,0.0019,442.57
4535,-2.8789,50,0,-3.7277,1.7654,0.15,0.0972,442.67
4536,-5.1262,50,0,-3.7257,1.7638,0.15,0.0924,442.76
4537,-0.0454,1,1,-3.6868,1.8013,0.16,0.0022,442.77
4538,-0.023,1,1,-3.6351,1.8312,0.17,0.0019,442.77
4539,-5.2447,50,0,-3.6492,1.8381,0.17,0.1184,442.89
4540,-6.9637,50,0,-3.6879,1.8665,0.17,0.1205,443.01
4541,-0.0246,1,1,-3.6315,1.8911,0.18,0.002,443.01
4542,-6.692,50,0,-3.6475,1.91,0.18,0.0822,443.09
4543,-2.9093,50,0,-3.629,1.9081,0.18,0.0918,443.18
4544,-3.3846,50,0,-3.6624,1.8741,0.17,0.0964,443.28
4545,-5.9711,50,0,-3.7217,1.8522,0.16,0.088,443.37
4546,-5.6978,50,0,-3.7382,1.8623,0.16,0.0866,443.45
4547,-5.0467,50,0,-3.7386,1.8626,0.16,0.0863,443.54
4548,-2.5677,50,0,-3.7047,1.8527,0.16,0.0954,443.64
4549,-3.9965,50,0,-3.6958,1.8491,0.16,0.0803,443.72
4550,-4.7941,50,0,-3.7132,1.8512,0.16,0.1086,443.82
4551,-3.7828,50,0,-3.7053,1.8493,0.16,0.0951,443.92
4552,-0.0409,1,1,-3.6672,1.8848,0.17,0.0019,443.92
4553,-4.5416,50,0,-3.6621,1.8817,0.17,0.092,444.01
4554,-3.943,50,0,-3.649,1.8751,0.17,0.0827,444.1
4555,-4.4066,50,0,-3.642,1.871,0.17,0.0936,444.19
4556,-0.0422,1,1,-3.6148,1.9031,0.18,0.0021,444.19
4557,-0.0491,1,1,-3.6148,1.903,0.18,0.0017,444.19
4558,-5.1583,50,0,-3.62,1.9065,0.18,0.0932,444.29
4559,-4.9806,50,0,-3.6102,1.8968,0.18,0.1172,444.4
4560,-0.0346,1,1,-3.5724,1.9298,0.19,0.0029,444.41
4561,-4.7672,50,0,-3.6196,1.9005,0.18,0.1232,444.53
4562,-2.8255,50,0,-3.5977,1.8969,0.18,0.0944,444.62
4563,-0.0354,1,1,-3.5552,1.9283,0.19,0.0027,444.63
4564,-5.2918,50,0,-3.5506,1.9236,0.19,0.0891,444.72
4565,-4.8002,50,0,-3.5506,1.9237,0.19,0.1125,444.83
4566,-3.7942,50,0,-3.5335,1.9138,0.19,0.0981,444.93
4567,-5.0819,50,0,-3.5535,1.9194,0.19,0.0953,445.02
4568,-4.4899,50,0,-3.5981,1.8886,0.18,0.0781,445.1
4569,-4.6533,50,0,-3.6021,1.8904,0.18,0.0964,445.2
4570,-4.4499,50,0,-3.6068,1.8919,0.18,0.0982,445.29
4571,-3.1509,50,0,-3.598,1.8919,0.18,0.092,445.39
4572,-0.0375,1,1,-3.5635,1.9248,0.19,0.0018,445.39
4573,-2.8486,50,0,-3.5525,1.9257,0.19,0.1135,445.5
4574,-4.1221,50,0,-3.5935,1.8935,0.18,0.1045,445.61
4575,-3.0714,50,0,-3.5751,1.8896,0.18,1.034,446.64
4576,-4.9413,50,0,-3.5746,1.8892,0.18,0.1028,446.74
4577,-6.29,50,0,-3.5806,1.8969,0.18,0.0905,446.83
4578,-0.0205,1,1,-3.5805,1.8971,0.18,0.0029,446.84
4579,-4.538,50,0,-3.593,1.8993,0.18,0.0924,446.93
4580,-4.6353,50,0,-3.6129,1.8996,0.18,0.0899,447.02
4581,-0.0215,1,1,-3.5648,1.9288,0.19,0.003,447.02
4582,-0.0439,1,1,-3.5304,1.9603,0.2,0.0027,447.02
4583,-3.6438,50,0,-3.5085,1.9467,0.2,0.1034,447.13
4584,-0.0286,1,1,-3.4642,1.9747,0.21,0.0018,447.13
4585,-5.6408,50,0,-3.5203,1.9559,0.2,0.1062,447.24
4586,-5.7174,50,0,-3.5403,1.968,0.2,0.0835,447.32
4587,-3.1753,50,0,-3.5719,1.9363,0.19,0.1028,447.42
4588,-0.0453,1,1,-3.5722,1.9357,0.19,0.002,447.42
4589,-0.0395,1,1,-3.5267,1.9645,0.2,0.0019,447.43
4590,-0.0409,1,1,-3.4846,1.9934,0.21,0.0025,447.43
4591,-4.6314,50,0,-3.5035,1.9953,0.21,0.1035,447.53
4592,-3.769,50,0,-3.5034,1.9953,0.21,0.0806,447.61
4593,-3.4906,50,0,-3.538,1.9645,0.2,0.0945,447.71
4594,-0.0275,1,1,-3.4909,1.9914,0.21,0.0018,447.71
4595,-5.3715,50,0,-3.5023,1.9989,0.21,0.0966,447.81
4596,-0.0424,1,1,-3.4624,2.0275,0.22,0.0025,447.81
4597,-3.7352,50,0,-3.4505,2.0224,0.22,0.085,447.89
4598,-4.3299,50,0,-3.4512,2.0227,0.22,0.1173,448.01
4599,-2.8582,50,0,-3.4795,1.9942,0.21,0.0886,448.1
4600,-3.4478,50,0,-3.4728,1.9931,0.21,0.089,448.19
4601,-3.276,50,0,-3.4674,1.9929,0.21,0.086,448.27
4602,-0.0218,1,1,-3.4217,2.0189,0.22,0.0027,448.28
4603,-5.0209,50,0,-3.4258,2.0217,0.22,0.0945,448.37
4604,-6.1769,50,0,-3.453,2.0401,0.22,0.1028,448.47
4605,-2.5684,50,0,-3.4536,2.0398,0.22,0.0922,448.57
4606,-4.6671,50,0,-3.4618,2.043,0.22,0.0932,448.66
4607,-3.8758,50,0,-3.5003,2.0139,0.21,0.1064,448.77
4608,-4.5476,50,0,-3.512,2.0166,0.21,0.0909,448.86
4609,-4.421,50,0,-3.5097,2.0154,0.21,0.097,448.95
4610,-0.0363,1,1,-3.4693,2.0439,0.22,0.0021,448.96
4611,-5.3073,50,0,-3.4711,2.0455,0.22,0.0957,449.05
4612,-4.1523,50,0,-3.471,2.0455,0.22,0.0863,449.14
4613,-3.3286,50,0,-3.457,2.0416,0.22,0.114,449.25
4614,-3.8685,50,0,-3.4396,2.0306,0.22,0.0919,449.34
4615,-0.0493,1,1,-3.3993,2.0573,0.23,0.0029,449.35
4616,-4.6216,50,0,-3.3883,2.0478,0.23,0.1127,449.46
4617,-4.5532,50,0,-3.4057,2.0503,0.23,0.0727,449.53
4618,-0.0463,1,1,-3.3537,2.0687,0.24,0.002,449.53
4619,-3.2199,50,0,-3.3286,2.055,0.24,0.0927,449.63
4620,-0.0367,1,1,-3.2684,2.0623,0.25,0.0034,449.63
4621,-3.3459,50,0,-3.2374,2.0376,0.25,0.1095,449.74
4622,-3.4778,50,0,-3.2718,2.0122,0.24,0.0944,449.83
4623,-3.4583,50,0,-3.2699,2.0119,0.24,0.1069,449.94
4624,-4.3381,50,0,-3.2725,2.0131,0.24,0.0963,450.04
4625,-5.5906,50,0,-3.2791,2.0196,0.24,0.0874,450.12
4626,-3.9662,50,0,-3.2846,2.0207,0.24,0.0946,450.22
4627,-3.3092,50,0,-3.2758,2.0187,0.24,0.0877,450.31
4628,-3.0538,50,0,-3.2788,2.0181,0.24,0.079,450.39
4629,-0.014,1,1,-3.2323,2.0391,0.25,0.0018,450.39
4630,-4.4516,50,0,-3.2443,2.0427,0.25,1.0167,451.4
4631,-5.7412,50,0,-3.2533,2.0517,0.25,0.1,451.5
4632,-3.3001,50,0,-3.2385,2.046,0.25,0.1313,451.64
4633,-0.0383,1,1,-3.2021,2.07,0.26,0.0032,451.64
4634,-0.0353,1,1,-3.2021,2.07,0.26,0.0028,451.64
4635,-0.0296,1,1,-3.1736,2.0937,0.27,0.0029,451.64
4636,-4.453,50,0,-3.1669,2.0885,0.27,0.0954,451.74
4637,-0.0284,1,1,-3.1667,2.0888,0.27,0.0061,451.75
4638,-6.1302,50,0,-3.2278,2.0853,0.26,0.0891,451.84
4639,-5.16,50,0,-3.2269,2.0845,0.26,0.0758,451.91
4640,-0.036,1,1,-3.1576,2.0742,0.27,0.0021,451.91
4641,-2.5563,50,0,-3.1829,2.0511,0.26,0.0752,451.99
4642,-5.2321,50,0,-3.1683,2.0312,0.26,0.0953,452.08
4643,-0.0406,1,1,-3.1397,2.0548,0.27,0.0019,452.09
4644,-3.5912,50,0,-3.1417,2.0551,0.27,0.0901,452.18
4645,-0.0171,1,1,-3.0822,2.0585,0.28,0.0022,452.18
4646,-3.6203,50,0,-3.0614,2.0425,0.28,0.0857,452.26
4647,-4.3762,50,0,-3.0547,2.037,0.28,0.1075,452.37
4648,-2.5951,50,0,-3.055,2.037,0.28,0.0921,452.46
4649,-5.293,50,0,-3.0679,2.047,0.28,0.0943,452.56
4650,-6.5427,50,0,-3.0854,2.069,0.28,0.0875,452.65
4651,-4.9749,50,0,-3.0973,2.0764,0.28,0.0964,452.74
4652,-5.7941,50,0,-3.1549,2.0706,0.27,0.0901,452.83
4653,-2.9416,50,0,-3.1389,2.066,0.27,0.1103,452.94
4654,-5.4993,50,0,-3.1544,2.0779,0.27,0.0983,453.04
4655,-3.7653,50,0,-3.148,2.075,0.27,0.0719,453.11
4656,-4.6489,50,0,-3.1941,2.0566,0.26,0.1241,453.24
4657,-4.064,50,0,-3.2342,2.0339,0.25,0.0903,453.33
4658,-5.1787,50,0,-3.2345,2.034,0.25,0.0946,453.42
4659,-4.5866,50,0,-3.2305,2.031,0.25,0.1169,453.54
4660,-6.4763,50,0,-3.2949,2.0308,0.24,0.104,453.64
4661,-2.5309,50,0,-3.2726,2.0268,0.24,0.0915,453.73
4662,-5.1803,50,0,-3.2961,2.0351,0.24,0.0901,453.82
4663,-6.6564,50,0,-3.3623,2.0357,0.23,0.0923,453.92
4664,-3.5847,50,0,-3.3453,2.0265,0.23,0.0957,454.01
4665,-0.0298,1,1,-3.2975,2.0478,0.24,0.0023,454.01
4666,-3.4066,50,0,-3.2937,2.0472,0.24,0.0979,454.11
4667,-2.5414,50,0,-3.2683,2.0406,0.24,0.0773,454.19
4668,-2.7559,50,0,-3.2509,2.0375,0.24,0.0965,454.29
4669,-5.6831,50,0,-3.2612,2.0471,0.24,0.092,454.38
4670,-6.6367,50,0,-3.2831,2.0713,0.24,0.1057,454.48
4671,-3.9764,50,0,-3.2913,2.0724,0.24,0.1146,454.6
4672,-5.4316,50,0,-3.3453,2.0571,0.23,0.0939,454.69
4673,-0.0483,1,1,-3.3173,2.0826,0.24,0.0023,454.69
4674,-3.7862,50,0,-3.3139,2.0816,0.24,0.1121,454.81
4675,-0.0487,1,1,-3.2837,2.1067,0.25,0.0027,454.81
4676,-0.0263,1,1,-3.2345,2.1247,0.26,0.0023,454.81
4677,-3.4273,50,0,-3.2059,2.1025,0.26,0.0926,454.9
4678,-3.2344,50,0,-3.2381,2.078,0.25,0.1017,455.01
4679,-0.0408,1,1,-3.1931,2.0979,0.26,0.0019,455.01
4680,-3.9663,50,0,-3.1864,2.0944,0.26,0.0851,455.09
4681,-3.3213,50,0,-3.2194,2.0701,0.25,0.1024,455.2
4682,-4.8048,50,0,-3.267,2.0512,0.24,0.0979,455.29
4683,-6.5867,50,0,-3.2964,2.0773,0.24,0.9717,456.26
4684,-4.935,50,0,-3.3455,2.0574,0.23,0.1071,456.37
4685,-5.596,50,0,-3.3451,2.0569,0.23,0.1023,456.47
4686,-4.4361,50,0,-3.3322,2.046,0.23,0.0892,456.56
4687,-5.4552,50,0,-3.355,2.0568,0.23,0.0913,456.65
4688,-3.8852,50,0,-3.3934,2.0304,0.22,0.0982,456.75
4689,-0.0234,1,1,-3.3933,2.0306,0.22,0.0029,456.76
4690,-2.9502,50,0,-3.4224,2.0031,0.21,0.0832,456.84
4691,-2.9033,50,0,-3.4051,2.0,0.21,0.1003,456.94
4692,-0.0154,1,1,-3.3676,2.0278,0.22,0.0018,456.94
4693,-2.7125,50,0,-3.3598,2.0289,0.22,0.097,457.04
4694,-0.0159,1,1,-3.3597,2.029,0.22,0.0018,457.04
4695,-0.0405,1,1,-3.3063,2.0454,0.23,0.0018,457.04
4696,-5.1966,50,0,-3.3579,2.0274,0.22,0.0892,457.13
4697,-3.1157,50,0,-3.3517,2.0272,0.22,0.0938,457.22
4698,-4.3976,50,0,-3.3524,2.0275,0.22,0.1173,457.34
4699,-4.837,50,0,-3.3722,2.0323,0.22,0.1036,457.45
4700,-4.8776,50,0,-3.3865,2.0378,0.22,0.093,457.54
4701,-4.825,50,0,-3.4019,2.0428,0.22,0.0888,457.63
4702,-6.1115,50,0,-3.4628,2.0318,0.21,0.1177,457.75
4703,-3.8659,50,0,-3.4513,2.0262,0.21,0.1097,457.85
4704,-5.0869,50,0,-3.4404,2.0144,0.21,0.0898,457.94
4705,-2.7974,50,0,-3.4427,2.0136,0.21,0.0758,458.02
4706,-5.6523,50,0,-3.4525,2.0219,0.21,0.0741,458.09
4707,-2.9174,50,0,-3.4429,2.0222,0.21,0.1006,458.2
4708,-0.048,1,1,-3.398,2.047,0.22,0.0018,458.2
4709,-4.622,50,0,-3.4,2.0481,0.22,0.0966,458.29
4710,-4.1041,50,0,-3.4406,2.0211,0.21,0.0977,458.39
4711,-5.8525,50,0,-3.4461,2.0268,0.21,0.0887,458.48
4712,-0.0466,1,1,-3.405,2.0535,0.22,0.0023,458.48
4713,-4.8427,50,0,-3.4202,2.0585,0.22,0.1124,458.59
4714,-2.9259,50,0,-3.4108,2.0586,0.22,0.0888,458.68
4715,-3.2593,50,0,-3.4429,2.0307,0.21,0.0915,458.77
4716,-3.6317,50,0,-3.433,2.0274,0.21,0.12,458.89
4717,-3.3742,50,0,-3.4212,2.0243,0.21,0.0993,458.99
4718,-4.129,50,0,-3.462,1.9968,0.2,0.0947,459.09
4719,-2.9637,50,0,-3.4594,1.9972,0.2,0.1159,459.2
4720,-4.2522,50,0,-3.5016,1.9688,0.19,0.0814,459.29
4721,-0.0249,1,1,-3.4684,1.999,0.2,0.003,459.29
4722,-4.4622,50,0,-3.4782,2.0014,0.2,0.7848,460.07
4723,-2.6005,50,0,-3.4696,2.0033,0.2,0.085,460.16
4724,-4.3708,50,0,-3.47,2.0035,0.2,0.1154,460.27
4725,-0.0259,1,1,-3.4143,2.021,0.21,0.0018,460.28
4726,-0.0099,1,1,-3.3748,2.0483,0.22,0.0016,460.28
4727,-4.2087,50,0,-3.3837,2.05,0.22,0.0875,460.37
4728,-3.4557,50,0,-3.3878,2.0497,0.22,0.0715,460.44
4729,-5.4391,50,0,-3.442,2.0314,0.21,0.1119,460.55
4730,-0.0492,1,1,-3.398,2.0566,0.22,0.0034,460.55
4731,-5.2934,50,0,-3.3935,2.052,0.22,0.0865,460.64
4732,-5.6211,50,0,-3.4167,2.0639,0.22,0.0753,460.71
4733,-3.6136,50,0,-3.4525,2.0359,0.21,0.0989,460.81
4734,-0.0211,1,1,-3.4523,2.0361,0.21,0.0025,460.82
4735,-4.3795,50,0,-3.4958,2.0088,0.2,1.0371,461.85
4736,-4.6408,50,0,-3.4977,2.0098,0.2,0.0941,461.95
4737,-5.2907,50,0,-3.5503,1.987,0.19,0.085,462.03
4738,-4.1397,50,0,-3.5304,1.971,0.19,0.0885,462.12
4739,-2.5094,50,0,-3.5039,1.9667,0.19,0.095,462.21
4740,-2.8557,50,0,-3.5321,1.9368,0.18,0.0852,462.3
4741,-0.0392,1,1,-3.507,1.9654,0.19,0.0022,462.3
4742,-4.6021,50,0,-3.5007,1.9609,0.19,0.095,462.4
4743,-5.1586,50,0,-3.5518,1.9365,0.18,0.1139,462.51
4744,-4.4364,50,0,-3.5603,1.9385,0.18,0.1066,462.62
4745,-4.2003,50,0,-3.6021,1.9065,0.17,0.0903,462.71
4746,-4.4834,50,0,-3.6107,1.9085,0.17,0.1012,462.81
4747,-5.0843,50,0,-3.6178,1.9127,0.17,0.1042,462.91
4748,-5.3819,50,0,-3.6457,1.9178,0.17,0.0971,463.01
4749,-0.0407,1,1,-3.5932,1.9438,0.18,0.003,463.01
4750,-5.0378,50,0,-3.5781,1.9266,0.18,0.1218,463.14
4751,-3.5659,50,0,-3.564,1.9215,0.18,0.097,463.23
4752,-6.3339,50,0,-3.5694,1.9285,0.18,0.0976,463.33
4753,-4.9935,50,0,-3.59,1.9326,0.18,0.1003,463.43
4754,-3.4448,50,0,-3.5694,1.9231,0.18,0.1076,463.54
4755,-5.1717,50,0,-3.5835,1.9296,0.18,0.0866,463.62
4756,-3.5353,50,0,-3.5723,1.9267,0.18,0.0845,463.71
4757,-0.0273,1,1,-3.532,1.958,0.19,0.0021,463.71
4758,-4.8685,50,0,-3.5289,1.9556,0.19,0.0892,463.8
4759,-0.0475,1,1,-3.4835,1.983,0.2,0.0017,463.8
4760,-3.5326,50,0,-3.454,1.9601,0.2,0.0866,463.89
4761,-3.2377,50,0,-3.4611,1.958,0.2,0.0886,463.98
4762,-0.0401,1,1,-3.4097,1.9796,0.21,0.0029,463.98
4763,-4.0394,50,0,-3.3835,1.9536,0.21,0.094,464.07
4764,-4.0408,50,0,-3.3881,1.9546,0.21,0.0887,464.16
4765,-3.8766,50,0,-3.4266,1.9257,0.2,0.0895,464.25
4766,-5.2856,50,0,-3.4454,1.9346,0.2,0.0906,464.34
4767,-4.0991,50,0,-3.4609,1.9335,0.2,0.093,464.44
4768,-0.0403,1,1,-3.4338,1.9621,0.21,0.0049,464.44
4769,-4.3225,50,0,-3.4202,1.9512,0.21,0.1135,464.55
4770,-4.9375,50,0,-3.4032,1.9304,0.21,0.0921,464.65
4771,-5.6547,50,0,-3.42,1.9425,0.21,0.0866,464.73
4772,-4.5532,50,0,-3.4112,1.9354,0.21,0.0953,464.83
4773,-0.0497,1,1,-3.4112,1.9354,0.21,0.0017,464.83
4774,-0.0168,1,1,-3.3735,1.9642,0.22,0.0016,464.83
4775,-3.9853,50,0,-3.4129,1.9364,0.21,0.1173,464.95
4776,-0.046,1,1,-3.4131,1.9361,0.21,0.002,464.95
4777,-5.5719,50,0,-3.4345,1.9479,0.21,0.1021,465.05
4778,-4.3925,50,0,-3.4461,1.9502,0.21,0.0939,465.15
4779,-5.7624,50,0,-3.5033,1.9333,0.2,0.1081,465.26
4780,-3.6526,50,0,-3.5002,1.9328,0.2,0.1072,465.36
4781,-0.0444,1,1,-3.4674,1.9631,0.21,0.0026,465.36
4782,-0.039,1,1,-3.4197,1.9877,0.22,0.0022,465.37
4783,-6.2309,50,0,-3.4162,1.9823,0.22,0.0908,465.46
4784,-6.1297,50,0,-3.4281,1.995,0.22,0.0781,465.54
4785,-4.1261,50,0,-3.4134,1.9844,0.22,0.0786,465.61
4786,-4.4958,50,0,-3.414,1.9847,0.22,1.0454,466.66
4787,-3.7637,50,0,-3.3971,1.9744,0.22,0.09,466.75
4788,-5.8417,50,0,-3.4167,1.9888,0.22,0.1085,466.86
4789,-3.6662,50,0,-3.4531,1.9595,0.21,0.1089,466.97
4790,-6.0147,50,0,-3.4837,1.9753,0.21,0.0902,467.06
4791,-0.042,1,1,-3.4551,2.004,0.22,0.002,467.06
4792,-5.0232,50,0,-3.5052,1.9798,0.21,0.1061,467.17
4793,-0.0491,1,1,-3.4786,2.008,0.22,0.0024,467.17
4794,-0.0109,1,1,-3.4785,2.0081,0.22,0.0021,467.17
4795,-4.5,50,0,-3.5231,1.9806,0.21,0.0917,467.26
4796,-0.0291,1,1,-3.4714,2.0035,0.22,0.0021,467.26
4797,-4.7803,50,0,-3.4881,2.0074,0.22,0.0872,467.35
4798,-0.0191,1,1,-3.4443,2.0347,0.23,0.0029,467.35
4799,-3.6758,50,0,-3.4327,2.03,0.23,0.1052,467.46
4800,-4.7836,50,0,-3.4318,2.0293,0.23,0.0798,467.54
4801,-4.3387,50,0,-3.4269,2.0266,0.23,0.0863,467.63
4802,-4.9131,50,0,-3.4149,2.0142,0.23,0.1126,467.74
4803,-0.0459,1,1,-3.3767,2.0413,0.24,0.0025,467.74
4804,-0.0497,1,1,-3.3263,2.0605,0.25,0.0026,467.74
4805,-4.8823,50,0,-3.3472,2.0656,0.25,0.087,467.83
4806,-3.7117,50,0,-3.3278,2.0529,0.25,0.0823,467.91
4807,-3.0408,50,0,-3.329,2.0527,0.25,0.0787,467.99
4808,-0.0231,1,1,-3.3288,2.0531,0.25,0.002,467.99
4809,-2.9088,50,0,-3.3116,2.0494,0.25,0.0911,468.08
4810,-3.8846,50,0,-3.3094,2.0487,0.25,0.1002,468.18
4811,-0.0498,1,1,-3.2514,2.058,0.26,0.003,468.19
4812,-5.9149,50,0,-3.3101,2.0494,0.25,0.1032,468.29
4813,-4.0479,50,0,-3.3021,2.045,0.25,0.0886,468.38
4814,-3.5395,50,0,-3.3083,2.0448,0.25,0.0995,468.48
4815,-4.9933,50,0,-3.3256,2.0516,0.25,0.1132,468.59
4816,-2.6113,50,0,-3.3154,2.0526,0.25,0.0939,468.69
4817,-2.6055,50,0,-3.3077,2.0538,0.25,0.0768,468.76
4818,-5.876,50,0,-3.3252,2.0681,0.25,0.0876,468.85
4819,-3.7681,50,0,-3.3332,2.0683,0.25,0.095,468.95
4820,-0.0488,1,1,-3.2912,2.0917,0.26,0.0019,468.95
4821,-0.0399,1,1,-3.2914,2.0915,0.26,0.0018,468.95
4822,-3.6448,50,0,-3.2832,2.0885,0.26,0.0979,469.05
4823,-4.7572,50,0,-3.3048,2.0925,0.26,0.0944,469.14
4824,-4.6933,50,0,-3.308,2.0944,0.26,0.0879,469.23
4825,-5.893,50,0,-3.3667,2.0838,0.25,0.0922,469.32
4826,-3.0117,50,0,-3.3967,2.0566,0.24,0.102,469.42
4827,-4.533,50,0,-3.3999,2.0582,0.24,0.0975,469.52
4828,-3.936,50,0,-3.4047,2.0588,0.24,0.0977,469.62
4829,-0.0354,1,1,-3.3507,2.0756,0.25,0.0018,469.62
4830,-3.6783,50,0,-3.387,2.0491,0.24,0.1049,469.73
4831,-3.3552,50,0,-3.3676,2.0401,0.24,0.0867,469.81
4832,-4.5029,50,0,-3.3564,2.0308,0.24,0.0962,469.91
4833,-5.6079,50,0,-3.3764,2.043,0.24,0.0924,470.0
4834,-5.7078,50,0,-3.4332,2.0279,0.23,0.095,470.1
4835,-3.932,50,0,-3.4287,2.0263,0.23,0.096,470.19
4836,-3.2254,50,0,-3.4146,2.0227,0.23,0.0963,470.29
4837,-4.427,50,0,-3.406,2.0165,0.23,0.0895,470.38
4838,-4.9062,50,0,-3.4136,2.0207,0.23,0.0827,470.46
4839,-0.0239,1,1,-3.3888,2.0468,0.24,0.002,470.46
4840,-6.1515,50,0,-3.4217,2.0644,0.24,0.9579,471.42
4841,-2.7196,50,0,-3.4485,2.0376,0.23,0.1046,471.52
4842,-5.5327,50,0,-3.4578,2.0449,0.23,0.0964,471.62
4843,-5.8798,50,0,-3.465,2.0522,0.23,0.0818,471.7
4844,-4.508,50,0,-3.4658,2.0525,0.23,0.1078,471.81
4845,-0.0465,1,1,-3.4242,2.0791,0.24,0.0021,471.81
4846,-0.0361,1,1,-3.3797,2.1034,0.25,0.0018,471.81
4847,-5.3186,50,0,-3.3821,2.1054,0.25,0.0843,471.9
4848,-4.8762,50,0,-3.377,2.1012,0.25,0.0759,471.98
4849,-4.383,50,0,-3.4205,2.0765,0.24,0.0956,472.07
4850,-6.2001,50,0,-3.4321,2.0888,0.24,0.0931,472.16
4851,-4.9156,50,0,-3.4456,2.0939,0.24,0.0829,472.25
4852,-3.3281,50,0,-3.4155,2.0737,0.24,0.097,472.34
4853,-5.7853,50,0,-3.4234,2.0812,0.24,0.108,472.45
4854,-0.0396,1,1,-3.3894,2.1083,0.25,0.0033,472.45
4855,-5.7274,50,0,-3.3949,2.1137,0.25,0.123,472.58
4856,-0.0336,1,1,-3.3599,2.1399,0.26,0.0029,472.58
4857,-5.3683,50,0,-3.4133,2.1227,0.25,0.1004,472.68
4858,-3.1368,50,0,-3.396,2.1178,0.25,0.1056,472.79
4859,-2.7652,50,0,-3.4232,2.0919,0.24,0.11,472.9
4860,-5.8133,50,0,-3.446,2.1054,0.24,0.1044,473.0
4861,-3.2922,50,0,-3.4465,2.1053,0.24,0.0976,473.1
4862,-3.2823,50,0,-3.479,2.0774,0.23,0.0799,473.18
4863,-3.1482,50,0,-3.4701,2.0769,0.23,0.0818,473.26
4864,-4.2955,50,0,-3.4726,2.0778,0.23,0.1,473.36
4865,-4.976,50,0,-3.4836,2.0828,0.23,0.0861,473.45
4866,-3.3891,50,0,-3.4646,2.0749,0.23,0.0918,473.54
4867,-0.0486,1,1,-3.4241,2.1015,0.24,0.0028,473.54
4868,-3.7437,50,0,-3.4612,2.074,0.23,0.1089,473.65
4869,-5.2183,50,0,-3.4701,2.0796,0.23,0.1125,473.76
4870,-0.0477,1,1,-3.4212,2.1019,0.24,0.0019,473.76
4871,-5.1812,50,0,-3.4165,2.0974,0.24,0.0892,473.85
4872,-3.8133,50,0,-3.4091,2.0947,0.24,0.0994,473.95
4873,-2.5415,50,0,-3.434,2.0692,0.23,0.0794,474.03
4874,-3.7283,50,0,-3.4711,2.0407,0.22,0.0923,474.12
4875,-5.4223,50,0,-3.4855,2.0493,0.22,0.0785,474.2
4876,-4.0838,50,0,-3.5259,2.0207,0.21,0.0905,474.29
4877,-0.043,1,1,-3.4706,2.0395,0.22,0.003,474.3
4878,-5.661,50,0,-3.4833,2.0491,0.22,0.1023,474.4
4879,-3.671,50,0,-3.4624,2.0364,0.22,0.0999,474.5
4880,-0.0383,1,1,-3.4262,2.0646,0.23,0.0029,474.5
4881,-2.6228,50,0,-3.452,2.0381,0.22,0.0864,474.59
4882,-4.1832,50,0,-3.4934,2.0102,0.21,0.1248,474.71
4883,-3.9894,50,0,-3.471,1.992,0.21,0.0892,474.8
4884,-0.0361,1,1,-3.4101,2.0029,0.22,0.0022,474.8
4885,-0.0257,1,1,-3.3691,2.0296,0.23,0.0019,474.81
4886,-6.2807,50,0,-3.3869,2.0472,0.23,0.1005,474.91
4887,-2.9053,50,0,-3.3783,2.0474,0.23,0.0798,474.99
4888,-2.9171,50,0,-3.3491,2.0329,0.23,0.1122,475.1
4889,-4.8499,50,0,-3.3609,2.0381,0.23,0.0729,475.17
4890,-5.0631,50,0,-3.3514,2.0279,0.23,0.0888,475.26
4891,-3.0749,50,0,-3.3817,2.0007,0.22,1.0729,476.33
4892,-4.5425,50,0,-3.3769,1.9973,0.22,0.1132,476.45
4893,-0.0467,1,1,-3.3769,1.9973,0.22,0.0035,476.45
4894,-3.8896,50,0,-3.4157,1.9691,0.21,0.1094,476.56
4895,-4.8809,50,0,-3.4195,1.9715,0.21,0.095,476.65
4896,-5.0224,50,0,-3.4694,1.9481,0.2,0.0985,476.75
4897,-4.5736,50,0,-3.4674,1.9468,0.2,0.1106,476.86
4898,-4.7265,50,0,-3.5145,1.9196,0.19,0.1155,476.98
4899,-3.4381,50,0,-3.5121,1.9196,0.19,0.1077,477.09
4900,-3.3517,50,0,-3.4978,1.9154,0.19,0.1066,477.19
4901,-4.9673,50,0,-3.504,1.9191,0.19,0.0913,477.28
4902,-5.6933,50,0,-3.5118,1.9264,0.19,0.0887,477.37
4903,-0.0456,1,1,-3.5118,1.9264,0.19,0.002,477.38
4904,-3.7262,50,0,-3.5486,1.8948,0.18,0.0993,477.47
4905,-5.2287,50,0,-3.5521,1.8976,0.18,0.0942,477.57
4906,-4.5557,50,0,-3.5605,1.9001,0.18,0.0994,477.67
4907,-4.9456,50,0,-3.5796,1.9044,0.18,0.0981,477.77
4908,-3.5364,50,0,-3.6147,1.8705,0.17,0.1018,477.87
4909,-4.142,50,0,-3.627,1.8699,0.17,0.1273,478.0
4910,-5.9372,50,0,-3.6475,1.8838,0.17,0.0963,478.09
4911,-3.7386,50,0,-3.6844,1.8488,0.16,0.1089,478.2
4912,-2.9731,50,0,-3.655,1.8365,0.16,0.0883,478.29
4913,-0.0493,1,1,-3.615,1.8707,0.17,0.0022,478.29
4914,-3.0974,50,0,-3.6106,1.8714,0.17,0.1042,478.4
4915,-2.7682,50,0,-3.5884,1.868,0.17,0.1011,478.5
4916,-3.4828,50,0,-3.5971,1.8655,0.17,0.1005,478.6
4917,-6.0444,50,0,-3.6315,1.8785,0.17,0.0984,478.7
4918,-2.6341,50,0,-3.599,1.8675,0.17,0.0889,478.78
4919,-5.2357,50,0,-3.6137,1.8745,0.17,0.1055,478.89
4920,-6.0671,50,0,-3.6739,1.8556,0.16,0.0872,478.98
4921,-0.0255,1,1,-3.6738,1.8559,0.16,0.0022,478.98
4922,-4.0327,50,0,-3.6776,1.8562,0.16,0.0874,479.07
4923,-4.2383,50,0,-3.6724,1.8539,0.16,0.081,479.15
4924,-2.8643,50,0,-3.6542,1.8528,0.16,0.1065,479.25
4925,-0.0411,1,1,-3.5956,1.8734,0.17,0.0022,479.26
4926,-4.9238,50,0,-3.6148,1.8771,0.17,0.0892,479.35
4927,-6.4747,50,0,-3.6342,1.8965,0.17,0.1017,479.45
4928,-0.0289,1,1,-3.5951,1.9298,0.18,0.0027,479.45
4929,-3.968,50,0,-3.6344,1.8966,0.17,0.0829,479.53
4930,-3.8868,50,0,-3.6365,1.8968,0.17,0.0938,479.63
4931,-3.8449,50,0,-3.6414,1.8967,0.17,0.0881,479.71
4932,-3.5432,50,0,-3.6318,1.8947,0.17,0.0836,479.8
4933,-3.8249,50,0,-3.614,1.8844,0.17,0.09,479.89
4934,-4.5356,50,0,-3.6023,1.875,0.17,0.0879,479.98
4935,-4.8238,50,0,-3.6112,1.8787,0.17,0.087,480.06
4936,-0.0466,1,1,-3.5794,1.9115,0.18,0.0026,480.07
4937,-4.9937,50,0,-3.5851,1.9149,0.18,0.0969,480.16
4938,-4.3798,50,0,-3.5798,1.9119,0.18,0.1077,480.27
4939,-4.0553,50,0,-3.6201,1.8788,0.17,0.9839,481.25
4940,-4.4301,50,0,-3.6029,1.8633,0.17,0.1182,481.37
4941,-4.6284,50,0,-3.622,1.8639,0.17,0.0877,481.46
4942,-4.0952,50,0,-3.6076,1.8547,0.17,0.1027,481.56
4943,-5.3172,50,0,-3.602,1.8486,0.17,0.116,481.68
4944,-4.0093,50,0,-3.597,1.8468,0.17,0.0937,481.77
4945,-4.5932,50,0,-3.6425,1.8145,0.16,0.0968,481.87
4946,-0.0277,1,1,-3.6424,1.8147,0.16,0.0027,481.87
4947,-4.5159,50,0,-3.6343,1.809,0.16,0.0932,481.97
4948,-0.0372,1,1,-3.586,1.8396,0.17,0.0019,481.97
4949,-5.6917,50,0,-3.599,1.8499,0.17,0.0868,482.05
4950,-2.6008,50,0,-3.5631,1.8339,0.17,0.106,482.16
4951,-2.6266,50,0,-3.5402,1.8311,0.17,0.0925,482.25
4952,-4.1921,50,0,-3.5488,1.8322,0.17,0.0895,482.34
4953,-3.0925,50,0,-3.5219,1.8188,0.17,0.0926,482.43
4954,-2.6344,50,0,-3.5478,1.7872,0.16,0.1051,482.54
4955,-3.9707,50,0,-3.5303,1.7743,0.16,0.0706,482.61
4956,-3.7767,50,0,-3.5677,1.7393,0.15,0.0783,482.69
4957,-0.0412,1,1,-3.5144,1.7647,0.16,0.0019,482.69
4958,-5.7079,50,0,-3.5401,1.7777,0.16,0.0879,482.78
4959,-0.0429,1,1,-3.5129,1.8099,0.17,0.0021,482.78
4960,-4.0089,50,0,-3.4949,1.7958,0.17,0.0979,482.88
4961,-5.5644,50,0,-3.5176,1.8074,0.17,0.0824,482.96
4962,-4.8386,50,0,-3.5331,1.812,0.17,0.0795,483.04
4963,-3.2645,50,0,-3.5343,1.8118,0.17,0.103,483.14
4964,-4.9809,50,0,-3.5412,1.816,0.17,0.1002,483.24
4965,-4.7712,50,0,-3.5391,1.8145,0.17,0.085,483.33
4966,-5.7692,50,0,-3.5629,1.8279,0.17,0.0947,483.42
4967,-4.7099,50,0,-3.6095,1.7969,0.16,0.0955,483.52
4968,-4.2073,50,0,-3.6142,1.7978,0.16,0.0805,483.6
4969,-0.0418,1,1,-3.5624,1.8252,0.17,0.002,483.6
4970,-4.0503,50,0,-3.6024,1.7912,0.16,0.0974,483.7
4971,-2.5837,50,0,-3.5765,1.787,0.16,0.8367,484.53
4972,-4.7918,50,0,-3.5862,1.7909,0.16,0.1064,484.64
4973,-3.7344,50,0,-3.5982,1.7879,0.16,0.128,484.77
4974,-0.0086,1,1,-3.561,1.8232,0.17,0.0034,484.77
4975,-2.8635,50,0,-3.5354,1.8148,0.17,0.0838,484.86
4976,-0.0349,1,1,-3.4949,1.847,0.18,0.0019,484.86
4977,-0.019,1,1,-3.4947,1.8474,0.18,0.0024,484.86
4978,-4.467,50,0,-3.4827,1.8372,0.18,0.1018,484.96
4979,-6.2094,50,0,-3.5081,1.8571,0.18,0.1031,485.07
4980,-5.2277,50,0,-3.56,1.8317,0.17,0.0885,485.15
4981,-4.2144,50,0,-3.5759,1.8304,0.17,0.0935,485.25
4982,-4.3761,50,0,-3.5778,1.8312,0.17,0.0865,485.33
4983,-4.8702,50,0,-3.5866,1.8352,0.17,0.1121,485.45
4984,-2.6748,50,0,-3.613,1.8027,0.16,0.1061,485.55
4985,-0.0364,1,1,-3.6131,1.8025,0.16,0.0027,485.56
4986,-3.5498,50,0,-3.5858,1.7824,0.16,0.0904,485.65
4987,-4.3461,50,0,-3.6002,1.7827,0.16,0.0929,485.74
4988,-5.7646,50,0,-3.6287,1.7943,0.16,0.1015,485.84
4989,-0.0465,1,1,-3.5807,1.825,0.17,0.0032,485.84
4990,-3.3346,50,0,-3.5634,1.819,0.17,1.1039,486.95
4991,-3.2121,50,0,-3.5648,1.8187,0.17,0.0911,487.04
4992,-5.3439,50,0,-3.5728,1.8247,0.17,0.0974,487.14
4993,-0.0306,1,1,-3.5726,1.825,0.17,0.002,487.14
4994,-4.8595,50,0,-3.5823,1.8293,0.17,0.095,487.23
4995,-4.5196,50,0,-3.5787,1.8271,0.17,0.1149,487.35
4996,-4.8636,50,0,-3.5771,1.8259,0.17,0.0995,487.45
4997,-3.4893,50,0,-3.5663,1.8231,0.17,0.0899,487.54
4998,-4.7553,50,0,-3.5666,1.8233,0.17,0.0899,487.63
4999,-4.6241,50,0,-3.5784,1.8263,0.17,0.1079,487.73
5000,-4.3375,50,0,-3.5883,1.8277,0.17,0.0843,487.82
5001,-4.2558,50,0,-3.5812,1.8237,0.17,0.0786,487.9
5002,-3.0668,50,0,-3.5549,1.812,0.17,0.0885,487.99
5003,-4.9048,50,0,-3.6035,1.7821,0.16,0.1062,488.09
5004,-3.5188,50,0,-3.6014,1.7821,0.16,0.0899,488.18
5005,-4.2538,50,0,-3.5917,1.7758,0.16,0.0983,488.28
5006,-4.1152,50,0,-3.5873,1.774,0.16,0.0884,488.37
5007,-4.9279,50,0,-3.5871,1.7739,0.16,0.087,488.46
5008,-4.7628,50,0,-3.5994,1.7777,0.16,0.1008,488.56
5009,-3.7775,50,0,-3.5957,1.777,0.16,0.1096,488.67
5010,-0.0328,1,1,-3.5367,1.7962,0.17,0.0023,488.67
5011,-3.8614,50,0,-3.5379,1.7963,0.17,0.1049,488.77
5012,-4.4858,50,0,-3.553,1.7979,0.17,0.0896,488.86
5013,-5.7775,50,0,-3.6103,1.7765,0.16,0.1112,488.97
5014,-3.1404,50,0,-3.6107,1.7764,0.16,0.1146,489.09
5015,-3.9999,50,0,-3.6231,1.7747,0.16,0.0832,489.17
5016,-5.6383,50,0,-3.6446,1.786,0.16,0.0967,489.27
5017,-5.0568,50,0,-3.6347,1.7754,0.16,0.0877,489.36
5018,-3.469,50,0,-3.6431,1.7726,0.16,0.0852,489.44
5019,-5.1497,50,0,-3.6422,1.7718,0.16,0.0901,489.53
5020,-4.9546,50,0,-3.6311,1.76,0.16,0.0914,489.62
5021,-5.1903,50,0,-3.6827,1.729,0.15,0.1087,489.73
5022,-3.2357,50,0,-3.6748,1.7292,0.15,0.078,489.81
5023,-4.5298,50,0,-3.6777,1.7304,0.15,0.0904,489.9
5024,-4.8154,50,0,-3.6972,1.7321,0.15,0.0894,489.99
5025,-3.4908,50,0,-3.7317,1.6928,0.14,0.0972,490.09
5026,-0.0281,1,1,-3.6827,1.7281,0.15,0.0024,490.09
5027,-4.2871,50,0,-3.6609,1.7063,0.15,0.0984,490.19
5028,-0.0362,1,1,-3.6609,1.7062,0.15,0.0033,490.19
5029,-3.758,50,0,-3.6588,1.7059,0.15,0.0869,490.28
5030,-4.1567,50,0,-3.6615,1.7065,0.15,0.0782,490.36
5031,-0.0452,1,1,-3.6235,1.7439,0.16,0.0021,490.36
5032,-3.0437,50,0,-3.6185,1.7448,0.16,0.1216,490.48
5033,-0.0475,1,1,-3.5808,1.7805,0.17,0.0034,490.48
5034,-3.1013,50,0,-3.5664,1.7785,0.17,0.1056,490.59
5035,-5.3446,50,0,-3.5716,1.7829,0.17,0.0954,490.68
5036,-0.0314,1,1,-3.5715,1.7832,0.17,0.0026,490.69
5037,-3.515,50,0,-3.5567,1.7775,0.17,0.9803,491.67
5038,-5.0798,50,0,-3.5637,1.7821,0.17,0.1019,491.77
5039,-4.6704,50,0,-3.5698,1.7848,0.17,0.0979,491.87
5040,-4.2781,50,0,-3.5683,1.7842,0.17,0.0939,491.96
5041,-0.0474,1,1,-3.5225,1.8149,0.18,0.002,491.96
5042,-2.9899,50,0,-3.5115,1.8147,0.18,0.0796,492.04
5043,-4.6398,50,0,-3.5047,1.8092,0.18,0.0926,492.14
5044,-2.9696,50,0,-3.4943,1.8093,0.18,0.0968,492.23
5045,-2.9505,50,0,-3.4779,1.8067,0.18,0.0855,492.32
5046,-4.4853,50,0,-3.5224,1.7758,0.17,0.0987,492.42
5047,-2.6992,50,0,-3.5043,1.7748,0.17,0.1037,492.52
5048,-6.3543,50,0,-3.5674,1.7626,0.16,0.1061,492.63
5049,-4.1734,50,0,-3.5523,1.7508,0.16,0.0759,492.7
5050,-4.9874,50,0,-3.5761,1.7539,0.16,0.0927,492.79
5051,-6.6884,50,0,-3.6167,1.7783,0.16,0.0997,492.89
5052,-3.0253,50,0,-3.6051,1.7783,0.16,0.103,493.0
5053,-0.0465,1,1,-3.5746,1.8126,0.17,0.0026,493.0
5054,-5.1983,50,0,-3.6003,1.8172,0.17,0.0895,493.09
5055,-2.7572,50,0,-3.5881,1.8188,0.17,0.0968,493.19
5056,-4.3164,50,0,-3.5935,1.8201,0.17,0.0964,493.28
5057,-4.2611,50,0,-3.6357,1.7859,0.16,0.0936,493.38
5058,-0.0416,1,1,-3.5791,1.809,0.17,0.0026,493.38
5059,-5.935,50,0,-3.638,1.7887,0.16,0.0921,493.47
5060,-4.6162,50,0,-3.644,1.791,0.16,0.087,493.56
5061,-3.0516,50,0,-3.6189,1.7814,0.16,0.101,493.66
5062,-4.8833,50,0,-3.6194,1.7818,0.16,0.0775,493.74
5063,-5.6056,50,0,-3.6428,1.7923,0.16,0.1129,493.85
5064,-5.3827,50,0,-3.6468,1.7957,0.16,0.1048,493.95
5065,-2.629,50,0,-3.6254,1.795,0.16,0.0923,494.05
5066,-5.0508,50,0,-3.6182,1.7878,0.16,0.0812,494.13
5067,-3.6101,50,0,-3.6072,1.7844,0.16,0.094,494.22
5068,-0.0359,1,1,-3.5655,1.8183,0.17,0.0028,494.22
5069,-3.2856,50,0,-3.5979,1.7838,0.16,0.0951,494.32
5070,-4.0493,50,0,-3.5979,1.7838,0.16,0.094,494.41
5071,-3.6267,50,0,-3.6083,1.7809,0.16,0.0993,494.51
5072,-2.8589,50,0,-3.589,1.7784,0.16,0.0987,494.61
5073,-2.809,50,0,-3.5798,1.7801,0.16,0.0972,494.71
5074,-3.1568,50,0,-3.6112,1.7441,0.15,0.0938,494.8
5075,-0.0361,1,1,-3.583,1.7786,0.16,0.0026,494.81
5076,-2.6277,50,0,-3.6089,1.7452,0.15,0.0878,494.89
5077,-4.5747,50,0,-3.6544,1.71,0.14,0.0873,494.98
5078,-4.5311,50,0,-3.6551,1.7104,0.14,0.1189,495.1
5079,-6.1864,50,0,-3.6549,1.71,0.14,0.104,495.2
5080,-2.6303,50,0,-3.6289,1.7056,0.14,0.0797,495.28
5081,-3.1831,50,0,-3.6186,1.7052,0.14,0.1001,495.38
5082,-6.0324,50,0,-3.6351,1.7204,0.14,0.1102,495.49
5083,-3.7065,50,0,-3.6235,1.716,0.14,0.9881,496.48
5084,-4.5675,50,0,-3.6424,1.7158,0.14,0.0855,496.57
5085,-4.4926,50,0,-3.687,1.6791,0.13,0.0953,496.66
5086,-4.7806,50,0,-3.6993,1.6825,0.13,0.0955,496.76
5087,-4.4786,50,0,-3.7006,1.6831,0.13,0.0859,496.84
5088,-4.4161,50,0,-3.6871,1.6719,0.13,0.0847,496.93
5089,-5.832,50,0,-3.745,1.6448,0.12,0.095,497.02
5090,-6.1305,50,0,-3.7729,1.6612,0.12,0.1006,497.12
5091,-3.0959,50,0,-3.7718,1.6617,0.12,0.0922,497.22
5092,-0.0431,1,1,-3.7188,1.6949,0.13,0.0024,497.22
5093,-4.3187,50,0,-3.7617,1.6548,0.12,0.1009,497.32
5094,-5.677,50,0,-3.7698,1.6622,0.12,0.0873,497.41
5095,-5.4691,50,0,-3.7793,1.6692,0.12,0.0884,497.49
5096,-5.4997,50,0,-3.7857,1.6745,0.12,0.1207,497.62
5097,-2.9291,50,0,-3.7801,1.6764,0.12,0.0888,497.7
5098,-4.6581,50,0,-3.7791,1.6759,0.12,0.0939,497.8
5099,-5.0731,50,0,-3.7836,1.6787,0.12,0.0923,497.89
5100,-5.1957,50,0,-3.7922,1.6837,0.12,0.0923,497.98
5101,-4.8136,50,0,-3.7978,1.6862,0.12,0.1014,498.08
5102,-3.7583,50,0,-3.8047,1.6846,0.12,0.0956,498.18
5103,-3.5045,50,0,-3.7907,1.6812,0.12,0.0963,498.28
5104,-0.0467,1,1,-3.756,1.7218,0.13,0.0031,498.28
5105,-2.7247,50,0,-3.7407,1.7241,0.13,0.0994,498.38
5106,-0.0475,1,1,-3.7,1.7624,0.14,0.0027,498.38
5107,-4.073,50,0,-3.6914,1.7585,0.14,0.0913,498.47
5108,-0.0408,1,1,-3.6442,1.7921,0.15,0.0022,498.47
5109,-4.6418,50,0,-3.6529,1.7948,0.15,0.0957,498.57
5110,-4.0651,50,0,-3.6932,1.758,0.14,0.0816,498.65
5111,-3.8859,50,0,-3.6934,1.758,0.14,0.1125,498.76
5112,-2.761,50,0,-3.6762,1.7586,0.14,0.1073,498.87
5113,-3.1809,50,0,-3.6502,1.7465,0.14,0.0903,498.96
5114,-2.9992,50,0,-3.6488,1.747,0.14,0.0979,499.06
5115,-3.3764,50,0,-3.6426,1.7468,0.14,0.0997,499.16
5116,-4.6558,50,0,-3.6327,1.7383,0.14,0.0851,499.24
5117,-0.0447,1,1,-3.5826,1.7685,0.15,0.002,499.25
5118,-4.0205,50,0,-3.5881,1.769,0.15,0.0978,499.34
5119,-4.1575,50,0,-3.5782,1.763,0.15,0.0994,499.44
5120,-2.5608,50,0,-3.5543,1.7604,0.15,0.0811,499.53
5121,-3.4119,50,0,-3.5365,1.7528,0.15,0.0936,499.62
5122,-4.2517,50,0,-3.5466,1.7539,0.15,0.1249,499.74
5123,-3.1533,50,0,-3.5329,1.7516,0.15,0.1257,499.87
5124,-4.262,50,0,-3.5273,1.7484,0.15,0.0874,499.96
5125,-4.7403,50,0,-3.5398,1.7525,0.15,0.1106,500.07
5126,-4.8408,50,0,-3.588,1.7212,0.14,0.1382,500.21
5127,-3.9567,50,0,-3.5847,1.7202,0.14,0.0925,500.3
5128,-4.5751,50,0,-3.6301,1.6855,0.13,0.1042,500.4
5129,-4.0233,50,0,-3.6327,1.6859,0.13,0.9676,501.37
5130,-3.0739,50,0,-3.6219,1.686,0.13,0.1004,501.47
5131,-0.0492,1,1,-3.6219,1.6859,0.13,0.0023,501.47
5132,-2.9012,50,0,-3.6205,1.6865,0.13,0.0921,501.56
5133,-3.9924,50,0,-3.6599,1.6481,0.12,0.1125,501.68
5134,-3.1136,50,0,-3.6601,1.6481,0.12,0.1064,501.78
5135,-3.8385,50,0,-3.645,1.6395,0.12,0.1071,501.89
5136,-4.7224,50,0,-3.6919,1.6021,0.11,0.0984,501.99
5137,-3.8111,50,0,-3.6949,1.602,0.11,0.0896,502.08
5138,-3.6745,50,0,-3.6808,1.596,0.11,0.09,502.17
5139,-4.419,50,0,-3.6783,1.5946,0.11,0.0987,502.27
5140,-3.7005,50,0,-3.6725,1.5935,0.11,0.1057,502.37
5141,-3.4,50,0,-3.7061,1.5516,0.1,0.0944,502.47
5142,-4.85,50,0,-3.7247,1.554,0.1,0.0988,502.57
5143,-4.4023,50,0,-3.7223,1.5528,0.1,0.1285,502.69
5144,-4.1063,50,0,-3.7337,1.5514,0.1,0.124,502.82
5145,-5.2552,50,0,-3.7567,1.5567,0.1,0.0982,502.92
5146,-0.0382,1,1,-3.7122,1.5982,0.11,0.0021,502.92
5147,-4.682,50,0,-3.7321,1.5978,0.11,0.0882,503.01
5148,-4.8484,50,0,-3.717,1.58,0.11,0.1065,503.11
5149,-4.3531,50,0,-3.7188,1.5807,0.11,0.0905,503.2
5150,-4.2425,50,0,-3.7114,1.5764,0.11,0.0793,503.28
5151,-0.0462,1,1,-3.6449,1.5895,0.12,0.0018,503.29
5152,-4.8216,50,0,-3.6629,1.5925,0.12,0.1051,503.39
5153,-3.1711,50,0,-3.6941,1.5514,0.11,0.0955,503.49
5154,-0.0353,1,1,-3.6425,1.586,0.12,0.0023,503.49
5155,-5.2438,50,0,-3.6674,1.5914,0.12,0.1053,503.59
5156,-5.8345,50,0,-3.6826,1.6047,0.12,0.0986,503.69
5157,-4.9069,50,0,-3.689,1.6083,0.12,0.0789,503.77
5158,-0.0368,1,1,-3.689,1.6084,0.12,0.0021,503.77
5159,-0.0081,1,1,-3.6297,1.6336,0.13,0.0018,503.78
5160,-4.9208,50,0,-3.6327,1.6357,0.13,0.1173,503.89
5161,-4.9421,50,0,-3.6516,1.6398,0.13,0.0961,503.99
5162,-5.4716,50,0,-3.6575,1.6452,0.13,0.0953,504.08
5163,-3.9673,50,0,-3.6411,1.6339,0.13,0.0856,504.17
5164,-4.473,50,0,-3.632,1.6267,0.13,0.0953,504.26
5165,-4.0481,50,0,-3.6462,1.624,0.13,0.1006,504.37
5166,-2.7834,50,0,-3.6236,1.6201,0.13,0.0915,504.46
5167,-3.7432,50,0,-3.6249,1.6201,0.13,0.1052,504.56
5168,-4.6449,50,0,-3.671,1.5825,0.12,0.092,504.65
5169,-4.3857,50,0,-3.682,1.5836,0.12,0.0954,504.75
5170,-4.3354,50,0,-3.6849,1.5845,0.12,0.1038,504.85
5171,-4.2672,50,0,-3.6913,1.5856,0.12,0.0872,504.94
5172,-3.5958,50,0,-3.6986,1.5834,0.12,0.1062,505.05
5173,-0.0198,1,1,-3.6707,1.6229,0.13,0.0039,505.05
5174,-4.8232,50,0,-3.6874,1.6261,0.13,0.0824,505.13
5175,-3.802,50,0,-3.7251,1.5842,0.12,0.0882,505.22
5176,-0.0366,1,1,-3.6991,1.6226,0.13,0.0027,505.22
5177,-0.0429,1,1,-3.6538,1.6604,0.14,0.0021,505.23
5178,-6.0062,50,0,-3.6686,1.6746,0.14,0.0976,505.32
5179,-4.8024,50,0,-3.6547,1.6594,0.14,1.0478,506.37
5180,-4.7323,50,0,-3.6758,1.6596,0.14,0.1001,506.47
5181,-0.0264,1,1,-3.6442,1.6982,0.15,0.0028,506.47
5182,-3.0526,50,0,-3.6144,1.6821,0.15,0.0947,506.57
5183,-0.031,1,1,-3.5776,1.7194,0.16,0.0035,506.57
5184,-2.8345,50,0,-3.5603,1.7181,0.16,0.1077,506.68
5185,-0.0362,1,1,-3.5157,1.7508,0.17,0.0029,506.68
5186,-3.7443,50,0,-3.5054,1.7464,0.17,0.0946,506.78
5187,-6.4124,50,0,-3.5247,1.7676,0.17,0.0882,506.87
5188,-4.1816,50,0,-3.5224,1.7666,0.17,0.0927,506.96
5189,-3.2742,50,0,-3.4968,1.7514,0.17,0.0841,507.04
5190,-0.0278,1,1,-3.4358,1.7649,0.18,0.0018,507.04
5191,-5.1586,50,0,-3.4564,1.7728,0.18,0.0914,507.14
5192,-2.5218,50,0,-3.4812,1.742,0.17,0.0989,507.23
5193,-6.6814,50,0,-3.5048,1.769,0.17,0.0889,507.32
5194,-4.2542,50,0,-3.4906,1.7571,0.17,0.0992,507.42
5195,-4.3722,50,0,-3.4796,1.7482,0.17,0.1033,507.53
5196,-4.1855,50,0,-3.4665,1.7378,0.17,0.0853,507.61
5197,-4.6926,50,0,-3.4841,1.7412,0.17,0.0813,507.69
5198,-4.9886,50,0,-3.4874,1.7438,0.17,0.0969,507.79
5199,-4.8673,50,0,-3.4854,1.742,0.17,0.0903,507.88
5200,-0.0483,1,1,-3.4339,1.7666,0.18,0.0022,507.88
5201,-3.6034,50,0,-3.4218,1.7612,0.18,0.0919,507.97
5202,-4.7625,50,0,-3.4318,1.766,0.18,0.0834,508.06
5203,-2.6155,50,0,-3.4229,1.7678,0.18,0.0949,508.15
5204,-3.5695,50,0,-3.4582,1.735,0.17,0.1013,508.25
5205,-4.6838,50,0,-3.4777,1.7377,0.17,0.0995,508.35
5206,-5.2044,50,0,-3.5293,1.7114,0.16,0.8014,509.15
5207,-3.5072,50,0,-3.5237,1.7105,0.16,0.0943,509.25
5208,-0.0438,1,1,-3.5237,1.7105,0.16,0.0018,509.25
5209,-4.6451,50,0,-3.5237,1.7105,0.16,0.0981,509.35
5210,-2.6252,50,0,-3.5093,1.712,0.16,0.113,509.46
5211,-0.0277,1,1,-3.4707,1.7462,0.17,0.002,509.46
5212,-4.5887,50,0,-3.489,1.7482,0.17,0.0919,509.56
5213,-3.3726,50,0,-3.4909,1.748,0.17,0.0824,509.64
5214,-4.7774,50,0,-3.5087,1.7519,0.17,0.096,509.73
5215,-5.1966,50,0,-3.5269,1.7599,0.17,0.1052,509.84
5216,-3.561,50,0,-3.516,1.7562,0.17,0.1185,509.96
5217,-3.467,50,0,-3.5502,1.7212,0.16,0.1045,510.06
5218,-4.3844,50,0,-3.5538,1.7226,0.16,0.0965,510.16
5219,-4.7848,50,0,-3.5601,1.7259,0.16,0.0983,510.26
5220,-3.3359,50,0,-3.5679,1.7232,0.16,0.0895,510.35
5221,-4.7505,50,0,-3.5812,1.7271,0.16,0.112,510.46
5222,-3.4841,50,0,-3.5736,1.7258,0.16,0.0979,510.56
5223,-5.1572,50,0,-3.5936,1.7324,0.16,0.1056,510.66
5224,-3.622,50,0,-3.5872,1.7311,0.16,0.1213,510.78
5225,-0.0276,1,1,-3.5401,1.763,0.17,0.003,510.79
5226,-4.5618,50,0,-3.5373,1.7611,0.17,0.1298,510.92
5227,-3.3909,50,0,-3.5316,1.7607,0.17,0.0928,511.01
5228,-4.8032,50,0,-3.5339,1.7622,0.17,1.0307,512.04
5229,-4.3356,50,0,-3.537,1.7633,0.17,0.1023,512.14
5230,-3.1479,50,0,-3.5378,1.7631,0.17,0.1031,512.25
5231,-5.3542,50,0,-3.5908,1.737,0.16,0.1062,512.35
5232,-4.8009,50,0,-3.6098,1.7397,0.16,0.099,512.45
5233,-6.7835,50,0,-3.6377,1.7678,0.16,0.1042,512.55
5234,-5.6175,50,0,-3.6628,1.7779,0.16,0.1014,512.66
5235,-3.8237,50,0,-3.6626,1.7779,0.16,0.12,512.78
5236,-4.1255,50,0,-3.6567,1.7753,0.16,0.1212,512.9
5237,-5.3451,50,0,-3.672,1.7832,0.16,0.0998,513.0
5238,-0.0221,1,1,-3.6355,1.8198,0.17,0.0019,513.0
5239,-0.0448,1,1,-3.5917,1.8527,0.18,0.0018,513.0
5240,-3.2788,50,0,-3.5875,1.853,0.18,0.086,513.09
5241,-6.0216,50,0,-3.6137,1.8686,0.18,0.0966,513.18
5242,-5.129,50,0,-3.6165,1.8706,0.18,0.089,513.27
5243,-0.048,1,1,-3.573,1.9023,0.19,0.0019,513.27
5244,-4.9957,50,0,-3.5819,1.9068,0.19,0.0856,513.36
5245,-3.8203,50,0,-3.5675,1.8995,0.19,0.0897,513.45
5246,-3.3604,50,0,-3.6007,1.8663,0.18,0.1189,513.57
5247,-3.7951,50,0,-3.5919,1.8632,0.18,0.1093,513.68
5248,-2.6037,50,0,-3.5694,1.8615,0.18,0.0803,513.76
5249,-5.3019,50,0,-3.5789,1.8679,0.18,0.1048,513.86
5250,-0.039,1,1,-3.5369,1.8995,0.19,0.003,513.87
5251,-5.3221,50,0,-3.5896,1.8749,0.18,0.0811,513.95
5252,-0.0099,1,1,-3.5415,1.9042,0.19,0.0022,513.95
5253,-4.9053,50,0,-3.5589,1.9086,0.19,0.0959,514.04
5254,-3.0432,50,0,-3.5889,1.8763,0.18,0.1097,514.15
5255,-0.0229,1,1,-3.5367,1.902,0.19,0.0023,514.16
5256,-5.3667,50,0,-3.5321,1.8969,0.19,0.1079,514.26
5257,-0.0443,1,1,-3.4834,1.9232,0.2,0.0029,514.27
5258,-5.2715,50,0,-3.5358,1.8997,0.19,0.0924,514.36
5259,-3.4907,50,0,-3.5706,1.8664,0.18,0.1172,514.48
5260,-4.9613,50,0,-3.571,1.8667,0.18,0.1164,514.59
5261,-4.8804,50,0,-3.5704,1.8662,0.18,0.101,514.69
5262,-2.849,50,0,-3.5442,1.8577,0.18,0.097,514.79
5263,-5.2719,50,0,-3.5572,1.8652,0.18,0.0976,514.89
5264,-3.5541,50,0,-3.548,1.863,0.18,0.0932,514.98
5265,-5.3979,50,0,-3.5615,1.8714,0.18,0.1158,515.1
5266,-4.918,50,0,-3.5829,1.8746,0.18,0.0845,515.18
5267,-6.4541,50,0,-3.61,1.8962,0.18,0.0913,515.27
5268,-0.0193,1,1,-3.5637,1.9265,0.19,0.0023,515.28
5269,-3.8778,50,0,-3.5586,1.925,0.19,0.0883,515.36
5270,-6.5337,50,0,-3.5806,1.9462,0.19,0.0896,515.45
5271,-0.0397,1,1,-3.5383,1.9765,0.2,0.0029,515.46
5272,-6.2391,50,0,-3.5648,1.9947,0.2,0.1126,515.57
5273,-0.0167,1,1,-3.5647,1.9948,0.2,0.0034,515.57
5274,-3.5438,50,0,-3.552,1.9907,0.2,0.0973,515.67
5275,-0.0215,1,1,-3.5142,2.0213,0.21,0.0033,515.67
5276,-0.0266,1,1,-3.5141,2.0215,0.21,0.0029,515.68
5277,-4.469,50,0,-3.5583,1.9932,0.2,0.0902,515.77
5278,-4.6485,50,0,-3.5447,1.9811,0.2,0.1018,515.87
5279,-5.2709,50,0,-3.5494,1.9846,0.2,0.0882,515.96
5280,-5.8584,50,0,-3.5607,1.9945,0.2,1.024,516.98
5281,-0.0215,1,1,-3.5606,1.9946,0.2,0.0047,516.99
5282,-5.9775,50,0,-3.5899,2.0083,0.2,0.0991,517.08
5283,-3.6098,50,0,-3.6257,1.9762,0.19,0.113,517.2
5284,-4.6746,50,0,-3.6441,1.9773,0.19,0.1053,517.3
5285,-3.1493,50,0,-3.6752,1.9445,0.18,0.0888,517.39
5286,-4.7772,50,0,-3.6855,1.9476,0.18,0.0983,517.49
5287,-5.2751,50,0,-3.6742,1.9349,0.18,0.1086,517.6
5288,-3.9244,50,0,-3.6716,1.9344,0.18,0.1072,517.71
5289,-4.3182,50,0,-3.682,1.935,0.18,0.1061,517.81
5290,-4.6215,50,0,-3.728,1.902,0.17,0.0884,517.9
5291,-5.2418,50,0,-3.7288,1.9026,0.17,0.0851,517.99
5292,-4.9388,50,0,-3.753,1.9025,0.17,0.1198,518.1
5293,-6.3265,50,0,-3.7494,1.8973,0.17,0.1029,518.21
5294,-5.4662,50,0,-3.7615,1.9044,0.17,0.0926,518.3
5295,-3.8691,50,0,-3.7565,1.9034,0.17,0.0875,518.39
5296,-4.4639,50,0,-3.7593,1.9043,0.17,0.0925,518.48
5297,-6.0449,50,0,-3.7728,1.9156,0.17,0.1013,518.58
5298,-0.041,1,1,-3.7233,1.9472,0.18,0.0027,518.58
5299,-4.2869,50,0,-3.7175,1.9447,0.18,0.1195,518.7
5300,-5.4889,50,0,-3.7719,1.9171,0.17,0.1185,518.82
5301,-4.054,50,0,-3.7764,1.9173,0.17,0.0883,518.91
5302,-5.5232,50,0,-3.7841,1.9227,0.17,0.104,519.01
5303,-3.4022,50,0,-3.7919,1.9195,0.17,0.1204,519.14
5304,-4.4886,50,0,-3.8011,1.9206,0.17,0.1009,519.24
5305,-2.7264,50,0,-3.7815,1.9215,0.17,0.1103,519.35
5306,-5.4243,50,0,-3.7837,1.9232,0.17,0.1111,519.46
5307,-5.2852,50,0,-3.8015,1.9288,0.17,0.0856,519.54
5308,-4.781,50,0,-3.8489,1.8938,0.16,0.089,519.63
5309,-3.8236,50,0,-3.8407,1.8921,0.16,0.0983,519.73
5310,-0.0441,1,1,-3.8149,1.9258,0.17,0.0026,519.73
5311,-0.0272,1,1,-3.8149,1.9258,0.17,0.0023,519.74
5312,-4.9187,50,0,-3.8182,1.9274,0.17,0.0989,519.83
5313,-4.09,50,0,-3.8253,1.9271,0.17,0.1048,519.94
5314,-3.6031,50,0,-3.8136,1.9248,0.17,0.1163,520.06
5315,-3.2035,50,0,-3.7937,1.9207,0.17,0.1139,520.17
5316,-5.6845,50,0,-3.8149,1.9297,0.17,0.0996,520.27
5317,-3.6613,50,0,-3.8168,1.9295,0.17,0.0944,520.36
5318,-3.2916,50,0,-3.8059,1.9293,0.17,0.0903,520.45
5319,-3.9524,50,0,-3.7976,1.9269,0.17,0.0874,520.54
5320,-2.657,50,0,-3.7908,1.9297,0.17,0.0983,520.64
5321,-2.6189,50,0,-3.7695,1.9307,0.17,0.079,520.72
5322,-4.9865,50,0,-3.7845,1.9343,0.17,0.0773,520.8
5323,-2.7128,50,0,-3.7601,1.9323,0.17,0.1174,520.91
5324,-0.0467,1,1,-3.7243,1.9672,0.18,0.0031,520.92
5325,-0.0411,1,1,-3.7244,1.967,0.18,0.003,520.92
5326,-0.0261,1,1,-3.6791,1.9992,0.19,0.0028,520.92
5327,-6.4036,50,0,-3.7092,2.0172,0.19,0.123,521.04
5328,-3.5854,50,0,-3.697,2.0143,0.19,1.0699,522.11
5329,-4.1987,50,0,-3.6957,2.0139,0.19,0.1198,522.23
5330,-4.4253,50,0,-3.7084,2.0144,0.19,0.1078,522.34
5331,-5.5112,50,0,-3.71,2.0158,0.19,0.1192,522.46
5332,-0.0199,1,1,-3.6622,2.0458,0.2,0.0034,522.46
5333,-4.8324,50,0,-3.6427,2.0251,0.2,0.0884,522.55
5334,-0.0338,1,1,-3.5868,2.0468,0.21,0.0022,522.56
5335,-4.9791,50,0,-3.5984,2.0513,0.21,0.111,522.67
5336,-5.4236,50,0,-3.6114,2.0587,0.21,0.1061,522.77
5337,-0.0432,1,1,-3.5584,2.0815,0.22,0.0019,522.77
5338,-0.0453,1,1,-3.5586,2.0811,0.22,0.0021,522.78
5339,-2.91,50,0,-3.5873,2.0521,0.21,0.091,522.87
5340,-2.8136,50,0,-3.5826,2.0533,0.21,0.0928,522.96
5341,-3.9897,50,0,-3.5623,2.0391,0.21,0.1036,523.06
5342,-4.8513,50,0,-3.5595,2.0371,0.21,0.084,523.15
5343,-5.8331,50,0,-3.6174,2.0186,0.2,0.1029,523.25
5344,-4.1777,50,0,-3.6092,2.0147,0.2,0.0888,523.34
5345,-4.3694,50,0,-3.6147,2.016,0.2,0.0876,523.43
5346,-4.4432,50,0,-3.6255,2.0175,0.2,0.1043,523.53
5347,-4.2436,50,0,-3.63,2.0184,0.2,0.1112,523.64
5348,-3.0971,50,0,-3.6349,2.0165,0.2,0.1252,523.77
5349,-3.2682,50,0,-3.6146,2.0098,0.2,0.1123,523.88
5350,-4.3458,50,0,-3.6576,1.9786,0.19,0.1018,523.98
5351,-0.0449,1,1,-3.6049,2.0037,0.2,0.0028,523.98
5352,-0.0447,1,1,-3.6052,2.0031,0.2,0.0029,523.99
5353,-4.6278,50,0,-3.6024,2.0015,0.2,0.0913,524.08
5354,-0.0153,1,1,-3.5722,2.0324,0.21,0.0031,524.08
5355,-0.0323,1,1,-3.5723,2.0322,0.21,0.0027,524.08
5356,-5.6,50,0,-3.5746,2.0344,0.21,0.0853,524.17
5357,-5.1956,50,0,-3.6261,2.0095,0.2,0.1014,524.27
5358,-0.0168,1,1,-3.5736,2.0343,0.21,0.0023,524.27
5359,-0.0339,1,1,-3.539,2.0646,0.22,0.0026,524.28
5360,-4.2602,50,0,-3.532,2.0609,0.22,0.1073,524.38
5361,-3.5393,50,0,-3.5186,2.0564,0.22,0.0948,524.48
5362,-4.4306,50,0,-3.5344,2.0573,0.22,0.105,524.58
5363,-5.2855,50,0,-3.5345,2.0574,0.22,0.0995,524.68
5364,-3.2641,50,0,-3.5316,2.0576,0.22,0.0889,524.77
5365,-5.6986,50,0,-3.5346,2.0605,0.22,0.1288,524.9
5366,-0.0443,1,1,-3.4859,2.0847,0.23,0.003,524.9
5367,-4.8189,50,0,-3.4695,2.0677,0.23,0.1064,525.01
5368,-0.0389,1,1,-3.4697,2.0674,0.23,0.0026,525.01
5369,-2.696,50,0,-3.4579,2.0684,0.23,0.1081,525.12
5370,-4.1827,50,0,-3.4344,2.0466,0.23,0.0986,525.22
5371,-3.4277,50,0,-3.4683,2.018,0.22,0.0963,525.32
5372,-6.3952,50,0,-3.4698,2.0202,0.22,0.1067,525.42
5373,-5.7822,50,0,-3.5275,2.003,0.21,0.0971,525.52
5374,-3.6473,50,0,-3.5285,2.003,0.21,0.1014,525.62
5375,-5.6481,50,0,-3.5848,1.9826,0.2,0.105,525.73
5376,-4.8261,50,0,-3.6328,1.9538,0.19,0.1101,525.84
5377,-0.0236,1,1,-3.5883,1.9846,0.2,0.002,525.84
5378,-3.9839,50,0,-3.5817,1.9821,0.2,0.0967,525.93
5379,-0.0459,1,1,-3.5294,2.0057,0.21,0.0054,525.94
5380,-4.3389,50,0,-3.5142,1.9937,0.21,0.0844,526.02
5381,-0.0287,1,1,-3.5143,1.9935,0.21,0.0018,526.03
5382,-5.4153,50,0,-3.5087,1.9874,0.21,0.1052,526.13
5383,-5.0742,50,0,-3.5233,1.9935,0.21,0.0976,526.23
5384,-4.7365,50,0,-3.524,1.9938,0.21,0.9956,527.22
5385,-0.0246,1,1,-3.4927,2.0237,0.22,0.0027,527.23
5386,-4.1126,50,0,-3.4861,2.0206,0.22,0.104,527.33
5387,-6.1481,50,0,-3.4948,2.0301,0.22,0.092,527.42
5388,-2.8286,50,0,-3.4838,2.0308,0.22,0.1209,527.54
5389,-5.945,50,0,-3.5001,2.0438,0.22,0.1075,527.65
5390,-3.8852,50,0,-3.4927,2.0411,0.22,0.1048,527.76
5391,-5.1354,50,0,-3.4917,2.0402,0.22,0.0909,527.85
5392,-5.9913,50,0,-3.5022,2.0504,0.22,0.0929,527.94
5393,-2.6095,50,0,-3.465,2.0324,0.22,0.1086,528.05
5394,-6.055,50,0,-3.4709,2.0391,0.22,0.0965,528.15
5395,-4.54,50,0,-3.4776,2.0415,0.22,0.0784,528.22
5396,-3.742,50,0,-3.4704,2.0392,0.22,0.0871,528.31
5397,-5.536,50,0,-3.4653,2.0334,0.22,0.0839,528.39
5398,-6.6182,50,0,-3.5311,2.028,0.21,0.1047,528.5
5399,-0.0156,1,1,-3.4884,2.0564,0.22,0.0019,528.5
5400,-3.9914,50,0,-3.4734,2.0472,0.22,0.0883,528.59
5401,-2.5933,50,0,-3.4588,2.0482,0.22,0.0925,528.68
5402,-0.0478,1,1,-3.404,2.0654,0.23,0.0018,528.68
5403,-4.8492,50,0,-3.4185,2.0704,0.23,0.0932,528.78
5404,-5.5298,50,0,-3.4289,2.0784,0.23,0.0904,528.87
5405,-5.776,50,0,-3.4594,2.0902,0.23,0.0897,528.96
5406,-0.0464,1,1,-3.4056,2.108,0.24,0.0028,528.96
5407,-0.0313,1,1,-3.3531,2.1259,0.25,0.0024,528.96
5408,-0.0048,1,1,-3.3053,2.1469,0.26,0.0022,528.96
5409,-0.0184,1,1,-3.2673,2.1709,0.27,0.0022,528.97
5410,-4.7114,50,0,-3.314,2.1512,0.26,0.1061,529.07
5411,-5.0593,50,0,-3.3643,2.1325,0.25,0.0924,529.17
5412,-4.8955,50,0,-3.3641,2.1323,0.25,0.1067,529.27
5413,-3.3986,50,0,-3.3571,2.1311,0.25,0.0838,529.36
5414,-4.5514,50,0,-3.3666,2.1343,0.25,0.0973,529.45
5415,-6.0973,50,0,-3.3956,2.1514,0.25,0.0916,529.55
5416,-0.0334,1,1,-3.3391,2.1647,0.26,0.0024,529.55
5417,-3.3369,50,0,-3.3358,2.1645,0.26,0.0956,529.64
5418,-0.041,1,1,-3.3033,2.1892,0.27,0.002,529.64
5419,-4.8273,50,0,-3.3121,2.1935,0.27,0.0901,529.74
5420,-5.2404,50,0,-3.3379,2.2008,0.27,0.0971,529.83
5421,-5.7179,50,0,-3.3689,2.2123,0.27,0.0954,529.93
5422,-6.4123,50,0,-3.3831,2.2272,0.27,0.0815,530.01
5423,-3.6457,50,0,-3.3925,2.2263,0.27,0.0895,530.1
5424,-5.8789,50,0,-3.4508,2.2143,0.26,0.0965,530.2
5425,-4.5234,50,0,-3.4956,2.19,0.25,0.0915,530.29
5426,-5.1344,50,0,-3.5467,2.168,0.24,0.1072,530.39
5427,-4.8589,50,0,-3.5312,2.153,0.24,0.0897,530.48
5428,-3.6213,50,0,-3.5316,2.153,0.24,0.0969,530.58
5429,-2.8713,50,0,-3.5183,2.153,0.24,0.1025,530.68
5430,-4.5698,50,0,-3.5198,2.1536,0.24,0.0956,530.78
5431,-2.678,50,0,-3.4914,2.1459,0.24,0.0878,530.87
5432,-0.033,1,1,-3.4916,2.1457,0.24,0.0019,530.87
5433,-5.7398,50,0,-3.5006,2.1532,0.24,0.0944,530.96
5434,-3.2372,50,0,-3.5327,2.125,0.23,0.0892,531.05
5435,-0.0215,1,1,-3.4831,2.1484,0.24,0.0027,531.05
5436,-2.6014,50,0,-3.4549,2.1413,0.24,1.0416,532.1
5437,-6.4799,50,0,-3.5192,2.1345,0.23,0.1119,532.21
5438,-4.7659,50,0,-3.5665,2.1092,0.22,0.1046,532.31
5439,-6.495,50,0,-3.6023,2.1281,0.22,0.1016,532.41
5440,-0.0254,1,1,-3.5744,2.1563,0.23,0.002,532.42
5441,-3.4116,50,0,-3.5686,2.156,0.23,0.0979,532.51
5442,-3.7522,50,0,-3.5576,2.1522,0.23,0.1021,532.62
5443,-0.0319,1,1,-3.4996,2.1682,0.24,0.0025,532.62
5444,-4.7077,50,0,-3.5049,2.1705,0.24,0.0939,532.71
5445,-5.1398,50,0,-3.5126,2.1749,0.24,0.105,532.82
5446,-4.2361,50,0,-3.5106,2.1742,0.24,0.1036,532.92
5447,-3.9937,50,0,-3.5081,2.1735,0.24,0.1008,533.02
5448,-2.5137,50,0,-3.5022,2.1753,0.24,0.0906,533.11
5449,-4.7564,50,0,-3.5171,2.1788,0.24,0.1027,533.22
5450,-5.9518,50,0,-3.5332,2.1907,0.24,0.09,533.31
5451,-4.7974,50,0,-3.5807,2.1659,0.23,0.0985,533.4
5452,-4.4598,50,0,-3.6249,2.1382,0.22,0.1017,533.51
5453,-3.0647,50,0,-3.6092,2.1365,0.22,0.0905,533.6
5454,-5.1833,50,0,-3.6609,2.1113,0.21,0.1066,533.7
5455,-3.8743,50,0,-3.6993,2.0797,0.2,0.9004,534.6
5456,-4.6959,50,0,-3.6903,2.0733,0.2,0.0859,534.69
5457,-0.0483,1,1,-3.6388,2.0991,0.21,0.0021,534.69
5458,-4.1632,50,0,-3.6803,2.0678,0.2,0.1103,534.8
5459,-3.4898,50,0,-3.7148,2.0352,0.19,0.1024,534.9
5460,-4.9144,50,0,-3.7214,2.038,0.19,0.0868,534.99
5461,-5.2719,50,0,-3.7387,2.0438,0.19,0.1071,535.1
5462,-4.1601,50,0,-3.736,2.043,0.19,0.1025,535.2
5463,-3.245,50,0,-3.7156,2.0376,0.19,0.0914,535.29
5464,-3.4445,50,0,-3.7174,2.0373,0.19,0.081,535.37
5465,-4.8201,50,0,-3.7086,2.0306,0.19,0.0712,535.44
5466,-0.0477,1,1,-3.7086,2.0306,0.19,0.0018,535.45
5467,-0.0164,1,1,-3.6606,2.0603,0.2,0.0018,535.45
5468,-3.8713,50,0,-3.6989,2.028,0.19,0.0986,535.55
5469,-0.0402,1,1,-3.6724,2.0581,0.2,0.0027,535.55
5470,-2.8617,50,0,-3.6592,2.059,0.2,0.098,535.65
5471,-4.3288,50,0,-3.6682,2.06,0.2,0.0879,535.73
5472,-4.5038,50,0,-3.6493,2.0435,0.2,0.1043,535.84
5473,-0.0364,1,1,-3.5918,2.0634,0.21,0.0022,535.84
5474,-6.0664,50,0,-3.616,2.078,0.21,0.1102,535.95
5475,-0.0221,1,1,-3.5597,2.0983,0.22,0.002,535.95
5476,-4.1181,50,0,-3.5527,2.0952,0.22,0.0851,536.04
5477,-6.0743,50,0,-3.6132,2.0797,0.21,0.0868,536.13
5478,-4.2967,50,0,-3.6163,2.0805,0.21,0.0788,536.2
5479,-3.9168,50,0,-3.655,2.0495,0.2,0.101,536.3
5480,-4.1913,50,0,-3.6535,2.049,0.2,0.1068,536.41
5481,-4.5287,50,0,-3.6985,2.0181,0.19,0.0927,536.5
5482,-4.4828,50,0,-3.6892,2.0123,0.19,0.0993,536.6
5483,-3.9842,50,0,-3.6783,2.0077,0.19,0.0849,536.69
5484,-3.4477,50,0,-3.6654,2.005,0.19,0.9782,537.67
5485,-2.9567,50,0,-3.6947,1.9728,0.18,0.1008,537.77
5486,-3.6418,50,0,-3.69,1.9723,0.18,0.1039,537.87
5487,-4.1847,50,0,-3.6704,1.9575,0.18,0.1066,537.98
5488,-5.3163,50,0,-3.6953,1.9624,0.18,0.091,538.07
5489,-3.1982,50,0,-3.6678,1.9499,0.18,0.1239,538.19
5490,-5.0682,50,0,-3.6796,1.9548,0.18,0.0972,538.29
5491,-3.0738,50,0,-3.659,1.9502,0.18,0.1004,538.39
5492,-4.4811,50,0,-3.6439,1.9379,0.18,0.0953,538.49
5493,-3.2793,50,0,-3.6506,1.9354,0.18,0.1076,538.59
5494,-3.3914,50,0,-3.624,1.9204,0.18,0.095,538.69
5495,-2.896,50,0,-3.6075,1.9196,0.18,0.0962,538.78
5496,-4.6269,50,0,-3.6164,1.9222,0.18,0.0936,538.88
5497,-0.0249,1,1,-3.5613,1.9452,0.19,0.0022,538.88
5498,-4.5673,50,0,-3.5408,1.9236,0.19,0.0944,538.98
5499,-4.6051,50,0,-3.5867,1.8934,0.18,0.0864,539.06
5500,-11.3019,50,0,-3.6598,2.0429,0.18,0.1178,539.18
5501,-4.7343,50,0,-3.6812,2.0428,0.18,0.1042,539.28
5502,-0.0471,1,1,-3.6812,2.0428,0.18,0.0026,539.29
5503,-3.6003,50,0,-3.6687,2.0395,0.18,0.0935,539.38
5504,-4.4372,50,0,-3.6578,2.0324,0.18,0.0944,539.47
5505,-3.2077,50,0,-3.6321,2.0216,0.18,0.0869,539.56
5506,-0.0281,1,1,-3.6319,2.022,0.18,0.0041,539.56
5507,-0.0329,1,1,-3.6319,2.0219,0.18,0.0018,539.57
5508,-4.6143,50,0,-3.678,1.991,0.17,0.0912,539.66
5509,-0.0042,1,1,-3.6779,1.9913,0.17,0.0019,539.66
5510,-5.909,50,0,-3.6898,2.0011,0.17,0.0978,539.76
5511,-3.5256,50,0,-3.6745,1.9964,0.17,0.0854,539.84
5512,-4.4971,50,0,-3.6705,1.9943,0.17,0.0879,539.93
5513,-3.921,50,0,-3.6757,1.9943,0.17,0.0943,540.02
5514,-6.2313,50,0,-3.6925,2.0086,0.17,0.1069,540.13
5515,-4.2396,50,0,-3.674,1.9948,0.17,0.1132,540.24
5516,-0.0387,1,1,-3.674,1.9947,0.17,0.0033,540.25
5517,-2.8139,50,0,-3.6688,1.9963,0.17,0.0945,540.34
5518,-2.8707,50,0,-3.6971,1.9645,0.16,0.0993,540.44
5519,-5.3729,50,0,-3.7025,1.9684,0.16,0.0952,540.54
5520,-0.0489,1,1,-3.6506,1.9954,0.17,0.0023,540.54
5521,-2.9183,50,0,-3.6226,1.9858,0.17,0.1021,540.64
5522,-4.7741,50,0,-3.6062,1.9694,0.17,0.1012,540.74
5523,-3.4158,50,0,-3.6039,1.9695,0.17,0.1005,540.84
5524,-4.6656,50,0,-3.5918,1.9592,0.17,0.1021,540.95
5525,-4.0495,50,0,-3.5871,1.9575,0.17,0.1033,541.05
5526,-4.8228,50,0,-3.584,1.9553,0.17,0.1023,541.15
5527,-4.6197,50,0,-3.5816,1.9538,0.17,0.0909,541.24
5528,-6.0909,50,0,-3.6063,1.9697,0.17,0.0972,541.34
5529,-6.724,50,0,-3.6448,1.9925,0.17,0.0986,541.44
5530,-5.8076,50,0,-3.6572,2.0021,0.17,0.0928,541.53
5531,-4.3747,50,0,-3.6741,2.0009,0.17,0.0806,541.61
5532,-2.7598,50,0,-3.7014,1.9694,0.16,1.0503,542.66
5533,-3.6425,50,0,-3.6804,1.9587,0.16,0.1014,542.76
5534,-2.6554,50,0,-3.6746,1.9609,0.16,0.1046,542.87
5535,-5.3714,50,0,-3.7281,1.9333,0.15,0.0918,542.96
5536,-6.0397,50,0,-3.7625,1.9435,0.15,0.1013,543.06
5537,-5.9256,50,0,-3.757,1.9365,0.15,0.0866,543.15
5538,-4.1245,50,0,-3.7505,1.9342,0.15,0.0804,543.23
5539,-3.5255,50,0,-3.7208,1.9145,0.15,0.091,543.32
5540,-3.9905,50,0,-3.7605,1.8783,0.14,0.0916,543.41
5541,-0.04,1,1,-3.7268,1.9142,0.15,0.0025,543.41
5542,-5.1976,50,0,-3.7412,1.9198,0.15,0.1008,543.51
5543,-0.0483,1,1,-3.7414,1.9195,0.15,0.0024,543.52
5544,-6.8015,50,0,-3.7623,1.9412,0.15,0.0928,543.61
5545,-6.0447,50,0,-3.7714,1.9497,0.15,0.0926,543.7
5546,-4.9093,50,0,-3.7781,1.9524,0.15,0.1246,543.83
5547,-3.6284,50,0,-3.7745,1.9524,0.15,0.099,543.92
5548,-0.0276,1,1,-3.7496,1.9838,0.16,0.0032,543.93
5549,-0.0401,1,1,-3.7024,2.0152,0.17,0.0031,543.93
5550,-3.9602,50,0,-3.6825,2.0026,0.17,0.1022,544.03
5551,-3.5098,50,0,-3.6696,1.9996,0.17,0.0868,544.12
5552,-4.1258,50,0,-3.6663,1.9985,0.17,0.0913,544.21
5553,-3.0627,50,0,-3.6663,1.9985,0.17,0.087,544.3
5554,-4.1709,50,0,-3.6562,1.9934,0.17,0.0877,544.39
5555,-2.5563,50,0,-3.643,1.9962,0.17,0.0919,544.48
5556,-4.5325,50,0,-3.6414,1.9954,0.17,0.1135,544.59
5557,-0.0058,1,1,-3.6409,1.9962,0.17,0.0035,544.59
5558,-5.6514,50,0,-3.6558,2.0056,0.17,0.1064,544.7
5559,-4.2044,50,0,-3.663,2.0062,0.17,0.1066,544.81
5560,-4.0252,50,0,-3.6541,2.0026,0.17,0.0909,544.9
5561,-2.5386,50,0,-3.6267,1.999,0.17,0.1028,545.0
5562,-0.0304,1,1,-3.5854,2.03,0.18,0.0023,545.0
5563,-5.0903,50,0,-3.6039,2.0352,0.18,0.1053,545.11
5564,-4.0892,50,0,-3.6103,2.0357,0.18,0.0983,545.21
5565,-3.5996,50,0,-3.5981,2.0321,0.18,0.1129,545.32
5566,-3.3173,50,0,-3.6308,2.0007,0.17,0.104,545.42
5567,-5.2091,50,0,-3.6827,1.9735,0.16,0.1018,545.53
5568,-5.8028,50,0,-3.7021,1.9846,0.16,0.1038,545.63
5569,-0.0298,1,1,-3.702,1.9848,0.16,0.0018,545.63
5570,-0.0295,1,1,-3.6736,2.0166,0.17,0.0019,545.63
5571,-3.3587,50,0,-3.6639,2.0157,0.17,0.096,545.73
5572,-3.9202,50,0,-3.6581,2.0141,0.17,0.0956,545.83
5573,-0.0453,1,1,-3.6582,2.014,0.17,0.0025,545.83
5574,-3.0687,50,0,-3.6282,2.0002,0.17,0.0949,545.92
5575,-3.5844,50,0,-3.6638,1.9671,0.16,0.1014,546.02
5576,-4.2062,50,0,-3.6647,1.9673,0.16,0.1061,546.13
5577,-4.9157,50,0,-3.6531,1.9565,0.16,0.0873,546.22
5578,-0.0314,1,1,-3.6105,1.9882,0.17,0.0035,546.22
5579,-4.5724,50,0,-3.617,1.9903,0.17,0.0972,546.32
5580,-5.8031,50,0,-3.6332,2.0014,0.17,0.1106,546.43
5581,-0.3121,6,1,-3.591,2.0263,0.18,0.0132,546.44
5582,-4.3956,50,0,-3.5901,2.0259,0.18,0.1023,546.54
5583,-5.9966,50,0,-3.6102,2.0397,0.18,0.1036,546.65
5584,-3.0717,50,0,-3.6065,2.0403,0.18,1.0004,547.65
5585,-0.0471,1,1,-3.5774,2.0699,0.19,0.0025,547.65
5586,-0.0495,1,1,-3.5415,2.0995,0.2,0.0022,547.65
5587,-3.5338,50,0,-3.5349,2.0985,0.2,0.124,547.78
5588,-3.1588,50,0,-3.5134,2.0911,0.2,0.1082,547.89
5589,-6.5039,50,0,-3.5464,2.1119,0.2,0.1153,548.0
5590,-0.04,1,1,-3.4961,2.1348,0.21,0.002,548.0
5591,-6.6035,50,0,-3.5314,2.1566,0.21,0.0809,548.08
5592,-3.5625,50,0,-3.5223,2.1545,0.21,0.1065,548.19
5593,-0.0374,1,1,-3.4898,2.1821,0.22,0.0022,548.19
5594,-4.7466,50,0,-3.5034,2.1857,0.22,0.1053,548.3
5595,-6.0216,50,0,-3.5346,2.1991,0.22,0.0903,548.39
5596,-0.0336,1,1,-3.4887,2.2236,0.23,0.002,548.39
5597,-3.5412,50,0,-3.5239,2.1962,0.22,0.0996,548.49
5598,-0.0182,1,1,-3.4784,2.2211,0.23,0.0023,548.49
5599,-0.0416,1,1,-3.4328,2.2442,0.24,0.0023,548.49
5600,-0.019,1,1,-3.3199,2.1263,0.25,0.0021,548.5
5601,-0.0155,1,1,-3.2727,2.1466,0.26,0.0064,548.5
5602,-4.3046,50,0,-3.3153,2.1243,0.25,0.1053,548.61
5603,-4.6832,50,0,-3.3261,2.1285,0.25,0.1038,548.71
5604,-4.5148,50,0,-3.3269,2.1289,0.25,0.0963,548.81
5605,-3.5267,50,0,-3.3301,2.129,0.25,0.101,548.91
5606,-4.0386,50,0,-3.3702,2.1041,0.24,0.0759,548.98
5607,-4.3538,50,0,-3.4134,2.0793,0.23,0.1005,549.09
5608,-5.3166,50,0,-3.4204,2.0845,0.23,0.1016,549.19
5609,-4.9696,50,0,-3.4701,2.0616,0.22,0.0853,549.27
5610,-5.5265,50,0,-3.4663,2.0574,0.22,0.088,549.36
5611,-2.9402,50,0,-3.4604,2.058,0.22,0.1044,549.46
5612,-4.8888,50,0,-3.4643,2.0604,0.22,0.1029,549.57
5613,-0.0196,1,1,-3.4253,2.0881,0.23,0.0026,549.57
5614,-4.2081,50,0,-3.4051,2.0706,0.23,0.0935,549.66
5615,-2.5386,50,0,-3.3881,2.0706,0.23,0.0873,549.75
5616,-4.1579,50,0,-3.4293,2.0444,0.22,0.0939,549.84
5617,-3.5229,50,0,-3.4364,2.0435,0.22,0.1282,549.97
5618,-4.4867,50,0,-3.4525,2.0453,0.22,0.0985,550.07
5619,-3.1397,50,0,-3.4302,2.0364,0.22,0.1215,550.19
5620,-5.4432,50,0,-3.4841,2.0175,0.21,0.0913,550.28
5621,-4.9306,50,0,-3.5043,2.0218,0.21,0.0937,550.38
5622,-5.4081,50,0,-3.5106,2.0267,0.21,0.0903,550.47
5623,-0.026,1,1,-3.4767,2.0562,0.22,0.0027,550.47
5624,-4.6788,50,0,-3.4768,2.0562,0.22,0.1159,550.59
5625,-4.6218,50,0,-3.4826,2.0586,0.22,0.1361,550.72
5626,-4.7429,50,0,-3.4818,2.0581,0.22,0.0923,550.82
5627,-0.045,1,1,-3.436,2.083,0.23,0.0025,550.82
5628,-4.7639,50,0,-3.4227,2.0702,0.23,0.1091,550.93
5629,-0.0482,1,1,-3.356,2.0703,0.24,0.0025,550.93
5630,-5.7228,50,0,-3.3551,2.0694,0.24,0.1016,551.03
5631,-3.8401,50,0,-3.3498,2.0674,0.24,0.0974,551.13
5632,-5.1643,50,0,-3.3738,2.0744,0.24,0.1024,551.23
5633,-5.7713,50,0,-3.3951,2.0879,0.24,0.1052,551.34
5634,-3.7224,50,0,-3.4058,2.0868,0.24,0.137,551.47
5635,-3.6197,50,0,-3.3883,2.0776,0.24,0.098,551.57
5636,-3.0713,50,0,-3.3586,2.0606,0.24,0.0903,551.66
5637,-0.0456,1,1,-3.2998,2.0704,0.25,0.0027,551.66
5638,-0.028,1,1,-3.2588,2.0941,0.26,0.0025,551.67
5639,-2.6353,50,0,-3.2499,2.0948,0.26,0.0956,551.76
5640,-6.156,50,0,-3.2716,2.1135,0.26,1.0539,552.82
5641,-3.8542,50,0,-3.3097,2.0891,0.25,0.0931,552.91
5642,-3.2553,50,0,-3.2903,2.0804,0.25,0.1366,553.05
5643,-5.1711,50,0,-3.3415,2.063,0.24,0.1032,553.15
5644,-5.2573,50,0,-3.3261,2.0427,0.24,0.074,553.22
5645,-0.0325,1,1,-3.266,2.0503,0.25,0.0019,553.22
5646,-3.0215,50,0,-3.2471,2.0437,0.25,0.0934,553.32
5647,-5.4384,50,0,-3.2652,2.055,0.25,0.1049,553.42
5648,-2.9136,50,0,-3.294,2.0294,0.24,0.0977,553.52
5649,-5.5939,50,0,-3.3496,2.0156,0.23,0.1134,553.63
5650,-2.9644,50,0,-3.3396,2.015,0.23,0.0937,553.73
5651,-4.9634,50,0,-3.3542,2.0214,0.23,0.1016,553.83
5652,-4.7247,50,0,-3.3601,2.0246,0.23,0.0973,553.93
5653,-3.3612,50,0,-3.3631,2.0243,0.23,0.0978,554.02
5654,-5.2862,50,0,-3.3743,2.0318,0.23,0.093,554.12
5655,-4.2906,50,0,-3.3916,2.0322,0.23,0.0804,554.2
5656,-2.5988,50,0,-3.3723,2.0304,0.23,0.0958,554.29
5657,-4.8895,50,0,-3.4211,2.0075,0.22,0.0878,554.38
5658,-6.1126,50,0,-3.4257,2.0131,0.22,0.1103,554.49
5659,-5.9477,50,0,-3.4432,2.0273,0.22,0.0803,554.57
5660,-4.7614,50,0,-3.4505,2.0307,0.22,0.1035,554.68
5661,-4.3893,50,0,-3.469,2.0307,0.22,0.0886,554.76
5662,-4.4868,50,0,-3.5136,2.0035,0.21,0.0924,554.86
5663,-3.9231,50,0,-3.5019,1.9977,0.21,0.0881,554.94
5664,-0.0478,1,1,-3.4615,2.0261,0.22,0.0025,554.95
5665,-0.0496,1,1,-3.426,2.0542,0.23,0.0024,554.95
5666,-6.5516,50,0,-3.4584,2.0776,0.23,0.0878,555.04
5667,-3.0605,50,0,-3.4369,2.0705,0.23,0.1125,555.15
5668,-4.8452,50,0,-3.4273,2.0617,0.23,0.1289,555.28
5669,-3.0876,50,0,-3.4579,2.0336,0.22,0.0949,555.37
5670,-0.0283,1,1,-3.4579,2.0336,0.22,0.0029,555.38
5671,-5.547,50,0,-3.4797,2.0442,0.22,0.11,555.49
5672,-3.5355,50,0,-3.4759,2.0437,0.22,0.0963,555.58
5673,-2.6599,50,0,-3.502,2.0162,0.21,0.1199,555.7
5674,-0.0373,1,1,-3.4717,2.0451,0.22,0.0022,555.7
5675,-5.4385,50,0,-3.4903,2.0544,0.22,0.0761,555.78
5676,-6.3744,50,0,-3.512,2.0732,0.22,0.1012,555.88
5677,-3.4861,50,0,-3.4977,2.0684,0.22,0.1003,555.98
5678,-4.5747,50,0,-3.5431,2.0415,0.21,0.1045,556.09
5679,-2.9452,50,0,-3.5268,2.0397,0.21,0.0925,556.18
5680,-5.0014,50,0,-3.5188,2.0323,0.21,0.0993,556.28
5681,-2.9866,50,0,-3.5456,2.0073,0.2,0.1099,556.39
5682,-5.0064,50,0,-3.5517,2.0108,0.2,0.0797,556.47
5683,-5.4495,50,0,-3.5462,2.0049,0.2,0.094,556.56
5684,-4.8315,50,0,-3.5638,2.0084,0.2,0.1009,556.66
5685,-2.8709,50,0,-3.592,1.9784,0.19,1.0573,557.72
5686,-4.4421,50,0,-3.6359,1.9478,0.18,0.1271,557.85
5687,-0.0219,1,1,-3.6008,1.9807,0.19,0.0031,557.85
5688,-4.7261,50,0,-3.6165,1.9833,0.19,0.1073,557.96
5689,-4.3358,50,0,-3.5948,1.9634,0.19,0.0961,558.05
5690,-5.1384,50,0,-3.6458,1.9364,0.18,0.0918,558.15
5691,-5.5469,50,0,-3.6352,1.9231,0.18,0.0997,558.25
5692,-0.0479,1,1,-3.6001,1.9559,0.19,0.0029,558.25
5693,-5.2012,50,0,-3.6517,1.9292,0.18,0.0956,558.34
5694,-4.1384,50,0,-3.6457,1.9267,0.18,0.1167,558.46
5695,-4.4309,50,0,-3.6297,1.9135,0.18,0.1116,558.57
5696,-0.0251,1,1,-3.6297,1.9137,0.18,0.0029,558.58
5697,-0.0365,1,1,-3.5946,1.9468,0.19,0.0029,558.58
5698,-4.7351,50,0,-3.6418,1.9165,0.18,0.103,558.68
5699,-4.4211,50,0,-3.6856,1.8834,0.17,0.1049,558.79
5700,-3.6056,50,0,-3.7214,1.8471,0.16,0.087,558.87
5701,-2.6571,50,0,-3.7479,1.8125,0.15,0.0952,558.97
5702,-6.5016,50,0,-3.7698,1.8323,0.15,0.7307,559.7
5703,-6.2168,50,0,-3.7852,1.8462,0.15,0.1042,559.8
5704,-0.0177,1,1,-3.7402,1.8823,0.16,0.0026,559.81
5705,-5.1988,50,0,-3.7569,1.8878,0.16,0.1096,559.92
5706,-3.3432,50,0,-3.75,1.888,0.16,0.0909,560.01
5707,-5.4215,50,0,-3.7606,1.8944,0.16,0.0992,560.11
5708,-0.0493,1,1,-3.708,1.9234,0.17,0.0032,560.11
5709,-4.9499,50,0,-3.7078,1.9233,0.17,0.1136,560.22
5710,-0.0472,1,1,-3.653,1.9486,0.18,0.0019,560.22
5711,-5.5065,50,0,-3.6786,1.9559,0.18,0.0981,560.32
5712,-4.6021,50,0,-3.6758,1.9543,0.18,0.0769,560.4
5713,-3.4894,50,0,-3.7105,1.9196,0.17,0.0839,560.48
5714,-4.9229,50,0,-3.7176,1.9228,0.17,0.1051,560.59
5715,-4.3756,50,0,-3.736,1.9202,0.17,0.0988,560.69
5716,-4.21,50,0,-3.7365,1.9203,0.17,0.0864,560.77
5717,-4.6115,50,0,-3.7474,1.9222,0.17,0.0813,560.85
5718,-4.3829,50,0,-3.7464,1.9218,0.17,0.095,560.95
5719,-4.9605,50,0,-3.7646,1.9246,0.17,0.0979,561.05
5720,-6.2856,50,0,-3.773,1.9337,0.17,0.1061,561.15
5721,-3.2544,50,0,-3.7562,1.9309,0.17,0.0919,561.25
5722,-4.9325,50,0,-3.7515,1.9274,0.17,0.0925,561.34
5723,-4.6865,50,0,-3.7981,1.8928,0.16,0.1124,561.45
5724,-3.9898,50,0,-3.7912,1.8908,0.16,0.0934,561.54
5725,-2.8263,50,0,-3.7732,1.8914,0.16,0.0941,561.64
5726,-0.0354,1,1,-3.7261,1.9249,0.17,0.0026,561.64
5727,-5.9311,50,0,-3.785,1.9013,0.16,0.122,561.76
5728,-3.863,50,0,-3.776,1.8988,0.16,0.1102,561.87
5729,-0.0141,1,1,-3.7757,1.8995,0.16,0.0034,561.88
5730,-6.1292,50,0,-3.7797,1.904,0.16,0.1178,561.99
5731,-0.029,1,1,-3.7416,1.9403,0.17,0.0023,562.0
5732,-3.9488,50,0,-3.7295,1.9351,0.17,0.0877,562.08
5733,-2.6473,50,0,-3.6982,1.9271,0.17,0.1205,562.2
5734,-13.0346,50,0,-3.7913,2.1393,0.17,0.0869,562.29
5735,-3.7975,50,0,-3.7931,2.1392,0.17,0.0992,562.39
5736,-5.3734,50,0,-3.8161,2.1437,0.17,1.0124,563.4
5737,-4.3823,50,0,-3.8595,2.1106,0.16,0.1059,563.51
5738,-2.918,50,0,-3.8884,2.0775,0.15,0.1017,563.61
5739,-2.9948,50,0,-3.892,2.0756,0.15,0.1007,563.71
5740,-5.2732,50,0,-3.8832,2.0678,0.15,0.0962,563.81
5741,-3.3166,50,0,-3.8778,2.0686,0.15,0.0878,563.9
5742,-3.1909,50,0,-3.8772,2.0688,0.15,0.0966,563.99
5743,-0.0215,1,1,-3.8257,2.0998,0.16,0.0022,563.99
5744,-4.3121,50,0,-3.8162,2.0955,0.16,0.0943,564.09
5745,-4.2309,50,0,-3.8582,2.061,0.15,0.0952,564.18
5746,-4.7942,50,0,-3.8759,2.0614,0.15,0.108,564.29
5747,-5.2569,50,0,-3.8741,2.0601,0.15,0.0939,564.39
5748,-4.0185,50,0,-3.8851,2.0579,0.15,0.0802,564.47
5749,-3.6773,50,0,-3.866,2.0508,0.15,0.1014,564.57
5750,-3.8746,50,0,-3.8751,2.0488,0.15,0.102,564.67
5751,-3.9156,50,0,-3.8646,2.0459,0.15,0.102,564.77
5752,-3.5527,50,0,-3.8529,2.0443,0.15,0.0942,564.87
5753,-0.0349,1,1,-3.8196,2.0788,0.16,0.0025,564.87
5754,-0.0427,1,1,-3.7672,2.107,0.17,0.0021,564.87
5755,-3.8944,50,0,-3.7632,2.1064,0.17,0.0958,564.97
5756,-4.9982,50,0,-3.7872,2.1067,0.17,0.1174,565.08
5757,-3.6938,50,0,-3.7753,2.1038,0.17,0.0896,565.17
5758,-0.0139,1,1,-3.7143,2.1235,0.18,0.0054,565.18
5759,-3.9412,50,0,-3.6942,2.1117,0.18,0.0853,565.26
5760,-0.0414,1,1,-3.647,2.1399,0.19,0.0032,565.27
5761,-6.182,50,0,-3.6649,2.1535,0.19,0.0983,565.36
5762,-6.3605,50,0,-3.6837,2.1687,0.19,0.0974,565.46
5763,-0.0377,1,1,-3.6448,2.1986,0.2,0.0024,565.46
5764,-0.0262,1,1,-3.6446,2.199,0.2,0.0021,565.47
5765,-5.7612,50,0,-3.7017,2.1789,0.19,0.1053,565.57
5766,-4.4988,50,0,-3.6812,2.1616,0.19,0.0998,565.67
5767,-5.2467,50,0,-3.7031,2.1663,0.19,0.1043,565.78
5768,-0.0217,1,1,-3.6548,2.1938,0.2,0.0018,565.78
5769,-5.5926,50,0,-3.6799,2.2015,0.2,0.1109,565.89
5770,-5.8692,50,0,-3.7383,2.1812,0.19,0.1001,565.99
5771,-3.6549,50,0,-3.7194,2.1736,0.19,0.1214,566.11
5772,-4.0888,50,0,-3.7249,2.1739,0.19,0.0944,566.2
5773,-3.6239,50,0,-3.7345,2.1713,0.19,0.1027,566.31
5774,-6.7065,50,0,-3.8012,2.1591,0.18,0.1019,566.41
5775,-6.2132,50,0,-3.809,2.1663,0.18,0.1015,566.51
5776,-3.4711,50,0,-3.7799,2.1511,0.18,0.1085,566.62
5777,-5.7701,50,0,-3.8028,2.16,0.18,0.1261,566.75
5778,-3.3179,50,0,-3.7902,2.1591,0.18,0.1002,566.85
5779,-5.7645,50,0,-3.8184,2.1663,0.18,0.0998,566.95
5780,-0.0361,1,1,-3.7688,2.1953,0.19,0.0026,566.95
5781,-0.0285,1,1,-3.7392,2.2254,0.2,0.0023,566.95
5782,-5.0578,50,0,-3.7397,2.2257,0.2,0.1003,567.05
5783,-0.0325,1,1,-3.6855,2.2492,0.21,0.0027,567.05
5784,-5.489,50,0,-3.6921,2.2535,0.21,0.1044,567.16
5785,-3.7061,50,0,-3.7004,2.252,0.21,0.0949,567.25
5786,-5.0598,50,0,-3.7066,2.2549,0.21,0.0959,567.35
5787,-3.9883,50,0,-3.7463,2.2244,0.2,0.1118,567.46
5788,-5.4562,50,0,-3.7536,2.2288,0.2,1.0497,568.51
5789,-5.2978,50,0,-3.7632,2.2333,0.2,0.0988,568.61
5790,-4.9037,50,0,-3.7609,2.232,0.2,0.0987,568.71
5791,-0.013,1,1,-3.7055,2.2555,0.21,0.0035,568.71
5792,-0.0158,1,1,-3.7052,2.256,0.21,0.003,568.71
5793,-5.1741,50,0,-3.7049,2.2559,0.21,0.1091,568.82
5794,-4.0052,50,0,-3.7036,2.2557,0.21,0.0824,568.91
5795,-5.2606,50,0,-3.7119,2.2598,0.21,0.0956,569.0
5796,-5.1302,50,0,-3.7629,2.2335,0.2,0.0899,569.09
5797,-4.872,50,0,-3.8113,2.2044,0.19,0.0954,569.19
5798,-0.0331,1,1,-3.7643,2.2342,0.2,0.0022,569.19
5799,-4.1009,50,0,-3.7611,2.2335,0.2,0.1012,569.29
5800,-4.5866,50,0,-3.7709,2.2349,0.2,0.1165,569.41
5801,-4.3576,50,0,-3.7879,2.2328,0.2,0.0858,569.49
5802,-3.3147,50,0,-3.756,2.2166,0.2,0.096,569.59
5803,-3.0808,50,0,-3.7247,2.2037,0.2,0.093,569.68
5804,-3.29,50,0,-3.7574,2.1725,0.19,0.0964,569.78
5805,-5.5628,50,0,-3.761,2.1752,0.19,0.1054,569.88
5806,-3.9218,50,0,-3.7668,2.1748,0.19,0.1076,569.99
5807,-4.5501,50,0,-3.7581,2.1699,0.19,0.0825,570.07
5808,-0.0458,1,1,-3.7581,2.17,0.19,0.0026,570.08
5809,-5.7942,50,0,-3.7665,2.1762,0.19,0.0988,570.17
5810,-4.8618,50,0,-3.8146,2.1465,0.18,0.0931,570.27
5811,-4.5873,50,0,-3.8055,2.1412,0.18,0.1232,570.39
5812,-2.7703,50,0,-3.7871,2.1421,0.18,0.1019,570.49
5813,-0.0145,1,1,-3.7524,2.1746,0.19,0.0021,570.49
5814,-5.8265,50,0,-3.7614,2.1813,0.19,0.1085,570.6
5815,-0.0472,1,1,-3.7181,2.2114,0.2,0.0019,570.61
5816,-0.0355,1,1,-3.6764,2.241,0.21,0.0017,570.61
5817,-0.0332,1,1,-3.6306,2.268,0.22,0.0016,570.61
5818,-6.5911,50,0,-3.6527,2.2859,0.22,0.083,570.69
5819,-4.7965,50,0,-3.6511,2.285,0.22,0.0934,570.78
5820,-0.0357,1,1,-3.5886,2.2975,0.23,0.002,570.79
5821,-3.971,50,0,-3.5957,2.2976,0.23,0.1001,570.89
5822,-2.9617,50,0,-3.576,2.2945,0.23,0.0891,570.98
5823,-3.8237,50,0,-3.5674,2.2919,0.23,0.0925,571.07
5824,-5.4487,50,0,-3.582,2.2992,0.23,0.0901,571.16
5825,-0.0347,1,1,-3.5541,2.325,0.24,0.0026,571.16
5826,-2.8892,50,0,-3.5826,2.299,0.23,0.0987,571.26
5827,-0.0245,1,1,-3.5235,2.3137,0.24,0.0018,571.26
5828,-5.4771,50,0,-3.5397,2.3217,0.24,0.0867,571.35
5829,-6.383,50,0,-3.6034,2.3114,0.23,0.0993,571.45
5830,-2.5559,50,0,-3.5676,2.2997,0.23,0.0969,571.54
5831,-3.2558,50,0,-3.5999,2.2723,0.22,0.1144,571.66
5832,-4.2752,50,0,-3.6032,2.273,0.22,0.1102,571.77
5833,-5.0743,50,0,-3.6274,2.2756,0.22,0.0967,571.87
5834,-2.6074,50,0,-3.5232,2.072,0.22,0.0895,571.96
5835,-3.9597,50,0,-3.5248,2.0722,0.22,0.0909,572.05
5836,-0.0417,1,1,-3.4715,2.0925,0.23,0.0025,572.05
5837,-4.9877,50,0,-3.4775,2.096,0.23,0.0951,572.14
5838,-3.0139,50,0,-3.4785,2.0958,0.23,0.0814,572.23
5839,-2.5712,50,0,-3.4742,2.0972,0.23,0.102,572.33
5840,-5.0769,50,0,-3.4723,2.0956,0.23,0.0731,572.4
5841,-0.0074,1,1,-3.4392,2.1237,0.24,0.0018,572.4
5842,-3.7287,50,0,-3.4446,2.1237,0.24,0.987,573.39
5843,-5.8132,50,0,-3.5025,2.1085,0.23,0.1014,573.49
5844,-0.0444,1,1,-3.4598,2.1347,0.24,0.0029,573.49
5845,-4.0711,50,0,-3.4582,2.1342,0.24,0.1127,573.61
5846,-3.3754,50,0,-3.444,2.13,0.24,0.1194,573.73
5847,-2.6675,50,0,-3.4181,2.1235,0.24,0.1134,573.84
5848,-3.7614,50,0,-3.4156,2.123,0.24,0.0887,573.93
5849,-3.8452,50,0,-3.4172,2.1232,0.24,0.0911,574.02
5850,-2.8356,50,0,-3.4068,2.1235,0.24,0.1231,574.14
5851,-3.8219,50,0,-3.4059,2.1233,0.24,0.0746,574.22
5852,-4.0038,50,0,-3.4104,2.1241,0.24,0.0914,574.31
5853,-5.4404,50,0,-3.4645,2.1062,0.23,0.088,574.4
5854,-4.3012,50,0,-3.5071,2.0795,0.22,0.1113,574.51
5855,-3.9726,50,0,-3.5078,2.0796,0.22,0.0899,574.6
5856,-2.8165,50,0,-3.486,2.0753,0.22,0.0929,574.69
5857,-4.0472,50,0,-3.4896,2.076,0.22,0.0997,574.79
5858,-3.3431,50,0,-3.5228,2.0465,0.21,0.1083,574.9
5859,-0.0187,1,1,-3.4836,2.0754,0.22,0.0018,574.9
5860,-5.0296,50,0,-3.5335,2.0519,0.21,0.1044,575.0
5861,-5.6937,50,0,-3.5286,2.0462,0.21,0.107,575.11
5862,-3.6983,50,0,-3.502,2.0264,0.21,0.0972,575.21
5863,-5.5859,50,0,-3.5575,2.0066,0.2,0.1138,575.32
5864,-4.1343,50,0,-3.5986,1.9757,0.19,0.1056,575.43
5865,-3.9362,50,0,-3.5803,1.9641,0.19,0.1019,575.53
5866,-4.7658,50,0,-3.583,1.9655,0.19,0.0886,575.62
5867,-3.5909,50,0,-3.5664,1.9584,0.19,0.1059,575.72
5868,-4.1619,50,0,-3.6078,1.9265,0.18,0.0931,575.82
5869,-4.2996,50,0,-3.5949,1.9175,0.18,0.0942,575.91
5870,-4.2377,50,0,-3.5786,1.9049,0.18,0.0785,575.99
5871,-4.6609,50,0,-3.5886,1.908,0.18,0.1097,576.1
5872,-0.0368,1,1,-3.5481,1.9397,0.19,0.0029,576.1
5873,-4.9059,50,0,-3.5609,1.9444,0.19,0.1267,576.23
5874,-5.2131,50,0,-3.546,1.9258,0.19,0.0966,576.33
5875,-3.6152,50,0,-3.52,1.9071,0.19,0.1184,576.44
5876,-0.0455,1,1,-3.4858,1.9382,0.2,0.0024,576.45
5877,-5.4296,50,0,-3.4824,1.9344,0.2,0.0925,576.54
5878,-4.574,50,0,-3.4949,1.9374,0.2,0.1006,576.64
5879,-5.2612,50,0,-3.4899,1.9322,0.2,0.1024,576.74
5880,-5.8094,50,0,-3.5476,1.9143,0.19,0.0957,576.84
5881,-5.1327,50,0,-3.5987,1.8876,0.18,0.0945,576.93
5882,-5.1385,50,0,-3.5995,1.8883,0.18,0.0879,577.02
5883,-0.0336,1,1,-3.5995,1.8882,0.18,0.0021,577.02
5884,-5.3729,50,0,-3.5983,1.8871,0.18,0.0786,577.1
5885,-5.3881,50,0,-3.6151,1.8955,0.18,0.0896,577.19
5886,-0.3389,7,1,-3.5679,1.9176,0.19,0.0156,577.21
5887,-4.9973,50,0,-3.578,1.9224,0.19,0.0923,577.3
5888,-4.7151,50,0,-3.5706,1.9166,0.19,1.0194,578.32
5889,-3.9919,50,0,-3.5576,1.9092,0.19,0.1062,578.42
5890,-0.0079,1,1,-3.5086,1.9366,0.2,0.0029,578.43
5891,-0.0181,1,1,-3.5087,1.9365,0.2,0.0034,578.43
5892,-3.1449,50,0,-3.5399,1.9048,0.19,0.114,578.54
5893,-3.599,50,0,-3.5242,1.8978,0.19,0.0967,578.64
5894,-4.2857,50,0,-3.527,1.8987,0.19,0.1021,578.74
5895,-3.9949,50,0,-3.5143,1.8913,0.19,0.0909,578.83
5896,-0.0487,1,1,-3.4635,1.9153,0.2,0.0018,578.84
5897,-3.7347,50,0,-3.4521,1.9103,0.2,0.1049,578.94
5898,-6.7778,50,0,-3.5196,1.9074,0.19,0.1086,579.05
5899,-4.1795,50,0,-3.5204,1.9077,0.19,0.1032,579.15
5900,-3.691,50,0,-3.5114,1.9048,0.19,0.0981,579.25
5901,-5.4063,50,0,-3.5219,1.9123,0.19,0.1066,579.36
5902,-5.7948,50,0,-3.5467,1.9255,0.19,0.101,579.46
5903,-2.8112,50,0,-3.544,1.9263,0.19,0.1138,579.57
5904,-5.0437,50,0,-3.5616,1.9319,0.19,0.1186,579.69
5905,-4.7672,50,0,-3.5536,1.9252,0.19,0.127,579.82
5906,-0.0349,1,1,-3.5147,1.9564,0.2,0.0031,579.82
5907,-3.0902,50,0,-3.5001,1.9541,0.2,0.1226,579.94
5908,-5.0272,50,0,-3.5499,1.9287,0.19,0.091,580.03
5909,-2.9918,50,0,-3.5219,1.9162,0.19,0.0838,580.12
5910,-6.737,50,0,-3.5407,1.9383,0.19,0.0839,580.2
5911,-4.322,50,0,-3.538,1.937,0.19,0.1087,580.31
5912,-5.4889,50,0,-3.5652,1.9451,0.19,0.1216,580.43
5913,-4.1956,50,0,-3.607,1.913,0.18,0.0807,580.51
5914,-3.2311,50,0,-3.5811,1.9003,0.18,0.1017,580.62
5915,-5.0948,50,0,-3.6315,1.8726,0.17,0.1171,580.73
5916,-4.4281,50,0,-3.6755,1.8389,0.16,0.1196,580.85
5917,-0.0211,1,1,-3.6753,1.8392,0.16,0.0023,580.85
5918,-4.735,50,0,-3.6568,1.8189,0.16,0.0979,580.95
5919,-2.9259,50,0,-3.6381,1.8167,0.16,0.0995,581.05
5920,-4.6419,50,0,-3.6841,1.7829,0.15,0.1064,581.16
5921,-0.0258,1,1,-3.6447,1.8194,0.16,0.0029,581.16
5922,-3.724,50,0,-3.6523,1.8181,0.16,0.0991,581.26
5923,-0.0271,1,1,-3.6143,1.8534,0.17,0.0021,581.26
5924,-4.1109,50,0,-3.601,1.8449,0.17,0.1032,581.37
5925,-3.1054,50,0,-3.6317,1.8105,0.16,0.103,581.47
5926,-0.0487,1,1,-3.6033,1.8439,0.17,0.0029,581.47
5927,-4.6862,50,0,-3.6499,1.8115,0.16,0.1355,581.61
5928,-4.5706,50,0,-3.6408,1.8046,0.16,0.1224,581.73
5929,-2.7892,50,0,-3.6049,1.7853,0.16,0.1036,581.83
5930,-4.5993,50,0,-3.6253,1.7849,0.16,0.1185,581.95
5931,-5.8799,50,0,-3.6516,1.7985,0.16,0.0989,582.05
5932,-4.0503,50,0,-3.6493,1.7979,0.16,0.0958,582.15
5933,-4.5951,50,0,-3.6445,1.7947,0.16,0.0964,582.24
5934,-2.734,50,0,-3.6458,1.794,0.16,0.1012,582.34
5935,-0.0499,1,1,-3.6067,1.829,0.17,0.0024,582.35
5936,-5.9697,50,0,-3.666,1.8085,0.16,0.095,582.44
5937,-4.0313,50,0,-3.6564,1.804,0.16,0.0965,582.54
5938,-3.7763,50,0,-3.664,1.8028,0.16,0.9928,583.53
5939,-3.4318,50,0,-3.6726,1.7997,0.16,0.0989,583.63
5940,-2.6924,50,0,-3.6488,1.7967,0.16,0.0871,583.72
5941,-3.4565,50,0,-3.6833,1.7592,0.15,0.082,583.8
5942,-3.518,50,0,-3.6812,1.7592,0.15,0.1065,583.9
5943,-2.7425,50,0,-3.6505,1.7485,0.15,0.1162,584.02
5944,-0.0419,1,1,-3.6504,1.7486,0.15,0.002,584.02
5945,-3.6181,50,0,-3.6459,1.7481,0.15,0.0949,584.12
5946,-5.8293,50,0,-3.6704,1.7613,0.15,0.084,584.2
5947,-0.0441,1,1,-3.6442,1.7952,0.16,0.0042,584.21
5948,-3.0063,50,0,-3.6367,1.7963,0.16,0.8874,585.09
5949,-2.844,50,0,-3.6267,1.7979,0.16,0.1077,585.2
5950,-5.8807,50,0,-3.6571,1.81,0.16,0.114,585.31
5951,-0.0283,1,1,-3.6192,1.8455,0.17,0.003,585.32
5952,-3.7031,50,0,-3.6162,1.8452,0.17,0.1017,585.42
5953,-2.6737,50,0,-3.5885,1.8383,0.17,0.0727,585.49
5954,-4.3421,50,0,-3.5889,1.8385,0.17,0.1116,585.6
5955,-4.9253,50,0,-3.5984,1.8429,0.17,0.0899,585.69
5956,-0.0464,1,1,-3.5707,1.875,0.18,0.0017,585.7
5957,-3.2832,50,0,-3.5631,1.8746,0.18,0.0939,585.79
5958,-4.365,50,0,-3.5733,1.8762,0.18,0.1107,585.9
5959,-5.6863,50,0,-3.63,1.8534,0.17,0.0861,585.99
5960,-5.5098,50,0,-3.6348,1.8576,0.17,0.0965,586.08
5961,-0.0375,1,1,-3.5782,1.8801,0.18,0.0021,586.08
5962,-5.114,50,0,-3.5924,1.8862,0.18,0.1225,586.21
5963,-3.6399,50,0,-3.5729,1.8756,0.18,0.1104,586.32
5964,-3.7988,50,0,-3.5696,1.8749,0.18,0.1016,586.42
5965,-5.4437,50,0,-3.5846,1.8838,0.18,0.0922,586.51
5966,-6.3227,50,0,-3.6002,1.8998,0.18,0.104,586.62
5967,-2.7854,50,0,-3.5922,1.9016,0.18,0.0813,586.7
5968,-4.6849,50,0,-3.5974,1.9039,0.18,0.0818,586.78
5969,-5.6476,50,0,-3.6109,1.9135,0.18,0.0962,586.87
5970,-2.9612,50,0,-3.5981,1.9136,0.18,0.1131,586.99
5971,-3.4399,50,0,-3.5859,1.9106,0.18,0.1091,587.1
5972,-4.9392,50,0,-3.6349,1.8816,0.17,0.084,587.18
5973,-0.0212,1,1,-3.5861,1.9112,0.18,0.002,587.18
5974,-3.004,50,0,-3.564,1.905,0.18,0.0787,587.26
5975,-4.2788,50,0,-3.5706,1.9063,0.18,0.1131,587.37
5976,-0.0281,1,1,-3.5704,1.9066,0.18,0.0017,587.38
5977,-2.9427,50,0,-3.5456,1.8984,0.18,0.0799,587.46
5978,-4.2679,50,0,-3.5425,1.897,0.18,0.1077,587.56
5979,-2.7216,50,0,-3.5171,1.8908,0.18,0.0831,587.65
5980,-0.0366,1,1,-3.4594,1.908,0.19,0.0021,587.65
5981,-3.7171,50,0,-3.4452,1.9008,0.19,0.1261,587.78
5982,-3.6442,50,0,-3.4303,1.8932,0.19,0.075,587.85
5983,-0.0325,1,1,-3.4303,1.8933,0.19,0.0028,587.85
5984,-4.8781,50,0,-3.4253,1.8888,0.19,0.0851,587.94
5985,-4.16,50,0,-3.413,1.88,0.19,0.0854,588.02
5986,-3.1985,50,0,-3.4416,1.8546,0.18,0.0997,588.12
5987,-2.9419,50,0,-3.4211,1.8486,0.18,0.0976,588.22
5988,-4.4168,50,0,-3.4181,1.8468,0.18,1.0206,589.24
5989,-2.656,50,0,-3.4047,1.8474,0.18,0.1058,589.35
5990,-0.0394,1,1,-3.4051,1.8468,0.18,0.0022,589.35
5991,-3.3245,50,0,-3.4381,1.8152,0.17,0.0848,589.43
5992,-5.6488,50,0,-3.4632,1.8282,0.17,0.0834,589.52
5993,-4.8719,50,0,-3.4759,1.8335,0.17,0.0909,589.61
5994,-6.2266,50,0,-3.4953,1.8522,0.17,0.0956,589.7
5995,-4.9405,50,0,-3.5048,1.8571,0.17,0.0923,589.8
5996,-5.0356,50,0,-3.5546,1.8304,0.16,0.0891,589.89
5997,-4.0782,50,0,-3.5581,1.8311,0.16,0.097,589.98
5998,-3.3918,50,0,-3.5242,1.8023,0.16,0.0964,590.08
5999,-5.5068,50,0,-3.5375,1.8119,0.16,0.0779,590.16
6000,-3.7097,50,0,-3.5377,1.812,0.16,0.0979,590.25
6001,-4.7063,50,0,-3.5307,1.8061,0.16,0.0971,590.35
6002,-3.9108,50,0,-3.5118,1.7921,0.16,0.1097,590.46
6003,-4.1871,50,0,-3.5256,1.792,0.16,0.0987,590.56
6004,-4.6364,50,0,-3.5215,1.789,0.16,0.0906,590.65
6005,-4.4254,50,0,-3.5181,1.7869,0.16,0.0917,590.74
6006,-4.3011,50,0,-3.5607,1.7539,0.15,0.099,590.84
6007,-0.0313,1,1,-3.5302,1.7882,0.16,0.0024,590.84
6008,-4.4818,50,0,-3.5247,1.7844,0.16,0.091,590.93
6009,-5.5307,50,0,-3.5501,1.7947,0.16,0.0895,591.02
6010,-3.2936,50,0,-3.5157,1.766,0.16,0.0942,591.12
6011,-5.2484,50,0,-3.5249,1.7726,0.16,0.1063,591.22
6012,-4.1833,50,0,-3.5119,1.7629,0.16,0.1094,591.33
6013,-0.0271,1,1,-3.4702,1.7952,0.17,0.0036,591.34
6014,-4.0792,50,0,-3.4787,1.7961,0.17,0.0952,591.43
6015,-0.0475,1,1,-3.4282,1.8207,0.18,0.0028,591.44
6016,-5.5305,50,0,-3.4392,1.83,0.18,0.0933,591.53
6017,-0.0251,1,1,-3.4393,1.83,0.18,0.003,591.53
6018,-5.4457,50,0,-3.4464,1.8363,0.18,0.1031,591.64
6019,-4.9427,50,0,-3.4665,1.8416,0.18,0.0905,591.73
6020,-3.7065,50,0,-3.4572,1.838,0.18,0.0967,591.82
6021,-5.5009,50,0,-3.5119,1.8164,0.17,0.0965,591.92
6022,-2.5368,50,0,-3.5001,1.8188,0.17,0.0985,592.02
6023,-3.2264,50,0,-3.532,1.7853,0.16,0.0967,592.11
6024,-3.2001,50,0,-3.5229,1.7846,0.16,0.1302,592.24
6025,-0.0358,1,1,-3.4922,1.8176,0.17,0.003,592.25
6026,-3.1485,50,0,-3.5232,1.7848,0.16,0.0897,592.34
6027,-5.6175,50,0,-3.5326,1.7932,0.16,0.1316,592.47
6028,-4.7119,50,0,-3.534,1.7941,0.16,0.1378,592.61
6029,-5.7038,50,0,-3.5631,1.8054,0.16,0.0853,592.69
6030,-3.9346,50,0,-3.5565,1.8028,0.16,0.1024,592.79
6031,-2.8578,50,0,-3.5262,1.7889,0.16,0.1072,592.9
6032,-0.0274,1,1,-3.486,1.8216,0.17,0.0023,592.9
6033,-2.7295,50,0,-3.4674,1.8197,0.17,0.0935,593.0
6034,-0.0284,1,1,-3.4403,1.8502,0.18,0.002,593.0
6035,-3.6297,50,0,-3.4761,1.8186,0.17,0.0889,593.09
6036,-4.165,50,0,-3.4581,1.8027,0.17,0.0944,593.18
6037,-3.4719,50,0,-3.4525,1.8018,0.17,1.0516,594.23
6038,-4.7807,50,0,-3.4625,1.8063,0.17,0.1097,594.34
6039,-5.1828,50,0,-3.48,1.8144,0.17,0.0961,594.44
6040,-3.8584,50,0,-3.4917,1.8131,0.17,0.094,594.53
6041,-2.6445,50,0,-3.4836,1.815,0.17,0.0939,594.63
6042,-2.8334,50,0,-3.4767,1.8162,0.17,0.1008,594.73
6043,-3.1202,50,0,-3.4805,1.815,0.17,0.1125,594.84
6044,-0.0145,1,1,-3.4802,1.8156,0.17,0.0023,594.84
6045,-3.491,50,0,-3.4789,1.8155,0.17,0.0941,594.94
6046,-3.7949,50,0,-3.4586,1.8004,0.17,0.0942,595.03
6047,-0.0365,1,1,-3.4585,1.8005,0.17,0.002,595.03
6048,-19.5374,50,0,-3.6238,2.4079,0.17,0.099,595.13
6049,-3.6496,50,0,-3.6319,2.4066,0.17,0.0974,595.23
6050,-4.9273,50,0,-3.6224,2.3996,0.17,0.1162,595.35
6051,-4.1895,50,0,-3.664,2.3728,0.16,0.0797,595.43
6052,-0.0319,1,1,-3.6273,2.4002,0.17,0.0018,595.43
6053,-3.29,50,0,-3.6334,2.3985,0.17,0.102,595.53
6054,-3.0249,50,0,-3.6202,2.3982,0.17,0.0968,595.63
6055,-5.6018,50,0,-3.627,2.4028,0.17,0.1068,595.73
6056,-6.7386,50,0,-3.6939,2.3953,0.16,0.0947,595.83
6057,-4.2879,50,0,-3.704,2.3957,0.16,0.1224,595.95
6058,-4.9759,50,0,-3.7101,2.3981,0.16,0.1145,596.07
6059,-4.8437,50,0,-3.7017,2.3927,0.16,0.0808,596.15
6060,-3.3923,50,0,-3.6805,2.3859,0.16,0.0817,596.23
6061,-0.044,1,1,-3.6805,2.3858,0.16,0.0027,596.23
6062,-4.784,50,0,-3.6773,2.3841,0.16,0.1081,596.34
6063,-0.0297,1,1,-3.6411,2.4115,0.17,0.0024,596.34
6064,-18.7215,50,0,-3.7904,2.8403,0.17,0.1221,596.46
6065,-2.9593,50,0,-3.7655,2.8366,0.17,0.1186,596.58
6066,-4.6853,50,0,-3.7492,2.8265,0.17,0.1059,596.69
6067,-5.2194,50,0,-3.7735,2.8285,0.17,0.0805,596.77
6068,-2.7174,50,0,-3.7538,2.829,0.17,0.0895,596.86
6069,-5.078,50,0,-3.7481,2.8257,0.17,0.1038,596.96
6070,-6.0713,50,0,-3.7792,2.834,0.17,0.1049,597.07
6071,-4.3284,50,0,-3.7881,2.8343,0.17,0.0925,597.16
6072,-4.7299,50,0,-3.786,2.8335,0.17,0.0887,597.25
6073,-3.7671,50,0,-3.8235,2.8082,0.16,0.0929,597.34
6074,-3.1489,50,0,-3.8249,2.8078,0.16,0.0888,597.43
6075,-5.3518,50,0,-3.8357,2.8115,0.16,0.1048,597.53
6076,-5.367,50,0,-3.889,2.7893,0.15,0.1032,597.64
6077,-5.322,50,0,-3.9128,2.7913,0.15,0.1132,597.75
6078,-3.2457,50,0,-3.9026,2.7919,0.15,0.0987,597.85
6079,-0.0479,1,1,-3.8759,2.8157,0.16,0.0029,597.85
6080,-0.0413,1,1,-3.8759,2.8157,0.16,0.003,597.85
6081,-4.5812,50,0,-3.8846,2.8165,0.16,0.0943,597.95
6082,-3.2325,50,0,-3.8804,2.8172,0.16,0.1123,598.06
6083,-0.0426,1,1,-3.8805,2.817,0.16,0.0018,598.06
6084,-3.1937,50,0,-3.8637,2.816,0.16,0.0875,598.15
6085,-2.9803,50,0,-3.8519,2.8172,0.16,1.0025,599.15
6086,-0.0392,1,1,-3.8203,2.842,0.17,0.0027,599.16
6087,-3.0625,50,0,-3.8215,2.8417,0.17,0.1094,599.27
6088,-2.8154,50,0,-3.8055,2.8428,0.17,0.1031,599.37
6089,-0.0445,1,1,-3.7794,2.8651,0.18,0.002,599.37
6090,-3.422,50,0,-3.8132,2.8406,0.17,0.0871,599.46
6091,-6.4773,50,0,-3.8447,2.8525,0.17,0.1147,599.57
6092,-2.8713,50,0,-3.817,2.8483,0.17,0.1046,599.68
6093,-2.814,50,0,-3.7964,2.8481,0.17,0.0933,599.77
6094,-4.6347,50,0,-3.7805,2.8389,0.17,0.0941,599.86
6095,-4.5728,50,0,-3.7768,2.8376,0.17,0.0987,599.96
6096,-0.0127,1,1,-3.7266,2.8592,0.18,0.0025,599.97
6097,-5.9753,50,0,-3.7455,2.8678,0.18,0.1163,600.08
6098,-4.3294,50,0,-3.7549,2.8681,0.18,0.1082,600.19
6099,-6.4687,50,0,-3.7645,2.8756,0.18,0.1023,600.29
6100,-3.5022,50,0,-3.7625,2.8757,0.18,0.1138,600.41
6101,-4.3744,50,0,-3.7591,2.8748,0.18,0.1044,600.51
6102,-0.0492,1,1,-3.7205,2.8984,0.19,0.0024,600.51
6103,-2.5254,50,0,-3.7039,2.9004,0.19,0.0907,600.6
6104,-3.3799,50,0,-3.6913,2.8991,0.19,0.102,600.71
6105,-3.087,50,0,-3.678,2.8987,0.19,0.0955,600.8
6106,-5.155,50,0,-3.6865,2.9018,0.19,0.0994,600.9
6107,-5.1579,50,0,-3.7378,2.882,0.18,0.086,600.99
6108,-3.3274,50,0,-3.7262,2.8813,0.18,0.1117,601.1
6109,-0.0426,1,1,-3.6713,2.8986,0.19,0.0026,601.1
6110,-0.0458,1,1,-3.6389,2.9208,0.2,0.0025,601.1
6111,-5.0376,50,0,-3.6368,2.9197,0.2,0.0858,601.19
6112,-5.3257,50,0,-3.6482,2.9241,0.2,0.0972,601.29
6113,-2.7465,50,0,-3.6754,2.9028,0.19,0.0997,601.39
6114,-0.0267,1,1,-3.6348,2.9251,0.2,0.0028,601.39
6115,-3.2406,50,0,-3.6668,2.9031,0.19,0.0908,601.48
6116,-2.7839,50,0,-3.6393,2.8983,0.19,0.0852,601.56
6117,-4.2096,50,0,-3.6812,2.876,0.18,0.0863,601.65
6118,-2.8404,50,0,-3.6551,2.8717,0.18,0.0978,601.75
6119,-5.2784,50,0,-3.6585,2.8734,0.18,0.0902,601.84
6120,-4.63,50,0,-3.6677,2.875,0.18,0.0859,601.92
6121,-0.0295,1,1,-3.613,2.8916,0.19,0.0021,601.93
6122,-3.6645,50,0,-3.6243,2.8896,0.19,0.0925,602.02
6123,-4.9021,50,0,-3.641,2.8921,0.19,0.0992,602.12
6124,-0.0458,1,1,-3.6095,2.9138,0.2,0.0024,602.12
6125,-4.7038,50,0,-3.6562,2.8935,0.19,0.1087,602.23
6126,-0.0361,1,1,-3.625,2.9155,0.2,0.0034,602.23
6127,-3.4618,50,0,-3.6035,2.9086,0.2,0.1326,602.37
6128,-4.6008,50,0,-3.6024,2.9082,0.2,0.1051,602.47
6129,-0.05,1,1,-3.5458,2.9218,0.21,0.003,602.47
6130,-3.6007,50,0,-3.5425,2.9215,0.21,0.1027,602.58
6131,-4.8245,50,0,-3.5622,2.9234,0.21,0.1003,602.68
6132,-4.452,50,0,-3.6064,2.903,0.2,0.0948,602.77
6133,-0.0096,1,1,-3.5792,2.9238,0.21,0.0021,602.77
6134,-2.5192,50,0,-3.6041,2.904,0.2,0.0953,602.87
6135,-5.9833,50,0,-3.6276,2.9136,0.2,0.078,602.95
6136,-2.5565,50,0,-3.6116,2.915,0.2,0.0986,603.05
6137,-4.1645,50,0,-3.6185,2.9155,0.2,0.0959,603.14
6138,-5.003,50,0,-3.6207,2.9165,0.2,1.0403,604.18
6139,-4.8414,50,0,-3.6173,2.9148,0.2,0.1067,604.29
6140,-3.4738,50,0,-3.6134,2.9148,0.2,0.1031,604.39
6141,-6.2864,50,0,-3.6499,2.9252,0.2,0.1109,604.5
6142,-0.0407,1,1,-3.6219,2.9461,0.21,0.0023,604.5
6143,-6.1824,50,0,-3.6526,2.9566,0.21,0.0979,604.6
6144,-0.027,1,1,-3.6527,2.9565,0.21,0.0028,604.61
6145,-0.0199,1,1,-3.618,2.9785,0.22,0.0031,604.61
6146,-3.2384,50,0,-3.6124,2.9786,0.22,0.0933,604.7
6147,-4.3908,50,0,-3.656,2.9578,0.21,0.1017,604.8
6148,-4.918,50,0,-3.5098,2.4942,0.21,0.0994,604.9
6149,-5.4773,50,0,-3.528,2.5018,0.21,0.1074,605.01
6150,-4.3746,50,0,-3.5225,2.4993,0.21,0.0978,605.11
6151,-5.6341,50,0,-3.537,2.5073,0.21,0.117,605.23
6152,-5.252,50,0,-3.5892,2.4881,0.2,0.1161,605.34
6153,-3.1443,50,0,-3.5877,2.4883,0.2,0.097,605.44
6154,-0.0459,1,1,-3.5579,2.5125,0.21,0.0023,605.44
6155,-0.0403,1,1,-3.5023,2.5282,0.22,0.0021,605.44
6156,-0.0465,1,1,-3.4354,2.5302,0.23,0.0024,605.45
6157,-3.653,50,0,-3.429,2.5289,0.23,0.1083,605.55
6158,-4.3821,50,0,-3.4231,2.5259,0.23,0.0896,605.64
6159,-2.9254,50,0,-3.4039,2.5223,0.23,0.1035,605.75
6160,-0.046,1,1,-3.3704,2.5444,0.24,0.0024,605.75
6161,-0.0379,1,1,-3.3704,2.5444,0.24,0.0024,605.75
6162,-3.4784,50,0,-3.3573,2.5405,0.24,0.096,605.85
6163,-4.6724,50,0,-3.4038,2.5216,0.23,0.0937,605.94
6164,-4.0742,50,0,-3.2573,1.9988,0.23,0.091,606.03
6165,-6.4134,50,0,-3.2918,2.0231,0.23,0.0893,606.12
6166,-4.5283,50,0,-3.2903,2.022,0.23,0.1074,606.23
6167,-4.1315,50,0,-3.2794,2.0146,0.23,0.1083,606.34
6168,-3.6273,50,0,-3.2885,2.014,0.23,0.0893,606.43
6169,-0.0467,1,1,-3.2382,2.0315,0.24,0.0026,606.43
6170,-0.0417,1,1,-3.1779,2.036,0.25,0.0023,606.43
6171,-0.0148,1,1,-3.1347,2.0567,0.26,0.0025,606.43
6172,-2.8907,50,0,-3.1163,2.0506,0.26,0.0949,606.53
6173,-5.132,50,0,-3.13,2.0594,0.26,0.102,606.63
6174,-0.0426,1,1,-3.0989,2.0822,0.27,0.0019,606.63
6175,-5.634,50,0,-3.1017,2.0854,0.27,0.0902,606.72
6176,-3.79,50,0,-3.086,2.0742,0.27,0.0836,606.81
6177,-4.8745,50,0,-3.0815,2.0698,0.27,0.1175,606.92
6178,-5.8332,50,0,-3.1074,2.0878,0.27,0.0946,607.02
6179,-4.6525,50,0,-3.1534,2.0705,0.26,0.098,607.12
6180,-3.5059,50,0,-3.1881,2.047,0.25,0.0986,607.21
6181,-0.2869,5,1,-3.1451,2.0623,0.26,0.0104,607.23
6182,-3.2156,50,0,-3.145,2.0623,0.26,0.0985,607.32
6183,-4.8643,50,0,-3.1932,2.0455,0.25,0.0798,607.4
6184,-2.6965,50,0,-3.1882,2.0461,0.25,0.0882,607.49
6185,-3.9044,50,0,-3.1974,2.0472,0.25,0.0829,607.57
6186,-3.613,50,0,-3.2332,2.0228,0.24,0.086,607.66
6187,-3.1402,50,0,-3.234,2.0228,0.24,0.0995,607.76
6188,-3.0064,50,0,-3.2359,2.0225,0.24,0.0999,607.86
6189,-0.0289,1,1,-3.2357,2.0227,0.24,0.0022,607.86
6190,-3.8794,50,0,-3.2403,2.0237,0.24,0.0995,607.96
6191,-2.8482,50,0,-3.204,1.9977,0.24,0.0898,608.05
6192,-0.0389,1,1,-3.1757,2.0221,0.25,0.002,608.05
6193,-4.3995,50,0,-3.1915,2.0254,0.25,0.1036,608.16
6194,-3.2102,50,0,-3.1773,2.0202,0.25,1.0217,609.18
6195,-5.6391,50,0,-3.1879,2.0304,0.25,0.1213,609.3
6196,-4.8288,50,0,-3.2361,2.0115,0.24,0.0964,609.4
6197,-6.3944,50,0,-3.2403,2.0176,0.24,0.8839,610.28
6198,-0.0404,1,1,-3.1974,2.0395,0.25,0.0025,610.28
6199,-6.1244,50,0,-3.194,2.0343,0.25,0.1007,610.38
6200,-3.9691,50,0,-3.1986,2.0355,0.25,0.0939,610.48
6201,-4.8515,50,0,-3.2034,2.0388,0.25,0.0965,610.57
6202,-0.033,1,1,-3.2032,2.039,0.25,0.0032,610.58
6203,-3.5945,50,0,-3.2139,2.0383,0.25,0.1042,610.68
6204,-4.4625,50,0,-3.2248,2.042,0.25,0.0944,610.78
6205,-3.9881,50,0,-3.2338,2.0434,0.25,0.1233,610.9
6206,-5.2064,50,0,-3.2343,2.0438,0.25,0.0926,610.99
6207,-3.1293,50,0,-3.214,2.0347,0.25,0.1139,611.11
6208,-5.7826,50,0,-3.2385,2.0507,0.25,0.0936,611.2
6209,-0.0395,1,1,-3.2385,2.0507,0.25,0.0022,611.2
6210,-4.2035,50,0,-3.2801,2.0276,0.24,0.0919,611.29
6211,-3.6093,50,0,-3.2658,2.0202,0.24,0.0786,611.37
6212,-6.0215,50,0,-3.2728,2.0284,0.24,0.0933,611.47
6213,-4.2796,50,0,-3.2881,2.0302,0.24,0.0899,611.56
6214,-5.8852,50,0,-3.3467,2.0197,0.23,0.0986,611.65
6215,-2.9003,50,0,-3.3433,2.0202,0.23,0.1027,611.76
6216,-0.0397,1,1,-3.3158,2.0461,0.24,0.0022,611.76
6217,-4.7423,50,0,-3.3212,2.0491,0.24,0.09,611.85
6218,-4.3627,50,0,-3.3364,2.0511,0.24,0.0882,611.94
6219,-3.9753,50,0,-3.3234,2.0429,0.24,0.093,612.03
6220,-4.5457,50,0,-3.3225,2.0423,0.24,0.1064,612.14
6221,-4.0816,50,0,-3.363,2.0166,0.23,0.0992,612.24
6222,-0.0431,1,1,-3.3268,2.0432,0.24,0.0025,612.24
6223,-4.2464,50,0,-3.3203,2.0392,0.24,0.0977,612.34
6224,-4.4743,50,0,-3.3645,2.0156,0.23,0.0941,612.43
6225,-2.6187,50,0,-3.3437,2.0124,0.23,0.0894,612.52
6226,-4.9273,50,0,-3.3926,1.9907,0.22,0.0848,612.6
6227,-3.462,50,0,-3.3926,1.9907,0.22,0.0876,612.69
6228,-5.1177,50,0,-3.3978,1.9945,0.22,0.0891,612.78
6229,-4.8439,50,0,-3.4457,1.971,0.21,0.0991,612.88
6230,-0.044,1,1,-3.4101,1.9997,0.22,0.0022,612.88
6231,-2.8008,50,0,-3.3899,1.9955,0.22,0.1057,612.99
6232,-0.0062,1,1,-3.3455,2.0208,0.23,0.0023,612.99
6233,-2.8057,50,0,-3.3734,1.9936,0.22,0.095,613.08
6234,-0.0198,1,1,-3.3484,2.0196,0.23,0.0023,613.09
6235,-5.015,50,0,-3.3387,2.0093,0.23,0.0992,613.19
6236,-0.017,1,1,-3.3133,2.0349,0.24,0.0023,613.19
6237,-15.5323,50,0,-3.427,2.3693,0.24,0.1179,613.31
6238,-4.6203,50,0,-3.4232,2.3671,0.24,0.0918,613.4
6239,-4.0309,50,0,-3.4151,2.3636,0.24,0.1078,613.51
6240,-4.6877,50,0,-3.4272,2.367,0.24,0.0918,613.6
6241,-5.2778,50,0,-3.4171,2.3569,0.24,0.0993,613.7
6242,-5.2862,50,0,-3.4696,2.3395,0.23,0.0954,613.79
6243,-3.4271,50,0,-3.442,2.3235,0.23,0.1002,613.89
6244,-4.2943,50,0,-3.4847,2.2995,0.22,0.9816,614.87
6245,-5.7661,50,0,-3.5422,2.2839,0.21,0.1117,614.99
6246,-5.6844,50,0,-3.5666,2.2936,0.21,0.0946,615.08
6247,-4.7387,50,0,-3.5701,2.2951,0.21,0.0974,615.18
6248,-4.7455,50,0,-3.5684,2.2942,0.21,0.091,615.27
6249,-4.1614,50,0,-3.5552,2.2869,0.21,0.1023,615.37
6250,-4.2132,50,0,-3.5536,2.2864,0.21,0.0832,615.45
6251,-3.8294,50,0,-3.5356,2.277,0.21,0.102,615.56
6252,-6.2444,50,0,-3.5455,2.2866,0.21,0.0943,615.65
6253,-0.0407,1,1,-3.5145,2.3128,0.22,0.0023,615.65
6254,-2.7659,50,0,-3.5417,2.2877,0.21,0.0999,615.75
6255,-3.116,50,0,-3.5724,2.2609,0.2,0.1038,615.86
6256,-2.8992,50,0,-3.6009,2.2341,0.19,0.1026,615.96
6257,-4.1264,50,0,-3.6057,2.2347,0.19,0.0862,616.05
6258,-2.7137,50,0,-3.589,2.2351,0.19,0.0861,616.13
6259,-0.0246,1,1,-3.56,2.2621,0.2,0.0041,616.14
6260,-5.3595,50,0,-3.6131,2.2413,0.19,0.1055,616.24
6261,-6.0534,50,0,-3.6733,2.2252,0.18,0.0992,616.34
6262,-4.8888,50,0,-3.6874,2.2284,0.18,0.0821,616.42
6263,-5.3159,50,0,-3.6938,2.2321,0.18,0.0858,616.51
6264,-3.5576,50,0,-3.6887,2.2319,0.18,0.1116,616.62
6265,-5.1013,50,0,-3.6755,2.2196,0.18,0.0905,616.71
6266,-5.9097,50,0,-3.6893,2.2292,0.18,0.1016,616.81
6267,-4.5413,50,0,-3.6934,2.2303,0.18,0.1086,616.92
6268,-5.6327,50,0,-3.7135,2.2387,0.18,0.0996,617.02
6269,-0.0179,1,1,-3.7132,2.2391,0.18,0.0025,617.02
6270,-5.9428,50,0,-3.7722,2.2193,0.17,0.1168,617.14
6271,-3.6294,50,0,-3.8084,2.187,0.16,0.0981,617.24
6272,-4.1263,50,0,-3.8207,2.1852,0.16,0.1016,617.34
6273,-4.5907,50,0,-3.8153,2.1827,0.16,0.1038,617.44
6274,-3.7495,50,0,-3.8524,2.1495,0.15,0.0869,617.53
6275,-3.4122,50,0,-3.8302,2.1424,0.15,0.1015,617.63
6276,-0.0202,1,1,-3.7925,2.1757,0.16,0.003,617.63
6277,-0.0383,1,1,-3.7441,2.2047,0.17,0.0029,617.64
6278,-4.2181,50,0,-3.7279,2.1952,0.17,0.0966,617.73
6279,-3.773,50,0,-3.7192,2.1933,0.17,0.0922,617.83
6280,-4.4743,50,0,-3.7288,2.1944,0.17,0.1149,617.94
6281,-0.0406,1,1,-3.7264,2.1984,0.17,0.0036,617.94
6282,-4.2602,50,0,-3.7368,2.1985,0.17,0.1021,618.05
6283,-5.3893,50,0,-3.7421,2.2018,0.17,0.1104,618.16
6284,-4.4862,50,0,-3.76,2.2005,0.17,0.1009,618.26
6285,-0.0495,1,1,-3.7214,2.2312,0.18,0.0024,618.26
6286,-0.0113,1,1,-3.6854,2.2615,0.19,0.0021,618.26
6287,-3.9982,50,0,-3.694,2.261,0.19,0.0886,618.35
6288,-5.581,50,0,-3.7197,2.2677,0.19,0.1011,618.45
6289,-4.6629,50,0,-3.7661,2.239,0.18,0.093,618.54
6290,-4.3339,50,0,-3.7706,2.2397,0.18,0.0967,618.64
6291,-5.0455,50,0,-3.7926,2.2413,0.18,0.0943,618.74
6292,-4.2371,50,0,-3.8346,2.2097,0.17,1.0741,619.81
6293,-6.19,50,0,-3.8525,2.2214,0.17,0.1114,619.92
6294,-0.0322,1,1,-3.8207,2.2529,0.18,0.0033,619.92
6295,-0.0285,1,1,-3.7646,2.2766,0.19,0.0032,619.93
6296,-0.0458,1,1,-3.7168,2.3038,0.2,0.0023,619.93
6297,-3.396,50,0,-3.6868,2.2883,0.2,0.1187,620.05
6298,-3.1041,50,0,-3.7174,2.2596,0.19,0.1164,620.17
6299,-4.1052,50,0,-3.6972,2.2469,0.19,0.0838,620.25
6300,-6.3166,50,0,-3.7207,2.2619,0.19,0.1075,620.36
6301,-3.2149,50,0,-3.7043,2.2596,0.19,0.106,620.46
6302,-3.6519,50,0,-3.7405,2.2292,0.18,0.0967,620.56
6303,-5.3037,50,0,-3.7576,2.2346,0.18,0.0944,620.65
6304,-4.2041,50,0,-3.755,2.2339,0.18,0.0972,620.75
6305,-5.6836,50,0,-3.772,2.2421,0.18,0.0847,620.84
6306,-3.8907,50,0,-3.7588,2.2375,0.18,0.1177,620.95
6307,-4.8302,50,0,-3.7758,2.2391,0.18,0.1045,621.06
6308,-5.8265,50,0,-3.7763,2.2395,0.18,0.0989,621.16
6309,-4.3524,50,0,-3.8194,2.2084,0.17,0.0956,621.25
6310,-2.7142,50,0,-3.8045,2.2108,0.17,0.1042,621.36
6311,-3.82,50,0,-3.8066,2.2107,0.17,0.096,621.45
6312,-3.7223,50,0,-3.7836,2.1995,0.17,0.1022,621.55
6313,-5.289,50,0,-3.7937,2.204,0.17,0.0822,621.64
6314,-5.0915,50,0,-3.7858,2.1979,0.17,0.0975,621.73
6315,-0.0396,1,1,-3.7572,2.2277,0.18,0.0025,621.74
6316,-3.7587,50,0,-3.7944,2.1961,0.17,0.1004,621.84
6317,-2.9009,50,0,-3.7759,2.1958,0.17,0.1095,621.95
6318,-4.372,50,0,-3.776,2.1958,0.17,0.0968,622.04
6319,-3.3279,50,0,-3.7696,2.1962,0.17,0.0998,622.14
6320,-5.2331,50,0,-3.7764,2.1997,0.17,0.1271,622.27
6321,-4.8876,50,0,-3.7845,2.2023,0.17,0.1039,622.37
6322,-3.1307,50,0,-3.8154,2.171,0.16,0.0938,622.47
6323,-2.6324,50,0,-3.7992,2.1737,0.16,0.1027,622.57
6324,-3.3698,50,0,-3.7882,2.1731,0.16,0.1131,622.68
6325,-5.7111,50,0,-3.8191,2.1782,0.16,0.0938,622.78
6326,-4.657,50,0,-3.8164,2.177,0.16,0.0854,622.86
6327,-4.3033,50,0,-3.8248,2.1773,0.16,0.0952,622.96
6328,-4.8307,50,0,-3.822,2.1757,0.16,0.0829,623.04
6329,-3.1815,50,0,-3.8053,2.1742,0.16,0.0902,623.13
6330,-0.0313,1,1,-3.8052,2.1744,0.16,0.0028,623.13
6331,-0.0109,1,1,-3.7773,2.2048,0.17,0.0025,623.14
6332,-3.2225,50,0,-3.8095,2.1728,0.16,0.1059,623.24
6333,-0.01,1,1,-3.7815,2.2033,0.17,0.0027,623.25
6334,-5.0255,50,0,-3.8316,2.174,0.16,0.1137,623.36
6335,-4.9372,50,0,-3.8308,2.1735,0.16,0.1158,623.47
6336,-4.9996,50,0,-3.8806,2.1424,0.15,0.0922,623.57
6337,-5.1383,50,0,-3.7767,1.7993,0.15,0.1157,623.68
6338,-0.0385,1,1,-3.7309,1.8352,0.16,0.0017,623.68
6339,-3.1086,50,0,-3.7216,1.836,0.16,0.0862,623.77
6340,-3.7585,50,0,-3.7123,1.8334,0.16,0.0913,623.86
6341,-3.5975,50,0,-3.6955,1.8267,0.16,1.0488,624.91
6342,-3.3459,50,0,-3.6761,1.82,0.16,0.1041,625.01
6343,-5.0654,50,0,-3.6925,1.825,0.16,0.1133,625.13
6344,-3.6957,50,0,-3.6865,1.824,0.16,0.1185,625.25
6345,-3.8925,50,0,-3.6678,1.8122,0.16,0.0814,625.33
6346,-2.914,50,0,-3.6401,1.8023,0.16,0.1052,625.43
6347,-2.8517,50,0,-3.6212,1.8005,0.16,0.1057,625.54
6348,-2.9445,50,0,-3.6032,1.7982,0.16,0.1055,625.64
6349,-4.0226,50,0,-3.6018,1.7978,0.16,0.0927,625.74
6350,-2.7597,50,0,-3.5873,1.7987,0.16,0.0912,625.83
6351,-3.4798,50,0,-3.5838,1.7986,0.16,0.0837,625.91
6352,-5.3452,50,0,-3.5748,1.7875,0.16,0.1031,626.01
6353,-0.037,1,1,-3.5748,1.7875,0.16,0.0022,626.02
6354,-0.0381,1,1,-3.5475,1.8202,0.17,0.0025,626.02
6355,-4.9465,50,0,-3.5658,1.825,0.17,0.0983,626.12
6356,-0.041,1,1,-3.5372,1.8573,0.18,0.0022,626.12
6357,-3.8856,50,0,-3.5348,1.8567,0.18,0.0873,626.21
6358,-6.1971,50,0,-3.5696,1.8735,0.18,0.0887,626.3
6359,-6.0372,50,0,-3.6298,1.8552,0.17,0.0952,626.39
6360,-4.8678,50,0,-3.6248,1.8512,0.17,0.0981,626.49
6361,-2.9884,50,0,-3.5942,1.8361,0.17,0.0876,626.58
6362,-4.3497,50,0,-3.5888,1.8331,0.17,0.0966,626.67
6363,-0.0216,1,1,-3.5359,1.8587,0.18,0.003,626.68
6364,-3.5133,50,0,-3.5354,1.8587,0.18,0.0943,626.77
6365,-4.9289,50,0,-3.5337,1.8573,0.18,0.0945,626.87
6366,-0.0069,1,1,-3.4747,1.8746,0.19,0.003,626.87
6367,-5.2132,50,0,-3.4814,1.8796,0.19,0.1238,626.99
6368,-0.0296,1,1,-3.4254,1.8981,0.2,0.0021,626.99
6369,-5.7876,50,0,-3.4831,1.8812,0.19,0.0946,627.09
6370,-3.3482,50,0,-3.4571,1.8649,0.19,0.0932,627.18
6371,-4.0376,50,0,-3.4612,1.8658,0.19,0.0901,627.27
6372,-4.0176,50,0,-3.4601,1.8654,0.19,0.1021,627.37
6373,-2.6977,50,0,-3.4412,1.8634,0.19,0.092,627.47
6374,-2.7649,50,0,-3.4313,1.8644,0.19,0.1034,627.57
6375,-6.8421,50,0,-3.4656,1.895,0.19,0.1022,627.67
6376,-4.9428,50,0,-3.5148,1.8686,0.18,0.1103,627.78
6377,-3.0837,50,0,-3.5453,1.8363,0.17,0.1012,627.88
6378,-4.21,50,0,-3.5452,1.8362,0.17,0.13,628.01
6379,-3.8528,50,0,-3.546,1.8363,0.17,0.1117,628.12
6380,-5.6048,50,0,-3.5573,1.8455,0.17,0.1021,628.23
6381,-4.8774,50,0,-3.6057,1.8158,0.16,0.1107,628.34
6382,-3.4328,50,0,-3.5974,1.8147,0.16,0.1081,628.45
6383,-4.0191,50,0,-3.5837,1.8063,0.16,0.1094,628.56
6384,-3.6854,50,0,-3.5757,1.804,0.16,0.0939,628.65
6385,-3.9336,50,0,-3.6146,1.7692,0.15,0.0804,628.73
6386,-4.3058,50,0,-3.6575,1.7329,0.14,0.0951,628.82
6387,-3.8355,50,0,-3.6559,1.7327,0.14,0.0972,628.92
6388,-3.5668,50,0,-3.6357,1.7219,0.14,1.0705,629.99
6389,-0.0397,1,1,-3.5895,1.7554,0.15,0.0031,630.0
6390,-3.4669,50,0,-3.5808,1.7538,0.15,0.1136,630.11
6391,-3.5869,50,0,-3.5662,1.7477,0.15,0.1108,630.22
6392,-4.4231,50,0,-3.5681,1.7485,0.15,0.0884,630.31
6393,-4.0622,50,0,-3.5468,1.7293,0.15,0.0781,630.39
6394,-2.9215,50,0,-3.5757,1.6941,0.14,0.0841,630.47
6395,-2.9658,50,0,-3.6051,1.6574,0.13,0.0892,630.56
6396,-5.2471,50,0,-3.6571,1.6262,0.12,0.0995,630.66
6397,-0.0314,1,1,-3.6235,1.6656,0.13,0.0021,630.66
6398,-0.0202,1,1,-3.5926,1.7031,0.14,0.0019,630.66
6399,-4.4073,50,0,-3.5956,1.7042,0.14,0.0989,630.76
6400,-2.6432,50,0,-3.5589,1.6847,0.14,0.0984,630.86
6401,-0.05,1,1,-3.5273,1.7202,0.15,0.0045,630.86
6402,-0.0341,1,1,-3.4911,1.7549,0.16,0.002,630.87
6403,-5.9009,50,0,-3.497,1.762,0.16,0.0943,630.96
6404,-5.2754,50,0,-3.5078,1.7695,0.16,0.1033,631.06
6405,-4.7878,50,0,-3.4988,1.7607,0.16,0.0926,631.16
6406,-5.8562,50,0,-3.5185,1.7759,0.16,0.1004,631.26
6407,-5.0817,50,0,-3.521,1.7779,0.16,0.1046,631.36
6408,-4.9499,50,0,-3.5122,1.7687,0.16,0.1135,631.48
6409,-0.042,1,1,-3.4691,1.7999,0.17,0.0035,631.48
6410,-2.8766,50,0,-3.4707,1.7993,0.17,0.0993,631.58
6411,-3.3986,50,0,-3.4665,1.799,0.17,0.1132,631.69
6412,-5.964,50,0,-3.4889,1.8159,0.17,0.1056,631.8
6413,-3.18,50,0,-3.4678,1.8071,0.17,0.0952,631.89
6414,-0.0491,1,1,-3.4174,1.8313,0.18,0.0021,631.89
6415,-3.4534,50,0,-3.4516,1.7996,0.17,0.099,631.99
6416,-6.13,50,0,-3.4753,1.819,0.17,0.0988,632.09
6417,-4.4688,50,0,-3.4909,1.8207,0.17,0.098,632.19
6418,-20.4463,50,0,-3.6517,2.4812,0.17,0.1032,632.29
6419,-5.7869,50,0,-3.6763,2.49,0.17,0.0968,632.39
6420,-4.2946,50,0,-3.6669,2.4859,0.17,0.1142,632.5
6421,-0.0135,1,1,-3.6182,2.5092,0.18,0.0035,632.51
6422,-4.3564,50,0,-3.6304,2.5097,0.18,0.1117,632.62
6423,-4.5687,50,0,-3.6498,2.5094,0.18,0.1,632.72
6424,-6.5334,50,0,-3.6814,2.5256,0.18,0.0855,632.81
6425,-3.6249,50,0,-3.6605,2.5174,0.18,0.0886,632.89
6426,-6.8512,50,0,-3.6825,2.5354,0.18,0.0889,632.98
6427,-0.0179,1,1,-3.6396,2.5607,0.19,0.0023,632.99
6428,-2.5639,50,0,-3.617,2.5601,0.19,0.0999,633.09
6429,-4.4083,50,0,-3.6292,2.5609,0.19,0.0867,633.17
6430,-0.0452,1,1,-3.6294,2.5607,0.19,0.0019,633.17
6431,-5.8153,50,0,-3.6874,2.5437,0.18,0.1221,633.3
6432,-5.6821,50,0,-3.712,2.551,0.18,0.1047,633.4
6433,-0.0484,1,1,-3.7124,2.5505,0.18,0.0028,633.4
6434,-4.4059,50,0,-3.7062,2.548,0.18,0.1028,633.51
6435,-5.5605,50,0,-3.7124,2.5518,0.18,0.0953,633.6
6436,-3.4602,50,0,-3.697,2.5486,0.18,0.1136,633.72
6437,-0.0444,1,1,-3.6461,2.5701,0.19,0.0025,633.72
6438,-4.2824,50,0,-3.6885,2.5451,0.18,0.0903,633.81
6439,-3.5229,50,0,-3.6927,2.5445,0.18,0.9467,634.75
6440,-3.5666,50,0,-3.6908,2.5445,0.18,0.1177,634.87
6441,-2.5935,50,0,-3.6807,2.5468,0.18,0.9963,635.87
6442,-4.8221,50,0,-3.6955,2.5491,0.18,0.1048,635.97
6443,-6.4791,50,0,-3.7096,2.5606,0.18,0.1036,636.08
6444,-5.4625,50,0,-3.7273,2.5665,0.18,0.1067,636.18
6445,-0.0488,1,1,-3.6889,2.5924,0.19,0.0033,636.19
6446,-4.5331,50,0,-3.705,2.5926,0.19,0.1156,636.3
6447,-4.3058,50,0,-3.7196,2.5918,0.19,0.0762,636.38
6448,-0.0214,1,1,-3.6904,2.6168,0.2,0.0031,636.38
6449,-0.0322,1,1,-3.6505,2.6417,0.21,0.0027,636.38
6450,-5.4479,50,0,-3.6773,2.6462,0.21,0.106,636.49
6451,-5.3598,50,0,-3.6961,2.6514,0.21,0.0936,636.58
6452,-5.7973,50,0,-3.7007,2.6546,0.21,0.1021,636.69
6453,-5.3174,50,0,-3.7535,2.6336,0.2,0.1012,636.79
6454,-3.5724,50,0,-3.7888,2.6071,0.19,0.0994,636.89
6455,-2.9002,50,0,-3.7683,2.6059,0.19,0.0934,636.98
6456,-4.4627,50,0,-3.8126,2.5797,0.18,0.0966,637.08
6457,-3.9932,50,0,-3.8136,2.5798,0.18,0.1165,637.19
6458,-5.1848,50,0,-3.8035,2.5724,0.18,0.1036,637.3
6459,-0.0132,1,1,-3.7433,2.5898,0.19,0.002,637.3
6460,-4.6713,50,0,-3.7413,2.589,0.19,0.0949,637.39
6461,-5.8142,50,0,-3.7696,2.5961,0.19,0.0988,637.49
6462,-5.1755,50,0,-3.7778,2.5992,0.19,0.0877,637.58
6463,-0.0331,1,1,-3.7779,2.5991,0.19,0.0019,637.58
6464,-2.7269,50,0,-3.7701,2.601,0.19,0.1031,637.69
6465,-0.0118,1,1,-3.7209,2.625,0.2,0.0027,637.69
6466,-0.0437,1,1,-3.7213,2.6245,0.2,0.0047,637.69
6467,-3.6002,50,0,-3.7051,2.6203,0.2,0.0959,637.79
6468,-5.0627,50,0,-3.7555,2.5974,0.19,0.0833,637.87
6469,-3.5233,50,0,-3.7328,2.5895,0.19,0.0926,637.96
6470,-3.4509,50,0,-3.7339,2.5893,0.19,0.1031,638.07
6471,-4.825,50,0,-3.7417,2.5914,0.19,0.0911,638.16
6472,-0.0486,1,1,-3.702,2.6172,0.2,0.0029,638.16
6473,-0.0408,1,1,-3.6755,2.6406,0.21,0.0024,638.16
6474,-5.1111,50,0,-3.6989,2.6428,0.21,0.0863,638.25
6475,-6.13,50,0,-3.6918,2.6353,0.21,0.0899,638.34
6476,-5.0239,50,0,-3.6926,2.6357,0.21,0.1151,638.46
6477,-4.9027,50,0,-3.7108,2.6377,0.21,0.0963,638.55
6478,-4.1815,50,0,-3.7105,2.6377,0.21,0.1159,638.67
6479,-4.4566,50,0,-3.7166,2.6387,0.21,0.1144,638.78
6480,-3.0357,50,0,-3.6909,2.6327,0.21,0.1058,638.89
6481,-5.8429,50,0,-3.7005,2.6388,0.21,0.0963,638.98
6482,-3.7167,50,0,-3.7034,2.6386,0.21,0.0978,639.08
6483,-3.4143,50,0,-3.6973,2.6386,0.21,0.1006,639.18
6484,-5.8272,50,0,-3.7187,2.6471,0.21,0.0922,639.27
6485,-3.946,50,0,-3.7189,2.6471,0.21,0.111,639.39
6486,-4.1151,50,0,-3.7169,2.6467,0.21,0.0984,639.48
6487,-2.8811,50,0,-3.7074,2.648,0.21,0.0891,639.57
6488,-3.1811,50,0,-3.7035,2.6485,0.21,0.096,639.67
6489,-6.1254,50,0,-3.7644,2.6335,0.2,0.1103,639.78
6490,-5.0041,50,0,-3.7798,2.6362,0.2,1.0954,640.88
6491,-3.0017,50,0,-3.7739,2.6373,0.2,0.1178,640.99
6492,-5.0385,50,0,-3.7801,2.6395,0.2,0.1202,641.11
6493,-0.0392,1,1,-3.7398,2.6654,0.21,0.002,641.12
6494,-2.9007,50,0,-3.7396,2.6655,0.21,0.1113,641.23
6495,-6.1166,50,0,-3.7711,2.6747,0.21,0.109,641.34
6496,-4.1293,50,0,-3.76,2.6709,0.21,0.0933,641.43
6497,-5.4274,50,0,-3.8139,2.6494,0.2,0.0864,641.52
6498,-3.6379,50,0,-3.8501,2.6219,0.19,0.1065,641.62
6499,-4.6468,50,0,-3.8525,2.6226,0.19,0.1114,641.73
6500,-4.3264,50,0,-3.8693,2.6201,0.19,0.1019,641.83
6501,-5.966,50,0,-3.9285,2.5999,0.18,0.0879,641.92
6502,-6.4619,50,0,-3.9928,2.5823,0.17,0.1177,642.04
6503,-0.0417,1,1,-3.9342,2.6047,0.18,0.003,642.04
6504,-0.0453,1,1,-3.8819,2.6296,0.19,0.0031,642.05
6505,-3.6119,50,0,-3.8701,2.6282,0.19,0.1005,642.15
6506,-5.5192,50,0,-3.8668,2.6258,0.19,0.0919,642.24
6507,-4.832,50,0,-3.8643,2.6248,0.19,0.1188,642.36
6508,-6.6377,50,0,-3.8811,2.6371,0.19,0.0966,642.45
6509,-3.1971,50,0,-3.9127,2.6097,0.18,0.1206,642.57
6510,-0.0482,1,1,-3.8844,2.636,0.19,0.0031,642.58
6511,-3.8863,50,0,-3.8893,2.6355,0.19,0.0956,642.67
6512,-4.9373,50,0,-3.879,2.6294,0.19,0.0805,642.75
6513,-3.5208,50,0,-3.8824,2.6288,0.19,0.1038,642.86
6514,-4.714,50,0,-3.9291,2.6016,0.18,0.0939,642.95
6515,-0.049,1,1,-3.895,2.6297,0.19,0.0023,642.95
6516,-3.8796,50,0,-3.8725,2.6201,0.19,0.1001,643.05
6517,-4.2258,50,0,-3.8701,2.6196,0.19,0.1079,643.16
6518,-4.462,50,0,-3.7102,2.0231,0.19,0.0791,643.24
6519,-3.9568,50,0,-3.6919,2.0124,0.19,0.0872,643.33
6520,-4.96,50,0,-3.6986,2.0155,0.19,0.1257,643.45
6521,-5.2534,50,0,-3.751,1.9869,0.18,0.1099,643.56
6522,-3.9399,50,0,-3.7468,1.9861,0.18,0.1225,643.69
6523,-5.9687,50,0,-3.7608,1.9967,0.18,0.092,643.78
6524,-6.079,50,0,-3.7563,1.9909,0.18,0.1041,643.88
6525,-3.6937,50,0,-3.757,1.9909,0.18,0.0963,643.98
6526,-4.5743,50,0,-3.7342,1.9683,0.18,0.1026,644.08
6527,-4.868,50,0,-3.7827,1.9356,0.17,0.0966,644.18
6528,-3.1634,50,0,-3.7887,1.9327,0.17,0.0935,644.27
6529,-0.0454,1,1,-3.7451,1.9672,0.18,0.0028,644.27
6530,-3.1676,50,0,-3.7763,1.9327,0.17,0.0938,644.37
6531,-6.8011,50,0,-3.7862,1.9455,0.17,0.098,644.47
6532,-0.0439,1,1,-3.7298,1.9713,0.18,0.0024,644.47
6533,-2.5482,50,0,-3.7548,1.9401,0.17,0.0986,644.57
6534,-0.0158,1,1,-3.7109,1.9742,0.18,0.0018,644.57
6535,-4.9997,50,0,-3.7053,1.9697,0.18,0.0886,644.66
6536,-4.573,50,0,-3.7164,1.9715,0.18,0.0816,644.74
6537,-4.2067,50,0,-3.758,1.9371,0.17,0.0817,644.82
6538,-3.2004,50,0,-3.7472,1.9372,0.17,0.1086,644.93
6539,-2.8492,50,0,-3.7405,1.9391,0.17,0.9953,645.92
6540,-2.714,50,0,-3.7319,1.9418,0.17,0.1065,646.03
6541,-2.5444,50,0,-3.7314,1.9421,0.17,0.095,646.13
6542,-6.3799,50,0,-3.747,1.9569,0.17,0.0989,646.23
6543,-4.8138,50,0,-3.7304,1.9406,0.17,0.082,646.31
6544,-4.8035,50,0,-3.7238,1.9358,0.17,0.0939,646.4
6545,-3.3526,50,0,-3.7568,1.9007,0.16,0.099,646.5
6546,-3.8044,50,0,-3.7495,1.8991,0.16,0.0993,646.6
6547,-0.046,1,1,-3.7069,1.9336,0.17,0.002,646.6
6548,-2.6309,50,0,-3.733,1.9011,0.16,0.1033,646.7
6549,-4.9466,50,0,-3.7822,1.868,0.15,0.0895,646.79
6550,-0.0397,1,1,-3.7281,1.897,0.16,0.0031,646.8
6551,-0.0471,1,1,-3.675,1.9248,0.17,0.0026,646.8
6552,-4.0859,50,0,-3.6578,1.9134,0.17,0.1065,646.91
6553,-4.0373,50,0,-3.645,1.9065,0.17,0.0924,647.0
6554,-3.915,50,0,-3.6485,1.9067,0.17,0.0884,647.09
6555,-0.0096,1,1,-3.6196,1.9395,0.18,0.0026,647.09
6556,-4.761,50,0,-3.6225,1.941,0.18,0.0935,647.18
6557,-5.1297,50,0,-3.6339,1.9464,0.18,0.097,647.28
6558,-4.4353,50,0,-3.6264,1.9419,0.18,0.0876,647.37
6559,-4.0243,50,0,-3.6665,1.908,0.17,0.107,647.47
6560,-0.0299,1,1,-3.6201,1.9392,0.18,0.0032,647.48
6561,-5.1337,50,0,-3.6133,1.9326,0.18,0.108,647.59
6562,-3.0074,50,0,-3.5916,1.9271,0.18,0.1011,647.69
6563,-0.016,1,1,-3.5915,1.9275,0.18,0.0031,647.69
6564,-0.03,1,1,-3.5645,1.958,0.19,0.0022,647.69
6565,-0.0406,1,1,-3.5648,1.9575,0.19,0.0016,647.69
6566,-2.7737,50,0,-3.5921,1.927,0.18,0.0872,647.78
6567,-4.449,50,0,-3.6006,1.9289,0.18,0.1137,647.89
6568,-0.0466,1,1,-3.5504,1.9552,0.19,0.0025,647.9
6569,-0.0312,1,1,-3.5155,1.9863,0.2,0.0025,647.9
6570,-3.5863,50,0,-3.5168,1.9863,0.2,0.0889,647.99
6571,-5.1416,50,0,-3.52,1.9887,0.2,0.1083,648.1
6572,-4.5588,50,0,-3.5651,1.9604,0.19,0.0764,648.17
6573,-5.2814,50,0,-3.6175,1.9354,0.18,0.1075,648.28
6574,-0.0404,1,1,-3.5668,1.9618,0.19,0.0019,648.28
6575,-0.0431,1,1,-3.5059,1.9757,0.2,0.0018,648.28
6576,-0.035,1,1,-3.456,1.9996,0.21,0.0018,648.29
6577,-5.3107,50,0,-3.4601,2.003,0.21,0.0965,648.38
6578,-3.3665,50,0,-3.452,2.0017,0.21,0.1041,648.49
6579,-0.0323,1,1,-3.4077,2.0277,0.22,0.0026,648.49
6580,-4.8176,50,0,-3.4255,2.0322,0.22,0.1085,648.6
6581,-3.2518,50,0,-3.3996,2.0176,0.22,0.0969,648.7
6582,-3.9974,50,0,-3.4024,2.0183,0.22,0.107,648.8
6583,-0.0382,1,1,-3.3687,2.0458,0.23,0.002,648.8
6584,-5.33,50,0,-3.3637,2.0405,0.23,0.0927,648.9
6585,-4.9616,50,0,-3.3739,2.0459,0.23,0.0767,648.97
6586,-4.0481,50,0,-3.3732,2.0456,0.23,0.0989,649.07
6587,-0.0414,1,1,-3.3448,2.0718,0.24,0.0019,649.07
6588,-0.0188,1,1,-3.3132,2.098,0.25,0.0016,649.08
6589,-4.0219,50,0,-3.2921,2.0802,0.25,0.1165,649.19
6590,-3.2772,50,0,-3.2749,2.0731,0.25,0.1021,649.29
6591,-5.391,50,0,-3.2988,2.0835,0.25,0.0877,649.38
6592,-5.0617,50,0,-3.299,2.0837,0.25,0.0897,649.47
6593,-2.8531,50,0,-3.3271,2.0584,0.24,0.0773,649.55
6594,-4.7691,50,0,-3.3458,2.0629,0.24,0.085,649.63
6595,-3.1232,50,0,-3.3159,2.0441,0.24,0.1046,649.74
6596,-0.0365,1,1,-3.275,2.0682,0.25,0.0023,649.74
6597,-0.0488,1,1,-3.2212,2.0814,0.26,0.0021,649.74
6598,-4.6306,50,0,-3.2311,2.0858,0.26,0.1026,649.85
6599,-4.7313,50,0,-3.2319,2.0864,0.26,0.9777,650.82
6600,-3.3147,50,0,-3.2218,2.0835,0.26,0.0956,650.92
6601,-0.0217,1,1,-3.1624,2.0891,0.27,0.0052,650.92
6602,-4.6817,50,0,-3.1446,2.0684,0.27,0.1028,651.03
6603,-3.8809,50,0,-3.183,2.046,0.26,0.0853,651.11
6604,-0.023,1,1,-3.1828,2.0463,0.26,0.003,651.12
6605,-4.321,50,0,-3.1898,2.049,0.26,0.0983,651.21
6606,-3.73,50,0,-3.1719,2.0364,0.26,0.0807,651.29
6607,-5.2294,50,0,-3.1759,2.04,0.26,0.0739,651.37
6608,-5.4906,50,0,-3.1645,2.0237,0.26,0.0995,651.47
6609,-0.0455,1,1,-3.1329,2.0473,0.27,0.0018,651.47
6610,-3.3759,50,0,-3.1662,2.0238,0.26,0.0838,651.55
6611,-4.6269,50,0,-3.1736,2.0278,0.26,0.1023,651.66
6612,-3.6285,50,0,-3.1605,2.0206,0.26,0.0954,651.75
6613,-4.3448,50,0,-3.1688,2.0237,0.26,0.1245,651.88
6614,-2.9073,50,0,-3.1507,2.0179,0.26,0.1139,651.99
6615,-4.7816,50,0,-3.198,2.0,0.25,0.0859,652.08
6616,-3.7835,50,0,-3.1971,1.9997,0.25,0.1023,652.18
6617,-3.0768,50,0,-3.1856,1.997,0.25,0.1235,652.3
6618,-3.6849,50,0,-3.1778,1.9936,0.25,0.1032,652.4
6619,-4.3617,50,0,-3.1819,1.9956,0.25,0.0911,652.5
6620,-4.7391,50,0,-3.1796,1.9937,0.25,0.0952,652.59
6621,-4.4405,50,0,-3.1715,1.9869,0.25,0.0894,652.68
6622,-13.4073,50,0,-3.2662,2.2317,0.25,0.1272,652.81
6623,-4.6242,50,0,-3.2527,2.2194,0.25,0.0905,652.9
6624,-0.0259,1,1,-3.1922,2.224,0.26,0.0024,652.9
6625,-3.8526,50,0,-3.1938,2.2245,0.26,0.0862,652.99
6626,-5.0891,50,0,-3.199,2.2282,0.26,0.0883,653.07
6627,-3.8484,50,0,-3.1888,2.2229,0.26,0.0902,653.16
6628,-5.0802,50,0,-3.2079,2.2309,0.26,0.0895,653.25
6629,-4.4042,50,0,-3.2515,2.2111,0.25,0.1036,653.36
6630,-2.5742,50,0,-3.2456,2.2121,0.25,0.0975,653.46
6631,-2.5715,50,0,-3.2033,2.184,0.25,0.0948,653.55
6632,-0.0426,1,1,-3.2033,2.184,0.25,0.0025,653.55
6633,-0.035,1,1,-3.1781,2.2058,0.26,0.0024,653.56
6634,-2.7668,50,0,-3.2057,2.1832,0.25,0.1126,653.67
6635,-5.3667,50,0,-3.2093,2.1865,0.25,0.0942,653.76
6636,-7.0784,50,0,-3.2344,2.2162,0.25,0.0949,653.86
6637,-4.8842,50,0,-3.2411,2.2202,0.25,0.0912,653.95
6638,-2.6837,50,0,-3.236,2.2208,0.25,0.0969,654.04
6639,-4.2509,50,0,-3.25,2.2228,0.25,0.101,654.15
6640,-6.2751,50,0,-3.2856,2.2423,0.25,0.1059,654.25
6641,-5.6589,50,0,-3.3168,2.2534,0.25,0.1148,654.37
6642,-4.7357,50,0,-3.3003,2.237,0.25,0.0886,654.46
6643,-0.0262,1,1,-3.2524,2.2552,0.26,0.0033,654.46
6644,-6.816,50,0,-3.2726,2.2778,0.26,0.1276,654.59
6645,-5.4828,50,0,-3.2939,2.2884,0.26,0.0886,654.67
6646,-4.8611,50,0,-3.3044,2.2932,0.26,0.1136,654.79
6647,-0.0373,1,1,-3.3043,2.2933,0.26,0.0026,654.79
6648,-4.2554,50,0,-3.3206,2.2942,0.26,1.0266,655.82
6649,-4.7675,50,0,-3.3188,2.293,0.26,0.0839,655.9
6650,-4.7211,50,0,-3.3656,2.2733,0.25,0.0947,656.0
6651,-3.3512,50,0,-3.3987,2.2487,0.24,0.1122,656.11
6652,-5.406,50,0,-3.4119,2.2566,0.24,0.0921,656.2
6653,-5.161,50,0,-3.4231,2.2625,0.24,0.0833,656.28
6654,-4.1592,50,0,-3.4255,2.2631,0.24,0.0946,656.38
6655,-6.3845,50,0,-3.4893,2.2558,0.23,0.1029,656.48
6656,-0.0447,1,1,-3.4421,2.2779,0.24,0.0025,656.48
6657,-3.3663,50,0,-3.4245,2.2716,0.24,0.1139,656.6
6658,-5.2806,50,0,-3.4329,2.2769,0.24,0.099,656.7
6659,-3.6286,50,0,-3.429,2.2762,0.24,0.1036,656.8
6660,-2.745,50,0,-3.4561,2.2516,0.23,0.1,656.9
6661,-3.2271,50,0,-3.4371,2.2453,0.23,0.0734,656.97
6662,-0.0286,1,1,-3.4073,2.2704,0.24,0.0018,656.98
6663,-3.1604,50,0,-3.4387,2.2449,0.23,0.0986,657.07
6664,-0.0148,1,1,-3.4386,2.2451,0.23,0.0031,657.08
6665,-3.394,50,0,-3.4721,2.219,0.22,0.1046,657.18
6666,-3.1362,50,0,-3.4757,2.2182,0.22,0.0984,657.28
6667,-3.9729,50,0,-3.471,2.2166,0.22,0.0935,657.37
6668,-6.7565,50,0,-3.5381,2.2135,0.21,0.1,657.47
6669,-0.0259,1,1,-3.538,2.2135,0.21,0.0026,657.48
6670,-3.007,50,0,-3.5322,2.2142,0.21,0.113,657.59
6671,-3.6484,50,0,-3.5173,2.2083,0.21,0.0915,657.68
6672,-4.785,50,0,-3.5196,2.2095,0.21,0.0911,657.77
6673,-0.0215,1,1,-3.467,2.2294,0.22,0.0021,657.77
6674,-3.9642,50,0,-3.5062,2.2032,0.21,0.1204,657.89
6675,-5.4721,50,0,-3.5605,2.184,0.2,0.1414,658.04
6676,-0.0459,1,1,-3.5606,2.1838,0.2,0.0031,658.04
6677,-2.9258,50,0,-3.5367,2.1775,0.2,0.1138,658.15
6678,-2.5047,50,0,-3.5281,2.1799,0.2,0.115,658.27
6679,-0.0451,1,1,-3.5283,2.1797,0.2,0.0026,658.27
6680,-3.8132,50,0,-3.5182,2.176,0.2,0.1063,658.38
6681,-5.4991,50,0,-3.5407,2.1848,0.2,0.0855,658.46
6682,-4.1616,50,0,-3.5423,2.1852,0.2,0.0956,658.56
6683,-4.9136,50,0,-3.5911,2.1607,0.19,0.0938,658.65
6684,-0.0488,1,1,-3.5383,2.182,0.2,0.0019,658.65
6685,-5.3083,50,0,-3.5417,2.1845,0.2,0.0877,658.74
6686,-6.106,50,0,-3.5623,2.1988,0.2,0.0956,658.84
6687,-5.1231,50,0,-3.6131,2.1755,0.19,0.0895,658.93
6688,-6.7365,50,0,-3.6803,2.1672,0.18,0.1027,659.03
6689,-0.0265,1,1,-3.6403,2.1971,0.19,0.0021,659.03
6690,-0.0368,1,1,-3.6079,2.2259,0.2,0.0019,659.03
6691,-5.6358,50,0,-3.6104,2.228,0.2,0.1113,659.14
6692,-3.889,50,0,-3.5987,2.2234,0.2,0.8293,659.97
6693,-3.0685,50,0,-3.6008,2.2228,0.2,0.1057,660.08
6694,-4.8475,50,0,-3.6016,2.2232,0.2,0.1194,660.2
6695,-3.2408,50,0,-3.6028,2.223,0.2,0.099,660.3
6696,-4.7309,50,0,-3.6497,2.1966,0.19,0.0941,660.39
6697,-0.0379,1,1,-3.6496,2.1968,0.19,0.0027,660.39
6698,-0.0496,1,1,-3.6038,2.2235,0.2,0.0072,660.4
6699,-5.548,50,0,-3.612,2.2291,0.2,0.0797,660.48
6700,-4.3611,50,0,-3.6224,2.2301,0.2,1.0256,661.51
6701,-6.3865,50,0,-3.6861,2.2172,0.19,0.0903,661.6
6702,-4.7022,50,0,-3.6863,2.2173,0.19,0.0994,661.7
6703,-0.0378,1,1,-3.6479,2.2467,0.2,0.0022,661.7
6704,-6.3711,50,0,-3.7113,2.2331,0.19,0.0965,661.8
6705,-0.0348,1,1,-3.6685,2.2619,0.2,0.0031,661.8
6706,-0.0354,1,1,-3.6315,2.2906,0.21,0.0026,661.8
6707,-3.6029,50,0,-3.6153,2.285,0.21,0.1233,661.92
6708,-4.8965,50,0,-3.6093,2.2808,0.21,0.0898,662.01
6709,-5.1603,50,0,-3.6605,2.2576,0.2,0.1021,662.12
6710,-4.642,50,0,-3.6731,2.2595,0.2,0.102,662.22
6711,-0.0452,1,1,-3.6273,2.286,0.21,0.0024,662.22
6712,-3.484,50,0,-3.6259,2.286,0.21,0.0971,662.32
6713,-6.6531,50,0,-3.649,2.3047,0.21,0.0914,662.41
6714,-0.0459,1,1,-3.6203,2.3314,0.22,0.0025,662.41
6715,-3.2473,50,0,-3.605,2.3287,0.22,0.0945,662.51
6716,-2.7195,50,0,-3.5944,2.3303,0.22,0.1024,662.61
6717,-6.1891,50,0,-3.6255,2.344,0.22,0.0923,662.7
6718,-3.7511,50,0,-3.6261,2.344,0.22,0.0855,662.79
6719,-4.0012,50,0,-3.6225,2.3431,0.22,0.101,662.89
6720,-3.1251,50,0,-3.6064,2.3409,0.22,0.0898,662.98
6721,-4.6428,50,0,-3.6084,2.3417,0.22,0.0963,663.07
6722,-2.5685,50,0,-3.5,2.1266,0.22,0.0904,663.16
6723,-5.657,50,0,-3.5104,2.1346,0.22,0.101,663.26
6724,-0.0427,1,1,-3.5105,2.1343,0.22,0.0025,663.27
6725,-0.036,1,1,-3.4724,2.1618,0.23,0.0023,663.27
6726,-4.4763,50,0,-3.4662,2.1581,0.23,0.0948,663.36
6727,-3.1477,50,0,-3.4592,2.158,0.23,0.1061,663.47
6728,-5.9107,50,0,-3.4675,2.1658,0.23,0.1291,663.6
6729,-5.0582,50,0,-3.4741,2.1696,0.23,0.108,663.71
6730,-0.0367,1,1,-3.4487,2.1946,0.24,0.0035,663.71
6731,-0.0488,1,1,-3.4235,2.2189,0.25,0.0033,663.71
6732,-0.0175,1,1,-3.4232,2.2193,0.25,0.0032,663.72
6733,-4.4201,50,0,-3.4671,2.1951,0.24,0.09,663.81
6734,-3.0048,50,0,-3.4695,2.1945,0.24,0.0992,663.91
6735,-18.1099,50,0,-3.5969,2.6281,0.24,0.116,664.02
6736,-13.2122,50,0,-3.6582,2.7761,0.24,0.101,664.12
6737,-2.9107,50,0,-3.6385,2.7743,0.24,0.0987,664.22
6738,-5.1052,50,0,-3.6627,2.7764,0.24,0.0964,664.32
6739,-2.7198,50,0,-3.6474,2.7774,0.24,0.0985,664.42
6740,-3.9396,50,0,-3.624,2.765,0.24,0.1097,664.53
6741,-5.3601,50,0,-3.6211,2.7629,0.24,0.1002,664.63
6742,-5.2891,50,0,-3.6266,2.7657,0.24,0.1372,664.76
6743,-4.0585,50,0,-3.6669,2.7422,0.23,0.1098,664.87
6744,-3.9614,50,0,-3.6384,2.7241,0.23,0.0825,664.96
6745,-0.0369,1,1,-3.5839,2.741,0.24,0.003,664.96
6746,-0.0247,1,1,-3.5355,2.7607,0.25,0.0026,664.96
6747,-3.6389,50,0,-3.5716,2.7382,0.24,0.0941,665.06
6748,-5.2104,50,0,-3.5811,2.7422,0.24,0.0867,665.14
6749,-5.0121,50,0,-3.5836,2.7434,0.24,0.1234,665.27
6750,-4.3901,50,0,-3.5802,2.7422,0.24,0.1062,665.37
6751,-4.2213,50,0,-3.5889,2.7429,0.24,0.0943,665.47
6752,-5.9358,50,0,-3.5942,2.7469,0.24,0.104,665.57
6753,-2.5692,50,0,-3.5683,2.7442,0.24,0.9795,666.55
6754,-5.198,50,0,-3.5787,2.7484,0.24,0.1224,666.67
6755,-4.189,50,0,-3.5568,2.7346,0.24,0.1113,666.78
6756,-6.1486,50,0,-3.6178,2.7236,0.23,0.0976,666.88
6757,-4.5389,50,0,-3.6295,2.7251,0.23,0.0799,666.96
6758,-5.4078,50,0,-3.6308,2.7259,0.23,0.1113,667.07
6759,-4.6625,50,0,-3.6411,2.7278,0.23,0.106,667.18
6760,-5.0094,50,0,-3.6638,2.7297,0.23,0.1062,667.29
6761,-4.4019,50,0,-3.6755,2.7303,0.23,0.1125,667.4
6762,-4.6206,50,0,-3.7214,2.7071,0.22,0.1027,667.5
6763,-4.4703,50,0,-3.7345,2.7075,0.22,0.0938,667.59
6764,-3.3811,50,0,-3.7682,2.6818,0.21,0.1097,667.7
6765,-4.3656,50,0,-3.7779,2.6822,0.21,0.0956,667.8
6766,-3.1912,50,0,-3.7785,2.6821,0.21,0.118,667.92
6767,-6.1389,50,0,-3.8001,2.6923,0.21,0.1045,668.02
6768,-0.0413,1,1,-3.733,2.7015,0.22,0.0033,668.03
6769,-0.0467,1,1,-3.7332,2.7012,0.22,0.0027,668.03
6770,-4.8438,50,0,-3.7516,2.7024,0.22,0.0965,668.12
6771,-5.2283,50,0,-3.7674,2.7064,0.22,0.091,668.22
6772,-4.5158,50,0,-3.7647,2.7055,0.22,0.1139,668.33
6773,-4.0026,50,0,-3.8045,2.6793,0.21,0.0935,668.42
6774,-4.0977,50,0,-3.8058,2.6794,0.21,0.0947,668.52
6775,-2.8475,50,0,-3.7796,2.6758,0.21,0.0965,668.61
6776,-5.0231,50,0,-3.8293,2.6521,0.2,0.1127,668.73
6777,-4.2959,50,0,-3.843,2.6509,0.2,0.098,668.82
6778,-2.8886,50,0,-3.8469,2.6493,0.2,0.0878,668.91
6779,-4.1169,50,0,-3.8876,2.6217,0.19,0.1082,669.02
6780,-3.5553,50,0,-3.885,2.6219,0.19,0.0915,669.11
6781,-3.1508,50,0,-3.8615,2.6178,0.19,0.1028,669.22
6782,-4.4062,50,0,-3.864,2.6182,0.19,0.1129,669.33
6783,-4.9371,50,0,-3.8642,2.6183,0.19,0.0864,669.41
6784,-5.5113,50,0,-3.9188,2.595,0.18,0.0974,669.51
6785,-4.7036,50,0,-3.9128,2.5925,0.18,0.0979,669.61
6786,-5.1742,50,0,-3.9035,2.5862,0.18,0.0751,669.69
6787,-3.8508,50,0,-3.8908,2.5833,0.18,0.1068,669.79
6788,-4.4352,50,0,-3.8677,2.5681,0.18,0.0963,669.89
6789,-3.9149,50,0,-3.9066,2.5389,0.17,0.0925,669.98
6790,-6.456,50,0,-3.9708,2.5213,0.16,0.1,670.08
6791,-4.0496,50,0,-3.955,2.5158,0.16,0.1225,670.2
6792,-0.0359,1,1,-3.9164,2.5458,0.17,0.0034,670.21
6793,-4.7634,50,0,-3.9334,2.5458,0.17,0.0837,670.29
6794,-0.0253,1,1,-3.8851,2.5735,0.18,0.0021,670.29
6795,-5.0727,50,0,-3.9035,2.5754,0.18,0.1082,670.4
6796,-6.2999,50,0,-3.9192,2.5851,0.18,0.0943,670.49
6797,-0.0237,1,1,-3.919,2.5854,0.18,0.0032,670.5
6798,-4.8273,50,0,-3.9668,2.5574,0.17,0.1114,670.61
6799,-6.6528,50,0,-3.9778,2.5666,0.17,1.0031,671.61
6800,-6.0506,50,0,-3.9947,2.5746,0.17,0.1022,671.71
6801,-2.7494,50,0,-3.9584,2.5662,0.17,0.1042,671.82
6802,-3.2899,50,0,-3.9442,2.566,0.17,0.1258,671.94
6803,-0.0449,1,1,-3.9443,2.5659,0.17,0.0024,671.95
6804,-4.9762,50,0,-3.9304,2.5564,0.17,0.0905,672.04
6805,-4.4325,50,0,-3.9743,2.5267,0.16,0.1264,672.16
6806,-3.8194,50,0,-4.0122,2.4955,0.15,0.0979,672.26
6807,-4.7815,50,0,-4.024,2.4964,0.15,0.1088,672.37
6808,-2.7846,50,0,-4.0028,2.4978,0.15,0.0957,672.47
6809,-3.4674,50,0,-3.9859,2.4957,0.15,0.0995,672.57
6810,-3.7477,50,0,-3.977,2.4949,0.15,0.1061,672.67
6811,-4.287,50,0,-4.0194,2.4636,0.14,0.0944,672.77
6812,-4.0704,50,0,-4.0253,2.463,0.14,0.1209,672.89
6813,-4.4728,50,0,-4.0035,2.4492,0.14,0.0958,672.98
6814,-6.1007,50,0,-4.064,2.4254,0.13,0.0972,673.08
6815,-0.0137,1,1,-4.0317,2.4574,0.14,0.0019,673.08
6816,-3.481,50,0,-4.0393,2.4545,0.14,0.0754,673.16
6817,-3.7266,50,0,-4.0147,2.4451,0.14,0.1187,673.28
6818,-4.2998,50,0,-4.0201,2.4451,0.14,0.1069,673.38
6819,-3.9266,50,0,-4.0194,2.4452,0.14,0.0983,673.48
6820,-3.8298,50,0,-4.0264,2.4436,0.14,0.0924,673.57
6821,-2.8501,50,0,-4.0085,2.4456,0.14,0.0844,673.66
6822,-4.3734,50,0,-4.0266,2.4415,0.14,0.1261,673.78
6823,-3.545,50,0,-4.0054,2.4365,0.14,0.1004,673.88
6824,-5.0594,50,0,-4.0556,2.4058,0.13,0.0805,673.97
6825,-4.5445,50,0,-4.1007,2.3721,0.12,0.0965,674.06
6826,-5.1518,50,0,-4.1075,2.3741,0.12,0.0957,674.16
6827,-0.0352,1,1,-4.0763,2.4067,0.13,0.0021,674.16
6828,-4.5295,50,0,-4.0625,2.4,0.13,0.086,674.25
6829,-5.3902,50,0,-4.0658,2.4016,0.13,0.0814,674.33
6830,-3.0208,50,0,-4.0957,2.3697,0.12,0.1019,674.43
6831,-3.3384,50,0,-4.1286,2.3359,0.11,0.0914,674.52
6832,-5.0557,50,0,-4.179,2.3008,0.1,0.1038,674.62
6833,-4.6167,50,0,-4.1809,2.3011,0.1,0.1235,674.75
6834,-5.2859,50,0,-4.2037,2.3006,0.1,0.0925,674.84
6835,-6.1291,50,0,-4.0839,1.8389,0.1,0.1076,674.95
6836,-4.1975,50,0,-3.9938,1.5939,0.1,0.0965,675.04
6837,-3.814,50,0,-4.0028,1.5903,0.1,0.0949,675.14
6838,-5.0404,50,0,-4.0022,1.5898,0.1,0.0835,675.22
6839,-4.2318,50,0,-4.0173,1.5847,0.1,0.0881,675.31
6840,-6.5425,50,0,-4.0433,1.6045,0.1,0.0923,675.4
6841,-5.4583,50,0,-4.0443,1.6053,0.1,0.0926,675.5
6842,-2.967,50,0,-4.0211,1.6039,0.1,0.0855,675.58
6843,-6.043,50,0,-4.0409,1.6165,0.1,1.0224,676.6
6844,-8.1635,50,0,-4.0829,1.6677,0.1,0.1306,676.73
6845,-0.0419,1,1,-4.083,1.6676,0.1,0.0034,676.74
6846,-0.0112,1,1,-4.0829,1.6679,0.1,0.0029,676.74
6847,-4.7225,50,0,-4.0937,1.6685,0.1,0.0944,676.83
6848,-4.06,50,0,-4.0822,1.6647,0.1,0.0792,676.91
6849,-3.8994,50,0,-4.0711,1.6622,0.1,0.0994,677.01
6850,-0.0397,1,1,-4.0275,1.7095,0.11,0.0022,677.02
6851,-4.0373,50,0,-4.0257,1.7094,0.11,0.0969,677.11
6852,-3.389,50,0,-4.0002,1.6997,0.11,0.0801,677.19
6853,-5.1558,50,0,-4.0261,1.6974,0.11,0.0903,677.28
6854,-5.1752,50,0,-4.0259,1.6973,0.11,0.0941,677.38
6855,-4.9189,50,0,-4.0332,1.6995,0.11,0.0971,677.47
6856,-3.7332,50,0,-4.009,1.6864,0.11,0.0845,677.56
6857,-4.6656,50,0,-4.0103,1.6869,0.11,0.0924,677.65
6858,-4.2323,50,0,-3.9985,1.6812,0.11,0.0829,677.73
6859,-4.9359,50,0,-4.0013,1.6825,0.11,0.085,677.82
6860,-4.523,50,0,-3.9964,1.6802,0.11,0.099,677.92
6861,-3.6749,50,0,-3.9891,1.68,0.11,0.0828,678.0
6862,-4.3817,50,0,-3.9867,1.6793,0.11,0.0938,678.09
6863,-3.5738,50,0,-3.9778,1.6791,0.11,0.0971,678.19
6864,-4.7212,50,0,-3.9912,1.6796,0.11,0.0999,678.29
6865,-4.9545,50,0,-3.9971,1.682,0.11,0.1166,678.41
6866,-4.2622,50,0,-4.0078,1.6802,0.11,0.0882,678.5
6867,-2.8516,50,0,-3.9749,1.6703,0.11,0.0934,678.59
6868,-6.6058,50,0,-4.0406,1.6432,0.1,0.0822,678.67
6869,-0.0214,1,1,-4.0403,1.6438,0.1,0.0022,678.67
6870,-4.9547,50,0,-4.0414,1.6444,0.1,0.0857,678.76
6871,-3.9365,50,0,-4.0285,1.6401,0.1,0.0849,678.84
6872,-2.7622,50,0,-4.011,1.6442,0.1,0.0867,678.93
6873,-4.3619,50,0,-4.0146,1.6445,0.1,0.0903,679.02
6874,-0.0303,1,1,-3.9739,1.6916,0.11,0.003,679.02
6875,-0.0431,1,1,-3.9458,1.7328,0.12,0.0026,679.03
6876,-6.354,50,0,-3.9591,1.7461,0.12,0.1046,679.13
6877,-5.1155,50,0,-3.9673,1.7496,0.12,0.1097,679.24
6878,-0.0363,1,1,-3.9388,1.7897,0.13,0.0023,679.24
6879,-2.8747,50,0,-3.9264,1.7927,0.13,0.096,679.34
6880,-5.2364,50,0,-3.9432,1.797,0.13,0.0805,679.42
6881,-6.0659,50,0,-3.9724,1.8076,0.13,0.1198,679.54
6882,-2.8898,50,0,-3.9572,1.8102,0.13,0.09,679.63
6883,-4.0294,50,0,-3.9481,1.8076,0.13,0.1046,679.74
6884,-5.6236,50,0,-3.9492,1.8086,0.13,0.096,679.83
6885,-4.6258,50,0,-3.9485,1.8083,0.13,0.0811,679.91
6886,-2.8014,50,0,-3.9247,1.8076,0.13,0.0835,680.0
6887,-4.4217,50,0,-3.9304,1.8082,0.13,0.0777,680.07
6888,-0.036,1,1,-3.8864,1.8485,0.14,0.002,680.08
6889,-5.4602,50,0,-3.9019,1.8551,0.14,0.0881,680.16
6890,-5.0022,50,0,-3.8874,1.8407,0.14,0.1025,680.27
6891,-5.2314,50,0,-3.8992,1.8455,0.14,0.1107,680.38
6892,-4.9028,50,0,-3.9479,1.8067,0.13,1.001,681.38
6893,-4.3839,50,0,-3.9441,1.8054,0.13,0.1047,681.48
6894,-0.0439,1,1,-3.9442,1.805,0.13,0.002,681.48
6895,-2.8,50,0,-3.9215,1.805,0.13,0.106,681.59
6896,-4.8837,50,0,-3.9074,1.7917,0.13,0.1079,681.7
6897,-0.0247,1,1,-3.9074,1.7917,0.13,0.0018,681.7
6898,-3.9234,50,0,-3.8983,1.7893,0.13,0.0716,681.77
6899,-0.0343,1,1,-3.8321,1.8085,0.14,0.0017,681.77
6900,-4.4382,50,0,-3.816,1.7958,0.14,0.1195,681.89
6901,-6.38,50,0,-3.8523,1.8105,0.14,0.1025,682.0
6902,-0.0382,1,1,-3.8198,1.8491,0.15,0.0024,682.0
6903,-4.1684,50,0,-3.861,1.8101,0.14,0.0879,682.09
6904,-4.0342,50,0,-3.8516,1.8067,0.14,0.1094,682.2
6905,-0.0381,1,1,-3.8077,1.845,0.15,0.0032,682.2
6906,-4.3148,50,0,-3.8126,1.8457,0.15,0.1,682.3
6907,-6.9338,50,0,-3.8342,1.8693,0.15,0.1205,682.42
6908,-2.7937,50,0,-3.8342,1.8693,0.15,0.1008,682.52
6909,-0.0309,1,1,-3.7999,1.9069,0.16,0.0041,682.52
6910,-5.0278,50,0,-3.8127,1.9108,0.16,0.1111,682.63
6911,-3.6631,50,0,-3.8064,1.9103,0.16,0.1104,682.75
6912,-3.9849,50,0,-3.8056,1.9102,0.16,0.1083,682.85
6913,-0.0382,1,1,-3.7612,1.9453,0.17,0.0021,682.86
6914,-0.0387,1,1,-3.7006,1.9658,0.18,0.0017,682.86
6915,-4.7685,50,0,-3.7482,1.9333,0.17,0.0961,682.95
6916,-6.032,50,0,-3.7737,1.9464,0.17,0.0911,683.04
6917,-3.2466,50,0,-3.7689,1.9471,0.17,0.0973,683.14
6918,-6.675,50,0,-3.7926,1.9678,0.17,0.0963,683.24
6919,-0.0416,1,1,-3.7538,2.0028,0.18,0.003,683.24
6920,-2.5908,50,0,-3.7414,2.0061,0.18,0.0922,683.33
6921,-5.5874,50,0,-3.7688,2.0124,0.18,0.0937,683.43
6922,-5.5673,50,0,-3.7807,2.0195,0.18,0.0944,683.52
6923,-5.0834,50,0,-3.7961,2.0235,0.18,0.0794,683.6
6924,-5.1971,50,0,-3.7975,2.0244,0.18,0.1235,683.72
6925,-5.0674,50,0,-3.8027,2.027,0.18,0.0888,683.81
6926,-3.9444,50,0,-3.7906,2.0225,0.18,0.0855,683.9
6927,-3.2503,50,0,-3.8228,1.9878,0.17,0.0925,683.99
6928,-4.981,50,0,-3.8273,1.99,0.17,0.0939,684.09
6929,-0.0239,1,1,-3.7736,2.0192,0.18,0.0022,684.09
6930,-5.0798,50,0,-3.7942,2.0219,0.18,0.103,684.19
6931,-0.0383,1,1,-3.7612,2.0558,0.19,0.0076,684.2
6932,-4.9223,50,0,-3.7599,2.055,0.19,0.8491,685.05
6933,-3.9956,50,0,-3.7537,2.0533,0.19,0.0958,685.14
6934,-4.717,50,0,-3.748,2.0498,0.19,0.0996,685.24
6935,-4.9558,50,0,-3.7362,2.0395,0.19,0.0957,685.34
6936,-5.0586,50,0,-3.7449,2.0432,0.19,0.1111,685.45
6937,-5.6209,50,0,-3.7629,2.0517,0.19,0.0833,685.53
6938,-5.2078,50,0,-3.7646,2.0529,0.19,0.0897,685.62
6939,-5.0731,50,0,-3.773,2.0565,0.19,0.0797,685.7
6940,-4.5839,50,0,-3.7534,2.0393,0.19,0.0994,685.8
6941,-3.7592,50,0,-3.7364,2.032,0.19,0.0899,685.89
6942,-0.0205,1,1,-3.707,2.0641,0.2,0.0018,685.89
6943,-4.283,50,0,-3.6894,2.0516,0.2,0.1192,686.01
6944,-4.4718,50,0,-3.6525,2.0034,0.2,1.0587,687.07
6945,-3.3345,50,0,-3.6854,1.9706,0.19,0.1058,687.18
6946,-3.6729,50,0,-3.722,1.9357,0.18,0.1044,687.28
6947,-6.0093,50,0,-3.7349,1.9465,0.18,0.1085,687.39
6948,-4.9108,50,0,-3.7434,1.9498,0.18,0.0791,687.47
6949,-0.0415,1,1,-3.7048,1.9842,0.19,0.0034,687.47
6950,-3.5799,50,0,-3.7402,1.9497,0.18,0.0882,687.56
6951,-3.467,50,0,-3.7345,1.9497,0.18,0.1025,687.66
6952,-0.045,1,1,-3.7011,1.9837,0.19,0.0019,687.66
6953,-5.489,50,0,-3.7044,1.9864,0.19,0.1013,687.77
6954,-4.7186,50,0,-3.6998,1.9836,0.19,0.0816,687.85
6955,-5.4676,50,0,-3.7053,1.9877,0.19,0.0911,687.94
6956,-3.7637,50,0,-3.7056,1.9877,0.19,0.0952,688.03
6957,-5.4433,50,0,-3.7134,1.9929,0.19,0.0991,688.13
6958,-2.8871,50,0,-3.6999,1.9939,0.19,0.0945,688.23
6959,-0.0232,1,1,-3.6508,2.0232,0.2,0.0026,688.23
6960,-4.7795,50,0,-3.6534,2.0245,0.2,0.0953,688.33
6961,-0.0393,1,1,-3.617,2.0561,0.21,0.0021,688.33
6962,-4.9782,50,0,-3.623,2.0592,0.21,0.0844,688.41
6963,-0.0356,1,1,-3.5876,2.0899,0.22,0.002,688.41
6964,-0.0398,1,1,-3.5408,2.1163,0.23,0.0016,688.42
6965,-5.7884,50,0,-3.5491,2.1235,0.23,0.1251,688.54
6966,-0.0239,1,1,-3.5067,2.1509,0.24,0.0029,688.54
6967,-5.0135,50,0,-3.5284,2.1551,0.24,0.1109,688.65
6968,-4.0441,50,0,-3.5027,2.1335,0.24,0.0901,688.74
6969,-5.1792,50,0,-3.5543,2.1109,0.23,0.109,688.85
6970,-4.4788,50,0,-3.5496,2.1083,0.23,0.0889,688.94
6971,-5.421,50,0,-3.5644,2.1162,0.23,0.0977,689.04
6972,-3.1135,50,0,-3.5679,2.1151,0.23,0.0842,689.12
6973,-5.7353,50,0,-3.5817,2.1247,0.23,0.1039,689.23
6974,-0.0261,1,1,-3.5816,2.1247,0.23,0.0028,689.23
6975,-0.0286,1,1,-3.5815,2.125,0.23,0.0025,689.23
6976,-4.1123,50,0,-3.5591,2.1074,0.23,0.0994,689.33
6977,-3.8326,50,0,-3.5462,2.1018,0.23,0.1123,689.45
6978,-4.9557,50,0,-3.5954,2.0764,0.22,0.1019,689.55
6979,-0.0311,1,1,-3.567,2.1054,0.23,0.0024,689.55
6980,-4.8345,50,0,-3.563,2.1026,0.23,0.1028,689.65
6981,-3.1751,50,0,-3.5341,2.0878,0.23,0.1065,689.76
6982,-4.6385,50,0,-3.5515,2.0896,0.23,0.0911,689.85
6983,-2.577,50,0,-3.537,2.0913,0.23,0.0938,689.94
6984,-6.5793,50,0,-3.5466,2.103,0.23,0.0753,690.02
6985,-6.3182,50,0,-3.5635,2.1183,0.23,0.0881,690.11
6986,-5.7429,50,0,-3.5929,2.128,0.23,0.0992,690.21
6987,-4.1164,50,0,-3.5899,2.127,0.23,0.0852,690.29
6988,-0.0422,1,1,-3.5899,2.1269,0.23,0.0024,690.29
6989,-2.5965,50,0,-3.5613,2.1208,0.23,0.0988,690.39
6990,-0.043,1,1,-3.5117,2.1444,0.24,0.002,690.4
6991,-4.5471,50,0,-3.5048,2.1399,0.24,0.0994,690.49
6992,-5.0342,50,0,-3.5062,2.1408,0.24,0.1158,690.61
6993,-4.1849,50,0,-3.5042,2.1401,0.24,0.1092,690.72
6994,-5.7727,50,0,-3.5615,2.1233,0.23,0.0986,690.82
6995,-3.6492,50,0,-3.57,2.122,0.23,0.0831,690.9
6996,-2.8783,50,0,-3.5499,2.1189,0.23,0.1027,691.0
6997,-3.8624,50,0,-3.5883,2.0893,0.22,1.0137,692.02
6998,-5.2156,50,0,-3.6012,2.0953,0.22,0.0998,692.12
6999,-0.0415,1,1,-3.6013,2.0952,0.22,0.0019,692.12
7000,-4.3016,50,0,-3.5999,2.0947,0.22,0.0812,692.2
7001,-2.705,50,0,-3.5632,2.0778,0.22,0.1157,692.32
7002,-3.7641,50,0,-3.6004,2.0474,0.21,0.0813,692.4
7003,-4.8949,50,0,-3.6077,2.0507,0.21,0.1109,692.51
7004,-2.7324,50,0,-3.5947,2.0521,0.21,0.1005,692.61
7005,-4.3927,50,0,-3.6382,2.0221,0.2,0.1015,692.71
7006,-0.0417,1,1,-3.5955,2.0523,0.21,0.0019,692.71
7007,-2.7339,50,0,-3.5535,2.0264,0.21,0.09,692.8
7008,-6.2109,50,0,-3.5876,2.042,0.21,0.0995,692.9
7009,-0.0187,1,1,-3.5875,2.0422,0.21,0.0022,692.9
7010,-3.0285,50,0,-3.5675,2.0378,0.21,0.091,693.0
7011,-5.7605,50,0,-3.5885,2.0494,0.21,0.0846,693.08
7012,-3.172,50,0,-3.5804,2.0495,0.21,0.0885,693.17
7013,-2.7204,50,0,-3.6072,2.0203,0.2,0.1069,693.28
7014,-0.0155,1,1,-3.607,2.0207,0.2,0.0036,693.28
7015,-5.01,50,0,-3.6094,2.0222,0.2,0.0984,693.38
7016,-2.8286,50,0,-3.5773,2.0089,0.2,0.0982,693.48
7017,-4.6147,50,0,-3.591,2.0113,0.2,0.0819,693.56
7018,-4.1201,50,0,-3.5655,1.988,0.2,0.082,693.64
7019,-4.6545,50,0,-3.6116,1.959,0.19,0.1147,693.75
7020,-3.1274,50,0,-3.617,1.957,0.19,0.0988,693.85
7021,-4.3372,50,0,-3.6045,1.9483,0.19,0.1015,693.95
7022,-0.0307,1,1,-3.5491,1.9703,0.2,0.0019,693.96
7023,-5.9138,50,0,-3.5574,1.9785,0.2,0.0828,694.04
7024,-4.1355,50,0,-3.5468,1.9725,0.2,0.0909,694.13
7025,-4.7573,50,0,-3.5437,1.9703,0.2,0.109,694.24
7026,-3.8713,50,0,-3.543,1.9702,0.2,0.107,694.35
7027,-2.5851,50,0,-3.5363,1.9723,0.2,0.0982,694.44
7028,-3.0582,50,0,-3.5171,1.9675,0.2,0.099,694.54
7029,-0.0435,1,1,-3.5173,1.9671,0.2,0.003,694.55
7030,-5.4111,50,0,-3.5206,1.9701,0.2,0.1189,694.67
7031,-6.2115,50,0,-3.5823,1.9566,0.19,0.1165,694.78
7032,-0.0482,1,1,-3.5336,1.9832,0.2,0.0029,694.78
7033,-5.9845,50,0,-3.5535,1.9976,0.2,0.1045,694.89
7034,-4.2442,50,0,-3.5487,1.9954,0.2,0.1028,694.99
7035,-4.4891,50,0,-3.5441,1.9927,0.2,0.105,695.1
7036,-6.6191,50,0,-3.5597,2.0105,0.2,0.086,695.18
7037,-0.0402,1,1,-3.5039,2.0299,0.21,0.0025,695.19
7038,-0.0357,1,1,-3.4522,2.0516,0.22,0.0023,695.19
7039,-2.8853,50,0,-3.4303,2.0458,0.22,0.0815,695.27
7040,-3.2346,50,0,-3.4168,2.0426,0.22,0.1148,695.38
7041,-5.4006,50,0,-3.4332,2.0519,0.22,0.0955,695.48
7042,-4.4092,50,0,-3.4771,2.0252,0.21,0.1002,695.58
7043,-2.5187,50,0,-3.4594,2.0258,0.21,0.0942,695.67
7044,-5.6416,50,0,-3.4711,2.0349,0.21,0.0845,695.76
7045,-0.0417,1,1,-3.4382,2.0633,0.22,0.002,695.76
7046,-3.5123,50,0,-3.4366,2.0632,0.22,0.1009,695.86
7047,-6.0856,50,0,-3.4374,2.0642,0.22,0.0755,695.94
7048,-6.0963,50,0,-3.4492,2.076,0.22,1.0081,696.94
7049,-5.0827,50,0,-3.4996,2.0537,0.21,0.0952,697.04
7050,-0.0362,1,1,-3.4642,2.0824,0.22,0.0027,697.04
7051,-4.7591,50,0,-3.4771,2.0864,0.22,0.0842,697.13
7052,-2.6885,50,0,-3.5036,2.0593,0.21,0.1202,697.25
7053,-4.8478,50,0,-3.4971,2.0541,0.21,0.0929,697.34
7054,-3.8604,50,0,-3.4886,2.0508,0.21,0.0987,697.44
7055,-4.1442,50,0,-3.4753,2.0422,0.21,0.1029,697.54
7056,-2.7503,50,0,-3.4652,2.0433,0.21,0.0937,697.64
7057,-2.5432,50,0,-3.4362,2.0355,0.21,0.0927,697.73
7058,-4.7026,50,0,-3.4543,2.0387,0.21,0.1053,697.83
7059,-6.1856,50,0,-3.516,2.0271,0.2,0.0837,697.92
7060,-5.7422,50,0,-3.5256,2.0354,0.2,0.0845,698.0
7061,-4.8851,50,0,-3.5741,2.0093,0.19,0.0951,698.1
7062,-4.0048,50,0,-3.5643,2.0048,0.19,0.1155,698.21
7063,-4.3804,50,0,-3.6078,1.9747,0.18,0.1367,698.35
7064,-4.9,50,0,-3.6564,1.9459,0.17,0.1092,698.46
7065,-0.0363,1,1,-3.5988,1.9669,0.18,0.0032,698.46
7066,-2.5751,50,0,-3.6244,1.9367,0.17,0.0896,698.55
7067,-0.0345,1,1,-3.5746,1.9642,0.18,0.0028,698.55
7068,-5.7639,50,0,-3.5918,1.9757,0.18,0.1079,698.66
7069,-4.3374,50,0,-3.5834,1.9707,0.18,0.1127,698.77
7070,-2.8263,50,0,-3.5668,1.9701,0.18,0.0991,698.87
7071,-3.4665,50,0,-3.5473,1.9612,0.18,0.0809,698.95
7072,-4.8546,50,0,-3.5647,1.965,0.18,0.0891,699.04
7073,-3.978,50,0,-3.5471,1.9534,0.18,0.0938,699.14
7074,-4.4116,50,0,-3.591,1.9228,0.17,0.0931,699.23
7075,-5.6776,50,0,-3.6475,1.9002,0.16,0.0812,699.31
7076,-4.2168,50,0,-3.6485,1.9005,0.16,0.0921,699.4
7077,-5.0047,50,0,-3.6602,1.9052,0.16,0.0799,699.48
7078,-3.2708,50,0,-3.6434,1.9011,0.16,0.0975,699.58
7079,-0.0075,1,1,-3.6431,1.9015,0.16,0.0029,699.58
7080,-0.0164,1,1,-3.595,1.9315,0.17,0.0027,699.59
7081,-4.409,50,0,-3.6073,1.9328,0.17,0.0976,699.68
7082,-0.0266,1,1,-3.5612,1.9624,0.18,0.002,699.69
7083,-4.7794,50,0,-3.5832,1.9636,0.18,0.1188,699.81
7084,-4.0322,50,0,-3.5577,1.941,0.18,0.1231,699.93
7085,-3.5994,50,0,-3.5305,1.921,0.18,0.0953,700.02
7086,-5.8481,50,0,-3.5316,1.9223,0.18,0.0781,700.1
7087,-3.6084,50,0,-3.5265,1.9214,0.18,0.0912,700.19
7088,-4.2179,50,0,-3.5683,1.8903,0.17,0.0973,700.29
7089,-0.0123,1,1,-3.5424,1.9209,0.18,0.0018,700.29
7090,-4.7889,50,0,-3.5899,1.8922,0.17,0.1153,700.41
7091,-4.7997,50,0,-3.5924,1.8937,0.17,0.0999,700.51
7092,-0.0422,1,1,-3.5425,1.9206,0.18,0.0029,700.51
7093,-4.6206,50,0,-3.5469,1.9226,0.18,0.0955,700.61
7094,-3.3532,50,0,-3.5227,1.9096,0.18,0.0829,700.69
7095,-6.0058,50,0,-3.5462,1.9255,0.18,0.0779,700.77
7096,-4.3971,50,0,-3.5614,1.9261,0.18,0.1018,700.87
7097,-0.0479,1,1,-3.5233,1.9573,0.19,0.0032,700.87
7098,-4.9429,50,0,-3.5205,1.9551,0.19,0.9483,701.82
7099,-0.0444,1,1,-3.5206,1.9551,0.19,0.002,701.82
7100,-3.3557,50,0,-3.5111,1.9536,0.19,0.0927,701.91
7101,-4.355,50,0,-3.5276,1.9537,0.19,0.1034,702.02
7102,-4.7467,50,0,-3.5374,1.9573,0.19,0.1048,702.12
7103,-3.9229,50,0,-3.5277,1.9529,0.19,0.1005,702.22
7104,-4.4527,50,0,-3.5449,1.9534,0.19,0.1069,702.33
7105,-5.8708,50,0,-3.5597,1.9654,0.19,0.1052,702.43
7106,-2.7645,50,0,-3.5869,1.9351,0.18,0.0997,702.53
7107,-4.6507,50,0,-3.6061,1.936,0.18,0.0992,702.63
7108,-0.0324,1,1,-3.5443,1.9504,0.19,0.0027,702.64
7109,-3.0114,50,0,-3.5742,1.9188,0.18,0.0974,702.73
7110,-2.8329,50,0,-3.5723,1.9195,0.18,0.09,702.82
7111,-4.7316,50,0,-3.562,1.9104,0.18,0.0962,702.92
7112,-5.8801,50,0,-3.5891,1.9239,0.18,0.1143,703.03
7113,-0.0023,1,1,-3.5619,1.9549,0.19,0.0019,703.04
7114,-4.1158,50,0,-3.6029,1.9228,0.18,0.1059,703.14
7115,-3.815,50,0,-3.5909,1.9177,0.18,0.1113,703.25
7116,-0.0217,1,1,-3.5629,1.949,0.19,0.0029,703.26
7117,-2.9126,50,0,-3.5459,1.9472,0.19,0.1299,703.39
7118,-0.0286,1,1,-3.5049,1.9774,0.2,0.003,703.39
7119,-6.6147,50,0,-3.5245,1.9983,0.2,0.1047,703.49
7120,-4.3333,50,0,-3.5366,1.9995,0.2,0.1101,703.6
7121,-4.5668,50,0,-3.5389,2.0006,0.2,0.0929,703.7
7122,-0.0395,1,1,-3.539,2.0004,0.2,0.0029,703.7
7123,-0.0487,1,1,-3.4803,2.0158,0.21,0.0031,703.7
7124,-4.9264,50,0,-3.4882,2.0199,0.21,0.095,703.8
7125,-4.4667,50,0,-3.4853,2.0183,0.21,0.0974,703.9
7126,-5.08,50,0,-3.4974,2.0242,0.21,0.0988,703.99
7127,-4.0816,50,0,-3.5124,2.0229,0.21,0.0988,704.09
7128,-2.6825,50,0,-3.5086,2.0241,0.21,0.0957,704.19
7129,-2.7542,50,0,-3.5357,1.9955,0.2,0.0811,704.27
7130,-4.0135,50,0,-3.5218,1.9872,0.2,0.1111,704.38
7131,-3.2898,50,0,-3.4926,1.9688,0.2,0.0884,704.47
7132,-3.7314,50,0,-3.5294,1.9383,0.19,0.133,704.6
7133,-4.6064,50,0,-3.5156,1.9256,0.19,0.1222,704.72
7134,-4.4841,50,0,-3.518,1.9267,0.19,0.1083,704.83
7135,-0.0063,1,1,-3.4732,1.9555,0.2,0.0023,704.84
7136,-4.5268,50,0,-3.4523,1.9328,0.2,0.086,704.92
7137,-0.0192,1,1,-3.452,1.9331,0.2,0.0026,704.92
7138,-3.8833,50,0,-3.4905,1.9028,0.19,0.0954,705.02
7139,-4.06,50,0,-3.5023,1.9027,0.19,0.089,705.11
7140,-3.0246,50,0,-3.5002,1.9031,0.19,0.1106,705.22
7141,-4.9591,50,0,-3.4957,1.8992,0.19,0.0954,705.31
7142,-3.2741,50,0,-3.4844,1.8971,0.19,0.103,705.42
7143,-5.1479,50,0,-3.5107,1.9017,0.19,0.1012,705.52
7144,-4.6694,50,0,-3.501,1.8933,0.19,0.109,705.63
7145,-4.6548,50,0,-3.5471,1.8644,0.18,0.1218,705.75
7146,-3.3702,50,0,-3.5457,1.8645,0.18,0.0962,705.85
7147,-0.0492,1,1,-3.4853,1.8789,0.19,0.0021,705.85
7148,-4.9235,50,0,-3.4736,1.8662,0.19,1.0205,706.87
7149,-4.3387,50,0,-3.4661,1.8613,0.19,0.1144,706.98
7150,-2.9907,50,0,-3.4957,1.8298,0.18,0.0981,707.08
7151,-5.4512,50,0,-3.5026,1.8358,0.18,0.0967,707.18
7152,-4.2969,50,0,-3.5187,1.8357,0.18,0.0962,707.27
7153,-5.3194,50,0,-3.5234,1.8397,0.18,0.0942,707.37
7154,-5.8704,50,0,-3.5435,1.8542,0.18,0.1155,707.48
7155,-4.466,50,0,-3.5467,1.8555,0.18,0.0969,707.58
7156,-4.0665,50,0,-3.5599,1.8545,0.18,0.0966,707.68
7157,-5.4366,50,0,-3.5888,1.8609,0.18,0.1031,707.78
7158,-4.4367,50,0,-3.5862,1.8595,0.18,0.1012,707.88
7159,-3.7026,50,0,-3.5613,1.8411,0.18,0.0903,707.97
7160,-6.2347,50,0,-3.5663,1.8476,0.18,0.0918,708.06
7161,-3.3316,50,0,-3.5507,1.843,0.18,0.0938,708.16
7162,-2.6332,50,0,-3.537,1.8447,0.18,0.0751,708.23
7163,-0.0469,1,1,-3.4937,1.875,0.19,0.0017,708.23
7164,-5.3951,50,0,-3.4986,1.8793,0.19,0.1241,708.36
7165,-5.8903,50,0,-3.5572,1.8617,0.18,0.0893,708.45
7166,-2.806,50,0,-3.5595,1.8606,0.18,0.0983,708.55
7167,-0.0464,1,1,-3.5596,1.8604,0.18,0.0025,708.55
7168,-0.0422,1,1,-3.5024,1.8796,0.19,0.0021,708.55
7169,-4.1583,50,0,-3.5006,1.8789,0.19,0.0917,708.64
7170,-2.9067,50,0,-3.5014,1.8786,0.19,0.0963,708.74
7171,-4.6305,50,0,-3.513,1.882,0.19,0.1042,708.84
7172,-0.0491,1,1,-3.465,1.9083,0.2,0.0024,708.84
7173,-3.8328,50,0,-3.4635,1.9079,0.2,0.1253,708.97
7174,-5.497,50,0,-3.4744,1.9164,0.2,0.0967,709.07
7175,-4.8916,50,0,-3.4665,1.9089,0.2,0.0958,709.16
7176,-0.0335,1,1,-3.4247,1.9376,0.21,0.0021,709.16
7177,-2.777,50,0,-3.4024,1.9321,0.21,0.1036,709.27
7178,-2.8778,50,0,-3.3985,1.9328,0.21,0.8957,710.16
7179,-0.0333,1,1,-3.3987,1.9323,0.21,0.0028,710.17
7180,-4.6013,50,0,-3.4446,1.9058,0.2,0.0907,710.26
7181,-2.9388,50,0,-3.4299,1.9039,0.2,0.0981,710.36
7182,-5.1735,50,0,-3.4814,1.8807,0.19,0.1263,710.48
7183,-4.5138,50,0,-3.4787,1.879,0.19,0.0757,710.56
7184,-3.8853,50,0,-3.4772,1.8786,0.19,0.0947,710.65
7185,-5.9742,50,0,-3.501,1.895,0.19,0.0863,710.74
7186,-3.7137,50,0,-3.4796,1.8804,0.19,0.1105,710.85
7187,-0.0415,1,1,-3.444,1.9112,0.2,0.0023,710.85
7188,-5.1022,50,0,-3.4528,1.9168,0.2,0.0952,710.95
7189,-2.6467,50,0,-3.4791,1.8872,0.19,0.09,711.04
7190,-0.0474,1,1,-3.4317,1.9131,0.2,0.0031,711.04
7191,-0.0241,1,1,-3.384,1.9378,0.21,0.0029,711.04
7192,-3.5403,50,0,-3.419,1.9085,0.2,0.1094,711.15
7193,-0.048,1,1,-3.3732,1.9337,0.21,0.0022,711.15
7194,-4.1785,50,0,-3.3815,1.9354,0.21,0.0941,711.25
7195,-4.9808,50,0,-3.3712,1.9242,0.21,0.0902,711.34
7196,-0.0268,1,1,-3.3275,1.9498,0.22,0.0027,711.34
7197,-3.6619,50,0,-3.3637,1.922,0.21,0.0911,711.43
7198,-4.8263,50,0,-3.3625,1.9211,0.21,0.0969,711.53
7199,-0.0312,1,1,-3.3624,1.9213,0.21,0.0018,711.53
7200,-0.0229,1,1,-3.329,1.9498,0.22,0.0018,711.53
7201,-0.034,1,1,-3.2858,1.9743,0.23,0.0047,711.54
7202,-0.0309,1,1,-3.2387,1.9951,0.24,0.0018,711.54
7203,-4.4345,50,0,-3.2438,1.9975,0.24,0.0911,711.63
7204,-4.5742,50,0,-3.245,1.9983,0.24,0.9949,712.62
7205,-3.154,50,0,-3.2178,1.9808,0.24,0.1047,712.73
7206,-5.2601,50,0,-3.2428,1.9906,0.24,0.0909,712.82
7207,-0.0436,1,1,-3.1967,2.0107,0.25,0.0031,712.82
7208,-5.4051,50,0,-3.2505,1.9971,0.24,0.0922,712.92
7209,-4.3185,50,0,-3.2635,1.9998,0.24,0.1343,713.05
7210,-3.5239,50,0,-3.2704,1.9995,0.24,0.1176,713.17
7211,-5.3327,50,0,-3.2764,2.0048,0.24,0.106,713.27
7212,-0.0449,1,1,-3.2181,2.0131,0.25,0.0032,713.28
7213,-4.4719,50,0,-3.2628,1.9907,0.24,0.1042,713.38
7214,-2.7441,50,0,-3.2491,1.9895,0.24,0.0985,713.48
7215,-0.0211,1,1,-3.2111,2.0143,0.25,0.002,713.48
7216,-3.4713,50,0,-3.2456,1.9888,0.24,0.1077,713.59
7217,-3.7408,50,0,-3.2539,1.9891,0.24,0.1047,713.69
7218,-3.2874,50,0,-3.2865,1.9625,0.23,0.0833,713.78
7219,-4.1226,50,0,-3.2616,1.9357,0.23,0.1016,713.88
7220,-0.0271,1,1,-3.2185,1.9592,0.24,0.003,713.88
7221,-4.7225,50,0,-3.2201,1.9603,0.24,0.1072,713.99
7222,-3.4109,50,0,-3.2538,1.9341,0.23,0.1048,714.09
7223,-0.0468,1,1,-3.2538,1.9342,0.23,0.0018,714.1
7224,-0.0289,1,1,-3.2048,1.9531,0.24,0.0019,714.1
7225,-4.5431,50,0,-3.2056,1.9536,0.24,0.1013,714.2
7226,-4.7883,50,0,-3.2026,1.951,0.24,0.1013,714.3
7227,-4.1215,50,0,-3.203,1.9512,0.24,0.1012,714.4
7228,-3.236,50,0,-3.2086,1.9505,0.24,0.1031,714.5
7229,-6.1195,50,0,-3.2422,1.9713,0.24,0.0877,714.59
7230,-4.9744,50,0,-3.2518,1.9774,0.24,0.0928,714.69
7231,-3.5114,50,0,-3.2541,1.9775,0.24,0.0993,714.78
7232,-3.5989,50,0,-3.2527,1.9773,0.24,0.0993,714.88
7233,-3.6973,50,0,-3.2436,1.9731,0.24,0.1224,715.01
7234,-3.4775,50,0,-3.2336,1.9693,0.24,0.0944,715.1
7235,-0.0076,1,1,-3.2336,1.9693,0.24,0.0027,715.1
7236,-3.2275,50,0,-3.2206,1.965,0.24,0.1004,715.2
7237,-4.4913,50,0,-3.2653,1.9424,0.23,0.087,715.29
7238,-3.2554,50,0,-3.259,1.9414,0.23,0.0856,715.38
7239,-2.7179,50,0,-3.2456,1.9404,0.23,0.087,715.46
7240,-0.0213,1,1,-3.2156,1.9667,0.24,0.0019,715.47
7241,-4.075,50,0,-3.2067,1.9608,0.24,0.0938,715.56
7242,-5.2952,50,0,-3.2269,1.9718,0.24,0.0847,715.64
7243,-5.7351,50,0,-3.2328,1.9784,0.24,0.1054,715.75
7244,-0.0204,1,1,-3.1863,1.9986,0.25,0.0029,715.75
7245,-5.5359,50,0,-3.1951,2.007,0.25,0.11,715.86
7246,-4.8246,50,0,-3.2097,2.0134,0.25,0.1123,715.97
7247,-6.3854,50,0,-3.273,2.0127,0.24,0.0806,716.06
7248,-5.4296,50,0,-3.2781,2.0175,0.24,0.0984,716.15
7249,-4.2402,50,0,-3.2771,2.017,0.24,0.1089,716.26
7250,-3.1636,50,0,-3.2789,2.0168,0.24,0.0935,716.36
7251,-4.4825,50,0,-3.2692,2.0086,0.24,0.0931,716.45
7252,-4.8998,50,0,-3.2752,2.0126,0.24,0.088,716.54
7253,-3.9946,50,0,-3.2619,2.0035,0.24,0.0986,716.64
7254,-3.5171,50,0,-3.2384,1.9864,0.24,1.013,717.65
7255,-4.9333,50,0,-3.2431,1.9899,0.24,0.0941,717.74
7256,-0.0346,1,1,-3.2028,2.0135,0.25,0.0025,717.75
7257,-4.8587,50,0,-3.197,2.0079,0.25,0.0958,717.84
7258,-0.0357,1,1,-3.153,2.0284,0.26,0.0021,717.84
7259,-4.4335,50,0,-3.1603,2.0316,0.26,0.1146,717.96
7260,-2.5049,50,0,-3.123,2.009,0.26,0.0911,718.05
7261,-0.0115,1,1,-3.0898,2.0325,0.27,0.0023,718.05
7262,-4.1033,50,0,-3.1045,2.0345,0.27,0.0982,718.15
7263,-2.9071,50,0,-3.1331,2.0113,0.26,0.094,718.24
7264,-4.4414,50,0,-3.1236,2.0028,0.26,0.1052,718.35
7265,-5.583,50,0,-3.1205,1.9988,0.26,0.1045,718.45
7266,-4.7291,50,0,-3.1397,2.0049,0.26,0.1009,718.55
7267,-3.9645,50,0,-3.1789,1.9822,0.25,0.1005,718.65
7268,-3.638,50,0,-3.2148,1.9574,0.24,0.1017,718.76
7269,-3.7396,50,0,-3.2107,1.9559,0.24,0.0858,718.84
7270,-0.0092,1,1,-3.1817,1.9814,0.25,0.002,718.84
7271,-5.3432,50,0,-3.1888,1.9879,0.25,0.11,718.95
7272,-0.0292,1,1,-3.1886,1.9882,0.25,0.0024,718.96
7273,-4.2314,50,0,-3.1926,1.9899,0.25,0.1005,719.06
7274,-6.7742,50,0,-3.2054,2.0087,0.25,0.1026,719.16
7275,-3.4438,50,0,-3.1909,2.0017,0.25,0.1077,719.27
7276,-5.3505,50,0,-3.2441,1.9877,0.24,0.0902,719.36
7277,-0.0448,1,1,-3.2167,2.0125,0.25,0.0023,719.36
7278,-4.6931,50,0,-3.2349,2.0176,0.25,0.1081,719.47
7279,-0.0124,1,1,-3.2347,2.0179,0.25,0.002,719.47
7280,-3.6847,50,0,-3.2255,2.0137,0.25,0.1115,719.58
7281,-5.386,50,0,-3.25,2.0249,0.25,0.0882,719.67
7282,-2.974,50,0,-3.228,2.0159,0.25,0.1096,719.78
7283,-6.0423,50,0,-3.2433,2.0313,0.25,0.094,719.87
7284,-4.6526,50,0,-3.251,2.0351,0.25,0.1039,719.98
7285,-3.6406,50,0,-3.2276,2.0171,0.25,0.1046,720.08
7286,-5.3229,50,0,-3.2437,2.0273,0.25,0.1152,720.2
7287,-4.6039,50,0,-3.2893,2.0059,0.24,0.1187,720.32
7288,-3.9473,50,0,-3.2778,1.9988,0.24,0.1046,720.42
7289,-4.0992,50,0,-3.2923,1.9994,0.24,0.0947,720.51
7290,-0.426,7,1,-3.2961,1.9936,0.24,0.014,720.53
7291,-5.2789,50,0,-3.3486,1.9759,0.23,0.1105,720.64
7292,-4.2121,50,0,-3.3554,1.9776,0.23,0.0878,720.73
7293,-3.9408,50,0,-3.3943,1.9503,0.22,0.0744,720.8
7294,-3.2993,50,0,-3.3855,1.9487,0.22,0.1137,720.92
7295,-4.0507,50,0,-3.3762,1.9433,0.22,0.1291,721.04
7296,-4.8523,50,0,-3.4245,1.9193,0.21,0.13,721.17
7297,-3.8175,50,0,-3.426,1.9195,0.21,0.1161,721.29
7298,-3.1075,50,0,-3.4088,1.9146,0.21,0.1105,721.4
7299,-6.0262,50,0,-3.4688,1.9017,0.2,0.0823,721.48
7300,-6.0749,50,0,-3.5293,1.8873,0.19,0.1341,721.62
7301,-4.8732,50,0,-3.5777,1.8589,0.18,0.1025,721.72
7302,-5.0273,50,0,-3.6277,1.8298,0.17,0.0874,721.81
7303,-3.4601,50,0,-3.6179,1.8281,0.17,1.0532,722.86
7304,-5.0218,50,0,-3.6224,1.831,0.17,0.1258,722.99
7305,-3.9793,50,0,-3.6306,1.8307,0.17,0.0946,723.08
7306,-4.4873,50,0,-3.6229,1.8255,0.17,0.0878,723.17
7307,-5.1727,50,0,-3.6742,1.796,0.16,0.0901,723.26
7308,-3.867,50,0,-3.6588,1.7877,0.16,0.0814,723.34
7309,-4.8239,50,0,-3.6639,1.7902,0.16,0.1046,723.44
7310,-2.7638,50,0,-3.6563,1.7924,0.16,0.1033,723.55
7311,-0.0228,1,1,-3.6032,1.8204,0.17,0.0021,723.55
7312,-3.9607,50,0,-3.6423,1.7852,0.16,0.1467,723.7
7313,-5.8002,50,0,-3.6556,1.7962,0.16,0.1048,723.8
7314,-0.0229,1,1,-3.6284,1.8301,0.17,0.003,723.8
7315,-0.0181,1,1,-3.6284,1.8302,0.17,0.0029,723.81
7316,-5.8117,50,0,-3.6518,1.843,0.17,0.1167,723.92
7317,-3.1765,50,0,-3.6461,1.8435,0.17,0.0987,724.02
7318,-4.7505,50,0,-3.6608,1.8464,0.17,0.1024,724.13
7319,-3.9067,50,0,-3.6586,1.846,0.17,0.0912,724.22
7320,-3.4937,50,0,-3.6933,1.8097,0.16,0.0911,724.31
7321,-5.1691,50,0,-3.6977,1.8128,0.16,0.087,724.39
7322,-4.8729,50,0,-3.7124,1.8163,0.16,0.1111,724.51
7323,-2.998,50,0,-3.7419,1.7801,0.15,0.0927,724.6
7324,-3.2841,50,0,-3.7744,1.7413,0.14,0.1129,724.71
7325,-3.4192,50,0,-3.7632,1.7399,0.14,0.0848,724.8
7326,-4.0457,50,0,-3.7558,1.7371,0.14,0.1079,724.9
7327,-5.4735,50,0,-3.7693,1.7451,0.14,0.1181,725.02
7328,-4.821,50,0,-3.7851,1.7474,0.14,0.0933,725.12
7329,-5.4244,50,0,-3.7782,1.7395,0.14,0.0829,725.2
7330,-3.6299,50,0,-3.7647,1.7354,0.14,0.1158,725.31
7331,-5.8248,50,0,-3.7879,1.7472,0.14,0.1067,725.42
7332,-6.7198,50,0,-3.8191,1.7713,0.14,0.106,725.53
7333,-0.0331,1,1,-3.7824,1.8109,0.15,0.0026,725.53
7334,-0.0162,1,1,-3.7478,1.849,0.16,0.0025,725.53
7335,-5.0506,50,0,-3.7982,1.8148,0.15,0.0977,725.63
7336,-0.0411,1,1,-3.7664,1.8521,0.16,0.0032,725.63
7337,-3.8275,50,0,-3.7597,1.8507,0.16,0.1168,725.75
7338,-0.027,1,1,-3.7275,1.887,0.17,0.0017,725.75
7339,-2.8266,50,0,-3.7285,1.8865,0.17,0.0866,725.84
7340,-3.943,50,0,-3.7678,1.8494,0.16,0.099,725.94
7341,-6.4558,50,0,-3.7916,1.8684,0.16,0.1068,726.04
7342,-4.7799,50,0,-3.7864,1.865,0.16,0.1075,726.15
7343,-0.047,1,1,-3.7295,1.8912,0.17,0.0032,726.15
7344,-2.8213,50,0,-3.7575,1.8565,0.16,0.1136,726.27
7345,-4.2449,50,0,-3.7446,1.8486,0.16,0.1046,726.37
7346,-0.0185,1,1,-3.6966,1.882,0.17,0.0022,726.37
7347,-4.3224,50,0,-3.6759,1.8637,0.17,0.1031,726.48
7348,-2.6958,50,0,-3.6486,1.8578,0.17,0.1149,726.59
7349,-5.4676,50,0,-3.6609,1.8657,0.17,0.091,726.68
7350,-3.4933,50,0,-3.6642,1.8651,0.17,0.0916,726.78
7351,-3.6457,50,0,-3.6558,1.8633,0.17,0.085,726.86
7352,-4.9368,50,0,-3.6562,1.8635,0.17,1.0353,727.9
7353,-5.5015,50,0,-3.6712,1.8723,0.17,0.109,728.0
7354,-3.1766,50,0,-3.6678,1.8729,0.17,0.0959,728.1
7355,-14.6011,50,0,-3.7645,2.1628,0.17,0.1218,728.22
7356,-3.8638,50,0,-3.8028,2.1301,0.16,0.1097,728.33
7357,-4.4449,50,0,-3.7987,2.1284,0.16,0.0939,728.43
7358,-4.2569,50,0,-3.8409,2.095,0.15,0.1064,728.53
7359,-0.0447,1,1,-3.797,2.1278,0.16,0.0025,728.53
7360,-5.0486,50,0,-3.8224,2.1274,0.16,0.1004,728.64
7361,-4.3743,50,0,-3.8661,2.0933,0.15,0.0911,728.73
7362,-0.0421,1,1,-3.8255,2.1274,0.16,0.0022,728.73
7363,-4.2636,50,0,-3.839,2.1258,0.16,0.1063,728.83
7364,-3.3952,50,0,-3.8286,2.1254,0.16,0.1163,728.95
7365,-3.3565,50,0,-3.8063,2.1186,0.16,0.1064,729.06
7366,-0.0454,1,1,-3.7595,2.1492,0.17,0.0032,729.06
7367,-5.7792,50,0,-3.7776,2.1585,0.17,0.0981,729.16
7368,-6.0187,50,0,-3.8014,2.1699,0.17,0.0846,729.24
7369,-4.6026,50,0,-3.81,2.1714,0.17,0.0827,729.33
7370,-5.3174,50,0,-3.8631,2.1425,0.16,0.0836,729.41
7371,-0.0464,1,1,-3.8102,2.1705,0.17,0.0021,729.41
7372,-2.5119,50,0,-3.835,2.1411,0.16,0.1187,729.53
7373,-4.3482,50,0,-3.8361,2.1414,0.16,0.1,729.63
7374,-0.0192,1,1,-3.7686,2.1542,0.17,0.002,729.63
7375,-5.49,50,0,-3.7891,2.1607,0.17,0.1125,729.74
7376,-5.1876,50,0,-3.7874,2.1596,0.17,0.0982,729.84
7377,-3.1453,50,0,-3.8184,2.1276,0.16,0.1066,729.95
7378,-0.0219,1,1,-3.7717,2.159,0.17,0.0021,729.95
7379,-5.0113,50,0,-3.8217,2.129,0.16,0.1277,730.08
7380,-4.5218,50,0,-3.8301,2.1301,0.16,0.1017,730.18
7381,-3.7444,50,0,-3.8137,2.1244,0.16,0.0948,730.28
7382,-4.8644,50,0,-3.8326,2.1252,0.16,0.0741,730.35
7383,-5.726,50,0,-3.8294,2.1222,0.16,0.1327,730.48
7384,-4.0719,50,0,-3.8236,2.1207,0.16,0.1185,730.6
7385,-4.0612,50,0,-3.8278,2.1207,0.16,0.0842,730.69
7386,-5.6526,50,0,-3.8311,2.1233,0.16,0.0931,730.78
7387,-4.1978,50,0,-3.827,2.1222,0.16,0.1043,730.88
7388,-3.8309,50,0,-3.8259,2.1222,0.16,0.087,730.97
7389,-2.8751,50,0,-3.8136,2.1241,0.16,0.1013,731.07
7390,-6.5906,50,0,-3.8753,2.1143,0.15,0.1212,731.19
7391,-4.6035,50,0,-3.8685,2.1109,0.15,0.1031,731.3
7392,-6.6405,50,0,-3.8928,2.1286,0.15,0.0871,731.38
7393,-4.733,50,0,-3.9007,2.1303,0.15,0.0891,731.47
7394,-4.6528,50,0,-3.9143,2.1307,0.15,0.0816,731.55
7395,-3.8937,50,0,-3.9127,2.1306,0.15,0.1158,731.67
7396,-4.9448,50,0,-3.9136,2.1311,0.15,0.0766,731.75
7397,-3.1908,50,0,-3.9074,2.1323,0.15,0.0901,731.84
7398,-5.6967,50,0,-3.9333,2.1381,0.15,0.1026,731.94
7399,-6.4328,50,0,-3.9373,2.1425,0.15,0.9925,732.93
7400,-5.4461,50,0,-3.931,2.1371,0.15,0.0932,733.02
7401,-5.2854,50,0,-3.9352,2.1393,0.15,0.1162,733.14
7402,-3.7907,50,0,-3.9228,2.1365,0.15,0.0928,733.23
7403,-0.0429,1,1,-3.8886,2.1707,0.16,0.003,733.24
7404,-3.8785,50,0,-3.8772,2.1677,0.16,0.0872,733.32
7405,-4.2731,50,0,-3.8801,2.1681,0.16,0.0921,733.42
7406,-3.2344,50,0,-3.8676,2.1681,0.16,0.1006,733.52
7407,-2.9903,50,0,-3.8458,2.1659,0.16,0.0943,733.61
7408,-4.7455,50,0,-3.8545,2.1677,0.16,0.101,733.71
7409,-3.0799,50,0,-3.8371,2.1669,0.16,0.0934,733.8
7410,-5.2355,50,0,-3.8618,2.1686,0.16,0.1105,733.92
7411,-2.7514,50,0,-3.8891,2.137,0.15,0.1238,734.04
7412,-0.0275,1,1,-3.8498,2.1713,0.16,0.0021,734.04
7413,-3.9553,50,0,-3.8313,2.1624,0.16,0.1297,734.17
7414,-3.8761,50,0,-3.8699,2.1283,0.15,0.0896,734.26
7415,-4.4259,50,0,-3.9139,2.0934,0.14,0.0995,734.36
7416,-4.7258,50,0,-3.9031,2.0864,0.14,0.0989,734.46
7417,-4.7625,50,0,-3.9189,2.0868,0.14,0.108,734.57
7418,-3.763,50,0,-3.9091,2.0852,0.14,0.0974,734.66
7419,-3.9664,50,0,-3.9097,2.0852,0.14,0.1216,734.79
7420,-5.1563,50,0,-3.9263,2.0884,0.14,0.1169,734.9
7421,-4.7206,50,0,-3.9218,2.0862,0.14,0.7783,735.68
7422,-3.203,50,0,-3.9051,2.0852,0.14,0.1275,735.81
7423,-3.3739,50,0,-3.9089,2.0839,0.14,0.1059,735.91
7424,-3.4818,50,0,-3.9108,2.0834,0.14,0.1055,736.02
7425,-3.9077,50,0,-3.9157,2.0829,0.14,0.1049,736.12
7426,-4.4486,50,0,-3.9198,2.0835,0.14,0.1173,736.24
7427,-6.4954,50,0,-3.93,2.0936,0.14,0.103,736.35
7428,-4.0772,50,0,-3.9225,2.0917,0.14,0.1008,736.45
7429,-0.031,1,1,-3.8686,2.1216,0.15,0.0027,736.45
7430,-6.4599,50,0,-3.8969,2.1371,0.15,0.1068,736.56
7431,-4.4831,50,0,-3.8835,2.1291,0.15,0.1094,736.66
7432,-0.0492,1,1,-3.8168,2.1437,0.16,0.0031,736.67
7433,-4.9793,50,0,-3.8662,2.1126,0.15,0.1132,736.78
7434,-3.7396,50,0,-3.9035,2.0769,0.14,0.0865,736.87
7435,-3.8348,50,0,-3.8913,2.0737,0.14,0.0953,736.96
7436,-4.6089,50,0,-3.937,2.0384,0.13,0.1244,737.09
7437,-4.6441,50,0,-3.9452,2.0396,0.13,0.1008,737.19
7438,-4.571,50,0,-3.9906,2.0021,0.12,0.115,737.3
7439,-2.745,50,0,-3.9898,2.0026,0.12,0.101,737.4
7440,-2.7978,50,0,-3.9783,2.0061,0.12,0.1155,737.52
7441,-3.9107,50,0,-3.9529,1.9906,0.12,0.1142,737.63
7442,-4.4529,50,0,-3.9496,1.9895,0.12,0.1101,737.74
7443,-5.2461,50,0,-4.0016,1.9545,0.11,0.0847,737.83
7444,-0.0363,1,1,-3.9738,1.9906,0.12,0.0019,737.83
7445,-0.0132,1,1,-3.9314,2.029,0.13,0.0018,737.83
7446,-0.0343,1,1,-3.9316,2.0287,0.13,0.0016,737.83
7447,-2.8205,50,0,-3.9166,2.0313,0.13,1.0197,738.85
7448,-5.8862,50,0,-3.9485,2.0369,0.13,0.0939,738.95
7449,-4.3785,50,0,-3.9376,2.0317,0.13,0.1218,739.07
7450,-5.6061,50,0,-3.9587,2.0379,0.13,0.1269,739.2
7451,-3.5177,50,0,-3.9574,2.0381,0.13,0.098,739.29
7452,-5.3608,50,0,-3.9617,2.0406,0.13,0.1121,739.41
7453,-0.0472,1,1,-3.9071,2.0714,0.14,0.0023,739.41
7454,-0.0229,1,1,-3.8756,2.106,0.15,0.0046,739.41
7455,-3.9087,50,0,-3.7687,1.8093,0.15,0.1157,739.53
7456,-0.0465,1,1,-3.7305,1.8467,0.16,0.0021,739.53
7457,-4.0013,50,0,-3.7261,1.8455,0.16,0.0967,739.63
7458,-3.6894,50,0,-3.7204,1.8448,0.16,0.1001,739.73
7459,-2.6267,50,0,-3.7462,1.8109,0.15,0.0902,739.82
7460,-3.5214,50,0,-3.7309,1.8063,0.15,0.0747,739.89
7461,-2.645,50,0,-3.7136,1.8083,0.15,0.1256,740.02
7462,-5.0365,50,0,-3.7636,1.7749,0.14,0.0995,740.12
7463,-0.0279,1,1,-3.7212,1.8126,0.15,0.0024,740.12
7464,-3.9822,50,0,-3.7271,1.8125,0.15,0.0958,740.22
7465,-3.5178,50,0,-3.7287,1.8122,0.15,0.1112,740.33
7466,-4.0743,50,0,-3.769,1.7743,0.14,0.1071,740.43
7467,-0.0482,1,1,-3.7117,1.8008,0.15,0.0021,740.44
7468,-0.0336,1,1,-3.6518,1.8224,0.16,0.002,740.44
7469,-2.7663,50,0,-3.6335,1.822,0.16,0.1003,740.54
7470,-3.0085,50,0,-3.6104,1.8151,0.16,0.088,740.63
7471,-3.2393,50,0,-3.6423,1.7799,0.15,0.0882,740.71
7472,-4.5424,50,0,-3.6626,1.7785,0.15,0.0844,740.8
7473,-4.9846,50,0,-3.669,1.7821,0.15,0.1232,740.92
7474,-4.0861,50,0,-3.7097,1.7443,0.14,0.0962,741.02
7475,-3.0616,50,0,-3.6854,1.7362,0.14,0.1062,741.12
7476,-4.3587,50,0,-3.6771,1.731,0.14,0.1033,741.23
7477,-3.5265,50,0,-3.6809,1.7303,0.14,0.0977,741.33
7478,-5.2994,50,0,-3.7337,1.698,0.13,0.0946,741.42
7479,-0.0458,1,1,-3.684,1.7322,0.14,0.0019,741.42
7480,-5.8337,50,0,-3.6971,1.7434,0.14,0.0897,741.51
7481,-5.9494,50,0,-3.7192,1.7578,0.14,0.1016,741.61
7482,-3.4828,50,0,-3.7054,1.7542,0.14,0.1026,741.72
7483,-4.1207,50,0,-3.6893,1.7429,0.14,0.0912,741.81
7484,-3.3849,50,0,-3.6824,1.7427,0.14,0.1159,741.92
7485,-4.9722,50,0,-3.6916,1.7471,0.14,0.1174,742.04
7486,-5.396,50,0,-3.689,1.7444,0.14,0.0887,742.13
7487,-6.9164,50,0,-3.7162,1.773,0.14,0.087,742.22
7488,-0.029,1,1,-3.6782,1.8105,0.15,0.0018,742.22
7489,-4.6054,50,0,-3.6955,1.811,0.15,0.1174,742.34
7490,-5.9177,50,0,-3.6887,1.8015,0.15,0.1091,742.44
7491,-4.6398,50,0,-3.6891,1.8017,0.15,0.1088,742.55
7492,-3.9901,50,0,-3.6626,1.7774,0.15,0.1087,742.66
7493,-0.0284,1,1,-3.6155,1.8104,0.16,0.0023,742.66
7494,-3.9962,50,0,-3.609,1.8078,0.16,0.0799,742.74
7495,-3.6318,50,0,-3.6064,1.8076,0.16,0.0902,742.83
7496,-4.6685,50,0,-3.6036,1.8058,0.16,0.1056,742.94
7497,-3.5205,50,0,-3.6069,1.8053,0.16,1.0088,743.95
7498,-5.6711,50,0,-3.6066,1.805,0.16,0.119,744.07
7499,-5.5515,50,0,-3.5978,1.7933,0.16,0.1347,744.2
7500,-0.0422,1,1,-3.5438,1.818,0.17,0.0022,744.2
7501,-2.9757,50,0,-3.5207,1.8104,0.17,0.0952,744.3
7502,-2.6033,50,0,-3.5088,1.8125,0.17,0.0984,744.4
7503,-3.1012,50,0,-3.5394,1.7793,0.16,0.0869,744.49
7504,-2.7333,50,0,-3.5279,1.7807,0.16,0.0881,744.57
7505,-3.0803,50,0,-3.516,1.7797,0.16,0.101,744.67
7506,-2.9434,50,0,-3.5131,1.7804,0.16,0.0911,744.77
7507,-2.6336,50,0,-3.5095,1.7818,0.16,0.1,744.87
7508,-5.0766,50,0,-3.5129,1.7844,0.16,0.1139,744.98
7509,-2.835,50,0,-3.5104,1.7851,0.16,0.0984,745.08
7510,-4.4754,50,0,-3.5028,1.7794,0.16,0.0895,745.17
7511,-3.7002,50,0,-3.5123,1.7779,0.16,0.1018,745.27
7512,-5.7287,50,0,-3.5693,1.7565,0.15,0.1071,745.38
7513,-2.9938,50,0,-3.5597,1.757,0.15,0.0936,745.47
7514,-5.4159,50,0,-3.5751,1.7664,0.15,0.0963,745.57
7515,-2.5025,50,0,-3.5559,1.7675,0.15,0.1094,745.68
7516,-3.1649,50,0,-3.5402,1.764,0.15,0.1089,745.78
7517,-3.8433,50,0,-3.5311,1.76,0.15,0.1056,745.89
7518,-0.0209,1,1,-3.4936,1.7941,0.16,0.0021,745.89
7519,-5.0426,50,0,-3.5044,1.8002,0.16,0.0927,745.98
7520,-4.5644,50,0,-3.4985,1.7957,0.16,0.0914,746.08
7521,-2.558,50,0,-3.4769,1.7939,0.16,0.0873,746.16
7522,-3.8797,50,0,-3.4836,1.7941,0.16,0.099,746.26
7523,-2.7175,50,0,-3.4771,1.7957,0.16,0.1005,746.36
7524,-0.0274,1,1,-3.4425,1.8282,0.17,0.0019,746.36
7525,-3.9167,50,0,-3.4426,1.8282,0.17,0.0909,746.46
7526,-0.0273,1,1,-3.3984,1.8566,0.18,0.0021,746.46
7527,-5.9346,50,0,-3.3928,1.8481,0.18,0.1084,746.57
7528,-5.8076,50,0,-3.4101,1.8624,0.18,0.09,746.66
7529,-4.8092,50,0,-3.4579,1.8362,0.17,0.1061,746.76
7530,-0.0294,1,1,-3.3936,1.8426,0.18,0.0023,746.76
7531,-4.1922,50,0,-3.3907,1.8411,0.18,0.1024,746.87
7532,-0.0362,1,1,-3.3905,1.8413,0.18,0.002,746.87
7533,-6.412,50,0,-3.4048,1.8591,0.18,0.1069,746.98
7534,-3.1554,50,0,-3.399,1.859,0.18,0.1099,747.09
7535,-0.0309,1,1,-3.361,1.8883,0.19,0.0023,747.09
7536,-3.0067,50,0,-3.3449,1.8845,0.19,0.1006,747.19
7537,-2.6643,50,0,-3.3251,1.8811,0.19,0.104,747.29
7538,-4.1507,50,0,-3.3209,1.8788,0.19,0.1014,747.39
7539,-3.3637,50,0,-3.3271,1.8779,0.19,0.1074,747.5
7540,-4.9167,50,0,-3.3483,1.8838,0.19,0.0982,747.6
7541,-5.0058,50,0,-3.3593,1.8902,0.19,0.1152,747.71
7542,-5.466,50,0,-3.3694,1.8987,0.19,0.1036,747.82
7543,-0.0172,1,1,-3.3171,1.9182,0.2,0.0036,747.82
7544,-3.0144,50,0,-3.3469,1.8899,0.19,0.0981,747.92
7545,-2.8056,50,0,-3.3748,1.8609,0.18,0.0803,748.0
7546,-3.1177,50,0,-3.4056,1.8306,0.17,1.1106,749.11
7547,-3.3797,50,0,-3.4112,1.8296,0.17,0.121,749.23
7548,-0.0221,1,1,-3.3526,1.8433,0.18,0.0035,749.24
7549,-4.9306,50,0,-3.3581,1.8472,0.18,0.1438,749.38
7550,-3.5913,50,0,-3.338,1.8335,0.18,0.1097,749.49
7551,-3.6194,50,0,-3.339,1.8336,0.18,0.1058,749.6
7552,-3.2837,50,0,-3.3182,1.8223,0.18,0.0968,749.69
7553,-4.6501,50,0,-3.3642,1.7971,0.17,0.0997,749.79
7554,-3.7141,50,0,-3.4012,1.7657,0.16,0.1115,749.9
7555,-3.1515,50,0,-3.3936,1.7651,0.16,0.1215,750.02
7556,-3.7147,50,0,-3.4303,1.733,0.15,0.1054,750.13
7557,-0.0279,1,1,-3.3905,1.7647,0.16,0.0021,750.13
7558,-3.6403,50,0,-3.39,1.7647,0.16,0.098,750.23
7559,-2.9604,50,0,-3.3934,1.7635,0.16,0.0906,750.32
7560,-0.0204,1,1,-3.3584,1.7951,0.17,0.0021,750.32
7561,-0.0383,1,1,-3.3323,1.824,0.18,0.0024,750.33
7562,-3.6042,50,0,-3.318,1.8161,0.18,0.1127,750.44
7563,-4.3974,50,0,-3.3617,1.7888,0.17,0.1086,750.55
7564,-3.1529,50,0,-3.3534,1.7878,0.17,0.1135,750.66
7565,-5.0472,50,0,-3.3687,1.7957,0.17,0.0943,750.75
7566,-0.0048,1,1,-3.328,1.8251,0.18,0.0021,750.76
7567,-5.1578,50,0,-3.3791,1.804,0.17,0.126,750.88
7568,-3.2855,50,0,-3.4116,1.7724,0.16,0.1074,750.99
7569,-4.851,50,0,-3.4324,1.777,0.16,0.0884,751.08
7570,-4.8418,50,0,-3.4508,1.7819,0.16,0.0927,751.17
7571,-4.8881,50,0,-3.4673,1.7875,0.16,0.1092,751.28
7572,-0.0402,1,1,-3.4222,1.8163,0.17,0.0025,751.28
7573,-0.0312,1,1,-3.3727,1.8404,0.18,0.0026,751.29
7574,-0.024,1,1,-3.3321,1.8689,0.19,0.0022,751.29
7575,-3.2839,50,0,-3.3343,1.8687,0.19,0.0982,751.39
7576,-2.6472,50,0,-3.3172,1.867,0.19,0.1003,751.49
7577,-3.5855,50,0,-3.3178,1.8671,0.19,0.1077,751.59
7578,-4.7564,50,0,-3.3124,1.8621,0.19,0.125,751.72
7579,-4.7233,50,0,-3.3591,1.8381,0.18,0.1274,751.85
7580,-7.02,50,0,-3.371,1.8577,0.18,0.1025,751.95
7581,-0.0062,1,1,-3.3116,1.8693,0.19,0.0028,751.95
7582,-5.0007,50,0,-3.3267,1.8768,0.19,0.1136,752.06
7583,-0.017,1,1,-3.2857,1.9037,0.2,0.003,752.07
7584,-4.438,50,0,-3.2962,1.9071,0.2,0.1141,752.18
7585,-0.0365,1,1,-3.2469,1.9269,0.21,0.0019,752.18
7586,-0.031,1,1,-3.1932,1.9409,0.22,0.0018,752.19
7587,-0.0185,1,1,-3.1242,1.9299,0.23,0.0016,752.19
7588,-5.1466,50,0,-3.1754,1.9149,0.22,0.1048,752.29
7589,-0.0433,1,1,-3.1298,1.9346,0.23,0.0022,752.29
7590,-4.8067,50,0,-3.1187,1.9217,0.23,0.1088,752.4
7591,-4.6159,50,0,-3.1185,1.9215,0.23,0.1008,752.5
7592,-4.8557,50,0,-3.1271,1.9273,0.23,0.0902,752.59
7593,-0.0425,1,1,-3.1272,1.9271,0.23,0.0021,752.6
7594,-3.5764,50,0,-3.1231,1.9257,0.23,0.1034,752.7
7595,-6.6695,50,0,-3.1534,1.9572,0.23,0.1088,752.81
7596,-0.0378,1,1,-3.1071,1.9755,0.24,0.0023,752.81
7597,-0.049,1,1,-3.0724,1.9983,0.25,0.0023,752.81
7598,-5.5032,50,0,-3.0707,1.9962,0.25,0.1072,752.92
7599,-5.3148,50,0,-3.0684,1.9933,0.25,0.093,753.01
7600,-3.6787,50,0,-3.1047,1.9709,0.24,0.1038,753.12
7601,-3.3022,50,0,-3.108,1.9709,0.24,0.1108,753.23
7602,-5.1164,50,0,-3.1331,1.9803,0.24,0.1303,753.36
7603,-5.7823,50,0,-3.1599,1.9978,0.24,1.0771,754.44
7604,-3.8385,50,0,-3.171,1.9984,0.24,0.1158,754.55
7605,-0.0423,1,1,-3.1406,2.0225,0.25,0.0028,754.55
7606,-3.1865,50,0,-3.143,2.0224,0.25,0.1079,754.66
7607,-0.0458,1,1,-3.1172,2.0452,0.26,0.0028,754.66
7608,-0.0347,1,1,-3.0667,2.0584,0.27,0.0031,754.67
7609,-2.6298,50,0,-3.0647,2.0587,0.27,0.0928,754.76
7610,-4.2334,50,0,-3.0623,2.0572,0.27,0.1145,754.87
7611,-3.7271,50,0,-3.0625,2.0573,0.27,0.0962,754.97
7612,-4.6132,50,0,-3.0514,2.0458,0.27,0.1216,755.09
7613,-5.3404,50,0,-3.0748,2.0584,0.27,0.1146,755.21
7614,-2.6278,50,0,-3.047,2.0454,0.27,0.106,755.31
7615,-2.5531,50,0,-3.0475,2.0452,0.27,0.1207,755.43
7616,-3.0511,50,0,-3.0463,2.0452,0.27,0.114,755.55
7617,-3.3944,50,0,-3.0418,2.0439,0.27,0.1098,755.66
7618,-0.0137,1,1,-3.0418,2.044,0.27,0.0019,755.66
7619,-0.0285,1,1,-2.9916,2.0558,0.28,0.0017,755.66
7620,-4.1839,50,0,-2.9878,2.0533,0.28,0.1011,755.76
7621,-6.3252,50,0,-3.0255,2.0794,0.28,0.0855,755.85
7622,-4.8804,50,0,-3.0355,2.0859,0.28,0.1097,755.96
7623,-2.5697,50,0,-3.034,2.0862,0.28,0.1058,756.06
7624,-5.2203,50,0,-3.086,2.0753,0.27,0.1021,756.17
7625,-5.1236,50,0,-3.098,2.0836,0.27,0.1102,756.28
7626,-4.9482,50,0,-3.1472,2.0685,0.26,0.1101,756.39
7627,-7.1384,50,0,-3.1593,2.0881,0.26,0.156,756.54
7628,-4.7174,50,0,-3.1484,2.0771,0.26,0.1204,756.66
7629,-4.2271,50,0,-3.1425,2.0732,0.26,0.1224,756.78
7630,-5.3604,50,0,-3.1959,2.061,0.25,0.1072,756.89
7631,-4.0316,50,0,-3.1943,2.0603,0.25,0.1039,757.0
7632,-0.0282,1,1,-3.1942,2.0604,0.25,0.0019,757.0
7633,-4.3398,50,0,-3.1735,2.0382,0.25,0.1004,757.1
7634,-3.6107,50,0,-3.178,2.0387,0.25,0.1064,757.2
7635,-4.5145,50,0,-3.2228,2.0182,0.24,0.1026,757.31
7636,-0.0196,1,1,-3.193,2.0431,0.25,0.0026,757.31
7637,-0.0467,1,1,-3.1668,2.0664,0.26,0.0025,757.31
7638,-3.9001,50,0,-3.1643,2.0653,0.26,0.1159,757.43
7639,-4.9236,50,0,-3.1799,2.0727,0.26,0.1031,757.53
7640,-5.2005,50,0,-3.1827,2.0752,0.26,0.0812,757.61
7641,-5.1493,50,0,-3.1842,2.0765,0.26,0.1126,757.73
7642,-0.0288,1,1,-3.1298,2.0872,0.27,0.0027,757.73
7643,-4.5831,50,0,-3.1754,2.0685,0.26,0.1259,757.85
7644,-4.495,50,0,-3.1903,2.0726,0.26,0.1235,757.98
7645,-0.0389,1,1,-3.1626,2.0959,0.27,0.0028,757.98
7646,-0.0453,1,1,-3.1319,2.1187,0.28,0.0024,757.98
7647,-4.9188,50,0,-3.1473,2.126,0.28,0.0945,758.08
7648,-5.5486,50,0,-3.2025,2.1159,0.27,0.0929,758.17
7649,-0.0396,1,1,-3.1536,2.1318,0.28,0.0031,758.17
7650,-0.0247,1,1,-3.1179,2.1539,0.29,0.0029,758.18
7651,-4.5438,50,0,-3.1272,2.158,0.29,0.1214,758.3
7652,-3.8402,50,0,-3.1328,2.1592,0.29,0.1124,758.41
7653,-3.7717,50,0,-3.124,2.1547,0.29,0.1075,758.52
7654,-4.1326,50,0,-3.1282,2.1563,0.29,0.1149,758.63
7655,-3.5221,50,0,-3.1319,2.1567,0.29,0.1176,758.75
7656,-0.0091,1,1,-3.0948,2.178,0.3,0.0021,758.75
7657,-4.8461,50,0,-3.143,2.1629,0.29,0.0821,758.83
7658,-0.035,1,1,-3.1069,2.1843,0.3,0.0018,758.84
7659,-6.0697,50,0,-3.138,2.204,0.3,1.0411,759.88
7660,-4.1688,50,0,-3.1795,2.1839,0.29,0.0993,759.98
7661,-4.5129,50,0,-3.2243,2.1648,0.28,0.1013,760.08
7662,-4.2488,50,0,-3.2307,2.1669,0.28,0.1107,760.19
7663,-5.4013,50,0,-3.2407,2.1746,0.28,0.0817,760.27
7664,-0.0322,1,1,-3.2095,2.1979,0.29,0.003,760.27
7665,-5.7542,50,0,-3.2166,2.2049,0.29,0.0956,760.37
7666,-5.0608,50,0,-3.2672,2.1886,0.28,0.1014,760.47
7667,-0.0462,1,1,-3.216,2.2035,0.29,0.0043,760.47
7668,-5.2287,50,0,-3.2355,2.2126,0.29,0.0973,760.57
7669,-6.002,50,0,-3.247,2.2239,0.29,0.1133,760.68
7670,-0.0462,1,1,-3.199,2.2406,0.3,0.003,760.69
7671,-5.6043,50,0,-3.2062,2.2472,0.3,0.1174,760.8
7672,-4.0652,50,0,-3.2464,2.226,0.29,0.1104,760.92
7673,-3.548,50,0,-3.2816,2.2026,0.28,0.0947,761.01
7674,-3.5879,50,0,-3.3173,2.1783,0.27,0.1029,761.11
7675,-0.0498,1,1,-3.2849,2.2025,0.28,0.0021,761.12
7676,-3.6119,50,0,-3.2946,2.2018,0.28,0.1117,761.23
7677,-2.6132,50,0,-3.2848,2.2026,0.28,0.1103,761.34
7678,-4.8539,50,0,-3.2858,2.2033,0.28,1.0969,762.43
7679,-4.003,50,0,-3.2786,2.1997,0.28,0.105,762.54
7680,-4.5529,50,0,-3.2539,2.1713,0.28,0.1173,762.66
7681,-2.783,50,0,-3.2817,2.1472,0.27,0.0815,762.74
7682,-3.9875,50,0,-3.2716,2.1414,0.27,0.1187,762.86
7683,-3.2308,50,0,-3.3037,2.1163,0.26,0.1115,762.97
7684,-0.0349,1,1,-3.2597,2.138,0.27,0.0068,762.97
7685,-4.5105,50,0,-3.3044,2.1167,0.26,0.1057,763.08
7686,-0.0198,1,1,-3.3043,2.1169,0.26,0.0018,763.08
7687,-5.0563,50,0,-3.3547,2.098,0.25,0.1259,763.21
7688,-3.6615,50,0,-3.3398,2.0905,0.25,0.1031,763.31
7689,-3.2421,50,0,-3.3718,2.0641,0.24,0.1207,763.43
7690,-5.1783,50,0,-3.3755,2.067,0.24,0.0958,763.53
7691,-5.2298,50,0,-3.3817,2.0716,0.24,0.1158,763.64
7692,-3.5172,50,0,-3.3683,2.0664,0.24,0.0955,763.74
7693,-5.7605,50,0,-3.4255,2.0526,0.23,0.1156,763.85
7694,-2.9934,50,0,-3.4196,2.053,0.23,0.1052,763.96
7695,-4.445,50,0,-3.3974,2.0296,0.23,0.0978,764.06
7696,-4.4307,50,0,-3.4413,2.0038,0.22,0.1008,764.16
7697,-3.7211,50,0,-3.478,1.9747,0.21,0.1029,764.26
7698,-4.5056,50,0,-3.4681,1.9669,0.21,0.1014,764.36
7699,-5.1092,50,0,-3.466,1.9651,0.21,0.1001,764.46
7700,-0.048,1,1,-3.4297,1.9942,0.22,0.0023,764.46
7701,-3.7662,50,0,-3.4344,1.9944,0.22,0.1058,764.57
7702,-4.4556,50,0,-3.4277,1.9899,0.22,0.1145,764.69
7703,-6.2823,50,0,-3.4327,1.9964,0.22,0.0867,764.77
7704,-4.7297,50,0,-3.4417,2.0002,0.22,0.1013,764.87
7705,-2.6094,50,0,-3.4673,1.9727,0.21,0.1023,764.98
7706,-5.8368,50,0,-3.4938,1.9865,0.21,0.1093,765.08
7707,-3.5919,50,0,-3.5293,1.9561,0.2,1.0578,766.14
7708,-4.2674,50,0,-3.5716,1.9256,0.19,0.1115,766.25
7709,-3.3451,50,0,-3.5788,1.9234,0.19,0.1019,766.36
7710,-0.0495,1,1,-3.5369,1.9539,0.2,0.0031,766.36
7711,-3.9284,50,0,-3.5389,1.9542,0.2,0.1192,766.48
7712,-0.0376,1,1,-3.4932,1.9819,0.21,0.0031,766.48
7713,-4.4254,50,0,-3.484,1.9755,0.21,0.093,766.57
7714,-4.403,50,0,-3.5018,1.9757,0.21,0.114,766.69
7715,-0.011,1,1,-3.4764,2.0039,0.22,0.0031,766.69
7716,-3.9594,50,0,-3.4855,2.004,0.22,0.0897,766.78
7717,-0.0341,1,1,-3.4519,2.0332,0.23,0.0035,766.78
7718,-4.5576,50,0,-3.4973,2.0064,0.22,0.107,766.89
7719,-4.5596,50,0,-3.5426,1.9786,0.21,0.1073,767.0
7720,-0.0483,1,1,-3.5012,2.0077,0.22,0.0022,767.0
7721,-2.5555,50,0,-3.4635,1.9897,0.22,0.0973,767.1
7722,-0.0481,1,1,-3.4152,2.0132,0.23,0.0017,767.1
7723,-0.0466,1,1,-3.39,2.0393,0.24,0.0016,767.1
7724,-2.9477,50,0,-3.3673,2.0314,0.24,0.0837,767.19
7725,-2.617,50,0,-3.3422,2.025,0.24,0.1082,767.29
7726,-6.3037,50,0,-3.3558,2.0402,0.24,0.1033,767.4
7727,-5.4413,50,0,-3.3388,2.0156,0.24,0.1263,767.52
7728,-3.1937,50,0,-3.3235,2.0109,0.24,0.0924,767.62
7729,-2.9198,50,0,-3.3105,2.0092,0.24,0.0998,767.72
7730,-2.9092,50,0,-3.286,1.999,0.24,0.1176,767.83
7731,-0.0355,1,1,-3.246,2.0235,0.25,0.0023,767.84
7732,-0.0356,1,1,-3.2461,2.0233,0.25,0.0021,767.84
7733,-3.3796,50,0,-3.2365,2.0204,0.25,0.1078,767.95
7734,-2.6765,50,0,-3.2271,2.0208,0.25,0.0963,768.04
7735,-3.5195,50,0,-3.2172,2.0169,0.25,0.107,768.15
7736,-0.0172,1,1,-3.2172,2.0169,0.25,0.002,768.15
7737,-5.5043,50,0,-3.2717,2.0042,0.24,0.0988,768.25
7738,-0.023,1,1,-3.233,2.029,0.25,0.0025,768.25
7739,-3.3551,50,0,-3.2173,2.0219,0.25,0.1055,768.36
7740,-6.2705,50,0,-3.228,2.0352,0.25,0.1085,768.47
7741,-5.9274,50,0,-3.2358,2.044,0.25,0.0977,768.56
7742,-5.3487,50,0,-3.289,2.029,0.24,0.1065,768.67
7743,-3.1419,50,0,-3.2745,2.0249,0.24,0.1086,768.78
7744,-4.6016,50,0,-3.2756,2.0255,0.24,0.117,768.9
7745,-4.6563,50,0,-3.3218,2.0038,0.23,0.0989,768.99
7746,-5.6975,50,0,-3.3783,1.9902,0.22,0.0952,769.09
7747,-4.1964,50,0,-3.3711,1.9859,0.22,0.116,769.21
7748,-2.5701,50,0,-3.3413,1.9753,0.22,0.1002,769.31
7749,-4.7995,50,0,-3.3889,1.9524,0.21,0.094,769.4
7750,-3.9132,50,0,-3.4278,1.9235,0.2,0.1024,769.5
7751,-4.9987,50,0,-3.4323,1.9267,0.2,0.0944,769.6
7752,-4.0569,50,0,-3.4345,1.9273,0.2,0.1202,769.72
7753,-3.9495,50,0,-3.4363,1.9277,0.2,0.1014,769.82
7754,-3.3685,50,0,-3.4286,1.9264,0.2,0.0988,769.92
7755,-0.0346,1,1,-3.3938,1.9557,0.21,0.003,769.92
7756,-4.3704,50,0,-3.4374,1.9282,0.2,0.1192,770.04
7757,-4.5401,50,0,-3.4343,1.9262,0.2,0.1083,770.15
7758,-4.6174,50,0,-3.4801,1.8991,0.19,0.1062,770.25
7759,-3.1066,50,0,-3.4505,1.8815,0.19,0.992,771.25
7760,-4.1305,50,0,-3.4501,1.8814,0.19,0.1117,771.36
7761,-0.02,1,1,-3.4052,1.9089,0.2,0.0027,771.36
7762,-4.1268,50,0,-3.404,1.9084,0.2,0.1067,771.47
7763,-5.7079,50,0,-3.407,1.9119,0.2,0.0956,771.56
7764,-4.5114,50,0,-3.4518,1.8845,0.19,0.1091,771.67
7765,-3.3125,50,0,-3.4274,1.8703,0.19,0.1026,771.77
7766,-2.8138,50,0,-3.4049,1.864,0.19,0.0966,771.87
7767,-4.7089,50,0,-3.4516,1.8376,0.18,0.1038,771.98
7768,-5.2165,50,0,-3.4514,1.8375,0.18,0.1143,772.09
7769,-4.3876,50,0,-3.4353,1.822,0.18,0.1063,772.2
7770,-4.7464,50,0,-3.4823,1.7944,0.17,0.1103,772.31
7771,-4.4094,50,0,-3.4704,1.7842,0.17,0.0882,772.39
7772,-3.6359,50,0,-3.4661,1.7832,0.17,0.0948,772.49
7773,-0.0401,1,1,-3.431,1.8155,0.18,0.0021,772.49
7774,-0.0385,1,1,-3.3955,1.8465,0.19,0.003,772.49
7775,-4.6831,50,0,-3.4418,1.8199,0.18,0.1021,772.6
7776,-5.0875,50,0,-3.4566,1.8272,0.18,0.1092,772.71
7777,-5.1105,50,0,-3.4816,1.8326,0.18,0.1116,772.82
7778,-4.5173,50,0,-3.4782,1.8304,0.18,0.1044,772.92
7779,-2.6242,50,0,-3.4644,1.8315,0.18,0.1169,773.04
7780,-5.1753,50,0,-3.4706,1.8363,0.18,0.0997,773.14
7781,-4.9076,50,0,-3.4919,1.8405,0.18,0.1099,773.25
7782,-5.3557,50,0,-3.5056,1.8492,0.18,0.1094,773.36
7783,-5.8957,50,0,-3.5322,1.8642,0.18,0.111,773.47
7784,-3.2373,50,0,-3.5642,1.831,0.17,0.1042,773.57
7785,-5.8155,50,0,-3.5773,1.8423,0.17,0.1126,773.68
7786,-4.8104,50,0,-3.6252,1.8112,0.16,0.1071,773.79
7787,-0.0251,1,1,-3.5749,1.8404,0.17,0.003,773.8
7788,-5.3865,50,0,-3.5921,1.8492,0.17,0.1148,773.91
7789,-4.0361,50,0,-3.6001,1.8494,0.17,0.0993,774.01
7790,-4.0947,50,0,-3.5892,1.8433,0.17,0.092,774.1
7791,-3.9208,50,0,-3.5761,1.8362,0.17,0.1075,774.21
7792,-0.0144,1,1,-3.5411,1.8701,0.18,0.0026,774.21
7793,-4.013,50,0,-3.5236,1.8574,0.18,0.1007,774.31
7794,-2.5063,50,0,-3.5188,1.8594,0.18,0.1158,774.43
7795,-5.2915,50,0,-3.5272,1.8656,0.18,0.1068,774.53
7796,-4.8993,50,0,-3.5319,1.8684,0.18,0.0913,774.63
7797,-3.4666,50,0,-3.5294,1.8683,0.18,0.113,774.74
7798,-4.3728,50,0,-3.528,1.8677,0.18,0.0988,774.84
7799,-0.0457,1,1,-3.4774,1.8926,0.19,0.0018,774.84
7800,-0.0338,1,1,-3.4773,1.8929,0.19,0.0017,774.84
7801,-4.1575,50,0,-3.4812,1.8939,0.19,0.0938,774.94
7802,-4.6219,50,0,-3.4828,1.8948,0.19,0.0955,775.03
7803,-2.5204,50,0,-3.4452,1.8761,0.19,0.1076,775.14
7804,-5.3175,50,0,-3.4511,1.881,0.19,0.112,775.25
7805,-0.0484,1,1,-3.4255,1.9095,0.2,0.002,775.25
7806,-5.6149,50,0,-3.4233,1.9068,0.2,0.1292,775.38
7807,-3.6521,50,0,-3.4239,1.9069,0.2,0.1142,775.5
7808,-5.2171,50,0,-3.4334,1.9134,0.2,1.0283,776.52
7809,-5.1773,50,0,-3.4517,1.9213,0.2,0.1202,776.64
7810,-4.7998,50,0,-3.4992,1.8951,0.19,0.11,776.75
7811,-5.091,50,0,-3.5108,1.9012,0.19,0.0907,776.84
7812,-0.0401,1,1,-3.5108,1.9012,0.19,0.0031,776.85
7813,-4.358,50,0,-3.5102,1.9009,0.19,0.1035,776.95
7814,-0.0372,1,1,-3.4665,1.9298,0.2,0.0022,776.95
7815,-5.3233,50,0,-3.5196,1.9069,0.19,0.1059,777.06
7816,-0.0483,1,1,-3.4805,1.9374,0.2,0.0031,777.06
7817,-0.0322,1,1,-3.4805,1.9374,0.2,0.0034,777.07
7818,-5.6924,50,0,-3.4918,1.947,0.2,0.1206,777.19
7819,-3.3761,50,0,-3.48,1.944,0.2,0.0939,777.28
7820,-3.9996,50,0,-3.5195,1.9138,0.19,0.0933,777.37
7821,-5.1466,50,0,-3.5454,1.9181,0.19,0.1157,777.49
7822,-2.5724,50,0,-3.5707,1.8883,0.18,0.1016,777.59
7823,-3.7254,50,0,-3.6075,1.8548,0.17,0.1076,777.7
7824,-2.6432,50,0,-3.6044,1.8562,0.17,0.1049,777.8
7825,-6.5005,50,0,-3.6433,1.8756,0.17,0.0964,777.9
7826,-4.921,50,0,-3.6294,1.861,0.17,0.1106,778.01
7827,-3.9752,50,0,-3.6148,1.8524,0.17,0.1028,778.11
7828,-6.0718,50,0,-3.6436,1.868,0.17,0.1253,778.24
7829,-0.0105,1,1,-3.6145,1.9014,0.18,0.002,778.24
7830,-0.049,1,1,-3.5859,1.933,0.19,0.0016,778.24
7831,-4.4268,50,0,-3.6298,1.9015,0.18,0.1028,778.35
7832,-6.2439,50,0,-3.6919,1.8844,0.17,0.1161,778.46
7833,-3.1863,50,0,-3.6899,1.8848,0.17,0.0976,778.56
7834,-0.0458,1,1,-3.6636,1.9168,0.18,0.0021,778.56
7835,-5.0729,50,0,-3.6791,1.9219,0.18,0.102,778.66
7836,-3.6533,50,0,-3.7155,1.8863,0.17,0.1189,778.78
7837,-3.445,50,0,-3.6949,1.8779,0.17,0.1269,778.91
7838,-0.043,1,1,-3.6951,1.8775,0.17,0.0023,778.91
7839,-6.2825,50,0,-3.7244,1.8947,0.17,0.1011,779.01
7840,-4.81,50,0,-3.7098,1.8806,0.17,0.1178,779.13
7841,-0.0221,1,1,-3.6507,1.9027,0.18,0.0033,779.13
7842,-4.8034,50,0,-3.6453,1.8986,0.18,0.1141,779.25
7843,-3.9274,50,0,-3.6531,1.8981,0.18,0.1048,779.35
7844,-0.0379,1,1,-3.6075,1.9293,0.19,0.0018,779.35
7845,-2.6387,50,0,-3.5873,1.9288,0.19,0.0914,779.45
7846,-5.5665,50,0,-3.586,1.9274,0.19,0.1051,779.55
7847,-4.4637,50,0,-3.5887,1.9285,0.19,0.105,779.66
7848,-3.5494,50,0,-3.5985,1.9258,0.19,0.1049,779.76
7849,-4.0553,50,0,-3.591,1.9225,0.19,0.1021,779.86
7850,-0.0418,1,1,-3.5523,1.9544,0.2,0.002,779.86
7851,-4.8262,50,0,-3.5506,1.9532,0.2,0.1253,779.99
7852,-0.0291,1,1,-3.5103,1.9836,0.21,0.0024,779.99
7853,-2.5947,50,0,-3.4968,1.9852,0.21,0.1002,780.09
7854,-2.7598,50,0,-3.4907,1.9865,0.21,0.0949,780.19
7855,-4.2016,50,0,-3.5323,1.9571,0.2,0.1061,780.29
7856,-6.9232,50,0,-3.5579,1.9843,0.2,0.0882,780.38
7857,-5.3836,50,0,-3.5663,1.9902,0.2,0.1134,780.49
7858,-4.3396,50,0,-3.5635,1.9889,0.2,0.0928,780.59
7859,-5.6326,50,0,-3.5888,1.999,0.2,0.101,780.69
7860,-4.4824,50,0,-3.5923,2.0003,0.2,0.0949,780.78
7861,-5.4568,50,0,-3.6467,1.9762,0.19,1.0845,781.87
7862,-4.992,50,0,-3.6553,1.9801,0.19,0.1144,781.98
7863,-3.175,50,0,-3.63,1.9699,0.19,0.1075,782.09
7864,-0.0315,1,1,-3.5852,2.0,0.2,0.0057,782.1
7865,-4.7076,50,0,-3.5992,2.003,0.2,0.0996,782.2
7866,-2.9526,50,0,-3.6005,2.0025,0.2,0.0963,782.29
7867,-3.5548,50,0,-3.589,1.9994,0.2,0.1171,782.41
7868,-0.0329,1,1,-3.5372,2.0236,0.21,0.0023,782.41
7869,-3.811,50,0,-3.5314,2.0219,0.21,0.0994,782.51
7870,-2.7466,50,0,-3.5114,2.0197,0.21,0.1045,782.61
7871,-5.1079,50,0,-3.5184,2.024,0.21,0.0908,782.71
7872,-5.0105,50,0,-3.5321,2.0294,0.21,0.1051,782.81
7873,-4.4353,50,0,-3.5761,2.0007,0.2,0.1073,782.92
7874,-3.8048,50,0,-3.6138,1.969,0.19,0.1086,783.03
7875,-0.0447,1,1,-3.5674,1.9976,0.2,0.0023,783.03
7876,-6.227,50,0,-3.5788,2.0095,0.2,0.1061,783.13
7877,-3.7539,50,0,-3.5652,2.0037,0.2,0.0951,783.23
7878,-5.3944,50,0,-3.574,2.0097,0.2,0.1166,783.35
7879,-3.5634,50,0,-3.5834,2.0075,0.2,0.1119,783.46
7880,-0.044,1,1,-3.532,2.0316,0.21,0.002,783.46
7881,-6.6898,50,0,-3.5499,2.0513,0.21,0.1168,783.58
7882,-4.7763,50,0,-3.5441,2.047,0.21,0.092,783.67
7883,-5.3739,50,0,-3.5389,2.0416,0.21,0.1129,783.78
7884,-5.4571,50,0,-3.5611,2.0503,0.21,0.0978,783.88
7885,-3.8098,50,0,-3.541,2.0379,0.21,0.1099,783.99
7886,-4.8402,50,0,-3.5413,2.0381,0.21,0.1057,784.1
7887,-0.0178,1,1,-3.5412,2.0382,0.21,0.0024,784.1
7888,-3.0883,50,0,-3.5182,2.0302,0.21,0.099,784.2
7889,-4.6694,50,0,-3.5246,2.0328,0.21,0.1073,784.3
7890,-0.0462,1,1,-3.4841,2.0612,0.22,0.0023,784.31
7891,-4.9591,50,0,-3.4945,2.066,0.22,0.1031,784.41
7892,-4.7163,50,0,-3.5415,2.0396,0.21,0.1069,784.52
7893,-3.8951,50,0,-3.5403,2.0393,0.21,0.1121,784.63
7894,-5.2207,50,0,-3.5675,2.0434,0.21,0.0909,784.72
7895,-0.0259,1,1,-3.5148,2.066,0.22,0.003,784.72
7896,-5.3925,50,0,-3.5197,2.0699,0.22,0.1158,784.84
7897,-4.3531,50,0,-3.5286,2.0716,0.22,0.0971,784.94
7898,-0.048,1,1,-3.4853,2.0985,0.23,0.0023,784.94
7899,-0.0439,1,1,-3.4853,2.0985,0.23,0.0022,784.94
7900,-2.8324,50,0,-3.5133,2.0708,0.22,0.1059,785.05
7901,-3.0835,50,0,-3.5026,2.0702,0.22,0.1053,785.15
7902,-4.2892,50,0,-3.4992,2.0687,0.22,0.0855,785.24
7903,-4.4387,50,0,-3.5184,2.0684,0.22,0.1021,785.34
7904,-3.3421,50,0,-3.4987,2.0605,0.22,0.1088,785.45
7905,-4.4785,50,0,-3.543,2.0333,0.21,0.0939,785.54
7906,-5.4232,50,0,-3.5411,2.0314,0.21,0.1066,785.65
7907,-0.0437,1,1,-3.505,2.061,0.22,0.0027,785.65
7908,-5.01,50,0,-3.5029,2.0594,0.22,0.1059,785.76
7909,-5.4695,50,0,-3.5058,2.0619,0.22,0.1072,785.86
7910,-4.9673,50,0,-3.5075,2.0631,0.22,0.0863,785.95
7911,-3.392,50,0,-3.4905,2.0569,0.22,0.0961,786.05
7912,-0.0204,1,1,-3.4903,2.0573,0.22,0.0023,786.05
7913,-4.8919,50,0,-3.4957,2.0602,0.22,1.0673,787.12
7914,-5.2905,50,0,-3.5482,2.0382,0.21,0.1147,787.23
7915,-3.5323,50,0,-3.5303,2.0304,0.21,0.1161,787.35
7916,-0.0475,1,1,-3.5303,2.0304,0.21,0.0032,787.35
7917,-2.6079,50,0,-3.556,2.002,0.2,0.1179,787.47
7918,-5.1757,50,0,-3.5509,1.9971,0.2,0.1197,787.59
7919,-3.9852,50,0,-3.557,1.9975,0.2,0.1163,787.7
7920,-4.9719,50,0,-3.5667,2.002,0.2,0.12,787.82
7921,-0.0358,1,1,-3.5156,2.0261,0.21,0.0031,787.83
7922,-3.4713,50,0,-3.5246,2.0239,0.21,0.1043,787.93
7923,-0.0494,1,1,-3.4878,2.0531,0.22,0.0027,787.93
7924,-5.2801,50,0,-3.5142,2.059,0.22,0.1055,788.04
7925,-4.633,50,0,-3.4955,2.0402,0.22,0.1053,788.14
7926,-6.0357,50,0,-3.5066,2.051,0.22,0.8851,789.03
7927,-3.2733,50,0,-3.4996,2.0506,0.22,0.0818,789.11
7928,-5.5137,50,0,-3.494,2.0443,0.22,0.0873,789.2
7929,-0.0374,1,1,-3.4943,2.0439,0.22,0.0028,789.2
7930,-5.8617,50,0,-3.5524,2.0277,0.21,0.0986,789.3
7931,-5.8841,50,0,-3.567,2.0391,0.21,0.1097,789.41
7932,-5.2129,50,0,-3.5567,2.0281,0.21,0.0986,789.51
7933,-0.0153,1,1,-3.525,2.0582,0.22,0.0019,789.51
7934,-2.9363,50,0,-3.5539,2.0292,0.21,0.0853,789.6
7935,-0.0194,1,1,-3.5034,2.0536,0.22,0.0023,789.6
7936,-3.4155,50,0,-3.501,2.0535,0.22,0.0998,789.7
7937,-6.242,50,0,-3.5289,2.0715,0.22,0.1015,789.8
7938,-5.6988,50,0,-3.5855,2.0527,0.21,0.122,789.92
7939,-4.7069,50,0,-3.5698,2.038,0.21,0.1065,790.03
7940,-0.0486,1,1,-3.5221,2.0639,0.22,0.0029,790.03
7941,-0.0203,1,1,-3.5221,2.0639,0.22,0.0027,790.03
7942,-6.1444,50,0,-3.5355,2.0765,0.22,0.099,790.13
7943,-0.0289,1,1,-3.4965,2.1052,0.23,0.002,790.13
7944,-5.6135,50,0,-3.5523,2.0866,0.22,0.0861,790.22
7945,-5.2353,50,0,-3.5783,2.0912,0.22,0.0823,790.3
7946,-0.0173,1,1,-3.5228,2.1112,0.23,0.0023,790.3
7947,-5.0847,50,0,-3.529,2.1149,0.23,0.1121,790.42
7948,-0.0048,1,1,-3.4935,2.1438,0.24,0.0017,790.42
7949,-4.031,50,0,-3.4933,2.1437,0.24,0.1044,790.52
7950,-4.6747,50,0,-3.5396,2.1185,0.23,0.0922,790.62
7951,-4.9849,50,0,-3.5412,2.1196,0.23,0.1105,790.73
7952,-4.9274,50,0,-3.5902,2.0943,0.22,0.0932,790.82
7953,-0.009,1,1,-3.5643,2.1222,0.23,0.003,790.82
7954,-6.8136,50,0,-3.6049,2.145,0.23,0.1098,790.93
7955,-3.7824,50,0,-3.6007,2.1443,0.23,0.1136,791.05
7956,-3.0958,50,0,-3.5624,2.1186,0.23,0.1283,791.17
7957,-0.048,1,1,-3.5091,2.1392,0.24,0.0029,791.18
7958,-5.5907,50,0,-3.5216,2.1476,0.24,0.1038,791.28
7959,-3.7351,50,0,-3.5026,2.1373,0.24,0.1083,791.39
7960,-3.3941,50,0,-3.4917,2.135,0.24,0.1185,791.51
7961,-4.0925,50,0,-3.4781,2.1268,0.24,0.0841,791.59
7962,-3.1161,50,0,-3.4593,2.1216,0.24,0.1023,791.69
7963,-0.0361,1,1,-3.4279,2.1486,0.25,0.002,791.7
7964,-3.4754,50,0,-3.4624,2.1213,0.24,0.0803,791.78
7965,-0.0153,1,1,-3.4154,2.145,0.25,0.0019,791.78
7966,-4.7577,50,0,-3.4335,2.1486,0.25,0.1189,791.9
7967,-4.3119,50,0,-3.4411,2.1504,0.25,0.1101,792.01
7968,-4.104,50,0,-3.4818,2.1239,0.24,1.0257,793.03
7969,-5.0312,50,0,-3.494,2.1292,0.24,0.1184,793.15
7970,-3.5732,50,0,-3.5022,2.1279,0.24,0.1158,793.27
7971,-6.7639,50,0,-3.5188,2.1467,0.24,0.0987,793.37
7972,-3.0148,50,0,-3.4988,2.142,0.24,0.1037,793.47
7973,-0.0464,1,1,-3.4549,2.1672,0.25,0.0024,793.47
7974,-3.8965,50,0,-3.4559,2.1673,0.25,0.106,793.58
7975,-0.0161,1,1,-3.4556,2.1678,0.25,0.0023,793.58
7976,-2.9106,50,0,-3.4224,2.1504,0.25,0.1127,793.69
7977,-3.4598,50,0,-3.4195,2.1502,0.25,0.0996,793.79
7978,-0.0282,1,1,-3.3658,2.1671,0.26,0.0024,793.79
7979,-0.0203,1,1,-3.3304,2.1924,0.27,0.0016,793.8
7980,-3.1282,50,0,-3.3612,2.1675,0.26,0.1069,793.9
7981,-3.4844,50,0,-3.3292,2.1416,0.26,0.1162,794.02
7982,-2.6681,50,0,-3.3081,2.1376,0.26,0.1079,794.13
7983,-3.856,50,0,-3.2929,2.1283,0.26,0.0996,794.23
7984,-4.7863,50,0,-3.2862,2.1225,0.26,0.1119,794.34
7985,-4.7761,50,0,-3.2959,2.1271,0.26,0.1022,794.44
7986,-0.0415,1,1,-3.2479,2.1457,0.27,0.003,794.44
7987,-2.6099,50,0,-3.2738,2.1221,0.26,0.1109,794.55
7988,-0.029,1,1,-3.2432,2.1464,0.27,0.0028,794.56
7989,-0.0427,1,1,-3.1969,2.165,0.28,0.0022,794.56
7990,-0.0302,1,1,-3.1968,2.1652,0.28,0.0022,794.56
7991,-4.6074,50,0,-3.1933,2.1626,0.28,0.1044,794.67
7992,-3.5847,50,0,-3.1819,2.1576,0.28,0.105,794.77
7993,-5.2861,50,0,-3.1958,2.1666,0.28,0.0944,794.87
7994,-4.3624,50,0,-3.1873,2.1603,0.28,0.0969,794.96
7995,-4.3589,50,0,-3.2306,2.1398,0.27,0.0962,795.06
7996,-3.5419,50,0,-3.2121,2.129,0.27,0.1013,795.16
7997,-2.7704,50,0,-3.1963,2.1263,0.27,0.1129,795.27
7998,-3.6528,50,0,-3.2323,2.1031,0.26,0.1144,795.39
7999,-5.5642,50,0,-3.2875,2.0911,0.25,0.1076,795.49
8000,-3.4201,50,0,-3.2934,2.0906,0.25,0.0974,795.59
8001,-2.7554,50,0,-3.2901,2.0912,0.25,0.1108,795.7
8002,-3.8105,50,0,-3.2853,2.0894,0.25,0.0946,795.8
8003,-4.9396,50,0,-3.2903,2.0928,0.25,0.0968,795.89
8004,-5.6162,50,0,-3.3131,2.1055,0.25,0.1286,796.02
8005,-5.6256,50,0,-3.3245,2.115,0.25,0.1048,796.13
8006,-5.7988,50,0,-3.3283,2.119,0.25,0.1066,796.23
8007,-3.3962,50,0,-3.3618,2.0932,0.24,0.1132,796.35
8008,-2.5482,50,0,-3.3372,2.0881,0.24,0.1058,796.45
8009,-0.0333,1,1,-3.2828,2.1026,0.25,0.0026,796.46
8010,-0.0249,1,1,-3.2334,2.1204,0.26,0.002,796.46
8011,-0.0288,1,1,-3.1998,2.1442,0.27,0.0023,796.46
8012,-0.002,1,1,-3.1996,2.1445,0.27,0.002,796.46
8013,-5.6197,50,0,-3.2069,2.1514,0.27,0.0948,796.56
8014,-2.9417,50,0,-3.1834,2.1413,0.27,0.1087,796.67
8015,-3.6296,50,0,-3.1844,2.1415,0.27,0.0909,796.76
8016,-6.4528,50,0,-3.2484,2.1425,0.26,0.0854,796.84
8017,-3.0911,50,0,-3.2533,2.1416,0.26,0.1251,796.97
8018,-4.9643,50,0,-3.2511,2.1398,0.26,0.1228,797.09
8019,-5.4672,50,0,-3.266,2.15,0.26,0.1056,797.2
8020,-4.7734,50,0,-3.264,2.1485,0.26,0.1088,797.3
8021,-5.3291,50,0,-3.3169,2.1334,0.25,1.01,798.31
8022,-3.4701,50,0,-3.3169,2.1334,0.25,0.1204,798.43
8023,-3.0362,50,0,-3.3468,2.1083,0.24,0.0961,798.53
8024,-2.5733,50,0,-3.3197,2.1006,0.24,0.1127,798.64
8025,-3.8815,50,0,-3.3122,2.0972,0.24,0.1072,798.75
8026,-0.0473,1,1,-3.2523,2.1041,0.25,0.0023,798.75
8027,-0.0052,1,1,-3.2196,2.1288,0.26,0.0023,798.76
8028,-4.0376,50,0,-3.2049,2.1179,0.26,0.1089,798.86
8029,-0.0402,1,1,-3.2049,2.1179,0.26,0.0025,798.87
8030,-4.0983,50,0,-3.1872,2.1029,0.26,0.1148,798.98
8031,-4.6233,50,0,-3.1746,2.0905,0.26,0.1204,799.1
8032,-0.0401,1,1,-3.1229,2.1034,0.27,0.003,799.1
8033,-4.0151,50,0,-3.1629,2.0818,0.26,0.1027,799.21
8034,-4.5374,50,0,-3.1789,2.0862,0.26,0.1133,799.32
8035,-0.0205,1,1,-3.1789,2.0861,0.26,0.0024,799.32
8036,-2.9059,50,0,-3.1738,2.0862,0.26,0.0868,799.41
8037,-4.7824,50,0,-3.1592,2.0697,0.26,0.1069,799.52
8038,-5.8055,50,0,-3.1603,2.071,0.26,0.1014,799.62
8039,-5.1071,50,0,-3.1643,2.0744,0.26,0.0969,799.72
8040,-0.044,1,1,-3.1643,2.0745,0.26,0.0028,799.72
8041,-5.2281,50,0,-3.2163,2.0602,0.25,0.1115,799.83
8042,-5.4335,50,0,-3.2092,2.0513,0.25,0.108,799.94
8043,-4.5189,50,0,-3.2541,2.0302,0.24,0.0937,800.03
8044,-4.875,50,0,-3.2467,2.023,0.24,0.1008,800.13
8045,-5.9565,50,0,-3.254,2.0313,0.24,0.0997,800.23
8046,-4.2945,50,0,-3.2967,2.0076,0.23,0.1139,800.35
8047,-4.4967,50,0,-3.2909,2.0032,0.23,0.0989,800.44
8048,-5.8505,50,0,-3.3493,1.9917,0.22,0.1141,800.56
8049,-0.0433,1,1,-3.3094,2.0174,0.23,0.0025,800.56
8050,-2.6635,50,0,-3.2893,2.0137,0.23,0.0941,800.66
8051,-4.7208,50,0,-3.2867,2.0117,0.23,0.1051,800.76
8052,-3.9625,50,0,-3.277,2.0061,0.23,0.1135,800.87
8053,-3.6518,50,0,-3.3135,1.9793,0.22,0.1074,800.98
8054,-3.601,50,0,-3.2813,1.9481,0.22,0.0978,801.08
8055,-4.7406,50,0,-3.2909,1.9529,0.22,0.095,801.17
8056,-5.6898,50,0,-3.3169,1.9673,0.22,0.0998,801.27
8057,-2.977,50,0,-3.3461,1.94,0.21,0.0822,801.36
8058,-0.0264,1,1,-3.2905,1.9546,0.22,0.002,801.36
8059,-4.5141,50,0,-3.2983,1.9579,0.22,0.0804,801.44
8060,-5.199,50,0,-3.3163,1.967,0.22,0.119,801.56
8061,-4.9097,50,0,-3.3245,1.9719,0.22,0.0964,801.65
8062,-5.7094,50,0,-3.3504,1.986,0.22,0.1146,801.77
8063,-4.7214,50,0,-3.3973,1.9624,0.21,0.1278,801.9
8064,-4.5472,50,0,-3.408,1.9657,0.21,0.1122,802.01
8065,-4.2856,50,0,-3.4507,1.9377,0.2,0.1054,802.11
8066,-4.2318,50,0,-3.4455,1.9349,0.2,0.0968,802.21
8067,-5.9839,50,0,-3.4622,1.9494,0.2,0.1051,802.32
8068,-0.0131,1,1,-3.4213,1.9783,0.21,0.0037,802.32
8069,-6.5664,50,0,-3.4366,1.9966,0.21,0.1032,802.42
8070,-4.0053,50,0,-3.4409,1.9973,0.21,0.0998,802.52
8071,-3.8081,50,0,-3.4114,1.9696,0.21,1.0276,803.55
8072,-0.0357,1,1,-3.3816,1.9977,0.22,0.0024,803.55
8073,-0.0267,1,1,-3.3814,1.998,0.22,0.0021,803.55
8074,-4.6973,50,0,-3.3894,2.0017,0.22,0.1006,803.66
8075,-4.5364,50,0,-3.4346,1.9759,0.21,0.0923,803.75
8076,-0.0404,1,1,-3.4059,2.0039,0.22,0.0031,803.75
8077,-4.6199,50,0,-3.4175,2.0076,0.22,0.1291,803.88
8078,-0.0174,1,1,-3.4174,2.0077,0.22,0.0026,803.88
8079,-0.0334,1,1,-3.4175,2.0075,0.22,0.0024,803.88
8080,-4.5693,50,0,-3.4319,2.0106,0.22,0.0946,803.98
8081,-5.6445,50,0,-3.4535,2.0226,0.22,0.1005,804.08
8082,-3.9523,50,0,-3.4664,2.0216,0.22,0.1042,804.18
8083,-3.1275,50,0,-3.4591,2.0215,0.22,0.0881,804.27
8084,-2.6966,50,0,-3.4382,2.0185,0.22,0.098,804.37
8085,-0.0116,1,1,-3.3906,2.0424,0.23,0.0018,804.37
8086,-0.0391,1,1,-3.3905,2.0425,0.23,0.002,804.37
8087,-5.512,50,0,-3.4196,2.0518,0.23,0.101,804.47
8088,-3.7076,50,0,-3.4563,2.0234,0.22,0.099,804.57
8089,-4.9245,50,0,-3.5052,1.9992,0.21,0.0991,804.67
8090,-0.0229,1,1,-3.5051,1.9994,0.21,0.0024,804.68
8091,-5.3562,50,0,-3.5126,2.0049,0.21,0.1035,804.78
8092,-0.0153,1,1,-3.4769,2.0348,0.22,0.0023,804.78
8093,-4.9277,50,0,-3.4733,2.0319,0.22,0.1008,804.88
8094,-3.8596,50,0,-3.4683,2.0304,0.22,0.109,804.99
8095,-4.251,50,0,-3.4672,2.0299,0.22,0.1092,805.1
8096,-0.0405,1,1,-3.4322,2.0583,0.23,0.0025,805.1
8097,-5.3177,50,0,-3.4577,2.0657,0.23,0.0854,805.19
8098,-4.9694,50,0,-3.4708,2.0711,0.23,0.095,805.28
8099,-0.0192,1,1,-3.4154,2.0885,0.24,0.0022,805.28
8100,-4.4667,50,0,-3.4258,2.0911,0.24,0.112,805.4
8101,-4.5254,50,0,-3.4435,2.0928,0.24,0.0976,805.49
8102,-6.2534,50,0,-3.468,2.1112,0.24,0.0891,805.58
8103,-4.7554,50,0,-3.4661,2.1099,0.24,0.1061,805.69
8104,-0.0495,1,1,-3.4105,2.1259,0.25,0.0023,805.69
8105,-0.0185,1,1,-3.3544,2.1406,0.26,0.0021,805.69
8106,-5.1479,50,0,-3.3479,2.1341,0.26,0.1016,805.8
8107,-3.2702,50,0,-3.3466,2.1341,0.26,0.0964,805.89
8108,-0.0404,1,1,-3.3215,2.158,0.27,0.0022,805.89
8109,-2.8479,50,0,-3.3497,2.1331,0.26,0.1232,806.02
8110,-3.5268,50,0,-3.3847,2.1068,0.25,0.1194,806.14
8111,-6.1859,50,0,-3.4463,2.0978,0.24,0.1201,806.26
8112,-3.5023,50,0,-3.4813,2.069,0.23,0.1046,806.36
8113,-3.8591,50,0,-3.4637,2.0582,0.23,0.1014,806.46
8114,-4.2362,50,0,-3.4766,2.059,0.23,0.0989,806.56
8115,-6.3507,50,0,-3.5038,2.0787,0.23,0.0972,806.66
8116,-0.0278,1,1,-3.4396,2.0858,0.24,0.0023,806.66
8117,-3.7875,50,0,-3.4465,2.0858,0.24,0.1002,806.76
8118,-0.0276,1,1,-3.3972,2.1076,0.25,0.0024,806.76
8119,-5.936,50,0,-3.4019,2.1127,0.25,0.1152,806.88
8120,-4.0912,50,0,-3.395,2.1094,0.25,0.1109,806.99
8121,-3.6843,50,0,-3.3786,2.1007,0.25,0.1132,807.1
8122,-4.9236,50,0,-3.3931,2.1063,0.25,0.0992,807.2
8123,-4.0387,50,0,-3.4031,2.1069,0.25,0.1038,807.31
8124,-4.1956,50,0,-3.4194,2.1067,0.25,0.1241,807.43
8125,-3.9384,50,0,-3.4199,2.1069,0.25,0.0914,807.52
8126,-4.8022,50,0,-3.4675,2.0837,0.24,0.1051,807.63
8127,-3.8386,50,0,-3.5058,2.0547,0.23,1.0128,808.64
8128,-4.2343,50,0,-3.5078,2.0553,0.23,0.1267,808.77
8129,-3.2747,50,0,-3.5401,2.0258,0.22,0.1045,808.87
8130,-4.9111,50,0,-3.5483,2.0296,0.22,0.0971,808.97
8131,-4.4904,50,0,-3.5469,2.0289,0.22,0.0931,809.06
8132,-4.8934,50,0,-3.5955,2.0024,0.21,0.1142,809.18
8133,-5.5006,50,0,-3.6103,2.0109,0.21,0.1012,809.28
8134,-5.2282,50,0,-3.6172,2.0153,0.21,0.1159,809.39
8135,-4.2046,50,0,-3.6591,1.9833,0.2,0.0921,809.48
8136,-4.7929,50,0,-3.6779,1.985,0.2,0.0981,809.58
8137,-5.0598,50,0,-3.6807,1.9868,0.2,0.1042,809.69
8138,-2.9219,50,0,-3.6519,1.9766,0.2,0.1149,809.8
8139,-2.9206,50,0,-3.63,1.9725,0.2,0.1127,809.91
8140,-0.0469,1,1,-3.63,1.9725,0.2,0.0023,809.92
8141,-5.9559,50,0,-3.6373,1.9797,0.2,0.1087,810.03
8142,-2.8943,50,0,-3.6119,1.9727,0.2,0.1132,810.14
8143,-3.2551,50,0,-3.5993,1.9709,0.2,0.1126,810.25
8144,-3.1112,50,0,-3.5817,1.9673,0.2,0.0976,810.35
8145,-3.7531,50,0,-3.5596,1.9529,0.2,0.1062,810.46
8146,-4.0658,50,0,-3.5573,1.9522,0.2,0.0922,810.55
8147,-4.7774,50,0,-3.5601,1.9537,0.2,0.0933,810.64
8148,-4.3049,50,0,-3.5447,1.9416,0.2,0.1042,810.74
8149,-0.044,1,1,-3.5447,1.9416,0.2,0.0025,810.75
8150,-5.1824,50,0,-3.5699,1.9463,0.2,0.0961,810.84
8151,-5.4279,50,0,-3.577,1.9518,0.2,0.1026,810.95
8152,-3.9669,50,0,-3.577,1.9518,0.2,0.0982,811.04
8153,-3.5348,50,0,-3.5758,1.9518,0.2,0.1123,811.16
8154,-2.6508,50,0,-3.5663,1.9539,0.2,0.0969,811.25
8155,-4.6793,50,0,-3.5657,1.9536,0.2,0.1072,811.36
8156,-4.5427,50,0,-3.5542,1.9444,0.2,0.1199,811.48
8157,-0.0412,1,1,-3.5249,1.9748,0.21,0.0028,811.48
8158,-3.4819,50,0,-3.5594,1.9433,0.2,0.1108,811.59
8159,-0.0307,1,1,-3.5146,1.9723,0.21,0.0029,811.6
8160,-3.9198,50,0,-3.5018,1.9654,0.21,0.1072,811.7
8161,-4.4661,50,0,-3.4974,1.9628,0.21,0.1053,811.81
8162,-0.0472,1,1,-3.4408,1.9797,0.22,0.0023,811.81
8163,-3.493,50,0,-3.4285,1.9755,0.22,0.0984,811.91
8164,-4.3135,50,0,-3.4261,1.9744,0.22,0.0875,812.0
8165,-0.0249,1,1,-3.3835,2.0011,0.23,0.0023,812.0
8166,-3.5924,50,0,-3.3771,1.9994,0.23,0.1051,812.11
8167,-2.7033,50,0,-3.3443,1.9833,0.23,0.1079,812.21
8168,-3.2747,50,0,-3.3769,1.9548,0.22,0.1076,812.32
8169,-4.296,50,0,-3.3542,1.9307,0.22,0.1033,812.42
8170,-4.8546,50,0,-3.3627,1.9354,0.22,0.1073,812.53
8171,-2.9108,50,0,-3.3538,1.9354,0.22,0.1039,812.63
8172,-4.1656,50,0,-3.3951,1.908,0.21,0.1042,812.74
8173,-4.9996,50,0,-3.4448,1.8842,0.2,0.1052,812.84
8174,-5.1996,50,0,-3.4498,1.8882,0.2,1.0518,813.9
8175,-5.3929,50,0,-3.4584,1.8951,0.2,0.1289,814.02
8176,-0.0499,1,1,-3.4585,1.8949,0.2,0.0027,814.03
8177,-3.9904,50,0,-3.4522,1.8921,0.2,0.1065,814.13
8178,-0.0216,1,1,-3.4522,1.892,0.2,0.0022,814.14
8179,-2.9376,50,0,-3.4813,1.8613,0.19,0.0936,814.23
8180,-0.0385,1,1,-3.436,1.8892,0.2,0.0025,814.23
8181,-0.0464,1,1,-3.38,1.9058,0.21,0.0022,814.23
8182,-0.0149,1,1,-3.3406,1.9341,0.22,0.0024,814.24
8183,-4.1506,50,0,-3.3508,1.9356,0.22,0.1071,814.34
8184,-6.1124,50,0,-3.385,1.9538,0.22,0.1018,814.45
8185,-5.5867,50,0,-3.4407,1.9362,0.21,1.0729,815.52
8186,-5.0159,50,0,-3.4905,1.912,0.2,0.0991,815.62
8187,-5.3667,50,0,-3.4891,1.9105,0.2,0.0978,815.72
8188,-2.8221,50,0,-3.4802,1.9115,0.2,0.0952,815.81
8189,-4.7971,50,0,-3.4789,1.9106,0.2,0.1223,815.93
8190,-3.3966,50,0,-3.5127,1.8788,0.19,0.1049,816.04
8191,-5.0667,50,0,-3.5098,1.8761,0.19,0.1001,816.14
8192,-2.7295,50,0,-3.5369,1.8448,0.18,0.1051,816.24
8193,-0.0459,1,1,-3.4881,1.8717,0.19,0.0024,816.25
8194,-3.2743,50,0,-3.4822,1.8715,0.19,0.1122,816.36
8195,-3.0532,50,0,-3.4703,1.8703,0.19,0.1085,816.47
8196,-5.4096,50,0,-3.5239,1.848,0.18,0.0924,816.56
8197,-5.0411,50,0,-3.5212,1.8456,0.18,0.0979,816.66
8198,-4.269,50,0,-3.5142,1.8414,0.18,0.1095,816.77
8199,-3.432,50,0,-3.5483,1.8076,0.17,0.1112,816.88
8200,-0.0461,1,1,-3.5041,1.8384,0.18,0.0032,816.88
8201,-4.447,50,0,-3.5033,1.838,0.18,0.1093,816.99
8202,-3.8214,50,0,-3.479,1.8174,0.18,0.1093,817.1
8203,-3.7709,50,0,-3.4691,1.8131,0.18,0.0995,817.2
8204,-4.7302,50,0,-3.516,1.7844,0.17,0.1037,817.3
8205,-4.837,50,0,-3.5641,1.7541,0.16,0.0939,817.4
8206,-0.0218,1,1,-3.5129,1.7818,0.17,0.0024,817.4
8207,-3.3077,50,0,-3.5133,1.7817,0.17,0.0959,817.49
8208,-3.7851,50,0,-3.5507,1.7474,0.16,0.1034,817.6
8209,-5.3931,50,0,-3.5762,1.7555,0.16,0.1007,817.7
8210,-0.0246,1,1,-3.5411,1.7907,0.17,0.002,817.7
8211,-4.054,50,0,-3.5198,1.7717,0.17,0.0954,817.8
8212,-3.5529,50,0,-3.5203,1.7717,0.17,0.1011,817.9
8213,-0.0267,1,1,-3.482,1.8051,0.18,0.0021,817.9
8214,-0.0496,1,1,-3.4401,1.8354,0.19,0.0018,817.9
8215,-2.8681,50,0,-3.4053,1.8127,0.19,0.1064,818.01
8216,-5.479,50,0,-3.4598,1.7922,0.18,0.1064,818.11
8217,-4.8123,50,0,-3.4701,1.7969,0.18,0.1134,818.23
8218,-4.935,50,0,-3.5191,1.7691,0.17,0.092,818.32
8219,-3.8059,50,0,-3.4978,1.7526,0.17,0.0914,818.41
8220,-3.5307,50,0,-3.4922,1.7516,0.17,0.1163,818.53
8221,-2.6435,50,0,-3.4818,1.7535,0.17,0.0943,818.62
8222,-5.1632,50,0,-3.4842,1.7556,0.17,0.1074,818.73
8223,-0.0196,1,1,-3.444,1.7882,0.18,0.0019,818.73
8224,-4.3772,50,0,-3.4458,1.789,0.18,0.0883,818.82
8225,-4.925,50,0,-3.4557,1.7944,0.18,0.1136,818.93
8226,-5.4985,50,0,-3.4627,1.801,0.18,0.0922,819.02
8227,-5.5337,50,0,-3.4796,1.8124,0.18,1.0621,820.09
8228,-3.1099,50,0,-3.4684,1.8111,0.18,0.1086,820.2
8229,-0.0137,1,1,-3.4358,1.8434,0.19,0.003,820.2
8230,-4.6518,50,0,-3.4332,1.8415,0.19,0.1185,820.32
8231,-3.5968,50,0,-3.4242,1.8385,0.19,0.1105,820.43
8232,-4.5162,50,0,-3.4205,1.8359,0.19,0.101,820.53
8233,-6.7945,50,0,-3.4334,1.855,0.19,0.1114,820.64
8234,-3.2854,50,0,-3.414,1.8462,0.19,0.086,820.73
8235,-4.2035,50,0,-3.414,1.8462,0.19,0.0989,820.82
8236,-5.139,50,0,-3.4174,1.8491,0.19,0.0855,820.91
8237,-4.1282,50,0,-3.4081,1.8432,0.19,0.0975,821.01
8238,-4.4474,50,0,-3.4234,1.8454,0.19,0.1024,821.11
8239,-0.0398,1,1,-3.3946,1.8752,0.2,0.0024,821.11
8240,-0.011,1,1,-3.3942,1.8759,0.2,0.0021,821.11
8241,-4.0165,50,0,-3.3748,1.8593,0.2,0.0911,821.21
8242,-0.0233,1,1,-3.3461,1.8884,0.21,0.0025,821.21
8243,-4.7452,50,0,-3.361,1.8935,0.21,0.0997,821.31
8244,-3.6693,50,0,-3.3666,1.8936,0.21,0.1353,821.44
8245,-3.9493,50,0,-3.3685,1.8941,0.21,0.1003,821.54
8246,-0.0443,1,1,-3.3283,1.9213,0.22,0.0028,821.55
8247,-0.0418,1,1,-3.281,1.9433,0.23,0.0026,821.55
8248,-5.0309,50,0,-3.2882,1.9484,0.23,0.1021,821.65
8249,-3.9518,50,0,-3.3273,1.922,0.22,0.0922,821.74
8250,-0.0186,1,1,-3.2757,1.9407,0.23,0.0019,821.75
8251,-4.9143,50,0,-3.2705,1.9357,0.23,0.0987,821.84
8252,-4.5941,50,0,-3.2768,1.9389,0.23,0.09,821.93
8253,-4.8381,50,0,-3.2898,1.945,0.23,0.0966,822.03
8254,-4.764,50,0,-3.311,1.9494,0.23,0.0914,822.12
8255,-5.9108,50,0,-3.3233,1.9619,0.23,0.0941,822.22
8256,-3.7079,50,0,-3.3149,1.9584,0.23,0.0887,822.3
8257,-4.4177,50,0,-3.3587,1.9335,0.22,0.0926,822.4
8258,-5.7043,50,0,-3.3809,1.9476,0.22,0.0882,822.49
8259,-4.7632,50,0,-3.4282,1.9229,0.21,0.1101,822.6
8260,-4.5791,50,0,-3.4348,1.9257,0.21,0.1117,822.71
8261,-2.7114,50,0,-3.4173,1.9242,0.21,0.1175,822.82
8262,-0.0412,1,1,-3.4172,1.9243,0.21,0.0021,822.83
8263,-3.8698,50,0,-3.421,1.9249,0.21,0.0836,822.91
8264,-3.8609,50,0,-3.4165,1.9233,0.21,0.109,823.02
8265,-5.751,50,0,-3.4737,1.9066,0.2,0.1047,823.12
8266,-2.9888,50,0,-3.4677,1.9072,0.2,0.0892,823.21
8267,-5.1307,50,0,-3.492,1.9127,0.2,0.0898,823.3
8268,-0.05,1,1,-3.4597,1.9431,0.21,0.0027,823.31
8269,-6.4864,50,0,-3.4816,1.9646,0.21,0.1057,823.41
8270,-3.8081,50,0,-3.4712,1.96,0.21,0.1057,823.52
8271,-4.8799,50,0,-3.4909,1.9642,0.21,0.1121,823.63
8272,-3.8092,50,0,-3.4873,1.9633,0.21,0.1184,823.75
8273,-0.0264,1,1,-3.4376,1.9872,0.22,0.0023,823.75
8274,-5.3946,50,0,-3.4395,1.989,0.22,0.1042,823.85
8275,-4.4823,50,0,-3.4304,1.9821,0.22,0.0988,823.95
8276,-3.181,50,0,-3.4617,1.953,0.21,0.0966,824.05
8277,-5.5164,50,0,-3.477,1.963,0.21,0.112,824.16
8278,-4.7479,50,0,-3.5242,1.936,0.2,1.0313,825.19
8279,-4.3936,50,0,-3.5388,1.937,0.2,0.1122,825.31
8280,-3.3847,50,0,-3.5723,1.9049,0.19,0.1,825.41
8281,-0.0478,1,1,-3.5723,1.9048,0.19,0.002,825.41
8282,-2.809,50,0,-3.6002,1.8727,0.18,0.1061,825.51
8283,-5.1744,50,0,-3.6105,1.8784,0.18,0.0998,825.61
8284,-4.6068,50,0,-3.5954,1.8643,0.18,0.104,825.72
8285,-4.1921,50,0,-3.5815,1.8545,0.18,0.1104,825.83
8286,-4.0174,50,0,-3.5715,1.8495,0.18,0.1056,825.93
8287,-2.8228,50,0,-3.546,1.8421,0.18,0.0907,826.02
8288,-4.0669,50,0,-3.5585,1.8414,0.18,0.1052,826.13
8289,-0.0392,1,1,-3.5109,1.87,0.19,0.003,826.13
8290,-4.3448,50,0,-3.5204,1.8718,0.19,0.0991,826.23
8291,-3.2643,50,0,-3.5024,1.8655,0.19,0.0921,826.32
8292,-4.8961,50,0,-3.524,1.8689,0.19,0.0824,826.41
8293,-4.1466,50,0,-3.565,1.8369,0.18,0.0915,826.5
8294,-3.0488,50,0,-3.5628,1.8374,0.18,0.0946,826.59
8295,-4.3199,50,0,-3.5754,1.8382,0.18,0.097,826.69
8296,-3.8447,50,0,-3.5598,1.8292,0.18,0.1252,826.81
8297,-5.3229,50,0,-3.5626,1.8317,0.18,0.0928,826.91
8298,-3.0988,50,0,-3.5509,1.8308,0.18,0.0848,826.99
8299,-0.044,1,1,-3.517,1.8638,0.19,0.0023,826.99
8300,-4.3838,50,0,-3.5604,1.8327,0.18,0.114,827.11
8301,-4.7075,50,0,-3.563,1.8342,0.18,0.0973,827.21
8302,-4.692,50,0,-3.5717,1.8374,0.18,0.1305,827.34
8303,-0.0477,1,1,-3.5345,1.8704,0.19,0.0033,827.34
8304,-4.5189,50,0,-3.5324,1.8692,0.19,0.1009,827.44
8305,-0.0241,1,1,-3.4842,1.8968,0.2,0.0019,827.44
8306,-0.034,1,1,-3.4844,1.8965,0.2,0.0019,827.44
8307,-4.366,50,0,-3.4949,1.8985,0.2,0.0855,827.53
8308,-4.5817,50,0,-3.5029,1.9013,0.2,0.0941,827.62
8309,-4.5055,50,0,-3.494,1.8945,0.2,0.106,827.73
8310,-4.9526,50,0,-3.5433,1.8676,0.19,0.098,827.83
8311,-4.9023,50,0,-3.5518,1.8718,0.19,0.1091,827.94
8312,-5.448,50,0,-3.5708,1.8813,0.19,0.109,828.05
8313,-3.4761,50,0,-3.6052,1.8473,0.18,0.0992,828.14
8314,-3.3267,50,0,-3.638,1.8127,0.17,0.0984,828.24
8315,-5.5099,50,0,-3.6644,1.8205,0.17,0.0923,828.34
8316,-6.0425,50,0,-3.6701,1.827,0.17,0.1018,828.44
8317,-5.9398,50,0,-3.6813,1.8374,0.17,0.0932,828.53
8318,-3.4433,50,0,-3.6664,1.8332,0.17,0.098,828.63
8319,-0.0224,1,1,-3.6286,1.8687,0.18,0.0025,828.63
8320,-0.0383,1,1,-3.5937,1.9025,0.19,0.0021,828.63
8321,-3.315,50,0,-3.6004,1.9003,0.19,0.0952,828.73
8322,-0.0438,1,1,-3.5492,1.9263,0.2,0.0019,828.73
8323,-6.1719,50,0,-3.6107,1.9108,0.19,0.1011,828.83
8324,-0.0459,1,1,-3.5674,1.9417,0.2,0.0025,828.83
8325,-4.2313,50,0,-3.5605,1.9381,0.2,0.1138,828.95
8326,-4.2397,50,0,-3.5479,1.9296,0.2,0.0858,829.03
8327,-3.2015,50,0,-3.5246,1.9195,0.2,0.1036,829.14
8328,-0.0259,1,1,-3.4937,1.9504,0.21,0.0021,829.14
8329,-4.9907,50,0,-3.5435,1.9243,0.2,0.9994,830.14
8330,-4.672,50,0,-3.5437,1.9244,0.2,0.1042,830.24
8331,-5.2693,50,0,-3.5604,1.9321,0.2,0.1148,830.36
8332,-5.8658,50,0,-3.5739,1.9434,0.2,0.092,830.45
8333,-0.0234,1,1,-3.5062,1.9479,0.21,0.0023,830.45
8334,-4.7518,50,0,-3.5209,1.9517,0.21,0.1041,830.56
8335,-3.3784,50,0,-3.5126,1.9506,0.21,0.0985,830.65
8336,-3.4432,50,0,-3.4957,1.9437,0.21,0.0961,830.75
8337,-0.0447,1,1,-3.4548,1.9727,0.22,0.0022,830.75
8338,-5.0937,50,0,-3.4613,1.977,0.22,0.1078,830.86
8339,-4.4428,50,0,-3.5053,1.9491,0.21,0.0836,830.94
8340,-4.8022,50,0,-3.5532,1.9213,0.2,0.0971,831.04
8341,-4.3025,50,0,-3.5561,1.9222,0.2,0.1026,831.14
8342,-2.7186,50,0,-3.583,1.8912,0.19,0.0912,831.23
8343,-4.4028,50,0,-3.5796,1.8894,0.19,0.1173,831.35
8344,-4.6611,50,0,-3.5895,1.8924,0.19,0.0829,831.43
8345,-0.0361,1,1,-3.5504,1.9247,0.2,0.0044,831.44
8346,-0.0379,1,1,-3.5503,1.9249,0.2,0.0023,831.44
8347,-5.7653,50,0,-3.6076,1.9047,0.19,0.1063,831.55
8348,-2.7618,50,0,-3.5849,1.9011,0.19,0.0912,831.64
8349,-6.1452,50,0,-3.6068,1.9178,0.19,0.1131,831.75
8350,-4.0346,50,0,-3.647,1.884,0.18,0.1175,831.87
8351,-5.0361,50,0,-3.6482,1.8848,0.18,0.11,831.98
8352,-6.9681,50,0,-3.6719,1.9114,0.18,0.0928,832.07
8353,-3.8112,50,0,-3.6617,1.9078,0.18,0.1062,832.18
8354,-5.0166,50,0,-3.6642,1.9094,0.18,0.1071,832.29
8355,-5.5796,50,0,-3.6609,1.9058,0.18,0.0863,832.37
8356,-0.0197,1,1,-3.624,1.9399,0.19,0.0024,832.37
8357,-5.5297,50,0,-3.6351,1.9476,0.19,0.1388,832.51
8358,-4.0191,50,0,-3.6183,1.9369,0.19,0.0889,832.6
8359,-0.0384,1,1,-3.571,1.9658,0.2,0.0019,832.6
8360,-5.3479,50,0,-3.5787,1.9712,0.2,0.1081,832.71
8361,-5.1523,50,0,-3.6031,1.9755,0.2,0.0859,832.8
8362,-3.1987,50,0,-3.6347,1.9432,0.19,0.0971,832.89
8363,-5.8441,50,0,-3.6544,1.9555,0.19,0.1071,833.0
8364,-0.0467,1,1,-3.6163,1.9881,0.2,0.0023,833.0
8365,-3.0953,50,0,-3.5897,1.9771,0.2,0.0911,833.1
8366,-2.8247,50,0,-3.5881,1.9776,0.2,0.1,833.2
8367,-3.7818,50,0,-3.5746,1.9717,0.2,0.1037,833.3
8368,-3.8665,50,0,-3.6128,1.9397,0.19,0.102,833.4
8369,-0.0486,1,1,-3.5484,1.9501,0.2,0.0023,833.4
8370,-4.9832,50,0,-3.5601,1.9552,0.2,0.0963,833.5
8371,-3.2053,50,0,-3.5434,1.951,0.2,0.1121,833.61
8372,-3.1794,50,0,-3.5371,1.9511,0.2,0.1184,833.73
8373,-0.0327,1,1,-3.5372,1.951,0.2,0.0023,833.73
8374,-4.5616,50,0,-3.5288,1.9448,0.2,0.0947,833.83
8375,-5.5927,50,0,-3.5399,1.9534,0.2,0.1187,833.95
8376,-5.4143,50,0,-3.5623,1.9619,0.2,0.0896,834.04
8377,-0.0468,1,1,-3.5076,1.9828,0.21,0.0018,834.04
8378,-4.7098,50,0,-3.5072,1.9826,0.21,0.1007,834.14
8379,-3.65,50,0,-3.4998,1.9806,0.21,0.0875,834.23
8380,-3.8228,50,0,-3.5041,1.9808,0.21,1.0285,835.25
8381,-0.0347,1,1,-3.504,1.9811,0.21,0.0026,835.26
8382,-0.0268,1,1,-3.4762,2.01,0.22,0.0026,835.26
8383,-3.0159,50,0,-3.4546,2.0032,0.22,0.1171,835.38
8384,-3.0951,50,0,-3.4395,2.0001,0.22,0.103,835.48
8385,-0.0425,1,1,-3.398,2.0269,0.23,0.002,835.48
8386,-4.4396,50,0,-3.4022,2.0287,0.23,0.094,835.57
8387,-5.5578,50,0,-3.4296,2.0391,0.23,0.0855,835.66
8388,-4.5051,50,0,-3.4339,2.0409,0.23,0.121,835.78
8389,-3.9973,50,0,-3.4735,2.0129,0.22,0.1027,835.88
8390,-0.0379,1,1,-3.4304,2.0397,0.23,0.0026,835.89
8391,-3.9159,50,0,-3.437,2.0402,0.23,0.0999,835.99
8392,-6.6894,50,0,-3.4549,2.0607,0.23,0.0949,836.08
8393,-4.7799,50,0,-3.4612,2.0638,0.23,0.0822,836.16
8394,-0.0155,1,1,-3.4309,2.0917,0.24,0.0022,836.17
8395,-5.0933,50,0,-3.4386,2.0964,0.24,0.1019,836.27
8396,-4.435,50,0,-3.4445,2.0984,0.24,0.0999,836.37
8397,-5.3568,50,0,-3.4449,2.0987,0.24,0.09,836.46
8398,-5.7933,50,0,-3.4718,2.1113,0.24,0.0848,836.54
8399,-3.1648,50,0,-3.503,2.0833,0.23,0.107,836.65
8400,-4.3267,50,0,-3.5025,2.0831,0.23,0.1021,836.75
8401,-5.4049,50,0,-3.5094,2.0883,0.23,0.115,836.87
8402,-2.592,50,0,-3.4884,2.0868,0.23,0.0988,836.97
8403,-3.3457,50,0,-3.5214,2.0581,0.22,0.1036,837.07
8404,-3.7805,50,0,-3.514,2.0558,0.22,0.1086,837.18
8405,-0.0419,1,1,-3.5142,2.0555,0.22,0.0022,837.18
8406,-4.9836,50,0,-3.5637,2.0305,0.21,0.0782,837.26
8407,-4.2997,50,0,-3.563,2.0303,0.21,0.0956,837.35
8408,-0.0413,1,1,-3.5176,2.0576,0.22,0.0023,837.36
8409,-6.0267,50,0,-3.5328,2.0704,0.22,0.1005,837.46
8410,-4.1567,50,0,-3.5249,2.0665,0.22,0.1134,837.57
8411,-4.081,50,0,-3.5167,2.0626,0.22,0.1124,837.68
8412,-2.6011,50,0,-3.4882,2.0554,0.22,0.0977,837.78
8413,-4.662,50,0,-3.5001,2.0587,0.22,0.0989,837.88
8414,-5.8867,50,0,-3.5257,2.0723,0.22,0.0966,837.98
8415,-3.3776,50,0,-3.5043,2.0627,0.22,0.0934,838.07
8416,-4.2566,50,0,-3.4865,2.0483,0.22,0.1122,838.18
8417,-6.3734,50,0,-3.4908,2.0539,0.22,0.1104,838.29
8418,-4.1959,50,0,-3.4983,2.0551,0.22,0.1176,838.41
8419,-3.928,50,0,-3.5374,2.0256,0.21,0.0873,838.5
8420,-4.9635,50,0,-3.5866,1.9996,0.2,0.0927,838.59
8421,-5.9096,50,0,-3.6126,2.0127,0.2,0.0942,838.68
8422,-4.4826,50,0,-3.657,1.9823,0.19,0.107,838.79
8423,-5.1736,50,0,-3.647,1.9721,0.19,0.0924,838.88
8424,-4.9141,50,0,-3.6957,1.9424,0.18,0.1113,838.99
8425,-2.9542,50,0,-3.6829,1.9431,0.18,0.09,839.08
8426,-4.0719,50,0,-3.6812,1.9427,0.18,0.1114,839.2
8427,-4.88,50,0,-3.698,1.9457,0.18,0.1181,839.31
8428,-5.2616,50,0,-3.7504,1.9164,0.17,1.0398,840.35
8429,-0.0214,1,1,-3.7007,1.9478,0.18,0.0026,840.36
8430,-5.6869,50,0,-3.7108,1.9554,0.18,0.9734,841.33
8431,-4.6403,50,0,-3.7045,1.9514,0.18,0.1148,841.44
8432,-2.9108,50,0,-3.675,1.9408,0.18,0.1099,841.55
8433,-5.6663,50,0,-3.7314,1.9157,0.17,0.0983,841.65
8434,-0.0279,1,1,-3.6842,1.9479,0.18,0.0019,841.65
8435,-5.0783,50,0,-3.7012,1.9526,0.18,0.0978,841.75
8436,-3.8375,50,0,-3.7051,1.9524,0.18,0.1151,841.87
8437,-5.246,50,0,-3.7571,1.9233,0.17,0.0964,841.96
8438,-0.0463,1,1,-3.7067,1.9536,0.18,0.0018,841.97
8439,-0.0297,1,1,-3.6625,1.986,0.19,0.0016,841.97
8440,-5.2116,50,0,-3.6666,1.9888,0.19,0.1235,842.09
8441,-4.9418,50,0,-3.673,1.9918,0.19,0.1154,842.21
8442,-5.5861,50,0,-3.7017,1.9985,0.19,0.1018,842.31
8443,-2.5784,50,0,-3.6834,2.0004,0.19,0.1035,842.41
8444,-4.533,50,0,-3.6822,1.9998,0.19,0.1073,842.52
8445,-4.564,50,0,-3.7274,1.9677,0.18,0.1205,842.64
8446,-4.9423,50,0,-3.7765,1.936,0.17,0.0887,842.73
8447,-4.3647,50,0,-3.7625,1.9266,0.17,0.0952,842.82
8448,-5.445,50,0,-3.7893,1.9312,0.17,0.0904,842.91
8449,-4.4274,50,0,-3.7721,1.9177,0.17,0.0983,843.01
8450,-4.5038,50,0,-3.7768,1.9189,0.17,0.1071,843.12
8451,-5.0543,50,0,-3.777,1.9191,0.17,0.0967,843.22
8452,-0.0313,1,1,-3.7076,1.9278,0.18,0.002,843.22
8453,-0.0371,1,1,-3.6699,1.962,0.19,0.0017,843.22
8454,-4.6449,50,0,-3.6662,1.9598,0.19,0.0854,843.3
8455,-3.3235,50,0,-3.6436,1.9506,0.19,0.0958,843.4
8456,-4.5925,50,0,-3.6894,1.9185,0.18,0.1129,843.51
8457,-4.8406,50,0,-3.6825,1.9131,0.18,0.1098,843.62
8458,-6.0822,50,0,-3.7031,1.9277,0.18,0.1003,843.72
8459,-4.1681,50,0,-3.7444,1.8927,0.17,0.103,843.83
8460,-4.7392,50,0,-3.7383,1.8885,0.17,0.1132,843.94
8461,-4.71,50,0,-3.7339,1.8857,0.17,0.0868,844.03
8462,-4.5422,50,0,-3.7473,1.8866,0.17,0.0969,844.12
8463,-3.7093,50,0,-3.726,1.8748,0.17,0.1048,844.23
8464,-4.3552,50,0,-3.7691,1.8389,0.16,0.1079,844.34
8465,-3.6552,50,0,-3.7747,1.8377,0.16,0.082,844.42
8466,-0.0233,1,1,-3.7466,1.873,0.17,0.0025,844.42
8467,-0.0244,1,1,-3.7091,1.9092,0.18,0.0021,844.42
8468,-4.2126,50,0,-3.7125,1.9098,0.18,0.1025,844.52
8469,-0.0323,1,1,-3.7124,1.9101,0.18,0.0021,844.53
8470,-5.0054,50,0,-3.7126,1.9103,0.18,0.1171,844.64
8471,-4.1836,50,0,-3.7224,1.9102,0.18,0.0978,844.74
8472,-4.256,50,0,-3.7331,1.9101,0.18,0.0976,844.84
8473,-0.0108,1,1,-3.7329,1.9105,0.18,0.0019,844.84
8474,-0.048,1,1,-3.6878,1.9435,0.19,0.0016,844.84
8475,-0.0294,1,1,-3.6321,1.9676,0.2,0.0018,844.84
8476,-2.8174,50,0,-3.6062,1.961,0.2,0.1164,844.96
8477,-4.9698,50,0,-3.6554,1.9327,0.19,0.1035,845.06
8478,-3.4099,50,0,-3.6424,1.9299,0.19,0.0773,845.14
8479,-5.2096,50,0,-3.658,1.9362,0.19,0.1021,845.24
8480,-4.6297,50,0,-3.6661,1.9385,0.19,0.0967,845.34
8481,-5.661,50,0,-3.7223,1.9138,0.18,0.9879,846.33
8482,-0.0296,1,1,-3.7224,1.9138,0.18,0.0023,846.33
8483,-3.554,50,0,-3.7277,1.9125,0.18,0.1018,846.43
8484,-4.3196,50,0,-3.74,1.9123,0.18,0.122,846.55
8485,-2.8601,50,0,-3.7682,1.8781,0.17,0.1106,846.67
8486,-3.6348,50,0,-3.7601,1.8769,0.17,0.0975,846.76
8487,-4.8817,50,0,-3.7534,1.8717,0.17,0.0875,846.85
8488,-4.0917,50,0,-3.7492,1.8705,0.17,0.0897,846.94
8489,-5.4025,50,0,-3.7633,1.8775,0.17,0.1149,847.05
8490,-3.3493,50,0,-3.7964,1.8404,0.16,0.0982,847.15
8491,-3.9836,50,0,-3.7971,1.8404,0.16,0.0904,847.24
8492,-5.0463,50,0,-3.7806,1.8218,0.16,0.0941,847.34
8493,-4.0128,50,0,-3.773,1.8192,0.16,0.1247,847.46
8494,-0.0211,1,1,-3.773,1.819,0.16,0.0033,847.47
8495,-5.8291,50,0,-3.7804,1.8258,0.16,0.0886,847.55
8496,-4.0342,50,0,-3.7764,1.8248,0.16,0.0964,847.65
8497,-0.0412,1,1,-3.7232,1.8552,0.17,0.0019,847.65
8498,-5.1973,50,0,-3.7173,1.8495,0.17,0.1203,847.77
8499,-6.805,50,0,-3.7537,1.8739,0.17,0.1023,847.87
8500,-4.8049,50,0,-3.7584,1.876,0.17,0.1117,847.99
8501,-5.9483,50,0,-3.7639,1.8815,0.17,0.1307,848.12
8502,-3.8181,50,0,-3.7761,1.8778,0.17,0.1037,848.22
8503,-4.1866,50,0,-3.7845,1.8778,0.17,0.1166,848.34
8504,-3.6814,50,0,-3.7836,1.8778,0.17,0.114,848.45
8505,-0.0498,1,1,-3.7836,1.8776,0.17,0.0026,848.45
8506,-4.1901,50,0,-3.7757,1.8742,0.17,0.1134,848.57
8507,-4.0953,50,0,-3.7737,1.8738,0.17,0.0809,848.65
8508,-2.5539,50,0,-3.7988,1.8401,0.16,0.0867,848.74
8509,-6.1834,50,0,-3.8003,1.8421,0.16,0.1078,848.84
8510,-2.911,50,0,-3.7879,1.8438,0.16,0.1308,848.97
8511,-5.0737,50,0,-3.7978,1.848,0.16,0.09,849.06
8512,-3.228,50,0,-3.8041,1.845,0.16,0.0977,849.16
8513,-0.0368,1,1,-3.7578,1.8806,0.17,0.0021,849.16
8514,-4.4606,50,0,-3.7436,1.8697,0.17,0.0998,849.26
8515,-3.921,50,0,-3.749,1.8695,0.17,0.089,849.35
8516,-0.0409,1,1,-3.7068,1.9047,0.18,0.0022,849.35
8517,-3.8168,50,0,-3.6813,1.8858,0.18,0.1008,849.46
8518,-2.8779,50,0,-3.6681,1.8868,0.18,0.1065,849.56
8519,-0.0275,1,1,-3.6291,1.921,0.19,0.0031,849.56
8520,-4.0755,50,0,-3.6202,1.9169,0.19,0.1161,849.68
8521,-2.872,50,0,-3.5898,1.9044,0.19,0.1152,849.8
8522,-0.0376,1,1,-3.5454,1.9347,0.2,0.003,849.8
8523,-5.3067,50,0,-3.5467,1.9358,0.2,0.1287,849.93
8524,-3.9103,50,0,-3.5367,1.9313,0.2,0.114,850.04
8525,-4.956,50,0,-3.5567,1.9356,0.2,0.1143,850.16
8526,-4.0369,50,0,-3.5563,1.9355,0.2,0.1052,850.26
8527,-5.8384,50,0,-3.5659,1.9444,0.2,0.1192,850.38
8528,-3.3924,50,0,-3.5472,1.9369,0.2,0.1235,850.5
8529,-4.1973,50,0,-3.589,1.9052,0.19,0.1125,850.62
8530,-3.7824,50,0,-3.57,1.8936,0.19,1.1018,851.72
8531,-3.578,50,0,-3.5593,1.8906,0.19,0.1259,851.84
8532,-3.526,50,0,-3.5655,1.8895,0.19,0.1063,851.95
8533,-4.133,50,0,-3.5502,1.8785,0.19,0.1197,852.07
8534,-4.8476,50,0,-3.5983,1.8492,0.18,0.1077,852.18
8535,-3.8397,50,0,-3.586,1.8433,0.18,0.1125,852.29
8536,-2.6151,50,0,-3.5737,1.8457,0.18,0.1155,852.41
8537,-4.886,50,0,-3.5701,1.8428,0.18,0.1114,852.52
8538,-3.6763,50,0,-3.6064,1.8084,0.17,0.0956,852.61
8539,-6.6166,50,0,-3.6723,1.7969,0.16,0.1053,852.72
8540,-5.1652,50,0,-3.6718,1.7965,0.16,0.1207,852.84
8541,-5.2984,50,0,-3.6754,1.7993,0.16,0.0853,852.92
8542,-2.7374,50,0,-3.6469,1.7914,0.16,0.1114,853.04
8543,-3.1087,50,0,-3.6522,1.789,0.16,0.1026,853.14
8544,-3.6335,50,0,-3.6432,1.7868,0.16,0.1077,853.25
8545,-3.3077,50,0,-3.6307,1.7847,0.16,0.1115,853.36
8546,-3.7809,50,0,-3.6191,1.7799,0.16,0.1108,853.47
8547,-4.6382,50,0,-3.6218,1.7813,0.16,0.1039,853.57
8548,-3.8408,50,0,-3.6057,1.772,0.16,0.1088,853.68
8549,-0.0213,1,1,-3.5617,1.8055,0.17,0.0024,853.68
8550,-0.0277,1,1,-3.5169,1.8368,0.18,0.0026,853.69
8551,-3.9794,50,0,-3.5062,1.8309,0.18,0.0996,853.79
8552,-2.9932,50,0,-3.5358,1.7981,0.17,0.1137,853.9
8553,-4.945,50,0,-3.5849,1.7687,0.16,0.1023,854.0
8554,-4.4509,50,0,-3.5829,1.7676,0.16,0.1061,854.11
8555,-3.7904,50,0,-3.5876,1.7675,0.16,0.1391,854.25
8556,-0.0401,1,1,-3.5421,1.7994,0.17,0.0021,854.25
8557,-3.4495,50,0,-3.5282,1.7947,0.17,0.0943,854.34
8558,-6.5282,50,0,-3.5326,1.8016,0.17,0.0934,854.44
8559,-0.0489,1,1,-3.4914,1.8334,0.18,0.0021,854.44
8560,-0.0393,1,1,-3.4444,1.8608,0.19,0.0016,854.44
8561,-5.1109,50,0,-3.4484,1.864,0.19,0.1207,854.56
8562,-2.844,50,0,-3.4315,1.8617,0.19,0.094,854.66
8563,-5.6218,50,0,-3.4506,1.8742,0.19,0.1303,854.79
8564,-4.8148,50,0,-3.4552,1.877,0.19,0.1216,854.91
8565,-3.9105,50,0,-3.4577,1.8774,0.19,0.1077,855.01
8566,-5.3788,50,0,-3.5113,1.8549,0.18,0.128,855.14
8567,-3.5681,50,0,-3.5467,1.8215,0.17,0.1113,855.25
8568,-4.8104,50,0,-3.5527,1.8247,0.17,0.0977,855.35
8569,-6.069,50,0,-3.6131,1.807,0.16,0.1134,855.47
8570,-5.0537,50,0,-3.6136,1.8074,0.16,0.0998,855.56
8571,-6.1149,50,0,-3.6329,1.8236,0.16,0.1001,855.67
8572,-2.7583,50,0,-3.6179,1.8246,0.16,0.1016,855.77
8573,-0.039,1,1,-3.6182,1.824,0.16,0.0024,855.77
8574,-3.4228,50,0,-3.6519,1.7885,0.15,0.1002,855.87
8575,-0.0469,1,1,-3.6521,1.7882,0.15,0.0027,855.87
8576,-4.8792,50,0,-3.6727,1.7903,0.15,0.1,855.97
8577,-4.4559,50,0,-3.6676,1.7873,0.15,1.0543,857.03
8578,-4.0555,50,0,-3.674,1.7875,0.15,0.1225,857.15
8579,-4.762,50,0,-3.6696,1.7842,0.15,0.1184,857.27
8580,-0.0488,1,1,-3.6237,1.8175,0.16,0.0035,857.27
8581,-5.5326,50,0,-3.6225,1.8161,0.16,0.0928,857.36
8582,-0.0449,1,1,-3.6226,1.8158,0.16,0.0028,857.37
8583,-5.4354,50,0,-3.6414,1.8247,0.16,0.1117,857.48
8584,-4.5137,50,0,-3.6434,1.8255,0.16,0.0969,857.57
8585,-0.0278,1,1,-3.615,1.8591,0.17,0.0022,857.58
8586,-5.5592,50,0,-3.6343,1.8692,0.17,0.0968,857.67
8587,-6.6435,50,0,-3.6519,1.889,0.17,0.1076,857.78
8588,-4.689,50,0,-3.6579,1.8914,0.17,0.0919,857.87
8589,-4.0565,50,0,-3.6444,1.8837,0.17,0.1003,857.97
8590,-5.2396,50,0,-3.6633,1.8901,0.17,0.108,858.08
8591,-3.5245,50,0,-3.6587,1.8899,0.17,0.1058,858.19
8592,-4.2731,50,0,-3.651,1.8858,0.17,0.1102,858.3
8593,-3.9032,50,0,-3.6499,1.8856,0.17,0.0915,858.39
8594,-5.0081,50,0,-3.6998,1.8546,0.16,0.1201,858.51
8595,-6.4663,50,0,-3.7061,1.863,0.16,0.1129,858.62
8596,-4.2081,50,0,-3.7079,1.8634,0.16,0.1165,858.74
8597,-3.0026,50,0,-3.7375,1.8281,0.15,0.1164,858.86
8598,-2.7847,50,0,-3.7134,1.8246,0.15,0.1187,858.97
8599,-4.8687,50,0,-3.694,1.8018,0.15,0.0928,859.07
8600,-5.1951,50,0,-3.6979,1.8046,0.15,0.1048,859.17
8601,-5.0376,50,0,-3.6888,1.7955,0.15,0.1095,859.28
8602,-3.8949,50,0,-3.6896,1.7956,0.15,0.1092,859.39
8603,-3.4762,50,0,-3.6825,1.795,0.15,0.1066,859.5
8604,-4.9221,50,0,-3.6949,1.7993,0.15,0.1045,859.6
8605,-3.1653,50,0,-3.726,1.7625,0.14,0.0921,859.69
8606,-3.2324,50,0,-3.7165,1.7625,0.14,0.0909,859.78
8607,-3.9591,50,0,-3.7151,1.7623,0.14,0.0903,859.87
8608,-0.0263,1,1,-3.6898,1.7965,0.15,0.0023,859.88
8609,-4.6437,50,0,-3.6744,1.7816,0.15,0.097,859.97
8610,-4.6001,50,0,-3.6913,1.7823,0.15,0.1177,860.09
8611,-5.1977,50,0,-3.6926,1.7833,0.15,0.1224,860.21
8612,-2.9579,50,0,-3.6899,1.7842,0.15,0.1033,860.32
8613,-0.0072,1,1,-3.6896,1.7848,0.15,0.0024,860.32
8614,-0.0402,1,1,-3.6454,1.8196,0.16,0.0024,860.32
8615,-3.6758,50,0,-3.6429,1.8194,0.16,0.0935,860.42
8616,-2.7749,50,0,-3.6702,1.7853,0.15,0.0961,860.51
8617,-6.3823,50,0,-3.6959,1.8055,0.15,0.1281,860.64
8618,-3.3508,50,0,-3.7006,1.804,0.15,0.1347,860.77
8619,-4.8394,50,0,-3.7487,1.7692,0.14,0.1096,860.88
8620,-5.1711,50,0,-3.7597,1.7746,0.14,0.119,861.0
8621,-4.2272,50,0,-3.7733,1.7729,0.14,0.0831,861.09
8622,-0.0292,1,1,-3.7732,1.7731,0.14,0.002,861.09
8623,-3.9247,50,0,-3.7593,1.7665,0.14,0.0917,861.18
8624,-4.6432,50,0,-3.7667,1.7686,0.14,0.0969,861.28
8625,-4.7954,50,0,-3.7651,1.7676,0.14,1.0111,862.29
8626,-5.4713,50,0,-3.7794,1.7755,0.14,0.1125,862.4
8627,-3.0881,50,0,-3.7519,1.7647,0.14,0.0922,862.49
8628,-4.5978,50,0,-3.764,1.7663,0.14,0.097,862.59
8629,-4.0075,50,0,-3.7621,1.766,0.14,0.1159,862.71
8630,-3.8612,50,0,-3.7629,1.766,0.14,0.095,862.8
8631,-4.6357,50,0,-3.7734,1.768,0.14,0.0992,862.9
8632,-3.774,50,0,-3.7759,1.7678,0.14,0.0996,863.0
8633,-4.5107,50,0,-3.7797,1.769,0.14,0.1086,863.11
8634,-0.0113,1,1,-3.7313,1.8049,0.15,0.0023,863.11
8635,-0.0477,1,1,-3.6934,1.8417,0.16,0.002,863.11
8636,-3.7416,50,0,-3.7047,1.8385,0.16,0.104,863.22
8637,-5.5336,50,0,-3.7111,1.8438,0.16,0.0903,863.31
8638,-0.0324,1,1,-3.6747,1.8798,0.17,0.0021,863.31
8639,-4.7692,50,0,-3.6562,1.8597,0.17,0.087,863.4
8640,-4.4228,50,0,-3.6488,1.8552,0.17,0.0984,863.49
8641,-0.0216,1,1,-3.596,1.8823,0.18,0.0029,863.5
8642,-4.5948,50,0,-3.6146,1.8829,0.18,0.097,863.59
8643,-4.0447,50,0,-3.624,1.8827,0.18,0.1195,863.71
8644,-4.2877,50,0,-3.6305,1.8839,0.18,0.098,863.81
8645,-0.0155,1,1,-3.5976,1.9177,0.19,0.0023,863.81
8646,-0.049,1,1,-3.5603,1.9498,0.2,0.0025,863.82
8647,-3.6025,50,0,-3.5499,1.9468,0.2,0.0906,863.91
8648,-0.0466,1,1,-3.512,1.9775,0.21,0.002,863.91
8649,-2.9539,50,0,-3.5413,1.947,0.2,0.0896,864.0
8650,-3.4683,50,0,-3.5757,1.9148,0.19,0.1005,864.1
8651,-3.824,50,0,-3.5742,1.9145,0.19,0.1053,864.2
8652,-2.6915,50,0,-3.5711,1.9157,0.19,0.0979,864.3
8653,-0.0481,1,1,-3.5222,1.9423,0.2,0.0022,864.3
8654,-4.4543,50,0,-3.5222,1.9423,0.2,0.0872,864.39
8655,-5.1421,50,0,-3.5357,1.9488,0.2,0.091,864.48
8656,-5.3241,50,0,-3.5886,1.9248,0.19,0.1214,864.6
8657,-5.1583,50,0,-3.6056,1.9311,0.19,0.103,864.71
8658,-3.8451,50,0,-3.5788,1.9088,0.19,0.0979,864.8
8659,-3.9915,50,0,-3.6182,1.8759,0.18,0.0988,864.9
8660,-4.6515,50,0,-3.6644,1.8438,0.17,0.0929,865.0
8661,-3.1183,50,0,-3.6444,1.8388,0.17,0.1136,865.11
8662,-2.9797,50,0,-3.6458,1.8383,0.17,0.0897,865.2
8663,-4.0773,50,0,-3.6304,1.8281,0.17,0.1211,865.32
8664,-3.1267,50,0,-3.6135,1.8248,0.17,0.0978,865.42
8665,-3.8338,50,0,-3.6127,1.8247,0.17,0.0991,865.52
8666,-5.2386,50,0,-3.6113,1.8234,0.17,0.1017,865.62
8667,-3.0856,50,0,-3.6065,1.8242,0.17,0.0961,865.72
8668,-6.1642,50,0,-3.62,1.838,0.17,0.0959,865.81
8669,-3.3455,50,0,-3.5928,1.8216,0.17,0.1089,865.92
8670,-2.9883,50,0,-3.5721,1.8167,0.17,0.8623,866.78
8671,-3.1929,50,0,-3.5429,1.7989,0.17,0.0965,866.88
8672,-4.628,50,0,-3.5616,1.8004,0.17,0.1131,866.99
8673,-0.0398,1,1,-3.5616,1.8004,0.17,0.0022,866.99
8674,-3.5725,50,0,-3.5631,1.8003,0.17,0.1147,867.11
8675,-4.9845,50,0,-3.6125,1.7707,0.16,1.0544,868.16
8676,-0.0131,1,1,-3.5638,1.8018,0.17,0.0024,868.17
8677,-5.3898,50,0,-3.5732,1.8088,0.17,0.1217,868.29
8678,-2.9713,50,0,-3.5623,1.8091,0.17,0.1005,868.39
8679,-4.9475,50,0,-3.5642,1.8105,0.17,0.0939,868.48
8680,-0.0484,1,1,-3.5642,1.8105,0.17,0.0023,868.48
8681,-4.0667,50,0,-3.5495,1.8004,0.17,0.1168,868.6
8682,-4.2632,50,0,-3.5917,1.7669,0.16,0.1106,868.71
8683,-5.4291,50,0,-3.5916,1.7668,0.16,0.1142,868.83
8684,-0.0397,1,1,-3.5469,1.7992,0.17,0.0054,868.83
8685,-4.807,50,0,-3.5947,1.7683,0.16,0.1309,868.96
8686,-5.392,50,0,-3.593,1.7666,0.16,0.1006,869.06
8687,-4.043,50,0,-3.567,1.7404,0.16,0.0868,869.15
8688,-0.0281,1,1,-3.5204,1.7719,0.17,0.003,869.15
8689,-3.3489,50,0,-3.5133,1.7711,0.17,0.0941,869.25
8690,-4.0229,50,0,-3.5012,1.7634,0.17,0.0999,869.35
8691,-3.9769,50,0,-3.5057,1.764,0.17,0.1174,869.46
8692,-3.3851,50,0,-3.4968,1.7624,0.17,0.1074,869.57
8693,-2.8122,50,0,-3.4859,1.7632,0.17,0.0846,869.66
8694,-5.0355,50,0,-3.4862,1.7634,0.17,0.0875,869.74
8695,-2.5424,50,0,-3.4469,1.7402,0.17,0.114,869.86
8696,-4.2343,50,0,-3.4472,1.7403,0.17,0.1122,869.97
8697,-0.0409,1,1,-3.4176,1.7725,0.18,0.0019,869.97
8698,-5.1802,50,0,-3.4415,1.78,0.18,0.1165,870.09
8699,-2.93,50,0,-3.4221,1.7749,0.18,0.102,870.19
8700,-0.0498,1,1,-3.3707,1.7972,0.19,0.002,870.19
8701,-6.1731,50,0,-3.382,1.8112,0.19,0.1192,870.31
8702,-2.7373,50,0,-3.3705,1.8116,0.19,0.1046,870.42
8703,-3.4085,50,0,-3.3698,1.8116,0.19,0.1097,870.53
8704,-3.7963,50,0,-3.3585,1.8054,0.19,0.0925,870.62
8705,-5.2524,50,0,-3.3794,1.815,0.19,0.1132,870.73
8706,-3.5062,50,0,-3.3821,1.815,0.19,0.1012,870.83
8707,-0.0483,1,1,-3.343,1.8441,0.2,0.0024,870.83
8708,-4.5678,50,0,-3.3884,1.8176,0.19,0.1202,870.96
8709,-3.7963,50,0,-3.38,1.8137,0.19,0.0979,871.05
8710,-5.2296,50,0,-3.3863,1.819,0.19,0.0996,871.15
8711,-5.6356,50,0,-3.3906,1.8239,0.19,0.1162,871.27
8712,-0.0488,1,1,-3.3616,1.8535,0.2,0.0023,871.27
8713,-3.4392,50,0,-3.3959,1.8226,0.19,0.095,871.37
8714,-4.4117,50,0,-3.4396,1.7938,0.18,0.0843,871.45
8715,-3.7653,50,0,-3.4405,1.7939,0.18,0.0802,871.53
8716,-4.007,50,0,-3.4528,1.7935,0.18,0.0949,871.63
8717,-5.4288,50,0,-3.4433,1.7804,0.18,0.1118,871.74
8718,-3.3827,50,0,-3.4436,1.7804,0.18,0.116,871.85
8719,-0.0142,1,1,-3.3953,1.8071,0.19,0.0019,871.86
8720,-6.3849,50,0,-3.4075,1.823,0.19,0.0895,871.94
8721,-0.0237,1,1,-3.3654,1.8518,0.2,0.0019,871.95
8722,-4.3161,50,0,-3.4083,1.8235,0.19,0.082,872.03
8723,-4.4116,50,0,-3.4132,1.8255,0.19,0.0993,872.13
8724,-2.7478,50,0,-3.3942,1.8225,0.19,0.105,872.23
8725,-5.241,50,0,-3.3987,1.8265,0.19,0.1178,872.35
8726,-4.3243,50,0,-3.3872,1.817,0.19,1.0254,873.38
8727,-0.0433,1,1,-3.3568,1.847,0.2,0.003,873.38
8728,-3.8833,50,0,-3.3496,1.8436,0.2,0.1109,873.49
8729,-4.4084,50,0,-3.3536,1.8454,0.2,0.1026,873.59
8730,-4.1272,50,0,-3.3563,1.8464,0.2,0.1037,873.7
8731,-3.9739,50,0,-3.3497,1.8429,0.2,0.1287,873.82
8732,-4.1254,50,0,-3.3532,1.8441,0.2,0.1037,873.93
8733,-5.2384,50,0,-3.3605,1.8501,0.2,0.099,874.03
8734,-3.4213,50,0,-3.3946,1.8192,0.19,0.091,874.12
8735,-4.0927,50,0,-3.435,1.789,0.18,0.1122,874.23
8736,-2.739,50,0,-3.425,1.7901,0.18,0.1039,874.33
8737,-2.7969,50,0,-3.3976,1.7785,0.18,0.1252,874.46
8738,-4.5947,50,0,-3.4432,1.7499,0.17,0.1193,874.58
8739,-2.9986,50,0,-3.4255,1.7454,0.17,0.0952,874.67
8740,-5.3131,50,0,-3.4344,1.7527,0.17,0.0972,874.77
8741,-4.6617,50,0,-3.4808,1.7229,0.16,0.0824,874.85
8742,-3.6497,50,0,-3.4714,1.7193,0.16,0.0962,874.95
8743,-5.6687,50,0,-3.4876,1.7323,0.16,0.0901,875.04
8744,-4.5469,50,0,-3.4902,1.7337,0.16,0.0902,875.13
8745,-4.7164,50,0,-3.5372,1.7023,0.15,0.0988,875.23
8746,-2.7806,50,0,-3.5645,1.6676,0.14,0.0932,875.32
8747,-0.0399,1,1,-3.5289,1.7041,0.15,0.0033,875.33
8748,-4.6126,50,0,-3.5746,1.671,0.14,0.1081,875.43
8749,-0.0395,1,1,-3.5454,1.7066,0.15,0.0029,875.44
8750,-3.0822,50,0,-3.5416,1.7072,0.15,0.0966,875.53
8751,-3.911,50,0,-3.5424,1.7074,0.15,0.095,875.63
8752,-2.9223,50,0,-3.5448,1.7064,0.15,0.1077,875.74
8753,-5.6546,50,0,-3.6008,1.6825,0.14,0.0955,875.83
8754,-0.0059,1,1,-3.5563,1.7178,0.15,0.0023,875.83
8755,-0.0191,1,1,-3.5051,1.7459,0.16,0.0021,875.84
8756,-5.9918,50,0,-3.5118,1.7541,0.16,0.097,875.93
8757,-4.8611,50,0,-3.5088,1.7516,0.16,0.1013,876.03
8758,-0.0364,1,1,-3.4707,1.785,0.17,0.0024,876.04
8759,-5.2553,50,0,-3.4834,1.7931,0.17,0.0986,876.14
8760,-2.848,50,0,-3.4653,1.7903,0.17,0.0882,876.22
8761,-5.8884,50,0,-3.493,1.8061,0.17,0.099,876.32
8762,-4.5959,50,0,-3.5092,1.8086,0.17,0.0948,876.42
8763,-0.0412,1,1,-3.4688,1.8403,0.18,0.002,876.42
8764,-3.1803,50,0,-3.4694,1.8402,0.18,0.1375,876.56
8765,-4.4351,50,0,-3.4754,1.8423,0.18,0.0993,876.66
8766,-4.6696,50,0,-3.4697,1.8377,0.18,0.1125,876.77
8767,-5.3996,50,0,-3.4928,1.8473,0.18,0.096,876.86
8768,-6.7654,50,0,-3.4988,1.8569,0.18,0.0895,876.95
8769,-3.4051,50,0,-3.4994,1.8569,0.18,0.0925,877.05
8770,-2.5278,50,0,-3.4948,1.8587,0.18,0.1086,877.16
8771,-4.2398,50,0,-3.5053,1.86,0.18,0.0937,877.25
8772,-4.9369,50,0,-3.5084,1.8621,0.18,0.0864,877.34
8773,-3.9095,50,0,-3.5471,1.8295,0.17,0.0946,877.43
8774,-5.7699,50,0,-3.5691,1.8428,0.17,1.0318,878.46
8775,-4.3024,50,0,-3.5622,1.8388,0.17,0.1176,878.58
8776,-4.1582,50,0,-3.6037,1.8048,0.16,0.1064,878.69
8777,-0.043,1,1,-3.5502,1.8301,0.17,0.0026,878.69
8778,-3.7193,50,0,-3.5577,1.8292,0.17,0.1007,878.79
8779,-3.3821,50,0,-3.542,1.824,0.17,0.1153,878.9
8780,-0.0079,1,1,-3.5416,1.8247,0.17,0.002,878.91
8781,-5.1705,50,0,-3.5527,1.8312,0.17,0.0969,879.0
8782,-0.0383,1,1,-3.5104,1.8628,0.18,0.0033,879.01
8783,-3.1428,50,0,-3.4876,1.8531,0.18,0.1255,879.13
8784,-6.0077,50,0,-3.5472,1.8371,0.17,0.0895,879.22
8785,-5.4375,50,0,-3.5535,1.8425,0.17,0.1065,879.33
8786,-2.891,50,0,-3.5285,1.8344,0.17,0.0967,879.42
8787,-3.8748,50,0,-3.5269,1.834,0.17,0.1145,879.54
8788,-0.0358,1,1,-3.5269,1.8338,0.17,0.0026,879.54
8789,-0.0341,1,1,-3.4938,1.8664,0.18,0.0022,879.54
8790,-4.7562,50,0,-3.5011,1.8699,0.18,0.1222,879.67
8791,-4.9925,50,0,-3.5113,1.8752,0.18,0.1052,879.77
8792,-4.7876,50,0,-3.5253,1.8795,0.18,0.1111,879.88
8793,-0.0318,1,1,-3.4975,1.9101,0.19,0.0031,879.89
8794,-4.7743,50,0,-3.4949,1.9082,0.19,0.111,880.0
8795,-4.4431,50,0,-3.5139,1.9081,0.19,0.1131,880.11
8796,-4.2771,50,0,-3.5143,1.9082,0.19,0.1121,880.22
8797,-4.4983,50,0,-3.5589,1.8784,0.18,0.1035,880.33
8798,-5.572,50,0,-3.5628,1.8822,0.18,0.0886,880.41
8799,-0.0498,1,1,-3.534,1.9134,0.19,0.0028,880.42
8800,-3.6925,50,0,-3.5704,1.8812,0.18,0.1033,880.52
8801,-4.7909,50,0,-3.5566,1.867,0.18,0.1142,880.63
8802,-3.5625,50,0,-3.5649,1.8652,0.18,0.111,880.75
8803,-0.0171,1,1,-3.531,1.8983,0.19,0.0027,880.75
8804,-2.6679,50,0,-3.5197,1.9,0.19,0.1122,880.86
8805,-5.8388,50,0,-3.5255,1.9062,0.19,0.1166,880.98
8806,-4.144,50,0,-3.5319,1.9072,0.19,0.1061,881.08
8807,-5.1031,50,0,-3.5825,1.881,0.18,0.1296,881.21
8808,-4.4153,50,0,-3.5809,1.8803,0.18,0.1278,881.34
8809,-0.0161,1,1,-3.5431,1.9133,0.19,0.0026,881.34
8810,-0.0378,1,1,-3.4912,1.9371,0.2,0.0035,881.35
8811,-4.4015,50,0,-3.4789,1.9273,0.2,0.1181,881.46
8812,-6.1959,50,0,-3.5403,1.915,0.19,0.1169,881.58
8813,-4.8414,50,0,-3.5544,1.9193,0.19,0.0842,881.67
8814,-5.3964,50,0,-3.5642,1.9262,0.19,0.093,881.76
8815,-5.1648,50,0,-3.5782,1.9327,0.19,0.0964,881.85
8816,-5.3329,50,0,-3.5915,1.9401,0.19,0.1232,881.98
8817,-3.6307,50,0,-3.5735,1.9313,0.19,0.0968,882.07
8818,-4.8721,50,0,-3.5884,1.9355,0.19,0.1004,882.18
8819,-3.0435,50,0,-3.6187,1.9027,0.18,0.101,882.28
8820,-0.0428,1,1,-3.5552,1.9151,0.19,0.0023,882.28
8821,-0.0054,1,1,-3.5551,1.9155,0.19,0.0021,882.28
8822,-5.2,50,0,-3.5639,1.921,0.19,0.1025,882.38
8823,-2.5994,50,0,-3.5458,1.9215,0.19,0.0873,882.47
8824,-4.3274,50,0,-3.5616,1.9213,0.19,0.1075,882.58
8825,-2.8352,50,0,-3.5375,1.9152,0.19,0.0929,882.67
8826,-0.031,1,1,-3.4946,1.945,0.2,0.0021,882.67
8827,-4.8253,50,0,-3.5424,1.9181,0.19,0.9997,883.67
8828,-3.7543,50,0,-3.5411,1.918,0.19,0.1143,883.79
8829,-5.5283,50,0,-3.5523,1.9262,0.19,0.102,883.89
8830,-2.9158,50,0,-3.5402,1.9264,0.19,0.0968,883.99
8831,-4.5775,50,0,-3.5462,1.9287,0.19,0.1012,884.09
8832,-5.3718,50,0,-3.5587,1.9364,0.19,0.1048,884.19
8833,-6.0373,50,0,-3.5667,1.9449,0.19,0.1019,884.29
8834,-3.1739,50,0,-3.5642,1.9453,0.19,0.1084,884.4
8835,-4.7236,50,0,-3.5705,1.948,0.19,0.0953,884.5
8836,-4.4196,50,0,-3.5873,1.948,0.19,0.115,884.61
8837,-3.3394,50,0,-3.5928,1.9466,0.19,0.106,884.72
8838,-0.0277,1,1,-3.5471,1.9759,0.2,0.0019,884.72
8839,-5.2474,50,0,-3.5696,1.9823,0.2,0.0971,884.82
8840,-5.6927,50,0,-3.5734,1.986,0.2,0.1154,884.93
8841,-3.2747,50,0,-3.5595,1.9832,0.2,0.0924,885.03
8842,-5.4428,50,0,-3.5774,1.992,0.2,0.0966,885.12
8843,-3.3544,50,0,-3.5543,1.981,0.2,0.0905,885.21
8844,-3.5691,50,0,-3.5445,1.9785,0.2,0.1018,885.31
8845,-0.0374,1,1,-3.4977,2.0053,0.21,0.0019,885.32
8846,-6.353,50,0,-3.5334,2.024,0.21,0.1118,885.43
8847,-2.766,50,0,-3.5607,1.9949,0.2,0.0981,885.53
8848,-3.7282,50,0,-3.5519,1.9922,0.2,0.1048,885.63
8849,-0.0292,1,1,-3.5518,1.9924,0.2,0.002,885.63
8850,-2.6451,50,0,-3.5474,1.9939,0.2,0.1086,885.74
8851,-0.0268,1,1,-3.5085,2.024,0.21,0.0026,885.74
8852,-3.3401,50,0,-3.5127,2.0232,0.21,0.1144,885.86
8853,-2.8262,50,0,-3.4844,2.0128,0.21,0.1097,885.97
8854,-5.1707,50,0,-3.5361,1.989,0.2,0.0926,886.06
8855,-3.3402,50,0,-3.5693,1.9575,0.19,0.0959,886.16
8856,-4.9066,50,0,-3.5584,1.947,0.19,0.1038,886.26
8857,-3.338,50,0,-3.5432,1.9427,0.19,0.1008,886.36
8858,-5.7636,50,0,-3.6005,1.9228,0.18,0.0929,886.45
8859,-3.5077,50,0,-3.583,1.9156,0.18,0.0968,886.55
8860,-3.3396,50,0,-3.5879,1.9144,0.18,0.1304,886.68
8861,-4.1849,50,0,-3.5709,1.9013,0.18,0.0991,886.78
8862,-5.5755,50,0,-3.5807,1.9091,0.18,0.1018,886.88
8863,-3.6756,50,0,-3.617,1.8757,0.17,0.0918,886.97
8864,-3.9196,50,0,-3.6244,1.8754,0.17,0.1055,887.08
8865,-4.5394,50,0,-3.6255,1.8759,0.17,0.0993,887.18
8866,-0.0352,1,1,-3.5791,1.9065,0.18,0.0025,887.18
8867,-5.7528,50,0,-3.5827,1.9102,0.18,0.1039,887.29
8868,-5.3021,50,0,-3.568,1.8913,0.18,0.0926,887.38
8869,-5.5554,50,0,-3.5895,1.9015,0.18,0.0965,887.47
8870,-0.037,1,1,-3.5646,1.9313,0.19,0.0025,887.48
8871,-3.8572,50,0,-3.5608,1.9304,0.19,0.1001,887.58
8872,-3.4613,50,0,-3.546,1.9254,0.19,0.0954,887.67
8873,-5.1206,50,0,-3.5581,1.9315,0.19,0.116,887.79
8874,-0.0295,1,1,-3.5007,1.9501,0.2,0.0024,887.79
8875,-4.9713,50,0,-3.5074,1.954,0.2,1.0213,888.81
8876,-4.9552,50,0,-3.5154,1.9582,0.2,0.1037,888.92
8877,-5.7079,50,0,-3.5721,1.9388,0.19,0.1063,889.02
8878,-4.7478,50,0,-3.5823,1.9423,0.19,0.105,889.13
8879,-3.4606,50,0,-3.5831,1.9422,0.19,0.0948,889.22
8880,-4.9353,50,0,-3.6324,1.9132,0.18,0.101,889.32
8881,-3.3039,50,0,-3.6137,1.9072,0.18,0.1134,889.44
8882,-3.6305,50,0,-3.6497,1.873,0.17,0.0891,889.53
8883,-4.2983,50,0,-3.6612,1.8734,0.17,0.1038,889.63
8884,-2.8244,50,0,-3.6294,1.8603,0.17,0.1007,889.73
8885,-5.8622,50,0,-3.6336,1.8649,0.17,0.1158,889.85
8886,-3.8169,50,0,-3.6429,1.8635,0.17,0.0949,889.94
8887,-5.8147,50,0,-3.6623,1.8758,0.17,0.1141,890.05
8888,-2.914,50,0,-3.6911,1.8417,0.16,0.0905,890.15
8889,-0.0342,1,1,-3.6911,1.8417,0.16,0.0027,890.15
8890,-4.738,50,0,-3.6909,1.8416,0.16,0.1074,890.26
8891,-0.0191,1,1,-3.6411,1.8727,0.17,0.0026,890.26
8892,-3.2972,50,0,-3.6262,1.8695,0.17,0.1064,890.36
8893,-4.4094,50,0,-3.67,1.8357,0.16,0.1127,890.48
8894,-5.5483,50,0,-3.6778,1.842,0.16,0.0984,890.58
8895,-2.685,50,0,-3.6602,1.843,0.16,0.1057,890.68
8896,-0.0324,1,1,-3.6177,1.8769,0.17,0.003,890.68
8897,-2.8706,50,0,-3.6015,1.8762,0.17,0.1143,890.8
8898,-2.8131,50,0,-3.5739,1.8673,0.17,0.0875,890.89
8899,-4.9304,50,0,-3.6227,1.8381,0.16,0.0901,890.98
8900,-0.0426,1,1,-3.5862,1.8723,0.17,0.0022,890.98
8901,-5.4499,50,0,-3.5928,1.8777,0.17,0.1002,891.08
8902,-0.0465,1,1,-3.5576,1.9105,0.18,0.0025,891.08
8903,-0.0104,1,1,-3.5575,1.9106,0.18,0.0024,891.08
8904,-3.9073,50,0,-3.5699,1.9089,0.18,0.1059,891.19
8905,-2.8793,50,0,-3.5403,1.8963,0.18,0.1345,891.32
8906,-4.162,50,0,-3.5405,1.8964,0.18,0.1053,891.43
8907,-5.0208,50,0,-3.5397,1.8957,0.18,0.1012,891.53
8908,-4.6865,50,0,-3.5424,1.8972,0.18,0.0999,891.63
8909,-0.0377,1,1,-3.5426,1.8968,0.18,0.0023,891.63
8910,-4.6976,50,0,-3.5892,1.8671,0.17,0.0984,891.73
8911,-0.0433,1,1,-3.5456,1.8983,0.18,0.0033,891.73
8912,-3.059,50,0,-3.5143,1.88,0.18,0.1091,891.84
8913,-3.6254,50,0,-3.5021,1.8753,0.18,0.1038,891.95
8914,-4.4464,50,0,-3.4926,1.8681,0.18,0.1158,892.06
8915,-5.0196,50,0,-3.4912,1.8669,0.18,0.6743,892.74
8916,-3.2384,50,0,-3.4702,1.8578,0.18,0.1045,892.84
8917,-5.6664,50,0,-3.4906,1.8706,0.18,0.1009,892.94
8918,-3.2203,50,0,-3.4741,1.8656,0.18,0.101,893.04
8919,-5.0221,50,0,-3.4938,1.8714,0.18,0.0957,893.14
8920,-4.9668,50,0,-3.5431,1.8445,0.17,0.1082,893.25
8921,-4.4176,50,0,-3.5872,1.8119,0.16,0.1164,893.36
8922,-3.4716,50,0,-3.5699,1.8046,0.16,0.0987,893.46
8923,-0.0377,1,1,-3.5443,1.8361,0.17,0.0023,893.46
8924,-4.0018,50,0,-3.541,1.835,0.17,0.0944,893.56
8925,-3.2847,50,0,-3.5455,1.8338,0.17,1.0202,894.58
8926,-2.6956,50,0,-3.5722,1.8017,0.16,0.0943,894.67
8927,-4.4398,50,0,-3.5683,1.7994,0.16,0.1007,894.77
8928,-0.0269,1,1,-3.5311,1.8334,0.17,0.002,894.78
8929,-0.0387,1,1,-3.4762,1.8549,0.18,0.0016,894.78
8930,-4.1512,50,0,-3.4885,1.8552,0.18,0.0826,894.86
8931,-3.1832,50,0,-3.4746,1.8522,0.18,0.0901,894.95
8932,-2.6459,50,0,-3.4473,1.8441,0.18,0.1089,895.06
8933,-5.4791,50,0,-3.4417,1.8371,0.18,0.1026,895.16
8934,-6.4219,50,0,-3.4742,1.8606,0.18,0.1063,895.27
8935,-5.6349,50,0,-3.4833,1.869,0.18,0.1081,895.38
8936,-4.7979,50,0,-3.4871,1.8712,0.18,0.0867,895.46
8937,-0.0413,1,1,-3.4541,1.9023,0.19,0.0036,895.47
8938,-4.895,50,0,-3.5028,1.8761,0.18,0.1098,895.58
8939,-4.9406,50,0,-3.4997,1.8735,0.18,0.1057,895.68
8940,-4.802,50,0,-3.4908,1.8652,0.18,0.0965,895.78
8941,-3.0863,50,0,-3.4889,1.8655,0.18,0.1045,895.88
8942,-3.0606,50,0,-3.4651,1.8556,0.18,0.1281,896.01
8943,-5.3086,50,0,-3.4847,1.8646,0.18,0.1141,896.13
8944,-0.0429,1,1,-3.4494,1.8957,0.19,0.0031,896.13
8945,-6.6521,50,0,-3.5155,1.8909,0.18,0.1066,896.23
8946,-4.406,50,0,-3.4961,1.8715,0.18,0.1042,896.34
8947,-0.0361,1,1,-3.4688,1.9016,0.19,0.0023,896.34
8948,-3.0765,50,0,-3.4623,1.9019,0.19,0.0973,896.44
8949,-0.026,1,1,-3.4622,1.9019,0.19,0.0019,896.44
8950,-5.1189,50,0,-3.487,1.9072,0.19,0.1001,896.54
8951,-4.2546,50,0,-3.5292,1.8767,0.18,0.1253,896.67
8952,-6.057,50,0,-3.5564,1.8933,0.18,0.1052,896.77
8953,-3.8714,50,0,-3.5669,1.8921,0.18,0.1046,896.88
8954,-4.689,50,0,-3.562,1.8887,0.18,0.1082,896.98
8955,-0.0277,1,1,-3.5289,1.921,0.19,0.0031,896.99
8956,-2.7687,50,0,-3.5075,1.9175,0.19,0.1027,897.09
8957,-0.0365,1,1,-3.4745,1.9483,0.2,0.0034,897.09
8958,-0.011,1,1,-3.417,1.9647,0.21,0.0029,897.1
8959,-2.5043,50,0,-3.407,1.9668,0.21,0.1075,897.2
8960,-0.0453,1,1,-3.374,1.995,0.22,0.0026,897.21
8961,-4.5393,50,0,-3.3776,1.9968,0.22,0.1061,897.31
8962,-3.9022,50,0,-3.3608,1.9853,0.22,0.1016,897.41
8963,-3.2298,50,0,-3.3564,1.985,0.22,0.1026,897.52
8964,-2.5656,50,0,-3.3428,1.9858,0.22,0.0993,897.62
8965,-3.152,50,0,-3.329,1.9822,0.22,0.1003,897.72
8966,-2.9787,50,0,-3.3584,1.9547,0.21,0.1074,897.82
8967,-4.2444,50,0,-3.3433,1.942,0.21,0.1043,897.93
8968,-4.4772,50,0,-3.3351,1.9354,0.21,0.0853,898.01
8969,-5.0015,50,0,-3.3295,1.9298,0.21,0.1054,898.12
8970,-5.7526,50,0,-3.3867,1.916,0.2,0.0874,898.21
8971,-4.8424,50,0,-3.3965,1.921,0.2,0.1154,898.32
8972,-5.3176,50,0,-3.4151,1.9304,0.2,0.1157,898.44
8973,-4.5732,50,0,-3.4096,1.9264,0.2,0.1024,898.54
8974,-4.906,50,0,-3.4584,1.9018,0.19,0.0904,898.63
8975,-3.9903,50,0,-3.4486,1.8964,0.19,0.1002,898.73
8976,-0.0238,1,1,-3.3993,1.9206,0.2,0.002,898.73
8977,-6.473,50,0,-3.4069,1.9313,0.2,1.0131,899.74
8978,-4.1527,50,0,-3.401,1.928,0.2,0.1113,899.86
8979,-4.565,50,0,-3.412,1.9315,0.2,0.0952,899.95
8980,-0.0387,1,1,-3.363,1.9542,0.21,0.0023,899.95
8981,-4.4725,50,0,-3.3747,1.9573,0.21,0.0989,900.05
8982,-2.7258,50,0,-3.3657,1.9582,0.21,0.1121,900.16
8983,-0.0284,1,1,-3.323,1.9838,0.22,0.0028,900.17
8984,-4.4152,50,0,-3.3389,1.9861,0.22,0.1125,900.28
8985,-5.4091,50,0,-3.3344,1.9808,0.22,0.1264,900.41
8986,-3.184,50,0,-3.328,1.9803,0.22,0.1212,900.53
8987,-4.8915,50,0,-3.3188,1.9708,0.22,0.1022,900.63
8988,-0.0408,1,1,-3.2901,1.9973,0.23,0.002,900.63
8989,-0.0378,1,1,-3.2901,1.9972,0.23,0.0017,900.63
8990,-5.9522,50,0,-3.3022,2.0096,0.23,0.1089,900.74
8991,-4.2487,50,0,-3.3445,1.9844,0.22,0.0988,900.84
8992,-3.1542,50,0,-3.3431,1.9845,0.22,0.1247,900.97
8993,-3.5746,50,0,-3.3348,1.9818,0.22,0.0997,901.07
8994,-4.8871,50,0,-3.3281,1.9755,0.22,0.1474,901.21
8995,-3.5316,50,0,-3.3366,1.9745,0.22,0.0912,901.3
8996,-5.3052,50,0,-3.3893,1.9559,0.21,0.0887,901.39
8997,-3.6922,50,0,-3.3976,1.9554,0.21,0.098,901.49
8998,-0.0347,1,1,-3.3698,1.9831,0.22,0.0028,901.49
8999,-5.0819,50,0,-3.3713,1.9843,0.22,0.1045,901.6
9000,-4.7692,50,0,-3.4186,1.9606,0.21,0.1108,901.71
9001,-0.0281,1,1,-3.3643,1.9786,0.22,0.0047,901.71
9002,-3.9562,50,0,-3.4034,1.9511,0.21,0.1017,901.82
9003,-0.0471,1,1,-3.4038,1.9504,0.21,0.0031,901.82
9004,-2.5215,50,0,-3.3899,1.9517,0.21,0.1259,901.94
9005,-0.0362,1,1,-3.3615,1.9795,0.22,0.0031,901.95
9006,-4.6296,50,0,-3.3662,1.9819,0.22,0.1064,902.05
9007,-3.8937,50,0,-3.3549,1.9757,0.22,0.0894,902.14
9008,-5.9133,50,0,-3.3672,1.9877,0.22,0.0942,902.24
9009,-5.7128,50,0,-3.4239,1.9727,0.21,0.128,902.37
9010,-3.0212,50,0,-3.4072,1.969,0.21,0.1223,902.49
9011,-2.7358,50,0,-3.4341,1.941,0.2,0.1261,902.61
9012,-4.9784,50,0,-3.4533,1.9467,0.2,0.142,902.76
9013,-2.5068,50,0,-3.4421,1.9489,0.2,0.0932,902.85
9014,-4.7217,50,0,-3.4449,1.9505,0.2,0.1028,902.95
9015,-0.0265,1,1,-3.3949,1.9733,0.21,0.0019,902.95
9016,-0.0256,1,1,-3.3628,2.0015,0.22,0.0021,902.96
9017,-5.1894,50,0,-3.358,1.9966,0.22,0.0875,903.04
9018,-4.1175,50,0,-3.367,1.998,0.22,0.102,903.15
9019,-4.1513,50,0,-3.3583,1.9926,0.22,0.1175,903.26
9020,-5.5364,50,0,-3.364,1.998,0.22,0.0979,903.36
9021,-3.8729,50,0,-3.3585,1.9959,0.22,0.1113,903.47
9022,-5.7476,50,0,-3.3813,2.01,0.22,0.0973,903.57
9023,-4.2021,50,0,-3.4229,1.9832,0.21,0.0917,903.66
9024,-4.1418,50,0,-3.4243,1.9837,0.21,0.1006,903.76
9025,-3.493,50,0,-3.4264,1.9837,0.21,0.1013,903.86
9026,-5.5446,50,0,-3.4549,1.9934,0.21,0.1055,903.97
9027,-3.0481,50,0,-3.441,1.9913,0.21,0.9833,904.95
9028,-0.0414,1,1,-3.4411,1.9911,0.21,0.0026,904.95
9029,-0.0481,1,1,-3.4412,1.9909,0.21,0.0021,904.96
9030,-6.662,50,0,-3.4663,2.0154,0.21,0.1041,905.06
9031,-0.0454,1,1,-3.435,2.0438,0.22,0.003,905.06
9032,-2.7167,50,0,-3.4357,2.0435,0.22,0.1227,905.19
9033,-0.0281,1,1,-3.3812,2.0609,0.23,0.0035,905.19
9034,-3.7881,50,0,-3.3548,2.0386,0.23,0.1091,905.3
9035,-4.8084,50,0,-3.3466,2.031,0.23,0.1259,905.42
9036,-0.019,1,1,-3.2988,2.0524,0.24,0.0021,905.43
9037,-3.5804,50,0,-3.3342,2.0263,0.23,0.096,905.52
9038,-3.3124,50,0,-3.3183,2.0202,0.23,0.1112,905.63
9039,-3.0585,50,0,-3.2995,2.0137,0.23,0.148,905.78
9040,-3.6914,50,0,-3.2884,2.0085,0.23,0.0948,905.88
9041,-2.9038,50,0,-3.2866,2.0088,0.23,0.1034,905.98
9042,-2.8378,50,0,-3.2844,2.0091,0.23,0.1041,906.08
9043,-3.8895,50,0,-3.2702,1.9998,0.23,0.1007,906.18
9044,-4.186,50,0,-3.3116,1.9752,0.22,0.1127,906.3
9045,-0.0494,1,1,-3.2456,1.9728,0.23,0.002,906.3
9046,-6.5193,50,0,-3.2667,1.9963,0.23,0.1017,906.4
9047,-4.2117,50,0,-3.3085,1.9718,0.22,0.1705,906.57
9048,-5.2561,50,0,-3.3303,1.9812,0.22,0.1184,906.69
9049,-4.5699,50,0,-3.3757,1.9568,0.21,0.1157,906.81
9050,-4.9317,50,0,-3.3738,1.9552,0.21,0.0919,906.9
9051,-3.3981,50,0,-3.3653,1.9532,0.21,0.1057,907.0
9052,-0.0385,1,1,-3.3051,1.9621,0.22,0.0022,907.01
9053,-4.0045,50,0,-3.3064,1.9625,0.22,0.1013,907.11
9054,-4.228,50,0,-3.3018,1.9598,0.22,0.0868,907.19
9055,-4.6836,50,0,-3.3484,1.9366,0.21,0.0874,907.28
9056,-4.2542,50,0,-3.3632,1.9378,0.21,0.0999,907.38
9057,-0.0259,1,1,-3.3631,1.938,0.21,0.0027,907.38
9058,-5.7132,50,0,-3.4201,1.9224,0.2,0.0921,907.48
9059,-4.9797,50,0,-3.4449,1.9263,0.2,0.0974,907.57
9060,-4.0986,50,0,-3.4854,1.8968,0.19,0.1014,907.67
9061,-5.1338,50,0,-3.4914,1.901,0.19,0.1351,907.81
9062,-5.2995,50,0,-3.5053,1.9091,0.19,0.0986,907.91
9063,-0.0436,1,1,-3.4735,1.9398,0.2,0.0021,907.91
9064,-3.0463,50,0,-3.4783,1.9381,0.2,0.0939,908.0
9065,-3.6962,50,0,-3.4837,1.938,0.2,0.0882,908.09
9066,-4.0209,50,0,-3.4941,1.938,0.2,0.1171,908.21
9067,-5.4425,50,0,-3.5061,1.9463,0.2,0.1068,908.32
9068,-3.2824,50,0,-3.4942,1.944,0.2,0.0936,908.41
9069,-5.6385,50,0,-3.5005,1.9499,0.2,0.1195,908.53
9070,-3.1146,50,0,-3.4742,1.9371,0.2,0.141,908.67
9071,-0.0486,1,1,-3.4262,1.9618,0.21,0.0028,908.67
9072,-4.3303,50,0,-3.4164,1.9547,0.21,0.1281,908.8
9073,-2.8982,50,0,-3.3996,1.9519,0.21,0.0937,908.89
9074,-4.9117,50,0,-3.3997,1.952,0.21,0.1083,909.0
9075,-0.0317,1,1,-3.3601,1.9795,0.22,0.0028,909.01
9076,-5.0812,50,0,-3.4106,1.9581,0.21,0.0929,909.1
9077,-4.1456,50,0,-3.3874,1.9353,0.21,0.1104,909.21
9078,-5.4869,50,0,-3.4007,1.9451,0.21,0.1026,909.31
9079,-2.6985,50,0,-3.3821,1.9428,0.21,1.1044,910.42
9080,-4.7291,50,0,-3.429,1.918,0.2,0.1208,910.54
9081,-3.3452,50,0,-3.4177,1.9151,0.2,0.0928,910.63
9082,-3.6664,50,0,-3.4271,1.914,0.2,0.1165,910.75
9083,-2.8474,50,0,-3.4553,1.8843,0.19,0.1053,910.85
9084,-0.0382,1,1,-3.4115,1.9121,0.2,0.0025,910.85
9085,-4.9539,50,0,-3.407,1.9079,0.2,0.1236,910.98
9086,-2.5142,50,0,-3.4003,1.9098,0.2,0.0915,911.07
9087,-5.1104,50,0,-3.4024,1.9117,0.2,0.1259,911.2
9088,-0.034,1,1,-3.4024,1.9118,0.2,0.0026,911.2
9089,-0.031,1,1,-3.4023,1.9119,0.2,0.0023,911.2
9090,-6.4053,50,0,-3.4068,1.9185,0.2,0.0791,911.28
9091,-3.5349,50,0,-3.3997,1.9166,0.2,0.0794,911.36
9092,-3.8585,50,0,-3.4068,1.917,0.2,0.0944,911.45
9093,-4.2299,50,0,-3.4133,1.9187,0.2,0.1022,911.55
9094,-3.232,50,0,-3.3968,1.913,0.2,0.1088,911.66
9095,-3.1099,50,0,-3.3925,1.9132,0.2,0.0962,911.76
9096,-0.0249,1,1,-3.3397,1.9325,0.21,0.0024,911.76
9097,-5.5136,50,0,-3.3579,1.9442,0.21,0.1141,911.88
9098,-2.6315,50,0,-3.3839,1.9168,0.2,0.1084,911.98
9099,-0.0216,1,1,-3.3333,1.938,0.21,0.0024,911.99
9100,-4.2495,50,0,-3.3281,1.9348,0.21,0.111,912.1
9101,-0.0326,1,1,-3.3282,1.9348,0.21,0.0041,912.1
9102,-4.2261,50,0,-3.3309,1.9358,0.21,0.1087,912.21
9103,-4.955,50,0,-3.3799,1.9141,0.2,0.1156,912.33
9104,-4.4398,50,0,-3.3991,1.915,0.2,0.1047,912.43
9105,-5.6333,50,0,-3.4551,1.8976,0.19,0.0872,912.52
9106,-2.7327,50,0,-3.4361,1.8952,0.19,0.0946,912.61
9107,-2.7494,50,0,-3.4247,1.8959,0.19,0.1206,912.73
9108,-0.0483,1,1,-3.366,1.9087,0.2,0.0023,912.74
9109,-4.977,50,0,-3.3587,1.901,0.2,0.0901,912.83
9110,-0.0374,1,1,-3.3288,1.9293,0.21,0.0023,912.83
9111,-0.0226,1,1,-3.3017,1.9563,0.22,0.0026,912.83
9112,-5.5824,50,0,-3.3077,1.9624,0.22,0.106,912.94
9113,-0.0194,1,1,-3.2829,1.988,0.23,0.0023,912.94
9114,-4.9038,50,0,-3.2847,1.9894,0.23,0.1039,913.04
9115,-4.0179,50,0,-3.3246,1.9635,0.22,0.0916,913.13
9116,-5.2996,50,0,-3.3773,1.9449,0.21,0.11,913.24
9117,-6.0071,50,0,-3.3855,1.9542,0.21,0.0985,913.34
9118,-4.9263,50,0,-3.3936,1.9589,0.21,0.0992,913.44
9119,-0.0471,1,1,-3.3526,1.9854,0.22,0.0019,913.44
9120,-4.0083,50,0,-3.3373,1.9744,0.22,0.096,913.54
9121,-2.7322,50,0,-3.3259,1.9746,0.22,0.1094,913.65
9122,-3.717,50,0,-3.3056,1.9599,0.22,0.0914,913.74
9123,-5.0849,50,0,-3.3144,1.9659,0.22,0.1212,913.86
9124,-4.7249,50,0,-3.3202,1.9692,0.22,0.1117,913.97
9125,-2.8392,50,0,-3.3137,1.9697,0.22,0.1071,914.08
9126,-3.9893,50,0,-3.2981,1.9582,0.22,0.0826,914.16
9127,-4.3819,50,0,-3.3115,1.961,0.22,0.1059,914.27
9128,-3.9534,50,0,-3.3506,1.9342,0.21,0.1242,914.39
9129,-4.9929,50,0,-3.4,1.9122,0.2,0.0954,914.49
9130,-4.8475,50,0,-3.3819,1.8896,0.2,0.0973,914.59
9131,-3.5235,50,0,-3.4167,1.8597,0.19,1.0066,915.59
9132,-5.3163,50,0,-3.4427,1.8679,0.19,0.1007,915.69
9133,-3.6677,50,0,-3.4791,1.8362,0.18,0.105,915.8
9134,-4.853,50,0,-3.4897,1.841,0.18,0.1017,915.9
9135,-2.8464,50,0,-3.4701,1.8373,0.18,0.1045,916.01
9136,-0.0277,1,1,-3.4702,1.8371,0.18,0.0018,916.01
9137,-4.5076,50,0,-3.4795,1.84,0.18,0.1056,916.11
9138,-5.2063,50,0,-3.4984,1.8479,0.18,0.1028,916.22
9139,-5.8193,50,0,-3.526,1.8617,0.18,0.1112,916.33
9140,-3.8008,50,0,-3.5271,1.8618,0.18,0.1039,916.43
9141,-2.6902,50,0,-3.525,1.8627,0.18,0.1074,916.54
9142,-3.6269,50,0,-3.5329,1.8614,0.18,0.0994,916.64
9143,-4.4126,50,0,-3.5381,1.8631,0.18,0.1053,916.74
9144,-0.0458,1,1,-3.4967,1.894,0.19,0.0045,916.75
9145,-3.9735,50,0,-3.5359,1.8626,0.18,0.1154,916.86
9146,-3.5858,50,0,-3.5066,1.8383,0.18,0.1102,916.97
9147,-3.9641,50,0,-3.5041,1.8375,0.18,0.1003,917.07
9148,-3.4929,50,0,-3.4865,1.8291,0.18,0.0993,917.17
9149,-5.6777,50,0,-3.4976,1.8389,0.18,0.1008,917.27
9150,-4.7629,50,0,-3.4959,1.8377,0.18,0.103,917.38
9151,-3.0809,50,0,-3.4927,1.8381,0.18,0.112,917.49
9152,-4.371,50,0,-3.536,1.807,0.17,0.1157,917.6
9153,-3.579,50,0,-3.5318,1.8064,0.17,0.1057,917.71
9154,-0.0228,1,1,-3.4897,1.8384,0.18,0.0023,917.71
9155,-4.3794,50,0,-3.4867,1.8366,0.18,0.0849,917.8
9156,-4.4609,50,0,-3.4887,1.8376,0.18,0.0975,917.89
9157,-0.0322,1,1,-3.4888,1.8375,0.18,0.0023,917.9
9158,-5.2036,50,0,-3.4837,1.832,0.18,0.1004,918.0
9159,-0.0484,1,1,-3.4344,1.8573,0.19,0.002,918.0
9160,-3.9281,50,0,-3.4327,1.8567,0.19,0.1209,918.12
9161,-4.5253,50,0,-3.4266,1.8521,0.19,0.1059,918.23
9162,-4.1951,50,0,-3.4156,1.8442,0.19,0.1066,918.33
9163,-2.7352,50,0,-3.4425,1.8142,0.18,1.0194,919.35
9164,-5.2801,50,0,-3.4648,1.8229,0.18,0.1112,919.46
9165,-0.0239,1,1,-3.4281,1.8546,0.19,0.0024,919.47
9166,-3.1582,50,0,-3.4195,1.8538,0.19,0.0969,919.56
9167,-0.0373,1,1,-3.3654,1.8728,0.2,0.0023,919.56
9168,-4.5153,50,0,-3.3777,1.8762,0.2,0.084,919.65
9169,-4.3043,50,0,-3.3644,1.8648,0.2,0.1092,919.76
9170,-2.8072,50,0,-3.3613,1.8655,0.2,0.1001,919.86
9171,-4.4185,50,0,-3.405,1.8384,0.19,0.1492,920.01
9172,-0.0252,1,1,-3.362,1.8664,0.2,0.0031,920.01
9173,-0.0283,1,1,-3.3333,1.8951,0.21,0.0025,920.01
9174,-3.2944,50,0,-3.3171,1.8885,0.21,0.1083,920.12
9175,-4.8989,50,0,-3.3658,1.8658,0.2,0.1119,920.23
9176,-0.0485,1,1,-3.3154,1.8866,0.21,0.0034,920.24
9177,-6.61,50,0,-3.3401,1.9132,0.21,0.1131,920.35
9178,-5.2822,50,0,-3.338,1.911,0.21,0.1017,920.45
9179,-0.0486,1,1,-3.3115,1.9378,0.22,0.0021,920.45
9180,-0.0288,1,1,-3.2645,1.9598,0.23,0.0019,920.45
9181,-3.9831,50,0,-3.2709,1.9611,0.23,0.0911,920.55
9182,-4.5716,50,0,-3.28,1.965,0.23,0.0935,920.64
9183,-2.9944,50,0,-3.2814,1.9647,0.23,0.0926,920.73
9184,-5.0745,50,0,-3.3318,1.9454,0.22,0.9726,921.7
9185,-0.0396,1,1,-3.2827,1.9657,0.23,0.0028,921.71
9186,-2.9494,50,0,-3.287,1.9645,0.23,0.103,921.81
9187,-0.0496,1,1,-3.2364,1.982,0.24,0.0019,921.81
9188,-0.0462,1,1,-3.2365,1.9818,0.24,0.0019,921.81
9189,-0.0324,1,1,-3.2365,1.9818,0.24,0.0019,921.82
9190,-5.1281,50,0,-3.2238,1.9653,0.24,0.1357,921.95
9191,-3.985,50,0,-3.2283,1.9666,0.24,0.1316,922.08
9192,-0.0121,1,1,-3.1898,1.9913,0.25,0.0018,922.08
9193,-0.0492,1,1,-3.148,2.0128,0.26,0.0015,922.09
9194,-5.431,50,0,-3.17,2.0256,0.26,0.1099,922.2
9195,-3.6707,50,0,-3.1756,2.0262,0.26,0.1099,922.31
9196,-3.8267,50,0,-3.2136,2.0022,0.25,0.0919,922.4
9197,-2.897,50,0,-3.1874,1.9891,0.25,0.0995,922.5
9198,-3.0574,50,0,-3.1917,1.9883,0.25,0.098,922.6
9199,-5.0633,50,0,-3.2421,1.9712,0.24,0.0979,922.69
9200,-4.0572,50,0,-3.2402,1.9703,0.24,0.0776,922.77
9201,-3.738,50,0,-3.2773,1.9443,0.23,0.0988,922.87
9202,-2.6664,50,0,-3.2617,1.9428,0.23,0.0971,922.97
9203,-3.5973,50,0,-3.2481,1.9357,0.23,0.095,923.06
9204,-4.887,50,0,-3.2526,1.939,0.23,0.0953,923.16
9205,-5.0206,50,0,-3.2464,1.9324,0.23,0.0855,923.24
9206,-4.6334,50,0,-3.2654,1.9366,0.23,0.079,923.32
9207,-4.6292,50,0,-3.2842,1.9406,0.23,0.1145,923.44
9208,-0.0415,1,1,-3.2842,1.9407,0.23,0.0033,923.44
9209,-4.4402,50,0,-3.2788,1.9368,0.23,0.1017,923.54
9210,-3.1104,50,0,-3.3095,1.9093,0.22,0.1011,923.64
9211,-0.0453,1,1,-3.3098,1.9089,0.22,0.0026,923.65
9212,-5.1301,50,0,-3.3052,1.904,0.22,0.0978,923.74
9213,-4.8664,50,0,-3.3537,1.8813,0.21,0.1048,923.85
9214,-4.7692,50,0,-3.3524,1.8803,0.21,0.0916,923.94
9215,-3.5101,50,0,-3.3473,1.8791,0.21,0.1284,924.07
9216,-0.0438,1,1,-3.2947,1.8972,0.22,0.0023,924.07
9217,-4.6053,50,0,-3.2807,1.8822,0.22,0.1249,924.19
9218,-4.1429,50,0,-3.2729,1.877,0.22,0.0985,924.29
9219,-0.0473,1,1,-3.2729,1.877,0.22,0.0021,924.3
9220,-4.6763,50,0,-3.2796,1.8808,0.22,0.1148,924.41
9221,-3.7242,50,0,-3.2895,1.8805,0.22,0.0907,924.5
9222,-0.0409,1,1,-3.2527,1.9075,0.23,0.0027,924.5
9223,-4.6051,50,0,-3.2479,1.9035,0.23,0.1094,924.61
9224,-2.7614,50,0,-3.2283,1.8983,0.23,0.0905,924.7
9225,-0.0418,1,1,-3.2003,1.9242,0.24,0.0021,924.71
9226,-3.5391,50,0,-3.1958,1.9229,0.24,0.0912,924.8
9227,-3.717,50,0,-3.1892,1.9199,0.24,0.0786,924.88
9228,-5.0151,50,0,-3.1998,1.9271,0.24,0.1035,924.98
9229,-3.4581,50,0,-3.1844,1.9188,0.24,0.1047,925.08
9230,-4.243,50,0,-3.1784,1.9145,0.24,0.0963,925.18
9231,-4.6565,50,0,-3.1897,1.9199,0.24,0.0979,925.28
9232,-5.0857,50,0,-3.1874,1.9174,0.24,0.0961,925.37
9233,-3.3978,50,0,-3.1847,1.917,0.24,0.083,925.46
9234,-5.0207,50,0,-3.1864,1.9185,0.24,0.1192,925.58
9235,-0.0323,1,1,-3.1582,1.9437,0.25,0.0024,925.58
9236,-0.0432,1,1,-3.1584,1.9435,0.25,0.0022,925.58
9237,-4.0888,50,0,-3.1542,1.941,0.25,0.1019,925.68
9238,-3.7513,50,0,-3.1397,1.931,0.25,0.9912,926.67
9239,-3.1539,50,0,-3.113,1.9122,0.25,0.1426,926.82
9240,-5.2761,50,0,-3.1278,1.9231,0.25,0.1135,926.93
9241,-3.0247,50,0,-3.1311,1.9226,0.25,0.0941,927.02
9242,-4.8505,50,0,-3.1433,1.9296,0.25,0.0997,927.12
9243,-4.6572,50,0,-3.1458,1.9314,0.25,0.0944,927.22
9244,-5.7596,50,0,-3.2029,1.9233,0.24,0.0981,927.32
9245,-0.047,1,1,-3.1637,1.9471,0.25,0.002,927.32
9246,-2.9441,50,0,-3.1572,1.9468,0.25,0.094,927.41
9247,-4.8048,50,0,-3.1656,1.952,0.25,0.1112,927.52
9248,-4.0164,50,0,-3.1709,1.9536,0.25,0.0952,927.62
9249,-3.7099,50,0,-3.1512,1.9381,0.25,0.1025,927.72
9250,-4.0998,50,0,-3.1446,1.9337,0.25,0.0904,927.81
9251,-2.677,50,0,-3.1405,1.9343,0.25,0.1064,927.92
9252,-4.172,50,0,-3.1385,1.9331,0.25,0.0976,928.02
9253,-4.8159,50,0,-3.1509,1.9398,0.25,0.0947,928.11
9254,-5.0207,50,0,-3.2009,1.9229,0.24,0.093,928.2
9255,-5.0287,50,0,-3.2074,1.9279,0.24,0.1077,928.31
9256,-0.0494,1,1,-3.1633,1.9491,0.25,0.0019,928.31
9257,-5.3905,50,0,-3.2169,1.9359,0.24,0.1018,928.41
9258,-5.6538,50,0,-3.2214,1.941,0.24,0.097,928.51
9259,-3.9027,50,0,-3.2599,1.9158,0.23,0.1067,928.62
9260,-4.2934,50,0,-3.2635,1.9174,0.23,0.0975,928.72
9261,-4.067,50,0,-3.259,1.9149,0.23,0.0912,928.81
9262,-2.7728,50,0,-3.2447,1.9132,0.23,0.0988,928.91
9263,-3.2171,50,0,-3.2496,1.9125,0.23,0.1008,929.01
9264,-4.9622,50,0,-3.2464,1.9094,0.23,0.0965,929.1
9265,-3.5303,50,0,-3.2814,1.8819,0.22,0.0861,929.19
9266,-5.058,50,0,-3.3004,1.8901,0.22,0.1,929.29
9267,-0.0431,1,1,-3.3005,1.89,0.22,0.0023,929.29
9268,-0.0264,1,1,-3.2556,1.9138,0.23,0.0022,929.29
9269,-0.0174,1,1,-3.2127,1.9377,0.24,0.0028,929.3
9270,-0.0455,1,1,-3.1851,1.9628,0.25,0.0033,929.3
9271,-7.3863,50,0,-3.2148,2.0032,0.25,0.0911,929.39
9272,-0.0401,1,1,-3.215,2.003,0.25,0.0018,929.39
9273,-4.9037,50,0,-3.2637,1.9841,0.24,0.1046,929.5
9274,-0.0372,1,1,-3.2311,2.0099,0.25,0.0031,929.5
9275,-5.9481,50,0,-3.2416,2.0212,0.25,0.1209,929.62
9276,-4.7849,50,0,-3.289,2.0013,0.24,0.0862,929.71
9277,-5.5148,50,0,-3.278,1.986,0.24,0.0976,929.81
9278,-4.0476,50,0,-3.2657,1.9773,0.24,0.103,929.91
9279,-3.5519,50,0,-3.3007,1.9509,0.23,0.0949,930.0
9280,-0.0483,1,1,-3.3009,1.9505,0.23,0.0019,930.01
9281,-4.2497,50,0,-3.3036,1.9517,0.23,0.1092,930.11
9282,-5.1283,50,0,-3.3092,1.9561,0.23,0.1147,930.23
9283,-2.6982,50,0,-3.3062,1.9568,0.23,0.0953,930.32
9284,-3.9288,50,0,-3.2947,1.9497,0.23,0.0953,930.42
9285,-4.5687,50,0,-3.34,1.926,0.22,0.1045,930.52
9286,-0.0073,1,1,-3.3106,1.954,0.23,0.0028,930.53
9287,-5.4071,50,0,-3.3642,1.9373,0.22,0.0958,930.62
9288,-2.9489,50,0,-3.3932,1.9089,0.21,0.1102,930.73
9289,-3.5462,50,0,-3.4283,1.8788,0.2,1.0778,931.81
9290,-5.8265,50,0,-3.4353,1.8864,0.2,0.1306,931.94
9291,-4.6497,50,0,-3.442,1.8895,0.2,0.1062,932.05
9292,-0.0117,1,1,-3.442,1.8895,0.2,0.0018,932.05
9293,-4.3861,50,0,-3.4853,1.8607,0.19,0.0951,932.14
9294,-4.5161,50,0,-3.4762,1.8533,0.19,0.0985,932.24
9295,-5.4094,50,0,-3.4936,1.8632,0.19,0.0754,932.32
9296,-0.0143,1,1,-3.4555,1.8947,0.2,0.0018,932.32
9297,-3.516,50,0,-3.4616,1.8939,0.2,0.0974,932.42
9298,-0.0247,1,1,-3.4313,1.9241,0.21,0.0018,932.42
9299,-0.0351,1,1,-3.381,1.9464,0.22,0.0021,932.42
9300,-3.1659,50,0,-3.3721,1.9453,0.22,0.1079,932.53
9301,-0.0436,1,1,-3.3352,1.9729,0.23,0.0057,932.54
9302,-3.8443,50,0,-3.347,1.9724,0.23,0.1011,932.64
9303,-4.1409,50,0,-3.3524,1.9738,0.23,0.1022,932.74
9304,-0.0438,1,1,-3.304,1.9949,0.24,0.0019,932.74
9305,-4.0776,50,0,-3.2945,1.989,0.24,0.1084,932.85
9306,-4.3655,50,0,-3.2919,1.9874,0.24,0.1236,932.97
9307,-4.6592,50,0,-3.2922,1.9876,0.24,0.0831,933.06
9308,-3.9205,50,0,-3.3309,1.9614,0.23,0.1204,933.18
9309,-4.1592,50,0,-3.3281,1.96,0.23,0.1125,933.29
9310,-2.8566,50,0,-3.3256,1.9605,0.23,0.0974,933.39
9311,-3.6775,50,0,-3.3619,1.9328,0.22,0.0931,933.48
9312,-4.1467,50,0,-3.3521,1.9263,0.22,0.0951,933.57
9313,-3.4023,50,0,-3.3374,1.9203,0.22,0.0954,933.67
9314,-3.4945,50,0,-3.3247,1.915,0.22,0.1077,933.78
9315,-4.2106,50,0,-3.3317,1.9169,0.22,0.0849,933.86
9316,-4.469,50,0,-3.376,1.8914,0.21,0.0938,933.96
9317,-2.5329,50,0,-3.3552,1.8892,0.21,0.0786,934.03
9318,-3.7122,50,0,-3.3509,1.8879,0.21,0.1126,934.15
9319,-3.3979,50,0,-3.3844,1.8584,0.2,0.0988,934.25
9320,-4.9334,50,0,-3.387,1.8604,0.2,0.1045,934.35
9321,-4.8523,50,0,-3.3983,1.8658,0.2,0.0905,934.44
9322,-4.2562,50,0,-3.4404,1.8369,0.19,0.0918,934.53
9323,-4.6075,50,0,-3.4405,1.8369,0.19,0.0897,934.62
9324,-4.494,50,0,-3.4578,1.8386,0.19,0.0943,934.72
9325,-6.5812,50,0,-3.5232,1.8322,0.18,0.0933,934.81
9326,-0.0361,1,1,-3.4881,1.8648,0.19,0.0021,934.81
9327,-4.2704,50,0,-3.4937,1.8663,0.19,0.0973,934.91
9328,-0.0311,1,1,-3.4438,1.8913,0.2,0.0018,934.91
9329,-4.7711,50,0,-3.457,1.8959,0.2,0.1054,935.02
9330,-3.7544,50,0,-3.4521,1.8945,0.2,0.104,935.12
9331,-2.7357,50,0,-3.4329,1.892,0.2,0.0984,935.22
9332,-5.4013,50,0,-3.436,1.895,0.2,0.0927,935.31
9333,-4.7755,50,0,-3.4498,1.8997,0.2,0.0983,935.41
9334,-2.9771,50,0,-3.4294,1.8936,0.2,0.0935,935.5
9335,-0.0426,1,1,-3.4295,1.8934,0.2,0.0019,935.51
9336,-4.0728,50,0,-3.4698,1.8636,0.19,0.095,935.6
9337,-0.0411,1,1,-3.4293,1.8934,0.2,0.0019,935.6
9338,-0.0462,1,1,-3.3922,1.9228,0.21,0.0019,935.6
9339,-5.5661,50,0,-3.4164,1.9347,0.21,0.1042,935.71
9340,-6.5307,50,0,-3.4289,1.9508,0.21,0.077,935.78
9341,-3.1379,50,0,-3.43,1.9506,0.21,1.0157,936.8
9342,-4.5787,50,0,-3.4273,1.9488,0.21,0.1043,936.9
9343,-3.9825,50,0,-3.4206,1.9457,0.21,0.0945,937.0
9344,-3.7443,50,0,-3.4004,1.9317,0.21,0.0931,937.09
9345,-4.364,50,0,-3.4436,1.9043,0.2,0.1025,937.19
9346,-3.5006,50,0,-3.4492,1.9037,0.2,0.0758,937.27
9347,-4.4903,50,0,-3.446,1.9017,0.2,0.0987,937.37
9348,-3.9728,50,0,-3.4456,1.9016,0.2,0.1048,937.47
9349,-2.8585,50,0,-3.4371,1.9023,0.2,0.0989,937.57
9350,-4.7792,50,0,-3.4439,1.9058,0.2,0.111,937.68
9351,-4.788,50,0,-3.465,1.9089,0.2,0.0987,937.78
9352,-2.7639,50,0,-3.4509,1.9088,0.2,0.1138,937.9
9353,-2.8772,50,0,-3.4315,1.9047,0.2,0.09,937.99
9354,-3.4579,50,0,-3.4159,1.898,0.2,0.0826,938.07
9355,-5.2826,50,0,-3.4184,1.9003,0.2,0.0887,938.16
9356,-4.1939,50,0,-3.4599,1.8714,0.19,0.1001,938.26
9357,-4.9969,50,0,-3.4559,1.8677,0.19,0.124,938.38
9358,-0.0243,1,1,-3.3996,1.8854,0.2,0.0024,938.38
9359,-0.0212,1,1,-3.3608,1.9144,0.21,0.0024,938.39
9360,-5.2983,50,0,-3.3709,1.9219,0.21,0.1121,938.5
9361,-3.1955,50,0,-3.3621,1.9207,0.21,0.1038,938.6
9362,-4.3885,50,0,-3.3783,1.9224,0.21,0.117,938.72
9363,-0.0462,1,1,-3.3466,1.9508,0.22,0.0018,938.72
9364,-3.7819,50,0,-3.3348,1.9445,0.22,0.1161,938.84
9365,-0.0303,1,1,-3.2998,1.972,0.23,0.003,938.84
9366,-0.0118,1,1,-3.2493,1.9908,0.24,0.003,938.84
9367,-5.3347,50,0,-3.3022,1.9752,0.23,0.0839,938.93
9368,-4.7951,50,0,-3.3499,1.9529,0.22,0.1057,939.03
9369,-5.2816,50,0,-3.4026,1.9333,0.21,0.1053,939.14
9370,-0.0359,1,1,-3.4025,1.9334,0.21,0.0023,939.14
9371,-3.2837,50,0,-3.3615,1.8915,0.21,0.092,939.23
9372,-0.0464,1,1,-3.3615,1.8914,0.21,0.0023,939.24
9373,-4.8427,50,0,-3.3609,1.8909,0.21,0.0992,939.33
9374,-3.531,50,0,-3.3958,1.8612,0.2,0.1236,939.46
9375,-3.8443,50,0,-3.3748,1.8441,0.2,0.1187,939.58
9376,-4.1105,50,0,-3.3681,1.8401,0.2,0.0887,939.67
9377,-3.1182,50,0,-3.3441,1.8276,0.2,0.0946,939.76
9378,-4.3951,50,0,-3.3476,1.8293,0.2,0.1181,939.88
9379,-5.1349,50,0,-3.3634,1.8378,0.2,0.1145,939.99
9380,-2.6522,50,0,-3.3894,1.8088,0.19,0.1032,940.1
9381,-4.1262,50,0,-3.3882,1.8083,0.19,0.0989,940.19
9382,-6.4408,50,0,-3.4013,1.8256,0.19,0.1051,940.3
9383,-0.0124,1,1,-3.3745,1.8552,0.2,0.0032,940.3
9384,-0.011,1,1,-3.3353,1.8842,0.21,0.0033,940.31
9385,-6.4722,50,0,-3.3543,1.9061,0.21,0.1041,940.41
9386,-4.6268,50,0,-3.4005,1.8802,0.2,0.1139,940.52
9387,-3.5157,50,0,-3.3816,1.8694,0.2,0.0943,940.62
9388,-4.5392,50,0,-3.3975,1.8724,0.2,0.1096,940.73
9389,-3.8704,50,0,-3.4008,1.873,0.2,0.0975,940.83
9390,-2.812,50,0,-3.3706,1.8579,0.2,0.0957,940.92
9391,-0.0349,1,1,-3.3245,1.8827,0.21,0.0023,940.92
9392,-4.9824,50,0,-3.3742,1.8601,0.2,0.9926,941.92
9393,-0.0494,1,1,-3.3308,1.8863,0.21,0.0021,941.92
9394,-4.0069,50,0,-3.3257,1.8838,0.21,0.0941,942.01
9395,-5.1907,50,0,-3.3235,1.8815,0.21,0.1171,942.13
9396,-2.6426,50,0,-3.3498,1.8532,0.2,0.0963,942.23
9397,-4.1454,50,0,-3.3561,1.8549,0.2,0.0993,942.33
9398,-0.0453,1,1,-3.3563,1.8545,0.2,0.0025,942.33
9399,-5.1975,50,0,-3.4079,1.8331,0.19,0.0915,942.42
9400,-6.7431,50,0,-3.4437,1.8626,0.19,0.1129,942.53
9401,-3.8324,50,0,-3.4816,1.8314,0.18,0.0997,942.63
9402,-5.0434,50,0,-3.4936,1.8376,0.18,0.107,942.74
9403,-6.1226,50,0,-3.5134,1.8551,0.18,0.1038,942.84
9404,-3.26,50,0,-3.5456,1.8223,0.17,0.0774,942.92
9405,-0.0432,1,1,-3.5052,1.8544,0.18,0.0018,942.92
9406,-4.1154,50,0,-3.5027,1.8534,0.18,0.1057,943.03
9407,-2.8644,50,0,-3.4848,1.8508,0.18,0.0864,943.11
9408,-3.018,50,0,-3.4757,1.8509,0.18,0.0899,943.2
9409,-3.9731,50,0,-3.4739,1.8503,0.18,0.0941,943.3
9410,-3.0054,50,0,-3.4754,1.8498,0.18,0.1017,943.4
9411,-4.7668,50,0,-3.4863,1.8542,0.18,0.0888,943.49
9412,-4.7442,50,0,-3.4922,1.8573,0.18,0.1195,943.61
9413,-5.591,50,0,-3.5141,1.8689,0.18,0.1054,943.71
9414,-3.6389,50,0,-3.5156,1.869,0.18,0.0766,943.79
9415,-2.5414,50,0,-3.4989,1.8702,0.18,0.0944,943.88
9416,-3.4981,50,0,-3.4892,1.8676,0.18,0.1116,944.0
9417,-5.9783,50,0,-3.5236,1.8814,0.18,0.9688,944.96
9418,-4.462,50,0,-3.5311,1.8836,0.18,0.1012,945.07
9419,-6.2944,50,0,-3.5601,1.9035,0.18,0.1088,945.17
9420,-4.0786,50,0,-3.5515,1.8992,0.18,0.0886,945.26
9421,-5.6392,50,0,-3.5594,1.9062,0.18,0.0975,945.36
9422,-5.1228,50,0,-3.5681,1.9113,0.18,0.0854,945.45
9423,-6.135,50,0,-3.5833,1.9256,0.18,0.0931,945.54
9424,-4.4779,50,0,-3.5832,1.9256,0.18,0.0973,945.64
9425,-3.0153,50,0,-3.5475,1.9026,0.18,0.0911,945.73
9426,-0.0373,1,1,-3.5475,1.9026,0.18,0.0024,945.73
9427,-6.7713,50,0,-3.5725,1.9282,0.18,0.1116,945.84
9428,-5.3986,50,0,-3.6262,1.9034,0.17,0.1034,945.95
9429,-0.0487,1,1,-3.579,1.9328,0.18,0.0031,945.95
9430,-0.0304,1,1,-3.5418,1.9646,0.19,0.0033,945.95
9431,-6.6276,50,0,-3.5807,1.9867,0.19,0.1044,946.06
9432,-0.0099,1,1,-3.5268,2.0096,0.2,0.0026,946.06
9433,-3.489,50,0,-3.5139,2.0057,0.2,0.0948,946.15
9434,-0.0193,1,1,-3.4843,2.035,0.21,0.0032,946.16
9435,-4.8274,50,0,-3.5322,2.0096,0.2,0.1023,946.26
9436,-4.5998,50,0,-3.5374,2.0117,0.2,0.1124,946.37
9437,-5.984,50,0,-3.5969,1.9952,0.19,0.0916,946.46
9438,-3.1904,50,0,-3.6283,1.9635,0.18,0.095,946.56
9439,-5.9977,50,0,-3.6326,1.9683,0.18,0.1,946.66
9440,-0.0435,1,1,-3.5677,1.9786,0.19,0.0023,946.66
9441,-2.7212,50,0,-3.5636,1.9799,0.19,1.0166,947.68
9442,-2.968,50,0,-3.5475,1.9781,0.19,0.104,947.78
9443,-6.0964,50,0,-3.5686,1.9939,0.19,0.1004,947.88
9444,-2.6517,50,0,-3.5577,1.9959,0.19,0.0816,947.96
9445,-5.9512,50,0,-3.5736,2.0085,0.19,0.0869,948.05
9446,-0.0232,1,1,-3.5388,2.0393,0.2,0.002,948.05
9447,-4.9087,50,0,-3.543,2.0417,0.2,0.0897,948.14
9448,-2.5835,50,0,-3.5291,2.0435,0.2,0.096,948.24
9449,-4.842,50,0,-3.5489,2.0465,0.2,0.0958,948.33
9450,-0.0447,1,1,-3.5016,2.0721,0.21,0.0027,948.34
9451,-0.0144,1,1,-3.4538,2.0967,0.22,0.0023,948.34
9452,-4.3818,50,0,-3.47,2.0976,0.22,0.095,948.43
9453,-6.8718,50,0,-3.51,2.1238,0.22,0.0862,948.52
9454,-4.2312,50,0,-3.5177,2.125,0.22,0.1053,948.62
9455,-4.6023,50,0,-3.5109,2.1204,0.22,0.0845,948.71
9456,-0.0434,1,1,-3.4694,2.1471,0.23,0.0021,948.71
9457,-3.3177,50,0,-3.4526,2.1416,0.23,0.0871,948.8
9458,-2.6234,50,0,-3.4786,2.1155,0.22,0.0852,948.88
9459,-0.0335,1,1,-3.4787,2.1153,0.22,0.0025,948.89
9460,-3.0598,50,0,-3.4563,2.1077,0.22,0.0872,948.97
9461,-3.7036,50,0,-3.4614,2.1077,0.22,0.1019,949.08
9462,-3.0676,50,0,-3.4482,2.106,0.22,0.0938,949.17
9463,-3.9795,50,0,-3.4875,2.0787,0.21,0.0875,949.26
9464,-5.1405,50,0,-3.5011,2.085,0.21,0.085,949.34
9465,-0.0348,1,1,-3.5012,2.0849,0.21,0.0023,949.34
9466,-3.8682,50,0,-3.5397,2.0555,0.2,0.088,949.43
9467,-0.0325,1,1,-3.4867,2.0767,0.21,0.002,949.43
9468,-3.5988,50,0,-3.4747,2.0726,0.21,0.1134,949.55
9469,-3.7957,50,0,-3.4599,2.0649,0.21,0.1002,949.65
9470,-6.2967,50,0,-3.5225,2.055,0.2,0.1233,949.77
9471,-0.041,1,1,-3.4901,2.0839,0.21,0.003,949.77
9472,-0.0174,1,1,-3.4898,2.0844,0.21,0.0021,949.78
9473,-3.9944,50,0,-3.4813,2.0806,0.21,0.1064,949.88
9474,-3.7616,50,0,-3.4836,2.0808,0.21,0.0955,949.98
9475,-3.328,50,0,-3.4784,2.0805,0.21,0.1136,950.09
9476,-3.5724,50,0,-3.473,2.0796,0.21,0.1059,950.2
9477,-3.7695,50,0,-3.4796,2.0795,0.21,0.0953,950.29
9478,-0.0373,1,1,-3.436,2.1053,0.22,0.0018,950.29
9479,-3.9767,50,0,-3.4244,2.0991,0.22,0.0868,950.38
9480,-6.1218,50,0,-3.4591,2.1147,0.22,0.0992,950.48
9481,-0.046,1,1,-3.4183,2.1406,0.23,0.0026,950.48
9482,-5.2722,50,0,-3.4066,2.1273,0.23,0.0947,950.58
9483,-5.2881,50,0,-3.4594,2.1078,0.22,0.0843,950.66
9484,-0.034,1,1,-3.4596,2.1074,0.22,0.0017,950.66
9485,-4.1885,50,0,-3.4368,2.0869,0.22,0.0932,950.76
9486,-4.0036,50,0,-3.4305,2.0843,0.22,0.0974,950.85
9487,-4.807,50,0,-3.4434,2.0887,0.22,0.0935,950.95
9488,-5.8631,50,0,-3.4567,2.0998,0.22,0.0841,951.03
9489,-0.0449,1,1,-3.4184,2.1266,0.23,0.0028,951.03
9490,-2.9522,50,0,-3.4198,2.1262,0.23,0.0962,951.13
9491,-0.0468,1,1,-3.4199,2.1261,0.23,0.0024,951.13
9492,-3.9814,50,0,-3.4099,2.121,0.23,0.1062,951.24
9493,-5.9247,50,0,-3.4687,2.1085,0.22,0.1104,951.35
9494,-2.9523,50,0,-3.4581,2.1084,0.22,0.1031,951.45
9495,-3.3732,50,0,-3.44,2.1012,0.22,0.1102,951.56
9496,-0.0493,1,1,-3.414,2.1267,0.23,0.002,951.57
9497,-3.5793,50,0,-3.4084,2.1255,0.23,0.9949,952.56
9498,-4.5737,50,0,-3.4537,2.1015,0.22,0.105,952.67
9499,-4.6926,50,0,-3.4486,2.0979,0.22,0.0978,952.76
9500,-5.0591,50,0,-3.4318,2.0781,0.22,0.1023,952.87
9501,-4.4473,50,0,-3.4379,2.0801,0.22,0.1069,952.97
9502,-5.0181,50,0,-3.4377,2.0799,0.22,0.0976,953.07
9503,-2.5928,50,0,-3.4024,2.064,0.22,0.1026,953.17
9504,-4.1995,50,0,-3.4118,2.0654,0.22,0.0957,953.27
9505,-0.0046,1,1,-3.4114,2.0661,0.22,0.0018,953.27
9506,-4.9434,50,0,-3.4197,2.0705,0.22,0.1268,953.4
9507,-5.5386,50,0,-3.4464,2.0804,0.22,0.0959,953.49
9508,-5.0502,50,0,-3.4667,2.0861,0.22,0.0934,953.59
9509,-3.6482,50,0,-3.4635,2.0855,0.22,0.088,953.67
9510,-0.0432,1,1,-3.4338,2.1127,0.23,0.003,953.68
9511,-3.759,50,0,-3.4238,2.1087,0.23,0.1253,953.8
9512,-4.3049,50,0,-3.4194,2.1064,0.23,0.1074,953.91
9513,-5.8773,50,0,-3.4222,2.1095,0.23,0.1043,954.01
9514,-4.9405,50,0,-3.4353,2.1148,0.23,0.1055,954.12
9515,-6.2913,50,0,-3.4728,2.1318,0.23,0.1035,954.22
9516,-3.8403,50,0,-3.4762,2.1322,0.23,0.1034,954.33
9517,-4.9592,50,0,-3.466,2.1226,0.23,0.1141,954.44
9518,-4.4099,50,0,-3.4655,2.1223,0.23,0.1002,954.54
9519,-3.7104,50,0,-3.4396,2.1034,0.23,0.1003,954.64
9520,-3.9363,50,0,-3.4382,2.103,0.23,0.088,954.73
9521,-0.0335,1,1,-3.3821,2.1182,0.24,0.0058,954.73
9522,-4.1467,50,0,-3.3724,2.1124,0.24,0.0932,954.83
9523,-5.5336,50,0,-3.3664,2.1054,0.24,0.0997,954.93
9524,-3.6283,50,0,-3.3579,2.1026,0.24,0.1108,955.04
9525,-4.058,50,0,-3.3683,2.1035,0.24,0.1004,955.14
9526,-0.0377,1,1,-3.3683,2.1035,0.24,0.0018,955.14
9527,-0.0052,1,1,-3.3006,2.1017,0.25,0.0016,955.14
9528,-3.2039,50,0,-3.2787,2.0912,0.25,0.1162,955.26
9529,-0.0469,1,1,-3.2787,2.0912,0.25,0.0029,955.26
9530,-2.7281,50,0,-3.3057,2.0664,0.24,0.0948,955.36
9531,-0.028,1,1,-3.2397,2.0646,0.25,0.002,955.36
9532,-2.8265,50,0,-3.2678,2.0394,0.24,0.0896,955.45
9533,-0.0275,1,1,-3.2332,2.0646,0.25,0.0024,955.45
9534,-4.8299,50,0,-3.2813,2.0451,0.24,0.1095,955.56
9535,-3.7202,50,0,-3.2702,2.0397,0.24,0.0967,955.66
9536,-0.0225,1,1,-3.2245,2.0606,0.25,0.0042,955.66
9537,-3.4492,50,0,-3.1991,2.042,0.25,0.0986,955.76
9538,-0.0342,1,1,-3.1676,2.0661,0.26,0.0034,955.76
9539,-5.7366,50,0,-3.1649,2.0627,0.26,0.1323,955.89
9540,-5.7481,50,0,-3.222,2.0545,0.25,0.0981,955.99
9541,-6.2504,50,0,-3.2573,2.0758,0.25,0.1397,956.13
9542,-4.5635,50,0,-3.2732,2.0796,0.25,0.0886,956.22
9543,-4.2498,50,0,-3.2548,2.0626,0.25,0.1,956.32
9544,-3.2716,50,0,-3.261,2.0617,0.25,0.0989,956.42
9545,-2.7828,50,0,-3.2293,2.0444,0.25,0.0837,956.5
9546,-5.6568,50,0,-3.2856,2.0328,0.24,0.1207,956.62
9547,-5.8417,50,0,-3.295,2.0424,0.24,0.0907,956.72
9548,-4.3378,50,0,-3.3125,2.0437,0.24,1.0012,957.72
9549,-4.1317,50,0,-3.3054,2.0396,0.24,0.1079,957.82
9550,-0.0203,1,1,-3.3052,2.04,0.24,0.0055,957.83
9551,-4.2942,50,0,-3.3479,2.0153,0.23,0.0818,957.91
9552,-5.606,50,0,-3.3602,2.0252,0.23,0.0936,958.01
9553,-3.8145,50,0,-3.3296,1.9948,0.23,0.0927,958.1
9554,-4.7897,50,0,-3.3352,1.9981,0.23,0.0928,958.19
9555,-3.3576,50,0,-3.3228,1.9941,0.23,0.1,958.29
9556,-0.0206,1,1,-3.3225,1.9944,0.23,0.0033,958.29
9557,-2.8418,50,0,-3.3178,1.995,0.23,0.142,958.44
9558,-0.0192,1,1,-3.2917,2.0207,0.24,0.0029,958.44
9559,-4.0971,50,0,-3.3324,1.9955,0.23,0.0902,958.53
9560,-4.6112,50,0,-3.3479,1.9994,0.23,0.0853,958.61
9561,-3.5128,50,0,-3.346,1.9991,0.23,0.1042,958.72
9562,-3.3357,50,0,-3.3486,1.9989,0.23,0.0948,958.81
9563,-3.9084,50,0,-3.3479,1.9987,0.23,0.0995,958.91
9564,-2.6307,50,0,-3.3228,1.9918,0.23,0.094,959.01
9565,-5.5503,50,0,-3.378,1.9763,0.22,0.0978,959.1
9566,-0.0432,1,1,-3.3397,2.0032,0.23,0.0034,959.11
9567,-5.4453,50,0,-3.3939,1.9862,0.22,0.107,959.22
9568,-2.789,50,0,-3.3858,1.987,0.22,0.1099,959.32
9569,-3.8536,50,0,-3.3864,1.9871,0.22,0.0942,959.42
9570,-3.0337,50,0,-3.3537,1.9657,0.22,0.0918,959.51
9571,-4.2798,50,0,-3.3961,1.9394,0.21,0.097,959.61
9572,-2.837,50,0,-3.4243,1.9103,0.2,0.1188,959.73
9573,-3.0846,50,0,-3.4152,1.9098,0.2,0.0867,959.81
9574,-0.0208,1,1,-3.3778,1.939,0.21,0.0017,959.82
9575,-4.6237,50,0,-3.3908,1.943,0.21,0.0894,959.9
9576,-4.8644,50,0,-3.4037,1.9484,0.21,0.0955,960.0
9577,-2.6962,50,0,-3.3929,1.9493,0.21,0.0928,960.09
9578,-4.2353,50,0,-3.4349,1.9216,0.2,0.092,960.18
9579,-3.6168,50,0,-3.4313,1.9209,0.2,0.1036,960.29
9580,-3.534,50,0,-3.4055,1.9019,0.2,0.1059,960.39
9581,-4.7193,50,0,-3.4522,1.876,0.19,0.1072,960.5
9582,-3.5538,50,0,-3.435,1.8671,0.19,0.1183,960.62
9583,-8.7304,50,0,-3.4694,1.9315,0.19,0.0997,960.72
9584,-3.2212,50,0,-3.5013,1.9006,0.18,0.094,960.81
9585,-0.0242,1,1,-3.4597,1.9305,0.19,0.0023,960.82
9586,-3.6847,50,0,-3.4565,1.9299,0.19,0.1077,960.92
9587,-0.0296,1,1,-3.4087,1.9548,0.2,0.0023,960.93
9588,-0.0482,1,1,-3.3505,1.9674,0.21,0.0025,960.93
9589,-4.7905,50,0,-3.398,1.9442,0.2,0.1058,961.03
9590,-3.7552,50,0,-3.406,1.944,0.2,0.0953,961.13
9591,-4.3674,50,0,-3.4492,1.9167,0.19,0.1072,961.24
9592,-0.0114,1,1,-3.4095,1.9461,0.2,0.0023,961.24
9593,-0.0195,1,1,-3.3505,1.9585,0.21,0.0024,961.24
9594,-2.6601,50,0,-3.3476,1.9593,0.21,0.0992,961.34
9595,-0.0349,1,1,-3.3142,1.9868,0.22,0.0025,961.34
9596,-5.1636,50,0,-3.3653,1.9678,0.21,0.102,961.44
9597,-4.7609,50,0,-3.3771,1.9726,0.21,0.1011,961.55
9598,-3.0845,50,0,-3.3622,1.9691,0.21,0.0945,961.64
9599,-3.3151,50,0,-3.3485,1.9646,0.21,1.0191,962.66
9600,-0.0387,1,1,-3.2983,1.9843,0.22,0.0026,962.66
9601,-3.1871,50,0,-3.2857,1.981,0.22,0.0917,962.75
9602,-6.1891,50,0,-3.2974,1.9946,0.22,0.09,962.84
9603,-5.0589,50,0,-3.322,2.001,0.22,0.0916,962.94
9604,-4.0621,50,0,-3.3207,2.0004,0.22,0.0905,963.03
9605,-5.542,50,0,-3.376,1.9844,0.21,0.097,963.12
9606,-0.046,1,1,-3.3271,2.0055,0.22,0.0027,963.13
9607,-5.5072,50,0,-3.3267,2.0051,0.22,0.1096,963.24
9608,-4.8946,50,0,-3.3252,2.0038,0.22,0.0962,963.33
9609,-4.4072,50,0,-3.3328,2.0065,0.22,0.1025,963.43
9610,-4.2866,50,0,-3.3752,1.9812,0.21,0.0984,963.53
9611,-5.9371,50,0,-3.397,1.9972,0.21,0.1452,963.68
9612,-5.4425,50,0,-3.4084,2.0055,0.21,0.1213,963.8
9613,-4.2971,50,0,-3.3926,1.9922,0.21,0.1162,963.92
9614,-5.3928,50,0,-3.3971,1.9962,0.21,0.1087,964.02
9615,-5.2849,50,0,-3.387,1.9841,0.21,0.0883,964.11
9616,-4.4268,50,0,-3.3929,1.9863,0.21,0.0976,964.21
9617,-3.6316,50,0,-3.3796,1.9802,0.21,0.0948,964.3
9618,-6.8097,50,0,-3.4036,2.0069,0.21,0.1247,964.43
9619,-0.0434,1,1,-3.3669,2.0343,0.22,0.0024,964.43
9620,-0.0474,1,1,-3.3281,2.06,0.23,0.0024,964.43
9621,-0.0489,1,1,-3.3282,2.0598,0.23,0.0022,964.44
9622,-5.7512,50,0,-3.3443,2.0723,0.23,0.1125,964.55
9623,-4.8182,50,0,-3.3371,2.066,0.23,0.1075,964.66
9624,-5.6191,50,0,-3.357,2.0782,0.23,0.0947,964.75
9625,-3.6252,50,0,-3.3527,2.0772,0.23,0.107,964.86
9626,-0.0197,1,1,-3.3525,2.0775,0.23,0.0028,964.86
9627,-3.6732,50,0,-3.3892,2.0503,0.22,0.1146,964.98
9628,-2.8381,50,0,-3.3855,2.0509,0.22,0.1018,965.08
9629,-2.7583,50,0,-3.4126,2.0244,0.21,0.105,965.18
9630,-4.1934,50,0,-3.4273,2.0247,0.21,0.0952,965.28
9631,-0.028,1,1,-3.4273,2.0247,0.21,0.0031,965.28
9632,-3.567,50,0,-3.4347,2.0238,0.21,0.0872,965.37
9633,-4.9875,50,0,-3.4843,2.0003,0.2,0.0827,965.45
9634,-4.2249,50,0,-3.4782,1.9972,0.2,0.0976,965.55
9635,-0.0101,1,1,-3.4411,2.0266,0.21,0.0019,965.55
9636,-4.0853,50,0,-3.4818,1.9982,0.2,0.1011,965.65
9637,-5.3377,50,0,-3.5007,2.0067,0.2,0.097,965.75
9638,-5.0391,50,0,-3.5507,1.9819,0.19,0.1035,965.85
9639,-5.4437,50,0,-3.5478,1.9788,0.19,0.0923,965.94
9640,-3.5865,50,0,-3.5262,1.9665,0.19,0.1334,966.08
9641,-4.5247,50,0,-3.5089,1.95,0.19,0.0933,966.17
9642,-3.5114,50,0,-3.4984,1.9471,0.19,0.0944,966.26
9643,-0.0395,1,1,-3.4563,1.9757,0.2,0.0022,966.27
9644,-6.1599,50,0,-3.4852,1.9938,0.2,0.0933,966.36
9645,-2.5016,50,0,-3.4823,1.995,0.2,0.1,966.46
9646,-4.2835,50,0,-3.4686,1.9847,0.2,0.1084,966.57
9647,-3.7631,50,0,-3.4478,1.9706,0.2,0.1455,966.71
9648,-6.4816,50,0,-3.4693,1.9917,0.2,0.1041,966.82
9649,-3.4242,50,0,-3.4622,1.9906,0.2,1.1153,967.93
9650,-3.2845,50,0,-3.4948,1.9604,0.19,0.123,968.06
9651,-0.0397,1,1,-3.4523,1.9885,0.2,0.0022,968.06
9652,-4.5476,50,0,-3.4417,1.9799,0.2,0.1138,968.17
9653,-3.6027,50,0,-3.4396,1.9796,0.2,0.1258,968.3
9654,-0.0487,1,1,-3.3922,2.0033,0.21,0.0024,968.3
9655,-3.5441,50,0,-3.394,2.0033,0.21,0.1059,968.41
9656,-4.7691,50,0,-3.4415,1.979,0.2,0.0945,968.5
9657,-4.3441,50,0,-3.4566,1.98,0.2,0.1164,968.62
9658,-4.6314,50,0,-3.5027,1.953,0.19,0.1041,968.72
9659,-2.9924,50,0,-3.4916,1.9527,0.19,0.1077,968.83
9660,-5.0699,50,0,-3.4962,1.9559,0.19,0.0934,968.92
9661,-2.7949,50,0,-3.489,1.9571,0.19,0.1149,969.04
9662,-0.0221,1,1,-3.4559,1.9872,0.2,0.0021,969.04
9663,-4.3567,50,0,-3.4604,1.9888,0.2,0.1162,969.16
9664,-3.2745,50,0,-3.4668,1.9871,0.2,0.0936,969.25
9665,-0.0314,1,1,-3.4116,2.005,0.21,0.0021,969.25
9666,-3.9007,50,0,-3.4502,1.9768,0.2,0.1283,969.38
9667,-3.1699,50,0,-3.4275,1.9667,0.2,0.092,969.47
9668,-3.5276,50,0,-3.4348,1.9657,0.2,0.1282,969.6
9669,-5.4892,50,0,-3.4512,1.9759,0.2,0.1202,969.72
9670,-4.9863,50,0,-3.4707,1.9813,0.2,0.106,969.83
9671,-4.9031,50,0,-3.477,1.9848,0.2,0.8587,970.69
9672,-3.2161,50,0,-3.4807,1.984,0.2,0.1047,970.79
9673,-4.4362,50,0,-3.4943,1.9858,0.2,0.1131,970.9
9674,-2.5508,50,0,-3.5196,1.9573,0.19,0.0897,970.99
9675,-0.0354,1,1,-3.4737,1.9845,0.2,0.002,970.99
9676,-3.9571,50,0,-3.4646,1.9802,0.2,0.1054,971.1
9677,-0.0371,1,1,-3.438,2.008,0.21,0.0019,971.1
9678,-2.8946,50,0,-3.4246,2.0071,0.21,0.1211,971.22
9679,-0.0243,1,1,-3.3887,2.0353,0.22,0.0027,971.23
9680,-4.9529,50,0,-3.4029,2.0412,0.22,0.112,971.34
9681,-5.1453,50,0,-3.4071,2.0444,0.22,0.1116,971.45
9682,-0.0465,1,1,-3.3721,2.0715,0.23,0.0029,971.45
9683,-0.0447,1,1,-3.2852,2.0266,0.24,0.0031,971.46
9684,-3.1037,50,0,-3.284,2.0267,0.24,0.1097,971.57
9685,-6.6919,50,0,-3.3507,2.028,0.23,0.0943,971.66
9686,-4.0407,50,0,-3.3543,2.0289,0.23,0.1078,971.77
9687,-5.8543,50,0,-3.4125,2.0162,0.22,0.0935,971.86
9688,-5.4915,50,0,-3.4669,1.998,0.21,0.096,971.96
9689,-0.017,1,1,-3.4192,2.0227,0.22,0.0022,971.96
9690,-5.5211,50,0,-3.4369,2.0332,0.22,0.1146,972.07
9691,-5.3551,50,0,-3.4467,2.0401,0.22,0.111,972.18
9692,-5.5239,50,0,-3.5019,2.0209,0.21,0.109,972.29
9693,-5.2674,50,0,-3.5543,1.9978,0.2,0.0944,972.39
9694,-3.2273,50,0,-3.56,1.9961,0.2,0.1028,972.49
9695,-6.1559,50,0,-3.6212,1.9808,0.19,0.1012,972.59
9696,-3.7945,50,0,-3.6075,1.9748,0.19,0.1531,972.74
9697,-4.636,50,0,-3.6063,1.9742,0.19,0.1193,972.86
9698,-4.8156,50,0,-3.6236,1.9771,0.19,0.1162,972.98
9699,-4.2511,50,0,-3.633,1.9778,0.19,0.1034,973.08
9700,-4.7968,50,0,-3.6805,1.9478,0.18,1.1515,974.24
9701,-4.2079,50,0,-3.6908,1.9478,0.18,0.128,974.36
9702,-4.1227,50,0,-3.6701,1.9321,0.18,0.1227,974.49
9703,-3.9093,50,0,-3.6586,1.9272,0.18,0.1144,974.6
9704,-5.3783,50,0,-3.6718,1.9344,0.18,0.107,974.71
9705,-6.0158,50,0,-3.6765,1.9396,0.18,0.1057,974.81
9706,-4.1851,50,0,-3.7179,1.9055,0.17,0.1316,974.94
9707,-5.489,50,0,-3.7177,1.9054,0.17,0.1057,975.05
9708,-5.822,50,0,-3.727,1.9133,0.17,0.1239,975.17
9709,-0.039,1,1,-3.6833,1.9469,0.18,0.0023,975.18
9710,-5.4007,50,0,-3.6944,1.9535,0.18,0.1168,975.29
9711,-0.0123,1,1,-3.6352,1.9743,0.19,0.0023,975.3
9712,-2.5965,50,0,-3.6067,1.9685,0.19,0.116,975.41
9713,-4.1704,50,0,-3.6055,1.9681,0.19,0.1044,975.52
9714,-4.7621,50,0,-3.5992,1.9634,0.19,0.1062,975.62
9715,-2.7924,50,0,-3.5742,1.9576,0.19,0.1112,975.73
9716,-0.0335,1,1,-3.5303,1.9871,0.2,0.0024,975.74
9717,-0.0267,1,1,-3.4942,2.0174,0.21,0.0026,975.74
9718,-4.5332,50,0,-3.4715,1.9925,0.21,0.1132,975.85
9719,-0.0107,1,1,-3.4712,1.9931,0.21,0.0019,975.85
9720,-5.9377,50,0,-3.5301,1.978,0.2,0.1159,975.97
9721,-3.4089,50,0,-3.5637,1.9469,0.19,0.0946,976.06
9722,-4.2304,50,0,-3.5484,1.9357,0.19,0.1033,976.17
9723,-4.7463,50,0,-3.5477,1.9352,0.19,0.1111,976.28
9724,-4.8744,50,0,-3.5403,1.9286,0.19,0.0916,976.37
9725,-3.8887,50,0,-3.5429,1.9289,0.19,0.0943,976.46
9726,-3.7514,50,0,-3.5802,1.8962,0.18,0.0988,976.56
9727,-3.0716,50,0,-3.5742,1.8969,0.18,0.0916,976.65
9728,-5.2555,50,0,-3.5984,1.9027,0.18,0.0884,976.74
9729,-3.1409,50,0,-3.6022,1.9014,0.18,0.1017,976.84
9730,-5.3891,50,0,-3.6142,1.9089,0.18,0.1049,976.95
9731,-5.0137,50,0,-3.664,1.8794,0.17,0.1034,977.05
9732,-4.364,50,0,-3.672,1.8807,0.17,0.0983,977.15
9733,-0.0185,1,1,-3.6223,1.9107,0.18,0.0023,977.15
9734,-2.9392,50,0,-3.6095,1.9109,0.18,0.1199,977.27
9735,-0.0472,1,1,-3.6098,1.9102,0.18,0.0028,977.28
9736,-5.5845,50,0,-3.6248,1.9197,0.18,0.1144,977.39
9737,-0.0447,1,1,-3.5719,1.9446,0.19,0.0031,977.39
9738,-2.907,50,0,-3.5506,1.9401,0.19,0.1124,977.51
9739,-5.089,50,0,-3.547,1.9369,0.19,0.1106,977.62
9740,-4.8104,50,0,-3.5593,1.941,0.19,0.0904,977.71
9741,-6.3997,50,0,-3.578,1.9592,0.19,0.1027,977.81
9742,-3.4751,50,0,-3.5776,1.9592,0.19,0.1097,977.92
9743,-0.0427,1,1,-3.5777,1.9592,0.19,0.0019,977.92
9744,-0.0467,1,1,-3.5165,1.973,0.2,0.0021,977.92
9745,-4.8769,50,0,-3.5403,1.9749,0.2,0.1091,978.03
9746,-4.5397,50,0,-3.5429,1.976,0.2,0.1001,978.13
9747,-0.0212,1,1,-3.5054,2.0067,0.21,0.0036,978.14
9748,-6.1415,50,0,-3.502,2.0019,0.21,0.1188,978.26
9749,-4.8361,50,0,-3.5162,2.0063,0.21,0.0956,978.35
9750,-3.1398,50,0,-3.5147,2.0065,0.21,0.0957,978.45
9751,-0.032,1,1,-3.5146,2.0067,0.21,0.0024,978.45
9752,-4.2228,50,0,-3.5114,2.0053,0.21,0.0887,978.54
9753,-4.5652,50,0,-3.521,2.008,0.21,1.0727,979.61
9754,-6.1762,50,0,-3.5823,1.9945,0.2,0.1056,979.72
9755,-4.0824,50,0,-3.5877,1.9951,0.2,0.1018,979.82
9756,-3.3547,50,0,-3.5735,1.9917,0.2,0.1183,979.94
9757,-5.2056,50,0,-3.5821,1.9969,0.2,0.1019,980.04
9758,-6.1409,50,0,-3.5972,2.0104,0.2,0.0938,980.13
9759,-2.8795,50,0,-3.5961,2.0108,0.2,0.089,980.22
9760,-2.7463,50,0,-3.5729,2.0071,0.2,0.0938,980.31
9761,-3.7828,50,0,-3.5827,2.0056,0.2,0.1004,980.41
9762,-0.0385,1,1,-3.5829,2.0053,0.2,0.0021,980.42
9763,-3.2945,50,0,-3.5723,2.004,0.2,0.12,980.54
9764,-0.0067,1,1,-3.5396,2.035,0.21,0.0022,980.54
9765,-5.6791,50,0,-3.5961,2.0152,0.2,0.118,980.66
9766,-5.216,50,0,-3.6092,2.0214,0.2,0.0931,980.75
9767,-5.1846,50,0,-3.6294,2.0269,0.2,0.1086,980.86
9768,-4.8908,50,0,-3.643,2.0308,0.2,0.1032,980.96
9769,-6.7443,50,0,-3.6556,2.046,0.2,0.1077,981.07
9770,-4.8923,50,0,-3.6546,2.0454,0.2,0.0873,981.16
9771,-5.6148,50,0,-3.6618,2.0509,0.2,0.0956,981.25
9772,-5.4763,50,0,-3.6844,2.0584,0.2,0.1305,981.38
9773,-0.0442,1,1,-3.6404,2.0885,0.21,0.0029,981.39
9774,-4.5594,50,0,-3.6605,2.0876,0.21,0.1259,981.51
9775,-3.8533,50,0,-3.6987,2.0556,0.2,0.0921,981.6
9776,-3.4174,50,0,-3.6933,2.0556,0.2,0.0896,981.69
9777,-3.7277,50,0,-3.7302,2.0225,0.19,0.097,981.79
9778,-0.0184,1,1,-3.7014,2.0544,0.2,0.0026,981.79
9779,-3.0953,50,0,-3.7322,2.0219,0.19,0.1075,981.9
9780,-4.8777,50,0,-3.7314,2.0214,0.19,0.1006,982.0
9781,-4.3547,50,0,-3.7235,2.0174,0.19,0.1063,982.11
9782,-2.8361,50,0,-3.7514,1.9854,0.18,0.0992,982.21
9783,-0.0425,1,1,-3.7514,1.9855,0.18,0.0027,982.21
9784,-3.4329,50,0,-3.7547,1.9847,0.18,0.1112,982.32
9785,-4.1974,50,0,-3.7297,1.9631,0.18,0.1092,982.43
9786,-4.7424,50,0,-3.7367,1.9655,0.18,0.1157,982.55
9787,-4.5207,50,0,-3.7234,1.9556,0.18,0.1121,982.66
9788,-2.6756,50,0,-3.6952,1.9502,0.18,0.1169,982.77
9789,-4.7433,50,0,-3.7425,1.9175,0.17,0.1081,982.88
9790,-4.0606,50,0,-3.7279,1.9094,0.17,0.0957,982.98
9791,-0.0269,1,1,-3.6746,1.9374,0.18,0.0026,982.98
9792,-2.9067,50,0,-3.6484,1.9299,0.18,0.0926,983.07
9793,-0.0137,1,1,-3.5959,1.9564,0.19,0.0024,983.08
9794,-0.0348,1,1,-3.564,1.988,0.2,0.0026,983.08
9795,-2.7739,50,0,-3.5302,1.9723,0.2,0.113,983.19
9796,-3.8385,50,0,-3.5306,1.9724,0.2,0.0965,983.29
9797,-3.1492,50,0,-3.5157,1.9696,0.2,0.1054,983.39
9798,-6.7957,50,0,-3.5355,1.9924,0.2,0.1116,983.5
9799,-4.9873,50,0,-3.5429,1.9964,0.2,0.1106,983.62
9800,-5.4679,50,0,-3.5496,2.0017,0.2,0.1074,983.72
9801,-5.6982,50,0,-3.5645,2.0121,0.2,0.103,983.83
9802,-6.5709,50,0,-3.589,2.0335,0.2,1.0583,984.88
9803,-3.3172,50,0,-3.5831,2.0334,0.2,0.1103,984.99
9804,-4.9752,50,0,-3.579,2.0302,0.2,0.0919,985.09
9805,-3.6569,50,0,-3.5555,2.0154,0.2,0.0984,985.18
9806,-3.0466,50,0,-3.5441,2.0151,0.2,0.1028,985.29
9807,-3.9954,50,0,-3.5291,2.0061,0.2,0.1164,985.4
9808,-0.0212,1,1,-3.4711,2.0228,0.21,0.0027,985.41
9809,-6.2765,50,0,-3.5335,2.0121,0.2,0.0983,985.5
9810,-5.907,50,0,-3.5386,2.0174,0.2,0.1126,985.62
9811,-3.2714,50,0,-3.5712,1.9863,0.19,0.1087,985.73
9812,-0.0369,1,1,-3.5456,2.015,0.2,0.0019,985.73
9813,-0.0271,1,1,-3.5041,2.0441,0.21,0.0022,985.73
9814,-2.6303,50,0,-3.4828,2.042,0.21,0.0972,985.83
9815,-3.5696,50,0,-3.4906,2.0408,0.21,0.0942,985.92
9816,-0.0487,1,1,-3.4907,2.0405,0.21,0.0027,985.92
9817,-2.8428,50,0,-3.5189,2.0118,0.2,0.0984,986.02
9818,-2.7911,50,0,-3.5015,2.0105,0.2,0.1037,986.13
9819,-0.0475,1,1,-3.5018,2.0098,0.2,0.0023,986.13
9820,-4.8548,50,0,-3.491,1.9996,0.2,0.1051,986.23
9821,-5.8896,50,0,-3.5158,2.0137,0.2,0.1117,986.35
9822,-3.6511,50,0,-3.51,2.0125,0.2,0.0932,986.44
9823,-0.043,1,1,-3.463,2.0379,0.21,0.0019,986.44
9824,-5.3245,50,0,-3.4675,2.0415,0.21,0.1135,986.55
9825,-4.9942,50,0,-3.4785,2.0467,0.21,0.1169,986.67
9826,-0.0363,1,1,-3.4414,2.0749,0.22,0.0023,986.67
9827,-4.0293,50,0,-3.451,2.0754,0.22,0.0955,986.77
9828,-5.6983,50,0,-3.4554,2.0797,0.22,0.0995,986.87
9829,-4.3271,50,0,-3.4673,2.0813,0.22,0.1102,986.98
9830,-4.2358,50,0,-3.4557,2.0738,0.22,0.1237,987.1
9831,-4.061,50,0,-3.4462,2.0688,0.22,0.0911,987.19
9832,-5.2752,50,0,-3.4553,2.0748,0.22,0.105,987.3
9833,-3.8944,50,0,-3.4941,2.0462,0.21,0.1002,987.4
9834,-2.915,50,0,-3.4938,2.0463,0.21,0.1143,987.51
9835,-0.0267,1,1,-3.4936,2.0467,0.21,0.002,987.51
9836,-0.0319,1,1,-3.4381,2.0644,0.22,0.0019,987.52
9837,-0.0401,1,1,-3.4381,2.0645,0.22,0.0017,987.52
9838,-0.0423,1,1,-3.4094,2.0914,0.23,0.0021,987.52
9839,-10.7678,50,0,-3.4662,2.2099,0.23,0.1595,987.68
9840,-6.0736,50,0,-3.4788,2.2212,0.23,0.1035,987.78
9841,-2.7104,50,0,-3.4419,2.2029,0.23,0.1084,987.89
9842,-0.0371,1,1,-3.4076,2.2288,0.24,0.0018,987.89
9843,-3.5077,50,0,-3.4422,2.203,0.23,0.1193,988.01
9844,-3.8891,50,0,-3.4806,2.1768,0.22,0.1167,988.13
9845,-3.2289,50,0,-3.4641,2.1724,0.22,0.1006,988.23
9846,-3.3994,50,0,-3.4527,2.1697,0.22,0.1163,988.35
9847,-3.4919,50,0,-3.4874,2.1421,0.21,0.0982,988.45
9848,-4.0294,50,0,-3.4663,2.1262,0.21,0.0991,988.54
9849,-5.2296,50,0,-3.4703,2.1291,0.21,0.1073,988.65
9850,-4.0328,50,0,-3.4792,2.1296,0.21,0.1019,988.75
9851,-5.9425,50,0,-3.5383,2.1151,0.2,0.0969,988.85
9852,-3.6119,50,0,-3.5322,2.1139,0.2,0.1051,988.96
9853,-4.0549,50,0,-3.5271,2.1121,0.2,0.0895,989.04
9854,-4.6045,50,0,-3.5114,2.0981,0.2,1.0658,990.11
9855,-4.9509,50,0,-3.5201,2.1022,0.2,0.1066,990.22
9856,-4.6189,50,0,-3.5327,2.105,0.2,0.1114,990.33
9857,-3.7864,50,0,-3.5185,2.0984,0.2,0.107,990.44
9858,-3.3444,50,0,-3.4905,2.0819,0.2,0.0947,990.53
9859,-5.8509,50,0,-3.5203,2.0941,0.2,0.1081,990.64
9860,-6.6705,50,0,-3.5595,2.1159,0.2,0.1458,990.78
9861,-3.2116,50,0,-3.5538,2.1161,0.2,0.1003,990.88
9862,-5.2551,50,0,-3.6059,2.0929,0.19,0.12,991.0
9863,-0.0436,1,1,-3.5734,2.1226,0.2,0.0022,991.01
9864,-3.6598,50,0,-3.61,2.0921,0.19,0.1158,991.12
9865,-4.2312,50,0,-3.5955,2.0827,0.19,0.0916,991.21
9866,-3.669,50,0,-3.58,2.0763,0.19,0.1008,991.32
9867,-3.8269,50,0,-3.5664,2.0702,0.19,0.1116,991.43
9868,-4.0394,50,0,-3.5579,2.0665,0.19,0.0983,991.52
9869,-0.0472,1,1,-3.491,2.0707,0.2,0.0024,991.53
9870,-5.6632,50,0,-3.4987,2.0773,0.2,0.1593,991.69
9871,-3.625,50,0,-3.4788,2.0664,0.2,0.0983,991.78
9872,-3.1274,50,0,-3.4553,2.0569,0.2,0.1204,991.91
9873,-4.7473,50,0,-3.5023,2.032,0.19,0.1024,992.01
9874,-3.7644,50,0,-3.4944,2.0294,0.19,0.0996,992.11
9875,-3.6344,50,0,-3.4922,2.0291,0.19,0.0967,992.2
9876,-5.6951,50,0,-3.515,2.0409,0.19,0.0936,992.3
9877,-3.4219,50,0,-3.5119,2.0408,0.19,0.1002,992.4
9878,-0.0402,1,1,-3.5121,2.0405,0.19,0.0027,992.4
9879,-0.0152,1,1,-3.4813,2.0696,0.2,0.0026,992.4
9880,-0.0308,1,1,-3.4328,2.0929,0.21,0.002,992.41
9881,-0.0371,1,1,-3.3897,2.1178,0.22,0.0021,992.41
9882,-0.0313,1,1,-3.3616,2.1434,0.23,0.0022,992.41
9883,-2.6139,50,0,-3.3873,2.1187,0.22,0.1135,992.52
9884,-2.6061,50,0,-3.3791,2.1201,0.22,0.107,992.63
9885,-5.4273,50,0,-3.3914,2.1284,0.22,0.1063,992.74
9886,-2.9453,50,0,-3.3734,2.1245,0.22,0.114,992.85
9887,-3.333,50,0,-3.3615,2.1214,0.22,0.1011,992.95
9888,-4.2811,50,0,-3.3776,2.1222,0.22,0.1094,993.06
9889,-3.4002,50,0,-3.3641,2.1177,0.22,0.1212,993.18
9890,-2.776,50,0,-3.3513,2.1174,0.22,0.098,993.28
9891,-0.0317,1,1,-3.3513,2.1173,0.22,0.0019,993.28
9892,-3.7733,50,0,-3.36,2.1172,0.22,0.1131,993.4
9893,-0.0303,1,1,-3.3602,2.117,0.22,0.0023,993.4
9894,-3.1795,50,0,-3.3916,2.0905,0.21,0.1201,993.52
9895,-2.9608,50,0,-3.3935,2.0901,0.21,0.1081,993.63
9896,-4.9968,50,0,-3.4051,2.0957,0.21,0.1042,993.73
9897,-2.8363,50,0,-3.4019,2.0963,0.21,0.109,993.84
9898,-5.2764,50,0,-3.3867,2.0771,0.21,0.1017,993.94
9899,-4.6832,50,0,-3.3837,2.075,0.21,0.1038,994.04
9900,-2.9869,50,0,-3.3589,2.0647,0.21,0.1256,994.17
9901,-3.3895,50,0,-3.3358,2.0513,0.21,0.1167,994.29
9902,-0.0371,1,1,-3.2705,2.0513,0.22,0.0024,994.29
9903,-4.5684,50,0,-3.283,2.0553,0.22,0.1199,994.41
9904,-3.8449,50,0,-3.2717,2.0491,0.22,0.1096,994.52
9905,-2.9248,50,0,-3.2644,2.049,0.22,1.0461,995.56
9906,-3.8399,50,0,-3.2723,2.0497,0.22,0.111,995.68
9907,-2.8184,50,0,-3.2605,2.0489,0.22,0.1287,995.8
9908,-6.0674,50,0,-3.321,2.0416,0.21,0.1082,995.91
9909,-0.021,1,1,-3.2584,2.0459,0.22,0.0026,995.91
9910,-0.0314,1,1,-3.1997,2.0533,0.23,0.0022,995.92
9911,-2.7852,50,0,-3.1948,2.0537,0.23,0.0845,996.0
9912,-6.257,50,0,-3.257,2.0513,0.22,0.0915,996.09
9913,-5.6078,50,0,-3.3128,2.0386,0.21,0.1077,996.2
9914,-0.0319,1,1,-3.2868,2.0635,0.22,0.0019,996.2
9915,-4.583,50,0,-3.297,2.0674,0.22,0.1097,996.31
9916,-4.6401,50,0,-3.3429,2.0456,0.21,0.1077,996.42
9917,-6.3389,50,0,-3.3778,2.0665,0.21,0.1149,996.53
9918,-4.3988,50,0,-3.3939,2.0681,0.21,0.1192,996.65
9919,-0.0414,1,1,-3.3939,2.0682,0.21,0.0025,996.66
9920,-5.1109,50,0,-3.3964,2.0702,0.21,0.1136,996.77
9921,-5.7316,50,0,-3.3948,2.0684,0.21,0.0923,996.86
9922,-4.3402,50,0,-3.4017,2.0704,0.21,0.8084,997.67
9923,-2.6982,50,0,-3.4283,2.044,0.2,0.1007,997.77
9924,-3.6621,50,0,-3.4117,2.0352,0.2,0.113,997.88
9925,-0.0493,1,1,-3.3622,2.0561,0.21,0.0023,997.89
9926,-3.3768,50,0,-3.3956,2.0288,0.2,0.1057,997.99
9927,-4.8586,50,0,-3.4039,2.033,0.2,0.1094,998.1
9928,-3.8809,50,0,-3.3857,2.0205,0.2,0.1055,998.21
9929,-4.2201,50,0,-3.3847,2.0201,0.2,0.0973,998.3
9930,-3.5176,50,0,-3.3775,2.0183,0.2,0.122,998.43
9931,-2.8307,50,0,-3.3652,2.0178,0.2,0.127,998.55
9932,-0.0397,1,1,-3.3128,2.0355,0.21,0.0025,998.56
9933,-0.0433,1,1,-3.2743,2.0604,0.22,0.0021,998.56
9934,-0.0216,1,1,-3.2454,2.0854,0.23,0.0022,998.56
9935,-0.0348,1,1,-3.2455,2.0853,0.23,0.0023,998.56
9936,-3.5592,50,0,-3.2807,2.0603,0.22,0.0984,998.66
9937,-3.6683,50,0,-3.317,2.0347,0.21,0.0965,998.76
9938,-5.3596,50,0,-3.3702,2.0178,0.2,0.1159,998.87
9939,-4.8606,50,0,-3.3111,1.8823,0.2,0.1382,999.01
9940,-2.6664,50,0,-3.277,1.8627,0.2,0.1103,999.12
9941,-3.8444,50,0,-3.2884,1.8627,0.2,0.087,999.21
9942,-3.2832,50,0,-3.3208,1.8338,0.19,0.1105,999.32
9943,-3.9061,50,0,-3.3248,1.8346,0.19,0.0993,999.42
9944,-5.3618,50,0,-3.3396,1.845,0.19,0.0856,999.5
9945,-3.1845,50,0,-3.3391,1.845,0.19,0.1039,999.61
9946,-0.0342,1,1,-3.3055,1.8741,0.2,0.0025,999.61
9947,-5.0229,50,0,-3.3208,1.8818,0.2,0.0919,999.7
9948,-3.6935,50,0,-3.3174,1.8808,0.2,0.0995,999.8
9949,-2.5525,50,0,-3.2906,1.8724,0.2,0.1195,999.92
9950,-5.0912,50,0,-3.3012,1.8796,0.2,0.0977,1000.02
9951,-4.0269,50,0,-3.2821,1.8622,0.2,0.1112,1000.13
9952,-4.6559,50,0,-3.2925,1.867,0.2,0.0931,1000.22
9953,-3.6114,50,0,-3.2881,1.8657,0.2,0.1022,1000.33
9954,-5.1532,50,0,-3.2936,1.8704,0.2,0.099,1000.43
9955,-0.0227,1,1,-3.2443,1.8909,0.21,0.0027,1000.43
9956,-0.0478,1,1,-3.1986,1.9122,0.22,0.0021,1000.43
9957,-6.1345,50,0,-3.2221,1.9336,0.22,0.1154,1000.55
9958,-2.6833,50,0,-3.2154,1.9343,0.22,1.0364,1001.58
9959,-4.5322,50,0,-3.2023,1.9207,0.22,0.1189,1001.7
9960,-0.0365,1,1,-3.1359,1.9143,0.23,0.0024,1001.7
9961,-5.2019,50,0,-3.1558,1.9253,0.23,0.0932,1001.8
9962,-3.7928,50,0,-3.1412,1.9149,0.23,0.0941,1001.89
9963,-4.4384,50,0,-3.1851,1.8936,0.22,0.0944,1001.98
9964,-4.3327,50,0,-3.1919,1.8964,0.22,0.1031,1002.09
9965,-3.1342,50,0,-3.1809,1.8936,0.22,0.1186,1002.21
9966,-0.0403,1,1,-3.1446,1.9185,0.23,0.003,1002.21
9967,-3.1058,50,0,-3.1374,1.9172,0.23,0.0931,1002.3
9968,-4.1582,50,0,-3.1386,1.9178,0.23,0.0923,1002.39
9969,-4.8728,50,0,-3.1868,1.9001,0.22,0.0938,1002.49
9970,-4.8718,50,0,-3.1789,1.8914,0.22,0.0996,1002.59
9971,-3.1249,50,0,-3.1739,1.8908,0.22,0.1203,1002.71
9972,-3.3886,50,0,-3.1765,1.891,0.22,0.1181,1002.83
9973,-2.9354,50,0,-3.1584,1.8845,0.22,0.0914,1002.92
9974,-4.5571,50,0,-3.1664,1.8887,0.22,0.1111,1003.03
9975,-4.3047,50,0,-3.1731,1.8915,0.22,0.1286,1003.16
9976,-4.6245,50,0,-3.1623,1.8802,0.22,0.0974,1003.26
9977,-3.3875,50,0,-3.162,1.8802,0.22,0.1262,1003.38
9978,-5.892,50,0,-3.2205,1.8732,0.21,0.0869,1003.47
9979,-4.4082,50,0,-3.2645,1.8488,0.2,0.0997,1003.57
9980,-3.9943,50,0,-3.3041,1.8214,0.19,0.108,1003.68
9981,-5.6743,50,0,-3.3605,1.8065,0.18,0.1022,1003.78
9982,-3.372,50,0,-3.3939,1.7753,0.17,0.1055,1003.88
9983,-5.812,50,0,-3.4258,1.7897,0.17,0.0922,1003.98
9984,-4.8972,50,0,-3.4488,1.7937,0.17,0.1066,1004.08
9985,-5.6583,50,0,-3.4511,1.7964,0.17,0.1131,1004.2
9986,-0.0261,1,1,-3.4219,1.8278,0.18,0.0047,1004.2
9987,-6.2224,50,0,-3.4508,1.8489,0.18,0.1068,1004.31
9988,-3.6225,50,0,-3.4442,1.8471,0.18,0.0931,1004.4
9989,-0.0483,1,1,-3.4107,1.8778,0.19,0.0025,1004.4
9990,-3.3186,50,0,-3.4161,1.8767,0.19,0.0942,1004.5
9991,-0.015,1,1,-3.4159,1.877,0.19,0.0027,1004.5
9992,-5.1245,50,0,-3.4294,1.8844,0.19,0.1192,1004.62
9993,-2.9399,50,0,-3.4585,1.8539,0.18,0.124,1004.74
9994,-4.9308,50,0,-3.476,1.8594,0.18,0.0974,1004.84
9995,-3.7705,50,0,-3.4841,1.8589,0.18,0.1069,1004.95
9996,-4.6471,50,0,-3.4806,1.8564,0.18,0.1077,1005.05
9997,-5.5897,50,0,-3.5082,1.867,0.18,0.1197,1005.17
9998,-4.6765,50,0,-3.5022,1.8623,0.18,0.1123,1005.29
9999,-5.0316,50,0,-3.5057,1.8648,0.18,0.1181,1005.41
10000,-4.833,50,0,-3.5241,1.8688,0.18,0.1381,1005.54
10001,-0.0344,1,1,-3.4906,1.9007,0.19,0.0043,1005.55
10002,-5.6875,50,0,-3.5471,1.8811,0.18,0.0991,1005.65
10003,-3.7893,50,0,-3.5393,1.8785,0.18,0.1096,1005.76
10004,-4.261,50,0,-3.5434,1.8796,0.18,0.0994,1005.86
10005,-5.2768,50,0,-3.567,1.8864,0.18,1.0415,1006.9
10006,-2.7495,50,0,-3.5561,1.8879,0.18,0.0994,1007.0
10007,-0.0076,1,1,-3.528,1.9194,0.19,0.0024,1007.0
10008,-4.3024,50,0,-3.5103,1.904,0.19,0.0838,1007.08
10009,-6.3135,50,0,-3.5732,1.8916,0.18,0.1463,1007.23
10010,-0.0412,1,1,-3.5733,1.8914,0.18,0.0025,1007.23
10011,-4.6617,50,0,-3.5921,1.8928,0.18,0.1062,1007.34
10012,-4.2227,50,0,-3.5718,1.8749,0.18,0.0978,1007.44
10013,-4.843,50,0,-3.5641,1.8681,0.18,0.1037,1007.54
10014,-3.6302,50,0,-3.6001,1.8341,0.17,0.1111,1007.65
10015,-5.0005,50,0,-3.6043,1.8368,0.17,0.1074,1007.76
10016,-6.0657,50,0,-3.6185,1.8503,0.17,0.0968,1007.85
10017,-5.2999,50,0,-3.6081,1.8378,0.17,0.1087,1007.96
10018,-3.5767,50,0,-3.5999,1.8361,0.17,0.0889,1008.05
10019,-3.3293,50,0,-3.6328,1.8012,0.16,0.0959,1008.15
10020,-3.307,50,0,-3.6147,1.7953,0.16,0.1067,1008.25
10021,-3.8319,50,0,-3.5957,1.7828,0.16,0.1068,1008.36
10022,-2.7304,50,0,-3.5797,1.7833,0.16,0.1103,1008.47
10023,-3.7863,50,0,-3.5905,1.7812,0.16,0.1141,1008.59
10024,-5.201,50,0,-3.6059,1.7884,0.16,0.0942,1008.68
10025,-5.3274,50,0,-3.6587,1.7603,0.15,0.0996,1008.78
10026,-5.7668,50,0,-3.6826,1.7725,0.15,0.098,1008.88
10027,-3.7138,50,0,-3.6712,1.7686,0.15,0.1245,1009.0
10028,-4.2094,50,0,-3.6744,1.7693,0.15,0.1091,1009.11
10029,-4.8668,50,0,-3.6809,1.7724,0.15,0.1027,1009.21
10030,-4.2977,50,0,-3.6887,1.7734,0.15,0.0893,1009.3
10031,-0.0438,1,1,-3.6608,1.8082,0.16,0.0022,1009.31
10032,-0.0109,1,1,-3.6605,1.8088,0.16,0.0017,1009.31
10033,-0.0197,1,1,-3.6603,1.8093,0.16,0.0019,1009.31
10034,-0.0457,1,1,-3.6606,1.8088,0.16,0.0018,1009.31
10035,-4.0645,50,0,-3.7009,1.7721,0.15,0.1246,1009.44
10036,-3.7129,50,0,-3.7024,1.772,0.15,0.1025,1009.54
10037,-5.1707,50,0,-3.7174,1.778,0.15,0.1102,1009.65
10038,-5.9664,50,0,-3.7235,1.7847,0.15,0.1102,1009.76
10039,-4.9742,50,0,-3.7246,1.7854,0.15,0.1087,1009.87
10040,-5.5944,50,0,-3.7539,1.7918,0.15,0.0897,1009.96
10041,-6.0846,50,0,-3.7763,1.8068,0.15,0.1041,1010.06
10042,-5.4405,50,0,-3.7979,1.8136,0.15,0.136,1010.2
10043,-4.3582,50,0,-3.8024,1.8144,0.15,0.1104,1010.31
10044,-0.0451,1,1,-3.7492,1.8456,0.16,0.0025,1010.31
10045,-3.2847,50,0,-3.7502,1.8453,0.16,0.102,1010.41
10046,-0.0366,1,1,-3.7503,1.8453,0.16,0.0029,1010.41
10047,-0.0359,1,1,-3.7004,1.8773,0.17,0.0028,1010.42
10048,-4.5014,50,0,-3.7085,1.879,0.17,0.1076,1010.53
10049,-5.2318,50,0,-3.7353,1.8814,0.17,0.1191,1010.64
10050,-0.0219,1,1,-3.6846,1.9122,0.18,0.0023,1010.65
10051,-4.1328,50,0,-3.6856,1.9125,0.18,0.117,1010.76
10052,-4.4865,50,0,-3.6839,1.9117,0.18,0.0818,1010.85
10053,-5.6481,50,0,-3.7043,1.9216,0.18,0.0957,1010.94
10054,-3.9989,50,0,-3.6927,1.9163,0.18,0.1172,1011.06
10055,-4.9102,50,0,-3.7416,1.8842,0.17,0.981,1012.04
10056,-5.1076,50,0,-3.7922,1.852,0.16,0.1062,1012.15
10057,-2.6303,50,0,-3.7572,1.8404,0.16,0.1175,1012.26
10058,-4.4315,50,0,-3.7747,1.8384,0.16,0.1184,1012.38
10059,-0.0454,1,1,-3.7298,1.8738,0.17,0.0023,1012.38
10060,-3.6475,50,0,-3.7659,1.8367,0.16,0.1118,1012.5
10061,-0.0451,1,1,-3.7143,1.8678,0.17,0.0021,1012.5
10062,-5.2175,50,0,-3.7286,1.8738,0.17,0.1069,1012.6
10063,-4.9293,50,0,-3.7335,1.8763,0.17,0.1037,1012.71
10064,-5.2172,50,0,-3.7423,1.8812,0.17,0.1158,1012.82
10065,-5.1657,50,0,-3.7626,1.8854,0.17,0.1113,1012.94
10066,-4.8439,50,0,-3.8107,1.8509,0.16,0.1141,1013.05
10067,-3.0216,50,0,-3.8098,1.8512,0.16,0.1232,1013.17
10068,-4.6792,50,0,-3.8151,1.8529,0.16,0.1169,1013.29
10069,-2.7641,50,0,-3.794,1.8528,0.16,0.1057,1013.4
10070,-0.0425,1,1,-3.7457,1.8867,0.17,0.0027,1013.4
10071,-0.0393,1,1,-3.7148,1.9215,0.18,0.0022,1013.4
10072,-3.011,50,0,-3.711,1.9225,0.18,0.107,1013.51
10073,-4.8118,50,0,-3.7298,1.924,0.18,0.104,1013.61
10074,-0.0384,1,1,-3.6846,1.9568,0.19,0.0023,1013.61
10075,-4.7055,50,0,-3.6886,1.9585,0.19,0.1211,1013.73
10076,-0.028,1,1,-3.6427,1.9897,0.2,0.0019,1013.74
10077,-0.0219,1,1,-3.609,2.0219,0.21,0.0021,1013.74
10078,-4.0456,50,0,-3.5905,2.0094,0.21,0.0883,1013.83
10079,-6.0447,50,0,-3.6069,2.0226,0.21,0.1216,1013.95
10080,-4.9139,50,0,-3.6161,2.0264,0.21,0.1182,1014.07
10081,-6.9018,50,0,-3.6284,2.0425,0.21,0.0985,1014.16
10082,-5.2518,50,0,-3.6472,2.0487,0.21,0.1021,1014.27
10083,-0.0025,1,1,-3.5891,2.0687,0.22,0.0026,1014.27
10084,-4.2685,50,0,-3.5828,2.0657,0.22,0.0979,1014.37
10085,-3.9812,50,0,-3.566,2.0556,0.22,0.128,1014.5
10086,-6.2217,50,0,-3.628,2.0413,0.21,0.1222,1014.62
10087,-3.0152,50,0,-3.5959,2.0254,0.21,0.1304,1014.75
10088,-4.7062,50,0,-3.6067,2.0284,0.21,0.1214,1014.87
10089,-3.8582,50,0,-3.6448,1.9967,0.2,0.106,1014.98
10090,-4.1221,50,0,-3.6529,1.997,0.2,0.1223,1015.1
10091,-5.2131,50,0,-3.7049,1.9691,0.19,0.101,1015.2
10092,-2.6886,50,0,-3.6805,1.9665,0.19,0.1107,1015.31
10093,-0.0343,1,1,-3.6514,1.9984,0.2,0.0023,1015.31
10094,-0.0437,1,1,-3.6026,2.0261,0.21,0.0024,1015.31
10095,-5.8803,50,0,-3.6237,2.0387,0.21,0.1016,1015.42
10096,-4.9248,50,0,-3.6265,2.0402,0.21,0.0942,1015.51
10097,-5.6941,50,0,-3.6275,2.0413,0.21,0.1022,1015.61
10098,-0.0429,1,1,-3.5812,2.0693,0.22,0.0023,1015.61
10099,-5.5183,50,0,-3.586,2.0733,0.22,0.1189,1015.73
10100,-3.9366,50,0,-3.5771,2.0698,0.22,0.1149,1015.85
10101,-5.0401,50,0,-3.6271,2.0439,0.21,0.1171,1015.97
10102,-0.0283,1,1,-3.5705,2.0643,0.22,0.0022,1015.97
10103,-5.0923,50,0,-3.5836,2.0698,0.22,0.1169,1016.08
10104,-4.2397,50,0,-3.5833,2.0697,0.22,0.1099,1016.19
10105,-0.0308,1,1,-3.5309,2.0925,0.23,0.0031,1016.2
10106,-5.3969,50,0,-3.5574,2.0992,0.23,0.1117,1016.31
10107,-5.0409,50,0,-3.6077,2.0736,0.22,0.1099,1016.42
10108,-5.6947,50,0,-3.6216,2.0829,0.22,0.1085,1016.53
10109,-4.1734,50,0,-3.6002,2.0661,0.22,0.9883,1017.52
10110,-0.0162,1,1,-3.6,2.0665,0.22,0.0024,1017.52
10111,-4.5315,50,0,-3.5987,2.0659,0.22,0.1055,1017.62
10112,-2.6758,50,0,-3.5832,2.0669,0.22,0.1208,1017.74
10113,-4.5979,50,0,-3.5807,2.0656,0.22,0.0986,1017.84
10114,-4.0909,50,0,-3.5853,2.0662,0.22,0.1085,1017.95
10115,-3.2983,50,0,-3.5683,2.0615,0.22,0.0921,1018.04
10116,-3.182,50,0,-3.5395,2.0464,0.22,0.0984,1018.14
10117,-0.0377,1,1,-3.4869,2.068,0.23,0.0018,1018.14
10118,-0.0312,1,1,-3.4514,2.0964,0.24,0.0016,1018.15
10119,-0.0079,1,1,-3.4182,2.1242,0.25,0.0018,1018.15
10120,-5.5475,50,0,-3.4406,2.1347,0.25,0.1038,1018.25
10121,-5.3458,50,0,-3.4557,2.1428,0.25,0.1034,1018.35
10122,-3.1138,50,0,-3.4596,2.1418,0.25,0.1081,1018.46
10123,-2.5565,50,0,-3.4473,2.1434,0.25,0.1079,1018.57
10124,-0.0473,1,1,-3.3957,2.1625,0.26,0.0025,1018.57
10125,-3.971,50,0,-3.3822,2.1546,0.26,0.1141,1018.69
10126,-2.6032,50,0,-3.3505,2.1425,0.26,0.1137,1018.8
10127,-5.759,50,0,-3.371,2.1556,0.26,0.1128,1018.91
10128,-5.3069,50,0,-3.382,2.1627,0.26,0.1239,1019.04
10129,-6.2625,50,0,-3.3959,2.1766,0.26,0.1192,1019.16
10130,-0.0077,1,1,-3.353,2.2006,0.27,0.0027,1019.16
10131,-3.2223,50,0,-3.3848,2.1754,0.26,0.1049,1019.26
10132,-5.2009,50,0,-3.4367,2.1561,0.25,0.1098,1019.37
10133,-5.2307,50,0,-3.4888,2.1358,0.24,0.089,1019.46
10134,-0.0457,1,1,-3.4888,2.1358,0.24,0.0019,1019.47
10135,-0.0468,1,1,-3.4486,2.1622,0.25,0.0017,1019.47
10136,-5.7382,50,0,-3.4689,2.174,0.25,0.1077,1019.57
10137,-3.8209,50,0,-3.4554,2.1676,0.25,0.0963,1019.67
10138,-4.7506,50,0,-3.4432,2.1568,0.25,0.0996,1019.77
10139,-2.7811,50,0,-3.4213,2.1523,0.25,0.1243,1019.89
10140,-5.4596,50,0,-3.42,2.151,0.25,0.0962,1019.99
10141,-3.4811,50,0,-3.3939,2.1343,0.25,0.1091,1020.1
10142,-5.4679,50,0,-3.3942,2.1345,0.25,0.1067,1020.21
10143,-3.5263,50,0,-3.3859,2.1324,0.25,0.1219,1020.33
10144,-0.0317,1,1,-3.3857,2.1326,0.25,0.0026,1020.33
10145,-0.026,1,1,-3.3532,2.1586,0.26,0.0016,1020.33
10146,-4.8006,50,0,-3.4008,2.1374,0.25,0.1079,1020.44
10147,-4.9828,50,0,-3.4503,2.1161,0.24,0.1097,1020.55
10148,-3.7919,50,0,-3.4432,2.1137,0.24,0.1036,1020.65
10149,-6.3284,50,0,-3.4541,2.1258,0.24,0.1168,1020.77
10150,-4.3967,50,0,-3.4979,2.0995,0.23,0.109,1020.88
10151,-3.7372,50,0,-3.4939,2.0987,0.23,0.0917,1020.97
10152,-4.6468,50,0,-3.4955,2.0995,0.23,0.1096,1021.08
10153,-3.8025,50,0,-3.4771,2.0886,0.23,0.1208,1021.2
10154,-3.6531,50,0,-3.4736,2.088,0.23,0.1285,1021.33
10155,-4.6896,50,0,-3.4714,2.0866,0.23,0.1155,1021.45
10156,-0.0379,1,1,-3.4207,2.1077,0.24,0.0023,1021.45
10157,-4.4937,50,0,-3.4394,2.1089,0.24,0.0994,1021.55
10158,-4.3923,50,0,-3.439,2.1087,0.24,0.1079,1021.66
10159,-2.9893,50,0,-3.4684,2.0815,0.23,0.0945,1021.75
10160,-5.5854,50,0,-3.4878,2.0921,0.23,0.1028,1021.85
10161,-3.3395,50,0,-3.5207,2.0634,0.22,1.0288,1022.88
10162,-2.6722,50,0,-3.4953,2.058,0.22,0.1422,1023.02
10163,-4.9575,50,0,-3.4955,2.0582,0.22,0.1107,1023.13
10164,-0.0252,1,1,-3.4436,2.0794,0.23,0.0021,1023.14
10165,-6.2299,50,0,-3.4543,2.0909,0.23,0.1217,1023.26
10166,-0.0349,1,1,-3.4062,2.1136,0.24,0.0024,1023.26
10167,-0.0414,1,1,-3.3764,2.1397,0.25,0.0021,1023.26
10168,-3.5242,50,0,-3.3648,2.1357,0.25,0.0993,1023.36
10169,-4.5736,50,0,-3.3829,2.1382,0.25,0.0907,1023.45
10170,-3.8526,50,0,-3.421,2.1121,0.24,0.0896,1023.54
10171,-0.0238,1,1,-3.4209,2.1124,0.24,0.0024,1023.55
10172,-3.9754,50,0,-3.4305,2.1127,0.24,0.1145,1023.66
10173,-3.7084,50,0,-3.4195,2.1083,0.24,0.9026,1024.56
10174,-3.481,50,0,-3.4539,2.0808,0.23,0.1071,1024.67
10175,-5.0311,50,0,-3.4572,2.083,0.23,0.1154,1024.78
10176,-0.0449,1,1,-3.4573,2.0827,0.23,0.0018,1024.79
10177,-4.6231,50,0,-3.5033,2.057,0.22,0.1049,1024.89
10178,-6.721,50,0,-3.5301,2.0811,0.22,0.1229,1025.01
10179,-5.3846,50,0,-3.5235,2.0741,0.22,0.1058,1025.12
10180,-4.0814,50,0,-3.5152,2.0702,0.22,0.1205,1025.24
10181,-0.0308,1,1,-3.4465,2.0707,0.23,0.0019,1025.24
10182,-0.0132,1,1,-3.3941,2.0905,0.24,0.0017,1025.24
10183,-0.0284,1,1,-3.3943,2.0901,0.24,0.0019,1025.25
10184,-0.0186,1,1,-3.3518,2.115,0.25,0.002,1025.25
10185,-4.1193,50,0,-3.3532,2.1154,0.25,0.1241,1025.37
10186,-5.014,50,0,-3.3411,2.1024,0.25,0.1034,1025.48
10187,-4.5403,50,0,-3.3564,2.1055,0.25,0.0944,1025.57
10188,-0.0495,1,1,-3.3098,2.1265,0.26,0.0031,1025.57
10189,-0.0222,1,1,-3.2715,2.1508,0.27,0.0026,1025.58
10190,-5.0694,50,0,-3.2809,2.1566,0.27,0.1226,1025.7
10191,-5.2264,50,0,-3.2811,2.1567,0.27,0.1098,1025.81
10192,-0.0468,1,1,-3.2547,2.1798,0.28,0.0036,1025.81
10193,-0.0469,1,1,-3.2548,2.1797,0.28,0.0027,1025.81
10194,-0.0343,1,1,-3.2547,2.1798,0.28,0.0027,1025.82
10195,-2.6731,50,0,-3.2226,2.1645,0.28,0.1487,1025.97
10196,-3.2442,50,0,-3.2058,2.1577,0.28,0.1035,1026.07
10197,-4.6938,50,0,-3.1958,2.1484,0.28,0.1147,1026.18
10198,-0.0428,1,1,-3.1958,2.1484,0.28,0.0027,1026.19
10199,-4.8795,50,0,-3.1894,2.1425,0.28,0.11,1026.3
10200,-3.875,50,0,-3.1888,2.1423,0.28,0.1246,1026.42
10201,-4.9624,50,0,-3.188,2.1416,0.28,0.1038,1026.53
10202,-5.324,50,0,-3.241,2.1282,0.27,0.1109,1026.64
10203,-0.035,1,1,-3.1904,2.1437,0.28,0.0032,1026.64
10204,-4.7811,50,0,-3.1958,2.147,0.28,0.1139,1026.75
10205,-4.2459,50,0,-3.238,2.1257,0.27,0.1188,1026.87
10206,-5.7061,50,0,-3.2411,2.1291,0.27,0.1003,1026.97
10207,-5.1893,50,0,-3.2425,2.1304,0.27,0.1095,1027.08
10208,-2.7597,50,0,-3.2132,2.1166,0.27,0.1167,1027.2
10209,-4.1037,50,0,-3.2125,2.1163,0.27,0.1262,1027.32
10210,-0.0335,1,1,-3.2127,2.116,0.27,0.0023,1027.33
10211,-5.6361,50,0,-3.2237,2.1257,0.27,0.1138,1027.44
10212,-0.0298,1,1,-3.1973,2.1487,0.28,0.003,1027.44
10213,-4.7259,50,0,-3.1985,2.1496,0.28,0.1156,1027.56
10214,-6.4913,50,0,-3.2225,2.1727,0.28,0.1056,1027.66
10215,-5.6147,50,0,-3.2457,2.1857,0.28,0.1303,1027.8
10216,-6.1879,50,0,-3.2758,2.2052,0.28,0.1148,1027.91
10217,-3.3352,50,0,-3.3087,2.1811,0.27,0.1296,1028.04
10218,-0.0479,1,1,-3.3089,2.1808,0.27,0.0022,1028.04
10219,-3.6987,50,0,-3.3458,2.1557,0.26,0.1052,1028.15
10220,-3.7197,50,0,-3.3275,2.1447,0.26,1.044,1029.19
10221,-2.903,50,0,-3.3031,2.1355,0.26,0.1302,1029.32
10222,-0.0309,1,1,-3.2723,2.1601,0.27,0.0031,1029.32
10223,-5.0258,50,0,-3.297,2.1659,0.27,0.1015,1029.43
10224,-3.9774,50,0,-3.3363,2.1421,0.26,0.1122,1029.54
10225,-5.3043,50,0,-3.3496,2.1501,0.26,0.1193,1029.66
10226,-3.6057,50,0,-3.3596,2.1489,0.26,0.1186,1029.78
10227,-0.0276,1,1,-3.3023,2.1606,0.27,0.0024,1029.78
10228,-4.7888,50,0,-3.2971,2.1564,0.27,0.1189,1029.9
10229,-2.9641,50,0,-3.2642,2.1359,0.27,0.0953,1029.99
10230,-2.6645,50,0,-3.2907,2.1116,0.26,0.1249,1030.12
10231,-3.2172,50,0,-3.2907,2.1116,0.26,0.1128,1030.23
10232,-4.1628,50,0,-3.2803,2.1048,0.26,0.1004,1030.33
10233,-5.6767,50,0,-3.2847,2.1093,0.26,0.1034,1030.43
10234,-0.0077,1,1,-3.2844,2.1099,0.26,0.0021,1030.44
10235,-4.243,50,0,-3.3263,2.0867,0.25,0.1079,1030.54
10236,-4.3028,50,0,-3.312,2.075,0.25,0.1328,1030.68
10237,-4.6223,50,0,-3.32,2.0785,0.25,0.1081,1030.78
10238,-0.0473,1,1,-3.273,2.0987,0.26,0.0024,1030.79
10239,-6.0456,50,0,-3.3056,2.1161,0.26,0.098,1030.89
10240,-4.5684,50,0,-3.2967,2.1089,0.26,0.1078,1030.99
10241,-4.586,50,0,-3.3077,2.1127,0.26,0.1011,1031.09
10242,-2.7818,50,0,-3.2809,2.1021,0.26,0.14,1031.23
10243,-0.047,1,1,-3.2461,2.1264,0.27,0.0031,1031.24
10244,-0.0221,1,1,-3.246,2.1266,0.27,0.0034,1031.24
10245,-4.4953,50,0,-3.2907,2.1053,0.26,0.1147,1031.36
10246,-0.0256,1,1,-3.2429,2.1246,0.27,0.0023,1031.36
10247,-4.4061,50,0,-3.2372,2.1206,0.27,0.1055,1031.46
10248,-4.9112,50,0,-3.2484,2.1265,0.27,0.1372,1031.6
10249,-3.5128,50,0,-3.2202,2.104,0.27,0.0943,1031.69
10250,-6.4414,50,0,-3.2407,2.1252,0.27,0.0913,1031.79
10251,-2.9868,50,0,-3.2331,2.1247,0.27,0.0926,1031.88
10252,-4.8093,50,0,-3.2348,2.1259,0.27,0.1522,1032.03
10253,-3.8837,50,0,-3.2356,2.1261,0.27,0.0829,1032.11
10254,-4.6835,50,0,-3.2459,2.1306,0.27,0.1027,1032.22
10255,-5.4175,50,0,-3.2532,2.1368,0.27,0.1025,1032.32
10256,-5.0745,50,0,-3.3035,2.1197,0.26,0.1096,1032.43
10257,-4.9919,50,0,-3.3085,2.123,0.26,0.0945,1032.52
10258,-5.8935,50,0,-3.3235,2.1359,0.26,0.137,1032.66
10259,-0.0455,1,1,-3.2941,2.1605,0.27,0.0023,1032.66
10260,-3.5077,50,0,-3.2733,2.1483,0.27,0.1213,1032.78
10261,-2.6485,50,0,-3.2664,2.1492,0.27,0.0904,1032.87
10262,-3.4617,50,0,-3.2743,2.1484,0.27,0.1136,1032.99
10263,-4.7052,50,0,-3.2718,2.1466,0.27,0.1141,1033.1
10264,-4.8428,50,0,-3.32,2.1272,0.26,0.1246,1033.23
10265,-5.2889,50,0,-3.3105,2.1163,0.26,0.1005,1033.33
10266,-3.8189,50,0,-3.3484,2.0911,0.25,0.1127,1033.44
10267,-3.6478,50,0,-3.3844,2.0647,0.24,0.1178,1033.56
10268,-4.7521,50,0,-3.3967,2.0691,0.24,0.1191,1033.68
10269,-2.879,50,0,-3.3798,2.0664,0.24,1.0893,1034.77
10270,-5.5756,50,0,-3.397,2.0774,0.24,0.0999,1034.87
10271,-2.9796,50,0,-3.4266,2.05,0.23,0.0925,1034.96
10272,-4.6025,50,0,-3.4328,2.0527,0.23,0.086,1035.04
10273,-3.0423,50,0,-3.4262,2.0528,0.23,0.1214,1035.17
10274,-5.6758,50,0,-3.4481,2.065,0.23,0.1288,1035.29
10275,-3.2901,50,0,-3.4307,2.0589,0.23,0.1039,1035.4
10276,-2.9458,50,0,-3.4597,2.0312,0.22,0.1457,1035.54
10277,-6.5391,50,0,-3.4789,2.0511,0.22,0.0972,1035.64
10278,-3.8553,50,0,-3.4502,2.0254,0.22,0.1164,1035.76
10279,-3.4498,50,0,-3.4309,2.0161,0.22,0.1392,1035.9
10280,-5.5351,50,0,-3.4454,2.0259,0.22,0.0972,1035.99
10281,-5.4207,50,0,-3.4993,2.006,0.21,0.1031,1036.1
10282,-5.1626,50,0,-3.5508,1.9818,0.2,0.0987,1036.2
10283,-5.1727,50,0,-3.6023,1.9563,0.19,0.1025,1036.3
10284,-2.7301,50,0,-3.6294,1.9249,0.18,0.1192,1036.42
10285,-3.8344,50,0,-3.6265,1.9244,0.18,0.1224,1036.54
10286,-2.6904,50,0,-3.6033,1.9216,0.18,0.113,1036.65
10287,-0.048,1,1,-3.5584,1.9514,0.19,0.0031,1036.66
10288,-0.0147,1,1,-3.558,1.952,0.19,0.0027,1036.66
10289,-3.5442,50,0,-3.5932,1.9194,0.18,0.1107,1036.77
10290,-2.9074,50,0,-3.5716,1.9149,0.18,0.1265,1036.9
10291,-0.0371,1,1,-3.5197,1.9395,0.19,0.0038,1036.9
10292,-0.0472,1,1,-3.5197,1.9395,0.19,0.0025,1036.9
10293,-2.5776,50,0,-3.545,1.9103,0.18,0.1261,1037.03
10294,-3.0532,50,0,-3.5752,1.8781,0.17,0.1128,1037.14
10295,-4.7401,50,0,-3.5959,1.8795,0.17,0.0948,1037.24
10296,-4.2291,50,0,-3.6057,1.8802,0.17,0.1129,1037.35
10297,-4.4043,50,0,-3.6028,1.8787,0.17,0.1088,1037.46
10298,-0.0455,1,1,-3.6029,1.8787,0.17,0.0023,1037.46
10299,-4.4403,50,0,-3.5985,1.8762,0.17,0.1085,1037.57
10300,-4.3197,50,0,-3.6029,1.8774,0.17,0.1128,1037.68
10301,-2.5835,50,0,-3.5791,1.8751,0.17,0.1022,1037.78
10302,-2.932,50,0,-3.5552,1.8679,0.17,0.1003,1037.88
10303,-4.2167,50,0,-3.597,1.8351,0.16,0.0958,1037.98
10304,-0.0277,1,1,-3.5495,1.8652,0.17,0.0025,1037.98
10305,-5.0164,50,0,-3.5572,1.8696,0.17,0.0997,1038.08
10306,-3.8066,50,0,-3.5382,1.8573,0.17,0.1039,1038.19
10307,-6.3635,50,0,-3.55,1.8713,0.17,0.1115,1038.3
10308,-6.5731,50,0,-3.5881,1.8936,0.17,0.0906,1038.39
10309,-2.9678,50,0,-3.5767,1.8939,0.17,0.1165,1038.5
10310,-0.013,1,1,-3.5765,1.8942,0.17,0.0032,1038.51
10311,-0.0292,1,1,-3.5205,1.9153,0.18,0.0029,1038.51
10312,-4.9138,50,0,-3.5693,1.8878,0.17,0.1301,1038.64
10313,-2.777,50,0,-3.5498,1.8858,0.17,0.0905,1038.73
10314,-3.9038,50,0,-3.5239,1.8628,0.17,0.1109,1038.84
10315,-3.4143,50,0,-3.5019,1.851,0.17,0.1215,1038.96
10316,-4.7471,50,0,-3.4875,1.8356,0.17,0.1072,1039.07
10317,-4.0611,50,0,-3.4948,1.8364,0.17,0.1101,1039.18
10318,-5.166,50,0,-3.546,1.8107,0.16,1.0385,1040.22
10319,-3.3769,50,0,-3.5427,1.8107,0.16,0.1193,1040.34
10320,-0.0231,1,1,-3.5058,1.8442,0.17,0.0024,1040.34
10321,-5.0854,50,0,-3.5276,1.8498,0.17,0.1089,1040.45
10322,-3.4124,50,0,-3.5614,1.8162,0.16,0.1102,1040.56
10323,-5.197,50,0,-3.5631,1.8177,0.16,0.1014,1040.66
10324,-2.9682,50,0,-3.553,1.8181,0.16,0.1098,1040.77
10325,-3.721,50,0,-3.5372,1.8097,0.16,0.1362,1040.91
10326,-2.8455,50,0,-3.5296,1.811,0.16,0.1121,1041.02
10327,-0.0173,1,1,-3.5295,1.8112,0.16,0.0022,1041.02
10328,-2.6407,50,0,-3.508,1.8088,0.16,0.1156,1041.14
10329,-4.6714,50,0,-3.5251,1.8117,0.16,0.0967,1041.23
10330,-0.0245,1,1,-3.4987,1.843,0.17,0.0039,1041.24
10331,-3.0909,50,0,-3.4974,1.8432,0.17,0.1285,1041.37
10332,-3.8257,50,0,-3.4941,1.8423,0.17,0.1022,1041.47
10333,-3.001,50,0,-3.4673,1.8298,0.17,0.1148,1041.58
10334,-4.5194,50,0,-3.5124,1.7993,0.16,0.1039,1041.69
10335,-3.9774,50,0,-3.5098,1.7984,0.16,0.0987,1041.79
10336,-4.2283,50,0,-3.509,1.7981,0.16,0.102,1041.89
10337,-4.0342,50,0,-3.5031,1.7954,0.16,0.137,1042.02
10338,-4.413,50,0,-3.5468,1.7637,0.15,0.082,1042.11
10339,-4.8871,50,0,-3.5352,1.751,0.15,0.1161,1042.22
10340,-0.0354,1,1,-3.4899,1.7821,0.16,0.0023,1042.23
10341,-0.0359,1,1,-3.4444,1.8113,0.17,0.0026,1042.23
10342,-2.9697,50,0,-3.4462,1.8107,0.17,0.1067,1042.33
10343,-4.0858,50,0,-3.4866,1.7792,0.16,0.1149,1042.45
10344,-3.6625,50,0,-3.523,1.7449,0.15,0.1163,1042.57
10345,-6.1518,50,0,-3.5396,1.7618,0.15,0.0987,1042.66
10346,-5.7351,50,0,-3.5967,1.7394,0.14,0.1022,1042.77
10347,-5.308,50,0,-3.6057,1.7459,0.14,0.0907,1042.86
10348,-5.7125,50,0,-3.6137,1.7537,0.14,0.1221,1042.98
10349,-5.4951,50,0,-3.6336,1.7636,0.14,0.113,1043.09
10350,-3.6922,50,0,-3.6061,1.7409,0.14,0.1037,1043.2
10351,-4.9654,50,0,-3.6259,1.745,0.14,0.0964,1043.29
10352,-2.7556,50,0,-3.6053,1.743,0.14,0.0946,1043.39
10353,-4.9786,50,0,-3.6163,1.7482,0.14,0.0862,1043.47
10354,-3.9556,50,0,-3.609,1.7452,0.14,0.1159,1043.59
10355,-5.19,50,0,-3.6067,1.743,0.14,0.1203,1043.71
10356,-4.444,50,0,-3.6004,1.7388,0.14,0.1083,1043.82
10357,-0.0461,1,1,-3.5509,1.7686,0.15,0.0027,1043.82
10358,-4.6114,50,0,-3.5381,1.7562,0.15,0.1085,1043.93
10359,-0.0418,1,1,-3.5381,1.7563,0.15,0.0023,1043.93
10360,-3.0386,50,0,-3.5334,1.757,0.15,0.1155,1044.05
10361,-0.0478,1,1,-3.5074,1.7888,0.16,0.0031,1044.05
10362,-3.9783,50,0,-3.5126,1.7895,0.16,0.1047,1044.15
10363,-0.0495,1,1,-3.466,1.8182,0.17,0.0019,1044.16
10364,-0.0239,1,1,-3.4178,1.8447,0.18,0.002,1044.16
10365,-3.1396,50,0,-3.3963,1.8353,0.18,0.1171,1044.28
10366,-3.9954,50,0,-3.3981,1.8357,0.18,0.0857,1044.36
10367,-0.0472,1,1,-3.3621,1.8656,0.19,0.0022,1044.36
10368,-3.0817,50,0,-3.3454,1.8605,0.19,0.1083,1044.47
10369,-4.8948,50,0,-3.3655,1.8663,0.19,0.093,1044.56
10370,-5.5252,50,0,-3.365,1.8657,0.19,1.0037,1045.57
10371,-5.0441,50,0,-3.3857,1.8727,0.19,0.1263,1045.69
10372,-4.4106,50,0,-3.3837,1.8716,0.19,0.1116,1045.81
10373,-4.7309,50,0,-3.4006,1.876,0.19,0.1089,1045.91
10374,-4.0956,50,0,-3.3848,1.8634,0.19,0.1059,1046.02
10375,-5.4758,50,0,-3.4067,1.8749,0.19,0.1072,1046.13
10376,-2.6103,50,0,-3.4033,1.8761,0.19,0.1188,1046.25
10377,-3.1858,50,0,-3.3698,1.8495,0.19,0.0919,1046.34
10378,-4.4384,50,0,-3.3756,1.8519,0.19,0.0988,1046.44
10379,-0.0418,1,1,-3.3416,1.8814,0.2,0.0028,1046.44
10380,-5.2635,50,0,-3.3388,1.8784,0.2,0.1235,1046.56
10381,-6.3004,50,0,-3.3476,1.8902,0.2,0.0944,1046.66
10382,-3.8893,50,0,-3.3349,1.8822,0.2,0.088,1046.75
10383,-4.8793,50,0,-3.332,1.8795,0.2,0.1069,1046.85
10384,-2.7869,50,0,-3.3325,1.8793,0.2,0.0919,1046.95
10385,-6.863,50,0,-3.3628,1.9113,0.2,0.0924,1047.04
10386,-4.5804,50,0,-3.3817,1.9139,0.2,0.093,1047.13
10387,-3.1327,50,0,-3.4126,1.8846,0.19,0.113,1047.24
10388,-5.0127,50,0,-3.4625,1.8599,0.18,0.0888,1047.33
10389,-5.5171,50,0,-3.4823,1.8711,0.18,0.1211,1047.45
10390,-4.9005,50,0,-3.5022,1.8755,0.18,0.1052,1047.56
10391,-5.0555,50,0,-3.5524,1.849,0.17,0.1195,1047.68
10392,-3.5501,50,0,-3.5874,1.8152,0.16,0.1096,1047.79
10393,-4.3894,50,0,-3.6055,1.8141,0.16,0.0973,1047.89
10394,-3.7688,50,0,-3.6127,1.8133,0.16,0.0948,1047.98
10395,-5.0593,50,0,-3.6159,1.8155,0.16,0.1073,1048.09
10396,-4.8476,50,0,-3.6221,1.8187,0.16,0.1121,1048.2
10397,-0.044,1,1,-3.5785,1.8514,0.17,0.0027,1048.2
10398,-0.0183,1,1,-3.5782,1.8519,0.17,0.0022,1048.2
10399,-3.3181,50,0,-3.567,1.85,0.17,0.1138,1048.32
10400,-0.0205,1,1,-3.524,1.8817,0.18,0.0043,1048.32
10401,-4.8233,50,0,-3.5464,1.8837,0.18,0.0986,1048.42
10402,-3.1301,50,0,-3.5484,1.8832,0.18,0.0941,1048.51
10403,-5.3131,50,0,-3.5593,1.8902,0.18,0.1108,1048.63
10404,-6.0792,50,0,-3.6198,1.873,0.17,0.1142,1048.74
10405,-3.266,50,0,-3.6023,1.868,0.17,0.0937,1048.83
10406,-4.4921,50,0,-3.6092,1.87,0.17,0.1124,1048.95
10407,-5.9143,50,0,-3.6047,1.8639,0.17,0.119,1049.07
10408,-3.568,50,0,-3.5746,1.8399,0.17,0.0945,1049.16
10409,-2.5354,50,0,-3.5703,1.8418,0.17,0.1131,1049.27
10410,-6.1369,50,0,-3.6316,1.8242,0.16,0.1097,1049.38
10411,-5.3417,50,0,-3.6847,1.7957,0.15,0.1266,1049.51
10412,-4.352,50,0,-3.6791,1.7927,0.15,0.1114,1049.62
10413,-0.0494,1,1,-3.6518,1.8266,0.16,0.0021,1049.62
10414,-4.775,50,0,-3.6605,1.8299,0.16,0.1145,1049.74
10415,-4.4868,50,0,-3.6712,1.8316,0.16,0.0898,1049.83
10416,-4.9541,50,0,-3.6733,1.8329,0.16,1.1161,1050.94
10417,-0.03,1,1,-3.633,1.8679,0.17,0.0027,1050.95
10418,-0.0477,1,1,-3.5818,1.8951,0.18,0.0022,1050.95
10419,-3.9567,50,0,-3.5876,1.8954,0.18,0.1207,1051.07
10420,-0.0491,1,1,-3.5879,1.8949,0.18,0.0021,1051.07
10421,-0.038,1,1,-3.5374,1.9214,0.19,0.0018,1051.07
10422,-0.041,1,1,-3.5037,1.9526,0.2,0.002,1051.07
10423,-4.5783,50,0,-3.4975,1.9482,0.2,0.1132,1051.19
10424,-0.0227,1,1,-3.468,1.978,0.21,0.0031,1051.19
10425,-4.8049,50,0,-3.4789,1.9823,0.21,0.9493,1052.14
10426,-0.0272,1,1,-3.4507,2.011,0.22,0.0034,1052.14
10427,-5.7098,50,0,-3.5076,1.9935,0.21,0.1131,1052.26
10428,-0.0468,1,1,-3.4817,2.0213,0.22,0.0021,1052.26
10429,-4.7161,50,0,-3.4821,2.0215,0.22,0.1133,1052.37
10430,-2.868,50,0,-3.5106,1.9925,0.21,0.1123,1052.48
10431,-3.7934,50,0,-3.5176,1.9922,0.21,0.0951,1052.58
10432,-0.0427,1,1,-3.4797,2.0217,0.22,0.0024,1052.58
10433,-4.2728,50,0,-3.4925,2.0227,0.22,0.0977,1052.68
10434,-5.239,50,0,-3.4997,2.0276,0.22,0.1125,1052.79
10435,-2.9579,50,0,-3.4895,2.0277,0.22,0.1203,1052.91
10436,-0.0483,1,1,-3.4477,2.055,0.23,0.0029,1052.91
10437,-5.0309,50,0,-3.4576,2.0602,0.23,0.0898,1053.0
10438,-3.4093,50,0,-3.4476,2.058,0.23,0.1066,1053.11
10439,-2.9466,50,0,-3.4282,2.0534,0.23,0.0853,1053.2
10440,-0.0339,1,1,-3.4282,2.0535,0.23,0.0023,1053.2
10441,-3.2236,50,0,-3.4601,2.0251,0.22,0.111,1053.31
10442,-5.3617,50,0,-3.484,2.0333,0.22,0.1014,1053.41
10443,-4.8132,50,0,-3.4912,2.0367,0.22,0.117,1053.53
10444,-0.0173,1,1,-3.4548,2.0657,0.23,0.0026,1053.53
10445,-3.5176,50,0,-3.4285,2.0479,0.23,0.1141,1053.65
10446,-2.8404,50,0,-3.3995,2.0355,0.23,0.1007,1053.75
10447,-0.0457,1,1,-3.3469,2.0534,0.24,0.0019,1053.75
10448,-0.0339,1,1,-3.2901,2.0657,0.25,0.0017,1053.75
10449,-5.5915,50,0,-3.2911,2.0668,0.25,0.0942,1053.84
10450,-4.8787,50,0,-3.3029,2.0724,0.25,0.1121,1053.96
10451,-3.2893,50,0,-3.2862,2.0657,0.25,0.1039,1054.06
10452,-5.3885,50,0,-3.3125,2.0755,0.25,0.1114,1054.17
10453,-2.7108,50,0,-3.2898,2.0696,0.25,0.1163,1054.29
10454,-5.8464,50,0,-3.3087,2.0841,0.25,0.0975,1054.38
10455,-3.9552,50,0,-3.2964,2.0766,0.25,0.0917,1054.48
10456,-4.0092,50,0,-3.292,2.0746,0.25,0.1134,1054.59
10457,-3.2377,50,0,-3.3239,2.0489,0.24,0.115,1054.71
10458,-0.032,1,1,-3.2782,2.0706,0.25,0.0033,1054.71
10459,-4.5631,50,0,-3.3234,2.0487,0.24,0.1062,1054.81
10460,-0.0307,1,1,-3.2933,2.0746,0.25,0.0025,1054.82
10461,-5.4336,50,0,-3.3471,2.0595,0.24,0.0922,1054.91
10462,-3.2574,50,0,-3.3399,2.0585,0.24,0.1076,1055.02
10463,-3.4968,50,0,-3.3744,2.0318,0.23,0.1043,1055.12
10464,-0.029,1,1,-3.3745,2.0318,0.23,0.0027,1055.12
10465,-0.0015,1,1,-3.3431,2.0592,0.24,0.002,1055.13
10466,-3.633,50,0,-3.3395,2.0584,0.24,0.0959,1055.22
10467,-2.5083,50,0,-3.3641,2.0334,0.23,0.1191,1055.34
10468,-4.1331,50,0,-3.3746,2.0346,0.23,0.1026,1055.44
10469,-5.2582,50,0,-3.3782,2.0377,0.23,0.1039,1055.55
10470,-4.9414,50,0,-3.3724,2.0323,0.23,0.1108,1055.66
10471,-3.4305,50,0,-3.3562,2.0254,0.23,0.1018,1055.76
10472,-3.8941,50,0,-3.3511,2.0234,0.23,0.0886,1055.85
10473,-5.0004,50,0,-3.3538,2.0254,0.23,0.1086,1055.96
10474,-3.2616,50,0,-3.3454,2.024,0.23,1.0018,1056.96
10475,-2.9516,50,0,-3.3202,2.013,0.23,0.1006,1057.06
10476,-5.4179,50,0,-3.3483,2.0225,0.23,0.113,1057.17
10477,-4.3768,50,0,-3.3602,2.025,0.23,0.1166,1057.29
10478,-4.7157,50,0,-3.3629,2.0266,0.23,0.1029,1057.39
10479,-0.0282,1,1,-3.3628,2.0269,0.23,0.0024,1057.39
10480,-3.083,50,0,-3.341,2.018,0.23,0.1035,1057.5
10481,-4.4958,50,0,-3.323,1.9994,0.23,0.1025,1057.6
10482,-4.9432,50,0,-3.3335,2.0052,0.23,0.09,1057.69
10483,-3.2518,50,0,-3.3172,1.9992,0.23,0.1158,1057.81
10484,-0.0462,1,1,-3.2898,2.0249,0.24,0.0034,1057.81
10485,-4.9818,50,0,-3.271,2.0002,0.24,0.1015,1057.91
10486,-6.0833,50,0,-3.286,2.0155,0.24,0.1072,1058.02
10487,-4.0588,50,0,-3.2953,2.0169,0.24,0.1101,1058.13
10488,-4.0794,50,0,-3.286,2.0111,0.24,0.1017,1058.23
10489,-3.2789,50,0,-3.2636,1.9986,0.24,0.1144,1058.34
10490,-5.2267,50,0,-3.2668,2.0015,0.24,0.113,1058.46
10491,-5.8786,50,0,-3.2751,2.0105,0.24,0.0991,1058.56
10492,-5.8269,50,0,-3.2978,2.0263,0.24,0.133,1058.69
10493,-3.0108,50,0,-3.2841,2.0236,0.24,0.1011,1058.79
10494,-2.8198,50,0,-3.2746,2.0235,0.24,0.097,1058.89
10495,-4.8417,50,0,-3.2724,2.0217,0.24,0.1138,1059.0
10496,-3.0947,50,0,-3.2549,2.0155,0.24,0.0948,1059.1
10497,-4.7556,50,0,-3.302,1.9949,0.23,0.1017,1059.2
10498,-5.8751,50,0,-3.3605,1.9836,0.22,0.1092,1059.31
10499,-0.0231,1,1,-3.3276,2.0112,0.23,0.0028,1059.31
10500,-3.8121,50,0,-3.3655,1.984,0.22,0.1244,1059.43
10501,-3.3754,50,0,-3.351,1.9786,0.22,0.1126,1059.55
10502,-3.3055,50,0,-3.3528,1.9785,0.22,0.1167,1059.66
10503,-0.0252,1,1,-3.2999,1.996,0.23,0.0019,1059.67
10504,-0.0453,1,1,-3.2396,2.0022,0.24,0.0019,1059.67
10505,-0.0438,1,1,-3.2074,2.0273,0.25,0.0017,1059.67
10506,-2.7068,50,0,-3.1895,2.0238,0.25,0.1176,1059.79
10507,-0.0193,1,1,-3.1305,2.0294,0.26,0.0026,1059.79
10508,-4.2213,50,0,-3.1371,2.0319,0.26,0.1,1059.89
10509,-3.369,50,0,-3.1454,2.0311,0.26,0.0961,1059.99
10510,-4.0159,50,0,-3.1242,2.0107,0.26,0.0983,1060.08
10511,-4.0244,50,0,-3.111,2.0004,0.26,0.103,1060.19
10512,-4.8139,50,0,-3.1157,2.0038,0.26,0.1197,1060.31
10513,-4.4811,50,0,-3.16,1.9844,0.25,0.1021,1060.41
10514,-4.1877,50,0,-3.1541,1.9805,0.25,0.1093,1060.52
10515,-4.812,50,0,-3.1573,1.983,0.25,0.1039,1060.62
10516,-4.0279,50,0,-3.1481,1.9767,0.25,0.0958,1060.72
10517,-3.8952,50,0,-3.1867,1.953,0.24,0.0946,1060.81
10518,-5.3545,50,0,-3.2398,1.939,0.23,0.115,1060.93
10519,-3.6028,50,0,-3.2363,1.938,0.23,0.1077,1061.04
10520,-0.0312,1,1,-3.2361,1.9383,0.23,0.0025,1061.04
10521,-3.3004,50,0,-3.2687,1.9115,0.22,0.0976,1061.14
10522,-0.0403,1,1,-3.2687,1.9115,0.22,0.0025,1061.14
10523,-4.6461,50,0,-3.2694,1.912,0.22,0.0988,1061.24
10524,-4.5936,50,0,-3.3151,1.8883,0.21,1.0362,1062.27
10525,-0.0224,1,1,-3.2673,1.9104,0.22,0.0026,1062.28
10526,-4.202,50,0,-3.309,1.8846,0.21,0.1133,1062.39
10527,-5.7218,50,0,-3.3091,1.8847,0.21,0.1449,1062.53
10528,-3.6648,50,0,-3.3453,1.8563,0.2,0.1096,1062.64
10529,-3.6713,50,0,-3.3349,1.8515,0.2,0.1297,1062.77
10530,-0.0376,1,1,-3.3066,1.8798,0.21,0.0027,1062.78
10531,-4.533,50,0,-3.314,1.8832,0.21,0.1189,1062.89
10532,-4.96,50,0,-3.3631,1.8612,0.2,0.1119,1063.01
10533,-3.3261,50,0,-3.3537,1.8589,0.2,0.1044,1063.11
10534,-5.0505,50,0,-3.3518,1.8571,0.2,0.1077,1063.22
10535,-4.1656,50,0,-3.3639,1.8584,0.2,0.1068,1063.33
10536,-4.417,50,0,-3.4075,1.8311,0.19,0.0948,1063.42
10537,-0.0158,1,1,-3.3574,1.8545,0.2,0.002,1063.42
10538,-2.7189,50,0,-3.3505,1.8556,0.2,0.1134,1063.54
10539,-2.7848,50,0,-3.3489,1.856,0.2,0.1269,1063.66
10540,-3.3715,50,0,-3.3822,1.8259,0.19,0.0985,1063.76
10541,-6.3508,50,0,-3.4135,1.8495,0.19,0.0986,1063.86
10542,-0.0406,1,1,-3.3603,1.8691,0.2,0.0027,1063.86
10543,-4.96,50,0,-3.3618,1.8703,0.2,0.1098,1063.97
10544,-4.2861,50,0,-3.4045,1.842,0.19,0.1077,1064.08
10545,-4.1742,50,0,-3.411,1.8436,0.19,0.0976,1064.18
10546,-2.9719,50,0,-3.4123,1.8432,0.19,0.1147,1064.29
10547,-2.5095,50,0,-3.437,1.8143,0.18,0.0967,1064.39
10548,-3.8337,50,0,-3.475,1.7821,0.17,0.1092,1064.5
10549,-2.5644,50,0,-3.4447,1.7716,0.17,0.1261,1064.62
10550,-3.689,50,0,-3.4328,1.7659,0.17,0.1095,1064.73
10551,-4.4011,50,0,-3.4439,1.7685,0.17,0.0947,1064.83
10552,-5.6279,50,0,-3.4463,1.7713,0.17,0.1068,1064.94
10553,-5.7738,50,0,-3.477,1.7847,0.17,0.1248,1065.06
10554,-6.346,50,0,-3.482,1.792,0.17,0.1003,1065.16
10555,-4.7278,50,0,-3.4897,1.7957,0.17,0.0977,1065.26
10556,-2.6269,50,0,-3.4759,1.797,0.17,0.0941,1065.35
10557,-4.6943,50,0,-3.4904,1.8009,0.17,0.1119,1065.46
10558,-3.5705,50,0,-3.5258,1.767,0.16,0.1038,1065.57
10559,-0.0406,1,1,-3.4806,1.7975,0.17,0.0023,1065.57
10560,-2.9245,50,0,-3.5095,1.7647,0.16,0.124,1065.69
10561,-5.5678,50,0,-3.5109,1.7662,0.16,0.1051,1065.8
10562,-3.2594,50,0,-3.5109,1.7662,0.16,0.1113,1065.91
10563,-6.0632,50,0,-3.5365,1.7844,0.16,0.1358,1066.05
10564,-3.0888,50,0,-3.5671,1.7499,0.15,0.1023,1066.15
10565,-3.3976,50,0,-3.6011,1.7129,0.14,0.0937,1066.24
10566,-3.4463,50,0,-3.5992,1.713,0.14,0.1156,1066.36
10567,-4.1043,50,0,-3.6152,1.7102,0.14,0.1279,1066.49
10568,-0.0443,1,1,-3.5743,1.7458,0.15,0.0024,1066.49
10569,-2.883,50,0,-3.5506,1.7389,0.15,0.1025,1066.59
10570,-4.2387,50,0,-3.5435,1.7347,0.15,0.0962,1066.69
10571,-0.0438,1,1,-3.5097,1.7693,0.16,0.0024,1066.69
10572,-4.4254,50,0,-3.515,1.7712,0.16,1.0494,1067.74
10573,-0.0409,1,1,-3.4654,1.7981,0.17,0.0024,1067.74
10574,-4.9344,50,0,-3.4821,1.8039,0.17,0.1216,1067.86
10575,-5.1923,50,0,-3.5045,1.8111,0.17,0.0945,1067.96
10576,-0.0485,1,1,-3.4508,1.8331,0.18,0.0022,1067.96
10577,-5.6653,50,0,-3.4637,1.844,0.18,0.0922,1068.05
10578,-6.4398,50,0,-3.4809,1.8636,0.18,0.1226,1068.17
10579,-5.1167,50,0,-3.5318,1.8379,0.17,0.0975,1068.27
10580,-4.7202,50,0,-3.5482,1.8411,0.17,0.1054,1068.38
10581,-5.8238,50,0,-3.5615,1.8527,0.17,0.1003,1068.48
10582,-2.5913,50,0,-3.538,1.8499,0.17,0.1039,1068.58
10583,-0.0441,1,1,-3.5059,1.8821,0.18,0.0024,1068.58
10584,-4.2082,50,0,-3.5475,1.8509,0.17,0.0997,1068.68
10585,-3.0492,50,0,-3.5282,1.8459,0.17,0.1038,1068.79
10586,-3.6693,50,0,-3.504,1.8281,0.17,0.1029,1068.89
10587,-4.2607,50,0,-3.5061,1.8288,0.17,0.0929,1068.98
10588,-4.3692,50,0,-3.509,1.8299,0.17,0.0996,1069.08
10589,-4.2903,50,0,-3.5191,1.8314,0.17,0.1012,1069.18
10590,-0.0246,1,1,-3.4671,1.8559,0.18,0.0025,1069.19
10591,-6.5315,50,0,-3.4736,1.8655,0.18,0.1119,1069.3
10592,-2.5553,50,0,-3.4409,1.8526,0.18,0.1091,1069.41
10593,-3.5538,50,0,-3.4463,1.8521,0.18,0.1048,1069.51
10594,-4.8064,50,0,-3.4662,1.8559,0.18,0.1089,1069.62
10595,-0.0262,1,1,-3.418,1.8819,0.19,0.0025,1069.62
10596,-0.0377,1,1,-3.3874,1.9115,0.2,0.0025,1069.63
10597,-3.6471,50,0,-3.3764,1.9067,0.2,0.1087,1069.73
10598,-2.9884,50,0,-3.3475,1.8905,0.2,0.1074,1069.84
10599,-4.5502,50,0,-3.3928,1.8643,0.19,0.1075,1069.95
10600,-3.9068,50,0,-3.3937,1.8646,0.19,0.0922,1070.04
10601,-0.0472,1,1,-3.3604,1.8941,0.2,0.0078,1070.05
10602,-0.0485,1,1,-3.3279,1.9225,0.21,0.0021,1070.05
10603,-5.3844,50,0,-3.3814,1.9043,0.2,0.111,1070.16
10604,-5.6596,50,0,-3.4376,1.8878,0.19,0.1159,1070.28
10605,-4.2693,50,0,-3.4798,1.8585,0.18,0.1156,1070.39
10606,-5.1267,50,0,-3.504,1.864,0.18,0.0962,1070.49
10607,-3.7173,50,0,-3.541,1.8309,0.17,0.1027,1070.59
10608,-4.747,50,0,-3.5463,1.8336,0.17,0.1152,1070.71
10609,-0.0259,1,1,-3.5128,1.8667,0.18,0.0025,1070.71
10610,-6.4055,50,0,-3.5367,1.8881,0.18,0.0957,1070.81
10611,-4.3932,50,0,-3.5404,1.8894,0.18,0.1009,1070.91
10612,-0.0236,1,1,-3.4925,1.9171,0.19,0.002,1070.91
10613,-4.278,50,0,-3.4905,1.9161,0.19,0.0981,1071.01
10614,-4.4175,50,0,-3.4928,1.9171,0.19,0.0931,1071.1
10615,-0.0488,1,1,-3.4452,1.9427,0.2,0.0022,1071.1
10616,-3.3721,50,0,-3.4386,1.9419,0.2,0.0839,1071.19
10617,-4.9897,50,0,-3.4495,1.9475,0.2,0.095,1071.28
10618,-3.0091,50,0,-3.4261,1.9385,0.2,0.0904,1071.37
10619,-6.0753,50,0,-3.4508,1.9563,0.2,0.1026,1071.47
10620,-0.0481,1,1,-3.451,1.956,0.2,0.0026,1071.48
10621,-4.1058,50,0,-3.459,1.957,0.2,0.1058,1071.58
10622,-4.4377,50,0,-3.503,1.9289,0.19,0.103,1071.69
10623,-3.3008,50,0,-3.4896,1.9256,0.19,0.0921,1071.78
10624,-0.0275,1,1,-3.4439,1.9528,0.2,0.0023,1071.78
10625,-5.5165,50,0,-3.4988,1.9329,0.19,1.0651,1072.85
10626,-5.519,50,0,-3.512,1.9422,0.19,0.1059,1072.95
10627,-2.896,50,0,-3.4838,1.9303,0.19,0.1028,1073.05
10628,-0.0356,1,1,-3.4475,1.9605,0.2,0.002,1073.06
10629,-5.4124,50,0,-3.4649,1.9701,0.2,0.0979,1073.15
10630,-2.8952,50,0,-3.4934,1.9407,0.19,0.1161,1073.27
10631,-0.0235,1,1,-3.4484,1.9682,0.2,0.0029,1073.27
10632,-2.9878,50,0,-3.4286,1.9628,0.2,0.0979,1073.37
10633,-0.0177,1,1,-3.3955,1.9919,0.21,0.0021,1073.37
10634,-0.035,1,1,-3.3454,2.0127,0.22,0.0019,1073.37
10635,-2.969,50,0,-3.3334,2.0113,0.22,0.098,1073.47
10636,-5.9114,50,0,-3.3484,2.0248,0.22,0.0964,1073.57
10637,-2.777,50,0,-3.376,1.9978,0.21,0.0912,1073.66
10638,-0.0475,1,1,-3.3493,2.0241,0.22,0.0022,1073.66
10639,-4.1477,50,0,-3.3629,2.0249,0.22,0.0987,1073.76
10640,-4.6768,50,0,-3.376,2.0291,0.22,0.1132,1073.87
10641,-3.3809,50,0,-3.3463,2.0069,0.22,0.1264,1074.0
10642,-0.0451,1,1,-3.3463,2.0069,0.22,0.0034,1074.0
10643,-0.0172,1,1,-3.2969,2.0273,0.23,0.0027,1074.01
10644,-6.0665,50,0,-3.3147,2.0436,0.23,0.1168,1074.12
10645,-5.0305,50,0,-3.3232,2.049,0.23,0.1131,1074.24
10646,-0.0415,1,1,-3.2939,2.0746,0.24,0.0019,1074.24
10647,-5.9119,50,0,-3.328,2.0893,0.24,0.1111,1074.35
10648,-4.8118,50,0,-3.3377,2.0939,0.24,0.1039,1074.45
10649,-0.0114,1,1,-3.3122,2.1186,0.25,0.0024,1074.46
10650,-0.0287,1,1,-3.2756,2.1433,0.26,0.0024,1074.46
10651,-3.5702,50,0,-3.2673,2.1405,0.26,0.1,1074.56
10652,-5.7229,50,0,-3.2682,2.1416,0.26,0.1054,1074.66
10653,-2.9555,50,0,-3.2401,2.1269,0.26,0.0953,1074.76
10654,-4.9251,50,0,-3.2259,2.1108,0.26,0.1019,1074.86
10655,-0.0411,1,1,-3.179,2.1289,0.27,0.0026,1074.86
10656,-3.4716,50,0,-3.1874,2.1284,0.27,0.0984,1074.96
10657,-4.7709,50,0,-3.1882,2.1289,0.27,0.088,1075.05
10658,-3.4345,50,0,-3.1868,2.1287,0.27,0.0902,1075.14
10659,-4.1385,50,0,-3.2278,2.1071,0.26,0.092,1075.23
10660,-4.8566,50,0,-3.2471,2.1131,0.26,0.1001,1075.33
10661,-3.6677,50,0,-3.2281,2.1006,0.26,0.1039,1075.44
10662,-3.1047,50,0,-3.2266,2.1006,0.26,0.0944,1075.53
10663,-4.2873,50,0,-3.2088,2.084,0.26,0.0823,1075.61
10664,-4.5317,50,0,-3.2233,2.0881,0.26,0.1027,1075.72
10665,-0.0373,1,1,-3.1897,2.112,0.27,0.002,1075.72
10666,-4.5812,50,0,-3.201,2.1164,0.27,0.0836,1075.8
10667,-0.0423,1,1,-3.1604,2.1375,0.28,0.0021,1075.8
10668,-0.0362,1,1,-3.1603,2.1376,0.28,0.0016,1075.81
10669,-3.4182,50,0,-3.1657,2.1376,0.28,0.1248,1075.93
10670,-4.1369,50,0,-3.1646,2.1371,0.28,0.1016,1076.03
10671,-0.023,1,1,-3.1644,2.1374,0.28,0.0022,1076.03
10672,-3.9988,50,0,-3.1602,2.1353,0.28,0.1092,1076.14
10673,-0.0458,1,1,-3.1602,2.1352,0.28,0.0028,1076.15
10674,-5.7401,50,0,-3.1683,2.1434,0.28,0.1059,1076.25
10675,-5.3476,50,0,-3.1698,2.1449,0.28,0.133,1076.38
10676,-5.2746,50,0,-3.2221,2.1319,0.27,0.08,1076.46
10677,-2.8999,50,0,-3.1944,2.1179,0.27,0.1132,1076.58
10678,-0.0315,1,1,-3.1304,2.1157,0.28,0.0019,1076.58
10679,-0.0498,1,1,-3.0797,2.1281,0.29,0.0028,1076.58
10680,-3.1129,50,0,-3.0636,2.1218,0.29,0.1014,1076.68
10681,-5.2627,50,0,-3.058,2.1152,0.29,0.1101,1076.79
10682,-5.6876,50,0,-3.089,2.1307,0.29,1.0262,1077.82
10683,-6.0481,50,0,-3.149,2.1287,0.28,0.0985,1077.92
10684,-4.5854,50,0,-3.1528,2.1309,0.28,1.0219,1078.94
10685,-4.996,50,0,-3.1722,2.1387,0.28,0.1111,1079.05
10686,-5.0806,50,0,-3.1864,2.1466,0.28,0.101,1079.15
10687,-0.0159,1,1,-3.1439,2.1668,0.29,0.0024,1079.16
10688,-3.9891,50,0,-3.1401,2.165,0.29,0.102,1079.26
10689,-4.6913,50,0,-3.1441,2.1675,0.29,0.0975,1079.35
10690,-3.1783,50,0,-3.1757,2.1447,0.28,0.104,1079.46
10691,-3.3223,50,0,-3.1436,2.1181,0.28,0.1015,1079.56
10692,-3.7544,50,0,-3.1556,2.1181,0.28,0.1124,1079.67
10693,-5.283,50,0,-3.1728,2.1283,0.28,0.0979,1079.77
10694,-3.7384,50,0,-3.1622,2.1228,0.28,0.1005,1079.87
10695,-5.4743,50,0,-3.2166,2.1115,0.27,0.1038,1079.97
10696,-3.8519,50,0,-3.2548,2.088,0.26,0.1127,1080.09
10697,-4.0839,50,0,-3.2592,2.0893,0.26,0.0956,1080.18
10698,-5.2248,50,0,-3.2815,2.0982,0.26,0.1201,1080.3
10699,-2.6832,50,0,-3.2629,2.0952,0.26,0.1164,1080.42
10700,-5.1581,50,0,-3.2754,2.1027,0.26,0.0999,1080.52
10701,-5.0206,50,0,-3.3251,2.0845,0.25,0.1077,1080.63
10702,-3.4484,50,0,-3.3591,2.0583,0.24,0.1045,1080.73
10703,-3.0722,50,0,-3.336,2.0484,0.24,0.094,1080.83
10704,-4.3001,50,0,-3.3224,2.0374,0.24,0.1069,1080.93
10705,-4.6142,50,0,-3.3258,2.0393,0.24,0.1017,1081.03
10706,-3.9189,50,0,-3.3138,2.0322,0.24,0.1147,1081.15
10707,-4.1557,50,0,-3.3181,2.0335,0.24,0.1017,1081.25
10708,-3.5613,50,0,-3.3063,2.0286,0.24,0.0926,1081.34
10709,-5.8635,50,0,-3.3647,2.0173,0.23,0.1052,1081.45
10710,-0.0045,1,1,-3.3006,2.0214,0.24,0.0024,1081.45
10711,-3.9611,50,0,-3.2963,2.0195,0.24,0.0983,1081.55
10712,-4.5234,50,0,-3.3413,1.9961,0.23,0.1037,1081.65
10713,-0.0257,1,1,-3.2988,2.0208,0.24,0.003,1081.66
10714,-0.0193,1,1,-3.2548,2.0437,0.25,0.0017,1081.66
10715,-4.4112,50,0,-3.2984,2.0212,0.24,0.1014,1081.76
10716,-4.2631,50,0,-3.3074,2.0235,0.24,0.0992,1081.86
10717,-3.7449,50,0,-3.2949,2.0169,0.24,0.1082,1081.97
10718,-0.0289,1,1,-3.2651,2.0428,0.25,0.0029,1081.97
10719,-0.0457,1,1,-3.2048,2.0479,0.26,0.0022,1081.97
10720,-6.0247,50,0,-3.2646,2.0421,0.25,0.1199,1082.09
10721,-4.551,50,0,-3.269,2.0445,0.25,0.1064,1082.2
10722,-0.0275,1,1,-3.2249,2.0662,0.26,0.003,1082.2
10723,-0.0303,1,1,-3.1922,2.0905,0.27,0.0031,1082.2
10724,-0.0226,1,1,-3.1922,2.0906,0.27,0.0028,1082.21
10725,-2.6324,50,0,-3.1633,2.0782,0.27,0.1018,1082.31
10726,-5.4975,50,0,-3.1631,2.0779,0.27,0.0998,1082.41
10727,-5.5486,50,0,-3.1896,2.0912,0.27,0.1028,1082.51
10728,-0.0394,1,1,-3.1897,2.0912,0.27,0.0049,1082.52
10729,-4.0072,50,0,-3.1756,2.0809,0.27,0.0916,1082.61
10730,-3.2847,50,0,-3.1795,2.0807,0.27,0.1052,1082.71
10731,-5.7245,50,0,-3.2365,2.0716,0.26,0.1112,1082.82
10732,-4.9429,50,0,-3.2561,2.0783,0.26,0.1062,1082.93
10733,-0.04,1,1,-3.2563,2.078,0.26,0.0019,1082.93
10734,-0.0485,1,1,-3.2564,2.0778,0.26,0.0018,1082.93
10735,-4.7646,50,0,-3.2744,2.083,0.26,0.0993,1083.03
10736,-4.0742,50,0,-3.256,2.0677,0.26,0.1028,1083.14
10737,-3.0404,50,0,-3.2587,2.0672,0.26,1.0287,1084.16
10738,-3.3081,50,0,-3.2913,2.0419,0.25,0.1084,1084.27
10739,-0.0359,1,1,-3.2501,2.0655,0.26,0.0024,1084.28
10740,-0.0337,1,1,-3.2037,2.085,0.27,0.0026,1084.28
10741,-4.3474,50,0,-3.2134,2.088,0.27,0.0992,1084.38
10742,-5.7471,50,0,-3.2704,2.0786,0.26,0.1132,1084.49
10743,-2.8184,50,0,-3.2984,2.0533,0.25,0.1007,1084.59
10744,-5.0226,50,0,-3.288,2.0418,0.25,0.0956,1084.69
10745,-4.5075,50,0,-3.2827,2.038,0.25,0.098,1084.78
10746,-2.506,50,0,-3.3074,2.0134,0.24,0.1024,1084.89
10747,-6.2462,50,0,-3.3107,2.018,0.24,0.0916,1084.98
10748,-0.0329,1,1,-3.2629,2.0383,0.25,0.0024,1084.98
10749,-4.957,50,0,-3.3124,2.0188,0.24,0.1162,1085.1
10750,-5.526,50,0,-3.3674,2.0034,0.23,0.1074,1085.2
10751,-4.712,50,0,-3.3788,2.0078,0.23,0.1036,1085.31
10752,-2.6241,50,0,-3.3478,1.9952,0.23,0.1071,1085.42
10753,-2.6371,50,0,-3.3446,1.9961,0.23,0.1093,1085.52
10754,-3.8621,50,0,-3.334,1.9905,0.23,0.1132,1085.64
10755,-2.8512,50,0,-3.3621,1.9634,0.22,0.1069,1085.74
10756,-0.0467,1,1,-3.3278,1.9909,0.23,0.002,1085.75
10757,-6.4003,50,0,-3.3441,2.0092,0.23,0.1008,1085.85
10758,-3.863,50,0,-3.3484,2.0099,0.23,0.1218,1085.97
10759,-0.0403,1,1,-3.3074,2.035,0.24,0.0023,1085.97
10760,-4.426,50,0,-3.3031,2.0321,0.24,0.0947,1086.07
10761,-2.7352,50,0,-3.2938,2.0326,0.24,0.1067,1086.17
10762,-0.0466,1,1,-3.2632,2.058,0.25,0.0024,1086.18
10763,-3.7707,50,0,-3.2581,2.0561,0.25,0.1035,1086.28
10764,-6.7603,50,0,-3.2803,2.0817,0.25,0.1112,1086.39
10765,-2.7795,50,0,-3.3078,2.0567,0.24,0.1253,1086.52
10766,-4.4109,50,0,-3.3061,2.0557,0.24,0.0914,1086.61
10767,-3.5616,50,0,-3.3413,2.0295,0.23,0.1101,1086.72
10768,-6.1114,50,0,-3.402,2.0206,0.22,0.0857,1086.8
10769,-0.0268,1,1,-3.3681,2.0483,0.23,0.0021,1086.8
10770,-4.6957,50,0,-3.3737,2.0512,0.23,0.103,1086.91
10771,-4.3568,50,0,-3.417,2.0255,0.22,0.1251,1087.03
10772,-0.0087,1,1,-3.3771,2.0528,0.23,0.0027,1087.04
10773,-4.5555,50,0,-3.4222,2.0285,0.22,0.1021,1087.14
10774,-2.7037,50,0,-3.3918,2.0163,0.22,0.1168,1087.25
10775,-3.645,50,0,-3.3748,2.0068,0.22,0.1161,1087.37
10776,-6.5278,50,0,-3.3874,2.0225,0.22,0.1328,1087.5
10777,-3.3082,50,0,-3.3914,2.0219,0.22,0.099,1087.6
10778,-0.0408,1,1,-3.3915,2.0218,0.22,0.0019,1087.6
10779,-4.2245,50,0,-3.4333,1.9953,0.21,0.1189,1087.72
10780,-3.2569,50,0,-3.4347,1.9951,0.21,0.0984,1087.82
10781,-3.7148,50,0,-3.4192,1.9868,0.21,0.1085,1087.93
10782,-6.693,50,0,-3.4293,2.0008,0.21,0.1128,1088.04
10783,-3.5251,50,0,-3.4041,1.9834,0.21,0.1012,1088.14
10784,-3.5444,50,0,-3.3937,1.9799,0.21,0.1033,1088.25
10785,-5.3624,50,0,-3.3973,1.9832,0.21,0.104,1088.35
10786,-7.4429,50,0,-3.4209,2.0169,0.21,0.088,1088.44
10787,-3.2449,50,0,-3.4532,1.9878,0.2,1.0228,1089.46
10788,-2.7059,50,0,-3.4404,1.9884,0.2,0.107,1089.57
10789,-3.5546,50,0,-3.429,1.9845,0.2,0.1139,1089.68
10790,-5.7503,50,0,-3.4547,1.9977,0.2,0.0836,1089.77
10791,-2.5972,50,0,-3.4475,1.9995,0.2,0.106,1089.87
10792,-4.6833,50,0,-3.4568,2.0031,0.2,0.1217,1089.99
10793,-2.783,50,0,-3.4318,1.9957,0.2,0.147,1090.14
10794,-4.7296,50,0,-3.4417,1.9997,0.2,0.1003,1090.24
10795,-4.0086,50,0,-3.427,1.99,0.2,0.1212,1090.36
10796,-0.0477,1,1,-3.389,2.0177,0.21,0.0025,1090.37
10797,-4.5863,50,0,-3.394,2.0201,0.21,0.1069,1090.47
10798,-3.4585,50,0,-3.3764,2.0117,0.21,0.097,1090.57
10799,-3.921,50,0,-3.3887,2.0112,0.21,0.1203,1090.69
10800,-6.1431,50,0,-3.3986,2.0222,0.21,0.0997,1090.79
10801,-0.0351,1,1,-3.3487,2.043,0.22,0.0046,1090.79
10802,-3.1926,50,0,-3.3462,2.043,0.22,0.0948,1090.89
10803,-3.4915,50,0,-3.3504,2.0429,0.22,0.0996,1090.99
10804,-4.5758,50,0,-3.3531,2.0443,0.22,0.0999,1091.09
10805,-2.7668,50,0,-3.3346,2.0412,0.22,0.0991,1091.19
10806,-0.0454,1,1,-3.2959,2.0663,0.23,0.002,1091.19
10807,-6.3412,50,0,-3.3178,2.0868,0.23,0.1161,1091.31
10808,-2.9753,50,0,-3.3119,2.0869,0.23,0.0959,1091.4
10809,-6.0561,50,0,-3.3138,2.0893,0.23,0.0949,1091.5
10810,-3.7571,50,0,-3.3514,2.0631,0.22,0.1179,1091.61
10811,-6.3112,50,0,-3.3749,2.0832,0.22,0.1013,1091.72
10812,-2.6189,50,0,-3.3558,2.0813,0.22,0.1052,1091.82
10813,-6.476,50,0,-3.4203,2.0771,0.21,0.106,1091.93
10814,-4.6521,50,0,-3.4667,2.0522,0.2,0.107,1092.03
10815,-4.5523,50,0,-3.4681,2.0529,0.2,0.0971,1092.13
10816,-5.7341,50,0,-3.4828,2.0638,0.2,0.09,1092.22
10817,-4.279,50,0,-3.4881,2.0652,0.2,0.1159,1092.34
10818,-5.2803,50,0,-3.5406,2.0432,0.19,0.1025,1092.44
10819,-2.5972,50,0,-3.5661,2.0151,0.18,0.1054,1092.54
10820,-0.0466,1,1,-3.5064,2.0299,0.19,0.0025,1092.55
10821,-4.5282,50,0,-3.5061,2.0298,0.19,0.1086,1092.66
10822,-3.1236,50,0,-3.5371,1.9999,0.18,0.1113,1092.77
10823,-4.6412,50,0,-3.5832,1.9715,0.17,0.1052,1092.87
10824,-3.2084,50,0,-3.6151,1.9391,0.16,0.0976,1092.97
10825,-5.2895,50,0,-3.6416,1.9437,0.16,0.1006,1093.07
10826,-4.1455,50,0,-3.6281,1.9354,0.16,0.0952,1093.17
10827,-3.9977,50,0,-3.6126,1.9262,0.16,0.0933,1093.26
10828,-3.9331,50,0,-3.6515,1.8926,0.15,0.1162,1093.37
10829,-0.0344,1,1,-3.6118,1.9261,0.16,0.0023,1093.38
10830,-5.5699,50,0,-3.6347,1.9356,0.16,0.0974,1093.47
10831,-5.3616,50,0,-3.631,1.932,0.16,0.1124,1093.59
10832,-3.682,50,0,-3.6184,1.9275,0.16,1.0411,1094.63
10833,-4.6943,50,0,-3.665,1.8965,0.15,0.1285,1094.76
10834,-4.5721,50,0,-3.7102,1.8634,0.14,0.1149,1094.87
10835,-4.587,50,0,-3.7084,1.8625,0.14,0.1162,1094.99
10836,-5.6674,50,0,-3.7244,1.8723,0.14,0.0958,1095.08
10837,-3.6032,50,0,-3.73,1.8711,0.14,0.0847,1095.17
10838,-5.687,50,0,-3.7538,1.8807,0.14,0.0991,1095.27
10839,-0.0495,1,1,-3.7539,1.8804,0.14,0.0018,1095.27
10840,-4.6653,50,0,-3.8002,1.8449,0.13,0.1064,1095.38
10841,-5.015,50,0,-3.8069,1.8481,0.13,0.1076,1095.48
10842,-4.829,50,0,-3.7977,1.8407,0.13,0.105,1095.59
10843,-4.9759,50,0,-3.8193,1.8417,0.13,0.0929,1095.68
10844,-0.048,1,1,-3.7695,1.8754,0.14,0.0018,1095.68
10845,-3.3172,50,0,-3.7576,1.8745,0.14,0.0911,1095.77
10846,-4.3067,50,0,-3.7756,1.871,0.14,0.0937,1095.87
10847,-5.1693,50,0,-3.7649,1.8598,0.14,0.0979,1095.97
10848,-5.3318,50,0,-3.8179,1.828,0.13,0.0878,1096.05
10849,-3.6044,50,0,-3.8043,1.8245,0.13,0.0914,1096.14
10850,-4.8155,50,0,-3.7972,1.8191,0.13,0.1183,1096.26
10851,-3.1435,50,0,-3.7816,1.8179,0.13,0.1201,1096.38
10852,-3.6528,50,0,-3.7918,1.8143,0.13,0.1003,1096.48
10853,-3.4011,50,0,-3.7995,1.811,0.13,0.113,1096.6
10854,-3.2124,50,0,-3.793,1.8119,0.13,0.0891,1096.69
10855,-4.5436,50,0,-3.8099,1.811,0.13,0.0955,1096.78
10856,-4.7706,50,0,-3.8571,1.7734,0.12,0.0934,1096.87
10857,-3.8162,50,0,-3.8313,1.7549,0.12,0.116,1096.99
10858,-3.9552,50,0,-3.8322,1.7549,0.12,0.1044,1097.09
10859,-3.775,50,0,-3.8696,1.7131,0.11,0.1078,1097.2
10860,-5.8236,50,0,-3.8836,1.7232,0.11,0.1018,1097.3
10861,-0.0453,1,1,-3.8567,1.7615,0.12,0.0023,1097.31
10862,-4.2934,50,0,-3.8991,1.7198,0.11,0.1187,1097.43
10863,-0.0385,1,1,-3.8618,1.7622,0.12,0.0024,1097.43
10864,-4.8432,50,0,-3.8426,1.7409,0.12,0.1056,1097.53
10865,-3.0447,50,0,-3.8453,1.7394,0.12,0.1159,1097.65
10866,-3.682,50,0,-3.838,1.7386,0.12,0.1186,1097.77
10867,-5.4813,50,0,-3.8572,1.746,0.12,0.1054,1097.87
10868,-3.3591,50,0,-3.8297,1.7319,0.12,0.0872,1097.96
10869,-6.5396,50,0,-3.8948,1.71,0.11,0.0964,1098.06
10870,-4.435,50,0,-3.8922,1.709,0.11,0.0906,1098.15
10871,-0.039,1,1,-3.849,1.7507,0.12,0.0018,1098.15
10872,-3.072,50,0,-3.8796,1.7096,0.11,0.1099,1098.26
10873,-0.0405,1,1,-3.8345,1.7503,0.12,0.0029,1098.26
10874,-0.0243,1,1,-3.8077,1.7875,0.13,0.0025,1098.26
10875,-3.2918,50,0,-3.8042,1.7881,0.13,0.09,1098.35
10876,-4.8481,50,0,-3.7874,1.7703,0.13,0.0986,1098.45
10877,-4.9756,50,0,-3.804,1.7735,0.13,0.1177,1098.57
10878,-0.0499,1,1,-3.8041,1.7733,0.13,0.0023,1098.57
10879,-5.1023,50,0,-3.8129,1.7776,0.13,0.1034,1098.68
10880,-2.526,50,0,-3.8056,1.7813,0.13,0.1128,1098.79
10881,-6.177,50,0,-3.8302,1.7969,0.13,1.0544,1099.84
10882,-5.6222,50,0,-3.8195,1.7829,0.13,0.1138,1099.96
10883,-6.4178,50,0,-3.8484,1.8013,0.13,0.1178,1100.08
10884,-0.0419,1,1,-3.8134,1.8405,0.14,0.003,1100.08
10885,-0.0356,1,1,-3.7602,1.8717,0.15,0.0031,1100.08
10886,-5.6765,50,0,-3.7425,1.845,0.15,0.1066,1100.19
10887,-0.0403,1,1,-3.7104,1.8808,0.16,0.002,1100.19
10888,-5.1758,50,0,-3.7351,1.8837,0.16,0.0846,1100.27
10889,-5.2029,50,0,-3.7516,1.8892,0.16,0.1039,1100.38
10890,-4.7904,50,0,-3.742,1.8815,0.16,0.0826,1100.46
10891,-0.0473,1,1,-3.7165,1.9138,0.17,0.0027,1100.46
10892,-3.4603,50,0,-3.7043,1.9115,0.17,0.113,1100.58
10893,-3.8361,50,0,-3.7148,1.9093,0.17,0.0936,1100.67
10894,-3.0398,50,0,-3.6979,1.9077,0.17,0.1016,1100.77
10895,-3.4125,50,0,-3.692,1.9077,0.17,0.0937,1100.87
10896,-3.8674,50,0,-3.7302,1.8722,0.16,0.101,1100.97
10897,-3.0245,50,0,-3.7145,1.8716,0.16,0.1067,1101.07
10898,-4.8488,50,0,-3.7284,1.8748,0.16,0.0936,1101.17
10899,-3.0643,50,0,-3.7199,1.8758,0.16,0.1057,1101.27
10900,-3.3045,50,0,-3.6915,1.8604,0.16,0.1037,1101.38
10901,-0.0242,1,1,-3.6914,1.8606,0.16,0.0073,1101.38
10902,-0.0399,1,1,-3.6599,1.8951,0.17,0.0019,1101.39
10903,-3.6466,50,0,-3.6614,1.8951,0.17,0.0993,1101.48
10904,-4.5507,50,0,-3.6612,1.8949,0.17,0.1164,1101.6
10905,-3.0851,50,0,-3.6643,1.8937,0.17,0.1217,1101.72
10906,-4.0191,50,0,-3.7041,1.8587,0.16,0.0962,1101.82
10907,-4.6088,50,0,-3.6868,1.8421,0.16,0.1024,1101.92
10908,-3.1583,50,0,-3.6886,1.8414,0.16,0.1077,1102.03
10909,-2.8026,50,0,-3.6561,1.828,0.16,0.0897,1102.12
10910,-2.9428,50,0,-3.6479,1.8294,0.16,0.1014,1102.22
10911,-3.3507,50,0,-3.6183,1.8099,0.16,0.1189,1102.34
10912,-4.6986,50,0,-3.6391,1.8102,0.16,0.0823,1102.42
10913,-3.1356,50,0,-3.6057,1.7883,0.16,0.1074,1102.53
10914,-5.3876,50,0,-3.6131,1.794,0.16,0.0947,1102.62
10915,-5.0603,50,0,-3.6181,1.7974,0.16,0.1172,1102.74
10916,-0.0217,1,1,-3.561,1.8199,0.17,0.0028,1102.74
10917,-4.8139,50,0,-3.5664,1.8228,0.17,0.1221,1102.87
10918,-3.5025,50,0,-3.5486,1.8146,0.17,0.095,1102.96
10919,-4.1648,50,0,-3.5643,1.8131,0.17,0.093,1103.05
10920,-0.0353,1,1,-3.5641,1.8133,0.17,0.0035,1103.06
10921,-3.2076,50,0,-3.5509,1.8111,0.17,0.0997,1103.16
10922,-4.5541,50,0,-3.5652,1.8133,0.17,0.1129,1103.27
10923,-3.9686,50,0,-3.5585,1.8105,0.17,0.0874,1103.36
10924,-2.9039,50,0,-3.5555,1.8114,0.17,0.9381,1104.29
10925,-0.0386,1,1,-3.503,1.8363,0.18,0.0032,1104.3
10926,-3.9237,50,0,-3.5007,1.8356,0.18,0.0851,1104.38
10927,-5.7683,50,0,-3.5184,1.8488,0.18,0.1257,1104.51
10928,-5.3752,50,0,-3.5329,1.8576,0.18,0.1308,1104.64
10929,-0.0416,1,1,-3.5329,1.8575,0.18,0.003,1104.64
10930,-2.9792,50,0,-3.507,1.8469,0.18,0.1388,1104.78
10931,-6.1748,50,0,-3.5152,1.8568,0.18,0.085,1104.87
10932,-2.9433,50,0,-3.5078,1.8576,0.18,0.9924,1105.86
10933,-2.6636,50,0,-3.4875,1.8556,0.18,0.1128,1105.97
10934,-2.9079,50,0,-3.4708,1.8533,0.18,0.1044,1106.08
10935,-0.0412,1,1,-3.4254,1.8809,0.19,0.0035,1106.08
10936,-4.5786,50,0,-3.4145,1.871,0.19,0.1193,1106.2
10937,-3.8664,50,0,-3.4171,1.8715,0.19,0.0852,1106.28
10938,-2.9095,50,0,-3.3893,1.8581,0.19,0.0871,1106.37
10939,-0.023,1,1,-3.3891,1.8586,0.19,0.002,1106.37
10940,-4.9338,50,0,-3.3918,1.8607,0.19,0.0903,1106.46
10941,-0.0472,1,1,-3.3421,1.8828,0.2,0.0021,1106.47
10942,-0.0471,1,1,-3.2943,1.9051,0.21,0.0016,1106.47
10943,-0.0492,1,1,-3.245,1.9245,0.22,0.0017,1106.47
10944,-0.0409,1,1,-3.2449,1.9247,0.22,0.0018,1106.47
10945,-0.0356,1,1,-3.2121,1.9509,0.23,0.0017,1106.47
10946,-4.9253,50,0,-3.2183,1.9554,0.23,0.123,1106.6
10947,-0.0457,1,1,-3.1671,1.9707,0.24,0.0032,1106.6
10948,-3.3414,50,0,-3.1472,1.9587,0.24,0.0945,1106.69
10949,-5.0578,50,0,-3.1617,1.9674,0.24,0.1073,1106.8
10950,-5.3799,50,0,-3.1673,1.973,0.24,0.1114,1106.91
10951,-0.0359,1,1,-3.1363,1.9974,0.25,0.0021,1106.91
10952,-4.4188,50,0,-3.1439,2.0008,0.25,0.0979,1107.01
10953,-4.5649,50,0,-3.1556,2.0057,0.25,0.1027,1107.11
10954,-5.4806,50,0,-3.1782,2.019,0.25,0.099,1107.21
10955,-2.866,50,0,-3.1615,2.0145,0.25,0.1038,1107.32
10956,-7.0022,50,0,-3.1838,2.0444,0.25,0.1014,1107.42
10957,-0.048,1,1,-3.1461,2.067,0.26,0.0026,1107.42
10958,-4.8593,50,0,-3.1551,2.0725,0.26,0.1032,1107.52
10959,-4.1833,50,0,-3.1592,2.0741,0.26,0.0915,1107.62
10960,-3.7874,50,0,-3.1389,2.0577,0.26,0.1016,1107.72
10961,-0.038,1,1,-3.1388,2.0579,0.26,0.0024,1107.72
10962,-0.0186,1,1,-3.096,2.0777,0.27,0.0022,1107.72
10963,-0.0214,1,1,-3.0959,2.078,0.27,0.0021,1107.72
10964,-6.7688,50,0,-3.1151,2.1029,0.27,0.1219,1107.85
10965,-5.5227,50,0,-3.1399,2.1164,0.27,0.1022,1107.95
10966,-4.0554,50,0,-3.1436,2.1177,0.27,0.0889,1108.04
10967,-4.5959,50,0,-3.1348,2.1098,0.27,0.1007,1108.14
10968,-0.0448,1,1,-3.1016,2.1319,0.28,0.0027,1108.14
10969,-4.4312,50,0,-3.0806,2.1081,0.28,0.111,1108.25
10970,-2.5184,50,0,-3.0614,2.1044,0.28,0.096,1108.35
10971,-0.0231,1,1,-3.0612,2.1046,0.28,0.0024,1108.35
10972,-5.6672,50,0,-3.0872,2.1205,0.28,0.0973,1108.45
10973,-4.8347,50,0,-3.1351,2.1053,0.27,0.0915,1108.54
10974,-0.0381,1,1,-3.1353,2.1051,0.27,0.0023,1108.54
10975,-3.0158,50,0,-3.1325,2.105,0.27,0.0895,1108.63
10976,-3.156,50,0,-3.1156,2.098,0.27,0.097,1108.73
10977,-2.6538,50,0,-3.0924,2.0901,0.27,0.0986,1108.83
10978,-4.0094,50,0,-3.132,2.0695,0.26,0.0949,1108.92
10979,-5.4703,50,0,-3.1356,2.0733,0.26,0.1042,1109.03
10980,-0.0291,1,1,-3.1107,2.0954,0.27,0.0032,1109.03
10981,-5.6812,50,0,-3.1057,2.0887,0.27,0.104,1109.13
10982,-0.0463,1,1,-3.05,2.0952,0.28,0.0049,1109.14
10983,-5.2152,50,0,-3.0379,2.0792,0.28,0.1019,1109.24
10984,-5.194,50,0,-3.0895,2.0682,0.27,0.1033,1109.34
10985,-3.5653,50,0,-3.1247,2.0457,0.26,0.1012,1109.44
10986,-4.0556,50,0,-3.1085,2.0318,0.26,0.088,1109.53
10987,-5.0293,50,0,-3.1584,2.0171,0.25,0.0969,1109.63
10988,-4.0573,50,0,-3.1472,2.0089,0.25,0.0994,1109.73
10989,-5.3902,50,0,-3.1491,2.0109,0.25,0.1105,1109.84
10990,-3.6979,50,0,-3.1382,2.005,0.25,0.1004,1109.94
10991,-3.4664,50,0,-3.1724,1.981,0.24,0.9997,1110.94
10992,-2.8634,50,0,-3.1664,1.981,0.24,0.1027,1111.04
10993,-5.1605,50,0,-3.1797,1.9898,0.24,0.1006,1111.14
10994,-5.8402,50,0,-3.2077,2.0073,0.24,0.0912,1111.23
10995,-2.9567,50,0,-3.2031,2.0073,0.24,0.0945,1111.33
10996,-4.5462,50,0,-3.2099,2.0107,0.24,0.1142,1111.44
10997,-3.2706,50,0,-3.2124,2.0106,0.24,0.1006,1111.54
10998,-4.0575,50,0,-3.2044,2.0057,0.24,0.1071,1111.65
10999,-0.0067,1,1,-3.1739,2.0308,0.25,0.0023,1111.65
11000,-6.2899,50,0,-3.2037,2.0543,0.25,0.1055,1111.76
11001,-4.8224,50,0,-3.2517,2.0354,0.24,0.1109,1111.87
11002,-4.8852,50,0,-3.3002,2.016,0.23,0.1063,1111.98
11003,-5.232,50,0,-3.316,2.0248,0.23,0.1066,1112.08
11004,-3.7266,50,0,-3.3078,2.0215,0.23,0.1024,1112.18
11005,-0.0457,1,1,-3.2774,2.0473,0.24,0.003,1112.19
11006,-5.3555,50,0,-3.2907,2.0564,0.24,0.1242,1112.31
11007,-0.0254,1,1,-3.2449,2.0775,0.25,0.0031,1112.31
11008,-4.6082,50,0,-3.2594,2.0819,0.25,0.108,1112.42
11009,-3.7557,50,0,-3.2689,2.082,0.25,0.1177,1112.54
11010,-5.0023,50,0,-3.2895,2.0888,0.25,0.1126,1112.65
11011,-4.6235,50,0,-3.3023,2.093,0.25,0.0902,1112.74
11012,-5.2768,50,0,-3.308,2.0977,0.25,0.1194,1112.86
11013,-4.8296,50,0,-3.325,2.103,0.25,0.1104,1112.97
11014,-0.0298,1,1,-3.2714,2.118,0.26,0.0025,1112.98
11015,-5.2043,50,0,-3.2728,2.1193,0.26,0.1179,1113.09
11016,-5.7568,50,0,-3.3302,2.1081,0.25,0.125,1113.22
11017,-0.0425,1,1,-3.2825,2.1279,0.26,0.0027,1113.22
11018,-0.0409,1,1,-3.2479,2.152,0.27,0.0023,1113.22
11019,-4.3206,50,0,-3.2494,2.1527,0.27,0.1211,1113.34
11020,-5.0026,50,0,-3.2991,2.1352,0.26,0.095,1113.44
11021,-4.9639,50,0,-3.3167,2.1416,0.26,0.0936,1113.53
11022,-3.4246,50,0,-3.3054,2.1381,0.26,0.0994,1113.63
11023,-3.9486,50,0,-3.3052,2.138,0.26,0.1219,1113.75
11024,-5.8621,50,0,-3.3347,2.1526,0.26,0.0958,1113.85
11025,-5.019,50,0,-3.3845,2.1333,0.25,0.1093,1113.96
11026,-4.0724,50,0,-3.386,2.1338,0.25,0.1076,1114.07
11027,-2.729,50,0,-3.3556,2.1212,0.25,0.1104,1114.18
11028,-4.8883,50,0,-3.3508,2.1171,0.25,0.1104,1114.29
11029,-4.1535,50,0,-3.3919,2.0923,0.24,0.1023,1114.39
11030,-6.5446,50,0,-3.4275,2.1152,0.24,0.1039,1114.49
11031,-5.0923,50,0,-3.4167,2.1038,0.24,0.1018,1114.6
11032,-6.2169,50,0,-3.4495,2.1216,0.24,0.1004,1114.7
11033,-0.0456,1,1,-3.4233,2.1471,0.25,0.0021,1114.7
11034,-5.1859,50,0,-3.4461,2.1536,0.25,0.097,1114.8
11035,-3.7487,50,0,-3.4831,2.1264,0.24,0.1045,1114.9
11036,-5.3697,50,0,-3.491,2.1319,0.24,0.1004,1115.0
11037,-4.9527,50,0,-3.5019,2.1366,0.24,0.093,1115.09
11038,-3.9758,50,0,-3.5126,2.1363,0.24,1.0782,1116.17
11039,-3.4893,50,0,-3.5472,2.1073,0.23,0.1074,1116.28
11040,-3.8062,50,0,-3.536,2.1029,0.23,0.0992,1116.38
11041,-0.0354,1,1,-3.5358,2.1031,0.23,0.0031,1116.38
11042,-0.0498,1,1,-3.5359,2.103,0.23,0.0028,1116.38
11043,-5.261,50,0,-3.588,2.0804,0.22,0.1059,1116.49
11044,-0.036,1,1,-3.5879,2.0805,0.22,0.0021,1116.49
11045,-4.5871,50,0,-3.6334,2.0519,0.21,0.1135,1116.61
11046,-3.2606,50,0,-3.6168,2.0481,0.21,0.0966,1116.7
11047,-0.021,1,1,-3.6166,2.0485,0.21,0.0031,1116.71
11048,-0.0434,1,1,-3.5836,2.079,0.22,0.0028,1116.71
11049,-3.5977,50,0,-3.569,2.0737,0.22,0.0885,1116.8
11050,-4.4676,50,0,-3.5598,2.0677,0.22,0.1108,1116.91
11051,-2.8038,50,0,-3.5875,2.0387,0.21,0.1067,1117.01
11052,-4.6702,50,0,-3.59,2.0399,0.21,0.0903,1117.1
11053,-0.0353,1,1,-3.5447,2.0678,0.22,0.0032,1117.11
11054,-3.9362,50,0,-3.5293,2.059,0.22,0.0927,1117.2
11055,-0.0419,1,1,-3.5011,2.0871,0.23,0.0025,1117.2
11056,-3.9028,50,0,-3.4701,2.0577,0.23,0.099,1117.3
11057,-4.0647,50,0,-3.5102,2.0295,0.22,0.0834,1117.38
11058,-5.6192,50,0,-3.5178,2.036,0.22,0.0892,1117.47
11059,-0.0373,1,1,-3.4764,2.064,0.23,0.0023,1117.48
11060,-4.9705,50,0,-3.4882,2.0692,0.23,0.1099,1117.59
11061,-5.1952,50,0,-3.5398,2.0467,0.22,0.0865,1117.67
11062,-0.0309,1,1,-3.5399,2.0465,0.22,0.0024,1117.68
11063,-6.1426,50,0,-3.6011,2.0318,0.21,0.093,1117.77
11064,-2.5714,50,0,-3.5591,2.0092,0.21,0.0981,1117.87
11065,-5.236,50,0,-3.5563,2.0066,0.21,0.0935,1117.96
11066,-0.022,1,1,-3.5159,2.0364,0.22,0.0032,1117.96
11067,-2.55,50,0,-3.4955,2.0358,0.22,0.0932,1118.06
11068,-0.0209,1,1,-3.4952,2.0362,0.22,0.0022,1118.06
11069,-5.1823,50,0,-3.5027,2.041,0.22,0.0916,1118.15
11070,-6.4915,50,0,-3.5425,2.06,0.22,0.1137,1118.26
11071,-4.6268,50,0,-3.5885,2.0321,0.21,0.0943,1118.36
11072,-0.0189,1,1,-3.532,2.0519,0.22,0.0022,1118.36
11073,-2.8356,50,0,-3.512,2.0489,0.22,0.1052,1118.47
11074,-4.956,50,0,-3.5612,2.0238,0.21,0.0958,1118.56
11075,-4.8929,50,0,-3.58,2.0273,0.21,0.118,1118.68
11076,-4.4209,50,0,-3.5926,2.0286,0.21,0.0883,1118.77
11077,-5.207,50,0,-3.6182,2.0327,0.21,0.1052,1118.87
11078,-6.3841,50,0,-3.6419,2.0509,0.21,0.1147,1118.99
11079,-0.0497,1,1,-3.5877,2.0734,0.22,0.0024,1118.99
11080,-4.7821,50,0,-3.6352,2.0455,0.21,0.1283,1119.12
11081,-0.0488,1,1,-3.5789,2.0659,0.22,0.0032,1119.12
11082,-0.0203,1,1,-3.5787,2.0663,0.22,0.003,1119.12
11083,-4.2703,50,0,-3.5692,2.061,0.22,0.1223,1119.25
11084,-4.6066,50,0,-3.5633,2.0572,0.22,0.1073,1119.35
11085,-4.7039,50,0,-3.5747,2.0603,0.22,0.1012,1119.45
11086,-5.0674,50,0,-3.5848,2.0651,0.22,0.108,1119.56
11087,-0.0345,1,1,-3.5349,2.0898,0.23,0.0033,1119.57
11088,-3.9621,50,0,-3.5339,2.0896,0.23,0.1115,1119.68
11089,-3.6744,50,0,-3.5168,2.0813,0.23,0.0925,1119.77
11090,-4.0733,50,0,-3.5205,2.082,0.23,0.1101,1119.88
11091,-5.5814,50,0,-3.5417,2.092,0.23,0.1155,1120.0
11092,-4.9317,50,0,-3.5624,2.0955,0.23,0.1253,1120.12
11093,-4.0775,50,0,-3.5515,2.09,0.23,0.1123,1120.23
11094,-4.8152,50,0,-3.5413,2.0812,0.23,0.1164,1120.35
11095,-0.05,1,1,-3.5122,2.1093,0.24,0.0023,1120.35
11096,-3.0578,50,0,-3.4973,2.1072,0.24,1.0077,1121.36
11097,-3.2172,50,0,-3.4968,2.1072,0.24,0.1237,1121.48
11098,-0.0402,1,1,-3.4566,2.1343,0.25,0.0034,1121.49
11099,-2.6655,50,0,-3.4832,2.1075,0.24,0.1115,1121.6
11100,-3.0353,50,0,-3.4507,2.089,0.24,0.1034,1121.7
11101,-5.7279,50,0,-3.4597,2.0969,0.24,0.1217,1121.82
11102,-5.2138,50,0,-3.463,2.0994,0.24,0.1092,1121.93
11103,-4.1276,50,0,-3.452,2.0929,0.24,0.1141,1122.05
11104,-4.8094,50,0,-3.4628,2.0971,0.24,0.1151,1122.16
11105,-3.6974,50,0,-3.4993,2.0689,0.23,0.1119,1122.27
11106,-5.8591,50,0,-3.5043,2.074,0.23,0.1057,1122.38
11107,-0.023,1,1,-3.5043,2.074,0.23,0.0027,1122.38
11108,-4.2871,50,0,-3.5011,2.0726,0.23,0.1023,1122.48
11109,-4.0528,50,0,-3.5041,2.0732,0.23,0.1199,1122.6
11110,-5.7285,50,0,-3.5113,2.0797,0.23,0.1122,1122.72
11111,-0.0324,1,1,-3.4654,2.1051,0.24,0.0033,1122.72
11112,-4.0435,50,0,-3.4531,2.0981,0.24,0.0904,1122.81
11113,-6.1186,50,0,-3.466,2.1104,0.24,0.1148,1122.93
11114,-6.113,50,0,-3.5268,2.0981,0.23,0.1077,1123.03
11115,-5.0263,50,0,-3.525,2.0968,0.23,0.096,1123.13
11116,-2.5115,50,0,-3.4926,2.0871,0.23,0.0906,1123.22
11117,-4.3417,50,0,-3.5356,2.0597,0.22,0.1015,1123.32
11118,-5.3026,50,0,-3.5882,2.0368,0.21,0.0859,1123.41
11119,-4.7572,50,0,-3.5926,2.0388,0.21,0.101,1123.51
11120,-4.4699,50,0,-3.5872,2.0358,0.21,0.0979,1123.61
11121,-0.0448,1,1,-3.538,2.0612,0.22,0.0035,1123.61
11122,-4.9523,50,0,-3.5533,2.066,0.22,0.0964,1123.71
11123,-4.4049,50,0,-3.5579,2.0674,0.22,0.1011,1123.81
11124,-4.5373,50,0,-3.5446,2.0568,0.22,0.1018,1123.91
11125,-4.0714,50,0,-3.5352,2.0521,0.22,0.093,1124.0
11126,-0.0448,1,1,-3.4949,2.0805,0.23,0.0024,1124.0
11127,-3.695,50,0,-3.5045,2.0792,0.23,0.1094,1124.11
11128,-3.6012,50,0,-3.4917,2.0746,0.23,0.0946,1124.21
11129,-0.0239,1,1,-3.4504,2.1019,0.24,0.0025,1124.21
11130,-4.8169,50,0,-3.4331,2.0834,0.24,0.1092,1124.32
11131,-0.0412,1,1,-3.3826,2.1037,0.25,0.0021,1124.32
11132,-4.6054,50,0,-3.3665,2.0881,0.25,0.1075,1124.43
11133,-5.0873,50,0,-3.4169,2.068,0.24,0.1073,1124.54
11134,-6.2474,50,0,-3.4275,2.0798,0.24,0.1003,1124.64
11135,-3.6968,50,0,-3.427,2.0797,0.24,0.0969,1124.73
11136,-4.4245,50,0,-3.4175,2.073,0.24,0.1109,1124.84
11137,-5.5633,50,0,-3.4236,2.0784,0.24,0.1155,1124.96
11138,-0.0449,1,1,-3.3843,2.1046,0.25,0.0028,1124.96
11139,-4.3557,50,0,-3.393,2.1068,0.25,0.1123,1125.07
11140,-0.0477,1,1,-3.3554,2.1324,0.26,0.0039,1125.08
11141,-3.9766,50,0,-3.3948,2.107,0.25,0.0862,1125.16
11142,-4.8577,50,0,-3.4429,2.0849,0.24,0.0998,1125.26
11143,-4.3431,50,0,-3.4337,2.0788,0.24,0.0936,1125.36
11144,-5.7827,50,0,-3.4912,2.0635,0.23,0.0978,1125.46
11145,-0.0421,1,1,-3.4457,2.0888,0.24,0.0038,1125.46
11146,-4.5983,50,0,-3.4591,2.0918,0.24,0.1192,1125.58
11147,-4.3706,50,0,-3.5026,2.0649,0.23,1.012,1126.59
11148,-4.7445,50,0,-3.5496,2.039,0.22,0.1069,1126.7
11149,-4.1837,50,0,-3.5555,2.0399,0.22,0.0988,1126.8
11150,-3.9669,50,0,-3.5505,2.0383,0.22,0.1062,1126.9
11151,-5.331,50,0,-3.5758,2.0446,0.22,0.0975,1127.0
11152,-4.8039,50,0,-3.5771,2.0453,0.22,0.1008,1127.1
11153,-4.7644,50,0,-3.6244,2.0174,0.21,0.0898,1127.19
11154,-5.7251,50,0,-3.6423,2.0279,0.21,0.0955,1127.29
11155,-5.0069,50,0,-3.6919,1.9998,0.2,0.0974,1127.38
11156,-0.0492,1,1,-3.6534,2.0322,0.21,0.0026,1127.39
11157,-4.6858,50,0,-3.6596,2.0344,0.21,0.1052,1127.49
11158,-0.025,1,1,-3.6037,2.0565,0.22,0.0024,1127.49
11159,-4.0187,50,0,-3.6435,2.0254,0.21,0.0966,1127.59
11160,-3.4358,50,0,-3.6281,2.0211,0.21,0.094,1127.68
11161,-4.9363,50,0,-3.6255,2.0193,0.21,0.109,1127.79
11162,-5.4298,50,0,-3.6795,1.9945,0.2,0.1053,1127.9
11163,-4.2605,50,0,-3.6607,1.98,0.2,0.0985,1128.0
11164,-3.2432,50,0,-3.6674,1.9774,0.2,0.1233,1128.12
11165,-2.9386,50,0,-3.6444,1.9724,0.2,0.1068,1128.23
11166,-5.557,50,0,-3.6998,1.9474,0.19,0.108,1128.34
11167,-0.0415,1,1,-3.6747,1.978,0.2,0.0024,1128.34
11168,-2.5975,50,0,-3.7005,1.9468,0.19,0.1024,1128.44
11169,-3.1486,50,0,-3.6801,1.9418,0.19,0.105,1128.55
11170,-0.0479,1,1,-3.6157,1.9543,0.2,0.002,1128.55
11171,-4.1831,50,0,-3.6113,1.9525,0.2,0.1016,1128.65
11172,-0.0482,1,1,-3.6116,1.952,0.2,0.0036,1128.65
11173,-0.0362,1,1,-3.5836,1.9827,0.21,0.003,1128.66
11174,-2.6317,50,0,-3.5603,1.9801,0.21,0.0866,1128.74
11175,-3.9872,50,0,-3.5513,1.9761,0.21,0.0856,1128.83
11176,-2.8662,50,0,-3.5357,1.9753,0.21,0.087,1128.91
11177,-5.6845,50,0,-3.5405,1.9799,0.21,0.109,1129.02
11178,-4.6461,50,0,-3.5231,1.9624,0.21,0.099,1129.12
11179,-3.1145,50,0,-3.5538,1.9316,0.2,0.1091,1129.23
11180,-4.4789,50,0,-3.5507,1.9299,0.2,0.106,1129.34
11181,-5.2262,50,0,-3.6025,1.9046,0.19,0.105,1129.44
11182,-0.0486,1,1,-3.6028,1.904,0.19,0.002,1129.45
11183,-0.0086,1,1,-3.5602,1.936,0.2,0.0016,1129.45
11184,-4.7888,50,0,-3.562,1.9371,0.2,0.9742,1130.42
11185,-4.9303,50,0,-3.5643,1.9386,0.2,0.0959,1130.52
11186,-3.0233,50,0,-3.5438,1.9334,0.2,0.1074,1130.62
11187,-2.7405,50,0,-3.5709,1.9028,0.19,0.0991,1130.72
11188,-5.3855,50,0,-3.5851,1.911,0.19,0.0974,1130.82
11189,-4.5945,50,0,-3.5943,1.9136,0.19,0.1021,1130.92
11190,-5.6651,50,0,-3.6102,1.9241,0.19,0.0864,1131.01
11191,-4.2193,50,0,-3.5966,1.9149,0.19,0.1054,1131.11
11192,-0.0175,1,1,-3.5475,1.9429,0.2,0.003,1131.12
11193,-4.2672,50,0,-3.5494,1.9435,0.2,0.0911,1131.21
11194,-3.9235,50,0,-3.5404,1.9397,0.2,0.095,1131.3
11195,-3.6541,50,0,-3.5765,1.9077,0.19,0.1015,1131.41
11196,-4.974,50,0,-3.5956,1.912,0.19,0.0866,1131.49
11197,-3.0009,50,0,-3.5935,1.9126,0.19,1.0834,1132.58
11198,-4.9234,50,0,-3.6423,1.8833,0.18,0.0987,1132.67
11199,-2.8377,50,0,-3.644,1.8825,0.18,0.0927,1132.77
11200,-3.3753,50,0,-3.6474,1.8817,0.18,0.1216,1132.89
11201,-5.1472,50,0,-3.6416,1.8762,0.18,0.1132,1133.0
11202,-3.6684,50,0,-3.6262,1.8695,0.18,0.0932,1133.09
11203,-3.88,50,0,-3.6237,1.869,0.18,0.0959,1133.19
11204,-5.3831,50,0,-3.6294,1.8735,0.18,0.0945,1133.28
11205,-4.7355,50,0,-3.6398,1.8767,0.18,0.1088,1133.39
11206,-4.2069,50,0,-3.6233,1.8644,0.18,0.0965,1133.49
11207,-0.0202,1,1,-3.6233,1.8644,0.18,0.0023,1133.49
11208,-3.0284,50,0,-3.6107,1.8641,0.18,0.0947,1133.59
11209,-4.672,50,0,-3.6169,1.8666,0.18,0.097,1133.68
11210,-3.989,50,0,-3.5995,1.8549,0.18,0.098,1133.78
11211,-5.0666,50,0,-3.6498,1.8255,0.17,0.0834,1133.87
11212,-4.187,50,0,-3.6513,1.8259,0.17,0.0967,1133.96
11213,-5.1587,50,0,-3.6417,1.8154,0.17,0.1084,1134.07
11214,-0.0478,1,1,-3.581,1.833,0.18,0.0024,1134.07
11215,-5.1024,50,0,-3.5818,1.8337,0.18,0.0877,1134.16
11216,-3.5719,50,0,-3.5924,1.8305,0.18,0.1027,1134.26
11217,-3.5084,50,0,-3.584,1.829,0.18,0.1113,1134.37
11218,-6.5822,50,0,-3.5968,1.8454,0.18,0.118,1134.49
11219,-3.4987,50,0,-3.5842,1.8417,0.18,0.1062,1134.6
11220,-3.9927,50,0,-3.5795,1.84,0.18,0.1012,1134.7
11221,-4.1717,50,0,-3.6207,1.8062,0.17,0.1072,1134.81
11222,-5.6386,50,0,-3.6276,1.8126,0.17,0.0981,1134.91
11223,-4.0397,50,0,-3.624,1.8114,0.17,0.1009,1135.01
11224,-0.0383,1,1,-3.579,1.8437,0.18,0.0024,1135.01
11225,-6.0543,50,0,-3.5988,1.8595,0.18,0.1039,1135.11
11226,-4.2303,50,0,-3.6406,1.8258,0.17,0.0999,1135.21
11227,-3.5065,50,0,-3.6388,1.8259,0.17,0.098,1135.31
11228,-4.5493,50,0,-3.6482,1.8281,0.17,0.1061,1135.42
11229,-5.1761,50,0,-3.6998,1.7976,0.16,0.11,1135.53
11230,-3.2762,50,0,-3.6844,1.7945,0.16,0.091,1135.62
11231,-0.0311,1,1,-3.6843,1.7947,0.16,0.0025,1135.62
11232,-3.4306,50,0,-3.6725,1.7925,0.16,0.1064,1135.73
11233,-4.2281,50,0,-3.6639,1.7878,0.16,0.1023,1135.83
11234,-2.6528,50,0,-3.628,1.7715,0.16,0.1084,1135.94
11235,-3.7845,50,0,-3.6289,1.7716,0.16,0.1008,1136.04
11236,-5.0338,50,0,-3.6349,1.7754,0.16,0.0993,1136.14
11237,-3.8548,50,0,-3.6179,1.7649,0.16,0.1149,1136.25
11238,-3.6281,50,0,-3.6537,1.728,0.15,0.1048,1136.36
11239,-3.7196,50,0,-3.6473,1.7266,0.15,0.0974,1136.45
11240,-5.4922,50,0,-3.7018,1.6978,0.14,0.1116,1136.57
11241,-0.0258,1,1,-3.6623,1.7365,0.15,0.0022,1136.57
11242,-4.1056,50,0,-3.6547,1.7329,0.15,1.0009,1137.57
11243,-3.8545,50,0,-3.6499,1.7316,0.15,0.1075,1137.68
11244,-5.3925,50,0,-3.646,1.7273,0.15,0.1001,1137.78
11245,-0.0357,1,1,-3.6459,1.7274,0.15,0.0021,1137.78
11246,-0.0391,1,1,-3.6003,1.7615,0.16,0.0022,1137.78
11247,-2.9755,50,0,-3.5864,1.7609,0.16,0.0954,1137.88
11248,-4.8926,50,0,-3.5878,1.7619,0.16,0.0977,1137.97
11249,-2.6636,50,0,-3.5726,1.7632,0.16,0.0982,1138.07
11250,-0.0339,1,1,-3.5333,1.7975,0.17,0.0024,1138.07
11251,-4.0438,50,0,-3.5204,1.7892,0.17,0.0932,1138.17
11252,-4.8552,50,0,-3.5209,1.7896,0.17,0.1145,1138.28
11253,-2.7939,50,0,-3.5012,1.7866,0.17,0.1072,1138.39
11254,-5.5359,50,0,-3.4993,1.7844,0.17,0.0923,1138.48
11255,-0.0447,1,1,-3.4497,1.8106,0.18,0.0021,1138.48
11256,-4.5163,50,0,-3.4944,1.781,0.17,0.0957,1138.58
11257,-4.8167,50,0,-3.4957,1.7819,0.17,0.0964,1138.68
11258,-6.8521,50,0,-3.564,1.7784,0.16,0.1089,1138.79
11259,-3.6987,50,0,-3.5608,1.7779,0.16,0.0992,1138.88
11260,-3.5277,50,0,-3.5617,1.7778,0.16,0.097,1138.98
11261,-4.206,50,0,-3.5544,1.7737,0.16,0.1151,1139.1
11262,-3.4249,50,0,-3.5343,1.7637,0.16,0.0979,1139.19
11263,-5.0554,50,0,-3.5423,1.7687,0.16,0.0856,1139.28
11264,-3.121,50,0,-3.5411,1.7689,0.16,0.1019,1139.38
11265,-6.1111,50,0,-3.5728,1.7862,0.16,0.1013,1139.48
11266,-0.0417,1,1,-3.5176,1.8091,0.17,0.002,1139.49
11267,-5.9959,50,0,-3.5772,1.7916,0.16,0.1114,1139.6
11268,-2.7314,50,0,-3.5785,1.7909,0.16,0.1064,1139.7
11269,-4.261,50,0,-3.5896,1.7917,0.16,0.106,1139.81
11270,-4.2024,50,0,-3.6312,1.7569,0.15,0.0986,1139.91
11271,-2.6698,50,0,-3.6161,1.7586,0.15,0.1032,1140.01
11272,-6.7887,50,0,-3.6835,1.7497,0.14,0.1401,1140.15
11273,-4.0252,50,0,-3.7234,1.7112,0.13,0.0902,1140.24
11274,-2.8985,50,0,-3.726,1.7097,0.13,0.0905,1140.33
11275,-3.9426,50,0,-3.7256,1.7096,0.13,0.0948,1140.43
11276,-0.0389,1,1,-3.6973,1.7466,0.14,0.003,1140.43
11277,-4.6286,50,0,-3.6867,1.7377,0.14,0.1303,1140.56
11278,-3.0219,50,0,-3.6705,1.7362,0.14,0.1118,1140.67
11279,-4.3296,50,0,-3.6827,1.7365,0.14,0.1135,1140.78
11280,-5.9981,50,0,-3.6978,1.75,0.14,0.1003,1140.89
11281,-4.9696,50,0,-3.6953,1.748,0.14,0.0994,1140.98
11282,-0.0239,1,1,-3.695,1.7485,0.14,0.0033,1140.99
11283,-0.0454,1,1,-3.6954,1.7477,0.14,0.0033,1140.99
11284,-5.6873,50,0,-3.7044,1.7556,0.14,0.1006,1141.09
11285,-4.5179,50,0,-3.7003,1.7532,0.14,0.0942,1141.19
11286,-4.1055,50,0,-3.7111,1.7523,0.14,0.0962,1141.28
11287,-2.7289,50,0,-3.711,1.7524,0.14,0.0865,1141.37
11288,-4.6951,50,0,-3.7041,1.7471,0.14,0.0898,1141.46
11289,-4.3775,50,0,-3.7019,1.7462,0.14,0.104,1141.56
11290,-3.3102,50,0,-3.6783,1.7354,0.14,0.0975,1141.66
11291,-3.5318,50,0,-3.6715,1.7346,0.14,0.9914,1142.65
11292,-4.3141,50,0,-3.7144,1.6963,0.13,0.1027,1142.75
11293,-4.8196,50,0,-3.72,1.699,0.13,0.1014,1142.86
11294,-0.0198,1,1,-3.6809,1.7383,0.14,0.0023,1142.86
11295,-0.0144,1,1,-3.6445,1.7762,0.15,0.0022,1142.86
11296,-5.8676,50,0,-3.6535,1.7851,0.15,0.1163,1142.98
11297,-5.0362,50,0,-3.6738,1.7891,0.15,0.1017,1143.08
11298,-3.1247,50,0,-3.6558,1.7855,0.15,0.105,1143.18
11299,-2.7574,50,0,-3.655,1.7859,0.15,0.1025,1143.29
11300,-5.9651,50,0,-3.6809,1.8003,0.15,0.1096,1143.4
11301,-5.883,50,0,-3.6883,1.8078,0.15,0.1014,1143.5
11302,-6.0913,50,0,-3.7125,1.8236,0.15,0.0902,1143.59
11303,-3.1566,50,0,-3.7053,1.8243,0.15,0.1162,1143.7
11304,-3.5016,50,0,-3.6865,1.8166,0.15,0.1043,1143.81
11305,-4.0931,50,0,-3.68,1.814,0.15,0.0978,1143.9
11306,-0.0399,1,1,-3.6384,1.849,0.16,0.0022,1143.91
11307,-2.9066,50,0,-3.6672,1.8145,0.15,0.1004,1144.01
11308,-3.888,50,0,-3.6758,1.8134,0.15,0.1057,1144.11
11309,-3.2605,50,0,-3.6617,1.8111,0.15,0.1134,1144.23
11310,-0.0244,1,1,-3.6221,1.8466,0.16,0.0023,1144.23
11311,-2.6603,50,0,-3.598,1.8433,0.16,0.104,1144.33
11312,-4.5303,50,0,-3.6014,1.8447,0.16,0.0916,1144.42
11313,-0.0494,1,1,-3.5503,1.8714,0.17,0.0027,1144.43
11314,-5.0377,50,0,-3.6002,1.8437,0.16,0.0938,1144.52
11315,-0.0478,1,1,-3.5497,1.8709,0.17,0.0031,1144.52
11316,-5.1484,50,0,-3.5655,1.8776,0.17,0.1046,1144.63
11317,-4.7015,50,0,-3.5774,1.881,0.17,0.1214,1144.75
11318,-4.06,50,0,-3.5522,1.8573,0.17,0.1085,1144.86
11319,-4.5308,50,0,-3.5625,1.8599,0.17,0.13,1144.99
11320,-4.0772,50,0,-3.5633,1.8601,0.17,0.1101,1145.1
11321,-5.5132,50,0,-3.5767,1.8692,0.17,0.1245,1145.22
11322,-0.045,1,1,-3.5208,1.8903,0.18,0.0022,1145.23
11323,-4.9805,50,0,-3.5302,1.8952,0.18,0.1002,1145.33
11324,-0.0318,1,1,-3.5302,1.8953,0.18,0.0026,1145.33
11325,-11.2191,50,0,-3.5818,2.029,0.18,0.1029,1145.43
11326,-3.6849,50,0,-3.5764,2.028,0.18,0.102,1145.53
11327,-3.8806,50,0,-3.5801,2.0282,0.18,0.0954,1145.63
11328,-3.946,50,0,-3.5741,2.0262,0.18,0.097,1145.73
11329,-2.8377,50,0,-3.5507,2.0211,0.18,0.113,1145.84
11330,-3.8498,50,0,-3.5564,2.0211,0.18,0.1052,1145.94
11331,-0.033,1,1,-3.5564,2.0211,0.18,0.0019,1145.95
11332,-3.8205,50,0,-3.5603,2.0212,0.18,0.1029,1146.05
11333,-4.7186,50,0,-3.5652,2.0234,0.18,0.1048,1146.15
11334,-3.769,50,0,-3.5764,2.0214,0.18,0.1375,1146.29
11335,-2.9908,50,0,-3.5685,2.0221,0.18,0.1114,1146.4
11336,-4.9546,50,0,-3.5677,2.0216,0.18,0.1129,1146.52
11337,-0.0418,1,1,-3.5295,2.0515,0.19,0.0024,1146.52
11338,-0.0151,1,1,-3.4934,2.0811,0.2,0.0022,1146.52
11339,-3.7916,50,0,-3.4941,2.0812,0.2,0.1089,1146.63
11340,-3.91,50,0,-3.4783,2.0719,0.2,0.1104,1146.74
11341,-4.1307,50,0,-3.5194,2.0436,0.19,0.0914,1146.83
11342,-4.2371,50,0,-3.5207,2.044,0.19,0.1023,1146.93
11343,-0.0466,1,1,-3.4826,2.0727,0.2,0.0036,1146.94
11344,-0.0394,1,1,-3.4291,2.0917,0.21,0.0028,1146.94
11345,-4.6236,50,0,-3.4749,2.067,0.2,1.1009,1148.04
11346,-4.7102,50,0,-3.5217,2.0414,0.19,0.1152,1148.16
11347,-0.0426,1,1,-3.4923,2.0699,0.2,0.0031,1148.16
11348,-4.0729,50,0,-3.4841,2.066,0.2,0.0982,1148.26
11349,-3.6967,50,0,-3.4945,2.0644,0.2,0.1066,1148.36
11350,-3.5902,50,0,-3.53,2.0349,0.19,0.1268,1148.49
11351,-5.1689,50,0,-3.5413,2.0408,0.19,0.0995,1148.59
11352,-5.8655,50,0,-3.5514,2.0498,0.19,0.0876,1148.68
11353,-0.0175,1,1,-3.5236,2.0785,0.2,0.0019,1148.68
11354,-5.7208,50,0,-3.5255,2.0803,0.2,0.0854,1148.76
11355,-6.0186,50,0,-3.5852,2.0653,0.19,0.1065,1148.87
11356,-4.5421,50,0,-3.5855,2.0654,0.19,0.108,1148.98
11357,-3.5142,50,0,-3.5724,2.0617,0.19,0.106,1149.08
11358,-0.0348,1,1,-3.5043,2.0648,0.2,0.002,1149.09
11359,-4.3365,50,0,-3.5106,2.0664,0.2,0.0873,1149.17
11360,-3.1443,50,0,-3.5068,2.0667,0.2,0.1132,1149.29
11361,-5.1736,50,0,-3.5165,2.0722,0.2,0.1119,1149.4
11362,-5.4078,50,0,-3.5363,2.0807,0.2,0.0867,1149.49
11363,-4.8433,50,0,-3.5342,2.0793,0.2,0.1045,1149.59
11364,-3.4798,50,0,-3.5378,2.0789,0.2,0.0827,1149.67
11365,-0.0381,1,1,-3.477,2.0915,0.21,0.0023,1149.68
11366,-5.0437,50,0,-3.5271,2.0684,0.2,0.1015,1149.78
11367,-4.9931,50,0,-3.517,2.0588,0.2,0.1054,1149.88
11368,-5.6288,50,0,-3.546,2.0679,0.2,0.099,1149.98
11369,-3.3958,50,0,-3.5374,2.0667,0.2,0.0904,1150.07
11370,-4.2205,50,0,-3.5375,2.0668,0.2,0.1028,1150.17
11371,-3.302,50,0,-3.5439,2.0651,0.2,0.1215,1150.3
11372,-4.3795,50,0,-3.5198,2.041,0.2,0.0928,1150.39
11373,-5.6712,50,0,-3.5362,2.0516,0.2,0.0966,1150.49
11374,-0.0208,1,1,-3.5074,2.0803,0.21,0.0031,1150.49
11375,-4.0071,50,0,-3.5081,2.0805,0.21,0.105,1150.59
11376,-2.5767,50,0,-3.5335,2.0533,0.2,0.0933,1150.69
11377,-0.0352,1,1,-3.4875,2.0795,0.21,0.0019,1150.69
11378,-0.046,1,1,-3.4578,2.1071,0.22,0.0018,1150.69
11379,-0.0126,1,1,-3.4146,2.1328,0.23,0.0018,1150.69
11380,-3.8961,50,0,-3.3936,2.1176,0.23,0.0895,1150.78
11381,-4.0896,50,0,-3.3848,2.1128,0.23,0.1156,1150.9
11382,-3.4752,50,0,-3.4193,2.0857,0.22,0.0956,1150.99
11383,-4.5962,50,0,-3.4648,2.061,0.21,0.0998,1151.09
11384,-2.8015,50,0,-3.4359,2.0499,0.21,0.0819,1151.17
11385,-5.4825,50,0,-3.4456,2.0572,0.21,0.1006,1151.28
11386,-4.9816,50,0,-3.4544,2.0619,0.21,0.107,1151.38
11387,-0.0258,1,1,-3.4273,2.0888,0.22,0.0023,1151.38
11388,-3.6811,50,0,-3.4172,2.085,0.22,0.0965,1151.48
11389,-5.1726,50,0,-3.4251,2.0902,0.22,0.0991,1151.58
11390,-5.2471,50,0,-3.4445,2.098,0.22,0.1092,1151.69
11391,-2.8745,50,0,-3.4379,2.0987,0.22,0.1031,1151.79
11392,-5.6019,50,0,-3.4508,2.108,0.22,0.115,1151.91
11393,-2.7504,50,0,-3.4301,2.1046,0.22,0.1096,1152.02
11394,-4.1466,50,0,-3.4714,2.0776,0.21,0.1019,1152.12
11395,-6.221,50,0,-3.5335,2.0661,0.2,1.0592,1153.18
11396,-0.028,1,1,-3.4751,2.0818,0.21,0.0024,1153.18
11397,-0.0496,1,1,-3.4252,2.1034,0.22,0.0022,1153.18
11398,-3.1809,50,0,-3.4258,2.1033,0.22,0.107,1153.29
11399,-5.4159,50,0,-3.4523,2.1115,0.22,0.1134,1153.4
11400,-3.5529,50,0,-3.4282,2.0964,0.22,0.0839,1153.49
11401,-4.0342,50,0,-3.4097,2.0828,0.22,0.0889,1153.58
11402,-4.5685,50,0,-3.3945,2.0686,0.22,0.1182,1153.69
11403,-0.0231,1,1,-3.3632,2.0955,0.23,0.0024,1153.7
11404,-0.0411,1,1,-3.3286,2.1214,0.24,0.0021,1153.7
11405,-0.0239,1,1,-3.2879,2.1452,0.25,0.0023,1153.7
11406,-4.8628,50,0,-3.3361,2.1258,0.24,0.0977,1153.8
11407,-5.0702,50,0,-3.3577,2.1323,0.24,0.1191,1153.92
11408,-0.0173,1,1,-3.319,2.1573,0.25,0.0033,1153.92
11409,-4.9,50,0,-3.3354,2.163,0.25,0.1092,1154.03
11410,-4.8288,50,0,-3.3835,2.1422,0.24,0.1375,1154.17
11411,-0.0292,1,1,-3.3572,2.1669,0.25,0.0031,1154.17
11412,-2.8197,50,0,-3.34,2.1644,0.25,0.1029,1154.27
11413,-3.2504,50,0,-3.3721,2.139,0.24,0.0801,1154.35
11414,-5.5571,50,0,-3.3773,2.1436,0.24,0.1203,1154.47
11415,-3.1324,50,0,-3.4081,2.1175,0.23,0.0772,1154.55
11416,-4.4659,50,0,-3.4013,2.113,0.23,0.0979,1154.65
11417,-0.0485,1,1,-3.3547,2.135,0.24,0.0035,1154.65
11418,-5.225,50,0,-3.3664,2.142,0.24,0.1064,1154.76
11419,-4.2988,50,0,-3.3641,2.1408,0.24,0.0929,1154.85
11420,-5.4833,50,0,-3.3781,2.1501,0.24,0.1055,1154.96
11421,-6.2634,50,0,-3.3856,2.1588,0.24,0.1118,1155.07
11422,-4.5119,50,0,-3.4303,2.1353,0.23,0.1122,1155.18
11423,-0.0366,1,1,-3.3809,2.156,0.24,0.0024,1155.18
11424,-4.4379,50,0,-3.4249,2.132,0.23,0.1142,1155.3
11425,-6.165,50,0,-3.3744,2.0026,0.23,0.1107,1155.41
11426,-0.0356,1,1,-3.3379,2.0296,0.24,0.0018,1155.41
11427,-0.0355,1,1,-3.2994,2.0553,0.25,0.0018,1155.41
11428,-4.1765,50,0,-3.3017,2.0561,0.25,0.0823,1155.5
11429,-4.1539,50,0,-3.3149,2.0573,0.25,0.0761,1155.57
11430,-0.0337,1,1,-3.2767,2.0823,0.26,0.0018,1155.57
11431,-5.0955,50,0,-3.3274,2.0643,0.25,0.8966,1156.47
11432,-6.4512,50,0,-3.3537,2.087,0.25,0.1436,1156.61
11433,-4.6361,50,0,-3.3529,2.0865,0.25,0.1054,1156.72
11434,-6.3463,50,0,-3.3786,2.1073,0.25,0.0981,1156.82
11435,-4.8571,50,0,-3.3973,2.112,0.25,0.1085,1156.93
11436,-4.6458,50,0,-3.3942,2.11,0.25,0.0937,1157.02
11437,-5.1299,50,0,-3.4451,2.0898,0.24,0.1063,1157.12
11438,-2.6212,50,0,-3.4711,2.0629,0.23,0.1318,1157.26
11439,-5.3497,50,0,-3.4867,2.0711,0.23,0.0961,1157.35
11440,-3.9601,50,0,-3.4872,2.0713,0.23,0.092,1157.44
11441,-3.5358,50,0,-3.4813,2.0702,0.23,0.1057,1157.55
11442,-0.0265,1,1,-3.4392,2.0971,0.24,0.0028,1157.55
11443,-4.2614,50,0,-3.4813,2.0707,0.23,0.1038,1157.66
11444,-5.1138,50,0,-3.5321,2.0478,0.22,0.1007,1157.76
11445,-0.0484,1,1,-3.4863,2.0738,0.23,0.0029,1157.76
11446,-5.5288,50,0,-3.4945,2.0802,0.23,0.1022,1157.86
11447,-3.7467,50,0,-3.5315,2.0512,0.22,0.1209,1157.98
11448,-0.0444,1,1,-3.4913,2.0795,0.23,0.0021,1157.99
11449,-4.3621,50,0,-3.4979,2.0812,0.23,0.1017,1158.09
11450,-4.9542,50,0,-3.5115,2.0863,0.23,1.0191,1159.11
11451,-2.8916,50,0,-3.4888,2.0805,0.23,0.1052,1159.21
11452,-4.6651,50,0,-3.4768,2.0702,0.23,0.1172,1159.33
11453,-5.7223,50,0,-3.5338,2.0526,0.22,0.0991,1159.43
11454,-4.4357,50,0,-3.521,2.0428,0.22,0.1087,1159.54
11455,-3.5188,50,0,-3.496,2.0274,0.22,0.1102,1159.65
11456,-5.2816,50,0,-3.5034,2.0325,0.22,0.0837,1159.73
11457,-3.5494,50,0,-3.5037,2.0325,0.22,0.1005,1159.83
11458,-3.4715,50,0,-3.5381,2.0024,0.21,0.1034,1159.93
11459,-0.0132,1,1,-3.4949,2.0312,0.22,0.0022,1159.94
11460,-5.7862,50,0,-3.5213,2.0436,0.22,0.1056,1160.04
11461,-5.8959,50,0,-3.5285,2.0507,0.22,0.097,1160.14
11462,-2.7588,50,0,-3.502,2.0433,0.22,0.1324,1160.27
11463,-5.3286,50,0,-3.5069,2.0471,0.22,0.098,1160.37
11464,-0.0193,1,1,-3.4723,2.0763,0.23,0.0035,1160.37
11465,-3.7535,50,0,-3.5094,2.0475,0.22,0.0948,1160.47
11466,-5.1861,50,0,-3.5108,2.0486,0.22,0.1029,1160.57
11467,-0.0442,1,1,-3.4613,2.0719,0.23,0.0026,1160.57
11468,-4.0286,50,0,-3.4453,2.0612,0.23,0.1062,1160.68
11469,-3.5732,50,0,-3.4471,2.0613,0.23,0.1034,1160.78
11470,-3.6931,50,0,-3.4418,2.06,0.23,0.1077,1160.89
11471,-2.6557,50,0,-3.4354,2.0614,0.23,0.1024,1160.99
11472,-5.8261,50,0,-3.4498,2.073,0.23,0.0916,1161.08
11473,-3.7924,50,0,-3.4311,2.0613,0.23,0.0986,1161.18
11474,-0.0301,1,1,-3.4311,2.0611,0.23,0.0031,1161.19
11475,-3.1773,50,0,-3.4228,2.0605,0.23,0.1027,1161.29
11476,-2.669,50,0,-3.4238,2.0601,0.23,0.1182,1161.41
11477,-3.5511,50,0,-3.4589,2.0318,0.22,0.1025,1161.51
11478,-2.5734,50,0,-3.4842,2.0047,0.21,0.102,1161.61
11479,-2.8125,50,0,-3.5122,1.9754,0.2,0.0974,1161.71
11480,-0.0361,1,1,-3.4736,2.005,0.21,0.0032,1161.71
11481,-4.4552,50,0,-3.4773,2.0064,0.21,0.1188,1161.83
11482,-2.7054,50,0,-3.4696,2.0079,0.21,0.0935,1161.93
11483,-3.6702,50,0,-3.4603,2.0048,0.21,0.091,1162.02
11484,-3.1052,50,0,-3.4633,2.004,0.21,0.1013,1162.12
11485,-5.5328,50,0,-3.4638,2.0046,0.21,0.1081,1162.23
11486,-3.9726,50,0,-3.4538,1.9994,0.21,0.1075,1162.33
11487,-3.8472,50,0,-3.492,1.9698,0.2,0.1184,1162.45
11488,-6.1209,50,0,-3.5164,1.9871,0.2,0.1148,1162.57
11489,-3.0164,50,0,-3.4948,1.9807,0.2,0.1208,1162.69
11490,-6.4284,50,0,-3.5066,1.9946,0.2,0.1037,1162.79
11491,-4.9689,50,0,-3.5276,1.9988,0.2,0.1064,1162.9
11492,-3.2157,50,0,-3.5037,1.9881,0.2,0.0984,1163.0
11493,-4.2125,50,0,-3.5183,1.9879,0.2,0.0934,1163.09
11494,-2.7273,50,0,-3.5041,1.9884,0.2,0.1297,1163.22
11495,-5.0555,50,0,-3.4925,1.9758,0.2,0.0942,1163.31
11496,-4.429,50,0,-3.5365,1.947,0.19,0.9868,1164.3
11497,-0.0426,1,1,-3.5364,1.9471,0.19,0.0024,1164.3
11498,-0.0405,1,1,-3.505,1.9777,0.2,0.0022,1164.3
11499,-3.9168,50,0,-3.49,1.9688,0.2,0.1083,1164.41
11500,-6.5449,50,0,-3.5199,1.9921,0.2,0.1039,1164.52
11501,-4.638,50,0,-3.526,1.9946,0.2,0.1101,1164.63
11502,-4.2466,50,0,-3.5228,1.9932,0.2,0.1012,1164.73
11503,-0.0155,1,1,-3.5227,1.9933,0.2,0.0026,1164.73
11504,-5.405,50,0,-3.5763,1.9709,0.19,0.1258,1164.86
11505,-4.9548,50,0,-3.6256,1.9429,0.18,0.0985,1164.95
11506,-5.8779,50,0,-3.6358,1.952,0.18,0.0942,1165.05
11507,-5.4032,50,0,-3.6391,1.9547,0.18,0.1066,1165.16
11508,-5.6308,50,0,-3.6952,1.9303,0.17,0.1082,1165.26
11509,-2.966,50,0,-3.6759,1.9279,0.17,0.1024,1165.37
11510,-5.5971,50,0,-3.6836,1.934,0.17,0.1062,1165.47
11511,-0.0425,1,1,-3.6837,1.9337,0.17,0.003,1165.48
11512,-6.2726,50,0,-3.7182,1.9487,0.17,0.0962,1165.57
11513,-4.8682,50,0,-3.7344,1.9515,0.17,0.1047,1165.68
11514,-6.6364,50,0,-3.7452,1.9645,0.17,0.0931,1165.77
11515,-4.9243,50,0,-3.7631,1.967,0.17,0.1168,1165.89
11516,-4.2255,50,0,-3.7607,1.9663,0.17,0.104,1165.99
11517,-3.5143,50,0,-3.7954,1.9308,0.16,0.1044,1166.09
11518,-0.0306,1,1,-3.7434,1.9612,0.17,0.0021,1166.1
11519,-4.5926,50,0,-3.7464,1.9623,0.17,0.1028,1166.2
11520,-5.26,50,0,-3.7442,1.9604,0.17,0.0949,1166.29
11521,-3.9165,50,0,-3.7207,1.9441,0.17,0.1099,1166.4
11522,-4.9615,50,0,-3.7252,1.9465,0.17,0.108,1166.51
11523,-4.2295,50,0,-3.7671,1.9114,0.16,0.1276,1166.64
11524,-2.6821,50,0,-3.7496,1.9132,0.16,0.1232,1166.76
11525,-4.91,50,0,-3.737,1.9014,0.16,0.0972,1166.86
11526,-0.0413,1,1,-3.7371,1.9013,0.16,0.0024,1166.86
11527,-0.0498,1,1,-3.7372,1.901,0.16,0.0021,1166.86
11528,-4.7051,50,0,-3.7425,1.903,0.16,0.0792,1166.94
11529,-0.045,1,1,-3.7014,1.9377,0.17,0.0021,1166.95
11530,-3.4703,50,0,-3.7358,1.9025,0.16,0.0837,1167.03
11531,-4.0959,50,0,-3.7258,1.898,0.16,0.0954,1167.12
11532,-2.9624,50,0,-3.6909,1.8795,0.16,0.1127,1167.24
11533,-4.4031,50,0,-3.6886,1.8785,0.16,0.0975,1167.34
11534,-3.8119,50,0,-3.6632,1.8595,0.16,0.0966,1167.43
11535,-5.2177,50,0,-3.6668,1.8621,0.16,0.097,1167.53
11536,-3.2481,50,0,-3.6528,1.86,0.16,0.0849,1167.61
11537,-5.4949,50,0,-3.6565,1.8632,0.16,0.0939,1167.71
11538,-0.0493,1,1,-3.6308,1.8948,0.17,0.0019,1167.71
11539,-5.2022,50,0,-3.6293,1.8935,0.17,0.089,1167.8
11540,-0.0426,1,1,-3.5901,1.9265,0.18,0.0021,1167.8
11541,-0.0145,1,1,-3.5549,1.9591,0.19,0.0017,1167.8
11542,-0.0223,1,1,-3.5549,1.9592,0.19,0.0019,1167.8
11543,-4.0844,50,0,-3.5531,1.9586,0.19,0.0978,1167.9
11544,-3.4404,50,0,-3.5364,1.9523,0.19,0.1167,1168.02
11545,-5.2608,50,0,-3.5885,1.9279,0.18,0.1037,1168.12
11546,-4.3156,50,0,-3.5763,1.9195,0.18,0.1197,1168.24
11547,-5.3002,50,0,-3.5919,1.9271,0.18,0.114,1168.36
11548,-5.4572,50,0,-3.646,1.9025,0.17,0.0975,1168.45
11549,-5.5652,50,0,-3.658,1.9108,0.17,1.0668,1169.52
11550,-4.214,50,0,-3.6506,1.9072,0.17,0.1074,1169.63
11551,-4.7336,50,0,-3.6691,1.9087,0.17,0.0991,1169.73
11552,-2.6482,50,0,-3.6489,1.9087,0.17,0.0947,1169.82
11553,-4.2326,50,0,-3.634,1.8983,0.17,0.0974,1169.92
11554,-0.0299,1,1,-3.5899,1.93,0.18,0.0027,1169.92
11555,-3.7696,50,0,-3.5924,1.9301,0.18,0.1057,1170.03
11556,-3.6998,50,0,-3.5766,1.9226,0.18,0.0999,1170.13
11557,-3.9416,50,0,-3.5806,1.923,0.18,0.1063,1170.23
11558,-2.9478,50,0,-3.5753,1.924,0.18,0.1308,1170.36
11559,-4.8852,50,0,-3.624,1.8946,0.17,0.1255,1170.49
11560,-4.9294,50,0,-3.6155,1.8867,0.17,0.0881,1170.58
11561,-3.5628,50,0,-3.5921,1.8728,0.17,0.0909,1170.67
11562,-3.7892,50,0,-3.6024,1.871,0.17,0.1061,1170.78
11563,-0.0492,1,1,-3.5496,1.8959,0.18,0.002,1170.78
11564,-2.8668,50,0,-3.5781,1.8637,0.17,0.0956,1170.87
11565,-4.8294,50,0,-3.5889,1.8678,0.17,0.0931,1170.97
11566,-2.54,50,0,-3.5624,1.8637,0.17,0.1059,1171.07
11567,-5.9335,50,0,-3.6213,1.8446,0.16,0.1133,1171.18
11568,-6.585,50,0,-3.6469,1.8676,0.16,0.0998,1171.28
11569,-2.665,50,0,-3.6378,1.8702,0.16,0.1237,1171.41
11570,-0.0331,1,1,-3.6012,1.9042,0.17,0.0026,1171.41
11571,-5.5454,50,0,-3.6301,1.9116,0.17,0.1216,1171.53
11572,-4.9846,50,0,-3.6217,1.9037,0.17,0.0886,1171.62
11573,-5.3698,50,0,-3.6375,1.9116,0.17,0.0997,1171.72
11574,-4.7343,50,0,-3.6845,1.8799,0.16,0.1012,1171.82
11575,-0.0488,1,1,-3.6532,1.9138,0.17,0.0018,1171.82
11576,-4.9129,50,0,-3.6756,1.9152,0.17,0.0921,1171.92
11577,-5.5128,50,0,-3.6953,1.9239,0.17,0.0958,1172.01
11578,-0.013,1,1,-3.6697,1.9554,0.18,0.0021,1172.01
11579,-3.7786,50,0,-3.6793,1.9536,0.18,0.0943,1172.11
11580,-0.0297,1,1,-3.6793,1.9537,0.18,0.0032,1172.11
11581,-4.081,50,0,-3.6755,1.9526,0.18,0.1107,1172.22
11582,-3.3286,50,0,-3.6817,1.9504,0.18,0.0953,1172.32
11583,-0.0117,1,1,-3.6452,1.9843,0.19,0.0028,1172.32
11584,-4.6687,50,0,-3.6608,1.9862,0.19,0.1024,1172.42
11585,-4.0514,50,0,-3.646,1.9777,0.19,0.0875,1172.51
11586,-2.8708,50,0,-3.635,1.9789,0.19,0.0924,1172.6
11587,-4.4594,50,0,-3.6411,1.9805,0.19,0.0892,1172.69
11588,-4.9865,50,0,-3.6297,1.9695,0.19,0.095,1172.79
11589,-0.0442,1,1,-3.6,2.0007,0.2,0.0025,1172.79
11590,-5.8193,50,0,-3.5939,1.993,0.2,0.1042,1172.89
11591,-0.0185,1,1,-3.5444,2.0195,0.21,0.0018,1172.9
11592,-5.0338,50,0,-3.5626,2.0246,0.21,0.1024,1173.0
11593,-0.0414,1,1,-3.5209,2.0536,0.22,0.0019,1173.0
11594,-5.3191,50,0,-3.5468,2.0597,0.22,0.0907,1173.09
11595,-5.2216,50,0,-3.5485,2.061,0.22,0.1075,1173.2
11596,-2.5447,50,0,-3.5296,2.0615,0.22,0.0979,1173.3
11597,-3.5648,50,0,-3.5649,2.0315,0.21,0.0996,1173.4
11598,-4.891,50,0,-3.6134,2.0045,0.2,0.1014,1173.5
11599,-0.0486,1,1,-3.5747,2.0353,0.21,0.0035,1173.5
11600,-4.186,50,0,-3.5511,2.0143,0.21,0.1005,1173.6
11601,-5.94,50,0,-3.5641,2.0255,0.21,1.0036,1174.6
11602,-4.8188,50,0,-3.5698,2.0282,0.21,0.1048,1174.71
11603,-2.8335,50,0,-3.598,1.998,0.2,0.1139,1174.82
11604,-6.7135,50,0,-3.6111,2.014,0.2,0.099,1174.92
11605,-2.9615,50,0,-3.5912,2.0105,0.2,0.0866,1175.01
11606,-4.4473,50,0,-3.5769,1.9992,0.2,0.0915,1175.1
11607,-4.699,50,0,-3.5698,1.994,0.2,0.1016,1175.2
11608,-2.9431,50,0,-3.5429,1.9841,0.2,0.0951,1175.3
11609,-3.5797,50,0,-3.5491,1.9833,0.2,0.0871,1175.38
11610,-4.1414,50,0,-3.5345,1.9735,0.2,0.0894,1175.47
11611,-4.1747,50,0,-3.5758,1.943,0.19,0.099,1175.57
11612,-5.3787,50,0,-3.5669,1.9326,0.19,0.1142,1175.69
11613,-0.049,1,1,-3.5187,1.9594,0.2,0.0018,1175.69
11614,-6.4664,50,0,-3.517,1.9568,0.2,0.099,1175.79
11615,-0.0378,1,1,-3.4681,1.9819,0.21,0.0022,1175.79
11616,-4.6174,50,0,-3.4721,1.9838,0.21,0.0964,1175.89
11617,-2.9543,50,0,-3.4665,1.9845,0.21,0.1206,1176.01
11618,-0.0332,1,1,-3.4665,1.9844,0.21,0.0023,1176.01
11619,-5.998,50,0,-3.4805,1.9973,0.21,0.107,1176.12
11620,-2.9517,50,0,-3.4575,1.9899,0.21,0.1128,1176.23
11621,-5.7115,50,0,-3.4754,2.002,0.21,0.1172,1176.35
11622,-2.6383,50,0,-3.4522,1.9981,0.21,0.0934,1176.44
11623,-4.5319,50,0,-3.4552,1.9995,0.21,0.1059,1176.55
11624,-4.9282,50,0,-3.4777,2.0033,0.21,0.1038,1176.65
11625,-0.0221,1,1,-3.4288,2.0273,0.22,0.0023,1176.65
11626,-2.5538,50,0,-3.4539,2.0005,0.21,0.1075,1176.76
11627,-0.041,1,1,-3.4538,2.0007,0.21,0.0025,1176.76
11628,-2.6283,50,0,-3.4331,1.9983,0.21,0.0952,1176.86
11629,-3.7706,50,0,-3.4703,1.9694,0.2,0.0952,1176.95
11630,-5.929,50,0,-3.4949,1.9845,0.2,0.1062,1177.06
11631,-4.1794,50,0,-3.4957,1.9848,0.2,0.1015,1177.16
11632,-5.0321,50,0,-3.5164,1.9899,0.2,0.1037,1177.26
11633,-0.0166,1,1,-3.4726,2.018,0.21,0.0019,1177.27
11634,-0.02,1,1,-3.4346,2.0467,0.22,0.0017,1177.27
11635,-4.1986,50,0,-3.4245,2.0403,0.22,0.1104,1177.38
11636,-2.77,50,0,-3.4197,2.0413,0.22,0.0988,1177.48
11637,-3.5405,50,0,-3.4001,2.0306,0.22,0.0936,1177.57
11638,-2.7265,50,0,-3.4269,2.0038,0.21,0.1019,1177.67
11639,-3.9614,50,0,-3.4145,1.9966,0.21,0.113,1177.78
11640,-0.0273,1,1,-3.4143,1.9968,0.21,0.0031,1177.79
11641,-4.9093,50,0,-3.4633,1.9727,0.2,0.0963,1177.88
11642,-0.0477,1,1,-3.4635,1.9723,0.2,0.0019,1177.89
11643,-4.5289,50,0,-3.468,1.9742,0.2,0.1034,1177.99
11644,-0.0214,1,1,-3.4338,2.0037,0.21,0.0023,1177.99
11645,-5.0114,50,0,-3.4313,2.0016,0.21,0.1177,1178.11
11646,-5.5901,50,0,-3.444,2.0112,0.21,0.0994,1178.21
11647,-0.0144,1,1,-3.3912,2.0311,0.22,0.0024,1178.21
11648,-3.5313,50,0,-3.3719,2.0206,0.22,0.0967,1178.31
11649,-4.9783,50,0,-3.3661,2.015,0.22,0.0911,1178.4
11650,-4.826,50,0,-3.3722,2.0185,0.22,0.0933,1178.49
11651,-3.6173,50,0,-3.361,2.014,0.22,0.1071,1178.6
11652,-4.2816,50,0,-3.3774,2.0148,0.22,1.0913,1179.69
11653,-3.7073,50,0,-3.3721,2.0133,0.22,0.1038,1179.79
11654,-0.0369,1,1,-3.3722,2.0131,0.22,0.0024,1179.8
11655,-4.7664,50,0,-3.3821,2.0175,0.22,0.1131,1179.91
11656,-4.2649,50,0,-3.3878,2.0192,0.22,0.1005,1180.01
11657,-4.2432,50,0,-3.3908,2.0203,0.22,0.103,1180.11
11658,-4.1873,50,0,-3.4032,2.0213,0.22,0.0813,1180.2
11659,-2.6756,50,0,-3.3811,2.0171,0.22,0.1091,1180.3
11660,-4.1607,50,0,-3.3734,2.0126,0.22,0.0928,1180.4
11661,-3.4709,50,0,-3.3725,2.0125,0.22,0.0988,1180.5
11662,-4.6661,50,0,-3.3813,2.0162,0.22,0.117,1180.61
11663,-3.7975,50,0,-3.4187,1.9886,0.21,0.0939,1180.71
11664,-5.1714,50,0,-3.4418,1.9954,0.21,0.0966,1180.8
11665,-4.9759,50,0,-3.4433,1.9965,0.21,0.092,1180.9
11666,-3.8414,50,0,-3.4563,1.9948,0.21,0.0992,1180.99
11667,-3.1398,50,0,-3.4283,1.9794,0.21,0.0936,1181.09
11668,-4.0453,50,0,-3.4029,1.9549,0.21,0.0956,1181.18
11669,-3.6982,50,0,-3.4133,1.9537,0.21,0.1152,1181.3
11670,-4.7395,50,0,-3.4603,1.9282,0.2,0.1242,1181.42
11671,-4.834,50,0,-3.4532,1.9218,0.2,0.0959,1181.52
11672,-2.7068,50,0,-3.4304,1.917,0.2,0.1182,1181.64
11673,-2.9114,50,0,-3.4059,1.9077,0.2,0.1072,1181.74
11674,-4.176,50,0,-3.4003,1.9047,0.2,0.7855,1182.53
11675,-0.0053,1,1,-3.3998,1.9054,0.2,0.0018,1182.53
11676,-5.1753,50,0,-3.4025,1.9077,0.2,0.0939,1182.63
11677,-4.7648,50,0,-3.395,1.9008,0.2,0.1079,1182.73
11678,-3.3161,50,0,-3.428,1.8702,0.19,0.1137,1182.85
11679,-4.8896,50,0,-3.4391,1.8756,0.19,0.1057,1182.95
11680,-3.7862,50,0,-3.4767,1.8443,0.18,0.0961,1183.05
11681,-0.0222,1,1,-3.4361,1.8749,0.19,0.0029,1183.05
11682,-3.9647,50,0,-3.4425,1.8756,0.19,0.1001,1183.15
11683,-2.8463,50,0,-3.4708,1.8448,0.18,0.0883,1183.24
11684,-4.9248,50,0,-3.4734,1.8466,0.18,0.0989,1183.34
11685,-4.5222,50,0,-3.4781,1.8487,0.18,0.11,1183.45
11686,-2.7126,50,0,-3.4765,1.8492,0.18,0.0938,1183.54
11687,-3.7321,50,0,-3.4692,1.8468,0.18,0.0912,1183.63
11688,-4.079,50,0,-3.4601,1.8415,0.18,0.1016,1183.74
11689,-3.0955,50,0,-3.4907,1.8097,0.17,0.0999,1183.84
11690,-0.043,1,1,-3.4329,1.8265,0.18,0.0023,1183.84
11691,-5.6667,50,0,-3.4894,1.8073,0.17,0.1062,1183.94
11692,-2.5077,50,0,-3.4641,1.8032,0.17,0.092,1184.04
11693,-2.6045,50,0,-3.4897,1.7723,0.16,0.0924,1184.13
11694,-2.8037,50,0,-3.4646,1.764,0.16,0.1002,1184.23
11695,-0.0435,1,1,-3.4128,1.7875,0.17,0.0023,1184.23
11696,-2.5742,50,0,-3.4131,1.7874,0.17,0.1037,1184.33
11697,-3.6438,50,0,-3.4139,1.7875,0.17,0.102,1184.44
11698,-0.0351,1,1,-3.3653,1.8125,0.18,0.003,1184.44
11699,-4.5292,50,0,-3.4101,1.7851,0.17,0.9935,1185.43
11700,-3.4047,50,0,-3.4023,1.7834,0.17,0.1056,1185.54
11701,-5.5284,50,0,-3.3982,1.778,0.17,0.0975,1185.64
11702,-5.3829,50,0,-3.4039,1.7834,0.17,0.1018,1185.74
11703,-0.0304,1,1,-3.3758,1.8139,0.18,0.0024,1185.74
11704,-0.0299,1,1,-3.309,1.8128,0.19,0.0024,1185.74
11705,-4.3155,50,0,-3.3225,1.8152,0.19,0.0985,1185.84
11706,-6.5108,50,0,-3.3432,1.8395,0.19,0.0836,1185.92
11707,-4.9161,50,0,-3.3453,1.8412,0.19,0.101,1186.03
11708,-5.1538,50,0,-3.3674,1.8495,0.19,0.0984,1186.12
11709,-2.6526,50,0,-3.3582,1.8507,0.19,0.1084,1186.23
11710,-5.1331,50,0,-3.3681,1.8575,0.19,0.0926,1186.33
11711,-3.3693,50,0,-3.36,1.8557,0.19,0.0964,1186.42
11712,-0.0199,1,1,-3.3064,1.874,0.2,0.0024,1186.42
11713,-3.9088,50,0,-3.345,1.846,0.19,0.1033,1186.53
11714,-3.2353,50,0,-3.3127,1.8192,0.19,0.1052,1186.63
11715,-4.0968,50,0,-3.3533,1.7907,0.18,0.0926,1186.73
11716,-5.8157,50,0,-3.3653,1.8031,0.18,0.0858,1186.81
11717,-3.4427,50,0,-3.3702,1.8026,0.18,0.0993,1186.91
11718,-6.0846,50,0,-3.4307,1.7911,0.17,0.0933,1187.0
11719,-2.7589,50,0,-3.3983,1.7736,0.17,0.0942,1187.1
11720,-4.8847,50,0,-3.4176,1.7792,0.17,0.1368,1187.23
11721,-4.5721,50,0,-3.4063,1.7681,0.17,0.1156,1187.35
11722,-4.8074,50,0,-3.4279,1.7718,0.17,0.1369,1187.49
11723,-3.2367,50,0,-3.415,1.7684,0.17,0.0981,1187.59
11724,-4.018,50,0,-3.4059,1.7629,0.17,0.1095,1187.69
11725,-5.3889,50,0,-3.4596,1.7407,0.16,0.0979,1187.79
11726,-4.0895,50,0,-3.4749,1.7394,0.16,0.095,1187.89
11727,-5.8134,50,0,-3.5326,1.7201,0.15,0.1047,1187.99
11728,-4.9081,50,0,-3.5554,1.7231,0.15,0.1067,1188.1
11729,-5.0577,50,0,-3.5683,1.7295,0.15,0.0992,1188.2
11730,-4.1412,50,0,-3.5504,1.7141,0.15,0.1073,1188.31
11731,-0.0331,1,1,-3.509,1.7482,0.16,0.0033,1188.31
11732,-0.038,1,1,-3.459,1.7751,0.17,0.0031,1188.31
11733,-4.3669,50,0,-3.5025,1.7433,0.16,0.1083,1188.42
11734,-2.5638,50,0,-3.528,1.7105,0.15,0.1002,1188.52
11735,-4.4966,50,0,-3.5309,1.7119,0.15,0.0955,1188.62
11736,-5.3876,50,0,-3.5571,1.7201,0.15,0.1009,1188.72
11737,-3.1674,50,0,-3.5534,1.7205,0.15,0.0892,1188.81
11738,-0.0336,1,1,-3.5265,1.754,0.16,0.0028,1188.81
11739,-5.1122,50,0,-3.538,1.7606,0.16,0.0926,1188.9
11740,-4.4798,50,0,-3.5825,1.7272,0.15,0.1019,1189.0
11741,-0.0329,1,1,-3.5337,1.7576,0.16,0.0027,1189.01
11742,-5.0033,50,0,-3.5833,1.7283,0.15,0.116,1189.12
11743,-2.5858,50,0,-3.5639,1.7285,0.15,0.1228,1189.24
11744,-0.025,1,1,-3.5639,1.7284,0.15,0.002,1189.25
11745,-5.3313,50,0,-3.5671,1.7313,0.15,0.1014,1189.35
11746,-4.6523,50,0,-3.5577,1.7229,0.15,0.1065,1189.45
11747,-5.1577,50,0,-3.6091,1.6928,0.14,0.0942,1189.55
11748,-0.0435,1,1,-3.5743,1.7296,0.15,0.0019,1189.55
11749,-0.0346,1,1,-3.5248,1.7592,0.16,0.0018,1189.55
11750,-5.7293,50,0,-3.5339,1.7681,0.16,1.0327,1190.59
11751,-4.3262,50,0,-3.5409,1.7699,0.16,0.1172,1190.7
11752,-5.0039,50,0,-3.5482,1.7744,0.16,0.1165,1190.82
11753,-0.0429,1,1,-3.5115,1.8082,0.17,0.0023,1190.82
11754,-4.9829,50,0,-3.561,1.7799,0.16,0.0899,1190.91
11755,-3.3031,50,0,-3.5464,1.776,0.16,0.0996,1191.01
11756,-5.1718,50,0,-3.5554,1.7819,0.16,0.1113,1191.12
11757,-3.2835,50,0,-3.5458,1.7808,0.16,0.1197,1191.24
11758,-3.4962,50,0,-3.5389,1.7796,0.16,0.1046,1191.35
11759,-0.0292,1,1,-3.5125,1.8116,0.17,0.0025,1191.35
11760,-2.7442,50,0,-3.4983,1.812,0.17,0.0967,1191.45
11761,-4.0457,50,0,-3.504,1.8129,0.17,0.1074,1191.55
11762,-0.0458,1,1,-3.4578,1.8413,0.18,0.0027,1191.56
11763,-5.9594,50,0,-3.4795,1.8578,0.18,0.1026,1191.66
11764,-2.687,50,0,-3.4546,1.8516,0.18,0.0985,1191.76
11765,-4.243,50,0,-3.4473,1.847,0.18,0.0908,1191.85
11766,-5.1337,50,0,-3.4602,1.8542,0.18,0.1155,1191.96
11767,-5.7215,50,0,-3.486,1.8675,0.18,0.1088,1192.07
11768,-3.0381,50,0,-3.4759,1.8672,0.18,0.0853,1192.16
11769,-5.1007,50,0,-3.49,1.8741,0.18,0.1046,1192.26
11770,-3.5148,50,0,-3.4777,1.8698,0.18,0.0973,1192.36
11771,-0.021,1,1,-3.4296,1.8961,0.19,0.0021,1192.36
11772,-0.0333,1,1,-3.4029,1.9247,0.2,0.0017,1192.36
11773,-0.0393,1,1,-3.3741,1.953,0.21,0.0016,1192.36
11774,-2.7381,50,0,-3.3598,1.9524,0.21,0.0972,1192.46
11775,-3.8627,50,0,-3.3983,1.9236,0.2,0.1156,1192.58
11776,-0.0252,1,1,-3.3468,1.9442,0.21,0.0025,1192.58
11777,-3.1045,50,0,-3.3302,1.9391,0.21,0.0989,1192.68
11778,-5.6709,50,0,-3.3538,1.953,0.21,0.098,1192.78
11779,-4.8496,50,0,-3.3534,1.9527,0.21,0.0927,1192.87
11780,-4.4131,50,0,-3.3597,1.9551,0.21,0.1,1192.97
11781,-4.0282,50,0,-3.3997,1.9271,0.2,0.0963,1193.07
11782,-3.7015,50,0,-3.3971,1.9266,0.2,0.0898,1193.16
11783,-4.6929,50,0,-3.4155,1.93,0.2,0.1069,1193.26
11784,-0.0421,1,1,-3.3667,1.9529,0.21,0.0021,1193.26
11785,-4.5281,50,0,-3.3668,1.9529,0.21,0.099,1193.36
11786,-4.2628,50,0,-3.3823,1.9538,0.21,0.0976,1193.46
11787,-4.085,50,0,-3.3858,1.9547,0.21,0.1073,1193.57
11788,-0.0241,1,1,-3.3453,1.9818,0.22,0.0024,1193.57
11789,-4.3705,50,0,-3.358,1.9843,0.22,0.1013,1193.67
11790,-2.5064,50,0,-3.3826,1.9581,0.21,0.1014,1193.77
11791,-2.6476,50,0,-3.3525,1.9459,0.21,0.1014,1193.87
11792,-4.6347,50,0,-3.3737,1.9481,0.21,0.1011,1193.98
11793,-4.7559,50,0,-3.3952,1.9514,0.21,0.0858,1194.06
11794,-4.8656,50,0,-3.4159,1.9559,0.21,0.0883,1194.15
11795,-5.6252,50,0,-3.4717,1.9385,0.2,0.1098,1194.26
11796,-0.0267,1,1,-3.4462,1.9666,0.21,0.0032,1194.26
11797,-3.7566,50,0,-3.4473,1.9668,0.21,0.1111,1194.37
11798,-5.623,50,0,-3.5032,1.9483,0.2,0.1102,1194.48
11799,-4.6,50,0,-3.5039,1.9487,0.2,0.1168,1194.6
11800,-4.392,50,0,-3.5138,1.9507,0.2,0.0937,1194.69
11801,-0.0173,1,1,-3.4587,1.9707,0.21,0.0047,1194.7
11802,-4.4633,50,0,-3.4495,1.9639,0.21,0.9492,1195.65
11803,-4.8218,50,0,-3.4974,1.9381,0.2,0.1012,1195.75
11804,-4.247,50,0,-3.5396,1.9079,0.19,0.0942,1195.84
11805,-0.0464,1,1,-3.4969,1.9376,0.2,0.0017,1195.85
11806,-4.7013,50,0,-3.4788,1.9177,0.2,0.0743,1195.92
11807,-6.5622,50,0,-3.4952,1.9369,0.2,0.1147,1196.03
11808,-0.0337,1,1,-3.444,1.9599,0.21,0.0021,1196.04
11809,-3.2707,50,0,-3.4502,1.9584,0.21,0.0924,1196.13
11810,-4.0944,50,0,-3.4398,1.9522,0.21,0.1093,1196.24
11811,-0.0493,1,1,-3.4066,1.9811,0.22,0.003,1196.24
11812,-0.0396,1,1,-3.4068,1.9808,0.22,0.0026,1196.24
11813,-4.4266,50,0,-3.412,1.9828,0.22,0.0922,1196.34
11814,-4.3841,50,0,-3.4235,1.985,0.22,0.093,1196.43
11815,-4.8564,50,0,-3.4311,1.9891,0.22,0.0788,1196.51
11816,-5.3681,50,0,-3.4266,1.9842,0.22,0.0768,1196.58
11817,-0.0431,1,1,-3.3926,2.0125,0.23,0.0021,1196.59
11818,-2.9967,50,0,-3.3617,1.9946,0.23,0.0873,1196.67
11819,-3.9511,50,0,-3.3737,1.9945,0.23,0.1076,1196.78
11820,-3.0842,50,0,-3.3557,1.9889,0.23,0.0977,1196.88
11821,-3.8107,50,0,-3.348,1.9857,0.23,0.0901,1196.97
11822,-3.2083,50,0,-3.332,1.9803,0.23,0.0812,1197.05
11823,-3.062,50,0,-3.3303,1.9805,0.23,0.0896,1197.14
11824,-0.0204,1,1,-3.2903,2.0064,0.24,0.0017,1197.14
11825,-4.4399,50,0,-3.2808,1.9987,0.24,0.1051,1197.25
11826,-4.6116,50,0,-3.2861,2.0014,0.24,0.0959,1197.34
11827,-4.0065,50,0,-3.268,1.9866,0.24,0.1223,1197.47
11828,-5.1322,50,0,-3.2702,1.9886,0.24,0.1082,1197.57
11829,-3.5934,50,0,-3.2556,1.9808,0.24,0.0918,1197.67
11830,-6.0803,50,0,-3.275,1.9988,0.24,0.1047,1197.77
11831,-3.4702,50,0,-3.3093,1.9721,0.23,0.1012,1197.87
11832,-5.6749,50,0,-3.3657,1.9583,0.22,0.0878,1197.96
11833,-3.5001,50,0,-3.357,1.9558,0.22,0.1028,1198.06
11834,-2.9202,50,0,-3.3606,1.9546,0.22,0.1147,1198.18
11835,-4.3538,50,0,-3.3592,1.9539,0.22,0.0984,1198.28
11836,-4.2973,50,0,-3.3483,1.9455,0.22,0.1014,1198.38
11837,-3.9972,50,0,-3.3566,1.9465,0.22,0.0987,1198.48
11838,-6.3884,50,0,-3.4201,1.9407,0.21,0.1043,1198.58
11839,-3.3868,50,0,-3.4029,1.9332,0.21,0.0893,1198.67
11840,-6.6137,50,0,-3.4242,1.9567,0.21,0.1152,1198.78
11841,-3.204,50,0,-3.4559,1.9269,0.2,0.0996,1198.88
11842,-4.7088,50,0,-3.453,1.9248,0.2,0.1025,1198.99
11843,-4.4162,50,0,-3.4713,1.9251,0.2,0.0936,1199.08
11844,-5.0053,50,0,-3.5211,1.8996,0.19,0.0971,1199.18
11845,-3.8979,50,0,-3.5068,1.8913,0.19,0.0943,1199.27
11846,-5.1282,50,0,-3.5115,1.8947,0.19,0.0858,1199.36
11847,-0.0362,1,1,-3.4603,1.9186,0.2,0.0023,1199.36
11848,-0.0283,1,1,-3.4601,1.9189,0.2,0.0017,1199.36
11849,-0.0254,1,1,-3.4601,1.919,0.2,0.0023,1199.36
11850,-3.1092,50,0,-3.4339,1.9057,0.2,0.0983,1199.46
11851,-3.6244,50,0,-3.4268,1.9037,0.2,0.0985,1199.56
11852,-4.9878,50,0,-3.4267,1.9036,0.2,0.9977,1200.56
11853,-6.044,50,0,-3.4867,1.8905,0.19,0.112,1200.67
11854,-4.5327,50,0,-3.4822,1.8875,0.19,0.0942,1200.76
11855,-4.9942,50,0,-3.4991,1.8934,0.19,0.1014,1200.87
11856,-3.1172,50,0,-3.4785,1.8862,0.19,0.092,1200.96
11857,-5.2317,50,0,-3.498,1.8942,0.19,0.094,1201.05
11858,-4.5291,50,0,-3.5084,1.8969,0.19,0.0977,1201.15
11859,-4.7954,50,0,-3.556,1.8686,0.18,0.0992,1201.25
11860,-4.8264,50,0,-3.5768,1.871,0.18,0.099,1201.35
11861,-4.0804,50,0,-3.5772,1.8711,0.18,0.1128,1201.46
11862,-2.6777,50,0,-3.6035,1.8395,0.17,0.0977,1201.56
11863,-5.0516,50,0,-3.5944,1.8301,0.17,0.0942,1201.65
11864,-4.3621,50,0,-3.6112,1.8294,0.17,0.0949,1201.75
11865,-3.6704,50,0,-3.6055,1.8283,0.17,0.0978,1201.84
11866,-5.6503,50,0,-3.6106,1.8333,0.17,0.0881,1201.93
11867,-3.6955,50,0,-3.5904,1.821,0.17,0.0991,1202.03
11868,-3.7896,50,0,-3.5979,1.8203,0.17,0.0877,1202.12
11869,-4.0265,50,0,-3.5871,1.8145,0.17,0.088,1202.21
11870,-5.1352,50,0,-3.6033,1.821,0.17,0.0953,1202.3
11871,-3.1699,50,0,-3.6348,1.7857,0.16,0.0976,1202.4
11872,-4.8469,50,0,-3.683,1.7525,0.15,0.1019,1202.5
11873,-4.5389,50,0,-3.728,1.7158,0.14,0.0838,1202.59
11874,-0.0379,1,1,-3.701,1.752,0.15,0.0034,1202.59
11875,-4.9486,50,0,-3.7118,1.7563,0.15,0.1099,1202.7
11876,-0.0476,1,1,-3.712,1.7559,0.15,0.0035,1202.7
11877,-4.5979,50,0,-3.727,1.757,0.15,0.1021,1202.8
11878,-5.8933,50,0,-3.7292,1.7596,0.15,0.1106,1202.92
11879,-4.8449,50,0,-3.7291,1.7596,0.15,0.1092,1203.02
11880,-4.2156,50,0,-3.7272,1.7589,0.15,0.0973,1203.12
11881,-6.3219,50,0,-3.7501,1.7775,0.15,0.1025,1203.22
11882,-2.7419,50,0,-3.7405,1.7804,0.15,0.1146,1203.34
11883,-0.0144,1,1,-3.6937,1.8158,0.16,0.0023,1203.34
11884,-4.5289,50,0,-3.7386,1.7801,0.15,0.0941,1203.44
11885,-0.0263,1,1,-3.6936,1.8162,0.16,0.002,1203.44
11886,-5.1654,50,0,-3.7026,1.8212,0.16,0.0921,1203.53
11887,-3.9329,50,0,-3.7011,1.8209,0.16,0.1109,1203.64
11888,-4.6315,50,0,-3.7472,1.7853,0.15,0.1003,1203.74
11889,-3.3669,50,0,-3.7371,1.7846,0.15,0.1191,1203.86
11890,-0.0269,1,1,-3.7123,1.8184,0.16,0.0023,1203.86
11891,-0.0323,1,1,-3.6862,1.852,0.17,0.0025,1203.86
11892,-5.65,50,0,-3.6963,1.8599,0.17,0.0921,1203.96
11893,-0.0328,1,1,-3.6491,1.8921,0.18,0.0022,1203.96
11894,-3.905,50,0,-3.6395,1.8884,0.18,0.0878,1204.05
11895,-4.2148,50,0,-3.6254,1.8787,0.18,0.1221,1204.17
11896,-3.3335,50,0,-3.6585,1.8439,0.17,0.105,1204.27
11897,-5.984,50,0,-3.6807,1.8583,0.17,0.1014,1204.38
11898,-0.0465,1,1,-3.625,1.8827,0.18,0.0024,1204.38
11899,-4.5669,50,0,-3.6246,1.8825,0.18,0.1053,1204.48
11900,-2.9444,50,0,-3.6102,1.8821,0.18,1.1242,1205.61
11901,-4.1638,50,0,-3.6516,1.8479,0.17,0.1168,1205.72
11902,-6.5511,50,0,-3.6725,1.8686,0.17,0.1421,1205.87
11903,-4.6727,50,0,-3.671,1.8678,0.17,0.1026,1205.97
11904,-3.9196,50,0,-3.6677,1.867,0.17,0.1166,1206.09
11905,-3.2425,50,0,-3.6997,1.8318,0.16,0.1046,1206.19
11906,-5.767,50,0,-3.7104,1.8407,0.16,0.0934,1206.28
11907,-3.2287,50,0,-3.677,1.8188,0.16,0.1173,1206.4
11908,-0.0488,1,1,-3.6772,1.8185,0.16,0.0031,1206.4
11909,-2.951,50,0,-3.674,1.8195,0.16,0.1462,1206.55
11910,-3.3377,50,0,-3.6664,1.8193,0.16,0.1148,1206.66
11911,-5.8518,50,0,-3.7244,1.7954,0.15,0.1117,1206.78
11912,-4.5025,50,0,-3.7691,1.7583,0.14,0.1335,1206.91
11913,-4.5313,50,0,-3.7701,1.7587,0.14,0.1284,1207.04
11914,-0.0346,1,1,-3.7266,1.7964,0.15,0.0026,1207.04
11915,-0.0375,1,1,-3.6784,1.8298,0.16,0.0021,1207.04
11916,-0.0336,1,1,-3.6251,1.8573,0.17,0.0021,1207.05
11917,-2.6459,50,0,-3.6511,1.8248,0.16,0.0962,1207.14
11918,-3.596,50,0,-3.6571,1.8237,0.16,0.1199,1207.26
11919,-5.0807,50,0,-3.6684,1.8289,0.16,0.1033,1207.36
11920,-2.9806,50,0,-3.6674,1.8293,0.16,0.9565,1208.32
11921,-3.4883,50,0,-3.6641,1.8293,0.16,0.1151,1208.44
11922,-4.068,50,0,-3.6727,1.8292,0.16,0.0894,1208.53
11923,-3.9497,50,0,-3.6816,1.8284,0.16,0.0954,1208.62
11924,-0.0225,1,1,-3.6816,1.8283,0.16,0.0025,1208.62
11925,-6.2337,50,0,-3.6996,1.8444,0.16,0.1076,1208.73
11926,-4.2032,50,0,-3.6955,1.8428,0.16,0.0976,1208.83
11927,-0.0446,1,1,-3.6559,1.878,0.17,0.0018,1208.83
11928,-3.1199,50,0,-3.6357,1.8728,0.17,0.1001,1208.93
11929,-5.9609,50,0,-3.6594,1.887,0.17,0.0909,1209.02
11930,-4.4498,50,0,-3.6431,1.873,0.17,0.0978,1209.12
11931,-0.0437,1,1,-3.6088,1.9069,0.18,0.002,1209.12
11932,-2.6947,50,0,-3.579,1.8977,0.18,0.1048,1209.23
11933,-4.7911,50,0,-3.592,1.9015,0.18,0.1017,1209.33
11934,-4.3987,50,0,-3.6067,1.902,0.18,0.1085,1209.44
11935,-5.9868,50,0,-3.6231,1.9153,0.18,0.0976,1209.53
11936,-5.7164,50,0,-3.6373,1.9254,0.18,0.0808,1209.61
11937,-4.9521,50,0,-3.6468,1.9296,0.18,0.0901,1209.7
11938,-3.2893,50,0,-3.6158,1.9101,0.18,0.1079,1209.81
11939,-2.5271,50,0,-3.6072,1.913,0.18,0.09,1209.9
11940,-5.6495,50,0,-3.5976,1.9002,0.18,0.1079,1210.01
11941,-3.4522,50,0,-3.6001,1.8999,0.18,0.1132,1210.12
11942,-0.0361,1,1,-3.5533,1.9293,0.19,0.0026,1210.13
11943,-4.8395,50,0,-3.5576,1.9316,0.19,0.0989,1210.23
11944,-4.3016,50,0,-3.5505,1.9276,0.19,0.097,1210.32
11945,-4.221,50,0,-3.5538,1.9284,0.19,0.0927,1210.41
11946,-2.9385,50,0,-3.5319,1.9229,0.19,0.1002,1210.52
11947,-6.604,50,0,-3.5975,1.9145,0.18,0.0973,1210.61
11948,-3.7773,50,0,-3.635,1.8806,0.17,0.0957,1210.71
11949,-5.3881,50,0,-3.6887,1.8532,0.16,1.0267,1211.73
11950,-4.3176,50,0,-3.7007,1.8533,0.16,0.1287,1211.86
11951,-0.0467,1,1,-3.665,1.8887,0.17,0.0028,1211.87
11952,-3.4725,50,0,-3.6498,1.8841,0.17,0.1133,1211.98
11953,-0.0458,1,1,-3.5898,1.9023,0.18,0.0035,1211.98
11954,-4.3202,50,0,-3.5877,1.9013,0.18,0.0928,1212.08
11955,-4.1238,50,0,-3.579,1.8969,0.18,0.1026,1212.18
11956,-0.0263,1,1,-3.5481,1.929,0.19,0.0036,1212.18
11957,-0.0236,1,1,-3.496,1.953,0.2,0.0027,1212.18
11958,-3.7322,50,0,-3.488,1.9504,0.2,0.1352,1212.32
11959,-0.0296,1,1,-3.4404,1.976,0.21,0.0026,1212.32
11960,-4.4279,50,0,-3.4364,1.9736,0.21,0.1039,1212.43
11961,-3.1029,50,0,-3.4266,1.9728,0.21,0.097,1212.52
11962,-5.2148,50,0,-3.452,1.9793,0.21,0.1021,1212.63
11963,-4.7287,50,0,-3.4488,1.9769,0.21,0.1107,1212.74
11964,-4.7979,50,0,-3.4531,1.9794,0.21,0.0999,1212.84
11965,-0.0184,1,1,-3.4166,2.0085,0.22,0.0022,1212.84
11966,-5.229,50,0,-3.4124,2.0043,0.22,0.1143,1212.95
11967,-4.3942,50,0,-3.4194,2.0065,0.22,0.0989,1213.05
11968,-4.2,50,0,-3.4235,2.0077,0.22,0.095,1213.15
11969,-0.0471,1,1,-3.3837,2.0346,0.23,0.0027,1213.15
11970,-5.3364,50,0,-3.3857,2.0364,0.23,0.1091,1213.26
11971,-5.0203,50,0,-3.4042,2.0427,0.23,0.0974,1213.36
11972,-4.9808,50,0,-3.4055,2.0437,0.23,0.1023,1213.46
11973,-4.3086,50,0,-3.4032,2.0426,0.23,0.0998,1213.56
11974,-3.8948,50,0,-3.4418,2.0149,0.22,0.1052,1213.66
11975,-4.404,50,0,-3.4364,2.0116,0.22,0.1064,1213.77
11976,-4.8618,50,0,-3.4845,1.9873,0.21,0.0989,1213.87
11977,-4.5489,50,0,-3.484,1.9871,0.21,0.0899,1213.96
11978,-4.2277,50,0,-3.4674,1.9737,0.21,0.096,1214.05
11979,-3.6487,50,0,-3.4554,1.969,0.21,0.0932,1214.15
11980,-4.0016,50,0,-3.4533,1.9683,0.21,0.0868,1214.23
11981,-3.0344,50,0,-3.4204,1.9474,0.21,0.1107,1214.34
11982,-4.5878,50,0,-3.4388,1.9497,0.21,0.0891,1214.43
11983,-5.2411,50,0,-3.4911,1.9271,0.2,0.0951,1214.53
11984,-0.0452,1,1,-3.4463,1.9544,0.21,0.0021,1214.53
11985,-5.2032,50,0,-3.498,1.9315,0.2,0.1031,1214.63
11986,-5.5614,50,0,-3.502,1.9354,0.2,0.1002,1214.73
11987,-3.4941,50,0,-3.4976,1.9349,0.2,0.1072,1214.84
11988,-5.5127,50,0,-3.5064,1.942,0.2,0.088,1214.93
11989,-4.8176,50,0,-3.5209,1.9463,0.2,0.1229,1215.05
11990,-0.0472,1,1,-3.5211,1.946,0.2,0.0023,1215.05
11991,-5.3825,50,0,-3.5746,1.9227,0.19,0.0867,1215.14
11992,-4.7981,50,0,-3.5661,1.9154,0.19,0.1177,1215.26
11993,-5.0658,50,0,-3.6164,1.8878,0.18,0.126,1215.39
11994,-2.9441,50,0,-3.6068,1.8887,0.18,0.1039,1215.49
11995,-3.7213,50,0,-3.6019,1.8878,0.18,0.1109,1215.6
11996,-0.0286,1,1,-3.5689,1.9208,0.19,0.0024,1215.6
11997,-3.4652,50,0,-3.5437,1.9055,0.19,0.0871,1215.69
11998,-0.0489,1,1,-3.5437,1.9054,0.19,0.0026,1215.69
11999,-3.9397,50,0,-3.5374,1.9031,0.19,0.1028,1215.79
12000,-6.1897,50,0,-3.5699,1.9203,0.19,0.1232,1215.92
12001,-4.4698,50,0,-3.5729,1.9215,0.19,1.0568,1216.97
12002,-4.1931,50,0,-3.5494,1.8991,0.19,0.138,1217.11
12003,-3.931,50,0,-3.5419,1.8961,0.19,0.1055,1217.22
12004,-2.7173,50,0,-3.5299,1.8975,0.19,0.1047,1217.32
12005,-0.0051,1,1,-3.4975,1.9295,0.2,0.0031,1217.33
12006,-4.4292,50,0,-3.4842,1.9183,0.2,0.1294,1217.46
12007,-0.0159,1,1,-3.452,1.949,0.21,0.0023,1217.46
12008,-0.0245,1,1,-3.4518,1.9494,0.21,0.0021,1217.46
12009,-4.4179,50,0,-3.4665,1.9511,0.21,0.105,1217.56
12010,-0.0228,1,1,-3.4333,1.981,0.22,0.002,1217.57
12011,-0.0498,1,1,-3.3753,1.9942,0.23,0.0021,1217.57
12012,-4.9716,50,0,-3.38,1.9974,0.23,0.0839,1217.65
12013,-5.2883,50,0,-3.3875,2.0032,0.23,0.112,1217.76
12014,-0.0459,1,1,-3.3877,2.003,0.23,0.002,1217.77
12015,-5.4613,50,0,-3.4419,1.9849,0.22,0.0954,1217.86
12016,-4.6663,50,0,-3.4882,1.9587,0.21,0.095,1217.96
12017,-4.4484,50,0,-3.5063,1.9591,0.21,0.1001,1218.06
12018,-0.0289,1,1,-3.4706,1.9894,0.22,0.002,1218.06
12019,-2.5021,50,0,-3.4448,1.9851,0.22,0.084,1218.14
12020,-2.8343,50,0,-3.4433,1.9855,0.22,0.1101,1218.25
12021,-4.845,50,0,-3.4569,1.9904,0.22,0.0949,1218.35
12022,-2.5319,50,0,-3.4415,1.9915,0.22,0.0948,1218.44
12023,-4.5763,50,0,-3.4478,1.9941,0.22,0.0931,1218.54
12024,-0.04,1,1,-3.448,1.9938,0.22,0.0025,1218.54
12025,-4.8405,50,0,-3.434,1.9791,0.22,0.0998,1218.64
12026,-4.3249,50,0,-3.4353,1.9796,0.22,0.0961,1218.73
12027,-3.6269,50,0,-3.4711,1.9501,0.21,0.1156,1218.85
12028,-3.0667,50,0,-3.4706,1.9502,0.21,0.1003,1218.95
12029,-4.1609,50,0,-3.4526,1.9354,0.21,0.1102,1219.06
12030,-2.9583,50,0,-3.4376,1.9334,0.21,0.1035,1219.16
12031,-4.9378,50,0,-3.4866,1.9087,0.2,0.0905,1219.25
12032,-5.0327,50,0,-3.51,1.9131,0.2,0.1038,1219.36
12033,-0.0495,1,1,-3.4625,1.9394,0.21,0.0024,1219.36
12034,-3.8772,50,0,-3.4573,1.9375,0.21,0.09,1219.45
12035,-0.0247,1,1,-3.3977,1.9505,0.22,0.0033,1219.45
12036,-0.0457,1,1,-3.341,1.9646,0.23,0.0027,1219.46
12037,-3.4995,50,0,-3.3265,1.958,0.23,0.1081,1219.56
12038,-4.0613,50,0,-3.3342,1.9594,0.23,0.1104,1219.68
12039,-3.4737,50,0,-3.3437,1.9577,0.23,0.0974,1219.77
12040,-5.0095,50,0,-3.3373,1.9512,0.23,0.0971,1219.87
12041,-3.3189,50,0,-3.3359,1.9512,0.23,0.0969,1219.97
12042,-3.9468,50,0,-3.375,1.9237,0.22,0.0919,1220.06
12043,-5.1292,50,0,-3.3779,1.9261,0.22,0.1157,1220.17
12044,-3.3001,50,0,-3.3679,1.9239,0.22,0.1047,1220.28
12045,-2.8406,50,0,-3.3541,1.9226,0.22,0.1141,1220.39
12046,-0.0281,1,1,-3.325,1.9505,0.23,0.0028,1220.4
12047,-5.2754,50,0,-3.3117,1.9326,0.23,0.1086,1220.5
12048,-3.6062,50,0,-3.31,1.9323,0.23,0.1086,1220.61
12049,-2.6617,50,0,-3.2828,1.9219,0.23,0.1185,1220.73
12050,-4.1394,50,0,-3.281,1.9211,0.23,0.1188,1220.85
12051,-4.9165,50,0,-3.3297,1.9001,0.22,0.0849,1220.94
12052,-3.1634,50,0,-3.3266,1.9001,0.22,0.1173,1221.05
12053,-5.7642,50,0,-3.3838,1.8865,0.21,0.1079,1221.16
12054,-4.5648,50,0,-3.3862,1.8879,0.21,1.1077,1222.27
12055,-4.5711,50,0,-3.3907,1.8901,0.21,0.0997,1222.37
12056,-4.8392,50,0,-3.4388,1.865,0.2,0.0939,1222.46
12057,-6.6122,50,0,-3.5047,1.8595,0.19,0.1158,1222.58
12058,-4.852,50,0,-3.5159,1.8642,0.19,0.1116,1222.69
12059,-4.2975,50,0,-3.5586,1.8325,0.18,0.0989,1222.79
12060,-5.164,50,0,-3.5659,1.8375,0.18,0.0929,1222.88
12061,-4.1045,50,0,-3.5759,1.8376,0.18,0.1037,1222.98
12062,-0.034,1,1,-3.5241,1.8635,0.19,0.0027,1222.99
12063,-4.165,50,0,-3.5185,1.8607,0.19,0.0935,1223.08
12064,-3.1852,50,0,-3.5024,1.8566,0.19,0.0918,1223.17
12065,-2.7592,50,0,-3.5298,1.8249,0.18,0.0984,1223.27
12066,-5.0454,50,0,-3.528,1.8233,0.18,0.1021,1223.37
12067,-2.6991,50,0,-3.511,1.823,0.18,0.1051,1223.48
12068,-4.2489,50,0,-3.5115,1.8232,0.18,0.1324,1223.61
12069,-4.9918,50,0,-3.5609,1.7954,0.17,0.0853,1223.7
12070,-3.0271,50,0,-3.5378,1.7873,0.17,0.1041,1223.8
12071,-6.0858,50,0,-3.5485,1.7992,0.17,0.1257,1223.93
12072,-0.0469,1,1,-3.4992,1.8267,0.18,0.0023,1223.93
12073,-0.022,1,1,-3.4563,1.8572,0.19,0.0021,1223.93
12074,-0.0362,1,1,-3.4177,1.8876,0.2,0.0022,1223.93
12075,-5.4104,50,0,-3.4278,1.8955,0.2,0.1039,1224.04
12076,-4.9766,50,0,-3.4289,1.8964,0.2,0.0933,1224.13
12077,-3.1017,50,0,-3.4144,1.8933,0.2,0.099,1224.23
12078,-5.7722,50,0,-3.4299,1.9061,0.2,0.0988,1224.33
12079,-3.6106,50,0,-3.4295,1.9061,0.2,0.1216,1224.45
12080,-2.9584,50,0,-3.4191,1.9058,0.2,0.0999,1224.55
12081,-0.0485,1,1,-3.3892,1.9347,0.21,0.0028,1224.55
12082,-3.6967,50,0,-3.3803,1.9312,0.21,0.127,1224.68
12083,-5.5144,50,0,-3.383,1.9341,0.21,0.1153,1224.79
12084,-5.803,50,0,-3.4406,1.9195,0.2,0.0909,1224.88
12085,-6.1258,50,0,-3.4498,1.9301,0.2,0.0876,1224.97
12086,-4.1196,50,0,-3.4354,1.9197,0.2,0.1058,1225.08
12087,-2.7509,50,0,-3.428,1.9209,0.2,0.1004,1225.18
12088,-0.0461,1,1,-3.3733,1.9385,0.21,0.0027,1225.18
12089,-3.9339,50,0,-3.3645,1.9339,0.21,0.0807,1225.26
12090,-0.0452,1,1,-3.3645,1.9339,0.21,0.002,1225.26
12091,-3.3402,50,0,-3.344,1.9232,0.21,0.1044,1225.37
12092,-2.9757,50,0,-3.3258,1.918,0.21,0.1151,1225.48
12093,-0.0409,1,1,-3.2756,1.9375,0.22,0.0031,1225.49
12094,-5.0164,50,0,-3.2963,1.9449,0.22,0.1005,1225.59
12095,-6.2222,50,0,-3.3213,1.9662,0.22,0.0937,1225.68
12096,-0.0213,1,1,-3.3212,1.9663,0.22,0.0026,1225.68
12097,-0.0449,1,1,-3.287,1.993,0.23,0.0025,1225.69
12098,-5.0146,50,0,-3.3367,1.9735,0.22,0.107,1225.79
12099,-5.6465,50,0,-3.3538,1.986,0.22,0.1006,1225.89
12100,-2.7708,50,0,-3.3196,1.9662,0.22,0.0941,1225.99
12101,-3.1269,50,0,-3.3061,1.9629,0.22,0.117,1226.1
12102,-4.3709,50,0,-3.3079,1.9638,0.22,0.1095,1226.21
12103,-5.2989,50,0,-3.3216,1.9728,0.22,0.1117,1226.33
12104,-0.0396,1,1,-3.2948,1.9988,0.23,0.0031,1226.33
12105,-4.5477,50,0,-3.3402,1.975,0.22,0.9875,1227.32
12106,-4.4823,50,0,-3.3408,1.9753,0.22,0.1063,1227.42
12107,-3.3355,50,0,-3.374,1.9469,0.21,0.109,1227.53
12108,-5.5299,50,0,-3.429,1.9291,0.2,0.0958,1227.63
12109,-4.5278,50,0,-3.4301,1.9297,0.2,0.0985,1227.73
12110,-5.267,50,0,-3.4826,1.9075,0.19,0.1027,1227.83
12111,-5.3632,50,0,-3.5357,1.885,0.18,0.1076,1227.94
12112,-5.8531,50,0,-3.5445,1.8938,0.18,0.1071,1228.04
12113,-5.1699,50,0,-3.5433,1.8927,0.18,0.103,1228.15
12114,-2.6755,50,0,-3.5696,1.862,0.17,0.0977,1228.24
12115,-0.0298,1,1,-3.5153,1.8851,0.18,0.0033,1228.25
12116,-5.5042,50,0,-3.5237,1.892,0.18,0.1037,1228.35
12117,-4.7845,50,0,-3.527,1.894,0.18,0.1098,1228.46
12118,-0.0177,1,1,-3.5269,1.8942,0.18,0.0053,1228.47
12119,-4.7973,50,0,-3.5499,1.8955,0.18,0.0978,1228.56
12120,-2.8368,50,0,-3.5499,1.8955,0.18,0.1233,1228.69
12121,-5.2884,50,0,-3.5543,1.899,0.18,0.0989,1228.79
12122,-4.8155,50,0,-3.5772,1.9003,0.18,0.0895,1228.88
12123,-2.8573,50,0,-3.56,1.899,0.18,0.0989,1228.97
12124,-0.0205,1,1,-3.5598,1.8994,0.18,0.0027,1228.98
12125,-4.5059,50,0,-3.5565,1.8974,0.18,0.0927,1229.07
12126,-0.0322,1,1,-3.5135,1.9278,0.19,0.0031,1229.07
12127,-3.8385,50,0,-3.5156,1.9281,0.19,0.1142,1229.19
12128,-4.5999,50,0,-3.531,1.9305,0.19,0.1161,1229.3
12129,-3.5855,50,0,-3.5252,1.9295,0.19,0.1007,1229.4
12130,-4.9805,50,0,-3.5454,1.9341,0.19,0.0875,1229.49
12131,-3.1992,50,0,-3.5281,1.9293,0.19,0.0928,1229.58
12132,-4.7937,50,0,-3.5257,1.9276,0.19,0.1058,1229.69
12133,-5.6896,50,0,-3.5821,1.9074,0.18,0.112,1229.8
12134,-3.6939,50,0,-3.5802,1.9072,0.18,0.1163,1229.92
12135,-4.5293,50,0,-3.6253,1.8757,0.17,0.1119,1230.03
12136,-5.5222,50,0,-3.68,1.8501,0.16,0.1033,1230.13
12137,-4.5417,50,0,-3.6905,1.852,0.16,0.102,1230.24
12138,-4.3681,50,0,-3.6935,1.8529,0.16,0.0974,1230.33
12139,-0.0321,1,1,-3.6591,1.8883,0.17,0.0023,1230.34
12140,-4.5142,50,0,-3.6542,1.8854,0.17,0.1078,1230.44
12141,-5.118,50,0,-3.6722,1.8907,0.17,0.1009,1230.54
12142,-5.1667,50,0,-3.6844,1.8963,0.17,0.1001,1230.64
12143,-3.278,50,0,-3.6658,1.8911,0.17,0.0865,1230.73
12144,-3.7996,50,0,-3.6708,1.8908,0.17,0.0971,1230.83
12145,-0.0345,1,1,-3.6428,1.9235,0.18,0.0035,1230.83
12146,-5.1023,50,0,-3.6935,1.8942,0.17,0.1146,1230.95
12147,-4.2452,50,0,-3.6832,1.8883,0.17,0.0967,1231.04
12148,-2.8088,50,0,-3.6752,1.8903,0.17,0.0911,1231.13
12149,-0.0209,1,1,-3.6488,1.9225,0.18,0.0018,1231.14
12150,-2.652,50,0,-3.634,1.9244,0.18,0.0777,1231.21
12151,-0.0397,1,1,-3.5852,1.9528,0.19,0.0019,1231.22
12152,-0.0286,1,1,-3.5538,1.9843,0.2,0.0018,1231.22
12153,-3.0437,50,0,-3.5266,1.9724,0.2,0.0983,1231.32
12154,-5.8473,50,0,-3.5395,1.9832,0.2,0.097,1231.41
12155,-4.0566,50,0,-3.5343,1.9812,0.2,0.9981,1232.41
12156,-2.7059,50,0,-3.513,1.9785,0.2,0.1152,1232.53
12157,-5.2986,50,0,-3.4999,1.9622,0.2,0.1085,1232.63
12158,-4.8352,50,0,-3.4997,1.9621,0.2,0.1089,1232.74
12159,-6.0127,50,0,-3.5168,1.9764,0.2,0.1013,1232.84
12160,-6.0192,50,0,-3.5254,1.9854,0.2,0.1015,1232.95
12161,-3.3749,50,0,-3.5181,1.9846,0.2,0.0958,1233.04
12162,-6.1715,50,0,-3.5795,1.9707,0.19,0.0951,1233.14
12163,-3.0766,50,0,-3.5686,1.9705,0.19,0.0861,1233.22
12164,-4.6676,50,0,-3.5834,1.9731,0.19,0.088,1233.31
12165,-0.0395,1,1,-3.5562,2.0028,0.2,0.0022,1233.31
12166,-5.2085,50,0,-3.5578,2.0041,0.2,0.103,1233.42
12167,-0.0064,1,1,-3.5309,2.0333,0.21,0.0024,1233.42
12168,-3.9856,50,0,-3.5283,2.0325,0.21,1.0833,1234.5
12169,-5.0041,50,0,-3.5284,2.0326,0.21,0.0976,1234.6
12170,-0.0376,1,1,-3.4985,2.0616,0.22,0.0026,1234.6
12171,-0.0425,1,1,-3.4381,2.0734,0.23,0.0048,1234.61
12172,-0.0417,1,1,-3.438,2.0735,0.23,0.0024,1234.61
12173,-0.0228,1,1,-3.438,2.0734,0.23,0.0019,1234.61
12174,-4.9582,50,0,-3.4872,2.0504,0.22,0.0987,1234.71
12175,-3.0663,50,0,-3.4638,2.0417,0.22,0.1007,1234.81
12176,-5.0413,50,0,-3.4645,2.0422,0.22,0.1113,1234.92
12177,-5.6812,50,0,-3.4903,2.0537,0.22,0.0995,1235.02
12178,-0.0382,1,1,-3.4329,2.0691,0.23,0.0024,1235.02
12179,-3.676,50,0,-3.4336,2.0692,0.23,0.0929,1235.12
12180,-0.0476,1,1,-3.4045,2.096,0.24,0.002,1235.12
12181,-2.5743,50,0,-3.4297,2.0705,0.23,0.115,1235.23
12182,-0.0205,1,1,-3.393,2.0978,0.24,0.003,1235.24
12183,-0.0267,1,1,-3.3381,2.1134,0.25,0.0029,1235.24
12184,-0.0277,1,1,-3.2803,2.1241,0.26,0.0029,1235.24
12185,-5.2421,50,0,-3.2715,2.114,0.26,0.1085,1235.35
12186,-5.5596,50,0,-3.2859,2.1247,0.26,0.1037,1235.45
12187,-5.0082,50,0,-3.3085,2.1308,0.26,0.101,1235.56
12188,-0.0447,1,1,-3.3084,2.1309,0.26,0.0018,1235.56
12189,-4.9599,50,0,-3.3187,2.1363,0.26,0.0894,1235.65
12190,-0.0137,1,1,-3.3184,2.1368,0.26,0.0023,1235.65
12191,-3.7119,50,0,-3.3221,2.1371,0.26,0.0988,1235.75
12192,-4.3776,50,0,-3.3361,2.1394,0.26,0.1193,1235.87
12193,-4.0994,50,0,-3.3767,2.1149,0.25,0.0965,1235.96
12194,-3.0649,50,0,-3.3572,2.1087,0.25,0.1099,1236.07
12195,-2.8194,50,0,-3.3232,2.0895,0.25,0.1055,1236.18
12196,-4.5707,50,0,-3.3687,2.0665,0.24,0.0979,1236.28
12197,-0.0245,1,1,-3.3685,2.0669,0.24,0.0022,1236.28
12198,-2.6209,50,0,-3.3445,2.0615,0.24,0.094,1236.37
12199,-4.176,50,0,-3.3298,2.0503,0.24,0.0914,1236.46
12200,-4.812,50,0,-3.3502,2.0547,0.24,0.0976,1236.56
12201,-0.0434,1,1,-3.3194,2.0808,0.25,0.0046,1236.57
12202,-4.8684,50,0,-3.3244,2.0839,0.25,0.1045,1236.67
12203,-3.9599,50,0,-3.311,2.0755,0.25,0.0988,1236.77
12204,-4.7325,50,0,-3.3579,2.0539,0.24,0.0998,1236.87
12205,-2.9945,50,0,-3.3424,2.0507,0.24,0.0963,1236.97
12206,-3.5138,50,0,-3.3327,2.0476,0.24,0.0922,1237.06
12207,-5.356,50,0,-3.3529,2.0575,0.24,0.0874,1237.15
12208,-3.536,50,0,-3.333,2.0459,0.24,0.0869,1237.23
12209,-4.6357,50,0,-3.334,2.0466,0.24,0.1071,1237.34
12210,-3.4409,50,0,-3.3158,2.0374,0.24,0.092,1237.43
12211,-4.5122,50,0,-3.3073,2.0306,0.24,1.035,1238.47
12212,-5.3584,50,0,-3.3023,2.025,0.24,0.1062,1238.57
12213,-4.9858,50,0,-3.3005,2.0234,0.24,0.099,1238.67
12214,-4.4223,50,0,-3.3179,2.0254,0.24,0.1028,1238.77
12215,-3.1263,50,0,-3.3489,1.9984,0.23,0.1102,1238.88
12216,-4.6077,50,0,-3.3399,1.9907,0.23,0.1054,1238.99
12217,-3.9493,50,0,-3.3316,1.9864,0.23,0.1072,1239.1
12218,-4.6693,50,0,-3.3781,1.9626,0.22,0.1023,1239.2
12219,-3.0685,50,0,-3.3608,1.9576,0.22,0.106,1239.31
12220,-0.0466,1,1,-3.3329,1.9846,0.23,0.0024,1239.31
12221,-6.0407,50,0,-3.3404,1.9934,0.23,0.116,1239.42
12222,-3.7068,50,0,-3.3294,1.9882,0.23,0.1079,1239.53
12223,-0.032,1,1,-3.3011,2.0146,0.24,0.0022,1239.53
12224,-0.029,1,1,-3.3012,2.0145,0.24,0.0022,1239.54
12225,-4.4394,50,0,-3.3005,2.0141,0.24,0.1011,1239.64
12226,-3.2457,50,0,-3.3327,1.9871,0.23,0.0919,1239.73
12227,-2.7853,50,0,-3.3221,1.9872,0.23,0.1097,1239.84
12228,-0.0467,1,1,-3.2766,2.0095,0.24,0.0022,1239.84
12229,-6.0007,50,0,-3.3007,2.0275,0.24,0.0919,1239.93
12230,-4.0713,50,0,-3.2917,2.0219,0.24,0.0924,1240.03
12231,-4.9719,50,0,-3.3094,2.0288,0.24,0.1106,1240.14
12232,-4.6724,50,0,-3.3082,2.028,0.24,0.1005,1240.24
12233,-0.0126,1,1,-3.2514,2.0399,0.25,0.0019,1240.24
12234,-4.863,50,0,-3.2631,2.0458,0.25,0.0821,1240.32
12235,-5.3587,50,0,-3.2714,2.0526,0.25,0.0999,1240.42
12236,-2.66,50,0,-3.2428,2.0409,0.25,0.0924,1240.51
12237,-6.2935,50,0,-3.2603,2.0594,0.25,0.0975,1240.61
12238,-4.2482,50,0,-3.2591,2.0588,0.25,0.1048,1240.72
12239,-0.0258,1,1,-3.259,2.0589,0.25,0.0032,1240.72
12240,-5.0323,50,0,-3.2642,2.0627,0.25,0.0881,1240.81
12241,-4.8109,50,0,-3.2611,2.0602,0.25,0.0887,1240.9
12242,-5.5763,50,0,-3.2652,2.0643,0.25,0.094,1240.99
12243,-4.0692,50,0,-3.2731,2.0659,0.25,0.0972,1241.09
12244,-2.7381,50,0,-3.2625,2.0659,0.25,0.0909,1241.18
12245,-3.0432,50,0,-3.2926,2.0404,0.24,0.1153,1241.29
12246,-3.8412,50,0,-3.28,2.0331,0.24,0.1012,1241.39
12247,-6.2272,50,0,-3.2998,2.052,0.24,0.0868,1241.48
12248,-5.473,50,0,-3.3265,2.0627,0.24,0.103,1241.58
12249,-2.8597,50,0,-3.3548,2.0364,0.23,0.0994,1241.68
12250,-4.391,50,0,-3.3722,2.0377,0.23,0.1071,1241.79
12251,-0.0062,1,1,-3.3719,2.0382,0.23,0.0023,1241.79
12252,-0.0193,1,1,-3.3718,2.0384,0.23,0.0017,1241.79
12253,-4.7915,50,0,-3.3893,2.043,0.23,0.1302,1241.92
12254,-0.0228,1,1,-3.331,2.0551,0.24,0.0021,1241.93
12255,-3.5945,50,0,-3.3264,2.054,0.24,0.0971,1242.02
12256,-3.8657,50,0,-3.338,2.0537,0.24,0.0892,1242.11
12257,-0.0341,1,1,-3.2854,2.0702,0.25,0.002,1242.11
12258,-2.804,50,0,-3.2651,2.0648,0.25,0.1008,1242.22
12259,-5.8305,50,0,-3.2632,2.0625,0.25,0.105,1242.32
12260,-4.7203,50,0,-3.2503,2.0491,0.25,0.0976,1242.42
12261,-5.2457,50,0,-3.269,2.0587,0.25,0.1178,1242.54
12262,-4.0948,50,0,-3.2482,2.0397,0.25,1.0383,1243.57
12263,-4.4797,50,0,-3.2622,2.0433,0.25,0.1036,1243.68
12264,-0.0457,1,1,-3.216,2.0632,0.26,0.002,1243.68
12265,-4.1295,50,0,-3.2569,2.0402,0.25,0.0932,1243.77
12266,-5.1977,50,0,-3.2568,2.0401,0.25,0.0973,1243.87
12267,-5.2559,50,0,-3.3093,2.0233,0.24,0.0972,1243.97
12268,-4.6745,50,0,-3.3162,2.0267,0.24,0.1113,1244.08
12269,-4.8911,50,0,-3.315,2.0258,0.24,0.0875,1244.17
12270,-0.0209,1,1,-3.3149,2.0261,0.24,0.0018,1244.17
12271,-0.0191,1,1,-3.3146,2.0265,0.24,0.0043,1244.17
12272,-4.1895,50,0,-3.3561,2.0013,0.23,0.1021,1244.27
12273,-5.7684,50,0,-3.4136,1.9872,0.22,0.1042,1244.38
12274,-0.0366,1,1,-3.3644,2.0092,0.23,0.0022,1244.38
12275,-0.0495,1,1,-3.3342,2.0359,0.24,0.0017,1244.38
12276,-4.3116,50,0,-3.3269,2.0311,0.24,0.0939,1244.48
12277,-4.978,50,0,-3.3199,2.0241,0.24,0.0895,1244.57
12278,-5.4018,50,0,-3.3735,2.0075,0.23,0.1147,1244.68
12279,-5.0912,50,0,-3.3877,2.0145,0.23,0.0948,1244.78
12280,-4.6419,50,0,-3.4336,1.9901,0.22,0.1127,1244.89
12281,-4.2258,50,0,-3.4501,1.9897,0.22,0.0972,1244.99
12282,-0.017,1,1,-3.4501,1.9898,0.22,0.0023,1244.99
12283,-4.8728,50,0,-3.4985,1.9647,0.21,0.0791,1245.07
12284,-3.4206,50,0,-3.5325,1.9335,0.2,0.1117,1245.18
12285,-3.1824,50,0,-3.5119,1.9261,0.2,0.0877,1245.27
12286,-0.0393,1,1,-3.4567,1.9456,0.21,0.0023,1245.27
12287,-5.1703,50,0,-3.4583,1.947,0.21,0.108,1245.38
12288,-0.0121,1,1,-3.458,1.9476,0.21,0.0019,1245.38
12289,-4.8421,50,0,-3.4568,1.9467,0.21,0.0967,1245.48
12290,-5.2659,50,0,-3.5093,1.9238,0.2,0.1002,1245.58
12291,-4.7569,50,0,-3.5198,1.9277,0.2,0.1106,1245.69
12292,-0.0354,1,1,-3.4763,1.9566,0.21,0.0024,1245.69
12293,-3.154,50,0,-3.4669,1.9559,0.21,0.093,1245.78
12294,-6.55,50,0,-3.5017,1.9793,0.21,0.0912,1245.87
12295,-6.3765,50,0,-3.5373,1.9986,0.21,0.0975,1245.97
12296,-5.8779,50,0,-3.5504,2.0095,0.21,0.0928,1246.06
12297,-0.0483,1,1,-3.5506,2.0091,0.21,0.002,1246.06
12298,-4.0211,50,0,-3.5646,2.0075,0.21,0.0935,1246.16
12299,-0.044,1,1,-3.5233,2.0368,0.22,0.0027,1246.16
12300,-3.8707,50,0,-3.5139,2.033,0.22,0.1115,1246.27
12301,-3.9437,50,0,-3.5529,2.0032,0.21,0.0973,1246.37
12302,-5.3552,50,0,-3.5578,2.007,0.21,0.0991,1246.47
12303,-3.9631,50,0,-3.5578,2.007,0.21,0.0894,1246.56
12304,-4.3601,50,0,-3.5541,2.0052,0.21,0.1093,1246.67
12305,-0.0118,1,1,-3.5242,2.0352,0.22,0.0027,1246.67
12306,-0.0199,1,1,-3.4893,2.0649,0.23,0.0024,1246.67
12307,-3.4387,50,0,-3.4701,2.0563,0.23,0.0995,1246.77
12308,-3.545,50,0,-3.4702,2.0563,0.23,0.0895,1246.86
12309,-0.0087,1,1,-3.4239,2.0815,0.24,0.0023,1246.86
12310,-0.0062,1,1,-3.3896,2.1091,0.25,0.0021,1246.87
12311,-3.8753,50,0,-3.3832,2.1066,0.25,0.1076,1246.97
12312,-5.7144,50,0,-3.3868,2.1103,0.25,0.1046,1247.08
12313,-5.2875,50,0,-3.3898,2.1128,0.25,0.1101,1247.19
12314,-0.0189,1,1,-3.3458,2.1365,0.26,0.0024,1247.19
12315,-3.6178,50,0,-3.3507,2.1366,0.26,0.1054,1247.3
12316,-0.0092,1,1,-3.3047,2.1584,0.27,0.0024,1247.3
12317,-4.9171,50,0,-3.3144,2.1635,0.27,0.1034,1247.4
12318,-3.9796,50,0,-3.3075,2.1602,0.27,0.1067,1247.51
12319,-0.0272,1,1,-3.2771,2.1846,0.28,0.0026,1247.51
12320,-4.3538,50,0,-3.3201,2.1629,0.27,1.0752,1248.59
12321,-0.0318,1,1,-3.26,2.1699,0.28,0.0024,1248.59
12322,-3.0198,50,0,-3.2532,2.1696,0.28,0.1001,1248.69
12323,-0.0394,1,1,-3.2533,2.1695,0.28,0.0026,1248.69
12324,-0.0202,1,1,-3.2532,2.1696,0.28,0.0021,1248.69
12325,-3.686,50,0,-3.2456,2.1668,0.28,0.1002,1248.79
12326,-2.8682,50,0,-3.2419,2.1671,0.28,0.0997,1248.89
12327,-3.669,50,0,-3.2507,2.167,0.28,0.1047,1249.0
12328,-0.0485,1,1,-3.2507,2.167,0.28,0.0022,1249.0
12329,-2.9118,50,0,-3.2198,2.1495,0.28,0.1056,1249.11
12330,-5.351,50,0,-3.2326,2.1583,0.28,0.0948,1249.2
12331,-3.4948,50,0,-3.2178,2.1514,0.28,0.0913,1249.29
12332,-3.3699,50,0,-3.2048,2.1465,0.28,0.1027,1249.39
12333,-4.4623,50,0,-3.2493,2.1259,0.27,0.0958,1249.49
12334,-3.0499,50,0,-3.2312,2.1198,0.27,0.114,1249.6
12335,-5.5333,50,0,-3.2329,2.1216,0.27,0.0913,1249.7
12336,-4.1506,50,0,-3.2478,2.1228,0.27,0.1094,1249.81
12337,-2.5543,50,0,-3.2105,2.1016,0.27,0.11,1249.92
12338,-2.9513,50,0,-3.1975,2.0992,0.27,0.0964,1250.01
12339,-4.5723,50,0,-3.2429,2.0791,0.26,0.0915,1250.1
12340,-5.2037,50,0,-3.2447,2.0807,0.26,0.0956,1250.2
12341,-5.0808,50,0,-3.2474,2.0829,0.26,0.1012,1250.3
12342,-2.9186,50,0,-3.2208,2.0699,0.26,0.1104,1250.41
12343,-4.1023,50,0,-3.2211,2.0701,0.26,0.0948,1250.51
12344,-6.7745,50,0,-3.2615,2.0994,0.26,0.0923,1250.6
12345,-0.0186,1,1,-3.2312,2.124,0.27,0.0023,1250.6
12346,-5.8556,50,0,-3.2514,2.1391,0.27,0.091,1250.69
12347,-4.5799,50,0,-3.2349,2.1224,0.27,0.1034,1250.79
12348,-2.6022,50,0,-3.2062,2.1114,0.27,0.1062,1250.9
12349,-0.0467,1,1,-3.1781,2.1344,0.28,0.0025,1250.9
12350,-5.3175,50,0,-3.1873,2.1417,0.28,0.1079,1251.01
12351,-2.5164,50,0,-3.2124,2.1188,0.27,0.0993,1251.11
12352,-4.3326,50,0,-3.2556,2.0972,0.26,0.0891,1251.2
12353,-6.9262,50,0,-3.2769,2.1234,0.26,0.1106,1251.31
12354,-4.6838,50,0,-3.3235,2.1025,0.25,0.0918,1251.4
12355,-4.1441,50,0,-3.329,2.1039,0.25,0.0924,1251.49
12356,-4.816,50,0,-3.3385,2.1085,0.25,0.089,1251.58
12357,-4.2244,50,0,-3.3804,2.0839,0.24,0.0899,1251.67
12358,-0.0368,1,1,-3.3528,2.1095,0.25,0.0024,1251.68
12359,-4.9924,50,0,-3.3444,2.1013,0.25,0.0931,1251.77
12360,-4.4877,50,0,-3.342,2.0999,0.25,0.0989,1251.87
12361,-4.3946,50,0,-3.3335,2.0939,0.25,0.1085,1251.98
12362,-0.0333,1,1,-3.2929,2.118,0.26,0.0025,1251.98
12363,-3.3866,50,0,-3.282,2.1147,0.26,0.0989,1252.08
12364,-5.5288,50,0,-3.3368,2.1011,0.25,0.0958,1252.17
12365,-4.6115,50,0,-3.3416,2.1035,0.25,0.0899,1252.26
12366,-4.9088,50,0,-3.3388,2.1011,0.25,0.1052,1252.37
12367,-0.0195,1,1,-3.2864,2.1179,0.26,0.0022,1252.37
12368,-3.1214,50,0,-3.2709,2.1133,0.26,0.099,1252.47
12369,-3.3646,50,0,-3.2556,2.1071,0.26,0.0944,1252.56
12370,-3.1442,50,0,-3.2868,2.0819,0.25,1.0905,1253.65
12371,-6.5008,50,0,-3.3516,2.08,0.24,0.1155,1253.77
12372,-4.6829,50,0,-3.3566,2.0826,0.24,0.1068,1253.88
12373,-0.031,1,1,-3.2992,2.0944,0.25,0.0023,1253.88
12374,-4.2908,50,0,-3.3417,2.0707,0.24,0.1063,1253.99
12375,-3.1308,50,0,-3.3726,2.0443,0.23,0.1153,1254.1
12376,-5.6269,50,0,-3.3857,2.0545,0.23,0.1037,1254.2
12377,-4.3681,50,0,-3.3796,2.0506,0.23,0.0978,1254.3
12378,-3.5502,50,0,-3.3611,2.0406,0.23,0.0915,1254.39
12379,-6.0443,50,0,-3.3706,2.0509,0.23,0.0953,1254.49
12380,-6.4911,50,0,-3.3891,2.0705,0.23,0.0993,1254.59
12381,-6.5518,50,0,-3.4124,2.0927,0.23,0.0922,1254.68
12382,-0.0388,1,1,-3.4126,2.0924,0.23,0.0021,1254.68
12383,-4.976,50,0,-3.4136,2.0931,0.23,0.1042,1254.79
12384,-4.7206,50,0,-3.4266,2.0972,0.23,0.0931,1254.88
12385,-4.1366,50,0,-3.4362,2.0982,0.23,0.1012,1254.98
12386,-0.0236,1,1,-3.436,2.0984,0.23,0.0029,1254.98
12387,-5.2314,50,0,-3.4366,2.099,0.23,0.0952,1255.08
12388,-4.0393,50,0,-3.4769,2.0713,0.22,0.0888,1255.17
12389,-4.8461,50,0,-3.4769,2.0713,0.22,0.1349,1255.3
12390,-3.7329,50,0,-3.4616,2.0637,0.22,0.0977,1255.4
12391,-3.672,50,0,-3.4508,2.0597,0.22,0.1075,1255.51
12392,-4.8872,50,0,-3.4993,2.0357,0.21,0.1136,1255.62
12393,-3.4499,50,0,-3.5022,2.0354,0.21,0.1072,1255.73
12394,-2.5427,50,0,-3.4622,2.0144,0.21,0.1153,1255.84
12395,-2.7905,50,0,-3.4263,1.994,0.21,0.1108,1255.95
12396,-2.7172,50,0,-3.3947,1.9799,0.21,0.1451,1256.1
12397,-3.2387,50,0,-3.4266,1.9512,0.2,0.0934,1256.19
12398,-5.7561,50,0,-3.4439,1.9641,0.2,0.0999,1256.29
12399,-4.0262,50,0,-3.4838,1.9349,0.19,0.0987,1256.39
12400,-5.8342,50,0,-3.5034,1.9486,0.19,0.102,1256.49
12401,-2.9551,50,0,-3.4935,1.9489,0.19,0.1132,1256.61
12402,-3.062,50,0,-3.4706,1.9403,0.19,0.1074,1256.71
12403,-3.717,50,0,-3.4681,1.9398,0.19,0.1174,1256.83
12404,-4.958,50,0,-3.4741,1.9435,0.19,0.1155,1256.95
12405,-0.0496,1,1,-3.4745,1.9428,0.19,0.0025,1256.95
12406,-3.4617,50,0,-3.5089,1.9115,0.18,0.0881,1257.04
12407,-4.6245,50,0,-3.5208,1.9147,0.18,0.113,1257.15
12408,-0.0426,1,1,-3.4857,1.9458,0.19,0.002,1257.15
12409,-4.797,50,0,-3.5336,1.9183,0.18,0.1044,1257.26
12410,-3.1937,50,0,-3.5655,1.8857,0.17,0.0904,1257.35
12411,-3.6006,50,0,-3.5627,1.8854,0.17,0.0814,1257.43
12412,-5.0778,50,0,-3.5564,1.8792,0.17,0.0903,1257.52
12413,-5.6481,50,0,-3.56,1.8829,0.17,0.0972,1257.62
12414,-3.6814,50,0,-3.5966,1.8489,0.16,0.1052,1257.72
12415,-0.0349,1,1,-3.5608,1.8826,0.17,0.0021,1257.72
12416,-4.596,50,0,-3.6066,1.8511,0.16,0.0923,1257.82
12417,-3.1869,50,0,-3.5893,1.8469,0.16,1.0333,1258.85
12418,-5.0861,50,0,-3.6004,1.8525,0.16,0.115,1258.96
12419,-4.417,50,0,-3.6443,1.819,0.15,0.0972,1259.06
12420,-4.6406,50,0,-3.6472,1.8203,0.15,0.09,1259.15
12421,-3.7521,50,0,-3.6844,1.7837,0.14,0.0951,1259.25
12422,-3.4184,50,0,-3.6884,1.7827,0.14,1.0136,1260.26
12423,-4.3975,50,0,-3.7319,1.7458,0.13,0.087,1260.35
12424,-4.0122,50,0,-3.7719,1.7057,0.12,0.1089,1260.46
12425,-5.5687,50,0,-3.7907,1.715,0.12,0.1423,1260.6
12426,-4.7939,50,0,-3.8099,1.7153,0.12,0.1012,1260.7
12427,-3.5431,50,0,-3.8087,1.7155,0.12,0.1021,1260.8
12428,-4.6966,50,0,-3.8552,1.6755,0.11,0.1044,1260.91
12429,-3.8765,50,0,-3.8648,1.6728,0.11,0.1103,1261.02
12430,-5.5424,50,0,-3.8667,1.6746,0.11,0.0988,1261.12
12431,-5.2758,50,0,-3.8845,1.68,0.11,0.0994,1261.21
12432,-3.5356,50,0,-3.8862,1.6796,0.11,0.0901,1261.31
12433,-0.0269,1,1,-3.8418,1.7218,0.12,0.0022,1261.31
12434,-5.3639,50,0,-3.865,1.7265,0.12,0.1105,1261.42
12435,-4.4886,50,0,-3.8545,1.7196,0.12,0.0931,1261.51
12436,-4.0509,50,0,-3.8535,1.7194,0.12,0.1184,1261.63
12437,-0.027,1,1,-3.8283,1.7565,0.13,0.0043,1261.63
12438,-4.2318,50,0,-3.8411,1.7547,0.13,0.095,1261.73
12439,-4.7693,50,0,-3.843,1.7557,0.13,0.0992,1261.83
12440,-0.0183,1,1,-3.7912,1.7909,0.14,0.0018,1261.83
12441,-5.6136,50,0,-3.7965,1.7956,0.14,0.1083,1261.94
12442,-3.7267,50,0,-3.8046,1.7934,0.14,0.0833,1262.02
12443,-3.7298,50,0,-3.8009,1.7932,0.14,0.1069,1262.13
12444,-5.0491,50,0,-3.7836,1.7727,0.14,0.099,1262.23
12445,-6.2624,50,0,-3.8461,1.7487,0.13,0.0906,1262.32
12446,-3.9748,50,0,-3.8272,1.7371,0.13,0.0913,1262.41
12447,-0.022,1,1,-3.7817,1.7761,0.14,0.0024,1262.41
12448,-6.9369,50,0,-3.825,1.7995,0.14,0.1001,1262.51
12449,-0.045,1,1,-3.825,1.7996,0.14,0.0023,1262.51
12450,-2.9637,50,0,-3.8015,1.7953,0.14,0.0936,1262.61
12451,-3.7344,50,0,-3.8136,1.7907,0.14,0.0995,1262.71
12452,-2.968,50,0,-3.8,1.7918,0.14,0.0948,1262.8
12453,-0.0452,1,1,-3.7312,1.8026,0.15,0.0024,1262.8
12454,-4.0894,50,0,-3.7252,1.8004,0.15,0.0941,1262.9
12455,-4.0134,50,0,-3.7239,1.8001,0.15,0.0934,1262.99
12456,-3.2144,50,0,-3.7079,1.7975,0.15,0.0924,1263.08
12457,-0.0177,1,1,-3.6659,1.8337,0.16,0.003,1263.09
12458,-2.6303,50,0,-3.6918,1.8003,0.15,0.0973,1263.18
12459,-4.9212,50,0,-3.6911,1.7998,0.15,0.096,1263.28
12460,-4.6217,50,0,-3.6924,1.8004,0.15,0.1171,1263.4
12461,-4.4691,50,0,-3.6932,1.8007,0.15,0.0956,1263.49
12462,-2.8076,50,0,-3.7209,1.7651,0.14,0.0984,1263.59
12463,-3.9626,50,0,-3.7267,1.765,0.14,0.0948,1263.69
12464,-0.0415,1,1,-3.6718,1.7932,0.15,0.0029,1263.69
12465,-0.0454,1,1,-3.6261,1.8265,0.16,0.003,1263.69
12466,-2.8539,50,0,-3.6056,1.8235,0.16,0.1049,1263.8
