episode,reward,length,is_success,avg_reward_100,std_reward_100,success_rate_100,episode_time_s,cumulative_time_s
1,-0.0323,1,1,-0.0323,0.0,1.0,0.023,0.02
2,-4.3112,50,0,-2.1718,2.1394,0.5,0.2598,0.28
3,-5.4281,50,0,-3.2572,2.3255,0.3333,0.2388,0.52
4,-3.7995,50,0,-3.3928,2.0276,0.25,0.2425,0.76
5,-4.2387,50,0,-3.562,1.8448,0.2,0.2506,1.01
6,-5.3908,50,0,-3.8668,1.8168,0.1667,0.2342,1.25
7,-5.1185,50,0,-4.0456,1.7381,0.1429,0.2319,1.48
8,-4.676,50,0,-4.1244,1.6392,0.125,0.2705,1.75
9,-4.8669,50,0,-4.2069,1.5629,0.1111,0.2498,2.0
10,-2.8395,50,0,-4.0702,1.5384,0.1,0.2373,2.24
11,-5.1261,50,0,-4.1662,1.4979,0.0909,0.2536,2.49
12,-5.4961,50,0,-4.277,1.4805,0.0833,0.2212,2.71
13,-0.0242,1,1,-3.9499,1.8186,0.1538,0.0108,2.72
14,-4.0618,50,0,-3.9578,1.7527,0.1429,0.2373,2.96
15,-6.7796,50,0,-4.146,1.8338,0.1333,0.2667,3.23
16,-0.6731,12,1,-3.9289,1.9645,0.1875,0.0661,3.29
17,-4.4214,50,0,-3.9579,1.9094,0.1765,0.239,3.53
18,-0.0481,1,1,-3.7407,2.0604,0.2222,0.0065,3.54
19,-2.6303,50,0,-3.6822,2.0207,0.2105,0.2535,3.79
20,-4.3427,50,0,-3.7153,1.9748,0.2,0.2367,4.03
21,-0.0344,1,1,-3.54,2.0805,0.2381,0.0085,4.04
22,-0.0469,1,1,-3.3812,2.159,0.2727,0.0048,4.04
23,-6.4606,50,0,-3.5151,2.2029,0.2609,0.2384,4.28
24,-4.9559,50,0,-3.5751,2.1757,0.25,0.2093,4.49
25,-3.5174,50,0,-3.5728,2.1318,0.24,0.2225,4.71
26,-4.975,50,0,-3.6267,2.1077,0.2308,0.2068,4.92
27,-0.0499,1,1,-3.4943,2.1758,0.2593,0.0034,4.92
28,-4.8769,50,0,-3.5436,2.1519,0.25,0.1912,5.11
29,-3.08,50,0,-3.5277,2.1162,0.2414,0.218,5.33
30,-0.041,1,1,-3.4114,2.1727,0.2667,0.0056,5.34
31,-3.977,50,0,-3.4297,2.1397,0.2581,0.2264,5.56
32,-3.0645,50,0,-3.4183,2.107,0.25,0.2074,5.77
33,-3.6544,50,0,-3.4254,2.0752,0.2424,0.2204,5.99
34,-4.7768,50,0,-3.4652,2.0572,0.2353,0.2324,6.22
35,-6.5337,50,0,-3.5528,2.091,0.2286,0.2594,6.48
36,-2.9556,50,0,-3.5363,2.0641,0.2222,0.2216,6.71
37,-0.026,1,1,-3.4414,2.1141,0.2432,0.0102,6.72
38,-5.999,50,0,-3.5087,2.1259,0.2368,0.2193,6.94
39,-0.0314,1,1,-3.4195,2.1692,0.2564,0.0049,6.94
40,-0.0402,1,1,-3.335,2.206,0.275,0.0051,6.95
41,-5.588,50,0,-3.39,2.2065,0.2683,0.2325,7.18
42,-5.3143,50,0,-3.4358,2.1997,0.2619,0.2463,7.42
43,-3.3937,50,0,-3.4348,2.174,0.2558,0.2427,7.67
44,-6.0351,50,0,-3.4939,2.1838,0.25,0.2444,7.91
45,-4.273,50,0,-3.5112,2.1624,0.2444,0.2443,8.16
46,-0.0271,1,1,-3.4355,2.1983,0.2609,0.0039,8.16
47,-4.9308,50,0,-3.4673,2.1855,0.2553,0.208,8.37
48,-8.8491,50,0,-3.5794,2.2951,0.25,0.2324,8.6
49,-6.585,50,0,-3.6408,2.311,0.2449,0.2155,8.82
50,-5.1666,50,0,-3.6713,2.2977,0.24,0.2084,9.02
51,-0.0289,1,1,-3.5999,2.3305,0.2549,0.0045,9.03
52,-5.3294,50,0,-3.6331,2.3201,0.25,0.2259,9.25
53,-5.7036,50,0,-3.6722,2.3154,0.2453,0.2546,9.51
54,-0.0248,1,1,-3.6047,2.3459,0.2593,0.0048,9.51
55,-4.6356,50,0,-3.6234,2.3286,0.2545,0.2192,9.73
56,-3.2038,50,0,-3.6159,2.3084,0.25,0.2431,9.98
57,-5.5519,50,0,-3.6499,2.3021,0.2456,0.3003,10.28
58,-4.6244,50,0,-3.6667,2.2857,0.2414,0.239,10.52
59,-5.657,50,0,-3.7004,2.2808,0.2373,0.2269,10.74
60,-4.4752,50,0,-3.7133,2.2638,0.2333,0.1885,10.93
61,-0.0326,1,1,-3.653,2.2933,0.2459,0.0093,10.94
62,-2.9708,50,0,-3.642,2.2764,0.2419,0.1993,11.14
63,-6.5206,50,0,-3.6877,2.2867,0.2381,0.2391,11.38
64,-0.045,1,1,-3.6308,2.3133,0.25,0.0041,11.38
65,-9.5098,50,0,-3.7212,2.4068,0.2462,0.2094,11.59
66,-3.1404,50,0,-3.7124,2.3896,0.2424,0.2224,11.81
67,-2.646,50,0,-3.6965,2.3752,0.2388,0.2052,12.02
68,-4.6201,50,0,-3.7101,2.3603,0.2353,0.221,12.24
69,-2.5768,50,0,-3.6936,2.347,0.2319,0.2575,12.5
70,-5.5189,50,0,-3.7197,2.3402,0.2286,0.257,12.75
71,-4.7881,50,0,-3.7348,2.3271,0.2254,0.238,12.99
72,-4.2357,50,0,-3.7417,2.3116,0.2222,0.2302,13.22
73,-4.4342,50,0,-3.7512,2.2972,0.2192,0.2145,13.44
74,-4.4201,50,0,-3.7602,2.2829,0.2162,0.2203,13.66
75,-0.0161,1,1,-3.7103,2.3079,0.2267,0.0041,13.66
76,-5.697,50,0,-3.7365,2.3038,0.2237,0.2008,13.86
77,-5.3956,50,0,-3.758,2.2965,0.2208,0.2414,14.1
78,-5.4815,50,0,-3.7801,2.29,0.2179,0.247,14.35
79,-8.075,50,0,-3.8345,2.3256,0.2152,0.2118,14.56
80,-0.0053,1,1,-3.7866,2.3498,0.225,0.0052,14.57
81,-3.7643,50,0,-3.7863,2.3353,0.2222,0.2401,14.81
82,-0.0401,1,1,-3.7406,2.3571,0.2317,0.0039,14.81
83,-3.3875,50,0,-3.7364,2.3432,0.2289,0.2609,15.07
84,-4.8226,50,0,-3.7493,2.3322,0.2262,0.2446,15.32
85,-3.0801,50,0,-3.7414,2.3195,0.2235,0.2309,15.55
86,-0.0378,1,1,-3.6984,2.3399,0.2326,0.0046,15.55
87,-6.2479,50,0,-3.7277,2.3423,0.2299,0.2207,15.77
88,-4.6798,50,0,-3.7385,2.3311,0.2273,0.2325,16.01
89,-3.9763,50,0,-3.7412,2.3181,0.2247,0.2396,16.25
90,-4.316,50,0,-3.7476,2.306,0.2222,0.2048,16.45
91,-4.6045,50,0,-3.757,2.295,0.2198,0.2372,16.69
92,-0.6321,11,1,-3.723,2.3054,0.2283,0.0612,16.75
93,-4.3568,50,0,-3.7298,2.2939,0.2258,0.2348,16.98
94,-5.0602,50,0,-3.744,2.2858,0.2234,0.2118,17.2
95,-6.5723,50,0,-3.7738,2.2919,0.2211,0.2187,17.41
96,-0.0394,1,1,-3.7349,2.3113,0.2292,0.0049,17.42
97,-4.5404,50,0,-3.7432,2.3008,0.2268,0.2021,17.62
98,-0.0393,1,1,-3.7054,2.3191,0.2347,0.0031,17.62
99,-4.2503,50,0,-3.7109,2.308,0.2323,0.2323,17.86
100,-0.0446,1,1,-3.6742,2.3252,0.24,0.0075,17.86
101,-4.4444,50,0,-3.7183,2.2974,0.23,0.2609,18.13
102,-2.6792,50,0,-3.702,2.2989,0.23,0.2245,18.35
103,-4.8696,50,0,-3.6964,2.2954,0.23,0.2041,18.55
104,-0.0442,1,1,-3.6589,2.3239,0.24,0.0079,18.56
105,-0.0441,1,1,-3.6169,2.3508,0.25,0.0079,18.57
106,-5.4455,50,0,-3.6175,2.3512,0.25,0.23,18.8
107,-8.6635,50,0,-3.6529,2.3998,0.25,0.1899,18.99
108,-4.0598,50,0,-3.6468,2.3979,0.25,0.2125,19.2
109,-4.328,50,0,-3.6414,2.3958,0.25,0.2357,19.44
110,-5.497,50,0,-3.6679,2.4015,0.25,0.1928,19.63
111,-5.4892,50,0,-3.6716,2.404,0.25,0.1874,19.82
112,-3.2602,50,0,-3.6492,2.3973,0.25,0.1813,20.0
113,-6.238,50,0,-3.7114,2.383,0.24,0.2584,20.26
114,-5.4035,50,0,-3.7248,2.3887,0.24,0.2304,20.49
115,-4.1727,50,0,-3.6987,2.3694,0.24,0.1901,20.68
116,-0.0396,1,1,-3.6924,2.3783,0.24,0.0041,20.68
117,-2.6359,50,0,-3.6745,2.3794,0.24,0.2022,20.88
118,-6.4358,50,0,-3.7384,2.3669,0.23,0.196,21.08
119,-2.6714,50,0,-3.7388,2.3668,0.23,0.2112,21.29
120,-5.9729,50,0,-3.7551,2.3764,0.23,0.2579,21.55
121,-4.1862,50,0,-3.7966,2.3472,0.22,0.204,21.75
122,-0.0481,1,1,-3.7966,2.3472,0.22,0.0037,21.76
123,-0.0344,1,1,-3.7324,2.3613,0.23,0.0042,21.76
124,-0.0404,1,1,-3.6832,2.3863,0.24,0.004,21.77
125,-4.6091,50,0,-3.6941,2.388,0.24,0.2205,21.99
126,-5.9491,50,0,-3.7039,2.3952,0.24,0.2102,22.2
127,-6.066,50,0,-3.764,2.3782,0.23,0.2013,22.4
128,-0.0253,1,1,-3.7155,2.4043,0.24,0.0037,22.4
129,-3.5004,50,0,-3.7197,2.4036,0.24,0.213,22.61
130,-3.4096,50,0,-3.7534,2.3752,0.23,0.2625,22.88
131,-4.1794,50,0,-3.7554,2.3755,0.23,2.8647,25.74
132,-5.8085,50,0,-3.7829,2.3832,0.23,2.9521,28.69
133,-3.8493,50,0,-3.7848,2.3832,0.23,3.7681,32.46
134,-5.0158,50,0,-3.7872,2.3843,0.23,3.0335,35.49
135,-0.0282,1,1,-3.7222,2.3972,0.24,0.0594,35.55
136,-5.3809,50,0,-3.7464,2.4015,0.24,2.8284,38.38
137,-4.0015,50,0,-3.7862,2.3724,0.23,2.7713,41.15
138,-4.957,50,0,-3.7757,2.3649,0.23,2.7506,43.9
139,-3.6794,50,0,-3.8122,2.3348,0.22,3.058,46.96
140,-0.0485,1,1,-3.8123,2.3347,0.22,0.0539,47.02
141,-4.2093,50,0,-3.7985,2.3282,0.22,3.1817,50.2
142,-4.7145,50,0,-3.7925,2.3251,0.22,2.9434,53.14
143,-6.017,50,0,-3.8188,2.3352,0.22,2.8192,55.96
144,-3.9244,50,0,-3.7976,2.3246,0.22,3.2379,59.2
145,-1.0114,18,1,-3.765,2.3405,0.23,1.0358,60.23
146,-5.4124,50,0,-3.8189,2.3157,0.22,2.8868,63.12
147,-0.0185,1,1,-3.7698,2.3435,0.23,0.0598,63.18
148,-4.3679,50,0,-3.7249,2.2882,0.23,2.8918,66.07
149,-0.0401,1,1,-3.6595,2.299,0.24,0.0625,66.14
150,-4.0833,50,0,-3.6487,2.2944,0.24,2.9183,69.05
151,-3.957,50,0,-3.6879,2.2656,0.23,3.1094,72.16
152,-6.3657,50,0,-3.6983,2.2754,0.23,3.244,75.41
153,-10.3471,50,0,-3.7447,2.3616,0.23,3.0656,78.47
154,-6.6026,50,0,-3.8105,2.3486,0.22,3.2285,81.7
155,-6.7355,50,0,-3.8315,2.3652,0.22,2.6678,84.37
156,-3.7544,50,0,-3.837,2.3644,0.22,2.6652,87.03
157,-5.8483,50,0,-3.84,2.3667,0.22,2.6993,89.73
158,-0.0408,1,1,-3.7942,2.3953,0.23,0.0524,89.79
159,-5.0395,50,0,-3.788,2.3913,0.23,3.2114,93.0
160,-2.8599,50,0,-3.7718,2.3921,0.23,3.4023,96.4
161,-3.0826,50,0,-3.8023,2.3635,0.22,3.1745,99.57
162,-0.0248,1,1,-3.7729,2.3918,0.23,0.0641,99.64
163,-3.5228,50,0,-3.7429,2.3759,0.23,3.1437,102.78
164,-4.6024,50,0,-3.7885,2.3481,0.22,3.1886,105.97
165,-8.5248,50,0,-3.7786,2.3261,0.22,3.6244,109.6
166,-7.1966,50,0,-3.8192,2.3498,0.22,3.1244,112.72
167,-5.9443,50,0,-3.8522,2.3563,0.22,3.8091,116.53
168,-0.0068,1,1,-3.806,2.3858,0.23,0.0631,116.59
169,-8.6295,50,0,-3.8666,2.4302,0.23,3.3993,119.99
170,-5.3165,50,0,-3.8645,2.4289,0.23,2.3228,122.31
171,-4.9495,50,0,-3.8661,2.4295,0.23,1.7027,124.02
172,-5.3153,50,0,-3.8769,2.4336,0.23,1.6486,125.66
173,-5.2959,50,0,-3.8856,2.437,0.23,1.729,127.39
174,-5.2063,50,0,-3.8934,2.44,0.23,1.6567,129.05
175,-4.5814,50,0,-3.9391,2.4096,0.22,1.7039,130.75
176,-6.2604,50,0,-3.9447,2.4143,0.22,1.8577,132.61
177,-0.0153,1,1,-3.8909,2.4412,0.23,0.0365,132.65
178,-0.0297,1,1,-3.8364,2.4658,0.24,0.0331,132.68
179,-9.3661,50,0,-3.8493,2.4912,0.24,1.7726,134.45
180,-4.2343,50,0,-3.8916,2.4613,0.23,1.8224,136.28
181,-0.0334,1,1,-3.8543,2.4911,0.24,0.0384,136.32
182,-0.0354,1,1,-3.8542,2.4911,0.24,0.0355,136.35
183,-4.2683,50,0,-3.863,2.491,0.24,1.8218,138.17
184,-0.359,7,1,-3.8184,2.5133,0.25,0.3229,138.5
185,-3.6576,50,0,-3.8242,2.5123,0.25,184.9838,323.48
186,-5.4296,50,0,-3.8781,2.4882,0.24,2.9894,326.47
187,-4.19,50,0,-3.8575,2.477,0.24,3.2367,329.71
188,-4.0618,50,0,-3.8513,2.4757,0.24,2.738,332.44
189,-4.6689,50,0,-3.8583,2.477,0.24,2.5816,335.02
190,-2.548,50,0,-3.8406,2.48,0.24,2.6101,337.63
191,-5.0689,50,0,-3.8452,2.4818,0.24,2.5205,340.16
192,-4.2714,50,0,-3.8816,2.4611,0.23,2.5444,342.7
193,-4.1401,50,0,-3.8795,2.4607,0.23,2.6109,345.31
194,-0.045,1,1,-3.8293,2.4871,0.24,0.0571,345.37
195,-4.2145,50,0,-3.8057,2.4721,0.24,2.8669,348.23
196,-4.9776,50,0,-3.8551,2.4456,0.23,2.683,350.92
197,-0.0371,1,1,-3.8101,2.4738,0.24,0.0568,350.97
198,-4.2382,50,0,-3.8521,2.445,0.23,2.6335,353.61
199,-0.0255,1,1,-3.8098,2.474,0.24,0.0545,353.66
200,-6.5113,50,0,-3.8745,2.4592,0.23,2.9887,356.65
201,-3.9231,50,0,-3.8693,2.4586,0.23,3.7644,360.42
202,-0.009,1,1,-3.8426,2.4857,0.24,0.0865,360.5
203,-3.9778,50,0,-3.8336,2.4836,0.24,3.2162,363.72
204,-4.3133,50,0,-3.8763,2.4546,0.23,2.9164,366.63
205,-4.1413,50,0,-3.9173,2.4243,0.22,3.2493,369.88
206,-5.6141,50,0,-3.919,2.4255,0.22,3.2479,373.13
207,-0.0296,1,1,-3.8327,2.4086,0.23,0.0652,373.2
208,-4.2343,50,0,-3.8344,2.4089,0.23,3.021,376.22
209,-0.0485,1,1,-3.7916,2.4376,0.24,0.0614,376.28
210,-3.2207,50,0,-3.7688,2.4321,0.24,3.1818,379.46
211,-0.0418,1,1,-3.7144,2.4539,0.25,0.0664,379.53
212,-3.8523,50,0,-3.7203,2.4535,0.25,3.3192,382.85
213,-4.1921,50,0,-3.6998,2.4409,0.25,3.0548,385.9
214,-0.0273,1,1,-3.6461,2.4619,0.26,0.0558,385.96
215,-2.8989,50,0,-3.6333,2.4625,0.26,3.0334,388.99
216,-3.7824,50,0,-3.6708,2.4359,0.25,3.0804,392.07
217,-4.9702,50,0,-3.6941,2.437,0.25,3.099,395.17
218,-0.0489,1,1,-3.6302,2.448,0.26,0.0633,395.23
219,-5.6781,50,0,-3.6603,2.4545,0.26,3.3722,398.61
220,-3.5058,50,0,-3.6356,2.4435,0.26,3.2556,401.86
221,-5.0045,50,0,-3.6438,2.4467,0.26,2.6734,404.53
222,-0.0482,1,1,-3.6438,2.4467,0.26,0.0551,404.59
223,-0.0282,1,1,-3.6437,2.4468,0.26,0.0562,404.65
224,-4.2058,50,0,-3.6854,2.4204,0.25,3.3627,408.01
225,-2.5746,50,0,-3.6651,2.4211,0.25,2.8718,410.88
226,-0.0457,1,1,-3.606,2.4366,0.26,0.0576,410.94
227,-4.8143,50,0,-3.5935,2.4272,0.26,3.2609,414.2
228,-3.4143,50,0,-3.6274,2.4006,0.25,2.9409,417.14
229,-5.1267,50,0,-3.6437,2.4052,0.25,26.5848,443.72
230,-0.0438,1,1,-3.61,2.4316,0.26,0.0577,443.78
231,-0.0462,1,1,-3.5687,2.4566,0.27,0.0543,443.84
232,-2.8039,50,0,-3.5386,2.4474,0.27,2.7954,446.63
233,-5.0296,50,0,-3.5504,2.4517,0.27,2.5717,449.2
234,-4.2811,50,0,-3.5431,2.4484,0.27,3.1736,452.38
235,-4.503,50,0,-3.5878,2.4245,0.26,3.2563,455.63
236,-3.7968,50,0,-3.572,2.4179,0.26,3.8044,459.44
237,-0.0355,1,1,-3.5323,2.4429,0.27,0.0653,459.5
238,-4.2466,50,0,-3.5252,2.4398,0.27,3.6831,463.19
239,-3.0942,50,0,-3.5194,2.4402,0.27,3.4958,466.68
240,-4.3992,50,0,-3.5629,2.4166,0.26,3.1851,469.87
241,-4.6917,50,0,-3.5677,2.4183,0.26,3.3428,473.21
242,-6.4975,50,0,-3.5855,2.4332,0.26,2.9122,476.12
243,-4.5618,50,0,-3.571,2.423,0.26,2.9147,479.04
244,-5.6203,50,0,-3.5879,2.4313,0.26,2.7389,481.78
245,-0.0478,1,1,-3.5783,2.4434,0.26,0.0618,481.84
246,-0.0299,1,1,-3.5245,2.4616,0.27,0.0533,481.89
247,-4.7261,50,0,-3.5716,2.439,0.26,2.7121,484.6
248,-0.0345,1,1,-3.5282,2.4629,0.27,0.0595,484.66
249,-4.4693,50,0,-3.5725,2.4395,0.26,3.0192,487.68
250,-0.0311,1,1,-3.532,2.4642,0.27,0.0546,487.74
251,-4.0289,50,0,-3.5327,2.4643,0.27,2.708,490.44
252,-3.7755,50,0,-3.5068,2.4479,0.27,3.4628,493.91
253,-4.4342,50,0,-3.4477,2.3515,0.27,3.6391,497.55
254,-0.0328,1,1,-3.382,2.3542,0.28,0.0699,497.62
255,-4.5968,50,0,-3.3606,2.3333,0.28,3.2123,500.83
256,-2.7731,50,0,-3.3508,2.3337,0.28,3.6275,504.46
257,-5.9583,50,0,-3.3519,2.3349,0.28,2.7749,507.23
258,-3.5667,50,0,-3.3871,2.3111,0.27,2.6392,509.87
259,-6.3406,50,0,-3.4002,2.324,0.27,2.7202,512.59
260,-5.5102,50,0,-3.4267,2.3328,0.27,2.7011,515.29
261,-5.668,50,0,-3.4525,2.3431,0.27,2.6493,517.94
262,-0.0432,1,1,-3.4527,2.3429,0.27,0.0552,518.0
263,-0.0354,1,1,-3.4178,2.3674,0.28,0.0506,518.05
264,-4.106,50,0,-3.4129,2.3654,0.28,5.1516,523.2
265,-2.6401,50,0,-3.354,2.3101,0.28,2.6372,525.84
266,-0.0405,1,1,-3.2824,2.3007,0.29,0.0514,525.89
267,-5.2574,50,0,-3.2756,2.2938,0.29,2.6025,528.49
268,-4.2147,50,0,-3.3177,2.2719,0.28,3.0743,531.56
269,-4.1833,50,0,-3.2732,2.2102,0.28,3.0985,534.66
270,-4.3115,50,0,-3.2631,2.2032,0.28,3.0116,537.67
271,-2.527,50,0,-3.2389,2.1978,0.28,3.0129,540.69
272,-0.0414,1,1,-3.1862,2.2106,0.29,0.0564,540.74
273,-3.739,50,0,-3.1706,2.2011,0.29,3.1504,543.89
274,-6.4184,50,0,-3.1827,2.2156,0.29,3.0225,546.92
275,-4.5642,50,0,-3.1826,2.2155,0.29,2.5824,549.5
276,-4.5552,50,0,-3.1655,2.1982,0.29,2.7132,552.21
277,-4.517,50,0,-3.2105,2.1793,0.28,3.0689,555.28
278,-0.0302,1,1,-3.2105,2.1793,0.28,0.0615,555.34
279,-0.0408,1,1,-3.1173,2.1124,0.29,0.0578,555.4
280,-6.4839,50,0,-3.1398,2.136,0.29,2.4604,557.86
281,-0.0462,1,1,-3.1399,2.1358,0.29,0.0309,557.89
282,-4.607,50,0,-3.1856,2.1177,0.28,1.6029,559.49
283,-3.263,50,0,-3.1756,2.1149,0.28,1.4466,560.94
284,-5.404,50,0,-3.226,2.1073,0.27,1.4384,562.38
285,-4.0966,50,0,-3.2304,2.1087,0.27,1.5836,563.96
286,-4.0045,50,0,-3.2162,2.0985,0.27,1.5727,565.54
287,-5.9956,50,0,-3.2342,2.1146,0.27,1.5617,567.1
288,-4.2621,50,0,-3.2362,2.1154,0.27,1.614,568.71
289,-4.6175,50,0,-3.2357,2.1151,0.27,1.5331,570.24
290,-4.1145,50,0,-3.2514,2.1157,0.27,1.4242,571.67
291,-3.5465,50,0,-3.2361,2.1081,0.27,1.4627,573.13
292,-4.9422,50,0,-3.2429,2.1124,0.27,1.4141,574.55
293,-5.3882,50,0,-3.2553,2.1213,0.27,1.4205,575.97
294,-0.0349,1,1,-3.2552,2.1215,0.27,0.0289,575.99
295,-5.0588,50,0,-3.2637,2.127,0.27,1.6954,577.69
296,-2.7967,50,0,-3.2419,2.1205,0.27,1.5608,579.25
297,-3.9198,50,0,-3.2807,2.0968,0.26,1.5338,580.78
298,-0.0357,1,1,-3.2387,2.1192,0.27,0.03,580.81
299,-4.8438,50,0,-3.2868,2.1003,0.26,1.5494,582.36
300,-5.5064,50,0,-3.2768,2.0872,0.26,1.4472,583.81
301,-5.1954,50,0,-3.2895,2.095,0.26,1.5593,585.37
302,-3.8743,50,0,-3.3282,2.0696,0.25,1.5488,586.92
303,-3.5521,50,0,-3.3239,2.0687,0.25,1.5418,588.46
304,-4.8164,50,0,-3.329,2.0717,0.25,1.6215,590.08
305,-5.2379,50,0,-3.3399,2.0789,0.25,1.6835,591.77
306,-5.8464,50,0,-3.3422,2.0815,0.25,1.6677,593.43
307,-4.1718,50,0,-3.3837,2.0563,0.24,1.6941,595.13
308,-3.8078,50,0,-3.3794,2.0549,0.24,1.7436,596.87
309,-4.2431,50,0,-3.4213,2.0292,0.23,1.641,598.51
310,-3.8887,50,0,-3.428,2.0296,0.23,1.6485,600.16
311,-0.0432,1,1,-3.428,2.0296,0.23,0.0343,600.2
312,-0.0151,1,1,-3.3897,2.0573,0.24,0.0302,600.23
313,-0.0477,1,1,-3.3482,2.0823,0.25,0.0353,600.26
314,-0.0471,1,1,-3.3484,2.082,0.25,0.0304,600.29
315,-2.9845,50,0,-3.3493,2.0818,0.25,1.8051,602.1
316,-4.7572,50,0,-3.359,2.0861,0.25,2.0018,604.1
317,-5.1675,50,0,-3.361,2.0877,0.25,1.732,605.83
318,-4.7572,50,0,-3.4081,2.0655,0.24,1.7472,607.58
319,-5.7845,50,0,-3.4091,2.0666,0.24,1.9772,609.55
320,-3.7693,50,0,-3.4118,2.0669,0.24,1.6895,611.24
321,-5.4358,50,0,-3.4161,2.0707,0.24,1.7406,612.98
322,-5.3765,50,0,-3.4694,2.0518,0.23,1.703,614.69
323,-3.7784,50,0,-3.5069,2.0227,0.22,1.8828,616.57
324,-3.8651,50,0,-3.5035,2.0218,0.22,1.9286,618.5
325,-3.9605,50,0,-3.5173,2.0201,0.22,1.9509,620.45
326,-4.0327,50,0,-3.5572,1.9903,0.21,4.4783,624.93
327,-0.0471,1,1,-3.5095,2.0165,0.22,0.0658,624.99
328,-0.0456,1,1,-3.4758,2.0458,0.23,0.0662,625.06
329,-3.3158,50,0,-3.4577,2.0391,0.23,3.3654,628.43
330,-4.8114,50,0,-3.5054,2.0143,0.22,3.0494,631.47
331,-4.8428,50,0,-3.5534,1.9883,0.21,3.129,634.6
332,-6.0164,50,0,-3.5855,2.0018,0.21,2.988,637.59
333,-5.2416,50,0,-3.5876,2.0035,0.21,3.0711,640.66
334,-0.0476,1,1,-3.5453,2.0329,0.22,0.0614,640.72
335,-4.3773,50,0,-3.544,2.0323,0.22,2.933,643.66
336,-4.6913,50,0,-3.553,2.0354,0.22,2.9548,646.61
337,-4.0374,50,0,-3.593,2.005,0.21,2.9686,649.58
338,-3.1654,50,0,-3.5822,2.0043,0.21,3.0736,652.65
339,-0.0276,1,1,-3.5515,2.0348,0.22,0.0622,652.72
340,-4.1512,50,0,-3.549,2.0339,0.22,3.2079,655.92
341,-5.3454,50,0,-3.5556,2.0386,0.22,3.0369,658.96
342,-3.1961,50,0,-3.5226,2.0173,0.22,3.1047,662.07
343,-6.092,50,0,-3.5379,2.0309,0.22,3.0328,665.1
344,-2.696,50,0,-3.5086,2.0217,0.22,2.9633,668.06
345,-0.0472,1,1,-3.5086,2.0217,0.22,0.063,668.13
346,-0.0488,1,1,-3.5088,2.0214,0.22,0.0599,668.18
347,-3.2927,50,0,-3.4945,2.0178,0.22,3.0155,671.2
348,-4.8766,50,0,-3.5429,1.9921,0.21,3.3142,674.51
349,-4.6191,50,0,-3.5444,1.9929,0.21,3.0597,677.57
350,-0.0021,1,1,-3.5441,1.9934,0.21,0.0623,677.64
351,-3.701,50,0,-3.5408,1.9929,0.21,3.0239,680.66
352,-3.5359,50,0,-3.5384,1.9927,0.21,3.0609,683.72
353,-0.0344,1,1,-3.4944,2.0208,0.22,0.0589,683.78
354,-2.6581,50,0,-3.5207,1.9926,0.21,2.9988,686.78
355,-3.1013,50,0,-3.5057,1.99,0.21,2.9192,689.7
356,-3.0733,50,0,-3.5087,1.9891,0.21,4.033,693.73
357,-3.8637,50,0,-3.4878,1.9742,0.21,3.7088,697.44
358,-5.1112,50,0,-3.5032,1.9808,0.21,3.3,700.74
359,-2.6591,50,0,-3.4664,1.9618,0.21,3.1597,703.9
360,-0.0173,1,1,-3.4115,1.9807,0.22,0.0575,703.96
361,-5.3536,50,0,-3.4083,1.9773,0.22,3.2369,707.19
362,-5.1586,50,0,-3.4595,1.9557,0.21,3.1267,710.32
363,-3.6181,50,0,-3.4953,1.9252,0.2,2.9328,713.25
364,-2.9651,50,0,-3.4839,1.9249,0.2,2.9295,716.18
365,-3.0013,50,0,-3.4875,1.9237,0.2,2.8809,719.06
366,-3.2092,50,0,-3.5192,1.8925,0.19,2.6672,721.73
367,-5.0014,50,0,-3.5166,1.8903,0.19,2.9335,724.67
368,-0.0384,1,1,-3.4749,1.9203,0.2,0.0573,724.72
369,-4.7141,50,0,-3.4802,1.923,0.2,3.0455,727.77
370,-4.4582,50,0,-3.4817,1.9237,0.2,3.0315,730.8
371,-4.9199,50,0,-3.5056,1.9265,0.2,3.2436,734.04
372,-3.4774,50,0,-3.5399,1.8948,0.19,2.6954,736.74
373,-4.5717,50,0,-3.5483,1.8975,0.19,2.9508,739.69
374,-0.0467,1,1,-3.4846,1.907,0.2,0.0621,739.75
375,-4.75,50,0,-3.4864,1.9081,0.2,3.0583,742.81
376,-0.0328,1,1,-3.4412,1.9357,0.21,0.0534,742.86
377,-0.0259,1,1,-3.3963,1.9621,0.22,0.0593,742.92
378,-0.0449,1,1,-3.3964,1.9619,0.22,0.0551,742.98
379,-0.0323,1,1,-3.3963,1.962,0.22,0.0594,743.04
380,-2.6553,50,0,-3.358,1.9386,0.22,3.003,746.04
381,-3.8132,50,0,-3.3957,1.9103,0.21,3.3911,749.43
382,-5.8826,50,0,-3.4085,1.9225,0.21,3.3488,752.78
383,-3.0932,50,0,-3.4068,1.9227,0.21,2.6314,755.41
384,-5.0719,50,0,-3.4035,1.9196,0.21,2.5524,757.96
385,-6.1922,50,0,-3.4244,1.9384,0.21,2.5689,760.53
386,-0.0432,1,1,-3.3848,1.9664,0.22,0.0513,760.58
387,-3.5242,50,0,-3.3601,1.9489,0.22,2.5991,763.18
388,-4.9536,50,0,-3.367,1.9533,0.22,1.9499,765.13
389,-2.7383,50,0,-3.3482,1.9502,0.22,2.0158,767.15
390,-4.9695,50,0,-3.3568,1.9554,0.22,2.0098,769.16
391,-3.2368,50,0,-3.3537,1.9553,0.22,2.2253,771.38
392,-3.5314,50,0,-3.3395,1.9489,0.22,2.2819,773.67
393,-0.0226,1,1,-3.2859,1.9656,0.23,86.7674,860.43
394,-0.0382,1,1,-3.2859,1.9655,0.23,0.06,860.49
395,-2.5197,50,0,-3.2605,1.9588,0.23,2.836,863.33
396,-3.4643,50,0,-3.2672,1.9584,0.23,2.9437,866.27
397,-0.0388,1,1,-3.2284,1.9833,0.24,0.0604,866.33
398,-4.2671,50,0,-3.2707,1.9598,0.23,2.9537,869.29
399,-5.0557,50,0,-3.2728,1.9616,0.23,3.2145,872.5
400,-6.544,50,0,-3.2832,1.9761,0.23,2.9739,875.48
401,-0.0479,1,1,-3.2317,1.9926,0.24,0.0902,875.57
402,-3.7977,50,0,-3.231,1.9923,0.24,3.2791,878.84
403,-6.6087,50,0,-3.2615,2.0203,0.24,3.4901,882.33
404,-0.0433,1,1,-3.2138,2.0393,0.25,0.0533,882.39
405,-0.039,1,1,-3.1618,2.0532,0.26,0.0738,882.46
406,-5.8324,50,0,-3.1617,2.053,0.26,3.1127,885.57
407,-0.0395,1,1,-3.1204,2.0738,0.27,0.066,885.64
408,-0.031,1,1,-3.0826,2.0952,0.28,0.0632,885.7
409,-4.7203,50,0,-3.0874,2.0984,0.28,2.9513,888.65
410,-3.2,50,0,-3.0805,2.0969,0.28,2.962,891.62
411,-0.0425,1,1,-3.0805,2.0969,0.28,0.0506,891.67
412,-4.1547,50,0,-3.1219,2.0767,0.27,2.7938,894.46
413,-3.6402,50,0,-3.1578,2.0542,0.26,3.2012,897.66
414,-4.3675,50,0,-3.201,2.0336,0.25,3.1155,900.78
415,-2.9011,50,0,-3.2002,2.0337,0.25,3.2119,903.99
416,-0.0237,1,1,-3.1528,2.0519,0.26,0.0575,904.05
417,-0.0351,1,1,-3.1015,2.0651,0.27,0.0597,904.11
418,-3.217,50,0,-3.0861,2.0584,0.27,3.2521,907.36
419,-3.6063,50,0,-3.0643,2.0412,0.27,3.5277,910.89
420,-4.0262,50,0,-3.0669,2.0422,0.27,3.202,914.09
421,-3.1964,50,0,-3.0445,2.0283,0.27,3.2379,917.33
422,-4.8851,50,0,-3.0396,2.0233,0.27,3.1996,920.53
423,-2.777,50,0,-3.0296,2.0221,0.27,4.0599,924.59
424,-4.5732,50,0,-3.0366,2.0262,0.27,4.1662,928.75
425,-3.2242,50,0,-3.0293,2.0242,0.27,3.3202,932.07
426,-2.7908,50,0,-3.0169,2.0218,0.27,3.5381,935.61
427,-5.0515,50,0,-3.0669,2.0096,0.26,3.6908,939.3
428,-4.2808,50,0,-3.1093,1.99,0.25,3.3853,942.69
429,-4.7954,50,0,-3.124,1.997,0.25,3.2996,945.99
430,-2.572,50,0,-3.1017,1.9905,0.25,3.119,949.11
431,-2.6577,50,0,-3.0798,1.9832,0.25,3.1223,952.23
432,-4.1041,50,0,-3.0607,1.9639,0.25,3.7,955.93
433,-0.038,1,1,-3.0086,1.9743,0.26,0.0667,955.99
434,-2.9489,50,0,-3.0377,1.9518,0.25,3.3747,959.37
435,-5.9889,50,0,-3.0538,1.9694,0.25,3.1125,962.48
436,-0.0469,1,1,-3.0073,1.9849,0.26,0.0599,962.54
437,-5.4683,50,0,-3.0216,1.9974,0.26,3.3327,965.87
438,-3.0553,50,0,-3.0205,1.9974,0.26,3.0726,968.95
439,-4.9163,50,0,-3.0694,1.9833,0.25,2.9305,971.88
440,-3.7899,50,0,-3.0658,1.9816,0.25,3.076,974.95
441,-0.0382,1,1,-3.0127,1.9909,0.26,0.0722,975.03
442,-5.3296,50,0,-3.0341,2.0042,0.26,2.7431,977.77
443,-2.8913,50,0,-3.0021,1.9805,0.26,2.5356,980.3
444,-0.0298,1,1,-2.9754,2.0023,0.27,0.0446,980.35
445,-3.0721,50,0,-3.0057,1.9805,0.26,2.2421,982.59
446,-4.8299,50,0,-3.0535,1.9662,0.25,2.1718,984.76
447,-4.1939,50,0,-3.0625,1.9694,0.25,2.1588,986.92
448,-0.0113,1,1,-3.0138,1.984,0.26,0.0418,986.96
449,-3.9815,50,0,-3.0074,1.9798,0.26,2.2713,989.23
450,-4.7895,50,0,-3.0553,1.9644,0.25,1.8317,991.07
451,-4.0155,50,0,-3.0585,1.9657,0.25,1.6279,992.69
452,-5.1771,50,0,-3.0749,1.9764,0.25,1.6231,994.32
453,-6.7784,50,0,-3.1423,1.9866,0.24,1428.1881,2422.51
454,-4.2317,50,0,-3.1581,1.9889,0.24,2.1526,2424.66
455,-3.7415,50,0,-3.1645,1.9897,0.24,2.2697,2426.93
456,-3.3354,50,0,-3.1671,1.9898,0.24,2.205,2429.13
457,-3.8174,50,0,-3.1666,1.9896,0.24,2.0192,2431.15
458,-3.6353,50,0,-3.1519,1.9806,0.24,2.2373,2433.39
459,-5.0441,50,0,-3.1757,1.9889,0.24,2.2681,2435.66
460,-6.6044,50,0,-3.2416,1.9923,0.23,2.1452,2437.8
461,-4.467,50,0,-3.2327,1.9848,0.23,2.2899,2440.09
462,-4.662,50,0,-3.2277,1.9806,0.23,2.1129,2442.21
463,-4.8524,50,0,-3.2401,1.9868,0.23,2.2124,2444.42
464,-0.0151,1,1,-3.2106,2.0124,0.24,0.0511,2444.47
465,-4.2848,50,0,-3.2234,2.0151,0.24,2.3806,2446.85
466,-5.5762,50,0,-3.2471,2.0287,0.24,2.391,2449.24
467,-4.4369,50,0,-3.2415,2.0246,0.24,2.3703,2451.61
468,-6.1033,50,0,-3.3021,2.0185,0.23,2.449,2454.06
469,-5.0025,50,0,-3.305,2.0208,0.23,2.4015,2456.46
470,-5.4091,50,0,-3.3145,2.0284,0.23,2.4192,2458.88
471,-4.5141,50,0,-3.3104,2.0256,0.23,2.4686,2461.35
472,-0.0177,1,1,-3.2758,2.0518,0.24,0.058,2461.41
473,-5.5024,50,0,-3.2851,2.0598,0.24,2.3729,2463.78
474,-2.9328,50,0,-3.314,2.0342,0.23,2.467,2466.25
475,-3.4981,50,0,-3.3015,2.0292,0.23,2.4713,2468.72
476,-4.4025,50,0,-3.3452,2.0053,0.22,2.3433,2471.06
477,-4.1508,50,0,-3.3864,1.9788,0.21,2.4268,2473.49
478,-4.9321,50,0,-3.4353,1.9559,0.2,2.4421,2475.93
479,-4.1851,50,0,-3.4768,1.9271,0.19,2.4591,2478.39
480,-4.1067,50,0,-3.4913,1.9263,0.19,2.4055,2480.79
481,-4.5121,50,0,-3.4983,1.9287,0.19,2.4997,2483.29
482,-4.7129,50,0,-3.4866,1.9177,0.19,2.446,2485.74
483,-3.4448,50,0,-3.4902,1.9173,0.19,2.3269,2488.07
484,-0.0493,1,1,-3.4399,1.9409,0.2,0.0479,2488.12
485,-0.0314,1,1,-3.3783,1.9503,0.21,0.0474,2488.16
486,-4.3659,50,0,-3.4215,1.9236,0.2,2.1883,2490.35
487,-6.4913,50,0,-3.4512,1.9477,0.2,2.2419,2492.59
488,-3.0407,50,0,-3.4321,1.9423,0.2,2.4014,2494.99
489,-0.0369,1,1,-3.4051,1.9703,0.21,0.0507,2495.05
490,-5.1567,50,0,-3.4069,1.9719,0.21,2.5061,2497.55
491,-5.3273,50,0,-3.4279,1.981,0.21,2.4162,2499.97
492,-2.7687,50,0,-3.4202,1.9821,0.21,2.4762,2502.44
493,-0.0451,1,1,-3.4205,1.9817,0.21,0.0522,2502.5
494,-2.9388,50,0,-3.4495,1.953,0.2,2.4309,2504.93
495,-0.0255,1,1,-3.4245,1.9804,0.21,0.0532,2504.98
496,-3.4188,50,0,-3.4241,1.9804,0.21,2.3596,2507.34
497,-5.0305,50,0,-3.474,1.9573,0.2,2.5397,2509.88
498,-0.0278,1,1,-3.4316,1.9853,0.21,0.0476,2509.93
499,-4.9995,50,0,-3.431,1.9849,0.21,2.5684,2512.5
500,-3.6044,50,0,-3.4016,1.9602,0.21,2.4019,2514.9
501,-0.0321,1,1,-3.4015,1.9604,0.21,0.056,2514.95
502,-4.1165,50,0,-3.4047,1.9613,0.21,2.5237,2517.48
503,-3.5143,50,0,-3.3737,1.9348,0.21,2.6832,2520.16
504,-2.8003,50,0,-3.4013,1.9066,0.2,2.7032,2522.86
505,-4.3281,50,0,-3.4442,1.8785,0.19,2.8588,2525.72
506,-5.6975,50,0,-3.4428,1.8768,0.19,2.5252,2528.25
507,-3.4068,50,0,-3.4765,1.8454,0.18,2.3997,2530.65
508,-4.45,50,0,-3.5207,1.815,0.17,2.368,2533.01
509,-4.5303,50,0,-3.5188,1.8139,0.17,2.4089,2535.42
510,-4.8488,50,0,-3.5353,1.8184,0.17,2.4341,2537.86
511,-5.0342,50,0,-3.5852,1.7901,0.16,2.3561,2540.21
512,-0.0402,1,1,-3.544,1.8235,0.17,0.0455,2540.26
513,-4.9516,50,0,-3.5572,1.8289,0.17,2.3881,2542.65
514,-6.704,50,0,-3.5805,1.8538,0.17,2.3495,2545.0
515,-5.8195,50,0,-3.6097,1.8658,0.17,2.3941,2547.39
516,-3.9835,50,0,-3.6493,1.831,0.16,4.9944,2552.39
517,-0.0395,1,1,-3.6494,1.8309,0.16,0.0597,2552.45
518,-4.0136,50,0,-3.6573,1.8307,0.16,2.9007,2555.35
519,-5.4787,50,0,-3.676,1.8397,0.16,2.4945,2557.84
520,-6.7772,50,0,-3.7036,1.8651,0.16,2.4369,2560.28
521,-3.0841,50,0,-3.7024,1.8654,0.16,2.8498,2563.13
522,-0.039,1,1,-3.654,1.8968,0.17,0.0636,2563.19
523,-3.0166,50,0,-3.6564,1.8958,0.17,2.7222,2565.91
524,-0.0308,1,1,-3.6109,1.9275,0.18,0.0498,2565.96
525,-0.0081,1,1,-3.5788,1.9602,0.19,0.0513,2566.01
526,-4.5097,50,0,-3.596,1.9607,0.19,2.9012,2568.92
527,-3.4988,50,0,-3.5804,1.9553,0.19,2.8416,2571.76
528,-5.225,50,0,-3.5899,1.9609,0.19,2.6399,2574.4
529,-6.1266,50,0,-3.6032,1.9735,0.19,3.1076,2577.5
530,-5.1209,50,0,-3.6287,1.9765,0.19,2.7006,2580.2
531,-0.0152,1,1,-3.6023,2.0068,0.2,0.0457,2580.25
532,-3.4969,50,0,-3.5962,2.0061,0.2,2.6711,2582.92
533,-5.7817,50,0,-3.6536,1.9856,0.19,2.6204,2585.54
534,-4.1532,50,0,-3.6657,1.9849,0.19,2.8734,2588.42
535,-3.4664,50,0,-3.6404,1.9712,0.19,3.4378,2591.85
536,-0.0266,1,1,-3.6402,1.9716,0.19,0.0712,2591.92
537,-5.9567,50,0,-3.6451,1.9767,0.19,3.1127,2595.04
538,-4.1788,50,0,-3.6564,1.9765,0.19,2.865,2597.9
539,-4.227,50,0,-3.6495,1.9733,0.19,2.6006,2600.5
540,-4.8825,50,0,-3.6604,1.9771,0.19,2.9409,2603.44
541,-3.3673,50,0,-3.6937,1.9435,0.18,3.0572,2606.5
542,-6.3381,50,0,-3.7038,1.9546,0.18,2.8951,2609.4
543,-5.3285,50,0,-3.7281,1.9595,0.18,2.9622,2612.36
544,-0.0166,1,1,-3.728,1.9597,0.18,0.0495,2612.41
545,-5.2959,50,0,-3.7502,1.9648,0.18,2.5695,2614.98
546,-4.8528,50,0,-3.7505,1.9649,0.18,2.5283,2617.51
547,-4.4166,50,0,-3.7527,1.9655,0.18,2.5933,2620.1
548,-0.0321,1,1,-3.7529,1.9651,0.18,0.0486,2620.15
549,-0.0436,1,1,-3.7135,1.9993,0.19,0.0586,2620.21
550,-5.098,50,0,-3.7166,2.0012,0.19,2.4104,2622.62
551,-3.1465,50,0,-3.7079,2.0018,0.19,2.4566,2625.07
552,-3.9928,50,0,-3.6961,1.9966,0.19,2.5596,2627.63
553,-4.2273,50,0,-3.6706,1.9732,0.19,2.5955,2630.23
554,-6.4483,50,0,-3.6927,1.9917,0.19,2.4953,2632.72
555,-5.5575,50,0,-3.7109,2.0003,0.19,2.5608,2635.28
556,-0.049,1,1,-3.678,2.033,0.2,0.0505,2635.33
557,-3.7842,50,0,-3.6777,2.0329,0.2,2.5974,2637.93
558,-3.5468,50,0,-3.6768,2.033,0.2,2.5898,2640.52
559,-0.044,1,1,-3.6268,2.06,0.21,0.0485,2640.57
560,-4.6176,50,0,-3.6069,2.0407,0.21,2.4711,2643.04
561,-2.858,50,0,-3.5909,2.0402,0.21,2.5351,2645.58
562,-0.0488,1,1,-3.5447,2.0675,0.22,0.0477,2645.62
563,-8.0356,50,0,-3.5766,2.1114,0.22,2.5125,2648.14
564,-0.0351,1,1,-3.5768,2.111,0.22,0.0515,2648.19
565,-3.8933,50,0,-3.5728,2.1101,0.22,2.4838,2650.67
566,-3.4715,50,0,-3.5518,2.1005,0.22,2.2991,2652.97
567,-4.6126,50,0,-3.5536,2.1013,0.22,2.2941,2655.27
568,-3.6345,50,0,-3.5289,2.0856,0.22,2.3591,2657.62
569,-2.7566,50,0,-3.5064,2.0817,0.22,2.3473,2659.97
570,-3.7952,50,0,-3.4903,2.0732,0.22,2.2971,2662.27
571,-4.2842,50,0,-3.488,2.0721,0.22,2.2729,2664.54
572,-4.9862,50,0,-3.5377,2.0478,0.21,2.3273,2666.87
573,-3.7644,50,0,-3.5203,2.0384,0.21,2.3064,2669.18
574,-3.4358,34,1,-3.5253,2.0375,0.22,1.569,2670.74
575,-5.6546,50,0,-3.5469,2.0485,0.22,2.3168,2673.06
576,-3.8187,50,0,-3.541,2.0469,0.22,2.4329,2675.49
577,-4.9997,50,0,-3.5495,2.0512,0.22,2.4454,2677.94
578,-3.469,50,0,-3.5349,2.0465,0.22,2.5238,2680.46
579,-5.0168,50,0,-3.5432,2.0508,0.22,2.5536,2683.02
580,-4.6251,50,0,-3.5484,2.0529,0.22,2.4309,2685.45
581,-0.0125,1,1,-3.5034,2.0804,0.23,0.0526,2685.5
582,-4.9363,50,0,-3.5056,2.0818,0.23,2.3931,2687.89
583,-4.7598,50,0,-3.5188,2.0855,0.23,2.5165,2690.41
584,-3.0653,50,0,-3.5489,2.0567,0.22,2.5503,2692.96
585,-4.8074,50,0,-3.5967,2.0298,0.21,2.5111,2695.47
586,-0.022,1,1,-3.5533,2.0591,0.22,0.0504,2695.52
587,-4.8278,50,0,-3.5366,2.0419,0.22,2.5418,2698.06
588,-4.2511,50,0,-3.5487,2.0426,0.22,2.5148,2700.58
589,-4.7002,50,0,-3.5954,2.0149,0.21,2.5393,2703.12
590,-3.9487,50,0,-3.5833,2.0091,0.21,2.5679,2705.69
591,-3.4956,50,0,-3.565,2.0015,0.21,2.6497,2708.34
592,-3.8865,50,0,-3.5761,2.0001,0.21,2.5128,2710.85
593,-3.9391,50,0,-3.6151,1.9686,0.2,2.5565,2713.4
594,-0.0368,1,1,-3.5861,1.9995,0.21,0.0527,2713.46
595,-4.9271,50,0,-3.6351,1.9715,0.2,2.5313,2715.99
596,-3.8875,50,0,-3.6398,1.9716,0.2,2.6152,2718.6
597,-4.2794,50,0,-3.6323,1.9677,0.2,2.5688,2721.17
598,-2.5985,50,0,-3.658,1.937,0.19,2.6529,2723.83
599,-5.0782,50,0,-3.6587,1.9376,0.19,2.5666,2726.39
600,-3.197,50,0,-3.6547,1.9381,0.19,2.6406,2729.03
601,-0.012,1,1,-3.6545,1.9385,0.19,0.0554,2729.09
602,-0.0385,1,1,-3.6137,1.9709,0.2,0.0524,2729.14
603,-6.167,50,0,-3.6402,1.9872,0.2,2.5206,2731.66
604,-4.6914,50,0,-3.6591,1.9881,0.2,2.4747,2734.14
605,-4.8609,50,0,-3.6645,1.9906,0.2,2.4997,2736.64
606,-3.8657,50,0,-3.6461,1.9802,0.2,2.6327,2739.27
607,-0.0262,1,1,-3.6123,2.0126,0.21,0.0542,2739.32
608,-4.4344,50,0,-3.6122,2.0126,0.21,2.5045,2741.83
609,-3.2857,50,0,-3.5997,2.0107,0.21,2.6451,2744.47
610,-0.0198,1,1,-3.5514,2.0379,0.22,0.0536,2744.53
611,-4.8441,50,0,-3.5495,2.0366,0.22,2.5349,2747.06
612,-0.0346,1,1,-3.5495,2.0367,0.22,0.0486,2747.11
613,-0.0341,1,1,-3.5003,2.0615,0.23,0.06,2747.17
614,-4.7286,50,0,-3.4806,2.04,0.23,2.6,2749.77
615,-3.8258,50,0,-3.4606,2.0268,0.23,2.6439,2752.41
616,-3.1667,50,0,-3.4525,2.0263,0.23,2.5957,2755.01
617,-2.868,50,0,-3.4807,1.998,0.22,2.5762,2757.59
618,-2.6206,50,0,-3.4668,1.9991,0.22,2.7451,2760.33
619,-3.1591,50,0,-3.4436,1.9891,0.22,2.6051,2762.94
620,-0.0174,1,1,-3.376,1.9895,0.23,0.0504,2762.99
621,-6.6323,50,0,-3.4115,2.0154,0.23,2.5708,2765.56
622,-4.0942,50,0,-3.452,1.9878,0.22,2.535,2768.09
623,-0.0305,1,1,-3.4222,2.0163,0.23,0.0524,2768.14
624,-4.672,50,0,-3.4686,1.991,0.22,2.514,2770.66
625,-0.0459,1,1,-3.469,1.9903,0.22,0.0533,2770.71
626,-3.6897,50,0,-3.4608,1.9877,0.22,2.5006,2773.21
627,-4.3185,50,0,-3.469,1.9895,0.22,2.4868,2775.7
628,-3.5391,50,0,-3.4521,1.9817,0.22,2.5592,2778.26
629,-4.0184,50,0,-3.431,1.9643,0.22,2.385,2780.64
630,-6.4755,50,0,-3.4446,1.9805,0.22,2.3251,2782.97
631,-4.2738,50,0,-3.4872,1.9519,0.21,2.5351,2785.5
632,-3.6204,50,0,-3.4884,1.9519,0.21,2.6053,2788.11
633,-3.5463,50,0,-3.466,1.9383,0.21,2.5637,2790.67
634,-3.3479,50,0,-3.458,1.9371,0.21,2.5506,2793.22
635,-2.6237,50,0,-3.4496,1.9389,0.21,2.5225,2795.75
636,-5.2848,50,0,-3.5021,1.9165,0.2,2.5199,2798.27
637,-3.5195,50,0,-3.4778,1.9005,0.2,2.5501,2800.82
638,-0.0344,1,1,-3.4363,1.9298,0.21,0.0498,2800.87
639,-3.7824,50,0,-3.4319,1.9285,0.21,2.5069,2803.37
640,-5.5428,50,0,-3.4385,1.9345,0.21,2.3687,2805.74
641,-4.3498,50,0,-3.4483,1.9366,0.21,2.5881,2808.33
642,-2.6925,50,0,-3.4119,1.9161,0.21,2.5938,2810.92
643,-0.0258,1,1,-3.3588,1.9356,0.22,0.0537,2810.98
644,-3.6619,50,0,-3.3953,1.9064,0.21,2.5403,2813.52
645,-3.1065,50,0,-3.3734,1.897,0.21,2.5557,2816.07
646,-4.8431,50,0,-3.3733,1.8969,0.21,2.6063,2818.68
647,-5.2492,50,0,-3.3816,1.9033,0.21,2.5902,2821.27
648,-3.0844,50,0,-3.4121,1.8736,0.2,2.5626,2823.83
649,-5.3225,50,0,-3.4649,1.8522,0.19,2.6804,2826.51
650,-3.8704,50,0,-3.4527,1.8454,0.19,2.6465,2829.16
651,-5.4982,50,0,-3.4762,1.8563,0.19,2.5062,2831.66
652,-2.8912,50,0,-3.4652,1.8565,0.19,2.6011,2834.27
653,-4.0467,50,0,-3.4634,1.8558,0.19,2.5946,2836.86
654,-0.0078,1,1,-3.3989,1.8628,0.2,0.0542,2836.91
655,-4.2511,50,0,-3.3859,1.8522,0.2,2.5686,2839.48
656,-0.0425,1,1,-3.3858,1.8523,0.2,0.0525,2839.54
657,-3.3212,50,0,-3.3812,1.8519,0.2,2.6316,2842.17
658,-5.8458,50,0,-3.4042,1.868,0.2,2.6948,2844.86
659,-4.8327,50,0,-3.4521,1.8425,0.19,2.4196,2847.28
660,-0.0184,1,1,-3.4061,1.87,0.2,0.0451,2847.33
661,-4.8784,50,0,-3.4263,1.8749,0.2,2.4048,2849.73
662,-4.2253,50,0,-3.468,1.8454,0.19,2.3262,2852.06
663,-6.1946,50,0,-3.4496,1.8086,0.19,2.3637,2854.42
664,-2.5499,50,0,-3.4748,1.7782,0.18,2.3101,2856.73
665,-5.3327,50,0,-3.4892,1.7873,0.18,2.3579,2859.09
666,-4.6125,50,0,-3.5006,1.7908,0.18,2.3336,2861.42
667,-4.5003,50,0,-3.4995,1.7901,0.18,2.4192,2863.84
668,-4.8901,50,0,-3.512,1.7954,0.18,2.5927,2866.44
669,-3.4453,50,0,-3.5189,1.7938,0.18,2.6907,2869.13
670,-5.5382,50,0,-3.5363,1.8049,0.18,2.5608,2871.69
671,-5.1609,50,0,-3.5451,1.8106,0.18,2.6024,2874.29
672,-5.7339,50,0,-3.5526,1.8181,0.18,2.5991,2876.89
673,-6.3265,50,0,-3.5782,1.8388,0.18,2.6224,2879.51
674,-3.8277,50,0,-3.5821,1.8389,0.17,2.6186,2882.13
675,-5.7187,50,0,-3.5828,1.8397,0.17,2.595,2884.72
676,-0.0258,1,1,-3.5448,1.8732,0.18,0.0544,2884.78
677,-0.0441,1,1,-3.4953,1.8994,0.19,0.0551,2884.83
678,-5.1917,50,0,-3.5125,1.9069,0.19,2.5909,2887.42
679,-5.8686,50,0,-3.521,1.9155,0.19,2.6251,2890.05
680,-5.5346,50,0,-3.5301,1.9229,0.19,2.4887,2892.54
681,-3.6068,50,0,-3.5661,1.8901,0.18,2.3151,2894.85
682,-3.3777,50,0,-3.5505,1.8851,0.18,2.366,2897.22
683,-3.9983,50,0,-3.5429,1.8818,0.18,2.5923,2899.81
684,-0.0454,1,1,-3.5127,1.9132,0.19,0.057,2899.87
685,-3.4505,50,0,-3.4991,1.9087,0.19,2.6268,2902.5
686,-4.2341,50,0,-3.5412,1.8778,0.18,2.6331,2905.13
687,-0.011,1,1,-3.493,1.9057,0.19,0.0541,2905.18
688,-3.4818,50,0,-3.4853,1.9042,0.19,2.6074,2907.79
689,-5.2151,50,0,-3.4905,1.9082,0.19,2.6615,2910.45
690,-0.0481,1,1,-3.4515,1.938,0.2,0.054,2910.51
691,-5.9285,50,0,-3.4758,1.9536,0.2,2.6703,2913.18
692,-5.0942,50,0,-3.4879,1.9599,0.2,2.5765,2915.75
693,-4.7296,50,0,-3.4958,1.9633,0.2,2.5721,2918.32
694,-0.0259,1,1,-3.4957,1.9635,0.2,0.0513,2918.38
695,-0.0249,1,1,-3.4467,1.9881,0.21,0.0461,2918.42
696,-0.0351,1,1,-3.4081,2.0164,0.22,0.0534,2918.48
697,-5.1502,50,0,-3.4169,2.022,0.22,2.3718,2920.85
698,-3.414,50,0,-3.425,2.0203,0.22,2.3833,2923.23
699,-4.1818,50,0,-3.416,2.0149,0.22,2.417,2925.65
700,-5.8185,50,0,-3.4423,2.0289,0.22,2.4842,2928.13
701,-0.0354,1,1,-3.4425,2.0285,0.22,0.0557,2928.19
702,-4.0052,50,0,-3.4822,2.0001,0.21,2.5455,2930.73
703,-0.0325,1,1,-3.4208,2.0109,0.22,0.0496,2930.78
704,-3.651,50,0,-3.4104,2.007,0.22,2.5064,2933.29
705,-4.6433,50,0,-3.4082,2.0055,0.22,2.4643,2935.75
706,-3.2414,50,0,-3.402,2.0051,0.22,2.4771,2938.23
707,-0.0319,1,1,-3.402,2.005,0.22,0.0509,2938.28
708,-5.3499,50,0,-3.4112,2.0117,0.22,2.4462,2940.73
709,-3.7784,50,0,-3.4161,2.012,0.22,2.4781,2943.21
710,-3.6078,50,0,-3.452,1.9829,0.21,2.4312,2945.64
711,-5.2206,50,0,-3.4558,1.9859,0.21,2.489,2948.13
712,-4.4908,50,0,-3.5003,1.9585,0.2,2.4633,2950.59
713,-0.0108,1,1,-3.5001,1.9589,0.2,0.0558,2950.64
714,-6.9723,50,0,-3.5225,1.9855,0.2,2.4667,2953.11
715,-0.0278,1,1,-3.4846,2.0154,0.21,0.0501,2953.16
716,-3.5367,50,0,-3.4883,2.0152,0.21,2.4412,2955.6
717,-4.5877,50,0,-3.5055,2.0172,0.21,2.4955,2958.1
718,-4.6161,50,0,-3.5254,2.0182,0.21,2.5459,2960.64
719,-4.4758,50,0,-3.5386,2.02,0.21,3.1878,2963.83
720,-6.2875,50,0,-3.6013,2.007,0.2,3.1765,2967.01
721,-3.8302,50,0,-3.5733,1.9839,0.2,3.5865,2970.59
722,-6.2347,50,0,-3.5947,2.0009,0.2,2.8626,2973.46
723,-4.5758,50,0,-3.6401,1.9708,0.19,3.6056,2977.06
724,-3.5521,50,0,-3.6289,1.9681,0.19,3.8741,2980.94
725,-4.6092,50,0,-3.6746,1.9372,0.18,3.3516,2984.29
726,-3.5708,50,0,-3.6734,1.9372,0.18,3.4251,2987.71
727,-0.0317,1,1,-3.6305,1.9696,0.19,0.0729,2987.79
728,-3.8728,50,0,-3.6338,1.9697,0.19,3.5653,2991.35
729,-0.5009,10,1,-3.5987,1.9938,0.2,0.709,2992.06
730,-3.8817,50,0,-3.5727,1.973,0.2,3.4818,2995.54
731,-4.2676,50,0,-3.5727,1.973,0.2,3.2747,2998.82
732,-5.5668,50,0,-3.5921,1.9829,0.2,3.0105,3001.83
733,-5.1191,50,0,-3.6078,1.9887,0.2,2.7526,3004.58
734,-4.5473,50,0,-3.6198,1.9907,0.2,2.7664,3007.35
735,-5.2729,50,0,-3.6463,1.9949,0.2,3.2731,3010.62
736,-4.1829,50,0,-3.6353,1.9889,0.2,3.0686,3013.69
737,-4.0669,50,0,-3.6408,1.9893,0.2,2.8901,3016.58
738,-6.3332,50,0,-3.7038,1.9738,0.19,3.0492,3019.63
739,-4.6168,50,0,-3.7121,1.9759,0.19,3.3154,3022.94
740,-6.117,50,0,-3.7179,1.982,0.19,3.4583,3026.4
741,-3.7959,50,0,-3.7123,1.981,0.19,3.0192,3029.42
742,-6.1775,50,0,-3.7472,1.9934,0.19,2.8965,3032.32
743,-0.0227,1,1,-3.7471,1.9934,0.19,0.0618,3032.38
744,-1.1624,13,1,-3.7222,2.0099,0.2,0.7961,3033.18
745,-5.2116,50,0,-3.7432,2.0144,0.2,3.2683,3036.44
746,-2.9365,50,0,-3.7241,2.0129,0.2,3.1666,3039.61
747,-3.2216,50,0,-3.7039,2.0077,0.2,3.1418,3042.75
748,-0.0391,1,1,-3.6734,2.0397,0.21,0.0615,3042.81
749,-5.8033,50,0,-3.6782,2.0441,0.21,3.2708,3046.08
750,-3.3757,50,0,-3.6733,2.0442,0.21,3.1243,3049.21
751,-2.5257,50,0,-3.6435,2.0391,0.21,3.2596,3052.47
752,-5.9164,50,0,-3.6738,2.0501,0.21,3.297,3055.77
753,-3.3763,50,0,-3.6671,2.05,0.21,4.4535,3060.22
754,-4.7644,50,0,-3.7147,2.0195,0.2,4.06,3064.28
755,-3.3992,50,0,-3.7061,2.019,0.2,3.7887,3068.07
756,-3.7132,50,0,-3.7428,1.9851,0.19,3.2206,3071.29
757,-0.0325,1,1,-3.71,2.0188,0.2,0.0639,3071.35
758,-2.9802,50,0,-3.6813,2.0086,0.2,3.3687,3074.72
759,-0.0474,1,1,-3.6335,2.0374,0.21,0.0525,3074.77
760,-3.9688,50,0,-3.673,2.005,0.2,2.6132,3077.39
761,-4.7561,50,0,-3.6717,2.0043,0.2,3.2118,3080.6
762,-0.0238,1,1,-3.6297,2.036,0.21,0.0567,3080.65
763,-3.281,50,0,-3.6006,2.0199,0.21,2.7216,3083.38
764,-4.4955,50,0,-3.62,2.019,0.21,2.7148,3086.09
765,-3.1569,50,0,-3.5983,2.0122,0.21,2.5008,3088.59
766,-5.555,50,0,-3.6077,2.0191,0.21,4.6226,3093.21
767,-4.2938,50,0,-3.6056,2.0183,0.21,2.7444,3095.96
768,-3.911,50,0,-3.5958,2.0144,0.21,2.7153,3098.67
769,-0.0211,1,1,-3.5616,2.0455,0.22,0.0583,3098.73
770,-5.8605,50,0,-3.5648,2.0489,0.22,2.7188,3101.45
771,-5.4738,50,0,-3.568,2.0516,0.22,2.8598,3104.31
772,-0.0331,1,1,-3.5109,2.0697,0.23,0.0647,3104.38
773,-4.4606,50,0,-3.4923,2.0526,0.23,3.0522,3107.43
774,-3.185,50,0,-3.4859,2.0525,0.23,3.4776,3110.91
775,-5.356,50,0,-3.4822,2.0489,0.23,3.3048,3114.21
776,-4.3432,50,0,-3.5254,2.0209,0.22,2.8288,3117.04
777,-4.4185,50,0,-3.5692,1.9922,0.21,2.7253,3119.76
778,-4.175,50,0,-3.559,1.9865,0.21,2.5903,3122.35
779,-0.0447,1,1,-3.5007,2.0032,0.22,0.0504,3122.41
780,-3.3531,50,0,-3.4789,1.9928,0.22,2.5962,3125.0
781,-3.2351,50,0,-3.4752,1.9929,0.22,2.5594,3127.56
782,-0.0343,1,1,-3.4418,2.0221,0.23,0.0537,3127.61
783,-4.7865,50,0,-3.4497,2.0258,0.23,2.6927,3130.31
784,-4.4076,50,0,-3.4933,1.9988,0.22,2.5088,3132.82
785,-3.9688,50,0,-3.4985,1.9994,0.22,2.4886,3135.3
786,-2.972,50,0,-3.4858,1.9987,0.22,2.5195,3137.82
787,-4.5749,50,0,-3.5315,1.9707,0.21,2.6916,3140.52
788,-0.0267,1,1,-3.4969,2.0013,0.22,0.0573,3140.57
789,-4.2487,50,0,-3.4873,1.9953,0.22,2.6267,3143.2
790,-2.8316,50,0,-3.5151,1.9664,0.21,2.6177,3145.82
791,-4.9445,50,0,-3.5053,1.9567,0.21,2.5759,3148.39
792,-0.0429,1,1,-3.4548,1.9801,0.22,0.0541,3148.45
793,-7.2611,50,0,-3.4801,2.0121,0.22,2.4922,3150.94
794,-4.1698,50,0,-3.5215,1.983,0.21,2.3926,3153.33
795,-3.2008,50,0,-3.5533,1.952,0.2,2.4871,3155.82
796,-4.9753,50,0,-3.6027,1.9246,0.19,2.4874,3158.31
797,-5.0429,50,0,-3.6016,1.9238,0.19,2.5784,3160.89
798,-6.5161,50,0,-3.6326,1.9454,0.19,2.6201,3163.51
799,-4.5539,50,0,-3.6363,1.9468,0.19,2.6304,3166.14
800,-4.9146,50,0,-3.6273,1.9387,0.19,2.6683,3168.8
801,-3.3279,50,0,-3.6602,1.9051,0.18,2.6596,3171.46
802,-5.3365,50,0,-3.6735,1.9121,0.18,2.5324,3174.0
803,-3.926,50,0,-3.7125,1.8769,0.17,2.5334,3176.53
804,-18.2178,50,0,-3.8581,2.3676,0.17,2.3966,3178.93
805,-4.0874,50,0,-3.8526,2.3664,0.17,2.6308,3181.56
806,-6.3259,50,0,-3.8834,2.3783,0.17,3.1906,3184.75
807,-0.0103,1,1,-3.8832,2.3787,0.17,0.0738,3184.82
808,-4.4386,50,0,-3.8741,2.3748,0.17,3.1361,3187.96
809,-4.7805,50,0,-3.8841,2.3765,0.17,3.0705,3191.03
810,-6.5196,50,0,-3.9132,2.3907,0.17,2.9381,3193.97
811,-4.5964,50,0,-3.907,2.3881,0.17,2.934,3196.9
812,-3.5961,50,0,-3.898,2.3876,0.17,3.2065,3200.11
813,-5.2686,50,0,-3.9506,2.3591,0.16,3.2814,3203.39
814,-0.0239,1,1,-3.8811,2.3714,0.17,0.0644,3203.45
815,-3.7164,50,0,-3.918,2.3396,0.16,3.2549,3206.71
816,-5.2369,50,0,-3.935,2.343,0.16,3.2953,3210.0
817,-4.5339,50,0,-3.9345,2.3428,0.16,2.9717,3212.97
818,-0.903,12,1,-3.8974,2.3611,0.17,0.694,3213.67
819,-0.0144,1,1,-3.8527,2.3917,0.18,0.0632,3213.73
820,-0.0404,1,1,-3.7903,2.4088,0.19,0.0567,3213.79
821,-3.1457,50,0,-3.7834,2.4096,0.19,2.8816,3216.67
822,-0.0175,1,1,-3.7213,2.4258,0.2,0.0526,3216.72
823,-4.7091,50,0,-3.7226,2.4263,0.2,3.0013,3219.72
824,-6.4922,50,0,-3.752,2.4418,0.2,3.0662,3222.79
825,-5.2891,50,0,-3.7588,2.4451,0.2,2.9632,3225.75
826,-4.3504,50,0,-3.7666,2.4457,0.2,3.2151,3228.97
827,-6.9406,50,0,-3.8357,2.4368,0.19,3.1609,3232.13
828,-7.6424,50,0,-3.8734,2.4661,0.19,3.0724,3235.2
829,-1.7267,20,1,-3.8856,2.4523,0.19,1.2477,3236.45
830,-3.4973,50,0,-3.8818,2.4526,0.19,2.5653,3239.01
831,-4.589,50,0,-3.885,2.4533,0.19,2.4228,3241.44
832,-0.0228,1,1,-3.8296,2.4772,0.2,0.0492,3241.49
833,-4.2136,50,0,-3.8205,2.4741,0.2,2.5518,3244.04
834,-3.0494,50,0,-3.8055,2.4742,0.2,2.5637,3246.6
835,-0.0272,1,1,-3.7531,2.498,0.21,0.0547,3246.66
836,-0.042,1,1,-3.7117,2.5248,0.22,0.0505,3246.71
837,-4.7866,50,0,-3.7189,2.5268,0.22,2.6091,3249.32
838,-3.1117,50,0,-3.6866,2.5137,0.22,2.6466,3251.96
839,-5.3289,50,0,-3.6938,2.5174,0.22,2.6127,3254.58
840,-3.7645,50,0,-3.6702,2.5056,0.22,2.5662,3257.14
841,-4.7054,50,0,-3.6793,2.5077,0.22,2.6153,3259.76
842,-4.036,50,0,-3.6579,2.4954,0.22,2.4668,3262.22
843,-6.3487,50,0,-3.7212,2.4826,0.21,2.4857,3264.71
844,-2.6732,50,0,-3.7363,2.4715,0.2,2.5061,3267.22
845,-4.3194,50,0,-3.7274,2.4678,0.2,2.6227,3269.84
846,-3.1213,50,0,-3.7292,2.4673,0.2,2.5486,3272.39
847,-0.0443,1,1,-3.6974,2.4939,0.21,0.0563,3272.44
848,-4.5914,50,0,-3.743,2.4681,0.2,2.6454,3275.09
849,-4.1454,50,0,-3.7264,2.4598,0.2,2.6736,3277.76
850,-4.1277,50,0,-3.7339,2.4599,0.2,2.6109,3280.37
851,-4.149,50,0,-3.7501,2.4572,0.2,2.4589,3282.83
852,-4.1304,50,0,-3.7323,2.4478,0.2,2.8128,3285.64
853,-3.7548,50,0,-3.7361,2.4476,0.2,2.7596,3288.4
854,-0.0345,1,1,-3.6888,2.4728,0.21,0.0663,3288.47
855,-5.9661,50,0,-3.7144,2.483,0.21,2.6521,3291.12
856,-0.0271,1,1,-3.6776,2.5099,0.22,0.0541,3291.18
857,-5.9928,50,0,-3.7372,2.4934,0.21,2.6555,3293.83
858,-0.0307,1,1,-3.7077,2.5195,0.22,0.0543,3293.89
859,-4.805,50,0,-3.7553,2.4947,0.21,2.5752,3296.46
860,-3.2368,50,0,-3.7479,2.4951,0.21,2.8679,3299.33
861,-8.0048,50,0,-3.7804,2.529,0.21,3.4419,3302.77
862,-7.4249,50,0,-3.8544,2.5263,0.2,2.629,3305.4
863,-0.0344,1,1,-3.822,2.5541,0.21,0.0524,3305.45
864,-5.3869,50,0,-3.8309,2.558,0.21,2.6111,3308.06
865,-5.7529,50,0,-3.8568,2.5642,0.21,2.6914,3310.76
866,-4.2062,50,0,-3.8433,2.5588,0.21,3.2566,3314.01
867,-7.5535,50,0,-3.8759,2.5849,0.21,3.1694,3317.18
868,-6.9326,50,0,-3.9062,2.6028,0.21,3.4558,3320.64
869,-0.0269,1,1,-3.9062,2.6027,0.21,0.0695,3320.71
870,-5.3128,50,0,-3.9007,2.5991,0.21,3.7376,3324.44
871,-3.4687,50,0,-3.8807,2.5947,0.21,3.8041,3328.25
872,-4.6009,50,0,-3.9264,2.5666,0.2,3.415,3331.66
873,-0.0223,1,1,-3.882,2.5952,0.21,0.0699,3331.73
874,-4.3922,50,0,-3.8941,2.5947,0.21,3.3898,3335.12
875,-4.1705,50,0,-3.8822,2.5907,0.21,2.9984,3338.12
876,-5.8516,50,0,-3.8973,2.5977,0.21,2.7124,3340.83
877,-5.0916,50,0,-3.904,2.5999,0.21,3.0036,3343.84
878,-6.003,50,0,-3.9223,2.6082,0.21,3.0242,3346.86
879,-4.66,50,0,-3.9684,2.5799,0.2,2.5789,3349.44
880,-3.7203,50,0,-3.9721,2.5792,0.2,2.56,3352.0
881,-6.1006,50,0,-4.0008,2.5868,0.2,162.3381,3514.34
882,-0.027,1,1,-4.0007,2.5869,0.2,0.0519,3514.39
883,-4.3416,50,0,-3.9963,2.5859,0.2,2.5,3516.89
884,-5.1421,50,0,-4.0036,2.5881,0.2,2.4521,3519.34
885,-2.9484,50,0,-3.9934,2.5903,0.2,2.5093,3521.85
886,-3.5143,50,0,-3.9988,2.5887,0.2,2.5053,3524.36
887,-0.0398,1,1,-3.9535,2.6178,0.21,0.0516,3524.41
888,-0.0298,1,1,-3.9535,2.6177,0.21,0.0476,3524.46
889,-3.7867,50,0,-3.9489,2.6176,0.21,2.582,3527.04
890,-5.1173,50,0,-3.9717,2.6177,0.21,2.6758,3529.71
891,-7.1128,50,0,-3.9934,2.6346,0.21,2.5957,3532.31
892,-2.7591,50,0,-4.0206,2.6076,0.2,2.6356,3534.95
893,-3.6997,50,0,-3.985,2.5873,0.2,2.6352,3537.58
894,-4.8285,50,0,-3.9916,2.5886,0.2,2.6972,3540.28
895,-1.1184,13,1,-3.9707,2.6033,0.21,0.7,3540.98
896,-0.0158,1,1,-3.9211,2.6307,0.22,0.0587,3541.04
897,-3.1036,50,0,-3.9017,2.6296,0.22,2.6476,3543.68
898,-5.3976,50,0,-3.8906,2.6208,0.22,2.6375,3546.32
899,-4.7951,50,0,-3.893,2.6215,0.22,2.5739,3548.9
900,-5.1658,50,0,-3.8955,2.6226,0.22,2.6044,3551.5
901,-3.5419,50,0,-3.8976,2.6222,0.22,2.6629,3554.16
902,-4.067,50,0,-3.8849,2.6183,0.22,2.6089,3556.77
903,-5.3804,50,0,-3.8995,2.6225,0.22,2.703,3559.47
904,-4.3283,50,0,-3.7606,2.1932,0.22,2.6475,3562.12
905,-4.288,50,0,-3.7626,2.1936,0.22,2.6474,3564.77
906,-5.1175,50,0,-3.7505,2.1827,0.22,2.6169,3567.39
907,-5.3645,50,0,-3.804,2.1558,0.21,2.6303,3570.02
908,-0.0336,1,1,-3.76,2.1872,0.22,0.0553,3570.07
909,-5.1668,50,0,-3.7639,2.1893,0.22,2.5958,3572.67
910,-0.0047,1,1,-3.6987,2.2032,0.23,0.0503,3572.72
911,-5.1807,50,0,-3.7045,2.2064,0.23,2.5429,3575.26
912,-4.5661,50,0,-3.7142,2.208,0.23,2.6038,3577.86
913,-6.3453,50,0,-3.725,2.2181,0.23,2.7851,3580.65
914,-5.6649,50,0,-3.7814,2.1949,0.22,3.017,3583.67
915,-0.0261,1,1,-3.7445,2.2265,0.23,0.0634,3583.73
916,-4.1557,50,0,-3.7337,2.2218,0.23,3.4455,3587.18
917,-5.1113,50,0,-3.7395,2.2247,0.23,3.4471,3590.62
918,-4.3725,50,0,-3.7742,2.2071,0.22,3.3591,3593.98
919,-6.0181,50,0,-3.8342,2.1856,0.21,3.1762,3597.16
920,-5.2841,50,0,-3.8866,2.1567,0.2,3.2433,3600.4
921,-4.4094,50,0,-3.8993,2.156,0.2,3.2045,3603.61
922,-4.8955,50,0,-3.9481,2.1225,0.19,3.4062,3607.01
923,-0.0489,1,1,-3.9015,2.1562,0.2,0.0833,3607.1
924,-4.7667,50,0,-3.8842,2.1423,0.2,3.2313,3610.33
925,-4.0072,50,0,-3.8714,2.1376,0.2,2.9765,3613.3
926,-0.7778,9,1,-3.8357,2.1591,0.21,0.5295,3613.83
927,-0.0424,1,1,-3.7667,2.169,0.22,0.0544,3613.89
928,-5.3147,50,0,-3.7434,2.1395,0.22,2.8782,3616.77
929,-3.8777,50,0,-3.7649,2.1299,0.21,2.8898,3619.66
930,-0.0223,1,1,-3.7302,2.1621,0.22,0.0523,3619.71
931,-4.6999,50,0,-3.7313,2.1626,0.22,3.0731,3622.78
932,-1.6377,21,1,-3.7474,2.1408,0.22,1.2313,3624.01
933,-16.041,50,0,-3.8657,2.4654,0.22,3.1351,3627.15
934,-4.3894,50,0,-3.8791,2.4645,0.22,3.1033,3630.25
935,-3.8521,50,0,-3.9173,2.4339,0.21,2.1908,3632.44
936,-4.2842,50,0,-3.9598,2.4028,0.2,1.8671,3634.31
937,-5.1411,50,0,-3.9633,2.4043,0.2,1.8268,3636.14
938,-5.5724,50,0,-3.9879,2.408,0.2,1.6391,3637.77
939,-2.5493,50,0,-3.9601,2.4084,0.2,1.515,3639.29
940,-0.0378,1,1,-3.9229,2.4398,0.21,0.0308,3639.32
941,-4.6925,50,0,-3.9227,2.4398,0.21,1.7535,3641.07
942,-0.5939,10,1,-3.8883,2.4621,0.22,0.3447,3641.42
943,-1.2884,18,1,-3.8377,2.463,0.23,0.5912,3642.01
944,-3.1411,50,0,-3.8424,2.4612,0.23,1.5877,3643.6
945,-5.1211,50,0,-3.8504,2.4641,0.23,1.707,3645.3
946,-0.0492,1,1,-3.8197,2.492,0.24,0.0301,3645.33
947,-4.1037,50,0,-3.8603,2.463,0.23,1.509,3646.84
948,-7.9589,50,0,-3.8939,2.4956,0.23,1.5737,3648.42
949,-3.6111,50,0,-3.8886,2.4956,0.23,1.7506,3650.17
950,-0.0438,1,1,-3.8478,2.5246,0.24,0.0297,3650.2
951,-0.0237,1,1,-3.8065,2.5529,0.25,0.0362,3650.23
952,-0.0202,1,1,-3.7654,2.5803,0.26,0.0348,3650.27
953,-4.0963,50,0,-3.7688,2.5805,0.26,1.7083,3651.98
954,-0.0484,1,1,-3.769,2.5803,0.26,0.0316,3652.01
955,-4.2069,50,0,-3.7514,2.5713,0.26,1.6067,3653.62
956,-2.8491,50,0,-3.7796,2.5456,0.25,1.5919,3655.21
957,-5.9932,50,0,-3.7796,2.5456,0.25,1.551,3656.76
958,-0.0413,1,1,-3.7797,2.5454,0.25,0.0275,3656.79
959,-0.0186,1,1,-3.7318,2.5706,0.26,0.0269,3656.81
960,-2.6321,50,1,-3.7258,2.5725,0.27,1.6101,3658.42
961,-0.0172,1,1,-3.6459,2.5623,0.28,322.0053,3980.43
962,-3.1572,50,0,-3.6032,2.5344,0.28,2.4317,3982.86
963,-5.4527,50,0,-3.6574,2.5154,0.27,2.4663,3985.33
964,-3.5052,50,0,-3.6386,2.5094,0.27,2.4998,3987.83
965,-4.2477,50,0,-3.6236,2.5012,0.27,2.5653,3990.39
966,-0.0182,1,1,-3.5817,2.526,0.28,0.0499,3990.44
967,-2.8089,50,0,-3.5342,2.4954,0.28,2.7326,3993.17
968,-5.1857,50,0,-3.5168,2.4776,0.28,3.0799,3996.25
969,-3.4953,50,0,-3.5514,2.4526,0.27,2.8325,3999.09
970,-5.0926,50,0,-3.5492,2.4511,0.27,2.6552,4001.74
971,-4.3383,50,0,-3.5579,2.4524,0.27,2.7598,4004.5
972,-4.8929,50,0,-3.5609,2.4538,0.27,2.4656,4006.97
973,-3.7305,50,0,-3.5979,2.4279,0.26,2.6134,4009.58
974,-3.3278,50,0,-3.5873,2.4267,0.26,3.0303,4012.61
975,-6.2137,50,0,-3.6077,2.4401,0.26,2.7275,4015.34
976,-4.4416,50,0,-3.5936,2.4312,0.26,3.0175,4018.36
977,-0.0325,1,1,-3.543,2.452,0.27,0.0575,4018.41
978,-4.6431,50,0,-3.5294,2.4421,0.27,3.1194,4021.53
979,-4.6931,50,0,-3.5298,2.4422,0.27,2.8964,4024.43
980,-2.6088,50,0,-3.5187,2.4439,0.27,2.7965,4027.23
981,-3.5474,50,0,-3.4931,2.4301,0.27,2.9843,4030.21
982,-5.4704,50,0,-3.5476,2.4127,0.26,3.1619,4033.37
983,-4.8416,50,0,-3.5526,2.4149,0.26,2.7141,4036.09
984,-2.7927,50,0,-3.5291,2.4107,0.26,2.6611,4038.75
985,-9.0644,50,0,-3.5902,2.472,0.26,2.694,4041.44
986,-2.6989,50,0,-3.5821,2.4736,0.26,2.8097,4044.25
987,-4.5423,50,0,-3.6271,2.4496,0.25,3.0642,4047.31
988,-4.639,50,0,-3.6732,2.4247,0.24,3.1038,4050.42
989,-3.2632,50,0,-3.6679,2.425,0.24,2.7098,4053.13
990,-5.9592,50,0,-3.6764,2.4315,0.24,3.0385,4056.17
991,-4.2585,50,0,-3.6478,2.4076,0.24,2.9315,4059.1
992,-5.0327,50,0,-3.6706,2.4098,0.24,2.6462,4061.74
993,-5.9787,50,0,-3.6934,2.4208,0.24,2.7324,4064.48
994,-3.6382,50,0,-3.6814,2.4181,0.24,2.8682,4067.34
995,-4.9288,50,0,-3.7196,2.4074,0.23,2.9008,4070.25
996,-4.3949,50,0,-3.7633,2.3793,0.22,2.3202,4072.57
997,-4.949,50,0,-3.7818,2.3813,0.22,1.6587,4074.22
998,-5.6597,50,0,-3.7844,2.3832,0.22,1.6617,4075.89
999,-4.3414,50,0,-3.7799,2.3817,0.22,1.6732,4077.56
1000,-3.1681,50,0,-3.7599,2.3783,0.22,1.6788,4079.24
1001,-3.9295,50,0,-3.7638,2.3783,0.22,1.665,4080.9
1002,-2.984,50,0,-3.7529,2.3794,0.22,1.7281,4082.63
1003,-3.2499,50,0,-3.7316,2.3742,0.22,1.7021,4084.33
1004,-5.3864,50,0,-3.7422,2.3792,0.22,1.6858,4086.02
1005,-3.9287,50,0,-3.7386,2.3787,0.22,1.6598,4087.68
1006,-3.0873,50,0,-3.7183,2.3755,0.22,1.6644,4089.34
1007,-4.7379,50,0,-3.7121,2.3719,0.22,1.69,4091.03
1008,-5.5983,50,0,-3.7677,2.3502,0.21,1.6309,4092.66
1009,-4.68,50,0,-3.7628,2.3478,0.21,1.7195,4094.38
1010,-0.0427,1,1,-3.7632,2.3472,0.21,0.0307,4094.41
1011,-3.5169,50,0,-3.7466,2.3429,0.21,1.7522,4096.17
1012,-2.7017,50,0,-3.7279,2.3438,0.21,1.6801,4097.85
1013,-0.0496,1,1,-3.665,2.3571,0.22,0.0355,4097.88
1014,-0.042,1,1,-3.6088,2.3757,0.23,0.031,4097.91
1015,-4.1252,50,0,-3.6497,2.3488,0.22,3.3773,4101.29
1016,-3.6309,50,0,-3.6445,2.3482,0.22,2.3943,4103.68
1017,-4.8658,50,0,-3.642,2.3468,0.22,2.3548,4106.04
1018,-5.2602,50,0,-3.6509,2.3512,0.22,2.3596,4108.4
1019,-3.9899,50,0,-3.6306,2.3395,0.22,2.4904,4110.89
1020,-0.0497,1,1,-3.5783,2.3603,0.23,0.049,4110.94
1021,-5.0023,50,0,-3.5842,2.3632,0.23,2.4553,4113.39
1022,-5.2038,50,0,-3.5873,2.3651,0.23,2.7859,4116.18
1023,-6.2907,50,0,-3.6497,2.3532,0.22,2.9636,4119.14
1024,-2.5551,50,0,-3.6276,2.353,0.22,3.0029,4122.15
1025,-6.1819,50,0,-3.6494,2.3664,0.22,3.0761,4125.22
1026,-0.0473,1,1,-3.6421,2.3764,0.22,0.0634,4125.29
1027,-4.589,50,0,-3.6875,2.3504,0.21,2.4483,4127.73
1028,-3.63,50,0,-3.6707,2.3447,0.21,1.872,4129.61
1029,-3.4002,50,0,-3.6659,2.3448,0.21,2.0232,4131.63
1030,-4.7838,50,0,-3.7135,2.3185,0.2,1.8601,4133.49
1031,-0.0188,1,1,-3.6667,2.3452,0.21,0.0323,4133.52
1032,-0.0353,1,1,-3.6507,2.3644,0.21,0.0336,4133.56
1033,-3.5836,50,0,-3.5261,2.0099,0.21,1.9527,4135.51
1034,-4.859,50,0,-3.5308,2.0125,0.21,1.8321,4137.34
1035,-5.2995,50,0,-3.5453,2.0199,0.21,1.7776,4139.12
1036,-4.0194,50,0,-3.5426,2.0192,0.21,2.0849,4141.2
1037,-3.7677,50,0,-3.5289,2.0129,0.21,2.0416,4143.24
1038,-3.1844,50,0,-3.505,2.0026,0.21,2.1441,4145.39
1039,-4.9878,50,0,-3.5294,2.0057,0.21,1.942,4147.33
1040,-3.0409,50,0,-3.5594,1.9755,0.2,1.8115,4149.14
1041,-2.9066,50,0,-3.5416,1.9732,0.2,1.7333,4150.87
1042,-4.7792,50,0,-3.5834,1.9545,0.19,1.9783,4152.85
1043,-3.6394,50,0,-3.6069,1.9409,0.18,1.8451,4154.7
1044,-6.0417,50,0,-3.6359,1.9553,0.18,2.203,4156.9
1045,-3.0634,50,0,-3.6154,1.9504,0.18,2.3472,4159.25
1046,-3.4594,50,0,-3.6495,1.9173,0.17,2.1264,4161.37
1047,-3.9207,50,0,-3.6476,1.9169,0.17,2.2933,4163.67
1048,-4.5834,50,0,-3.6139,1.8699,0.17,2.1495,4165.82
1049,-4.1518,50,0,-3.6193,1.8706,0.17,56.2901,4222.11
1050,-4.5249,50,0,-3.6641,1.8378,0.16,1.7174,4223.83
1051,-6.6458,50,0,-3.7303,1.8247,0.15,1.7013,4225.53
1052,-5.4052,50,0,-3.7842,1.7936,0.14,1.7012,4227.23
1053,-3.0085,50,0,-3.7733,1.795,0.14,1.731,4228.96
1054,-0.0084,1,1,-3.7729,1.7958,0.14,0.038,4229.0
1055,-6.3428,50,0,-3.7943,1.8135,0.14,1.699,4230.7
1056,-5.8689,50,0,-3.8244,1.8226,0.14,1.8949,4232.59
1057,-1.2454,24,1,-3.777,1.8273,0.15,1.0194,4233.61
1058,-3.971,50,0,-3.8163,1.7884,0.14,1.8616,4235.47
1059,-5.5316,50,0,-3.8714,1.7552,0.13,1.7112,4237.18
1060,-4.9076,50,0,-3.8942,1.7537,0.12,1.793,4238.98
1061,-4.3158,50,0,-3.9371,1.7103,0.11,2.1403,4241.12
1062,-6.2307,50,0,-3.9679,1.7236,0.11,1.999,4243.12
1063,-5.5866,50,0,-3.9692,1.7248,0.11,2.0995,4245.21
1064,-4.3564,50,0,-3.9777,1.7246,0.11,2.0359,4247.25
1065,-6.1311,50,0,-3.9966,1.7376,0.11,1.7206,4248.97
1066,-5.4033,50,0,-4.0504,1.6965,0.1,1.7255,4250.7
1067,-4.5898,50,0,-4.0682,1.6927,0.1,1.6876,4252.38
1068,-3.0574,50,0,-4.0469,1.6919,0.1,1.7834,4254.17
1069,-23.4999,50,0,-4.247,2.5697,0.1,1.7045,4255.87
1070,-0.0484,1,1,-4.1965,2.602,0.11,0.0328,4255.9
1071,-5.709,50,0,-4.2102,2.6063,0.11,1.6919,4257.6
1072,-0.0371,1,1,-4.1617,2.6381,0.12,0.0371,4257.63
1073,-4.1383,50,0,-4.1658,2.6378,0.12,1.709,4259.34
1074,-4.2002,50,0,-4.1745,2.6364,0.12,1.7214,4261.06
1075,-12.8232,50,0,-4.2406,2.7664,0.12,1.72,4262.78
1076,-4.6516,50,0,-4.2427,2.7666,0.12,1.6834,4264.47
1077,-5.0329,50,0,-4.2927,2.7351,0.11,1.7365,4266.2
1078,-4.2744,50,0,-4.289,2.7348,0.11,1.723,4267.93
1079,-4.6655,50,0,-4.2887,2.7348,0.11,1.766,4269.69
1080,-2.853,50,0,-4.2912,2.7334,0.11,1.7115,4271.4
1081,-5.211,50,0,-4.3078,2.7339,0.11,1.724,4273.13
1082,-3.7484,50,0,-4.2906,2.7319,0.11,1.692,4274.82
1083,-4.4734,50,0,-4.2869,2.7315,0.11,1.7082,4276.53
1084,-3.2689,50,0,-4.2917,2.7293,0.11,1.6859,4278.21
1085,-4.6073,50,0,-4.2471,2.687,0.11,1.6894,4279.9
1086,-5.0096,50,0,-4.2702,2.6835,0.11,1.6964,4281.6
1087,-5.6276,50,0,-4.2811,2.6868,0.11,1.7388,4283.34
1088,-3.6434,50,0,-4.2711,2.6873,0.11,1.7659,4285.11
1089,-2.7596,50,0,-4.2661,2.6897,0.11,1.6912,4286.8
1090,-4.339,50,0,-4.2499,2.6843,0.11,1.6992,4288.5
1091,-0.0306,1,1,-4.2076,2.7169,0.12,0.0313,4288.53
1092,-4.9292,50,0,-4.2065,2.7166,0.12,1.6662,4290.19
1093,-5.3099,50,0,-4.1999,2.7131,0.12,1.6779,4291.87
1094,-3.9293,50,0,-4.2028,2.7126,0.12,1.7295,4293.6
1095,-4.8653,50,0,-4.2021,2.7125,0.12,1.6607,4295.26
1096,-6.2331,50,0,-4.2205,2.7199,0.12,1.7198,4296.98
1097,-0.0312,1,1,-4.1713,2.7506,0.13,0.04,4297.02
1098,-3.664,50,0,-4.1514,2.747,0.13,1.7246,4298.75
1099,-4.6224,50,0,-4.1542,2.7473,0.13,1.6658,4300.41
1100,-5.3083,50,0,-4.1756,2.7479,0.13,1.7526,4302.16
1101,-5.0078,50,0,-4.1864,2.749,0.13,1.7863,4303.95
1102,-6.4636,50,0,-4.2212,2.7556,0.13,2.0082,4305.96
1103,-0.0277,1,1,-4.1889,2.7854,0.14,0.0395,4306.0
1104,-4.7855,50,0,-4.1829,2.7835,0.14,1.9508,4307.95
1105,-5.9436,50,0,-4.2031,2.7888,0.14,1.988,4309.94
1106,-4.0179,50,0,-4.2124,2.7867,0.14,1.8256,4311.76
1107,-4.1598,50,0,-4.2066,2.7862,0.14,1.9467,4313.71
1108,-0.0089,1,1,-4.1507,2.8136,0.15,0.0334,4313.74
1109,-4.4441,50,0,-4.1484,2.8133,0.15,1.7709,4315.51
1110,-0.0418,1,1,-4.1484,2.8133,0.15,0.0361,4315.55
1111,-0.0309,1,1,-4.1135,2.8423,0.16,0.0326,4315.58
1112,-5.297,50,0,-4.1394,2.8412,0.16,1.701,4317.28
1113,-4.9895,50,0,-4.1888,2.8124,0.15,1.736,4319.02
1114,-4.1167,50,0,-4.2296,2.7814,0.14,1.7881,4320.81
1115,-3.7162,50,0,-4.2255,2.7819,0.14,1.6998,4322.51
1116,-0.0385,1,1,-4.1896,2.8123,0.15,0.0318,4322.54
1117,-3.6558,50,0,-4.1775,2.812,0.15,1.7044,4324.24
1118,-4.1521,50,0,-4.1664,2.8099,0.15,1.7395,4325.98
1119,-4.9253,50,0,-4.1758,2.8109,0.15,1.706,4327.69
1120,-0.0475,1,1,-4.1757,2.8109,0.15,0.0371,4327.73
1121,-3.026,50,0,-4.156,2.812,0.15,1.8188,4329.54
1122,-4.4864,50,0,-4.1488,2.8102,0.15,2.0083,4331.55
1123,-4.7569,50,0,-4.1335,2.8026,0.15,1.8645,4333.42
1124,-4.9739,50,0,-4.1576,2.7993,0.15,1.7314,4335.15
1125,-3.754,50,0,-4.1334,2.7922,0.15,1.7736,4336.92
1126,-5.4473,50,0,-4.1874,2.7647,0.14,1.7758,4338.7
1127,-4.6231,50,0,-4.1877,2.7648,0.14,1.8446,4340.54
1128,-3.2014,50,0,-4.1834,2.766,0.14,1.8688,4342.41
1129,-0.0211,1,1,-4.1496,2.7958,0.15,0.0385,4342.45
1130,-2.8674,50,0,-4.1305,2.798,0.15,1.7353,4344.19
1131,-6.0393,50,0,-4.1907,2.7735,0.14,1.8759,4346.06
1132,-4.9427,50,0,-4.2397,2.7428,0.13,1.745,4347.81
1133,-3.7842,50,0,-4.2417,2.7424,0.13,1.7168,4349.52
1134,-0.0331,1,1,-4.1935,2.7734,0.14,0.0351,4349.56
1135,-3.7519,50,0,-4.178,2.7715,0.14,1.7671,4351.33
1136,-4.8411,50,0,-4.1862,2.7722,0.14,1.7763,4353.1
1137,-3.6226,50,0,-4.1848,2.7725,0.14,1.751,4354.85
1138,-4.6318,50,0,-4.1993,2.771,0.14,1.7411,4356.59
1139,-7.8348,50,0,-4.2277,2.7935,0.14,1.7287,4358.32
1140,-3.2929,50,0,-4.2302,2.7925,0.14,1.6967,4360.02
1141,-0.0111,1,1,-4.2013,2.821,0.15,0.0409,4360.06
1142,-4.0602,50,0,-4.1941,2.8204,0.15,1.734,4361.79
1143,-5.24,50,0,-4.2101,2.8218,0.15,1.7282,4363.52
1144,-0.0321,1,1,-4.15,2.846,0.16,0.0377,4363.56
1145,-2.5071,50,0,-4.1444,2.8487,0.16,1.7223,4365.28
1146,-5.6278,50,0,-4.1661,2.8516,0.16,1.7881,4367.07
1147,-4.9323,50,0,-4.1762,2.8525,0.16,1.7558,4368.83
1148,-4.3692,50,0,-4.1741,2.8523,0.16,1.7375,4370.56
1149,-2.8905,50,0,-4.1615,2.8552,0.16,1.7491,4372.31
1150,-0.0258,1,1,-4.1165,2.8844,0.17,0.0338,4372.35
1151,-4.8259,50,0,-4.0983,2.8741,0.17,1.7056,4374.05
1152,-6.028,50,0,-4.1045,2.8776,0.17,1.7102,4375.76
1153,-6.7143,50,0,-4.1416,2.8871,0.17,1.7617,4377.52
1154,-3.0611,50,0,-4.1721,2.8592,0.16,1.7009,4379.23
1155,-3.2896,50,0,-4.1416,2.8522,0.16,1.7236,4380.95
1156,-3.887,50,0,-4.1218,2.847,0.16,1.7364,4382.69
1157,-4.611,50,0,-4.1554,2.8326,0.15,1.7031,4384.39
1158,-0.044,1,1,-4.1161,2.862,0.16,0.0326,4384.42
1159,-5.1405,50,0,-4.1122,2.8603,0.16,1.6864,4386.11
1160,-0.0346,1,1,-4.0635,2.8877,0.17,0.0342,4386.14
1161,-3.3311,50,0,-4.0537,2.8885,0.17,1.6911,4387.83
1162,-3.5019,50,0,-4.0264,2.8807,0.17,1.7726,4389.61
1163,-0.0354,1,1,-3.9709,2.9035,0.18,0.0471,4389.65
1164,-4.6969,50,0,-3.9743,2.9042,0.18,1.6974,4391.35
1165,-4.895,50,0,-3.9619,2.8976,0.18,1.7009,4393.05
1166,-2.8088,50,0,-3.936,2.8962,0.18,1.7201,4394.77
1167,-5.9513,50,0,-3.9496,2.9024,0.18,1.6966,4396.47
1168,-6.1817,50,0,-3.9808,2.9094,0.18,1.7269,4398.19
1169,-0.0263,1,1,-3.7461,2.1809,0.19,0.0375,4398.23
1170,-5.6252,50,0,-3.8018,2.1568,0.18,1.8278,4400.06
1171,-4.586,50,0,-3.7906,2.1497,0.18,1.7772,4401.84
1172,-0.0443,1,1,-3.7907,2.1496,0.18,0.0352,4401.87
1173,-3.126,50,0,-3.7806,2.1503,0.18,1.9957,4403.87
1174,-4.2201,50,0,-3.7808,2.1503,0.18,1.7175,4405.58
1175,-4.4603,50,0,-3.6971,1.9504,0.18,1.7469,4407.33
1176,-0.027,1,1,-3.6509,1.9818,0.19,0.0395,4407.37
1177,-10.3617,50,0,-3.7042,2.0871,0.19,1.7419,4409.11
1178,-0.4845,8,1,-3.6663,2.1106,0.2,0.2757,4409.39
1179,-3.6329,50,0,-3.656,2.1083,0.2,1.7512,4411.14
1180,-0.0395,1,1,-3.6278,2.1374,0.21,0.0344,4411.17
1181,-0.0306,1,1,-3.576,2.161,0.22,0.0395,4411.21
1182,-3.8244,50,0,-3.5768,2.1611,0.22,1.7333,4412.95
1183,-16.2338,50,0,-3.6944,2.5001,0.22,1.7484,4414.7
1184,-6.0027,50,0,-3.7217,2.5102,0.22,1.705,4416.4
1185,-4.7416,50,0,-3.7231,2.5107,0.22,1.7804,4418.18
1186,-2.7874,50,0,-3.7008,2.5091,0.22,1.745,4419.93
1187,-4.6643,50,0,-3.6912,2.5035,0.22,1.7474,4421.67
1188,-0.0407,1,1,-3.6552,2.5297,0.23,0.0361,4421.71
1189,-4.6029,50,0,-3.6736,2.5298,0.23,1.7504,4423.46
1190,-5.0355,50,0,-3.6806,2.5326,0.23,1.7795,4425.24
1191,-4.7133,50,0,-3.7274,2.5079,0.22,1.7383,4426.98
1192,-0.0498,1,1,-3.6786,2.5314,0.23,0.0321,4427.01
1193,-0.995,16,1,-3.6355,2.5399,0.24,0.568,4427.58
1194,-4.7919,50,0,-3.6441,2.5424,0.24,1.7256,4429.3
1195,-3.8897,50,0,-3.6343,2.5395,0.24,1.7229,4431.03
1196,-0.036,1,1,-3.5724,2.551,0.25,0.0386,4431.07
1197,-0.0284,1,1,-3.5723,2.551,0.25,0.0402,4431.11
1198,-0.0313,1,1,-3.536,2.5752,0.26,0.0381,4431.14
1199,-3.864,50,0,-3.5284,2.5731,0.26,1.7942,4432.94
1200,-0.0226,1,1,-3.4756,2.5902,0.27,0.0319,4432.97
1201,-0.0198,1,1,-3.4257,2.6082,0.28,0.0447,4433.01
1202,-4.1127,50,0,-3.4022,2.5913,0.28,1.7977,4434.81
1203,-0.43,9,1,-3.4062,2.5863,0.28,0.3028,4435.11
1204,-0.0237,1,1,-3.3586,2.6043,0.29,0.0309,4435.15
1205,-7.67,50,0,-3.3758,2.627,0.29,1.7541,4436.9
1206,-2.6083,50,0,-3.3617,2.6273,0.29,1.6946,4438.59
1207,-2.4045,35,1,-3.3442,2.6277,0.3,1.2017,4439.8
1208,-12.0395,50,0,-3.4645,2.7451,0.29,1.7136,4441.51
1209,-3.0824,50,0,-3.4509,2.7435,0.29,1.7772,4443.29
1210,-3.6827,50,0,-3.4873,2.7221,0.28,1.7449,4445.03
1211,-3.1384,50,0,-3.5184,2.7001,0.27,1.7411,4446.77
1212,-3.5449,50,0,-3.5008,2.6942,0.27,1.7121,4448.48
1213,-0.6263,11,1,-3.4572,2.7051,0.28,0.3923,4448.88
1214,-0.0198,1,1,-3.4162,2.7257,0.29,0.0324,4448.91
1215,-4.1322,50,0,-3.4204,2.7265,0.29,1.7209,4450.63
1216,-5.5884,50,0,-3.4759,2.7135,0.28,1.7616,4452.39
1217,-2.6524,50,0,-3.4659,2.7147,0.28,1.7369,4454.13
1218,-0.0258,1,1,-3.4246,2.7353,0.29,0.0338,4454.16
1219,-0.0257,1,1,-3.3756,2.7518,0.3,0.0337,4454.2
1220,-0.0172,1,1,-3.3753,2.7521,0.3,0.0358,4454.23
1221,-0.0228,1,1,-3.3453,2.7721,0.31,0.0388,4454.27
1222,-3.7268,50,0,-3.3377,2.77,0.31,1.7339,4456.01
1223,-3.7598,50,0,-3.3277,2.7667,0.31,1.7698,4457.77
1224,-9.5113,50,0,-3.3731,2.8298,0.31,1.7347,4459.51
1225,-0.0323,1,1,-3.3359,2.8489,0.32,0.0375,4459.55
1226,-4.7959,50,0,-3.3293,2.8448,0.32,1.7129,4461.26
1227,-0.0385,1,1,-3.2835,2.8605,0.33,0.0345,4461.29
1228,-2.8969,50,0,-3.2805,2.8608,0.33,1.7467,4463.04
1229,-3.198,29,1,-3.3122,2.842,0.33,1.0123,4464.05
1230,-0.0194,1,1,-3.2837,2.8605,0.34,0.0339,4464.09
1231,-5.1596,50,0,-3.2749,2.8534,0.34,1.822,4465.91
1232,-4.6994,50,0,-3.2725,2.852,0.34,1.7601,4467.67
1233,-0.0419,1,1,-3.2351,2.8696,0.35,0.0372,4467.71
1234,-5.3107,50,0,-3.2879,2.8587,0.34,1.7018,4469.41
1235,-3.9498,50,0,-3.2898,2.8591,0.34,1.7599,4471.17
1236,-3.4095,50,0,-3.2755,2.8549,0.34,1.706,4472.87
1237,-6.3742,50,0,-3.303,2.8713,0.34,1.7733,4474.65
1238,-3.913,50,0,-3.2959,2.8689,0.34,1.7809,4476.43
1239,-4.7189,50,0,-3.2647,2.8361,0.34,1.6891,4478.12
1240,-5.3007,44,1,-3.2848,2.8434,0.35,1.5352,4479.65
1241,-0.028,1,1,-3.2849,2.8432,0.35,0.0383,4479.69
1242,-30.053,50,0,-3.5449,3.8955,0.35,1.6951,4481.39
1243,-4.5437,50,0,-3.5379,3.8931,0.35,1.6819,4483.07
1244,-2.6819,50,0,-3.5644,3.8782,0.34,1.6916,4484.76
1245,-4.7145,50,0,-3.5865,3.8784,0.34,1.779,4486.54
1246,-3.2376,50,0,-3.5626,3.8731,0.34,1.721,4488.26
1247,-4.3116,50,0,-3.5564,3.8714,0.34,1.774,4490.03
1248,-6.1953,50,0,-3.5746,3.8795,0.34,1.7677,4491.8
1249,-0.0418,1,1,-3.5461,3.8948,0.35,0.0385,4491.84
1250,-4.6249,50,0,-3.5921,3.8801,0.34,1.6854,4493.53
1251,-5.6756,50,0,-3.6006,3.8837,0.34,1.7016,4495.23
1252,-4.5527,50,0,-3.5859,3.8773,0.34,1.7438,4496.97
1253,-3.2028,50,0,-3.5508,3.8647,0.34,1.7483,4498.72
1254,-3.7098,50,0,-3.5573,3.8644,0.34,1.7737,4500.49
1255,-0.0465,1,1,-3.5248,3.8801,0.35,0.031,4500.52
1256,-0.0342,1,1,-3.4863,3.8954,0.36,0.0319,4500.56
1257,-4.5633,50,0,-3.4858,3.8952,0.36,1.7112,4502.27
1258,-4.629,50,0,-3.5317,3.8814,0.35,1.7519,4504.02
1259,-6.7292,50,0,-3.5476,3.8912,0.35,1.6882,4505.71
1260,-2.8921,50,0,-3.5761,3.8758,0.34,1.7608,4507.47
1261,-5.0955,50,0,-3.5938,3.8786,0.34,1.736,4509.2
1262,-4.6353,50,0,-3.6051,3.88,0.34,1.7048,4510.91
1263,-2.8352,50,0,-3.6331,3.8642,0.33,1.6878,4512.6
1264,-0.0356,1,1,-3.5865,3.8792,0.34,0.0341,4512.63
1265,-4.4932,50,0,-3.5825,3.878,0.34,1.7053,4514.34
1266,-2.8001,50,0,-3.5824,3.878,0.34,1.7008,4516.04
1267,-0.0344,1,1,-3.5232,3.8866,0.35,0.0365,4516.07
1268,-0.0434,1,1,-3.4618,3.8926,0.36,0.0338,4516.11
1269,-0.0343,1,1,-3.4619,3.8925,0.36,0.0385,4516.15
1270,-0.016,1,1,-3.4058,3.9013,0.37,0.0347,4516.18
1271,-5.2025,50,0,-3.412,3.9037,0.37,1.7128,4517.89
1272,-3.109,50,0,-3.4426,3.8891,0.36,1.8383,4519.73
1273,-4.6898,50,0,-3.4583,3.891,0.36,3.2638,4523.0
1274,-4.2057,50,0,-3.4581,3.8909,0.36,1.719,4524.71
1275,-3.5843,50,0,-3.4494,3.8896,0.36,1.7691,4526.48
1276,-3.2034,50,0,-3.4811,3.8745,0.35,1.8016,4528.28
1277,-5.0612,50,0,-3.4281,3.8158,0.35,1.8483,4530.13
1278,-4.6213,50,0,-3.4695,3.8061,0.34,1.7943,4531.93
1279,-4.9313,50,0,-3.4825,3.8089,0.34,1.8935,4533.82
1280,-5.6372,50,0,-3.5385,3.799,0.33,1.8672,4535.69
1281,-0.005,1,1,-3.5382,3.7992,0.33,0.0386,4535.73
1282,-3.8834,50,0,-3.5388,3.7993,0.33,1.823,4537.55
1283,-4.8559,50,0,-3.425,3.5815,0.33,2.0151,4539.56
1284,-4.9248,50,0,-3.4142,3.5753,0.33,1.7979,4541.36
1285,-4.6992,50,0,-3.4138,3.5752,0.33,1.744,4543.11
1286,-4.1772,50,0,-3.4277,3.5754,0.33,1.7607,4544.87
1287,-2.5136,50,0,-3.4062,3.5744,0.33,1.764,4546.63
1288,-0.0187,1,1,-3.406,3.5746,0.33,0.0329,4546.66
1289,-6.8616,50,0,-3.4286,3.5892,0.33,1.7264,4548.39
1290,-3.7617,50,0,-3.4158,3.5857,0.33,1.7738,4550.16
1291,-0.0286,1,1,-3.369,3.599,0.34,0.0332,4550.2
1292,-3.5061,50,0,-3.4036,3.5836,0.33,1.7704,4551.97
1293,-4.3097,50,0,-3.4367,3.5765,0.32,1.7159,4553.68
1294,-4.4434,50,0,-3.4332,3.5753,0.32,2.0624,4555.75
1295,-0.0332,1,1,-3.3946,3.5909,0.33,0.037,4555.78
1296,-5.169,50,0,-3.446,3.5792,0.32,1.8423,4557.63
1297,-5.7433,50,0,-3.5031,3.5698,0.31,1.7601,4559.39
1298,-4.0797,50,0,-3.5436,3.5531,0.3,1.7131,4561.1
1299,-2.9379,50,0,-3.5343,3.5535,0.3,1.7154,4562.81
1300,-2.6442,50,0,-3.5606,3.5371,0.29,1.6629,4564.48
1301,-3.335,50,0,-3.5937,3.5193,0.28,1.951,4566.43
1302,-0.0341,1,1,-3.5529,3.5366,0.29,0.039,4566.47
1303,-0.0484,1,1,-3.5491,3.5402,0.29,0.0356,4566.5
1304,-5.0749,50,0,-3.5996,3.5255,0.28,1.8357,4568.34
1305,-4.1246,50,0,-3.5642,3.5022,0.28,1.619,4569.96
1306,-3.0352,50,0,-3.5684,3.5013,0.28,1.6667,4571.62
1307,-3.3805,50,0,-3.5782,3.4994,0.27,1.5551,4573.18
1308,-3.8908,50,0,-3.4967,3.3947,0.27,1.637,4574.82
1309,-5.8676,50,0,-3.5246,3.4026,0.27,1.5853,4576.4
1310,-2.8276,32,1,-3.516,3.4033,0.28,1.0196,4577.42
1311,-2.8536,50,0,-3.5132,3.4037,0.28,1.6366,4579.06
1312,-2.6222,50,0,-3.5039,3.4048,0.28,1.6261,4580.68
1313,-4.8264,50,0,-3.5459,3.395,0.27,1.5352,4582.22
1314,-4.0499,50,0,-3.5862,3.3767,0.26,1.4925,4583.71
1315,-2.9527,50,0,-3.5744,3.3769,0.26,1.4789,4585.19
1316,-5.9715,50,0,-3.5783,3.3794,0.26,1.4279,4586.62
1317,-3.5064,50,0,-3.5868,3.3781,0.26,1.4213,4588.04
1318,-2.6974,50,0,-3.6135,3.3604,0.25,1.4626,4589.5
1319,-0.0181,1,1,-3.6135,3.3604,0.25,0.0302,4589.53
1320,-0.6389,10,1,-3.6197,3.3543,0.25,0.2888,4589.82
1321,-0.0403,1,1,-3.6199,3.3542,0.25,0.0366,4589.86
1322,-6.8476,50,0,-3.6511,3.3695,0.25,1.4507,4591.31
1323,-5.0635,50,0,-3.6641,3.3724,0.25,1.441,4592.75
1324,-2.6641,50,0,-3.5956,3.3221,0.25,1.4153,4594.16
1325,-9.0245,50,0,-3.6855,3.3461,0.24,1.4119,4595.58
1326,-3.5724,50,0,-3.6733,3.3442,0.24,1.4177,4596.99
1327,-0.027,1,1,-3.6732,3.3444,0.24,0.0269,4597.02
1328,-0.0452,1,1,-3.6447,3.363,0.25,0.0282,4597.05
1329,-0.0444,1,1,-3.6131,3.3817,0.25,0.03,4597.08
1330,-6.6579,50,0,-3.6795,3.3757,0.24,1.4157,4598.5
1331,-10.2117,50,0,-3.73,3.4348,0.24,1.4187,4599.91
1332,-0.8919,14,1,-3.692,3.4449,0.25,0.4072,4600.32
1333,-4.9538,50,0,-3.7411,3.4275,0.24,1.4187,4601.74
1334,-2.5879,50,0,-3.7139,3.4257,0.24,1.4311,4603.17
1335,-5.1047,50,0,-3.7254,3.4284,0.24,1.4333,4604.6
1336,-5.6267,50,0,-3.7476,3.4335,0.24,1.6258,4606.23
1337,-3.9709,50,0,-3.7236,3.4234,0.24,1.5612,4607.79
1338,-0.0426,1,1,-3.6848,3.4429,0.25,0.0311,4607.82
1339,-0.5271,8,1,-3.6429,3.4555,0.26,0.252,4608.07
1340,-8.4241,50,0,-3.6742,3.4844,0.25,1.6454,4609.72
1341,-3.5713,50,0,-3.7096,3.4651,0.24,1.554,4611.27
1342,-5.9167,50,0,-3.4682,2.2489,0.24,1.54,4612.81
1343,-2.9616,50,0,-3.4524,2.2468,0.24,1.536,4614.35
1344,-2.5368,50,0,-3.451,2.2473,0.24,1.5909,4615.94
1345,-4.8372,50,0,-3.4522,2.2481,0.24,1.5836,4617.52
1346,-3.743,50,0,-3.4572,2.2481,0.24,1.4747,4619.0
1347,-0.0435,1,1,-3.4146,2.2719,0.25,0.0275,4619.03
1348,-3.4267,50,0,-3.3869,2.2547,0.25,1.4901,4620.52
1349,-5.0861,50,0,-3.4373,2.2356,0.24,1.4566,4621.97
1350,-0.0316,1,1,-3.3914,2.2578,0.25,0.032,4622.01
1351,-3.9822,50,0,-3.3745,2.2469,0.25,1.4891,4623.49
1352,-4.5902,50,0,-3.3748,2.2471,0.25,1.7054,4625.2
1353,-3.2095,50,0,-3.3749,2.2471,0.25,1.5871,4626.79
1354,-2.7888,50,0,-3.3657,2.2476,0.25,1.4699,4628.26
1355,-7.413,50,0,-3.4393,2.2583,0.24,1.4124,4629.67
1356,-5.0149,50,0,-3.4892,2.2375,0.23,1.6877,4631.36
1357,-4.7655,50,0,-3.4912,2.2386,0.23,1.4732,4632.83
1358,-3.7111,50,0,-3.482,2.2358,0.23,1.4914,4634.32
1359,-3.5355,50,0,-3.4501,2.2118,0.23,1.4999,4635.82
1360,-6.7879,50,0,-3.489,2.2358,0.23,1.4337,4637.26
1361,-0.7687,9,1,-3.4458,2.2462,0.24,0.2708,4637.53
1362,-5.0352,50,0,-3.4497,2.2486,0.24,1.4777,4639.0
1363,-4.9383,50,0,-3.4708,2.2526,0.24,1.5438,4640.55
1364,-7.8628,50,0,-3.5491,2.2678,0.23,1.4462,4641.99
1365,-5.1102,50,0,-3.5552,2.2712,0.23,1.5271,4643.52
1366,-11.9488,50,0,-3.6467,2.4185,0.23,1.4196,4644.94
1367,-20.8003,50,0,-3.8544,2.9356,0.22,1.4581,4646.4
1368,-3.8813,50,0,-3.8927,2.9105,0.21,5.4359,4651.83
1369,-3.2074,50,0,-3.9245,2.8855,0.2,5.2761,4657.11
1370,-5.3187,50,0,-3.9775,2.8618,0.19,5.2368,4662.35
1371,-0.0206,1,1,-3.9257,2.8859,0.2,0.1033,4662.45
1372,-7.051,50,0,-3.9651,2.9014,0.2,5.092,4667.54
1373,-31.7729,50,0,-4.2359,4.009,0.2,5.1953,4672.74
1374,-3.0878,43,1,-4.2248,4.0106,0.21,4.4626,4677.2
1375,-8.9215,50,0,-4.2781,4.0372,0.21,5.1527,4682.35
1376,-0.0381,1,1,-4.2465,4.0578,0.22,0.102,4682.45
1377,-0.0284,1,1,-4.1961,4.0786,0.23,0.1155,4682.57
1378,-13.8045,50,0,-4.288,4.189,0.23,5.0958,4687.67
1379,-6.2245,50,0,-4.3009,4.193,0.23,5.0746,4692.74
1380,-5.2825,50,0,-4.2974,4.192,0.23,2.895,4695.64
1381,-4.9468,50,0,-4.3468,4.1702,0.22,1.356,4696.99
1382,-0.8963,9,1,-4.3169,4.1841,0.23,0.2374,4697.23
1383,-2.8128,50,0,-4.2965,4.1864,0.23,1.3796,4698.61
1384,-5.0246,50,0,-4.2975,4.1865,0.23,1.319,4699.93
1385,-4.6458,50,0,-4.2969,4.1865,0.23,1.4953,4701.42
1386,-0.0462,1,1,-4.2556,4.2078,0.24,0.0289,4701.45
1387,-0.6326,9,1,-4.2368,4.2197,0.25,0.2839,4701.74
1388,-2.6199,50,0,-4.2628,4.2016,0.24,1.4332,4703.17
1389,-4.8075,50,0,-4.2423,4.1939,0.24,1.6044,4704.77
1390,-3.6247,50,0,-4.2409,4.194,0.24,1.5551,4706.33
1391,-10.7189,50,0,-4.3478,4.2215,0.23,1.534,4707.86
1392,-0.0275,1,1,-4.313,4.2425,0.24,0.0306,4707.89
1393,-5.34,50,0,-4.3233,4.2438,0.24,1.4666,4709.36
1394,-5.2247,50,0,-4.3312,4.2447,0.24,1.4256,4710.79
1395,-0.026,1,1,-4.3311,4.2448,0.24,0.0266,4710.81
1396,-0.0065,1,1,-4.2795,4.2656,0.25,0.0292,4710.84
1397,-0.0226,1,1,-4.2223,4.2839,0.26,0.0287,4710.87
1398,-4.1303,50,0,-4.2228,4.2839,0.26,1.4631,4712.33
1399,-7.2201,50,0,-4.2656,4.2922,0.26,1.3977,4713.73
1400,-5.8335,50,0,-4.2975,4.2919,0.26,1.4594,4715.19
1401,-5.6521,50,0,-4.3206,4.2929,0.26,1.4246,4716.61
1402,-5.1404,50,0,-4.3717,4.272,0.25,1.5043,4718.12
1403,-4.5177,50,0,-4.4164,4.2498,0.24,1.5049,4719.62
1404,-4.548,50,0,-4.4111,4.2493,0.24,1.4037,4721.03
1405,-2.7166,35,1,-4.3971,4.2526,0.25,1.0042,4722.03
1406,-0.0296,1,1,-4.367,4.2727,0.26,0.0327,4722.06
1407,-12.5242,50,0,-4.4584,4.3478,0.26,1.3896,4723.45
1408,-8.3928,50,0,-4.5035,4.3649,0.26,1.4045,4724.86
1409,-5.9668,50,0,-4.5044,4.3652,0.26,1.4224,4726.28
1410,-3.7228,50,0,-4.5134,4.3627,0.25,1.416,4727.7
1411,-0.048,1,1,-4.4853,4.3823,0.26,0.0258,4727.72
1412,-6.4829,50,0,-4.524,4.3827,0.26,1.3974,4729.12
1413,-4.0706,50,0,-4.5164,4.3828,0.26,1.3985,4730.52
1414,-0.0428,1,1,-4.4763,4.4052,0.27,0.0279,4730.55
1415,-1.3158,26,1,-4.46,4.4138,0.28,0.7304,4731.28
1416,-9.1818,50,0,-4.4921,4.4363,0.28,1.4138,4732.69
1417,-5.7759,50,0,-4.5148,4.437,0.28,1.4699,4734.16
1418,-3.8835,50,0,-4.5266,4.4337,0.28,1.4353,4735.6
1419,-6.3414,50,0,-4.5898,4.414,0.27,1.3831,4736.98
1420,-9.3773,50,0,-4.6772,4.4214,0.26,1.3951,4738.37
1421,-5.1672,50,0,-4.7285,4.397,0.25,1.4676,4739.84
1422,-5.7248,50,0,-4.7173,4.393,0.25,1.4479,4741.29
1423,-5.4903,50,0,-4.7215,4.3936,0.25,1.4143,4742.7
1424,-5.0741,50,0,-4.7456,4.3888,0.25,1.5116,4744.22
1425,-2.6446,50,0,-4.6818,4.3725,0.25,1.6932,4745.91
1426,-6.0678,50,0,-4.7068,4.3732,0.25,1.4347,4747.34
1427,-4.8784,50,0,-4.7553,4.3479,0.24,1.4431,4748.79
1428,-4.4338,50,0,-4.7992,4.3222,0.23,1.4069,4750.19
1429,-5.3338,50,0,-4.8521,4.296,0.22,1.3791,4751.57
1430,-5.1636,50,0,-4.8371,4.2923,0.22,1.5115,4753.08
1431,-5.6584,50,0,-4.7916,4.259,0.22,1.4769,4754.56
1432,-1.2966,16,1,-4.7957,4.2555,0.22,0.4564,4755.02
1433,-0.2579,5,1,-4.7487,4.2793,0.23,0.1513,4755.17
1434,-3.3183,50,0,-4.756,4.2763,0.23,1.4837,4756.65
1435,-4.7628,50,0,-4.7526,4.2761,0.23,1.4465,4758.1
1436,-0.4787,7,1,-4.7011,4.2962,0.24,0.1986,4758.3
1437,-3.786,50,0,-4.6993,4.2966,0.24,1.4064,4759.7
1438,-0.6294,8,1,-4.7051,4.2906,0.24,0.2391,4759.94
1439,-0.0376,1,1,-4.7002,4.2957,0.24,0.0385,4759.98
1440,-4.8684,50,0,-4.6647,4.2794,0.24,1.4759,4761.46
1441,-7.2156,50,0,-4.7011,4.2854,0.24,1.4461,4762.9
1442,-2.8779,50,0,-4.6707,4.2875,0.24,1.4707,4764.37
1443,-4.5603,50,0,-4.6867,4.284,0.24,1.5247,4765.9
1444,-6.2941,50,0,-4.7243,4.2815,0.24,1.4599,4767.36
1445,-4.9424,50,0,-4.7253,4.2815,0.24,1.4442,4768.8
1446,-7.5587,50,0,-4.7635,4.2896,0.24,1.4461,4770.25
1447,-4.8152,50,0,-4.8112,4.2633,0.23,1.486,4771.73
1448,-4.6325,50,0,-4.8233,4.2611,0.23,1.3874,4773.12
1449,-0.0192,1,1,-4.7726,4.2877,0.24,0.034,4773.16
1450,-0.0355,1,1,-4.7726,4.2876,0.24,0.0281,4773.18
1451,-1.4258,15,1,-4.7471,4.2999,0.25,0.4261,4773.61
1452,-0.012,1,1,-4.7013,4.3256,0.26,0.0291,4773.64
1453,-25.4067,50,0,-4.9233,4.7882,0.26,1.3899,4775.03
1454,-3.2803,50,0,-4.9282,4.7862,0.26,1.4119,4776.44
1455,-5.1019,50,0,-4.9051,4.7797,0.26,1.392,4777.83
1456,-0.0499,1,1,-4.8554,4.8041,0.27,0.0298,4777.86
1457,-5.0319,50,0,-4.8581,4.8041,0.27,1.404,4779.27
1458,-0.357,7,1,-4.8245,4.8236,0.28,0.1977,4779.46
1459,-13.9179,50,0,-4.9284,4.9058,0.28,1.4814,4780.95
1460,-1.0169,11,1,-4.8707,4.9175,0.29,0.3269,4781.27
1461,-14.081,50,0,-5.0038,4.9844,0.28,1.5598,4782.83
1462,-35.8806,50,0,-5.3122,5.8552,0.28,1.5781,4784.41
1463,-6.377,50,0,-5.3266,5.856,0.28,1.553,4785.96
1464,-0.0271,1,1,-5.2483,5.8739,0.29,0.0367,4786.0
1465,-0.5621,8,1,-5.2028,5.8924,0.3,0.2532,4786.25
1466,-7.3079,50,0,-5.1564,5.8573,0.3,1.4315,4787.69
1467,-0.0236,1,1,-4.9486,5.664,0.31,0.0301,4787.72
1468,-6.5992,50,0,-4.9758,5.6653,0.31,1.4378,4789.15
1469,-2.0799,29,1,-4.9645,5.6699,0.32,0.9744,4790.13
1470,-0.037,1,1,-4.9117,5.691,0.33,0.0336,4790.16
1471,-0.032,1,1,-4.9118,5.6909,0.33,0.0314,4790.19
1472,-21.3259,50,0,-5.0546,5.9173,0.33,1.6098,4791.8
1473,-0.0209,1,1,-4.737,5.2941,0.34,0.0409,4791.84
1474,-0.4294,7,1,-4.7105,5.309,0.34,0.206,4792.05
1475,-0.3154,6,1,-4.6244,5.3098,0.35,0.1673,4792.22
1476,-5.2826,50,0,-4.6768,5.2901,0.34,1.5793,4793.8
1477,-14.2238,50,0,-4.8188,5.3535,0.33,1.6168,4795.41
1478,-24.6873,50,0,-4.9276,5.6381,0.33,1.5814,4796.99
1479,-5.4851,50,0,-4.9202,5.6369,0.33,1.5915,4798.59
1480,-6.2642,50,0,-4.93,5.6384,0.33,1.5646,4800.15
1481,-3.9349,50,0,-4.9199,5.6393,0.33,1.6134,4801.76
1482,-5.0413,50,0,-4.9614,5.6248,0.32,1.5445,4803.31
1483,-0.0411,1,1,-4.9337,5.6421,0.33,0.0274,4803.34
1484,-2.7017,50,0,-4.9104,5.6464,0.33,1.5968,4804.93
1485,-0.0349,1,1,-4.8643,5.6672,0.34,0.0319,4804.96
1486,-21.0643,50,0,-5.0745,5.8707,0.33,1.5851,4806.55
1487,-3.1982,50,0,-5.1002,5.8568,0.32,1.5709,4808.12
1488,-1.4379,26,1,-5.0883,5.863,0.33,0.789,4808.91
1489,-22.8937,50,0,-5.2692,6.1247,0.33,1.4189,4810.33
1490,-24.3684,50,0,-5.4766,6.4101,0.33,1.5311,4811.86
1491,-5.8622,50,0,-5.4281,6.3886,0.33,1.4205,4813.28
1492,-6.9168,50,0,-5.497,6.3671,0.32,1.4468,4814.73
1493,-6.6493,50,0,-5.5101,6.3681,0.32,1.515,4816.24
1494,-6.933,50,0,-5.5271,6.3696,0.32,1.4898,4817.73
1495,-15.1077,50,0,-5.678,6.4159,0.31,1.4038,4819.14
1496,-6.4961,50,0,-5.7429,6.391,0.3,1.5694,4820.7
1497,-4.9117,50,0,-5.7917,6.3657,0.29,1.5924,4822.3
1498,-18.8388,50,0,-5.9388,6.4942,0.29,1.5799,4823.88
1499,-9.9223,50,0,-5.9658,6.5051,0.29,1.5121,4825.39
1500,-6.2695,50,0,-5.9702,6.5052,0.29,1.5479,4826.94
1501,-0.0446,1,1,-5.9141,6.5318,0.3,0.0415,4826.98
1502,-3.6855,50,0,-5.8996,6.5351,0.3,1.6138,4828.59
1503,-10.2214,50,0,-5.9566,6.5477,0.3,1.6304,4830.22
1504,-3.7581,50,0,-5.9487,6.5499,0.3,1.5207,4831.74
1505,-25.6502,50,0,-6.1781,6.8283,0.29,1.6472,4833.39
1506,-21.4854,50,0,-6.3926,6.9674,0.28,1.5317,4834.92
1507,-3.5508,50,0,-6.3029,6.9456,0.28,1.6986,4836.62
1508,-0.8615,16,1,-6.2276,6.9633,0.29,0.4756,4837.1
1509,-0.0357,1,1,-6.1683,6.9905,0.3,0.0366,4837.13
1510,-27.9722,50,0,-6.4108,7.3145,0.3,1.494,4838.63
1511,-5.3426,50,0,-6.4637,7.2874,0.29,1.4799,4840.11
1512,-9.9726,50,0,-6.4986,7.2958,0.29,1.4879,4841.59
1513,-0.0096,1,1,-6.458,7.3204,0.3,0.0352,4841.63
1514,-5.246,50,0,-6.51,7.2931,0.29,1.4431,4843.07
1515,-0.0261,1,1,-6.4971,7.3034,0.29,0.0284,4843.1
1516,-4.4841,50,0,-6.4501,7.3011,0.29,1.5488,4844.65
1517,-0.033,1,1,-6.3927,7.3287,0.3,0.0308,4844.68
1518,-0.0214,1,1,-6.3541,7.3519,0.31,0.0294,4844.71
1519,-4.9998,50,0,-6.3407,7.3532,0.31,1.4658,4846.18
1520,-0.0475,1,1,-6.2474,7.3732,0.32,0.0307,4846.21
1521,-3.9209,50,0,-6.2349,7.3761,0.32,1.5279,4847.73
1522,-6.1909,50,0,-6.2396,7.3759,0.32,1.4384,4849.17
1523,-0.0331,1,1,-6.185,7.4014,0.33,0.0289,4849.2
1524,-7.4816,50,0,-6.2091,7.4017,0.33,1.4501,4850.65
1525,-0.0421,1,1,-6.1831,7.4187,0.34,0.03,4850.68
1526,-9.3104,50,0,-6.2155,7.4252,0.34,1.5212,4852.2
1527,-0.6162,11,1,-6.1729,7.445,0.35,0.3225,4852.53
1528,-2.9871,50,0,-6.1584,7.4497,0.35,1.4815,4854.01
1529,-4.4224,50,0,-6.1493,7.4513,0.35,1.4742,4855.48
1530,-23.2064,50,0,-6.3297,7.6413,0.35,1.3935,4856.88
1531,-3.2652,43,1,-6.3058,7.6471,0.36,1.3319,4858.21
1532,-1.492,19,1,-6.3077,7.6458,0.36,0.5353,4858.74
1533,-5.5949,50,0,-6.3611,7.622,0.35,1.4711,4860.21
1534,-13.578,50,0,-6.4637,7.6494,0.35,1.455,4861.67
1535,-1.3494,20,1,-6.4296,7.6645,0.36,0.637,4862.31
1536,-5.3726,50,0,-6.4785,7.6419,0.35,2.9638,4865.27
1537,-0.0431,1,1,-6.4411,7.6641,0.36,0.0319,4865.3
1538,-5.2885,50,0,-6.4877,7.6428,0.35,1.9558,4867.26
1539,-5.4786,50,0,-6.5421,7.616,0.34,1.6704,4868.93
1540,-3.7595,50,0,-6.531,7.6192,0.34,1.6528,4870.58
1541,-4.9483,50,0,-6.5083,7.6205,0.34,1.6427,4872.22
1542,-7.4621,50,0,-6.5542,7.6124,0.34,1.6138,4873.84
1543,-5.4228,50,0,-6.5628,7.6106,0.34,1.7168,4875.55
1544,-4.023,50,0,-6.5401,7.6147,0.34,1.5575,4877.11
1545,-5.5682,50,0,-6.5463,7.6137,0.34,1.4856,4878.6
1546,-5.5802,50,0,-6.5265,7.6136,0.34,1.423,4880.02
1547,-5.0676,50,0,-6.5291,7.6131,0.34,1.4568,4881.48
1548,-5.244,50,0,-6.5352,7.6118,0.34,1.503,4882.98
1549,-4.0685,50,0,-6.5757,7.5877,0.33,1.5454,4884.52
1550,-0.0348,1,1,-6.5757,7.5878,0.33,0.0308,4884.56
1551,-8.2782,50,0,-6.6442,7.5719,0.32,1.6512,4886.21
1552,-3.3787,50,0,-6.6779,7.5497,0.31,2.584,4888.79
1553,-4.9255,50,0,-6.473,7.313,0.31,1.9363,4890.73
1554,-4.4185,50,0,-6.4844,7.3089,0.31,1.6613,4892.39
1555,-10.7563,50,0,-6.541,7.3198,0.31,1.6759,4894.06
1556,-4.736,50,0,-6.5878,7.2931,0.3,1.7073,4895.77
1557,-3.7762,50,0,-6.5753,7.2968,0.3,1.8589,4897.63
1558,-4.0045,50,0,-6.6118,7.2747,0.29,1.7026,4899.33
1559,-4.1722,50,0,-6.5143,7.2414,0.29,1.7146,4901.05
1560,-0.0493,1,1,-6.5046,7.2494,0.29,0.0317,4901.08
1561,-2.5945,50,0,-6.3898,7.2194,0.29,1.7051,4902.78
1562,-4.9047,50,0,-6.08,6.584,0.29,1.6679,4904.45
1563,-0.0424,1,1,-6.0166,6.6112,0.3,0.0303,4904.48
1564,-5.7504,50,0,-6.0739,6.5838,0.29,1.7813,4906.26
1565,-0.043,1,1,-6.0687,6.5884,0.29,0.035,4906.3
1566,-0.0361,1,1,-5.996,6.6144,0.3,0.0315,4906.33
1567,-4.0674,50,0,-6.0364,6.5901,0.29,1.6363,4907.97
1568,-3.9464,50,0,-6.0099,6.5931,0.29,1.6551,4909.62
1569,-4.3573,50,0,-6.0327,6.5834,0.28,1.6543,4911.28
1570,-3.7731,50,0,-6.07,6.5598,0.27,1.7152,4912.99
1571,-4.9717,50,0,-6.1194,6.5327,0.26,1.5947,4914.59
1572,-5.6773,50,0,-5.9629,6.3515,0.26,1.4366,4916.02
1573,-4.5109,50,0,-6.0078,6.3251,0.25,1.4436,4917.47
1574,-7.0083,50,0,-6.0736,6.3009,0.24,1.4503,4918.92
1575,-3.0618,50,0,-6.1011,6.2817,0.23,1.489,4920.41
1576,-5.3785,50,0,-6.102,6.2816,0.23,1.6503,4922.06
1577,-3.0506,50,0,-5.9903,6.2354,0.23,1.4961,4923.55
1578,-5.4931,50,0,-5.7984,5.9455,0.23,1.5608,4925.11
1579,-5.2006,50,0,-5.7955,5.9458,0.23,1.5751,4926.69
1580,-4.5471,50,0,-5.7783,5.9469,0.23,1.5424,4928.23
1581,-6.4101,50,0,-5.8031,5.9443,0.23,1.4812,4929.71
1582,-0.0366,1,1,-5.7531,5.9715,0.24,0.0318,4929.74
1583,-5.5192,50,0,-5.8078,5.9439,0.23,1.4604,4931.2
1584,-4.3282,50,0,-5.8241,5.9376,0.23,1.4805,4932.68
1585,-0.0437,1,1,-5.8242,5.9375,0.23,0.0447,4932.73
1586,-5.0239,50,0,-5.6638,5.7369,0.23,1.4121,4934.14
1587,-4.967,50,0,-5.6815,5.732,0.23,1.4586,4935.6
1588,-6.1313,50,0,-5.7284,5.7163,0.22,1.4826,4937.08
1589,-5.2193,50,0,-5.5517,5.4498,0.22,1.5688,4938.65
1590,-3.8671,50,0,-5.3466,5.1133,0.22,1.4721,4940.12
1591,-3.7,50,0,-5.325,5.1157,0.22,1.5689,4941.69
1592,-4.6936,50,0,-5.3028,5.1136,0.22,1.7247,4943.42
1593,-5.9901,50,0,-5.2962,5.1122,0.22,1.7534,4945.17
1594,-0.034,1,1,-5.2272,5.1362,0.23,0.0367,4945.21
1595,-5.2646,50,0,-5.1288,5.0393,0.23,1.7876,4946.99
1596,-5.4764,50,0,-5.1186,5.0375,0.23,1.6762,4948.67
1597,-2.9272,50,0,-5.0987,5.0422,0.23,1.6443,4950.32
1598,-4.8329,50,0,-4.9587,4.8495,0.23,1.7055,4952.02
1599,-5.7814,50,0,-4.9173,4.8245,0.23,1.6119,4953.63
1600,-5.0172,50,0,-4.9047,4.8226,0.23,1.5609,4955.19
1601,-5.7093,50,0,-4.9614,4.7984,0.22,1.5106,4956.7
1602,-4.4456,50,0,-4.969,4.797,0.22,1.6178,4958.32
1603,-0.0422,1,1,-4.8672,4.7924,0.23,0.0307,4958.35
1604,-3.6935,45,1,-4.8666,4.7926,0.24,1.4615,4959.81
1605,-3.9573,50,0,-4.6496,4.314,0.24,1.595,4961.41
1606,-4.2844,50,0,-4.4776,3.9684,0.24,1.6789,4963.09
1607,-0.0464,1,1,-4.4426,3.9918,0.25,0.0344,4963.12
1608,-3.1384,50,0,-4.4653,3.9778,0.24,1.7205,4964.84
1609,-5.4744,50,0,-4.5197,3.9539,0.23,1.7931,4966.64
1610,-2.507,50,0,-4.2651,3.1795,0.23,1.7263,4968.36
1611,-5.3625,50,0,-4.2653,3.1796,0.23,1.6356,4970.0
1612,-5.4966,50,0,-4.2205,3.13,0.23,1.689,4971.69
1613,-2.6686,50,0,-4.2471,3.1053,0.22,5.4998,4977.19
1614,-3.0442,43,1,-4.2251,3.106,0.23,4.7429,4981.93
1615,-2.706,50,0,-4.2519,3.0811,0.22,5.6678,4987.6
1616,-0.0464,1,1,-4.2075,3.1093,0.23,0.1,4987.7
1617,-3.0094,50,0,-4.2373,3.0833,0.22,5.5575,4993.25
1618,-5.37,50,0,-4.2908,3.056,0.21,5.2638,4998.52
1619,-6.914,50,0,-4.3099,3.0663,0.21,5.3641,5003.88
1620,-2.6408,50,0,-4.3358,3.041,0.2,5.4093,5009.29
1621,-6.6626,50,0,-4.3633,3.0495,0.2,5.3574,5014.65
1622,-0.0495,1,1,-4.3018,3.0738,0.21,0.1108,5014.76
1623,-4.7587,50,0,-4.3491,3.044,0.2,5.7233,5020.48
1624,-5.1116,50,0,-4.3254,3.0287,0.2,5.2627,5025.75
1625,-0.0213,1,1,-4.3252,3.029,0.2,0.1186,5025.86
1626,-4.6782,50,0,-4.2789,2.9876,0.2,5.4389,5031.3
1627,-0.02,1,1,-4.2729,2.9954,0.2,0.1065,5031.41
1628,-5.8163,50,0,-4.3012,2.9965,0.2,5.1888,5036.6
1629,-4.7223,50,0,-4.3042,2.9968,0.2,5.3447,5041.94
1630,-3.3691,50,0,-4.1058,2.3189,0.2,5.2692,5047.21
1631,-4.5626,50,0,-4.1188,2.3178,0.19,5.2745,5052.49
1632,-4.6299,50,0,-4.1502,2.3032,0.18,5.3286,5057.82
1633,-6.6708,50,0,-4.1609,2.3124,0.18,5.4702,5063.29
1634,-4.9591,50,0,-4.0747,2.1117,0.18,5.3078,5068.59
1635,-5.6955,50,0,-4.1182,2.0999,0.17,5.2428,5073.84
1636,-0.0208,1,1,-4.0647,2.1351,0.18,0.1105,5073.95
1637,-4.8041,50,0,-4.1123,2.0977,0.17,5.1917,5079.14
1638,-3.0862,50,0,-4.0903,2.0968,0.17,5.4447,5084.58
1639,-5.556,50,0,-4.0911,2.0973,0.17,5.4186,5090.0
1640,-0.0247,1,1,-4.0537,2.1358,0.18,0.1069,5090.11
1641,-0.0249,1,1,-4.0045,2.171,0.19,0.1187,5090.23
1642,-2.9521,50,0,-3.9594,2.1454,0.19,5.4702,5095.7
1643,-0.0192,1,1,-3.9053,2.1757,0.2,0.1072,5095.81
1644,-4.6919,50,0,-3.912,2.1771,0.2,5.2427,5101.05
1645,-4.1353,50,0,-3.8977,2.1709,0.2,5.2623,5106.31
1646,-5.7832,50,0,-3.8997,2.1725,0.2,5.2946,5111.6
1647,-5.8397,50,0,-3.9074,2.178,0.2,5.2552,5116.86
1648,-0.0495,1,1,-3.8555,2.2073,0.21,0.1082,5116.97
1649,-5.4211,50,0,-3.869,2.2127,0.21,5.423,5122.39
1650,-2.7866,50,0,-3.8965,2.1817,0.2,5.4973,5127.89
1651,-5.9719,50,0,-3.8735,2.1472,0.2,5.351,5133.24
1652,-0.0378,1,1,-3.8401,2.1804,0.21,0.1058,5133.35
1653,-7.9097,50,0,-3.8699,2.2152,0.21,5.3725,5138.72
1654,-5.4197,50,0,-3.8799,2.2199,0.21,5.2975,5144.02
1655,-0.023,1,1,-3.7726,2.143,0.22,0.1047,5144.12
1656,-5.9053,50,0,-3.7843,2.1514,0.22,5.5751,5149.69
1657,-0.0395,1,1,-3.7469,2.1834,0.23,0.1138,5149.81
1658,-0.0303,1,1,-3.7072,2.2143,0.24,0.1099,5149.92
1659,-5.8723,50,0,-3.7242,2.2243,0.24,5.2542,5155.17
1660,-3.2107,50,0,-3.7558,2.1941,0.23,5.3018,5160.47
1661,-0.912,14,1,-3.739,2.2094,0.24,1.5061,5161.98
1662,-0.0494,1,1,-3.6904,2.2364,0.25,0.1016,5162.08
1663,-6.5874,50,0,-3.7559,2.2244,0.24,5.2028,5167.28
1664,-4.0892,50,0,-3.7393,2.2156,0.24,5.1863,5172.47
1665,-3.6715,50,0,-3.7755,2.1843,0.23,5.3646,5177.84
1666,-1.0884,17,1,-3.7861,2.1687,0.23,1.8034,5179.64
1667,-4.3185,50,0,-3.7886,2.1692,0.23,5.3743,5185.01
1668,-4.6567,50,0,-3.7957,2.1709,0.23,5.2564,5190.27
1669,-3.5234,50,0,-3.7873,2.1703,0.23,5.3542,5195.62
1670,-4.5881,50,0,-3.7955,2.1718,0.23,5.4292,5201.05
1671,-5.3377,50,0,-3.7991,2.1741,0.23,5.3663,5206.42
1672,-5.1314,50,0,-3.7937,2.17,0.23,5.1821,5211.6
1673,-0.0493,1,1,-3.7491,2.2005,0.24,0.1153,5211.72
1674,-0.0481,1,1,-3.6795,2.2063,0.25,0.109,5211.83
1675,-4.5114,50,0,-3.694,2.207,0.25,5.2574,5217.08
1676,-0.0325,1,1,-3.6405,2.2302,0.26,0.1077,5217.19
1677,-5.9139,50,0,-3.6691,2.2408,0.26,5.1806,5222.37
1678,-9.479,50,0,-3.709,2.3073,0.26,5.3327,5227.7
1679,-2.8389,50,0,-3.6854,2.304,0.26,5.3746,5233.08
1680,-5.6423,50,0,-3.6963,2.3107,0.26,5.31,5238.39
1681,-3.391,50,0,-3.6661,2.2947,0.26,5.6517,5244.04
1682,-2.5235,50,0,-3.691,2.2685,0.25,5.4742,5249.52
1683,-5.8501,50,0,-3.6943,2.2714,0.25,5.4607,5254.98
1684,-0.0468,1,1,-3.6515,2.2993,0.26,0.0992,5255.08
1685,-4.2012,50,0,-3.6931,2.2711,0.25,5.3654,5260.44
1686,-3.6818,50,0,-3.6797,2.2671,0.25,5.6427,5266.08
1687,-5.4159,50,0,-3.6841,2.2701,0.25,5.4445,5271.53
1688,-2.7683,50,0,-3.6505,2.2585,0.25,5.4762,5277.0
1689,-5.4898,50,0,-3.6532,2.2605,0.25,5.4553,5282.46
1690,-3.4838,50,0,-3.6494,2.2605,0.25,5.2143,5287.67
1691,-0.0214,1,1,-3.6126,2.2891,0.26,0.1098,5287.78
1692,-2.9708,50,0,-3.5954,2.2874,0.26,5.4702,5293.25
1693,-0.0041,1,1,-3.5355,2.3022,0.27,0.119,5293.37
1694,-2.9339,50,0,-3.5645,2.2761,0.26,5.4882,5298.86
1695,-0.0322,1,1,-3.5122,2.2964,0.27,0.1044,5298.97
1696,-0.0399,1,1,-3.4578,2.3136,0.28,0.1116,5299.08
1697,-4.3642,50,0,-3.4722,2.3147,0.28,5.4609,5304.54
1698,-4.8037,50,0,-3.4719,2.3145,0.28,5.2438,5309.78
1699,-3.4268,50,0,-3.4484,2.3029,0.28,5.275,5315.06
1700,-4.8073,50,0,-3.4463,2.3015,0.28,5.4829,5320.54
1701,-4.8398,50,0,-3.4376,2.2946,0.28,5.2554,5325.79
1702,-4.5098,50,0,-3.4382,2.2949,0.28,5.491,5331.29
1703,-5.9424,50,0,-3.4972,2.2826,0.27,5.294,5336.58
1704,-5.0807,50,0,-3.5111,2.288,0.26,5.4809,5342.06
1705,-0.0446,1,1,-3.4719,2.3133,0.27,0.1206,5342.18
1706,-3.7557,50,0,-3.4667,2.3121,0.27,5.3859,5347.57
1707,-3.4985,50,0,-3.5012,2.2864,0.26,5.2047,5352.77
1708,-5.0802,50,0,-3.5206,2.2915,0.26,5.2057,5357.98
1709,-2.9614,50,0,-3.4955,2.2837,0.26,5.4856,5363.46
1710,-5.8248,50,0,-3.5286,2.2931,0.26,5.3752,5368.84
1711,-0.0344,1,1,-3.4754,2.3117,0.27,0.1036,5368.94
1712,-4.996,50,0,-3.4704,2.3079,0.27,5.2311,5374.17
1713,-0.0478,1,1,-3.4442,2.3316,0.28,0.1184,5374.29
1714,-4.8765,50,0,-3.4625,2.3356,0.27,5.3829,5379.67
1715,-3.958,50,0,-3.475,2.3348,0.27,5.6986,5385.37
1716,-2.7161,50,0,-3.5017,2.3106,0.26,5.5728,5390.95
1717,-0.0167,1,1,-3.4718,2.3361,0.27,0.1172,5391.06
1718,-5.0566,50,0,-3.4686,2.3337,0.27,5.2857,5396.35
1719,-0.019,1,1,-3.3997,2.3328,0.28,0.1082,5396.46
1720,-4.4944,50,0,-3.4182,2.334,0.28,5.3937,5401.85
1721,-0.0279,1,1,-3.3519,2.3351,0.29,0.1238,5401.97
1722,-2.8081,50,0,-3.3795,2.3122,0.28,5.3077,5407.28
1723,-4.8979,50,0,-3.3808,2.313,0.28,5.3781,5412.66
1724,-3.7152,50,0,-3.3669,2.3067,0.28,5.5972,5418.26
1725,-6.7713,50,0,-3.4344,2.3066,0.27,5.3021,5423.56
1726,-5.3844,50,0,-3.4414,2.3115,0.27,5.2871,5428.85
1727,-1.537,22,1,-3.4566,2.2939,0.27,2.3671,5431.21
1728,-6.0724,50,0,-3.4592,2.2967,0.27,5.3027,5436.52
1729,-0.0303,1,1,-3.4123,2.3182,0.28,0.1163,5436.63
1730,-4.8399,50,0,-3.427,2.3226,0.28,5.3818,5442.01
1731,-4.5417,50,0,-3.4268,2.3225,0.28,5.294,5447.31
1732,-4.3497,50,0,-3.424,2.3212,0.28,5.4245,5452.73
1733,-3.1697,50,0,-3.3889,2.2982,0.28,5.5609,5458.29
1734,-3.7306,50,0,-3.3767,2.2931,0.28,5.3982,5463.69
1735,-2.9492,50,0,-3.3492,2.2816,0.28,5.3835,5469.08
1736,-5.1328,50,0,-3.4003,2.2636,0.27,5.2173,5474.29
1737,-4.9259,50,0,-3.4015,2.2644,0.27,5.4884,5479.78
1738,-5.1829,50,0,-3.4225,2.2711,0.27,5.4559,5485.24
1739,-4.6074,50,0,-3.413,2.2641,0.27,5.4483,5490.69
1740,-2.8775,50,0,-3.4415,2.2391,0.26,5.4939,5496.18
1741,-4.3927,50,0,-3.4852,2.2145,0.25,5.3605,5501.54
1742,-0.0228,1,1,-3.4559,2.2405,0.26,0.103,5501.64
1743,-3.268,50,0,-3.4884,2.2139,0.25,5.456,5507.1
1744,-4.2236,50,0,-3.4837,2.2118,0.25,5.2391,5512.34
1745,-4.9214,50,0,-3.4916,2.2155,0.25,5.2159,5517.55
1746,-4.8282,50,0,-3.482,2.2077,0.25,5.2683,5522.82
1747,-5.6177,50,0,-3.4798,2.2054,0.25,5.3037,5528.13
1748,-5.0038,50,0,-3.5294,2.1833,0.24,5.2844,5533.41
1749,-0.0382,1,1,-3.4755,2.2023,0.25,0.1199,5533.53
1750,-3.5331,50,0,-3.483,2.2012,0.25,5.3913,5538.92
1751,-1.6315,24,1,-3.4396,2.1945,0.26,2.5328,5541.45
1752,-4.1438,50,0,-3.4807,2.1687,0.25,5.4015,5546.86
1753,-0.0373,1,1,-3.4019,2.1493,0.26,0.11,5546.97
1754,-4.7702,50,0,-3.3954,2.1442,0.26,5.0932,5552.06
1755,-5.0719,50,0,-3.4459,2.1235,0.25,5.0228,5557.08
1756,-8.1532,50,0,-3.4684,2.161,0.25,5.1659,5562.25
1757,-3.6807,50,0,-3.5048,2.1334,0.24,5.2189,5567.47
1758,-4.6695,50,0,-3.5512,2.1076,0.23,5.1754,5572.64
1759,-4.1137,50,0,-3.5336,2.0955,0.23,5.2775,5577.92
1760,-2.6088,50,0,-3.5276,2.0973,0.23,5.3951,5583.31
1761,-6.3019,50,0,-3.5815,2.0986,0.22,5.3817,5588.7
1762,-4.87,50,0,-3.6297,2.0721,0.21,5.4128,5594.11
1763,-5.9422,50,0,-3.6233,2.0639,0.21,5.1637,5599.27
1764,-0.0076,1,1,-3.5824,2.0944,0.22,0.1026,5599.38
1765,-5.7866,50,0,-3.6036,2.1059,0.22,5.3217,5604.7
1766,-0.0358,1,1,-3.5931,2.121,0.22,0.1101,5604.81
1767,-0.5761,11,1,-3.5556,2.1408,0.23,1.1914,5606.0
1768,-2.7535,50,0,-3.5366,2.1394,0.23,5.516,5611.51
1769,-3.4932,50,0,-3.5363,2.1394,0.23,5.516,5617.03
1770,-3.3409,50,0,-3.5238,2.1368,0.23,5.2336,5622.26
1771,-2.8791,50,0,-3.4993,2.13,0.23,5.2587,5627.52
1772,-0.0489,1,1,-3.4484,2.1509,0.24,0.0988,5627.62
1773,-3.9059,50,0,-3.487,2.124,0.23,5.183,5632.8
1774,-2.8374,50,0,-3.5149,2.0968,0.22,5.3513,5638.16
1775,-4.4203,50,0,-3.514,2.0964,0.22,5.4544,5643.61
1776,-0.0078,1,1,-3.5137,2.0968,0.22,0.1028,5643.71
1777,-3.9129,50,0,-3.4937,2.0834,0.22,5.2472,5648.96
1778,-1.5203,29,1,-3.4141,2.0037,0.23,3.0268,5651.99
1779,-3.0326,50,0,-3.4161,2.0032,0.23,5.3974,5657.38
1780,-3.0577,50,0,-3.3902,1.991,0.23,5.2826,5662.67
1781,-0.047,1,1,-3.3568,2.0186,0.24,0.1095,5662.78
1782,-4.8571,50,0,-3.3801,2.0223,0.24,5.1768,5667.95
1783,-4.549,50,0,-3.3671,2.0105,0.24,5.1603,5673.11
1784,-0.4869,8,1,-3.3715,2.0037,0.24,0.9342,5674.05
1785,-5.3278,50,0,-3.3828,2.0115,0.24,5.0083,5679.06
1786,-3.1148,50,0,-3.3771,2.0114,0.24,5.1721,5684.23
1787,-3.8547,50,0,-3.3615,2.0016,0.24,10.3381,5694.57
1788,-3.406,50,0,-3.3679,2.0007,0.24,5.363,5699.93
1789,-4.0314,50,0,-3.3533,1.9905,0.24,5.1217,5705.05
1790,-3.9111,50,0,-3.3576,1.9912,0.24,5.2001,5710.25
1791,-3.6097,50,0,-3.3934,1.9629,0.23,5.3545,5715.61
1792,-2.5745,50,0,-3.3895,1.9641,0.23,5.2138,5720.82
1793,-4.4178,50,0,-3.4336,1.937,0.22,5.3015,5726.12
1794,-4.1903,50,0,-3.4462,1.9378,0.22,5.2223,5731.34
1795,-5.6108,50,0,-3.502,1.9189,0.21,5.2138,5736.56
1796,-3.9065,50,0,-3.5406,1.8874,0.2,5.2092,5741.77
1797,-3.7503,50,0,-3.5345,1.8857,0.2,5.2769,5747.04
1798,-0.015,1,1,-3.4866,1.9135,0.21,0.0964,5747.14
1799,-3.5782,50,0,-3.4881,1.9135,0.21,5.3176,5752.46
1800,-1.6301,16,1,-3.4563,1.9177,0.22,1.6814,5754.14
1801,-0.0228,1,1,-3.4082,1.9427,0.23,0.1171,5754.26
1802,-0.0352,1,1,-3.3634,1.9682,0.24,0.1069,5754.36
1803,-4.4547,50,0,-3.3486,1.9542,0.24,5.2349,5759.6
1804,-4.1864,50,0,-3.3396,1.9483,0.24,5.3928,5764.99
1805,-4.5867,50,0,-3.385,1.9237,0.23,5.1918,5770.18
1806,-4.9073,50,0,-3.3966,1.9293,0.23,5.3209,5775.5
1807,-4.0318,50,0,-3.4019,1.9304,0.23,5.3711,5780.87
1808,-5.5317,50,0,-3.4064,1.9348,0.23,5.2387,5786.11
1809,-5.0221,50,0,-3.427,1.9409,0.23,5.1735,5791.29
1810,-0.015,1,1,-3.3689,1.9552,0.24,0.1034,5791.39
1811,-3.4466,50,0,-3.403,1.9262,0.23,5.294,5796.68
1812,-3.0247,50,0,-3.3833,1.9199,0.23,5.2721,5801.96
1813,-0.0197,1,1,-3.383,1.9204,0.23,0.1158,5802.07
1814,-0.0097,1,1,-3.3344,1.9435,0.24,0.1053,5802.18
1815,-3.9872,50,0,-3.3347,1.9436,0.24,5.2804,5807.46
1816,-3.0448,50,0,-3.3379,1.9428,0.24,5.3963,5812.85
1817,-5.596,50,0,-3.3937,1.9267,0.23,5.3003,5818.15
1818,-0.0216,1,1,-3.3434,1.9482,0.24,0.1082,5818.26
1819,-2.8938,50,0,-3.3721,1.92,0.23,5.377,5823.64
1820,-0.038,1,1,-3.3276,1.9449,0.24,0.103,5823.74
1821,-4.822,50,0,-3.3755,1.922,0.23,5.1967,5828.94
1822,-4.534,50,0,-3.3928,1.9245,0.23,5.3138,5834.25
1823,-3.1009,50,0,-3.3748,1.9188,0.23,5.4008,5839.65
1824,-3.5667,50,0,-3.3733,1.9186,0.23,5.3432,5845.0
1825,-5.7381,50,0,-3.363,1.903,0.23,5.3303,5850.33
1826,-3.7959,50,0,-3.3471,1.8926,0.23,5.3571,5855.68
1827,-2.4849,28,1,-3.3566,1.8859,0.23,2.9599,5858.64
1828,-3.9798,50,0,-3.3357,1.8672,0.23,5.2605,5863.9
1829,-0.0189,1,1,-3.3355,1.8674,0.23,0.1148,5864.02
1830,-5.2892,50,0,-3.34,1.8715,0.23,5.418,5869.44
1831,-4.2039,50,0,-3.3367,1.8697,0.23,5.1957,5874.63
1832,-3.3878,50,0,-3.327,1.8669,0.23,5.5085,5880.14
1833,-4.3719,50,0,-3.3391,1.8697,0.23,5.8223,5885.96
1834,-3.2753,50,0,-3.3345,1.8693,0.23,5.6962,5891.66
1835,-4.6756,50,0,-3.3518,1.8736,0.23,5.425,5897.08
1836,-7.1186,50,0,-3.3716,1.9027,0.23,5.4622,5902.55
1837,-4.4771,50,0,-3.3671,1.8996,0.23,5.4325,5907.98
1838,-3.4139,50,0,-3.3495,1.8908,0.23,5.5541,5913.53
1839,-4.1565,50,0,-3.3449,1.8883,0.23,5.1583,5918.69
1840,-6.5401,50,0,-3.3816,1.9142,0.23,5.3224,5924.01
1841,-5.1281,50,0,-3.3889,1.9195,0.23,5.1616,5929.18
1842,-4.2769,50,0,-3.4315,1.8914,0.22,5.2063,5934.38
1843,-3.9605,50,0,-3.4384,1.892,0.22,5.2694,5939.65
1844,-2.8459,50,0,-3.4246,1.8913,0.22,5.2944,5944.95
1845,-4.0262,50,0,-3.4157,1.8863,0.22,5.2657,5950.21
1846,-3.5679,50,0,-3.4031,1.881,0.22,5.17,5955.38
1847,-0.0443,1,1,-3.3473,1.8971,0.23,0.1041,5955.49
1848,-0.0141,1,1,-3.2974,1.9183,0.24,0.1037,5955.59
1849,-4.4422,50,0,-3.3415,1.8934,0.23,5.2203,5960.81
1850,-3.26,50,0,-3.3387,1.8933,0.23,5.3088,5966.12
1851,-0.0157,1,1,-3.3226,1.9146,0.23,0.1041,5966.22
1852,-3.7721,50,0,-3.3189,1.9134,0.23,5.349,5971.57
1853,-0.0044,1,1,-3.3185,1.9139,0.23,0.1122,5971.68
1854,-4.9589,50,0,-3.3204,1.9154,0.23,5.1437,5976.83
1855,-0.049,1,1,-3.2702,1.9346,0.24,0.1083,5976.94
1856,-3.4851,50,0,-3.2235,1.8715,0.24,5.3664,5982.3
1857,-0.044,1,1,-3.1871,1.8974,0.25,0.1126,5982.41
1858,-3.0566,50,0,-3.171,1.8916,0.25,5.403,5987.82
1859,-3.3776,45,1,-3.1636,1.8894,0.26,4.681,5992.5
1860,-0.05,1,1,-3.1381,1.9139,0.27,0.1174,5992.62
1861,-5.8524,50,0,-3.1336,1.9069,0.27,5.1566,5997.77
1862,-7.0402,50,0,-3.1553,1.9387,0.27,5.229,6003.0
1863,-4.6846,50,0,-3.1427,1.9246,0.27,5.1819,6008.18
1864,-4.1108,50,0,-3.1837,1.9009,0.26,5.2789,6013.46
1865,-3.4942,50,0,-3.1608,1.8831,0.26,5.2971,6018.76
1866,-0.0334,1,1,-3.1608,1.8832,0.26,0.1026,6018.86
1867,-4.2771,50,0,-3.1978,1.8683,0.25,5.1249,6023.99
1868,-4.9699,50,0,-3.22,1.876,0.25,5.2757,6029.26
1869,-5.3949,50,0,-3.239,1.8883,0.25,5.2739,6034.54
1870,-5.5783,50,0,-3.2613,1.9026,0.25,5.0792,6039.62
1871,-0.9663,11,1,-3.2422,1.9159,0.26,1.119,6040.74
1872,-4.0484,50,0,-3.2822,1.8904,0.25,5.3611,6046.1
1873,-0.0209,1,1,-3.2434,1.9169,0.26,0.117,6046.21
1874,-5.0688,50,0,-3.2657,1.925,0.26,5.5287,6051.74
1875,-3.5447,50,0,-3.2569,1.9217,0.26,5.3302,6057.07
1876,-4.9145,50,0,-3.306,1.9007,0.25,5.3252,6062.4
1877,-6.6898,50,0,-3.3338,1.9294,0.25,5.1905,6067.59
1878,-3.0548,50,0,-3.3491,1.921,0.24,5.3014,6072.89
1879,-24.3673,50,0,-3.5624,2.8393,0.24,5.0907,6077.98
1880,-8.0251,50,0,-3.6121,2.8732,0.24,5.1745,6083.15
1881,-3.8978,50,0,-3.6506,2.8509,0.23,5.2541,6088.41
1882,-0.0493,1,1,-3.6026,2.8706,0.24,0.1039,6088.51
1883,-4.9649,50,0,-3.6067,2.8723,0.24,5.2089,6093.72
1884,-0.0296,1,1,-3.6021,2.8776,0.24,0.1061,6093.83
1885,-2.6644,50,0,-3.5755,2.8739,0.24,5.3532,6099.18
1886,-3.8003,50,0,-3.5824,2.8736,0.24,5.1502,6104.33
1887,-5.1237,50,0,-3.5951,2.8776,0.24,5.352,6109.68
1888,-6.8098,50,0,-3.6291,2.8952,0.24,5.4362,6115.12
1889,-9.5031,50,0,-3.6838,2.9534,0.24,5.2714,6120.39
1890,-6.5795,50,0,-3.7105,2.9674,0.24,5.4388,6125.83
1891,-3.508,50,0,-3.7095,2.9674,0.24,5.3838,6131.21
1892,-4.5225,50,0,-3.729,2.9663,0.24,5.3514,6136.56
1893,-3.5082,50,0,-3.7199,2.9656,0.24,5.5165,6142.08
1894,-5.571,50,0,-3.7337,2.9709,0.24,5.1829,6147.26
1895,-2.8449,50,0,-3.706,2.9662,0.24,5.4405,6152.7
1896,-5.997,50,0,-3.7269,2.9749,0.24,5.2053,6157.91
1897,-4.7093,50,0,-3.7365,2.9765,0.24,5.2502,6163.16
1898,-4.898,50,0,-3.7853,2.955,0.23,5.3002,6168.46
1899,-4.9952,50,0,-3.7995,2.9574,0.23,5.1763,6173.64
1900,-2.5996,50,0,-3.8092,2.9518,0.22,5.3673,6179.0
1901,-3.0899,50,0,-3.8399,2.9282,0.21,5.2949,6184.3
1902,-0.0477,1,1,-3.84,2.928,0.21,0.1043,6184.4
1903,-3.2294,50,0,-3.8277,2.928,0.21,5.3268,6189.73
1904,-4.7076,50,0,-3.8329,2.9291,0.21,5.1684,6194.9
1905,-4.1165,50,0,-3.8282,2.9282,0.21,5.294,6200.19
1906,-4.7384,50,0,-3.8266,2.9277,0.21,5.1525,6205.34
1907,-5.2299,50,0,-3.8385,2.9309,0.21,5.1762,6210.52
1908,-5.0792,50,0,-3.834,2.9287,0.21,5.1849,6215.71
1909,-5.7907,50,0,-3.8417,2.9328,0.21,5.3771,6221.08
1910,-4.9797,50,0,-3.8913,2.9095,0.2,5.291,6226.37
1911,-4.3846,50,0,-3.9007,2.9096,0.2,5.1472,6231.52
1912,-3.9469,50,0,-3.9099,2.9082,0.2,5.2483,6236.77
1913,-0.0402,1,1,-3.9102,2.908,0.2,0.115,6236.88
1914,-5.6545,50,0,-3.9666,2.8864,0.19,5.268,6242.15
1915,-0.0416,1,1,-3.9271,2.9127,0.2,0.1075,6242.26
1916,-3.0391,50,0,-3.9271,2.9127,0.2,5.1536,6247.41
1917,-3.3323,50,0,-3.9044,2.9085,0.2,5.5785,6252.99
1918,-5.9257,50,0,-3.9635,2.8889,0.19,5.5769,6258.57
1919,-4.0903,50,0,-3.9755,2.8869,0.19,5.7644,6264.33
1920,-0.0115,1,1,-3.9752,2.8873,0.19,0.0995,6264.43
1921,-3.7293,50,0,-3.9643,2.8861,0.19,5.3631,6269.8
1922,-4.7541,50,0,-3.9665,2.8866,0.19,5.2004,6275.0
1923,-4.2196,50,0,-3.9777,2.8854,0.19,5.3918,6280.39
1924,-0.0376,1,1,-3.9424,2.9117,0.2,0.1115,6280.5
1925,-0.0116,1,1,-3.8851,2.9321,0.21,0.1167,6280.62
1926,-4.7324,50,0,-3.8945,2.9333,0.21,5.262,6285.88
1927,-6.3389,50,0,-3.933,2.9398,0.2,5.4824,6291.36
1928,-5.3469,50,0,-3.9467,2.9432,0.2,5.313,6296.67
1929,-3.2623,50,0,-3.9791,2.9175,0.19,5.3473,6302.02
1930,-0.0376,1,1,-3.9266,2.9406,0.2,0.1028,6302.12
1931,-1.2134,19,1,-3.8967,2.9528,0.21,2.0396,6304.16
1932,-3.27,50,0,-3.8955,2.953,0.21,5.4155,6309.58
1933,-4.5878,50,0,-3.8977,2.9534,0.21,5.4038,6314.98
1934,-4.6721,50,0,-3.9116,2.9538,0.21,5.2712,6320.25
1935,-5.7129,50,0,-3.922,2.9582,0.21,4.502,6324.76
1936,-3.9638,50,0,-3.8905,2.9408,0.21,1.8275,6326.58
1937,-0.0474,1,1,-3.8462,2.9649,0.22,0.0394,6326.62
1938,-4.1921,50,0,-3.8539,2.9647,0.22,1.8451,6328.47
1939,-0.9512,16,1,-3.8219,2.9786,0.23,0.7655,6329.23
1940,-3.2785,50,0,-3.7893,2.9665,0.23,1.9336,6331.17
1941,-2.1808,42,1,-3.7598,2.9677,0.24,1.4276,6332.59
1942,-5.3629,50,0,-3.7707,2.9715,0.24,1.6747,6334.27
1943,-0.9682,10,1,-3.7407,2.9845,0.25,0.4177,6334.69
1944,-4.724,50,0,-3.7595,2.9847,0.25,2.0201,6336.71
1945,-0.038,1,1,-3.7196,3.0074,0.26,0.037,6336.74
1946,-5.3612,50,0,-3.7376,3.0118,0.26,1.9922,6338.74
1947,-3.3568,50,0,-3.7707,2.9892,0.25,2.0368,6340.77
1948,-4.302,50,0,-3.8136,2.9656,0.24,1.8478,6342.62
1949,-0.0468,1,1,-3.7696,2.9885,0.25,0.0404,6342.66
1950,-1.2253,20,1,-3.7493,2.9988,0.26,0.6614,6343.32
1951,-0.0342,1,1,-3.7495,2.9985,0.26,0.0346,6343.36
1952,-5.1165,50,0,-3.7629,3.0016,0.26,1.643,6345.0
1953,-4.1629,50,0,-3.8045,2.978,0.25,3.855,6348.86
1954,-1.151,18,1,-3.7664,2.9873,0.26,1.8648,6350.72
1955,-3.4414,50,0,-3.8003,2.9641,0.25,5.0251,6355.75
1956,-2.6626,50,0,-3.7921,2.9661,0.25,4.9537,6360.7
1957,-2.6177,50,0,-3.8178,2.9445,0.24,5.1402,6365.84
1958,-3.4009,39,1,-3.8213,2.9438,0.25,4.0195,6369.86
1959,-17.606,50,0,-3.9636,3.2472,0.24,5.2607,6375.12
1960,-0.0302,1,1,-3.9634,3.2474,0.24,0.1154,6375.23
1961,-3.6181,50,0,-3.941,3.242,0.24,5.6218,6380.86
1962,-4.3859,50,0,-3.9145,3.2274,0.24,5.515,6386.37
1963,-4.4484,50,0,-3.9121,3.2269,0.24,5.7405,6392.11
1964,-0.0264,1,1,-3.8713,3.2499,0.25,0.1209,6392.23
1965,-1.093,15,1,-3.8473,3.2614,0.26,1.7534,6393.99
1966,-0.0271,1,1,-3.8472,3.2615,0.26,0.1124,6394.1
1967,-4.8028,50,0,-3.8525,3.2626,0.26,5.0255,6399.12
1968,-1.3623,17,1,-3.8164,3.27,0.27,0.6456,6399.77
1969,-5.9481,50,0,-3.8219,3.2731,0.27,1.8283,6401.6
1970,-5.6854,50,0,-3.823,3.2737,0.27,1.8126,6403.41
1971,-3.4819,50,0,-3.8481,3.2613,0.26,1.7263,6405.14
1972,-3.2835,50,0,-3.8405,3.2617,0.26,1.8243,6406.96
1973,-4.3393,50,0,-3.8837,3.2394,0.25,1.9309,6408.89
1974,-0.0159,1,1,-3.8331,3.2599,0.26,0.036,6408.93
1975,-3.0714,50,0,-3.8284,3.2606,0.26,1.8887,6410.82
1976,-0.0298,1,1,-3.7796,3.2805,0.27,0.0293,6410.85
1977,-4.9986,50,0,-3.7627,3.2698,0.27,5.501,6416.35
1978,-3.1416,50,0,-3.7635,3.2696,0.27,3.1588,6419.51
1979,-1.2118,16,1,-3.532,2.541,0.28,0.7187,6420.23
1980,-3.147,50,0,-3.4832,2.5008,0.28,2.2561,6422.48
1981,-3.8237,50,0,-3.4824,2.5007,0.28,1.9456,6424.43
1982,-2.7704,50,0,-3.5097,2.4779,0.27,2.0166,6426.44
1983,-2.9571,50,0,-3.4896,2.4741,0.27,1.9151,6428.36
1984,-4.908,50,0,-3.5384,2.4534,0.26,2.1334,6430.49
1985,-6.3673,50,0,-3.5754,2.4679,0.26,2.1284,6432.62
1986,-5.484,50,0,-3.5922,2.4751,0.26,2.1043,6434.72
1987,-3.15,50,0,-3.5725,2.4707,0.26,2.0907,6436.82
1988,-4.1524,50,0,-3.5459,2.4499,0.26,2.066,6438.88
1989,-3.5893,50,0,-3.4868,2.3756,0.26,2.03,6440.91
1990,-0.0137,1,1,-3.4211,2.38,0.27,0.0349,6440.95
1991,-3.2092,50,0,-3.4181,2.3801,0.27,1.7651,6442.71
1992,-3.9202,50,0,-3.4121,2.378,0.27,1.6887,6444.4
1993,-3.8285,50,0,-3.4153,2.3784,0.27,1.7676,6446.17
1994,-4.9165,50,0,-3.4088,2.3733,0.27,1.873,6448.04
1995,-1.4506,17,1,-3.3948,2.3807,0.28,0.6963,6448.74
1996,-0.0294,1,1,-3.3352,2.3895,0.29,0.043,6448.78
1997,-0.0125,1,1,-3.2882,2.4081,0.3,0.048,6448.83
1998,-5.318,50,0,-3.2924,2.4113,0.3,1.9534,6450.78
1999,-0.0257,1,1,-3.2427,2.4268,0.31,0.036,6450.82
2000,-4.1541,50,0,-3.2582,2.4276,0.31,1.9738,6452.79
2001,-3.7443,50,0,-3.2648,2.428,0.31,1.845,6454.64
2002,-4.4774,50,0,-3.3091,2.4093,0.3,1.9736,6456.61
2003,-2.9366,50,0,-3.3061,2.4096,0.3,2.179,6458.79
2004,-4.6629,50,0,-3.3057,2.4093,0.3,2.071,6460.86
2005,-1.1963,15,1,-3.2765,2.417,0.31,0.5816,6461.44
2006,-1.5487,18,1,-3.2446,2.4185,0.32,0.6348,6462.08
2007,-3.2923,50,0,-3.2252,2.4103,0.32,1.9255,6464.0
2008,-5.5755,50,0,-3.2302,2.4146,0.32,2.0194,6466.02
2009,-2.9874,50,0,-3.2022,2.401,0.32,1.7069,6467.73
2010,-0.026,1,1,-3.1526,2.4148,0.33,0.0373,6467.77
2011,-3.8211,50,0,-3.147,2.4126,0.33,1.7452,6469.51
2012,-4.3869,50,0,-3.1514,2.4145,0.33,1.7569,6471.27
2013,-5.5053,50,0,-3.206,2.4053,0.32,1.8302,6473.1
2014,-0.0443,1,1,-3.1499,2.4129,0.33,0.0429,6473.14
2015,-4.0425,50,0,-3.1899,2.3941,0.32,1.8241,6474.96
2016,-3.3474,50,0,-3.193,2.3941,0.32,1.9058,6476.87
2017,-4.0905,50,0,-3.2006,2.3958,0.32,1.9307,6478.8
2018,-3.4493,50,0,-3.1758,2.3802,0.32,1.7617,6480.56
2019,-0.0434,1,1,-3.1354,2.3987,0.33,0.0442,6480.61
2020,-4.1605,50,0,-3.1769,2.3801,0.32,1.9728,6482.58
2021,-2.5475,50,0,-3.165,2.3802,0.32,2.0582,6484.64
2022,-1.0071,13,1,-3.1276,2.3844,0.33,0.4909,6485.13
2023,-3.9659,50,0,-3.125,2.3834,0.33,1.9619,6487.09
2024,-4.8371,50,0,-3.173,2.369,0.32,1.8903,6488.98
2025,-0.0365,1,1,-3.1733,2.3687,0.32,0.0374,6489.02
2026,-0.0257,1,1,-3.1262,2.3839,0.33,0.0321,6489.05
2027,-3.5479,50,0,-3.0983,2.3624,0.33,2.1134,6491.16
2028,-5.6535,50,0,-3.1014,2.3655,0.33,2.02,6493.18
2029,-4.6469,50,0,-3.1152,2.3705,0.33,2.0841,6495.27
2030,-4.0215,50,0,-3.1551,2.3518,0.32,1.8799,6497.15
2031,-4.8382,50,0,-3.1913,2.3495,0.31,1.9613,6499.11
2032,-0.6921,13,1,-3.1655,2.3626,0.32,0.5216,6499.63
2033,-0.0141,1,1,-3.1198,2.3789,0.33,0.048,6499.68
2034,-0.0375,1,1,-3.0734,2.3933,0.34,0.0376,6499.72
2035,-3.3534,50,0,-3.0498,2.3787,0.34,1.8696,6501.59
2036,-0.7024,11,1,-3.0172,2.3883,0.35,0.3891,6501.97
2037,-3.8323,50,0,-3.0551,2.3709,0.34,1.8445,6503.82
2038,-5.1585,50,0,-3.0647,2.3775,0.34,1.8269,6505.65
2039,-0.0452,1,1,-3.0557,2.3872,0.34,0.0319,6505.68
2040,-3.392,50,0,-3.0568,2.3873,0.34,1.8224,6507.5
2041,-0.0486,1,1,-3.0355,2.4045,0.34,0.039,6507.54
2042,-4.27,50,0,-3.0246,2.3964,0.34,1.927,6509.47
2043,-3.772,50,0,-3.0526,2.3886,0.33,2.0063,6511.47
2044,-1.0204,16,1,-3.0156,2.3911,0.34,0.6796,6512.15
2045,-0.0407,1,1,-3.0156,2.391,0.34,0.0477,6512.2
2046,-2.6687,50,0,-2.9887,2.3796,0.34,2.2482,6514.45
2047,-4.1066,50,0,-2.9962,2.3819,0.34,1.934,6516.38
2048,-5.7275,50,0,-3.0104,2.3939,0.34,1.7716,6518.15
2049,-2.9538,50,0,-3.0395,2.3754,0.33,3.9714,6522.13
2050,-0.0488,1,1,-3.0277,2.3872,0.33,0.0449,6522.17
2051,-3.021,50,0,-3.0576,2.3682,0.32,2.0506,6524.22
2052,-0.0242,1,1,-3.0067,2.3781,0.33,0.0344,6524.26
2053,-0.0379,1,1,-2.9654,2.3934,0.34,0.041,6524.3
2054,-4.6144,50,0,-3.0001,2.3919,0.33,1.8409,6526.14
2055,-2.9757,50,0,-2.9954,2.3915,0.33,1.7257,6527.86
2056,-5.3677,50,0,-3.0225,2.4029,0.33,1.7278,6529.59
2057,-4.2994,50,0,-3.0393,2.4059,0.33,1.7577,6531.35
2058,-3.3552,50,0,-3.0388,2.4058,0.32,1.7579,6533.11
2059,-5.2964,50,0,-2.9157,1.924,0.32,1.8304,6534.94
2060,-4.509,50,0,-2.9605,1.9084,0.31,1.868,6536.8
2061,-4.6432,50,0,-2.9708,1.9146,0.31,1.846,6538.65
2062,-0.808,12,1,-2.935,1.9212,0.32,0.4424,6539.09
2063,-2.5832,50,0,-2.9163,1.9155,0.32,1.9126,6541.01
2064,-4.3282,50,0,-2.9593,1.8983,0.31,1.9241,6542.93
2065,-2.8404,50,0,-2.9768,1.8891,0.3,1.9575,6544.89
2066,-0.0394,1,1,-2.9769,1.8889,0.3,0.0438,6544.93
2067,-3.6581,50,0,-2.9655,1.8813,0.3,1.9543,6546.89
2068,-0.0328,1,1,-2.9522,1.8972,0.3,0.0424,6546.93
2069,-0.018,1,1,-2.8929,1.8953,0.31,0.0434,6546.97
2070,-5.056,50,0,-2.8866,1.887,0.31,1.9598,6548.93
2071,-5.4317,50,0,-2.9061,1.9031,0.31,1.7421,6550.67
2072,-2.6254,50,0,-2.8995,1.9029,0.31,1.9141,6552.59
2073,-4.9104,50,0,-2.9052,1.9081,0.31,1.843,6554.43
2074,-1.0151,10,1,-2.9152,1.8955,0.31,0.382,6554.81
2075,-4.153,50,0,-2.926,1.8994,0.31,1.8883,6556.7
2076,-0.0272,1,1,-2.926,1.8995,0.31,0.0355,6556.74
2077,-6.3558,50,0,-2.9396,1.919,0.31,1.8734,6558.61
2078,-3.9058,50,0,-2.9472,1.9213,0.31,1.9563,6560.57
2079,-3.4165,50,0,-2.9693,1.9139,0.3,1.9061,6562.47
2080,-3.25,50,0,-2.9703,1.914,0.3,1.9301,6564.4
2081,-7.7856,50,0,-3.0099,1.9714,0.3,1.9093,6566.31
2082,-0.0155,1,1,-2.9824,1.9937,0.31,0.0389,6566.35
2083,-5.8998,50,0,-3.0118,2.0147,0.31,1.8249,6568.18
2084,-3.2738,50,0,-2.9955,2.0059,0.31,1.8253,6570.0
2085,-0.0366,1,1,-2.9322,1.9983,0.32,0.0366,6570.04
2086,-5.2544,50,0,-2.9299,1.9955,0.32,1.7761,6571.81
2087,-6.5499,50,0,-2.9639,2.0277,0.32,1.9558,6573.77
2088,-3.8866,50,0,-2.9612,2.0263,0.32,1.9556,6575.72
2089,-5.0216,50,0,-2.9755,2.0357,0.32,1.9201,6577.64
2090,-5.001,50,0,-3.0254,2.0236,0.31,1.7967,6579.44
2091,-4.9584,50,0,-3.0429,2.0327,0.31,1.9797,6581.42
2092,-1.6761,17,1,-3.0204,2.0353,0.32,0.6871,6582.11
2093,-3.2535,50,0,-3.0147,2.0338,0.32,1.9427,6584.05
2094,-0.9308,10,1,-2.9748,2.0352,0.33,0.4,6584.45
2095,-3.7988,50,0,-2.9983,2.031,0.32,2.0304,6586.48
2096,-1.0503,15,1,-3.0085,2.0186,0.32,0.5666,6587.05
2097,-4.6302,50,0,-3.0547,2.0023,0.31,1.8283,6588.88
2098,-5.6759,50,0,-3.0583,2.0066,0.31,1.8272,6590.7
2099,-0.0366,1,1,-3.0584,2.0064,0.31,0.0452,6590.75
2100,-0.0369,1,1,-3.0172,2.0257,0.32,0.0391,6590.79
2101,-5.6169,50,0,-3.0359,2.0409,0.32,2.0113,6592.8
2102,-4.744,50,0,-3.0386,2.043,0.32,1.9998,6594.8
2103,-4.6426,50,0,-3.0557,2.0492,0.32,1.8703,6596.67
2104,-4.439,50,0,-3.0534,2.0475,0.32,1.8269,6598.5
2105,-0.0354,1,1,-3.0418,2.0613,0.32,0.0374,6598.53
2106,-4.9176,50,0,-3.0755,2.0641,0.31,1.8369,6600.37
2107,-4.7239,50,0,-3.0898,2.0705,0.31,1.8304,6602.2
2108,-4.6583,50,0,-3.0807,2.0615,0.31,2.0114,6604.21
2109,-2.7352,50,0,-3.0781,2.0618,0.31,2.057,6606.27
2110,-4.8183,50,0,-3.1261,2.0459,0.3,1.877,6608.15
2111,-3.023,50,0,-3.1181,2.0447,0.3,1.9884,6610.13
2112,-4.293,50,0,-3.1171,2.0442,0.3,1.896,6612.03
2113,-6.2171,50,0,-3.1243,2.0537,0.3,1.8873,6613.92
2114,-4.0453,50,0,-3.1643,2.0322,0.29,1.7194,6615.64
2115,-6.215,50,0,-3.186,2.0529,0.29,1.8681,6617.51
2116,-6.1682,50,0,-3.2142,2.0742,0.29,1.989,6619.49
2117,-0.0427,1,1,-3.1737,2.0961,0.3,0.0461,6619.54
2118,-3.4,50,0,-3.1732,2.0961,0.3,1.9177,6621.46
2119,-0.0127,1,1,-3.1729,2.0965,0.3,0.0361,6621.49
2120,-0.0303,1,1,-3.1316,2.1172,0.31,0.0325,6621.53
2121,-2.8631,50,0,-3.1348,2.1166,0.31,1.9491,6623.48
2122,-4.4138,50,0,-3.1688,2.1095,0.3,1.8205,6625.3
2123,-4.9023,50,0,-3.1782,2.1151,0.3,1.7444,6627.04
2124,-2.8213,50,0,-3.1581,2.1088,0.3,1.6905,6628.73
2125,-4.4829,50,0,-3.2025,2.0893,0.29,1.9955,6630.73
2126,-5.1964,50,0,-3.2542,2.0739,0.28,1.2484,6631.98
2127,-1.7523,23,1,-3.2363,2.0791,0.29,0.5702,6632.55
2128,-2.5792,50,0,-3.2055,2.0658,0.29,1.2064,6633.75
2129,-0.0478,1,1,-3.1595,2.0843,0.3,0.0242,6633.78
2130,-5.1094,50,0,-3.1704,2.0916,0.3,1.1466,6634.92
2131,-2.5693,50,0,-3.1477,2.0857,0.3,1.2844,6636.21
2132,-3.2682,50,0,-3.1735,2.0711,0.29,1.1756,6637.38
2133,-0.6494,11,1,-3.1798,2.0623,0.29,0.2581,6637.64
2134,-6.1463,50,0,-3.2409,2.0588,0.28,1.1663,6638.81
2135,-3.0945,50,0,-3.2383,2.0588,0.28,1.212,6640.02
2136,-0.9361,12,1,-3.2407,2.0561,0.28,0.269,6640.29
2137,-4.7553,50,0,-3.2499,2.0608,0.28,1.1566,6641.44
2138,-2.8174,50,0,-3.2265,2.0522,0.28,1.1307,6642.58
2139,-4.8968,50,0,-3.275,2.0337,0.27,1.1427,6643.72
2140,-4.2084,50,0,-3.2832,2.0358,0.27,1.1641,6644.88
2141,-0.0398,1,1,-3.2831,2.0359,0.27,0.0266,6644.91
2142,-3.8193,50,0,-3.2786,2.0343,0.27,1.1869,6646.1
2143,-3.9416,50,0,-3.2803,2.0347,0.27,1.1882,6647.28
2144,-5.2619,50,0,-3.3227,2.0314,0.26,1.2778,6648.56
2145,-0.0162,1,1,-3.3224,2.0318,0.26,0.0257,6648.59
2146,-0.0467,1,1,-3.2962,2.0568,0.27,0.0294,6648.62
2147,-4.0195,50,0,-3.2954,2.0565,0.27,1.2685,6649.89
2148,-2.9051,50,0,-3.2671,2.0422,0.27,1.1291,6651.01
2149,-5.5124,50,0,-3.2927,2.0541,0.27,1.4059,6652.42
2150,-0.8843,11,1,-3.3011,2.0426,0.27,0.371,6652.79
2151,-3.951,50,0,-3.3104,2.0434,0.27,1.4909,6654.28
2152,-0.0333,1,1,-3.3105,2.0433,0.27,0.0253,6654.31
2153,-0.0352,1,1,-3.3104,2.0433,0.27,0.0251,6654.33
2154,-1.1306,12,1,-3.2756,2.0505,0.28,0.2968,6654.63
2155,-5.1347,50,0,-3.2972,2.0586,0.28,1.3681,6656.0
2156,-0.0065,1,1,-3.2436,2.0737,0.29,0.0273,6656.02
2157,-5.8243,50,0,-3.2588,2.087,0.29,1.2643,6657.29
2158,-3.0507,50,0,-3.2558,2.087,0.29,1.1407,6658.43
2159,-5.0883,50,0,-3.2537,2.0851,0.29,1.1545,6659.58
2160,-4.3205,50,0,-3.2518,2.0841,0.29,1.1786,6660.76
2161,-0.0353,1,1,-3.2057,2.1036,0.3,0.0273,6660.79
2162,-13.7087,50,0,-3.3347,2.3354,0.29,1.1279,6661.92
2163,-0.7078,11,1,-3.316,2.3489,0.3,0.2498,6662.17
2164,-0.0331,1,1,-3.273,2.3692,0.31,0.0232,6662.19
2165,-3.6142,50,0,-3.2808,2.369,0.31,1.1467,6663.34
2166,-3.6439,50,0,-3.3168,2.3467,0.3,1.1509,6664.49
2167,-5.198,50,0,-3.3322,2.354,0.3,1.1678,6665.66
2168,-0.0447,1,1,-3.3323,2.3538,0.3,0.0249,6665.68
2169,-4.8838,50,0,-3.381,2.335,0.29,1.1401,6666.82
2170,-6.7811,50,0,-3.3982,2.3536,0.29,1.1558,6667.98
2171,-1.4017,18,1,-3.3579,2.3529,0.3,0.411,6668.39
2172,-5.082,50,0,-3.3825,2.358,0.3,1.1215,6669.51
2173,-4.6499,50,0,-3.3799,2.3564,0.3,1.1167,6670.63
2174,-3.5128,50,0,-3.4049,2.3445,0.29,1.1575,6671.78
2175,-6.8289,50,0,-3.4316,2.368,0.29,1.1172,6672.9
2176,-0.044,1,1,-3.4318,2.3677,0.29,0.0241,6672.93
2177,-5.0318,50,0,-3.4186,2.355,0.29,1.1836,6674.11
2178,-4.1939,50,0,-3.4214,2.3558,0.29,1.1581,6675.27
2179,-3.0749,50,0,-3.418,2.3561,0.29,1.1164,6676.38
2180,-6.1459,50,0,-3.447,2.3716,0.29,1.1309,6677.51
2181,-6.4842,50,0,-3.434,2.3512,0.29,1.1441,6678.66
2182,-0.0365,1,1,-3.4342,2.3509,0.29,0.0232,6678.68
2183,-4.9423,50,0,-3.4246,2.3428,0.29,1.126,6679.81
2184,-5.0282,50,0,-3.4422,2.3481,0.29,1.1319,6680.94
2185,-3.4476,50,0,-3.4763,2.3231,0.28,1.1494,6682.09
2186,-3.2968,50,0,-3.4567,2.3162,0.28,1.152,6683.24
2187,-0.0347,1,1,-3.3915,2.3199,0.29,0.0229,6683.26
2188,-4.8956,50,0,-3.4016,2.3243,0.29,1.1577,6684.42
2189,-0.0311,1,1,-3.3517,2.3424,0.3,0.0246,6684.45
2190,-4.3652,50,0,-3.3454,2.3388,0.3,1.142,6685.59
2191,-0.0363,1,1,-3.2961,2.3561,0.31,0.022,6685.61
2192,-4.6759,50,0,-3.3261,2.3544,0.3,1.1273,6686.74
2193,-2.5485,50,0,-3.3191,2.3556,0.3,1.1605,6687.9
2194,-5.7098,50,0,-3.3669,2.3552,0.29,1.1568,6689.05
2195,-3.3778,50,0,-3.3627,2.3548,0.29,1.2758,6690.33
2196,-0.6233,9,1,-3.3584,2.3593,0.29,0.2232,6690.55
2197,-2.9278,50,0,-3.3414,2.3562,0.29,1.2894,6691.84
2198,-7.0691,50,0,-3.3553,2.374,0.29,1.2891,6693.13
2199,-0.6182,10,1,-3.3611,2.3666,0.29,0.2574,6693.39
2200,-6.1378,50,0,-3.4221,2.3588,0.28,1.2137,6694.6
2201,-4.1358,50,0,-3.4073,2.3496,0.28,1.2817,6695.89
2202,-4.3494,50,0,-3.4034,2.3476,0.28,1.2497,6697.13
2203,-5.3014,50,0,-3.41,2.352,0.28,1.2947,6698.43
2204,-5.857,50,0,-3.4241,2.3624,0.28,1.2004,6699.63
2205,-3.4698,50,0,-3.4585,2.3378,0.27,1.1886,6700.82
2206,-0.0356,1,1,-3.4097,2.3577,0.28,0.0243,6700.84
2207,-2.5535,50,0,-3.388,2.3555,0.28,1.3762,6702.22
2208,-4.0095,50,0,-3.3815,2.3528,0.28,1.4957,6703.71
2209,-3.0505,50,0,-3.3846,2.3522,0.28,1.3488,6705.06
2210,-4.7401,50,0,-3.3839,2.3517,0.28,1.4409,6706.5
2211,-5.1075,50,0,-3.4047,2.3577,0.28,1.2817,6707.79
2212,-6.0451,50,0,-3.4222,2.3707,0.28,1.2509,6709.04
2213,-0.0242,1,1,-3.3603,2.3777,0.29,0.0271,6709.06
2214,-1.3857,18,1,-3.3337,2.3848,0.3,0.4521,6709.52
2215,-2.9991,50,0,-3.3015,2.3673,0.3,1.2741,6710.79
2216,-6.249,50,0,-3.3023,2.3683,0.3,1.3667,6712.16
2217,-7.7675,50,0,-3.3796,2.3867,0.29,1.3704,6713.53
2218,-0.0493,1,1,-3.3461,2.4095,0.3,0.0283,6713.56
2219,-4.9067,50,0,-3.395,2.391,0.29,1.3992,6714.95
2220,-0.0419,1,1,-3.3951,2.3908,0.29,0.0367,6714.99
2221,-3.348,50,0,-3.4,2.3902,0.29,1.3255,6716.32
2222,-3.564,50,0,-3.3915,2.3881,0.29,1.1917,6717.51
2223,-2.6897,50,0,-3.3694,2.3843,0.29,1.2354,6718.74
2224,-4.8082,50,0,-3.3892,2.3879,0.29,1.3191,6720.06
2225,-1.8875,17,1,-3.3633,2.39,0.3,0.435,6720.5
2226,-0.0242,1,1,-3.3116,2.4056,0.31,0.0259,6720.52
2227,-5.0194,50,0,-3.3442,2.4064,0.3,1.3884,6721.91
2228,-4.2345,50,0,-3.3608,2.4068,0.3,1.2541,6723.17
2229,-5.4184,50,0,-3.4145,2.3922,0.29,1.321,6724.49
2230,-6.6451,50,0,-3.4298,2.4079,0.29,1.405,6725.89
2231,-0.7401,11,1,-3.4115,2.4212,0.3,0.2904,6726.18
2232,-0.0491,1,1,-3.3794,2.4442,0.31,0.026,6726.21
2233,-1.2803,17,1,-3.3857,2.438,0.31,0.4381,6726.65
2234,-5.0953,50,0,-3.3752,2.4283,0.31,1.4267,6728.07
2235,-0.0201,1,1,-3.3444,2.451,0.32,0.0272,6728.1
2236,-3.4485,35,1,-3.3695,2.439,0.32,0.9315,6729.03
2237,-1.567,21,1,-3.3377,2.4416,0.33,0.5597,6729.59
2238,-4.0078,50,0,-3.3496,2.4419,0.33,1.318,6730.91
2239,-5.4155,50,0,-3.3547,2.4457,0.33,1.3015,6732.21
2240,-4.8054,50,0,-3.3607,2.4485,0.33,1.1982,6733.41
2241,-3.8016,50,0,-3.3983,2.426,0.32,1.2606,6734.67
2242,-5.1891,50,0,-3.412,2.4322,0.32,1.3263,6736.0
2243,-4.7718,50,0,-3.4203,2.4354,0.32,1.3568,6737.35
2244,-7.3789,50,0,-3.4415,2.4604,0.32,1.4068,6738.76
2245,-13.3321,50,0,-3.5747,2.6262,0.31,1.3617,6740.12
2246,-4.5864,50,0,-3.6201,2.6039,0.3,1.2329,6741.36
2247,-4.2326,50,0,-3.6222,2.6043,0.3,1.2906,6742.65
2248,-0.0126,1,1,-3.5933,2.6281,0.31,0.0211,6742.67
2249,-5.41,50,0,-3.5922,2.6274,0.31,1.2053,6743.87
2250,-3.4472,50,0,-3.6179,2.6133,0.3,1.3101,6745.18
2251,-5.1867,50,0,-3.6302,2.6178,0.3,1.2738,6746.46
2252,-4.6092,50,0,-3.676,2.5944,0.29,1.2456,6747.7
2253,-5.954,50,0,-3.7352,2.5781,0.28,1.4677,6749.17
2254,-2.5482,50,0,-3.7493,2.5676,0.27,1.5949,6750.76
2255,-4.8266,50,0,-3.7463,2.5661,0.27,1.355,6752.12
2256,-5.7704,50,0,-3.8039,2.5462,0.26,1.4466,6753.57
2257,-6.4774,50,0,-3.8104,2.5522,0.26,1.3796,6754.95
2258,-4.4647,50,0,-3.8246,2.5518,0.26,1.2438,6756.19
2259,-4.9896,50,0,-3.8236,2.5514,0.26,1.2965,6757.49
2260,-3.7448,50,0,-3.8178,2.5509,0.26,1.2533,6758.74
2261,-3.5798,50,0,-3.8533,2.5225,0.25,1.2843,6760.02
2262,-5.4958,50,0,-3.7712,2.3264,0.25,1.3417,6761.37
2263,-3.5016,50,0,-3.7991,2.3061,0.24,1.2305,6762.6
2264,-5.363,50,0,-3.8524,2.2799,0.23,1.3726,6763.97
2265,-0.758,11,1,-3.8238,2.3005,0.24,0.2622,6764.23
2266,-0.0126,1,1,-3.7875,2.3315,0.25,0.0242,6764.25
2267,-5.1355,50,0,-3.7869,2.3312,0.25,1.2344,6765.49
2268,-0.0288,1,1,-3.7867,2.3314,0.25,0.0221,6765.51
2269,-4.3811,50,0,-3.7817,2.3296,0.25,1.2238,6766.73
2270,-3.4099,50,0,-3.748,2.3102,0.25,1.2309,6767.97
2271,-0.0392,1,1,-3.7344,2.328,0.25,0.0234,6767.99
2272,-5.3537,50,0,-3.7371,2.3297,0.25,1.2891,6769.28
2273,-0.0412,1,1,-3.691,2.3566,0.26,0.0253,6769.3
2274,-6.0496,50,0,-3.7164,2.3682,0.26,1.2528,6770.56
2275,-6.9203,50,0,-3.7173,2.3694,0.26,1.2054,6771.76
2276,-5.4333,50,0,-3.7712,2.3464,0.25,1.2431,6773.01
2277,-4.0464,50,0,-3.7613,2.3432,0.25,1.3355,6774.34
2278,-0.6262,9,1,-3.7256,2.3634,0.26,0.2491,6774.59
2279,-4.2258,50,0,-3.7371,2.363,0.26,1.3408,6775.93
2280,-1.1392,15,1,-3.6871,2.3645,0.27,0.3709,6776.3
2281,-0.0487,1,1,-3.6227,2.375,0.28,0.0288,6776.33
2282,-0.0231,1,1,-3.6226,2.3752,0.28,0.0284,6776.36
2283,-4.4586,50,0,-3.6178,2.373,0.28,1.3863,6777.74
2284,-5.3863,50,0,-3.6213,2.3754,0.28,1.3461,6779.09
2285,-4.2029,50,0,-3.6289,2.3761,0.28,1.3533,6780.44
2286,-2.5081,50,0,-3.621,2.3785,0.28,1.39,6781.83
2287,-0.89,12,1,-3.6296,2.3671,0.28,0.3641,6782.2
2288,-5.4722,50,0,-3.6353,2.3708,0.28,1.3771,6783.58
2289,-5.4853,50,0,-3.6899,2.3499,0.27,1.3541,6784.93
2290,-5.0669,50,0,-3.6969,2.353,0.27,1.2834,6786.21
2291,-3.9907,50,0,-3.7364,2.3242,0.26,1.2886,6787.5
2292,-4.4494,50,0,-3.7342,2.3234,0.26,1.2619,6788.76
2293,-9.1682,50,0,-3.8004,2.3822,0.26,1.236,6790.0
2294,-3.549,50,0,-3.7787,2.3746,0.26,1.236,6791.24
2295,-4.7598,50,0,-3.7926,2.3762,0.26,1.2316,6792.47
2296,-5.4973,50,0,-3.8413,2.3607,0.25,1.2293,6793.7
2297,-0.8808,11,1,-3.8208,2.3773,0.26,0.2943,6793.99
2298,-0.0273,1,1,-3.7504,2.3843,0.27,0.0281,6794.02
2299,-6.5222,50,0,-3.8095,2.3791,0.26,1.2203,6795.24
2300,-1.2238,15,1,-3.7603,2.3813,0.27,0.4058,6795.64
2301,-0.0145,1,1,-3.7191,2.4099,0.28,0.0332,6795.68
2302,-4.7148,50,0,-3.7228,2.4112,0.28,1.2635,6796.94
2303,-8.913,50,0,-3.7589,2.4611,0.28,1.4309,6798.37
2304,-0.0301,1,1,-3.7006,2.4796,0.29,0.0277,6798.4
2305,-0.0439,1,1,-3.6663,2.5061,0.3,0.0289,6798.43
2306,-3.1311,50,0,-3.6973,2.48,0.29,1.3885,6799.82
2307,-0.4829,9,1,-3.6766,2.4981,0.3,0.2076,6800.03
2308,-0.0475,1,1,-3.637,2.5238,0.31,0.0249,6800.05
2309,-3.6609,50,0,-3.6431,2.5231,0.31,1.3499,6801.4
2310,-5.5934,50,0,-3.6516,2.5282,0.31,1.3593,6802.76
2311,-4.2412,50,0,-3.643,2.5247,0.31,1.4079,6804.17
2312,-0.8971,10,1,-3.5915,2.5277,0.32,0.2839,6804.45
2313,-3.1008,50,0,-3.6222,2.5027,0.31,1.4012,6805.85
2314,-5.9754,50,0,-3.6681,2.5033,0.3,1.2847,6807.14
2315,-5.2133,50,0,-3.6903,2.5071,0.3,1.359,6808.5
2316,-0.0314,1,1,-3.6281,2.5199,0.31,0.0263,6808.52
2317,-0.6458,10,1,-3.5569,2.5025,0.32,0.2454,6808.77
2318,-0.0278,1,1,-3.5567,2.5028,0.32,0.0235,6808.79
2319,-0.0374,1,1,-3.508,2.5234,0.33,0.0255,6808.82
2320,-3.2816,50,0,-3.5404,2.4993,0.32,1.2954,6810.11
2321,-0.0177,1,1,-3.5071,2.5237,0.33,0.0278,6810.14
2322,-4.1272,50,0,-3.5127,2.5245,0.33,2.1197,6812.26
2323,-0.0411,1,1,-3.4862,2.5468,0.34,0.0264,6812.29
2324,-0.6696,11,1,-3.4448,2.5586,0.35,0.3198,6812.61
2325,-0.0296,1,1,-3.4263,2.5765,0.35,0.0295,6812.64
2326,-0.0022,1,1,-3.426,2.5768,0.35,0.0231,6812.66
2327,-3.3316,50,0,-3.4092,2.5718,0.35,1.3053,6813.96
2328,-0.77,11,1,-3.3745,2.5838,0.36,0.268,6814.23
2329,-3.8381,50,0,-3.3587,2.576,0.36,1.3504,6815.58
2330,-4.7294,50,0,-3.3395,2.5586,0.36,1.2976,6816.88
2331,-3.4377,50,0,-3.3665,2.5452,0.35,1.3552,6818.23
2332,-6.3608,50,0,-3.4296,2.5404,0.34,1.3689,6819.6
2333,-3.2995,50,0,-3.4498,2.5313,0.33,1.3787,6820.98
2334,-0.0341,1,1,-3.3992,2.5484,0.34,0.0234,6821.01
2335,-4.8318,50,0,-3.4473,2.5295,0.33,1.3188,6822.32
2336,-4.2606,50,0,-3.4555,2.5308,0.32,1.3176,6823.64
2337,-0.0083,1,1,-3.4399,2.5471,0.32,0.0322,6823.67
2338,-5.8088,50,0,-3.4579,2.5574,0.32,1.411,6825.09
2339,-0.0284,1,1,-3.404,2.5723,0.33,0.025,6825.11
2340,-6.6554,50,0,-3.4225,2.5889,0.33,1.3346,6826.44
2341,-6.3584,50,0,-3.4481,2.6051,0.33,1.3081,6827.75
2342,-1.6245,22,1,-3.4124,2.6054,0.34,0.5451,6828.3
2343,-6.5359,50,0,-3.4301,2.6205,0.34,1.3288,6829.63
2344,-0.0073,1,1,-3.3564,2.6121,0.35,0.0272,6829.65
2345,-5.75,50,0,-3.2805,2.4247,0.35,1.3543,6831.01
2346,-4.0247,50,0,-3.2749,2.4223,0.35,1.4439,6832.45
2347,-6.2114,50,0,-3.2947,2.4381,0.35,1.3837,6833.84
2348,-4.5323,50,0,-3.3399,2.4187,0.34,1.308,6835.14
2349,-0.034,1,1,-3.2861,2.4318,0.35,0.0328,6835.18
2350,-0.043,1,1,-3.2521,2.453,0.36,0.0309,6835.21
2351,-0.6806,12,1,-3.207,2.4584,0.37,0.3005,6835.51
2352,-1.4061,14,1,-3.175,2.4608,0.38,0.3854,6835.89
2353,-2.569,50,0,-3.1412,2.4456,0.38,1.5555,6837.45
2354,-3.7446,50,0,-3.1531,2.4456,0.38,1.3722,6838.82
2355,-0.9829,13,1,-3.1147,2.4492,0.39,0.3546,6839.18
2356,-0.0347,1,1,-3.0573,2.4535,0.4,0.0275,6839.2
2357,-3.8691,50,0,-3.0312,2.4308,0.4,1.4443,6840.65
2358,-5.0837,50,1,-3.0374,2.4352,0.41,1.4939,6842.14
2359,-4.0502,50,0,-3.028,2.4294,0.41,1.4079,6843.55
2360,-2.641,50,0,-3.017,2.4287,0.41,1.379,6844.93
2361,-5.4252,50,0,-3.0355,2.4399,0.41,1.4799,6846.41
2362,-0.0393,1,1,-2.9809,2.4452,0.42,0.0307,6846.44
2363,-0.0376,1,1,-2.9463,2.4621,0.43,0.0354,6846.47
2364,-2.966,50,0,-2.9223,2.4501,0.43,1.3323,6847.81
2365,-0.0443,1,1,-2.9151,2.4574,0.43,0.0288,6847.84
2366,-5.5838,50,0,-2.9709,2.4541,0.42,1.3257,6849.16
2367,-3.6739,50,0,-2.9562,2.4455,0.42,1.3128,6850.47
2368,-3.3863,50,0,-2.9898,2.4281,0.41,1.2094,6851.68
2369,-4.6168,50,0,-2.9922,2.4295,0.41,1.2499,6852.93
2370,-4.4474,50,0,-3.0026,2.4335,0.41,1.2081,6854.14
2371,-3.7288,50,0,-3.0394,2.4162,0.4,1.2459,6855.39
2372,-6.4505,50,0,-3.0504,2.4292,0.4,1.2207,6856.61
2373,-2.0696,21,1,-3.0707,2.4124,0.4,0.515,6857.12
2374,-0.0364,1,1,-3.0106,2.4123,0.41,0.0258,6857.15
2375,-3.2781,50,0,-2.9741,2.3803,0.41,1.2458,6858.39
2376,-3.7104,50,0,-2.9569,2.3686,0.41,1.2286,6859.62
2377,-4.8176,50,0,-2.9646,2.3734,0.41,1.2411,6860.86
2378,-5.1312,50,0,-3.0097,2.3713,0.4,1.2276,6862.09
2379,-5.0565,50,0,-3.018,2.377,0.4,1.2312,6863.32
2380,-4.2129,50,0,-3.0487,2.3724,0.39,1.2546,6864.58
2381,-0.0338,1,1,-3.0486,2.3726,0.39,0.0287,6864.61
2382,-4.2962,50,0,-3.0913,2.3561,0.38,1.1879,6865.79
2383,-2.3729,34,1,-3.0704,2.3532,0.39,0.8329,6866.63
2384,-0.0066,1,1,-3.0167,2.3611,0.4,0.0259,6866.65
2385,-0.8354,9,1,-2.983,2.3679,0.41,0.2217,6866.88
2386,-0.035,1,1,-2.9582,2.3856,0.42,0.0266,6866.9
2387,-3.242,50,0,-2.9818,2.3767,0.41,1.2455,6868.15
2388,-2.9257,50,0,-2.9563,2.3635,0.41,1.2117,6869.36
2389,-6.2062,50,0,-2.9635,2.3723,0.41,1.2107,6870.57
2390,-1.0155,15,1,-2.923,2.3706,0.42,0.362,6870.93
2391,-3.8159,50,0,-2.9212,2.3699,0.42,1.2356,6872.17
2392,-3.4297,50,0,-2.911,2.3655,0.42,1.2186,6873.39
2393,-0.8873,14,1,-2.8282,2.2887,0.43,0.3439,6873.73
2394,-0.0175,1,1,-2.7929,2.3045,0.44,0.0226,6873.75
2395,-5.0163,50,0,-2.7955,2.3068,0.44,1.237,6874.99
2396,-0.8692,13,1,-2.7492,2.2985,0.45,0.3168,6875.31
2397,-3.3415,50,0,-2.7738,2.2916,0.44,1.2486,6876.55
2398,-2.8433,50,0,-2.802,2.2749,0.43,1.2008,6877.76
2399,-0.5004,10,1,-2.7418,2.2552,0.44,0.2278,6877.98
2400,-0.01,1,1,-2.7296,2.2666,0.44,0.0218,6878.01
2401,-0.0376,1,1,-2.7299,2.2663,0.44,0.0286,6878.03
2402,-6.3338,50,0,-2.746,2.2861,0.44,1.1812,6879.21
2403,-4.8094,50,0,-2.705,2.2107,0.44,1.2378,6880.45
2404,-2.9046,50,0,-2.7337,2.1943,0.43,1.2195,6881.67
2405,-5.2965,50,0,-2.7863,2.1922,0.42,1.2795,6882.95
2406,-0.0338,1,1,-2.7553,2.2089,0.43,0.0266,6882.98
2407,-0.0393,1,1,-2.7509,2.2139,0.43,0.0229,6883.0
2408,-0.0492,1,1,-2.7509,2.2139,0.43,0.0247,6883.03
2409,-4.8506,50,0,-2.7628,2.2219,0.43,1.2362,6884.26
2410,-0.0269,1,1,-2.7071,2.22,0.44,0.0257,6884.29
2411,-7.4629,50,0,-2.7393,2.265,0.44,1.2083,6885.5
2412,-0.038,1,1,-2.7307,2.2736,0.44,0.0251,6885.52
2413,-3.562,50,0,-2.7354,2.2748,0.44,1.2661,6886.79
2414,-4.1543,50,0,-2.7171,2.256,0.44,1.3422,6888.13
2415,-6.5186,50,0,-2.7302,2.2741,0.44,1.384,6889.51
2416,-4.8516,50,0,-2.7784,2.2674,0.43,1.3913,6890.9
2417,-3.1881,50,0,-2.8038,2.2576,0.42,1.3564,6892.26
2418,-3.2574,50,0,-2.8361,2.2407,0.41,1.348,6893.61
2419,-2.829,50,0,-2.864,2.223,0.4,1.3403,6894.95
2420,-4.9511,50,0,-2.8807,2.2323,0.4,1.4327,6896.38
2421,-4.7844,50,0,-2.9284,2.2215,0.39,1.5046,6897.89
2422,-5.9365,50,0,-2.9465,2.2385,0.39,1.5305,6899.42
2423,-7.8138,50,0,-3.0242,2.271,0.38,1.4788,6900.9
2424,-3.8189,50,0,-3.0557,2.2599,0.37,1.3783,6902.27
2425,-4.4467,50,0,-3.0999,2.2435,0.36,1.3828,6903.66
2426,-6.3873,50,0,-3.1637,2.2453,0.35,1.306,6904.96
2427,-4.5833,50,0,-3.1762,2.2497,0.35,1.3405,6906.3
2428,-4.1771,50,0,-3.2103,2.2387,0.34,1.4928,6907.8
2429,-0.6332,11,1,-3.1783,2.2524,0.35,0.3023,6908.1
2430,-4.6187,50,0,-3.1772,2.2517,0.35,1.4326,6909.53
2431,-5.2395,50,0,-3.1952,2.2609,0.35,1.3985,6910.93
2432,-4.7905,50,0,-3.1795,2.2442,0.35,1.4213,6912.35
2433,-5.1285,50,0,-3.1978,2.2526,0.35,1.3523,6913.7
2434,-0.0426,1,1,-3.1979,2.2524,0.35,0.0283,6913.73
2435,-4.2998,50,0,-3.1925,2.2492,0.35,1.323,6915.05
2436,-4.0414,50,0,-3.1903,2.2483,0.35,1.3587,6916.41
2437,-4.7402,50,0,-3.2377,2.2305,0.34,1.447,6917.86
2438,-4.1187,50,0,-3.2208,2.2173,0.34,1.3091,6919.17
2439,-4.7563,50,0,-3.268,2.1991,0.33,1.2366,6920.41
2440,-4.0496,50,0,-3.242,2.1741,0.33,1.1745,6921.58
2441,-2.7126,50,0,-3.2055,2.152,0.33,1.2457,6922.83
2442,-4.9142,50,0,-3.2384,2.1527,0.32,1.2365,6924.06
2443,-5.1425,50,0,-3.2245,2.1358,0.32,1.1762,6925.24
2444,-4.2295,50,0,-3.2667,2.1134,0.31,1.1933,6926.43
2445,-0.4409,8,1,-3.2136,2.117,0.32,0.2025,6926.63
2446,-5.0618,50,0,-3.224,2.1235,0.32,1.1651,6927.8
2447,-0.0355,1,1,-3.1622,2.1255,0.33,0.0264,6927.83
2448,-0.0335,1,1,-3.1172,2.1436,0.34,0.0262,6927.85
2449,-5.9125,50,0,-3.176,2.1388,0.33,1.2128,6929.07
2450,-6.638,50,0,-3.242,2.1429,0.32,1.3537,6930.42
2451,-1.0188,14,1,-3.2454,2.1391,0.32,0.3537,6930.77
2452,-5.0071,50,0,-3.2814,2.1381,0.31,1.2503,6932.02
2453,-1.866,35,1,-3.2743,2.1416,0.32,0.8765,6932.9
2454,-4.5434,50,0,-3.2823,2.1448,0.32,1.2223,6934.12
2455,-6.1845,50,0,-3.3343,2.1515,0.31,1.206,6935.33
2456,-4.8739,50,0,-3.3827,2.1311,0.3,1.1882,6936.52
2457,-5.0052,50,0,-3.3941,2.1367,0.3,1.1774,6937.69
2458,-1.104,11,1,-3.3543,2.1419,0.3,0.2637,6937.96
2459,-4.6116,50,0,-3.3599,2.1444,0.3,1.1845,6939.14
2460,-0.0244,1,1,-3.3337,2.1689,0.31,0.022,6939.16
2461,-3.3905,50,0,-3.3134,2.1587,0.31,1.2039,6940.37
2462,-3.6903,50,0,-3.3499,2.1337,0.3,1.1784,6941.55
2463,-5.0849,50,0,-3.4004,2.1144,0.29,1.217,6942.76
2464,-2.9706,47,1,-3.4004,2.1144,0.3,1.1352,6943.9
2465,-4.6107,50,0,-3.4461,2.0906,0.29,1.258,6945.16
2466,-0.0483,1,1,-3.3907,2.1064,0.3,0.0255,6945.18
2467,-0.0466,1,1,-3.3545,2.1323,0.31,0.026,6945.21
2468,-3.5165,41,1,-3.3558,2.1324,0.32,0.9943,6946.2
2469,-2.7287,50,0,-3.3369,2.1295,0.32,1.2329,6947.43
2470,-0.0406,1,1,-3.2928,2.1515,0.33,0.0218,6947.46
2471,-4.7646,50,0,-3.3032,2.1561,0.33,1.1791,6948.64
2472,-0.7476,13,1,-3.2461,2.1475,0.34,0.3123,6948.95
2473,-0.0481,1,1,-3.2259,2.1679,0.34,0.0287,6948.98
2474,-4.7498,50,0,-3.2731,2.1492,0.33,1.2252,6950.2
2475,-3.3021,50,0,-3.2733,2.1492,0.33,1.233,6951.43
2476,-5.2752,50,0,-3.289,2.158,0.33,1.1783,6952.61
2477,-4.8467,50,0,-3.2892,2.1582,0.33,1.1846,6953.8
2478,-5.8229,50,0,-3.2962,2.1652,0.33,1.188,6954.99
2479,-5.2096,50,0,-3.2977,2.1665,0.33,1.2016,6956.19
2480,-0.0494,1,1,-3.2561,2.1884,0.34,0.0261,6956.21
2481,-4.1073,50,0,-3.2968,2.1658,0.33,1.22,6957.43
2482,-6.4656,50,0,-3.3185,2.1865,0.33,1.2048,6958.64
2483,-6.5853,50,0,-3.3606,2.2084,0.32,1.2942,6959.93
2484,-5.8902,50,0,-3.4194,2.1966,0.31,1.407,6961.34
2485,-0.034,1,1,-3.4114,2.2074,0.31,0.0346,6961.37
2486,-3.671,50,0,-3.4478,2.1813,0.3,1.404,6962.78
2487,-5.163,50,0,-3.467,2.1878,0.3,1.4626,6964.24
2488,-4.5432,50,0,-3.4832,2.1898,0.3,1.4837,6965.72
2489,-4.285,50,0,-3.464,2.1742,0.3,1.373,6967.1
2490,-0.7957,16,1,-3.4618,2.1767,0.3,0.4466,6967.54
2491,-5.3826,50,0,-3.4774,2.1849,0.3,1.4756,6969.02
2492,-3.5728,50,0,-3.4789,2.1849,0.3,1.4099,6970.43
2493,-0.0358,1,1,-3.4703,2.1966,0.3,0.0317,6970.46
2494,-3.5464,50,0,-3.5056,2.169,0.29,1.3597,6971.82
2495,-0.0188,1,1,-3.4557,2.1911,0.3,0.0259,6971.85
2496,-1.1327,14,1,-3.4583,2.1881,0.3,0.3794,6972.23
2497,-0.9879,13,1,-3.4348,2.2019,0.31,0.3416,6972.57
2498,-3.2146,50,0,-3.4385,2.2012,0.31,1.4045,6973.97
2499,-4.8686,50,0,-3.4822,2.1857,0.3,1.4467,6975.42
2500,-0.3994,8,1,-3.4861,2.1799,0.3,0.2313,6975.65
2501,-8.7341,50,0,-3.573,2.2138,0.29,1.2995,6976.95
2502,-6.6369,50,0,-3.576,2.2178,0.29,1.4334,6978.38
2503,-0.04,1,1,-3.5284,2.2419,0.3,0.0253,6978.41
2504,-4.2382,50,0,-3.5417,2.2421,0.3,1.4102,6979.82
2505,-4.9833,50,0,-3.5386,2.2399,0.3,1.4613,6981.28
2506,-0.792,10,1,-3.5461,2.2292,0.3,0.3288,6981.61
2507,-6.4978,50,0,-3.6107,2.2202,0.29,1.5476,6983.16
2508,-4.3259,50,0,-3.6535,2.1922,0.28,1.3491,6984.51
2509,-4.4357,50,0,-3.6493,2.1904,0.28,1.4771,6985.98
2510,-1.5657,21,1,-3.6647,2.1702,0.28,0.5946,6986.58
2511,-3.1768,50,0,-3.6219,2.1368,0.28,1.317,6987.89
2512,-0.0248,1,1,-3.6217,2.137,0.28,0.0255,6987.92
2513,-0.0491,1,1,-3.5866,2.1664,0.29,0.0301,6987.95
2514,-3.3126,50,0,-3.5782,2.1658,0.29,1.3466,6989.3
2515,-1.5334,16,1,-3.5283,2.1549,0.3,0.3943,6989.69
2516,-0.0346,1,1,-3.4802,2.1785,0.31,0.0248,6989.72
2517,-0.0419,1,1,-3.4487,2.205,0.32,0.0255,6989.74
2518,-5.9948,50,0,-3.4761,2.2194,0.32,1.3344,6991.08
2519,-2.7841,50,0,-3.4756,2.2196,0.32,1.3236,6992.4
2520,-0.0127,1,1,-3.4262,2.241,0.33,0.0286,6992.43
2521,-6.602,50,0,-3.4444,2.2593,0.33,1.4963,6993.92
2522,-0.0319,1,1,-3.3854,2.2705,0.34,0.0279,6993.95
2523,-1.3813,16,1,-3.3211,2.235,0.35,0.5342,6994.49
2524,-3.3633,50,0,-3.3165,2.2344,0.35,1.4003,6995.89
2525,-8.4703,50,0,-3.3567,2.2899,0.35,1.54,6997.43
2526,-4.6665,50,0,-3.3395,2.2735,0.35,1.3519,6998.78
2527,-3.6639,50,0,-3.3303,2.2703,0.35,1.3431,7000.12
2528,-1.4273,15,1,-3.3028,2.2765,0.36,0.3702,7000.49
2529,-1.4513,18,1,-3.311,2.2684,0.36,0.4469,7000.94
2530,-0.0334,1,1,-3.2652,2.2877,0.37,0.0242,7000.96
2531,-0.7756,9,1,-3.2205,2.2923,0.38,0.2352,7001.2
2532,-3.7241,50,0,-3.2099,2.2875,0.38,1.2896,7002.49
2533,-5.3096,50,0,-3.2117,2.2891,0.38,1.3988,7003.89
2534,-5.0036,50,0,-3.2613,2.2736,0.37,1.4258,7005.31
2535,-1.2489,15,1,-3.2308,2.2799,0.38,0.4023,7005.71
2536,-0.531,7,1,-3.1957,2.2941,0.39,0.1805,7005.89
2537,-3.6505,50,0,-3.1848,2.2893,0.39,1.4244,7007.32
2538,-4.7674,50,0,-3.1913,2.2929,0.39,1.5235,7008.84
2539,-0.0467,1,1,-3.1442,2.3086,0.4,0.0271,7008.87
2540,-5.1659,50,0,-3.1553,2.3156,0.4,1.3532,7010.22
2541,-7.1598,50,0,-3.1998,2.3491,0.4,1.4001,7011.62
2542,-3.8732,50,0,-3.1894,2.3438,0.4,1.2545,7012.88
2543,-3.246,50,0,-3.1704,2.3356,0.4,1.2337,7014.11
2544,-0.0403,1,1,-3.1285,2.3537,0.41,0.0269,7014.14
2545,-0.0182,1,1,-3.1243,2.3589,0.41,0.0307,7014.17
2546,-4.5492,50,0,-3.1192,2.3553,0.41,1.2406,7015.41
2547,-6.3046,50,0,-3.1819,2.3558,0.4,1.2597,7016.67
2548,-3.8176,50,0,-3.2197,2.3352,0.39,1.249,7017.92
2549,-4.1689,50,0,-3.2023,2.3215,0.39,1.2816,7019.2
2550,-1.0761,12,1,-3.1466,2.3051,0.4,0.288,7019.49
2551,-3.8983,50,0,-3.1754,2.2963,0.39,1.2663,7020.75
2552,-5.6931,50,0,-3.1823,2.3028,0.39,1.259,7022.01
2553,-2.5142,50,0,-3.1888,2.3,0.38,1.2201,7023.23
2554,-2.6805,50,0,-3.1702,2.2965,0.38,1.271,7024.5
2555,-4.588,50,0,-3.1542,2.2809,0.38,1.265,7025.77
2556,-3.4727,50,0,-3.1402,2.2746,0.38,1.1967,7026.97
2557,-3.435,50,0,-3.1245,2.2671,0.38,1.2166,7028.18
2558,-5.1345,50,0,-3.1648,2.2667,0.37,1.2357,7029.42
2559,-5.0072,50,0,-3.1687,2.2695,0.37,1.2344,7030.65
2560,-3.8425,50,0,-3.2069,2.2483,0.36,1.2383,7031.89
2561,-5.8781,50,0,-3.2318,2.2639,0.36,1.2698,7033.16
2562,-5.0237,50,0,-3.2451,2.2705,0.36,1.2978,7034.46
2563,-0.0445,1,1,-3.1947,2.285,0.37,0.0263,7034.48
2564,-3.3471,50,0,-3.1985,2.2849,0.36,1.2266,7035.71
2565,-3.5463,50,0,-3.1878,2.2808,0.36,1.2862,7037.0
2566,-6.2663,50,0,-3.25,2.2791,0.35,1.2333,7038.23
2567,-4.2345,50,0,-3.2919,2.2583,0.34,1.2657,7039.5
2568,-4.868,50,0,-3.3054,2.2636,0.33,1.2198,7040.72
2569,-1.3822,15,1,-3.292,2.271,0.34,0.372,7041.09
2570,-3.9037,50,0,-3.3306,2.2481,0.33,1.2939,7042.38
2571,-2.2054,26,1,-3.305,2.2462,0.34,0.6716,7043.05
2572,-4.3141,50,0,-3.3407,2.2336,0.33,1.2606,7044.31
2573,-2.8188,50,0,-3.3684,2.2096,0.32,1.2295,7045.54
2574,-4.0183,50,0,-3.3611,2.2062,0.32,1.3676,7046.91
2575,-0.698,11,1,-3.335,2.2221,0.33,0.3089,7047.22
2576,-0.0392,1,1,-3.2827,2.2374,0.34,0.029,7047.25
2577,-5.2785,50,0,-3.287,2.2408,0.34,1.3552,7048.6
2578,-4.5036,50,0,-3.2738,2.2297,0.34,1.2802,7049.88
2579,-0.7197,11,1,-3.2289,2.2355,0.35,0.3061,7050.19
2580,-3.7242,50,0,-3.2656,2.213,0.34,1.442,7051.63
2581,-0.7317,9,1,-3.2319,2.2256,0.35,0.2845,7051.92
2582,-0.0421,1,1,-3.1676,2.2241,0.36,0.0349,7051.95
2583,-9.1112,50,0,-3.1929,2.2765,0.36,1.5537,7053.51
2584,-0.9898,16,1,-3.1439,2.2706,0.37,0.4953,7054.0
2585,-3.4672,50,0,-3.1782,2.2492,0.36,1.5536,7055.55
2586,-6.1233,50,0,-3.2027,2.2677,0.36,1.5848,7057.14
2587,-4.8616,50,0,-3.1997,2.2653,0.36,1.5916,7058.73
2588,-3.4416,50,0,-3.1887,2.2614,0.36,1.4302,7060.16
2589,-4.0798,50,0,-3.1867,2.2605,0.36,1.5954,7061.76
2590,-2.5439,50,0,-3.2041,2.2487,0.35,1.6005,7063.36
2591,-4.0139,50,0,-3.1905,2.2395,0.35,1.6327,7064.99
2592,-6.2965,50,0,-3.2177,2.2605,0.35,1.4783,7066.47
2593,-2.86,50,0,-3.2459,2.2381,0.34,1.7102,7068.18
2594,-0.9632,12,1,-3.2201,2.2493,0.35,0.4158,7068.59
2595,-1.3171,22,1,-3.2331,2.2345,0.35,0.6733,7069.27
2596,-4.5484,50,0,-3.2672,2.2282,0.34,1.5509,7070.82
2597,-3.3882,50,0,-3.2913,2.2165,0.33,1.4281,7072.25
2598,-5.6536,50,0,-3.3156,2.2289,0.33,1.421,7073.67
2599,-5.5189,50,0,-3.3221,2.2343,0.33,1.4336,7075.1
2600,-4.6831,50,0,-3.365,2.2189,0.32,1.5311,7076.63
2601,-0.0373,1,1,-3.278,2.1768,0.33,0.036,7076.67
2602,-0.64,8,1,-3.218,2.166,0.34,0.2268,7076.9
2603,-4.8568,50,0,-3.2662,2.1483,0.33,2.5108,7079.41
2604,-3.0642,50,0,-3.2545,2.1461,0.33,1.4194,7080.83
2605,-0.0261,1,1,-3.2049,2.1628,0.34,0.0332,7080.86
2606,-5.6085,50,0,-3.2531,2.1622,0.33,1.4824,7082.34
2607,-1.1201,15,1,-3.1993,2.1476,0.34,0.5174,7082.86
2608,-4.1252,50,0,-3.1973,2.1467,0.34,1.4952,7084.35
2609,-0.0445,1,1,-3.1534,2.1657,0.35,0.0459,7084.4
2610,-4.0833,50,0,-3.1785,2.1618,0.34,1.3624,7085.76
2611,-2.3115,31,1,-3.1699,2.1635,0.35,0.8322,7086.59
2612,-6.1799,50,0,-3.2314,2.1607,0.34,1.2882,7087.88
2613,-3.5538,50,0,-3.2665,2.1371,0.33,1.4106,7089.29
2614,-6.2564,50,0,-3.2959,2.1577,0.33,1.4106,7090.7
2615,-3.5377,50,0,-3.316,2.1505,0.32,1.3811,7092.08
2616,-5.6151,50,0,-3.3718,2.137,0.31,1.5097,7093.59
2617,-4.4181,50,0,-3.4155,2.113,0.3,1.5332,7095.13
2618,-4.4772,50,0,-3.4004,2.0999,0.3,1.3428,7096.47
2619,-4.378,50,0,-3.4163,2.1012,0.3,1.4418,7097.91
2620,-0.0293,1,1,-3.4165,2.1009,0.3,0.0362,7097.95
2621,-0.6502,10,1,-3.3569,2.0941,0.31,0.3074,7098.26
2622,-0.6134,10,1,-3.3628,2.0857,0.31,0.287,7098.54
2623,-4.3876,50,0,-3.3928,2.0785,0.3,1.5209,7100.06
2624,-0.0466,1,1,-3.3597,2.105,0.31,0.0248,7100.09
2625,-3.7026,50,0,-3.312,2.0418,0.31,1.4915,7101.58
2626,-6.7091,50,0,-3.3324,2.0653,0.31,1.5353,7103.12
2627,-0.0149,1,1,-3.2959,2.0912,0.32,0.0338,7103.15
2628,-5.7436,50,0,-3.3391,2.0967,0.31,1.6161,7104.76
2629,-0.7966,10,1,-3.3325,2.1036,0.31,0.3362,7105.1
2630,-0.6098,9,1,-3.3383,2.0954,0.31,0.2687,7105.37
2631,-3.5031,50,0,-3.3656,2.0795,0.3,1.5505,7106.92
2632,-3.7973,50,0,-3.3663,2.0796,0.3,1.3997,7108.32
2633,-4.5265,50,0,-3.3585,2.0738,0.3,1.3723,7109.69
2634,-2.7208,50,0,-3.3357,2.0681,0.3,1.3195,7111.01
2635,-0.0382,1,1,-3.3235,2.0838,0.3,0.0232,7111.04
2636,-0.3849,6,1,-3.3221,2.0858,0.3,0.1498,7111.19
2637,-0.046,1,1,-3.286,2.1108,0.31,0.0266,7111.21
2638,-4.7585,50,0,-3.2859,2.1107,0.31,1.305,7112.52
2639,-0.4476,7,1,-3.29,2.1049,0.31,0.1813,7112.7
2640,-3.257,50,0,-3.2709,2.0965,0.31,1.378,7114.08
2641,-3.096,50,0,-3.2302,2.0598,0.31,1.4508,7115.53
2642,-0.4805,7,1,-3.1963,2.0768,0.32,0.2044,7115.73
2643,-0.046,1,1,-3.1643,2.1003,0.33,0.0257,7115.76
2644,-4.7424,50,0,-3.2113,2.0824,0.32,1.3908,7117.15
2645,-3.7191,50,0,-3.2483,2.058,0.31,1.5178,7118.67
2646,-0.0474,1,1,-3.2033,2.0782,0.32,0.0327,7118.7
2647,-0.0169,1,1,-3.1404,2.0786,0.33,0.0261,7118.72
2648,-2.6983,50,0,-3.1292,2.0779,0.33,1.5198,7120.24
2649,-6.6222,50,0,-3.1538,2.1043,0.33,1.3537,7121.6
2650,-5.835,50,0,-3.2014,2.1106,0.32,1.3697,7122.97
2651,-3.5677,50,0,-3.1981,2.1098,0.32,1.374,7124.34
2652,-1.0591,13,1,-3.1517,2.1054,0.33,0.3731,7124.71
2653,-0.6086,9,1,-3.1327,2.1196,0.34,0.2539,7124.97
2654,-0.0245,1,1,-3.1061,2.1416,0.35,0.0273,7125.0
2655,-0.0474,1,1,-3.0607,2.1578,0.36,0.0272,7125.02
2656,-1.0605,15,1,-3.0366,2.1665,0.37,0.4157,7125.44
2657,-3.0039,50,0,-3.0323,2.1662,0.37,1.4885,7126.93
2658,-0.015,1,1,-2.9811,2.1764,0.38,0.0305,7126.96
2659,-3.4508,50,0,-2.9655,2.1674,0.38,1.4094,7128.37
2660,-1.7143,32,1,-2.9442,2.1691,0.39,0.8943,7129.26
2661,-4.1681,50,0,-2.9271,2.1526,0.39,1.5136,7130.77
2662,-0.5579,8,1,-2.8825,2.1549,0.4,0.247,7131.02
2663,-5.1845,50,0,-2.9339,2.1479,0.39,1.4186,7132.44
2664,-3.5766,50,0,-2.9362,2.1485,0.39,1.4996,7133.94
2665,-4.6371,50,0,-2.9471,2.1543,0.39,1.4506,7135.39
2666,-9.1159,50,0,-2.9756,2.216,0.39,1.4073,7136.8
2667,-0.0382,1,1,-2.9336,2.2314,0.4,0.028,7136.83
2668,-0.0323,1,1,-2.8852,2.2414,0.41,0.0272,7136.85
2669,-5.0532,50,0,-2.922,2.2465,0.4,1.3197,7138.17
2670,-0.018,1,1,-2.8831,2.2627,0.41,0.0243,7138.2
2671,-0.0452,1,1,-2.8615,2.2794,0.41,0.025,7138.22
2672,-0.654,8,1,-2.8249,2.2851,0.42,0.2236,7138.45
2673,-0.0156,1,1,-2.7969,2.3021,0.43,0.0303,7138.48
2674,-1.1538,14,1,-2.7682,2.3046,0.44,0.4061,7138.88
2675,-0.0311,1,1,-2.7615,2.3115,0.44,0.031,7138.91
2676,-4.2191,50,0,-2.8033,2.2997,0.43,1.4426,7140.36
2677,-0.0229,1,1,-2.7508,2.3026,0.44,0.0337,7140.39
2678,-4.5741,50,0,-2.7515,2.3031,0.44,1.5919,7141.98
2679,-6.0389,50,0,-2.8047,2.317,0.43,1.5255,7143.51
2680,-3.8765,50,0,-2.8062,2.3176,0.43,1.5226,7145.03
2681,-0.6532,8,1,-2.8054,2.3183,0.43,0.2565,7145.29
2682,-5.0502,50,0,-2.8555,2.3122,0.42,1.5806,7146.87
2683,-4.8305,50,0,-2.8127,2.2343,0.42,1.6207,7148.49
2684,-4.4925,50,0,-2.8477,2.2329,0.41,1.4824,7149.97
2685,-4.5916,50,0,-2.859,2.2388,0.41,1.3883,7151.36
2686,-6.167,50,0,-2.8594,2.2394,0.41,1.351,7152.71
2687,-3.9838,50,0,-2.8506,2.2333,0.41,1.373,7154.08
2688,-0.7929,10,1,-2.8241,2.2418,0.42,0.304,7154.39
2689,-0.691,9,1,-2.7903,2.2482,0.43,0.266,7154.65
2690,-0.8147,14,1,-2.773,2.2566,0.44,0.4035,7155.06
2691,-3.2735,50,0,-2.7656,2.2538,0.44,1.504,7156.56
2692,-0.0267,1,1,-2.7029,2.2418,0.45,0.0304,7156.59
2693,-5.6406,50,0,-2.7307,2.2608,0.45,1.4206,7158.01
2694,-4.3285,50,0,-2.7643,2.2593,0.44,1.5356,7159.55
2695,-4.9534,50,0,-2.8007,2.2649,0.43,1.4329,7160.98
2696,-0.0466,1,1,-2.7557,2.2745,0.44,0.0226,7161.0
2697,-3.2544,50,0,-2.7543,2.2741,0.44,1.4206,7162.42
2698,-4.4396,50,0,-2.7422,2.2618,0.44,1.4091,7163.83
2699,-3.5198,50,0,-2.7222,2.246,0.44,1.2955,7165.13
2700,-0.0129,1,1,-2.6755,2.2533,0.45,0.0276,7165.15
2701,-0.4459,7,1,-2.6796,2.2489,0.45,0.232,7165.39
2702,-0.4571,7,1,-2.6778,2.2506,0.45,0.1756,7165.56
2703,-0.0479,1,1,-2.6297,2.2549,0.46,0.0339,7165.6
2704,-0.0234,1,1,-2.5993,2.2693,0.47,0.0305,7165.63
2705,-2.8186,50,0,-2.6272,2.2546,0.46,1.3522,7166.98
2706,-0.5622,7,1,-2.5767,2.2437,0.47,0.1831,7167.16
2707,-3.8387,50,0,-2.6039,2.2424,0.46,1.4376,7168.6
2708,-0.0393,1,1,-2.563,2.2515,0.47,0.0289,7168.63
2709,-5.0635,50,0,-2.6132,2.2507,0.46,1.424,7170.05
2710,-0.3744,6,1,-2.5761,2.2568,0.47,0.1671,7170.22
2711,-4.6693,50,0,-2.5997,2.2662,0.46,1.3943,7171.61
2712,-0.653,11,1,-2.5445,2.2455,0.47,0.3124,7171.93
2713,-0.6438,8,1,-2.5154,2.2511,0.48,0.2073,7172.13
2714,-0.6987,10,1,-2.4598,2.2265,0.49,0.2951,7172.43
2715,-2.9173,50,0,-2.4536,2.2243,0.49,1.3609,7173.79
2716,-13.5859,50,0,-2.5333,2.4659,0.49,1.3303,7175.12
2717,-4.277,50,0,-2.5319,2.4649,0.49,1.4032,7176.52
2718,-8.0233,50,0,-2.5673,2.5175,0.49,1.3937,7177.92
2719,-3.2366,50,0,-2.5559,2.5119,0.49,1.4273,7179.34
2720,-0.0265,1,1,-2.5559,2.5119,0.49,0.0317,7179.38
2721,-5.9858,50,0,-2.6092,2.5275,0.48,1.4006,7180.78
2722,-0.0331,1,1,-2.6034,2.5327,0.48,0.0261,7180.8
2723,-4.1837,50,0,-2.6014,2.5314,0.48,1.5149,7182.32
2724,-8.8719,50,0,-2.6897,2.5938,0.47,1.5059,7183.82
2725,-4.5966,50,0,-2.6986,2.5988,0.47,1.4155,7185.24
2726,-2.8153,50,0,-2.6597,2.5674,0.47,1.3468,7186.59
2727,-1.7227,19,1,-2.6767,2.5554,0.47,0.5409,7187.13
2728,-4.9178,50,0,-2.6685,2.5468,0.47,1.444,7188.57
2729,-4.079,50,0,-2.7013,2.5436,0.46,1.4571,7190.03
2730,-0.0263,1,1,-2.6955,2.5491,0.46,0.0313,7190.06
2731,-0.9852,11,1,-2.6703,2.5534,0.47,0.3086,7190.37
2732,-4.9768,50,0,-2.6821,2.5613,0.47,1.4275,7191.79
2733,-1.3767,15,1,-2.6506,2.5578,0.48,0.3869,7192.18
2734,-3.7959,50,0,-2.6613,2.5603,0.48,1.3488,7193.53
2735,-0.0462,1,1,-2.6614,2.5603,0.48,0.0271,7193.56
2736,-4.4044,50,0,-2.7016,2.5558,0.47,1.4502,7195.01
2737,-1.282,18,1,-2.714,2.5458,0.47,0.4762,7195.48
2738,-0.7167,11,1,-2.6736,2.5452,0.48,0.2723,7195.76
2739,-2.423,30,1,-2.6933,2.5354,0.48,0.8136,7196.57
2740,-0.0201,1,1,-2.6609,2.5487,0.49,0.028,7196.6
2741,-0.042,1,1,-2.6304,2.5615,0.5,0.0322,7196.63
2742,-4.3646,50,0,-2.6692,2.5581,0.49,1.4056,7198.04
2743,-4.6166,50,0,-2.7149,2.5516,0.48,1.5262,7199.56
2744,-5.4547,50,0,-2.7221,2.5583,0.48,1.5382,7201.1
2745,-3.3398,50,0,-2.7183,2.5571,0.48,1.635,7202.73
2746,-0.0225,1,1,-2.718,2.5573,0.48,0.0331,7202.77
2747,-4.8823,50,0,-2.7667,2.5518,0.47,1.5905,7204.36
2748,-4.052,50,0,-2.7802,2.5549,0.47,1.5848,7205.94
2749,-1.7145,32,1,-2.7311,2.5277,0.48,1.0645,7207.01
2750,-0.564,10,1,-2.6784,2.5173,0.49,0.317,7207.32
2751,-1.2541,20,1,-2.6553,2.5197,0.5,0.5896,7207.91
2752,-4.8832,50,0,-2.6935,2.5242,0.49,1.4842,7209.4
2753,-3.989,50,0,-2.7273,2.5187,0.48,1.4522,7210.85
2754,-5.1138,50,0,-2.7782,2.515,0.47,1.4659,7212.32
2755,-5.0055,50,0,-2.8278,2.5095,0.46,1.4921,7213.81
2756,-0.0068,1,1,-2.8173,2.5191,0.46,0.0312,7213.84
2757,-5.7003,50,0,-2.8442,2.5353,0.46,1.444,7215.28
2758,-5.967,50,0,-2.9038,2.5381,0.45,1.4676,7216.75
2759,-5.0933,50,0,-2.9202,2.5468,0.45,1.4551,7218.21
2760,-5.5918,50,0,-2.959,2.5577,0.44,1.5426,7219.75
2761,-0.0278,1,1,-2.9176,2.5713,0.45,0.033,7219.78
2762,-5.6071,50,0,-2.968,2.574,0.44,1.6396,7221.42
2763,-2.409,26,1,-2.9403,2.5649,0.45,0.9244,7222.35
2764,-4.4272,50,1,-2.9488,2.5684,0.46,1.599,7223.95
2765,-0.0265,1,1,-2.9027,2.579,0.47,0.0286,7223.97
2766,-0.0447,1,1,-2.812,2.5177,0.48,0.028,7224.0
2767,-0.0332,1,1,-2.8119,2.5178,0.48,0.0275,7224.03
2768,-0.0392,1,1,-2.812,2.5177,0.48,0.0255,7224.06
2769,-0.04,1,1,-2.7619,2.5225,0.49,0.0389,7224.09
2770,-2.9065,50,0,-2.7908,2.5074,0.48,1.5154,7225.61
2771,-5.7542,50,0,-2.8478,2.5092,0.47,1.3396,7226.95
2772,-3.3972,50,0,-2.8753,2.5,0.46,1.307,7228.26
2773,-4.9838,50,0,-2.925,2.4921,0.45,1.3947,7229.65
2774,-6.0849,50,0,-2.9743,2.5053,0.44,1.3195,7230.97
2775,-5.6782,50,0,-3.0307,2.502,0.43,1.3423,7232.31
2776,-6.6648,50,0,-3.0552,2.5253,0.43,1.6236,7233.94
2777,-6.3803,50,0,-3.1188,2.5282,0.42,1.4845,7235.42
2778,-4.6606,50,0,-3.1196,2.5287,0.42,1.5195,7236.94
2779,-0.0478,1,1,-3.0597,2.5298,0.43,0.0305,7236.97
2780,-7.2815,50,0,-3.0938,2.5633,0.43,1.6364,7238.61
2781,-4.0473,50,0,-3.1277,2.5532,0.42,1.6726,7240.28
2782,-0.0316,1,1,-3.0775,2.5642,0.43,0.029,7240.31
2783,-1.4996,20,1,-3.0442,2.5628,0.44,0.6487,7240.96
2784,-5.2098,50,0,-3.0514,2.5679,0.44,1.5065,7242.46
2785,-1.3969,19,1,-3.0194,2.5684,0.45,0.4967,7242.96
2786,-0.0322,1,1,-2.9581,2.5657,0.46,0.0235,7242.98
2787,-4.4708,50,0,-2.963,2.5681,0.46,1.3057,7244.29
2788,-2.7438,50,0,-2.9825,2.559,0.45,1.3138,7245.6
2789,-0.0361,1,1,-2.9759,2.5657,0.45,0.0319,7245.64
2790,-3.49,50,0,-3.0027,2.5569,0.44,1.2935,7246.93
2791,-4.2654,50,0,-3.0126,2.5599,0.44,1.2408,7248.17
2792,-3.0747,50,0,-3.0431,2.5422,0.43,1.2531,7249.42
2793,-0.5249,8,1,-2.9919,2.5409,0.44,0.2004,7249.62
2794,-0.032,1,1,-2.949,2.5542,0.45,0.0247,7249.65
2795,-5.6317,50,0,-2.9557,2.5604,0.45,1.3074,7250.96
2796,-1.0764,16,1,-2.966,2.5508,0.45,0.461,7251.42
2797,-0.0476,1,1,-2.934,2.5671,0.46,0.0341,7251.45
2798,-0.0443,1,1,-2.89,2.5785,0.47,0.0233,7251.47
2799,-5.8764,50,0,-2.9136,2.5949,0.47,1.5221,7253.0
2800,-5.4619,50,0,-2.9681,2.5906,0.46,1.6121,7254.61
2801,-2.6779,50,0,-2.9904,2.5783,0.45,1.619,7256.23
2802,-4.7441,50,0,-3.0333,2.5715,0.44,1.3685,7257.6
2803,-7.6805,50,0,-3.1096,2.5949,0.43,1.5994,7259.19
2804,-5.7225,50,0,-3.1666,2.5891,0.42,1.4562,7260.65
2805,-0.05,1,1,-3.1389,2.6074,0.43,0.032,7260.68
2806,-5.9467,50,0,-3.1927,2.6092,0.42,1.4493,7262.13
2807,-3.6906,50,0,-3.1913,2.6089,0.42,1.536,7263.67
2808,-0.9683,12,1,-3.2005,2.5993,0.42,0.3046,7263.97
2809,-6.4009,50,0,-3.2139,2.6123,0.42,1.3386,7265.31
2810,-6.0426,50,0,-3.2706,2.6115,0.41,1.305,7266.62
2811,-1.5602,29,1,-3.2395,2.6132,0.42,0.7715,7267.39
2812,-5.2271,50,0,-3.2853,2.6076,0.41,1.295,7268.68
2813,-1.8236,21,1,-3.2971,2.5982,0.41,0.5328,7269.22
2814,-6.6523,50,0,-3.3566,2.6062,0.4,1.2893,7270.5
2815,-6.045,50,0,-3.3879,2.6195,0.4,1.2634,7271.77
2816,-0.0455,1,1,-3.2525,2.4321,0.41,0.026,7271.79
2817,-0.0336,1,1,-3.21,2.4508,0.42,0.0302,7271.82
2818,-3.0976,50,0,-3.1608,2.4026,0.42,1.3477,7273.17
2819,-4.557,50,0,-3.174,2.4066,0.42,1.4071,7274.58
2820,-0.8009,10,1,-3.1817,2.3977,0.42,0.2804,7274.86
2821,-5.298,50,0,-3.1748,2.3906,0.42,1.8093,7276.67
2822,-4.9359,50,0,-3.2239,2.3759,0.41,1.4204,7278.09
2823,-4.4798,50,0,-3.2268,2.3773,0.41,1.3311,7279.42
2824,-3.8918,50,0,-3.177,2.3097,0.41,1.3406,7280.76
2825,-4.9031,50,0,-3.1801,2.3118,0.41,1.41,7282.17
2826,-6.6652,50,0,-3.2186,2.3373,0.41,1.4294,7283.6
2827,-4.9084,50,0,-3.2505,2.3384,0.4,1.3245,7284.92
2828,-4.5462,50,0,-3.2467,2.336,0.4,1.3686,7286.29
2829,-2.9424,50,0,-3.2354,2.3347,0.4,1.371,7287.66
2830,-0.0102,1,1,-3.2352,2.335,0.4,0.0259,7287.69
2831,-3.5381,50,0,-3.2607,2.3241,0.39,1.3743,7289.06
2832,-5.6917,50,0,-3.2679,2.3305,0.39,1.4029,7290.47
2833,-4.814,50,0,-3.3023,2.3277,0.38,1.3671,7291.83
2834,-3.431,50,0,-3.2986,2.3272,0.38,1.4091,7293.24
2835,-0.0443,1,1,-3.2986,2.3272,0.38,0.029,7293.27
2836,-5.7829,50,0,-3.3124,2.3378,0.38,1.3484,7294.62
2837,-2.8351,50,0,-3.3279,2.3294,0.37,1.3778,7296.0
2838,-4.4023,50,0,-3.3648,2.3169,0.36,1.3455,7297.34
2839,-3.6266,50,0,-3.3768,2.3151,0.35,1.3421,7298.69
2840,-0.0182,1,1,-3.3768,2.3152,0.35,0.0289,7298.72
2841,-2.6698,50,0,-3.4031,2.292,0.34,1.3922,7300.11
2842,-4.7239,50,0,-3.4066,2.2937,0.34,1.3625,7301.47
2843,-5.3766,50,0,-3.4142,2.299,0.34,1.3942,7302.86
2844,-0.0452,1,1,-3.3602,2.3139,0.35,0.0279,7302.89
2845,-5.9997,50,0,-3.3868,2.3288,0.35,1.3801,7304.27
2846,-0.0264,1,1,-3.3868,2.3287,0.35,0.0253,7304.3
2847,-3.0813,50,0,-3.3688,2.3241,0.35,1.3375,7305.64
2848,-3.4558,50,0,-3.3628,2.3231,0.35,1.3445,7306.98
2849,-3.5767,50,0,-3.3814,2.3172,0.34,1.3006,7308.28
2850,-1.2223,14,1,-3.388,2.3101,0.34,0.3786,7308.66
2851,-5.3406,50,0,-3.4289,2.3082,0.33,1.3058,7309.96
2852,-5.3266,50,0,-3.4333,2.3114,0.33,1.4219,7311.39
2853,-1.1782,13,1,-3.4052,2.3215,0.34,0.3718,7311.76
2854,-11.1169,50,0,-3.4653,2.4395,0.34,1.5107,7313.27
2855,-5.8367,50,0,-3.4736,2.4462,0.34,1.5878,7314.86
2856,-0.6111,9,1,-3.4796,2.4383,0.34,0.2575,7315.11
2857,-4.7881,50,0,-3.4705,2.4317,0.34,1.5471,7316.66
2858,-0.0409,1,1,-3.4112,2.4423,0.35,0.0263,7316.69
2859,-5.4157,50,0,-3.4144,2.4448,0.35,1.4031,7318.09
2860,-3.6885,50,0,-3.3954,2.4351,0.35,1.554,7319.65
2861,-11.8461,50,0,-3.5136,2.5528,0.34,1.5095,7321.15
2862,-0.0151,1,1,-3.4577,2.5675,0.35,0.0334,7321.19
2863,-1.1308,11,1,-3.4449,2.5759,0.35,0.3364,7321.52
2864,-5.121,50,0,-3.4518,2.5794,0.34,1.5714,7323.1
2865,-0.0487,1,1,-3.4521,2.5791,0.34,0.0349,7323.13
2866,-3.4806,50,0,-3.4864,2.5563,0.33,1.5784,7324.71
2867,-2.242,25,1,-3.5085,2.5358,0.33,0.9178,7325.63
2868,-4.1396,50,0,-3.5495,2.5124,0.32,1.6277,7327.25
2869,-3.5011,50,0,-3.5841,2.4876,0.31,1.4105,7328.67
2870,-0.049,1,1,-3.5555,2.5115,0.32,0.0268,7328.69
2871,-5.653,50,0,-3.5545,2.5106,0.32,1.4047,7330.1
2872,-3.4888,50,0,-3.5554,2.5106,0.32,1.4547,7331.55
2873,-5.0604,50,0,-3.5562,2.511,0.32,1.4475,7333.0
2874,-4.7616,50,0,-3.543,2.5011,0.32,1.4842,7334.48
2875,-5.5094,50,0,-3.5413,2.4998,0.32,1.5599,7336.04
2876,-0.015,1,1,-3.4748,2.5042,0.33,0.0284,7336.07
2877,-7.7823,50,0,-3.4888,2.5243,0.33,1.4059,7337.48
2878,-2.8809,50,0,-3.471,2.5222,0.33,1.4197,7338.9
2879,-4.3862,50,0,-3.5144,2.5002,0.32,1.413,7340.31
2880,-4.1964,50,0,-3.4835,2.4724,0.32,1.4361,7341.75
2881,-4.7313,50,0,-3.4904,2.4749,0.32,1.5372,7343.28
2882,-3.6179,50,0,-3.5263,2.4504,0.31,1.6772,7344.96
2883,-2.7721,50,0,-3.539,2.4431,0.3,1.5761,7346.54
2884,-3.2574,50,0,-3.5195,2.4375,0.3,1.6304,7348.17
2885,-0.0076,1,1,-3.5056,2.4535,0.3,0.0371,7348.2
2886,-4.1887,50,0,-3.5471,2.4294,0.29,1.668,7349.87
2887,-3.586,50,0,-3.5383,2.4276,0.29,1.4075,7351.28
2888,-3.7072,50,0,-3.5479,2.4263,0.29,1.5027,7352.78
2889,-0.0401,1,1,-3.548,2.4263,0.29,0.0315,7352.81
2890,-3.9097,50,0,-3.5521,2.4265,0.29,1.3609,7354.17
2891,-3.5673,32,1,-3.5452,2.4255,0.3,0.8671,7355.04
2892,-5.1337,50,0,-3.5658,2.4301,0.3,1.2989,7356.34
2893,-4.9793,50,0,-3.6103,2.4147,0.29,1.5448,7357.89
2894,-6.0044,50,0,-3.67,2.3993,0.28,1.593,7359.48
2895,-3.0739,50,0,-3.6444,2.3919,0.28,1.6325,7361.11
2896,-3.2821,50,0,-3.6665,2.3782,0.27,1.4264,7362.54
2897,-0.0373,1,1,-3.6664,2.3784,0.27,0.0281,7362.57
2898,-3.8661,50,0,-3.7046,2.3504,0.26,1.3221,7363.89
2899,-3.0201,50,0,-3.6761,2.3412,0.26,1.2839,7365.17
2900,-1.662,20,1,-3.6381,2.3427,0.27,0.5205,7365.69
2901,-4.6756,50,0,-3.658,2.343,0.27,1.314,7367.01
2902,-5.0966,50,0,-3.6616,2.3449,0.27,2.1809,7369.19
2903,-3.5716,50,0,-3.6205,2.3098,0.27,1.2621,7370.45
2904,-1.1743,16,1,-3.575,2.3128,0.28,0.422,7370.87
2905,-3.8202,50,0,-3.6127,2.2856,0.27,1.3786,7372.25
2906,-5.0168,50,0,-3.6034,2.2779,0.27,1.3831,7373.63
2907,-0.0406,1,1,-3.5669,2.3053,0.28,0.0274,7373.66
2908,-5.4216,50,0,-3.6114,2.2977,0.27,1.3756,7375.04
2909,-0.0354,1,1,-3.5478,2.3077,0.28,0.0286,7375.06
2910,-0.0405,1,1,-3.4877,2.32,0.29,0.029,7375.09
2911,-8.3941,50,0,-3.5561,2.3625,0.28,1.4795,7376.57
2912,-4.6317,50,0,-3.5501,2.359,0.28,1.5268,7378.1
2913,-0.4266,7,1,-3.5362,2.3733,0.28,0.2147,7378.31
2914,-3.8287,50,0,-3.5079,2.3528,0.28,1.5391,7379.85
2915,-2.882,50,0,-3.4763,2.3397,0.28,1.447,7381.3
2916,-3.5772,50,0,-3.5116,2.3142,0.27,1.3247,7382.62
2917,-0.7195,9,1,-3.5185,2.3048,0.27,0.2586,7382.88
2918,-3.3417,50,0,-3.5209,2.3045,0.27,1.4125,7384.3
2919,-0.0442,1,1,-3.4758,2.3279,0.28,0.0304,7384.33
2920,-4.5575,50,0,-3.5133,2.3147,0.27,1.5232,7385.85
2921,-4.7231,50,0,-3.5076,2.3109,0.27,1.5,7387.35
2922,-0.7078,10,1,-3.4653,2.3231,0.28,0.315,7387.66
2923,-4.1032,50,0,-3.4616,2.3217,0.28,1.5641,7389.23
2924,-0.0398,1,1,-3.423,2.3461,0.29,0.0324,7389.26
2925,-1.8084,19,1,-3.3921,2.3468,0.3,0.5754,7389.84
2926,-3.543,50,0,-3.3609,2.3237,0.3,1.4545,7391.29
2927,-0.0338,1,1,-3.3121,2.3418,0.31,0.0274,7391.32
2928,-4.5223,50,0,-3.3119,2.3416,0.31,1.6345,7392.95
2929,-6.5057,50,0,-3.3475,2.3628,0.31,1.7787,7394.73
2930,-3.6764,50,0,-3.3842,2.339,0.3,1.3675,7396.1
2931,-0.0288,1,1,-3.3491,2.3626,0.31,0.0263,7396.13
2932,-0.8012,14,1,-3.3002,2.3643,0.32,0.3638,7396.49
2933,-0.0358,1,1,-3.2524,2.3814,0.33,0.0311,7396.52
2934,-5.0233,50,0,-3.2683,2.3879,0.33,1.276,7397.8
2935,-4.6639,50,0,-3.3145,2.3697,0.32,1.2896,7399.09
2936,-0.0363,1,1,-3.257,2.3788,0.33,0.0232,7399.11
2937,-3.9275,50,0,-3.268,2.3793,0.33,1.3036,7400.41
2938,-6.0562,50,0,-3.2845,2.3928,0.33,1.2896,7401.7
2939,-4.5701,50,0,-3.2939,2.396,0.33,1.3289,7403.03
2940,-0.033,1,1,-3.2941,2.3958,0.33,0.0283,7403.06
2941,-0.801,10,1,-3.2754,2.4079,0.34,0.2592,7403.32
2942,-4.6103,50,0,-3.2743,2.4072,0.34,1.3191,7404.64
2943,-3.9587,50,0,-3.2601,2.399,0.34,1.3119,7405.95
2944,-4.4317,50,0,-3.304,2.3798,0.33,1.2793,7407.23
2945,-3.7003,50,0,-3.281,2.3647,0.33,1.3468,7408.58
2946,-4.7902,50,0,-3.3286,2.3466,0.32,1.3103,7409.89
2947,-0.945,12,1,-3.3072,2.3584,0.33,0.2966,7410.18
2948,-0.0383,1,1,-3.2731,2.3807,0.34,0.0284,7410.21
2949,-0.6168,10,1,-3.2435,2.3951,0.35,0.2646,7410.48
2950,-3.6957,50,0,-3.2682,2.3868,0.34,1.2668,7411.74
2951,-4.5718,50,0,-3.2605,2.3814,0.34,1.2623,7413.0
2952,-2.787,50,0,-3.2351,2.3727,0.34,1.2806,7414.29
2953,-1.3778,16,1,-3.2371,2.3711,0.34,0.4294,7414.71
2954,-3.2049,50,0,-3.158,2.2349,0.34,1.2587,7415.97
2955,-5.9934,50,0,-3.1596,2.2369,0.34,1.227,7417.2
2956,-1.5916,25,1,-3.1694,2.2278,0.34,0.6333,7417.83
2957,-4.442,50,0,-3.1659,2.2256,0.34,1.2731,7419.11
2958,-0.3393,7,1,-3.1689,2.2216,0.34,0.1717,7419.28
2959,-8.0581,50,0,-3.1953,2.2634,0.34,1.2728,7420.55
2960,-0.0221,1,1,-3.1586,2.2848,0.35,0.0263,7420.58
2961,-0.049,1,1,-3.0407,2.1326,0.36,0.0295,7420.61
2962,-4.8985,50,0,-3.0895,2.1187,0.35,1.2912,7421.9
2963,-0.045,1,1,-3.0786,2.1314,0.35,0.0246,7421.92
2964,-3.0869,50,0,-3.0583,2.1215,0.35,1.2441,7423.17
2965,-0.0318,1,1,-3.0581,2.1218,0.35,0.0317,7423.2
2966,-4.3668,50,0,-3.067,2.1254,0.35,1.4061,7424.6
2967,-4.2704,50,0,-3.0873,2.1271,0.34,1.2763,7425.88
2968,-3.4648,50,0,-3.0805,2.1248,0.34,1.2797,7427.16
2969,-4.02,50,0,-3.0857,2.1264,0.34,1.2729,7428.43
2970,-0.4383,8,1,-3.0896,2.1212,0.34,0.2089,7428.64
2971,-3.6244,50,0,-3.0693,2.1063,0.34,1.2628,7429.91
2972,-6.3128,50,0,-3.0976,2.1305,0.34,1.2278,7431.13
2973,-0.02,1,1,-3.0472,2.143,0.35,0.0315,7431.16
2974,-7.9879,50,0,-3.0794,2.1923,0.35,1.2717,7432.44
2975,-0.4377,7,1,-3.0287,2.1942,0.36,0.1848,7432.62
2976,-0.0266,1,1,-3.0288,2.194,0.36,0.0244,7432.65
2977,-4.1791,50,0,-2.9928,2.1447,0.36,1.2552,7433.9
2978,-3.9412,50,0,-3.0034,2.1467,0.36,1.3177,7435.22
2979,-6.7484,50,0,-3.027,2.1746,0.36,1.2611,7436.48
2980,-0.0465,1,1,-2.9855,2.1915,0.37,0.0222,7436.5
2981,-0.43,8,1,-2.9425,2.199,0.38,0.2097,7436.71
2982,-5.6936,50,0,-2.9633,2.215,0.38,1.246,7437.96
2983,-0.4342,8,1,-2.9399,2.2292,0.39,0.2067,7438.16
2984,-0.0282,1,1,-2.9076,2.2477,0.4,0.024,7438.19
2985,-5.2827,50,0,-2.9603,2.2409,0.39,1.2683,7439.46
2986,-4.1308,50,0,-2.9598,2.2406,0.39,1.2972,7440.75
2987,-0.0429,1,1,-2.9243,2.2583,0.4,0.0238,7440.78
2988,-0.0285,1,1,-2.8875,2.2752,0.41,0.028,7440.81
2989,-0.0293,1,1,-2.8874,2.2753,0.41,0.0297,7440.84
2990,-6.7102,50,0,-2.9154,2.3048,0.41,1.2433,7442.08
2991,-0.048,1,1,-2.8802,2.3213,0.41,0.0257,7442.1
2992,-5.1583,50,0,-2.8805,2.3216,0.41,1.2743,7443.38
2993,-4.5064,50,0,-2.8758,2.3178,0.41,1.2759,7444.65
2994,-0.7823,10,1,-2.8235,2.3055,0.42,0.2395,7444.89
2995,-0.0443,1,1,-2.7932,2.3219,0.43,0.0256,7444.92
2996,-3.097,50,0,-2.7914,2.3215,0.43,1.2923,7446.21
2997,-1.8831,20,1,-2.8099,2.3069,0.43,0.5092,7446.72
2998,-4.4956,50,0,-2.8161,2.3106,0.43,1.2516,7447.97
2999,-3.4266,50,0,-2.8202,2.3113,0.43,1.2341,7449.21
3000,-0.9217,12,1,-2.8128,2.3162,0.43,0.306,7449.51
3001,-5.5327,50,0,-2.8214,2.3246,0.43,1.2345,7450.75
3002,-0.029,1,1,-2.7707,2.3297,0.44,0.0282,7450.78
3003,-4.9367,50,0,-2.7844,2.3383,0.44,1.2458,7452.02
3004,-0.4832,8,1,-2.7774,2.3441,0.44,0.2025,7452.22
3005,-5.4656,50,0,-2.7939,2.3571,0.44,1.2889,7453.51
3006,-0.0491,1,1,-2.7442,2.3621,0.45,0.0248,7453.54
3007,-4.2178,50,0,-2.786,2.3508,0.44,1.2627,7454.8
3008,-4.3032,50,0,-2.7748,2.3409,0.44,1.3066,7456.11
3009,-3.5729,50,0,-2.8102,2.3259,0.43,1.2517,7457.36
3010,-3.5374,50,0,-2.8452,2.3102,0.42,1.2425,7458.6
3011,-0.0229,1,1,-2.7614,2.2587,0.43,0.0282,7458.63
3012,-7.0419,50,0,-2.7855,2.2912,0.43,1.277,7459.91
3013,-0.0427,1,1,-2.7817,2.2955,0.43,0.0277,7459.93
3014,-5.2612,50,0,-2.796,2.3064,0.43,1.2688,7461.2
3015,-3.2069,50,0,-2.7993,2.3067,0.43,1.2729,7462.48
3016,-3.8696,50,0,-2.8022,2.3079,0.43,1.2603,7463.74
3017,-4.5283,50,0,-2.8403,2.3046,0.42,1.2517,7464.99
3018,-4.0664,50,0,-2.8475,2.3074,0.42,1.2717,7466.26
3019,-0.6192,10,1,-2.8533,2.3011,0.42,0.2468,7466.51
3020,-6.234,50,0,-2.8701,2.3195,0.42,1.2672,7467.77
3021,-4.99,50,0,-2.8727,2.3217,0.42,1.2733,7469.05
3022,-0.8393,11,1,-2.874,2.3205,0.42,0.2752,7469.32
3023,-5.2186,50,0,-2.8852,2.3291,0.42,1.2901,7470.61
3024,-0.036,1,1,-2.8852,2.3291,0.42,0.0306,7470.64
3025,-1.6332,16,1,-2.8834,2.33,0.42,0.4116,7471.05
3026,-2.3631,28,1,-2.8716,2.3296,0.43,0.7343,7471.79
3027,-7.9327,50,0,-2.9506,2.3657,0.42,1.2375,7473.03
3028,-2.6377,43,1,-2.9317,2.3606,0.43,1.0653,7474.09
3029,-4.5981,50,0,-2.9127,2.3393,0.43,1.2739,7475.36
3030,-4.1714,50,0,-2.9176,2.3414,0.43,1.2391,7476.6
3031,-2.8812,33,1,-2.9461,2.3233,0.43,0.8197,7477.42
3032,-1.3043,16,1,-2.9512,2.3192,0.43,0.3986,7477.82
3033,-0.5955,8,1,-2.9568,2.3128,0.43,0.197,7478.02
3034,-11.0314,50,0,-3.0169,2.4403,0.43,1.2511,7479.27
3035,-3.5079,50,0,-3.0053,2.4352,0.43,1.2333,7480.5
3036,-5.5636,50,0,-3.0606,2.4299,0.42,1.2167,7481.72
3037,-0.0141,1,1,-3.0214,2.4471,0.43,0.0259,7481.75
3038,-10.886,50,0,-3.0697,2.5519,0.43,1.295,7483.04
3039,-4.8567,50,0,-3.0726,2.5537,0.43,1.2374,7484.28
3040,-1.7336,22,1,-3.0896,2.5391,0.43,0.5506,7484.83
3041,-3.4315,50,0,-3.1159,2.5288,0.42,1.2493,7486.08
3042,-0.4513,9,1,-3.0743,2.5381,0.43,0.2276,7486.31
3043,-0.0388,1,1,-3.0351,2.5543,0.44,0.0284,7486.33
3044,-5.2336,50,0,-3.0431,2.56,0.44,1.2337,7487.57
3045,-4.6991,50,0,-3.0531,2.5645,0.44,1.2461,7488.81
3046,-3.836,50,0,-3.0436,2.5597,0.44,1.241,7490.06
3047,-1.5342,18,1,-3.0495,2.5556,0.44,0.4483,7490.5
3048,-1.5784,18,1,-3.0649,2.542,0.44,0.4452,7490.95
3049,-0.0348,1,1,-3.0591,2.5483,0.44,0.0277,7490.98
3050,-3.8217,50,0,-3.0603,2.5486,0.44,1.2326,7492.21
3051,-3.0321,50,0,-3.0449,2.5441,0.44,1.2235,7493.43
3052,-4.3784,50,0,-3.0608,2.5474,0.44,1.2782,7494.71
3053,-3.2006,50,0,-3.0791,2.5418,0.43,1.2341,7495.94
3054,-0.0478,1,1,-3.0475,2.5596,0.44,0.0252,7495.97
3055,-4.3014,50,0,-3.0306,2.5456,0.44,1.2288,7497.2
3056,-4.338,50,0,-3.058,2.5447,0.43,1.2422,7498.44
3057,-8.0266,50,0,-3.0939,2.5888,0.43,1.2717,7499.71
3058,-8.9498,50,0,-3.18,2.6385,0.42,1.2617,7500.97
3059,-0.01,1,1,-3.0995,2.6111,0.43,0.0275,7501.0
3060,-0.0433,1,1,-3.0997,2.6108,0.43,0.024,7501.03
3061,-4.0728,50,0,-3.14,2.5945,0.42,1.2771,7502.3
3062,-3.6238,50,0,-3.1272,2.5889,0.42,1.2338,7503.54
3063,-0.0439,1,1,-3.1272,2.5889,0.42,0.0218,7503.56
3064,-4.3717,50,0,-3.14,2.5919,0.42,1.2521,7504.81
3065,-0.0234,1,1,-3.14,2.592,0.42,0.0276,7504.84
3066,-4.6201,50,0,-3.1425,2.5933,0.42,1.2648,7506.1
3067,-4.6323,50,0,-3.1461,2.5951,0.42,1.2762,7507.38
3068,-5.4297,50,0,-3.1658,2.6049,0.42,1.232,7508.61
3069,-4.4402,50,0,-3.17,2.6066,0.42,1.2618,7509.87
3070,-5.1712,50,0,-3.2173,2.5995,0.41,1.2542,7511.13
3071,-2.9675,50,0,-3.2107,2.5993,0.41,1.2763,7512.4
3072,-4.2607,50,0,-3.1902,2.5828,0.41,1.2725,7513.68
3073,-3.3702,50,0,-3.2237,2.5631,0.4,1.2261,7514.9
3074,-2.7992,50,0,-3.1718,2.5183,0.4,1.2391,7516.14
3075,-0.024,1,1,-3.1677,2.5231,0.4,0.0258,7516.17
3076,-5.151,50,0,-3.2189,2.5108,0.39,1.26,7517.43
3077,-4.988,50,0,-3.227,2.5152,0.39,1.2852,7518.71
3078,-3.9468,50,0,-3.2271,2.5152,0.39,1.2503,7519.96
3079,-4.5315,50,0,-3.2049,2.4937,0.39,1.2828,7521.25
3080,-5.5642,50,0,-3.2601,2.4843,0.38,1.3651,7522.61
3081,-5.2517,50,0,-3.3083,2.4756,0.37,1.37,7523.98
3082,-15.502,50,0,-3.4064,2.7476,0.37,1.2359,7525.22
3083,-3.2974,44,1,-3.435,2.7313,0.37,1.0667,7526.28
3084,-1.66,19,1,-3.4513,2.7158,0.37,0.4633,7526.75
3085,-0.0294,1,1,-3.3988,2.7306,0.38,0.0294,7526.78
3086,-5.0279,50,0,-3.4078,2.7344,0.38,1.2735,7528.05
3087,-0.8042,14,1,-3.4154,2.7261,0.38,0.3427,7528.39
3088,-5.7703,50,0,-3.4728,2.7146,0.37,1.222,7529.61
3089,-5.8918,50,0,-3.5314,2.7029,0.36,1.2891,7530.9
3090,-1.8132,29,1,-3.4825,2.6892,0.37,0.7251,7531.63
3091,-2.8852,50,0,-3.5108,2.6677,0.36,1.2495,7532.88
3092,-8.2602,50,0,-3.5418,2.7044,0.36,1.2774,7534.15
3093,-7.3678,50,0,-3.5705,2.7295,0.36,1.2488,7535.4
3094,-4.1159,50,0,-3.6038,2.7156,0.35,1.2523,7536.66
3095,-4.8374,50,0,-3.6517,2.6946,0.34,1.2548,7537.91
3096,-4.1208,50,0,-3.662,2.6944,0.34,1.249,7539.16
3097,-4.5577,50,0,-3.6887,2.6898,0.33,1.2651,7540.43
3098,-4.6999,50,0,-3.6908,2.6905,0.33,1.2082,7541.63
3099,-4.8454,50,0,-3.7049,2.6928,0.33,1.2724,7542.91
3100,-0.0385,1,1,-3.6961,2.7034,0.33,0.0219,7542.93
3101,-0.8867,11,1,-3.6497,2.7113,0.34,0.2764,7543.2
3102,-5.1362,50,0,-3.7007,2.6907,0.33,1.267,7544.47
3103,-4.1632,50,0,-3.693,2.6882,0.33,1.2578,7545.73
3104,-0.0452,1,1,-3.6886,2.6938,0.33,0.0266,7545.76
3105,-3.5714,50,0,-3.6697,2.6879,0.33,1.2883,7547.04
3106,-6.7164,50,0,-3.7363,2.6799,0.32,1.2739,7548.32
3107,-5.2066,50,0,-3.7462,2.6835,0.32,1.2529,7549.57
3108,-0.0449,1,1,-3.7036,2.708,0.33,0.0269,7549.6
3109,-4.7688,50,0,-3.7156,2.7101,0.33,1.2481,7550.85
3110,-3.7361,50,0,-3.7176,2.71,0.33,1.2011,7552.05
3111,-3.8407,50,0,-3.7558,2.6844,0.32,1.2567,7553.3
3112,-1.0323,16,1,-3.6957,2.6775,0.33,0.4248,7553.73
3113,-4.2584,50,0,-3.7378,2.6527,0.32,1.277,7555.01
3114,-4.7675,50,0,-3.7329,2.6503,0.32,1.2437,7556.25
3115,-0.0445,1,1,-3.7013,2.6751,0.33,0.0264,7556.28
3116,-0.0078,1,1,-3.6627,2.7002,0.34,0.0273,7556.3
3117,-5.5982,50,0,-3.6734,2.7057,0.34,1.223,7557.53
3118,-0.0347,1,1,-3.633,2.7295,0.35,0.0245,7557.55
3119,-0.0353,1,1,-3.6272,2.7366,0.35,0.0244,7557.57
3120,-4.1053,50,0,-3.6059,2.7244,0.35,1.2348,7558.81
3121,-4.8958,50,0,-3.605,2.724,0.35,1.2728,7560.08
3122,-0.8288,16,1,-3.6049,2.7241,0.35,0.4007,7560.48
3123,-4.388,50,0,-3.5966,2.7204,0.35,1.2581,7561.74
3124,-5.4931,50,0,-3.6511,2.7031,0.34,1.2772,7563.02
3125,-0.0431,1,1,-3.6352,2.7196,0.34,0.0291,7563.05
3126,-3.8529,50,0,-3.6501,2.7166,0.33,1.2302,7564.28
3127,-4.1976,50,0,-3.6128,2.683,0.33,1.2598,7565.54
3128,-2.9505,31,1,-3.6159,2.682,0.33,0.7753,7566.31
3129,-4.2023,50,0,-3.6119,2.6809,0.33,1.2617,7567.57
3130,-0.0471,1,1,-3.5707,2.7036,0.34,0.0249,7567.6
3131,-4.5396,50,0,-3.5873,2.7044,0.33,1.2163,7568.82
3132,-0.7172,9,1,-3.5814,2.71,0.33,0.2187,7569.03
3133,-4.9886,50,0,-3.6253,2.6968,0.32,1.2557,7570.29
3134,-5.0438,50,0,-3.5655,2.5963,0.32,1.2596,7571.55
3135,-6.2273,50,0,-3.5927,2.6097,0.32,1.2414,7572.79
3136,-0.0204,1,1,-3.5372,2.6261,0.33,0.0265,7572.82
3137,-4.6447,50,0,-3.5835,2.6043,0.32,1.2285,7574.05
3138,-0.044,1,1,-3.4751,2.5224,0.33,0.0233,7574.07
3139,-0.7114,14,1,-3.4337,2.5334,0.34,0.3486,7574.42
3140,-3.641,50,0,-3.4527,2.5277,0.33,1.2414,7575.66
3141,-2.8831,50,0,-3.4473,2.5284,0.33,1.2516,7576.91
3142,-4.3995,50,0,-3.4867,2.512,0.32,1.2575,7578.17
3143,-1.0116,13,1,-3.4965,2.5005,0.32,0.3219,7578.49
3144,-0.9967,13,1,-3.4541,2.5066,0.33,0.3313,7578.82
3145,-4.9612,50,0,-3.4567,2.5081,0.33,1.2678,7580.09
3146,-0.0129,1,1,-3.4185,2.531,0.34,0.0237,7580.11
3147,-3.9415,50,0,-3.4426,2.5244,0.33,1.2541,7581.37
3148,-5.273,50,0,-3.4795,2.5239,0.32,1.2392,7582.61
3149,-0.0337,1,1,-3.4795,2.5239,0.32,0.0289,7582.63
3150,-2.8237,50,0,-3.4695,2.5245,0.32,1.2938,7583.93
3151,-4.1035,50,0,-3.4802,2.5249,0.32,1.2543,7585.18
3152,-5.2881,50,0,-3.4893,2.5298,0.32,1.2928,7586.48
3153,-5.0458,50,0,-3.5078,2.5343,0.32,1.2554,7587.73
3154,-5.6342,50,0,-3.5636,2.519,0.31,1.2984,7589.03
3155,-3.8944,50,0,-3.5596,2.5181,0.31,1.2361,7590.27
3156,-0.6794,9,1,-3.523,2.5331,0.32,0.2213,7590.49
3157,-4.9531,50,0,-3.4922,2.4966,0.32,1.2176,7591.7
3158,-4.3714,50,0,-3.4465,2.4374,0.32,1.2439,7592.95
3159,-0.0249,1,1,-3.4466,2.4372,0.32,0.0221,7592.97
3160,-1.0163,13,1,-3.4563,2.4255,0.32,0.3325,7593.3
3161,-0.0141,1,1,-3.4158,2.4487,0.33,0.0253,7593.33
3162,-5.6842,50,0,-3.4364,2.459,0.33,1.263,7594.59
3163,-4.0063,50,0,-3.476,2.4358,0.32,1.2755,7595.87
3164,-0.0244,1,1,-3.4325,2.4581,0.33,0.0255,7595.89
3165,-2.3525,26,1,-3.4558,2.4367,0.33,0.652,7596.54
3166,-4.9258,50,0,-3.4589,2.4383,0.33,1.2332,7597.78
3167,-0.016,1,1,-3.4127,2.4593,0.34,0.0264,7597.8
3168,-3.0686,50,0,-3.3891,2.4511,0.34,1.2276,7599.03
3169,-3.8222,50,0,-3.3829,2.4492,0.34,1.2318,7600.26
3170,-3.4149,50,0,-3.3653,2.4426,0.34,1.276,7601.54
3171,-2.7628,50,0,-3.3633,2.443,0.34,1.2237,7602.76
3172,-3.1598,50,0,-3.3523,2.4415,0.34,1.2184,7603.98
3173,-5.666,50,0,-3.3752,2.4523,0.34,1.2433,7605.22
3174,-4.7297,50,0,-3.3945,2.4553,0.34,1.2625,7606.49
3175,-0.0197,1,1,-3.3945,2.4553,0.34,0.0248,7606.51
3176,-1.2398,14,1,-3.3554,2.4582,0.35,0.3463,7606.86
3177,-0.0055,1,1,-3.3056,2.475,0.36,0.0254,7606.88
3178,-0.044,1,1,-3.2665,2.4953,0.37,0.0272,7606.91
3179,-4.5839,50,0,-3.2671,2.4956,0.37,1.2642,7608.18
3180,-7.8894,50,0,-3.2903,2.5275,0.37,1.3175,7609.49
3181,-5.5448,50,0,-3.2932,2.5299,0.37,1.2421,7610.73
3182,-2.8906,50,0,-3.1671,2.2126,0.37,1.2609,7612.0
3183,-1.9555,35,1,-3.1537,2.2159,0.37,0.8709,7612.87
3184,-3.9984,50,0,-3.1771,2.2123,0.36,1.2594,7614.13
3185,-3.287,50,0,-3.2097,2.1896,0.35,1.2529,7615.38
3186,-2.8225,50,0,-3.1876,2.1823,0.35,1.2676,7616.65
3187,-1.1596,15,1,-3.1912,2.1787,0.35,0.3622,7617.01
3188,-3.065,50,0,-3.1641,2.1632,0.35,1.2658,7618.27
3189,-6.1049,50,0,-3.1663,2.166,0.35,1.2719,7619.55
3190,-3.3486,50,0,-3.1816,2.1618,0.34,1.2674,7620.81
3191,-3.6824,50,0,-3.1896,2.1622,0.34,1.3006,7622.11
3192,-3.757,50,0,-3.1445,2.1021,0.34,1.2863,7623.4
3193,-4.0049,50,0,-3.1109,2.0608,0.34,2.2789,7625.68
3194,-4.782,50,0,-3.1176,2.0651,0.34,1.2086,7626.89
3195,-4.0598,50,0,-3.1098,2.0601,0.34,1.291,7628.18
3196,-0.0431,1,1,-3.069,2.0799,0.35,0.0227,7628.2
3197,-4.275,50,0,-3.0662,2.0781,0.35,1.2559,7629.46
3198,-5.9174,50,0,-3.0784,2.0912,0.35,1.2318,7630.69
3199,-0.024,1,1,-3.0302,2.1054,0.36,0.0233,7630.71
3200,-0.0393,1,1,-3.0302,2.1054,0.36,0.0231,7630.74
3201,-2.8629,50,0,-3.0499,2.0944,0.35,1.244,7631.98
3202,-2.5345,50,0,-3.0239,2.0845,0.35,1.2669,7633.25
3203,-5.1317,50,0,-3.0336,2.092,0.35,1.2234,7634.47
3204,-3.856,50,0,-3.0717,2.0718,0.34,1.3154,7635.79
3205,-3.5875,50,0,-3.0719,2.0719,0.34,1.2876,7637.07
3206,-4.2456,50,0,-3.0472,2.0428,0.34,1.278,7638.35
3207,-4.4915,50,0,-3.04,2.0364,0.34,1.2008,7639.55
3208,-4.1367,50,0,-3.0809,2.0169,0.33,1.2293,7640.78
3209,-4.4702,50,0,-3.0779,2.0146,0.33,1.272,7642.05
3210,-2.5072,50,0,-3.0657,2.0143,0.33,1.2712,7643.32
3211,-6.9451,50,0,-3.0967,2.0496,0.33,1.2383,7644.56
3212,-4.9959,50,0,-3.1363,2.0476,0.32,1.2656,7645.83
3213,-2.5377,50,0,-3.1191,2.0453,0.32,1.2606,7647.09
3214,-4.4416,50,0,-3.1159,2.043,0.32,1.2226,7648.31
3215,-0.0205,1,1,-3.1156,2.0433,0.32,0.0245,7648.34
3216,-1.4582,19,1,-3.1301,2.0263,0.32,0.4764,7648.81
3217,-6.6113,50,0,-3.1403,2.0411,0.32,1.2399,7650.05
3218,-3.5369,50,0,-3.1753,2.0174,0.31,1.2668,7651.32
3219,-0.0073,1,1,-3.175,2.0178,0.31,0.0226,7651.34
3220,-4.6311,50,0,-3.1803,2.0209,0.31,1.2982,7652.64
3221,-4.1264,50,0,-3.1726,2.0159,0.31,1.2582,7653.9
3222,-3.5362,37,1,-3.1996,2.0023,0.31,0.929,7654.83
3223,-5.5452,50,0,-3.2112,2.0125,0.31,1.2575,7656.08
3224,-0.0412,1,1,-3.1567,2.0237,0.32,0.0242,7656.11
3225,-0.0484,1,1,-3.1568,2.0237,0.32,0.0274,7656.14
3226,-3.1835,50,0,-3.1501,2.0225,0.32,1.2052,7657.34
3227,-4.8983,50,0,-3.1571,2.0273,0.32,1.2204,7658.56
3228,-5.2523,50,0,-3.1801,2.0379,0.31,1.2216,7659.78
3229,-4.9824,50,0,-3.1879,2.0432,0.31,1.2461,7661.03
3230,-4.5698,50,0,-3.2331,2.0232,0.3,1.2264,7662.26
3231,-4.7491,50,0,-3.2352,2.0246,0.3,1.2512,7663.51
3232,-0.016,1,1,-3.2282,2.0345,0.3,0.0246,7663.53
3233,-4.283,50,0,-3.2211,2.0296,0.3,1.2619,7664.79
3234,-2.9822,50,0,-3.2005,2.0215,0.3,1.2557,7666.05
3235,-3.971,50,0,-3.178,2.0,0.3,1.2412,7667.29
3236,-0.0399,1,1,-3.1782,1.9997,0.3,0.024,7667.31
3237,-6.0792,50,0,-3.1925,2.0153,0.3,1.245,7668.56
3238,-2.4385,27,1,-3.2164,1.9918,0.3,0.6493,7669.21
3239,-3.0186,50,0,-3.2395,1.976,0.29,1.2717,7670.48
3240,-0.0421,1,1,-3.2035,2.0009,0.3,0.0277,7670.51
3241,-3.028,50,0,-3.205,2.0008,0.3,1.2787,7671.79
3242,-6.6876,50,0,-3.2279,2.0272,0.3,1.2392,7673.03
3243,-3.5338,50,0,-3.2531,2.0151,0.29,1.2438,7674.27
3244,-6.476,50,0,-3.3079,2.0275,0.28,1.2412,7675.51
3245,-3.5163,50,0,-3.2934,2.0208,0.28,1.322,7676.83
3246,-0.0106,1,1,-3.2934,2.0208,0.28,0.0245,7676.86
3247,-4.1941,50,0,-3.2959,2.0218,0.28,1.2302,7678.09
3248,-3.345,50,0,-3.2766,2.012,0.28,1.27,7679.36
3249,-4.629,50,0,-3.3226,1.9898,0.27,1.2979,7680.66
3250,-4.3238,50,0,-3.3376,1.9916,0.27,1.2967,7681.95
3251,-3.6154,34,1,-3.3327,1.9903,0.28,0.8427,7682.8
3252,-0.048,1,1,-3.2803,2.0071,0.29,0.03,7682.83
3253,-6.5447,50,0,-3.2953,2.0257,0.29,1.2259,7684.05
3254,-4.8971,50,0,-3.2879,2.0185,0.29,1.241,7685.29
3255,-0.0494,1,1,-3.2495,2.0431,0.3,0.0262,7685.32
3256,-0.0127,1,1,-3.2428,2.0525,0.3,0.0269,7685.35
3257,-0.0191,1,1,-3.1935,2.07,0.31,0.031,7685.38
3258,-6.0663,50,0,-3.2104,2.0865,0.31,1.2655,7686.64
3259,-3.5481,50,0,-3.2457,2.062,0.3,1.2189,7687.86
3260,-4.3707,50,0,-3.2792,2.0527,0.29,1.225,7689.09
3261,-4.356,50,0,-3.3226,2.029,0.28,1.2668,7690.35
3262,-5.2612,50,0,-3.3184,2.0245,0.28,1.2424,7691.59
3263,-5.7331,50,0,-3.3357,2.0376,0.28,1.2544,7692.85
3264,-3.1336,50,0,-3.3667,2.0104,0.27,1.2974,7694.15
3265,-2.2123,26,1,-3.3653,2.0111,0.27,0.6689,7694.82
3266,-2.5498,50,0,-3.3416,2.0066,0.27,1.2636,7696.08
3267,-2.6641,50,0,-3.3681,1.9798,0.26,1.299,7697.38
3268,-0.0396,1,1,-3.3378,2.0071,0.27,0.0262,7697.4
3269,-5.0815,50,0,-3.3504,2.0141,0.27,1.289,7698.69
3270,-0.017,1,1,-3.3164,2.0412,0.28,0.0259,7698.72
3271,-2.7973,50,0,-3.3167,2.0411,0.28,1.2758,7699.99
3272,-4.7672,50,0,-3.3328,2.0461,0.28,1.2457,7701.24
3273,-4.4579,50,0,-3.3207,2.0359,0.28,1.2944,7702.53
3274,-0.0322,1,1,-3.2738,2.0569,0.29,0.0251,7702.56
3275,-4.8009,50,0,-3.3216,2.0362,0.28,1.2304,7703.79
3276,-0.0149,1,1,-3.3093,2.0523,0.28,0.022,7703.81
3277,-4.5752,50,0,-3.355,2.0289,0.27,1.2929,7705.11
3278,-3.5178,50,0,-3.3898,2.0015,0.26,1.2742,7706.38
3279,-3.1809,50,0,-3.3757,1.998,0.26,1.2871,7707.67
3280,-4.215,50,0,-3.339,1.9478,0.26,1.2809,7708.95
3281,-0.0118,1,1,-3.2836,1.9629,0.27,0.031,7708.98
3282,-3.5171,50,0,-3.2899,1.9626,0.27,1.3501,7710.33
3283,-3.768,50,0,-3.308,1.9586,0.26,1.2471,7711.58
3284,-6.6062,50,0,-3.3341,1.9848,0.26,1.2569,7712.83
3285,-0.021,1,1,-3.3015,2.012,0.27,0.0316,7712.86
3286,-4.941,50,0,-3.3226,2.018,0.27,1.4447,7714.31
3287,-4.8091,50,0,-3.3591,2.0115,0.26,1.2763,7715.59
3288,-5.4324,50,0,-3.3828,2.0218,0.26,1.2627,7716.85
3289,-5.464,50,0,-3.3764,2.0142,0.26,1.2702,7718.12
3290,-4.5656,50,0,-3.3886,2.0176,0.26,1.2528,7719.37
3291,-4.8698,50,0,-3.4004,2.0228,0.26,1.2539,7720.62
3292,-5.135,50,0,-3.4142,2.0299,0.26,1.2565,7721.88
3293,-5.92,50,0,-3.4334,2.0444,0.26,1.2519,7723.13
3294,-3.3157,50,0,-3.4187,2.0399,0.26,1.2567,7724.39
3295,-4.3825,50,0,-3.4219,2.0411,0.26,1.2781,7725.67
3296,-5.9668,50,0,-3.4812,2.0281,0.25,1.2415,7726.91
3297,-4.8985,50,0,-3.4874,2.0315,0.25,1.253,7728.16
3298,-4.0631,50,0,-3.4689,2.0177,0.25,1.2606,7729.42
3299,-4.5347,50,0,-3.514,1.9904,0.24,1.3273,7730.75
3300,-5.2962,50,0,-3.5665,1.9672,0.23,1.2821,7732.03
3301,-6.7582,50,0,-3.6055,1.9913,0.23,1.2312,7733.26
3302,-4.2469,50,0,-3.6226,1.9894,0.23,1.2306,7734.49
3303,-0.0187,1,1,-3.5715,2.0155,0.24,0.0251,7734.52
3304,-6.0912,50,0,-3.5938,2.0309,0.24,1.2094,7735.73
3305,-5.0772,50,0,-3.6087,2.0362,0.24,1.2208,7736.95
3306,-0.0375,1,1,-3.5667,2.0659,0.25,0.0233,7736.97
3307,-0.0482,1,1,-3.5222,2.0931,0.26,0.0225,7737.0
3308,-0.033,1,1,-3.4812,2.1207,0.27,0.0227,7737.02
3309,-3.7644,50,0,-3.4741,2.1186,0.27,1.2845,7738.3
3310,-6.1895,50,0,-3.511,2.1334,0.27,1.2682,7739.57
3311,-2.8552,50,0,-3.4701,2.1062,0.27,1.2614,7740.83
3312,-0.0386,1,1,-3.4205,2.1279,0.28,0.0272,7740.86
3313,-2.8031,50,0,-3.4231,2.127,0.28,1.2603,7742.12
3314,-5.1149,50,0,-3.4299,2.1313,0.28,1.3237,7743.44
3315,-5.9953,50,0,-3.4896,2.1186,0.27,1.2369,7744.68
3316,-0.0302,1,1,-3.4753,2.1369,0.27,0.0292,7744.71
3317,-4.6957,50,0,-3.4562,2.1172,0.27,1.2758,7745.99
3318,-3.2451,50,0,-3.4533,2.1173,0.27,1.2593,7747.24
3319,-5.5278,50,0,-3.5085,2.0987,0.26,1.2289,7748.47
3320,-4.3807,50,0,-3.506,2.0975,0.26,1.2318,7749.71
3321,-4.5856,50,0,-3.5106,2.0993,0.26,1.2076,7750.91
3322,-2.9446,50,0,-3.5046,2.1001,0.25,1.2484,7752.16
3323,-0.0235,1,1,-3.4494,2.1182,0.26,0.0252,7752.19
3324,-6.2851,50,0,-3.5119,2.1088,0.25,1.2423,7753.43
3325,-2.6461,50,0,-3.5378,2.0818,0.24,1.2523,7754.68
3326,-3.2198,50,0,-3.5382,2.0818,0.24,1.2472,7755.93
3327,-0.044,1,1,-3.4897,2.1059,0.25,0.0232,7755.95
3328,-6.3982,50,0,-3.5011,2.1186,0.25,1.2439,7757.2
3329,-6.0792,50,0,-3.5121,2.129,0.25,1.2795,7758.47
3330,-6.5445,50,0,-3.5318,2.1478,0.25,1.2567,7759.73
3331,-5.3842,50,0,-3.5382,2.1524,0.25,1.2118,7760.94
3332,-4.0546,50,0,-3.5786,2.1236,0.24,1.2446,7762.19
3333,-5.3036,50,0,-3.5888,2.1294,0.24,1.2402,7763.43
3334,-5.54,50,0,-3.6144,2.1373,0.24,1.2665,7764.69
3335,-3.9912,50,0,-3.6146,2.1373,0.24,1.2647,7765.96
3336,-4.2451,50,0,-3.6566,2.1078,0.23,1.2068,7767.17
3337,-6.3794,50,0,-3.6596,2.1114,0.23,1.2476,7768.41
3338,-4.5209,50,0,-3.6804,2.1095,0.22,1.2753,7769.69
3339,-3.624,50,0,-3.6865,2.1085,0.22,1.2504,7770.94
3340,-0.041,1,1,-3.6865,2.1085,0.22,0.022,7770.96
3341,-4.6102,50,0,-3.7023,2.1094,0.22,1.2385,7772.2
3342,-2.5211,26,1,-3.6606,2.0911,0.23,0.682,7772.88
3343,-5.5152,50,0,-3.6804,2.0992,0.23,1.2416,7774.12
3344,-0.0399,1,1,-3.6161,2.1111,0.24,0.0218,7774.15
3345,-6.7522,50,0,-3.6484,2.134,0.24,1.2343,7775.38
3346,-0.0295,1,1,-3.6486,2.1337,0.24,0.0233,7775.4
3347,-5.1661,50,0,-3.6584,2.1384,0.24,1.245,7776.65
3348,-4.4517,50,0,-3.6694,2.1396,0.24,1.2441,7777.89
3349,-4.743,50,0,-3.6706,2.1401,0.24,1.2346,7779.13
3350,-4.388,50,0,-3.6712,2.1404,0.24,1.2932,7780.42
3351,-4.2547,50,0,-3.6776,2.1411,0.23,1.2717,7781.69
3352,-0.0356,1,1,-3.6775,2.1413,0.23,0.0257,7781.72
3353,-0.0368,1,1,-3.6124,2.1521,0.24,0.0262,7781.74
3354,-2.516,50,0,-3.5886,2.1509,0.24,1.2586,7783.0
3355,-4.9156,50,0,-3.6372,2.1252,0.23,1.2279,7784.23
3356,-4.0237,50,0,-3.6774,2.094,0.22,1.2638,7785.49
3357,-3.9174,50,0,-3.7163,2.0616,0.21,1.2527,7786.75
3358,-5.765,50,0,-3.7133,2.0584,0.21,1.243,7787.99
3359,-4.1638,50,0,-3.7195,2.0588,0.21,1.2342,7789.22
3360,-3.7452,50,0,-3.7132,2.0577,0.21,1.2667,7790.49
3361,-0.0057,1,1,-3.6697,2.0894,0.22,0.0309,7790.52
3362,-4.6219,50,0,-3.6633,2.0855,0.22,1.2464,7791.77
3363,-3.7715,50,0,-3.6437,2.0752,0.22,1.2294,7793.0
3364,-0.0195,1,1,-3.6126,2.1057,0.23,0.0234,7793.02
3365,-5.1549,50,0,-3.642,2.1065,0.22,1.2544,7794.27
3366,-4.7933,50,0,-3.6644,2.1067,0.22,1.2229,7795.5
3367,-0.0488,1,1,-3.6383,2.135,0.23,0.0245,7795.52
3368,-1.2983,16,1,-3.6509,2.1174,0.23,0.3742,7795.9
3369,-4.0401,50,0,-3.6405,2.1129,0.23,1.2272,7797.12
3370,-4.2188,50,0,-3.6825,2.082,0.22,1.2082,7798.33
3371,-4.1701,50,0,-3.6962,2.0806,0.22,1.2427,7799.57
3372,-4.1941,50,0,-3.6905,2.0784,0.22,1.229,7800.8
3373,-0.8599,14,1,-3.6545,2.0959,0.23,0.3519,7801.16
3374,-5.4083,50,0,-3.7083,2.0711,0.22,1.2194,7802.37
3375,-3.4371,50,0,-3.6946,2.0684,0.22,1.2344,7803.61
3376,-3.5369,50,0,-3.7298,2.0351,0.21,1.2043,7804.81
3377,-3.7121,50,0,-3.7212,2.0334,0.21,1.2558,7806.07
3378,-5.4252,50,0,-3.7403,2.0403,0.21,1.2239,7807.29
3379,-0.0295,1,1,-3.7088,2.0728,0.22,0.0255,7807.32
3380,-5.2549,50,0,-3.7192,2.0779,0.22,1.2446,7808.56
3381,-6.4622,50,0,-3.7837,2.0619,0.21,1.2771,7809.84
3382,-3.6431,50,0,-3.7849,2.0617,0.21,1.2162,7811.06
3383,-4.6888,50,0,-3.7941,2.0637,0.21,1.1987,7812.26
3384,-4.6889,50,0,-3.775,2.0463,0.21,1.257,7813.51
3385,-3.2322,50,0,-3.8071,2.0121,0.2,1.2008,7814.71
3386,-3.8663,50,0,-3.7963,2.0088,0.2,1.2426,7815.96
3387,-4.8529,50,0,-3.7968,2.0091,0.2,1.2663,7817.22
3388,-3.3343,50,0,-3.7758,2.0028,0.2,1.213,7818.44
3389,-0.0398,1,1,-3.7215,2.0296,0.21,0.0287,7818.46
3390,-4.3476,50,0,-3.7194,2.0288,0.21,1.3112,7819.78
3391,-0.0435,1,1,-3.6711,2.0581,0.22,0.0228,7819.8
3392,-1.805,20,1,-3.6378,2.0611,0.23,0.5,7820.3
3393,-4.2776,50,0,-3.6214,2.0493,0.23,1.2889,7821.59
3394,-4.5308,50,0,-3.6335,2.0511,0.23,1.2312,7822.82
3395,-3.9683,50,0,-3.6294,2.05,0.23,1.2284,7824.05
3396,-5.5913,50,0,-3.6256,2.046,0.23,1.2596,7825.31
3397,-4.2784,50,0,-3.6194,2.0431,0.23,1.2244,7826.53
3398,-0.0488,1,1,-3.5793,2.0732,0.24,0.026,7826.56
3399,-2.995,50,0,-3.5639,2.0718,0.24,1.2486,7827.8
3400,-0.0359,1,1,-3.5113,2.0938,0.25,0.0225,7827.83
3401,-0.0486,1,1,-3.4442,2.0962,0.26,0.031,7827.86
3402,-5.2474,50,0,-3.4542,2.1024,0.26,1.2179,7829.08
3403,-6.4212,50,0,-3.5182,2.0942,0.25,1.2453,7830.32
3404,-4.6362,50,0,-3.5037,2.0813,0.25,1.3127,7831.63
3405,-4.7054,50,0,-3.4999,2.0788,0.25,1.2824,7832.92
3406,-4.3498,50,0,-3.5431,2.0511,0.24,1.2245,7834.14
3407,-5.3158,50,0,-3.5957,2.0282,0.23,1.2401,7835.38
3408,-5.6984,50,0,-3.6524,2.0069,0.22,1.2473,7836.63
3409,-0.0319,1,1,-3.6151,2.0389,0.23,0.0281,7836.66
3410,-3.2009,50,0,-3.5852,2.0228,0.23,1.2159,7837.87
3411,-5.2917,50,0,-3.6096,2.0285,0.23,1.219,7839.09
3412,-3.993,50,0,-3.6491,1.9968,0.22,1.2466,7840.34
3413,-0.0409,1,1,-3.6215,2.0272,0.23,0.0296,7840.37
3414,-3.8702,50,0,-3.609,2.0218,0.23,1.2572,7841.62
3415,-3.932,50,0,-3.5884,2.0078,0.23,1.2388,7842.86
3416,-1.0517,14,1,-3.5986,1.9923,0.23,0.349,7843.21
3417,-4.2265,50,0,-3.5939,1.9902,0.23,1.2377,7844.45
3418,-0.0226,1,1,-3.5617,2.0214,0.24,0.0244,7844.47
3419,-7.799,50,0,-3.5844,2.0559,0.24,1.2946,7845.77
3420,-3.4783,50,0,-3.5754,2.0543,0.24,1.2336,7847.0
3421,-2.8436,50,0,-3.558,2.0531,0.24,1.2031,7848.21
3422,-0.838,10,1,-3.5369,2.07,0.25,0.26,7848.47
3423,-3.3952,50,0,-3.5706,2.0397,0.24,1.2196,7849.69
3424,-4.5996,50,0,-3.5538,2.0241,0.24,1.2608,7850.95
3425,-4.1403,50,0,-3.5687,2.0229,0.24,1.2434,7852.19
3426,-5.3157,50,0,-3.5897,2.03,0.24,1.236,7853.43
3427,-4.3405,50,0,-3.6326,1.9998,0.23,1.2371,7854.66
3428,-5.3881,50,0,-3.6225,1.9883,0.23,1.239,7855.9
3429,-0.0367,1,1,-3.5621,2.0045,0.24,0.0261,7855.93
3430,-4.9394,50,0,-3.5461,1.9869,0.24,1.2209,7857.15
3431,-4.9569,50,0,-3.5418,1.9834,0.24,1.2346,7858.38
3432,-5.0201,50,0,-3.5514,1.9882,0.24,1.2541,7859.64
3433,-2.7067,35,1,-3.5255,1.9821,0.25,0.8797,7860.52
3434,-0.0487,1,1,-3.4706,2.0015,0.26,0.0238,7860.54
3435,-2.7354,50,0,-3.458,2.0021,0.26,1.2342,7861.78
3436,-0.0383,1,1,-3.4159,2.0291,0.27,0.0254,7861.8
3437,-0.6478,10,1,-3.3586,2.0256,0.28,0.2583,7862.06
3438,-5.1425,50,0,-3.3648,2.0301,0.28,1.21,7863.27
3439,-3.383,50,0,-3.3624,2.0299,0.28,1.2155,7864.48
3440,-0.0154,1,1,-3.3622,2.0303,0.28,0.0294,7864.51
3441,-7.49,50,0,-3.391,2.0679,0.28,1.249,7865.76
3442,-6.3146,50,0,-3.4289,2.0863,0.27,1.2688,7867.03
3443,-5.9461,50,0,-3.4332,2.0911,0.27,1.2091,7868.24
3444,-4.8807,50,0,-3.4816,2.0679,0.26,1.2346,7869.48
3445,-0.0444,1,1,-3.4145,2.0695,0.27,0.028,7869.5
3446,-6.1011,50,0,-3.4752,2.0583,0.26,1.247,7870.75
3447,-0.0318,1,1,-3.4239,2.0794,0.27,0.0249,7870.78
3448,-1.6058,26,1,-3.3954,2.0846,0.28,0.6468,7871.42
3449,-0.0174,1,1,-3.3482,2.107,0.29,0.0284,7871.45
3450,-1.1691,16,1,-3.316,2.1154,0.3,0.3855,7871.84
3451,-0.4842,8,1,-3.2783,2.1319,0.31,0.1967,7872.03
3452,-4.8905,50,0,-3.3268,2.1127,0.3,1.2329,7873.27
3453,-4.7453,50,0,-3.3739,2.0912,0.29,1.2545,7874.52
3454,-0.7665,8,1,-3.3564,2.1056,0.3,0.2051,7874.73
3455,-3.882,50,0,-3.3461,2.1004,0.3,2.0957,7876.82
3456,-0.8023,9,1,-3.3139,2.1144,0.31,0.2155,7877.04
3457,-7.4817,50,0,-3.3495,2.154,0.31,1.2419,7878.28
3458,-1.0801,13,1,-3.3027,2.1519,0.32,0.3174,7878.6
3459,-0.0223,1,1,-3.2613,2.1746,0.33,0.0247,7878.62
3460,-4.7054,50,0,-3.2709,2.1789,0.33,1.2179,7879.84
3461,-1.1413,14,1,-3.2822,2.1647,0.33,0.3469,7880.19
3462,-4.6105,50,0,-3.2821,2.1647,0.33,1.292,7881.48
3463,-4.7301,50,0,-3.2917,2.1689,0.33,1.2371,7882.71
3464,-2.526,50,0,-3.3168,2.1453,0.32,1.2472,7883.96
3465,-6.8987,50,0,-3.3342,2.1672,0.32,1.2554,7885.22
3466,-0.4585,9,1,-3.2908,2.1809,0.33,0.2323,7885.45
3467,-5.477,50,0,-3.3451,2.167,0.32,1.2584,7886.71
3468,-6.2214,50,0,-3.3944,2.1759,0.31,1.5008,7888.21
3469,-3.12,50,0,-3.3852,2.175,0.31,1.5207,7889.73
3470,-3.1451,50,0,-3.3744,2.1736,0.31,1.4909,7891.22
3471,-3.6804,50,0,-3.3695,2.1723,0.31,1.4737,7892.69
3472,-5.9217,50,0,-3.3868,2.1856,0.31,1.3869,7894.08
3473,-4.5897,50,0,-3.4241,2.174,0.3,1.6531,7895.73
3474,-5.4508,50,0,-3.4245,2.1744,0.3,1.3373,7897.07
3475,-4.9231,50,0,-3.4394,2.1795,0.3,1.5954,7898.67
3476,-0.6748,11,1,-3.4108,2.1967,0.31,0.3536,7899.02
3477,-0.0182,1,1,-3.3738,2.2223,0.32,0.038,7899.06
3478,-0.6154,10,1,-3.3257,2.2294,0.33,0.3275,7899.39
3479,-0.0335,1,1,-3.3258,2.2293,0.33,0.0327,7899.42
3480,-0.9053,12,1,-3.2823,2.2337,0.34,0.3746,7899.79
3481,-0.6222,11,1,-3.2239,2.2261,0.35,0.3618,7900.15
3482,-3.7349,50,0,-3.2248,2.2263,0.35,1.556,7901.71
3483,-0.5034,8,1,-3.1829,2.2377,0.36,0.2407,7901.95
3484,-0.8555,16,1,-3.1446,2.2444,0.37,0.5657,7902.52
3485,-4.1315,50,0,-3.1536,2.2465,0.37,1.762,7904.28
3486,-4.4921,50,0,-3.1599,2.2494,0.37,1.5571,7905.84
3487,-3.689,50,0,-3.1482,2.2436,0.37,1.6547,7907.49
3488,-2.9581,50,0,-3.1445,2.2436,0.37,1.4276,7908.92
3489,-5.2141,50,0,-3.1962,2.231,0.36,1.3042,7910.22
3490,-5.6992,50,0,-3.2097,2.242,0.36,1.3082,7911.53
3491,-0.8164,10,1,-3.2174,2.2324,0.36,0.252,7911.78
3492,-5.9964,50,0,-3.2594,2.2448,0.35,1.3649,7913.15
3493,-0.7776,11,1,-3.2244,2.2559,0.36,0.3055,7913.45
3494,-0.0407,1,1,-3.1795,2.2741,0.37,0.0304,7913.48
3495,-4.6859,50,0,-3.1866,2.2777,0.37,1.2277,7914.71
3496,-0.0467,1,1,-3.1312,2.286,0.38,0.0223,7914.73
3497,-5.4995,50,0,-3.1434,2.2953,0.38,1.2719,7916.01
3498,-3.0666,50,0,-3.1736,2.2741,0.37,1.5018,7917.51
3499,-4.7864,50,0,-3.1915,2.2797,0.37,1.2711,7918.78
3500,-3.7831,50,0,-3.229,2.2582,0.36,1.249,7920.03
3501,-0.0127,1,1,-3.2286,2.2587,0.36,0.0312,7920.06
3502,-0.0269,1,1,-3.1764,2.2718,0.37,0.0224,7920.08
3503,-4.7897,50,0,-3.1601,2.2542,0.37,1.2639,7921.34
3504,-0.0388,1,1,-3.1141,2.2705,0.38,0.0276,7921.37
3505,-5.8467,50,0,-3.1255,2.2813,0.38,1.2821,7922.65
3506,-0.5733,8,1,-3.0878,2.2919,0.39,0.1969,7922.85
3507,-4.3453,50,0,-3.078,2.2845,0.39,1.2427,7924.09
3508,-4.2933,50,0,-3.064,2.2726,0.39,1.2499,7925.34
3509,-4.8159,50,0,-3.1118,2.2586,0.38,1.2436,7926.59
3510,-0.0271,1,1,-3.0801,2.2793,0.39,0.0231,7926.61
3511,-6.3852,50,0,-3.091,2.2925,0.39,1.2757,7927.89
3512,-4.9259,50,0,-3.1004,2.2981,0.39,1.2869,7929.17
3513,-9.0964,50,0,-3.1909,2.3535,0.38,1.2465,7930.42
3514,-4.2311,50,0,-3.1945,2.3548,0.38,1.2484,7931.67
3515,-5.4376,50,0,-3.2096,2.3642,0.38,1.2515,7932.92
3516,-4.0123,50,0,-3.2392,2.3556,0.37,1.2732,7934.19
3517,-5.1359,50,0,-3.2483,2.3611,0.37,1.2384,7935.43
3518,-0.0348,1,1,-3.2484,2.3609,0.37,0.0271,7935.46
3519,-4.3266,50,0,-3.2137,2.3189,0.37,1.2386,7936.7
3520,-5.7323,50,0,-3.2362,2.3323,0.37,1.2121,7937.91
3521,-2.704,50,0,-3.2348,2.3326,0.37,1.2175,7939.13
3522,-5.8438,50,0,-3.2849,2.3343,0.36,1.2116,7940.34
3523,-5.7071,50,0,-3.308,2.3467,0.36,1.2904,7941.63
3524,-0.0413,1,1,-3.2624,2.3654,0.37,0.026,7941.65
3525,-4.7084,50,0,-3.2681,2.3681,0.37,1.269,7942.92
3526,-4.4287,50,0,-3.2592,2.3621,0.37,1.2593,7944.18
3527,-3.2897,50,0,-3.2487,2.3596,0.37,1.2624,7945.44
3528,-0.0329,1,1,-3.1952,2.3712,0.38,0.0227,7945.47
3529,-4.8809,50,0,-3.2436,2.3556,0.37,1.253,7946.72
3530,-4.5656,50,0,-3.2399,2.3532,0.37,1.2288,7947.95
3531,-0.4151,8,1,-3.1945,2.3634,0.38,0.1951,7948.14
3532,-4.2898,50,0,-3.1872,2.3589,0.38,1.2377,7949.38
3533,-0.014,1,1,-3.1602,2.3795,0.38,0.0243,7949.41
3534,-3.8643,50,0,-3.1984,2.3598,0.37,1.3947,7950.8
3535,-3.6353,50,0,-3.2074,2.3598,0.37,1.2515,7952.05
3536,-5.9679,50,0,-3.2667,2.3539,0.36,1.2185,7953.27
3537,-4.5187,50,0,-3.3054,2.3423,0.35,1.2589,7954.53
3538,-5.3902,50,0,-3.3079,2.3444,0.35,1.2879,7955.82
3539,-2.6846,50,0,-3.3009,2.3452,0.35,1.2919,7957.11
3540,-2.8793,50,0,-3.3295,2.3222,0.34,1.2617,7958.37
3541,-1.9799,22,1,-3.2744,2.288,0.35,0.5337,7958.91
3542,-0.0449,1,1,-3.2117,2.2897,0.36,0.0269,7958.93
3543,-0.0357,1,1,-3.1526,2.2946,0.37,0.0226,7958.95
3544,-4.0517,50,0,-3.1443,2.2899,0.37,1.2605,7960.22
3545,-3.9247,50,0,-3.1831,2.2698,0.36,1.3067,7961.52
3546,-5.1025,50,0,-3.1731,2.2591,0.36,1.2962,7962.82
3547,-5.296,50,0,-3.2258,2.2466,0.35,1.2933,7964.11
3548,-5.1948,50,0,-3.2617,2.2491,0.34,1.2644,7965.38
3549,-0.049,1,1,-3.262,2.2487,0.34,0.0296,7965.41
3550,-4.6886,50,0,-3.2972,2.2432,0.33,1.3229,7966.73
3551,-4.6393,50,0,-3.3387,2.2291,0.32,1.334,7968.06
3552,-5.1111,50,0,-3.3409,2.2308,0.32,1.3409,7969.4
3553,-0.0386,1,1,-3.2939,2.2502,0.33,0.0303,7969.43
3554,-0.0426,1,1,-3.2866,2.2595,0.33,0.0275,7969.46
3555,-4.1813,50,0,-3.2896,2.2604,0.33,1.3108,7970.77
3556,-4.4323,50,0,-3.3259,2.2493,0.32,1.2443,7972.02
3557,-4.6947,50,0,-3.2981,2.2147,0.32,1.2755,7973.29
3558,-0.0279,1,1,-3.2875,2.2276,0.32,0.0259,7973.32
3559,-4.6422,50,0,-3.3337,2.2073,0.31,1.3386,7974.66
3560,-4.7335,50,0,-3.334,2.2074,0.31,1.2472,7975.9
3561,-2.5625,50,0,-3.3482,2.1978,0.3,1.24,7977.14
3562,-6.54,50,0,-3.3675,2.2172,0.3,1.2446,7978.39
3563,-4.4687,50,0,-3.3649,2.2157,0.3,1.2498,7979.64
3564,-0.0352,1,1,-3.34,2.2389,0.31,0.0258,7979.66
3565,-0.0478,1,1,-3.2715,2.2338,0.32,0.026,7979.69
3566,-4.1855,50,0,-3.3088,2.2176,0.31,1.2775,7980.97
3567,-5.5437,50,0,-3.3094,2.2182,0.31,1.2809,7982.25
3568,-5.1739,50,0,-3.299,2.2069,0.31,1.2721,7983.52
3569,-4.7515,50,0,-3.3153,2.2115,0.31,1.2464,7984.77
3570,-4.9681,50,0,-3.3335,2.2176,0.31,1.2818,7986.05
3571,-0.0366,1,1,-3.2971,2.2414,0.32,0.0231,7986.07
3572,-2.7628,50,0,-3.2655,2.2264,0.32,1.2514,7987.32
3573,-0.8175,11,1,-3.2278,2.2356,0.33,0.2817,7987.6
3574,-0.0266,1,1,-3.1735,2.2467,0.34,0.0222,7987.63
3575,-0.0334,1,1,-3.1246,2.2613,0.35,0.0219,7987.65
3576,-4.0498,50,0,-3.1584,2.2496,0.34,1.2945,7988.94
3577,-2.7595,33,1,-3.1858,2.2278,0.34,0.816,7989.76
3578,-0.0466,1,1,-3.1801,2.2351,0.34,0.0255,7989.78
3579,-0.0124,1,1,-3.1799,2.2354,0.34,0.0251,7989.81
3580,-8.368,50,0,-3.2545,2.2823,0.33,1.2764,7991.09
3581,-5.9677,50,0,-3.308,2.2826,0.32,1.3681,7992.45
3582,-4.5626,50,0,-3.3162,2.2856,0.32,1.31,7993.76
3583,-0.0425,1,1,-3.3116,2.2917,0.32,0.0236,7993.79
3584,-0.0119,1,1,-3.3032,2.3023,0.32,0.0235,7993.81
3585,-6.0201,50,0,-3.3221,2.3167,0.32,1.2238,7995.04
3586,-2.7601,50,0,-3.3048,2.3144,0.32,1.2968,7996.33
3587,-6.1352,50,0,-3.3292,2.3312,0.32,1.2502,7997.58
3588,-5.6922,50,0,-3.3566,2.3427,0.32,1.2911,7998.87
3589,-0.0471,1,1,-3.3049,2.3581,0.33,0.0307,7998.9
3590,-4.2365,50,0,-3.2903,2.3477,0.33,1.2777,8000.18
3591,-0.0371,1,1,-3.2825,2.3571,0.33,0.0269,8000.21
3592,-0.0162,1,1,-3.2227,2.3634,0.34,0.0229,8000.23
3593,-2.5583,50,0,-3.2405,2.3516,0.33,1.2862,8001.52
3594,-0.0109,1,1,-3.2402,2.352,0.33,0.0268,8001.54
3595,-7.0661,50,0,-3.264,2.3784,0.33,1.2543,8002.8
3596,-3.7669,50,0,-3.3012,2.3568,0.32,1.2789,8004.08
3597,-0.0241,1,1,-3.2464,2.3686,0.33,0.0266,8004.1
3598,-3.3136,50,0,-3.2489,2.3686,0.33,1.2732,8005.38
3599,-0.0339,1,1,-3.2014,2.3849,0.34,0.0258,8005.4
3600,-4.0468,50,0,-3.204,2.3857,0.34,1.2324,8006.64
3601,-4.3089,50,0,-3.247,2.3664,0.33,1.2746,8007.91
3602,-0.0358,1,1,-3.2471,2.3663,0.33,0.0225,8007.93
3603,-0.0319,1,1,-3.1995,2.3826,0.34,0.0239,8007.96
3604,-0.0214,1,1,-3.1993,2.3828,0.34,0.0283,8007.98
3605,-5.4653,50,0,-3.1955,2.3789,0.34,1.3081,8009.29
3606,-3.4444,50,0,-3.2242,2.3643,0.33,1.3292,8010.62
3607,-0.0316,1,1,-3.1811,2.3828,0.34,0.0284,8010.65
3608,-3.0534,50,0,-3.1687,2.3802,0.34,1.418,8012.07
3609,-4.8939,50,0,-3.1694,2.3807,0.34,1.637,8013.71
3610,-4.187,50,0,-3.211,2.3617,0.33,1.5957,8015.3
3611,-4.4888,50,0,-3.1921,2.3437,0.33,1.6151,8016.92
3612,-3.4726,50,0,-3.1775,2.3374,0.33,1.6553,8018.57
3613,-3.8348,50,0,-3.1249,2.2615,0.33,1.6754,8020.25
3614,-3.9753,50,0,-3.1224,2.2604,0.33,1.4627,8021.71
3615,-3.2425,50,0,-3.1004,2.2485,0.33,1.3839,8023.09
3616,-4.1651,50,0,-3.102,2.2491,0.33,1.6007,8024.69
3617,-4.7524,50,0,-3.0981,2.246,0.33,1.5233,8026.22
3618,-4.5693,50,0,-3.1435,2.2294,0.32,1.4178,8027.64
3619,-3.1218,50,0,-3.1314,2.2262,0.32,1.4204,8029.06
3620,-2.9977,50,0,-3.1041,2.2109,0.32,1.2871,8030.34
3621,-2.7375,48,1,-3.1044,2.2108,0.33,1.1865,8031.53
3622,-0.032,1,1,-3.0463,2.2144,0.34,0.0223,8031.55
3623,-4.8946,50,0,-3.0382,2.2061,0.34,1.2928,8032.84
3624,-3.6447,50,0,-3.0742,2.1862,0.33,1.2416,8034.09
3625,-3.966,50,0,-3.0668,2.1819,0.33,1.4033,8035.49
3626,-0.0496,1,1,-3.023,2.198,0.34,0.0303,8035.52
3627,-3.6253,50,0,-3.0263,2.1987,0.34,1.3925,8036.91
3628,-3.8288,50,0,-3.0643,2.1794,0.33,1.3053,8038.22
3629,-6.1548,50,0,-3.077,2.1936,0.33,1.3437,8039.56
3630,-6.5578,50,0,-3.097,2.216,0.33,1.2618,8040.82
3631,-0.0368,1,1,-3.0932,2.2209,0.33,0.0277,8040.85
3632,-6.001,50,0,-3.1103,2.2366,0.33,1.2684,8042.12
3633,-4.9308,50,0,-3.1595,2.2219,0.32,1.2759,8043.4
3634,-0.0235,1,1,-3.121,2.2425,0.33,0.0284,8043.42
3635,-0.0396,1,1,-3.0851,2.2627,0.34,0.0264,8043.45
3636,-5.5707,50,0,-3.0811,2.258,0.34,1.2761,8044.73
3637,-2.9475,50,0,-3.0654,2.2534,0.34,1.3374,8046.06
3638,-3.2486,50,0,-3.044,2.2414,0.34,1.3051,8047.37
3639,-4.4967,50,0,-3.0621,2.2457,0.34,1.2869,8048.66
3640,-3.5071,50,0,-3.0684,2.2461,0.34,1.3129,8049.97
3641,-4.9261,50,0,-3.0978,2.2509,0.33,1.2801,8051.25
3642,-6.4995,50,0,-3.1624,2.255,0.32,1.2677,8052.52
3643,-0.703,12,1,-3.1691,2.2467,0.32,0.3051,8052.82
3644,-1.7675,32,1,-3.1462,2.2492,0.33,0.8358,8053.66
3645,-4.8757,50,0,-3.1557,2.2545,0.33,1.3161,8054.97
3646,-5.4033,50,0,-3.1587,2.2573,0.33,1.3488,8056.32
3647,-0.0318,1,1,-3.1061,2.2682,0.34,0.0232,8056.35
3648,-5.2728,50,0,-3.1069,2.2689,0.34,1.3224,8057.67
3649,-4.4798,50,0,-3.1512,2.252,0.33,1.2942,8058.96
3650,-3.7498,50,0,-3.1418,2.2475,0.33,1.2838,8060.25
3651,-4.4713,50,0,-3.1401,2.2464,0.33,1.3244,8061.57
3652,-0.9639,11,1,-3.0986,2.2479,0.34,0.2747,8061.84
3653,-5.1209,50,0,-3.1495,2.2356,0.33,1.4064,8063.25
3654,-4.6432,50,0,-3.1955,2.2185,0.32,1.5625,8064.81
3655,-5.4009,50,0,-3.2077,2.2272,0.32,1.4993,8066.31
3656,-6.2084,50,0,-3.2254,2.2439,0.32,1.6803,8067.99
3657,-4.8847,50,0,-3.2273,2.2452,0.32,1.5308,8069.52
3658,-4.9127,50,0,-3.2762,2.2282,0.31,1.5895,8071.11
3659,-3.4604,50,0,-3.2644,2.224,0.31,1.6048,8072.72
3660,-6.9082,50,0,-3.2861,2.2488,0.31,1.5908,8074.31
3661,-5.0633,50,0,-3.3111,2.2545,0.31,1.4758,8075.78
3662,-5.0664,50,0,-3.2964,2.2381,0.31,1.401,8077.19
3663,-2.8485,50,0,-3.2802,2.2354,0.31,1.4921,8078.68
3664,-1.0763,12,1,-3.2906,2.2226,0.31,0.3532,8079.03
3665,-0.0326,1,1,-3.2904,2.2229,0.31,0.0393,8079.07
3666,-1.2781,23,1,-3.2614,2.23,0.32,0.7819,8079.85
3667,-0.0037,1,1,-3.206,2.2414,0.33,0.0304,8079.88
3668,-0.7614,9,1,-3.1618,2.2456,0.34,0.2824,8080.17
3669,-0.6428,10,1,-3.1208,2.2537,0.35,0.2969,8080.46
3670,-0.0116,1,1,-3.0712,2.267,0.36,0.0275,8080.49
3671,-3.9627,50,0,-3.1104,2.248,0.35,1.7301,8082.22
3672,-0.0416,1,1,-3.0832,2.2685,0.36,0.029,8082.25
3673,-4.4101,50,0,-3.1192,2.2607,0.35,1.525,8083.77
3674,-4.3477,50,0,-3.1624,2.2424,0.34,1.4342,8085.21
3675,-0.5646,9,1,-3.1677,2.2356,0.34,0.2555,8085.46
3676,-1.2556,25,1,-3.1397,2.2419,0.35,0.6955,8086.16
3677,-0.0418,1,1,-3.1126,2.2627,0.35,0.0307,8086.19
3678,-0.0249,1,1,-3.1124,2.263,0.35,0.0282,8086.22
3679,-3.9877,50,0,-3.1521,2.243,0.34,1.3056,8087.52
3680,-0.8293,15,1,-3.0767,2.1926,0.35,0.382,8087.91
3681,-0.0232,1,1,-3.0173,2.194,0.36,0.0327,8087.94
3682,-3.2454,50,0,-3.0041,2.1886,0.36,1.2579,8089.2
3683,-5.3599,50,0,-3.0573,2.1806,0.35,1.257,8090.45
3684,-4.0034,50,0,-3.0972,2.1609,0.34,1.2852,8091.74
3685,-4.6971,50,0,-3.084,2.147,0.34,1.2853,8093.02
3686,-0.0274,1,1,-3.0566,2.1682,0.35,0.0265,8093.05
3687,-6.2919,50,0,-3.0582,2.1705,0.35,1.2783,8094.33
3688,-0.8119,11,1,-3.0094,2.1656,0.36,0.2764,8094.6
3689,-2.8182,33,1,-3.0371,2.1451,0.36,0.8855,8095.49
3690,-5.1999,50,0,-3.0467,2.1527,0.36,1.263,8096.75
3691,-4.8519,50,0,-3.0949,2.1386,0.35,1.2551,8098.01
3692,-4.9947,50,0,-3.1447,2.1242,0.34,1.4,8099.41
3693,-3.7919,50,0,-3.157,2.1244,0.34,1.6974,8101.11
3694,-0.4625,9,1,-3.1615,2.1182,0.34,0.4685,8101.57
3695,-0.3681,7,1,-3.0945,2.0995,0.35,0.3222,8101.9
3696,-3.788,50,0,-3.0948,2.0995,0.35,1.7322,8103.63
3697,-4.4097,50,0,-3.1386,2.0806,0.34,1.6026,8105.23
3698,-0.0477,1,1,-3.106,2.1032,0.35,0.0308,8105.26
3699,-0.0365,1,1,-3.106,2.1031,0.35,0.0287,8105.29
3700,-5.1418,50,0,-3.1169,2.1108,0.35,1.6852,8106.98
3701,-5.3616,50,0,-3.1275,2.1193,0.35,1.7671,8108.74
3702,-1.146,13,1,-3.1386,2.106,0.35,0.4554,8109.2
3703,-4.5315,50,0,-3.1836,2.0871,0.34,1.6642,8110.86
3704,-5.0519,50,0,-3.2339,2.0709,0.33,1.601,8112.46
3705,-4.0952,50,0,-3.2202,2.0606,0.33,1.3983,8113.86
3706,-4.7291,50,0,-3.233,2.0659,0.33,1.4521,8115.31
3707,-0.0347,1,1,-3.233,2.0659,0.33,0.0253,8115.34
3708,-0.476,8,1,-3.2073,2.0839,0.34,0.2153,8115.55
3709,-0.8111,9,1,-3.1664,2.0905,0.35,0.2812,8115.84
3710,-0.0102,1,1,-3.1247,2.1113,0.36,0.0276,8115.86
3711,-0.0049,1,1,-3.0798,2.1294,0.37,0.0347,8115.9
3712,-0.9212,10,1,-3.0543,2.1398,0.38,0.3336,8116.23
3713,-0.4193,8,1,-3.0202,2.1543,0.39,0.2951,8116.53
3714,-4.9927,50,0,-3.0303,2.1611,0.39,1.9373,8118.46
3715,-5.0199,50,0,-3.0481,2.1701,0.39,1.6904,8120.15
3716,-0.0066,1,1,-3.0065,2.1881,0.4,0.0361,8120.19
3717,-1.6076,20,1,-2.9751,2.1853,0.41,0.6986,8120.89
3718,-0.0398,1,1,-2.9298,2.1987,0.42,0.0367,8120.93
3719,-5.5928,50,0,-2.9545,2.2146,0.42,1.475,8122.4
3720,-3.0323,50,0,-2.9548,2.2146,0.42,1.5216,8123.92
3721,-0.0427,1,1,-2.9279,2.2334,0.42,0.0356,8123.96
3722,-3.9058,50,0,-2.9666,2.2164,0.41,1.5221,8125.48
3723,-4.977,50,0,-2.9674,2.2171,0.41,1.6398,8127.12
3724,-3.4366,50,0,-2.9654,2.2165,0.41,1.5552,8128.67
3725,-4.9306,50,0,-2.975,2.223,0.41,1.4974,8130.17
3726,-0.0314,1,1,-2.9748,2.2232,0.41,0.0273,8130.2
3727,-0.7045,11,1,-2.9456,2.2336,0.42,0.2912,8130.49
3728,-5.4715,50,0,-2.962,2.2461,0.42,1.3673,8131.86
3729,-0.6858,9,1,-2.9074,2.2342,0.43,0.2407,8132.1
3730,-5.4737,50,0,-2.8965,2.2191,0.43,1.4567,8133.56
3731,-1.1766,16,1,-2.9079,2.2072,0.43,0.4094,8133.96
3732,-3.7236,50,0,-2.8851,2.1869,0.43,1.3872,8135.35
3733,-5.6284,50,0,-2.8921,2.1945,0.43,1.3836,8136.74
3734,-2.5104,50,0,-2.917,2.1758,0.42,1.3267,8138.06
3735,-5.2131,50,0,-2.9687,2.1683,0.41,1.3789,8139.44
3736,-5.6149,50,0,-2.9692,2.1688,0.41,1.4225,8140.86
3737,-2.6069,50,0,-2.9658,2.1691,0.41,1.69,8142.55
3738,-0.0159,1,1,-2.9334,2.1887,0.42,0.0293,8142.58
3739,-9.3638,50,0,-2.9821,2.2753,0.42,1.5779,8144.16
3740,-0.5202,8,1,-2.9522,2.2878,0.43,0.2531,8144.41
3741,-4.7848,50,0,-2.9508,2.2866,0.43,1.6338,8146.05
3742,-2.6171,50,0,-2.912,2.2588,0.43,1.6325,8147.68
3743,-3.6449,50,0,-2.9414,2.249,0.42,1.5489,8149.23
3744,-2.6897,50,0,-2.9506,2.246,0.41,1.5701,8150.8
3745,-3.1907,50,0,-2.9338,2.2378,0.41,1.7261,8152.52
3746,-4.3869,50,0,-2.9236,2.2289,0.41,3.2854,8155.81
3747,-3.5305,50,0,-2.9586,2.2106,0.4,1.6679,8157.48
3748,-3.4035,50,0,-2.9399,2.1988,0.4,1.6415,8159.12
3749,-2.7926,50,0,-2.923,2.1934,0.4,1.4784,8160.6
3750,-4.1833,50,0,-2.9274,2.1955,0.4,1.5085,8162.11
3751,-5.4231,50,0,-2.9369,2.2042,0.4,1.4978,8163.6
3752,-0.0238,1,1,-2.9275,2.2146,0.4,0.0325,8163.64
3753,-4.8527,50,0,-2.9248,2.2121,0.4,1.7217,8165.36
3754,-3.667,50,0,-2.9151,2.2066,0.4,1.7324,8167.09
3755,-0.0122,1,1,-2.8612,2.2111,0.41,0.0351,8167.13
3756,-3.8441,50,0,-2.8375,2.1876,0.41,1.6233,8168.75
3757,-0.5729,8,1,-2.7944,2.1894,0.42,0.2123,8168.96
3758,-0.036,1,1,-2.7456,2.1959,0.43,0.0259,8168.99
3759,-4.1575,50,0,-2.7526,2.1993,0.43,1.3926,8170.38
3760,-0.0495,1,1,-2.684,2.1755,0.44,0.0252,8170.41
3761,-3.4682,50,0,-2.6681,2.1638,0.44,1.3798,8171.79
3762,-0.0149,1,1,-2.6176,2.1662,0.45,0.0271,8171.81
3763,-4.5672,50,0,-2.6347,2.1747,0.45,1.343,8173.16
3764,-1.1347,11,1,-2.6353,2.1743,0.45,0.3013,8173.46
3765,-0.0277,1,1,-2.6353,2.1744,0.45,0.0281,8173.48
3766,-5.9681,50,0,-2.6822,2.1951,0.44,1.3162,8174.8
3767,-4.7538,50,0,-2.7297,2.188,0.43,1.3023,8176.1
3768,-4.0256,50,0,-2.7623,2.1827,0.42,1.3422,8177.45
3769,-7.5036,50,0,-2.8309,2.2225,0.41,1.32,8178.77
3770,-0.0361,1,1,-2.8312,2.2222,0.41,0.0273,8178.79
3771,-4.7369,50,0,-2.8389,2.2274,0.41,1.2916,8180.08
3772,-5.1042,50,0,-2.8895,2.2208,0.4,1.3153,8181.4
3773,-0.0412,1,1,-2.8459,2.2334,0.41,0.0325,8181.43
3774,-0.0104,1,1,-2.8025,2.2459,0.42,0.0281,8181.46
3775,-0.0498,1,1,-2.7973,2.2516,0.42,0.0302,8181.49
3776,-2.5651,50,0,-2.8104,2.2464,0.41,1.6258,8183.12
3777,-0.0495,1,1,-2.8105,2.2463,0.41,0.0381,8183.15
3778,-0.9563,13,1,-2.8198,2.2366,0.41,0.3757,8183.53
3779,-1.1265,13,1,-2.7912,2.2398,0.42,0.4144,8183.94
3780,-4.4586,50,0,-2.8275,2.2371,0.41,1.5182,8185.46
3781,-0.8826,9,1,-2.8361,2.228,0.41,0.265,8185.73
3782,-0.0368,1,1,-2.804,2.2449,0.42,0.0342,8185.76
3783,-0.0188,1,1,-2.7506,2.247,0.43,0.0297,8185.79
3784,-0.0264,1,1,-2.7108,2.2596,0.44,0.027,8185.82
3785,-3.2014,50,0,-2.6959,2.2514,0.44,1.5344,8187.35
3786,-0.0081,1,1,-2.6957,2.2516,0.44,0.0324,8187.39
3787,-2.7941,50,0,-2.6607,2.2224,0.44,1.4044,8188.79
3788,-1.0771,15,1,-2.6634,2.2204,0.44,0.41,8189.2
3789,-6.1096,50,0,-2.6963,2.2467,0.43,1.3406,8190.54
3790,-3.6111,50,0,-2.6804,2.2345,0.43,1.3398,8191.88
3791,-3.3021,50,0,-2.6649,2.2247,0.43,1.2834,8193.16
3792,-6.4539,50,0,-2.6795,2.2447,0.43,1.3251,8194.49
3793,-4.4227,50,0,-2.6858,2.2487,0.43,1.4225,8195.91
3794,-5.2818,50,0,-2.734,2.2521,0.42,1.2998,8197.21
3795,-0.0464,1,1,-2.7308,2.2557,0.42,0.0274,8197.24
3796,-0.3059,6,1,-2.6959,2.266,0.43,0.1581,8197.4
3797,-5.7192,50,0,-2.709,2.2796,0.43,1.2877,8198.68
3798,-5.4186,50,0,-2.7627,2.2796,0.42,1.2938,8199.98
3799,-4.6523,50,0,-2.8089,2.2706,0.41,1.3402,8201.32
3800,-4.7087,50,0,-2.8046,2.2665,0.41,1.3118,8202.63
3801,-2.9738,50,0,-2.7807,2.252,0.41,1.3023,8203.93
3802,-1.329,17,1,-2.7825,2.2508,0.41,0.4833,8204.42
3803,-0.04,1,1,-2.7376,2.2602,0.42,0.0243,8204.44
3804,-4.2177,50,0,-2.7293,2.2532,0.42,1.2845,8205.72
3805,-4.4165,50,0,-2.7325,2.2554,0.42,1.3495,8207.07
3806,-3.6704,50,0,-2.7219,2.2484,0.42,1.2946,8208.37
3807,-3.2514,50,0,-2.7541,2.2327,0.41,1.3533,8209.72
3808,-0.4135,8,1,-2.7534,2.2334,0.41,0.241,8209.96
3809,-0.355,7,1,-2.7489,2.2378,0.41,0.2034,8210.17
3810,-0.6509,8,1,-2.7553,2.2308,0.41,0.2066,8210.37
3811,-3.6282,50,0,-2.7915,2.2152,0.4,1.5913,8211.96
3812,-5.6584,50,0,-2.8389,2.2254,0.39,1.3826,8213.35
3813,-0.043,1,1,-2.8351,2.2298,0.39,0.0318,8213.38
3814,-5.091,50,0,-2.8361,2.2307,0.39,1.367,8214.75
3815,-0.404,7,1,-2.7899,2.2328,0.4,0.2262,8214.97
3816,-0.0396,1,1,-2.7903,2.2324,0.4,0.026,8215.0
3817,-0.7551,10,1,-2.7817,2.2385,0.4,0.2968,8215.29
3818,-2.6837,50,0,-2.8082,2.2216,0.39,1.5897,8216.88
3819,-4.8332,50,0,-2.8006,2.2133,0.39,1.6302,8218.51
3820,-4.2154,50,0,-2.8124,2.2177,0.39,1.5357,8220.05
3821,-3.5246,50,0,-2.8472,2.2012,0.38,1.6086,8221.66
3822,-0.0464,1,1,-2.8086,2.2161,0.39,0.0297,8221.69
3823,-0.0365,1,1,-2.7592,2.2222,0.4,0.0279,8221.72
3824,-2.5987,50,0,-2.7509,2.2212,0.4,1.5237,8223.24
3825,-4.3131,50,0,-2.7447,2.216,0.4,1.6884,8224.93
3826,-4.2938,50,0,-2.7873,2.2044,0.39,1.5112,8226.44
3827,-4.7119,50,0,-2.8274,2.2026,0.38,1.4303,8227.87
3828,-0.0356,1,1,-2.773,2.2037,0.39,0.0278,8227.9
3829,-4.7671,50,0,-2.8138,2.2025,0.38,1.3878,8229.29
3830,-0.047,1,1,-2.7596,2.2031,0.39,0.0355,8229.32
3831,-4.9051,50,0,-2.7969,2.2076,0.38,1.5016,8230.82
3832,-0.049,1,1,-2.7601,2.2224,0.39,0.0305,8230.85
3833,-0.6018,10,1,-2.7098,2.2138,0.4,0.2974,8231.15
3834,-0.5571,8,1,-2.6903,2.224,0.41,0.2286,8231.38
3835,-2.0597,22,1,-2.6588,2.2104,0.42,0.6241,8232.0
3836,-4.9273,50,0,-2.6519,2.2022,0.42,1.5341,8233.54
3837,-3.2815,50,0,-2.6586,2.2031,0.42,1.5198,8235.06
3838,-0.0453,1,1,-2.6589,2.2027,0.42,0.028,8235.09
3839,-1.6565,18,1,-2.5819,2.0992,0.43,0.5898,8235.67
3840,-11.2956,50,0,-2.6896,2.2609,0.42,1.6708,8237.35
3841,-0.601,9,1,-2.6478,2.2605,0.43,0.3018,8237.65
3842,-0.0395,1,1,-2.622,2.2753,0.44,0.0291,8237.68
3843,-1.9531,21,1,-2.6051,2.274,0.45,0.6625,8238.34
3844,-0.0448,1,1,-2.5786,2.2882,0.46,0.0328,8238.37
3845,-3.8337,50,0,-2.5851,2.2908,0.46,1.6356,8240.01
3846,-3.9154,50,0,-2.5804,2.2875,0.46,1.5541,8241.56
3847,-4.6328,50,0,-2.5914,2.2947,0.46,1.6875,8243.25
3848,-2.7619,50,0,-2.585,2.2934,0.46,1.4783,8244.73
3849,-3.4993,50,0,-2.592,2.2951,0.46,1.4161,8246.14
3850,-2.4619,42,1,-2.5748,2.2895,0.47,1.1326,8247.28
3851,-4.6775,50,0,-2.5674,2.2814,0.47,1.3295,8248.61
3852,-0.864,15,1,-2.5758,2.2736,0.47,0.3969,8249.0
3853,-1.0783,12,1,-2.538,2.2668,0.48,0.3363,8249.34
3854,-6.511,50,0,-2.5665,2.2984,0.48,1.3189,8250.66
3855,-0.889,12,1,-2.5752,2.2903,0.48,0.3187,8250.98
3856,-0.6159,8,1,-2.5429,2.2949,0.49,0.2195,8251.2
3857,-5.2448,50,0,-2.5897,2.3019,0.48,1.4345,8252.63
3858,-2.8088,50,0,-2.6174,2.2876,0.47,1.435,8254.07
3859,-4.3439,50,0,-2.6193,2.2889,0.47,1.3849,8255.45
3860,-0.4363,8,1,-2.6231,2.2849,0.47,0.2095,8255.66
3861,-2.3157,36,1,-2.6116,2.2835,0.48,1.0124,8256.67
3862,-0.0491,1,1,-2.6119,2.2832,0.48,0.0276,8256.7
3863,-1.165,19,1,-2.5779,2.2791,0.49,0.5724,8257.27
3864,-1.0477,10,1,-2.577,2.2797,0.49,0.2899,8257.56
3865,-5.3868,50,0,-2.6306,2.2821,0.48,1.3115,8258.87
3866,-4.8803,50,0,-2.6198,2.2687,0.48,1.4397,8260.31
3867,-0.0419,1,1,-2.5726,2.2728,0.49,0.0278,8260.34
3868,-0.596,10,1,-2.5383,2.2765,0.5,0.3036,8260.64
3869,-4.241,50,0,-2.5057,2.228,0.5,1.5363,8262.18
3870,-0.0269,1,1,-2.5056,2.2281,0.5,0.024,8262.21
3871,-4.1527,50,0,-2.4998,2.223,0.5,1.2998,8263.51
3872,-3.6682,50,0,-2.4854,2.2107,0.5,1.3435,8264.85
3873,-3.3587,50,0,-2.5186,2.1987,0.49,1.3338,8266.18
3874,-4.8609,50,0,-2.5671,2.1963,0.48,1.3435,8267.53
3875,-2.9406,50,0,-2.596,2.182,0.47,1.2785,8268.8
3876,-2.6103,50,0,-2.5965,2.182,0.47,1.3235,8270.13
3877,-6.2753,50,0,-2.6587,2.1972,0.46,1.3154,8271.44
3878,-0.0362,1,1,-2.6495,2.2062,0.46,0.0259,8271.47
3879,-3.8275,50,0,-2.6765,2.2039,0.45,1.2924,8272.76
3880,-0.0342,1,1,-2.6323,2.2121,0.46,0.0276,8272.79
3881,-0.0141,1,1,-2.6236,2.2206,0.46,0.0303,8272.82
3882,-4.1964,50,0,-2.6652,2.2107,0.45,1.2733,8274.09
3883,-6.9751,50,0,-2.7348,2.2356,0.44,1.4494,8275.54
3884,-3.4349,50,0,-2.7688,2.22,0.43,1.3966,8276.94
3885,-0.9057,15,1,-2.7459,2.2273,0.44,0.414,8277.35
3886,-4.5782,50,0,-2.7916,2.2175,0.43,1.5673,8278.92
3887,-4.7565,50,0,-2.8112,2.2261,0.43,1.3867,8280.31
3888,-5.9872,50,0,-2.8603,2.2414,0.42,1.3952,8281.7
3889,-5.0682,50,0,-2.8499,2.2287,0.42,1.3862,8283.09
3890,-4.6671,50,0,-2.8605,2.2348,0.42,1.293,8284.38
3891,-4.5681,50,0,-2.8731,2.2408,0.42,1.3144,8285.7
3892,-0.9507,11,1,-2.8181,2.2197,0.43,0.3331,8286.03
3893,-0.6042,10,1,-2.7799,2.2246,0.44,0.281,8286.31
3894,-0.5122,10,1,-2.7322,2.2215,0.45,0.2698,8286.58
3895,-3.3235,50,0,-2.765,2.2058,0.44,1.339,8287.92
3896,-0.7866,9,1,-2.7698,2.2009,0.44,0.2263,8288.14
3897,-2.8232,50,0,-2.7408,2.1809,0.44,1.2371,8289.38
3898,-4.0274,50,0,-2.7269,2.1682,0.44,1.3115,8290.69
3899,-5.7678,50,0,-2.7381,2.1809,0.44,1.3064,8292.0
3900,-4.5074,50,0,-2.7361,2.1792,0.44,1.3958,8293.4
3901,-9.2009,50,0,-2.7983,2.2721,0.44,1.4577,8294.85
3902,-6.1248,50,0,-2.8463,2.2911,0.43,1.4692,8296.32
3903,-3.6546,50,0,-2.8824,2.275,0.42,1.5062,8297.83
3904,-4.8528,50,0,-2.8888,2.2796,0.42,1.4078,8299.24
3905,-7.0486,50,0,-2.9151,2.312,0.42,1.4215,8300.66
3906,-1.0871,14,1,-2.8893,2.3179,0.43,0.4277,8301.09
3907,-3.2851,50,0,-2.8896,2.3179,0.43,1.489,8302.57
3908,-5.779,50,0,-2.9433,2.3221,0.42,1.454,8304.03
3909,-4.3547,50,0,-2.9833,2.3116,0.41,1.4917,8305.52
3910,-2.8165,50,0,-3.0049,2.2997,0.4,1.4619,8306.98
3911,-3.5718,50,0,-3.0044,2.2996,0.4,1.4986,8308.48
3912,-1.3125,14,1,-2.9609,2.2901,0.41,0.4136,8308.89
3913,-1.0791,12,1,-2.9713,2.2792,0.41,0.3818,8309.28
3914,-4.2888,43,1,-2.9632,2.2731,0.42,1.2868,8310.56
3915,-0.5625,10,1,-2.9648,2.2714,0.42,0.2731,8310.84
3916,-4.4987,50,0,-3.0094,2.2572,0.41,1.4606,8312.3
3917,-0.0171,1,1,-3.002,2.2658,0.41,0.032,8312.33
3918,-0.4644,7,1,-2.9798,2.2796,0.42,0.1796,8312.51
3919,-0.0259,1,1,-2.9318,2.2907,0.43,0.0323,8312.54
3920,-0.0246,1,1,-2.8899,2.3051,0.44,0.0263,8312.57
3921,-4.4811,50,0,-2.8994,2.3097,0.44,1.3124,8313.88
3922,-8.5538,50,0,-2.9845,2.3592,0.43,1.3753,8315.25
3923,-3.7965,50,0,-3.0221,2.3418,0.42,1.5051,8316.76
3924,-5.6348,50,0,-3.0525,2.3558,0.42,1.4194,8318.18
3925,-3.1173,50,0,-3.0405,2.3524,0.42,1.4534,8319.63
3926,-0.6264,10,1,-3.0038,2.3611,0.43,0.3034,8319.94
3927,-4.9152,50,0,-3.0059,2.3627,0.43,1.478,8321.41
3928,-3.7049,50,0,-3.0425,2.3447,0.42,1.5122,8322.93
3929,-5.8858,50,0,-3.0537,2.3555,0.42,1.486,8324.41
3930,-0.0435,1,1,-3.0537,2.3556,0.42,0.0269,8324.44
3931,-3.015,50,0,-3.0348,2.3482,0.42,1.3676,8325.81
3932,-3.2536,50,0,-3.0668,2.329,0.41,1.4057,8327.21
3933,-3.9767,50,0,-3.1006,2.3175,0.4,1.5022,8328.71
3934,-0.8182,12,1,-3.1032,2.3148,0.4,0.3332,8329.05
3935,-5.5825,50,0,-3.1384,2.3254,0.39,1.3883,8330.44
3936,-0.0425,1,1,-3.0896,2.3386,0.4,0.0295,8330.47
3937,-3.6243,50,0,-3.093,2.3391,0.4,1.4911,8331.96
3938,-5.8502,50,0,-3.1511,2.3348,0.39,1.35,8333.31
3939,-0.0269,1,1,-3.1348,2.3508,0.39,0.0267,8333.33
3940,-0.0228,1,1,-3.022,2.2236,0.4,0.0298,8333.36
3941,-4.3508,50,0,-3.0595,2.214,0.39,1.3279,8334.69
3942,-3.2784,50,0,-3.0919,2.1932,0.38,1.2947,8335.99
3943,-4.5945,50,0,-3.1183,2.1952,0.37,1.2889,8337.27
3944,-5.1538,50,0,-3.1694,2.1825,0.36,1.3221,8338.6
3945,-6.775,50,0,-3.1988,2.2109,0.36,1.3254,8339.92
3946,-4.6425,50,0,-3.2061,2.2145,0.36,1.3055,8341.23
3947,-0.0184,1,1,-3.16,2.2323,0.37,0.0248,8341.25
3948,-4.6141,50,0,-3.1785,2.2366,0.37,1.3221,8342.57
3949,-3.282,50,0,-3.1763,2.2363,0.37,1.3477,8343.92
3950,-0.0476,1,1,-3.1522,2.2569,0.37,0.0266,8343.95
3951,-0.0477,1,1,-3.1059,2.2725,0.38,0.0235,8343.97
3952,-1.5979,31,1,-3.1132,2.2665,0.38,0.8826,8344.85
3953,-4.2965,50,0,-3.1454,2.2602,0.37,1.44,8346.29
3954,-5.3603,50,0,-3.1339,2.2459,0.37,1.4661,8347.76
3955,-4.248,50,0,-3.1675,2.2372,0.36,1.3073,8349.07
3956,-3.8873,50,0,-3.2002,2.2235,0.35,1.4092,8350.48
3957,-3.752,50,0,-3.1853,2.2147,0.35,1.3093,8351.79
3958,-3.5414,50,0,-3.1926,2.2147,0.35,1.5631,8353.35
3959,-3.5804,50,0,-3.185,2.212,0.35,1.472,8354.82
3960,-5.9406,50,0,-3.24,2.2114,0.34,1.535,8356.36
3961,-5.5423,50,0,-3.2723,2.2212,0.33,1.5264,8357.88
3962,-0.0369,1,1,-3.2721,2.2214,0.33,0.0265,8357.91
3963,-0.0465,1,1,-3.261,2.2347,0.33,0.0248,8357.93
3964,-3.9861,50,0,-3.2903,2.2247,0.32,1.4875,8359.42
3965,-4.6869,50,0,-3.2833,2.2192,0.32,1.4557,8360.88
3966,-6.1187,50,0,-3.2957,2.2315,0.32,1.3933,8362.27
3967,-5.3542,50,0,-3.3489,2.2166,0.31,1.5581,8363.83
3968,-2.9754,50,0,-3.3726,2.1996,0.3,1.4624,8365.29
3969,-4.2834,50,0,-3.3731,2.1998,0.3,1.5911,8366.88
3970,-0.6957,9,1,-3.3798,2.1906,0.3,0.2664,8367.15
3971,-3.8489,50,0,-3.3767,2.1898,0.3,1.5113,8368.66
3972,-0.0342,1,1,-3.3404,2.2146,0.31,0.0271,8368.69
3973,-0.0347,1,1,-3.3071,2.2389,0.32,0.0328,8368.72
3974,-10.1813,50,0,-3.3603,2.3363,0.32,1.6104,8370.33
3975,-0.0426,1,1,-3.3314,2.3592,0.33,0.037,8370.37
3976,-4.0756,50,0,-3.346,2.3592,0.33,1.5157,8371.88
3977,-0.013,1,1,-3.2834,2.3637,0.34,0.0505,8371.93
3978,-0.7782,13,1,-3.2908,2.3547,0.34,0.5431,8372.48
3979,-0.0376,1,1,-3.2529,2.3761,0.35,0.0353,8372.51
3980,-3.5816,50,0,-3.2884,2.3542,0.34,1.4722,8373.98
3981,-0.406,8,1,-3.2923,2.3491,0.34,0.262,8374.25
3982,-0.0223,1,1,-3.2506,2.3696,0.35,0.0333,8374.28
3983,-5.0429,50,0,-3.2312,2.347,0.35,1.5654,8375.85
3984,-2.7008,50,0,-3.2239,2.3475,0.35,1.5402,8377.39
3985,-2.2061,34,1,-3.2369,2.3382,0.35,0.9074,8378.29
3986,-0.0197,1,1,-3.1913,2.3559,0.36,0.0247,8378.32
3987,-5.791,50,0,-3.2017,2.365,0.36,1.4365,8379.75
3988,-4.5333,50,0,-3.1871,2.3523,0.36,1.7173,8381.47
3989,-7.5319,50,0,-3.2118,2.3846,0.36,1.4915,8382.96
3990,-3.2813,50,0,-3.1979,2.3801,0.36,1.6706,8384.63
3991,-2.5879,50,0,-3.1781,2.3768,0.36,1.8387,8386.47
3992,-4.6433,50,0,-3.215,2.3706,0.35,1.5523,8388.02
3993,-3.9126,50,0,-3.2481,2.357,0.34,1.5274,8389.55
3994,-3.6797,50,0,-3.2798,2.3412,0.33,1.4656,8391.02
3995,-3.4141,50,0,-3.2807,2.3413,0.33,1.3865,8392.4
3996,-0.0171,1,1,-3.273,2.3507,0.33,0.0308,8392.43
3997,-1.061,15,1,-3.2554,2.3606,0.34,0.4211,8392.86
3998,-0.0446,1,1,-3.2156,2.3808,0.35,0.0282,8392.88
3999,-4.7855,50,0,-3.2057,2.3722,0.35,1.4683,8394.35
4000,-0.0464,1,1,-3.1611,2.3892,0.36,0.0351,8394.39
4001,-3.2517,50,0,-3.1016,2.3109,0.36,1.6934,8396.08
4002,-4.9525,50,0,-3.0899,2.2984,0.36,1.4399,8397.52
4003,-4.123,50,0,-3.0946,2.3,0.36,1.5291,8399.05
4004,-0.0425,1,1,-3.0465,2.313,0.37,0.0345,8399.08
4005,-0.0349,1,1,-2.9764,2.2969,0.38,0.0349,8399.12
4006,-0.0495,1,1,-2.966,2.3077,0.38,0.0303,8399.15
4007,-0.732,14,1,-2.9404,2.3182,0.39,0.4337,8399.58
4008,-3.9779,50,0,-2.9224,2.303,0.39,1.6244,8401.21
4009,-4.5035,50,0,-2.9239,2.304,0.39,1.4769,8402.68
4010,-6.5846,50,0,-2.9616,2.3325,0.39,1.4898,8404.17
4011,-4.2803,50,0,-2.9687,2.3354,0.39,1.4772,8405.65
4012,-0.0211,1,1,-2.9558,2.3481,0.39,0.0288,8405.68
4013,-0.0186,1,1,-2.9452,2.3589,0.39,0.0326,8405.71
4014,-5.4385,50,0,-2.9567,2.3682,0.38,1.4409,8407.15
4015,-1.5534,21,1,-2.9666,2.3602,0.38,0.671,8407.82
4016,-0.4016,7,1,-2.9256,2.3688,0.39,0.2091,8408.03
4017,-7.0468,50,0,-2.9959,2.3857,0.38,1.6679,8409.7
4018,-3.1566,50,0,-3.0228,2.3722,0.37,1.5574,8411.26
4019,-2.856,50,0,-3.0511,2.353,0.36,1.5565,8412.82
4020,-0.0312,1,1,-3.0512,2.353,0.36,0.029,8412.84
4021,-4.2373,50,0,-3.0488,2.3516,0.36,1.3925,8414.24
4022,-1.0392,18,1,-2.9736,2.2938,0.37,0.5193,8414.76
4023,-0.0315,1,1,-2.936,2.3109,0.38,0.0261,8414.78
4024,-0.0251,1,1,-2.8799,2.3128,0.39,0.0263,8414.81
4025,-0.8054,10,1,-2.8567,2.3218,0.4,0.2655,8415.07
4026,-5.3598,50,0,-2.9041,2.3241,0.39,1.4717,8416.55
4027,-6.0558,50,0,-2.9155,2.3367,0.39,1.3996,8417.95
4028,-4.0062,50,0,-2.9185,2.3379,0.39,1.3418,8419.29
4029,-0.0433,1,1,-2.8601,2.336,0.4,0.0303,8419.32
4030,-1.1964,17,1,-2.8716,2.3249,0.4,0.4919,8419.81
4031,-0.0404,1,1,-2.8418,2.3419,0.41,0.0292,8419.84
4032,-0.0299,1,1,-2.8096,2.3581,0.42,0.0311,8419.87
4033,-3.5145,50,0,-2.805,2.3563,0.42,1.4519,8421.32
4034,-3.4146,50,0,-2.831,2.3485,0.41,1.4053,8422.73
4035,-5.1189,50,0,-2.8263,2.3435,0.41,1.3282,8424.06
4036,-0.0369,1,1,-2.8263,2.3436,0.41,0.0259,8424.08
4037,-2.6067,50,0,-2.8161,2.3423,0.41,1.5337,8425.61
4038,-2.5692,50,0,-2.7833,2.3225,0.41,1.7635,8427.38
4039,-3.6534,50,0,-2.8195,2.3074,0.4,1.7031,8429.08
4040,-1.4142,14,1,-2.8335,2.2947,0.4,0.5112,8429.59
4041,-5.5043,50,0,-2.845,2.3052,0.4,1.6622,8431.25
4042,-4.2886,50,0,-2.8551,2.3093,0.4,1.5909,8432.85
4043,-2.7727,50,0,-2.8369,2.3026,0.4,1.6671,8434.51
4044,-2.0223,27,1,-2.8056,2.2922,0.41,0.8587,8435.37
4045,-3.4053,50,0,-2.7719,2.2581,0.41,1.4111,8436.78
4046,-3.9418,50,0,-2.7649,2.2534,0.41,1.3539,8438.14
4047,-0.0379,1,1,-2.765,2.2531,0.41,0.0238,8438.16
4048,-7.3889,50,0,-2.7928,2.2925,0.41,1.483,8439.64
4049,-6.5968,50,0,-2.8259,2.3231,0.41,1.3859,8441.03
4050,-1.4412,20,1,-2.8399,2.3105,0.41,0.6627,8441.69
4051,-5.2443,50,0,-2.8918,2.3056,0.4,1.441,8443.13
4052,-0.0392,1,1,-2.8763,2.3195,0.4,0.0254,8443.16
4053,-4.3792,50,0,-2.8771,2.32,0.4,1.3033,8444.46
4054,-4.9661,50,0,-2.8731,2.3161,0.4,2.8278,8447.29
4055,-4.4167,50,0,-2.8748,2.3172,0.4,1.4273,8448.72
4056,-0.0299,1,1,-2.8363,2.3321,0.41,0.0271,8448.74
4057,-1.0318,15,1,-2.8091,2.3371,0.42,0.4115,8449.16
4058,-2.933,50,0,-2.803,2.3359,0.42,1.424,8450.58
4059,-0.013,1,1,-2.7673,2.351,0.43,0.0264,8450.61
4060,-4.9042,50,0,-2.7569,2.3392,0.43,1.3277,8451.93
4061,-4.2387,50,0,-2.7439,2.3273,0.43,1.3736,8453.31
4062,-0.673,10,1,-2.7503,2.3207,0.43,0.2533,8453.56
4063,-0.5507,11,1,-2.7553,2.3154,0.43,0.2764,8453.84
4064,-0.0247,1,1,-2.7157,2.3279,0.44,0.0236,8453.86
4065,-3.0753,50,0,-2.6996,2.3197,0.44,1.3864,8455.25
4066,-11.9388,50,0,-2.7578,2.4727,0.44,1.453,8456.7
4067,-4.4862,50,0,-2.7491,2.4651,0.44,1.4828,8458.18
4068,-4.5684,50,0,-2.765,2.4717,0.44,1.6581,8459.84
4069,-5.3233,50,0,-2.7754,2.4802,0.44,1.5555,8461.4
4070,-0.5636,10,1,-2.7741,2.4814,0.44,0.3323,8461.73
4071,-0.9849,13,1,-2.7455,2.4853,0.45,0.3989,8462.13
4072,-2.7048,50,0,-2.7722,2.4703,0.44,1.5454,8463.67
4073,-3.0907,50,0,-2.8027,2.4551,0.43,1.5569,8465.23
4074,-0.8698,16,1,-2.7096,2.3478,0.44,0.4541,8465.68
4075,-4.8739,50,0,-2.7579,2.3421,0.43,1.4098,8467.09
4076,-0.0462,1,1,-2.7176,2.3537,0.44,0.0256,8467.12
4077,-0.5952,9,1,-2.7234,2.3477,0.44,0.2857,8467.41
4078,-3.4998,50,0,-2.7507,2.3408,0.43,1.5741,8468.98
4079,-3.6411,50,0,-2.7867,2.3264,0.42,1.8641,8470.84
4080,-0.0425,1,1,-2.7513,2.3409,0.43,0.0376,8470.88
4081,-3.7004,50,0,-2.7843,2.3308,0.42,1.7067,8472.59
4082,-4.78,50,0,-2.8318,2.3225,0.41,1.6728,8474.26
4083,-8.3386,50,0,-2.8648,2.3764,0.41,1.6103,8475.87
4084,-3.9072,50,0,-2.8768,2.3786,0.41,1.8261,8477.7
4085,-4.7119,50,0,-2.9019,2.3846,0.4,1.7032,8479.4
4086,-4.75,50,0,-2.9492,2.3739,0.39,1.6541,8481.05
4087,-0.0201,1,1,-2.8915,2.3742,0.4,0.0342,8481.09
4088,-4.1818,50,0,-2.888,2.3721,0.4,1.7809,8482.87
4089,-3.9095,50,0,-2.8518,2.3281,0.4,1.701,8484.57
4090,-2.7433,50,0,-2.8464,2.3277,0.4,1.5789,8486.15
4091,-0.0458,1,1,-2.821,2.3442,0.41,0.0297,8486.18
4092,-4.6553,50,0,-2.8211,2.3443,0.41,1.3534,8487.53
4093,-4.0472,50,0,-2.8224,2.345,0.41,1.4982,8489.03
4094,-7.1827,50,0,-2.8575,2.3834,0.41,1.2635,8490.29
4095,-1.166,14,1,-2.835,2.3886,0.42,0.3613,8490.65
4096,-3.8297,50,0,-2.8731,2.3737,0.41,1.3547,8492.01
4097,-0.0358,1,1,-2.8629,2.3837,0.41,0.0305,8492.04
4098,-3.3166,50,0,-2.8956,2.3672,0.4,1.2644,8493.3
4099,-4.2412,50,0,-2.8901,2.3635,0.4,1.3358,8494.64
4100,-9.6063,50,0,-2.9857,2.4387,0.39,1.2595,8495.9
4101,-0.9763,18,1,-2.963,2.4467,0.4,0.4658,8496.37
4102,-2.8366,50,0,-2.9418,2.4385,0.4,1.3385,8497.7
4103,-3.5971,50,0,-2.9366,2.4365,0.4,1.288,8498.99
4104,-2.6011,50,0,-2.9621,2.4194,0.39,1.3126,8500.3
4105,-4.6988,50,0,-3.0088,2.4074,0.38,1.2906,8501.6
4106,-15.9761,50,0,-3.168,2.7137,0.37,1.2655,8502.86
4107,-4.2758,50,0,-3.2035,2.7048,0.36,1.2763,8504.14
4108,-10.7653,50,0,-3.2714,2.8066,0.36,1.2487,8505.39
4109,-5.2502,50,0,-3.2788,2.8109,0.36,1.3167,8506.7
4110,-0.0201,1,1,-3.2132,2.8096,0.37,0.0291,8506.73
4111,-4.3775,50,0,-3.2141,2.81,0.37,1.2545,8507.99
4112,-4.2408,50,0,-3.2563,2.7933,0.36,1.2499,8509.24
4113,-4.2769,50,0,-3.2989,2.7761,0.35,1.26,8510.5
4114,-0.0095,1,1,-3.2446,2.7867,0.36,0.0241,8510.52
4115,-5.5437,50,0,-3.2845,2.7908,0.35,1.2716,8511.79
4116,-5.2144,50,0,-3.3327,2.7822,0.34,1.3146,8513.11
4117,-8.247,50,0,-3.3447,2.8007,0.34,1.4206,8514.53
4118,-3.4096,50,0,-3.3472,2.8006,0.34,1.3351,8515.86
4119,-0.033,1,1,-3.319,2.8196,0.35,0.0247,8515.89
4120,-0.6583,12,1,-3.3252,2.813,0.35,0.3064,8516.19
4121,-4.483,50,0,-3.3277,2.8139,0.35,1.3396,8517.53
4122,-4.6384,50,0,-3.3637,2.8074,0.34,1.3295,8518.86
4123,-5.7672,50,0,-3.421,2.7973,0.33,1.3215,8520.18
4124,-3.1568,50,0,-3.4524,2.7766,0.32,1.2977,8521.48
4125,-3.1408,50,0,-3.4757,2.764,0.31,1.3759,8522.86
4126,-2.8893,50,0,-3.451,2.7581,0.31,1.2886,8524.15
4127,-0.0431,1,1,-3.3909,2.7662,0.32,0.0277,8524.17
4128,-4.0058,50,0,-3.3909,2.7662,0.32,1.2493,8525.42
4129,-2.4788,43,1,-3.4152,2.7472,0.32,1.1363,8526.56
4130,-0.0499,1,1,-3.4038,2.7588,0.32,0.0284,8526.59
4131,-5.2782,50,0,-3.4562,2.7442,0.31,1.5872,8528.17
4132,-5.8715,50,0,-3.5146,2.7328,0.3,1.4975,8529.67
4133,-5.8647,50,0,-3.5381,2.7427,0.3,1.499,8531.17
4134,-3.4069,50,0,-3.538,2.7427,0.3,1.5126,8532.68
4135,-4.4225,50,0,-3.531,2.7396,0.3,1.4962,8534.18
4136,-4.1614,50,0,-3.5723,2.7176,0.29,1.386,8535.57
4137,-2.6624,50,0,-3.5728,2.7175,0.29,1.3085,8536.87
4138,-3.4488,50,0,-3.5816,2.7156,0.29,1.2963,8538.17
4139,-6.3583,50,0,-3.6087,2.7296,0.29,1.3205,8539.49
4140,-5.2793,50,0,-3.6473,2.7256,0.28,1.3409,8540.83
4141,-4.4289,50,0,-3.6366,2.7204,0.28,1.2605,8542.09
4142,-0.0222,1,1,-3.5939,2.7432,0.29,0.026,8542.12
4143,-5.5936,50,0,-3.6221,2.7491,0.29,1.2507,8543.37
4144,-0.0454,1,1,-3.6024,2.7676,0.29,0.0228,8543.39
4145,-0.0463,1,1,-3.5688,2.7901,0.3,0.0288,8543.42
4146,-4.698,50,0,-3.5763,2.7921,0.3,1.3279,8544.75
4147,-0.0302,1,1,-3.5762,2.7922,0.3,0.0244,8544.77
4148,-4.7005,50,0,-3.5494,2.7682,0.3,1.4124,8546.19
4149,-4.4502,50,0,-3.5279,2.7528,0.3,1.4182,8547.6
4150,-1.9609,21,1,-3.5331,2.7493,0.3,0.6869,8548.29
4151,-3.8865,50,0,-3.5195,2.7442,0.3,1.6657,8549.96
4152,-2.9039,50,0,-3.5482,2.7226,0.29,2.2407,8552.2
4153,-6.951,50,0,-3.5739,2.7424,0.29,3.1845,8555.38
4154,-4.8626,50,0,-3.5728,2.7419,0.29,2.0926,8557.47
4155,-0.0107,1,1,-3.5288,2.7633,0.3,0.0289,8557.5
4156,-0.0486,1,1,-3.529,2.763,0.3,0.0324,8557.54
4157,-0.0383,1,1,-3.519,2.7738,0.3,0.0391,8557.57
4158,-0.007,1,1,-3.4898,2.7951,0.31,0.0465,8557.62
4159,-5.7,50,0,-3.5466,2.7816,0.3,2.0623,8559.68
4160,-3.4088,50,0,-3.5317,2.7783,0.3,1.68,8561.36
4161,-3.5473,50,0,-3.5248,2.7774,0.3,2.7957,8564.16
4162,-5.0435,50,0,-3.5685,2.7666,0.29,2.6079,8566.77
4163,-2.5982,50,0,-3.589,2.7517,0.28,2.2938,8569.06
4164,-4.3612,50,0,-3.6323,2.7292,0.27,2.582,8571.64
4165,-4.4749,50,0,-3.6463,2.7299,0.27,2.4223,8574.07
4166,-0.0098,1,1,-3.527,2.6235,0.28,0.0495,8574.11
4167,-4.8679,50,0,-3.5309,2.6252,0.28,2.2749,8576.39
4168,-0.7434,10,1,-3.4926,2.6376,0.29,0.47,8576.86
4169,-5.0533,50,0,-3.4899,2.6359,0.29,2.7288,8579.59
4170,-2.4647,44,1,-3.5089,2.6216,0.29,2.014,8581.6
4171,-4.4571,50,0,-3.5436,2.6109,0.28,1.5903,8583.19
4172,-4.4694,50,0,-3.5613,2.6111,0.28,2.2211,8585.41
4173,-4.9945,50,0,-3.5803,2.6145,0.28,1.7038,8587.12
4174,-0.0494,1,1,-3.5721,2.6243,0.28,0.0368,8587.15
4175,-0.0491,1,1,-3.5239,2.6442,0.29,0.0373,8587.19
4176,-0.0299,1,1,-3.5237,2.6444,0.29,0.0403,8587.23
4177,-5.1868,50,0,-3.5696,2.633,0.28,1.7486,8588.98
4178,-0.842,10,1,-3.543,2.647,0.29,0.2799,8589.26
4179,-5.0445,48,1,-3.5571,2.6512,0.3,1.289,8590.55
4180,-0.5443,10,1,-3.5621,2.645,0.3,0.2723,8590.82
4181,-4.6522,50,0,-3.5716,2.6472,0.3,1.5411,8592.36
4182,-0.0259,1,1,-3.5241,2.6676,0.31,0.0554,8592.42
4183,-3.9661,50,0,-3.4803,2.6238,0.31,1.8165,8594.23
4184,-4.7678,50,0,-3.489,2.6266,0.31,1.7063,8595.94
4185,-0.0434,1,1,-3.4423,2.6459,0.32,0.0379,8595.98
4186,-4.0294,50,0,-3.4351,2.6433,0.32,1.628,8597.61
4187,-3.8952,50,0,-3.4738,2.6213,0.31,1.8823,8599.49
4188,-0.0368,1,1,-3.4324,2.6424,0.32,0.0313,8599.52
4189,-4.6217,50,0,-3.4395,2.6447,0.32,1.4483,8600.97
4190,-3.6771,50,0,-3.4488,2.6438,0.32,1.391,8602.36
4191,-3.3068,50,0,-3.4814,2.6217,0.31,1.5082,8603.87
4192,-5.2846,50,0,-3.4877,2.6253,0.31,1.3906,8605.26
4193,-4.2887,50,0,-3.4901,2.6259,0.31,1.3865,8606.65
4194,-8.4733,50,0,-3.503,2.6471,0.31,1.3553,8608.0
4195,-3.9686,50,0,-3.5311,2.637,0.3,1.3964,8609.4
4196,-0.0489,1,1,-3.4933,2.6595,0.31,0.0272,8609.42
4197,-5.76,50,0,-3.5505,2.646,0.3,1.4033,8610.83
4198,-5.6634,50,0,-3.574,2.6542,0.3,1.7552,8612.58
4199,-6.9986,50,0,-3.6015,2.6752,0.3,1.5695,8614.15
4200,-6.1293,50,0,-3.5668,2.619,0.3,1.3916,8615.54
4201,-6.2877,50,0,-3.6199,2.6198,0.29,1.5102,8617.05
4202,-3.785,50,0,-3.6294,2.6186,0.29,1.3891,8618.44
4203,-3.5688,50,0,-3.6291,2.6186,0.29,1.3294,8619.77
4204,-5.1158,50,0,-3.6542,2.6207,0.29,1.344,8621.12
4205,-0.0047,1,1,-3.6073,2.6435,0.3,0.0278,8621.14
4206,-5.9593,50,0,-3.5071,2.346,0.3,1.3327,8622.48
4207,-4.1845,50,0,-3.5062,2.3457,0.3,1.341,8623.82
4208,-0.033,1,1,-3.3989,2.2549,0.31,0.0245,8623.84
4209,-3.3193,50,0,-3.3796,2.2472,0.31,1.4137,8625.26
4210,-5.0329,50,0,-3.4297,2.2275,0.3,1.8937,8627.15
4211,-4.3499,50,0,-3.4294,2.2274,0.3,2.1202,8629.27
4212,-5.5464,50,0,-3.4425,2.2359,0.3,1.6137,8630.88
4213,-5.3327,50,0,-3.4531,2.2423,0.3,1.5398,8632.42
4214,-0.0484,1,1,-3.4534,2.2417,0.3,0.0294,8632.45
4215,-2.8012,50,0,-3.426,2.2327,0.3,1.8915,8634.34
4216,-0.0348,1,1,-3.3742,2.2507,0.31,0.0457,8634.39
4217,-6.073,50,0,-3.3525,2.2137,0.31,1.9128,8636.3
4218,-4.3417,50,0,-3.3618,2.2159,0.31,1.5336,8637.84
4219,-5.2551,50,0,-3.414,2.1983,0.3,1.4303,8639.27
4220,-0.0362,1,1,-3.4078,2.2069,0.3,0.0255,8639.29
4221,-2.8621,50,0,-3.3916,2.2049,0.3,1.4126,8640.7
4222,-4.4812,50,0,-3.39,2.2041,0.3,1.3282,8642.03
4223,-4.1222,50,0,-3.3736,2.1924,0.3,1.3116,8643.34
4224,-2.4932,45,1,-3.3669,2.194,0.31,1.2433,8644.59
4225,-6.3617,50,0,-3.3991,2.214,0.31,1.469,8646.06
4226,-3.106,50,0,-3.4013,2.2136,0.31,1.6413,8647.7
4227,-6.1269,50,0,-3.4621,2.2041,0.3,1.8609,8649.56
4228,-2.6816,40,1,-3.4489,2.2048,0.31,1.4528,8651.01
4229,-5.4734,50,0,-3.4789,2.2117,0.3,1.6014,8652.61
4230,-0.0397,1,1,-3.4787,2.2119,0.3,0.0328,8652.65
4231,-3.8014,50,0,-3.464,2.2047,0.3,1.5093,8654.16
4232,-3.8387,50,0,-3.4437,2.1918,0.3,1.5336,8655.69
4233,-0.0337,1,1,-3.3853,2.2041,0.31,0.0292,8655.72
4234,-4.6496,50,0,-3.3978,2.2077,0.31,1.4775,8657.2
4235,-0.0401,1,1,-3.3539,2.2303,0.32,0.0329,8657.23
4236,-0.0338,1,1,-3.3127,2.2531,0.33,0.0303,8657.26
4237,-0.0482,1,1,-3.2865,2.2755,0.34,0.0334,8657.29
4238,-4.0607,50,0,-3.2926,2.2768,0.34,1.4399,8658.73
4239,-0.0238,1,1,-3.2293,2.2787,0.35,0.0263,8658.76
4240,-4.3476,50,0,-3.22,2.2722,0.35,1.3904,8660.15
4241,-5.4495,50,0,-3.2302,2.2799,0.35,1.3914,8661.54
4242,-0.8635,17,1,-3.2386,2.2696,0.35,0.4776,8662.02
4243,-6.3414,50,0,-3.2461,2.2785,0.35,1.3724,8663.39
4244,-0.0463,1,1,-3.2461,2.2785,0.35,0.0258,8663.42
4245,-2.993,50,0,-3.2756,2.2559,0.34,1.4041,8664.82
4246,-4.9419,50,0,-3.278,2.2575,0.34,1.3392,8666.16
4247,-4.7479,50,0,-3.3252,2.2384,0.33,1.3961,8667.56
4248,-5.1821,50,0,-3.33,2.2419,0.33,1.4342,8668.99
4249,-5.2561,50,0,-3.3381,2.2473,0.33,1.42,8670.41
4250,-5.1457,50,0,-3.3699,2.2501,0.32,1.439,8671.85
4251,-3.9391,50,0,-3.3704,2.2503,0.32,1.3793,8673.23
4252,-3.342,50,0,-3.3748,2.2498,0.32,1.4027,8674.63
4253,-5.974,50,0,-3.365,2.2363,0.32,1.3773,8676.01
4254,-3.7779,50,0,-3.3542,2.2316,0.32,1.409,8677.42
4255,-0.7806,11,1,-3.3619,2.2214,0.32,0.291,8677.71
4256,-4.716,50,0,-3.4086,2.2002,0.31,1.3658,8679.07
4257,-5.6733,50,0,-3.4649,2.1853,0.3,1.384,8680.46
4258,-0.0346,1,1,-3.4652,2.1849,0.3,0.0246,8680.48
4259,-4.1933,50,0,-3.4501,2.1746,0.3,1.3615,8681.84
4260,-0.7958,13,1,-3.424,2.1905,0.31,0.3678,8682.21
4261,-2.7005,50,0,-3.4155,2.1917,0.31,1.3617,8683.57
4262,-0.0439,1,1,-3.3655,2.2109,0.32,0.0262,8683.6
4263,-4.1261,50,0,-3.3808,2.2108,0.32,1.3698,8684.97
4264,-5.3303,50,0,-3.3905,2.2172,0.32,1.3653,8686.34
4265,-4.688,50,0,-3.3926,2.2184,0.32,1.3698,8687.7
4266,-0.0348,1,1,-3.3929,2.218,0.32,0.0264,8687.73
4267,-4.2888,50,0,-3.3871,2.2149,0.32,1.3428,8689.07
4268,-3.8865,50,0,-3.4185,2.1994,0.31,1.3619,8690.44
4269,-5.2524,50,0,-3.4205,2.201,0.31,1.3591,8691.8
4270,-3.2004,50,0,-3.4279,2.199,0.3,1.3241,8693.12
4271,-3.5333,50,0,-3.4186,2.1966,0.3,1.3344,8694.45
4272,-4.269,50,0,-3.4166,2.1957,0.3,1.3195,8695.77
4273,-4.073,50,0,-3.4074,2.191,0.3,1.3241,8697.1
4274,-3.8411,50,0,-3.4453,2.1652,0.29,1.3006,8698.4
4275,-3.8116,50,0,-3.483,2.1384,0.28,1.3363,8699.73
4276,-0.0358,1,1,-3.483,2.1383,0.28,0.0233,8699.76
4277,-0.0385,1,1,-3.4315,2.1586,0.29,0.0271,8699.78
4278,-3.6953,50,0,-3.4601,2.1429,0.28,1.3421,8701.13
4279,-3.341,50,0,-3.443,2.137,0.27,1.3821,8702.51
4280,-0.0491,1,1,-3.4381,2.1443,0.27,0.0226,8702.53
4281,-3.5204,50,0,-3.4268,2.1409,0.27,1.371,8703.9
4282,-3.2176,50,0,-3.4587,2.1135,0.26,1.3306,8705.23
4283,-5.8984,50,0,-3.478,2.1269,0.26,1.2913,8706.52
4284,-6.6249,50,0,-3.4966,2.1461,0.26,1.3736,8707.9
4285,-3.3177,50,0,-3.5293,2.1179,0.25,1.3125,8709.21
4286,-3.5431,50,0,-3.5244,2.1173,0.25,1.2928,8710.5
4287,-3.704,50,0,-3.5225,2.1171,0.25,1.3261,8711.83
4288,-3.9691,50,0,-3.5619,2.0883,0.24,1.3555,8713.19
4289,-0.0468,1,1,-3.5161,2.1145,0.25,0.029,8713.21
4290,-3.3694,50,0,-3.513,2.1145,0.25,1.3635,8714.58
4291,-0.0383,1,1,-3.4803,2.1425,0.26,0.0233,8714.6
4292,-4.7565,50,0,-3.4751,2.1387,0.26,1.6099,8716.21
4293,-2.9704,50,0,-3.4619,2.1377,0.26,1.6029,8717.81
4294,-4.191,50,0,-3.4191,2.079,0.26,1.8764,8719.69
4295,-5.0763,50,0,-3.4301,2.0848,0.26,1.5908,8721.28
4296,-0.9598,14,1,-3.4392,2.072,0.26,0.4857,8721.77
4297,-4.7454,50,0,-3.4291,2.0631,0.26,1.7296,8723.5
4298,-5.3242,50,0,-3.4257,2.0597,0.26,1.6281,8725.12
4299,-4.4678,50,0,-3.4004,2.031,0.26,1.6689,8726.79
4300,-0.0147,1,1,-3.3393,2.0399,0.27,0.0296,8726.82
4301,-5.7058,50,0,-3.3334,2.0323,0.27,1.615,8728.44
4302,-4.6795,50,0,-3.3424,2.0362,0.27,1.7106,8730.15
4303,-0.0396,1,1,-3.3071,2.0624,0.28,0.0286,8730.18
4304,-6.3125,50,0,-3.3191,2.0763,0.28,1.66,8731.84
4305,-0.0367,1,1,-3.3194,2.0758,0.28,0.044,8731.88
4306,-0.0414,1,1,-3.2602,2.084,0.29,0.03,8731.91
4307,-3.5457,50,0,-3.2538,2.0822,0.29,1.5849,8733.5
4308,-3.0257,50,0,-3.2837,2.057,0.28,1.6734,8735.17
4309,-6.1242,50,0,-3.3118,2.0763,0.28,1.7853,8736.95
4310,-6.4391,50,0,-3.3258,2.0927,0.28,2.0666,8739.02
4311,-0.0461,1,1,-3.2828,2.1153,0.29,0.0331,8739.05
4312,-0.0493,1,1,-3.2278,2.1271,0.3,0.0369,8739.09
4313,-4.1228,50,0,-3.2157,2.1186,0.3,1.5158,8740.61
4314,-4.8204,50,0,-3.2635,2.1003,0.29,1.6736,8742.28
4315,-5.8482,50,0,-3.2939,2.1155,0.29,1.5879,8743.87
4316,-0.0378,1,1,-3.294,2.1154,0.29,0.0308,8743.9
4317,-0.0248,1,1,-3.2335,2.1215,0.3,0.0374,8743.94
4318,-5.169,50,0,-3.2418,2.1275,0.3,1.5596,8745.5
4319,-5.3254,50,0,-3.2425,2.1281,0.3,1.6471,8747.14
4320,-3.6416,50,0,-3.2785,2.1039,0.29,1.7109,8748.85
4321,-5.7864,50,0,-3.3078,2.1182,0.29,1.7278,8750.58
4322,-0.0347,1,1,-3.2633,2.1397,0.3,0.0295,8750.61
4323,-0.0376,1,1,-3.2224,2.1617,0.31,0.0242,8750.64
4324,-5.556,50,0,-3.2531,2.1729,0.3,1.3983,8752.03
4325,-4.0623,50,0,-3.2301,2.1519,0.3,1.4619,8753.5
4326,-0.022,1,1,-3.1992,2.1754,0.31,0.0247,8753.52
4327,-0.0347,1,1,-3.1383,2.1779,0.32,0.0244,8753.54
4328,-4.0972,50,0,-3.1525,2.1795,0.31,2.5969,8756.14
4329,-2.7591,50,0,-3.1253,2.1673,0.31,1.2544,8757.4
4330,-2.617,50,0,-3.1511,2.1457,0.3,1.636,8759.03
4331,-3.4958,50,0,-3.148,2.1449,0.3,1.5674,8760.6
4332,-2.6545,50,0,-3.1362,2.1444,0.3,1.4416,8762.04
4333,-5.1931,50,0,-3.1878,2.1311,0.29,1.3576,8763.4
4334,-3.2017,50,0,-3.1733,2.1261,0.29,1.3058,8764.7
4335,-4.0372,50,0,-3.2133,2.1042,0.28,1.1761,8765.88
4336,-6.339,50,0,-3.2763,2.1025,0.27,1.1801,8767.06
4337,-4.6972,50,0,-3.3228,2.0819,0.26,1.2042,8768.27
4338,-3.2741,50,0,-3.315,2.0806,0.26,1.1859,8769.45
4339,-4.9208,50,0,-3.3639,2.0601,0.25,1.2118,8770.66
4340,-2.633,50,0,-3.3468,2.0589,0.25,1.1829,8771.85
4341,-3.3482,50,0,-3.3258,2.0481,0.25,1.2681,8773.11
4342,-0.0352,1,1,-3.3175,2.0596,0.25,0.0372,8773.15
4343,-4.4482,50,0,-3.2986,2.0404,0.25,1.5905,8774.74
4344,-6.2761,50,0,-3.3609,2.0352,0.24,1.2633,8776.0
4345,-0.0444,1,1,-3.3314,2.0615,0.25,0.026,8776.03
4346,-5.7282,50,0,-3.3392,2.0691,0.25,1.1777,8777.21
4347,-4.7258,50,0,-3.339,2.069,0.25,1.3096,8778.52
4348,-4.8324,50,0,-3.3355,2.0662,0.25,1.2743,8779.79
4349,-4.0919,50,0,-3.3239,2.0586,0.25,1.1978,8780.99
4350,-7.752,50,0,-3.3499,2.0976,0.25,1.2306,8782.22
4351,-3.1113,50,0,-3.3417,2.0969,0.25,1.2188,8783.44
4352,-3.9067,50,0,-3.3473,2.0977,0.25,1.2292,8784.67
4353,-1.51,25,1,-3.3027,2.0888,0.26,0.6006,8785.27
4354,-3.219,50,0,-3.2971,2.0882,0.26,1.1792,8786.45
4355,-0.0101,1,1,-3.2894,2.0989,0.26,0.0253,8786.47
4356,-3.2714,50,0,-3.2749,2.094,0.26,1.2343,8787.71
4357,-4.1384,50,0,-3.2596,2.0819,0.26,1.2481,8788.96
4358,-3.3092,50,0,-3.2923,2.0566,0.25,1.2768,8790.23
4359,-1.4015,17,1,-3.2644,2.0631,0.26,0.4241,8790.66
4360,-4.0253,50,0,-3.2967,2.0494,0.25,1.1673,8791.82
4361,-3.3515,50,0,-3.3032,2.0485,0.25,1.2189,8793.04
4362,-0.0397,1,1,-3.3032,2.0486,0.25,0.0263,8793.07
4363,-2.8215,50,0,-3.2901,2.0475,0.25,1.2071,8794.28
4364,-4.2637,50,0,-3.2795,2.0396,0.25,1.201,8795.48
4365,-2.683,50,0,-3.2594,2.0355,0.25,1.2405,8796.72
4366,-4.3795,50,0,-3.3029,2.0124,0.24,1.2274,8797.95
4367,-4.7234,50,0,-3.3072,2.015,0.24,1.1729,8799.12
4368,-3.143,50,0,-3.2998,2.0143,0.24,1.1868,8800.31
4369,-3.8785,50,0,-3.286,2.0056,0.24,1.1491,8801.45
4370,-2.7993,50,0,-3.282,2.0061,0.24,1.1797,8802.63
4371,-4.4301,50,0,-3.291,2.0092,0.24,1.1814,8803.82
4372,-0.0495,1,1,-3.2488,2.0324,0.25,0.0233,8803.84
4373,-4.9733,50,0,-3.2578,2.038,0.25,1.1468,8804.99
4374,-0.0401,1,1,-3.2198,2.0621,0.26,0.0241,8805.01
4375,-0.0444,1,1,-3.1821,2.0852,0.27,0.0227,8805.03
4376,-5.0808,50,0,-3.2326,2.0695,0.26,1.2462,8806.28
4377,-0.0274,1,1,-3.2324,2.0696,0.26,0.0298,8806.31
4378,-2.8606,50,0,-3.2241,2.0694,0.26,1.2126,8807.52
4379,-3.1436,50,0,-3.2221,2.0694,0.26,1.1767,8808.7
4380,-3.89,50,0,-3.2605,2.0457,0.25,1.2274,8809.93
4381,-4.7984,50,0,-3.2733,2.0513,0.25,1.207,8811.13
4382,-5.4802,50,0,-3.2959,2.063,0.25,1.2161,8812.35
4383,-0.0241,1,1,-3.2372,2.0716,0.26,0.0212,8812.37
4384,-4.3713,50,0,-3.2147,2.0468,0.26,1.2259,8813.6
4385,-5.3938,50,0,-3.2354,2.0582,0.26,1.19,8814.79
4386,-3.0337,50,0,-3.2303,2.0581,0.26,1.1891,8815.97
4387,-0.0469,1,1,-3.1938,2.0817,0.27,0.0276,8816.0
4388,-5.5064,50,0,-3.2091,2.093,0.27,1.1495,8817.15
4389,-5.4212,50,0,-3.2629,2.0801,0.26,1.1864,8818.34
4390,-5.061,50,0,-3.2798,2.0877,0.26,1.3228,8819.66
4391,-2.6547,50,0,-3.306,2.0632,0.25,1.3079,8820.97
4392,-5.5255,50,0,-3.3136,2.07,0.25,1.3615,8822.33
4393,-0.0141,1,1,-3.2841,2.0956,0.26,0.0286,8822.36
4394,-0.0496,1,1,-3.2427,2.1181,0.27,0.0258,8822.38
4395,-6.1824,50,0,-3.2537,2.1305,0.27,1.4501,8823.83
4396,-4.594,50,0,-3.2901,2.1221,0.26,1.6656,8825.5
4397,-2.8408,50,0,-3.271,2.1174,0.26,1.5361,8827.04
4398,-4.4159,50,0,-3.2619,2.1106,0.26,1.4948,8828.53
4399,-4.5837,50,0,-3.2631,2.1113,0.26,1.583,8830.11
4400,-2.793,50,0,-3.2909,2.0865,0.25,1.5526,8831.67
4401,-0.0435,1,1,-3.2343,2.097,0.26,0.0293,8831.7
4402,-3.097,50,0,-3.2184,2.092,0.26,1.3716,8833.07
4403,-5.0381,50,0,-3.2684,2.0751,0.25,1.4576,8834.53
4404,-5.6079,50,0,-3.2614,2.0659,0.25,1.4685,8835.99
4405,-4.0207,50,0,-3.3012,2.0416,0.24,1.5792,8837.57
4406,-4.6783,50,0,-3.3476,2.0196,0.23,1.5431,8839.12
4407,-2.732,50,0,-3.3394,2.0204,0.23,1.4011,8840.52
4408,-3.2467,50,0,-3.3417,2.0202,0.23,1.2114,8841.73
4409,-3.8296,50,0,-3.3187,2.0014,0.23,1.3038,8843.03
4410,-3.826,50,0,-3.2926,1.9774,0.23,1.1907,8844.22
4411,-5.0322,50,0,-3.3424,1.9576,0.22,1.2277,8845.45
4412,-4.1962,50,0,-3.3839,1.9312,0.21,1.3406,8846.79
4413,-5.9949,50,0,-3.4026,1.9473,0.21,1.2573,8848.05
4414,-3.4663,50,0,-3.3891,1.9421,0.21,1.2951,8849.34
4415,-2.6313,50,0,-3.3569,1.9277,0.21,1.2524,8850.6
4416,-6.7504,50,0,-3.424,1.9278,0.2,1.1783,8851.77
4417,-0.0353,1,1,-3.4242,1.9276,0.2,0.0309,8851.81
4418,-4.2353,50,0,-3.4148,1.9214,0.2,1.3253,8853.13
4419,-3.8371,50,0,-3.3999,1.9123,0.2,1.1839,8854.31
4420,-4.168,50,0,-3.4052,1.9136,0.2,1.2053,8855.52
4421,-0.0004,1,1,-3.3473,1.9282,0.21,0.0244,8855.54
4422,-3.6413,50,0,-3.3834,1.8994,0.2,1.1626,8856.71
4423,-2.796,50,0,-3.411,1.8704,0.19,1.1279,8857.83
4424,-5.8504,50,0,-3.4139,1.874,0.19,1.2616,8859.1
4425,-3.8503,50,0,-3.4118,1.8734,0.19,1.247,8860.34
4426,-2.5536,50,0,-3.4371,1.8443,0.18,1.2499,8861.59
4427,-5.234,50,0,-3.4891,1.8208,0.17,1.2591,8862.85
4428,-5.4817,50,0,-3.503,1.8306,0.17,1.2568,8864.11
4429,-6.8593,50,0,-3.544,1.8592,0.17,1.3001,8865.41
4430,-5.1644,50,0,-3.5694,1.8637,0.17,1.2436,8866.65
4431,-0.0201,1,1,-3.5347,1.8969,0.18,0.0222,8866.68
4432,-3.6781,50,0,-3.5449,1.8949,0.18,1.1376,8867.81
4433,-0.0195,1,1,-3.4932,1.9197,0.19,0.0243,8867.84
4434,-2.8768,50,0,-3.4899,1.9204,0.19,1.1659,8869.0
4435,-3.5602,50,0,-3.4852,1.9196,0.19,1.1723,8870.18
4436,-13.6974,50,0,-3.5587,2.1543,0.19,1.2146,8871.39
4437,-0.0457,1,1,-3.5122,2.1793,0.2,0.0251,8871.42
4438,-2.8812,50,0,-3.5083,2.1801,0.2,1.1559,8872.57
4439,-6.106,50,0,-3.5202,2.1909,0.2,1.1643,8873.74
4440,-4.2815,50,0,-3.5366,2.1904,0.2,1.3145,8875.05
4441,-0.0237,1,1,-3.5034,2.2181,0.21,0.027,8875.08
4442,-0.6429,8,1,-3.5095,2.2094,0.21,0.2065,8875.28
4443,-6.2438,50,0,-3.5274,2.2242,0.21,1.2622,8876.55
4444,-4.6282,50,0,-3.5109,2.2098,0.21,1.3043,8877.85
4445,-0.3111,6,1,-3.5136,2.2058,0.21,0.1513,8878.0
4446,-4.2673,50,0,-3.499,2.1959,0.21,1.2564,8879.26
4447,-0.0201,1,1,-3.452,2.2194,0.22,0.0244,8879.28
4448,-3.3421,50,0,-3.437,2.215,0.22,1.2252,8880.51
4449,-5.8402,50,0,-3.4545,2.227,0.22,1.2868,8881.79
4450,-2.9836,50,0,-3.4068,2.1851,0.22,1.2353,8883.03
4451,-2.9532,50,0,-3.4053,2.1854,0.22,1.1836,8884.21
4452,-4.5457,50,0,-3.4117,2.1878,0.22,1.2301,8885.44
4453,-4.5021,50,0,-3.4416,2.182,0.21,1.1603,8886.6
4454,-2.7247,50,0,-3.4366,2.1831,0.21,1.1823,8887.79
4455,-0.0376,1,1,-3.4369,2.1827,0.21,0.024,8887.81
4456,-5.5258,50,0,-3.4595,2.1925,0.21,1.1943,8889.0
4457,-5.1531,50,0,-3.4696,2.1979,0.21,1.1614,8890.17
4458,-0.0335,1,1,-3.4368,2.2243,0.22,0.0247,8890.19
4459,-4.8336,50,0,-3.4712,2.2191,0.21,1.1712,8891.36
4460,-3.5503,50,0,-3.4664,2.2184,0.21,1.2682,8892.63
4461,-3.9674,50,0,-3.4726,2.219,0.21,1.3629,8893.99
4462,-4.5937,50,0,-3.5181,2.1946,0.2,1.4011,8895.39
4463,-5.3106,50,0,-3.543,2.2007,0.2,1.3207,8896.71
4464,-3.5837,50,0,-3.5362,2.1995,0.2,1.5164,8898.23
4465,-5.269,50,0,-3.5621,2.2045,0.2,1.452,8899.68
4466,-5.4915,50,0,-3.5732,2.2114,0.2,1.4221,8901.1
4467,-0.0232,1,1,-3.5262,2.2363,0.21,0.0272,8901.13
4468,-4.8275,50,0,-3.543,2.2397,0.21,1.4755,8902.61
4469,-0.022,1,1,-3.5045,2.2666,0.22,0.0313,8902.64
4470,-3.263,50,0,-3.5091,2.2656,0.22,1.432,8904.07
4471,-3.0111,50,0,-3.4949,2.2643,0.22,1.3986,8905.47
4472,-6.6952,50,0,-3.5614,2.2597,0.21,1.3023,8906.77
4473,-0.0394,1,1,-3.512,2.2821,0.22,0.0296,8906.8
4474,-4.5312,50,0,-3.5569,2.2574,0.21,1.417,8908.22
4475,-0.0266,1,1,-3.5568,2.2576,0.21,0.0273,8908.25
4476,-0.0217,1,1,-3.5062,2.2795,0.22,0.0311,8908.28
4477,-4.6031,50,0,-3.5519,2.255,0.21,1.331,8909.61
4478,-0.0479,1,1,-3.5238,2.2808,0.22,0.0235,8909.63
4479,-5.4676,50,0,-3.547,2.2887,0.22,1.2907,8910.92
4480,-6.2109,50,0,-3.5702,2.3038,0.22,1.3104,8912.23
4481,-0.8658,10,1,-3.5309,2.316,0.23,0.2704,8912.5
4482,-0.0244,1,1,-3.4764,2.3336,0.24,0.0253,8912.53
4483,-4.074,50,0,-3.5169,2.3084,0.23,1.2511,8913.78
4484,-0.0089,1,1,-3.4732,2.3329,0.24,0.0282,8913.81
4485,-3.9019,50,0,-3.4583,2.3253,0.24,1.2319,8915.04
4486,-5.9072,50,0,-3.4871,2.3376,0.24,1.1902,8916.23
4487,-4.3896,50,0,-3.5305,2.3135,0.23,1.3532,8917.58
4488,-0.0313,1,1,-3.4757,2.3308,0.24,0.0243,8917.61
4489,-0.0363,1,1,-3.4219,2.3474,0.25,0.0271,8917.63
4490,-0.0237,1,1,-3.3715,2.3657,0.26,0.0242,8917.66
4491,-5.6493,50,0,-3.4015,2.3753,0.26,1.3434,8919.0
4492,-3.601,50,0,-3.3822,2.3658,0.26,1.4627,8920.46
4493,-2.6399,50,0,-3.4085,2.3428,0.25,1.6335,8922.1
4494,-3.57,50,0,-3.4437,2.3184,0.24,1.6114,8923.71
4495,-5.2956,50,0,-3.4348,2.3095,0.24,1.5973,8925.31
4496,-3.1716,50,0,-3.4206,2.3067,0.24,1.5408,8926.85
4497,-6.3131,50,0,-3.4553,2.3238,0.24,1.5928,8928.44
4498,-3.8223,50,0,-3.4494,2.3221,0.24,1.4956,8929.94
4499,-0.043,1,1,-3.404,2.3438,0.25,0.0238,8929.96
4500,-2.5966,50,0,-3.402,2.3444,0.25,1.4325,8931.39
4501,-5.0885,50,0,-3.4524,2.3258,0.24,1.6256,8933.02
4502,-0.0452,1,1,-3.4219,2.3501,0.25,0.0295,8933.05
4503,-2.5778,50,0,-3.3973,2.346,0.25,1.4162,8934.46
4504,-0.0441,1,1,-3.3417,2.3588,0.26,0.0291,8934.49
4505,-3.9883,50,0,-3.3414,2.3587,0.26,1.3913,8935.88
4506,-2.8234,50,0,-3.3228,2.3554,0.26,1.3042,8937.19
4507,-0.7805,15,1,-3.3033,2.3683,0.27,0.3657,8937.55
4508,-2.7061,50,0,-3.2979,2.369,0.27,1.1883,8938.74
4509,-2.9615,50,0,-3.2892,2.3686,0.27,1.2441,8939.99
4510,-3.5503,50,0,-3.2864,2.3682,0.27,1.2269,8941.21
4511,-4.5336,50,0,-3.2815,2.365,0.27,1.2037,8942.42
4512,-2.6273,50,0,-3.2658,2.3641,0.27,1.1451,8943.56
4513,-3.2706,50,0,-3.2385,2.3481,0.27,1.2275,8944.79
4514,-4.599,50,0,-3.2499,2.3519,0.27,1.4443,8946.23
4515,-0.0135,1,1,-3.2237,2.3732,0.28,0.0264,8946.26
4516,-3.4073,50,0,-3.1902,2.3466,0.28,1.2908,8947.55
4517,-3.4668,50,0,-3.2246,2.3252,0.27,1.1779,8948.73
4518,-0.8239,10,1,-3.1904,2.3352,0.28,0.2861,8949.01
4519,-3.5546,50,0,-3.1876,2.3346,0.28,1.4683,8950.48
4520,-4.7433,50,0,-3.1934,2.3377,0.28,1.3983,8951.88
4521,-6.1604,50,0,-3.255,2.3339,0.27,1.3424,8953.22
4522,-5.4525,50,0,-3.2731,2.3438,0.27,1.3163,8954.54
4523,-0.028,1,1,-3.2454,2.3655,0.28,0.0278,8954.57
4524,-1.8673,20,1,-3.2056,2.3548,0.29,0.4887,8955.06
4525,-0.0387,1,1,-3.1675,2.3749,0.3,0.0274,8955.08
4526,-3.9069,50,0,-3.181,2.3752,0.3,1.2487,8956.33
4527,-3.0168,50,0,-3.1588,2.3662,0.3,1.339,8957.67
4528,-3.6195,39,1,-3.1402,2.3552,0.31,0.9685,8958.64
4529,-3.5011,50,0,-3.1066,2.3257,0.31,1.3042,8959.94
4530,-0.0326,1,1,-3.0553,2.3363,0.32,0.0296,8959.97
4531,-0.048,1,1,-3.0556,2.3359,0.32,0.0277,8960.0
4532,-0.0418,1,1,-3.0192,2.3542,0.33,0.0272,8960.03
4533,-4.4018,50,0,-3.063,2.3387,0.32,1.316,8961.34
4534,-4.7591,50,0,-3.0819,2.3447,0.32,1.2938,8962.64
4535,-4.3565,50,0,-3.0898,2.3476,0.32,1.2437,8963.88
4536,-3.9598,50,0,-2.9924,2.0939,0.32,1.3639,8965.25
4537,-2.7454,50,0,-3.0194,2.073,0.31,1.3825,8966.63
4538,-6.3862,50,0,-3.0545,2.0998,0.31,1.2982,8967.93
4539,-0.6091,12,1,-2.9995,2.0912,0.32,0.2902,8968.22
4540,-3.306,50,0,-2.9898,2.0874,0.32,1.2883,8969.51
4541,-3.1958,50,0,-3.0215,2.0661,0.31,1.2707,8970.78
4542,-4.913,50,0,-3.0642,2.0606,0.3,1.3322,8972.11
4543,-3.391,50,0,-3.0357,2.036,0.3,1.4025,8973.51
4544,-6.6553,50,0,-3.0559,2.0617,0.3,1.3321,8974.84
4545,-3.5427,50,0,-3.0883,2.0437,0.29,1.3589,8976.2
4546,-3.0162,50,0,-3.0757,2.0402,0.29,1.2989,8977.5
4547,-4.0852,50,0,-3.1164,2.0193,0.28,1.3479,8978.85
4548,-0.0099,1,1,-3.0831,2.0427,0.29,0.0249,8978.87
4549,-2.7439,50,0,-3.0521,2.0241,0.29,1.3629,8980.24
4550,-0.0219,1,1,-3.0225,2.0464,0.3,0.0275,8980.26
4551,-3.1512,50,0,-3.0245,2.0464,0.3,1.3818,8981.65
4552,-1.213,12,1,-2.9911,2.0485,0.31,0.3655,8982.01
4553,-5.5431,50,0,-3.0016,2.0588,0.31,1.5406,8983.55
4554,-4.472,50,0,-3.019,2.0638,0.31,1.3469,8984.9
4555,-11.3219,50,0,-3.1319,2.2016,0.3,1.385,8986.28
4556,-5.6892,50,0,-3.1335,2.2034,0.3,1.3067,8987.59
4557,-2.9749,50,0,-3.1117,2.1941,0.3,1.3273,8988.92
4558,-0.0404,1,1,-3.1118,2.194,0.3,0.0243,8988.94
4559,-3.3924,50,0,-3.0974,2.1873,0.3,1.7597,8990.7
4560,-4.3012,50,0,-3.1049,2.1902,0.3,1.7052,8992.41
4561,-0.0214,1,1,-3.0654,2.2097,0.31,0.0453,8992.45
4562,-3.8634,50,0,-3.0581,2.2059,0.31,1.5513,8994.0
4563,-4.7996,50,0,-3.053,2.2012,0.31,1.3989,8995.4
4564,-2.629,50,0,-3.0435,2.201,0.31,1.4824,8996.88
4565,-0.0491,1,1,-2.9913,2.2095,0.32,0.0394,8996.92
4566,-0.0374,1,1,-2.9367,2.2144,0.33,0.0267,8996.95
4567,-3.7188,50,0,-2.9737,2.1962,0.32,1.559,8998.51
4568,-4.1746,50,0,-2.9672,2.1917,0.32,1.5419,9000.05
4569,-5.4457,50,0,-3.0214,2.1852,0.31,1.4944,9001.55
4570,-0.0317,1,1,-2.9891,2.2052,0.32,0.0272,9001.57
4571,-4.1997,50,0,-3.001,2.2085,0.32,1.5056,9003.08
4572,-3.5188,50,0,-2.9692,2.1777,0.32,1.4233,9004.5
4573,-2.7159,50,0,-2.996,2.1579,0.31,1.4352,9005.94
4574,-4.4904,50,0,-2.9956,2.1576,0.31,1.2645,9007.2
4575,-2.3241,30,1,-3.0185,2.1381,0.31,0.7152,9007.92
4576,-4.7788,50,0,-3.0661,2.1237,0.3,1.2944,9009.21
4577,-2.9746,27,1,-3.0498,2.1181,0.31,0.7874,9010.0
4578,-5.3605,50,0,-3.1029,2.1088,0.3,1.3537,9011.35
4579,-5.0755,50,0,-3.099,2.1047,0.3,1.2814,9012.63
4580,-2.7257,50,0,-3.0642,2.0816,0.3,1.3226,9013.96
4581,-0.042,1,1,-3.0559,2.0919,0.3,0.0289,9013.99
4582,-0.0312,1,1,-3.056,2.0918,0.3,0.0264,9014.01
4583,-2.5017,50,0,-3.0403,2.09,0.3,1.4539,9015.47
4584,-2.7318,50,0,-3.0675,2.068,0.29,1.2835,9016.75
4585,-3.5789,50,0,-3.0643,2.0669,0.29,1.3199,9018.07
4586,-4.625,50,0,-3.0515,2.0532,0.29,2.627,9020.7
4587,-4.7579,50,0,-3.0551,2.0559,0.29,1.4134,9022.11
4588,-3.2685,50,0,-3.0875,2.0334,0.28,1.3539,9023.46
4589,-0.5773,10,1,-3.0929,2.026,0.28,0.2564,9023.72
4590,-1.0272,19,1,-3.103,2.0132,0.28,0.4982,9024.22
4591,-0.5147,9,1,-3.0516,2.0131,0.29,0.2267,9024.44
4592,-4.6562,50,0,-3.0622,2.0187,0.29,1.2977,9025.74
4593,-4.7872,50,0,-3.0836,2.0255,0.29,1.359,9027.1
4594,-6.0292,50,0,-3.1082,2.0461,0.29,1.3712,9028.47
4595,-0.0471,1,1,-3.0557,2.0566,0.3,0.0295,9028.5
4596,-6.7091,50,0,-3.0911,2.0884,0.3,1.3626,9029.86
4597,-5.3316,50,0,-3.0813,2.0755,0.3,1.3564,9031.22
4598,-3.6183,50,0,-3.0793,2.0749,0.3,1.3705,9032.59
4599,-0.0447,1,1,-3.0793,2.0749,0.3,0.0277,9032.62
4600,-0.0309,1,1,-3.0536,2.0964,0.31,0.0303,9032.65
4601,-0.0278,1,1,-3.003,2.1078,0.32,0.0348,9032.68
4602,-5.3417,50,0,-3.056,2.0993,0.31,1.3661,9034.05
4603,-5.3714,50,0,-3.0839,2.1113,0.31,1.3131,9035.36
4604,-3.8544,50,0,-3.122,2.0904,0.3,1.4514,9036.81
4605,-5.1837,50,0,-3.134,2.0987,0.3,1.431,9038.25
4606,-0.0418,1,1,-3.1062,2.1209,0.31,0.0277,9038.27
4607,-0.4843,8,1,-3.1032,2.1244,0.31,0.3138,9038.59
4608,-4.083,50,0,-3.117,2.1262,0.31,1.3054,9039.89
4609,-4.5934,50,0,-3.1333,2.1312,0.31,1.3157,9041.21
4610,-2.5223,50,0,-3.123,2.1317,0.31,1.2272,9042.44
4611,-0.0409,1,1,-3.0781,2.1488,0.32,0.0247,9042.46
4612,-1.5642,18,1,-3.0675,2.1536,0.33,0.5355,9043.0
4613,-6.4473,50,0,-3.0992,2.1796,0.33,1.166,9044.16
4614,-5.6601,50,0,-3.1098,2.1895,0.33,1.1259,9045.29
4615,-0.0438,1,1,-3.1101,2.189,0.33,0.0268,9045.31
4616,-5.0256,50,0,-3.1263,2.1971,0.33,1.1497,9046.46
4617,-2.1475,40,1,-3.1131,2.199,0.34,0.949,9047.41
4618,-0.8558,17,1,-3.1134,2.1987,0.34,0.4085,9047.82
4619,-0.0074,1,1,-3.078,2.2198,0.35,0.0306,9047.85
4620,-4.7137,50,0,-3.0777,2.2196,0.35,1.1445,9049.0
4621,-3.1637,50,0,-3.0477,2.1979,0.35,1.1533,9050.15
4622,-2.8794,50,0,-3.022,2.1846,0.35,1.1732,9051.32
4623,-0.05,1,1,-3.0222,2.1843,0.35,0.023,9051.35
4624,-4.1978,50,0,-3.0455,2.1843,0.34,1.203,9052.55
4625,-6.0986,50,0,-3.1061,2.1841,0.33,1.1334,9053.68
4626,-4.1765,50,0,-3.1088,2.1852,0.33,1.1194,9054.8
4627,-3.3726,50,0,-3.1124,2.1854,0.33,1.1486,9055.95
4628,-3.9051,50,0,-3.1152,2.1862,0.32,1.206,9057.16
4629,-3.501,50,0,-3.1152,2.1862,0.32,1.1264,9058.28
4630,-3.8696,50,0,-3.1536,2.1653,0.31,1.201,9059.48
4631,-9.0844,50,0,-3.2439,2.2217,0.3,1.1368,9060.62
4632,-4.6793,50,0,-3.2903,2.2027,0.29,1.1951,9061.82
4633,-4.4978,50,0,-3.2913,2.2032,0.29,1.1434,9062.96
4634,-1.0091,13,1,-3.2538,2.2098,0.3,0.2997,9063.26
4635,-2.9351,50,0,-3.2396,2.2072,0.3,1.1759,9064.44
4636,-0.0369,1,1,-3.2003,2.2288,0.31,0.0256,9064.46
4637,-4.8986,50,0,-3.2219,2.2347,0.31,1.2077,9065.67
4638,-0.0268,1,1,-3.1583,2.2342,0.32,0.0242,9065.69
4639,-0.0103,1,1,-3.1523,2.2419,0.32,0.0247,9065.72
4640,-0.4608,9,1,-3.1238,2.2577,0.33,0.2125,9065.93
4641,-3.3772,50,0,-3.1256,2.2578,0.33,1.1448,9067.07
4642,-4.1834,50,0,-3.1184,2.2532,0.33,1.1754,9068.25
4643,-4.0816,50,0,-3.1253,2.2551,0.33,1.1601,9069.41
4644,-0.6157,12,1,-3.0649,2.2406,0.34,0.2744,9069.68
4645,-0.0473,1,1,-3.0299,2.2601,0.35,0.0257,9069.71
4646,-9.5556,50,0,-3.0953,2.3515,0.35,1.1254,9070.84
4647,-5.0149,50,0,-3.1046,2.3572,0.35,1.1847,9072.02
4648,-1.2818,19,1,-3.1173,2.3439,0.35,0.4405,9072.46
4649,-0.0427,1,1,-3.0903,2.3635,0.36,0.0263,9072.49
4650,-3.4101,50,0,-3.1242,2.3435,0.35,1.193,9073.68
4651,-0.0278,1,1,-3.093,2.3636,0.36,0.0215,9073.7
4652,-3.3075,50,0,-3.1139,2.3561,0.35,1.1946,9074.9
4653,-3.7647,50,0,-3.0961,2.3444,0.35,1.1619,9076.06
4654,-0.0291,1,1,-3.0517,2.36,0.36,0.0268,9076.08
4655,-4.7491,50,0,-2.986,2.2158,0.36,1.3492,9077.43
4656,-7.0955,50,0,-3.0,2.2373,0.36,1.3956,9078.83
4657,-0.8477,10,1,-2.9787,2.2475,0.37,0.3161,9079.15
4658,-3.7318,50,0,-3.0157,2.2292,0.36,1.6236,9080.77
4659,-3.569,50,0,-3.0174,2.2296,0.36,1.4316,9082.2
4660,-6.854,50,0,-3.043,2.2586,0.36,1.5688,9083.77
4661,-0.046,1,1,-3.0432,2.2582,0.36,0.0373,9083.81
4662,-0.0367,1,1,-3.0049,2.2764,0.37,0.0314,9083.84
4663,-0.4311,8,1,-2.9612,2.2834,0.38,0.2427,9084.08
4664,-5.3458,50,0,-2.9884,2.2954,0.38,1.5955,9085.68
4665,-6.229,50,0,-3.0502,2.2986,0.37,1.4635,9087.14
4666,-4.3034,50,0,-3.0929,2.2819,0.36,1.4853,9088.63
4667,-3.6407,50,0,-3.0921,2.2817,0.36,1.3955,9090.02
4668,-0.6817,11,1,-3.0572,2.2915,0.37,0.3023,9090.32
4669,-0.0374,1,1,-3.0031,2.2983,0.38,0.0322,9090.36
4670,-3.907,50,0,-3.0418,2.2805,0.37,1.5303,9091.89
4671,-5.3897,50,0,-3.0537,2.2896,0.37,1.4749,9093.36
4672,-3.977,50,0,-3.0583,2.291,0.37,1.5337,9094.89
4673,-3.1706,50,0,-3.0629,2.2908,0.37,1.4371,9096.33
4674,-3.2879,50,0,-3.0508,2.2864,0.37,1.3612,9097.69
4675,-3.9538,50,0,-3.0671,2.287,0.36,1.3787,9099.07
4676,-0.0416,1,1,-3.0198,2.3,0.37,0.0265,9099.1
4677,-4.4805,50,0,-3.0348,2.3046,0.36,1.4514,9100.55
4678,-0.6904,12,1,-2.9881,2.3043,0.37,0.3233,9100.87
4679,-0.0206,1,1,-2.9376,2.3134,0.38,0.024,9100.9
4680,-3.8539,50,0,-2.9489,2.3151,0.38,1.4574,9102.35
4681,-2.9352,50,0,-2.9778,2.2966,0.37,1.453,9103.81
4682,-0.0307,1,1,-2.9778,2.2966,0.37,0.0228,9103.83
4683,-4.4234,50,0,-2.997,2.3006,0.37,1.3542,9105.18
4684,-0.7563,13,1,-2.9772,2.3112,0.38,0.3586,9105.54
4685,-0.0218,1,1,-2.9417,2.329,0.39,0.0253,9105.57
4686,-4.3364,50,0,-2.9388,2.3271,0.39,1.2085,9106.78
4687,-6.0616,50,0,-2.9518,2.3409,0.39,1.282,9108.06
4688,-1.1201,15,1,-2.9303,2.3477,0.4,0.4082,9108.47
4689,-5.5636,50,0,-2.9802,2.3501,0.39,1.459,9109.93
4690,-5.868,50,0,-3.0286,2.3593,0.38,1.8525,9111.78
4691,-6.2353,50,0,-3.0858,2.3669,0.37,1.5856,9113.36
4692,-3.3608,50,0,-3.0729,2.3619,0.37,1.5125,9114.88
4693,-0.8455,11,1,-3.0334,2.3658,0.38,0.3127,9115.19
4694,-0.6832,10,1,-2.98,2.3579,0.39,0.2904,9115.48
4695,-0.0499,1,1,-2.98,2.3579,0.39,0.031,9115.51
4696,-0.0238,1,1,-2.9132,2.3459,0.4,0.0309,9115.54
4697,-4.4555,50,0,-2.9044,2.3385,0.4,1.5065,9117.05
4698,-3.9074,50,0,-2.9073,2.3396,0.4,1.4849,9118.53
4699,-4.6811,50,0,-2.9537,2.3283,0.39,1.5099,9120.04
4700,-4.1802,50,0,-2.9951,2.3127,0.38,1.288,9121.33
4701,-0.0476,1,1,-2.9953,2.3125,0.38,0.0393,9121.37
4702,-0.0341,1,1,-2.9423,2.3189,0.39,0.0291,9121.4
4703,-0.8487,10,1,-2.897,2.3152,0.4,0.2634,9121.66
4704,-0.0276,1,1,-2.8588,2.3307,0.41,0.0223,9121.68
4705,-6.3988,50,0,-2.8709,2.3459,0.41,1.224,9122.91
4706,-0.611,9,1,-2.8766,2.3397,0.41,0.2579,9123.17
4707,-0.0375,1,1,-2.8721,2.3447,0.41,0.0248,9123.19
4708,-0.0353,1,1,-2.8317,2.3583,0.42,0.0265,9123.22
4709,-5.7486,50,0,-2.8432,2.3697,0.42,1.2104,9124.43
4710,-3.5113,50,0,-2.8531,2.3704,0.42,1.2866,9125.72
4711,-4.7481,50,0,-2.9002,2.3608,0.41,1.4294,9127.14
4712,-3.9895,50,0,-2.9244,2.3594,0.4,1.5305,9128.67
4713,-3.1341,50,0,-2.8913,2.3328,0.4,1.5382,9130.21
4714,-1.076,14,1,-2.8455,2.323,0.41,0.4142,9130.63
4715,-4.7012,50,0,-2.892,2.313,0.4,1.5213,9132.15
4716,-0.0441,1,1,-2.8422,2.3202,0.41,0.0277,9132.18
4717,-1.2555,15,1,-2.8333,2.3245,0.41,0.5296,9132.71
4718,-5.3485,50,0,-2.8782,2.3293,0.4,1.5192,9134.23
4719,-0.0478,1,1,-2.8786,2.3288,0.4,0.0292,9134.25
4720,-3.316,50,0,-2.8647,2.3219,0.4,1.4482,9135.7
4721,-1.8649,18,1,-2.8517,2.3238,0.41,0.5112,9136.21
4722,-4.9214,50,0,-2.8721,2.333,0.41,1.4862,9137.7
4723,-0.9483,14,1,-2.8811,2.3238,0.41,0.4157,9138.12
4724,-0.5587,9,1,-2.8447,2.3314,0.42,0.2689,9138.38
4725,-5.9543,50,0,-2.8432,2.3294,0.42,1.6057,9139.99
4726,-2.8754,50,0,-2.8302,2.3255,0.42,1.5545,9141.54
4727,-0.9279,14,1,-2.8058,2.3325,0.43,0.4404,9141.99
4728,-2.8118,50,0,-2.7948,2.3299,0.43,1.4731,9143.46
4729,-5.9273,50,0,-2.8191,2.3497,0.43,1.3005,9144.76
4730,-0.6905,12,1,-2.7873,2.3568,0.44,0.3669,9145.13
4731,-5.5209,50,0,-2.7517,2.2872,0.44,1.252,9146.38
4732,-4.892,50,0,-2.7538,2.2891,0.44,1.3137,9147.69
4733,-6.7114,50,0,-2.7759,2.3164,0.44,1.2117,9148.9
4734,-2.9006,50,0,-2.7949,2.3096,0.43,1.507,9150.41
4735,-3.567,50,0,-2.8012,2.3108,0.43,1.2075,9151.62
4736,-4.0706,50,0,-2.8415,2.2974,0.42,1.2619,9152.88
4737,-3.1812,50,0,-2.8243,2.2884,0.42,1.1544,9154.03
4738,-0.0382,1,1,-2.8245,2.2882,0.42,0.022,9154.06
4739,-2.6121,50,0,-2.8505,2.2708,0.41,1.2467,9155.3
4740,-0.6564,10,1,-2.8524,2.2688,0.41,0.2538,9155.56
4741,-3.1605,50,0,-2.8503,2.2684,0.41,1.3697,9156.93
4742,-8.0101,50,0,-2.8885,2.3222,0.41,1.386,9158.31
4743,-6.4368,50,0,-2.9121,2.346,0.41,1.3333,9159.65
4744,-3.6265,50,0,-2.9422,2.3357,0.4,1.3016,9160.95
4745,-0.0116,1,1,-2.9418,2.3361,0.4,0.0295,9160.98
4746,-3.3864,50,0,-2.8801,2.2401,0.4,1.1268,9162.1
4747,-1.4153,19,1,-2.8441,2.2345,0.41,0.443,9162.55
4748,-5.0433,50,0,-2.8818,2.2395,0.4,1.175,9163.72
4749,-5.3332,50,0,-2.9347,2.2343,0.39,1.1641,9164.89
4750,-0.9437,11,1,-2.91,2.2425,0.4,0.2557,9165.14
4751,-3.8322,50,0,-2.948,2.2255,0.39,1.3208,9166.46
4752,-0.0243,1,1,-2.9152,2.2441,0.4,0.0251,9166.49
4753,-0.0163,1,1,-2.8777,2.2608,0.41,0.0258,9166.51
4754,-0.0297,1,1,-2.8777,2.2608,0.41,0.0234,9166.54
4755,-3.1364,50,0,-2.8616,2.2531,0.41,1.1445,9167.68
4756,-5.7165,50,0,-2.8478,2.2313,0.41,1.3133,9168.99
4757,-0.6174,9,1,-2.8455,2.2335,0.41,0.2381,9169.23
4758,-3.7945,50,0,-2.8461,2.2337,0.41,1.3838,9170.62
4759,-1.3128,16,1,-2.8236,2.2377,0.42,0.4035,9171.02
4760,-0.8637,12,1,-2.7637,2.209,0.43,0.3302,9171.35
4761,-1.0042,18,1,-2.7733,2.1993,0.43,0.4837,9171.83
4762,-2.8362,50,0,-2.8013,2.182,0.42,1.3678,9173.2
4763,-0.023,1,1,-2.7972,2.1868,0.42,0.0239,9173.23
4764,-4.7903,50,0,-2.7916,2.181,0.42,1.299,9174.52
4765,-0.4938,8,1,-2.7343,2.1652,0.43,0.177,9174.7
4766,-1.1323,16,1,-2.7026,2.1652,0.44,0.4248,9175.13
4767,-1.5886,18,1,-2.682,2.166,0.45,0.5148,9175.64
4768,-0.6394,9,1,-2.6816,2.1664,0.45,0.2776,9175.92
4769,-4.949,50,0,-2.7307,2.1615,0.44,1.3112,9177.23
4770,-4.8882,50,0,-2.7405,2.1691,0.44,1.1946,9178.42
4771,-5.6999,50,0,-2.7436,2.1731,0.44,1.2439,9179.67
4772,-5.3071,50,0,-2.7569,2.1846,0.44,1.4097,9181.08
4773,-0.4124,7,1,-2.7294,2.1966,0.45,0.1773,9181.25
4774,-4.9726,50,0,-2.7462,2.2073,0.45,1.3489,9182.6
4775,-4.5866,50,0,-2.7525,2.2116,0.45,1.2537,9183.86
4776,-3.6193,50,0,-2.7883,2.1964,0.44,1.294,9185.15
4777,-4.7931,50,0,-2.7914,2.199,0.44,1.3354,9186.49
4778,-5.0538,50,0,-2.8351,2.2001,0.43,1.5304,9188.02
4779,-0.0226,1,1,-2.8351,2.2001,0.43,0.0318,9188.05
4780,-1.0778,16,1,-2.8073,2.2046,0.44,0.4833,9188.53
4781,-2.7515,50,0,-2.8055,2.2046,0.44,1.5157,9190.05
4782,-3.8197,50,0,-2.8434,2.1891,0.43,1.4031,9191.45
4783,-3.4409,50,0,-2.8336,2.1841,0.43,1.3851,9192.84
4784,-0.0322,1,1,-2.8263,2.1922,0.43,0.0278,9192.86
4785,-0.9553,13,1,-2.8357,2.1822,0.43,0.3438,9193.21
4786,-0.0456,1,1,-2.7928,2.1944,0.44,0.0276,9193.24
4787,-0.0361,1,1,-2.7325,2.1866,0.45,0.0221,9193.26
4788,-4.3953,50,0,-2.7652,2.1867,0.44,1.4005,9194.66
4789,-0.0419,1,1,-2.71,2.185,0.45,0.0292,9194.69
4790,-4.1189,50,0,-2.6925,2.1666,0.45,1.3905,9196.08
4791,-4.6008,50,0,-2.6762,2.1459,0.45,1.4,9197.48
4792,-5.5197,50,0,-2.6978,2.1635,0.45,1.3616,9198.84
4793,-3.6529,50,0,-2.7259,2.1574,0.44,1.2669,9200.11
4794,-0.884,14,1,-2.7279,2.1556,0.44,0.3287,9200.44
4795,-3.9489,50,0,-2.7669,2.1421,0.43,1.1152,9201.55
4796,-5.2616,50,0,-2.8192,2.1384,0.42,1.1556,9202.71
4797,-5.2233,50,0,-2.8269,2.1456,0.42,1.1779,9203.88
4798,-4.5057,50,0,-2.8329,2.1495,0.42,1.199,9205.08
4799,-3.3816,50,0,-2.8199,2.1422,0.42,1.2313,9206.31
4800,-4.481,50,0,-2.8229,2.1443,0.42,1.3805,9207.69
4801,-4.5736,50,0,-2.8682,2.1329,0.41,1.3713,9209.07
4802,-3.1148,38,1,-2.899,2.114,0.41,1.0926,9210.16
4803,-0.0272,1,1,-2.8908,2.1235,0.41,0.0272,9210.19
4804,-1.4764,20,1,-2.9052,2.1088,0.41,0.5748,9210.76
4805,-3.746,50,0,-2.8787,2.0812,0.41,1.3637,9212.12
4806,-4.1012,50,0,-2.9136,2.0721,0.4,1.3657,9213.49
4807,-4.9104,50,0,-2.9624,2.0612,0.39,1.3603,9214.85
4808,-0.6045,11,1,-2.968,2.0538,0.39,0.2802,9215.13
4809,-0.0388,1,1,-2.9109,2.0551,0.4,0.0288,9215.16
4810,-0.0486,1,1,-2.8763,2.0738,0.41,0.0258,9215.19
4811,-4.7691,50,0,-2.8765,2.074,0.41,1.5288,9216.71
4812,-4.921,50,0,-2.8858,2.081,0.41,1.3316,9218.05
4813,-5.6975,50,0,-2.9115,2.0996,0.41,1.3107,9219.36
4814,-0.9674,10,1,-2.9104,2.1006,0.41,0.2687,9219.62
4815,-0.4284,8,1,-2.8677,2.1072,0.42,0.2178,9219.84
4816,-6.1998,50,0,-2.9292,2.1137,0.41,1.2804,9221.12
4817,-0.0157,1,1,-2.9168,2.1271,0.41,0.0261,9221.15
4818,-4.772,50,0,-2.9111,2.1213,0.41,1.4586,9222.61
4819,-0.0357,1,1,-2.9109,2.1214,0.41,0.0267,9222.63
4820,-0.0401,1,1,-2.8782,2.1401,0.42,0.0287,9222.66
4821,-2.8872,50,0,-2.8884,2.1377,0.41,1.4221,9224.09
4822,-3.081,50,0,-2.87,2.128,0.41,1.5489,9225.63
4823,-0.0201,1,1,-2.8607,2.1384,0.41,0.0321,9225.67
4824,-4.2434,50,0,-2.8976,2.1301,0.4,1.4224,9227.09
4825,-3.5309,50,0,-2.8733,2.1089,0.4,1.4321,9228.52
4826,-4.1471,50,0,-2.886,2.1127,0.4,1.3513,9229.87
4827,-0.9073,10,1,-2.8858,2.1129,0.4,0.2602,9230.13
4828,-3.3765,50,0,-2.8915,2.1135,0.4,1.2764,9231.41
4829,-3.9627,50,0,-2.8718,2.0942,0.4,1.2749,9232.68
4830,-3.0513,50,0,-2.8954,2.0827,0.39,1.2336,9233.92
4831,-3.4999,50,0,-2.8752,2.0669,0.39,1.2799,9235.2
4832,-0.3402,7,1,-2.8297,2.0721,0.4,0.1956,9235.39
4833,-4.093,50,0,-2.8035,2.0392,0.4,1.297,9236.69
4834,-0.6579,10,1,-2.7811,2.0503,0.41,0.2692,9236.96
4835,-4.8285,50,0,-2.7937,2.0589,0.41,1.3118,9238.27
4836,-4.2754,50,0,-2.7958,2.0603,0.41,1.271,9239.54
4837,-0.5742,9,1,-2.7697,2.0717,0.42,0.2536,9239.8
4838,-0.6755,13,1,-2.7761,2.0643,0.42,0.344,9240.14
4839,-4.1019,50,0,-2.791,2.0684,0.42,1.2735,9241.41
4840,-0.6937,9,1,-2.7913,2.068,0.42,0.2031,9241.62
4841,-0.0062,1,1,-2.7598,2.0861,0.43,0.026,9241.64
4842,-0.0117,1,1,-2.6798,2.036,0.44,0.0246,9241.67
4843,-4.806,50,0,-2.6635,2.0123,0.44,1.3201,9242.99
4844,-0.0423,1,1,-2.6277,2.0267,0.45,0.0313,9243.02
4845,-0.0368,1,1,-2.6279,2.0264,0.45,0.0309,9243.05
4846,-0.034,1,1,-2.5944,2.0412,0.46,0.031,9243.08
4847,-3.6179,50,0,-2.6164,2.0402,0.45,1.3658,9244.45
4848,-3.2948,50,1,-2.5989,2.0268,0.46,1.5034,9245.95
4849,-2.4291,26,1,-2.5699,2.0082,0.47,0.7112,9246.66
4850,-1.4038,23,1,-2.5745,2.0049,0.47,0.6653,9247.33
4851,-5.8308,50,0,-2.5945,2.0272,0.47,1.3902,9248.72
4852,-4.5437,50,0,-2.6397,2.0198,0.46,1.2874,9250.0
4853,-0.0336,1,1,-2.6398,2.0196,0.46,0.0316,9250.03
4854,-0.6647,9,1,-2.6462,2.0123,0.46,0.2462,9250.28
4855,-4.5196,50,0,-2.66,2.0204,0.46,1.456,9251.74
4856,-3.6989,50,0,-2.6399,1.9997,0.46,1.4443,9253.18
4857,-5.3209,50,0,-2.6869,2.0069,0.45,1.3226,9254.5
4858,-3.8686,50,0,-2.6876,2.0073,0.45,1.3697,9255.87
4859,-3.9975,50,0,-2.7145,2.0067,0.44,1.2671,9257.14
4860,-4.3081,50,0,-2.7489,2.0042,0.43,1.3452,9258.49
4861,-4.2855,50,0,-2.7817,2.0022,0.42,1.382,9259.87
4862,-0.0303,1,1,-2.7537,2.0209,0.43,0.0265,9259.89
4863,-4.4553,50,0,-2.798,2.0091,0.42,1.6318,9261.53
4864,-0.6206,9,1,-2.7563,2.0105,0.43,0.2476,9261.77
4865,-2.3757,36,1,-2.7751,1.998,0.43,0.9469,9262.72
4866,-1.3261,16,1,-2.7771,1.9965,0.43,0.388,9263.11
4867,-3.7284,50,0,-2.7985,1.9952,0.42,1.5295,9264.64
4868,-6.6718,50,0,-2.8588,2.02,0.41,1.3421,9265.98
4869,-1.034,12,1,-2.8196,2.0171,0.42,0.2889,9266.27
4870,-5.0652,50,0,-2.8214,2.0189,0.42,1.3746,9267.64
4871,-2.0625,24,1,-2.785,1.9994,0.43,0.6363,9268.28
4872,-4.1401,50,0,-2.7734,1.988,0.43,1.5006,9269.78
4873,-0.7009,10,1,-2.7762,1.9848,0.43,0.2664,9270.05
4874,-6.6241,50,0,-2.7928,2.0097,0.43,1.1735,9271.22
4875,-6.2343,50,0,-2.8092,2.031,0.43,1.3297,9272.55
4876,-3.1044,50,0,-2.8041,2.0296,0.43,1.5557,9274.11
4877,-0.0465,1,1,-2.7566,2.038,0.44,0.0278,9274.13
4878,-3.6465,50,0,-2.7425,2.0269,0.44,1.3508,9275.48
4879,-0.9636,14,1,-2.752,2.0165,0.44,0.3565,9275.84
4880,-0.5545,9,1,-2.7467,2.0215,0.44,0.2234,9276.06
4881,-0.0223,1,1,-2.7194,2.0396,0.45,0.0265,9276.09
4882,-2.8165,50,0,-2.7094,2.0366,0.45,1.2301,9277.32
4883,-4.3004,50,0,-2.718,2.0415,0.45,1.3181,9278.64
4884,-0.6727,12,1,-2.7244,2.034,0.45,0.2993,9278.94
4885,-6.0105,50,0,-2.7749,2.0522,0.44,1.2623,9280.2
4886,-1.7929,18,1,-2.7924,2.0362,0.44,0.4232,9280.62
4887,-4.4674,48,1,-2.8367,2.0239,0.44,1.1266,9281.75
4888,-0.0261,1,1,-2.793,2.0369,0.45,0.0231,9281.77
4889,-0.6397,12,1,-2.799,2.0297,0.45,0.2827,9282.06
4890,-1.2331,19,1,-2.7702,2.0313,0.46,0.457,9282.51
4891,-1.6157,16,1,-2.7403,2.0261,0.47,0.3655,9282.88
4892,-3.5648,50,0,-2.7208,2.0085,0.47,1.2097,9284.09
4893,-0.6089,12,1,-2.6903,2.0172,0.48,0.2927,9284.38
4894,-2.5934,50,0,-2.7074,2.0091,0.47,1.217,9285.6
4895,-4.4181,50,0,-2.7121,2.0125,0.47,1.176,9286.77
4896,-0.0343,1,1,-2.6598,2.0135,0.48,0.0205,9286.79
4897,-0.5322,9,1,-2.6129,2.0078,0.49,0.2075,9287.0
4898,-3.784,50,0,-2.6057,2.0023,0.49,2.0516,9289.05
4899,-1.1575,14,1,-2.5835,2.0059,0.5,0.3313,9289.39
4900,-0.8132,10,1,-2.5468,2.0044,0.51,0.2236,9289.61
4901,-0.7377,10,1,-2.5084,2.002,0.52,0.226,9289.83
4902,-5.9684,50,0,-2.537,2.0305,0.51,1.1878,9291.02
4903,-4.0342,50,0,-2.577,2.0201,0.5,1.2114,9292.23
4904,-5.6302,50,0,-2.6186,2.0397,0.49,1.1744,9293.41
4905,-0.019,1,1,-2.5813,2.0528,0.5,0.0243,9293.43
4906,-0.0338,1,1,-2.5406,2.0625,0.51,0.0239,9293.46
4907,-4.6565,50,0,-2.5381,2.0597,0.51,1.1861,9294.64
4908,-0.3826,7,1,-2.5359,2.0619,0.51,0.1574,9294.8
4909,-4.3572,50,0,-2.5791,2.0544,0.5,1.4163,9296.22
4910,-0.6545,10,1,-2.5851,2.0478,0.5,0.2704,9296.49
4911,-0.0216,1,1,-2.5376,2.0517,0.51,0.0298,9296.52
4912,-0.014,1,1,-2.4886,2.0527,0.52,0.03,9296.55
4913,-0.6854,10,1,-2.4384,2.0349,0.53,0.2825,9296.83
4914,-0.0491,1,1,-2.4293,2.0436,0.53,0.0239,9296.85
4915,-0.8101,10,1,-2.4331,2.0402,0.53,0.2541,9297.11
4916,-3.008,50,0,-2.4012,2.0057,0.53,1.3708,9298.48
4917,-0.0341,1,1,-2.4014,2.0055,0.53,0.0286,9298.51
4918,-0.6855,9,1,-2.3605,1.9984,0.54,0.2321,9298.74
4919,-0.8109,10,1,-2.3682,1.9908,0.54,0.2511,9298.99
4920,-6.838,50,0,-2.4362,2.0259,0.53,1.343,9300.33
4921,-5.9044,50,0,-2.4664,2.0547,0.53,1.3551,9301.69
4922,-3.5154,50,0,-2.4707,2.0564,0.53,1.37,9303.06
4923,-0.9709,17,1,-2.4802,2.0472,0.53,0.4202,9303.48
4924,-2.9643,50,0,-2.4674,2.0402,0.53,1.4319,9304.91
4925,-5.7411,50,0,-2.4896,2.0634,0.53,1.3071,9306.22
4926,-1.0254,11,1,-2.4583,2.0617,0.54,0.2837,9306.5
4927,-0.0435,1,1,-2.4497,2.07,0.54,0.0288,9306.53
4928,-0.6239,10,1,-2.4222,2.0758,0.55,0.2536,9306.78
4929,-10.5967,50,0,-2.4885,2.2246,0.55,1.2999,9308.08
4930,-0.0249,1,1,-2.4582,2.2373,0.56,0.023,9308.11
4931,-3.2369,50,0,-2.4556,2.2362,0.56,1.4022,9309.51
4932,-0.5702,9,1,-2.4579,2.2342,0.56,0.3153,9309.82
4933,-5.1827,50,0,-2.4688,2.2448,0.56,1.356,9311.18
4934,-2.9425,50,0,-2.4917,2.2378,0.55,1.4188,9312.6
4935,-4.1507,50,0,-2.4849,2.2318,0.55,1.413,9314.01
4936,-2.8532,50,0,-2.4707,2.2248,0.55,1.3362,9315.35
4937,-0.437,8,1,-2.4693,2.226,0.55,0.215,9315.56
4938,-0.3967,8,1,-2.4665,2.2284,0.55,0.1924,9315.75
4939,-3.8985,50,0,-2.4645,2.227,0.55,1.2762,9317.03
4940,-0.6372,10,1,-2.4639,2.2275,0.55,0.242,9317.27
4941,-3.3557,50,0,-2.4974,2.2154,0.54,1.3841,9318.66
4942,-0.0225,1,1,-2.4975,2.2153,0.54,0.0214,9318.68
4943,-5.3206,50,0,-2.5027,2.2213,0.54,1.4578,9320.14
4944,-4.1471,50,0,-2.5437,2.2133,0.53,1.3121,9321.45
4945,-4.8954,50,0,-2.5923,2.2111,0.52,1.949,9323.4
4946,-4.4808,50,0,-2.6368,2.2039,0.51,1.5945,9324.99
4947,-3.3829,50,0,-2.6344,2.203,0.51,1.4272,9326.42
4948,-0.5732,8,1,-2.6072,2.2115,0.51,0.1956,9326.61
4949,-0.0289,1,1,-2.5832,2.2262,0.51,0.0297,9326.64
4950,-0.0389,1,1,-2.5695,2.2376,0.51,0.023,9326.67
4951,-0.9989,12,1,-2.5212,2.2187,0.52,0.2984,9326.97
4952,-5.8973,50,0,-2.5348,2.2351,0.52,1.4048,9328.37
4953,-4.9603,50,0,-2.584,2.2337,0.51,1.4677,9329.84
4954,-3.3332,50,0,-2.6107,2.2266,0.5,1.4726,9331.31
4955,-4.7005,50,0,-2.6125,2.2282,0.5,1.3042,9332.62
4956,-1.1927,14,1,-2.5875,2.2299,0.51,0.3612,9332.98
4957,-3.1787,50,0,-2.566,2.2138,0.51,1.4504,9334.43
4958,-2.3229,24,1,-2.5506,2.21,0.52,0.6495,9335.08
4959,-3.4439,50,0,-2.545,2.2071,0.52,1.2296,9336.31
4960,-4.7982,50,0,-2.5499,2.2115,0.52,1.2677,9337.57
4961,-0.0493,1,1,-2.5076,2.2184,0.53,0.0234,9337.6
4962,-1.0238,13,1,-2.5175,2.2095,0.53,0.3528,9337.95
4963,-2.5333,50,0,-2.4983,2.2009,0.53,1.3437,9339.29
4964,-4.2912,47,1,-2.535,2.1999,0.53,1.4105,9340.7
4965,-4.2633,50,0,-2.5539,2.2066,0.52,1.4796,9342.18
4966,-2.709,50,0,-2.5677,2.2032,0.51,1.465,9343.65
4967,-5.776,50,0,-2.5882,2.2233,0.51,1.4759,9345.12
4968,-2.9271,50,0,-2.5507,2.1854,0.51,1.4401,9346.56
4969,-6.2412,50,0,-2.6028,2.2105,0.5,1.4132,9347.98
4970,-3.9514,50,0,-2.5917,2.2009,0.5,1.4545,9349.43
4971,-0.0214,1,1,-2.5713,2.2151,0.5,0.0283,9349.46
4972,-2.6729,50,0,-2.5566,2.2095,0.5,1.4682,9350.93
4973,-5.1722,50,0,-2.6013,2.2167,0.49,1.4705,9352.4
4974,-3.8761,50,0,-2.5738,2.1835,0.49,1.4409,9353.84
4975,-4.8688,50,0,-2.5602,2.1647,0.49,1.4188,9355.26
4976,-4.3276,50,0,-2.5724,2.1712,0.49,1.4401,9356.7
4977,-0.0242,1,1,-2.5722,2.1715,0.49,0.035,9356.73
4978,-0.4473,8,1,-2.5402,2.179,0.5,0.2269,9356.96
4979,-0.4487,8,1,-2.535,2.1833,0.5,0.2278,9357.19
4980,-0.0299,1,1,-2.5298,2.1887,0.5,0.0291,9357.22
4981,-5.7125,50,0,-2.5867,2.1967,0.49,1.4479,9358.67
4982,-0.75,11,1,-2.566,2.2041,0.5,0.3139,9358.98
4983,-4.69,50,0,-2.5699,2.2075,0.5,1.4237,9360.4
4984,-0.8251,11,1,-2.5714,2.2063,0.5,0.3223,9360.73
4985,-3.62,50,0,-2.5475,2.1817,0.5,1.4595,9362.18
4986,-3.2083,50,0,-2.5617,2.1814,0.49,1.5089,9363.69
4987,-0.0477,1,1,-2.5175,2.1871,0.49,0.0276,9363.72
4988,-4.987,50,0,-2.5671,2.1863,0.48,1.485,9365.21
4989,-0.9219,13,1,-2.5699,2.1839,0.48,0.3825,9365.59
4990,-1.5107,17,1,-2.5727,2.1824,0.48,0.4844,9366.07
4991,-5.2035,50,0,-2.6086,2.1958,0.47,1.5249,9367.6
4992,-0.5603,10,1,-2.5785,2.2031,0.48,0.2817,9367.88
4993,-5.4377,50,0,-2.6268,2.2123,0.47,1.5666,9369.45
4994,-0.0381,1,1,-2.6013,2.2272,0.48,0.0273,9369.47
4995,-0.0477,1,1,-2.5576,2.234,0.49,0.029,9369.5
4996,-6.2165,50,0,-2.6194,2.2488,0.48,1.5114,9371.01
4997,-4.1996,50,0,-2.6561,2.2444,0.47,1.4479,9372.46
4998,-0.9142,12,1,-2.6274,2.2481,0.48,0.3486,9372.81
4999,-1.13,13,1,-2.6271,2.2483,0.48,0.3757,9373.19
5000,-3.4026,50,0,-2.653,2.2422,0.47,1.5009,9374.69
5001,-1.7702,25,1,-2.6633,2.2357,0.47,0.7435,9375.43
5002,-0.5913,8,1,-2.6095,2.2202,0.48,0.223,9375.65
5003,-3.8335,50,0,-2.6075,2.219,0.48,1.4864,9377.14
5004,-0.0478,1,1,-2.5517,2.2125,0.49,0.0278,9377.17
5005,-0.6608,10,1,-2.5581,2.206,0.49,0.3006,9377.47
5006,-4.8308,50,0,-2.6061,2.2028,0.48,1.5813,9379.05
5007,-0.0336,1,1,-2.5599,2.2077,0.49,0.0361,9379.09
5008,-3.7869,50,0,-2.5939,2.2001,0.48,1.5152,9380.6
5009,-0.0195,1,1,-2.5505,2.2077,0.49,0.0312,9380.63
5010,-0.0369,1,1,-2.5444,2.2139,0.49,0.0267,9380.66
5011,-3.6913,50,0,-2.581,2.2021,0.48,1.4814,9382.14
5012,-0.7496,15,1,-2.5884,2.1947,0.48,0.4391,9382.58
5013,-7.8054,50,0,-2.6596,2.2467,0.47,1.4559,9384.04
5014,-4.8156,50,0,-2.7073,2.2414,0.46,1.4959,9385.53
5015,-0.6528,9,1,-2.7057,2.2428,0.46,0.2638,9385.8
5016,-0.0459,1,1,-2.6761,2.2581,0.47,0.0284,9385.82
5017,-1.0316,13,1,-2.6861,2.2486,0.47,0.3733,9386.2
5018,-2.9492,50,0,-2.7087,2.2397,0.46,1.4965,9387.69
5019,-2.043,26,1,-2.721,2.2326,0.46,0.7476,9388.44
5020,-1.4101,17,1,-2.6667,2.1976,0.47,0.5005,9388.94
5021,-2.1368,28,1,-2.6291,2.1739,0.48,0.8282,9389.77
5022,-4.7156,50,0,-2.6411,2.1821,0.48,1.5162,9391.29
5023,-0.0249,1,1,-2.6316,2.1913,0.48,0.0325,9391.32
5024,-1.6767,19,1,-2.6187,2.1931,0.49,0.5513,9391.87
5025,-0.0114,1,1,-2.5614,2.1856,0.5,0.0308,9391.9
5026,-2.0518,20,1,-2.5717,2.1808,0.5,0.6747,9392.58
5027,-1.3033,14,1,-2.5843,2.1698,0.5,0.4215,9393.0
5028,-1.0898,16,1,-2.5889,2.166,0.5,0.475,9393.47
5029,-0.0242,1,1,-2.4832,2.0261,0.51,0.0335,9393.51
5030,-0.0405,1,1,-2.4834,2.0259,0.51,0.027,9393.53
5031,-3.689,50,0,-2.4879,2.0281,0.51,1.4509,9394.98
5032,-3.0302,50,0,-2.5125,2.0196,0.5,1.4659,9396.45
5033,-0.049,1,1,-2.4612,2.0163,0.51,0.0349,9396.48
5034,-5.0371,50,0,-2.4821,2.032,0.51,1.5939,9398.08
5035,-0.3727,7,1,-2.4443,2.0358,0.52,0.2058,9398.28
5036,-5.5783,50,0,-2.4716,2.0592,0.52,1.5318,9399.82
5037,-3.4547,50,0,-2.5017,2.0512,0.51,1.2041,9401.02
5038,-0.4184,7,1,-2.502,2.051,0.51,0.1567,9401.18
5039,-2.0417,30,1,-2.4834,2.0467,0.52,0.6884,9401.86
5040,-4.0963,50,0,-2.518,2.0444,0.51,1.1859,9403.05
5041,-0.3788,7,1,-2.4882,2.0536,0.52,0.1694,9403.22
5042,-4.3377,50,0,-2.5314,2.0467,0.51,1.2072,9404.43
5043,-0.0401,1,1,-2.4786,2.0422,0.52,0.0258,9404.45
5044,-0.4788,9,1,-2.4419,2.0448,0.53,0.2096,9404.66
5045,-0.0342,1,1,-2.3933,2.0437,0.54,0.0244,9404.69
5046,-0.6773,10,1,-2.3552,2.0399,0.55,0.2214,9404.91
5047,-4.1305,50,0,-2.3627,2.045,0.55,1.2586,9406.17
5048,-0.9438,13,1,-2.3664,2.0421,0.55,0.3389,9406.51
5049,-0.0491,1,1,-2.3666,2.0418,0.55,0.026,9406.53
5050,-6.0818,50,0,-2.4271,2.0614,0.54,1.2603,9407.79
5051,-0.6315,11,1,-2.4234,2.0643,0.54,0.3005,9408.09
5052,-0.525,9,1,-2.3697,2.0429,0.55,0.3158,9408.41
5053,-0.0224,1,1,-2.3203,2.0394,0.56,0.0286,9408.44
5054,-0.822,14,1,-2.2952,2.0422,0.57,0.3837,9408.82
5055,-6.1905,50,0,-2.3101,2.065,0.57,1.4561,9410.28
5056,-5.3281,50,0,-2.3514,2.0836,0.56,1.5622,9411.84
5057,-5.2663,50,0,-2.3723,2.1021,0.56,1.4032,9413.24
5058,-1.063,12,1,-2.3597,2.1062,0.56,0.3274,9413.57
5059,-3.1888,50,0,-2.3571,2.105,0.56,1.3792,9414.95
5060,-1.9487,19,1,-2.3287,2.091,0.57,0.4919,9415.44
5061,-0.4121,7,1,-2.3323,2.0874,0.57,0.157,9415.6
5062,-3.6338,50,0,-2.3584,2.0872,0.56,1.1587,9416.76
5063,-0.0409,1,1,-2.3335,2.0998,0.57,0.0217,9416.78
5064,-0.046,1,1,-2.291,2.1027,0.57,0.0234,9416.8
5065,-3.7252,50,0,-2.2856,2.0983,0.57,1.1871,9417.99
5066,-4.459,50,0,-2.3031,2.109,0.57,1.4695,9419.46
5067,-3.1528,50,0,-2.2769,2.0818,0.57,1.5517,9421.01
5068,-5.8778,50,0,-2.3064,2.1115,0.57,1.3892,9422.4
5069,-4.5093,50,0,-2.2891,2.0861,0.57,1.5583,9423.96
5070,-0.047,1,1,-2.25,2.0912,0.58,0.0346,9423.99
5071,-5.1886,50,0,-2.3017,2.0993,0.57,1.3276,9425.32
5072,-0.3605,7,1,-2.2786,2.1078,0.58,0.1783,9425.5
5073,-3.063,50,0,-2.2575,2.0892,0.58,1.2969,9426.79
5074,-1.1407,13,1,-2.2301,2.0857,0.59,0.3384,9427.13
5075,-4.3018,50,0,-2.2245,2.0793,0.59,1.3332,9428.47
5076,-0.0322,1,1,-2.1815,2.0798,0.6,0.0249,9428.49
5077,-0.9545,13,1,-2.1908,2.0722,0.6,0.3548,9428.85
5078,-0.0325,1,1,-2.1867,2.0761,0.6,0.0321,9428.88
5079,-0.8758,11,1,-2.1909,2.0729,0.6,0.3142,9429.19
5080,-4.5049,50,1,-2.2357,2.0741,0.6,1.5002,9430.69
5081,-3.8039,50,0,-2.2166,2.0507,0.6,1.5539,9432.25
5082,-1.3883,16,1,-2.223,2.0471,0.6,0.3747,9432.62
5083,-1.117,14,1,-2.1872,2.0349,0.61,0.3223,9432.94
5084,-4.4154,50,0,-2.2232,2.0422,0.6,1.3243,9434.27
5085,-0.0425,1,1,-2.1874,2.0487,0.61,0.0267,9434.29
5086,-5.2687,50,0,-2.208,2.0691,0.61,1.3073,9435.6
5087,-0.048,1,1,-2.208,2.0691,0.61,0.0261,9435.63
5088,-5.9352,50,0,-2.2175,2.084,0.61,1.391,9437.02
5089,-1.2859,15,1,-2.2211,2.082,0.61,0.3494,9437.37
5090,-0.6372,11,1,-2.2124,2.0868,0.61,0.331,9437.7
5091,-1.0011,12,1,-2.1703,2.0684,0.62,0.3647,9438.06
5092,-2.6403,30,1,-2.1911,2.0625,0.62,0.8124,9438.88
5093,-0.0367,1,1,-2.1371,2.0475,0.63,0.0273,9438.9
5094,-0.4415,7,1,-2.1412,2.0437,0.63,0.1695,9439.07
5095,-4.3632,50,0,-2.1843,2.0446,0.62,1.2109,9440.28
5096,-0.4863,9,1,-2.127,2.0108,0.63,0.2318,9440.52
5097,-1.1662,12,1,-2.0967,2.0022,0.64,0.2853,9440.8
5098,-1.193,21,1,-2.0995,2.0007,0.64,0.4943,9441.3
5099,-5.3003,50,0,-2.1412,2.0234,0.63,1.1865,9442.48
5100,-5.2994,50,0,-2.1601,2.044,0.63,1.2539,9443.74
5101,-1.03,12,1,-2.1527,2.0467,0.63,0.2925,9444.03
5102,-0.0488,1,1,-2.1473,2.0515,0.63,0.0306,9444.06
5103,-0.949,11,1,-2.1185,2.0479,0.64,0.294,9444.35
5104,-1.1814,18,1,-2.1298,2.0395,0.64,0.4513,9444.8
5105,-0.8703,10,1,-2.1319,2.0381,0.64,0.2468,9445.05
5106,-5.1219,50,0,-2.1348,2.0422,0.64,1.2332,9446.28
5107,-1.541,16,1,-2.1499,2.0322,0.64,0.3719,9446.66
5108,-2.3198,37,1,-2.1352,2.0256,0.65,0.9863,9447.64
5109,-0.4148,8,1,-2.1392,2.0218,0.65,0.1956,9447.84
5110,-0.8937,12,1,-2.1477,2.0147,0.65,0.2982,9448.14
5111,-0.3894,7,1,-2.1147,2.0162,0.66,0.1676,9448.3
5112,-5.4288,50,0,-2.1615,2.0381,0.65,1.2401,9449.54
5113,-0.5381,9,1,-2.0888,1.9638,0.66,0.2081,9449.75
5114,-5.491,50,0,-2.0956,1.9743,0.66,1.3408,9451.09
5115,-3.2294,38,1,-2.1214,1.9721,0.66,1.0495,9452.14
5116,-1.3522,14,1,-2.1344,1.9626,0.66,0.3726,9452.51
5117,-3.3074,50,0,-2.1572,1.9629,0.65,1.3814,9453.9
5118,-1.1225,12,1,-2.1389,1.964,0.66,0.4304,9454.33
5119,-0.9784,13,1,-2.1283,1.9673,0.66,0.313,9454.64
5120,-1.0134,13,1,-2.1243,1.9692,0.66,0.2972,9454.94
5121,-5.4678,50,0,-2.1576,1.9971,0.65,1.201,9456.14
5122,-0.8177,11,1,-2.1186,1.9848,0.66,0.3094,9456.45
5123,-4.4697,50,0,-2.1631,1.9872,0.65,1.2731,9457.72
5124,-3.2481,36,1,-2.1788,1.9895,0.65,0.9493,9458.67
5125,-3.9214,50,0,-2.2179,1.9849,0.64,1.3987,9460.07
5126,-7.6405,50,0,-2.2738,2.0568,0.63,1.3229,9461.39
5127,-0.6201,9,1,-2.267,2.0612,0.63,0.2439,9461.64
5128,-1.2737,12,1,-2.2688,2.0602,0.63,0.3275,9461.96
5129,-0.8337,11,1,-2.2769,2.0529,0.63,0.3009,9462.26
5130,-2.748,50,0,-2.304,2.0411,0.62,1.4183,9463.68
5131,-3.159,50,0,-2.2987,2.0382,0.62,1.2565,9464.94
5132,-5.8557,50,0,-2.3269,2.0675,0.62,1.311,9466.25
5133,-0.5297,8,1,-2.3317,2.0627,0.62,0.1981,9466.45
5134,-3.8071,50,0,-2.3194,2.0502,0.62,1.2499,9467.7
5135,-0.0458,1,1,-2.3162,2.0535,0.62,0.0248,9467.72
5136,-6.9324,50,0,-2.3297,2.0793,0.62,1.2978,9469.02
5137,-0.8307,11,1,-2.3035,2.0815,0.63,0.2744,9469.29
5138,-0.0343,1,1,-2.2996,2.0853,0.63,0.0243,9469.32
5139,-1.2278,15,1,-2.2915,2.0879,0.63,0.3675,9469.69
5140,-1.3322,15,1,-2.2638,2.0821,0.64,0.3502,9470.04
5141,-0.4237,8,1,-2.2643,2.0817,0.64,0.1808,9470.22
5142,-0.0469,1,1,-2.2214,2.0828,0.65,0.0224,9470.24
5143,-4.6431,50,0,-2.2674,2.0849,0.64,1.2401,9471.48
5144,-0.9492,10,1,-2.2721,2.0814,0.64,0.2245,9471.7
5145,-0.856,11,1,-2.2803,2.0742,0.64,0.2558,9471.96
5146,-3.6202,50,0,-2.3098,2.0721,0.63,1.3668,9473.33
5147,-1.5518,24,1,-2.284,2.0653,0.64,0.7521,9474.08
5148,-0.0478,1,1,-2.275,2.073,0.64,0.0274,9474.11
5149,-0.0359,1,1,-2.2749,2.0732,0.64,0.0326,9474.14
5150,-1.0141,12,1,-2.2242,2.0412,0.65,0.3657,9474.5
5151,-3.8245,32,1,-2.2561,2.041,0.65,0.9144,9475.42
5152,-0.0232,1,1,-2.2511,2.0458,0.65,0.0327,9475.45
5153,-4.1712,50,0,-2.2926,2.0423,0.64,1.4481,9476.9
5154,-3.3971,50,0,-2.3184,2.0398,0.63,1.7338,9478.63
5155,-0.6812,9,1,-2.2633,2.0087,0.64,0.2688,9478.9
5156,-6.4663,50,0,-2.2746,2.0291,0.64,1.4567,9480.36
5157,-0.8304,11,1,-2.2303,2.0116,0.65,0.3423,9480.7
5158,-4.3505,50,0,-2.2632,2.0191,0.64,1.4225,9482.12
5159,-5.2078,50,0,-2.2833,2.0383,0.64,1.3816,9483.51
5160,-0.0122,1,1,-2.264,2.0505,0.64,0.0296,9483.54
5161,-0.5594,9,1,-2.2655,2.0493,0.64,0.2665,9483.8
5162,-1.7794,20,1,-2.2469,2.0452,0.65,0.5584,9484.36
5163,-5.1057,50,0,-2.2976,2.0526,0.64,1.3956,9485.76
5164,-3.5122,50,0,-2.3322,2.0436,0.63,1.4955,9487.25
5165,-0.0425,1,1,-2.2954,2.0513,0.64,0.0322,9487.28
5166,-0.583,10,1,-2.2566,2.0467,0.65,0.2761,9487.56
5167,-3.1779,50,0,-2.2569,2.0468,0.65,1.2801,9488.84
5168,-1.0796,15,1,-2.2089,2.0174,0.66,0.391,9489.23
5169,-0.0268,1,1,-2.1641,2.0155,0.67,0.0321,9489.26
5170,-4.1877,50,0,-2.2055,2.0142,0.66,1.5355,9490.8
5171,-0.0424,1,1,-2.154,2.003,0.67,0.0313,9490.83
5172,-5.5511,50,0,-2.2059,2.023,0.66,1.6425,9492.47
5173,-4.0857,50,0,-2.2162,2.0299,0.66,1.6489,9494.12
5174,-0.4893,8,1,-2.2096,2.0344,0.66,0.2352,9494.36
5175,-1.4107,18,1,-2.1807,2.0249,0.67,0.5377,9494.89
5176,-4.8999,50,1,-2.2294,2.0312,0.67,1.5456,9496.44
5177,-5.9868,50,0,-2.2797,2.0611,0.66,1.5794,9498.02
5178,-3.8175,50,0,-2.3176,2.0542,0.65,1.6651,9499.68
5179,-0.5315,8,1,-2.3141,2.0569,0.65,0.2795,9499.96
5180,-3.8116,50,0,-2.3072,2.0507,0.64,1.5061,9501.47
5181,-0.0355,1,1,-2.2695,2.0575,0.65,0.0272,9501.5
5182,-0.033,1,1,-2.256,2.0677,0.65,0.0255,9501.52
5183,-4.6,50,0,-2.2908,2.0775,0.64,1.5421,9503.06
5184,-3.4098,50,0,-2.2807,2.0696,0.64,1.42,9504.48
5185,-4.8372,50,0,-2.3287,2.0727,0.63,1.2873,9505.77
5186,-5.5914,50,0,-2.3319,2.0776,0.63,1.0948,9506.87
5187,-1.1357,13,1,-2.3428,2.0684,0.63,0.2807,9507.15
5188,-4.0058,50,0,-2.3235,2.0436,0.63,1.1739,9508.32
5189,-1.2602,13,1,-2.3232,2.0438,0.63,0.3215,9508.64
5190,-0.8732,12,1,-2.3256,2.042,0.63,0.2714,9508.91
5191,-7.4098,50,0,-2.3897,2.0992,0.62,1.3745,9510.29
5192,-0.0235,1,1,-2.3635,2.1121,0.62,0.0215,9510.31
5193,-1.4932,14,1,-2.3781,2.101,0.62,0.3792,9510.69
5194,-0.5114,10,1,-2.3788,2.1004,0.62,0.2688,9510.96
5195,-3.3369,31,1,-2.3685,2.0932,0.63,0.8473,9511.81
5196,-0.4343,8,1,-2.368,2.0937,0.63,0.2391,9512.04
5197,-0.5221,9,1,-2.3616,2.0983,0.63,0.2805,9512.32
5198,-2.0242,24,1,-2.3699,2.0953,0.63,0.7358,9513.06
5199,-3.9159,50,0,-2.356,2.0804,0.63,1.4249,9514.49
5200,-0.7165,12,1,-2.3102,2.0655,0.64,0.3358,9514.82
5201,-0.0475,1,1,-2.3004,2.0739,0.64,0.0328,9514.85
5202,-0.0417,1,1,-2.3003,2.074,0.64,0.0334,9514.89
5203,-0.0389,1,1,-2.2912,2.0819,0.64,0.0283,9514.92
5204,-1.3938,17,1,-2.2933,2.0808,0.64,0.4737,9515.39
5205,-0.5815,10,1,-2.2904,2.083,0.64,0.3065,9515.7
5206,-1.4896,14,1,-2.2541,2.0649,0.65,0.4261,9516.12
5207,-4.6138,50,0,-2.2848,2.0769,0.64,1.5401,9517.66
5208,-1.7994,16,1,-2.2796,2.0775,0.64,0.5196,9518.18
5209,-1.0017,11,1,-2.2855,2.073,0.64,0.3206,9518.5
5210,-6.3078,50,0,-2.3396,2.1064,0.63,1.4776,9519.98
5211,-0.6032,9,1,-2.3418,2.1045,0.63,0.2785,9520.26
5212,-0.0191,1,1,-2.2877,2.094,0.64,0.0269,9520.29
5213,-0.0482,1,1,-2.2828,2.0986,0.64,0.0299,9520.32
5214,-0.0402,1,1,-2.2283,2.0853,0.65,0.0319,9520.35
5215,-3.364,50,0,-2.2296,2.086,0.64,1.4662,9521.81
5216,-3.0618,50,0,-2.2467,2.0858,0.63,1.5318,9523.35
5217,-1.0719,18,1,-2.2244,2.0863,0.64,0.5309,9523.88
5218,-1.1996,14,1,-2.2251,2.0859,0.64,0.3989,9524.27
5219,-0.0359,1,1,-2.2157,2.0936,0.64,0.0276,9524.3
5220,-0.0484,1,1,-2.2061,2.1013,0.64,0.0255,9524.33
5221,-2.9999,50,0,-2.1814,2.0772,0.64,1.4293,9525.76
5222,-0.5061,8,1,-2.1783,2.0795,0.64,0.2466,9526.0
5223,-0.7397,11,1,-2.141,2.0715,0.65,0.2917,9526.3
5224,-3.2852,40,1,-2.1413,2.0717,0.65,1.0464,9527.34
5225,-0.7442,12,1,-2.1096,2.0685,0.66,0.3064,9527.65
5226,-2.5074,50,0,-2.0582,1.9929,0.66,1.2676,9528.92
5227,-0.0224,1,1,-2.0523,1.9981,0.66,0.0261,9528.94
5228,-1.5545,15,1,-2.0551,1.9972,0.66,0.3834,9529.33
5229,-1.7894,20,1,-2.0646,1.9937,0.66,0.5463,9529.87
5230,-0.4392,8,1,-2.0415,1.999,0.67,0.2263,9530.1
5231,-0.0292,1,1,-2.0102,2.0057,0.68,0.0291,9530.13
5232,-1.1218,13,1,-1.9629,1.9699,0.69,0.3461,9530.47
5233,-0.6155,8,1,-1.9638,1.9693,0.69,0.2426,9530.72
5234,-0.0054,1,1,-1.9257,1.9701,0.7,0.0294,9530.75
5235,-5.1342,50,0,-1.9766,1.9865,0.69,1.4127,9532.16
5236,-0.039,1,1,-1.9077,1.9322,0.7,0.0285,9532.19
5237,-1.8752,24,1,-1.9181,1.9292,0.7,0.6781,9532.86
5238,-0.8625,10,1,-1.9264,1.9228,0.7,0.2436,9533.11
5239,-0.6181,8,1,-1.9203,1.926,0.7,0.2078,9533.32
5240,-4.3853,50,0,-1.9509,1.9406,0.69,1.4086,9534.72
5241,-0.5996,10,1,-1.9526,1.9393,0.69,0.2822,9535.01
5242,-3.1066,50,0,-1.9832,1.9331,0.68,1.3131,9536.32
5243,-0.0098,1,1,-1.9369,1.9243,0.69,0.0299,9536.35
5244,-1.2625,17,1,-1.94,1.9229,0.69,0.4318,9536.78
5245,-0.0214,1,1,-1.9317,1.9294,0.69,0.0265,9536.81
5246,-1.1518,14,1,-1.907,1.9234,0.7,0.3734,9537.18
5247,-2.7701,50,0,-1.9192,1.925,0.69,1.2173,9538.4
5248,-0.0303,1,1,-1.919,1.9252,0.69,0.0223,9538.42
5249,-3.4895,50,0,-1.9535,1.9221,0.68,1.4091,9539.83
5250,-0.9999,12,1,-1.9534,1.9221,0.68,0.3195,9540.15
5251,-0.9705,10,1,-1.9248,1.9153,0.68,0.2626,9540.41
5252,-0.0487,1,1,-1.9251,1.9151,0.68,0.0282,9540.44
5253,-5.1453,50,0,-1.9348,1.9289,0.68,1.3248,9541.77
5254,-0.0097,1,1,-1.901,1.9327,0.69,0.0245,9541.79
5255,-0.018,1,1,-1.8943,1.938,0.69,0.026,9541.82
5256,-0.6148,9,1,-1.8358,1.8867,0.7,0.2208,9542.04
5257,-2.9541,50,0,-1.8571,1.8872,0.69,1.2228,9543.26
5258,-4.1836,50,0,-1.8554,1.8851,0.69,1.4109,9544.67
5259,-4.7906,50,0,-1.8512,1.8781,0.69,1.5134,9546.18
5260,-0.0257,1,1,-1.8513,1.878,0.69,0.0272,9546.21
5261,-0.446,9,1,-1.8502,1.8788,0.69,0.2392,9546.45
5262,-0.0445,1,1,-1.8329,1.8874,0.69,0.0283,9546.48
5263,-0.0137,1,1,-1.7819,1.8669,0.7,0.0238,9546.5
5264,-0.5423,10,1,-1.7522,1.8628,0.71,0.2136,9546.72
5265,-4.7299,50,0,-1.7991,1.8781,0.7,1.2918,9548.01
5266,-6.5874,50,0,-1.8592,1.9334,0.69,1.4096,9549.42
5267,-4.9812,50,0,-1.8772,1.9539,0.69,1.3675,9550.78
5268,-3.6677,50,0,-1.9031,1.9603,0.68,1.21,9551.99
5269,-3.7667,50,0,-1.9405,1.9599,0.67,1.1644,9553.16
5270,-1.9713,22,1,-1.9183,1.9468,0.68,0.5639,9553.72
5271,-3.289,50,0,-1.9508,1.9423,0.67,1.2475,9554.97
5272,-5.7468,50,0,-1.9527,1.946,0.67,1.3794,9556.35
5273,-4.479,50,0,-1.9567,1.9507,0.67,1.2168,9557.57
5274,-0.0251,1,1,-1.952,1.9548,0.67,0.0222,9557.59
5275,-4.0776,50,0,-1.9787,1.9654,0.66,1.1639,9558.75
5276,-4.5,50,0,-1.9747,1.9598,0.65,1.4065,9560.16
5277,-1.3256,17,1,-1.9281,1.9189,0.66,0.4576,9560.62
5278,-0.9709,12,1,-1.8996,1.9117,0.67,0.3104,9560.93
5279,-1.8683,27,1,-1.913,1.9068,0.67,0.6925,9561.62
5280,-0.6095,10,1,-1.881,1.9015,0.68,0.2754,9561.9
5281,-0.9511,15,1,-1.8901,1.8948,0.68,0.4069,9562.3
5282,-3.4499,50,0,-1.9243,1.8918,0.67,1.3023,9563.6
5283,-0.0494,1,1,-1.8788,1.8816,0.68,0.0243,9563.63
5284,-1.2518,13,1,-1.8572,1.8763,0.69,0.3519,9563.98
5285,-6.309,50,0,-1.8719,1.9051,0.69,1.3471,9565.33
5286,-0.4106,8,1,-1.8201,1.8735,0.7,0.9333,9566.26
5287,-0.6162,9,1,-1.8149,1.8761,0.7,0.2125,9566.47
5288,-0.9651,12,1,-1.7845,1.8649,0.71,0.3186,9566.79
5289,-0.4135,8,1,-1.776,1.8692,0.71,0.2231,9567.02
5290,-0.0421,1,1,-1.7677,1.875,0.71,0.0289,9567.04
5291,-1.9433,25,1,-1.7131,1.7874,0.72,0.6548,9567.7
5292,-4.7303,50,0,-1.7601,1.8042,0.71,1.2351,9568.93
5293,-2.3029,31,1,-1.7682,1.8048,0.71,0.8497,9569.78
5294,-0.6592,10,1,-1.7697,1.8038,0.71,0.2692,9570.05
5295,-1.7192,19,1,-1.7535,1.7969,0.71,0.5149,9570.57
5296,-0.0301,1,1,-1.7495,1.8003,0.71,0.0276,9570.6
5297,-0.0341,1,1,-1.7446,1.8043,0.71,0.0318,9570.63
5298,-0.5604,10,1,-1.73,1.8079,0.71,0.2803,9570.91
5299,-0.0471,1,1,-1.6913,1.8021,0.72,0.0249,9570.93
5300,-0.7853,10,1,-1.692,1.8017,0.72,0.2647,9571.2
5301,-4.2224,50,0,-1.7337,1.8115,0.71,1.318,9572.52
5302,-0.0283,1,1,-1.7336,1.8116,0.71,0.0216,9572.54
5303,-3.2612,50,0,-1.7658,1.8099,0.7,1.1761,9573.71
5304,-0.0285,1,1,-1.7522,1.8177,0.7,0.0204,9573.73
5305,-4.2649,50,0,-1.789,1.8309,0.69,1.1196,9574.85
5306,-0.4892,9,1,-1.779,1.8353,0.69,0.2033,9575.06
5307,-0.3471,7,1,-1.7363,1.8184,0.7,0.1502,9575.21
5308,-3.8906,50,0,-1.7572,1.831,0.69,1.0999,9576.31
5309,-4.9064,50,0,-1.7963,1.8559,0.68,1.362,9577.67
5310,-8.737,50,0,-1.8206,1.9292,0.68,1.394,9579.06
5311,-1.4434,16,1,-1.829,1.9257,0.68,0.3699,9579.43
5312,-4.8766,50,0,-1.8776,1.9407,0.67,1.2134,9580.65
5313,-0.8723,10,1,-1.8858,1.9346,0.67,0.2652,9580.91
5314,-0.0285,1,1,-1.8857,1.9347,0.67,0.029,9580.94
5315,-5.2364,50,0,-1.9044,1.9579,0.67,1.2599,9582.2
5316,-0.0367,1,1,-1.8741,1.9631,0.68,0.0241,9582.22
5317,-0.0399,1,1,-1.8638,1.97,0.68,0.0258,9582.25
5318,-0.0072,1,1,-1.8519,1.9776,0.68,0.0224,9582.27
5319,-5.1071,50,0,-1.9026,1.9953,0.67,1.3458,9583.62
5320,-8.0903,50,0,-1.983,2.0793,0.66,1.2069,9584.82
5321,-0.5113,10,1,-1.9582,2.0818,0.67,0.2189,9585.04
5322,-0.4126,8,1,-1.9572,2.0825,0.67,0.1803,9585.22
5323,-1.7668,20,1,-1.9675,2.079,0.67,0.45,9585.67
5324,-0.6958,10,1,-1.9416,2.0786,0.67,0.2142,9585.89
5325,-1.0448,12,1,-1.9446,2.077,0.67,0.2568,9586.15
5326,-0.8219,11,1,-1.9277,2.0792,0.68,0.2419,9586.39
5327,-0.419,7,1,-1.9317,2.076,0.68,0.1557,9586.54
5328,-1.1043,12,1,-1.9272,2.0773,0.68,0.2523,9586.79
5329,-0.0468,1,1,-1.9098,2.0857,0.68,0.026,9586.82
5330,-4.3784,50,0,-1.9492,2.0947,0.67,1.1237,9587.94
5331,-2.2496,33,1,-1.9714,2.086,0.67,0.7493,9588.69
5332,-1.4828,18,1,-1.975,2.0848,0.67,0.3795,9589.07
5333,-4.7849,50,0,-2.0167,2.0989,0.66,1.1363,9590.21
5334,-0.0469,1,1,-2.0171,2.0985,0.66,0.0243,9590.23
5335,-4.5984,50,0,-2.0117,2.0912,0.66,1.1805,9591.41
5336,-0.039,1,1,-2.0117,2.0912,0.66,0.0232,9591.44
5337,-2.8423,50,0,-2.0214,2.0927,0.65,1.1181,9592.56
5338,-0.0175,1,1,-2.013,2.0991,0.65,0.0212,9592.58
5339,-0.9628,19,1,-2.0164,2.0971,0.65,0.4268,9593.0
5340,-0.0458,1,1,-1.973,2.0925,0.66,0.0218,9593.03
5341,-5.1578,50,0,-2.0186,2.1117,0.65,1.1035,9594.13
5342,-4.9677,50,0,-2.0372,2.1293,0.65,1.1492,9595.28
5343,-5.3941,50,0,-2.091,2.1454,0.64,1.2063,9596.48
5344,-0.5737,9,1,-2.0842,2.1491,0.64,0.2477,9596.73
5345,-5.6484,50,0,-2.1404,2.168,0.63,1.2826,9598.01
5346,-0.0499,1,1,-2.1294,2.1757,0.63,0.0225,9598.04
5347,-0.7719,9,1,-2.1094,2.1789,0.64,0.2093,9598.25
5348,-2.8375,50,0,-2.1375,2.17,0.63,1.1801,9599.43
5349,-0.0396,1,1,-2.103,2.1757,0.64,0.0307,9599.46
5350,-0.0353,1,1,-2.0934,2.1827,0.64,0.0256,9599.48
5351,-0.7311,10,1,-2.091,2.184,0.64,0.2635,9599.75
5352,-0.3994,8,1,-2.0945,2.181,0.64,0.22,9599.97
5353,-1.2707,14,1,-2.0557,2.1608,0.65,0.4154,9600.38
5354,-0.0396,1,1,-2.056,2.1605,0.65,0.028,9600.41
5355,-1.3334,16,1,-2.0692,2.1521,0.65,0.4712,9600.88
5356,-1.3393,14,1,-2.0764,2.1484,0.65,0.4181,9601.3
5357,-0.8778,13,1,-2.0557,2.1498,0.66,0.3631,9601.66
5358,-1.1562,18,1,-2.0254,2.141,0.67,0.522,9602.18
5359,-0.0495,1,1,-1.978,2.1317,0.68,0.0466,9602.23
5360,-3.7298,50,0,-2.015,2.1296,0.67,1.4541,9603.68
5361,-0.0325,1,1,-2.0109,2.133,0.67,0.0387,9603.72
5362,-0.0278,1,1,-2.0107,2.1332,0.67,0.0357,9603.76
5363,-6.5317,50,0,-2.0759,2.1704,0.66,1.4285,9605.19
5364,-0.0341,1,1,-2.0708,2.1746,0.66,0.0239,9605.21
5365,-1.1425,14,1,-2.0349,2.16,0.67,0.4076,9605.62
5366,-0.4838,9,1,-1.9739,2.1163,0.68,0.2194,9605.84
5367,-0.0366,1,1,-1.9245,2.1032,0.69,0.0319,9605.87
5368,-3.5908,50,0,-1.9237,2.1025,0.69,1.4941,9607.36
5369,-6.1165,50,0,-1.9472,2.1359,0.69,1.3912,9608.76
5370,-0.0075,1,1,-1.9275,2.1446,0.69,0.0232,9608.78
5371,-6.4603,50,0,-1.9593,2.1875,0.69,1.6244,9610.4
5372,-0.0225,1,1,-1.902,2.1624,0.7,0.0329,9610.44
5373,-1.0247,12,1,-1.8675,2.1485,0.71,0.383,9610.82
5374,-4.3306,50,0,-1.9105,2.1543,0.7,1.5813,9612.4
5375,-4.8557,50,0,-1.9183,2.1635,0.7,1.4789,9613.88
5376,-0.8913,11,1,-1.8822,2.1502,0.71,0.3008,9614.18
5377,-0.0419,1,1,-1.8694,2.1573,0.71,0.0302,9614.21
5378,-0.023,1,1,-1.8599,2.1633,0.71,0.0262,9614.24
5379,-0.8936,12,1,-1.8502,2.1654,0.71,0.3821,9614.62
5380,-4.5232,50,0,-1.8893,2.1779,0.7,1.3786,9616.0
5381,-4.3111,50,0,-1.9229,2.1891,0.69,1.3283,9617.33
5382,-0.0118,1,1,-1.8885,2.1919,0.7,0.0262,9617.35
5383,-0.7149,13,1,-1.8952,2.1873,0.7,0.3462,9617.7
5384,-2.2299,24,1,-1.905,2.1865,0.7,0.5836,9618.28
5385,-5.7122,50,0,-1.899,2.1753,0.7,1.2298,9619.51
5386,-1.5611,17,1,-1.9105,2.1704,0.7,0.407,9619.92
5387,-0.6368,11,1,-1.9107,2.1703,0.7,0.2691,9620.19
5388,-1.3943,16,1,-1.915,2.1689,0.7,0.3957,9620.58
5389,-1.6262,21,1,-1.9271,2.1638,0.7,0.532,9621.12
5390,-0.015,1,1,-1.9268,2.1641,0.7,0.0199,9621.14
5391,-3.5442,50,0,-1.9428,2.17,0.69,1.2388,9622.37
5392,-0.039,1,1,-1.8959,2.16,0.7,0.0242,9622.4
5393,-0.5802,11,1,-1.8787,2.1635,0.7,0.3128,9622.71
5394,-0.035,1,1,-1.8725,2.1679,0.7,0.0276,9622.74
5395,-0.5771,10,1,-1.861,2.1717,0.7,0.2544,9622.99
5396,-4.9039,50,0,-1.9098,2.1847,0.69,1.1325,9624.13
5397,-0.0432,1,1,-1.9099,2.1846,0.69,0.026,9624.15
5398,-0.0332,1,1,-1.9046,2.1885,0.69,0.0201,9624.17
5399,-4.4885,50,0,-1.949,2.1954,0.68,1.178,9625.35
5400,-0.0481,1,1,-1.9416,2.2006,0.68,0.0242,9625.37
5401,-0.0421,1,1,-1.8998,2.1965,0.69,0.0287,9625.4
5402,-5.0266,50,0,-1.9498,2.2102,0.68,1.2388,9626.64
5403,-11.1067,50,0,-2.0283,2.3875,0.68,1.2391,9627.88
5404,-6.3369,50,0,-2.0914,2.417,0.67,1.2965,9629.18
5405,-0.6003,9,1,-2.0547,2.4115,0.68,0.2395,9629.42
5406,-1.0148,12,1,-2.06,2.4087,0.68,0.3363,9629.75
5407,-5.7599,50,0,-2.1141,2.4303,0.67,1.2981,9631.05
5408,-1.0436,14,1,-2.0856,2.426,0.68,0.3527,9631.4
5409,-4.0717,50,0,-2.0773,2.4177,0.68,1.2869,9632.69
5410,-0.5426,10,1,-1.9953,2.3278,0.69,0.247,9632.94
5411,-0.7081,12,1,-1.988,2.3307,0.69,0.3272,9633.26
5412,-1.2706,22,1,-1.9519,2.3135,0.7,0.5647,9633.83
5413,-0.0313,1,1,-1.9435,2.319,0.7,0.0295,9633.86
5414,-0.0263,1,1,-1.9435,2.319,0.7,0.0261,9633.88
5415,-1.1355,18,1,-1.9025,2.2965,0.71,0.4358,9634.32
5416,-4.565,50,0,-1.9478,2.3039,0.7,1.1913,9635.51
5417,-0.7105,11,1,-1.9545,2.2993,0.7,0.253,9635.77
5418,-0.4963,10,1,-1.9594,2.2957,0.7,0.2322,9636.0
5419,-0.7846,12,1,-1.9161,2.2767,0.71,0.3023,9636.3
5420,-0.6186,10,1,-1.8414,2.1939,0.72,0.2628,9636.56
5421,-0.9514,15,1,-1.8458,2.1917,0.72,0.358,9636.92
5422,-3.2805,50,0,-1.8745,2.1915,0.71,1.2518,9638.17
5423,-4.0498,50,0,-1.8973,2.2021,0.7,1.2296,9639.4
5424,-0.0284,1,1,-1.8907,2.2068,0.7,0.0244,9639.43
5425,-5.0441,50,0,-1.9307,2.2272,0.69,1.1442,9640.57
5426,-4.8561,50,0,-1.971,2.2432,0.68,1.3732,9641.94
5427,-0.859,16,1,-1.9754,2.2406,0.68,0.444,9642.39
5428,-3.7579,50,0,-2.0019,2.2459,0.67,1.4001,9643.79
5429,-4.6943,50,0,-2.0484,2.253,0.66,1.2822,9645.07
5430,-1.16,14,1,-2.0162,2.2424,0.67,0.376,9645.45
5431,-5.8436,50,0,-2.0522,2.2745,0.66,1.3152,9646.76
5432,-0.6357,11,1,-2.0437,2.2781,0.66,0.2776,9647.04
5433,-3.7843,50,0,-2.0337,2.2683,0.66,1.3022,9648.34
5434,-6.1439,50,0,-2.0947,2.2958,0.65,1.4067,9649.75
5435,-3.1282,50,0,-2.08,2.2844,0.65,1.2749,9651.02
5436,-3.6403,50,0,-2.116,2.2803,0.64,1.2692,9652.29
5437,-4.4656,50,0,-2.1322,2.2912,0.64,1.2334,9653.53
5438,-0.0284,1,1,-2.1323,2.2911,0.64,0.0343,9653.56
5439,-0.7034,10,1,-2.1297,2.2926,0.64,0.2916,9653.85
5440,-2.8457,49,1,-2.1577,2.284,0.64,1.3694,9655.22
5441,-0.9879,12,1,-2.116,2.2669,0.65,0.3008,9655.52
5442,-3.0663,32,1,-2.097,2.2508,0.66,0.7734,9656.29
5443,-0.8782,10,1,-2.0518,2.2294,0.67,0.2341,9656.53
5444,-4.45,50,0,-2.0906,2.237,0.66,1.2064,9657.74
5445,-4.9382,50,0,-2.0835,2.2268,0.66,1.5602,9659.3
5446,-2.8948,41,1,-2.112,2.2188,0.66,1.4216,9660.72
5447,-0.8518,11,1,-2.1128,2.2184,0.66,0.331,9661.05
5448,-4.0376,50,0,-2.1248,2.2255,0.66,1.7079,9662.76
5449,-0.9972,17,1,-2.1343,2.2185,0.66,0.4843,9663.24
5450,-4.8357,50,0,-2.1823,2.2245,0.65,1.5231,9664.76
5451,-0.8931,11,1,-2.184,2.2235,0.65,0.2942,9665.06
5452,-2.909,50,0,-2.209,2.2174,0.64,1.3779,9666.44
5453,-1.7118,19,1,-2.2135,2.216,0.64,0.5805,9667.02
5454,-0.0333,1,1,-2.2134,2.216,0.64,0.0267,9667.04
5455,-2.7395,38,1,-2.2275,2.2149,0.64,1.1277,9668.17
5456,-1.6073,21,1,-2.2301,2.2139,0.64,0.6023,9668.77
5457,-0.0289,1,1,-2.2216,2.2207,0.64,0.0301,9668.8
5458,-0.0443,1,1,-2.2105,2.2288,0.64,0.024,9668.83
5459,-0.5347,8,1,-2.2154,2.2246,0.64,0.1866,9669.01
5460,-4.6777,50,0,-2.2249,2.2331,0.64,1.1272,9670.14
5461,-0.0405,1,1,-2.2249,2.233,0.64,0.026,9670.17
5462,-1.1204,14,1,-2.2359,2.2249,0.64,0.3405,9670.51
5463,-0.7067,11,1,-2.1776,2.1876,0.65,0.2826,9670.79
5464,-2.7988,31,1,-2.2053,2.1778,0.65,0.8133,9671.6
5465,-6.1156,50,0,-2.255,2.2095,0.64,1.3244,9672.93
5466,-6.8526,50,0,-2.3187,2.2489,0.63,1.2969,9674.22
5467,-3.715,50,0,-2.3555,2.2414,0.62,1.1566,9675.38
5468,-0.4744,9,1,-2.3243,2.2456,0.63,0.2022,9675.58
5469,-5.9682,50,0,-2.3228,2.2432,0.63,1.1837,9676.77
5470,-0.0058,1,1,-2.3228,2.2432,0.63,0.0218,9676.79
5471,-0.518,10,1,-2.2634,2.2113,0.64,0.2554,9677.04
5472,-2.3025,23,1,-2.2862,2.1998,0.64,0.5973,9677.64
5473,-0.9346,13,1,-2.2853,2.2003,0.64,0.3239,9677.96
5474,-0.6438,11,1,-2.2484,2.1966,0.65,0.2858,9678.25
5475,-0.0097,1,1,-2.2,2.192,0.66,0.0298,9678.28
5476,-0.6841,11,1,-2.1979,2.1934,0.66,0.3171,9678.6
5477,-0.6272,10,1,-2.2037,2.1884,0.66,0.2971,9678.89
5478,-0.7767,11,1,-2.2113,2.1821,0.66,0.3114,9679.21
5479,-4.1217,50,0,-2.2436,2.1863,0.65,1.4435,9680.65
5480,-3.6223,50,0,-2.2345,2.1787,0.65,1.4806,9682.13
5481,-0.7131,11,1,-2.1986,2.1738,0.66,0.3243,9682.45
5482,-1.02,16,1,-2.2086,2.166,0.66,0.4569,9682.91
5483,-1.1057,13,1,-2.2126,2.1636,0.66,0.3698,9683.28
5484,-0.0309,1,1,-2.1906,2.1745,0.66,0.0307,9683.31
5485,-1.0752,13,1,-2.1442,2.1482,0.67,0.3709,9683.68
5486,-0.0116,1,1,-2.1287,2.1579,0.67,0.0305,9683.71
5487,-0.5596,8,1,-2.1279,2.1585,0.67,0.2391,9683.95
5488,-4.5009,50,0,-2.159,2.17,0.66,1.425,9685.38
5489,-4.2343,50,0,-2.1851,2.1791,0.65,1.4489,9686.83
5490,-0.9367,12,1,-2.1943,2.1718,0.65,0.4271,9687.25
5491,-0.4108,8,1,-2.163,2.1747,0.66,0.2723,9687.53
5492,-3.6583,35,1,-2.1991,2.1692,0.66,1.0759,9688.6
5493,-4.0509,50,0,-2.2339,2.1708,0.65,1.4601,9690.06
5494,-0.027,1,1,-2.2338,2.1709,0.65,0.0298,9690.09
5495,-4.1188,50,0,-2.2692,2.1724,0.64,1.4707,9691.56
5496,-0.5545,8,1,-2.2257,2.1628,0.65,0.2361,9691.8
5497,-0.5728,8,1,-2.231,2.1581,0.65,0.2302,9692.03
5498,-0.031,1,1,-2.231,2.1581,0.65,0.0301,9692.06
5499,-2.9318,50,0,-2.2154,2.1473,0.65,1.4447,9693.5
5500,-1.5605,17,1,-2.2305,2.1373,0.65,0.4876,9693.99
5501,-0.6784,9,1,-2.2369,2.1317,0.65,0.2657,9694.26
5502,-0.0318,1,1,-2.1869,2.1243,0.66,0.0262,9694.28
5503,-1.0202,13,1,-2.0861,1.9288,0.67,0.3669,9694.65
5504,-5.1862,50,0,-2.0746,1.9067,0.67,1.4235,9696.07
5505,-4.9276,50,0,-2.1178,1.9218,0.66,1.3011,9697.37
5506,-0.4751,8,1,-2.1124,1.9257,0.66,0.1961,9697.57
5507,-4.4141,50,0,-2.099,1.9047,0.66,1.1278,9698.7
5508,-1.1167,13,1,-2.0997,1.9043,0.66,0.3074,9699.01
5509,-2.959,50,0,-2.0886,1.896,0.66,1.1685,9700.17
5510,-0.4439,8,1,-2.0876,1.8968,0.66,0.1848,9700.36
5511,-4.5014,50,0,-2.1255,1.9068,0.65,1.1749,9701.53
5512,-1.3996,17,1,-2.1268,1.9062,0.65,0.3922,9701.93
5513,-5.1859,50,0,-2.1784,1.9185,0.64,1.2381,9703.16
5514,-0.038,1,1,-2.1785,1.9184,0.64,0.027,9703.19
5515,-3.5302,50,0,-2.2024,1.9202,0.63,1.3351,9704.53
5516,-4.5673,50,0,-2.2025,1.9202,0.63,1.2234,9705.75
5517,-1.2268,13,1,-2.2076,1.9169,0.63,0.3611,9706.11
5518,-1.1869,16,1,-2.2145,1.9119,0.63,0.3912,9706.5
5519,-4.0811,50,0,-2.2475,1.9154,0.62,1.3058,9707.81
5520,-0.0497,1,1,-2.2418,1.9211,0.62,0.0266,9707.83
5521,-1.4764,17,1,-2.2471,1.9183,0.62,0.4352,9708.27
5522,-4.7055,50,0,-2.2613,1.9311,0.62,1.2579,9709.53
5523,-0.0373,1,1,-2.2212,1.9352,0.63,0.0256,9709.55
5524,-4.834,50,0,-2.2692,1.9399,0.62,1.3587,9710.91
5525,-3.7851,50,0,-2.2567,1.9258,0.62,1.3228,9712.23
5526,-2.6029,50,0,-2.2341,1.9084,0.62,1.3493,9713.58
5527,-5.1191,50,0,-2.2767,1.9247,0.61,1.4192,9715.0
5528,-0.0288,1,1,-2.2394,1.9318,0.62,0.0275,9715.03
5529,-0.9097,10,1,-2.2016,1.9203,0.63,0.2357,9715.27
5530,-0.0495,1,1,-2.1905,1.9295,0.63,0.0236,9715.29
5531,-1.4512,18,1,-2.1466,1.8955,0.64,0.4083,9715.7
5532,-4.1838,50,0,-2.182,1.9001,0.63,1.1622,9716.86
5533,-4.5503,50,0,-2.1897,1.9081,0.63,1.2335,9718.09
5534,-1.2775,16,1,-2.141,1.8683,0.64,0.4327,9718.53
5535,-1.3827,15,1,-2.1236,1.8671,0.65,0.4093,9718.94
5536,-3.3593,50,0,-2.1208,1.8651,0.65,1.3507,9720.29
5537,-0.9846,12,1,-2.086,1.8534,0.66,0.3759,9720.66
5538,-3.9763,50,0,-2.1254,1.8512,0.65,1.6975,9722.36
5539,-0.4551,8,1,-2.123,1.8533,0.65,0.224,9722.58
5540,-0.6644,11,1,-2.1011,1.8575,0.65,0.3696,9722.95
5541,-0.0465,1,1,-2.0917,1.8655,0.65,0.0407,9722.99
5542,-1.0859,15,1,-2.0719,1.8655,0.65,0.4442,9723.44
5543,-1.6256,23,1,-2.0794,1.8622,0.65,0.5912,9724.03
5544,-4.0121,50,0,-2.075,1.8572,0.65,1.2133,9725.24
5545,-0.0489,1,1,-2.0261,1.8455,0.66,0.0246,9725.27
5546,-0.6154,12,1,-2.0033,1.8487,0.66,0.2922,9725.56
5547,-0.0224,1,1,-1.995,1.8557,0.66,0.0236,9725.58
5548,-1.2028,14,1,-1.9667,1.8459,0.67,0.398,9725.98
5549,-0.9259,12,1,-1.966,1.8462,0.67,0.3333,9726.31
5550,-0.6245,9,1,-1.9239,1.8283,0.68,0.254,9726.57
5551,-1.217,14,1,-1.9271,1.8267,0.68,0.4257,9726.99
5552,-1.1852,24,1,-1.9099,1.8255,0.69,0.784,9727.78
5553,-2.5821,50,0,-1.9186,1.8266,0.68,1.3242,9729.1
5554,-1.4171,16,1,-1.9324,1.8175,0.68,0.4529,9729.56
5555,-0.613,10,1,-1.9111,1.8204,0.68,0.2656,9729.82
5556,-0.0089,1,1,-1.8952,1.8299,0.68,0.0292,9729.85
5557,-4.332,50,0,-1.9382,1.8361,0.67,1.5153,9731.37
5558,-1.7278,27,1,-1.955,1.8264,0.67,0.7599,9732.13
5559,-0.4788,8,1,-1.9545,1.8268,0.67,0.2203,9732.35
5560,-1.29,23,1,-1.9206,1.8073,0.68,0.6206,9732.97
5561,-0.7302,10,1,-1.9275,1.8014,0.68,0.2715,9733.24
5562,-4.5827,50,0,-1.9621,1.8188,0.67,1.5862,9734.82
5563,-0.8671,11,1,-1.9637,1.8178,0.67,0.3696,9735.19
5564,-3.152,50,0,-1.9672,1.8197,0.66,1.7124,9736.91
5565,-4.3094,50,0,-1.9492,1.7871,0.66,1.5155,9738.42
5566,-0.0256,1,1,-1.8809,1.7279,0.67,0.0291,9738.45
5567,-0.0046,1,1,-1.8438,1.728,0.68,0.0295,9738.48
5568,-0.0134,1,1,-1.8392,1.7322,0.68,0.0304,9738.51
5569,-3.491,50,0,-1.8144,1.6902,0.68,1.4828,9739.99
5570,-4.9494,50,0,-1.8639,1.7088,0.67,1.4562,9741.45
5571,-0.6182,9,1,-1.8649,1.708,0.67,0.2546,9741.7
5572,-1.925,20,1,-1.8611,1.7075,0.67,0.5679,9742.27
5573,-3.8528,50,0,-1.8903,1.7163,0.66,1.4048,9743.68
5574,-3.8838,50,0,-1.9227,1.723,0.65,1.3524,9745.03
5575,-0.8598,10,1,-1.9312,1.7157,0.65,0.2561,9745.29
5576,-0.6505,11,1,-1.9308,1.7159,0.65,0.2981,9745.58
5577,-3.8262,50,0,-1.9628,1.7211,0.64,1.362,9746.95
5578,-0.762,12,1,-1.9627,1.7212,0.64,0.3228,9747.27
5579,-0.5053,9,1,-1.9265,1.7134,0.65,0.2379,9747.51
5580,-3.7268,50,0,-1.9276,1.7145,0.65,1.2568,9748.76
5581,-0.8263,12,1,-1.9287,1.7137,0.65,0.3188,9749.08
5582,-0.8987,13,1,-1.9275,1.7144,0.65,0.2928,9749.37
5583,-0.6848,11,1,-1.9233,1.717,0.65,0.2727,9749.65
5584,-4.5942,50,0,-1.9689,1.7267,0.64,1.5212,9751.17
5585,-0.6125,10,1,-1.9643,1.7297,0.64,0.3605,9751.53
5586,-0.0391,1,1,-1.9645,1.7294,0.64,0.0271,9751.56
5587,-0.5795,10,1,-1.9647,1.7292,0.64,0.2638,9751.82
5588,-3.193,50,0,-1.9517,1.7149,0.64,1.3772,9753.2
5589,-0.9803,12,1,-1.9191,1.7021,0.65,0.3779,9753.57
5590,-4.1992,50,0,-1.9518,1.7141,0.64,1.4664,9755.04
5591,-0.0311,1,1,-1.948,1.718,0.64,0.0353,9755.08
5592,-2.7856,34,1,-1.9392,1.7115,0.64,0.9404,9756.02
5593,-3.1095,50,0,-1.9298,1.7024,0.64,1.5503,9757.57
5594,-5.3824,50,0,-1.9834,1.7258,0.63,1.4359,9759.0
5595,-0.9421,11,1,-1.9516,1.7154,0.64,0.2887,9759.29
5596,-0.8994,14,1,-1.955,1.7129,0.64,0.2944,9759.59
5597,-0.6471,9,1,-1.9558,1.7123,0.64,0.1978,9759.78
5598,-3.4157,50,0,-1.9896,1.7074,0.63,1.1113,9760.9
5599,-0.4899,9,1,-1.9652,1.7112,0.64,0.1999,9761.1
5600,-0.9157,11,1,-1.9588,1.7139,0.64,0.2405,9761.34
5601,-0.0286,1,1,-1.9523,1.72,0.64,0.0261,9761.36
5602,-0.5759,9,1,-1.9577,1.7147,0.64,0.1948,9761.56
5603,-0.8269,11,1,-1.9558,1.7159,0.64,0.2436,9761.8
5604,-0.0177,1,1,-1.9041,1.6956,0.65,0.0203,9761.82
5605,-0.9907,12,1,-1.8647,1.6704,0.66,0.2519,9762.07
5606,-4.5459,50,0,-1.9054,1.6856,0.65,1.1467,9763.22
5607,-1.2104,23,1,-1.8734,1.6679,0.66,0.502,9763.72
5608,-0.0328,1,1,-1.8626,1.6763,0.66,0.0223,9763.74
5609,-2.6741,50,0,-1.8597,1.6747,0.66,1.2193,9764.96
5610,-0.0355,1,1,-1.8556,1.6786,0.66,0.0281,9764.99
5611,-1.0344,12,1,-1.821,1.6593,0.67,0.2824,9765.27
5612,-3.4991,50,0,-1.842,1.6671,0.66,1.2863,9766.56
5613,-4.1857,50,0,-1.8319,1.65,0.66,1.5964,9768.16
5614,-0.0337,1,1,-1.8319,1.65,0.66,0.0275,9768.18
5615,-0.0444,1,1,-1.797,1.6506,0.67,0.03,9768.21
5616,-1.0439,16,1,-1.7618,1.6285,0.68,0.4281,9768.64
5617,-0.0412,1,1,-1.75,1.6367,0.68,0.0315,9768.67
5618,-2.8168,43,1,-1.7663,1.6391,0.68,1.351,9770.02
5619,-7.8581,50,0,-1.804,1.7328,0.68,1.4013,9771.43
5620,-4.9193,50,0,-1.8527,1.7512,0.67,1.5189,9772.94
5621,-0.989,13,1,-1.8478,1.7529,0.67,0.3313,9773.28
5622,-4.7407,50,0,-1.8482,1.7535,0.67,1.5989,9774.87
5623,-0.8225,11,1,-1.8561,1.7471,0.67,0.2843,9775.16
5624,-2.0814,26,1,-1.8285,1.7215,0.68,0.648,9775.81
5625,-0.0161,1,1,-1.7908,1.7195,0.69,0.0352,9775.84
5626,-0.6934,9,1,-1.7717,1.7209,0.7,0.2216,9776.06
5627,-0.0411,1,1,-1.721,1.6962,0.71,0.0249,9776.09
5628,-1.6896,18,1,-1.7376,1.6876,0.71,0.4714,9776.56
5629,-5.2551,50,0,-1.781,1.7214,0.7,1.4105,9777.97
5630,-5.63,50,0,-1.8368,1.7545,0.69,1.591,9779.56
5631,-0.0469,1,1,-1.8228,1.7631,0.69,0.0325,9779.59
5632,-1.0846,15,1,-1.7918,1.7485,0.7,0.4281,9780.02
5633,-0.8585,12,1,-1.7549,1.7287,0.71,0.3039,9780.33
5634,-1.6141,18,1,-1.7582,1.7281,0.71,0.4465,9780.77
5635,-4.2487,50,0,-1.7869,1.7453,0.7,1.1261,9781.9
5636,-0.9029,12,1,-1.7623,1.7403,0.71,0.2787,9782.18
5637,-5.3222,50,0,-1.8057,1.7741,0.7,1.098,9783.28
5638,-4.8577,50,0,-1.8145,1.787,0.7,1.1036,9784.38
5639,-0.3901,8,1,-1.8139,1.7875,0.7,0.1932,9784.57
5640,-0.9302,11,1,-1.8165,1.786,0.7,0.2659,9784.84
5641,-1.0847,13,1,-1.8269,1.7787,0.7,0.3089,9785.15
5642,-0.0442,1,1,-1.8165,1.786,0.7,0.0249,9785.17
5643,-1.3567,14,1,-1.8138,1.7865,0.7,0.3353,9785.51
5644,-0.0261,1,1,-1.774,1.7815,0.71,0.0214,9785.53
5645,-0.8097,10,1,-1.7816,1.7757,0.71,0.2469,9785.78
5646,-0.9094,12,1,-1.7845,1.774,0.71,0.2811,9786.06
5647,-3.6753,50,0,-1.821,1.775,0.7,1.1583,9787.21
5648,-0.398,7,1,-1.813,1.7796,0.7,0.1569,9787.37
5649,-4.8372,50,0,-1.8521,1.8025,0.69,1.1494,9788.52
5650,-0.7463,9,1,-1.8533,1.8017,0.69,0.2044,9788.73
5651,-0.5089,8,1,-1.8462,1.8056,0.69,0.1756,9788.9
5652,-1.2038,14,1,-1.8464,1.8055,0.69,0.3187,9789.22
5653,-3.0885,50,0,-1.8515,1.8083,0.69,1.1384,9790.36
5654,-3.1959,50,0,-1.8693,1.8126,0.68,1.2675,9791.63
5655,-0.5403,9,1,-1.8685,1.8132,0.68,0.2456,9791.87
5656,-1.1545,12,1,-1.88,1.805,0.68,0.2828,9792.15
5657,-0.0154,1,1,-1.8368,1.7974,0.69,0.0242,9792.18
5658,-0.0325,1,1,-1.8199,1.8063,0.69,0.0219,9792.2
5659,-1.382,19,1,-1.8289,1.8019,0.69,0.4632,9792.66
5660,-0.0324,1,1,-1.8163,1.81,0.69,0.0234,9792.69
5661,-0.3844,7,1,-1.8129,1.8124,0.69,0.165,9792.85
5662,-4.4682,50,0,-1.8117,1.8106,0.69,1.2052,9794.06
5663,-0.0299,1,1,-1.8034,1.8169,0.69,0.0262,9794.08
5664,-0.8366,11,1,-1.7802,1.8143,0.7,0.2637,9794.35
5665,-0.5034,8,1,-1.7421,1.8007,0.71,0.1962,9794.54
5666,-0.9557,13,1,-1.7514,1.7942,0.71,0.3075,9794.85
5667,-0.839,12,1,-1.7598,1.788,0.71,0.2887,9795.14
5668,-0.5452,9,1,-1.7651,1.7836,0.71,0.1972,9795.34
5669,-0.0264,1,1,-1.7305,1.7834,0.72,0.026,9795.36
5670,-1.1113,13,1,-1.6921,1.7548,0.73,0.2926,9795.65
5671,-0.7241,10,1,-1.6931,1.7542,0.73,0.2308,9795.89
5672,-1.3941,17,1,-1.6878,1.7543,0.73,0.3875,9796.27
5673,-0.3845,7,1,-1.6532,1.7454,0.74,0.1595,9796.43
5674,-1.0386,12,1,-1.6247,1.7319,0.75,0.283,9796.72
5675,-4.051,50,0,-1.6566,1.7469,0.74,1.1474,9797.86
5676,-0.8406,10,1,-1.6585,1.7459,0.74,0.2283,9798.09
5677,-0.4366,8,1,-1.6246,1.7363,0.75,0.1718,9798.26
5678,-0.6865,9,1,-1.6239,1.7367,0.75,0.1967,9798.46
5679,-0.0323,1,1,-1.6191,1.7404,0.75,0.0241,9798.48
5680,-4.1978,50,0,-1.6238,1.7467,0.75,1.1131,9799.6
5681,-0.4648,8,1,-1.6202,1.7488,0.75,0.1858,9799.78
5682,-0.737,10,1,-1.6186,1.7495,0.75,0.2203,9800.0
5683,-0.4362,8,1,-1.6161,1.751,0.75,0.1755,9800.18
5684,-4.9537,50,0,-1.6197,1.7575,0.75,1.1012,9801.28
5685,-3.6717,50,0,-1.6503,1.7663,0.74,1.1382,9802.42
5686,-4.13,50,0,-1.6912,1.7758,0.73,1.1734,9803.59
5687,-1.6311,16,1,-1.7017,1.7723,0.73,0.3735,9803.96
5688,-0.0441,1,1,-1.6702,1.7735,0.74,0.0249,9803.99
5689,-1.1107,12,1,-1.6715,1.7731,0.74,0.271,9804.26
5690,-0.0265,1,1,-1.6298,1.7622,0.75,0.0222,9804.28
5691,-4.4403,50,0,-1.6739,1.7767,0.74,1.1334,9805.42
5692,-0.049,1,1,-1.6465,1.7804,0.74,0.0209,9805.44
5693,-0.526,10,1,-1.6207,1.7778,0.75,0.2288,9805.67
5694,-1.1755,14,1,-1.5786,1.7376,0.76,0.3125,9805.98
5695,-5.4136,50,0,-1.6234,1.7777,0.75,1.12,9807.1
5696,-0.6211,10,1,-1.6206,1.779,0.75,0.2175,9807.32
5697,-3.7167,50,0,-1.6513,1.7884,0.74,1.0859,9808.4
5698,-0.0411,1,1,-1.6175,1.7867,0.75,0.0259,9808.43
5699,-0.0047,1,1,-1.6127,1.7904,0.75,0.0219,9808.45
5700,-0.9002,11,1,-1.6125,1.7904,0.75,0.2574,9808.71
5701,-2.0941,22,1,-1.6332,1.7839,0.75,0.5028,9809.21
5702,-0.87,11,1,-1.6361,1.7824,0.75,0.2443,9809.45
5703,-0.4692,8,1,-1.6325,1.7844,0.75,0.1796,9809.63
5704,-0.038,1,1,-1.6327,1.7842,0.75,0.022,9809.66
5705,-1.0783,18,1,-1.6336,1.7839,0.75,0.4113,9810.07
5706,-4.1558,50,0,-1.6297,1.778,0.75,1.0919,9811.16
5707,-0.9436,11,1,-1.627,1.7788,0.75,0.2529,9811.41
5708,-6.7171,50,0,-1.6939,1.8421,0.74,1.2371,9812.65
5709,-1.4562,16,1,-1.6817,1.8396,0.75,0.3621,9813.01
5710,-0.5678,9,1,-1.687,1.8356,0.75,0.1999,9813.21
5711,-0.0406,1,1,-1.6771,1.8418,0.75,0.0268,9813.24
5712,-2.0049,24,1,-1.6622,1.833,0.76,0.5172,9813.75
5713,-1.3781,15,1,-1.6341,1.8155,0.77,0.3482,9814.1
5714,-4.8852,50,0,-1.6826,1.8368,0.76,1.1376,9815.24
5715,-0.0473,1,1,-1.6826,1.8368,0.76,0.023,9815.26
5716,-0.6449,10,1,-1.6786,1.8386,0.76,0.2219,9815.49
5717,-1.7347,18,1,-1.6956,1.8312,0.76,0.4103,9815.9
5718,-3.6996,50,0,-1.7044,1.8387,0.75,1.129,9817.03
5719,-0.5421,10,1,-1.6312,1.7351,0.76,0.2174,9817.24
5720,-3.6009,50,0,-1.6181,1.7149,0.76,1.0731,9818.32
5721,-0.0215,1,1,-1.6084,1.7212,0.76,0.024,9818.34
5722,-0.4993,9,1,-1.566,1.6955,0.77,0.201,9818.54
5723,-0.3988,7,1,-1.5617,1.6979,0.77,0.1565,9818.7
5724,-3.3977,50,0,-1.5749,1.707,0.76,1.1326,9819.83
5725,-0.7474,10,1,-1.5822,1.7018,0.76,0.2264,9820.06
5726,-1.2792,14,1,-1.5881,1.6998,0.76,0.3086,9820.36
5727,-0.4418,8,1,-1.5921,1.6966,0.76,0.1775,9820.54
5728,-0.5224,10,1,-1.5804,1.6999,0.76,0.2177,9820.76
5729,-6.9505,50,0,-1.5973,1.7443,0.76,1.1401,9821.9
5730,-2.7104,50,0,-1.5682,1.7005,0.76,1.1663,9823.07
5731,-0.0223,1,1,-1.5679,1.7007,0.76,0.0202,9823.09
5732,-0.0451,1,1,-1.5575,1.7068,0.76,0.0209,9823.11
5733,-2.4334,46,1,-1.5733,1.7075,0.76,1.023,9824.13
5734,-1.2179,14,1,-1.5693,1.7079,0.76,0.3203,9824.45
5735,-0.7793,15,1,-1.5346,1.6882,0.77,0.3403,9824.79
5736,-3.5855,50,0,-1.5614,1.6992,0.76,1.4746,9826.27
5737,-0.4849,9,1,-1.5131,1.6599,0.77,0.2065,9826.47
5738,-1.1095,14,1,-1.4756,1.6259,0.78,0.3283,9826.8
5739,-3.3915,50,0,-1.5056,1.6333,0.77,1.1536,9827.95
5740,-0.5818,8,1,-1.5021,1.6349,0.77,0.1726,9828.13
5741,-3.0439,50,0,-1.5217,1.6415,0.76,1.1117,9829.24
5742,-0.5304,9,1,-1.5266,1.6378,0.76,0.2068,9829.44
5743,-0.6293,10,1,-1.5193,1.6402,0.76,0.2301,9829.67
5744,-3.4937,50,0,-1.554,1.6449,0.75,1.1128,9830.79
5745,-0.7551,9,1,-1.5534,1.6451,0.75,0.2085,9831.0
5746,-1.2795,21,1,-1.5571,1.6441,0.75,0.4613,9831.46
5747,-1.1029,12,1,-1.5314,1.6308,0.76,0.2678,9831.73
5748,-0.9297,11,1,-1.5367,1.628,0.76,0.247,9831.97
5749,-1.4542,29,1,-1.5029,1.5938,0.77,0.6536,9832.63
5750,-1.1572,12,1,-1.507,1.5924,0.77,0.2828,9832.91
5751,-1.1657,21,1,-1.5136,1.5896,0.77,0.4672,9833.38
5752,-5.8504,50,0,-1.56,1.6468,0.76,1.1265,9834.5
5753,-3.2654,30,1,-1.5618,1.6485,0.77,0.6892,9835.19
5754,-2.3314,25,1,-1.5532,1.6422,0.78,0.5808,9835.77
5755,-0.0421,1,1,-1.5482,1.646,0.78,0.0238,9835.8
5756,-4.201,50,0,-1.5786,1.6665,0.77,1.128,9836.92
5757,-2.4748,25,1,-1.6032,1.6614,0.77,0.5688,9837.49
5758,-4.1187,50,0,-1.6441,1.6725,0.76,1.1338,9838.63
5759,-1.1761,14,1,-1.642,1.6729,0.76,0.3181,9838.94
5760,-0.0188,1,1,-1.6419,1.673,0.76,0.0237,9838.97
5761,-0.0305,1,1,-1.6384,1.6761,0.76,0.0258,9838.99
5762,-1.3181,15,1,-1.6069,1.652,0.77,0.3442,9839.34
5763,-0.047,1,1,-1.607,1.6519,0.77,0.0242,9839.36
5764,-0.0307,1,1,-1.599,1.6576,0.77,0.0203,9839.38
5765,-1.2668,14,1,-1.6066,1.6542,0.77,0.3174,9839.7
5766,-0.0301,1,1,-1.5973,1.6604,0.77,0.0222,9839.72
5767,-0.0373,1,1,-1.5893,1.666,0.77,0.0233,9839.75
5768,-6.9934,50,0,-1.6538,1.7472,0.76,1.1214,9840.87
5769,-0.5204,8,1,-1.6587,1.7432,0.76,0.1796,9841.05
5770,-3.6225,50,0,-1.6839,1.7532,0.75,1.1181,9842.16
5771,-3.2126,50,0,-1.7087,1.7571,0.74,1.1402,9843.31
5772,-2.2179,42,1,-1.717,1.7575,0.74,0.9422,9844.25
5773,-0.0389,1,1,-1.7135,1.7605,0.74,0.0238,9844.27
5774,-0.7595,12,1,-1.7107,1.7618,0.74,0.2635,9844.53
5775,-3.8644,37,1,-1.7089,1.7594,0.75,0.8099,9845.34
5776,-4.565,50,0,-1.7461,1.7799,0.74,1.1115,9846.46
5777,-4.9126,50,0,-1.7909,1.8026,0.73,1.1439,9847.6
5778,-2.7543,50,0,-1.8116,1.8016,0.72,1.1235,9848.72
5779,-0.0362,1,1,-1.8116,1.8016,0.72,0.0238,9848.75
5780,-0.0205,1,1,-1.7698,1.7942,0.73,0.0206,9848.77
5781,-3.475,50,0,-1.7999,1.7973,0.72,1.1323,9849.9
5782,-4.4233,50,0,-1.8368,1.8129,0.71,1.1221,9851.02
5783,-0.0248,1,1,-1.8327,1.8165,0.71,0.024,9851.05
5784,-3.8328,50,0,-1.8215,1.8006,0.71,1.1261,9852.17
5785,-0.0343,1,1,-1.7851,1.7996,0.72,0.028,9852.2
5786,-1.3431,14,1,-1.7572,1.7846,0.73,0.3103,9852.51
5787,-0.7095,12,1,-1.748,1.7876,0.73,0.266,9852.78
5788,-1.1194,14,1,-1.7588,1.7805,0.73,0.3127,9853.09
5789,-0.6069,11,1,-1.7537,1.783,0.73,0.2474,9853.34
5790,-0.0412,1,1,-1.7539,1.7829,0.73,0.0254,9853.36
5791,-4.2161,50,0,-1.7516,1.7797,0.73,1.1389,9854.5
5792,-2.3066,25,1,-1.7742,1.7722,0.73,0.5714,9855.07
5793,-1.2406,14,1,-1.7813,1.7686,0.73,0.3025,9855.37
5794,-1.0557,13,1,-1.7801,1.7691,0.73,0.2895,9855.66
5795,-0.3995,8,1,-1.73,1.7361,0.74,0.1754,9855.84
5796,-0.6922,10,1,-1.7307,1.7357,0.74,0.2329,9856.07
5797,-1.5958,26,1,-1.7095,1.7242,0.75,0.5843,9856.66
5798,-1.2791,14,1,-1.7219,1.7166,0.75,0.3166,9856.97
5799,-0.66,10,1,-1.7284,1.7113,0.75,0.2269,9857.2
5800,-5.3992,50,0,-1.7734,1.7477,0.74,1.1296,9858.33
5801,-1.1796,14,1,-1.7643,1.7484,0.74,0.3156,9858.65
5802,-0.0301,1,1,-1.7559,1.7546,0.74,0.0235,9858.67
5803,-0.0467,1,1,-1.7517,1.7582,0.74,0.0237,9858.69
5804,-0.8126,12,1,-1.7594,1.7524,0.74,0.2736,9858.97
5805,-2.2379,24,1,-1.771,1.7517,0.74,0.5453,9859.51
5806,-0.8353,12,1,-1.7378,1.7376,0.75,0.2665,9859.78
5807,-0.7134,9,1,-1.7355,1.7388,0.75,0.1939,9859.97
5808,-1.1488,13,1,-1.6798,1.666,0.76,0.2824,9860.25
5809,-1.2411,14,1,-1.6777,1.6664,0.76,0.3187,9860.57
5810,-0.5376,8,1,-1.6774,1.6666,0.76,0.1695,9860.74
5811,-3.6934,50,0,-1.7139,1.6704,0.75,1.1593,9861.9
5812,-21.5929,50,0,-1.9098,2.5889,0.74,1.1371,9863.04
5813,-0.6809,11,1,-1.9028,2.5913,0.74,0.2442,9863.28
5814,-0.0407,1,1,-1.8544,2.5804,0.75,0.0225,9863.31
5815,-1.0632,14,1,-1.8645,2.5752,0.75,0.2927,9863.6
5816,-0.0119,1,1,-1.8582,2.579,0.75,0.0206,9863.62
5817,-0.0173,1,1,-1.841,2.5855,0.75,0.0251,9863.64
5818,-0.9175,11,1,-1.8132,2.5803,0.76,0.2383,9863.88
5819,-1.0944,17,1,-1.8187,2.5781,0.76,0.3848,9864.27
5820,-2.3455,25,1,-1.8062,2.5725,0.77,0.5426,9864.81
5821,-3.6875,50,0,-1.8428,2.5729,0.76,1.1688,9865.98
5822,-3.1161,50,0,-1.869,2.5724,0.75,1.1097,9867.09
5823,-0.0401,1,1,-1.8654,2.5747,0.75,0.0202,9867.11
5824,-5.0472,50,0,-1.8819,2.5897,0.75,1.0989,9868.21
5825,-5.1645,50,0,-1.9261,2.6076,0.74,1.1103,9869.32
5826,-1.2008,18,1,-1.9253,2.6078,0.74,0.4356,9869.75
5827,-1.3716,16,1,-1.9346,2.6042,0.74,0.3953,9870.15
5828,-0.0357,1,1,-1.9297,2.6072,0.74,0.0255,9870.17
5829,-2.3153,24,1,-1.8834,2.5583,0.75,0.5813,9870.76
5830,-0.7315,12,1,-1.8636,2.5595,0.76,0.2692,9871.02
5831,-4.3084,50,0,-1.9064,2.5642,0.75,1.1045,9872.13
5832,-3.5196,50,0,-1.9412,2.5623,0.74,1.1252,9873.25
5833,-0.0157,1,1,-1.917,2.5689,0.74,0.025,9873.28
5834,-1.6544,20,1,-1.9214,2.5681,0.74,0.4521,9873.73
5835,-0.9624,13,1,-1.9232,2.5673,0.74,0.2859,9874.02
5836,-1.2663,14,1,-1.9,2.5627,0.75,0.3245,9874.34
5837,-4.7602,50,0,-1.9428,2.5744,0.74,1.4453,9875.79
5838,-1.5138,20,1,-1.9468,2.5734,0.74,0.4613,9876.25
5839,-2.5389,50,0,-1.9383,2.57,0.74,1.1706,9877.42
5840,-1.4191,14,1,-1.9466,2.5669,0.74,0.3013,9877.72
5841,-1.1441,14,1,-1.9276,2.5657,0.75,0.3509,9878.07
5842,-0.43,8,1,-1.9266,2.5663,0.75,0.1778,9878.25
5843,-4.3577,50,0,-1.9639,2.5743,0.74,1.2033,9879.45
5844,-1.13,18,1,-1.9403,2.5709,0.75,0.4195,9879.87
5845,-1.0801,14,1,-1.9435,2.5697,0.75,0.311,9880.18
5846,-1.3024,16,1,-1.9438,2.5696,0.75,0.3761,9880.56
5847,-4.1984,50,0,-1.9747,2.5779,0.74,1.1101,9881.67
5848,-1.8993,23,1,-1.9844,2.5758,0.74,0.6186,9882.29
5849,-0.0426,1,1,-1.9703,2.5825,0.74,0.0241,9882.31
5850,-0.0198,1,1,-1.9589,2.5886,0.74,0.0195,9882.33
5851,-0.0272,1,1,-1.9475,2.5945,0.74,0.0229,9882.35
5852,-3.4041,50,0,-1.9231,2.569,0.74,1.4015,9883.76
5853,-0.0402,1,1,-1.8908,2.5722,0.74,0.0286,9883.78
5854,-0.3941,7,1,-1.8715,2.5761,0.74,0.1552,9883.94
5855,-1.7244,20,1,-1.8883,2.5696,0.74,0.5535,9884.49
5856,-1.0873,12,1,-1.8571,2.5602,0.75,0.3243,9884.82
5857,-3.5823,50,0,-1.8682,2.5653,0.74,1.5263,9886.34
5858,-0.7105,11,1,-1.8341,2.5578,0.75,0.2823,9886.63
5859,-0.8791,10,1,-1.8312,2.5587,0.75,0.2286,9886.85
5860,-4.2751,50,0,-1.8737,2.5636,0.74,1.2182,9888.07
5861,-12.7984,50,0,-2.0014,2.7776,0.73,1.3178,9889.39
5862,-0.0172,1,1,-1.9884,2.7838,0.73,0.0243,9889.41
5863,-1.3249,15,1,-2.0012,2.7778,0.73,0.4093,9889.82
5864,-3.0822,50,0,-2.0317,2.7728,0.72,1.3583,9891.18
5865,-1.0431,13,1,-2.0295,2.7735,0.72,0.4035,9891.59
5866,-0.007,1,1,-2.0292,2.7736,0.72,0.0327,9891.62
5867,-0.0345,1,1,-2.0292,2.7737,0.72,0.034,9891.65
5868,-0.0274,1,1,-1.9595,2.7353,0.73,0.0283,9891.68
5869,-0.9515,13,1,-1.9638,2.7334,0.73,0.3591,9892.04
5870,-0.0475,1,1,-1.9281,2.7348,0.74,0.0236,9892.06
5871,-1.0529,12,1,-1.9065,2.7331,0.75,0.4431,9892.51
5872,-3.0905,50,0,-1.9152,2.7355,0.74,1.5339,9894.04
5873,-3.4216,50,0,-1.9491,2.733,0.73,1.2476,9895.29
5874,-4.9802,50,0,-1.9913,2.7469,0.72,1.237,9896.53
5875,-0.0436,1,1,-1.9531,2.7471,0.72,0.0235,9896.55
5876,-0.8878,11,1,-1.9163,2.7365,0.73,0.2452,9896.79
5877,-1.5313,18,1,-1.8825,2.7201,0.74,0.416,9897.21
5878,-4.5497,50,0,-1.9004,2.7317,0.74,1.3552,9898.57
5879,-1.0161,11,1,-1.9102,2.7268,0.74,0.3283,9898.89
5880,-3.0803,50,0,-1.9408,2.7225,0.73,1.1496,9900.04
5881,-7.8852,50,0,-1.9849,2.7821,0.73,1.1087,9901.15
5882,-0.0277,1,1,-1.941,2.778,0.74,0.0268,9901.18
5883,-0.0108,1,1,-1.9408,2.7781,0.74,0.024,9901.2
5884,-8.2514,50,0,-1.985,2.8422,0.74,1.1081,9902.31
5885,-1.1654,14,1,-1.9963,2.8367,0.74,0.3099,9902.62
5886,-1.3327,21,1,-1.9962,2.8367,0.74,0.4624,9903.08
5887,-4.1779,50,0,-2.0309,2.8419,0.73,1.1058,9904.19
5888,-4.3225,50,0,-2.0629,2.8495,0.72,1.1376,9905.33
5889,-0.0494,1,1,-2.0574,2.8529,0.72,0.0271,9905.35
5890,-1.0473,14,1,-2.0674,2.8476,0.72,0.4341,9905.79
5891,-0.0294,1,1,-2.0256,2.8464,0.73,0.0206,9905.81
5892,-1.5323,17,1,-2.0178,2.8467,0.73,0.4984,9906.31
5893,-0.9051,12,1,-2.0145,2.8478,0.73,0.3439,9906.65
5894,-3.896,50,0,-2.0429,2.8523,0.72,1.2044,9907.85
5895,-0.0408,1,1,-2.0393,2.8546,0.72,0.0226,9907.88
5896,-2.5877,29,1,-2.0582,2.8518,0.72,0.7223,9908.6
5897,-1.7249,25,1,-2.0595,2.8517,0.72,0.5575,9909.16
5898,-1.1051,11,1,-2.0578,2.8522,0.72,0.2522,9909.41
5899,-1.3925,13,1,-2.0651,2.8495,0.72,0.2759,9909.69
5900,-1.8459,21,1,-2.0296,2.8298,0.73,0.4904,9910.18
5901,-3.2105,50,0,-2.0499,2.8309,0.72,1.2721,9911.45
5902,-3.3283,50,0,-2.0829,2.8264,0.71,1.6014,9913.05
5903,-2.8678,50,0,-2.1111,2.82,0.7,1.5386,9914.59
5904,-1.502,16,1,-2.118,2.8177,0.7,0.5851,9915.17
5905,-5.3725,50,0,-2.1493,2.8362,0.69,1.3978,9916.57
5906,-7.5479,50,0,-2.2164,2.8834,0.68,1.4289,9918.0
5907,-3.2833,50,0,-2.2421,2.8813,0.67,1.3849,9919.38
5908,-0.0216,1,1,-2.2309,2.8878,0.67,0.022,9919.41
5909,-6.7863,50,0,-2.2863,2.9213,0.66,1.4469,9920.85
5910,-1.3145,15,1,-2.2941,2.9176,0.66,0.3785,9921.23
5911,-1.6823,19,1,-2.274,2.9149,0.67,0.5592,9921.79
5912,-0.7589,10,1,-2.0656,2.178,0.68,0.2765,9922.07
5913,-0.4827,8,1,-2.0637,2.1794,0.68,0.1944,9922.26
5914,-4.4653,50,0,-2.1079,2.1828,0.67,1.3194,9923.58
5915,-0.8185,10,1,-2.1054,2.1841,0.67,0.3072,9923.89
5916,-5.6087,50,0,-2.1614,2.2013,0.66,1.3906,9925.28
5917,-2.9353,42,1,-2.1906,2.192,0.66,1.249,9926.53
5918,-0.9385,11,1,-2.1908,2.1919,0.66,0.3045,9926.83
5919,-0.6322,9,1,-2.1862,2.1947,0.66,0.234,9927.07
5920,-4.2953,50,0,-2.2057,2.2047,0.65,1.3215,9928.39
5921,-0.9334,11,1,-2.1781,2.2032,0.66,0.2547,9928.64
5922,-5.0185,50,0,-2.1972,2.2194,0.66,1.5101,9930.15
5923,-4.3887,50,0,-2.2407,2.2193,0.65,1.3152,9931.47
5924,-4.8042,50,0,-2.2382,2.2163,0.65,1.3334,9932.8
5925,-0.723,11,1,-2.1938,2.2017,0.66,0.2974,9933.1
5926,-3.2731,50,0,-2.2145,2.202,0.65,1.3302,9934.43
5927,-2.5253,50,0,-2.2261,2.2006,0.64,1.2692,9935.7
5928,-1.7019,17,1,-2.2427,2.1902,0.64,0.3977,9936.1
5929,-0.4659,9,1,-2.2242,2.1973,0.64,0.2636,9936.36
5930,-4.6239,50,0,-2.2632,2.205,0.63,1.3789,9937.74
5931,-0.7702,13,1,-2.2278,2.2003,0.64,0.3332,9938.07
5932,-0.7714,13,1,-2.2003,2.2011,0.65,0.3863,9938.46
5933,-4.5463,50,0,-2.2456,2.2023,0.64,1.3571,9939.82
5934,-0.92,13,1,-2.2383,2.2055,0.64,0.313,9940.13
5935,-4.7315,43,1,-2.2759,2.2156,0.64,1.0588,9941.19
5936,-1.0983,13,1,-2.2743,2.2164,0.64,0.3629,9941.55
5937,-1.2599,15,1,-2.2393,2.2045,0.65,0.3815,9941.93
5938,-0.6557,12,1,-2.2307,2.209,0.65,0.3149,9942.25
5939,-4.6755,50,0,-2.252,2.2221,0.65,1.4245,9943.67
5940,-5.7172,50,0,-2.295,2.247,0.64,1.2793,9944.95
5941,-0.6173,11,1,-2.2898,2.2503,0.64,0.2872,9945.24
5942,-2.9564,33,1,-2.315,2.2435,0.64,0.7883,9946.03
5943,-5.2479,50,0,-2.3239,2.2533,0.64,1.171,9947.2
5944,-0.4525,8,1,-2.3172,2.2579,0.64,0.2107,9947.41
5945,-3.4712,50,0,-2.3411,2.2573,0.63,1.4196,9948.83
5946,-4.015,50,0,-2.3682,2.261,0.62,1.463,9950.29
5947,-5.4773,50,0,-2.381,2.2749,0.62,1.4155,9951.71
5948,-0.0304,1,1,-2.3623,2.2864,0.62,0.0278,9951.73
5949,-0.8817,12,1,-2.3707,2.2794,0.62,0.3316,9952.06
5950,-5.7542,50,0,-2.428,2.2916,0.61,1.4358,9953.5
5951,-0.0491,1,1,-2.4282,2.2914,0.61,0.0345,9953.54
5952,-1.2521,15,1,-2.4067,2.2923,0.62,0.4033,9953.94
5953,-2.7138,50,0,-2.4335,2.2801,0.61,1.7309,9955.67
5954,-0.045,1,1,-2.43,2.2834,0.61,0.0369,9955.71
5955,-2.3302,23,1,-2.436,2.2824,0.61,0.82,9956.53
5956,-4.419,50,0,-2.4693,2.2867,0.6,1.7357,9958.26
5957,-0.0376,1,1,-2.4339,2.2967,0.61,0.0275,9958.29
5958,-2.5549,50,0,-2.4523,2.2902,0.6,1.384,9959.67
5959,-6.1335,50,0,-2.5049,2.3136,0.59,1.3826,9961.06
5960,-4.0664,50,0,-2.5028,2.3121,0.59,1.4774,9962.53
5961,-2.9367,50,0,-2.4042,2.0683,0.59,1.2774,9963.81
5962,-3.9854,50,0,-2.4439,2.0602,0.58,1.4588,9965.27
5963,-0.8161,13,1,-2.4388,2.0636,0.58,0.4011,9965.67
5964,-1.9501,20,1,-2.4275,2.0631,0.59,0.6252,9966.3
5965,-4.9578,50,0,-2.4666,2.0736,0.58,1.4781,9967.77
5966,-1.3521,21,1,-2.4801,2.0619,0.58,0.6418,9968.42
5967,-4.1655,45,1,-2.5214,2.0539,0.58,1.2835,9969.7
5968,-1.1681,17,1,-2.5328,2.0432,0.58,0.3896,9970.09
5969,-4.5654,50,0,-2.5689,2.0468,0.57,1.1908,9971.28
5970,-4.2204,50,0,-2.6106,2.0375,0.56,1.3967,9972.68
5971,-0.031,1,1,-2.6004,2.0478,0.56,0.0295,9972.71
5972,-0.0237,1,1,-2.5698,2.0632,0.57,0.0267,9972.73
5973,-0.0314,1,1,-2.5359,2.0767,0.58,0.0301,9972.76
5974,-3.9222,50,0,-2.5253,2.0669,0.58,1.3405,9974.1
5975,-0.0344,1,1,-2.5252,2.067,0.58,0.0265,9974.13
5976,-1.8388,18,1,-2.5347,2.0616,0.58,0.4946,9974.62
5977,-1.0953,14,1,-2.5303,2.0642,0.58,0.3835,9975.01
5978,-2.5567,50,0,-2.5104,2.0542,0.58,1.3068,9976.31
5979,-3.0977,50,0,-2.5312,2.0495,0.57,1.2935,9977.61
5980,-4.301,50,0,-2.5434,2.0564,0.57,1.2956,9978.9
5981,-2.6121,50,0,-2.4907,1.9851,0.57,1.2869,9980.19
5982,-3.4092,40,1,-2.5245,1.9716,0.57,1.1954,9981.39
5983,-4.7206,50,0,-2.5716,1.9672,0.56,1.4006,9982.79
5984,-3.5441,50,0,-2.5245,1.8854,0.56,1.3755,9984.16
5985,-0.0156,1,1,-2.513,1.8971,0.56,0.0258,9984.19
5986,-4.7977,50,0,-2.5477,1.9068,0.55,1.3757,9985.56
5987,-5.4861,50,0,-2.5608,1.9224,0.55,1.3176,9986.88
5988,-5.6145,50,0,-2.5737,1.9385,0.55,1.2881,9988.17
5989,-3.6805,50,0,-2.61,1.9248,0.54,1.3238,9989.49
5990,-1.1025,12,1,-2.6105,1.9244,0.54,0.3493,9989.84
5991,-1.1525,23,1,-2.6218,1.9125,0.54,0.697,9990.54
5992,-0.0297,1,1,-2.6068,1.9269,0.54,0.0248,9990.56
5993,-0.0301,1,1,-2.598,1.9365,0.54,0.0304,9990.59
5994,-0.0415,1,1,-2.5595,1.9486,0.55,0.0263,9990.62
5995,-3.0166,50,0,-2.5892,1.9326,0.54,1.269,9991.89
5996,-4.4044,50,0,-2.6074,1.941,0.53,1.1941,9993.08
5997,-0.8704,11,1,-2.5988,1.9468,0.53,0.2579,9993.34
5998,-5.161,50,0,-2.6394,1.9574,0.52,1.1903,9994.53
5999,-4.0903,50,0,-2.6664,1.9587,0.51,1.2031,9995.74
6000,-3.705,44,1,-2.685,1.9596,0.51,0.9865,9996.72
6001,-3.4643,50,0,-2.6875,1.9605,0.51,1.1689,9997.89
6002,-0.5661,9,1,-2.6599,1.9707,0.52,0.2032,9998.09
6003,-4.9985,50,0,-2.6812,1.9843,0.52,1.1448,9999.24
6004,-0.0359,1,1,-2.6665,1.9983,0.52,0.0256,9999.26
6005,-0.7217,11,1,-2.62,1.9889,0.53,0.2454,9999.51
6006,-3.1298,50,0,-2.5758,1.927,0.53,1.1373,10000.65
6007,-4.7701,50,0,-2.5907,1.9381,0.53,1.35,10002.0
6008,-2.5479,29,1,-2.616,1.9209,0.53,0.7971,10002.79
6009,-4.9962,50,0,-2.5981,1.89,0.53,1.267,10004.06
6010,-0.0372,1,1,-2.5853,1.9029,0.53,0.0253,10004.09
6011,-0.0308,1,1,-2.5688,1.9178,0.53,0.0235,10004.11
6012,-4.7315,50,0,-2.6085,1.921,0.52,1.2801,10005.39
6013,-3.857,50,0,-2.6422,1.913,0.51,1.2341,10006.62
6014,-3.6072,50,0,-2.6337,1.9067,0.51,1.4627,10008.09
6015,-1.328,12,1,-2.6388,1.9025,0.51,0.3205,10008.41
6016,-0.0388,1,1,-2.5831,1.8963,0.52,0.0262,10008.43
6017,-3.2355,50,0,-2.5861,1.8971,0.51,1.3753,10009.81
6018,-1.348,14,1,-2.5902,1.894,0.51,0.3956,10010.2
6019,-1.6111,30,1,-2.5999,1.8863,0.51,0.8491,10011.05
6020,-0.0448,1,1,-2.5574,1.8955,0.52,0.0232,10011.08
6021,-0.0377,1,1,-2.5485,1.9053,0.52,0.0232,10011.1
6022,-0.0297,1,1,-2.4986,1.9053,0.53,0.0218,10011.12
6023,-1.8282,18,1,-2.473,1.8969,0.54,0.4157,10011.54
6024,-1.8997,21,1,-2.444,1.8831,0.55,0.5015,10012.04
6025,-3.24,50,0,-2.4691,1.8768,0.54,1.2122,10013.25
6026,-5.3566,50,0,-2.49,1.897,0.54,1.3915,10014.64
6027,-6.7875,50,0,-2.5326,1.9446,0.54,1.2555,10015.9
6028,-1.1252,14,1,-2.5268,1.948,0.54,0.4076,10016.31
6029,-3.4839,50,0,-2.557,1.9391,0.53,1.1505,10017.46
6030,-3.9805,50,0,-2.5506,1.9333,0.53,1.2944,10018.75
6031,-5.0031,50,0,-2.5929,1.9402,0.52,1.4231,10020.17
6032,-0.8225,10,1,-2.5934,1.9397,0.52,0.2553,10020.43
6033,-0.0246,1,1,-2.5482,1.9464,0.53,0.0255,10020.45
6034,-1.5714,16,1,-2.5547,1.942,0.53,0.4239,10020.88
6035,-3.7598,50,0,-2.545,1.9335,0.52,1.4408,10022.32
6036,-0.8594,12,1,-2.5426,1.9354,0.52,0.3045,10022.62
6037,-2.827,50,0,-2.5583,1.9313,0.51,1.13,10023.75
6038,-0.0076,1,1,-2.5518,1.9388,0.51,0.0217,10023.77
6039,-2.5005,28,1,-2.53,1.927,0.52,0.6088,10024.38
6040,-0.0217,1,1,-2.4731,1.9161,0.53,0.0221,10024.41
6041,-0.0264,1,1,-2.4672,1.9227,0.53,0.0271,10024.43
6042,-0.7631,10,1,-2.4452,1.9295,0.53,0.2248,10024.66
6043,-0.0216,1,1,-2.393,1.9236,0.54,0.022,10024.68
6044,-0.0232,1,1,-2.3887,1.9284,0.54,0.0242,10024.7
6045,-0.0499,1,1,-2.3545,1.9393,0.55,0.0228,10024.73
6046,-2.9814,50,0,-2.3441,1.9331,0.55,1.1306,10025.86
6047,-1.0395,11,1,-2.2997,1.9115,0.56,0.2385,10026.1
6048,-0.0318,1,1,-2.2998,1.9115,0.56,0.022,10026.12
6049,-3.6539,50,0,-2.3275,1.9108,0.55,1.1256,10027.24
6050,-0.6477,9,1,-2.2764,1.8866,0.56,0.1957,10027.44
6051,-1.7374,20,1,-2.2933,1.8742,0.56,0.4509,10027.89
6052,-1.5696,19,1,-2.2965,1.8727,0.56,0.4284,10028.32
6053,-3.2791,50,0,-2.3021,1.8748,0.56,1.1533,10029.47
6054,-0.7238,9,1,-2.3089,1.8678,0.56,0.1971,10029.67
6055,-5.5172,50,0,-2.3408,1.8949,0.55,1.105,10030.77
6056,-1.5856,24,1,-2.3124,1.8847,0.56,0.53,10031.3
6057,-0.6328,12,1,-2.3184,1.8785,0.56,0.2691,10031.57
6058,-5.621,50,0,-2.3491,1.9069,0.56,1.1333,10032.71
6059,-0.6692,10,1,-2.2944,1.8757,0.57,0.2219,10032.93
6060,-0.758,12,1,-2.2613,1.8733,0.58,0.2676,10033.2
6061,-0.764,11,1,-2.2396,1.878,0.59,0.2433,10033.44
6062,-1.2095,17,1,-2.2118,1.8725,0.6,0.3796,10033.82
6063,-5.0361,50,0,-2.254,1.888,0.59,1.1076,10034.93
6064,-0.0481,1,1,-2.235,1.9005,0.59,0.0203,10034.95
6065,-1.0299,16,1,-2.1958,1.8844,0.6,0.3598,10035.31
6066,-2.4926,31,1,-2.2072,1.8827,0.6,0.6839,10035.99
6067,-0.9829,12,1,-2.1753,1.8762,0.6,0.2651,10036.26
6068,-4.375,50,0,-2.2074,1.8861,0.59,1.145,10037.4
6069,-1.8441,21,1,-2.1802,1.8714,0.6,0.5675,10037.97
6070,-0.801,9,1,-2.146,1.8651,0.61,0.2179,10038.19
6071,-1.1647,14,1,-2.1573,1.8556,0.61,0.358,10038.54
6072,-0.0207,1,1,-2.1573,1.8556,0.61,0.0247,10038.57
6073,-5.4121,50,0,-2.2111,1.8712,0.6,1.2769,10039.85
6074,-0.0485,1,1,-2.1724,1.8754,0.61,0.0264,10039.87
6075,-0.0337,1,1,-2.1724,1.8754,0.61,0.026,10039.9
6076,-0.9526,11,1,-2.1635,1.8791,0.61,0.2428,10040.14
6077,-1.4385,17,1,-2.1669,1.8774,0.61,0.3978,10040.54
6078,-6.2639,50,0,-2.204,1.9209,0.61,1.3013,10041.84
6079,-1.2534,13,1,-2.1856,1.9211,0.62,0.3965,10042.24
6080,-0.7748,12,1,-2.1503,1.9143,0.63,0.3366,10042.57
6081,-0.0051,1,1,-2.1242,1.9255,0.64,0.0297,10042.6
6082,-2.7674,33,1,-2.1178,1.9223,0.64,0.9567,10043.56
6083,-0.6099,8,1,-2.0767,1.9101,0.65,0.2186,10043.78
6084,-6.2622,50,0,-2.1039,1.9497,0.65,1.2113,10044.99
6085,-0.4968,10,1,-2.1087,1.9451,0.65,0.236,10045.23
6086,-0.0371,1,1,-2.0611,1.937,0.66,0.021,10045.25
6087,-0.6217,10,1,-2.0124,1.9113,0.67,0.217,10045.46
6088,-0.0494,1,1,-1.9568,1.8864,0.68,0.0218,10045.49
6089,-0.7721,11,1,-1.9277,1.8821,0.69,0.2514,10045.74
6090,-3.1334,50,0,-1.948,1.884,0.68,1.1683,10046.9
6091,-0.0199,1,1,-1.9367,1.8921,0.68,0.0199,10046.92
6092,-3.1727,50,0,-1.9681,1.8863,0.67,1.2784,10048.2
6093,-3.5017,50,0,-2.0028,1.8822,0.66,1.3333,10049.54
6094,-2.9542,50,0,-2.032,1.8742,0.65,1.3488,10050.89
6095,-0.6076,9,1,-2.0079,1.8769,0.66,0.2658,10051.15
6096,-2.8513,50,0,-1.9923,1.8633,0.66,1.6681,10052.82
6097,-0.8053,10,1,-1.9917,1.8637,0.66,0.3264,10053.15
6098,-0.0426,1,1,-1.9405,1.8462,0.67,0.0285,10053.17
6099,-3.0667,50,0,-1.9303,1.8371,0.67,1.5311,10054.71
6100,-0.0342,1,1,-1.8936,1.8379,0.67,0.0267,10054.73
6101,-0.0098,1,1,-1.859,1.8405,0.68,0.031,10054.76
6102,-0.0282,1,1,-1.8536,1.8451,0.68,0.0258,10054.79
6103,-0.9594,10,1,-1.8133,1.8198,0.69,0.2958,10055.08
6104,-1.0863,12,1,-1.8238,1.8126,0.69,0.4307,10055.52
6105,-0.0391,1,1,-1.8169,1.818,0.69,0.0295,10055.54
6106,-0.037,1,1,-1.786,1.8217,0.7,0.0262,10055.57
6107,-1.3753,14,1,-1.7521,1.7972,0.71,0.3783,10055.95
6108,-0.7496,12,1,-1.7341,1.7982,0.71,0.3457,10056.29
6109,-4.4551,50,0,-1.7287,1.7891,0.71,1.5731,10057.87
6110,-1.1818,13,1,-1.7401,1.7819,0.71,0.3786,10058.25
6111,-3.976,50,0,-1.7796,1.7873,0.7,1.5719,10059.82
6112,-0.0481,1,1,-1.7327,1.7706,0.71,0.0271,10059.85
6113,-1.1191,13,1,-1.7053,1.7587,0.72,0.4102,10060.26
6114,-0.8157,10,1,-1.6774,1.7504,0.73,0.248,10060.5
6115,-0.0427,1,1,-1.6646,1.7576,0.73,0.0246,10060.53
6116,-3.8597,50,0,-1.7028,1.7634,0.72,1.3343,10061.86
6117,-0.7757,12,1,-1.6782,1.759,0.73,0.3214,10062.18
6118,-1.755,20,1,-1.6823,1.7587,0.73,0.655,10062.84
6119,-0.865,14,1,-1.6748,1.7606,0.73,0.3782,10063.22
6120,-0.5248,10,1,-1.6796,1.7568,0.73,0.3581,10063.58
6121,-6.5531,50,0,-1.7447,1.8145,0.72,1.5345,10065.11
6122,-5.6464,50,0,-1.8009,1.8472,0.71,1.4824,10066.59
6123,-0.7653,9,1,-1.7903,1.8501,0.71,0.2116,10066.8
6124,-0.5787,8,1,-1.7771,1.854,0.71,0.2185,10067.02
6125,-0.0179,1,1,-1.7449,1.8563,0.72,0.0277,10067.05
6126,-0.0287,1,1,-1.6916,1.8281,0.73,0.0263,10067.08
6127,-0.0188,1,1,-1.6239,1.7623,0.74,0.0303,10067.11
6128,-4.9886,50,0,-1.6625,1.793,0.73,1.3849,10068.49
6129,-0.0196,1,1,-1.6279,1.7909,0.74,0.0275,10068.52
6130,-4.5296,50,0,-1.6334,1.799,0.74,1.1536,10069.67
6131,-4.8362,50,0,-1.6317,1.7959,0.74,1.1821,10070.85
6132,-1.633,14,1,-1.6398,1.7941,0.74,0.296,10071.15
6133,-1.4893,21,1,-1.6545,1.7868,0.74,0.5001,10071.65
6134,-0.6574,9,1,-1.6453,1.7895,0.74,0.206,10071.86
6135,-1.3757,13,1,-1.6215,1.777,0.75,0.2883,10072.15
6136,-0.8822,13,1,-1.6217,1.7769,0.75,0.2782,10072.42
6137,-4.8958,50,0,-1.6424,1.8027,0.75,1.1538,10073.58
6138,-3.9007,50,0,-1.6813,1.809,0.74,1.1712,10074.75
6139,-1.3724,18,1,-1.67,1.8074,0.74,0.4013,10075.15
6140,-3.6793,50,0,-1.7066,1.8107,0.73,1.1301,10076.28
6141,-0.7999,11,1,-1.7143,1.8051,0.73,0.2568,10076.54
6142,-3.0008,50,0,-1.7367,1.807,0.72,1.1515,10077.69
6143,-0.5276,10,1,-1.7418,1.8029,0.72,0.224,10077.91
6144,-3.2969,50,0,-1.7745,1.8012,0.71,1.196,10079.11
6145,-0.7828,12,1,-1.7819,1.7956,0.71,0.2862,10079.39
6146,-0.6885,10,1,-1.7589,1.7948,0.72,0.226,10079.62
6147,-0.0179,1,1,-1.7487,1.8017,0.72,0.0201,10079.64
6148,-0.0388,1,1,-1.7488,1.8017,0.72,0.0221,10079.66
6149,-0.0447,1,1,-1.7127,1.7993,0.73,0.028,10079.69
6150,-0.3816,7,1,-1.71,1.8011,0.73,0.1684,10079.86
6151,-0.3326,6,1,-1.696,1.8063,0.73,0.7706,10080.63
6152,-0.4851,8,1,-1.6851,1.8102,0.73,0.1793,10080.81
6153,-0.7038,11,1,-1.6594,1.8057,0.74,0.2821,10081.09
6154,-0.7283,10,1,-1.6594,1.8057,0.74,0.2543,10081.35
6155,-0.8816,11,1,-1.6131,1.7651,0.75,0.2668,10081.61
6156,-1.5749,14,1,-1.613,1.7651,0.75,0.3475,10081.96
6157,-3.9229,50,0,-1.6459,1.7771,0.74,1.288,10083.25
6158,-5.3986,50,0,-1.6436,1.7723,0.74,1.641,10084.89
6159,-2.6485,50,0,-1.6634,1.7724,0.73,1.4737,10086.36
6160,-1.7959,17,1,-1.6738,1.7701,0.73,0.5029,10086.87
6161,-0.0315,1,1,-1.6665,1.7753,0.73,0.0357,10086.9
6162,-0.68,11,1,-1.6612,1.7775,0.73,0.3292,10087.23
6163,-4.6066,50,0,-1.6569,1.7698,0.73,1.4323,10088.66
6164,-1.2033,13,1,-1.6684,1.763,0.73,0.3772,10089.04
6165,-0.6707,9,1,-1.6649,1.7647,0.73,0.2547,10089.29
6166,-1.5836,19,1,-1.6558,1.7627,0.73,0.514,10089.81
6167,-0.0179,1,1,-1.6461,1.769,0.73,0.0253,10089.83
6168,-0.3621,7,1,-1.606,1.7521,0.74,0.1905,10090.02
6169,-2.8671,50,0,-1.6162,1.7564,0.73,1.522,10091.55
6170,-0.4664,9,1,-1.6129,1.7583,0.73,0.2872,10091.83
6171,-0.0312,1,1,-1.6015,1.7648,0.73,0.0392,10091.87
6172,-0.0362,1,1,-1.6017,1.7647,0.73,0.0377,10091.91
6173,-0.634,12,1,-1.5539,1.7251,0.74,0.3481,10092.26
6174,-0.0371,1,1,-1.5538,1.7252,0.74,0.0309,10092.29
6175,-1.0012,11,1,-1.5635,1.7193,0.74,0.3039,10092.59
6176,-1.8096,21,1,-1.572,1.7184,0.74,0.6363,10093.23
6177,-1.6314,25,1,-1.574,1.7184,0.74,0.7003,10093.93
6178,-1.4537,20,1,-1.5259,1.6525,0.75,0.5586,10094.49
6179,-0.7761,10,1,-1.5211,1.6539,0.75,0.2487,10094.74
6180,-0.622,8,1,-1.5196,1.6547,0.75,0.2296,10094.97
6181,-4.0559,50,0,-1.5601,1.6667,0.74,1.3699,10096.34
6182,-1.4434,17,1,-1.5468,1.6623,0.74,0.4954,10096.83
6183,-0.6698,10,1,-1.5474,1.662,0.74,0.4468,10097.28
6184,-4.8321,50,0,-1.5331,1.6271,0.74,1.3658,10098.64
6185,-2.7058,50,0,-1.5552,1.6279,0.73,1.3375,10099.98
6186,-4.1556,50,0,-1.5964,1.641,0.72,1.3581,10101.34
6187,-0.0444,1,1,-1.5906,1.6454,0.72,0.0306,10101.37
6188,-0.6922,10,1,-1.5971,1.6406,0.72,0.2962,10101.67
6189,-5.4496,50,0,-1.6438,1.6826,0.71,1.4774,10103.14
6190,-1.4298,15,1,-1.6268,1.676,0.72,0.4373,10103.58
6191,-0.4919,8,1,-1.6315,1.6722,0.72,0.1975,10103.78
6192,-0.0444,1,1,-1.6002,1.6723,0.73,0.0231,10103.8
6193,-0.9084,13,1,-1.5743,1.6627,0.74,0.3698,10104.17
6194,-0.0496,1,1,-1.5453,1.6637,0.75,0.0277,10104.2
6195,-1.0988,12,1,-1.5502,1.6617,0.75,0.328,10104.53
6196,-0.0049,1,1,-1.5217,1.6635,0.76,0.032,10104.56
6197,-5.0784,50,0,-1.5644,1.6991,0.75,1.3444,10105.9
6198,-0.0499,1,1,-1.5645,1.699,0.75,0.0224,10105.93
6199,-0.8723,10,1,-1.5426,1.6936,0.76,0.23,10106.16
6200,-6.1027,50,0,-1.6032,1.7464,0.75,1.1621,10107.32
6201,-0.0281,1,1,-1.6034,1.7462,0.75,0.0271,10107.35
6202,-1.36,14,1,-1.6168,1.7392,0.75,0.3158,10107.66
6203,-4.3118,50,0,-1.6503,1.7584,0.74,1.2174,10108.88
6204,-0.036,1,1,-1.6398,1.7649,0.74,0.0235,10108.9
6205,-0.8752,11,1,-1.6481,1.7592,0.74,0.2754,10109.18
6206,-1.9174,18,1,-1.6669,1.752,0.74,0.4473,10109.63
6207,-4.0594,50,0,-1.6938,1.7678,0.73,1.3523,10110.98
6208,-2.2493,23,1,-1.7088,1.7661,0.73,0.6384,10111.62
6209,-0.0262,1,1,-1.6645,1.7521,0.74,0.0294,10111.65
6210,-1.6357,21,1,-1.669,1.7514,0.74,0.596,10112.24
6211,-0.7762,11,1,-1.637,1.7382,0.75,0.3043,10112.55
6212,-0.0487,1,1,-1.637,1.7382,0.75,0.0258,10112.57
6213,-0.0159,1,1,-1.626,1.7449,0.75,0.029,10112.6
6214,-3.2838,50,0,-1.6507,1.7507,0.74,1.3943,10114.0
6215,-0.0382,1,1,-1.6506,1.7508,0.74,0.022,10114.02
6216,-1.0195,12,1,-1.6222,1.7377,0.75,0.2883,10114.31
6217,-0.6719,10,1,-1.6212,1.7382,0.75,0.2705,10114.58
6218,-0.7332,10,1,-1.611,1.7404,0.75,0.2466,10114.82
6219,-1.5344,14,1,-1.6177,1.7388,0.75,0.3396,10115.16
6220,-0.6248,11,1,-1.6187,1.7382,0.75,0.3261,10115.49
6221,-1.422,14,1,-1.5674,1.666,0.76,0.3651,10115.85
6222,-3.2891,50,0,-1.5438,1.6243,0.76,1.3173,10117.17
6223,-1.4378,14,1,-1.5505,1.6225,0.76,0.3885,10117.56
6224,-0.0457,1,1,-1.5452,1.6265,0.76,0.023,10117.58
6225,-0.0417,1,1,-1.5454,1.6263,0.76,0.0304,10117.61
6226,-0.047,1,1,-1.5456,1.6261,0.76,0.0267,10117.64
6227,-1.0789,15,1,-1.5562,1.6196,0.76,0.3917,10118.03
6228,-0.9393,11,1,-1.5157,1.5835,0.77,0.278,10118.31
6229,-0.0298,1,1,-1.5158,1.5834,0.77,0.0324,10118.34
6230,-0.0472,1,1,-1.471,1.5607,0.78,0.0378,10118.38
6231,-1.9153,18,1,-1.4418,1.5244,0.79,0.5201,10118.9
6232,-1.0927,12,1,-1.4364,1.5246,0.79,0.3074,10119.21
6233,-0.5424,9,1,-1.4269,1.5272,0.79,0.2337,10119.44
6234,-2.8582,50,0,-1.4489,1.5318,0.78,1.2082,10120.65
6235,-0.9189,11,1,-1.4444,1.5327,0.78,0.2626,10120.91
6236,-0.8125,11,1,-1.4437,1.533,0.78,0.2588,10121.17
6237,-4.084,50,0,-1.4355,1.5167,0.78,1.2176,10122.39
6238,-5.3409,50,0,-1.4499,1.5466,0.78,1.3761,10123.76
6239,-0.6462,11,1,-1.4427,1.5487,0.78,0.2765,10124.04
6240,-1.6195,20,1,-1.4221,1.5324,0.79,0.5395,10124.58
6241,-4.3338,35,1,-1.4574,1.5582,0.79,0.8947,10125.47
6242,-3.6817,42,1,-1.4642,1.5664,0.8,0.9943,10126.47
6243,-1.0068,12,1,-1.469,1.5642,0.8,0.3022,10126.77
6244,-0.9283,11,1,-1.4453,1.5543,0.81,0.3021,10127.07
6245,-4.7746,50,0,-1.4853,1.5877,0.8,1.3972,10128.47
6246,-0.0144,1,1,-1.4785,1.5924,0.8,0.029,10128.5
6247,-1.2606,18,1,-1.4909,1.5858,0.8,0.4827,10128.98
6248,-0.9972,13,1,-1.5005,1.5799,0.8,0.346,10129.33
6249,-2.0683,24,1,-1.5208,1.5741,0.8,0.6572,10129.98
6250,-1.6603,20,1,-1.5335,1.57,0.8,0.6301,10130.61
6251,-1.0168,15,1,-1.5404,1.5662,0.8,0.4014,10131.02
6252,-0.0342,1,1,-1.5359,1.5699,0.8,0.0287,10131.05
6253,-0.0428,1,1,-1.5293,1.5748,0.8,0.028,10131.07
6254,-0.7388,11,1,-1.5294,1.5747,0.8,0.2727,10131.35
6255,-1.6467,19,1,-1.537,1.5734,0.8,0.5041,10131.85
6256,-0.0166,1,1,-1.5214,1.5806,0.8,0.0252,10131.88
6257,-0.9363,12,1,-1.4916,1.5631,0.81,0.3808,10132.26
6258,-1.5777,18,1,-1.4534,1.513,0.82,0.5336,10132.79
6259,-0.7353,10,1,-1.4342,1.5099,0.83,0.2879,10133.08
6260,-1.0432,14,1,-1.4267,1.5099,0.83,0.3797,10133.46
6261,-0.9063,11,1,-1.4355,1.5044,0.83,0.3079,10133.76
6262,-5.8683,50,0,-1.4873,1.5656,0.82,1.3334,10135.1
6263,-0.0438,1,1,-1.4417,1.5403,0.83,0.0328,10135.13
6264,-0.0263,1,1,-1.4299,1.5466,0.83,0.0304,10135.16
6265,-2.7156,50,0,-1.4504,1.5499,0.82,1.3083,10136.47
6266,-0.0444,1,1,-1.435,1.5562,0.82,0.0284,10136.5
6267,-0.0216,1,1,-1.435,1.5561,0.82,0.0298,10136.53
6268,-0.4614,9,1,-1.436,1.5555,0.82,0.2343,10136.76
6269,-2.5729,50,0,-1.4331,1.5531,0.82,1.2164,10137.98
6270,-1.2899,14,1,-1.4413,1.5501,0.82,0.3221,10138.3
6271,-0.7582,11,1,-1.4486,1.5452,0.82,0.2457,10138.55
6272,-0.5349,9,1,-1.4536,1.5414,0.82,0.192,10138.74
6273,-0.8259,12,1,-1.4555,1.5405,0.82,0.2627,10139.0
6274,-3.4442,50,0,-1.4896,1.5464,0.81,1.0795,10140.08
6275,-0.736,10,1,-1.4869,1.5475,0.81,0.2244,10140.31
6276,-6.0515,50,0,-1.5293,1.6125,0.8,1.1255,10141.43
6277,-1.1087,13,1,-1.5241,1.613,0.8,0.2912,10141.72
6278,-3.5088,50,0,-1.5447,1.625,0.79,1.1266,10142.85
6279,-0.7913,11,1,-1.5448,1.625,0.79,0.2481,10143.1
6280,-4.6475,50,0,-1.5851,1.6513,0.78,1.103,10144.2
6281,-5.8212,50,0,-1.6027,1.6866,0.78,1.5148,10145.71
6282,-0.6143,11,1,-1.5944,1.6894,0.78,0.2688,10145.98
6283,-4.6916,50,0,-1.6346,1.7146,0.77,1.2188,10147.2
6284,-1.0609,12,1,-1.5969,1.6851,0.78,0.2856,10147.49
6285,-2.1985,29,1,-1.5919,1.6825,0.79,0.6724,10148.16
6286,-2.6682,50,0,-1.577,1.6663,0.79,1.1507,10149.31
6287,-0.8574,10,1,-1.5851,1.6608,0.79,0.2237,10149.53
6288,-6.2874,50,0,-1.6411,1.7228,0.78,1.1859,10150.72
6289,-1.0366,12,1,-1.5969,1.6807,0.79,0.2748,10151.0
6290,-3.7338,50,0,-1.62,1.694,0.78,1.1768,10152.17
6291,-4.7993,50,0,-1.6631,1.7193,0.77,1.2193,10153.39
6292,-0.9558,13,1,-1.6722,1.7131,0.77,0.3029,10153.69
6293,-2.9149,38,1,-1.6922,1.7158,0.77,0.9271,10154.62
6294,-0.0214,1,1,-1.692,1.7161,0.77,0.0242,10154.65
6295,-4.3063,50,0,-1.724,1.7346,0.76,1.233,10155.88
6296,-4.2776,50,0,-1.7668,1.7443,0.75,1.242,10157.12
6297,-1.2753,14,1,-1.7287,1.7129,0.76,0.4171,10157.54
6298,-1.183,16,1,-1.7401,1.7055,0.76,0.4295,10157.97
6299,-4.6734,50,0,-1.7781,1.7279,0.75,1.3984,10159.37
6300,-3.44,50,0,-1.7514,1.6809,0.75,1.5198,10160.89
6301,-0.0292,1,1,-1.7514,1.6809,0.75,0.0314,10160.92
6302,-1.4852,23,1,-1.7527,1.6807,0.75,0.5743,10161.49
6303,-0.5221,9,1,-1.7148,1.6652,0.76,0.3491,10161.84
6304,-0.6119,9,1,-1.7206,1.6604,0.76,0.2758,10162.12
6305,-0.5745,9,1,-1.7176,1.6622,0.76,0.2457,10162.36
6306,-0.5947,10,1,-1.7043,1.6658,0.76,0.2783,10162.64
6307,-5.4216,50,0,-1.718,1.6904,0.76,1.6105,10164.25
6308,-0.0354,1,1,-1.6958,1.6978,0.76,0.0259,10164.28
6309,-0.9916,17,1,-1.7055,1.691,0.76,0.4729,10164.75
6310,-5.6588,50,0,-1.7457,1.7361,0.75,1.5675,10166.32
6311,-0.0225,1,1,-1.7382,1.7419,0.75,0.0426,10166.36
6312,-5.7829,50,0,-1.7955,1.7793,0.74,1.9728,10168.33
6313,-0.7695,9,1,-1.803,1.7734,0.74,0.2646,10168.6
6314,-3.0063,36,1,-1.8003,1.7713,0.75,1.0573,10169.65
6315,-4.5836,50,0,-1.8457,1.7837,0.74,1.5133,10171.17
6316,-2.7281,35,1,-1.8628,1.7839,0.74,0.9629,10172.13
6317,-1.0321,14,1,-1.8664,1.7819,0.74,0.4119,10172.54
6318,-0.8026,10,1,-1.8671,1.7814,0.74,0.306,10172.85
6319,-2.4007,42,1,-1.8758,1.7819,0.74,1.1717,10174.02
6320,-0.6754,10,1,-1.8763,1.7816,0.74,0.2688,10174.29
6321,-5.6341,50,0,-1.9184,1.8197,0.73,1.3754,10175.66
6322,-0.0392,1,1,-1.8859,1.824,0.74,0.0265,10175.69
6323,-2.1414,37,1,-1.8929,1.8236,0.74,0.9872,10176.68
6324,-3.4746,50,0,-1.9272,1.8208,0.73,1.3076,10177.99
6325,-3.3289,50,0,-1.9601,1.8161,0.72,1.3448,10179.33
6326,-1.3215,14,1,-1.9728,1.8071,0.72,0.3695,10179.7
6327,-1.3145,16,1,-1.9752,1.8061,0.72,0.3874,10180.09
6328,-3.5293,44,1,-2.0011,1.8096,0.72,1.2781,10181.37
6329,-0.8486,12,1,-2.0093,1.8025,0.72,0.3682,10181.73
6330,-0.7678,10,1,-2.0165,1.796,0.72,0.2646,10182.0
6331,-4.8838,50,0,-2.0462,1.8185,0.71,1.4639,10183.46
6332,-0.3122,6,1,-2.0384,1.8243,0.71,0.1747,10183.64
6333,-0.0445,1,1,-2.0334,1.829,0.71,0.0276,10183.66
6334,-1.255,14,1,-2.0174,1.8287,0.72,0.3963,10184.06
6335,-0.9388,13,1,-2.0176,1.8286,0.72,0.396,10184.46
6336,-0.0269,1,1,-2.0097,1.8355,0.72,0.0263,10184.48
6337,-5.7107,50,0,-2.026,1.8608,0.72,1.5083,10185.99
6338,-0.6945,9,1,-1.9795,1.8353,0.73,0.2695,10186.26
6339,-9.4834,50,0,-2.0679,1.9763,0.72,1.5737,10187.83
6340,-1.2288,14,1,-2.064,1.9776,0.72,0.5473,10188.38
6341,-0.023,1,1,-2.0209,1.9746,0.72,0.037,10188.42
6342,-0.0376,1,1,-1.9844,1.9772,0.72,0.0343,10188.45
6343,-4.6966,50,0,-2.0213,1.993,0.71,1.6038,10190.06
6344,-0.6694,9,1,-2.0187,1.9946,0.71,0.2793,10190.34
6345,-0.0249,1,1,-1.9712,1.9849,0.72,0.0351,10190.37
6346,-3.6025,40,1,-2.0071,1.9817,0.72,1.3012,10191.67
6347,-3.4532,50,0,-2.029,1.9854,0.71,1.4451,10193.12
6348,-1.1208,16,1,-2.0303,1.9848,0.71,0.4708,10193.59
6349,-4.7779,50,0,-2.0574,2.0036,0.7,1.5521,10195.14
6350,-3.7968,50,0,-2.0787,2.0106,0.69,1.4663,10196.61
6351,-3.1986,50,0,-2.1005,2.0108,0.68,1.4384,10198.05
6352,-0.6138,9,1,-2.1063,2.0056,0.68,0.2799,10198.33
6353,-1.0806,13,1,-2.1167,1.9976,0.68,0.3992,10198.72
6354,-0.0356,1,1,-2.1097,2.0037,0.68,0.0331,10198.76
6355,-0.584,10,1,-2.0991,2.0089,0.68,0.2927,10199.05
6356,-3.2078,50,0,-2.131,2.0009,0.67,1.4955,10200.55
6357,-0.4645,6,1,-2.1263,2.0043,0.67,0.186,10200.73
6358,-0.0316,1,1,-2.1108,2.0144,0.67,0.034,10200.77
6359,-0.0335,1,1,-2.1038,2.0204,0.67,0.0333,10200.8
6360,-1.0243,12,1,-2.1036,2.0205,0.67,0.3605,10201.16
6361,-0.042,1,1,-2.0949,2.0274,0.67,0.0406,10201.2
6362,-0.0218,1,1,-2.0365,2.0019,0.68,0.0382,10201.24
6363,-0.4938,10,1,-2.041,1.9979,0.68,0.3484,10201.59
6364,-0.0171,1,1,-2.0409,1.998,0.68,0.0323,10201.62
6365,-4.7602,50,0,-2.0613,2.0152,0.68,1.3535,10202.97
6366,-2.6477,31,1,-2.0874,2.0058,0.68,0.7815,10203.75
6367,-4.8486,50,0,-2.1356,2.0135,0.67,1.419,10205.17
6368,-5.5136,50,0,-2.1862,2.0342,0.66,1.3935,10206.57
6369,-0.8253,13,1,-2.1687,2.0383,0.67,0.3847,10206.95
6370,-0.921,15,1,-2.165,2.0402,0.67,0.3873,10207.34
6371,-0.0165,1,1,-2.1576,2.0466,0.67,0.0244,10207.36
6372,-0.4646,9,1,-2.1569,2.0472,0.67,0.2294,10207.59
6373,-0.0433,1,1,-2.149,2.0538,0.67,0.0354,10207.63
6374,-0.0406,1,1,-2.115,2.0602,0.68,0.029,10207.66
6375,-0.395,6,1,-2.1116,2.0628,0.68,0.1757,10207.83
6376,-0.0307,1,1,-2.0514,2.0346,0.69,0.0205,10207.85
6377,-0.011,1,1,-2.0404,2.0426,0.69,0.0281,10207.88
6378,-1.0481,12,1,-2.0158,2.0396,0.7,0.3506,10208.23
6379,-0.0279,1,1,-2.0082,2.0455,0.7,0.0284,10208.26
6380,-5.3271,50,0,-2.015,2.0554,0.7,1.3729,10209.63
6381,-3.2599,50,0,-1.9894,2.0235,0.7,1.1796,10210.81
6382,-4.7396,50,0,-2.0306,2.0371,0.69,1.2018,10212.01
6383,-0.8283,10,1,-1.992,2.0228,0.7,0.277,10212.29
6384,-0.3134,6,1,-1.9845,2.0276,0.7,0.1584,10212.45
6385,-0.8402,9,1,-1.9709,2.0307,0.7,0.1995,10212.65
6386,-2.0064,23,1,-1.9643,2.0295,0.71,0.5666,10213.22
6387,-2.9612,27,1,-1.9853,2.0288,0.71,0.788,10214.0
6388,-1.063,17,1,-1.9331,1.9841,0.72,0.5029,10214.51
6389,-4.7338,50,0,-1.9701,2.0015,0.71,1.2371,10215.74
6390,-3.8533,50,0,-1.9713,2.0025,0.71,1.4306,10217.17
6391,-0.69,9,1,-1.9302,1.9862,0.72,0.2286,10217.4
6392,-1.0826,12,1,-1.9314,1.9856,0.72,0.39,10217.79
6393,-0.6521,11,1,-1.9088,1.9872,0.72,0.3699,10218.16
6394,-0.4233,8,1,-1.9128,1.9837,0.72,0.2574,10218.42
6395,-0.6002,9,1,-1.8758,1.9733,0.73,0.2919,10218.71
6396,-0.039,1,1,-1.8334,1.9667,0.74,0.0227,10218.73
6397,-0.3082,6,1,-1.8237,1.9718,0.74,0.1747,10218.91
6398,-0.8445,10,1,-1.8203,1.9732,0.74,0.2786,10219.19
6399,-0.0389,1,1,-1.774,1.96,0.75,0.0283,10219.22
6400,-0.6387,10,1,-1.746,1.9561,0.76,0.2667,10219.48
6401,-0.6557,10,1,-1.7522,1.9515,0.76,0.3353,10219.82
6402,-0.6732,9,1,-1.7441,1.9543,0.76,0.2712,10220.09
6403,-0.7644,9,1,-1.7465,1.953,0.76,0.2343,10220.32
6404,-4.4033,50,0,-1.7844,1.9673,0.75,1.3504,10221.67
6405,-0.0368,1,1,-1.7791,1.9713,0.75,0.0508,10221.73
6406,-0.7972,10,1,-1.7811,1.9702,0.75,0.3315,10222.06
6407,-1.1893,13,1,-1.7388,1.9367,0.76,0.3794,10222.44
6408,-0.0191,1,1,-1.7386,1.9369,0.76,0.0303,10222.47
6409,-0.3662,6,1,-1.7324,1.9403,0.76,0.1782,10222.64
6410,-0.0249,1,1,-1.676,1.907,0.77,0.0264,10222.67
6411,-0.7656,9,1,-1.6834,1.902,0.77,0.2448,10222.92
6412,-0.0274,1,1,-1.6259,1.8637,0.78,0.0289,10222.94
6413,-1.0604,14,1,-1.6288,1.8626,0.78,0.4539,10223.4
6414,-1.1488,14,1,-1.6102,1.858,0.78,0.3913,10223.79
6415,-0.7807,13,1,-1.5722,1.8356,0.79,0.3433,10224.13
6416,-1.5295,26,1,-1.5602,1.8319,0.79,0.6639,10224.8
6417,-0.5046,7,1,-1.5549,1.8342,0.79,0.1758,10224.97
6418,-1.6577,23,1,-1.5635,1.8326,0.79,0.61,10225.58
6419,-1.5288,23,1,-1.5548,1.8307,0.79,0.622,10226.21
6420,-6.6202,50,0,-1.6142,1.8965,0.78,1.5864,10227.79
6421,-1.4626,17,1,-1.5725,1.853,0.79,0.4488,10228.24
6422,-2.5124,34,1,-1.5972,1.8489,0.79,0.922,10229.16
6423,-0.0492,1,1,-1.5763,1.8545,0.79,0.0261,10229.19
6424,-0.033,1,1,-1.5419,1.8508,0.8,0.0233,10229.21
6425,-5.9529,50,0,-1.5681,1.8941,0.8,1.5529,10230.76
6426,-4.3269,50,0,-1.5982,1.9137,0.79,1.62,10232.38
6427,-0.018,1,1,-1.5852,1.9199,0.79,0.0252,10232.41
6428,-2.0249,23,1,-1.5702,1.9105,0.79,0.6719,10233.08
6429,-0.0308,1,1,-1.562,1.9153,0.79,0.0345,10233.12
6430,-0.8285,9,1,-1.5626,1.9151,0.79,0.2836,10233.4
6431,-3.4419,50,0,-1.5482,1.8953,0.79,1.4764,10234.88
6432,-4.9212,50,0,-1.5943,1.9206,0.78,1.694,10236.57
6433,-4.925,50,0,-1.6431,1.9425,0.77,1.4826,10238.05
6434,-3.9722,44,1,-1.6703,1.9558,0.77,1.293,10239.35
6435,-0.0132,1,1,-1.661,1.9614,0.77,0.031,10239.38
6436,-0.0413,1,1,-1.6611,1.9613,0.77,0.0286,10239.41
6437,-0.0291,1,1,-1.6043,1.9252,0.78,0.0321,10239.44
6438,-0.624,10,1,-1.6036,1.9255,0.78,0.2737,10239.71
6439,-1.0753,14,1,-1.5195,1.7557,0.79,0.408,10240.12
6440,-8.0967,50,0,-1.5882,1.8733,0.78,1.3806,10241.5
6441,-3.3887,50,0,-1.6219,1.8751,0.77,1.245,10242.74
6442,-4.9412,50,0,-1.6709,1.8971,0.76,1.2582,10244.0
6443,-1.9136,34,1,-1.6431,1.8727,0.77,0.8046,10244.81
6444,-0.7543,8,1,-1.6439,1.8723,0.77,0.1806,10244.99
6445,-0.0457,1,1,-1.6441,1.8721,0.77,0.0246,10245.01
6446,-3.7343,50,0,-1.6455,1.8736,0.76,1.1771,10246.19
6447,-0.0452,1,1,-1.6114,1.8714,0.77,0.0226,10246.21
6448,-0.0388,1,1,-1.6006,1.8773,0.77,0.0205,10246.23
6449,-0.0364,1,1,-1.5531,1.8562,0.78,0.0273,10246.26
6450,-0.8255,11,1,-1.5234,1.8438,0.79,0.2489,10246.51
6451,-1.5305,22,1,-1.5068,1.8361,0.8,0.5306,10247.04
6452,-4.2202,50,0,-1.5428,1.8535,0.79,1.3279,10248.37
6453,-1.4004,17,1,-1.546,1.853,0.79,0.4393,10248.81
6454,-2.7966,50,0,-1.5736,1.8508,0.78,1.2663,10250.07
6455,-4.2192,50,0,-1.61,1.8667,0.77,1.4136,10251.49
6456,-4.2368,50,0,-1.6203,1.8783,0.77,1.3293,10252.82
6457,-3.4024,50,0,-1.6496,1.8829,0.76,1.4462,10254.26
6458,-5.833,50,0,-1.7077,1.9212,0.75,1.4457,10255.71
6459,-0.0308,1,1,-1.7076,1.9212,0.75,0.0292,10255.74
6460,-1.5729,22,1,-1.7131,1.92,0.75,0.7096,10256.45
6461,-0.04,1,1,-1.7131,1.92,0.75,0.0338,10256.48
6462,-0.6491,13,1,-1.7194,1.9155,0.75,0.5237,10257.0
6463,-0.0487,1,1,-1.7149,1.9189,0.75,0.0281,10257.03
6464,-0.0139,1,1,-1.7149,1.9189,0.75,0.0293,10257.06
6465,-3.7884,50,0,-1.7052,1.9059,0.75,1.5381,10258.6
6466,-5.908,50,0,-1.7378,1.9491,0.74,1.4676,10260.07
6467,-0.0295,1,1,-1.6896,1.9311,0.75,0.0291,10260.1
6468,-5.6587,50,0,-1.691,1.934,0.75,1.4562,10261.55
6469,-1.0579,11,1,-1.6934,1.9331,0.75,0.3296,10261.88
6470,-2.1524,30,1,-1.7057,1.9321,0.75,0.9096,10262.79
6471,-0.031,1,1,-1.7058,1.932,0.75,0.0281,10262.82
6472,-12.6713,50,0,-1.8279,2.2146,0.74,1.4006,10264.22
6473,-0.5043,9,1,-1.8325,2.2114,0.74,0.2516,10264.47
6474,-0.0464,1,1,-1.8326,2.2113,0.74,0.0212,10264.49
6475,-4.5392,50,0,-1.874,2.2228,0.73,1.3108,10265.8
6476,-0.7634,12,1,-1.8813,2.2179,0.73,0.3051,10266.11
6477,-1.7429,29,1,-1.8986,2.21,0.73,0.8272,10266.94
6478,-0.8942,11,1,-1.8971,2.2106,0.73,0.2973,10267.23
6479,-7.6246,50,0,-1.9731,2.2747,0.72,1.3224,10268.56
6480,-0.5782,8,1,-1.9256,2.2537,0.73,0.1875,10268.74
6481,-1.3988,14,1,-1.907,2.2502,0.74,0.3764,10269.12
6482,-4.9045,50,0,-1.9086,2.2524,0.74,1.1712,10270.29
6483,-0.0429,1,1,-1.9008,2.2575,0.74,0.0214,10270.31
6484,-2.8704,32,1,-1.9263,2.2538,0.74,0.7652,10271.08
6485,-0.5324,9,1,-1.9233,2.2555,0.74,0.2003,10271.28
6486,-0.0221,1,1,-1.9034,2.2634,0.74,0.0204,10271.3
6487,-0.647,8,1,-1.8803,2.2643,0.74,0.1735,10271.47
6488,-2.0269,26,1,-1.8899,2.2629,0.74,0.5939,10272.07
6489,-0.0294,1,1,-1.8429,2.2521,0.75,0.0267,10272.09
6490,-1.0243,11,1,-1.8146,2.2445,0.76,0.2479,10272.34
6491,-5.2327,50,0,-1.86,2.2671,0.75,1.2544,10273.59
6492,-0.3698,7,1,-1.8529,2.2707,0.75,0.1864,10273.78
6493,-0.8691,11,1,-1.855,2.2696,0.75,0.3152,10274.1
6494,-6.4002,50,0,-1.9148,2.3095,0.74,1.3096,10275.41
6495,-0.7363,11,1,-1.9162,2.3087,0.74,0.2848,10275.69
6496,-0.4279,8,1,-1.9201,2.3059,0.74,0.235,10275.93
6497,-0.8976,11,1,-1.926,2.3025,0.74,0.291,10276.22
6498,-0.0421,1,1,-1.9179,2.3077,0.74,0.028,10276.24
6499,-3.0928,50,0,-1.9485,2.3028,0.73,1.4071,10277.65
6500,-1.9439,21,1,-1.9615,2.299,0.73,0.5695,10278.22
6501,-0.6738,9,1,-1.9617,2.2989,0.73,0.2568,10278.48
6502,-6.2477,50,0,-2.0174,2.3343,0.72,1.3754,10279.85
6503,-1.2219,14,1,-2.022,2.3323,0.72,0.3587,10280.21
6504,-0.9863,11,1,-1.9879,2.3222,0.73,0.2976,10280.51
6505,-4.7904,50,0,-2.0354,2.3304,0.72,1.1341,10281.64
6506,-0.727,11,1,-2.0347,2.3308,0.72,0.2488,10281.89
6507,-3.5395,34,1,-2.0582,2.334,0.72,0.8071,10282.7
6508,-9.8188,50,0,-2.1562,2.4492,0.71,1.3352,10284.04
6509,-0.0473,1,1,-2.153,2.4517,0.71,0.0398,10284.07
6510,-3.6833,50,0,-2.1896,2.447,0.7,1.4434,10285.52
6511,-1.503,26,1,-2.197,2.4438,0.7,0.673,10286.19
6512,-0.0491,1,1,-2.1972,2.4436,0.7,0.0234,10286.21
6513,-0.6652,10,1,-2.1932,2.4458,0.7,0.3384,10286.55
6514,-1.1475,14,1,-2.1932,2.4458,0.7,0.3994,10286.95
6515,-3.8166,50,0,-2.2236,2.4469,0.69,1.4941,10288.45
6516,-6.2205,50,0,-2.2705,2.4779,0.68,1.5239,10289.97
6517,-3.2509,50,0,-2.2979,2.4734,0.67,1.7261,10291.7
6518,-4.3214,50,0,-2.3246,2.4807,0.66,1.5355,10293.23
6519,-5.9061,50,0,-2.3684,2.5048,0.65,1.5149,10294.75
6520,-0.3716,7,1,-2.3059,2.4757,0.66,0.2094,10294.96
6521,-1.0959,12,1,-2.3022,2.4772,0.66,0.3702,10295.33
6522,-5.7428,50,0,-2.3345,2.5007,0.65,1.5105,10296.84
6523,-3.5363,50,0,-2.3694,2.4929,0.64,1.4546,10298.29
6524,-2.7462,32,1,-2.3965,2.482,0.64,0.7893,10299.08
6525,-1.0293,12,1,-2.3473,2.4597,0.65,0.3043,10299.39
6526,-0.0496,1,1,-2.3045,2.4621,0.66,0.027,10299.41
6527,-4.5154,50,0,-2.3495,2.461,0.65,1.3088,10300.72
6528,-0.7644,11,1,-2.3369,2.4659,0.65,0.331,10301.05
6529,-0.5804,11,1,-2.3424,2.4613,0.65,0.3143,10301.37
6530,-3.6405,48,1,-2.3705,2.46,0.65,1.2239,10302.59
6531,-0.7238,10,1,-2.3433,2.463,0.66,0.3068,10302.9
6532,-10.9211,50,0,-2.4033,2.5946,0.66,1.4514,10304.35
6533,-7.5382,50,0,-2.4294,2.6328,0.66,1.4579,10305.81
6534,-17.6782,50,0,-2.5665,3.0355,0.65,1.5732,10307.38
6535,-0.6863,11,1,-2.5732,3.0305,0.65,0.3325,10307.71
6536,-4.749,50,0,-2.6203,3.0274,0.64,1.553,10309.27
6537,-0.7865,10,1,-2.6279,3.0219,0.64,0.3412,10309.61
6538,-3.5795,50,0,-2.6574,3.0166,0.63,1.6309,10311.24
6539,-0.0388,1,1,-2.6471,3.0238,0.63,0.0304,10311.27
6540,-4.5347,50,0,-2.6114,2.98,0.63,1.5088,10312.78
6541,-0.6089,9,1,-2.5836,2.9856,0.64,0.2676,10313.04
6542,-1.3351,23,1,-2.5476,2.9787,0.65,0.7023,10313.75
6543,-0.6201,11,1,-2.5346,2.9842,0.65,0.3294,10314.08
6544,-0.0424,1,1,-2.5275,2.9893,0.65,0.033,10314.11
6545,-0.9702,13,1,-2.5368,2.983,0.65,0.4131,10314.52
6546,-4.515,50,0,-2.5446,2.9872,0.65,1.579,10316.1
6547,-0.0274,1,1,-2.5444,2.9873,0.65,0.0334,10316.13
6548,-4.3914,46,1,-2.5879,2.9822,0.65,1.1691,10317.3
6549,-5.7695,50,0,-2.6453,2.9877,0.64,1.2882,10318.59
6550,-0.7443,9,1,-2.6444,2.9882,0.64,0.2201,10318.81
6551,-0.0247,1,1,-2.6294,2.9975,0.64,0.0216,10318.83
6552,-0.936,12,1,-2.5965,2.9979,0.65,0.3069,10319.14
6553,-4.5566,50,0,-2.6281,3.0018,0.64,1.3532,10320.49
6554,-10.4169,50,0,-2.7043,3.1002,0.64,1.4121,10321.91
6555,-2.2294,23,1,-2.6844,3.0968,0.65,0.688,10322.59
6556,-1.2515,25,1,-2.6546,3.0961,0.66,0.7605,10323.35
6557,-0.0482,1,1,-2.621,3.1059,0.67,0.0354,10323.39
6558,-4.7264,50,0,-2.61,3.0964,0.67,1.5996,10324.99
6559,-0.5204,8,1,-2.6148,3.0927,0.67,0.2762,10325.27
6560,-0.8634,11,1,-2.6078,3.0959,0.67,0.3294,10325.59
6561,-2.5365,34,1,-2.6327,3.0852,0.67,1.0016,10326.6
6562,-6.3934,50,0,-2.6902,3.1011,0.66,1.5541,10328.15
6563,-2.734,50,0,-2.717,3.0898,0.65,1.5175,10329.67
6564,-0.3725,7,1,-2.7206,3.0868,0.65,0.1991,10329.87
6565,-2.513,28,1,-2.7078,3.085,0.66,0.8128,10330.68
6566,-6.3039,50,0,-2.7118,3.0894,0.66,1.5308,10332.21
6567,-4.3962,50,0,-2.7555,3.082,0.65,1.5329,10333.74
6568,-0.0401,1,1,-2.6993,3.0798,0.66,0.0246,10333.77
6569,-5.4396,50,0,-2.7431,3.0873,0.65,1.5607,10335.33
6570,-0.7066,10,1,-2.7286,3.0934,0.65,0.378,10335.71
6571,-4.2469,50,0,-2.7708,3.0851,0.64,1.6799,10337.39
6572,-0.0382,1,1,-2.6445,2.9319,0.65,0.0312,10337.42
6573,-4.9578,50,0,-2.689,2.9329,0.64,1.5265,10338.94
6574,-1.453,16,1,-2.7031,2.9235,0.64,0.4672,10339.41
6575,-3.0551,50,0,-2.6882,2.9179,0.64,1.3823,10340.79
6576,-5.1032,50,0,-2.7316,2.9213,0.63,1.3219,10342.12
6577,-6.8072,50,0,-2.7823,2.9475,0.62,1.6305,10343.75
6578,-1.2678,12,1,-2.786,2.9453,0.62,0.4766,10344.22
6579,-0.0139,1,1,-2.7099,2.9175,0.63,0.0949,10344.32
6580,-0.5798,10,1,-2.7099,2.9175,0.63,0.3874,10344.71
6581,-2.9893,50,0,-2.7258,2.9146,0.62,1.6324,10346.34
6582,-3.0721,50,0,-2.7075,2.9066,0.62,1.4057,10347.74
6583,-1.5914,26,1,-2.723,2.8965,0.62,0.6224,10348.37
6584,-0.4678,7,1,-2.699,2.9051,0.62,0.1577,10348.52
6585,-2.4064,26,1,-2.7177,2.8971,0.62,0.6242,10349.15
6586,-0.0275,1,1,-2.7178,2.8971,0.62,0.025,10349.17
6587,-2.8776,50,0,-2.7401,2.8896,0.61,1.2358,10350.41
6588,-0.0216,1,1,-2.72,2.9014,0.61,0.021,10350.43
6589,-4.6196,50,0,-2.7659,2.8948,0.6,1.3512,10351.78
6590,-4.4611,50,0,-2.8003,2.8943,0.59,1.3125,10353.09
6591,-14.0316,50,0,-2.8883,3.0938,0.59,1.2149,10354.31
6592,-5.5985,50,0,-2.9406,3.095,0.58,1.2159,10355.52
6593,-4.1258,50,0,-2.9731,3.0901,0.57,1.1911,10356.71
6594,-0.0451,1,1,-2.9096,3.0843,0.58,0.0248,10356.74
6595,-0.0339,1,1,-2.9025,3.0901,0.58,0.0221,10356.76
6596,-6.0506,50,0,-2.9588,3.0957,0.57,1.1871,10357.95
6597,-0.0443,1,1,-2.9502,3.1025,0.57,0.0246,10357.97
6598,-4.7176,50,0,-2.997,3.0936,0.56,2.2317,10360.21
6599,-3.2022,50,0,-2.9981,3.0936,0.56,1.2372,10361.44
6600,-6.1479,50,0,-3.0401,3.1075,0.55,1.2772,10362.72
6601,-0.9968,13,1,-3.0434,3.1052,0.55,0.3546,10363.07
6602,-5.173,50,0,-3.0326,3.096,0.55,1.2607,10364.34
6603,-4.6139,50,0,-3.0665,3.0945,0.54,1.2227,10365.56
6604,-5.7234,50,0,-3.1139,3.0986,0.53,1.4974,10367.06
6605,-0.7306,10,1,-3.0733,3.103,0.54,0.3315,10367.39
6606,-3.1186,50,0,-3.0972,3.094,0.53,1.7488,10369.14
6607,-0.0106,1,1,-3.0619,3.1088,0.53,0.033,10369.17
6608,-0.033,1,1,-2.9641,3.048,0.54,0.0276,10369.2
6609,-0.0366,1,1,-2.964,3.0481,0.54,0.0318,10369.23
6610,-21.1503,50,0,-3.1386,3.5444,0.54,1.4995,10370.73
6611,-0.0166,1,1,-3.1238,3.5543,0.54,0.03,10370.76
6612,-1.6451,18,1,-3.1397,3.5441,0.54,0.5041,10371.26
6613,-0.0336,1,1,-3.1334,3.549,0.54,0.0302,10371.29
6614,-4.7676,50,0,-3.1696,3.547,0.53,1.3549,10372.65
6615,-5.7333,50,0,-3.1888,3.5557,0.53,1.7484,10374.39
6616,-1.0114,15,1,-3.1367,3.549,0.54,0.5138,10374.91
6617,-3.165,50,0,-3.1358,3.549,0.54,1.6032,10376.51
6618,-0.0441,1,1,-3.0931,3.5602,0.55,0.0343,10376.55
6619,-0.8094,13,1,-3.0421,3.556,0.56,0.4543,10377.0
6620,-0.8005,10,1,-3.0464,3.5531,0.56,0.3157,10377.32
6621,-2.8769,50,0,-3.0642,3.5477,0.55,1.408,10378.72
6622,-0.0219,1,1,-3.007,3.5502,0.56,0.0284,10378.75
6623,-5.4611,50,0,-3.0262,3.5582,0.56,1.4498,10380.2
6624,-4.6875,50,0,-3.0456,3.5619,0.55,1.4552,10381.66
6625,-0.0293,1,1,-3.0356,3.569,0.55,0.0307,10381.69
6626,-20.0932,50,0,-3.2361,3.9393,0.54,1.4355,10383.12
6627,-10.1273,50,0,-3.2922,3.9966,0.54,1.3837,10384.51
6628,-5.1021,50,0,-3.3356,3.9925,0.53,1.3767,10385.88
6629,-4.9798,50,0,-3.3796,3.9861,0.52,1.4416,10387.33
6630,-0.987,12,1,-3.353,3.9931,0.52,0.3585,10387.68
6631,-1.1481,13,1,-3.3573,3.9906,0.52,0.3597,10388.04
6632,-1.0309,14,1,-3.2584,3.9239,0.53,0.3766,10388.42
6633,-0.0231,1,1,-3.1832,3.9131,0.54,0.0345,10388.46
6634,-3.931,50,0,-3.0458,3.633,0.54,1.5142,10389.97
6635,-1.6381,22,1,-3.0553,3.628,0.54,0.6983,10390.67
6636,-0.042,1,1,-3.0082,3.6363,0.55,0.0288,10390.7
6637,-1.3343,14,1,-3.0137,3.6333,0.55,0.4401,10391.14
6638,-1.2153,13,1,-2.99,3.6372,0.56,0.4537,10391.59
6639,-0.6193,9,1,-2.9958,3.633,0.56,0.3421,10391.93
6640,-5.827,50,0,-3.0088,3.6407,0.56,1.317,10393.25
6641,-0.0324,1,1,-3.003,3.645,0.56,0.0267,10393.28
6642,-5.4378,50,0,-3.044,3.6491,0.55,1.3399,10394.62
6643,-6.1018,50,0,-3.0988,3.6534,0.54,1.3364,10395.95
6644,-1.2252,14,1,-3.1107,3.6454,0.54,0.3294,10396.28
6645,-2.5488,50,0,-3.1265,3.6395,0.53,1.4139,10397.7
6646,-0.0399,1,1,-3.0817,3.6497,0.54,0.0351,10397.73
6647,-1.4547,21,1,-3.096,3.6405,0.54,0.5725,10398.3
6648,-0.03,1,1,-3.0524,3.6508,0.54,0.025,10398.33
6649,-1.5477,15,1,-3.0102,3.6435,0.55,0.4897,10398.82
6650,-4.902,50,0,-3.0517,3.6412,0.54,1.3318,10400.15
6651,-5.843,50,0,-3.1099,3.6388,0.53,1.296,10401.45
6652,-0.6886,11,1,-3.1074,3.6404,0.53,0.2843,10401.73
6653,-0.8461,10,1,-3.0703,3.6443,0.54,0.2371,10401.97
6654,-5.36,50,0,-3.0198,3.5765,0.54,1.4654,10403.43
6655,-3.3079,50,0,-3.0305,3.5757,0.53,1.5059,10404.94
6656,-21.6368,50,0,-3.2344,4.0217,0.52,1.5127,10406.45
6657,-3.8254,50,0,-3.2722,4.0094,0.51,1.5137,10407.97
6658,-0.0364,1,1,-3.2253,4.0195,0.52,0.0235,10407.99
6659,-4.5781,50,0,-3.2659,4.0125,0.51,1.427,10409.42
6660,-20.5019,50,0,-3.4622,4.356,0.5,1.4685,10410.88
6661,-6.4396,50,0,-3.5013,4.365,0.49,1.2714,10412.16
6662,-4.4236,50,0,-3.4816,4.3563,0.49,1.3884,10413.54
6663,-8.1869,50,0,-3.5361,4.3807,0.49,1.3694,10414.91
6664,-1.0216,12,1,-3.5426,4.3764,0.49,0.3965,10415.31
6665,-0.7953,11,1,-3.5254,4.3838,0.49,0.2816,10415.59
6666,-4.8868,50,0,-3.5112,4.3771,0.49,1.2625,10416.85
6667,-0.0499,1,1,-3.4678,4.3897,0.5,0.0238,10416.88
6668,-4.2378,50,0,-3.5098,4.3767,0.49,1.4259,10418.3
6669,-2.6838,50,0,-3.4822,4.3732,0.49,1.4789,10419.78
6670,-1.3946,15,1,-3.4891,4.3693,0.49,0.4002,10420.18
6671,-3.9177,50,0,-3.4858,4.3689,0.49,1.4104,10421.59
6672,-3.9945,50,0,-3.5253,4.3554,0.48,1.3517,10422.94
6673,-3.8363,50,0,-3.5141,4.3531,0.48,1.3776,10424.32
6674,-0.6911,13,1,-3.5065,4.3574,0.48,0.4054,10424.73
6675,-3.8503,50,0,-3.5145,4.3573,0.48,1.4998,10426.23
6676,-3.2206,41,1,-3.4956,4.3544,0.49,1.3539,10427.58
6677,-5.3799,50,0,-3.4814,4.3459,0.49,1.656,10429.24
6678,-4.0185,50,0,-3.5089,4.3405,0.48,1.4788,10430.72
6679,-4.2079,50,0,-3.5508,4.3268,0.47,1.565,10432.28
6680,-4.0894,50,0,-3.5859,4.3167,0.46,1.4678,10433.75
6681,-4.94,50,0,-3.6054,4.3184,0.46,1.399,10435.15
6682,-0.0454,1,1,-3.5752,4.3326,0.47,0.0317,10435.18
6683,-4.5232,50,0,-3.6045,4.329,0.46,1.4355,10436.62
6684,-5.9162,50,0,-3.659,4.3235,0.45,1.4282,10438.04
6685,-6.915,50,0,-3.704,4.3337,0.44,1.327,10439.37
6686,-4.212,50,0,-3.7459,4.3182,0.43,1.1719,10440.54
6687,-0.0442,1,1,-3.7175,4.333,0.44,0.0233,10440.57
6688,-3.9774,50,0,-3.7571,4.3171,0.43,1.161,10441.73
6689,-1.7589,24,1,-3.7285,4.3208,0.44,0.5229,10442.25
6690,-0.0274,1,1,-3.6842,4.3358,0.45,0.0219,10442.27
6691,-0.0301,1,1,-3.5441,4.224,0.46,0.0221,10442.29
6692,-7.8014,50,0,-3.5662,4.2404,0.46,1.1145,10443.41
6693,-7.6949,50,0,-3.6019,4.2599,0.46,1.1213,10444.53
6694,-0.8484,12,1,-3.6099,4.2539,0.46,0.3222,10444.85
6695,-3.1699,50,0,-3.6413,4.239,0.45,1.2368,10446.09
6696,-2.6061,50,0,-3.6068,4.2333,0.45,1.1572,10447.25
6697,-3.3342,50,0,-3.6397,4.2182,0.44,1.2429,10448.49
6698,-3.3659,50,0,-3.6262,4.2169,0.44,1.2032,10449.69
6699,-6.32,50,0,-3.6574,4.2252,0.44,1.2723,10450.96
6700,-0.6862,11,1,-3.6028,4.2279,0.45,0.2979,10451.26
6701,-0.6567,11,1,-3.5994,4.2302,0.45,0.2606,10451.52
6702,-0.033,1,1,-3.548,4.2419,0.46,0.0208,10451.54
6703,-0.0448,1,1,-3.5023,4.2548,0.47,0.0228,10451.57
6704,-3.5254,50,0,-3.4803,4.2489,0.47,1.2111,10452.78
6705,-4.8372,50,0,-3.5214,4.242,0.46,1.2796,10454.06
6706,-3.3413,50,0,-3.5236,4.2419,0.46,1.1835,10455.24
6707,-3.8954,50,0,-3.5624,4.2273,0.45,1.2643,10456.5
6708,-4.8547,50,0,-3.6106,4.2142,0.44,1.3153,10457.82
6709,-4.0613,50,0,-3.6509,4.1991,0.43,1.2145,10459.03
6710,-6.0885,50,0,-3.5003,3.8219,0.43,1.3079,10460.34
6711,-4.6862,50,0,-3.547,3.8075,0.42,1.2633,10461.61
6712,-5.423,50,0,-3.5847,3.8072,0.41,1.2252,10462.83
6713,-3.1589,50,0,-3.616,3.7907,0.4,1.1736,10464.0
6714,-3.9938,50,0,-3.6083,3.7892,0.4,1.1117,10465.12
6715,-6.0392,50,0,-3.6113,3.791,0.4,1.3166,10466.43
6716,-3.0861,50,0,-3.6321,3.7824,0.39,1.2858,10467.72
6717,-3.531,50,0,-3.6357,3.7821,0.39,1.2228,10468.94
6718,-3.4135,50,0,-3.6694,3.7649,0.38,1.2062,10470.15
6719,-4.9896,50,0,-3.7112,3.7561,0.37,1.0903,10471.24
6720,-4.4458,50,0,-3.7477,3.7454,0.36,1.1694,10472.41
6721,-0.6689,13,1,-3.7256,3.7569,0.37,0.2989,10472.71
6722,-6.7856,50,0,-3.7932,3.7505,0.36,1.1789,10473.89
6723,-3.6235,50,0,-3.7749,3.7468,0.36,1.2321,10475.12
6724,-3.8152,50,0,-3.7661,3.7457,0.36,1.2312,10476.35
6725,-0.031,1,1,-3.7662,3.7457,0.36,0.0245,10476.37
6726,-4.4429,50,0,-3.6097,3.3681,0.36,1.1431,10477.52
6727,-5.2272,50,0,-3.5607,3.3081,0.36,1.1066,10478.62
6728,-4.6509,50,0,-3.5561,3.3063,0.36,1.1399,10479.76
6729,-4.1617,50,0,-3.548,3.3038,0.36,1.1838,10480.95
6730,-2.5275,50,0,-3.5634,3.2954,0.35,1.1377,10482.08
6731,-0.0407,1,1,-3.5523,3.3053,0.35,0.023,10482.11
6732,-4.7288,50,0,-3.5893,3.2976,0.34,1.0807,10483.19
6733,-6.1119,50,0,-3.6502,3.2874,0.33,1.144,10484.33
6734,-0.8771,13,1,-3.6196,3.2988,0.34,0.2813,10484.61
6735,-0.044,1,1,-3.6037,3.3121,0.34,0.0238,10484.64
6736,-3.57,50,0,-3.639,3.2927,0.33,1.1151,10485.75
6737,-6.7216,50,0,-3.6928,3.2987,0.32,1.136,10486.89
6738,-0.0157,1,1,-3.6808,3.3098,0.32,0.0233,10486.91
6739,-5.1176,50,0,-3.7258,3.2984,0.31,1.141,10488.05
6740,-0.0389,1,1,-3.6679,3.3118,0.32,0.0205,10488.07
6741,-1.1924,13,1,-3.6795,3.3011,0.32,0.2966,10488.37
6742,-5.9512,50,0,-3.6847,3.3042,0.32,1.1129,10489.48
6743,-1.0584,13,1,-3.6342,3.3054,0.33,0.2845,10489.77
6744,-4.9949,50,0,-3.6719,3.2992,0.32,1.1866,10490.95
6745,-5.139,50,0,-3.6978,3.3005,0.32,1.1523,10492.11
6746,-4.8221,50,0,-3.7457,3.2817,0.31,1.203,10493.31
6747,-0.9217,14,1,-3.7403,3.2859,0.31,0.336,10493.64
6748,-0.0174,1,1,-3.7402,3.286,0.31,0.0234,10493.67
6749,-4.7015,50,0,-3.7717,3.2799,0.3,1.3734,10495.04
6750,-4.9209,50,0,-3.7719,3.28,0.3,1.2368,10496.28
6751,-3.5398,50,0,-3.7489,3.2735,0.3,1.1622,10497.44
6752,-0.0188,1,1,-3.7422,3.2804,0.3,0.0225,10497.46
6753,-0.0287,1,1,-3.734,3.2886,0.3,0.0272,10497.49
6754,-0.9018,11,1,-3.6894,3.2965,0.31,0.2619,10497.75
6755,-5.5389,50,0,-3.7117,3.3014,0.31,1.441,10499.19
6756,-2.1494,31,1,-3.5169,2.7699,0.32,0.737,10499.93
6757,-2.5552,50,0,-3.5042,2.7714,0.32,1.3743,10501.3
6758,-1.8962,19,1,-3.5228,2.7542,0.32,0.5321,10501.84
6759,-5.557,50,0,-3.5326,2.7597,0.32,1.3471,10503.18
6760,-3.2407,50,0,-3.3599,2.1697,0.32,1.2111,10504.39
6761,-1.3679,16,1,-3.3092,2.1563,0.33,0.3439,10504.74
6762,-3.5395,50,0,-3.3004,2.1535,0.33,1.066,10505.8
6763,-3.6308,50,0,-3.2548,2.0971,0.33,1.1469,10506.95
6764,-0.038,1,1,-3.245,2.1098,0.33,0.0226,10506.97
6765,-1.0465,17,1,-3.2475,2.1071,0.33,0.3823,10507.36
6766,-4.8242,50,0,-3.2469,2.1066,0.33,1.1515,10508.51
6767,-0.0444,1,1,-3.2468,2.1067,0.33,0.0242,10508.53
6768,-0.0149,1,1,-3.2046,2.1286,0.34,0.02,10508.55
6769,-0.0467,1,1,-3.1782,2.1511,0.35,0.0241,10508.58
6770,-3.0383,50,0,-3.1947,2.1437,0.34,1.0916,10509.67
6771,-0.0367,1,1,-3.1558,2.1653,0.35,0.0243,10509.69
6772,-4.9971,50,0,-3.1659,2.1714,0.35,1.2139,10510.91
6773,-2.8142,29,1,-3.1557,2.1707,0.36,0.7862,10511.69
6774,-2.7675,50,0,-3.1764,2.1569,0.35,1.2502,10512.94
6775,-6.747,50,0,-3.2054,2.185,0.35,1.1668,10514.11
6776,-5.4987,50,0,-3.2282,2.1969,0.34,1.2894,10515.4
6777,-4.3773,50,0,-3.2181,2.1893,0.34,1.5058,10516.9
6778,-7.5459,50,0,-3.2534,2.23,0.34,1.9025,10518.81
6779,-9.1339,50,0,-3.3027,2.3037,0.34,1.5657,10520.37
6780,-3.2063,50,0,-3.2938,2.3024,0.34,1.4249,10521.8
6781,-3.8486,50,0,-3.2829,2.2971,0.34,1.324,10523.12
6782,-17.159,50,0,-3.4541,2.6586,0.33,1.1645,10524.29
6783,-4.6336,50,0,-3.4552,2.659,0.33,1.3562,10525.64
6784,-4.5794,50,0,-3.4418,2.65,0.33,1.5454,10527.19
6785,-3.9032,50,0,-3.4117,2.6274,0.33,1.5984,10528.79
6786,-1.9257,23,1,-3.3888,2.6302,0.34,0.7286,10529.51
6787,-0.0395,1,1,-3.3888,2.6303,0.34,0.0304,10529.55
6788,-4.2318,50,0,-3.3913,2.631,0.34,1.4241,10530.97
6789,-8.2786,50,0,-3.4565,2.6702,0.33,1.4295,10532.4
6790,-4.6364,50,0,-3.5026,2.6503,0.32,1.4472,10533.85
6791,-21.747,50,0,-3.7198,3.1914,0.31,1.2194,10535.07
6792,-1.5666,23,1,-3.6574,3.1719,0.32,0.6307,10535.7
6793,-0.0322,1,1,-3.5808,3.166,0.33,0.0263,10535.72
6794,-3.7738,50,0,-3.61,3.1541,0.32,1.3638,10537.09
6795,-27.5595,50,0,-3.8539,3.9526,0.32,1.3872,10538.47
6796,-2.732,46,1,-3.8552,3.9522,0.33,1.2812,10539.75
6797,-4.6878,50,0,-3.8687,3.9527,0.33,1.4455,10541.2
6798,-4.7296,50,0,-3.8824,3.9533,0.33,1.1818,10542.38
6799,-6.2622,50,0,-3.8818,3.9529,0.33,1.1401,10543.52
6800,-4.222,50,0,-3.9172,3.94,0.32,1.1115,10544.63
6801,-6.0407,50,0,-3.971,3.9318,0.31,1.1272,10545.76
6802,-2.8721,50,0,-3.9994,3.9135,0.3,1.1554,10546.92
6803,-0.0116,1,1,-3.9991,3.9138,0.3,0.0228,10546.94
6804,-3.4584,49,1,-3.9984,3.9139,0.31,1.1037,10548.04
6805,-3.1903,50,0,-3.9819,3.9138,0.31,1.1701,10549.21
6806,-4.7705,50,0,-3.9962,3.9141,0.31,1.121,10550.33
6807,-25.9714,50,0,-4.217,4.4833,0.31,1.252,10551.59
6808,-4.4141,50,0,-4.2126,4.4829,0.31,1.1505,10552.74
6809,-5.139,50,0,-4.2233,4.4838,0.31,1.1728,10553.91
6810,-0.0034,1,1,-4.1625,4.4994,0.32,0.0232,10553.93
6811,-6.3264,50,0,-4.1789,4.5042,0.32,1.131,10555.06
6812,-5.798,50,0,-4.1826,4.5054,0.32,1.1499,10556.21
6813,-4.9227,50,0,-4.2003,4.5048,0.32,1.2108,10557.42
6814,-4.7626,50,0,-4.208,4.5051,0.32,1.1552,10558.58
6815,-5.6244,50,0,-4.2038,4.5036,0.32,1.2507,10559.83
6816,-0.7821,11,1,-4.1808,4.5152,0.33,0.2583,10560.09
6817,-3.9366,50,0,-4.1848,4.5148,0.33,1.396,10561.48
6818,-5.8839,50,0,-4.2095,4.5172,0.33,1.4171,10562.9
6819,-0.0242,1,1,-4.1599,4.5356,0.34,0.0343,10562.94
6820,-4.5953,50,0,-4.1614,4.5358,0.34,1.3703,10564.31
6821,-5.7084,50,0,-4.2118,4.5247,0.33,1.4058,10565.71
6822,-4.6044,50,0,-4.19,4.5175,0.33,1.2502,10566.96
6823,-0.5908,10,1,-4.1596,4.5313,0.34,0.255,10567.22
6824,-0.0339,1,1,-4.1218,4.5498,0.35,0.0254,10567.24
6825,-6.7483,50,0,-4.189,4.5384,0.34,1.2507,10568.49
6826,-0.0362,1,1,-4.1449,4.5571,0.35,0.0278,10568.52
6827,-6.3642,50,0,-4.1563,4.5612,0.35,1.3038,10569.82
6828,-4.5081,50,0,-4.1549,4.5611,0.35,1.2486,10571.07
6829,-4.9318,50,0,-4.1626,4.5618,0.35,1.2686,10572.34
6830,-5.528,50,0,-4.1926,4.5608,0.35,1.2232,10573.56
6831,-17.6252,50,0,-4.3684,4.733,0.34,1.2482,10574.81
6832,-5.172,50,0,-4.3729,4.7336,0.34,1.2,10576.01
6833,-4.3122,50,0,-4.3549,4.7304,0.34,1.3799,10577.39
6834,-6.951,50,0,-4.4156,4.7243,0.33,1.2544,10578.65
6835,-3.2626,50,0,-4.4478,4.7053,0.32,1.1937,10579.84
6836,-3.4891,50,0,-4.447,4.7055,0.32,1.3511,10581.19
6837,-0.0418,1,1,-4.3802,4.7201,0.33,0.0299,10581.22
6838,-0.0408,1,1,-4.3804,4.7199,0.33,0.024,10581.25
6839,-0.8749,14,1,-4.338,4.7321,0.34,0.3725,10581.62
6840,-1.0796,11,1,-4.3484,4.7238,0.34,0.2918,10581.91
6841,-4.5255,50,0,-4.3817,4.7132,0.33,1.3774,10583.29
6842,-4.9097,50,0,-4.3713,4.7108,0.33,1.4906,10584.78
6843,-4.2195,50,0,-4.4029,4.6991,0.32,1.3948,10586.17
6844,-4.0373,50,0,-4.3934,4.6988,0.32,1.3111,10587.48
6845,-5.1492,50,0,-4.3935,4.6989,0.32,1.2408,10588.73
6846,-4.9096,50,0,-4.3943,4.6989,0.32,1.3714,10590.1
6847,-7.0347,50,0,-4.4555,4.6931,0.31,1.3273,10591.42
6848,-5.5935,50,0,-4.5112,4.6731,0.3,1.3387,10592.76
6849,-5.2938,50,0,-4.5171,4.6738,0.3,1.331,10594.09
6850,-4.6236,50,0,-4.5142,4.6736,0.3,1.163,10595.26
6851,-5.4235,50,0,-4.533,4.6734,0.3,1.3864,10596.64
6852,-3.3445,50,0,-4.5663,4.653,0.29,1.4215,10598.06
6853,-4.8448,50,0,-4.6144,4.6306,0.28,1.3881,10599.45
6854,-4.8255,50,0,-4.6537,4.6156,0.27,1.3531,10600.81
6855,-4.4567,50,0,-4.6428,4.6148,0.27,1.2811,10602.09
6856,-0.9801,19,1,-4.6312,4.6226,0.27,0.5772,10602.66
6857,-1.589,15,1,-4.6215,4.6279,0.28,0.4708,10603.13
6858,-6.5326,50,0,-4.6679,4.6236,0.27,1.3316,10604.47
6859,-2.5583,50,0,-4.6379,4.6274,0.27,1.2674,10605.73
6860,-5.3048,50,0,-4.6585,4.6258,0.27,1.4898,10607.22
6861,-5.0228,50,0,-4.6951,4.614,0.26,1.4317,10608.66
6862,-5.1268,50,0,-4.7109,4.6128,0.26,1.541,10610.2
6863,-5.1176,50,0,-4.7258,4.6117,0.26,1.4006,10611.6
6864,-5.1276,50,0,-4.7767,4.5877,0.25,1.2477,10612.84
6865,-4.26,50,0,-4.8088,4.5727,0.24,1.4231,10614.27
6866,-0.041,1,1,-4.761,4.5972,0.25,0.0317,10614.3
6867,-5.6507,50,0,-4.8171,4.5735,0.24,1.3662,10615.67
6868,-4.4409,50,0,-4.8613,4.5481,0.23,1.3682,10617.03
6869,-5.2311,50,0,-4.9132,4.5224,0.22,1.349,10618.38
6870,-4.9864,50,0,-4.9326,4.5185,0.22,1.2125,10619.6
6871,-0.001,1,1,-4.9323,4.5189,0.22,0.0299,10619.63
6872,-5.7997,50,0,-4.9403,4.5197,0.22,1.2623,10620.89
6873,-4.734,50,0,-4.9595,4.5147,0.21,1.1111,10622.0
6874,-5.0847,50,0,-4.9827,4.5093,0.21,1.9372,10623.94
6875,-5.0334,50,0,-4.9656,4.5059,0.21,1.1555,10625.09
6876,-0.0168,1,1,-4.9107,4.5323,0.22,0.0286,10625.12
6877,-0.0224,1,1,-4.8672,4.5581,0.23,0.0256,10625.15
6878,-0.0187,1,1,-4.7919,4.5753,0.24,0.0233,10625.17
6879,-0.0417,1,1,-4.701,4.5785,0.25,0.0239,10625.19
6880,-5.7593,50,0,-4.7265,4.5772,0.25,1.2095,10626.4
6881,-0.0193,1,1,-4.6882,4.6003,0.26,0.0248,10626.43
6882,-3.8618,50,0,-4.5553,4.4269,0.26,1.1686,10627.6
6883,-0.0264,1,1,-4.5092,4.4497,0.27,0.02,10627.62
6884,-4.9965,50,0,-4.5134,4.45,0.27,1.1199,10628.74
6885,-2.8229,50,0,-4.5026,4.4528,0.27,1.1294,10629.86
6886,-1.4975,19,1,-4.4983,4.4554,0.27,0.4244,10630.29
6887,-4.8904,50,0,-4.5468,4.433,0.26,1.1166,10631.41
6888,-7.5145,50,0,-4.5796,4.4427,0.26,1.1072,10632.51
6889,-6.7989,50,0,-4.5648,4.4328,0.26,1.1095,10633.62
6890,-3.5487,50,0,-4.5539,4.4339,0.26,1.1033,10634.73
6891,-0.0425,1,1,-4.3369,4.1061,0.27,0.0223,10634.75
6892,-4.0068,50,0,-4.3613,4.0968,0.26,1.1536,10635.9
6893,-3.87,50,0,-4.3997,4.074,0.25,1.1184,10637.02
6894,-4.581,50,0,-4.4077,4.0735,0.25,1.1468,10638.17
6895,-0.9901,10,1,-4.142,3.3586,0.26,0.229,10638.4
6896,-5.0299,50,0,-4.165,3.3567,0.25,1.1277,10639.52
6897,-0.4883,8,1,-4.123,3.3761,0.26,0.1777,10639.7
6898,-4.1229,50,0,-4.117,3.3756,0.26,1.115,10640.82
6899,-3.8643,50,0,-4.093,3.3687,0.26,1.153,10641.97
6900,-2.9289,50,0,-4.0801,3.3707,0.26,1.1109,10643.08
6901,-3.105,50,0,-4.0507,3.3663,0.26,1.1287,10644.21
6902,-3.6812,50,0,-4.0588,3.3644,0.26,1.0838,10645.29
6903,-3.2536,50,0,-4.0912,3.3408,0.25,1.1049,10646.4
6904,-5.4226,50,0,-4.1108,3.3428,0.24,1.1215,10647.52
6905,-6.5092,50,0,-4.144,3.35,0.24,1.1511,10648.67
6906,-5.4267,50,0,-4.1506,3.3518,0.24,1.0961,10649.77
6907,-5.2218,50,0,-3.9431,2.538,0.24,1.1688,10650.94
6908,-4.3496,50,0,-3.9425,2.5379,0.24,1.0985,10652.03
6909,-2.5177,50,0,-3.9162,2.539,0.24,1.1533,10653.19
6910,-27.3998,50,0,-4.1902,3.4253,0.23,1.1052,10654.29
6911,-0.0492,1,1,-4.1274,3.4431,0.24,0.0237,10654.32
6912,-0.7042,11,1,-4.0765,3.4557,0.25,0.2427,10654.56
6913,-3.4699,50,0,-4.062,3.4551,0.25,1.1371,10655.7
6914,-6.8086,50,0,-4.0824,3.4653,0.25,1.1408,10656.84
6915,-0.0356,1,1,-4.0265,3.4849,0.26,0.0202,10656.86
6916,-3.3764,50,0,-4.0525,3.4703,0.25,1.1198,10657.98
6917,-4.8785,50,0,-4.0619,3.4713,0.25,1.1476,10659.12
6918,-4.4052,50,0,-4.0471,3.4666,0.25,1.1482,10660.27
6919,-4.5037,50,0,-4.0919,3.4432,0.24,1.1405,10661.41
6920,-5.1834,50,0,-4.0978,3.4446,0.24,1.0991,10662.51
6921,-2.8745,50,0,-4.0695,3.4429,0.24,1.1827,10663.69
6922,-4.1224,50,0,-4.0646,3.4424,0.24,1.2185,10664.91
6923,-3.2386,50,0,-4.0911,3.4258,0.23,1.2809,10666.19
6924,-0.0379,1,1,-4.0912,3.4257,0.23,0.0302,10666.22
6925,-0.7407,13,1,-4.0311,3.4313,0.24,0.3378,10666.56
6926,-0.0481,1,1,-4.0312,3.4311,0.24,0.0223,10666.58
6927,-0.4784,9,1,-3.9723,3.4411,0.25,0.2014,10666.79
6928,-4.143,50,0,-3.9687,3.4407,0.25,1.1803,10667.97
6929,-1.0726,13,1,-3.9301,3.4513,0.26,0.2976,10668.26
6930,-5.4639,50,0,-3.9295,3.451,0.26,1.1939,10669.46
6931,-5.4183,50,0,-3.8074,3.1688,0.26,1.1504,10670.61
6932,-5.1542,50,0,-3.8072,3.1687,0.26,1.2239,10671.83
6933,-3.7072,50,0,-3.8012,3.1683,0.26,1.1411,10672.97
6934,-3.6618,50,0,-3.7683,3.1524,0.26,1.158,10674.13
6935,-6.1061,50,0,-3.7967,3.1606,0.26,1.2262,10675.36
6936,-7.7442,50,0,-3.8392,3.1847,0.26,1.1991,10676.56
6937,-4.6423,50,0,-3.8853,3.1627,0.25,1.1596,10677.72
6938,-2.5601,50,0,-3.9104,3.1419,0.24,1.1582,10678.87
6939,-7.7999,50,0,-3.9797,3.1505,0.23,1.3294,10680.2
6940,-5.3509,50,0,-4.0224,3.1399,0.22,1.5102,10681.71
6941,-6.2284,50,0,-4.0394,3.1472,0.22,1.379,10683.09
6942,-3.358,50,0,-4.0239,3.1467,0.22,1.2992,10684.39
6943,-4.0435,50,0,-4.0222,3.1466,0.22,1.2599,10685.65
6944,-4.8115,50,0,-4.0299,3.1476,0.22,1.8781,10687.53
6945,-4.6772,50,0,-4.0252,3.1462,0.22,2.2096,10689.74
6946,-0.0197,1,1,-3.9763,3.17,0.23,0.0301,10689.77
6947,-0.0281,1,1,-3.9062,3.1791,0.24,0.0363,10689.81
6948,-2.5656,50,0,-3.8759,3.1773,0.24,1.9176,10691.72
6949,-1.7828,23,1,-3.8408,3.1808,0.25,1.0672,10692.79
6950,-5.2095,50,0,-3.8467,3.1828,0.25,1.8317,10694.62
6951,-0.0389,1,1,-3.7928,3.2012,0.26,0.0405,10694.66
6952,-0.036,1,1,-3.7598,3.2226,0.27,0.0442,10694.71
6953,-7.9661,50,0,-3.791,3.248,0.27,2.3676,10697.07
6954,-1.0235,12,1,-3.753,3.2579,0.28,0.4289,10697.5
6955,-5.2886,50,0,-3.7613,3.2608,0.28,2.0401,10699.54
6956,-5.333,50,0,-3.8048,3.2524,0.27,2.0817,10701.62
6957,-4.4502,50,0,-3.8334,3.2454,0.26,1.6644,10703.29
6958,-3.0099,50,0,-3.7982,3.235,0.26,1.8148,10705.1
6959,-0.0478,1,1,-3.7731,3.2542,0.27,0.0519,10705.16
6960,-7.5684,50,0,-3.7957,3.2726,0.27,2.0022,10707.16
6961,-15.5689,50,0,-3.9012,3.4741,0.27,1.8321,10708.99
6962,-5.2169,50,0,-3.9021,3.4745,0.27,1.7917,10710.78
6963,-3.6285,37,1,-3.8872,3.4724,0.28,1.2983,10712.08
6964,-0.019,1,1,-3.8361,3.4913,0.29,0.033,10712.11
6965,-0.0291,1,1,-3.7938,3.5115,0.3,0.0366,10712.15
6966,-3.339,50,0,-3.8268,3.4915,0.29,1.6891,10713.84
6967,-5.6714,50,0,-3.827,3.4916,0.29,1.7445,10715.58
6968,-4.6401,50,0,-3.829,3.492,0.29,1.7621,10717.35
6969,-11.0949,50,0,-3.8876,3.5636,0.29,1.6923,10719.04
6970,-6.9154,50,0,-3.9069,3.5747,0.29,1.6333,10720.67
6971,-24.9726,50,0,-4.1566,4.1232,0.28,1.6505,10722.32
6972,-0.034,1,1,-4.099,4.1401,0.29,0.0326,10722.35
6973,-2.9306,50,0,-4.0809,4.1413,0.29,1.6543,10724.01
6974,-0.0072,1,1,-4.0301,4.1597,0.3,0.031,10724.04
6975,-4.2113,50,0,-4.0219,4.1586,0.3,1.6413,10725.68
6976,-4.2623,50,0,-4.0644,4.1391,0.29,1.6873,10727.37
6977,-3.6331,50,0,-4.1005,4.1194,0.28,1.8208,10729.19
6978,-0.0234,1,1,-4.1005,4.1193,0.28,0.0411,10729.23
6979,-3.3803,50,0,-4.1339,4.0998,0.27,1.7395,10730.97
6980,-0.0318,1,1,-4.0766,4.1166,0.28,0.0296,10731.0
6981,-0.5306,9,1,-4.0818,4.1119,0.28,0.3089,10731.31
6982,-0.0425,1,1,-4.0436,4.1315,0.29,0.0316,10731.34
6983,-1.1092,13,1,-4.0544,4.1223,0.29,0.4213,10731.76
6984,-3.0599,50,0,-4.035,4.1224,0.29,1.638,10733.4
6985,-3.6722,50,0,-4.0435,4.1208,0.29,1.8184,10735.22
6986,-7.0363,50,0,-4.0989,4.1234,0.28,1.6852,10736.9
6987,-0.5672,11,1,-4.0557,4.1375,0.29,0.3533,10737.26
6988,-4.7065,50,0,-4.0276,4.1234,0.29,1.6438,10738.9
6989,-0.0255,1,1,-3.9599,4.133,0.3,0.0412,10738.94
6990,-4.3699,50,0,-3.9681,4.133,0.3,1.6721,10740.61
6991,-0.0237,1,1,-3.9679,4.1332,0.3,0.0319,10740.64
6992,-3.7553,50,0,-3.9654,4.1332,0.3,2.3793,10743.02
6993,-4.941,50,0,-3.9761,4.1343,0.3,1.7222,10744.75
6994,-6.3285,50,0,-3.9936,4.1405,0.3,1.7057,10746.45
6995,-1.1812,18,1,-3.9955,4.1392,0.3,0.5487,10747.0
6996,-4.511,50,0,-3.9903,4.1382,0.3,1.2283,10748.23
6997,-6.7234,50,0,-4.0526,4.132,0.29,1.0808,10749.31
6998,-0.022,1,1,-4.0116,4.1514,0.3,0.0222,10749.33
6999,-8.9669,50,0,-4.0626,4.1805,0.3,1.1071,10750.44
7000,-9.7351,50,0,-4.1307,4.2167,0.3,1.089,10751.53
7001,-2.8732,50,0,-4.1284,4.2174,0.3,1.1129,10752.64
7002,-4.1781,50,0,-4.1334,4.2171,0.3,1.1319,10753.77
7003,-0.0174,1,1,-4.101,4.2361,0.31,0.0231,10753.8
7004,-4.5111,50,0,-4.0919,4.2343,0.31,1.0973,10754.89
7005,-5.0369,50,0,-4.0772,4.2284,0.31,1.0695,10755.96
7006,-4.9367,50,0,-4.0723,4.2271,0.31,1.1056,10757.07
7007,-5.07,50,0,-4.0707,4.2267,0.31,1.1411,10758.21
7008,-0.0307,1,1,-4.0276,4.2457,0.32,0.0216,10758.23
7009,-4.9155,50,0,-4.0515,4.2438,0.32,1.231,10759.46
7010,-9.6788,50,0,-3.8743,3.5839,0.32,1.4025,10760.86
7011,-4.203,50,0,-3.9159,3.5633,0.31,1.3786,10762.24
7012,-2.9811,50,0,-3.9386,3.5499,0.3,1.5039,10763.75
7013,-0.0214,1,1,-3.9041,3.571,0.31,0.0367,10763.78
7014,-4.1222,50,0,-3.8773,3.5592,0.31,1.4591,10765.24
7015,-0.0145,1,1,-3.8771,3.5594,0.31,0.0308,10765.27
7016,-3.975,50,0,-3.8831,3.559,0.31,1.4692,10766.74
7017,-5.4918,50,0,-3.8892,3.5613,0.31,1.3612,10768.1
7018,-3.8694,50,0,-3.8838,3.5609,0.31,1.4239,10769.53
7019,-0.7003,12,1,-3.8458,3.5744,0.32,0.339,10769.87
7020,-10.045,50,0,-3.8944,3.6249,0.32,1.3244,10771.19
7021,-2.6746,29,1,-3.8924,3.6255,0.33,0.8322,10772.02
7022,-0.754,14,1,-3.8587,3.6389,0.34,0.3855,10772.41
7023,-2.9262,50,0,-3.8556,3.6395,0.34,1.3574,10773.77
7024,-2.6097,50,0,-3.8813,3.6215,0.33,1.4168,10775.18
7025,-0.0367,1,1,-3.8743,3.6283,0.33,0.0327,10775.22
7026,-3.7326,50,0,-3.9111,3.6079,0.32,1.4507,10776.67
7027,-5.265,50,0,-3.959,3.5938,0.31,1.3865,10778.05
7028,-5.2159,50,0,-3.9697,3.5959,0.31,1.4379,10779.49
7029,-3.173,50,0,-3.9907,3.585,0.3,1.587,10781.08
7030,-4.8128,50,0,-3.9842,3.5829,0.3,1.4063,10782.48
7031,-4.248,50,0,-3.9725,3.5801,0.3,1.3756,10783.86
7032,-6.1711,50,0,-3.9827,3.5849,0.3,1.3539,10785.21
7033,-0.0251,1,1,-3.9459,3.6064,0.31,0.0304,10785.24
7034,-0.0212,1,1,-3.9095,3.6274,0.32,0.0259,10785.27
7035,-3.6655,50,0,-3.885,3.6208,0.32,1.4834,10786.75
7036,-4.167,50,0,-3.8493,3.6001,0.32,1.4385,10788.19
7037,-0.0103,1,1,-3.803,3.6193,0.33,0.0333,10788.23
7038,-3.6443,50,0,-3.8138,3.6172,0.33,1.4983,10789.72
7039,-4.194,50,0,-3.7777,3.5952,0.33,1.5843,10791.31
7040,-4.5752,50,0,-3.77,3.5926,0.33,1.5847,10792.89
7041,-0.0318,1,1,-3.708,3.6031,0.34,0.0348,10792.93
7042,-4.9175,50,0,-3.7236,3.6049,0.34,1.6901,10794.62
7043,-0.0476,1,1,-3.6837,3.6233,0.35,0.0309,10794.65
7044,-3.6286,50,0,-3.6718,3.6215,0.35,1.4637,10796.11
7045,-2.5179,50,0,-3.6502,3.6219,0.35,1.4447,10797.56
7046,-4.9269,50,0,-3.6993,3.6056,0.34,1.5856,10799.14
7047,-4.7966,50,0,-3.747,3.5882,0.33,1.5093,10800.65
7048,-5.3532,50,0,-3.7749,3.5897,0.33,1.4549,10802.11
7049,-5.9013,50,0,-3.816,3.5903,0.32,1.3958,10803.5
7050,-5.785,50,0,-3.8218,3.5929,0.32,1.394,10804.9
7051,-3.869,50,0,-3.8601,3.5728,0.31,1.3511,10806.25
7052,-0.0308,1,1,-3.8601,3.5728,0.31,0.0209,10806.27
7053,-4.9348,50,0,-3.8297,3.5507,0.31,1.1556,10807.42
7054,-0.0257,1,1,-3.8198,3.5599,0.31,0.0215,10807.45
7055,-3.4486,50,0,-3.8014,3.557,0.31,1.1551,10808.6
7056,-6.4308,50,0,-3.8123,3.5634,0.31,1.2242,10809.82
7057,-3.0422,50,0,-3.7983,3.5637,0.31,1.3832,10811.21
7058,-8.6294,50,0,-3.8545,3.595,0.31,1.3628,10812.57
7059,-5.1201,50,0,-3.9052,3.5766,0.3,1.4909,10814.06
7060,-0.8576,11,1,-3.8381,3.5702,0.31,0.3188,10814.38
7061,-9.3022,50,0,-3.7754,3.4154,0.31,1.5032,10815.88
7062,-3.2032,50,0,-3.7553,3.4128,0.31,1.5227,10817.41
7063,-5.7329,50,0,-3.7763,3.4184,0.3,1.5122,10818.92
7064,-3.5821,50,0,-3.8119,3.3976,0.29,1.4876,10820.41
7065,-0.0495,1,1,-3.8121,3.3973,0.29,0.0339,10820.44
7066,-13.0057,50,0,-3.9088,3.5179,0.29,1.5575,10822.0
7067,-0.5092,9,1,-3.8572,3.5295,0.3,0.2724,10822.27
7068,-3.4143,50,0,-3.8449,3.5289,0.3,1.5417,10823.81
7069,-2.6922,50,0,-3.7609,3.4545,0.3,1.4151,10825.23
7070,-1.0385,12,1,-3.7021,3.4503,0.31,0.3392,10825.57
7071,-4.9134,50,0,-3.5015,2.712,0.31,1.4636,10827.03
7072,-5.1093,50,0,-3.5523,2.6941,0.3,1.4029,10828.43
7073,-0.0361,1,1,-3.5234,2.7161,0.31,0.0337,10828.47
7074,-3.9408,50,0,-3.5627,2.6932,0.3,1.4204,10829.89
7075,-5.2186,50,0,-3.5728,2.6975,0.3,1.4307,10831.32
7076,-3.8159,50,0,-3.5683,2.6967,0.3,1.4998,10832.82
7077,-4.7363,50,0,-3.5793,2.6992,0.3,1.4016,10834.22
7078,-4.4312,50,0,-3.6234,2.6767,0.29,1.3629,10835.58
7079,-0.0218,1,1,-3.5898,2.7005,0.3,0.0237,10835.61
7080,-3.59,50,0,-3.6254,2.6767,0.29,1.2463,10836.85
7081,-6.1986,50,0,-3.6821,2.6706,0.28,1.3971,10838.25
7082,-4.0376,50,0,-3.722,2.6456,0.27,1.2395,10839.49
7083,-2.9415,50,0,-3.7404,2.6338,0.26,1.1991,10840.69
7084,-5.3504,50,0,-3.7633,2.6377,0.26,1.2628,10841.95
7085,-3.2332,50,0,-3.7589,2.6382,0.26,1.3552,10843.31
7086,-4.5614,50,0,-3.7341,2.6189,0.26,1.3685,10844.67
7087,-5.8259,50,0,-3.7867,2.6076,0.25,1.3173,10845.99
7088,-4.8824,50,0,-3.7885,2.6082,0.25,1.1985,10847.19
7089,-5.0072,50,0,-3.8383,2.5834,0.24,1.1836,10848.37
7090,-0.0256,1,1,-3.7948,2.6104,0.25,0.031,10848.4
7091,-6.1804,50,0,-3.8564,2.5933,0.24,1.2478,10849.65
7092,-2.7487,50,0,-3.8463,2.5956,0.24,1.3323,10850.98
7093,-4.3188,50,0,-3.8401,2.5938,0.24,1.3483,10852.33
7094,-3.6995,50,0,-3.8138,2.5817,0.24,1.1662,10853.5
7095,-4.8676,50,0,-3.8507,2.5701,0.23,1.1148,10854.61
7096,-0.0334,1,1,-3.8059,2.5971,0.24,0.0231,10854.64
7097,-6.1817,50,0,-3.8005,2.5916,0.24,1.1791,10855.82
7098,-3.661,50,0,-3.8369,2.5637,0.23,1.1573,10856.97
7099,-5.829,50,0,-3.8055,2.5195,0.23,1.1165,10858.09
7100,-6.5542,50,0,-3.7737,2.4639,0.23,1.1718,10859.26
7101,-0.0286,1,1,-3.7453,2.4904,0.24,0.0273,10859.29
7102,-5.8407,50,0,-3.7619,2.4988,0.24,1.1314,10860.42
7103,-0.0361,1,1,-3.7621,2.4985,0.24,0.024,10860.44
7104,-0.0217,1,1,-3.7172,2.5248,0.25,0.0234,10860.47
7105,-2.7294,50,0,-3.6941,2.5232,0.25,1.1525,10861.62
7106,-4.3978,50,0,-3.6887,2.5211,0.25,1.1936,10862.81
7107,-5.5704,50,0,-3.6937,2.5244,0.25,1.1846,10864.0
7108,-4.2145,50,0,-3.7356,2.4978,0.24,1.2426,10865.24
7109,-9.7809,50,0,-3.7842,2.5668,0.24,1.3549,10866.6
7110,-4.0138,50,0,-3.7276,2.4976,0.24,1.2513,10867.85
7111,-0.0212,1,1,-3.6857,2.5242,0.25,0.026,10867.87
7112,-6.0444,50,0,-3.7164,2.534,0.25,1.355,10869.23
7113,-5.0131,50,0,-3.7663,2.5098,0.24,1.1907,10870.42
7114,-5.5328,50,0,-3.7804,2.5157,0.24,1.2309,10871.65
7115,-4.514,50,0,-3.8254,2.488,0.23,1.2161,10872.87
7116,-2.623,50,0,-3.8119,2.4909,0.23,1.2518,10874.12
7117,-4.9325,50,0,-3.8063,2.4877,0.23,1.5993,10875.72
7118,-3.4217,50,0,-3.8018,2.488,0.23,1.2508,10876.97
7119,-5.5122,50,0,-3.8499,2.474,0.22,1.3453,10878.31
7120,-2.7691,50,0,-3.7772,2.3966,0.22,1.4015,10879.71
7121,-4.2456,50,0,-3.7929,2.3944,0.21,1.3771,10881.09
7122,-4.8684,50,0,-3.834,2.3771,0.2,1.8261,10882.92
7123,-3.3137,50,0,-3.8379,2.376,0.2,1.4092,10884.33
7124,-6.8169,50,0,-3.88,2.391,0.2,1.1322,10885.46
7125,-5.3396,50,0,-3.933,2.3639,0.19,1.1492,10886.61
7126,-7.2289,50,0,-3.968,2.3864,0.19,1.1375,10887.75
7127,-0.0415,1,1,-3.9157,2.4144,0.2,0.021,10887.77
7128,-5.8695,50,0,-3.9223,2.4188,0.2,1.0861,10888.85
7129,-3.7987,50,0,-3.9285,2.4177,0.2,1.1024,10889.96
7130,-4.2428,50,0,-3.9228,2.4163,0.2,1.2159,10891.17
7131,-8.7325,50,0,-3.9677,2.4631,0.2,1.435,10892.61
7132,-0.0171,1,1,-3.9061,2.484,0.21,0.0258,10892.63
7133,-0.0199,1,1,-3.9061,2.4841,0.21,0.0262,10892.66
7134,-0.0225,1,1,-3.9061,2.4841,0.21,0.0275,10892.69
7135,-0.0483,1,1,-3.8699,2.5135,0.22,0.0241,10892.71
7136,-5.7373,50,0,-3.8856,2.5202,0.22,1.4012,10894.11
7137,-5.1113,50,0,-3.9366,2.4927,0.21,1.3997,10895.51
7138,-4.8825,50,0,-3.949,2.4943,0.21,1.4598,10896.97
7139,-0.0498,1,1,-3.9076,2.5241,0.22,0.0245,10896.99
7140,-4.4635,50,0,-3.9065,2.5239,0.22,2.4792,10899.47
7141,-13.1374,50,0,-4.0375,2.6561,0.21,1.3899,10900.86
7142,-4.8684,50,0,-4.037,2.6559,0.21,1.3511,10902.22
7143,-4.7989,50,0,-4.0845,2.6265,0.2,1.446,10903.66
7144,-0.0257,1,1,-4.0485,2.657,0.21,0.0304,10903.69
7145,-4.9199,50,0,-4.0725,2.6539,0.21,1.4027,10905.09
7146,-4.33,50,0,-4.0666,2.6526,0.21,1.2538,10906.35
7147,-0.037,1,1,-4.019,2.6817,0.22,0.0226,10906.37
7148,-2.5227,50,0,-3.9907,2.6824,0.22,1.2283,10907.6
7149,-7.3927,50,0,-4.0056,2.6971,0.22,1.3657,10908.96
7150,-3.6146,50,0,-3.9839,2.6914,0.22,1.2089,10910.17
7151,-0.0368,1,1,-3.9455,2.7199,0.23,0.0219,10910.2
7152,-3.9259,50,0,-3.9845,2.6913,0.22,1.1925,10911.39
7153,-3.5515,50,0,-3.9707,2.6899,0.22,1.3745,10912.76
7154,-3.6338,50,0,-4.0067,2.6608,0.21,1.4929,10914.26
7155,-17.2822,50,0,-4.1451,2.9698,0.21,1.3798,10915.64
7156,-4.6132,50,0,-4.1269,2.9613,0.21,1.3791,10917.01
7157,-3.2874,50,0,-4.1294,2.9605,0.21,1.2174,10918.23
7158,-0.0192,1,1,-4.0432,2.9536,0.22,0.0248,10918.26
7159,-6.1805,50,0,-4.0539,2.9594,0.22,1.2454,10919.5
7160,-0.0457,1,1,-4.0457,2.9692,0.22,0.0225,10919.52
7161,-0.0278,1,1,-3.953,2.9483,0.23,0.0242,10919.55
7162,-5.5251,50,0,-3.9762,2.9515,0.23,1.1675,10920.72
7163,-0.0459,1,1,-3.9193,2.9718,0.24,0.0248,10920.74
7164,-3.9501,50,0,-3.923,2.9716,0.24,1.1565,10921.9
7165,-14.0756,50,0,-4.0633,3.1131,0.23,1.2466,10923.14
7166,-5.5332,50,0,-3.9886,2.9846,0.23,1.1962,10924.34
7167,-7.9498,50,0,-4.063,2.9897,0.22,1.1777,10925.52
7168,-30.2155,50,0,-4.331,3.9625,0.22,1.1704,10926.69
7169,-5.0151,50,0,-4.3542,3.9597,0.22,1.2028,10927.89
7170,-4.7778,50,0,-4.3916,3.9458,0.21,1.4533,10929.34
7171,-0.0497,1,1,-4.343,3.969,0.22,0.0313,10929.38
7172,-4.7416,50,0,-4.3393,3.9685,0.22,1.4051,10930.78
7173,-0.0369,1,1,-4.3393,3.9684,0.22,0.0346,10930.82
7174,-0.0482,1,1,-4.3004,3.9912,0.23,0.0275,10930.84
7175,-3.4564,50,0,-4.2827,3.991,0.23,1.2337,10932.08
7176,-7.1652,50,0,-4.3162,4.001,0.23,1.1639,10933.24
7177,-6.1404,50,0,-4.3303,4.0049,0.23,1.3062,10934.55
7178,-8.7932,50,0,-4.3739,4.0294,0.23,1.4091,10935.96
7179,-5.3208,50,0,-4.4269,4.0066,0.22,1.6165,10937.57
7180,-2.5994,50,0,-4.417,4.0099,0.22,1.547,10939.12
7181,-4.2885,50,0,-4.3979,4.0059,0.22,1.2634,10940.38
7182,-4.5521,50,0,-4.403,4.0058,0.22,1.2076,10941.59
7183,-5.4277,50,0,-4.4279,4.0043,0.22,1.364,10942.95
7184,-0.0298,1,1,-4.3747,4.027,0.23,0.0267,10942.98
7185,-6.7809,50,0,-4.4102,4.0324,0.23,1.2543,10944.24
7186,-0.0444,1,1,-4.365,4.0557,0.24,0.024,10944.26
7187,-0.6658,12,1,-4.3134,4.0696,0.25,0.2621,10944.52
7188,-3.3898,50,0,-4.2985,4.0702,0.25,1.1519,10945.67
7189,-0.049,1,1,-4.2489,4.0914,0.26,0.0254,10945.7
7190,-4.3638,50,0,-4.2923,4.0694,0.25,1.3518,10947.05
7191,-5.1663,50,0,-4.2821,4.0659,0.25,1.1999,10948.25
7192,-0.4196,7,1,-4.2588,4.0813,0.26,0.1653,10948.42
7193,-4.9866,50,0,-4.2655,4.0819,0.26,1.3892,10949.81
7194,-5.6936,50,0,-4.2854,4.084,0.26,1.4801,10951.29
7195,-2.8488,50,0,-4.2653,4.086,0.26,1.2235,10952.51
7196,-5.0025,50,0,-4.3149,4.0644,0.25,1.2248,10953.73
7197,-6.6272,50,0,-4.3194,4.0667,0.25,1.3897,10955.12
7198,-0.0137,1,1,-4.2829,4.0887,0.26,0.0209,10955.14
7199,-6.1257,50,0,-4.2859,4.09,0.26,1.2684,10956.41
7200,-4.9124,50,0,-4.2695,4.0841,0.26,1.2232,10957.64
7201,-4.8982,50,0,-4.3182,4.0622,0.25,1.2784,10958.91
7202,-5.9011,50,0,-4.3188,4.0625,0.25,1.1454,10960.06
7203,-0.0361,1,1,-4.3188,4.0625,0.25,0.0212,10960.08
7204,-5.2781,50,0,-4.3713,4.0405,0.24,1.1687,10961.25
7205,-5.4393,50,0,-4.3984,4.0385,0.24,1.2482,10962.5
7206,-6.6191,50,0,-4.4207,4.0445,0.24,1.1859,10963.68
7207,-5.0968,50,0,-4.4159,4.0434,0.24,1.2377,10964.92
7208,-4.8265,50,0,-4.422,4.0436,0.24,1.2652,10966.19
7209,-0.037,1,1,-4.3246,4.0307,0.25,0.0245,10966.21
7210,-13.5564,50,0,-4.42,4.1338,0.25,1.1222,10967.33
7211,-4.6457,50,0,-4.4663,4.1101,0.24,1.1954,10968.53
7212,-5.2064,50,0,-4.4579,4.1078,0.24,1.1072,10969.64
7213,-0.0457,1,1,-4.4082,4.1307,0.25,0.0331,10969.67
7214,-0.0482,1,1,-4.3534,4.1518,0.26,0.0305,10969.7
7215,-6.5381,50,0,-4.3736,4.1574,0.26,1.2017,10970.9
7216,-0.0175,1,1,-4.3476,4.1765,0.27,0.025,10970.93
7217,-0.0169,1,1,-4.2984,4.1982,0.28,0.0317,10970.96
7218,-7.2799,50,0,-4.337,4.2076,0.28,1.2813,10972.24
7219,-4.6631,50,0,-4.3285,4.2061,0.28,1.2576,10973.5
7220,-2.8045,50,0,-4.3288,4.206,0.28,1.3372,10974.83
7221,-3.6197,50,0,-4.3226,4.2066,0.28,1.4244,10976.26
7222,-0.0113,1,1,-4.274,4.228,0.29,0.0236,10976.28
7223,-0.0207,1,1,-4.2411,4.2481,0.3,0.0238,10976.31
7224,-5.9894,50,0,-4.2328,4.2439,0.3,1.7588,10978.06
7225,-7.1518,50,0,-4.2509,4.2524,0.3,1.5294,10979.59
7226,-8.1029,50,0,-4.2597,4.2594,0.3,1.3135,10980.91
7227,-1.0251,11,1,-4.2695,4.2508,0.3,0.2705,10981.18
7228,-5.035,50,0,-4.2612,4.2485,0.3,1.3762,10982.55
7229,-6.5266,50,0,-4.2884,4.2542,0.3,1.3471,10983.9
7230,-4.0829,50,0,-4.2868,4.2542,0.3,1.2733,10985.17
7231,-5.1832,50,0,-4.2513,4.2317,0.3,1.2378,10986.41
7232,-3.6421,50,0,-4.2876,4.2108,0.29,1.1398,10987.55
7233,-0.0449,1,1,-4.2878,4.2105,0.29,0.0237,10987.58
7234,-3.0081,50,0,-4.3177,4.1907,0.28,1.1507,10988.73
7235,-0.0457,1,1,-4.3177,4.1907,0.28,0.0244,10988.75
7236,-14.9468,50,0,-4.4098,4.3201,0.28,1.4103,10990.16
7237,-5.6523,50,0,-4.4152,4.3213,0.28,1.4917,10991.65
7238,-0.0302,1,1,-4.3667,4.343,0.29,0.0385,10991.69
7239,-6.2032,50,0,-4.4282,4.325,0.28,1.7372,10993.43
7240,-3.8816,50,0,-4.4224,4.3253,0.28,1.362,10994.79
7241,-4.3163,50,0,-4.3342,4.2357,0.28,1.1667,10995.96
7242,-6.5123,50,0,-4.3506,4.2409,0.28,1.2045,10997.16
7243,-0.0476,1,1,-4.3031,4.2622,0.29,0.0218,10997.18
7244,-4.7548,50,0,-4.3504,4.2406,0.28,1.1452,10998.33
7245,-9.2958,50,0,-4.3941,4.2688,0.28,1.2407,10999.57
7246,-7.9501,50,0,-4.4303,4.2834,0.28,1.1823,11000.75
7247,-4.8834,50,0,-4.4788,4.2608,0.27,1.1697,11001.92
7248,-0.0393,1,1,-4.454,4.2793,0.28,0.0235,11001.94
7249,-6.6529,50,0,-4.4466,4.2749,0.28,1.2324,11003.18
7250,-3.598,50,0,-4.4464,4.2749,0.28,1.2453,11004.42
7251,-3.1219,50,0,-4.4773,4.254,0.27,1.1709,11005.59
7252,-0.6478,10,1,-4.4445,4.2708,0.28,0.2287,11005.82
7253,-4.6797,50,0,-4.4558,4.2699,0.28,1.1656,11006.99
7254,-0.0415,1,1,-4.4198,4.2917,0.29,0.0232,11007.01
7255,-5.0039,50,0,-4.2971,4.093,0.29,1.4268,11008.44
7256,-3.2307,50,0,-4.2832,4.0942,0.29,1.4857,11009.92
7257,-4.2422,50,0,-4.2928,4.093,0.29,1.3455,11011.27
7258,-4.7866,50,0,-4.3404,4.0707,0.28,1.356,11012.62
7259,-7.3453,50,0,-4.3521,4.0776,0.28,1.5567,11014.18
7260,-10.3393,50,0,-4.455,4.0974,0.27,1.3893,11015.57
7261,-0.0315,1,1,-4.4551,4.0974,0.27,0.0297,11015.6
7262,-0.4563,8,1,-4.4044,4.1152,0.28,0.1951,11015.8
7263,-2.6627,50,0,-4.4305,4.0956,0.27,1.497,11017.29
7264,-0.0395,1,1,-4.3914,4.1186,0.28,0.032,11017.32
7265,-3.8933,50,0,-4.2896,4.0022,0.28,1.6374,11018.96
7266,-6.5846,50,0,-4.3001,4.0068,0.28,1.5177,11020.48
7267,-6.5246,50,0,-4.2859,3.9963,0.28,1.7033,11022.18
7268,-2.8006,50,0,-4.0117,3.0322,0.28,1.5382,11023.72
7269,-5.4804,50,0,-4.0164,3.0341,0.28,1.3917,11025.11
7270,-0.042,1,1,-3.969,3.0587,0.29,0.0335,11025.15
7271,-6.4876,50,0,-4.0334,3.0432,0.28,1.5776,11026.72
7272,-2.7509,50,0,-4.0135,3.045,0.28,1.4111,11028.14
7273,-4.1355,50,0,-4.0545,3.0187,0.27,1.3217,11029.46
7274,-5.0991,50,0,-4.105,2.9934,0.26,1.5014,11030.96
7275,-4.9765,50,0,-4.1202,2.9939,0.26,1.316,11032.27
7276,-1.1811,15,1,-4.0604,2.9923,0.27,0.3659,11032.64
7277,-5.5337,50,0,-4.0543,2.9887,0.27,1.1614,11033.8
7278,-21.3539,50,0,-4.1799,3.4183,0.27,1.1672,11034.97
7279,-3.3998,50,0,-4.1607,3.4172,0.27,1.2109,11036.18
7280,-6.9512,50,0,-4.2042,3.4247,0.27,1.3218,11037.5
7281,-1.5506,31,1,-4.1768,3.4349,0.28,0.8135,11038.32
7282,-5.9458,50,0,-4.1908,3.4392,0.28,1.273,11039.59
7283,-0.0355,1,1,-4.1368,3.4616,0.29,0.0267,11039.61
7284,-4.1488,50,0,-4.178,3.4369,0.28,1.2247,11040.84
7285,-6.7845,50,0,-4.1781,3.4369,0.28,1.3412,11042.18
7286,-4.4792,50,0,-4.2224,3.4118,0.27,1.2388,11043.42
7287,-4.7715,50,0,-4.2635,3.3934,0.26,1.3554,11044.77
7288,-4.2185,50,0,-4.2718,3.3923,0.26,1.3783,11046.15
7289,-13.1568,50,0,-4.4028,3.4787,0.25,1.492,11047.65
7290,-5.122,50,0,-4.4104,3.4795,0.25,1.5005,11049.15
7291,-8.263,50,0,-4.4414,3.4998,0.25,1.2469,11050.39
7292,-4.7343,50,0,-4.4845,3.4764,0.24,1.2043,11051.6
7293,-5.6944,50,0,-4.4916,3.4782,0.24,1.2673,11052.86
7294,-0.4782,8,1,-4.4395,3.4988,0.25,0.1984,11053.06
7295,-0.0135,1,1,-4.4111,3.523,0.26,0.0261,11053.09
7296,-9.5182,50,0,-4.4563,3.559,0.26,1.3178,11054.41
7297,-4.1297,50,0,-4.4313,3.5525,0.26,1.2415,11055.65
7298,-9.2185,50,0,-4.5233,3.5561,0.25,1.3757,11057.02
7299,-5.1523,50,0,-4.5136,3.553,0.25,1.3542,11058.38
7300,-4.1864,50,0,-4.5063,3.5529,0.25,1.26,11059.64
7301,-3.8077,50,0,-4.4954,3.5534,0.25,1.3277,11060.97
7302,-5.5328,50,0,-4.4918,3.5521,0.25,1.5983,11062.56
7303,-0.0246,1,1,-4.4916,3.5522,0.25,0.0311,11062.59
7304,-4.4491,50,0,-4.4833,3.5514,0.25,1.5395,11064.13
7305,-3.4962,50,0,-4.4639,3.5514,0.25,1.3273,11065.46
7306,-3.7528,50,0,-4.4353,3.5454,0.25,1.2981,11066.76
7307,-4.6279,50,0,-4.4306,3.5449,0.25,1.1948,11067.95
7308,-5.1433,50,0,-4.4337,3.5454,0.25,1.1654,11069.12
7309,-6.3631,50,0,-4.497,3.5227,0.24,1.0928,11070.21
7310,-2.9849,50,0,-4.3913,3.4059,0.24,1.124,11071.34
7311,-5.1077,50,0,-4.3959,3.4066,0.24,1.1283,11072.46
7312,-0.0448,1,1,-4.3443,3.4329,0.25,0.023,11072.49
7313,-5.363,50,0,-4.3975,3.407,0.24,1.1119,11073.6
7314,-15.5061,50,0,-4.552,3.5537,0.23,1.1209,11074.72
7315,-5.1135,50,0,-4.5378,3.5486,0.23,1.1131,11075.83
7316,-3.6791,50,0,-4.5744,3.5205,0.22,1.1303,11076.96
7317,-3.0633,50,0,-4.6049,3.494,0.21,1.1288,11078.09
7318,-5.6538,50,0,-4.5886,3.4853,0.21,1.1645,11079.26
7319,-6.3309,50,0,-4.6053,3.4896,0.21,1.2175,11080.47
7320,-5.7303,50,0,-4.6345,3.4866,0.21,1.2695,11081.74
7321,-5.7137,50,0,-4.6555,3.4868,0.21,1.2665,11083.01
7322,-5.6858,50,0,-4.7122,3.4568,0.2,1.234,11084.24
7323,-3.5975,50,0,-4.748,3.4264,0.19,1.2657,11085.51
7324,-7.1527,50,0,-4.7596,3.4326,0.19,1.3645,11086.88
7325,-4.8212,50,0,-4.7363,3.4242,0.19,1.2494,11088.12
7326,-0.007,1,1,-4.6554,3.4393,0.2,0.0207,11088.15
7327,-4.2037,50,0,-4.6872,3.4202,0.19,1.3048,11089.45
7328,-4.7137,50,0,-4.6839,3.42,0.19,1.1843,11090.63
7329,-4.7615,50,0,-4.6663,3.415,0.19,1.1317,11091.77
7330,-4.3895,50,0,-4.6694,3.4147,0.19,1.3827,11093.15
7331,-5.689,50,0,-4.6744,3.4158,0.19,1.3179,11094.47
7332,-5.6441,50,0,-4.6944,3.4155,0.19,1.2307,11095.7
7333,-5.8985,50,0,-4.753,3.3854,0.18,1.3393,11097.04
7334,-21.685,50,0,-4.9397,3.7766,0.18,1.2715,11098.31
7335,-4.0377,50,0,-4.9797,3.7456,0.17,1.2576,11099.57
7336,-6.1631,50,0,-4.8918,3.6114,0.17,1.1903,11100.76
7337,-4.0605,50,0,-4.8759,3.6115,0.17,1.2003,11101.96
7338,-5.5241,50,0,-4.9308,3.579,0.16,1.1432,11103.1
7339,-0.0418,1,1,-4.8692,3.6095,0.17,0.0223,11103.12
7340,-5.2951,50,0,-4.8834,3.6084,0.17,1.222,11104.34
7341,-0.0338,1,1,-4.8405,3.6401,0.18,0.0336,11104.38
7342,-5.5051,50,0,-4.8305,3.6369,0.18,1.378,11105.76
7343,-3.3113,50,0,-4.8631,3.6084,0.17,1.3554,11107.11
7344,-5.9823,50,0,-4.8754,3.6101,0.17,1.5807,11108.69
7345,-5.1891,50,0,-4.8343,3.5828,0.17,1.2078,11109.9
7346,-6.7155,50,0,-4.822,3.5741,0.17,1.2291,11111.13
7347,-2.9427,50,0,-4.8026,3.579,0.17,1.3331,11112.46
7348,-3.8649,50,0,-4.8408,3.5482,0.16,1.3581,11113.82
7349,-6.249,50,0,-4.8368,3.5464,0.16,1.198,11115.02
7350,-4.891,50,0,-4.8497,3.5442,0.16,1.2145,11116.23
7351,-4.8765,50,0,-4.8672,3.5399,0.16,1.1724,11117.4
7352,-5.9174,50,0,-4.9199,3.5159,0.15,1.2172,11118.62
7353,-0.9503,11,1,-4.8827,3.5379,0.16,0.3041,11118.93
7354,-3.1134,50,0,-4.9134,3.509,0.15,1.5207,11120.45
7355,-4.1358,50,0,-4.9047,3.5098,0.15,1.5989,11122.05
7356,-3.4913,50,0,-4.9073,3.5087,0.15,1.6742,11123.72
7357,-4.364,50,0,-4.9085,3.5085,0.15,1.6159,11125.34
7358,-6.0442,50,0,-4.9211,3.5103,0.15,1.2885,11126.62
7359,-6.5419,50,0,-4.9131,3.5056,0.15,1.2887,11127.91
7360,-2.9907,50,0,-4.8396,3.4679,0.15,1.326,11129.24
7361,-4.8828,50,0,-4.8881,3.4341,0.14,1.2525,11130.49
7362,-5.4139,50,0,-4.9377,3.4054,0.13,1.2565,11131.75
7363,-2.9675,50,0,-4.9407,3.4035,0.13,1.2813,11133.03
7364,-7.5528,50,0,-5.0158,3.3773,0.12,1.2588,11134.29
7365,-5.177,50,0,-5.0287,3.3755,0.12,1.5315,11135.82
7366,-0.0227,1,1,-4.9631,3.4082,0.13,0.0345,11135.85
7367,-4.6323,50,0,-4.9441,3.4047,0.13,1.5971,11137.45
7368,-3.8848,50,0,-4.955,3.3996,0.13,1.4921,11138.94
7369,-8.0507,50,0,-4.9807,3.4132,0.13,1.5186,11140.46
7370,-4.7523,50,0,-5.0278,3.377,0.12,1.8641,11142.33
7371,-5.8672,50,0,-5.0216,3.3749,0.12,1.5242,11143.85
7372,-3.8768,50,0,-5.0328,3.3692,0.12,1.5347,11145.38
7373,-1.3619,13,1,-5.0051,3.3878,0.13,0.4417,11145.83
7374,-0.0433,1,1,-4.9545,3.4236,0.14,0.0372,11145.86
7375,-6.3113,50,0,-4.9679,3.4262,0.14,1.4763,11147.34
7376,-5.0569,50,0,-5.0066,3.405,0.13,1.6298,11148.97
7377,-3.5881,50,0,-4.9872,3.4075,0.13,1.4513,11150.42
7378,-4.8705,50,0,-4.8224,2.9842,0.13,1.8895,11152.31
7379,-5.6211,50,0,-4.8446,2.9818,0.13,1.6854,11154.0
7380,-5.8793,50,0,-4.8339,2.9761,0.13,1.4771,11155.47
7381,-2.9331,50,0,-4.8477,2.964,0.12,1.4373,11156.91
7382,-0.5084,8,1,-4.7933,2.9931,0.13,0.2521,11157.16
7383,-0.0235,1,1,-4.7932,2.9933,0.13,0.0347,11157.2
7384,-8.5087,50,0,-4.8368,3.0153,0.13,1.4258,11158.62
7385,-2.763,50,0,-4.7966,3.0159,0.13,1.5161,11160.14
7386,-0.0495,1,1,-4.7523,3.0525,0.14,0.026,11160.16
7387,-4.3479,50,0,-4.748,3.0528,0.14,1.4394,11161.6
7388,-8.0123,50,0,-4.786,3.0695,0.14,1.5144,11163.12
7389,-5.9949,50,0,-4.7144,2.9547,0.14,1.3045,11164.42
7390,-6.0089,50,0,-4.7232,2.9573,0.14,3.1178,11167.54
7391,-0.0265,1,1,-4.6409,2.9722,0.15,0.033,11167.57
7392,-0.0495,1,1,-4.594,3.0071,0.16,0.0286,11167.6
7393,-0.0308,1,1,-4.5374,3.039,0.17,0.0303,11167.63
7394,-5.0256,50,0,-4.5828,3.0118,0.16,1.3739,11169.01
7395,-7.4919,50,0,-4.6576,2.9902,0.15,1.3442,11170.35
7396,-7.9165,50,0,-4.6416,2.9683,0.15,1.2463,11171.6
7397,-0.0216,1,1,-4.6005,3.0033,0.16,0.0268,11171.62
7398,-4.0966,50,0,-4.5493,2.9676,0.16,1.401,11173.02
7399,-4.7648,50,0,-4.5454,2.9671,0.16,1.3277,11174.35
7400,-9.3744,50,0,-4.5973,3.0055,0.16,1.39,11175.74
7401,-6.9163,50,0,-4.6284,3.0132,0.16,1.3309,11177.07
7402,-0.0406,1,1,-4.5735,3.0461,0.17,0.0268,11177.1
7403,-5.5696,50,0,-4.6289,3.0131,0.16,1.4166,11178.52
7404,-6.0604,50,0,-4.645,3.0164,0.16,1.3427,11179.86
7405,-0.0396,1,1,-4.6105,3.049,0.17,0.0482,11179.91
7406,-7.5856,50,0,-4.6488,3.062,0.17,1.3682,11181.28
7407,-6.9844,50,0,-4.6724,3.0708,0.17,1.3301,11182.61
7408,-3.3163,50,0,-4.6541,3.0734,0.17,1.4008,11184.01
7409,-4.3286,50,0,-4.6338,3.0687,0.17,1.2784,11185.29
7410,-5.1661,50,0,-4.6556,3.0647,0.17,1.2477,11186.53
7411,-0.4872,9,1,-4.6094,3.0922,0.18,0.231,11186.76
7412,-5.8978,50,0,-4.6679,3.0605,0.17,1.1872,11187.95
7413,-0.0306,1,1,-4.6146,3.0942,0.18,0.0234,11187.97
7414,-6.0133,50,0,-4.5196,2.898,0.18,1.1992,11189.17
7415,-4.2999,50,0,-4.5115,2.8975,0.18,1.1921,11190.37
7416,-2.9665,50,0,-4.5044,2.9004,0.18,1.453,11191.82
7417,-0.0424,1,1,-4.4742,2.9308,0.19,0.0317,11191.85
7418,-3.7061,50,0,-4.4547,2.9294,0.19,1.3513,11193.2
7419,-4.1208,50,0,-4.4326,2.9235,0.19,1.5072,11194.71
7420,-4.8613,50,0,-4.4239,2.9209,0.19,1.15,11195.86
7421,-0.0375,1,1,-4.3671,2.9503,0.2,0.0277,11195.89
7422,-0.0261,1,1,-4.3105,2.9786,0.21,0.0227,11195.91
7423,-5.0547,50,0,-4.3251,2.9786,0.21,1.2404,11197.15
7424,-4.3259,50,0,-4.2968,2.965,0.21,1.1245,11198.27
7425,-3.5655,50,0,-4.2843,2.9654,0.21,1.1564,11199.43
7426,-8.2138,50,0,-4.3664,2.9595,0.2,1.2379,11200.67
7427,-4.7983,50,0,-4.3723,2.9597,0.2,1.3163,11201.99
7428,-5.5614,50,0,-4.3808,2.9619,0.2,1.2651,11203.25
7429,-5.7136,50,0,-4.3903,2.9647,0.2,1.2291,11204.48
7430,-3.4174,50,0,-4.3806,2.9662,0.2,1.362,11205.84
7431,-3.9728,50,0,-4.3634,2.9636,0.2,1.1843,11207.03
7432,-6.0679,50,0,-4.3677,2.9657,0.2,1.3137,11208.34
7433,-4.1618,50,0,-4.3503,2.9618,0.2,1.1468,11209.49
7434,-5.7104,50,0,-4.1905,2.4001,0.2,1.2963,11210.78
7435,-5.1842,50,0,-4.202,2.402,0.2,1.3558,11212.14
7436,-4.1229,50,0,-4.1816,2.3939,0.2,1.2629,11213.4
7437,-3.6174,44,1,-4.1772,2.3946,0.21,1.0685,11214.47
7438,-6.4125,50,0,-4.1861,2.4012,0.21,1.1646,11215.63
7439,-5.8603,50,0,-4.2442,2.3704,0.2,1.2769,11216.91
7440,-3.9666,50,0,-4.231,2.3682,0.2,1.3268,11218.24
7441,-3.5048,50,0,-4.2657,2.3315,0.19,1.5122,11219.75
7442,-6.4993,50,0,-4.2756,2.3389,0.19,1.6911,11221.44
7443,-0.0225,1,1,-4.2427,2.3751,0.2,0.0378,11221.48
7444,-0.0338,1,1,-4.1832,2.4051,0.21,0.042,11221.52
7445,-0.0412,1,1,-4.1318,2.4379,0.22,0.0388,11221.56
7446,-6.1287,50,0,-4.1259,2.4323,0.22,1.7577,11223.32
7447,-4.6904,50,0,-4.1434,2.43,0.22,1.6736,11224.99
7448,-3.9074,50,0,-4.1438,2.43,0.22,1.3739,11226.37
7449,-7.8682,50,0,-4.16,2.4493,0.22,1.3943,11227.76
7450,-4.3723,50,0,-4.1548,2.4483,0.22,1.4109,11229.17
7451,-0.0381,1,1,-4.1064,2.4811,0.23,0.0338,11229.2
7452,-0.0485,1,1,-4.0477,2.5069,0.24,0.0304,11229.23
7453,-4.2601,50,0,-4.0808,2.4875,0.23,1.8559,11231.09
7454,-4.9592,50,0,-4.0993,2.4871,0.23,1.7464,11232.84
7455,-5.0275,50,0,-4.1082,2.4889,0.23,1.4714,11234.31
7456,-4.8511,50,0,-4.1218,2.4892,0.23,1.4997,11235.81
7457,-4.465,50,0,-4.1228,2.4893,0.23,1.4286,11237.24
7458,-3.8514,50,0,-4.1009,2.4819,0.23,1.5603,11238.8
7459,-0.0271,1,1,-4.0357,2.5024,0.24,0.0245,11238.82
7460,-5.4228,50,0,-4.0601,2.5039,0.24,1.5716,11240.39
7461,-4.0589,50,0,-4.0518,2.5026,0.24,1.3628,11241.76
7462,-0.0171,1,1,-3.9978,2.5307,0.25,0.0415,11241.8
7463,-5.4692,50,0,-4.0229,2.5327,0.25,1.3037,11243.1
7464,-6.6031,50,0,-4.0134,2.5212,0.25,1.2042,11244.31
7465,-6.2502,50,0,-4.0241,2.5284,0.25,1.4733,11245.78
7466,-2.9179,50,0,-4.0531,2.4988,0.24,1.5646,11247.34
7467,-4.1614,50,0,-4.0483,2.4982,0.24,1.5946,11248.94
7468,-4.4998,50,0,-4.0545,2.4985,0.24,1.3216,11250.26
7469,-4.9801,50,0,-4.0238,2.4679,0.24,1.3048,11251.56
7470,-4.1288,50,0,-4.0176,2.4668,0.24,1.2625,11252.83
7471,-3.8747,50,0,-3.9976,2.4599,0.24,1.1252,11253.95
7472,-5.2208,50,0,-4.0111,2.4628,0.24,1.4634,11255.42
7473,-3.9089,50,0,-4.0365,2.4484,0.23,1.5429,11256.96
7474,-3.4476,50,0,-4.0706,2.4161,0.22,1.4014,11258.36
7475,-0.01,1,1,-4.0076,2.4389,0.23,0.0202,11258.38
7476,-3.7411,50,0,-3.9944,2.4368,0.23,1.2115,11259.59
7477,-2.8291,50,0,-3.9868,2.4392,0.23,1.3113,11260.9
7478,-0.0411,1,1,-3.9385,2.4689,0.24,0.0247,11260.93
7479,-4.923,50,0,-3.9315,2.4651,0.24,1.6309,11262.56
7480,-4.1615,50,0,-3.9144,2.4574,0.24,1.308,11263.87
7481,-3.2564,50,0,-3.9176,2.4563,0.24,1.3158,11265.18
7482,-7.0041,50,0,-3.9826,2.4512,0.23,1.1445,11266.33
7483,-3.5987,50,0,-4.0183,2.4191,0.22,1.1702,11267.5
7484,-0.0439,1,1,-3.9337,2.4085,0.23,0.0233,11267.52
7485,-4.6232,50,0,-3.9523,2.4066,0.23,1.1529,11268.67
7486,-4.2159,50,0,-3.9939,2.3745,0.22,1.1163,11269.79
7487,-4.7208,50,0,-3.9977,2.3754,0.22,1.1749,11270.96
7488,-8.5107,50,0,-4.0026,2.3843,0.22,1.1904,11272.15
7489,-2.5141,35,1,-3.9678,2.3804,0.23,0.7777,11272.93
7490,-0.0139,1,1,-3.9079,2.4036,0.24,0.0232,11272.96
7491,-0.0267,1,1,-3.9079,2.4036,0.24,0.0245,11272.98
7492,-5.8424,50,0,-3.9658,2.3796,0.23,1.1366,11274.12
7493,-7.1802,50,0,-4.0373,2.3677,0.22,1.1771,11275.29
7494,-1.3229,17,1,-4.0003,2.3808,0.23,0.3745,11275.67
7495,-7.9435,50,0,-4.0048,2.3879,0.23,1.1571,11276.83
7496,-4.915,50,0,-3.9748,2.3572,0.23,1.1826,11278.01
7497,-4.4311,50,0,-4.0189,2.3238,0.22,1.4027,11279.41
7498,-4.4018,50,0,-4.0219,2.3241,0.22,1.6589,11281.07
7499,-5.3859,50,0,-4.0281,2.3269,0.22,1.6251,11282.69
7500,-2.9762,50,0,-3.9642,2.2662,0.22,1.2796,11283.97
7501,-3.8067,50,0,-3.9331,2.2467,0.22,1.5686,11285.54
7502,-6.3051,50,0,-3.9957,2.2246,0.21,1.4583,11287.0
7503,-5.788,50,0,-3.9979,2.2262,0.21,1.3904,11288.39
7504,-7.766,50,0,-4.0149,2.2484,0.21,1.356,11289.75
7505,-4.8666,50,0,-4.0632,2.2141,0.2,1.3173,11291.06
7506,-3.0202,50,0,-4.0176,2.1879,0.2,1.5056,11292.57
7507,-4.9824,50,0,-3.9975,2.1697,0.2,1.4294,11294.0
7508,-0.0479,1,1,-3.9649,2.2041,0.21,0.0272,11294.03
7509,-7.343,50,0,-3.995,2.2293,0.21,1.4184,11295.45
7510,-8.8096,50,0,-4.0314,2.2774,0.21,1.2871,11296.73
7511,-0.0355,1,1,-4.0269,2.2849,0.21,0.0329,11296.77
7512,-5.4739,50,0,-4.0227,2.2818,0.21,1.2173,11297.98
7513,-6.1591,50,0,-4.084,2.2559,0.2,1.2984,11299.28
7514,-5.1783,50,0,-4.0756,2.2503,0.2,1.2194,11300.5
7515,-1.3981,21,1,-4.0466,2.2659,0.21,0.5138,11301.01
7516,-0.0297,1,1,-4.0172,2.2985,0.22,0.0257,11301.04
7517,-6.1571,50,0,-4.0784,2.2731,0.21,1.2179,11302.26
7518,-3.2511,50,0,-4.0738,2.2743,0.21,1.3896,11303.65
7519,-4.0747,50,0,-4.0734,2.2743,0.21,1.329,11304.98
7520,-5.4334,50,0,-4.0791,2.277,0.21,1.7181,11306.69
7521,-5.3678,50,0,-4.1324,2.2439,0.2,1.4741,11308.17
7522,-4.6291,50,0,-4.1784,2.2061,0.19,1.405,11309.57
7523,-2.9591,50,0,-4.1575,2.2076,0.19,1.3379,11310.91
7524,-0.0443,1,1,-4.1146,2.2451,0.2,0.0251,11310.94
7525,-4.1424,50,0,-4.1204,2.2445,0.2,1.3413,11312.28
7526,-7.473,50,0,-4.113,2.2321,0.2,1.1978,11313.48
7527,-4.2142,50,0,-4.1072,2.2311,0.2,1.2641,11314.74
7528,-5.4464,50,0,-4.106,2.2304,0.2,1.8952,11316.64
7529,-4.6132,50,0,-4.095,2.2251,0.2,1.6935,11318.33
7530,-5.8871,50,0,-4.1197,2.2312,0.2,1.3338,11319.66
7531,-5.85,50,0,-4.1385,2.2377,0.2,1.2766,11320.94
7532,-0.03,1,1,-4.0781,2.2661,0.21,0.0271,11320.97
7533,-0.0411,1,1,-4.0369,2.3014,0.22,0.0291,11321.0
7534,-0.0222,1,1,-3.98,2.3295,0.23,0.0238,11321.02
7535,-7.6256,50,0,-4.0044,2.3546,0.23,1.2513,11322.27
7536,-0.048,1,1,-3.9637,2.3873,0.24,0.0238,11322.29
7537,-5.7026,50,0,-3.9845,2.3932,0.23,1.3406,11323.63
7538,-0.0401,1,1,-3.9208,2.4125,0.24,0.0295,11323.66
7539,-1.6183,19,1,-3.8784,2.4153,0.25,0.5374,11324.2
7540,-5.5585,50,0,-3.8943,2.4211,0.25,1.4057,11325.61
7541,-2.8029,26,1,-3.8873,2.4232,0.26,0.6803,11326.29
7542,-0.0318,1,1,-3.8226,2.4389,0.27,0.0246,11326.31
7543,-5.7144,50,0,-3.8795,2.4159,0.26,1.3188,11327.63
7544,-4.5182,50,0,-3.9244,2.3855,0.25,1.2184,11328.85
7545,-7.318,50,0,-3.9971,2.3769,0.24,1.3528,11330.2
7546,-6.0033,50,0,-3.9959,2.3758,0.24,1.301,11331.5
7547,-3.5459,50,0,-3.9844,2.3752,0.24,1.3607,11332.86
7548,-4.3538,50,0,-3.9889,2.3755,0.24,1.4033,11334.27
7549,-0.0292,1,1,-3.9105,2.3755,0.25,0.0289,11334.3
7550,-0.0218,1,1,-3.867,2.4063,0.26,0.0379,11334.33
7551,-3.7843,50,0,-3.9045,2.3753,0.25,1.4811,11335.82
7552,-2.8096,50,0,-3.9321,2.3462,0.24,1.4284,11337.24
7553,-0.0309,1,1,-3.8898,2.3778,0.25,0.037,11337.28
7554,-5.1924,50,0,-3.8921,2.379,0.25,1.5218,11338.8
7555,-0.0325,1,1,-3.8422,2.4069,0.26,0.0238,11338.83
7556,-4.3083,50,0,-3.8367,2.4052,0.26,1.2971,11340.12
7557,-4.3248,50,0,-3.8353,2.4049,0.26,1.3043,11341.43
7558,-3.2811,50,0,-3.8296,2.4055,0.26,1.4257,11342.85
7559,-4.3893,50,0,-3.8733,2.3756,0.25,1.3697,11344.22
7560,-4.9261,50,0,-3.8683,2.3728,0.25,1.3167,11345.54
7561,-6.075,50,0,-3.8885,2.3829,0.25,1.3511,11346.89
7562,-6.4929,50,0,-3.9532,2.3648,0.24,1.2751,11348.17
7563,-5.9864,50,0,-3.9584,2.3686,0.24,1.2777,11349.44
7564,-0.0416,1,1,-3.8928,2.3853,0.25,0.023,11349.47
7565,-3.7389,50,0,-3.8677,2.3735,0.25,1.281,11350.75
7566,-6.6678,50,0,-3.9052,2.3878,0.25,1.3105,11352.06
7567,-8.6769,50,0,-3.9503,2.4344,0.25,1.2741,11353.33
7568,-4.1504,50,0,-3.9468,2.4339,0.25,1.377,11354.71
7569,-3.9436,50,0,-3.9365,2.4317,0.25,1.3225,11356.03
7570,-5.9509,50,0,-3.9547,2.4399,0.25,1.2852,11357.32
7571,-3.6379,50,0,-3.9523,2.4401,0.25,1.2541,11358.57
7572,-0.0421,1,1,-3.9005,2.4674,0.26,0.0229,11358.59
7573,-4.0048,50,0,-3.9015,2.4674,0.26,1.1463,11359.74
7574,-2.5808,26,1,-3.8928,2.4705,0.27,0.5844,11360.32
7575,-0.0209,1,1,-3.8929,2.4704,0.27,0.0207,11360.35
7576,-3.7042,50,0,-3.8926,2.4704,0.27,1.2428,11361.59
7577,-3.2854,50,0,-3.8971,2.4688,0.27,1.244,11362.83
7578,-0.0435,1,1,-3.8971,2.4688,0.27,0.0228,11362.85
7579,-2.9814,50,0,-3.8777,2.4683,0.27,1.3261,11364.18
7580,-8.969,50,0,-3.9258,2.5196,0.27,1.3932,11365.57
7581,-3.7097,50,0,-3.9303,2.5188,0.27,1.3732,11366.95
7582,-3.6936,50,0,-3.8972,2.4999,0.27,1.3031,11368.25
7583,-3.8421,50,0,-3.8997,2.4997,0.27,1.2843,11369.53
7584,-5.7284,50,0,-3.9565,2.4759,0.26,1.4928,11371.03
7585,-0.0093,1,1,-3.9104,2.5059,0.27,0.0337,11371.06
7586,-4.3056,49,1,-3.9113,2.506,0.28,1.5967,11372.66
7587,-3.7343,50,0,-3.9014,2.5047,0.28,1.534,11374.19
7588,-6.544,50,0,-3.8817,2.476,0.28,1.4121,11375.6
7589,-0.0066,1,1,-3.8567,2.5023,0.28,0.0357,11375.64
7590,-3.8575,50,0,-3.8951,2.4723,0.27,1.4228,11377.06
7591,-5.2595,50,0,-3.9474,2.4451,0.26,1.3737,11378.44
7592,-7.1302,50,0,-3.9603,2.4584,0.26,1.227,11379.66
7593,-0.6745,9,1,-3.8952,2.4584,0.27,0.2342,11379.9
7594,-6.502,50,0,-3.947,2.4582,0.26,1.2709,11381.17
7595,-7.5828,50,0,-3.9434,2.4526,0.26,1.2664,11382.43
7596,-4.4668,50,0,-3.9389,2.4513,0.26,1.2962,11383.73
7597,-4.7853,50,0,-3.9425,2.4522,0.26,1.2902,11385.02
7598,-4.2418,50,0,-3.9409,2.452,0.26,1.2158,11386.24
7599,-7.0038,50,0,-3.9571,2.4668,0.26,1.2394,11387.48
7600,-2.8781,50,0,-3.9561,2.4672,0.26,1.287,11388.76
7601,-5.6271,50,0,-3.9743,2.4727,0.26,1.2825,11390.05
7602,-5.7847,50,0,-3.9691,2.4683,0.26,1.2969,11391.34
7603,-5.452,50,0,-3.9657,2.4661,0.26,1.3132,11392.66
7604,-4.2408,50,0,-3.9305,2.4365,0.26,1.3735,11394.03
7605,-1.4361,16,1,-3.8962,2.4472,0.27,0.5209,11394.55
7606,-3.494,50,0,-3.9009,2.446,0.27,1.4342,11395.98
7607,-4.8549,50,0,-3.8996,2.4455,0.27,1.4933,11397.48
7608,-4.8973,50,0,-3.9481,2.4165,0.26,1.3244,11398.8
7609,-3.6209,50,0,-3.9109,2.3925,0.26,1.2682,11400.07
7610,-4.4138,50,0,-3.8669,2.3419,0.26,1.3715,11401.44
7611,-3.165,50,0,-3.8982,2.3112,0.25,1.324,11402.77
7612,-0.3555,7,1,-3.8471,2.3323,0.26,0.1849,11402.95
7613,-5.3268,50,0,-3.8387,2.3255,0.26,1.3347,11404.29
7614,-0.05,1,1,-3.7875,2.3518,0.27,0.0231,11404.31
7615,-3.1978,50,0,-3.8054,2.3403,0.26,1.2303,11405.54
7616,-3.9978,50,0,-3.8451,2.3094,0.25,1.4003,11406.94
7617,-3.5673,50,0,-3.8192,2.2978,0.25,1.4297,11408.37
7618,-6.6551,50,0,-3.8533,2.3143,0.25,1.4581,11409.83
7619,-7.9358,50,0,-3.8919,2.3496,0.25,1.3182,11411.15
7620,-6.4222,50,0,-3.9018,2.3582,0.25,1.284,11412.43
7621,-5.2057,50,0,-3.9001,2.3572,0.25,1.2589,11413.69
7622,-2.9694,50,0,-3.8836,2.3579,0.25,1.2344,11414.92
7623,-3.0466,50,0,-3.8844,2.3575,0.25,1.4022,11416.32
7624,-4.894,50,0,-3.9329,2.3277,0.24,1.3528,11417.68
7625,-4.4329,50,0,-3.9358,2.3282,0.24,1.4046,11419.08
7626,-0.0323,1,1,-3.8614,2.3328,0.25,0.0279,11419.11
7627,-2.9681,50,0,-3.849,2.3343,0.25,1.248,11420.36
7628,-6.9042,50,0,-3.8635,2.3487,0.25,1.2709,11421.63
7629,-4.6963,50,0,-3.8644,2.349,0.25,1.2829,11422.91
7630,-8.3285,50,0,-3.8888,2.3823,0.25,1.1734,11424.09
7631,-7.3762,50,0,-3.904,2.3997,0.25,1.1644,11425.25
7632,-6.1047,50,0,-3.9648,2.3776,0.24,1.2515,11426.5
7633,-0.0184,1,1,-3.9646,2.378,0.24,0.0255,11426.53
7634,-6.7476,50,0,-4.0318,2.3606,0.23,1.2822,11427.81
7635,-5.8355,50,0,-4.0139,2.34,0.23,1.2748,11429.08
7636,-0.0309,1,1,-4.0137,2.3402,0.23,0.0221,11429.11
7637,-5.9313,50,0,-4.016,2.342,0.23,1.291,11430.4
7638,-0.5717,9,1,-4.0213,2.3336,0.23,0.2121,11430.61
7639,-0.8861,12,1,-4.014,2.3422,0.23,0.3068,11430.92
7640,-7.4112,50,0,-4.0326,2.3616,0.23,1.2355,11432.15
7641,-4.6292,50,0,-4.0508,2.3591,0.22,1.2388,11433.39
7642,-4.2955,50,0,-4.0935,2.3243,0.21,1.2441,11434.63
7643,-2.9844,50,0,-4.0662,2.3212,0.21,1.9118,11436.55
7644,-5.5809,50,0,-4.0768,2.3256,0.21,1.5419,11438.09
7645,-4.9937,50,0,-4.0535,2.3047,0.21,1.3824,11439.47
7646,-3.362,50,0,-4.0271,2.2973,0.21,1.3528,11440.82
7647,-6.6961,50,0,-4.0586,2.312,0.21,1.2479,11442.07
7648,-3.7655,50,0,-4.0527,2.312,0.21,1.2969,11443.37
7649,-0.0428,1,1,-4.0529,2.3118,0.21,0.0261,11443.39
7650,-2.7523,50,0,-4.0802,2.2799,0.2,1.2913,11444.69
7651,-0.0196,1,1,-4.0425,2.3153,0.21,0.0226,11444.71
7652,-5.4447,50,0,-4.0689,2.3161,0.21,1.28,11445.99
7653,-5.3501,50,0,-4.1221,2.2836,0.2,1.3206,11447.31
7654,-0.645,8,1,-4.0766,2.307,0.21,0.1983,11447.51
7655,-0.0379,1,1,-4.0767,2.3069,0.21,0.0259,11447.53
7656,-0.0199,1,1,-4.0338,2.3418,0.22,0.0311,11447.56
7657,-4.5058,50,0,-4.0356,2.3421,0.22,1.3057,11448.87
7658,-4.9253,50,0,-4.052,2.3425,0.22,1.3819,11450.25
7659,-5.8241,50,0,-4.0664,2.3489,0.22,1.2887,11451.54
7660,-0.031,1,1,-4.0174,2.3813,0.23,0.0245,11451.56
7661,-0.0303,1,1,-3.957,2.4049,0.24,0.0269,11451.59
7662,-3.754,50,0,-3.9296,2.3914,0.24,1.3605,11452.95
7663,-6.6663,50,0,-3.9364,2.3982,0.24,1.5159,11454.47
7664,-0.0449,1,1,-3.9364,2.3981,0.24,0.0315,11454.5
7665,-3.1773,50,0,-3.9308,2.3993,0.24,1.5182,11456.02
7666,-0.0436,1,1,-3.8646,2.4142,0.25,0.027,11456.04
7667,-0.0177,1,1,-3.778,2.3952,0.26,0.0212,11456.07
7668,-4.6019,50,0,-3.7825,2.3964,0.26,1.2158,11457.28
7669,-3.9125,50,0,-3.7822,2.3963,0.26,1.2845,11458.57
7670,-5.4183,50,0,-3.7768,2.3921,0.26,1.4842,11460.05
7671,-0.0327,1,1,-3.7408,2.4209,0.27,0.0251,11460.08
7672,-0.8486,10,1,-3.7489,2.4099,0.27,0.2902,11460.37
7673,-3.9981,50,0,-3.7488,2.4099,0.27,1.4181,11461.78
7674,-5.1001,50,0,-3.774,2.4107,0.26,1.2895,11463.07
7675,-4.2181,50,0,-3.816,2.3814,0.25,1.4268,11464.5
7676,-0.7391,10,1,-3.7863,2.401,0.26,0.2833,11464.78
7677,-5.4058,50,0,-3.8075,2.4058,0.26,1.4209,11466.2
7678,-4.3357,50,0,-3.8504,2.3764,0.25,1.286,11467.49
7679,-0.0419,1,1,-3.821,2.4049,0.26,0.022,11467.51
7680,-6.6485,50,0,-3.7978,2.366,0.26,1.27,11468.78
7681,-0.5668,9,1,-3.7664,2.3878,0.27,0.246,11469.03
7682,-0.0472,1,1,-3.7299,2.4163,0.28,0.0236,11469.05
7683,-4.745,50,0,-3.739,2.4184,0.28,1.3444,11470.4
7684,-3.3312,50,0,-3.715,2.4104,0.28,1.283,11471.68
7685,-0.0484,1,1,-3.7154,2.4098,0.28,0.0269,11471.71
7686,-0.0438,1,1,-3.6728,2.4365,0.28,0.0198,11471.73
7687,-4.7396,50,0,-3.6828,2.4388,0.28,1.397,11473.12
7688,-3.4467,50,0,-3.6519,2.4219,0.28,1.387,11474.51
7689,-3.5069,50,0,-3.6869,2.3941,0.27,1.4212,11475.93
7690,-4.1443,50,0,-3.6897,2.3945,0.27,1.4208,11477.35
7691,-3.3566,50,0,-3.6707,2.3895,0.27,1.4324,11478.78
7692,-0.042,1,1,-3.5998,2.3909,0.28,0.0303,11478.81
7693,-5.1859,50,0,-3.6449,2.3778,0.27,1.3649,11480.18
7694,-3.891,50,0,-3.6188,2.3606,0.27,1.3307,11481.51
7695,-5.3313,50,0,-3.5963,2.3333,0.27,1.2578,11482.77
7696,-2.5647,50,0,-3.5773,2.3338,0.27,1.1709,11483.94
7697,-0.7368,12,1,-3.5368,2.3476,0.28,0.309,11484.25
7698,-3.39,50,0,-3.5283,2.3466,0.28,1.4658,11485.71
7699,-3.865,50,0,-3.4969,2.3207,0.28,1.3846,11487.1
7700,-6.4326,50,0,-3.5324,2.3381,0.28,1.326,11488.42
7701,-4.8115,50,0,-3.5243,2.3322,0.28,1.4335,11489.86
7702,-5.187,50,0,-3.5183,2.3272,0.28,1.3917,11491.25
7703,-1.3894,18,1,-3.4777,2.3285,0.29,0.4698,11491.72
7704,-4.0563,50,0,-3.4758,2.328,0.29,1.3588,11493.08
7705,-4.6575,50,0,-3.508,2.3218,0.28,1.348,11494.43
7706,-4.1655,50,0,-3.5148,2.3228,0.28,1.4359,11495.86
7707,-6.7454,50,0,-3.5337,2.3412,0.28,1.3647,11497.23
7708,-3.5532,50,0,-3.5202,2.3372,0.28,1.322,11498.55
7709,-4.5371,50,0,-3.5294,2.3394,0.28,1.3367,11499.89
7710,-4.049,50,0,-3.5257,2.3383,0.28,1.2966,11501.18
7711,-3.1614,50,0,-3.5257,2.3383,0.28,1.2754,11502.46
7712,-9.3163,50,0,-3.6153,2.3863,0.27,1.3236,11503.78
7713,-6.3467,50,0,-3.6255,2.3957,0.27,1.376,11505.16
7714,-0.0386,1,1,-3.6254,2.3959,0.27,0.0246,11505.18
7715,-0.7827,9,1,-3.6012,2.4122,0.28,0.2178,11505.4
7716,-4.9892,50,0,-3.6112,2.4159,0.28,1.2276,11506.63
7717,-6.1752,50,0,-3.6372,2.4293,0.28,1.4016,11508.03
7718,-0.0477,1,1,-3.5712,2.4361,0.29,0.0334,11508.06
7719,-0.985,13,1,-3.5017,2.4096,0.3,0.4026,11508.46
7720,-4.8571,50,0,-3.486,2.3957,0.3,1.3609,11509.83
7721,-3.9044,50,0,-3.473,2.3898,0.3,1.3223,11511.15
7722,-6.3976,50,0,-3.5073,2.4069,0.3,1.1411,11512.29
7723,-3.0536,34,1,-3.5073,2.4069,0.31,0.765,11513.05
7724,-3.9192,50,0,-3.4976,2.4032,0.31,1.1924,11514.25
7725,-0.0169,1,1,-3.4534,2.4261,0.32,0.0292,11514.28
7726,-6.6894,50,0,-3.52,2.4226,0.31,1.3173,11515.59
7727,-0.8168,11,1,-3.4985,2.4369,0.32,0.3068,11515.9
7728,-0.0477,1,1,-3.4299,2.4366,0.33,0.0292,11515.93
7729,-5.9755,50,0,-3.4427,2.4465,0.33,1.3881,11517.32
7730,-0.0105,1,1,-3.3595,2.4203,0.34,0.0353,11517.35
7731,-5.5501,50,0,-3.3413,2.3967,0.34,1.3317,11518.68
7732,-3.0743,50,0,-3.311,2.3807,0.34,1.3962,11520.08
7733,-0.0385,1,1,-3.3112,2.3804,0.34,0.0306,11520.11
7734,-0.9734,11,1,-3.2534,2.3663,0.35,0.298,11520.41
7735,-0.0166,1,1,-3.1952,2.3736,0.36,0.0273,11520.44
7736,-8.0996,50,0,-3.2759,2.4017,0.35,1.2081,11521.64
7737,-5.3818,50,0,-3.2704,2.3962,0.35,1.3244,11522.97
7738,-4.5101,50,0,-3.3098,2.3839,0.34,1.4091,11524.38
7739,-5.2296,50,0,-3.3533,2.3789,0.33,1.4496,11525.83
7740,-5.5462,50,0,-3.3346,2.3542,0.33,1.4995,11527.33
7741,-20.8536,50,0,-3.4968,2.9271,0.33,1.4663,11528.79
7742,-3.8819,50,0,-3.4927,2.9263,0.33,1.6816,11530.47
7743,-5.1432,50,0,-3.5143,2.9304,0.33,1.6354,11532.11
7744,-0.7035,11,1,-3.4655,2.9362,0.34,0.3358,11532.45
7745,-5.09,50,0,-3.4665,2.9367,0.34,1.4693,11533.92
7746,-2.8011,50,0,-3.4609,2.9375,0.34,1.3324,11535.25
7747,-2.6751,50,0,-3.4207,2.9204,0.34,1.3808,11536.63
7748,-6.0094,50,0,-3.4431,2.9315,0.34,1.2576,11537.89
7749,-2.5676,50,0,-3.4684,2.913,0.33,1.3521,11539.24
7750,-4.0366,50,0,-3.4812,2.9126,0.33,1.4544,11540.69
7751,-4.0378,50,0,-3.5214,2.8922,0.32,1.4122,11542.1
7752,-3.2627,50,0,-3.4996,2.8858,0.32,1.5466,11543.65
7753,-0.8183,11,1,-3.4542,2.892,0.33,0.3797,11544.03
7754,-0.0442,1,1,-3.4482,2.8985,0.33,0.0389,11544.07
7755,-4.5532,50,0,-3.4934,2.8801,0.32,1.3915,11545.46
7756,-4.8019,50,0,-3.5412,2.8617,0.31,1.3469,11546.81
7757,-4.4578,50,0,-3.5407,2.8615,0.31,1.4696,11548.28
7758,-0.568,8,1,-3.4972,2.8732,0.32,0.2381,11548.52
7759,-7.708,50,0,-3.516,2.8945,0.32,1.5031,11550.02
7760,-3.3892,50,0,-3.5496,2.8733,0.31,1.4874,11551.51
7761,-3.6184,50,0,-3.5855,2.8514,0.3,1.5615,11553.07
7762,-3.249,50,0,-3.5804,2.8516,0.3,1.4815,11554.55
7763,-1.5098,17,1,-3.5288,2.8419,0.31,0.5251,11555.07
7764,-2.9868,50,0,-3.5583,2.8209,0.3,1.528,11556.6
7765,-0.0454,1,1,-3.5269,2.8422,0.31,0.0381,11556.64
7766,-3.7717,50,0,-3.5642,2.8207,0.3,1.4698,11558.11
7767,-0.6565,10,1,-3.5706,2.8133,0.3,0.2966,11558.41
7768,-4.9992,50,0,-3.5746,2.8151,0.3,1.64,11560.05
7769,-2.3753,29,1,-3.5592,2.8174,0.31,0.8977,11560.94
7770,-6.1463,50,0,-3.5665,2.8231,0.31,1.4009,11562.35
7771,-4.5094,41,1,-3.6113,2.8021,0.31,1.1546,11563.5
7772,-2.9164,50,0,-3.6319,2.7893,0.3,1.5084,11565.01
7773,-0.0227,1,1,-3.5922,2.812,0.31,0.0307,11565.04
7774,-3.9451,50,0,-3.5806,2.8082,0.31,1.5017,11566.54
7775,-0.6181,8,1,-3.5446,2.8228,0.32,0.2298,11566.77
7776,-0.0193,1,1,-3.5374,2.8308,0.32,0.0277,11566.8
7777,-4.0777,50,0,-3.5242,2.8252,0.32,1.5029,11568.3
7778,-0.5178,8,1,-3.486,2.8397,0.33,0.2384,11568.54
7779,-0.631,12,1,-3.4919,2.8331,0.33,0.3997,11568.94
7780,-0.6409,12,1,-3.4318,2.8293,0.34,0.3774,11569.32
7781,-5.9676,50,0,-3.4858,2.8256,0.33,1.5147,11570.83
7782,-4.8787,50,0,-3.5341,2.8076,0.32,1.4626,11572.29
7783,-5.383,50,0,-3.5405,2.8111,0.32,1.4684,11573.76
7784,-3.9924,50,0,-3.5471,2.8114,0.32,1.4325,11575.2
7785,-2.557,50,0,-3.5722,2.7912,0.31,1.5068,11576.7
7786,-4.4338,50,0,-3.6161,2.7698,0.3,1.4676,11578.17
7787,-5.4332,50,0,-3.623,2.7734,0.3,1.5772,11579.75
7788,-5.5541,50,0,-3.6441,2.78,0.3,1.574,11581.32
7789,-0.0369,1,1,-3.6094,2.8031,0.31,0.0361,11581.36
7790,-3.2129,50,0,-3.6001,2.8028,0.31,1.5416,11582.9
7791,-4.8743,50,0,-3.6153,2.8056,0.31,1.465,11584.36
7792,-3.7315,50,0,-3.6522,2.7825,0.3,1.4672,11585.83
7793,-5.6052,50,0,-3.6564,2.7851,0.3,1.4708,11587.3
7794,-4.6773,50,0,-3.6642,2.7869,0.3,1.5232,11588.82
7795,-3.3092,50,0,-3.644,2.7821,0.3,1.7555,11590.58
7796,-3.9649,50,0,-3.658,2.7801,0.3,1.5545,11592.13
7797,-3.945,50,0,-3.6901,2.7647,0.29,1.4966,11593.63
7798,-4.1146,50,0,-3.6973,2.7648,0.29,1.5055,11595.14
7799,-0.5804,8,1,-3.6645,2.7821,0.3,0.2439,11595.38
7800,-3.1672,50,0,-3.6318,2.7686,0.3,1.4165,11596.8
7801,-3.2007,50,0,-3.6157,2.7663,0.3,1.2572,11598.05
7802,-1.0445,18,1,-3.5743,2.7735,0.31,0.4898,11598.54
7803,-0.0381,1,1,-3.5608,2.7874,0.31,0.0264,11598.57
7804,-4.3586,50,0,-3.5638,2.7881,0.31,1.4206,11599.99
7805,-5.3085,50,0,-3.5703,2.7914,0.31,1.424,11601.42
7806,-0.0266,1,1,-3.5289,2.8128,0.32,0.0279,11601.44
7807,-3.0361,50,0,-3.4918,2.7946,0.32,1.4905,11602.93
7808,-4.6178,50,0,-3.5025,2.7968,0.32,1.615,11604.55
7809,-4.5232,50,0,-3.5023,2.7968,0.32,1.4167,11605.97
7810,-7.1385,50,0,-3.5332,2.8196,0.32,1.4518,11607.42
7811,-0.025,1,1,-3.5019,2.8409,0.33,0.0252,11607.44
7812,-2.0057,36,1,-3.4288,2.7839,0.34,1.0426,11608.49
7813,-4.2128,50,0,-3.4074,2.7696,0.34,1.4846,11609.97
7814,-0.0477,1,1,-3.4075,2.7694,0.34,0.0276,11610.0
7815,-0.0478,1,1,-3.4002,2.7774,0.34,0.0288,11610.03
7816,-3.9047,50,0,-3.3893,2.7732,0.34,1.4697,11611.5
7817,-2.6221,50,0,-3.3538,2.7601,0.34,1.6343,11613.13
7818,-0.6297,9,1,-3.3596,2.7537,0.34,0.2905,11613.42
7819,-0.9879,12,1,-3.3596,2.7537,0.34,0.3525,11613.77
7820,-3.8675,50,0,-3.3497,2.75,0.34,1.5069,11615.28
7821,-5.327,50,0,-3.364,2.7565,0.34,1.4585,11616.74
7822,-3.6359,50,0,-3.3364,2.7398,0.34,1.596,11618.33
7823,-4.2744,50,0,-3.3486,2.7412,0.33,1.5529,11619.89
7824,-5.7973,50,0,-3.3673,2.7515,0.33,1.4245,11621.31
7825,-3.9451,50,0,-3.4066,2.7313,0.32,1.4808,11622.79
7826,-0.7928,9,1,-3.3477,2.7235,0.33,0.2525,11623.05
7827,-4.6303,50,0,-3.3858,2.7145,0.32,1.4115,11624.46
7828,-0.0399,1,1,-3.3857,2.7145,0.32,0.0255,11624.48
7829,-0.0484,1,1,-3.3264,2.7221,0.33,0.0333,11624.52
7830,-9.2292,50,0,-3.4186,2.764,0.32,1.4258,11625.94
7831,-5.3442,50,0,-3.4166,2.7625,0.32,1.5549,11627.5
7832,-3.3917,50,0,-3.4197,2.7622,0.32,1.7417,11629.24
7833,-6.8275,50,0,-3.4876,2.7617,0.31,1.6202,11630.86
7834,-5.7182,50,0,-3.5351,2.7589,0.3,1.4798,11632.34
7835,-3.9143,50,0,-3.5741,2.7364,0.29,1.5351,11633.87
7836,-7.258,50,0,-3.5656,2.7237,0.29,1.6426,11635.52
7837,-4.7937,50,0,-3.5598,2.7204,0.29,1.7764,11637.29
7838,-2.9338,50,0,-3.544,2.7194,0.29,1.4605,11638.75
7839,-3.0939,50,0,-3.5226,2.7145,0.29,1.1738,11639.93
7840,-4.6734,50,0,-3.5139,2.7093,0.29,1.1758,11641.1
7841,-3.6059,50,0,-3.3414,2.0747,0.29,1.4436,11642.55
7842,-0.0299,1,1,-3.3029,2.0999,0.3,0.0255,11642.57
7843,-2.697,50,0,-3.2785,2.0925,0.3,1.5763,11644.15
7844,-5.0186,50,0,-3.3216,2.0835,0.29,1.5271,11645.67
7845,-6.2709,50,0,-3.3334,2.0968,0.29,1.4027,11647.08
7846,-5.3059,50,0,-3.3585,2.1052,0.29,1.3173,11648.39
7847,-3.96,50,0,-3.3713,2.1049,0.29,1.3842,11649.78
7848,-3.9273,50,0,-3.3505,2.0889,0.29,1.5316,11651.31
7849,-5.8865,50,0,-3.3837,2.1026,0.29,1.6493,11652.96
7850,-4.9347,50,0,-3.3927,2.1072,0.29,1.7021,11654.66
7851,-4.8808,50,0,-3.4011,2.1115,0.29,1.4549,11656.12
7852,-4.7663,50,0,-3.4161,2.1158,0.29,1.3852,11657.5
7853,-0.0471,1,1,-3.4084,2.1266,0.29,0.0311,11657.53
7854,-4.4547,50,0,-3.4525,2.102,0.28,1.4673,11659.0
7855,-4.8394,50,0,-3.4554,2.1037,0.28,1.4255,11660.43
7856,-0.644,9,1,-3.4138,2.1177,0.29,0.2564,11660.68
7857,-0.5105,10,1,-3.3743,2.1346,0.3,0.2792,11660.96
7858,-0.0426,1,1,-3.3691,2.1421,0.3,0.0279,11660.99
7859,-6.5243,50,0,-3.3572,2.1213,0.3,1.1767,11662.17
7860,-4.2973,50,0,-3.3663,2.1233,0.3,1.3233,11663.49
7861,-0.4327,7,1,-3.3345,2.1431,0.31,0.1857,11663.67
7862,-6.2985,50,0,-3.365,2.1633,0.31,1.3015,11664.98
7863,-4.2245,50,0,-3.3921,2.1569,0.3,1.6434,11666.62
7864,-4.2424,50,0,-3.4047,2.1581,0.3,1.3296,11667.95
7865,-4.7923,50,0,-3.4521,2.1358,0.29,1.272,11669.22
7866,-4.6702,50,0,-3.4611,2.139,0.29,1.3645,11670.59
7867,-4.9008,50,0,-3.5036,2.125,0.28,1.4218,11672.01
7868,-4.5582,50,0,-3.4991,2.1224,0.28,1.4405,11673.45
7869,-4.317,50,0,-3.5186,2.1209,0.27,1.295,11674.74
7870,-1.0087,15,1,-3.4672,2.1188,0.28,0.3844,11675.13
7871,-4.143,50,0,-3.4635,2.1173,0.27,1.2944,11676.42
7872,-4.6848,50,0,-3.4812,2.1201,0.27,1.2983,11677.72
7873,-0.0476,1,1,-3.4815,2.1197,0.27,0.0356,11677.76
7874,-4.3002,50,0,-3.485,2.1207,0.27,2.6008,11680.36
7875,-9.5334,50,0,-3.5742,2.1848,0.26,3.1792,11683.54
7876,-5.8158,50,0,-3.6321,2.1665,0.25,2.5716,11686.11
7877,-5.107,50,0,-3.6424,2.171,0.25,2.0968,11688.2
7878,-0.373,7,1,-3.641,2.1732,0.25,0.3208,11688.53
7879,-0.0265,1,1,-3.6349,2.1824,0.25,0.0339,11688.56
7880,-3.794,50,0,-3.6665,2.1616,0.24,2.5184,11691.08
7881,-4.3982,50,0,-3.6508,2.1505,0.24,2.6197,11693.7
7882,-5.6291,50,0,-3.6583,2.156,0.24,2.1844,11695.88
7883,-4.9462,50,0,-3.6539,2.153,0.24,1.8232,11697.7
7884,-4.8082,50,0,-3.6621,2.1558,0.24,2.1331,11699.84
7885,-0.0497,1,1,-3.637,2.1829,0.25,0.0519,11699.89
7886,-3.3885,50,0,-3.6265,2.1816,0.25,2.2207,11702.11
7887,-0.0392,1,1,-3.5726,2.2028,0.26,0.0355,11702.15
7888,-5.0,50,0,-3.5671,2.1985,0.26,2.0861,11704.23
7889,-2.8881,50,0,-3.5956,2.1709,0.25,1.9569,11706.19
7890,-0.0329,1,1,-3.5638,2.1993,0.26,0.0415,11706.23
7891,-5.2907,50,0,-3.5679,2.2022,0.26,2.0624,11708.29
7892,-5.1007,50,0,-3.5816,2.2074,0.26,2.2903,11710.58
7893,-4.7273,50,0,-3.5728,2.2011,0.26,2.3879,11712.97
7894,-6.8717,50,0,-3.5948,2.2228,0.26,2.154,11715.12
7895,-0.9712,12,1,-3.5714,2.238,0.27,0.4652,11715.59
7896,-2.5003,50,0,-3.5568,2.2401,0.27,2.0725,11717.66
7897,-3.141,50,0,-3.5487,2.2402,0.27,1.9312,11719.59
7898,-0.0485,1,1,-3.5081,2.2663,0.28,0.0424,11719.64
7899,-4.4807,50,0,-3.5471,2.249,0.27,2.1508,11721.79
7900,-4.0565,50,0,-3.556,2.2493,0.27,2.0658,11723.85
7901,-0.0431,1,1,-3.5244,2.2761,0.28,0.0486,11723.9
7902,-0.0461,1,1,-3.5144,2.2891,0.28,0.0421,11723.94
7903,-5.7865,50,0,-3.5719,2.2732,0.27,1.821,11725.76
7904,-6.3978,50,0,-3.5923,2.2892,0.27,1.9156,11727.68
7905,-5.3016,50,0,-3.5922,2.2892,0.27,1.9395,11729.62
7906,-7.4871,50,0,-3.6668,2.2933,0.26,1.7695,11731.39
7907,-2.913,47,1,-3.6656,2.2937,0.27,1.7005,11733.09
7908,-3.6251,50,0,-3.6556,2.2917,0.27,1.98,11735.07
7909,-0.0295,1,1,-3.6107,2.3181,0.28,0.0494,11735.12
7910,-4.216,50,0,-3.5815,2.2918,0.28,1.8635,11736.98
7911,-0.0433,1,1,-3.5817,2.2915,0.28,0.0351,11737.02
7912,-3.446,50,0,-3.5961,2.286,0.27,1.9157,11738.93
7913,-5.6483,50,0,-3.6104,2.2944,0.27,1.9719,11740.91
7914,-0.6777,12,1,-3.6167,2.2854,0.27,1.5626,11742.47
7915,-1.6437,23,1,-3.6327,2.2659,0.27,0.9308,11743.4
7916,-0.9478,11,1,-3.6031,2.2814,0.28,0.5376,11743.94
7917,-4.9576,50,0,-3.6265,2.2832,0.28,2.1458,11746.08
7918,-4.2834,50,0,-3.663,2.2641,0.27,2.2936,11748.38
7919,-3.3107,50,0,-3.6862,2.2484,0.26,2.603,11750.98
7920,-3.2148,50,0,-3.6797,2.2488,0.26,1.9274,11752.91
7921,-4.5528,50,0,-3.672,2.2445,0.26,1.9602,11754.87
7922,-5.1097,50,0,-3.6867,2.249,0.26,1.8494,11756.72
7923,-0.0428,1,1,-3.6444,2.2772,0.27,0.0425,11756.76
7924,-4.6718,50,0,-3.6331,2.2693,0.27,1.8646,11758.62
7925,-1.2935,16,1,-3.6066,2.281,0.28,0.5686,11759.19
7926,-0.7047,10,1,-3.6057,2.2821,0.28,0.3853,11759.58
7927,-5.3161,50,0,-3.6126,2.2862,0.28,2.3901,11761.97
7928,-0.0425,1,1,-3.6126,2.2861,0.28,0.0637,11762.03
7929,-3.4771,50,0,-3.6469,2.2579,0.27,2.5116,11764.54
7930,-0.3885,7,1,-3.5585,2.2102,0.28,0.367,11764.91
7931,-4.5023,50,0,-3.5501,2.205,0.28,2.558,11767.47
7932,-0.0262,1,1,-3.5164,2.2327,0.29,0.0486,11767.52
7933,-5.4046,50,0,-3.5022,2.216,0.29,2.4532,11769.97
7934,-4.2077,50,0,-3.4871,2.206,0.29,2.3594,11772.33
7935,-0.0201,1,1,-3.4482,2.2323,0.3,0.0376,11772.37
7936,-3.5555,50,0,-3.4111,2.1993,0.3,2.3773,11774.74
7937,-3.9739,50,0,-3.4029,2.1956,0.3,2.244,11776.99
7938,-4.7177,50,0,-3.4208,2.199,0.3,2.5405,11779.53
7939,-4.0835,50,0,-3.4307,2.1997,0.3,2.507,11782.03
7940,-3.7502,50,0,-3.4214,2.1964,0.3,2.0336,11784.07
7941,-5.7816,50,0,-3.4432,2.2089,0.3,1.9393,11786.01
7942,-4.1034,50,0,-3.4839,2.1829,0.29,2.4533,11788.46
7943,-4.2534,50,0,-3.4995,2.1828,0.29,3.0878,11791.55
7944,-0.0453,1,1,-3.4498,2.2042,0.3,0.0567,11791.61
7945,-3.775,50,0,-3.4248,2.1862,0.3,2.6666,11794.27
7946,-3.5891,50,0,-3.4076,2.1781,0.3,2.745,11797.02
7947,-2.7344,50,0,-3.3954,2.1784,0.3,2.3497,11799.37
7948,-0.0399,1,1,-3.3565,2.2031,0.31,0.033,11799.4
7949,-3.9308,50,0,-3.3369,2.1892,0.31,2.3063,11801.71
7950,-6.383,50,0,-3.3514,2.2044,0.31,2.4495,11804.16
7951,-0.021,1,1,-3.3028,2.2237,0.32,0.0487,11804.2
7952,-3.7678,50,0,-3.2928,2.2193,0.32,2.3284,11806.53
7953,-4.1803,50,0,-3.3342,2.1968,0.31,2.4033,11808.94
7954,-3.8039,50,0,-3.3277,2.1945,0.31,2.2837,11811.22
7955,-2.7935,50,0,-3.3072,2.1898,0.31,1.8997,11813.12
7956,-3.8068,50,0,-3.3388,2.1739,0.3,1.8788,11815.0
7957,-3.6383,50,0,-3.3701,2.1554,0.29,2.2402,11817.24
7958,-3.2833,50,0,-3.4025,2.1293,0.28,2.4264,11819.66
7959,-4.3671,50,0,-3.381,2.1084,0.28,2.2914,11821.96
7960,-0.0349,1,1,-3.3383,2.1324,0.29,0.0512,11822.01
7961,-3.6947,50,0,-3.3709,2.1126,0.28,2.2783,11824.29
7962,-4.3715,50,0,-3.3517,2.0945,0.28,2.2301,11826.52
7963,-4.8156,50,0,-3.3576,2.0978,0.28,2.4058,11828.92
7964,-3.9449,50,0,-3.3546,2.0967,0.28,2.3965,11831.32
7965,-3.3428,50,0,-3.3401,2.0918,0.28,2.2687,11833.59
7966,-0.0256,1,1,-3.2937,2.1132,0.29,0.0436,11833.63
7967,-0.0254,1,1,-3.2449,2.1317,0.3,0.0414,11833.67
7968,-5.1204,50,0,-3.2505,2.1359,0.3,2.2296,11835.9
7969,-0.0326,1,1,-3.2077,2.1569,0.31,0.0512,11835.95
7970,-6.3984,50,0,-3.2616,2.1686,0.3,2.3053,11838.26
7971,-3.8878,50,0,-3.259,2.1677,0.3,2.7947,11841.05
7972,-5.79,50,0,-3.2701,2.1778,0.3,2.6129,11843.67
7973,-0.5245,10,1,-3.2749,2.1712,0.3,0.4957,11844.16
7974,-0.0467,1,1,-3.2323,2.1923,0.31,0.0502,11844.21
7975,-4.6988,50,0,-3.184,2.1043,0.31,2.2014,11846.41
7976,-2.7516,50,0,-3.1533,2.088,0.31,2.079,11848.49
7977,-4.1705,50,0,-3.144,2.0813,0.31,2.2338,11850.73
7978,-4.8347,50,0,-3.1886,2.0692,0.3,1.7954,11852.52
7979,-3.7104,50,0,-3.2254,2.0453,0.29,1.9252,11854.45
7980,-5.2204,50,0,-3.2397,2.0541,0.29,1.8013,11856.25
7981,-3.119,50,0,-3.2269,2.0509,0.29,2.0833,11858.33
7982,-6.0274,50,0,-3.2309,2.0559,0.29,1.9514,11860.28
7983,-4.0968,50,0,-3.2224,2.0505,0.29,2.0484,11862.33
7984,-5.4547,50,0,-3.2289,2.0565,0.29,2.2934,11864.62
7985,-5.3906,50,0,-3.2823,2.0426,0.28,2.2462,11866.87
7986,-5.2305,50,0,-3.3007,2.0517,0.28,2.2509,11869.12
7987,-0.0451,1,1,-3.3007,2.0517,0.28,0.0398,11869.16
7988,-5.2886,50,0,-3.3036,2.0542,0.28,2.2293,11871.39
7989,-4.2875,50,0,-3.3176,2.0561,0.28,2.3213,11873.71
7990,-0.0497,1,1,-3.3178,2.0559,0.28,0.0463,11873.76
7991,-4.0127,50,0,-3.305,2.0475,0.28,2.3446,11876.1
7992,-3.5425,50,0,-3.2894,2.0397,0.28,2.0662,11878.17
7993,-2.9363,50,0,-3.2715,2.0349,0.28,2.0395,11880.21
7994,-4.6728,50,0,-3.2495,2.0075,0.28,1.9779,11882.19
7995,-0.0458,1,1,-3.2403,2.0201,0.28,0.0325,11882.22
7996,-2.8946,50,0,-3.2442,2.019,0.28,2.2866,11884.51
7997,-0.0436,1,1,-3.2132,2.044,0.29,0.044,11884.55
7998,-6.2998,50,0,-3.2758,2.0418,0.28,2.3263,11886.88
7999,-0.887,11,1,-3.2398,2.0519,0.29,0.486,11887.36
8000,-0.0372,1,1,-3.1996,2.0748,0.3,0.045,11887.41
8001,-0.3867,7,1,-3.2031,2.0698,0.3,0.2877,11887.69
8002,-6.1224,50,0,-3.2638,2.0654,0.29,2.175,11889.87
8003,-4.8098,50,0,-3.2541,2.0558,0.29,2.3826,11892.25
8004,-4.4037,50,0,-3.2341,2.0347,0.29,1.9455,11894.2
8005,-0.0366,1,1,-3.1815,2.0486,0.3,0.0432,11894.24
8006,-3.4431,50,0,-3.141,2.0026,0.3,1.7487,11895.99
8007,-3.301,50,0,-3.1449,2.0026,0.29,2.3356,11898.32
8008,-5.2669,50,0,-3.1613,2.0131,0.29,1.9925,11900.32
8009,-0.0349,1,1,-3.1614,2.0131,0.29,0.053,11900.37
8010,-1.2225,17,1,-3.1314,2.0194,0.3,0.7804,11901.15
8011,-3.7477,50,0,-3.1685,1.9963,0.29,2.6934,11903.84
8012,-5.1921,50,0,-3.186,2.0062,0.29,2.489,11906.33
8013,-0.0465,1,1,-3.1299,2.0149,0.3,0.0608,11906.39
8014,-0.0424,1,1,-3.1236,2.0236,0.3,0.0525,11906.45
8015,-5.1123,50,0,-3.1583,2.0276,0.29,2.1611,11908.61
8016,-0.0474,1,1,-3.1493,2.0394,0.29,0.0387,11908.65
8017,-3.1586,50,0,-3.1313,2.0313,0.29,2.1975,11910.84
8018,-4.6218,50,0,-3.1347,2.0335,0.29,2.0485,11912.89
8019,-0.0451,1,1,-3.102,2.0565,0.3,0.0405,11912.93
8020,-5.0138,50,0,-3.12,2.0652,0.3,2.0153,11914.95
8021,-0.6456,9,1,-3.0809,2.0747,0.31,0.3349,11915.28
8022,-4.2229,50,0,-3.072,2.0679,0.31,2.1026,11917.39
8023,-3.5064,50,0,-3.1067,2.0458,0.3,3.003,11920.39
8024,-4.8077,50,0,-3.108,2.0468,0.3,2.2772,11922.67
8025,-5.0311,50,0,-3.1454,2.0475,0.29,2.3922,11925.06
8026,-3.3036,50,0,-3.1714,2.0328,0.28,1.8748,11926.93
8027,-4.8547,50,0,-3.1668,2.0284,0.28,1.9487,11928.88
8028,-0.0492,1,1,-3.1669,2.0283,0.28,0.0364,11928.92
8029,-4.7857,50,0,-3.1799,2.0345,0.28,1.9321,11930.85
8030,-4.6574,50,0,-3.2226,2.0202,0.27,1.7994,11932.65
8031,-3.2611,50,0,-3.2102,2.0161,0.27,1.8621,11934.51
8032,-4.0356,50,0,-3.2503,1.9921,0.26,2.1095,11936.62
8033,-5.9026,50,0,-3.2553,1.9981,0.26,2.4309,11939.05
8034,-4.473,50,0,-3.2579,1.9996,0.26,2.4383,11941.49
8035,-5.0682,50,0,-3.3084,1.9808,0.25,2.379,11943.87
8036,-4.5788,50,0,-3.3187,1.9847,0.25,2.2568,11946.13
8037,-4.4509,50,0,-3.3234,1.9868,0.25,1.902,11948.03
8038,-0.0487,1,1,-3.2767,2.0083,0.26,0.0401,11948.07
8039,-4.1867,50,0,-3.2778,2.0087,0.26,2.3454,11950.41
8040,-6.0915,50,0,-3.3012,2.0276,0.26,2.1728,11952.59
8041,-3.658,50,0,-3.28,2.0126,0.26,2.2718,11954.86
8042,-4.5465,50,0,-3.2844,2.0149,0.26,2.034,11956.89
8043,-4.1171,50,0,-3.283,2.0143,0.26,1.9315,11958.82
8044,-5.2259,50,0,-3.3348,1.9969,0.25,1.8503,11960.67
8045,-6.0538,50,0,-3.3576,2.0147,0.25,1.9287,11962.6
8046,-5.9907,50,0,-3.3816,2.0316,0.25,1.859,11964.46
8047,-0.0192,1,1,-3.3545,2.058,0.26,0.0345,11964.5
8048,-3.4403,50,0,-3.3885,2.0309,0.25,1.848,11966.34
8049,-6.3518,50,0,-3.4127,2.0515,0.25,2.1482,11968.49
8050,-4.0348,50,0,-3.3892,2.0307,0.25,2.4343,11970.93
8051,-3.7713,50,0,-3.4267,2.0026,0.24,2.3779,11973.3
8052,-0.0404,1,1,-3.3894,2.0304,0.25,0.0377,11973.34
8053,-5.45,50,0,-3.4021,2.0393,0.25,1.6839,11975.03
8054,-2.5302,50,0,-3.3894,2.0407,0.25,1.4697,11976.5
8055,-0.0292,1,1,-3.3618,2.0671,0.26,0.0232,11976.52
8056,-0.04,1,1,-3.3241,2.0928,0.27,0.0234,11976.54
8057,-5.5885,50,0,-3.3436,2.1047,0.27,1.27,11977.81
8058,-4.3476,50,0,-3.3542,2.1071,0.27,1.2616,11979.07
8059,-5.3634,50,0,-3.3642,2.1142,0.27,1.299,11980.37
8060,-3.5603,50,0,-3.3995,2.0876,0.26,1.3763,11981.75
8061,-0.0433,1,1,-3.3629,2.1139,0.27,0.0248,11981.77
8062,-0.0318,1,1,-3.3195,2.1372,0.28,0.0258,11981.8
8063,-5.1452,50,0,-3.3228,2.1397,0.28,1.2671,11983.07
8064,-5.7496,50,0,-3.3409,2.1525,0.28,1.1874,11984.25
8065,-3.9314,50,0,-3.3468,2.1533,0.28,1.234,11985.49
8066,-4.332,50,0,-3.3898,2.1294,0.27,1.1484,11986.64
8067,-4.5735,50,0,-3.4353,2.1054,0.26,1.4138,11988.05
8068,-1.1435,13,1,-3.3955,2.1108,0.27,0.359,11988.41
8069,-4.9045,50,0,-3.4443,2.0887,0.26,1.4324,11989.84
8070,-6.015,50,0,-3.4404,2.0836,0.26,1.4651,11991.31
8071,-3.8261,50,0,-3.4398,2.0835,0.26,1.8596,11993.17
8072,-0.0272,1,1,-3.3822,2.0974,0.27,0.028,11993.19
8073,-4.2958,50,0,-3.4199,2.0795,0.26,1.3554,11994.55
8074,-4.8141,50,0,-3.4676,2.0561,0.25,1.2933,11995.84
8075,-6.0657,50,0,-3.4812,2.0688,0.25,1.2649,11997.11
8076,-0.047,1,1,-3.4542,2.0956,0.26,0.0272,11997.14
8077,-0.0108,1,1,-3.4126,2.1221,0.27,0.0291,11997.16
8078,-4.2031,50,0,-3.4063,2.1188,0.27,1.2546,11998.42
8079,-0.0364,1,1,-3.3695,2.1449,0.28,0.022,11998.44
8080,-5.7336,50,0,-3.3747,2.1499,0.28,1.24,11999.68
8081,-6.6933,50,0,-3.4104,2.175,0.28,1.1591,12000.84
8082,-7.4962,50,0,-3.4251,2.1974,0.28,1.3213,12002.16
8083,-4.7567,50,0,-3.4317,2.2004,0.28,1.3075,12003.47
8084,-4.4508,50,0,-3.4217,2.1934,0.28,1.2282,12004.7
8085,-4.1021,50,0,-3.4088,2.1856,0.28,1.2992,12006.0
8086,-4.4688,50,0,-3.4012,2.1806,0.28,1.4878,12007.48
8087,-5.1619,50,0,-3.4523,2.1612,0.27,1.4684,12008.95
8088,-3.4264,50,0,-3.4337,2.1533,0.27,1.4374,12010.39
8089,-3.9377,50,0,-3.4302,2.1522,0.27,1.5396,12011.93
8090,-2.7147,50,0,-3.4569,2.1265,0.26,1.5824,12013.51
8091,-6.9588,50,0,-3.4863,2.1542,0.26,1.4549,12014.97
8092,-3.9133,50,0,-3.49,2.1546,0.26,1.342,12016.31
8093,-0.0191,1,1,-3.4609,2.1815,0.27,0.0283,12016.34
8094,-3.7741,50,0,-3.4519,2.1783,0.27,1.2947,12017.63
8095,-4.3543,50,0,-3.495,2.153,0.26,1.5467,12019.18
8096,-5.0939,50,0,-3.5169,2.158,0.26,1.4386,12020.62
8097,-5.5321,50,0,-3.5718,2.1387,0.25,1.5735,12022.19
8098,-3.6056,50,0,-3.5449,2.121,0.25,1.2729,12023.46
8099,-0.044,1,1,-3.5365,2.1332,0.25,0.0212,12023.48
8100,-4.7692,50,0,-3.5838,2.1074,0.24,1.3462,12024.83
8101,-0.042,1,1,-3.5803,2.1129,0.24,0.0324,12024.86
8102,-8.4933,50,0,-3.604,2.1542,0.24,1.3386,12026.2
8103,-2.9264,50,0,-3.5852,2.1518,0.24,1.1592,12027.36
8104,-3.8389,50,0,-3.5796,2.1504,0.24,1.3002,12028.66
8105,-3.8828,50,0,-3.618,2.1209,0.23,1.2655,12029.93
8106,-0.0301,1,1,-3.5839,2.1506,0.24,0.0232,12029.95
8107,-3.6375,50,0,-3.5873,2.1505,0.24,1.171,12031.12
8108,-5.9321,50,0,-3.5939,2.1567,0.24,1.1865,12032.31
8109,-9.7023,50,0,-3.6906,2.211,0.23,1.1833,12033.49
8110,-6.5682,50,0,-3.744,2.2153,0.22,1.5237,12035.01
8111,-0.7979,11,1,-3.7145,2.2346,0.23,0.2925,12035.31
8112,-4.747,50,0,-3.7101,2.2321,0.23,1.3401,12036.65
8113,-5.4682,50,0,-3.7643,2.2081,0.22,1.2979,12037.95
8114,-4.7193,50,0,-3.8111,2.1781,0.21,1.304,12039.25
8115,-0.034,1,1,-3.7603,2.2062,0.22,0.0248,12039.27
8116,-4.8207,50,0,-3.808,2.1768,0.21,1.1518,12040.43
8117,-0.0486,1,1,-3.7769,2.2079,0.22,0.0238,12040.45
8118,-8.042,50,0,-3.8111,2.2468,0.22,1.2263,12041.68
8119,-3.614,50,0,-3.8468,2.2148,0.21,1.2811,12042.96
8120,-3.1978,50,0,-3.8287,2.2126,0.21,1.2717,12044.23
8121,-3.0623,50,0,-3.8528,2.1908,0.2,1.2694,12045.5
8122,-3.7231,50,0,-3.8478,2.1906,0.2,1.2354,12046.73
8123,-3.7262,50,0,-3.85,2.1903,0.2,1.2514,12047.98
8124,-3.8407,50,0,-3.8404,2.1882,0.2,1.3604,12049.35
8125,-0.0358,1,1,-3.7904,2.2173,0.21,0.0275,12049.37
8126,-7.1839,50,0,-3.8292,2.2422,0.21,1.2325,12050.61
8127,-3.3095,50,0,-3.8138,2.2404,0.21,1.296,12051.9
8128,-7.0963,50,0,-3.8842,2.2317,0.2,1.3272,12053.23
8129,-21.5793,50,0,-4.0522,2.8417,0.2,1.3006,12054.53
8130,-3.6725,50,0,-4.0423,2.8413,0.2,1.3834,12055.91
8131,-3.7313,50,0,-4.047,2.8404,0.2,1.3739,12057.29
8132,-0.0321,1,1,-4.007,2.8684,0.21,0.0297,12057.32
8133,-0.0459,1,1,-3.9484,2.8888,0.22,0.0348,12057.35
8134,-5.6931,50,0,-3.9606,2.8936,0.22,1.3658,12058.72
8135,-4.8267,50,0,-3.9582,2.8927,0.22,1.3875,12060.1
8136,-0.023,1,1,-3.9126,2.9184,0.23,0.0204,12060.12
8137,-4.0659,50,0,-3.9088,2.9179,0.23,1.3226,12061.45
8138,-3.7371,50,0,-3.9457,2.8921,0.22,1.3083,12062.76
8139,-3.4285,50,0,-3.9381,2.8924,0.22,1.2909,12064.05
8140,-0.0129,1,1,-3.8773,2.9103,0.23,0.0202,12064.07
8141,-0.0314,1,1,-3.841,2.9353,0.24,0.0261,12064.09
8142,-5.9564,50,0,-3.8551,2.9421,0.24,1.3589,12065.45
8143,-5.515,50,0,-3.8691,2.9466,0.24,1.3147,12066.77
8144,-5.8975,50,0,-3.8758,2.9504,0.24,1.3631,12068.13
8145,-0.0334,1,1,-3.8156,2.9668,0.25,0.0329,12068.16
8146,-6.344,50,0,-3.8192,2.9696,0.25,1.2614,12069.42
8147,-3.2568,50,0,-3.8515,2.9455,0.24,1.3527,12070.78
8148,-3.9345,50,0,-3.8565,2.9452,0.24,1.1835,12071.96
8149,-4.0533,50,0,-3.8335,2.9346,0.24,1.178,12073.14
8150,-5.1071,50,0,-3.8442,2.9373,0.24,1.2926,12074.43
8151,-0.0434,1,1,-3.8069,2.9615,0.25,0.0249,12074.46
8152,-4.6307,50,0,-3.8528,2.9383,0.24,1.3974,12075.85
8153,-4.8897,50,0,-3.8472,2.9358,0.24,1.4284,12077.28
8154,-0.031,1,1,-3.8223,2.9574,0.25,0.0276,12077.31
8155,-0.0051,1,1,-3.822,2.9577,0.25,0.0281,12077.34
8156,-0.0392,1,1,-3.822,2.9578,0.25,0.0296,12077.37
8157,-3.7787,50,0,-3.8039,2.9524,0.25,1.3974,12078.76
8158,-10.1525,50,0,-3.862,3.0189,0.25,1.3787,12080.14
8159,-4.2655,50,0,-3.851,3.0154,0.25,1.1128,12081.26
8160,-6.3497,50,0,-3.8789,3.0254,0.25,1.2163,12082.47
8161,-8.3091,50,0,-3.9615,3.0324,0.24,1.146,12083.62
8162,-5.5662,50,0,-4.0169,3.0106,0.23,1.1463,12084.76
8163,-6.203,50,0,-4.0274,3.0164,0.23,1.132,12085.9
8164,-5.8951,50,0,-4.0289,3.0173,0.23,1.2527,12087.15
8165,-4.5946,50,0,-4.0355,3.0178,0.23,1.1784,12088.33
8166,-6.5611,50,0,-4.0578,3.0281,0.23,1.08,12089.41
8167,-2.8823,50,0,-4.0409,3.0299,0.23,1.1552,12090.56
8168,-0.0227,1,1,-4.0297,3.0427,0.23,0.0235,12090.59
8169,-3.4744,50,0,-4.0154,3.0419,0.23,1.1277,12091.71
8170,-6.9295,50,0,-4.0246,3.0492,0.23,1.4095,12093.12
8171,-5.2297,50,0,-4.0386,3.0515,0.23,1.4017,12094.52
8172,-4.725,50,0,-4.0856,3.0254,0.22,1.2503,12095.78
8173,-7.1728,50,0,-4.1143,3.041,0.22,1.2736,12097.05
8174,-2.524,50,0,-4.0914,3.0442,0.22,1.2981,12098.35
8175,-0.048,1,1,-4.0313,3.064,0.23,0.0323,12098.38
8176,-0.0117,1,1,-4.0309,3.0645,0.23,0.0253,12098.4
8177,-3.374,50,0,-4.0645,3.0385,0.22,2.899,12101.3
8178,-0.0203,1,1,-4.0227,3.065,0.23,0.0246,12101.33
8179,-3.9371,50,0,-4.0617,3.0387,0.22,1.3709,12102.7
8180,-6.9184,50,0,-4.0736,3.0475,0.22,1.5405,12104.24
8181,-4.9536,50,0,-4.0562,3.0375,0.22,1.5118,12105.75
8182,-2.9184,50,0,-4.0104,3.0197,0.22,1.5464,12107.3
8183,-3.4565,50,0,-3.9974,3.0193,0.22,1.5338,12108.83
8184,-3.3829,50,0,-3.9867,3.0195,0.22,1.5604,12110.39
8185,-0.0463,1,1,-3.9462,3.0448,0.23,0.0331,12110.42
8186,-3.5877,50,0,-3.9373,3.0446,0.23,1.656,12112.08
8187,-4.4927,50,0,-3.9306,3.0426,0.23,1.5813,12113.66
8188,-4.6613,50,0,-3.943,3.0431,0.23,1.6704,12115.33
8189,-0.0409,1,1,-3.904,3.0677,0.24,0.0372,12115.37
8190,-4.0892,50,0,-3.9178,3.0654,0.24,1.3781,12116.75
8191,-3.9571,50,0,-3.8878,3.0502,0.24,1.3761,12118.12
8192,-6.1291,50,0,-3.9099,3.0583,0.24,1.3976,12119.52
8193,-5.4149,50,0,-3.9639,3.0367,0.23,1.3474,12120.87
8194,-0.031,1,1,-3.9264,3.0618,0.24,0.0242,12120.89
8195,-3.5038,50,0,-3.9179,3.0618,0.24,1.3632,12122.26
8196,-4.3336,50,0,-3.9103,3.0598,0.24,1.3372,12123.59
8197,-7.1441,50,0,-3.9265,3.0725,0.24,1.3401,12124.93
8198,-5.5976,50,0,-3.9464,3.0768,0.24,1.4958,12126.43
8199,-6.0682,50,0,-4.0066,3.0588,0.23,1.4134,12127.84
8200,-4.2756,50,0,-4.0017,3.0579,0.23,1.3883,12129.23
8201,-4.4357,50,0,-4.0456,3.0322,0.22,1.524,12130.76
8202,-6.1458,50,0,-4.0221,3.0066,0.22,1.3292,12132.08
8203,-5.4772,50,0,-4.0477,3.008,0.22,1.427,12133.51
8204,-0.032,1,1,-4.0096,3.0344,0.23,0.0292,12133.54
8205,-4.6194,50,0,-4.0169,3.035,0.23,1.5375,12135.08
8206,-5.5721,50,0,-4.0724,3.0122,0.22,1.6289,12136.71
8207,-5.6318,50,0,-4.0923,3.0158,0.22,1.4578,12138.16
8208,-0.0262,1,1,-4.0333,3.037,0.23,0.0258,12138.19
8209,-5.384,50,0,-3.9901,2.9864,0.23,1.7931,12139.98
8210,-0.0382,1,1,-3.9248,3.0006,0.24,0.0348,12140.02
8211,-4.0292,50,0,-3.9571,2.9841,0.23,1.5723,12141.59
8212,-4.2934,50,0,-3.9525,2.9833,0.23,1.5586,12143.15
8213,-4.9613,50,0,-3.9475,2.9811,0.23,1.8905,12145.04
8214,-5.3262,50,0,-3.9535,2.9833,0.23,1.5905,12146.63
8215,-0.0156,1,1,-3.9534,2.9835,0.23,0.032,12146.66
8216,-4.2732,50,0,-3.9479,2.9825,0.23,1.6647,12148.33
8217,-6.8827,50,0,-4.0162,2.9706,0.22,1.7971,12150.12
8218,-4.8211,50,0,-3.984,2.9441,0.22,1.7417,12151.87
8219,-3.9293,50,0,-3.9872,2.9439,0.22,1.6013,12153.47
8220,-0.0195,1,1,-3.9554,2.9693,0.23,0.0273,12153.49
8221,-6.3597,50,0,-3.9884,2.9775,0.23,1.6444,12155.14
8222,-3.9369,50,0,-3.9905,2.9774,0.23,1.8215,12156.96
8223,-5.0989,50,0,-4.0042,2.9793,0.23,2.3056,12159.27
8224,-3.9089,50,0,-4.0049,2.9793,0.23,1.7464,12161.01
8225,-5.4079,50,0,-4.0586,2.9555,0.22,1.5336,12162.55
8226,-4.3173,50,0,-4.03,2.9389,0.22,1.4398,12163.99
8227,-0.0335,1,1,-3.9972,2.9649,0.23,0.0287,12164.01
8228,-0.0041,1,1,-3.9263,2.9748,0.24,0.0312,12164.05
8229,-5.165,50,0,-3.7621,2.3919,0.24,1.8322,12165.88
8230,-2.9447,50,0,-3.7549,2.3933,0.24,2.0333,12167.91
8231,-0.0441,1,1,-3.718,2.4216,0.25,0.0486,12167.96
8232,-5.9812,50,0,-3.7775,2.4033,0.24,1.8255,12169.79
8233,-0.0303,1,1,-3.7773,2.4036,0.24,0.038,12169.82
8234,-0.0236,1,1,-3.7206,2.4245,0.25,0.0325,12169.86
8235,-3.022,50,0,-3.7026,2.4229,0.25,1.5736,12171.43
8236,-4.4137,50,0,-3.7465,2.3955,0.24,1.6207,12173.05
8237,-3.4432,50,0,-3.7403,2.3954,0.24,1.6256,12174.68
8238,-2.5386,50,0,-3.7283,2.3984,0.24,1.8782,12176.55
8239,-5.5044,50,0,-3.749,2.4047,0.24,2.0249,12178.58
8240,-3.8329,50,0,-3.7872,2.3752,0.23,1.5588,12180.14
8241,-0.0087,1,1,-3.787,2.3756,0.23,0.0333,12180.17
8242,-0.0447,1,1,-3.7279,2.3943,0.24,0.0272,12180.2
8243,-3.8335,50,0,-3.7111,2.3876,0.24,1.7031,12181.9
8244,-4.9491,50,0,-3.7016,2.3808,0.24,1.7994,12183.7
8245,-5.4455,50,0,-3.7557,2.3582,0.23,1.4989,12185.2
8246,-4.8897,50,0,-3.7412,2.3466,0.23,1.6586,12186.86
8247,-6.0534,50,0,-3.7691,2.3573,0.23,1.4036,12188.26
8248,-4.4839,50,0,-3.7746,2.3584,0.23,1.565,12189.83
8249,-4.7188,50,0,-3.7813,2.3601,0.23,1.545,12191.37
8250,-6.2821,50,0,-3.793,2.3696,0.23,1.6262,12193.0
8251,-4.1223,50,0,-3.8338,2.3396,0.22,1.5643,12194.56
8252,-2.592,50,0,-3.8134,2.3414,0.22,1.5433,12196.11
8253,-4.7937,50,0,-3.8125,2.341,0.22,1.4592,12197.56
8254,-3.3276,50,0,-3.8454,2.3105,0.21,1.778,12199.34
8255,-2.6652,50,0,-3.872,2.2813,0.2,1.4929,12200.84
8256,-3.3582,50,0,-3.9052,2.2492,0.19,1.4359,12202.27
8257,-0.0158,1,1,-3.8676,2.2822,0.2,0.0264,12202.3
8258,-5.2665,50,0,-3.8187,2.1979,0.2,1.3606,12203.66
8259,-5.3887,50,0,-3.83,2.203,0.2,1.4802,12205.14
8260,-0.0321,1,1,-3.7668,2.2204,0.21,0.0304,12205.17
8261,-5.7831,50,0,-3.7415,2.1826,0.21,1.5926,12206.76
8262,-0.0484,1,1,-3.6864,2.2054,0.22,0.0257,12206.79
8263,-4.3471,50,0,-3.6678,2.1919,0.22,1.5229,12208.31
8264,-5.4241,50,0,-3.6631,2.1876,0.22,1.8537,12210.16
8265,-3.6725,50,0,-3.6539,2.1856,0.22,1.4924,12211.66
8266,-4.441,50,0,-3.6327,2.1675,0.22,1.3285,12212.99
8267,-4.8688,50,0,-3.6525,2.1697,0.22,1.3088,12214.29
8268,-6.0729,50,0,-3.713,2.1519,0.21,1.3358,12215.63
8269,-2.581,50,0,-3.7041,2.1547,0.21,1.3533,12216.98
8270,-5.2236,50,0,-3.687,2.1358,0.21,1.3562,12218.34
8271,-4.9332,50,0,-3.6841,2.1338,0.21,1.4356,12219.77
8272,-2.5399,50,0,-3.6622,2.1343,0.21,1.3627,12221.14
8273,-5.0986,50,0,-3.6415,2.11,0.21,1.3704,12222.51
8274,-4.9387,50,0,-3.6656,2.1109,0.21,1.3886,12223.9
8275,-4.9208,50,0,-3.7144,2.0829,0.2,1.3753,12225.27
8276,-3.6984,50,0,-3.7512,2.0494,0.19,1.3687,12226.64
8277,-3.0716,50,0,-3.7482,2.0501,0.19,1.3371,12227.98
8278,-0.0363,1,1,-3.7484,2.0498,0.19,0.0287,12228.01
8279,-4.3831,50,0,-3.7528,2.0507,0.19,1.2848,12229.29
8280,-2.6345,50,0,-3.71,2.0288,0.19,1.348,12230.64
8281,-2.8149,50,0,-3.6886,2.0268,0.19,1.37,12232.01
8282,-6.1131,50,0,-3.7205,2.0396,0.19,1.3321,12233.34
8283,-4.2894,50,0,-3.7289,2.0402,0.19,1.2906,12234.63
8284,-5.4882,50,0,-3.7499,2.0474,0.19,1.3214,12235.95
8285,-6.1622,50,0,-3.8111,2.0271,0.18,1.2837,12237.24
8286,-11.217,50,0,-3.8874,2.1566,0.18,1.3095,12238.55
8287,-3.6147,50,0,-3.8786,2.1559,0.18,1.3193,12239.87
8288,-6.3498,50,0,-3.8955,2.1686,0.18,1.3034,12241.17
8289,-2.8397,50,0,-3.9235,2.1365,0.17,1.3461,12242.52
8290,-5.1439,50,0,-3.934,2.1399,0.17,1.2919,12243.81
8291,-2.5762,50,0,-3.9202,2.1441,0.17,1.3599,12245.17
8292,-4.2834,50,0,-3.9018,2.133,0.17,1.3006,12246.47
8293,-5.8397,50,0,-3.906,2.1364,0.17,1.3073,12247.77
8294,-3.3092,50,0,-3.9388,2.1015,0.16,1.4364,12249.21
8295,-4.2541,50,0,-3.9463,2.1013,0.16,1.3349,12250.55
8296,-6.7694,50,0,-3.9706,2.1197,0.16,1.3127,12251.86
8297,-5.0348,50,0,-3.9495,2.0984,0.16,1.2976,12253.16
8298,-3.2691,50,0,-3.9263,2.0929,0.16,1.3454,12254.5
8299,-4.2112,50,0,-3.9077,2.082,0.16,1.3054,12255.81
8300,-4.6551,50,0,-3.9115,2.083,0.16,1.3292,12257.14
8301,-4.1811,50,0,-3.9089,2.0825,0.16,1.3743,12258.51
8302,-4.5521,50,0,-3.893,2.0714,0.16,1.3758,12259.89
8303,-0.0276,1,1,-3.8385,2.1005,0.17,0.0287,12259.92
8304,-4.1956,50,0,-3.8801,2.0656,0.16,1.3392,12261.25
8305,-7.7132,50,0,-3.9111,2.0994,0.16,1.3503,12262.6
8306,-2.9832,50,0,-3.8852,2.0947,0.16,1.3326,12263.94
8307,-4.343,50,0,-3.8723,2.0878,0.16,1.3292,12265.27
8308,-4.9136,50,0,-3.9212,2.0542,0.15,1.4054,12266.67
8309,-4.6929,50,0,-3.9143,2.0504,0.15,1.4011,12268.07
8310,-6.7837,50,0,-3.9817,2.0327,0.14,1.3121,12269.39
8311,-4.1727,50,0,-3.9832,2.0327,0.14,1.316,12270.7
8312,-4.6393,50,0,-3.9866,2.0336,0.14,1.383,12272.08
8313,-5.2605,50,0,-3.9896,2.0352,0.14,1.8956,12273.98
8314,-0.0409,1,1,-3.9368,2.0682,0.15,0.0405,12274.02
8315,-0.0325,1,1,-3.9369,2.0679,0.15,0.0444,12274.06
8316,-2.89,50,0,-3.9231,2.0702,0.15,1.8546,12275.92
8317,-4.1076,50,0,-3.8953,2.0488,0.15,1.3692,12277.29
8318,-0.0318,1,1,-3.8475,2.0823,0.16,0.0243,12277.31
8319,-3.1246,50,0,-3.8394,2.0835,0.16,1.3867,12278.7
8320,-4.4826,50,0,-3.884,2.0487,0.15,1.3183,12280.02
8321,-3.02,50,0,-3.8506,2.0353,0.15,1.3296,12281.35
8322,-5.1514,50,0,-3.8628,2.0394,0.15,1.2859,12282.63
8323,-5.5288,50,0,-3.8671,2.0424,0.15,1.3256,12283.96
8324,-0.0317,1,1,-3.8283,2.0778,0.16,0.0242,12283.98
8325,-7.9064,50,0,-3.8533,2.1114,0.16,1.3323,12285.32
8326,-3.2831,50,0,-3.843,2.1116,0.16,1.3402,12286.66
8327,-5.4698,50,0,-3.8973,2.0826,0.15,1.3515,12288.01
8328,-4.9188,50,0,-3.9465,2.0479,0.14,1.3212,12289.33
8329,-3.5415,50,0,-3.9302,2.0446,0.14,1.3676,12290.7
8330,-0.0449,1,1,-3.9012,2.0786,0.15,0.0274,12290.72
8331,-4.0735,50,0,-3.9415,2.0422,0.14,1.3103,12292.03
8332,-2.6106,50,0,-3.9078,2.0361,0.14,1.3733,12293.41
8333,-4.8723,50,0,-3.9562,2.0005,0.13,1.3051,12294.71
8334,-3.4644,50,0,-3.9907,1.9618,0.12,1.4629,12296.17
8335,-3.5514,50,0,-3.9959,1.9599,0.12,1.3686,12297.54
8336,-5.8549,50,0,-4.0104,1.9682,0.12,1.3511,12298.89
8337,-3.5625,50,0,-4.0115,1.9679,0.12,1.5223,12300.42
8338,-3.1505,50,0,-4.0177,1.9643,0.12,1.7336,12302.15
8339,-5.3322,50,0,-4.0159,1.963,0.12,1.6825,12303.83
8340,-0.0402,1,1,-3.978,2.0024,0.13,0.0289,12303.86
8341,-6.1237,50,0,-4.0392,1.9735,0.12,1.6135,12305.48
8342,-4.8779,50,0,-4.0875,1.9338,0.11,1.8408,12307.32
8343,-5.5887,50,0,-4.1051,1.9394,0.11,1.4103,12308.73
8344,-0.0368,1,1,-4.0559,1.9792,0.12,0.0291,12308.76
8345,-4.9298,50,0,-4.0508,1.9762,0.12,1.3625,12310.12
8346,-0.0142,1,1,-4.002,2.0147,0.13,0.0262,12310.14
8347,-4.5191,50,0,-3.9867,2.0048,0.13,1.3093,12311.45
8348,-3.1124,50,0,-3.973,2.0061,0.13,1.3768,12312.83
8349,-5.923,50,0,-3.985,2.0141,0.13,1.3164,12314.15
8350,-4.8174,50,0,-3.9704,2.0027,0.13,1.3213,12315.47
8351,-0.0425,1,1,-3.9296,2.0404,0.14,0.0239,12315.49
8352,-4.7449,50,0,-3.9511,2.0375,0.14,1.3856,12316.88
8353,-0.0495,1,1,-3.9036,2.0722,0.15,0.03,12316.91
8354,-5.6309,50,0,-3.9267,2.0785,0.15,1.7268,12318.63
8355,-4.4157,50,0,-3.9442,2.0752,0.15,2.0389,12320.67
8356,-4.6207,50,0,-3.9568,2.0754,0.15,1.5967,12322.27
8357,-3.8582,50,0,-3.9952,2.0373,0.14,1.4203,12323.69
8358,-3.5456,50,0,-3.978,2.0338,0.14,1.5118,12325.2
8359,-2.9238,50,0,-3.9534,2.0315,0.14,1.4735,12326.68
8360,-5.3342,50,0,-4.0064,1.9973,0.13,1.517,12328.19
8361,-4.2642,50,0,-3.9912,1.9895,0.13,1.5311,12329.72
8362,-0.0112,1,1,-3.9908,1.9903,0.13,0.0315,12329.76
8363,-5.6593,50,0,-4.004,1.9969,0.13,1.765,12331.52
8364,-6.6875,50,0,-4.0166,2.0098,0.13,1.4388,12332.96
8365,-6.0903,50,0,-4.0408,2.02,0.13,1.6602,12334.62
8366,-2.8217,50,0,-4.0246,2.0232,0.13,1.6621,12336.28
8367,-5.1206,50,0,-4.0271,2.0244,0.13,1.5513,12337.83
8368,-4.0273,50,0,-4.0066,2.014,0.13,1.6429,12339.48
8369,-3.0877,50,0,-4.0117,2.011,0.13,1.7167,12341.19
8370,-0.0071,1,1,-3.9595,2.0462,0.14,0.0283,12341.22
8371,-3.9559,50,0,-3.9498,2.0439,0.14,1.6579,12342.88
8372,-2.5042,50,0,-3.9494,2.0441,0.14,1.4553,12344.33
8373,-6.0045,50,0,-3.9585,2.0512,0.14,1.7215,12346.06
8374,-4.6265,50,0,-3.9553,2.05,0.14,1.7075,12347.76
8375,-7.8178,50,0,-3.9843,2.0836,0.14,1.7381,12349.5
8376,-5.4869,50,0,-4.0022,2.0887,0.14,1.6831,12351.18
8377,-5.236,50,0,-4.0238,2.0902,0.14,1.9882,12353.17
8378,-4.9822,50,0,-4.0733,2.0534,0.13,1.6266,12354.8
8379,-4.632,50,0,-4.0758,2.054,0.13,1.8328,12356.63
8380,-0.0392,1,1,-4.0498,2.0881,0.14,0.0342,12356.67
8381,-6.9275,50,0,-4.091,2.1038,0.14,1.8619,12358.53
8382,-0.0309,1,1,-4.0301,2.1322,0.15,0.0352,12358.56
8383,-5.9595,50,0,-4.0468,2.1407,0.15,1.4296,12359.99
8384,-4.7595,50,0,-4.0396,2.137,0.15,1.3534,12361.35
8385,-6.8413,50,0,-4.0463,2.1448,0.15,1.3348,12362.68
8386,-5.4143,50,0,-3.9883,2.0252,0.15,1.3927,12364.07
8387,-10.1857,50,0,-4.054,2.1166,0.15,1.3268,12365.4
8388,-0.0478,1,1,-3.991,2.1409,0.16,0.0235,12365.42
8389,-5.9814,50,0,-4.0224,2.1469,0.16,1.3895,12366.81
8390,-4.8729,50,0,-4.0197,2.1456,0.16,1.3209,12368.13
8391,-3.5268,50,0,-4.0292,2.1413,0.16,1.3836,12369.52
8392,-0.0211,1,1,-3.9866,2.1779,0.17,0.0264,12369.54
8393,-5.0067,50,0,-3.9783,2.1724,0.17,1.3745,12370.92
8394,-4.2672,50,0,-3.9879,2.1716,0.17,1.4355,12372.35
8395,-5.427,50,0,-3.9996,2.1761,0.17,1.3788,12373.73
8396,-5.1178,50,0,-3.9831,2.1613,0.17,1.6661,12375.4
8397,-0.0245,1,1,-3.933,2.1941,0.18,0.0416,12375.44
8398,-3.6138,50,0,-3.9364,2.1933,0.18,1.5805,12377.02
8399,-7.0127,50,0,-3.9644,2.2145,0.18,1.3469,12378.37
8400,-4.2749,50,0,-3.9606,2.2136,0.18,1.3229,12379.69
8401,-4.0397,50,0,-3.9592,2.2135,0.18,1.3229,12381.01
8402,-2.6546,50,0,-3.9402,2.2165,0.18,1.4012,12382.42
8403,-2.8186,50,0,-3.9681,2.1844,0.17,1.3049,12383.72
8404,-0.0297,1,1,-3.9265,2.2191,0.18,0.0258,12383.75
8405,-0.0198,1,1,-3.8496,2.2198,0.19,0.0337,12383.78
8406,-7.8929,50,0,-3.8986,2.2542,0.19,1.3136,12385.09
8407,-8.736,50,0,-3.9426,2.3046,0.19,1.3025,12386.4
8408,-0.0466,1,1,-3.8939,2.3348,0.2,0.0261,12386.42
8409,-4.9121,50,0,-3.8961,2.3357,0.2,1.3776,12387.8
8410,-3.638,50,0,-3.8646,2.3177,0.2,1.3185,12389.12
8411,-6.2132,50,0,-3.885,2.3292,0.2,1.3458,12390.46
8412,-3.7539,50,0,-3.8762,2.328,0.2,1.3094,12391.77
8413,-6.9745,50,0,-3.8933,2.3444,0.2,1.3059,12393.08
8414,-5.2912,50,0,-3.9458,2.3162,0.19,1.3814,12394.46
8415,-2.9858,50,0,-3.9754,2.2847,0.18,1.3861,12395.85
8416,-6.3332,50,0,-4.0098,2.294,0.18,1.3771,12397.22
8417,-6.6044,50,0,-4.0348,2.3085,0.18,1.3936,12398.62
8418,-4.5894,50,0,-4.0803,2.2737,0.17,2.6153,12401.23
8419,-0.0371,1,1,-4.0495,2.3072,0.18,0.0264,12401.26
8420,-5.675,50,0,-4.0614,2.3125,0.18,1.38,12402.64
8421,-4.1249,50,0,-4.0724,2.3101,0.18,1.3376,12403.98
8422,-4.7853,50,0,-4.0688,2.3087,0.18,1.3467,12405.32
8423,-7.4243,50,0,-4.0877,2.3283,0.18,1.2924,12406.62
8424,-4.7774,50,0,-4.1352,2.2933,0.17,1.3159,12407.93
8425,-6.7325,50,0,-4.1235,2.2769,0.17,1.3928,12409.32
8426,-23.0125,50,0,-4.3207,2.9506,0.17,1.3622,12410.69
8427,-1.2373,13,1,-4.2784,2.9642,0.18,0.3453,12411.03
8428,-4.7938,50,0,-4.2772,2.9639,0.18,1.3628,12412.39
8429,-8.7198,50,0,-4.329,2.9957,0.18,1.362,12413.76
8430,-10.3007,50,0,-4.4315,3.0227,0.17,1.4012,12415.16
8431,-0.0393,1,1,-4.3912,3.054,0.18,0.0292,12415.19
8432,-2.7675,50,0,-4.3927,3.0531,0.18,1.4172,12416.6
8433,-6.34,50,0,-4.4074,3.0589,0.18,1.4243,12418.03
8434,-5.4785,50,0,-4.4276,3.0592,0.18,1.3805,12419.41
8435,-0.0412,1,1,-4.3925,3.0891,0.19,0.0268,12419.44
8436,-2.9395,50,0,-4.3633,3.0889,0.19,1.3273,12420.76
8437,-0.0166,1,1,-4.3278,3.1181,0.2,0.0305,12420.79
8438,-6.1817,50,0,-4.3582,3.1212,0.2,1.303,12422.1
8439,-2.8087,50,0,-4.3329,3.1235,0.2,1.3504,12423.45
8440,-4.405,50,0,-4.3766,3.0935,0.19,1.3205,12424.77
8441,-5.2611,50,0,-4.3679,3.0898,0.19,1.3734,12426.14
8442,-7.5698,50,0,-4.3949,3.1058,0.19,1.6401,12427.78
8443,-4.6227,50,0,-4.3852,3.1036,0.19,1.564,12429.34
8444,-0.0408,1,1,-4.3852,3.1036,0.19,0.0266,12429.37
8445,-4.2856,50,0,-4.3788,3.1031,0.19,1.5182,12430.89
8446,-11.5038,50,0,-4.4937,3.1517,0.18,1.5907,12432.48
8447,-8.757,50,0,-4.5361,3.1801,0.18,1.4164,12433.9
8448,-0.0179,1,1,-4.5051,3.2087,0.19,0.0289,12433.93
8449,-0.0422,1,1,-4.4463,3.236,0.2,0.0323,12433.96
8450,-8.1922,50,0,-4.4801,3.2572,0.2,1.3446,12435.3
8451,-0.0238,1,1,-4.4799,3.2575,0.2,0.0319,12435.33
8452,-5.6098,50,0,-4.4885,3.2593,0.2,1.4308,12436.77
8453,-5.5917,50,0,-4.544,3.2303,0.19,1.3426,12438.11
8454,-0.0401,1,1,-4.488,3.2593,0.2,0.0241,12438.13
8455,-2.9897,50,0,-4.4738,3.2627,0.2,1.4241,12439.56
8456,-0.0121,1,1,-4.4277,3.2927,0.21,0.0256,12439.58
8457,-6.6473,50,0,-4.4556,3.2996,0.21,1.5575,12441.14
8458,-4.6167,50,0,-4.4663,3.2983,0.21,1.5917,12442.73
8459,-4.7957,50,0,-4.485,3.2948,0.21,1.6026,12444.33
8460,-4.9466,50,0,-4.4811,3.2941,0.21,1.4669,12445.8
8461,-3.0648,50,0,-4.4691,3.297,0.21,1.8444,12447.65
8462,-4.694,50,0,-4.516,3.2665,0.2,1.7486,12449.39
8463,-0.0194,1,1,-4.4596,3.2948,0.21,0.0309,12449.42
8464,-8.9626,50,0,-4.4823,3.3179,0.21,1.6543,12451.08
8465,-0.0488,1,1,-4.4219,3.343,0.22,0.0364,12451.12
8466,-6.2138,50,0,-4.4558,3.3438,0.22,1.5824,12452.7
8467,-0.0431,1,1,-4.4051,3.3717,0.23,0.0341,12452.73
8468,-0.0329,1,1,-4.3651,3.3995,0.24,0.0324,12452.76
8469,-4.0121,50,0,-4.3744,3.3973,0.24,1.6053,12454.37
8470,-5.0998,50,0,-4.4253,3.3695,0.23,1.6608,12456.03
8471,-4.4529,50,0,-4.4303,3.3692,0.23,1.7996,12457.83
8472,-0.0354,1,1,-4.4056,3.3922,0.24,0.042,12457.87
8473,-7.449,50,0,-4.42,3.402,0.24,1.7697,12459.64
8474,-7.7972,50,0,-4.4517,3.4185,0.24,1.7696,12461.41
8475,-5.2065,50,0,-4.4256,3.4026,0.24,1.6961,12463.11
8476,-3.8371,50,0,-4.4091,3.4015,0.24,1.9667,12465.07
8477,-4.6398,50,0,-4.4031,3.4005,0.24,1.9158,12466.99
8478,-9.6635,50,0,-4.45,3.4402,0.24,1.6553,12468.65
8479,-0.0356,1,1,-4.404,3.468,0.25,0.0384,12468.68
8480,-3.8981,50,0,-4.4426,3.4406,0.24,1.8014,12470.48
8481,-6.5097,50,0,-4.4384,3.4378,0.24,1.6365,12472.12
8482,-4.1466,50,0,-4.4796,3.4093,0.23,1.6627,12473.78
8483,-7.0488,50,0,-4.4905,3.4158,0.23,1.9034,12475.69
8484,-0.048,1,1,-4.4433,3.4441,0.24,0.0352,12475.72
8485,-4.3899,50,0,-4.4188,3.4357,0.24,1.6996,12477.42
8486,-0.0263,1,1,-4.3649,3.4618,0.25,0.0334,12477.46
8487,-0.0383,1,1,-4.2635,3.4383,0.26,0.0301,12477.49
8488,-2.7456,50,0,-4.2904,3.4157,0.25,1.6536,12479.14
8489,-5.6192,50,0,-4.2868,3.414,0.25,1.638,12480.78
8490,-5.005,50,0,-4.2881,3.4143,0.25,1.6976,12482.48
8491,-3.6556,50,0,-4.2894,3.414,0.25,1.6912,12484.17
8492,-5.2361,50,0,-4.3416,3.3882,0.24,1.6093,12485.78
8493,-5.6352,50,0,-4.3479,3.39,0.24,1.8415,12487.62
8494,-9.933,50,0,-4.4045,3.4352,0.24,1.9172,12489.53
8495,-3.5393,50,0,-4.3857,3.4347,0.24,1.5576,12491.09
8496,-6.6815,50,0,-4.4013,3.4416,0.24,1.8626,12492.95
8497,-0.0176,1,1,-4.4012,3.4417,0.24,0.0425,12493.0
8498,-6.251,50,0,-4.4276,3.4456,0.24,2.0909,12495.09
8499,-6.5387,50,0,-4.4229,3.4424,0.24,1.9437,12497.03
8500,-0.0394,1,1,-4.3805,3.4699,0.25,0.0407,12497.07
8501,-5.7379,50,0,-4.3975,3.4723,0.25,1.9334,12499.01
8502,-3.5245,50,0,-4.4062,3.4691,0.25,1.6822,12500.69
8503,-5.7869,50,0,-4.4359,3.468,0.25,1.5317,12502.22
8504,-0.0493,1,1,-4.4361,3.4678,0.25,0.0332,12502.25
8505,-2.9229,50,0,-4.4651,3.4428,0.24,1.5687,12503.82
8506,-2.9018,50,0,-4.4152,3.4289,0.24,1.6221,12505.44
8507,-3.9655,50,0,-4.3675,3.4015,0.24,1.3829,12506.83
8508,-0.0341,1,1,-4.3673,3.4016,0.24,0.0265,12506.85
8509,-4.863,50,0,-4.3669,3.4016,0.24,1.5046,12508.36
8510,-5.585,50,0,-4.3863,3.4029,0.24,1.5139,12509.87
8511,-2.9504,50,0,-4.3537,3.4009,0.24,1.3959,12511.27
8512,-0.0368,1,1,-4.3165,3.4274,0.25,0.027,12511.29
8513,-0.0379,1,1,-4.2472,3.4431,0.26,0.0334,12511.33
8514,-4.1542,50,0,-4.2358,3.4415,0.26,1.4032,12512.73
8515,-2.7463,50,0,-4.2334,3.4425,0.26,1.4115,12514.14
8516,-2.9613,50,0,-4.1997,3.4382,0.26,1.5119,12515.65
8517,-5.1964,50,0,-4.1856,3.4312,0.26,1.5153,12517.17
8518,-10.1609,50,0,-4.2413,3.4822,0.26,1.3456,12518.52
8519,-8.2347,50,0,-4.3233,3.4788,0.25,1.4507,12519.97
8520,-5.3959,50,0,-4.3205,3.4778,0.25,1.5481,12521.51
8521,-2.9658,50,0,-4.3089,3.4803,0.25,1.5372,12523.05
8522,-2.7431,50,0,-4.2885,3.4835,0.25,1.6648,12524.72
8523,-4.9756,50,0,-4.264,3.4699,0.25,1.7984,12526.51
8524,-5.0826,50,0,-4.267,3.4705,0.25,1.8627,12528.38
8525,-3.4257,50,0,-4.234,3.4626,0.25,1.4844,12529.86
8526,-0.0375,1,1,-4.0042,2.9303,0.26,0.0262,12529.89
8527,-5.626,50,0,-4.0481,2.9214,0.25,1.4588,12531.35
8528,-0.0443,1,1,-4.0006,2.9474,0.26,0.0274,12531.37
8529,-0.028,1,1,-3.9137,2.9351,0.27,0.0322,12531.41
8530,-0.0473,1,1,-3.8112,2.8889,0.28,0.0311,12531.44
8531,-5.3032,50,0,-3.8638,2.8675,0.27,1.3952,12532.83
8532,-4.5977,50,0,-3.8821,2.8663,0.27,1.3823,12534.21
8533,-14.183,50,0,-3.9605,3.0349,0.27,1.4443,12535.66
8534,-5.6449,50,0,-3.9622,3.0357,0.27,1.3529,12537.01
8535,-4.6462,50,0,-4.0083,3.0107,0.26,1.3774,12538.39
8536,-4.572,50,0,-4.0246,3.0093,0.26,1.4153,12539.8
8537,-6.0022,50,0,-4.0844,2.9885,0.25,1.5147,12541.32
8538,-4.6688,50,0,-4.0693,2.9816,0.25,1.4244,12542.74
8539,-3.7356,50,0,-4.0786,2.9791,0.25,1.4009,12544.14
8540,-8.0417,50,0,-4.1149,3.005,0.25,1.4653,12545.61
8541,-0.0354,1,1,-4.0627,3.0299,0.26,0.0364,12545.65
8542,-0.0443,1,1,-3.9874,3.0353,0.27,0.0278,12545.67
8543,-4.6465,50,0,-3.9877,3.0354,0.27,1.3705,12547.04
8544,-5.367,50,0,-4.0409,3.0123,0.26,1.4298,12548.47
8545,-0.0139,1,1,-3.9982,3.0387,0.27,0.0339,12548.51
8546,-5.3997,50,0,-3.9372,2.9473,0.27,1.4265,12549.93
8547,-6.4851,50,0,-3.9145,2.9186,0.27,1.552,12551.49
8548,-5.368,50,0,-3.968,2.8957,0.26,1.5759,12553.06
8549,-0.0255,1,1,-3.9678,2.8959,0.26,0.0411,12553.1
8550,-0.0243,1,1,-3.8861,2.8908,0.27,0.0385,12553.14
8551,-4.3973,50,0,-3.9298,2.865,0.26,1.5336,12554.68
8552,-4.378,50,0,-3.9175,2.8604,0.26,1.3576,12556.03
8553,-5.0616,50,0,-3.9122,2.8578,0.26,1.3624,12557.4
8554,-25.5568,50,0,-4.1674,3.5548,0.25,1.4871,12558.88
8555,-3.4939,50,0,-4.1724,3.5535,0.25,1.6438,12560.53
8556,-0.0424,1,1,-4.1727,3.5531,0.25,0.0403,12560.57
8557,-0.0474,1,1,-4.1067,3.5678,0.26,0.0402,12560.61
8558,-4.8196,50,0,-4.1088,3.5682,0.26,1.7066,12562.31
8559,-2.6052,50,0,-4.0869,3.5706,0.26,1.754,12564.07
8560,-6.2735,50,0,-4.1001,3.5762,0.26,1.5247,12565.59
8561,-10.0461,50,0,-4.1699,3.6232,0.26,1.4872,12567.08
8562,-0.0357,1,1,-4.1234,3.646,0.27,0.0326,12567.11
8563,-2.9133,50,0,-4.1523,3.6247,0.26,1.4495,12568.56
8564,-7.1651,50,0,-4.1343,3.6052,0.26,1.4517,12570.01
8565,-3.0987,50,0,-4.1648,3.5834,0.25,1.5667,12571.58
8566,-3.0788,50,0,-4.1335,3.579,0.25,1.3836,12572.96
8567,-5.3904,50,0,-4.1869,3.5574,0.24,1.3804,12574.34
8568,-3.3873,50,0,-4.2205,3.5338,0.23,1.3324,12575.68
8569,-4.7881,50,0,-4.2283,3.5342,0.23,1.4392,12577.12
8570,-4.2695,50,0,-4.2199,3.5331,0.23,1.556,12578.67
8571,-0.0188,1,1,-4.1756,3.5577,0.24,0.036,12578.71
8572,-4.2201,50,0,-4.2175,3.5332,0.23,1.577,12580.28
8573,-3.4101,50,0,-4.1771,3.5191,0.23,1.4609,12581.75
8574,-5.3486,50,0,-4.1526,3.5023,0.23,1.3818,12583.13
8575,-5.4729,50,0,-4.1552,3.5032,0.23,1.3924,12584.52
8576,-3.7367,50,0,-4.1542,3.5033,0.23,1.6285,12586.15
8577,-0.0493,1,1,-4.1083,3.5267,0.24,0.0357,12586.18
8578,-10.589,50,0,-4.1176,3.5424,0.24,1.6249,12587.81
8579,-4.7257,50,0,-4.1645,3.519,0.23,1.4854,12589.29
8580,-2.8217,50,0,-4.1537,3.5215,0.23,1.4792,12590.77
8581,-6.4783,50,0,-4.1534,3.5213,0.23,1.5853,12592.36
8582,-6.6409,50,0,-4.1784,3.53,0.23,1.5832,12593.94
8583,-4.2509,50,0,-4.1504,3.5182,0.23,1.5172,12595.46
8584,-7.0252,50,0,-4.2201,3.5053,0.22,1.5182,12596.98
8585,-5.145,50,0,-4.2277,3.5064,0.22,1.3775,12598.36
8586,-17.2614,50,0,-4.4,3.7132,0.21,1.545,12599.9
8587,-3.8354,50,0,-4.438,3.6877,0.2,1.6667,12601.57
8588,-7.5689,50,0,-4.4863,3.6968,0.2,1.5649,12603.13
8589,-5.5168,50,0,-4.4852,3.6965,0.2,1.5195,12604.65
8590,-5.0073,50,0,-4.4853,3.6965,0.2,1.5739,12606.23
8591,-0.0465,1,1,-4.4492,3.7219,0.21,0.029,12606.25
8592,-4.1441,50,0,-4.4382,3.7212,0.21,1.5556,12607.81
8593,-4.6482,50,0,-4.4284,3.7193,0.21,2.0411,12609.85
8594,-5.5189,50,0,-4.3842,3.6797,0.21,2.0216,12611.87
8595,-6.8496,50,0,-4.4173,3.6869,0.21,1.8539,12613.73
8596,-3.651,50,0,-4.387,3.6806,0.21,1.4819,12615.21
8597,-0.0365,1,1,-4.3872,3.6804,0.21,0.0381,12615.25
8598,-3.1583,50,0,-4.3563,3.6776,0.21,1.6753,12616.92
8599,-3.1637,50,0,-4.3225,3.6729,0.21,1.4808,12618.4
8600,-4.1176,50,0,-4.3633,3.6476,0.2,1.5071,12619.91
8601,-6.3289,50,0,-4.3692,3.6503,0.2,1.5487,12621.46
8602,-4.2031,50,0,-4.376,3.6494,0.2,1.6779,12623.14
8603,-7.6024,50,0,-4.3942,3.6609,0.2,2.1883,12625.32
8604,-4.1762,50,0,-4.4354,3.6348,0.19,1.4628,12626.79
8605,-7.3436,50,0,-4.4797,3.643,0.19,1.7039,12628.49
8606,-3.4111,50,0,-4.4847,3.6412,0.19,1.5656,12630.06
8607,-0.0121,1,1,-4.4452,3.668,0.2,0.0266,12630.08
8608,-6.6164,50,0,-4.511,3.6472,0.19,1.5121,12631.6
8609,-20.458,50,0,-4.667,3.9774,0.19,1.4571,12633.05
8610,-9.4035,50,0,-4.7052,4.0043,0.19,1.4252,12634.48
8611,-4.9263,50,0,-4.7249,4.0004,0.19,1.4024,12635.88
8612,-5.5884,50,0,-4.7804,3.9734,0.18,1.3822,12637.26
8613,-3.0377,50,0,-4.8104,3.9487,0.17,1.4887,12638.75
8614,-5.9966,50,0,-4.8289,3.9499,0.17,1.4444,12640.2
8615,-2.93,50,0,-4.8307,3.949,0.17,1.4847,12641.68
8616,-2.6306,50,0,-4.8274,3.9507,0.17,1.5104,12643.19
8617,-3.6803,50,0,-4.8122,3.9522,0.17,1.5569,12644.75
8618,-2.8744,50,0,-4.7394,3.9199,0.17,1.7854,12646.53
8619,-0.0277,1,1,-4.6573,3.9318,0.18,0.0313,12646.56
8620,-4.5718,50,0,-4.6491,3.9311,0.18,1.576,12648.14
8621,-0.037,1,1,-4.6198,3.9544,0.19,0.0376,12648.18
8622,-3.7174,50,0,-4.6295,3.9509,0.19,1.5798,12649.76
8623,-5.2485,50,0,-4.6322,3.9513,0.19,1.7332,12651.49
8624,-9.7246,50,0,-4.6787,3.9834,0.19,1.7293,12653.22
8625,-4.5692,50,0,-4.6901,3.9814,0.19,1.8398,12655.06
8626,-3.7583,50,0,-4.7273,3.9551,0.18,1.7341,12656.79
8627,-0.0212,1,1,-4.6713,3.9816,0.19,0.0326,12656.83
8628,-6.9931,50,0,-4.7407,3.9608,0.18,1.8353,12658.66
8629,-0.0419,1,1,-4.7409,3.9606,0.18,0.0361,12658.7
8630,-5.3612,50,0,-4.794,3.9329,0.17,1.6364,12660.33
8631,-5.902,50,0,-4.8,3.9341,0.17,1.8254,12662.16
8632,-4.1949,50,0,-4.796,3.9345,0.17,1.7897,12663.95
8633,-5.0527,50,0,-4.7047,3.8199,0.17,1.6165,12665.57
8634,-0.0395,1,1,-4.6486,3.8467,0.18,0.0324,12665.6
8635,-4.2948,50,0,-4.6451,3.8469,0.18,1.6786,12667.28
8636,-6.8162,50,0,-4.6676,3.8529,0.18,1.5986,12668.88
8637,-0.0319,1,1,-4.6079,3.8779,0.19,0.0345,12668.91
8638,-4.8768,50,0,-4.6099,3.878,0.19,1.7334,12670.64
8639,-2.8029,50,0,-4.6006,3.8812,0.19,1.6932,12672.34
8640,-0.037,1,1,-4.5206,3.892,0.2,0.0343,12672.37
8641,-4.3161,50,0,-4.5634,3.8659,0.19,1.5974,12673.97
8642,-5.3513,50,0,-4.6164,3.8398,0.18,1.5513,12675.52
8643,-3.0628,50,0,-4.6006,3.8429,0.18,1.5082,12677.03
8644,-5.9259,50,0,-4.6062,3.8444,0.18,1.6494,12678.68
8645,-0.0384,1,1,-4.6064,3.8441,0.18,0.0342,12678.71
8646,-0.0402,1,1,-4.5528,3.87,0.19,0.0289,12678.74
8647,-4.4896,50,0,-4.5329,3.8651,0.19,1.5469,12680.29
8648,-39.8945,50,0,-4.8781,5.2266,0.19,1.5993,12681.89
8649,-3.6522,50,0,-4.9144,5.2053,0.18,2.1246,12684.01
8650,-4.7525,50,0,-4.9617,5.1821,0.17,1.7686,12685.78
8651,-5.5906,50,0,-4.9736,5.1822,0.17,1.6877,12687.47
8652,-3.6703,50,0,-4.9666,5.1835,0.17,1.654,12689.12
8653,-0.0472,1,1,-4.9164,5.2065,0.18,0.0413,12689.16
8654,-5.007,50,0,-4.7109,4.7755,0.18,2.1325,12691.3
8655,-11.5125,50,0,-4.7911,4.8215,0.18,1.686,12692.98
8656,-2.7362,50,0,-4.818,4.8024,0.17,1.8479,12694.83
8657,-0.0413,1,1,-4.818,4.8024,0.17,0.0457,12694.88
8658,-4.6816,50,0,-4.8166,4.8024,0.17,1.9264,12696.8
8659,-3.8063,50,0,-4.8286,4.7984,0.17,1.8688,12698.67
8660,-2.6418,50,0,-4.7923,4.8011,0.17,1.5601,12700.23
8661,-0.0291,1,1,-4.6921,4.7949,0.18,0.037,12700.27
8662,-6.0584,50,0,-4.7523,4.7738,0.17,1.6244,12701.89
8663,-4.6098,50,0,-4.7693,4.7703,0.17,1.417,12703.31
8664,-0.0341,1,1,-4.698,4.7872,0.18,0.0266,12703.34
8665,-6.701,50,0,-4.734,4.7886,0.18,1.4261,12704.76
8666,-4.1705,50,0,-4.7449,4.786,0.18,1.4258,12706.19
8667,-10.2491,50,0,-4.7935,4.8169,0.18,1.698,12707.89
8668,-4.9817,50,0,-4.8095,4.8149,0.18,1.7656,12709.65
8669,-0.0265,1,1,-4.7619,4.8383,0.19,0.0355,12709.69
8670,-3.0675,50,0,-4.7498,4.841,0.19,1.6985,12711.39
8671,-3.4117,50,0,-4.7838,4.8196,0.18,1.7385,12713.12
8672,-4.4472,50,0,-4.786,4.8194,0.18,1.6026,12714.73
8673,-3.1755,50,0,-4.7837,4.8201,0.18,2.8753,12717.6
8674,-4.4893,50,0,-4.7751,4.8199,0.18,1.7468,12719.35
8675,-4.9004,50,0,-4.7694,4.8194,0.18,1.6157,12720.96
8676,-3.8611,50,0,-4.7706,4.8191,0.18,1.6342,12722.6
8677,-3.6415,50,0,-4.8065,4.7971,0.17,1.6382,12724.24
8678,-0.0491,1,1,-4.7011,4.7847,0.18,0.0357,12724.27
8679,-2.8372,50,0,-4.6823,4.7883,0.18,1.867,12726.14
8680,-2.7379,50,0,-4.6814,4.7886,0.18,1.6703,12727.81
8681,-30.9209,50,0,-4.9258,5.452,0.18,1.5812,12729.39
8682,-4.7845,50,0,-4.9073,5.4492,0.18,1.6003,12730.99
8683,-5.6313,50,0,-4.9211,5.4493,0.18,1.7231,12732.71
8684,-2.6969,50,0,-4.8778,5.4496,0.18,1.7649,12734.48
8685,-0.0413,1,1,-4.8268,5.4707,0.19,0.0367,12734.52
8686,-3.7408,50,0,-4.6916,5.3269,0.19,1.5736,12736.09
8687,-0.0449,1,1,-4.6537,5.3463,0.2,0.0307,12736.12
8688,-3.1629,50,0,-4.6096,5.3403,0.2,1.6112,12737.73
8689,-4.6765,50,0,-4.6012,5.3395,0.2,1.6404,12739.37
8690,-0.0189,1,1,-4.5513,5.3588,0.21,0.0309,12739.4
8691,-0.0258,1,1,-4.5511,5.3589,0.21,0.0347,12739.44
8692,-2.7254,50,0,-4.5369,5.3619,0.21,1.8009,12741.24
8693,-4.5219,50,0,-4.5356,5.3619,0.21,1.598,12742.84
8694,-2.8259,50,0,-4.5087,5.3636,0.21,1.5424,12744.38
8695,-3.5831,50,0,-4.4761,5.3592,0.21,1.633,12746.01
8696,-4.8208,50,0,-4.4877,5.3587,0.21,1.6447,12747.66
8697,-4.8121,50,0,-4.5355,5.34,0.2,1.9331,12749.59
8698,-6.1547,50,0,-4.5655,5.3406,0.2,1.8624,12751.45
8699,-0.044,1,1,-4.5343,5.3578,0.21,0.0327,12751.48
8700,-4.7505,50,0,-4.5406,5.3577,0.21,1.6293,12753.11
8701,-2.6296,50,0,-4.5036,5.358,0.21,1.5481,12754.66
8702,-5.711,50,0,-4.5187,5.3592,0.21,1.3979,12756.06
8703,-5.3868,50,0,-4.4965,5.351,0.21,1.3045,12757.36
8704,-5.0967,50,0,-4.5057,5.3513,0.21,1.5674,12758.93
8705,-6.0043,50,0,-4.4923,5.3458,0.21,1.7048,12760.64
8706,-6.2029,50,0,-4.5203,5.3474,0.21,1.6373,12762.27
8707,-0.037,1,1,-4.5205,5.3472,0.21,0.0363,12762.31
8708,-3.8436,50,0,-4.4928,5.3434,0.21,1.4639,12763.77
8709,-5.0513,50,0,-4.3387,5.0973,0.21,1.3696,12765.14
8710,-3.66,50,0,-4.2813,5.0722,0.21,1.4557,12766.6
8711,-1.5354,20,1,-4.2474,5.0791,0.22,0.6163,12767.22
8712,-3.3158,50,0,-4.2246,5.0781,0.22,1.3733,12768.59
8713,-4.2659,50,0,-4.2369,5.0767,0.22,1.3351,12769.92
8714,-3.739,50,0,-4.2143,5.0739,0.22,1.5952,12771.52
8715,-3.5818,50,0,-4.2209,5.0727,0.22,1.6101,12773.13
8716,-3.928,50,0,-4.2338,5.0702,0.22,1.8172,12774.95
8717,-5.0303,50,0,-4.2473,5.0705,0.22,1.6826,12776.63
8718,-0.0411,1,1,-4.219,5.086,0.23,0.0324,12776.66
8719,-5.15,50,0,-4.2702,5.0693,0.22,1.6535,12778.31
8720,-9.894,50,0,-4.3235,5.1001,0.22,1.6155,12779.93
8721,-8.3073,50,0,-4.4062,5.0969,0.21,1.7175,12781.65
8722,-7.0843,50,0,-4.4398,5.1034,0.21,1.5298,12783.18
8723,-4.3484,50,0,-4.4308,5.1027,0.21,1.6147,12784.79
8724,-5.421,50,0,-4.3878,5.076,0.21,1.6606,12786.45
8725,-0.0363,1,1,-4.3425,5.0944,0.22,0.039,12786.49
8726,-0.0237,1,1,-4.3051,5.1122,0.23,0.0353,12786.53
8727,-5.6065,50,0,-4.361,5.0956,0.22,1.5338,12788.06
8728,-0.047,1,1,-4.2915,5.1065,0.23,0.0289,12788.09
8729,-0.0095,1,1,-4.2912,5.1068,0.23,0.035,12788.13
8730,-0.7723,10,1,-4.2453,5.1176,0.24,0.33,12788.46
8731,-3.86,50,0,-4.2249,5.115,0.24,1.4634,12789.92
8732,-0.0228,1,1,-4.1831,5.1321,0.25,0.0312,12789.95
8733,-4.2309,50,0,-4.1749,5.1313,0.25,1.4457,12791.4
8734,-4.1434,50,0,-4.216,5.1145,0.24,1.2514,12792.65
8735,-4.2776,50,0,-4.2158,5.1145,0.24,1.4099,12794.06
8736,-3.303,50,0,-4.1807,5.1086,0.24,1.389,12795.45
8737,-2.6013,50,0,-4.2064,5.0941,0.23,1.695,12797.14
8738,-2.1904,36,1,-4.1795,5.0975,0.24,1.0705,12798.21
8739,-4.5005,50,0,-4.1965,5.0957,0.24,1.3782,12799.59
8740,-6.4707,50,0,-4.2608,5.0834,0.23,1.5834,12801.17
8741,-4.463,50,0,-4.2623,5.0835,0.23,1.4256,12802.6
8742,-5.9643,50,0,-4.2684,5.0851,0.23,1.3221,12803.92
8743,-0.0325,1,1,-4.2381,5.1012,0.24,0.0246,12803.95
8744,-5.2301,50,0,-4.2311,5.0994,0.24,1.2555,12805.2
8745,-4.2414,50,0,-4.2732,5.082,0.23,1.2311,12806.43
8746,-0.0209,1,1,-4.273,5.0821,0.23,0.0224,12806.45
8747,-0.0328,1,1,-4.2284,5.0995,0.24,0.024,12806.48
8748,-4.6806,50,0,-3.8763,3.628,0.24,1.2284,12807.71
8749,-5.9294,50,0,-3.899,3.6337,0.24,1.2675,12808.97
8750,-3.2496,50,0,-3.884,3.6333,0.24,1.2633,12810.24
8751,-4.263,50,0,-3.8707,3.6294,0.24,1.2431,12811.48
8752,-2.7546,50,0,-3.8616,3.6311,0.24,1.2416,12812.72
8753,-4.438,50,0,-3.9055,3.6112,0.23,1.2613,12813.98
8754,-3.8414,50,0,-3.8938,3.6095,0.23,1.2228,12815.21
8755,-0.0057,1,1,-3.7788,3.5477,0.24,0.0245,12815.23
8756,-6.2503,50,0,-3.8139,3.5545,0.24,1.2427,12816.47
8757,-0.0242,1,1,-3.8137,3.5547,0.24,0.0292,12816.5
8758,-0.0223,1,1,-3.7671,3.5735,0.25,0.0237,12816.53
8759,-0.0313,1,1,-3.7294,3.5928,0.26,0.0249,12816.55
8760,-11.0697,50,0,-3.8137,3.6644,0.26,1.2787,12817.83
8761,-0.0484,1,1,-3.8139,3.6642,0.26,0.03,12817.86
8762,-4.3417,50,0,-3.7967,3.6577,0.26,1.2365,12819.1
8763,-4.4505,50,0,-3.7951,3.6574,0.26,1.2236,12820.32
8764,-4.4647,50,0,-3.8394,3.6383,0.25,1.2726,12821.59
8765,-3.5907,50,0,-3.8083,3.627,0.25,1.5272,12823.12
8766,-8.9283,50,0,-3.8559,3.6625,0.25,1.3468,12824.47
8767,-2.7348,50,0,-3.7807,3.6072,0.25,1.2392,12825.71
8768,-3.8618,50,0,-3.7695,3.6052,0.25,1.2367,12826.94
8769,-3.6357,50,0,-3.8056,3.5856,0.24,1.2583,12828.2
8770,-0.0432,1,1,-3.7754,3.6044,0.25,0.0246,12828.23
8771,-6.344,50,0,-3.8047,3.6132,0.25,1.2382,12829.46
8772,-6.0837,50,0,-3.8211,3.6198,0.25,1.2714,12830.74
8773,-2.9093,50,0,-3.8184,3.6204,0.25,1.2397,12831.98
8774,-0.047,1,1,-3.774,3.6391,0.26,0.0266,12832.0
8775,-4.1138,50,0,-3.7661,3.6375,0.26,1.2404,12833.24
8776,-6.8577,50,0,-3.7961,3.6504,0.26,1.241,12834.48
8777,-4.8132,50,0,-3.8078,3.6518,0.26,1.2667,12835.75
8778,-4.6748,50,0,-3.8541,3.6332,0.25,1.1947,12836.94
8779,-21.3281,50,0,-4.039,4.026,0.25,1.203,12838.15
8780,-4.514,50,0,-4.0567,4.0241,0.25,1.3886,12839.54
8781,-0.0183,1,1,-3.7477,3.0074,0.26,0.034,12839.57
8782,-3.5985,50,0,-3.7359,3.0056,0.26,1.4545,12841.02
8783,-3.9839,50,0,-3.7194,2.9997,0.26,1.2373,12842.26
8784,-0.0254,1,1,-3.6927,3.0205,0.27,0.0278,12842.29
8785,-5.0183,50,0,-3.7424,3.0009,0.26,1.4573,12843.75
8786,-7.0776,50,0,-3.7758,3.0192,0.26,1.5029,12845.25
8787,-4.8636,50,0,-3.824,2.9976,0.25,1.4632,12846.71
8788,-13.6335,50,0,-3.9287,3.1516,0.25,1.3459,12848.06
8789,-26.9793,50,0,-4.1517,3.8975,0.25,1.1994,12849.26
8790,-5.1619,50,0,-4.2032,3.8765,0.24,1.242,12850.5
8791,-0.877,11,1,-4.2117,3.8683,0.24,0.2526,12850.75
8792,-0.0481,1,1,-4.1849,3.8877,0.25,0.0225,12850.78
8793,-4.8192,50,0,-4.1879,3.888,0.25,1.169,12851.94
8794,-4.4418,50,0,-4.204,3.8857,0.25,1.1787,12853.12
8795,-0.036,1,1,-4.1686,3.9073,0.26,0.0252,12853.15
8796,-6.2921,50,0,-4.1833,3.9125,0.26,1.5301,12854.68
8797,-9.5201,50,0,-4.2304,3.948,0.26,1.3533,12856.03
8798,-6.2665,50,0,-4.2315,3.9485,0.26,1.2628,12857.29
8799,-5.2637,50,0,-4.2837,3.9273,0.25,1.2592,12858.55
8800,-5.4305,50,0,-4.2905,3.9287,0.25,1.4276,12859.98
8801,-0.7107,9,1,-4.2713,3.9414,0.26,0.2356,12860.22
8802,-0.0182,1,1,-4.2144,3.9613,0.27,0.0286,12860.25
8803,-7.0302,50,0,-4.2308,3.9695,0.27,1.4382,12861.68
8804,-3.9418,50,0,-4.2192,3.9686,0.27,1.5997,12863.28
8805,-3.2692,50,0,-4.1919,3.9657,0.27,1.7453,12865.03
8806,-0.0435,1,1,-4.1303,3.9818,0.28,0.0631,12865.09
8807,-0.0207,1,1,-4.1301,3.9819,0.28,0.0352,12865.13
8808,-5.8662,50,0,-4.1504,3.9856,0.28,1.8267,12866.95
8809,-3.252,50,0,-4.1324,3.9855,0.28,1.967,12868.92
8810,-3.6729,50,0,-4.1325,3.9855,0.28,1.7376,12870.66
8811,-1.0325,13,1,-4.1275,3.9891,0.28,0.429,12871.09
8812,-4.6052,50,0,-4.1404,3.9885,0.28,1.7173,12872.8
8813,-6.5829,50,0,-4.1635,3.9959,0.28,1.6819,12874.49
8814,-0.0306,1,1,-4.1264,4.0168,0.29,0.0326,12874.52
8815,-4.1528,50,0,-4.1322,4.0165,0.29,1.6475,12876.17
8816,-1.4161,20,1,-4.107,4.0255,0.3,0.6891,12876.86
8817,-3.2334,50,0,-4.0891,4.0253,0.3,1.8653,12878.72
8818,-2.8277,50,0,-4.1169,4.0068,0.29,1.7263,12880.45
8819,-0.0425,1,1,-4.0659,4.0258,0.3,0.0526,12880.5
8820,-4.3542,50,0,-4.0105,3.9831,0.3,1.9013,12882.4
8821,-3.6854,50,0,-3.9642,3.9598,0.3,1.6854,12884.09
8822,-4.7741,50,0,-3.9411,3.9482,0.3,2.0802,12886.17
8823,-6.4634,50,0,-3.9623,3.956,0.3,1.7694,12887.94
8824,-3.5184,50,0,-3.9433,3.9535,0.3,1.9832,12889.92
8825,-1.2936,21,1,-3.9558,3.9431,0.3,0.726,12890.65
8826,-3.6718,50,0,-3.9923,3.9233,0.29,1.6563,12892.3
8827,-8.4188,50,0,-4.0204,3.9448,0.29,1.7471,12894.05
8828,-4.6125,50,0,-4.0661,3.9249,0.28,1.6698,12895.72
8829,-0.0486,1,1,-4.0665,3.9245,0.28,0.0388,12895.76
8830,-0.0269,1,1,-4.059,3.9315,0.28,0.0318,12895.79
8831,-3.2781,50,0,-4.0532,3.9322,0.28,1.836,12897.63
8832,-4.9101,50,0,-4.1021,3.9121,0.27,1.8327,12899.46
8833,-3.0796,50,0,-4.0906,3.9134,0.27,1.7439,12901.2
8834,-8.0329,50,0,-4.1295,3.933,0.27,1.6178,12902.82
8835,-4.1194,50,0,-4.1279,3.933,0.27,1.6668,12904.49
8836,-5.0986,50,0,-4.1458,3.9333,0.27,1.9563,12906.44
8837,-7.1619,50,0,-4.1915,3.9416,0.27,2.1885,12908.63
8838,-2.0149,20,1,-4.1897,3.9425,0.27,0.9369,12909.57
8839,-5.8206,50,0,-4.2029,3.9457,0.27,2.0511,12911.62
8840,-5.5964,50,0,-4.1942,3.9417,0.27,2.4542,12914.07
8841,-5.5961,50,0,-4.2055,3.944,0.27,2.6985,12916.77
8842,-9.9117,50,0,-4.245,3.981,0.27,2.9283,12919.7
8843,-3.5853,50,0,-4.2805,3.9591,0.26,2.3568,12922.06
8844,-5.0761,50,0,-4.2789,3.9587,0.26,2.4318,12924.49
8845,-4.2056,50,0,-4.2786,3.9587,0.26,1.9141,12926.4
8846,-5.2739,50,0,-4.3311,3.9367,0.25,1.5693,12927.97
8847,-2.6177,50,0,-4.357,3.9168,0.24,1.8971,12929.87
8848,-4.085,50,0,-4.351,3.9168,0.24,1.7772,12931.65
8849,-0.0399,1,1,-4.2921,3.9368,0.25,0.0297,12931.68
8850,-3.341,50,0,-4.293,3.9366,0.25,1.9012,12933.58
8851,-3.4939,50,0,-4.2853,3.9374,0.25,1.549,12935.13
8852,-2.9861,50,0,-4.2877,3.9365,0.25,1.4724,12936.6
8853,-5.7576,50,0,-4.3009,3.9392,0.25,1.6231,12938.22
8854,-2.7139,50,0,-4.2896,3.9422,0.25,1.5759,12939.8
8855,-6.779,50,0,-4.3573,3.9261,0.24,1.4755,12941.27
8856,-0.0353,1,1,-4.2952,3.9448,0.25,0.0321,12941.31
8857,-0.0269,1,1,-4.2952,3.9448,0.25,0.0315,12941.34
8858,-0.0229,1,1,-4.2952,3.9448,0.25,0.0259,12941.36
8859,-3.3087,50,0,-4.328,3.9228,0.24,1.3885,12942.75
8860,-7.4976,50,0,-4.2922,3.8772,0.24,1.9207,12944.67
8861,-5.0385,50,0,-4.3421,3.8543,0.23,1.7954,12946.47
8862,-5.2485,50,0,-4.3512,3.8554,0.23,2.005,12948.47
8863,-0.0371,1,1,-4.3071,3.8792,0.24,0.043,12948.52
8864,-0.0128,1,1,-4.2626,3.9026,0.25,0.0362,12948.55
8865,-0.039,1,1,-4.227,3.9246,0.26,0.0402,12948.59
8866,-5.132,50,0,-4.1891,3.8972,0.26,1.7948,12950.39
8867,-2.5649,50,0,-4.1874,3.8979,0.26,1.9094,12952.3
8868,-3.8569,50,0,-4.1873,3.8979,0.26,2.3227,12954.62
8869,-5.1477,50,0,-4.2025,3.8987,0.26,1.9625,12956.58
8870,-0.01,1,1,-4.2021,3.899,0.26,0.0324,12956.61
8871,-0.0444,1,1,-4.1391,3.9148,0.27,0.0336,12956.65
8872,-22.1453,50,0,-4.2997,4.3016,0.27,1.695,12958.34
8873,-0.0333,1,1,-4.271,4.3204,0.28,0.039,12958.38
8874,-0.0206,1,1,-4.2707,4.3207,0.28,0.034,12958.42
8875,-0.0174,1,1,-4.2298,4.3413,0.29,0.0382,12958.45
8876,-3.3449,50,0,-4.1946,4.3341,0.29,1.8803,12960.33
8877,-0.0354,1,1,-4.1469,4.3533,0.3,0.0343,12960.37
8878,-3.5489,50,0,-4.1356,4.3534,0.3,1.533,12961.9
8879,-0.0494,1,1,-3.9228,4.0147,0.31,0.0316,12961.93
8880,-6.3443,50,0,-3.9411,4.0216,0.31,1.4117,12963.34
8881,-0.0373,1,1,-3.9413,4.0214,0.31,0.0337,12963.38
8882,-0.0486,1,1,-3.9058,4.0399,0.32,0.0243,12963.4
8883,-5.1486,50,0,-3.9174,4.0418,0.32,1.4233,12964.83
8884,-8.0621,50,0,-3.9978,4.0435,0.31,1.4426,12966.27
8885,-2.6518,50,0,-3.9741,4.0443,0.31,1.5314,12967.8
8886,-0.0166,1,1,-3.9035,4.0512,0.32,0.0309,12967.83
8887,-2.634,50,0,-3.8812,4.052,0.32,1.5276,12969.36
8888,-6.133,50,0,-3.8062,3.9386,0.32,1.4292,12970.79
8889,-4.7042,50,0,-3.5835,3.1782,0.32,1.3473,12972.13
8890,-4.9851,50,0,-3.5817,3.1774,0.32,1.4252,12973.56
8891,-5.0951,50,0,-3.6239,3.1692,0.31,1.5854,12975.15
8892,-6.1617,50,0,-3.685,3.1586,0.3,1.5923,12976.74
8893,-0.0307,1,1,-3.6371,3.1773,0.31,0.0322,12976.77
8894,-0.0023,1,1,-3.5928,3.1967,0.32,0.0267,12976.8
8895,-3.8619,50,0,-3.631,3.1767,0.31,1.4618,12978.26
8896,-3.1293,50,0,-3.5994,3.1658,0.31,1.4929,12979.75
8897,-4.4315,50,0,-3.5485,3.1106,0.31,1.5038,12981.25
8898,-5.8434,50,0,-3.5443,3.1072,0.31,1.5553,12982.81
8899,-0.0461,1,1,-3.4921,3.1217,0.32,0.0347,12982.84
8900,-4.4312,50,0,-3.4821,3.117,0.32,1.4582,12984.3
8901,-7.0233,50,0,-3.5452,3.1242,0.31,1.5934,12985.9
8902,-4.2429,50,0,-3.5875,3.1047,0.3,1.5931,12987.49
8903,-4.5424,50,0,-3.5626,3.0869,0.3,1.7116,12989.2
8904,-0.0359,1,1,-3.5235,3.1065,0.31,0.0398,12989.24
8905,-6.4806,50,0,-3.5556,3.1203,0.31,1.884,12991.13
8906,-0.0367,1,1,-3.5556,3.1204,0.31,0.0572,12991.18
8907,-6.0687,50,0,-3.6161,3.1099,0.3,2.0388,12993.22
8908,-3.8737,50,0,-3.5961,3.1018,0.3,2.0032,12995.22
8909,-0.67,11,1,-3.5703,3.1152,0.31,0.7164,12995.94
8910,-5.9936,50,0,-3.5935,3.1246,0.31,2.13,12998.07
8911,-6.5616,50,0,-3.6488,3.1277,0.3,1.6463,12999.72
8912,-5.6245,50,0,-3.659,3.1324,0.3,1.6145,13001.33
8913,-3.843,50,0,-3.6316,3.1187,0.3,1.4024,13002.73
8914,-0.0477,1,1,-3.6318,3.1185,0.3,0.0285,13002.76
8915,-4.1086,50,0,-3.6313,3.1184,0.3,1.388,13004.15
8916,-18.8793,50,0,-3.806,3.4598,0.29,1.2944,13005.44
8917,-5.2078,50,0,-3.8257,3.4621,0.29,1.3162,13006.76
8918,-4.3988,50,0,-3.8414,3.4611,0.29,1.3132,13008.07
8919,-0.9653,14,1,-3.8506,3.4521,0.29,0.3717,13008.45
8920,-3.9257,50,0,-3.8464,3.4518,0.29,1.4942,13009.94
8921,-6.0311,50,0,-3.8698,3.4586,0.29,1.7378,13011.68
8922,-4.2817,50,0,-3.8649,3.4576,0.29,1.859,13013.54
8923,-4.05,50,0,-3.8408,3.4478,0.29,1.7545,13015.29
8924,-4.5786,50,0,-3.8514,3.4484,0.29,1.6825,13016.97
8925,-6.9223,50,0,-3.9077,3.4522,0.28,1.6785,13018.65
8926,-24.1218,50,0,-4.1122,3.9951,0.28,1.5273,13020.18
8927,-3.4995,50,0,-4.063,3.972,0.28,1.5489,13021.73
8928,-5.6402,50,0,-4.0732,3.9748,0.28,2.1023,13023.83
8929,-9.8252,50,0,-4.171,3.9948,0.27,1.9631,13025.79
8930,-5.2271,50,0,-4.223,3.9743,0.26,1.7496,13027.54
8931,-4.1184,50,0,-4.2314,3.9732,0.26,1.3665,13028.91
8932,-9.7252,50,0,-4.2796,4.0101,0.26,1.4313,13030.34
8933,-6.117,50,0,-4.3099,4.0124,0.26,1.4585,13031.8
8934,-4.7617,50,0,-4.2772,3.9952,0.26,1.493,13033.29
8935,-22.488,50,0,-4.4609,4.3868,0.26,1.3729,13034.67
8936,-2.5073,50,0,-4.435,4.3906,0.26,2.2942,13036.96
8937,-0.047,1,1,-4.3638,4.4035,0.27,0.0291,13036.99
8938,-0.0353,1,1,-4.344,4.4184,0.27,0.0273,13037.02
8939,-22.8978,50,0,-4.5148,4.7868,0.27,1.255,13038.27
8940,-6.0152,50,0,-4.519,4.788,0.27,1.2976,13039.57
8941,-5.2595,50,0,-4.5156,4.7873,0.27,1.2531,13040.82
8942,-6.9629,50,0,-4.4862,4.763,0.27,1.3389,13042.16
8943,-0.0491,1,1,-4.4508,4.7827,0.28,0.0249,13042.19
8944,-0.0433,1,1,-4.4005,4.8022,0.29,0.0258,13042.21
8945,-29.4598,50,0,-4.653,5.4108,0.29,1.3572,13043.57
8946,-11.8203,50,0,-4.7185,5.4574,0.29,1.3147,13044.88
8947,-5.5623,50,0,-4.7479,5.4539,0.29,1.3693,13046.25
8948,-33.1008,50,0,-5.0381,6.1396,0.29,1.3664,13047.62
8949,-0.0401,1,1,-5.0381,6.1396,0.29,0.0342,13047.65
8950,-0.0442,1,1,-5.0051,6.1575,0.3,0.0288,13047.68
8951,-4.7941,50,0,-5.0181,6.1556,0.3,1.5249,13049.21
8952,-0.0213,1,1,-4.9885,6.1725,0.31,0.0311,13049.24
8953,-0.0492,1,1,-4.9314,6.1915,0.32,0.0325,13049.27
8954,-5.2375,50,0,-4.9566,6.1875,0.32,1.5585,13050.83
8955,-3.9753,50,0,-4.9286,6.1856,0.32,1.4792,13052.31
8956,-8.6356,50,0,-5.0146,6.1767,0.31,1.6652,13053.97
8957,-0.0414,1,1,-5.0147,6.1766,0.31,0.0291,13054.0
8958,-0.0435,1,1,-5.0149,6.1764,0.31,0.0313,13054.03
8959,-7.5627,50,0,-5.0575,6.1792,0.31,1.657,13055.69
8960,-7.7796,50,0,-5.0603,6.1803,0.31,1.3378,13057.03
8961,-1.1436,22,1,-5.0213,6.1926,0.32,0.6245,13057.65
8962,-25.4356,50,0,-5.2232,6.5173,0.32,1.4971,13059.15
8963,-2.5199,50,0,-5.248,6.5022,0.31,1.5093,13060.66
8964,-3.7255,50,0,-5.2852,6.4827,0.3,1.7895,13062.45
8965,-21.8892,50,0,-5.5037,6.6678,0.29,1.5866,13064.04
8966,-10.0849,50,0,-5.5532,6.6833,0.29,1.6766,13065.71
8967,-3.9117,50,0,-5.5667,6.6786,0.29,1.8163,13067.53
8968,-0.0125,1,1,-5.5282,6.6993,0.3,0.0277,13067.56
8969,-4.4386,50,0,-5.5211,6.7001,0.3,2.1116,13069.67
8970,-0.0175,1,1,-5.5212,6.7001,0.3,0.039,13069.71
8971,-5.284,50,0,-5.5736,6.6775,0.29,3.005,13072.71
8972,-0.0217,1,1,-5.3524,6.4886,0.3,0.0536,13072.77
8973,-16.5995,50,0,-5.518,6.5617,0.29,1.7318,13074.5
8974,-21.6002,50,0,-5.7338,6.7301,0.28,1.4264,13075.92
8975,-0.0241,1,1,-5.7339,6.73,0.28,0.0306,13075.95
8976,-13.8542,50,0,-5.839,6.7738,0.28,1.4903,13077.44
8977,-5.8773,50,0,-5.8974,6.7486,0.27,1.5331,13078.98
8978,-0.3693,7,1,-5.8656,6.7671,0.28,0.2132,13079.19
8979,-0.0126,1,1,-5.8652,6.7674,0.28,0.029,13079.22
8980,-5.2051,50,0,-5.8538,6.7676,0.28,1.5097,13080.73
8981,-1.1111,16,1,-5.8646,6.7592,0.28,0.4936,13081.22
8982,-4.742,50,0,-5.9115,6.7349,0.27,1.4198,13082.64
8983,-4.9628,50,0,-5.9097,6.7351,0.27,1.3453,13083.99
8984,-0.0488,1,1,-5.8295,6.7567,0.28,0.0247,13084.01
8985,-4.3182,50,0,-5.8462,6.7508,0.28,1.9917,13086.0
8986,-0.0194,1,1,-5.8462,6.7508,0.28,0.04,13086.04
8987,-4.2705,50,0,-5.8626,6.745,0.28,1.9497,13087.99
8988,-3.81,50,0,-5.8394,6.748,0.28,1.9128,13089.91
8989,-5.2713,50,0,-5.845,6.7473,0.28,2.3604,13092.27
8990,-12.7089,50,0,-5.9223,6.7811,0.28,1.821,13094.09
8991,-0.0435,1,1,-5.8717,6.8059,0.29,0.0331,13094.12
8992,-4.8466,50,0,-5.8586,6.8066,0.29,1.9008,13096.02
8993,-1.1793,15,1,-5.8701,6.7977,0.29,0.6675,13096.69
8994,-5.168,50,0,-5.9217,6.7725,0.28,1.9517,13098.64
8995,-0.0289,1,1,-5.8834,6.7949,0.29,0.0279,13098.67
8996,-2.5727,50,0,-5.8778,6.7973,0.29,1.7347,13100.4
8997,-0.0434,1,1,-5.834,6.8207,0.3,0.0316,13100.44
8998,-0.0131,1,1,-5.7757,6.8452,0.31,0.0315,13100.47
8999,-3.0919,50,0,-5.8061,6.8264,0.3,1.7959,13102.26
9000,-17.4548,50,0,-5.9364,6.9225,0.3,1.613,13103.88
9001,-5.319,50,0,-5.9193,6.9219,0.3,1.4331,13105.31
9002,-5.4026,50,0,-5.9309,6.92,0.3,1.5125,13106.82
9003,-8.1577,50,0,-5.9671,6.9221,0.3,1.6162,13108.44
9004,-3.6092,50,0,-6.0028,6.9006,0.29,1.5488,13109.99
9005,-0.0293,1,1,-5.9383,6.926,0.3,0.0279,13110.01
9006,-4.913,50,0,-5.987,6.9014,0.29,1.3472,13111.36
9007,-4.8667,50,0,-5.975,6.9022,0.29,1.3007,13112.66
9008,-0.0073,1,1,-5.9364,6.9247,0.3,0.0329,13112.7
9009,-3.8904,50,0,-5.9686,6.9076,0.29,1.4933,13114.19
9010,-3.5675,50,0,-5.9443,6.9117,0.29,1.4926,13115.68
9011,-3.5445,50,0,-5.9141,6.9156,0.29,1.2536,13116.94
9012,-23.5593,50,0,-6.0935,7.1348,0.29,1.4161,13118.35
9013,-0.258,5,1,-6.0576,7.155,0.3,0.1574,13118.51
9014,-0.0466,1,1,-6.0576,7.155,0.3,0.025,13118.53
9015,-0.0258,1,1,-6.0168,7.1776,0.31,0.0246,13118.56
9016,-3.464,50,0,-5.8626,7.0644,0.31,1.5334,13120.09
9017,-34.6789,50,0,-6.1573,7.6235,0.31,1.5753,13121.67
9018,-3.8194,50,0,-6.1515,7.6251,0.31,1.9824,13123.65
9019,-4.9393,50,0,-6.1913,7.6083,0.3,2.1286,13125.78
9020,-2.6417,50,0,-6.1784,7.6132,0.3,2.0159,13127.79
9021,-3.1188,50,0,-6.1493,7.6192,0.3,2.0489,13129.84
9022,-3.9364,50,0,-6.1459,7.6202,0.3,1.471,13131.31
9023,-4.2177,50,0,-6.1475,7.6197,0.3,1.5033,13132.82
9024,-0.0412,1,1,-6.1022,7.6424,0.31,0.0272,13132.84
9025,-1.772,27,1,-6.0507,7.654,0.32,0.7572,13133.6
9026,-0.0403,1,1,-5.8099,7.458,0.33,0.025,13133.63
9027,-2.9124,50,0,-5.804,7.4601,0.33,1.3631,13134.99
9028,-0.0114,1,1,-5.7477,7.4823,0.34,0.0237,13135.01
9029,-3.8456,50,0,-5.6879,7.4734,0.34,1.3668,13136.38
9030,-4.2893,50,0,-5.6785,7.4745,0.34,1.3611,13137.74
9031,-4.9696,50,0,-5.687,7.4732,0.34,1.4328,13139.17
9032,-0.0418,1,1,-5.5902,7.483,0.35,0.0254,13139.2
9033,-4.0885,50,0,-5.5699,7.4843,0.35,1.3671,13140.57
9034,-6.1554,50,0,-5.5839,7.4841,0.35,1.7379,13142.3
9035,-3.4564,50,0,-5.3935,7.2913,0.35,1.6295,13143.93
9036,-0.0479,1,1,-5.3689,7.3051,0.36,0.0321,13143.97
9037,-4.8163,50,0,-5.4166,7.2858,0.35,1.6907,13145.66
9038,-2.6309,50,0,-5.4426,7.2711,0.34,1.9723,13147.63
9039,-5.2663,50,0,-5.2663,7.0563,0.34,1.6395,13149.27
9040,-3.9514,50,0,-5.2456,7.0571,0.34,1.4372,13150.71
9041,-4.7438,50,0,-5.2405,7.0573,0.34,1.5824,13152.29
9042,-0.0446,1,1,-5.1713,7.074,0.35,0.0234,13152.31
9043,-7.9313,50,0,-5.2501,7.0604,0.34,1.4887,13153.8
9044,-5.783,50,0,-5.3075,7.0411,0.33,1.5087,13155.31
9045,-0.0455,1,1,-5.0134,6.6283,0.34,0.0326,13155.34
9046,-4.0823,50,0,-4.936,6.5935,0.34,1.4443,13156.79
9047,-3.44,50,0,-4.9148,6.5948,0.34,1.3448,13158.13
9048,-32.0604,50,0,-4.9044,6.551,0.34,1.4624,13159.59
9049,-0.0424,1,1,-4.9044,6.551,0.34,0.0317,13159.62
9050,-2.8296,50,0,-4.9322,6.5362,0.33,1.6389,13161.26
9051,-5.5201,50,0,-4.9395,6.5364,0.33,1.8123,13163.08
9052,-5.454,50,0,-4.9938,6.5179,0.32,1.6112,13164.69
9053,-4.9854,50,0,-5.0432,6.4989,0.31,1.4465,13166.13
9054,-0.0317,1,1,-4.9911,6.518,0.32,0.0271,13166.16
9055,-5.2068,50,0,-5.0035,6.5172,0.32,1.3176,13167.48
9056,-4.6965,50,0,-4.9641,6.507,0.32,1.2906,13168.77
9057,-5.2358,50,0,-5.016,6.4882,0.31,1.4394,13170.21
9058,-2.5622,50,0,-5.0412,6.4737,0.3,1.4533,13171.66
9059,-3.6226,37,1,-5.0018,6.4703,0.31,0.9613,13172.62
9060,-0.0218,1,1,-4.9242,6.483,0.32,0.0278,13172.65
9061,-3.3722,50,0,-4.9465,6.4738,0.31,1.3858,13174.04
9062,-0.0429,1,1,-4.6926,6.1553,0.32,0.0247,13174.06
9063,-2.7236,50,0,-4.6946,6.1546,0.32,1.3467,13175.41
9064,-4.8286,50,0,-4.7056,6.1539,0.32,1.3307,13176.74
9065,-4.6403,50,0,-4.5332,5.9066,0.32,1.381,13178.12
9066,-4.4984,50,0,-4.4773,5.8802,0.32,1.4572,13179.58
9067,-4.9212,50,0,-4.4874,5.88,0.32,1.4203,13181.0
9068,-4.7262,50,0,-4.5345,5.8629,0.31,1.3128,13182.31
9069,-4.2034,50,0,-4.5322,5.8629,0.31,1.3574,13183.67
9070,-5.0881,50,0,-4.5829,5.8456,0.3,1.3803,13185.05
9071,-7.4407,50,0,-4.6044,5.8521,0.3,1.3339,13186.38
9072,-5.5235,50,0,-4.6595,5.8346,0.29,1.313,13187.69
9073,-5.6883,50,0,-4.5503,5.711,0.29,1.3005,13188.99
9074,-4.8768,50,0,-4.3831,5.4481,0.29,1.3367,13190.33
9075,-4.2253,50,0,-4.4251,5.4305,0.28,1.4142,13191.75
9076,-3.7647,50,0,-4.3242,5.3474,0.28,1.3029,13193.05
9077,-3.3493,50,0,-4.2989,5.346,0.28,1.3606,13194.41
9078,-6.0502,50,0,-4.3558,5.3341,0.27,1.3376,13195.75
9079,-4.0661,50,0,-4.3963,5.3163,0.26,1.4205,13197.17
9080,-0.0399,1,1,-4.3446,5.3333,0.27,0.0271,13197.19
9081,-3.3224,50,0,-4.3668,5.3244,0.26,1.4163,13198.61
9082,-4.5279,50,0,-4.3646,5.3243,0.26,1.3998,13200.01
9083,-5.9774,50,0,-4.3748,5.3264,0.26,1.2959,13201.31
9084,-3.9347,50,0,-4.4136,5.3089,0.25,1.3519,13202.66
9085,-4.0442,50,0,-4.4109,5.309,0.25,1.3913,13204.05
9086,-4.9598,50,0,-4.4603,5.2908,0.24,1.4078,13205.46
9087,-2.6987,50,0,-4.4446,5.2937,0.24,1.3961,13206.85
9088,-0.047,1,1,-4.4069,5.3114,0.25,0.0239,13206.88
9089,-9.7956,50,0,-4.4522,5.3378,0.25,1.598,13208.48
9090,-5.58,50,0,-4.3809,5.2743,0.25,1.4525,13209.93
9091,-3.7755,50,0,-4.4182,5.2566,0.24,1.5872,13211.52
9092,-3.5965,50,0,-4.4057,5.2571,0.24,1.5349,13213.05
9093,-3.1739,50,0,-4.4257,5.2486,0.23,1.494,13214.54
9094,-4.7163,50,0,-4.4211,5.2481,0.23,1.4241,13215.97
9095,-0.0383,1,1,-4.4212,5.2481,0.23,0.0243,13215.99
9096,-4.6723,50,0,-4.4422,5.2448,0.23,1.3317,13217.32
9097,-0.0161,1,1,-4.442,5.245,0.23,0.0344,13217.36
9098,-3.9031,50,0,-4.4809,5.2265,0.22,1.4617,13218.82
9099,-4.1626,50,0,-4.4916,5.2247,0.22,1.3388,13220.16
9100,-2.7538,50,0,-4.3445,5.0622,0.22,1.4721,13221.63
9101,-5.3212,50,0,-4.3446,5.0622,0.22,1.4637,13223.09
9102,-5.6864,50,0,-4.3474,5.0628,0.22,1.682,13224.78
9103,-6.65,50,0,-4.3323,5.0537,0.22,1.6823,13226.46
9104,-3.4701,50,0,-4.3309,5.0539,0.22,1.5356,13227.99
9105,-3.3281,50,0,-4.3639,5.0365,0.21,1.5187,13229.51
9106,-4.7824,50,0,-4.3626,5.0364,0.21,1.5797,13231.09
9107,-3.5144,50,0,-4.3491,5.0368,0.21,1.3805,13232.47
9108,-3.9332,50,0,-4.3884,5.0181,0.2,1.2828,13233.76
9109,-2.7665,50,0,-4.3771,5.0204,0.2,1.3511,13235.11
9110,-4.2565,50,0,-4.384,5.0198,0.2,1.4288,13236.54
9111,-0.047,1,1,-4.349,5.0377,0.21,0.0278,13236.56
9112,-3.833,50,0,-4.1518,4.6531,0.21,1.2926,13237.86
9113,-4.9409,50,0,-4.1986,4.6372,0.2,1.3341,13239.19
9114,-0.0492,1,1,-4.1986,4.6372,0.2,0.0269,13239.22
9115,-5.1507,50,0,-4.2499,4.6191,0.19,1.3694,13240.59
9116,-3.8214,50,0,-4.2535,4.6186,0.19,1.2678,13241.86
9117,-5.3072,50,0,-3.9597,3.464,0.19,1.2356,13243.09
9118,-0.0378,1,1,-3.9219,3.4859,0.2,0.0232,13243.11
9119,-0.0435,1,1,-3.873,3.5056,0.21,0.0276,13243.14
9120,-3.5307,50,0,-3.8819,3.5036,0.21,1.2827,13244.42
9121,-4.9738,50,0,-3.9004,3.5044,0.21,1.2969,13245.72
9122,-4.9798,50,0,-3.9108,3.5061,0.21,1.2665,13246.99
9123,-0.0235,1,1,-3.8689,3.5272,0.22,0.0252,13247.01
9124,-5.5427,50,0,-3.9239,3.5099,0.21,1.3206,13248.33
9125,-0.0078,1,1,-3.9063,3.5251,0.21,0.0282,13248.36
9126,-4.3786,50,0,-3.9496,3.5039,0.2,1.269,13249.63
9127,-2.8239,50,0,-3.9488,3.5041,0.2,1.2581,13250.89
9128,-5.0078,50,0,-3.9987,3.4832,0.19,1.2451,13252.13
9129,-5.8285,50,0,-4.0186,3.4879,0.19,1.2962,13253.43
9130,-5.303,50,0,-4.0287,3.4901,0.19,1.2401,13254.67
9131,-5.0649,50,0,-4.0296,3.4904,0.19,1.3179,13255.99
9132,-4.8079,50,0,-4.0773,3.4681,0.18,1.3548,13257.34
9133,-6.0899,50,0,-4.0973,3.4739,0.18,1.4149,13258.76
9134,-0.0351,1,1,-4.0361,3.491,0.19,0.0293,13258.79
9135,-3.2516,50,0,-4.0341,3.4914,0.19,1.3744,13260.16
9136,-4.2464,50,0,-4.0761,3.4683,0.18,1.5585,13261.72
9137,-3.6865,50,0,-4.0648,3.4677,0.18,1.4396,13263.16
9138,-4.7278,50,0,-4.0857,3.4653,0.18,1.3669,13264.53
9139,-3.6908,50,0,-4.07,3.4635,0.18,1.3554,13265.88
9140,-4.556,50,0,-4.076,3.4638,0.18,1.3915,13267.27
9141,-0.0309,1,1,-4.0289,3.4864,0.19,0.0399,13267.31
9142,-5.1794,50,0,-4.0802,3.4651,0.18,1.4738,13268.79
9143,-3.2324,50,0,-4.0333,3.4444,0.18,1.5401,13270.33
9144,-5.053,50,0,-4.026,3.4414,0.18,1.5735,13271.9
9145,-2.7603,50,0,-4.0531,3.4206,0.17,1.6808,13273.58
9146,-0.0418,1,1,-4.0127,3.4438,0.18,0.0351,13273.62
9147,-4.394,50,0,-4.0222,3.4435,0.18,1.3726,13274.99
9148,-5.1564,50,0,-3.7532,1.9841,0.18,1.3769,13276.37
9149,-0.0361,1,1,-3.7531,1.9842,0.18,0.0271,13276.39
9150,-4.2091,50,0,-3.7669,1.9826,0.18,1.404,13277.8
9151,-2.7975,50,0,-3.7397,1.977,0.18,1.3326,13279.13
9152,-8.0726,50,0,-3.7659,2.0165,0.18,1.34,13280.47
9153,-4.8349,50,0,-3.7644,2.0156,0.18,1.4295,13281.9
9154,-5.2429,50,0,-3.8165,1.9856,0.17,1.4519,13283.35
9155,-3.8339,50,0,-3.8028,1.9806,0.17,1.6579,13285.01
9156,-5.4667,50,0,-3.8105,1.9856,0.17,1.4246,13286.43
9157,-0.042,1,1,-3.7585,2.0153,0.18,0.0271,13286.46
9158,-4.7171,50,0,-3.7801,2.014,0.18,1.3973,13287.86
9159,-3.874,50,0,-3.7826,2.0139,0.17,1.4434,13289.3
9160,-4.5589,50,0,-3.828,1.9795,0.16,1.443,13290.74
9161,-0.0202,1,1,-3.7944,2.015,0.17,0.0281,13290.77
9162,-0.0143,1,1,-3.7942,2.0155,0.17,0.0277,13290.8
9163,-0.0428,1,1,-3.7673,2.0472,0.18,0.0332,13290.83
9164,-5.6175,50,0,-3.7752,2.0528,0.18,1.3835,13292.22
9165,-4.9135,50,0,-3.778,2.0541,0.18,1.2944,13293.51
9166,-5.2514,50,0,-3.7855,2.0581,0.18,1.4909,13295.0
9167,-0.0377,1,1,-3.7367,2.0883,0.19,0.0369,13295.04
9168,-5.1035,50,0,-3.7404,2.0904,0.19,1.5589,13296.6
9169,-0.0394,1,1,-3.6988,2.122,0.2,0.0368,13296.64
9170,-3.367,50,0,-3.6816,2.1176,0.2,1.5681,13298.2
9171,-4.7864,50,0,-3.655,2.0868,0.2,1.4091,13299.61
9172,-2.6553,50,0,-3.6264,2.0806,0.2,1.5266,13301.14
9173,-5.8162,50,0,-3.6276,2.0819,0.2,1.6669,13302.81
9174,-0.0172,1,1,-3.579,2.1087,0.21,0.0341,13302.84
9175,-0.0429,1,1,-3.5372,2.1368,0.22,0.0299,13302.87
9176,-4.3681,50,0,-3.5433,2.1383,0.22,1.4396,13304.31
9177,-2.8882,50,0,-3.5386,2.1392,0.22,1.4284,13305.74
9178,-4.7932,50,0,-3.5261,2.128,0.22,1.4647,13307.2
9179,-6.2425,50,0,-3.5478,2.1445,0.22,1.3716,13308.57
9180,-4.8032,50,0,-3.5955,2.1188,0.21,1.3437,13309.92
9181,-3.0603,50,0,-3.5928,2.1193,0.21,1.3295,13311.25
9182,-2.8198,50,0,-3.5758,2.1186,0.21,1.3985,13312.65
9183,-6.211,50,0,-3.5781,2.1214,0.21,1.4338,13314.08
9184,-4.9903,50,0,-3.5887,2.1257,0.21,1.4862,13315.57
9185,-2.9315,50,0,-3.5775,2.1262,0.21,1.5322,13317.1
9186,-3.463,50,0,-3.5626,2.1217,0.21,1.7007,13318.8
9187,-5.0498,50,0,-3.5861,2.125,0.21,1.9249,13320.72
9188,-5.7552,50,0,-3.6432,2.1058,0.2,1.6596,13322.38
9189,-6.225,50,0,-3.6075,2.0301,0.2,1.4003,13323.78
9190,-5.6613,50,0,-3.6083,2.0309,0.2,1.4516,13325.24
9191,-5.13,50,0,-3.6218,2.0364,0.2,1.4274,13326.66
9192,-4.715,50,0,-3.633,2.0393,0.2,1.3646,13328.03
9193,-3.0875,50,0,-3.6321,2.0396,0.2,1.2991,13329.33
9194,-3.2442,50,0,-3.6174,2.037,0.2,1.3676,13330.69
9195,-6.1416,50,0,-3.6784,2.0202,0.19,1.5924,13332.29
9196,-0.0283,1,1,-3.632,2.05,0.2,0.0253,13332.31
9197,-3.6839,50,0,-3.6687,2.0175,0.19,1.6957,13334.01
9198,-6.9446,50,0,-3.6991,2.0436,0.19,1.4634,13335.47
9199,-3.4443,50,0,-3.6919,2.0432,0.19,3.0729,13338.54
9200,-0.0368,1,1,-3.6647,2.0733,0.2,0.0265,13338.57
9201,-5.6665,50,0,-3.6682,2.0764,0.2,1.535,13340.11
9202,-0.0432,1,1,-3.6118,2.0973,0.21,0.0398,13340.14
9203,-3.602,50,0,-3.5813,2.075,0.21,1.4163,13341.56
9204,-6.2088,50,0,-3.6087,2.0914,0.21,1.6408,13343.2
9205,-5.9038,50,0,-3.6344,2.1036,0.21,1.5194,13344.72
9206,-4.8555,50,0,-3.6352,2.104,0.21,1.6267,13346.35
9207,-5.4204,50,0,-3.6542,2.1114,0.21,2.125,13348.47
9208,-6.3822,50,0,-3.6787,2.1286,0.21,1.6178,13350.09
9209,-4.3843,50,0,-3.6949,2.1278,0.21,1.3937,13351.48
9210,-3.9227,50,0,-3.6915,2.1272,0.21,1.6076,13353.09
9211,-3.0111,50,0,-3.7212,2.0966,0.2,1.3752,13354.47
9212,-6.4543,50,0,-3.7474,2.1142,0.2,1.3479,13355.82
9213,-4.9448,50,0,-3.7474,2.1142,0.2,1.2652,13357.08
9214,-1.2656,25,1,-3.7596,2.0963,0.2,0.6297,13357.71
9215,-4.3064,50,0,-3.7512,2.0924,0.2,1.3133,13359.02
9216,-4.5083,50,0,-3.758,2.0937,0.2,1.3394,13360.36
9217,-0.0357,1,1,-3.7053,2.1202,0.21,0.0265,13360.39
9218,-5.3895,50,0,-3.7588,2.0944,0.2,1.4911,13361.88
9219,-5.1398,50,0,-3.8098,2.0652,0.19,1.5669,13363.45
9220,-2.947,50,0,-3.804,2.0668,0.19,1.4218,13364.87
9221,-3.7566,50,0,-3.7918,2.0634,0.19,1.3612,13366.23
9222,-3.6753,50,0,-3.7787,2.06,0.19,1.296,13367.53
9223,-4.6678,50,0,-3.8252,2.0269,0.18,1.288,13368.81
9224,-5.1853,50,0,-3.8216,2.0242,0.18,1.3723,13370.19
9225,-4.8502,50,0,-3.87,1.99,0.17,1.6501,13371.84
9226,-4.8175,50,0,-3.8744,1.9916,0.17,1.4571,13373.29
9227,-2.6071,50,0,-3.8723,1.9928,0.17,1.4076,13374.7
9228,-3.6945,50,0,-3.8591,1.9896,0.17,1.3741,13376.08
9229,-0.0245,1,1,-3.8011,2.0158,0.18,0.0448,13376.12
9230,-3.533,50,0,-3.7834,2.0103,0.18,1.5207,13377.64
9231,-3.6072,50,0,-3.7688,2.0063,0.18,1.4409,13379.08
9232,-6.0154,50,0,-3.7809,2.0161,0.18,1.7363,13380.82
9233,-5.6042,50,0,-3.776,2.0111,0.18,1.3271,13382.15
9234,-6.5131,50,0,-3.8408,1.9938,0.17,1.3363,13383.48
9235,-4.4335,50,0,-3.8526,1.9938,0.17,1.4085,13384.89
9236,-4.2464,50,0,-3.8526,1.9938,0.17,1.393,13386.28
9237,-2.8961,50,0,-3.8447,1.996,0.17,1.4917,13387.77
9238,-0.0392,1,1,-3.7978,2.0295,0.18,0.0303,13387.8
9239,-4.7662,50,0,-3.8086,2.0317,0.18,1.7802,13389.59
9240,-5.2044,50,0,-3.8151,2.0351,0.18,1.4122,13391.0
9241,-4.7475,50,0,-3.8622,2.0013,0.17,1.3312,13392.33
9242,-4.3382,50,0,-3.8538,1.9975,0.17,1.2697,13393.6
9243,-6.8626,50,0,-3.8901,2.0187,0.17,1.4453,13395.04
9244,-3.8998,50,0,-3.8786,2.0154,0.17,1.4125,13396.46
9245,-6.2512,50,0,-3.9135,2.0259,0.17,1.4877,13397.94
9246,-5.9472,50,0,-3.9726,1.998,0.16,1.578,13399.52
9247,-3.1503,50,0,-3.9601,1.9993,0.16,1.3776,13400.9
9248,-4.2358,50,0,-3.9509,1.9958,0.16,1.3768,13402.28
9249,-0.0452,1,1,-3.951,1.9957,0.16,0.0274,13402.3
9250,-5.8769,50,0,-3.9677,2.0047,0.16,1.4251,13403.73
9251,-4.626,50,0,-3.986,2.0023,0.16,1.4008,13405.13
9252,-0.0399,1,1,-3.9056,1.9978,0.17,0.0252,13405.15
9253,-3.1771,50,0,-3.8891,1.9969,0.17,1.5021,13406.66
9254,-5.9437,50,0,-3.8961,2.0029,0.17,1.4546,13408.11
9255,-6.5533,50,0,-3.9233,2.0203,0.17,1.4292,13409.54
9256,-3.2247,50,0,-3.9008,2.0154,0.17,1.5294,13411.07
9257,-0.013,1,1,-3.9006,2.016,0.17,0.0278,13411.1
9258,-0.0483,1,1,-3.8539,2.0503,0.18,0.0288,13411.13
9259,-4.7046,50,0,-3.8622,2.0521,0.18,1.4652,13412.59
9260,-6.0689,50,0,-3.8773,2.0627,0.18,1.4755,13414.07
9261,-8.22,50,0,-3.9593,2.0707,0.17,1.3944,13415.46
9262,-0.0334,1,1,-3.9595,2.0703,0.17,0.0301,13415.49
9263,-0.0451,1,1,-3.9595,2.0703,0.17,0.0267,13415.52
9264,-4.8105,50,0,-3.9514,2.0654,0.17,1.5486,13417.07
9265,-6.8736,50,0,-3.971,2.0836,0.17,1.5551,13418.62
9266,-5.2205,50,0,-3.9707,2.0834,0.17,1.5248,13420.15
9267,-0.0415,1,1,-3.9707,2.0833,0.17,0.0312,13420.18
9268,-6.0787,50,0,-3.9805,2.0909,0.17,1.8113,13421.99
9269,-3.9532,50,0,-4.0196,2.053,0.16,1.5736,13423.56
9270,-6.2731,50,0,-4.0487,2.0641,0.16,1.5541,13425.12
9271,-4.5272,50,0,-4.0461,2.0634,0.16,1.4511,13426.57
9272,-8.4611,50,0,-4.1042,2.1047,0.16,1.6149,13428.18
9273,-9.4131,50,0,-4.1401,2.1636,0.16,1.4723,13429.66
9274,-4.0428,50,0,-4.1804,2.1235,0.15,1.3365,13430.99
9275,-5.4748,50,0,-4.2347,2.0862,0.14,1.5391,13432.53
9276,-0.0344,1,1,-4.1914,2.1275,0.15,0.0324,13432.56
9277,-4.1445,50,0,-4.2039,2.1235,0.15,1.592,13434.16
9278,-0.0034,1,1,-4.156,2.1633,0.16,0.0257,13434.18
9279,-5.17,50,0,-4.1453,2.1556,0.16,1.3308,13435.51
9280,-0.0188,1,1,-4.0975,2.1932,0.17,0.029,13435.54
9281,-5.1381,50,0,-4.1182,2.1932,0.17,1.4008,13436.94
9282,-0.038,1,1,-4.0904,2.2268,0.18,0.0339,13436.98
9283,-4.6643,50,0,-4.075,2.2174,0.18,1.4899,13438.47
9284,-0.0492,1,1,-4.0256,2.2513,0.19,0.0347,13438.5
9285,-3.5423,50,0,-4.0317,2.2491,0.19,1.568,13440.07
9286,-1.1446,15,1,-4.0085,2.2667,0.2,0.4382,13440.51
9287,-7.8876,50,0,-4.0369,2.2971,0.2,1.7301,13442.24
9288,-6.0063,50,0,-4.0394,2.2992,0.2,1.3274,13443.56
9289,-4.6577,50,0,-4.0237,2.2895,0.2,1.4078,13444.97
9290,-3.7462,50,0,-4.0045,2.2838,0.2,1.3321,13446.3
9291,-0.0406,1,1,-3.9536,2.3146,0.21,0.0237,13446.33
9292,-0.0394,1,1,-3.9069,2.3458,0.22,0.0248,13446.35
9293,-5.673,50,0,-3.9327,2.3508,0.22,1.3964,13447.75
9294,-4.293,50,0,-3.9432,2.3501,0.22,1.3677,13449.12
9295,-6.4517,50,0,-3.9463,2.3532,0.22,1.504,13450.62
9296,-6.1069,50,0,-4.0071,2.3296,0.21,1.8487,13452.47
9297,-0.0419,1,1,-3.9707,2.3626,0.22,0.039,13452.51
9298,-4.4205,50,0,-3.9455,2.3441,0.22,1.7702,13454.28
9299,-0.0281,1,1,-3.9113,2.3758,0.23,0.0315,13454.31
9300,-0.0237,1,1,-3.9112,2.376,0.23,0.0351,13454.35
9301,-6.2916,50,0,-3.9174,2.3815,0.23,1.8829,13456.23
9302,-3.1231,50,0,-3.9482,2.3509,0.22,1.578,13457.81
9303,-1.0519,15,1,-3.9227,2.3683,0.23,0.502,13458.31
9304,-5.0484,50,0,-3.9111,2.3599,0.23,1.6253,13459.93
9305,-5.8087,50,0,-3.9102,2.3591,0.23,1.7372,13461.67
9306,-6.4004,50,0,-3.9256,2.3702,0.23,1.6256,13463.3
9307,-1.7408,25,1,-3.8888,2.3753,0.24,0.7842,13464.08
9308,-4.9243,50,0,-3.8742,2.3644,0.24,1.4969,13465.58
9309,-0.0391,1,1,-3.8308,2.3944,0.25,0.0306,13465.61
9310,-6.1941,50,0,-3.8535,2.4059,0.25,1.5998,13467.21
9311,-1.5586,18,1,-3.839,2.4153,0.26,0.5651,13467.77
9312,-8.1096,50,0,-3.8555,2.4387,0.26,1.5635,13469.34
9313,-3.6246,50,0,-3.8423,2.4364,0.26,1.747,13471.08
9314,-2.946,50,0,-3.8591,2.4243,0.25,1.8599,13472.94
9315,-0.0378,1,1,-3.8164,2.4534,0.26,0.0356,13472.98
9316,-6.0796,50,0,-3.8322,2.4628,0.26,1.5902,13474.57
9317,-10.4776,50,0,-3.9366,2.5204,0.25,1.5298,13476.1
9318,-6.5504,50,0,-3.9482,2.5297,0.25,1.5392,13477.64
9319,-0.0396,1,1,-3.8972,2.5564,0.26,0.031,13477.67
9320,-6.6592,50,0,-3.9343,2.5693,0.26,1.3585,13479.03
9321,-6.1892,50,0,-3.9586,2.579,0.26,1.3899,13480.42
9322,-0.0261,1,1,-3.9221,2.6084,0.27,0.0247,13480.44
9323,-5.9594,50,0,-3.9351,2.6152,0.27,1.4606,13481.9
9324,-0.0325,1,1,-3.8835,2.6407,0.28,0.0279,13481.93
9325,-0.9503,13,1,-3.8445,2.6549,0.29,0.3689,13482.3
9326,-0.0386,1,1,-3.7967,2.6799,0.3,0.0296,13482.33
9327,-3.8871,39,1,-3.8095,2.6772,0.31,1.1528,13483.48
9328,-4.9564,50,0,-3.8222,2.6796,0.31,1.4437,13484.93
9329,-4.68,50,0,-3.8687,2.6535,0.3,1.3712,13486.3
9330,-4.6846,50,0,-3.8802,2.6545,0.3,1.268,13487.56
9331,-5.397,50,0,-3.8981,2.6587,0.3,1.2825,13488.85
9332,-4.7609,50,0,-3.8856,2.6516,0.3,1.2692,13490.12
9333,-5.2345,50,0,-3.8819,2.6495,0.3,1.3169,13491.43
9334,-4.2194,50,0,-3.8589,2.6365,0.3,1.3923,13492.83
9335,-6.2111,50,0,-3.8767,2.6463,0.3,1.3102,13494.14
9336,-6.1515,50,0,-3.8958,2.6557,0.3,1.2582,13495.39
9337,-0.0082,1,1,-3.8669,2.682,0.31,0.0332,13495.43
9338,-7.1548,50,0,-3.938,2.6739,0.3,1.2754,13496.7
9339,-4.2603,50,0,-3.933,2.6728,0.3,1.3187,13498.02
9340,-6.0724,50,0,-3.9417,2.6783,0.3,1.2317,13499.25
9341,-4.7566,50,0,-3.9418,2.6783,0.3,1.2567,13500.51
9342,-3.2436,50,0,-3.9308,2.6789,0.3,1.2853,13501.79
9343,-0.0404,1,1,-3.8626,2.6902,0.31,0.0235,13501.82
9344,-3.3971,50,0,-3.8576,2.6906,0.31,1.2847,13503.1
9345,-0.3541,7,1,-3.7986,2.7021,0.32,0.1746,13503.28
9346,-5.8373,50,0,-3.7975,2.7013,0.32,1.2701,13504.55
9347,-7.9315,50,0,-3.8453,2.7315,0.32,1.227,13505.77
9348,-0.0496,1,1,-3.8034,2.7572,0.33,0.0274,13505.8
9349,-6.6337,50,0,-3.8693,2.7453,0.32,1.2692,13507.07
9350,-0.0236,1,1,-3.8108,2.7642,0.33,0.024,13507.1
9351,-5.4999,50,0,-3.8195,2.7681,0.33,1.2596,13508.35
9352,-0.0119,1,1,-3.8193,2.7685,0.33,0.0233,13508.38
9353,-6.1922,50,0,-3.8494,2.7778,0.33,1.2948,13509.67
9354,-0.0407,1,1,-3.7904,2.7953,0.34,0.0261,13509.7
9355,-0.0241,1,1,-3.7251,2.8062,0.35,0.0246,13509.72
9356,-0.0484,1,1,-3.6933,2.8296,0.36,0.0258,13509.75
9357,-5.3333,50,0,-3.7465,2.8098,0.35,1.2456,13511.0
9358,-0.0425,1,1,-3.7465,2.8099,0.35,0.025,13511.02
9359,-6.9285,50,0,-3.7687,2.8262,0.35,1.2437,13512.26
9360,-0.0133,1,1,-3.7081,2.8411,0.36,0.0256,13512.29
9361,-4.015,50,0,-3.6661,2.8049,0.36,1.2792,13513.57
9362,-6.4024,50,0,-3.7298,2.7939,0.35,1.2434,13514.81
9363,-5.1688,50,0,-3.781,2.7728,0.34,1.2561,13516.07
9364,-4.7695,50,0,-3.7806,2.7727,0.34,1.2803,13517.35
9365,-7.9983,50,0,-3.7919,2.7874,0.34,1.3073,13518.66
9366,-0.0261,1,1,-3.7399,2.8086,0.35,0.0236,13518.68
9367,-0.0182,1,1,-3.7397,2.8089,0.35,0.024,13518.7
9368,-6.1937,50,0,-3.7408,2.8099,0.35,1.3223,13520.03
9369,-4.4791,50,0,-3.7461,2.8108,0.35,1.3637,13521.39
9370,-0.0448,1,1,-3.6838,2.8231,0.36,0.0243,13521.41
9371,-0.0429,1,1,-3.639,2.8449,0.37,0.0254,13521.44
9372,-6.1757,50,0,-3.6161,2.8151,0.37,1.2843,13522.72
9373,-3.8231,50,0,-3.5602,2.7542,0.37,1.2929,13524.02
9374,-0.0412,1,1,-3.5202,2.7759,0.38,0.0253,13524.04
9375,-4.9084,50,0,-3.5145,2.7725,0.38,1.2805,13525.32
9376,-5.3281,50,0,-3.5675,2.756,0.37,1.2727,13526.59
9377,-6.4712,50,0,-3.5907,2.7706,0.37,1.2755,13527.87
9378,-0.0382,1,1,-3.5911,2.7702,0.37,0.0231,13527.89
9379,-0.0398,1,1,-3.5398,2.7879,0.38,0.0256,13527.92
9380,-4.1384,46,1,-3.581,2.7659,0.38,1.1682,13529.09
9381,-1.2381,14,1,-3.542,2.7712,0.39,0.346,13529.43
9382,-4.688,50,0,-3.5885,2.7509,0.38,1.2815,13530.71
9383,-4.5927,50,0,-3.5878,2.7506,0.38,1.2857,13532.0
9384,-1.5578,17,1,-3.6028,2.7353,0.38,0.4306,13532.43
9385,-3.2858,50,0,-3.6003,2.7355,0.38,1.2262,13533.66
9386,-0.0431,1,1,-3.5893,2.7475,0.38,0.0224,13533.68
9387,-5.9529,50,0,-3.5699,2.7239,0.38,1.2198,13534.9
9388,-8.6255,50,0,-3.5961,2.7596,0.38,1.3059,13536.21
9389,-0.033,1,1,-3.5499,2.7801,0.39,0.0341,13536.24
9390,-5.9443,50,0,-3.5718,2.7902,0.39,1.3788,13537.62
9391,-6.5694,50,0,-3.6371,2.7832,0.38,1.3578,13538.98
9392,-5.5765,50,0,-3.6925,2.7661,0.37,1.4589,13540.43
9393,-7.2778,50,0,-3.7086,2.7821,0.37,1.3249,13541.76
9394,-1.9213,25,1,-3.6848,2.7871,0.38,0.6467,13542.41
9395,-0.5528,9,1,-3.6258,2.7904,0.39,0.2267,13542.63
9396,-0.0333,1,1,-3.5651,2.8018,0.4,0.0235,13542.66
9397,-4.3101,50,0,-3.6078,2.7802,0.39,1.4098,13544.07
9398,-3.2934,50,0,-3.5965,2.7792,0.39,1.4062,13545.47
9399,-8.5277,50,0,-3.6815,2.7987,0.38,1.3546,13546.83
9400,-0.0381,1,1,-3.6817,2.7985,0.38,0.0353,13546.86
9401,-7.5983,50,0,-3.6947,2.8136,0.38,1.3357,13548.2
9402,-5.5527,50,0,-3.719,2.8191,0.38,1.3997,13549.6
9403,-3.9182,50,0,-3.7477,2.8064,0.37,1.4079,13551.01
9404,-7.1778,50,0,-3.769,2.8242,0.37,1.4381,13552.44
9405,-5.8025,50,0,-3.7689,2.8241,0.37,1.4573,13553.9
9406,-5.6383,50,0,-3.7613,2.818,0.37,1.4671,13555.37
9407,-0.0274,1,1,-3.7442,2.8354,0.37,0.0272,13555.4
9408,-0.0253,1,1,-3.6952,2.8569,0.38,0.0293,13555.42
9409,-6.1782,50,0,-3.7566,2.8436,0.37,1.5201,13556.94
9410,-5.6979,50,0,-3.7516,2.8397,0.37,1.4552,13558.4
9411,-0.0438,1,1,-3.7365,2.8554,0.37,0.0319,13558.43
9412,-6.3501,50,0,-3.7189,2.8337,0.37,1.5016,13559.93
9413,-7.5103,50,0,-3.7577,2.8587,0.37,1.6036,13561.54
9414,-0.0357,1,1,-3.7286,2.8815,0.38,0.0347,13561.57
9415,-5.3744,50,0,-3.782,2.862,0.37,1.6237,13563.2
9416,-8.8653,50,0,-3.8098,2.8976,0.37,1.4555,13564.65
9417,-4.7836,50,0,-3.7529,2.821,0.37,1.3323,13565.98
9418,-5.9457,50,0,-3.7469,2.8156,0.37,1.3931,13567.38
9419,-6.4014,50,0,-3.8105,2.803,0.36,1.3712,13568.75
9420,-0.0102,1,1,-3.744,2.8134,0.37,0.0236,13568.77
9421,-5.3362,50,0,-3.7354,2.8073,0.37,1.3723,13570.14
9422,-0.012,1,1,-3.7353,2.8075,0.37,0.0278,13570.17
9423,-6.1535,50,0,-3.7372,2.8091,0.37,1.2765,13571.45
9424,-1.0323,18,1,-3.7472,2.7976,0.37,0.4873,13571.93
9425,-5.8785,50,0,-3.7965,2.7913,0.36,1.3113,13573.25
9426,-5.0928,50,0,-3.8471,2.7685,0.35,1.285,13574.53
9427,-0.0417,1,1,-3.8086,2.7943,0.35,0.027,13574.56
9428,-5.2676,50,0,-3.8117,2.7957,0.35,1.3032,13575.86
9429,-4.7193,50,0,-3.8121,2.7958,0.35,1.4095,13577.27
9430,-7.4868,50,0,-3.8401,2.8184,0.35,1.3968,13578.67
9431,-0.0466,1,1,-3.7866,2.839,0.36,0.0256,13578.69
9432,-7.1366,50,0,-3.8104,2.857,0.36,1.3554,13580.05
9433,-0.0233,1,1,-3.7583,2.878,0.37,0.0395,13580.09
9434,-5.1902,50,0,-3.768,2.8811,0.37,1.3841,13581.47
9435,-0.0092,1,1,-3.706,2.8946,0.38,0.029,13581.5
9436,-5.1882,50,0,-3.6963,2.888,0.38,1.4595,13582.96
9437,-3.8512,50,0,-3.7348,2.8642,0.37,1.4901,13584.45
9438,-8.9978,50,0,-3.7532,2.8919,0.37,1.5369,13585.99
9439,-4.9756,50,0,-3.7604,2.8941,0.37,1.6813,13587.67
9440,-1.6343,18,1,-3.716,2.8923,0.38,0.6294,13588.3
9441,-0.0491,1,1,-3.6689,2.9132,0.39,0.0375,13588.34
9442,-7.1366,50,0,-3.7078,2.9332,0.39,1.6257,13589.96
9443,-4.5733,50,0,-3.7532,2.9111,0.38,1.4067,13591.37
9444,-5.5854,50,0,-3.775,2.9166,0.38,1.3441,13592.71
9445,-0.0362,1,1,-3.7719,2.9205,0.38,0.0289,13592.74
9446,-0.0213,1,1,-3.7137,2.9366,0.39,0.028,13592.77
9447,-7.2196,50,0,-3.7066,2.9272,0.39,1.3862,13594.16
9448,-7.0424,50,0,-3.7765,2.9226,0.38,1.5049,13595.66
9449,-4.8694,50,0,-3.7589,2.9106,0.38,1.3314,13596.99
9450,-5.5016,50,0,-3.8136,2.8912,0.37,1.4519,13598.44
9451,-0.0328,1,1,-3.759,2.9105,0.38,0.031,13598.47
9452,-5.4014,50,0,-3.8129,2.8904,0.37,1.3519,13599.83
9453,-7.0622,50,0,-3.8216,2.8988,0.37,1.2607,13601.09
9454,-4.9432,50,0,-3.8706,2.8759,0.36,1.2949,13602.38
9455,-0.0389,1,1,-3.8707,2.8757,0.36,0.0258,13602.41
9456,-4.6585,50,0,-3.9168,2.8509,0.35,1.3583,13603.77
9457,-2.879,50,0,-3.8923,2.8491,0.35,1.2952,13605.06
9458,-0.8028,14,1,-3.8999,2.8398,0.35,0.3689,13605.43
9459,-5.4472,50,0,-3.8851,2.8278,0.35,1.2987,13606.73
9460,-2.7188,50,0,-3.9121,2.8035,0.34,1.3633,13608.09
9461,-0.0311,1,1,-3.8723,2.8299,0.35,0.0302,13608.12
9462,-0.4791,9,1,-3.8131,2.8383,0.36,0.2381,13608.36
9463,-4.4254,50,0,-3.8056,2.8358,0.36,1.3462,13609.71
9464,-0.042,1,1,-3.7584,2.8586,0.37,0.0267,13609.73
9465,-6.0876,50,0,-3.7393,2.8365,0.37,1.4148,13611.15
9466,-8.4214,50,0,-3.8232,2.8496,0.36,1.5322,13612.68
9467,-6.149,50,0,-3.8845,2.8329,0.35,1.4389,13614.12
9468,-3.8733,50,0,-3.8613,2.8234,0.35,1.407,13615.53
9469,-0.0294,1,1,-3.8168,2.8483,0.36,0.0294,13615.56
9470,-8.7682,50,0,-3.9041,2.865,0.35,1.4018,13616.96
9471,-4.4445,50,0,-3.9481,2.839,0.34,1.4324,13618.39
9472,-5.4152,50,0,-3.9405,2.834,0.34,1.6852,13620.08
9473,-0.0472,1,1,-3.9027,2.8604,0.35,0.0316,13620.11
9474,-7.4611,50,0,-3.9769,2.8555,0.34,1.4938,13621.6
9475,-0.0108,1,1,-3.9279,2.881,0.35,0.0284,13621.63
9476,-3.7274,50,0,-3.9119,2.8776,0.35,1.61,13623.24
9477,-0.8716,11,1,-3.8559,2.8817,0.36,1.1486,13624.39
9478,-3.7703,50,0,-3.8932,2.8561,0.35,1.294,13625.68
9479,-0.0085,1,1,-3.8929,2.8565,0.35,0.024,13625.71
9480,-5.2134,50,0,-3.9037,2.8594,0.34,1.3033,13627.01
9481,-4.5979,50,0,-3.9373,2.8476,0.33,1.3492,13628.36
9482,-7.0207,50,0,-3.9606,2.8632,0.33,1.3188,13629.68
9483,-2.5968,50,0,-3.9406,2.8657,0.33,1.3702,13631.05
9484,-4.6709,50,0,-3.9718,2.8565,0.32,1.4843,13632.53
9485,-5.5821,50,0,-3.9947,2.8602,0.32,1.5134,13634.05
9486,-4.919,50,0,-4.0435,2.8338,0.31,1.637,13635.68
9487,-1.4613,22,1,-3.9986,2.8388,0.32,0.7815,13636.46
9488,-4.8329,50,0,-3.9607,2.8018,0.32,1.2732,13637.74
9489,-2.8968,50,0,-3.9893,2.776,0.31,1.4229,13639.16
9490,-6.9125,50,0,-3.999,2.7845,0.31,1.4103,13640.57
9491,-0.0099,1,1,-3.9334,2.8004,0.32,0.0259,13640.6
9492,-6.9176,50,0,-3.9468,2.8114,0.32,1.3856,13641.98
9493,-4.6776,50,0,-3.9208,2.7925,0.32,1.5278,13643.51
9494,-7.3226,50,0,-3.9748,2.8055,0.31,1.4582,13644.97
9495,-3.0286,50,0,-3.9996,2.786,0.3,1.5043,13646.47
9496,-0.003,1,1,-3.9993,2.7865,0.3,0.0264,13646.5
9497,-2.7188,50,0,-3.9834,2.7892,0.3,1.3586,13647.86
9498,-3.7289,50,0,-3.9877,2.7884,0.3,1.2766,13649.13
9499,-5.8238,50,0,-3.9607,2.7572,0.3,1.2836,13650.42
9500,-5.0899,50,0,-4.0112,2.731,0.29,1.4054,13651.82
9501,-3.3578,50,0,-3.9688,2.7078,0.29,1.4243,13653.25
9502,-7.5764,50,0,-3.989,2.7271,0.29,1.4549,13654.7
9503,-3.051,50,0,-3.9803,2.7287,0.29,1.3612,13656.06
9504,-0.0192,1,1,-3.9088,2.7377,0.3,0.0237,13656.09
9505,-4.9568,50,0,-3.9003,2.7332,0.3,1.2989,13657.39
9506,-5.2845,50,0,-3.8968,2.7312,0.3,1.2953,13658.68
9507,-3.6024,50,0,-3.9325,2.7035,0.29,1.42,13660.1
9508,-0.0423,1,1,-3.9327,2.7033,0.29,0.0293,13660.13
9509,-4.3622,50,0,-3.9145,2.6942,0.29,1.5678,13661.7
9510,-4.373,50,0,-3.9013,2.6887,0.29,1.3659,13663.06
9511,-3.5797,50,0,-3.9366,2.6608,0.28,1.3114,13664.38
9512,-4.2158,50,0,-3.9153,2.6499,0.28,1.3018,13665.68
9513,-4.614,50,0,-3.8863,2.6262,0.28,1.3886,13667.07
9514,-5.5355,50,0,-3.9413,2.6024,0.27,1.4519,13668.52
9515,-0.0325,1,1,-3.8879,2.6272,0.28,0.0299,13668.55
9516,-0.0453,1,1,-3.7997,2.6066,0.29,0.0273,13668.57
9517,-4.8833,50,0,-3.8007,2.607,0.29,1.3711,13669.95
9518,-4.5342,50,0,-3.7866,2.5991,0.29,1.4004,13671.35
9519,-0.0458,1,1,-3.723,2.6121,0.3,0.0272,13671.37
9520,-3.5494,50,0,-3.7584,2.5854,0.29,1.3633,13672.74
9521,-5.1741,50,0,-3.7568,2.5844,0.29,1.5229,13674.26
9522,-0.0265,1,1,-3.7569,2.5842,0.29,0.0268,13674.29
9523,-3.9442,50,0,-3.7349,2.5731,0.29,1.6503,13675.94
9524,-5.8268,50,0,-3.7828,2.5669,0.28,1.5329,13677.47
9525,-8.1571,50,0,-3.8056,2.5954,0.28,1.3335,13678.8
9526,-2.1333,26,1,-3.776,2.5974,0.29,0.6577,13679.46
9527,-0.7582,11,1,-3.7832,2.5881,0.29,0.3402,13679.8
9528,-6.4429,50,0,-3.7949,2.5974,0.29,1.3445,13681.15
9529,-6.2469,50,0,-3.8102,2.6073,0.29,1.2647,13682.41
9530,-4.8698,50,0,-3.784,2.5833,0.29,1.2798,13683.69
9531,-0.0245,1,1,-3.7838,2.5836,0.29,0.0242,13683.71
9532,-0.049,1,1,-3.7129,2.5879,0.3,0.0263,13683.74
9533,-4.0871,50,0,-3.7536,2.5614,0.29,1.3518,13685.09
9534,-4.4667,50,0,-3.7463,2.5583,0.29,1.3012,13686.39
9535,-6.1842,50,0,-3.8081,2.5419,0.28,1.2361,13687.63
9536,-3.2606,50,0,-3.7888,2.5386,0.28,1.2909,13688.92
9537,-4.8765,50,0,-3.7991,2.5409,0.28,1.2666,13690.19
9538,-5.8973,50,0,-3.768,2.4958,0.28,1.3091,13691.5
9539,-3.1259,50,0,-3.7495,2.4937,0.28,1.4541,13692.95
9540,-6.0768,50,0,-3.794,2.4952,0.27,1.3394,13694.29
9541,-6.8077,50,0,-3.8616,2.4843,0.26,1.4288,13695.72
9542,-7.2831,50,0,-3.863,2.4863,0.26,1.3154,13697.03
9543,-0.0456,1,1,-3.8177,2.514,0.27,0.0269,13697.06
9544,-6.0393,50,0,-3.8223,2.5176,0.27,1.4301,13698.49
9545,-2.6362,50,0,-3.8483,2.4917,0.26,1.446,13699.94
9546,-3.4459,50,0,-3.8825,2.4622,0.25,1.5244,13701.46
9547,-0.0408,1,1,-3.8107,2.4685,0.26,0.0315,13701.49
9548,-5.7842,50,0,-3.7982,2.4552,0.26,1.5494,13703.04
9549,-6.3566,50,0,-3.813,2.4661,0.26,1.4731,13704.52
9550,-6.5832,50,0,-3.8239,2.4758,0.26,1.2898,13705.81
9551,-0.0473,1,1,-3.824,2.4756,0.26,0.0275,13705.83
9552,-5.3665,50,0,-3.8236,2.4754,0.26,1.3066,13707.14
9553,-3.765,50,0,-3.7907,2.4539,0.26,1.2713,13708.41
9554,-6.3157,50,0,-3.8044,2.4641,0.26,1.3959,13709.81
9555,-6.6035,50,0,-3.87,2.4503,0.25,1.3359,13711.14
9556,-6.6095,50,0,-3.8896,2.4643,0.25,1.3293,13712.47
9557,-8.9632,50,0,-3.9504,2.5132,0.25,1.3259,13713.8
9558,-0.0412,1,1,-3.9428,2.5238,0.25,0.0241,13713.82
9559,-7.5226,50,0,-3.9635,2.5446,0.25,1.2527,13715.07
9560,-0.0465,1,1,-3.9368,2.5714,0.26,0.0247,13715.1
9561,-4.7403,50,0,-3.9839,2.5424,0.25,1.4022,13716.5
9562,-5.9092,50,0,-4.0382,2.5249,0.24,1.2723,13717.77
9563,-0.0108,1,1,-3.9941,2.5561,0.25,0.0286,13717.8
9564,-0.018,1,1,-3.9938,2.5565,0.25,0.0222,13717.82
9565,-3.511,50,0,-3.9681,2.5482,0.25,1.3282,13719.15
9566,-5.4409,50,0,-3.9382,2.5132,0.25,1.3292,13720.48
9567,-5.4219,50,0,-3.931,2.5078,0.25,1.3357,13721.82
9568,-3.7709,50,0,-3.93,2.5078,0.25,1.4075,13723.23
9569,-1.9861,30,1,-3.9495,2.4849,0.25,0.8503,13724.08
9570,-7.1221,50,0,-3.9331,2.4582,0.25,1.5478,13725.62
9571,-5.2034,50,0,-3.9406,2.4609,0.25,1.6598,13727.28
9572,-7.9862,50,0,-3.9664,2.4895,0.25,1.3209,13728.6
9573,-0.0481,1,1,-3.9664,2.4895,0.25,0.0289,13728.63
9574,-3.4564,50,0,-3.9263,2.465,0.25,1.3321,13729.97
9575,-0.0203,1,1,-3.9264,2.4649,0.25,0.0312,13730.0
9576,-6.5909,50,0,-3.9551,2.479,0.25,1.3255,13731.32
9577,-7.1965,50,0,-4.0183,2.4802,0.24,1.3976,13732.72
9578,-4.9726,50,0,-4.0303,2.4819,0.24,1.3797,13734.1
9579,-1.4095,18,1,-4.0443,2.463,0.24,0.4487,13734.55
9580,-6.5806,50,0,-4.058,2.4732,0.24,1.3251,13735.87
9581,-3.9044,50,0,-4.0511,2.4727,0.24,1.3502,13737.22
9582,-4.2176,50,0,-4.023,2.4547,0.24,1.2929,13738.52
9583,-5.4286,50,0,-4.0514,2.4544,0.24,1.2728,13739.79
9584,-5.3896,50,0,-4.0585,2.4572,0.24,1.244,13741.03
9585,-0.0492,1,1,-4.0032,2.4845,0.25,0.0265,13741.06
9586,-6.1457,50,0,-4.0155,2.492,0.25,1.2926,13742.35
9587,-5.8318,50,0,-4.0592,2.4851,0.24,1.2527,13743.6
9588,-0.0253,1,1,-4.0111,2.516,0.25,0.0253,13743.63
9589,-5.7722,50,0,-4.0399,2.5195,0.25,1.3364,13744.97
9590,-5.5446,50,0,-4.0262,2.5076,0.25,1.2476,13746.21
9591,-6.3943,50,0,-4.09,2.4857,0.24,1.372,13747.59
9592,-0.0364,1,1,-4.0212,2.5016,0.25,0.0291,13747.61
9593,-5.7088,50,0,-4.0315,2.5064,0.25,1.4393,13749.05
9594,-4.119,50,0,-3.9995,2.4846,0.25,1.5873,13750.64
9595,-0.0344,1,1,-3.9696,2.5139,0.26,0.0257,13750.67
9596,-7.3186,50,0,-4.0427,2.5039,0.25,1.471,13752.14
9597,-0.049,1,1,-4.016,2.5319,0.26,0.0296,13752.17
9598,-0.0492,1,1,-3.9792,2.5624,0.27,0.0322,13752.2
9599,-6.5178,50,0,-3.9862,2.5683,0.27,1.4941,13753.69
9600,-0.0473,1,1,-3.9357,2.5955,0.28,0.0307,13753.72
9601,-6.0503,50,0,-3.9627,2.6033,0.28,1.4892,13755.21
9602,-3.2111,50,0,-3.919,2.5788,0.28,1.4936,13756.71
9603,-0.0257,1,1,-3.8887,2.6064,0.29,0.0263,13756.73
9604,-4.7826,50,0,-3.9364,2.5787,0.28,1.6046,13758.34
9605,-0.8342,12,1,-3.8952,2.5949,0.29,0.354,13758.69
9606,-0.0444,1,1,-3.8428,2.6191,0.3,0.0358,13758.73
9607,-3.3637,50,0,-3.8404,2.6195,0.3,1.6461,13760.37
9608,-5.4285,50,0,-3.8942,2.5961,0.29,1.5505,13761.93
9609,-3.0911,50,0,-3.8815,2.5969,0.29,1.6248,13763.55
9610,-0.0163,1,1,-3.8379,2.6247,0.3,0.0319,13763.58
9611,-6.4035,50,0,-3.8662,2.6369,0.3,1.7386,13765.32
9612,-5.3206,50,0,-3.8772,2.6406,0.3,1.5924,13766.91
9613,-8.5436,50,0,-3.9165,2.6803,0.3,1.6622,13768.58
9614,-3.5278,50,0,-3.8965,2.6756,0.3,1.5495,13770.12
9615,-0.0253,1,1,-3.8964,2.6757,0.3,0.0339,13770.16
9616,-0.0332,1,1,-3.8963,2.6758,0.3,0.0344,13770.19
9617,-5.2726,50,0,-3.9002,2.6776,0.3,1.5597,13771.75
9618,-3.9442,50,0,-3.8943,2.6768,0.3,1.6393,13773.39
9619,-0.0447,1,1,-3.8942,2.6768,0.3,0.0365,13773.43
9620,-0.0486,1,1,-3.8592,2.7039,0.31,0.0318,13773.46
9621,-2.9444,50,0,-3.8369,2.7021,0.31,1.7933,13775.25
9622,-3.8642,50,0,-3.8753,2.6748,0.3,1.3937,13776.65
9623,-4.6856,50,0,-3.8827,2.6761,0.3,1.3336,13777.98
9624,-4.1717,50,0,-3.8662,2.6691,0.3,1.4297,13779.41
9625,-0.0235,1,1,-3.7848,2.661,0.31,0.0325,13779.44
9626,-5.1521,50,0,-3.815,2.6592,0.3,1.4915,13780.93
9627,-5.7948,50,0,-3.8654,2.6485,0.29,1.4895,13782.42
9628,-3.2036,50,0,-3.833,2.6366,0.29,1.405,13783.83
9629,-5.6007,50,0,-3.8265,2.6314,0.29,1.5123,13785.34
9630,-0.0305,1,1,-3.7781,2.6562,0.3,0.0304,13785.37
9631,-0.0413,1,1,-3.7783,2.656,0.3,0.0301,13785.4
9632,-2.5246,50,0,-3.8031,2.6325,0.29,1.5322,13786.93
9633,-6.349,50,0,-3.8257,2.6446,0.29,1.5068,13788.44
9634,-3.416,50,0,-3.8152,2.6441,0.29,1.6248,13790.07
9635,-0.0492,1,1,-3.7538,2.6595,0.3,0.0293,13790.09
9636,-6.7578,50,0,-3.7888,2.6758,0.3,1.5793,13791.67
9637,-3.1611,50,0,-3.7717,2.6742,0.3,1.8284,13793.5
9638,-5.2358,50,0,-3.765,2.6698,0.3,1.6585,13795.16
9639,-0.0471,1,1,-3.7342,2.6946,0.31,0.0326,13795.19
9640,-5.1481,50,0,-3.725,2.6881,0.31,1.4076,13796.6
9641,-5.0051,50,0,-3.7069,2.6734,0.31,1.384,13797.99
9642,-3.5804,50,0,-3.6699,2.6491,0.31,1.5385,13799.52
9643,-4.4931,50,0,-3.7144,2.6251,0.3,1.7026,13801.23
9644,-3.7696,50,0,-3.6917,2.6147,0.3,1.6266,13802.85
9645,-2.7553,50,0,-3.6929,2.6143,0.3,1.6205,13804.47
9646,-4.6615,50,0,-3.705,2.6159,0.3,1.6003,13806.07
9647,-3.9304,50,0,-3.7439,2.5899,0.29,1.3708,13807.44
9648,-4.1772,50,0,-3.7279,2.5822,0.29,1.3378,13808.78
9649,-5.9517,50,0,-3.7238,2.5784,0.29,1.4146,13810.2
9650,-3.8035,50,0,-3.696,2.5623,0.29,1.4635,13811.66
9651,-3.9606,50,0,-3.7351,2.5361,0.28,1.4655,13813.13
9652,-3.4383,50,0,-3.7159,2.5309,0.28,1.5104,13814.64
9653,-4.7193,50,0,-3.7254,2.5329,0.28,1.688,13816.32
9654,-5.9856,50,0,-3.7221,2.5297,0.28,1.5136,13817.84
9655,-3.5904,50,0,-3.692,2.5131,0.28,1.4989,13819.34
9656,-5.341,50,0,-3.6793,2.5015,0.28,1.4363,13820.77
9657,-6.3503,50,0,-3.6532,2.4595,0.28,1.6067,13822.38
9658,-5.1486,50,0,-3.7042,2.4369,0.27,1.5371,13823.92
9659,-4.9538,50,0,-3.6785,2.4099,0.27,1.4785,13825.4
9660,-5.0467,50,0,-3.7285,2.3857,0.26,1.5229,13826.92
9661,-5.6256,50,0,-3.7374,2.3911,0.26,1.5532,13828.47
9662,-4.3695,50,0,-3.722,2.382,0.26,1.2761,13829.75
9663,-5.8762,50,0,-3.7807,2.3621,0.25,1.2556,13831.0
9664,-5.3852,50,0,-3.8343,2.3368,0.24,1.2716,13832.28
9665,-4.0156,50,0,-3.8394,2.3366,0.24,1.3616,13833.64
9666,-0.0382,1,1,-3.7854,2.3613,0.25,0.0239,13833.66
9667,-2.5191,50,0,-3.7563,2.3588,0.25,1.3369,13835.0
9668,-0.0244,1,1,-3.7189,2.3879,0.26,0.0311,13835.03
9669,-5.6468,50,0,-3.7555,2.3891,0.25,1.5737,13836.6
9670,-5.2521,50,0,-3.7368,2.3699,0.25,1.3793,13837.98
9671,-3.3106,50,0,-3.7178,2.3657,0.25,1.2909,13839.27
9672,-4.3411,50,0,-3.6814,2.3274,0.25,1.3229,13840.6
9673,-5.0789,50,0,-3.7317,2.3026,0.24,1.3995,13842.0
9674,-0.0342,1,1,-3.6975,2.3317,0.25,0.0266,13842.02
9675,-5.066,50,0,-3.7479,2.306,0.24,1.3243,13843.35
9676,-2.8579,50,0,-3.7106,2.2898,0.24,1.6335,13844.98
9677,-4.4337,50,0,-3.683,2.2641,0.24,1.6696,13846.65
9678,-3.3772,50,0,-3.667,2.2606,0.24,1.5113,13848.16
9679,-5.2659,50,0,-3.7056,2.2546,0.23,1.3894,13849.55
9680,-3.2297,50,0,-3.6721,2.2365,0.23,1.3584,13850.91
9681,-4.194,50,0,-3.675,2.237,0.23,1.3225,13852.23
9682,-3.605,50,0,-3.6688,2.2363,0.23,1.2889,13853.52
9683,-0.0218,1,1,-3.6148,2.2584,0.24,0.0224,13853.54
9684,-4.6372,50,0,-3.6072,2.2537,0.24,1.3514,13854.89
9685,-5.5288,50,0,-3.662,2.233,0.23,1.3278,13856.22
9686,-4.4984,50,0,-3.6456,2.2207,0.23,1.2587,13857.48
9687,-3.9306,50,0,-3.6266,2.21,0.23,1.2931,13858.77
9688,-5.4822,50,0,-3.6811,2.1877,0.22,1.3084,13860.08
9689,-0.0463,1,1,-3.6239,2.207,0.23,0.0327,13860.11
9690,-0.0296,1,1,-3.5687,2.2272,0.24,0.0263,13860.14
9691,-4.1066,50,0,-3.5458,2.2097,0.24,1.2705,13861.41
9692,-4.2058,50,0,-3.5875,2.1823,0.23,1.3212,13862.73
9693,-6.5301,50,0,-3.5957,2.1918,0.23,1.3679,13864.1
9694,-4.5848,50,0,-3.6004,2.1934,0.23,1.3689,13865.47
9695,-5.123,50,0,-3.6513,2.1689,0.22,1.3243,13866.79
9696,-3.9668,50,0,-3.6178,2.1377,0.22,1.6551,13868.45
9697,-0.0287,1,1,-3.6176,2.138,0.22,0.0467,13868.49
9698,-6.5653,50,0,-3.6827,2.1275,0.21,2.1144,13870.61
9699,-7.3775,50,0,-3.6913,2.1407,0.21,1.5316,13872.14
9700,-5.0481,50,0,-3.7413,2.1132,0.2,1.4154,13873.56
9701,-3.6639,50,0,-3.7175,2.1004,0.2,1.303,13874.86
9702,-0.0483,1,1,-3.6858,2.1314,0.21,0.0249,13874.88
9703,-4.608,50,0,-3.7317,2.1013,0.2,1.3445,13876.23
9704,-2.7417,50,0,-3.7113,2.1009,0.2,1.6245,13877.85
9705,-5.5904,50,0,-3.7588,2.089,0.19,1.8003,13879.65
9706,-4.375,50,0,-3.8021,2.0562,0.18,1.6974,13881.35
9707,-0.0336,1,1,-3.7688,2.0897,0.19,0.0406,13881.39
9708,-4.7072,50,0,-3.7616,2.0852,0.19,1.6224,13883.01
9709,-3.8509,50,0,-3.7692,2.0841,0.19,1.4531,13884.47
9710,-4.8438,50,0,-3.8175,2.0523,0.18,1.4187,13885.89
9711,-4.0888,50,0,-3.7943,2.036,0.18,1.5215,13887.41
9712,-4.8908,50,0,-3.79,2.0332,0.18,2.1387,13889.55
9713,-7.1118,50,0,-3.7757,2.0045,0.18,1.9618,13891.51
9714,-0.0452,1,1,-3.7409,2.0385,0.19,0.0444,13891.55
9715,-4.59,50,0,-3.7865,2.0056,0.18,1.7993,13893.35
9716,-4.6067,50,0,-3.8323,1.9714,0.17,1.9289,13895.28
9717,-5.0443,50,0,-3.83,1.9698,0.17,1.8407,13897.12
9718,-5.8872,50,0,-3.8494,1.9804,0.17,1.8721,13898.99
9719,-8.5438,50,0,-3.9344,1.9976,0.16,2.1473,13901.14
9720,-3.6622,50,0,-3.9706,1.9593,0.15,2.0128,13903.15
9721,-7.6367,50,0,-4.0175,1.9901,0.15,1.5897,13904.74
9722,-4.6253,50,0,-4.0251,1.991,0.15,1.5004,13906.24
9723,-4.5936,50,0,-4.0242,1.9907,0.15,2.0293,13908.27
9724,-4.8426,50,0,-4.0309,1.9923,0.15,2.0826,13910.36
9725,-3.4279,50,0,-4.0649,1.9522,0.14,1.4126,13911.77
9726,-4.76,50,0,-4.061,1.9504,0.14,1.3259,13913.09
9727,-4.0347,50,0,-4.0434,1.9426,0.14,1.3243,13914.42
9728,-0.0284,1,1,-4.0116,1.9816,0.15,0.0257,13914.44
9729,-7.1561,50,0,-4.0272,2.0001,0.15,1.3483,13915.79
9730,-0.037,1,1,-4.0273,1.9999,0.15,0.0235,13915.82
9731,-4.2045,50,0,-4.0689,1.9595,0.14,2.3707,13918.19
9732,-7.8184,50,0,-4.1218,1.9883,0.14,1.2951,13919.48
9733,-4.2998,50,0,-4.1013,1.9758,0.14,1.2975,13920.78
9734,-3.1847,50,0,-4.099,1.9767,0.14,1.3583,13922.14
9735,-0.0499,1,1,-4.099,1.9767,0.14,0.0298,13922.17
9736,-5.5465,50,0,-4.0869,1.964,0.14,1.825,13923.99
9737,-4.3368,50,0,-4.0987,1.962,0.14,1.6202,13925.61
9738,-5.6051,50,0,-4.1024,1.9645,0.14,1.585,13927.2
9739,-4.8992,50,0,-4.1509,1.9232,0.13,1.4295,13928.63
9740,-6.1023,50,0,-4.1604,1.9305,0.13,1.5767,13930.2
9741,-9.2865,50,0,-4.2033,1.9951,0.13,1.492,13931.7
9742,-4.4294,50,0,-4.2117,1.9943,0.13,1.6234,13933.32
9743,-0.0336,1,1,-4.1671,2.0369,0.14,0.0273,13933.35
9744,-3.1073,50,0,-4.1605,2.0392,0.14,1.4733,13934.82
9745,-4.1602,50,0,-4.1746,2.0343,0.14,1.4822,13936.3
9746,-9.4378,50,0,-4.2223,2.1002,0.14,1.4034,13937.7
9747,-0.0229,1,1,-4.1833,2.1412,0.15,0.025,13937.73
9748,-0.0431,1,1,-4.1419,2.1805,0.16,0.0281,13937.76
9749,-4.0181,50,0,-4.1226,2.1729,0.16,1.3974,13939.16
9750,-9.0471,50,0,-4.175,2.2272,0.16,1.3766,13940.53
9751,-7.6775,50,0,-4.2122,2.2541,0.16,1.4195,13941.95
9752,-0.0412,1,1,-4.1782,2.2908,0.17,0.0366,13941.99
9753,-7.1743,50,0,-4.2028,2.3096,0.17,1.4175,13943.41
9754,-1.1609,21,1,-4.1545,2.3222,0.18,0.5977,13944.0
9755,-3.9104,41,1,-4.1577,2.3216,0.19,1.8054,13945.81
9756,-3.4344,38,1,-4.1387,2.3197,0.2,1.6331,13947.44
9757,-8.9028,50,0,-4.1642,2.3576,0.2,2.1537,13949.6
9758,-4.2326,50,0,-4.155,2.3555,0.2,1.6892,13951.28
9759,-3.6852,50,0,-4.1423,2.3546,0.2,1.6924,13952.98
9760,-0.0421,1,1,-4.0923,2.3878,0.21,0.0278,13953.0
9761,-4.4721,50,0,-4.0808,2.3832,0.21,1.5228,13954.53
9762,-7.2621,50,0,-4.1097,2.404,0.21,1.4155,13955.94
9763,-6.5642,50,0,-4.1166,2.41,0.21,1.394,13957.34
9764,-9.7186,50,0,-4.1599,2.4706,0.21,1.8193,13959.16
9765,-5.0912,50,0,-4.1707,2.4723,0.21,1.4211,13960.58
9766,-3.1388,50,0,-4.2017,2.4395,0.2,1.377,13961.95
9767,-2.7289,50,0,-4.2038,2.4381,0.2,1.4123,13963.37
9768,-0.0306,1,1,-4.2038,2.438,0.2,0.0254,13963.39
9769,-7.3891,50,0,-4.2212,2.4545,0.2,1.5599,13964.95
9770,-5.381,50,0,-4.2225,2.455,0.2,1.5543,13966.51
9771,-7.117,50,0,-4.2606,2.4701,0.2,1.5305,13968.04
9772,-4.2831,50,0,-4.26,2.47,0.2,1.4337,13969.47
9773,-6.7793,50,0,-4.277,2.4814,0.2,1.6938,13971.16
9774,-8.5675,50,0,-4.3624,2.4808,0.19,1.8934,13973.06
9775,-4.4938,50,0,-4.3566,2.4798,0.19,1.6471,13974.7
9776,-4.7394,50,0,-4.3754,2.4755,0.19,1.7897,13976.49
9777,-6.0917,50,0,-4.392,2.4814,0.19,1.7534,13978.25
9778,-8.5105,50,0,-4.4434,2.5128,0.19,1.5469,13979.79
9779,-0.033,1,1,-4.391,2.5493,0.2,0.0296,13979.82
9780,-3.1292,50,0,-4.39,2.5498,0.2,1.436,13981.26
9781,-4.6988,50,0,-4.3951,2.5499,0.2,1.3122,13982.57
9782,-7.851,50,0,-4.4375,2.5717,0.2,1.4114,13983.98
9783,-4.5652,50,0,-4.483,2.5331,0.19,1.4606,13985.44
9784,-7.9753,50,0,-4.5163,2.5568,0.19,1.6171,13987.06
9785,-0.042,1,1,-4.4615,2.5931,0.2,0.0352,13987.1
9786,-4.9224,50,0,-4.4657,2.5935,0.2,1.7693,13988.87
9787,-6.2239,50,0,-4.4887,2.5988,0.2,1.6785,13990.54
9788,-0.0305,1,1,-4.4341,2.6343,0.21,0.033,13990.58
9789,-0.004,1,1,-4.4337,2.635,0.21,0.036,13990.61
9790,-7.019,50,0,-4.5036,2.6098,0.2,1.6059,13992.22
9791,-6.0525,50,0,-4.5231,2.6141,0.2,1.6872,13993.91
9792,-7.7592,50,0,-4.5586,2.6336,0.2,1.731,13995.64
9793,-4.0025,50,0,-4.5333,2.6267,0.2,1.6358,13997.27
9794,-2.94,50,0,-4.5169,2.6314,0.2,1.7284,13999.0
9795,-3.4775,50,0,-4.5004,2.6327,0.2,1.7339,14000.74
9796,-0.0302,1,1,-4.4611,2.6696,0.21,0.0295,14000.77
9797,-7.1192,50,0,-4.532,2.645,0.2,1.5421,14002.31
9798,-3.7959,50,0,-4.5043,2.638,0.2,1.6223,14003.93
9799,-6.3186,50,0,-4.4937,2.6286,0.2,1.6867,14005.62
9800,-0.0098,1,1,-4.4433,2.6655,0.21,0.0277,14005.64
9801,-4.2227,50,0,-4.4489,2.6645,0.21,1.5418,14007.19
9802,-4.4348,50,0,-4.4927,2.6275,0.2,1.5521,14008.74
9803,-8.4123,50,0,-4.5308,2.6563,0.2,1.401,14010.14
9804,-9.9444,50,0,-4.6028,2.704,0.2,1.3161,14011.46
9805,-5.7681,50,0,-4.6046,2.7047,0.2,1.2782,14012.73
9806,-5.8913,50,0,-4.6198,2.7076,0.2,1.291,14014.02
9807,-0.0329,1,1,-4.6197,2.7076,0.2,0.0253,14014.05
9808,-6.3918,50,0,-4.6366,2.7134,0.2,1.3184,14015.37
9809,-4.6612,50,0,-4.6447,2.7122,0.2,1.3574,14016.73
9810,-0.0267,1,1,-4.5965,2.7508,0.21,0.0259,14016.75
9811,-5.8832,50,0,-4.6145,2.7532,0.21,1.3246,14018.08
9812,-3.4339,50,0,-4.5999,2.7556,0.21,1.3481,14019.42
9813,-8.4115,50,0,-4.6129,2.7704,0.21,1.449,14020.87
9814,-4.5914,50,0,-4.6584,2.7322,0.2,1.3297,14022.2
9815,-5.0521,50,0,-4.663,2.7324,0.2,1.3955,14023.6
9816,-5.5559,50,0,-4.6725,2.7339,0.2,1.3875,14024.99
9817,-0.0138,1,1,-4.6222,2.7726,0.21,0.0339,14025.02
9818,-4.2184,50,0,-4.6055,2.7699,0.21,1.3689,14026.39
9819,-4.6595,50,0,-4.5666,2.7415,0.21,1.4057,14027.79
9820,-11.6698,50,0,-4.6467,2.8295,0.21,1.3897,14029.18
9821,-3.2112,50,0,-4.6025,2.8169,0.21,1.4687,14030.65
9822,-3.1403,50,0,-4.5876,2.8207,0.21,1.4601,14032.11
9823,-4.4209,50,0,-4.5859,2.8207,0.21,1.5824,14033.7
9824,-7.8922,50,0,-4.6164,2.8398,0.21,1.7589,14035.45
9825,-3.6819,50,0,-4.6189,2.8388,0.21,1.5038,14036.96
9826,-3.868,50,0,-4.61,2.8398,0.21,1.4553,14038.41
9827,-6.1048,50,0,-4.6307,2.843,0.21,1.4504,14039.86
9828,-5.2999,50,0,-4.6834,2.8058,0.2,1.505,14041.37
9829,-0.029,1,1,-4.6121,2.8325,0.21,0.0294,14041.4
9830,-2.5662,50,0,-4.6374,2.8027,0.2,1.526,14042.92
9831,-2.5212,50,0,-4.6206,2.8103,0.2,1.6953,14044.62
9832,-3.275,50,0,-4.5752,2.7949,0.2,1.5143,14046.13
9833,-0.0368,1,1,-4.5325,2.831,0.21,0.0374,14046.17
9834,-4.4694,50,0,-4.5454,2.8278,0.21,1.4137,14047.58
9835,-6.8738,50,0,-4.6136,2.8007,0.2,1.3414,14048.93
9836,-6.04,50,0,-4.6186,2.8028,0.2,1.3309,14050.26
9837,-2.7485,50,0,-4.6027,2.8088,0.2,1.341,14051.6
9838,-3.3025,50,0,-4.5796,2.81,0.2,1.3526,14052.95
9839,-0.0498,1,1,-4.5312,2.8456,0.21,0.0261,14052.98
9840,-0.0378,1,1,-4.4705,2.876,0.22,0.0282,14053.0
9841,-5.2833,50,0,-4.4305,2.8362,0.22,1.3337,14054.34
9842,-4.8106,50,0,-4.4343,2.8365,0.22,1.5447,14055.88
9843,-8.5475,50,0,-4.5194,2.8309,0.21,1.564,14057.45
9844,-3.2595,50,0,-4.521,2.8302,0.21,1.5177,14058.96
9845,-0.0486,1,1,-4.4798,2.8648,0.22,0.0335,14059.0
9846,-5.8725,50,0,-4.4442,2.8248,0.22,1.547,14060.55
9847,-0.0352,1,1,-4.4443,2.8246,0.22,0.0386,14060.58
9848,-5.505,50,0,-4.4989,2.7915,0.21,1.6728,14062.26
9849,-3.837,50,0,-4.4971,2.7919,0.21,1.7392,14064.0
9850,-2.5296,50,0,-4.4319,2.7608,0.21,1.7495,14065.75
9851,-4.6214,50,0,-4.4014,2.7416,0.21,1.3986,14067.14
9852,-9.6795,50,0,-4.4978,2.756,0.2,1.3777,14068.52
9853,-8.5598,50,0,-4.5116,2.7728,0.2,1.4447,14069.97
9854,-5.8262,50,0,-4.5583,2.7553,0.19,1.5483,14071.51
9855,-4.4222,50,0,-4.5634,2.7545,0.18,1.4116,14072.93
9856,-7.4854,50,0,-4.6039,2.7674,0.17,1.4691,14074.4
9857,-3.7369,50,0,-4.5522,2.7347,0.17,1.5963,14075.99
9858,-5.0481,50,0,-4.5604,2.7349,0.17,1.6843,14077.68
9859,-4.443,50,0,-4.568,2.7336,0.17,1.6703,14079.35
9860,-4.8508,50,0,-4.6161,2.6955,0.16,1.5689,14080.92
9861,-0.0406,1,1,-4.5717,2.7337,0.17,0.0342,14080.95
9862,-0.012,1,1,-4.4992,2.7574,0.18,0.0341,14080.98
9863,-3.9313,50,0,-4.4729,2.7501,0.18,1.6349,14082.62
9864,-4.766,50,0,-4.4234,2.6994,0.18,1.6002,14084.22
9865,-0.0449,1,1,-4.3729,2.7334,0.19,0.0482,14084.27
9866,-4.4119,50,0,-4.3857,2.7305,0.19,1.7282,14086.0
9867,-5.229,50,0,-4.4107,2.7267,0.19,1.6303,14087.63
9868,-4.598,50,0,-4.4563,2.691,0.18,1.5298,14089.16
9869,-5.3571,50,0,-4.436,2.6764,0.18,1.6692,14090.82
9870,-2.7564,50,0,-4.4098,2.6799,0.18,1.6432,14092.47
9871,-4.3752,50,0,-4.3823,2.666,0.18,1.5821,14094.05
9872,-4.6288,50,0,-4.3858,2.6661,0.18,1.4637,14095.51
9873,-4.3371,50,0,-4.3614,2.6552,0.18,1.4189,14096.93
9874,-3.775,50,0,-4.3135,2.6219,0.18,1.5027,14098.43
9875,-0.0364,1,1,-4.2689,2.6561,0.19,0.0331,14098.47
9876,-0.0192,1,1,-4.2217,2.6891,0.2,0.0302,14098.5
9877,-6.2003,50,0,-4.2228,2.6899,0.2,1.4769,14099.98
9878,-7.8437,50,0,-4.2161,2.68,0.2,1.6313,14101.61
9879,-0.0266,1,1,-4.216,2.6801,0.2,0.0348,14101.64
9880,-3.7983,50,0,-4.2227,2.6783,0.2,1.5264,14103.17
9881,-2.623,50,0,-4.202,2.6825,0.2,1.2924,14104.46
9882,-4.6548,50,0,-4.17,2.6578,0.2,1.2623,14105.72
9883,-5.9614,50,0,-4.184,2.6635,0.2,1.4,14107.12
9884,-3.994,50,0,-4.1441,2.6361,0.2,1.4561,14108.58
9885,-7.3384,50,0,-4.2171,2.6225,0.19,1.4807,14110.06
9886,-2.9163,50,0,-4.1971,2.6247,0.19,1.7539,14111.81
9887,-4.1455,50,0,-4.1763,2.6168,0.19,1.744,14113.56
9888,-4.2336,50,0,-4.2183,2.5834,0.18,1.8782,14115.44
9889,-9.8183,50,0,-4.3164,2.6078,0.17,1.47,14116.91
9890,-7.9791,50,0,-4.326,2.6194,0.17,1.3828,14118.29
9891,-4.1028,50,0,-4.3065,2.6138,0.17,1.405,14119.69
9892,-4.8874,50,0,-4.2778,2.5913,0.17,1.4098,14121.1
9893,-0.0494,1,1,-4.2383,2.6252,0.18,0.0255,14121.13
9894,-23.9079,50,0,-4.448,3.271,0.18,1.4261,14122.55
9895,-2.7564,50,0,-4.4408,3.274,0.18,1.7802,14124.33
9896,-3.8226,50,0,-4.4787,3.2445,0.17,2.1862,14126.52
9897,-4.6108,50,0,-4.4536,3.2337,0.17,1.7528,14128.27
9898,-3.8016,50,0,-4.4537,3.2336,0.17,1.7421,14130.02
9899,-0.0446,1,1,-4.3909,3.2576,0.18,0.0365,14130.05
9900,-5.7555,50,0,-4.4484,3.2304,0.17,1.7495,14131.8
9901,-2.5835,50,0,-4.432,3.2357,0.17,1.746,14133.55
9902,-6.717,50,0,-4.4548,3.2436,0.17,1.6155,14135.16
9903,-9.3762,50,0,-4.4644,3.2568,0.17,1.4841,14136.65
9904,-6.5504,50,0,-4.4305,3.2169,0.17,1.5152,14138.16
9905,-2.6601,50,0,-4.3994,3.2189,0.17,1.4772,14139.64
9906,-0.0325,1,1,-4.3408,3.2444,0.18,0.0302,14139.67
9907,-0.0407,1,1,-4.3409,3.2443,0.18,0.0276,14139.7
9908,-7.8327,50,0,-4.3553,3.2566,0.18,1.8105,14141.51
9909,-8.3279,50,0,-4.392,3.2804,0.18,1.825,14143.33
9910,-5.6849,50,0,-4.4486,3.2533,0.17,1.7269,14145.06
9911,-0.0402,1,1,-4.3901,3.2793,0.18,0.031,14145.09
9912,-2.8975,50,0,-4.3848,3.2813,0.18,1.5453,14146.64
9913,-13.8668,50,0,-4.4393,3.3913,0.18,1.5457,14148.18
9914,-2.7825,50,0,-4.4212,3.3953,0.18,1.497,14149.68
9915,-6.2502,50,0,-4.4332,3.3996,0.18,1.8637,14151.54
9916,-3.238,50,0,-4.41,3.3998,0.18,1.7169,14153.26
9917,-2.9161,50,0,-4.4391,3.3744,0.17,1.7627,14155.02
9918,-3.5947,50,0,-4.4328,3.3754,0.17,1.7286,14156.75
9919,-0.0395,1,1,-4.3866,3.4035,0.18,0.0331,14156.78
9920,-9.4418,50,0,-4.3644,3.3628,0.18,1.6014,14158.39
9921,-3.5725,50,0,-4.368,3.3617,0.18,1.5831,14159.97
9922,-0.0311,1,1,-4.3369,3.3872,0.19,0.033,14160.0
9923,-0.0191,1,1,-4.2929,3.4143,0.2,0.0284,14160.03
9924,-5.2022,50,0,-4.266,3.3964,0.2,1.6006,14161.63
9925,-3.7933,50,0,-4.2671,3.3962,0.2,1.7068,14163.34
9926,-0.0293,1,1,-4.2287,3.4221,0.21,0.0352,14163.37
9927,-4.0425,50,0,-4.2081,3.417,0.21,1.8115,14165.18
9928,-5.0023,50,0,-4.2051,3.4162,0.21,1.3975,14166.58
9929,-3.4423,50,0,-4.2392,3.3912,0.2,1.3142,14167.9
9930,-4.951,50,0,-4.2631,3.3878,0.2,1.2991,14169.19
9931,-3.8487,50,0,-4.2763,3.3835,0.2,1.3554,14170.55
9932,-0.0281,1,1,-4.2439,3.4084,0.21,0.0272,14170.58
9933,-6.2793,50,0,-4.3063,3.3879,0.2,1.402,14171.98
9934,-2.5162,50,0,-4.2868,3.3926,0.2,1.392,14173.37
9935,-3.3299,50,0,-4.2513,3.3838,0.2,1.3446,14174.72
9936,-5.4495,50,0,-4.2454,3.3812,0.2,1.3916,14176.11
9937,-3.7047,50,0,-4.255,3.3783,0.2,1.3514,14177.46
9938,-5.7729,50,0,-4.2797,3.3803,0.2,1.4122,14178.87
9939,-5.9446,50,0,-4.3386,3.3574,0.19,1.3879,14180.26
9940,-5.4961,50,0,-4.3932,3.3313,0.18,1.4015,14181.66
9941,-4.5848,50,0,-4.3862,3.3301,0.18,1.5594,14183.22
9942,-4.9501,50,0,-4.3876,3.3303,0.18,1.3423,14184.56
9943,-3.0107,50,0,-4.3323,3.3066,0.18,1.3558,14185.92
9944,-5.1836,50,0,-4.3515,3.3059,0.18,1.2592,14187.18
9945,-4.1877,50,0,-4.3929,3.2776,0.17,1.258,14188.44
9946,-0.0495,1,1,-4.3347,3.3024,0.18,0.0304,14188.47
9947,-6.2887,50,0,-4.3972,3.2796,0.17,1.2953,14189.76
9948,-8.852,50,0,-4.4307,3.3076,0.17,1.3484,14191.11
9949,-4.663,50,0,-4.4389,3.3072,0.17,1.3512,14192.46
9950,-0.0181,1,1,-4.4138,3.331,0.18,0.025,14192.49
9951,-3.3347,50,0,-4.4009,3.3327,0.18,1.5887,14194.07
9952,-0.0385,1,1,-4.3045,3.318,0.19,0.029,14194.1
9953,-5.2418,50,0,-4.2714,3.2918,0.19,1.6576,14195.76
9954,-5.7297,50,0,-4.2704,3.2913,0.19,1.5905,14197.35
9955,-4.8631,50,0,-4.2748,3.2918,0.19,1.5878,14198.94
9956,-3.6529,50,0,-4.2365,3.2765,0.19,1.7132,14200.65
9957,-4.0148,50,0,-4.2393,3.2762,0.19,1.7144,14202.37
9958,-10.4483,50,0,-4.2933,3.3331,0.19,1.8525,14204.22
9959,-5.9283,50,0,-4.3081,3.337,0.19,1.6107,14205.83
9960,-6.1173,50,0,-4.3208,3.3415,0.19,1.3238,14207.15
9961,-4.3437,50,0,-4.3638,3.3137,0.18,1.3318,14208.49
9962,-4.6469,50,0,-4.4101,3.2848,0.17,1.3147,14209.8
9963,-4.5969,50,0,-4.4168,3.2845,0.17,1.3354,14211.14
9964,-5.9088,50,0,-4.4282,3.2876,0.17,1.4135,14212.55
9965,-5.7874,50,0,-4.4857,3.2606,0.16,1.5919,14214.14
9966,-4.7458,50,0,-4.489,3.2607,0.16,1.719,14215.86
9967,-2.9217,50,0,-4.4659,3.2636,0.16,1.6189,14217.48
9968,-4.623,50,0,-4.4662,3.2636,0.16,1.3699,14218.85
9969,-5.6552,50,0,-4.4692,3.2645,0.16,1.6687,14220.52
9970,-0.0397,1,1,-4.442,3.2899,0.17,0.0302,14220.55
9971,-21.9089,50,0,-4.6173,3.7207,0.17,1.5376,14222.09
9972,-3.7894,50,0,-4.6089,3.7216,0.17,1.6221,14223.71
9973,-0.0331,1,1,-4.5659,3.7493,0.18,0.0318,14223.74
9974,-10.3982,50,0,-4.6321,3.793,0.18,2.7314,14226.47
9975,-3.5833,50,0,-4.6676,3.7663,0.17,1.4373,14227.91
9976,-25.7101,50,0,-4.9245,4.2815,0.16,1.4715,14229.38
9977,-2.9804,50,0,-4.8923,4.2838,0.16,1.5545,14230.93
9978,-4.3979,50,0,-4.8578,4.2738,0.16,1.3815,14232.32
9979,-5.5662,50,0,-4.9132,4.2466,0.15,1.4696,14233.79
9980,-4.1841,50,0,-4.9171,4.2458,0.15,1.3817,14235.17
9981,-0.0207,1,1,-4.8911,4.2677,0.16,0.0332,14235.2
9982,-5.7612,50,0,-4.9021,4.2685,0.16,1.4738,14236.67
9983,-3.4643,50,0,-4.8772,4.2695,0.16,1.7936,14238.47
9984,-6.1049,50,0,-4.8983,4.2703,0.16,1.9043,14240.37
9985,-11.5069,50,0,-4.94,4.3141,0.16,1.9067,14242.28
9986,-0.0226,1,1,-4.911,4.3372,0.17,0.0367,14242.32
9987,-4.2126,50,0,-4.9117,4.3371,0.17,1.5896,14243.9
9988,-4.5581,50,0,-4.9149,4.3367,0.17,1.3931,14245.3
9989,-9.8413,50,0,-4.9152,4.337,0.17,1.5529,14246.85
9990,-0.0374,1,1,-4.8358,4.3528,0.18,0.0379,14246.89
9991,-4.9195,50,0,-4.8439,4.3522,0.18,1.6793,14248.57
9992,-0.0204,1,1,-4.7953,4.3786,0.19,0.0351,14248.6
9993,-0.0478,1,1,-4.7952,4.3786,0.19,0.0379,14248.64
9994,-0.0329,1,1,-4.5565,3.9609,0.2,0.0332,14248.67
9995,-4.7977,50,0,-4.5769,3.9568,0.2,1.7695,14250.44
9996,-4.4606,50,0,-4.5833,3.9561,0.2,1.9589,14252.4
9997,-4.0359,50,0,-4.5775,3.9565,0.2,2.1194,14254.52
9998,-0.0064,1,1,-4.5396,3.9819,0.21,0.0295,14254.55
9999,-5.4024,50,0,-4.5932,3.957,0.2,1.37,14255.92
10000,-3.5574,50,0,-4.5712,3.9566,0.2,1.4069,14257.33
10001,-3.5,50,0,-4.5803,3.9531,0.2,1.7073,14259.04
10002,-0.0414,1,1,-4.5136,3.9727,0.21,0.0288,14259.06
10003,-26.1455,50,0,-4.6813,4.4942,0.21,1.5983,14260.66
10004,-5.6069,50,0,-4.6718,4.4912,0.21,1.5245,14262.19
10005,-4.7276,50,0,-4.6925,4.4867,0.21,1.5083,14263.7
10006,-0.6413,9,1,-4.6986,4.4807,0.21,0.3156,14264.01
10007,-0.0489,1,1,-4.6987,4.4807,0.21,0.035,14264.05
10008,-5.0617,50,0,-4.671,4.4697,0.21,1.7303,14265.78
10009,-0.0128,1,1,-4.5878,4.4783,0.22,0.037,14265.81
10010,-10.9098,50,0,-4.6401,4.521,0.22,1.7984,14267.61
10011,-0.0294,1,1,-4.64,4.5212,0.22,0.0309,14267.64
10012,-23.4731,50,0,-4.8457,4.8903,0.22,1.7075,14269.35
10013,-0.2681,5,1,-4.7097,4.8262,0.23,0.1761,14269.53
10014,-4.758,50,0,-4.7295,4.8223,0.23,1.5867,14271.11
10015,-4.4144,50,0,-4.7111,4.82,0.23,1.6085,14272.72
10016,-0.4473,7,1,-4.6832,4.8365,0.24,0.2237,14272.95
10017,-2.6519,50,0,-4.6806,4.8375,0.24,1.8681,14274.81
10018,-0.0466,1,1,-4.6451,4.8583,0.25,0.0399,14274.85
10019,-5.5974,50,0,-4.7007,4.8371,0.24,2.1527,14277.01
10020,-0.6122,11,1,-4.6124,4.8303,0.25,0.4171,14277.42
10021,-5.3241,50,0,-4.6299,4.8297,0.25,1.6641,14279.09
10022,-0.0432,1,1,-4.63,4.8296,0.25,0.0246,14279.11
10023,-2.5387,50,0,-4.6552,4.812,0.24,1.6307,14280.74
10024,-3.4154,50,0,-4.6374,4.8132,0.24,1.4557,14282.2
10025,-4.1525,50,0,-4.6409,4.8127,0.24,1.4119,14283.61
10026,-0.0129,1,1,-4.6408,4.8129,0.24,0.0269,14283.64
10027,-4.4561,50,0,-4.6449,4.8125,0.24,1.4565,14285.09
10028,-5.2564,50,0,-4.6475,4.8128,0.24,1.5574,14286.65
10029,-0.3152,6,1,-4.6162,4.8307,0.25,0.1709,14286.82
10030,-20.0858,50,0,-4.7675,5.0699,0.25,1.4606,14288.28
10031,-4.0905,50,0,-4.77,5.0696,0.25,1.607,14289.89
10032,-5.8337,50,0,-4.828,5.0481,0.24,1.3727,14291.26
10033,-5.252,50,0,-4.8177,5.0462,0.24,1.4911,14292.75
10034,-4.8588,50,0,-4.8412,5.0409,0.24,1.523,14294.28
10035,-3.4214,50,0,-4.8421,5.0406,0.24,1.4731,14295.75
10036,-0.0396,1,1,-4.788,5.0628,0.25,0.0327,14295.78
10037,-0.0486,1,1,-4.7514,5.0837,0.26,0.0407,14295.82
10038,-0.0327,1,1,-4.694,5.1042,0.27,0.0408,14295.86
10039,-4.1253,50,0,-4.6758,5.1029,0.27,1.5313,14297.4
10040,-0.0462,1,1,-4.6213,5.1229,0.28,0.0284,14297.42
10041,-6.4264,50,0,-4.6397,5.1261,0.28,1.3805,14298.8
10042,-0.0385,1,1,-4.5906,5.1464,0.29,0.0289,14298.83
10043,-4.651,50,0,-4.607,5.1439,0.29,1.4107,14300.24
10044,-33.3381,50,0,-4.8886,5.8849,0.29,1.5383,14301.78
10045,-4.7197,50,0,-4.8939,5.8845,0.29,1.7131,14303.49
10046,-0.0406,1,1,-4.8938,5.8846,0.29,0.0314,14303.53
10047,-0.0342,1,1,-4.8313,5.9026,0.3,0.0312,14303.56
10048,-4.6011,50,0,-4.7887,5.8888,0.3,2.2953,14305.85
10049,-2.6755,50,0,-4.7689,5.8925,0.3,1.6765,14307.53
10050,-2.611,50,0,-4.7948,5.8773,0.29,1.5352,14309.06
10051,-4.8572,50,0,-4.81,5.8754,0.29,1.4421,14310.51
10052,-23.1607,50,0,-5.0412,6.1325,0.28,1.4353,14311.94
10053,-0.0474,1,1,-4.9893,6.1525,0.29,0.0291,14311.97
10054,-3.3471,50,0,-4.9655,6.1542,0.29,1.467,14313.44
10055,-0.021,1,1,-4.9171,6.1738,0.3,0.0337,14313.47
10056,-23.6984,50,0,-5.1175,6.4488,0.3,1.7105,14315.18
10057,-21.8689,50,0,-5.2961,6.6596,0.3,1.6496,14316.83
10058,-0.0284,1,1,-5.1919,6.6596,0.31,0.035,14316.87
10059,-2.8727,50,0,-5.1613,6.6632,0.31,1.5246,14318.39
10060,-3.881,50,0,-5.1389,6.6637,0.31,1.4,14319.79
10061,-5.9715,50,0,-5.1552,6.6637,0.31,1.5793,14321.37
10062,-0.0245,1,1,-5.109,6.6831,0.32,0.0314,14321.4
10063,-3.3431,50,0,-5.0965,6.6852,0.32,1.4677,14322.87
10064,-0.029,1,1,-5.0377,6.7037,0.33,0.024,14322.89
10065,-5.2916,50,0,-5.0327,6.7033,0.33,1.3341,14324.23
10066,-0.0464,1,1,-4.9857,6.7216,0.34,0.031,14324.26
10067,-4.0698,50,0,-4.9972,6.719,0.34,1.4048,14325.66
10068,-2.5542,50,0,-4.9765,6.7233,0.34,1.3772,14327.04
10069,-4.6529,50,0,-4.9665,6.7231,0.34,1.4952,14328.54
10070,-6.4474,50,0,-5.0306,6.7063,0.33,1.566,14330.1
10071,-4.4818,50,0,-4.8563,6.4883,0.33,1.7715,14331.87
10072,-5.7498,50,0,-4.8759,6.488,0.33,1.6591,14333.53
10073,-4.6124,50,0,-4.9217,6.4698,0.32,1.5789,14335.11
10074,-3.5745,50,0,-4.8534,6.4477,0.32,1.4934,14336.6
10075,-4.9167,50,0,-4.8668,6.4464,0.32,1.5037,14338.11
10076,-6.9613,50,0,-4.6793,6.1008,0.32,1.5664,14339.67
10077,-5.4729,50,0,-4.7042,6.0989,0.32,1.5111,14341.19
10078,-2.9783,50,0,-4.69,6.1013,0.32,1.9143,14343.1
10079,-5.3004,50,0,-4.6874,6.101,0.32,1.6555,14344.76
10080,-0.0416,1,1,-4.6459,6.1183,0.33,0.036,14344.79
10081,-4.0468,50,0,-4.6862,6.1009,0.32,1.502,14346.29
10082,-0.0435,1,1,-4.629,6.1174,0.33,0.0328,14346.33
10083,-3.3731,50,0,-4.6281,6.1175,0.33,1.3758,14347.7
10084,-0.02,1,1,-4.5673,6.1328,0.34,0.0253,14347.73
10085,-4.7194,50,0,-4.4994,6.093,0.34,1.4111,14349.14
10086,-3.7032,50,0,-4.5362,6.077,0.33,1.3738,14350.51
10087,-3.2553,50,0,-4.5266,6.0782,0.33,1.4711,14351.98
10088,-3.8853,50,0,-4.5199,6.0786,0.33,1.4672,14353.45
10089,-3.3348,50,0,-4.4548,6.056,0.33,1.3631,14354.81
10090,-3.6867,50,0,-4.4913,6.0403,0.32,1.5031,14356.32
10091,-6.0977,50,0,-4.5031,6.0423,0.32,1.4628,14357.78
10092,-4.0521,50,0,-4.5434,6.0256,0.31,1.4684,14359.25
10093,-0.033,1,1,-4.5433,6.0258,0.31,0.032,14359.28
10094,-0.0427,1,1,-4.5434,6.0257,0.31,0.0259,14359.31
10095,-5.4734,50,0,-4.5501,6.0263,0.31,1.4839,14360.79
10096,-4.3662,50,0,-4.5492,6.0264,0.31,1.6432,14362.43
10097,-4.3355,50,0,-4.5522,6.0262,0.31,1.7172,14364.15
10098,-5.3284,50,0,-4.6054,6.0093,0.3,1.8961,14366.05
10099,-0.0412,1,1,-4.5518,6.0258,0.31,0.0374,14366.08
10100,-0.0213,1,1,-4.5164,6.0419,0.32,0.0352,14366.12
10101,-6.3316,50,0,-4.5447,6.0437,0.32,1.7287,14367.85
10102,-0.0492,1,1,-4.5448,6.0437,0.32,0.0346,14367.88
10103,-4.1952,50,0,-4.3253,5.6403,0.32,1.665,14369.55
10104,-0.0457,1,1,-4.2697,5.6548,0.33,0.0292,14369.58
10105,-3.3769,50,0,-4.2562,5.6553,0.33,1.5332,14371.11
10106,-5.6094,50,0,-4.3059,5.6451,0.32,1.3899,14372.5
10107,-3.2757,50,0,-4.3381,5.6299,0.31,1.4265,14373.93
10108,-4.1,50,0,-4.3285,5.6295,0.31,1.5593,14375.49
10109,-3.1472,50,0,-4.3599,5.6141,0.3,1.7563,14377.24
10110,-0.017,1,1,-4.2509,5.5915,0.31,0.0325,14377.27
10111,-3.3171,50,0,-4.2838,5.5763,0.3,1.7645,14379.04
10112,-4.814,50,0,-4.0972,5.2326,0.3,1.739,14380.78
10113,-0.0485,1,1,-4.095,5.2343,0.3,0.0386,14380.82
10114,-4.4482,50,0,-4.0919,5.234,0.3,1.63,14382.45
10115,-5.3293,50,0,-4.1011,5.2353,0.3,1.5142,14383.96
10116,-3.4853,50,0,-4.1315,5.2229,0.29,1.4658,14385.43
10117,-5.2265,50,0,-4.1572,5.2218,0.29,1.5059,14386.93
10118,-3.9477,50,0,-4.1962,5.2055,0.28,1.5703,14388.5
10119,-2.6922,50,0,-4.1672,5.2057,0.28,1.3489,14389.85
10120,-4.1434,50,0,-4.2025,5.1935,0.27,1.4322,14391.28
10121,-0.0146,1,1,-4.1494,5.2088,0.28,0.032,14391.32
10122,-5.0113,50,0,-4.1991,5.1931,0.27,1.3243,14392.64
10123,-5.4523,50,0,-4.2282,5.1919,0.27,1.3548,14393.99
10124,-4.252,50,0,-4.2366,5.1913,0.27,1.3729,14395.37
10125,-5.7936,50,0,-4.253,5.1936,0.27,1.6737,14397.04
10126,-4.6676,50,0,-4.2995,5.1762,0.26,1.422,14398.46
10127,-3.2789,50,0,-4.2878,5.1771,0.26,1.657,14400.12
10128,-3.5531,50,0,-4.2707,5.1767,0.26,1.5681,14401.69
10129,-0.0476,1,1,-4.268,5.1788,0.26,0.0297,14401.72
10130,-2.6656,50,0,-4.0938,4.9309,0.26,1.4867,14403.2
10131,-2.8361,50,0,-4.0813,4.9325,0.26,1.8339,14405.04
10132,-4.9377,50,0,-4.0723,4.9301,0.26,1.6057,14406.64
10133,-3.4815,50,0,-4.0546,4.929,0.26,1.4769,14408.12
10134,-0.028,1,1,-4.0063,4.9445,0.27,0.0281,14408.15
10135,-2.5185,38,1,-3.9973,4.9464,0.28,1.1217,14409.27
10136,-0.044,1,1,-3.9973,4.9464,0.28,0.0241,14409.3
10137,-2.7089,50,0,-4.0239,4.9322,0.27,1.3959,14410.69
10138,-4.5894,50,0,-4.0695,4.9162,0.26,1.4557,14412.15
10139,-3.2807,50,0,-4.0611,4.9168,0.26,1.4115,14413.56
10140,-0.0435,1,1,-4.061,4.9168,0.26,0.0273,14413.59
10141,-3.1721,50,0,-4.0285,4.9118,0.26,1.3918,14414.98
10142,-1.1213,14,1,-4.0393,4.9042,0.26,0.3993,14415.38
10143,-4.2463,50,0,-4.0353,4.9038,0.26,1.3433,14416.72
10144,-5.4739,50,0,-3.7566,3.9248,0.26,1.3959,14418.12
10145,-4.1172,50,0,-3.7506,3.9238,0.26,1.3367,14419.45
10146,-6.264,50,0,-3.8128,3.9138,0.25,1.3679,14420.82
10147,-0.028,1,1,-3.8128,3.9139,0.25,0.0262,14420.85
10148,-0.537,8,1,-3.7721,3.9265,0.26,0.2087,14421.06
10149,-4.3891,50,0,-3.7893,3.9255,0.26,1.4547,14422.51
10150,-0.0464,1,1,-3.7636,3.9414,0.27,0.032,14422.54
10151,-0.0199,1,1,-3.7153,3.9574,0.28,0.0341,14422.58
10152,-0.0342,1,1,-3.484,3.4585,0.29,0.0283,14422.6
10153,-4.8793,50,0,-3.5323,3.4439,0.28,1.4394,14424.04
10154,-4.6758,50,0,-3.5456,3.4457,0.28,1.4366,14425.48
10155,-4.2069,50,0,-3.5875,3.428,0.27,1.4141,14426.89
10156,-0.0447,1,1,-3.3509,2.7886,0.28,0.028,14426.92
10157,-3.4801,50,0,-3.167,2.0769,0.28,1.5868,14428.51
10158,-11.4302,50,0,-3.281,2.2102,0.27,1.3352,14429.84
10159,-0.0216,1,1,-3.2525,2.2335,0.28,0.0309,14429.88
10160,-0.0463,1,1,-3.2142,2.2552,0.29,0.0291,14429.9
10161,-5.1777,50,0,-3.2063,2.2469,0.29,1.4064,14431.31
10162,-4.1845,50,0,-3.2479,2.226,0.28,1.4784,14432.79
10163,-3.8476,50,0,-3.2529,2.2268,0.28,1.4569,14434.25
10164,-3.7035,50,0,-3.2896,2.2035,0.27,1.6288,14435.88
10165,-5.8278,50,0,-3.295,2.209,0.27,1.5439,14437.42
10166,-5.1355,50,0,-3.3459,2.1921,0.26,1.7434,14439.16
10167,-4.1787,50,0,-3.347,2.1925,0.26,1.372,14440.53
10168,-4.4132,50,0,-3.3656,2.1936,0.26,1.377,14441.91
10169,-2.6405,50,0,-3.3455,2.1909,0.26,1.3611,14443.27
10170,-6.2027,50,0,-3.343,2.1876,0.26,1.3153,14444.59
10171,-0.0478,1,1,-3.2987,2.2089,0.27,0.0255,14444.61
10172,-4.1419,50,0,-3.2826,2.1968,0.27,1.3158,14445.93
10173,-0.0427,1,1,-3.2369,2.2161,0.28,0.0337,14445.96
10174,-0.0401,1,1,-3.2015,2.2385,0.29,0.0273,14445.99
10175,-3.7508,50,0,-3.1899,2.2326,0.29,1.388,14447.38
10176,-0.0447,1,1,-3.1207,2.2218,0.3,0.0239,14447.4
10177,-5.6751,50,0,-3.1227,2.224,0.3,1.3883,14448.79
10178,-2.53,50,0,-3.1183,2.2248,0.3,1.35,14450.14
10179,-0.0383,1,1,-3.0656,2.2347,0.31,0.029,14450.17
10180,-3.1578,50,0,-3.0968,2.214,0.3,1.381,14451.55
10181,-3.7387,50,0,-3.0937,2.2129,0.3,1.3429,14452.89
10182,-2.7923,50,0,-3.1212,2.1918,0.29,1.4194,14454.31
10183,-4.2179,50,0,-3.1297,2.1944,0.29,1.441,14455.75
10184,-5.0889,50,0,-3.1803,2.1804,0.28,1.4902,14457.24
10185,-5.3325,50,0,-3.1865,2.1856,0.28,1.3679,14458.61
10186,-5.917,50,0,-3.2086,2.2019,0.28,1.393,14460.0
10187,-2.964,50,0,-3.2057,2.202,0.28,1.4163,14461.42
10188,-4.3084,50,0,-3.2099,2.2037,0.28,1.4529,14462.87
10189,-5.0283,50,0,-3.2269,2.2111,0.28,1.6641,14464.54
10190,-5.1514,50,0,-3.2415,2.2189,0.28,1.5573,14466.1
10191,-3.9532,50,0,-3.2201,2.2015,0.28,1.3889,14467.48
10192,-3.1776,50,0,-3.2113,2.1999,0.28,1.4605,14468.94
10193,-5.9074,50,0,-3.2701,2.1927,0.27,1.4478,14470.39
10194,-2.9739,50,0,-3.2994,2.1688,0.26,1.4865,14471.88
10195,-5.1296,50,0,-3.2959,2.1657,0.26,1.5022,14473.38
10196,-0.0066,1,1,-3.2523,2.1874,0.27,0.0301,14473.41
10197,-3.6385,50,0,-3.2454,2.1851,0.27,1.5735,14474.99
10198,-0.0374,1,1,-3.1925,2.198,0.28,0.0309,14475.02
10199,-0.0491,1,1,-3.1925,2.1979,0.28,0.0293,14475.05
10200,-3.0781,50,0,-3.2231,2.1747,0.27,1.5643,14476.61
10201,-4.325,50,0,-3.203,2.1551,0.27,1.484,14478.09
10202,-4.9016,50,0,-3.2516,2.1381,0.26,1.4775,14479.57
10203,-5.434,50,0,-3.264,2.1471,0.26,1.7375,14481.31
10204,-0.0498,1,1,-3.264,2.1471,0.26,0.0298,14481.34
10205,-5.031,50,0,-3.2805,2.1542,0.26,2.1495,14483.49
10206,-4.5508,50,0,-3.27,2.1453,0.26,1.7691,14485.26
10207,-4.6236,50,0,-3.2834,2.1496,0.26,1.4274,14486.68
10208,-4.3135,50,0,-3.2856,2.1505,0.26,1.4165,14488.1
10209,-0.0471,1,1,-3.2546,2.1745,0.27,0.0369,14488.14
10210,-4.5653,50,0,-3.3,2.1537,0.26,1.4062,14489.54
10211,-3.5627,50,0,-3.3025,2.1539,0.26,1.3958,14490.94
10212,-0.0189,1,1,-3.2546,2.173,0.27,0.0274,14490.97
10213,-3.3699,50,0,-3.2878,2.149,0.26,1.471,14492.44
10214,-0.0276,1,1,-3.2436,2.17,0.27,0.0242,14492.46
10215,-4.8332,50,0,-3.2386,2.1658,0.27,1.6283,14494.09
10216,-4.8296,50,0,-3.252,2.1715,0.27,1.7323,14495.82
10217,-3.3243,50,0,-3.233,2.1624,0.27,1.7531,14497.58
10218,-4.3416,50,0,-3.237,2.1641,0.27,1.7628,14499.34
10219,-4.1702,50,0,-3.2517,2.1654,0.27,2.1339,14501.47
10220,-3.8772,50,0,-3.2491,2.1644,0.27,1.8823,14503.36
10221,-3.845,50,0,-3.2874,2.1406,0.26,1.6191,14504.97
10222,-4.1385,50,0,-3.2787,2.1353,0.26,1.3587,14506.33
10223,-4.3302,50,0,-3.2674,2.1268,0.26,1.3677,14507.7
10224,-4.8774,50,0,-3.2737,2.1306,0.26,1.3046,14509.01
10225,-5.6684,50,0,-3.2724,2.1292,0.26,1.3556,14510.36
10226,-3.0501,50,0,-3.2563,2.1246,0.26,1.3294,14511.69
10227,-4.3159,50,0,-3.2666,2.1273,0.26,1.3689,14513.06
10228,-4.8429,50,0,-3.2795,2.1329,0.26,1.3935,14514.45
10229,-3.0328,50,0,-3.3094,2.1082,0.25,1.3049,14515.76
10230,-5.398,50,0,-3.3367,2.1173,0.25,1.3124,14517.07
10231,-5.0417,50,0,-3.3588,2.1235,0.25,1.365,14518.43
10232,-0.0362,1,1,-3.3097,2.1429,0.26,0.0246,14518.46
10233,-3.283,50,0,-3.3078,2.1429,0.26,1.2928,14519.75
10234,-3.0503,50,0,-3.338,2.1176,0.25,1.3679,14521.12
10235,-3.0491,50,0,-3.3433,2.1162,0.24,1.5724,14522.69
10236,-4.3838,50,0,-3.3867,2.0924,0.23,1.4634,14524.16
10237,-5.6821,50,0,-3.4164,2.1037,0.23,1.631,14525.79
10238,-4.3257,50,0,-3.4138,2.1024,0.23,1.5356,14527.32
10239,-4.5495,50,0,-3.4265,2.1054,0.23,1.5582,14528.88
10240,-2.7403,50,0,-3.4534,2.079,0.22,1.6374,14530.52
10241,-3.607,50,0,-3.4578,2.0788,0.22,1.8362,14532.35
10242,-3.7968,50,0,-3.4845,2.0658,0.21,2.6067,14534.96
10243,-4.7691,50,0,-3.4898,2.0683,0.21,1.3777,14536.34
10244,-5.3234,50,0,-3.4883,2.067,0.21,1.5316,14537.87
10245,-4.2873,50,0,-3.49,2.0675,0.21,1.4776,14539.35
10246,-0.0332,1,1,-3.4277,2.0769,0.22,0.0309,14539.38
10247,-4.5765,50,0,-3.4731,2.0516,0.21,1.5611,14540.94
10248,-0.0317,1,1,-3.4681,2.0594,0.21,0.0286,14540.97
10249,-5.6705,50,0,-3.4809,2.0691,0.21,1.6931,14542.66
10250,-4.5762,50,0,-3.5262,2.0428,0.2,2.0923,14544.75
10251,-3.3968,50,0,-3.56,2.0122,0.19,1.6855,14546.44
10252,-4.4557,50,0,-3.6042,1.9826,0.18,2.418,14548.86
10253,-0.0119,1,1,-3.5555,2.0103,0.19,0.046,14548.9
10254,-4.0475,50,0,-3.5492,2.0077,0.19,1.8127,14550.72
10255,-4.2801,50,0,-3.55,2.008,0.19,1.7421,14552.46
10256,-4.3067,50,0,-3.5926,1.9782,0.18,1.6441,14554.1
10257,-3.912,50,0,-3.5969,1.9784,0.18,1.6578,14555.76
10258,-3.5695,50,0,-3.5183,1.815,0.18,1.6945,14557.45
10259,-4.3104,50,0,-3.5612,1.7822,0.17,1.6599,14559.11
10260,-5.8344,50,0,-3.6191,1.761,0.16,1.6606,14560.78
10261,-4.6527,50,0,-3.6138,1.7571,0.16,1.7581,14562.53
10262,-4.87,50,0,-3.6207,1.7607,0.16,1.6633,14564.2
10263,-5.707,50,0,-3.6393,1.7728,0.16,1.6906,14565.89
10264,-3.1481,50,0,-3.6337,1.7734,0.16,1.6039,14567.49
10265,-6.6921,50,0,-3.6423,1.7862,0.16,1.5634,14569.05
10266,-3.8475,50,0,-3.6295,1.78,0.16,2.0903,14571.14
10267,-3.7099,50,0,-3.6248,1.7791,0.16,1.9091,14573.05
10268,-5.1393,50,0,-3.632,1.7838,0.16,2.1768,14575.23
10269,-5.3509,50,0,-3.6591,1.7891,0.16,1.482,14576.71
10270,-3.8722,50,0,-3.6358,1.7709,0.16,1.4677,14578.18
10271,-0.0464,1,1,-3.6358,1.771,0.16,0.0336,14578.21
10272,-2.536,50,0,-3.6198,1.7736,0.16,1.5445,14579.76
10273,-0.021,1,1,-3.6196,1.774,0.16,0.0515,14579.81
10274,-2.76,50,0,-3.6468,1.7394,0.15,1.6724,14581.48
10275,-3.7901,50,0,-3.6471,1.7395,0.15,1.5968,14583.08
10276,-3.9053,50,0,-3.6857,1.7015,0.14,1.5266,14584.61
10277,-3.002,50,0,-3.659,1.691,0.14,1.4214,14586.03
10278,-0.037,1,1,-3.6341,1.7255,0.15,0.0276,14586.05
10279,-0.049,1,1,-3.6342,1.7253,0.15,0.0257,14586.08
10280,-4.4377,50,0,-3.647,1.7264,0.15,1.2861,14587.37
10281,-0.0142,1,1,-3.6097,1.7638,0.16,0.0287,14587.4
10282,-4.7336,50,0,-3.6292,1.7654,0.16,1.3304,14588.73
10283,-4.4305,50,0,-3.6313,1.7662,0.16,1.46,14590.19
10284,-0.0202,1,1,-3.5806,1.7962,0.17,0.0287,14590.21
10285,-0.0468,1,1,-3.5277,1.8214,0.18,0.0296,14590.24
10286,-4.5903,50,0,-3.5145,1.8088,0.18,1.3571,14591.6
10287,-4.6447,50,0,-3.5313,1.8114,0.18,1.2802,14592.88
10288,-4.5142,50,0,-3.5333,1.8124,0.18,1.3204,14594.2
10289,-3.7746,50,0,-3.5208,1.8063,0.18,1.3438,14595.55
10290,-5.9477,50,0,-3.5288,1.8152,0.18,1.4136,14596.96
10291,-0.0381,1,1,-3.4896,1.8476,0.19,0.0272,14596.99
10292,-4.153,50,0,-3.4994,1.8485,0.19,1.3758,14598.36
10293,-4.2721,50,0,-3.483,1.8343,0.19,1.3591,14599.72
10294,-5.0018,50,0,-3.5033,1.8397,0.19,1.3438,14601.06
10295,-4.9257,50,0,-3.5013,1.8381,0.19,1.5412,14602.61
10296,-2.5421,50,0,-3.5266,1.8069,0.18,1.4987,14604.1
10297,-3.1388,50,0,-3.5216,1.8073,0.18,1.3957,14605.5
10298,-4.5116,50,0,-3.5664,1.7756,0.17,1.3865,14606.89
10299,-0.0419,1,1,-3.5663,1.7757,0.17,0.0287,14606.92
10300,-4.5943,50,0,-3.5814,1.7779,0.17,1.466,14608.38
10301,-4.6632,50,0,-3.5848,1.7797,0.17,1.5401,14609.92
10302,-4.7111,50,0,-3.5829,1.7784,0.17,1.5744,14611.5
10303,-0.0456,1,1,-3.529,1.8029,0.18,0.0297,14611.53
10304,-3.9037,50,0,-3.5676,1.769,0.17,1.5736,14613.1
10305,-5.6071,50,0,-3.5733,1.7747,0.17,1.446,14614.55
10306,-2.8591,50,0,-3.5564,1.7734,0.17,1.3963,14615.94
10307,-4.8707,50,0,-3.5589,1.775,0.17,1.3516,14617.29
10308,-0.0462,1,1,-3.5162,1.8074,0.18,0.0245,14617.32
10309,-2.7737,50,0,-3.5435,1.7751,0.17,1.4381,14618.76
10310,-4.5183,50,0,-3.543,1.7748,0.17,1.3731,14620.13
10311,-3.4067,50,0,-3.5415,1.7749,0.17,1.5605,14621.69
10312,-2.6529,50,0,-3.5678,1.7417,0.16,1.6936,14623.38
10313,-5.1409,50,0,-3.5855,1.7485,0.16,1.5969,14624.98
10314,-6.1293,50,0,-3.6465,1.7297,0.15,1.5915,14626.57
10315,-3.622,50,0,-3.6344,1.7256,0.15,2.0445,14628.62
10316,-0.0362,1,1,-3.5865,1.758,0.16,0.0416,14628.66
10317,-3.2057,50,0,-3.5853,1.7582,0.16,1.7931,14630.45
10318,-5.6428,50,0,-3.5983,1.7685,0.16,1.8052,14632.26
10319,-0.045,1,1,-3.5571,1.8025,0.17,0.0288,14632.28
10320,-6.4148,50,0,-3.5824,1.8245,0.17,1.4437,14633.73
10321,-4.9167,50,0,-3.5931,1.8292,0.17,1.3072,14635.04
10322,-0.0191,1,1,-3.552,1.8625,0.18,0.0272,14635.06
10323,-0.0473,1,1,-3.5091,1.8931,0.19,0.0306,14635.09
10324,-4.7318,50,0,-3.5077,1.8921,0.19,1.3736,14636.47
10325,-3.3763,50,0,-3.4847,1.8797,0.19,1.3825,14637.85
10326,-3.1172,50,0,-3.4854,1.8795,0.19,1.3572,14639.21
10327,-2.9562,50,0,-3.4718,1.8784,0.19,1.3795,14640.59
10328,-4.7777,50,0,-3.4712,1.8779,0.19,1.3307,14641.92
10329,-4.1265,50,0,-3.4821,1.8785,0.19,1.4041,14643.32
10330,-4.1534,50,0,-3.4697,1.8699,0.19,1.4168,14644.74
10331,-2.6713,50,0,-3.446,1.8648,0.19,1.3839,14646.12
10332,-0.0232,1,1,-3.4458,1.8651,0.19,0.0298,14646.15
10333,-4.277,50,0,-3.4558,1.8668,0.19,1.3841,14647.54
10334,-4.8311,50,0,-3.4736,1.8714,0.19,1.6871,14649.22
10335,-0.0392,1,1,-3.4435,1.9019,0.2,0.0361,14649.26
10336,-0.0268,1,1,-3.3999,1.9296,0.21,0.0381,14649.3
10337,-3.7019,50,0,-3.3801,1.9161,0.21,1.5737,14650.87
10338,-3.126,50,0,-3.3681,1.9139,0.21,1.4094,14652.28
10339,-4.3496,50,0,-3.3661,1.9128,0.21,1.3448,14653.62
10340,-3.0133,50,0,-3.3688,1.9121,0.21,1.2642,14654.89
10341,-2.7817,50,0,-3.3606,1.9128,0.21,1.3742,14656.26
10342,-6.4737,50,0,-3.3874,1.9373,0.21,1.3984,14657.66
10343,-3.0216,50,0,-3.3699,1.9327,0.21,1.3057,14658.97
10344,-2.5036,50,0,-3.3417,1.9245,0.21,1.3418,14660.31
10345,-0.0329,1,1,-3.2991,1.95,0.22,0.027,14660.34
10346,-3.3564,50,0,-3.3324,1.9222,0.21,1.3404,14661.68
10347,-3.6506,50,0,-3.3231,1.9184,0.21,1.3793,14663.06
10348,-3.3766,50,0,-3.3566,1.8897,0.2,1.2807,14664.34
10349,-4.1178,50,0,-3.341,1.8769,0.2,1.3392,14665.68
10350,-4.8296,50,0,-3.3436,1.8788,0.2,1.4198,14667.1
10351,-3.6116,50,0,-3.3457,1.8789,0.2,1.3158,14668.41
10352,-5.5441,50,0,-3.3566,1.8885,0.2,1.3317,14669.74
10353,-0.0231,1,1,-3.3567,1.8883,0.2,0.0321,14669.78
10354,-4.2725,50,0,-3.359,1.8892,0.2,1.3451,14671.12
10355,-0.0431,1,1,-3.3166,1.9154,0.21,0.0245,14671.14
10356,-2.6668,50,0,-3.3002,1.9139,0.21,1.4601,14672.6
10357,-5.3131,50,0,-3.3142,1.9234,0.21,1.4343,14674.04
10358,-4.5615,50,0,-3.3241,1.9273,0.21,1.5438,14675.58
10359,-4.7036,50,0,-3.3281,1.9297,0.21,1.6992,14677.28
10360,-4.4903,50,0,-3.3146,1.9168,0.21,1.6814,14678.96
10361,-3.5879,50,0,-3.304,1.9123,0.21,1.372,14680.34
10362,-3.1167,50,0,-3.2864,1.9059,0.21,1.3372,14681.67
10363,-5.3233,50,0,-3.2826,1.9014,0.21,1.395,14683.07
10364,-4.3398,50,0,-3.2945,1.9042,0.21,1.3877,14684.46
10365,-0.0235,1,1,-3.2278,1.9009,0.22,0.0372,14684.49
10366,-4.8146,50,0,-3.2375,1.9064,0.22,1.5541,14686.05
10367,-4.2083,50,0,-3.2425,1.9083,0.22,1.6114,14687.66
10368,-6.396,50,0,-3.255,1.9248,0.22,1.5575,14689.22
10369,-5.1028,50,0,-3.2526,1.9223,0.22,1.4966,14690.71
10370,-5.4063,50,0,-3.2679,1.9333,0.22,1.4803,14692.19
10371,-5.5277,50,0,-3.3227,1.9188,0.21,1.4731,14693.67
10372,-5.5445,50,0,-3.3528,1.9298,0.21,1.501,14695.17
10373,-5.0271,50,0,-3.4029,1.9075,0.2,1.5435,14696.71
10374,-0.0308,1,1,-3.3756,1.9358,0.21,0.0289,14696.74
10375,-0.0057,1,1,-3.3377,1.9641,0.22,0.0323,14696.77
10376,-4.9827,50,0,-3.3485,1.9702,0.22,1.6334,14698.4
10377,-5.674,50,0,-3.3752,1.9834,0.22,1.5887,14699.99
10378,-4.9519,50,0,-3.4244,1.9608,0.21,1.4724,14701.47
10379,-3.6092,50,0,-3.46,1.9313,0.2,1.2915,14702.76
10380,-5.1043,50,0,-3.4666,1.9358,0.2,1.5968,14704.35
10381,-5.5001,50,0,-3.5215,1.9148,0.19,1.2637,14705.62
10382,-5.805,50,0,-3.5322,1.9245,0.19,1.3371,14706.96
10383,-4.8155,50,0,-3.5361,1.9267,0.19,1.4109,14708.37
10384,-5.2166,50,0,-3.588,1.9011,0.18,1.6403,14710.01
10385,-0.0434,1,1,-3.588,1.9011,0.18,0.0379,14710.04
10386,-0.034,1,1,-3.5424,1.9309,0.19,0.0293,14710.07
10387,-0.0425,1,1,-3.4964,1.9588,0.2,0.0297,14710.1
10388,-5.377,50,0,-3.505,1.9651,0.2,1.6147,14711.72
10389,-6.5644,50,0,-3.5329,1.9884,0.2,1.468,14713.19
10390,-4.5103,50,0,-3.5186,1.9761,0.2,1.3955,14714.58
10391,-4.7268,50,0,-3.5654,1.9483,0.19,1.4912,14716.07
10392,-3.2328,50,0,-3.5562,1.9477,0.19,1.5846,14717.66
10393,-5.0448,50,0,-3.564,1.9521,0.19,1.7526,14719.41
10394,-4.4893,50,0,-3.5588,1.949,0.19,1.7464,14721.16
10395,-2.8133,50,0,-3.5377,1.9455,0.19,2.1208,14723.28
10396,-3.3986,50,0,-3.5463,1.943,0.19,1.7101,14724.99
10397,-2.9881,50,0,-3.5448,1.9433,0.19,1.5873,14726.57
10398,-2.6834,50,0,-3.5265,1.9427,0.19,1.6125,14728.19
10399,-5.4844,50,0,-3.5809,1.9205,0.18,1.6217,14729.81
10400,-4.5909,50,0,-3.5809,1.9205,0.18,1.6807,14731.49
10401,-5.1931,50,0,-3.5862,1.9242,0.18,1.9217,14733.41
10402,-2.5844,50,0,-3.5649,1.9234,0.18,1.9927,14735.4
10403,-3.8997,50,0,-3.6035,1.8908,0.17,1.7917,14737.2
10404,-3.1488,50,0,-3.5959,1.8911,0.17,1.8522,14739.05
10405,-2.644,50,0,-3.5663,1.8825,0.17,1.7686,14740.82
10406,-5.8908,50,0,-3.5966,1.8953,0.17,2.2588,14743.08
10407,-3.757,50,0,-3.5855,1.891,0.17,1.9266,14745.0
10408,-6.7351,50,0,-3.6524,1.8829,0.16,1.7999,14746.8
10409,-3.6952,50,0,-3.6616,1.8809,0.16,1.886,14748.69
10410,-5.7015,50,0,-3.6734,1.8899,0.16,1.7489,14750.44
10411,-4.9519,50,0,-3.6889,1.894,0.16,1.5776,14752.01
10412,-6.5737,50,0,-3.7281,1.9126,0.16,1.4251,14753.44
10413,-6.0788,50,0,-3.7374,1.9218,0.16,1.538,14754.98
10414,-4.4081,50,0,-3.7202,1.908,0.16,1.6475,14756.62
10415,-3.5089,50,0,-3.7191,1.9081,0.16,1.5797,14758.2
10416,-4.6197,50,0,-3.7649,1.8738,0.15,1.5742,14759.78
10417,-4.6339,50,0,-3.7792,1.8749,0.15,1.5894,14761.37
10418,-5.3358,50,0,-3.7761,1.8721,0.15,1.6066,14762.97
10419,-2.8825,50,0,-3.8045,1.8365,0.14,1.7347,14764.71
10420,-3.5773,50,0,-3.7761,1.8178,0.14,1.8636,14766.57
10421,-0.0287,1,1,-3.7273,1.8518,0.15,0.0491,14766.62
10422,-0.0466,1,1,-3.7275,1.8513,0.15,0.0412,14766.66
10423,-5.4895,50,0,-3.782,1.8221,0.14,1.8664,14768.53
10424,-4.9977,50,0,-3.7846,1.8237,0.14,1.7174,14770.25
10425,-4.1759,50,0,-3.7926,1.8236,0.14,1.5547,14771.8
10426,-0.0391,1,1,-3.7618,1.8603,0.15,0.0274,14771.83
10427,-2.9169,50,0,-3.7614,1.8605,0.15,1.4017,14773.23
10428,-0.0423,1,1,-3.7141,1.894,0.16,0.0256,14773.26
10429,-5.7122,50,0,-3.7299,1.904,0.16,1.281,14774.54
10430,-3.3491,50,0,-3.7219,1.9039,0.16,1.3168,14775.85
10431,-5.3372,50,0,-3.7486,1.9077,0.16,1.2428,14777.1
10432,-4.2421,50,0,-3.7908,1.8711,0.15,1.3857,14778.48
10433,-3.7656,50,0,-3.7856,1.8705,0.15,1.4416,14779.92
10434,-4.0179,50,0,-3.7775,1.8677,0.15,1.3289,14781.25
10435,-4.5205,50,0,-3.8223,1.8308,0.14,1.4915,14782.74
10436,-2.8108,50,0,-3.8502,1.7937,0.13,1.5234,14784.27
10437,-0.0201,1,1,-3.8133,1.8337,0.14,0.0354,14784.3
10438,-0.0416,1,1,-3.7825,1.8706,0.15,0.0321,14784.34
10439,-4.3496,50,0,-3.7825,1.8706,0.15,1.9627,14786.3
10440,-0.0462,1,1,-3.7528,1.9058,0.16,0.0396,14786.34
10441,-4.3986,50,0,-3.769,1.9043,0.16,1.893,14788.23
10442,-4.8537,50,0,-3.7528,1.888,0.16,1.8579,14790.09
10443,-3.8997,50,0,-3.7616,1.8867,0.16,1.7029,14791.79
10444,-6.2974,50,0,-3.7995,1.8991,0.16,1.5898,14793.38
10445,-0.0458,1,1,-3.7996,1.8988,0.16,0.0392,14793.42
10446,-4.5361,50,0,-3.8114,1.8997,0.16,1.5256,14794.95
10447,-3.2541,50,0,-3.8075,1.9005,0.16,1.4716,14796.42
10448,-0.0256,1,1,-3.774,1.9369,0.17,0.0329,14796.45
10449,-4.8417,50,0,-3.7812,1.9396,0.17,1.3973,14797.85
10450,-4.8577,50,0,-3.7815,1.9397,0.17,1.334,14799.18
10451,-7.0244,50,0,-3.8156,1.9663,0.17,1.3061,14800.49
10452,-3.9401,50,0,-3.7996,1.9586,0.17,1.4052,14801.89
10453,-4.3572,50,0,-3.8429,1.9222,0.16,1.295,14803.19
10454,-5.1126,50,0,-3.8513,1.9259,0.16,1.2853,14804.47
10455,-0.0245,1,1,-3.8511,1.9263,0.16,0.025,14804.5
10456,-5.5765,50,0,-3.8802,1.9301,0.16,1.2957,14805.79
10457,-3.6568,50,0,-3.8637,1.9249,0.16,1.2962,14807.09
10458,-4.1891,50,0,-3.8599,1.9239,0.16,1.2768,14808.37
10459,-0.0441,1,1,-3.8133,1.959,0.17,0.0261,14808.39
10460,-3.3473,50,0,-3.8019,1.9583,0.17,1.2973,14809.69
10461,-4.4352,50,0,-3.8104,1.9592,0.17,1.463,14811.15
10462,-4.3114,50,0,-3.8223,1.9586,0.17,1.5337,14812.69
10463,-6.0912,50,0,-3.83,1.966,0.17,1.5819,14814.27
10464,-4.2631,50,0,-3.8292,1.9658,0.17,1.7218,14815.99
10465,-4.8905,50,0,-3.8779,1.9309,0.16,1.6149,14817.61
10466,-4.6694,50,0,-3.8765,1.9302,0.16,1.6146,14819.22
10467,-5.6927,50,0,-3.8913,1.9384,0.16,1.6072,14820.83
10468,-5.1288,50,0,-3.8786,1.9261,0.16,1.5015,14822.33
10469,-5.3583,50,0,-3.8812,1.9279,0.16,1.3167,14823.65
10470,-6.3331,50,0,-3.8905,1.9374,0.16,1.282,14824.93
10471,-3.397,50,0,-3.8692,1.931,0.16,1.3751,14826.3
10472,-5.2055,50,0,-3.8658,1.9283,0.16,1.6158,14827.92
10473,-5.8561,50,0,-3.8741,1.9351,0.16,1.453,14829.37
10474,-3.898,50,0,-3.9127,1.8961,0.15,1.3976,14830.77
10475,-4.7921,50,0,-3.9606,1.8569,0.14,1.4241,14832.19
10476,-4.6011,50,0,-3.9568,1.8552,0.14,1.7763,14833.97
10477,-4.9248,50,0,-3.9493,1.8498,0.14,1.5416,14835.51
10478,-4.7094,50,0,-3.9469,1.8486,0.14,1.5046,14837.02
10479,-3.6596,50,0,-3.9474,1.8485,0.14,1.4247,14838.44
10480,-2.8123,50,0,-3.9244,1.8482,0.14,1.278,14839.72
10481,-5.8629,50,0,-3.9281,1.8517,0.14,1.3435,14841.06
10482,-5.5008,50,0,-3.925,1.8488,0.14,2.4901,14843.55
10483,-5.3425,50,0,-3.9303,1.8521,0.14,1.2676,14844.82
10484,-0.0314,1,1,-3.8784,1.8876,0.15,0.0254,14844.85
10485,-4.9003,50,0,-3.927,1.8504,0.14,1.2862,14846.13
10486,-3.5379,50,0,-3.9621,1.8091,0.13,1.293,14847.42
10487,-0.014,1,1,-3.9618,1.8097,0.13,0.0255,14847.45
10488,-3.2452,50,0,-3.9404,1.8055,0.13,1.2513,14848.7
10489,-5.8154,50,0,-3.933,1.7961,0.13,1.3408,14850.04
10490,-0.0245,1,1,-3.8881,1.8367,0.14,0.0301,14850.07
10491,-5.5842,50,0,-3.8967,1.8426,0.14,1.525,14851.6
10492,-4.7448,50,0,-3.9118,1.8433,0.14,1.7704,14853.37
10493,-6.4428,50,0,-3.9258,1.8571,0.14,1.3209,14854.69
10494,-3.6762,50,0,-3.9176,1.8564,0.14,1.458,14856.15
10495,-3.7219,50,0,-3.9267,1.8532,0.14,1.3994,14857.55
10496,-5.2286,50,0,-3.945,1.8569,0.14,1.4302,14858.98
10497,-0.0248,1,1,-3.9154,1.8952,0.15,0.0305,14859.01
10498,-0.9515,17,1,-3.8981,1.9142,0.16,0.4777,14859.48
10499,-3.4805,50,0,-3.878,1.9079,0.16,1.3714,14860.86
10500,-3.1521,50,0,-3.8637,1.9079,0.16,1.4022,14862.26
10501,-2.9023,50,0,-3.8407,1.9056,0.16,1.4787,14863.74
10502,-4.6274,50,0,-3.8612,1.9029,0.16,1.62,14865.36
10503,-6.639,50,0,-3.8886,1.9229,0.16,1.5361,14866.89
10504,-6.6181,50,0,-3.9233,1.9405,0.16,1.5958,14868.49
10505,-4.21,50,0,-3.9389,1.9364,0.16,1.5722,14870.06
10506,-0.027,1,1,-3.8803,1.965,0.17,0.0337,14870.09
10507,-6.3151,50,0,-3.9059,1.9798,0.17,1.6274,14871.72
10508,-5.3623,50,0,-3.8921,1.9648,0.17,1.6356,14873.36
10509,-6.6425,50,0,-3.9216,1.9837,0.17,1.5181,14874.88
10510,-6.4721,50,0,-3.9293,1.9921,0.17,1.3004,14876.18
10511,-4.1425,50,0,-3.9212,1.9895,0.17,1.3456,14877.52
10512,-0.0107,1,1,-3.8556,2.0091,0.18,0.0252,14877.55
10513,-5.2834,50,0,-3.8476,2.0018,0.18,1.2994,14878.85
10514,-3.8347,50,0,-3.8419,2.001,0.18,1.2813,14880.13
10515,-4.042,50,0,-3.8472,2.0009,0.18,1.3604,14881.49
10516,-4.1884,50,0,-3.8429,1.9997,0.18,1.3125,14882.8
10517,-0.0172,1,1,-3.7968,2.0339,0.19,0.0273,14882.83
10518,-5.4122,50,0,-3.7975,2.0345,0.19,1.2976,14884.13
10519,-6.4674,50,0,-3.8334,2.0495,0.19,1.4024,14885.53
10520,-5.5094,50,0,-3.8527,2.0561,0.19,1.3795,14886.91
10521,-5.0547,50,0,-3.9029,2.0232,0.18,1.3292,14888.24
10522,-2.5123,50,0,-3.9276,1.9908,0.17,1.4566,14889.69
10523,-3.3326,50,0,-3.906,1.9855,0.17,1.5351,14891.23
10524,-5.2773,50,0,-3.9088,1.9872,0.17,1.4602,14892.69
10525,-5.3573,50,0,-3.9206,1.9923,0.17,1.5529,14894.24
10526,-4.343,50,0,-3.9637,1.9541,0.16,1.544,14895.79
10527,-2.9348,50,0,-3.9639,1.954,0.16,1.6152,14897.4
10528,-2.6472,50,0,-3.9899,1.9186,0.15,1.6174,14899.02
10529,-5.8363,50,0,-3.9912,1.9197,0.15,1.6408,14900.66
10530,-3.5088,50,0,-3.9928,1.9192,0.15,1.5813,14902.24
10531,-0.0466,1,1,-3.9398,1.9541,0.16,0.0331,14902.27
10532,-4.08,50,0,-3.9382,1.9539,0.16,1.5872,14903.86
10533,-3.8974,50,0,-3.9395,1.9538,0.16,1.6,14905.46
10534,-4.9001,50,0,-3.9484,1.9561,0.16,1.6999,14907.16
10535,-2.6423,50,0,-3.9296,1.9596,0.16,1.8218,14908.98
10536,-4.036,50,0,-3.9418,1.9563,0.16,1.673,14910.66
10537,-5.0593,50,0,-3.9922,1.9192,0.15,1.4529,14912.11
10538,-4.8619,50,0,-4.0404,1.8795,0.14,1.4177,14913.53
10539,-4.6045,50,0,-4.043,1.8801,0.14,1.347,14914.87
10540,-4.4629,50,0,-4.0871,1.8371,0.13,1.3837,14916.26
10541,-0.0256,1,1,-4.0434,1.8807,0.14,0.035,14916.29
10542,-6.432,50,0,-4.0592,1.894,0.14,1.4194,14917.71
10543,-3.1537,50,0,-4.0517,1.8961,0.14,1.3296,14919.04
10544,-2.9165,50,0,-4.0179,1.8859,0.14,1.2862,14920.33
10545,-3.605,50,0,-4.0535,1.8437,0.13,1.278,14921.6
10546,-4.5169,50,0,-4.0533,1.8436,0.13,1.3412,14922.95
10547,-2.5294,50,0,-4.0461,1.8482,0.13,1.3252,14924.27
10548,-4.3375,50,0,-4.0892,1.8036,0.12,1.294,14925.57
10549,-4.1573,50,0,-4.0824,1.802,0.12,1.4205,14926.99
10550,-6.1946,50,0,-4.0957,1.8127,0.12,1.4074,14928.39
10551,-4.0127,50,0,-4.0656,1.7886,0.12,1.2815,14929.67
10552,-0.0249,1,1,-4.0265,1.8332,0.13,0.0267,14929.7
10553,-2.8669,50,0,-4.0116,1.8365,0.13,1.2369,14930.94
10554,-4.5825,50,0,-4.0062,1.8341,0.13,1.3014,14932.24
10555,-4.7689,50,0,-4.0537,1.7914,0.12,1.2139,14933.45
10556,-4.8596,50,0,-4.0465,1.7867,0.12,1.2547,14934.71
10557,-4.6987,50,0,-4.0569,1.7874,0.12,1.3101,14936.02
10558,-0.0472,1,1,-4.0155,1.8313,0.13,0.0277,14936.05
10559,-4.8052,50,0,-4.0631,1.7889,0.12,1.3233,14937.37
10560,-5.6835,50,0,-4.0865,1.7946,0.12,1.3807,14938.75
10561,-0.0154,1,1,-4.0423,1.8394,0.13,0.0335,14938.78
10562,-4.0959,50,0,-4.0401,1.8392,0.13,1.2631,14940.05
10563,-3.3358,50,0,-4.0126,1.8288,0.13,1.2485,14941.3
10564,-5.0042,50,0,-4.02,1.8313,0.13,1.325,14942.62
10565,-3.0239,50,0,-4.0013,1.8319,0.13,1.3305,14943.95
10566,-3.167,50,0,-3.9863,1.8325,0.13,1.2789,14945.23
10567,-5.5329,50,0,-3.9847,1.8311,0.13,1.2157,14946.45
10568,-6.0497,50,0,-3.9939,1.8391,0.13,1.2172,14947.66
10569,-0.0449,1,1,-3.9408,1.8753,0.14,0.0292,14947.69
10570,-5.7605,50,0,-3.9351,1.8689,0.14,1.2404,14948.93
10571,-0.039,1,1,-3.9015,1.908,0.15,0.0381,14948.97
10572,-4.063,50,0,-3.8901,1.9036,0.15,5.3135,14954.28
10573,-2.9778,50,0,-3.8613,1.8954,0.15,5.4754,14959.76
10574,-3.7826,50,0,-3.8601,1.8954,0.15,5.5213,14965.28
10575,-4.2753,50,0,-3.855,1.8935,0.15,5.3496,14970.63
10576,-2.5616,50,0,-3.8346,1.8964,0.15,5.3976,14976.03
10577,-0.0227,1,1,-3.7855,1.9306,0.16,0.1179,14976.15
10578,-5.0122,50,0,-3.7886,1.9323,0.16,5.4341,14981.58
10579,-3.2452,50,0,-3.7844,1.933,0.16,5.5044,14987.08
10580,-3.933,50,0,-3.7956,1.9306,0.16,5.4695,14992.55
10581,-4.8532,50,0,-3.7855,1.9224,0.16,5.3846,14997.94
10582,-6.0945,50,0,-3.7915,1.9286,0.16,5.3667,15003.3
10583,-5.2771,50,0,-3.7908,1.928,0.16,5.7324,15009.04
10584,-4.8015,50,0,-3.8385,1.8931,0.15,5.5667,15014.6
10585,-0.0287,1,1,-3.7898,1.9276,0.16,0.1173,15014.72
10586,-2.5817,50,0,-3.7802,1.9312,0.16,5.674,15020.4
10587,-0.05,1,1,-3.7806,1.9305,0.16,0.1005,15020.5
10588,-6.4154,50,0,-3.8123,1.9474,0.16,5.469,15025.96
10589,-3.7061,50,0,-3.7912,1.9369,0.16,5.4664,15031.43
10590,-5.917,50,0,-3.8501,1.9109,0.15,5.5329,15036.96
10591,-3.8028,50,0,-3.8323,1.9029,0.15,5.8003,15042.76
10592,-2.54,50,0,-3.8103,1.905,0.15,5.6468,15048.41
10593,-4.9872,50,0,-3.7957,1.8904,0.15,5.3908,15053.8
10594,-7.0131,50,0,-3.8291,1.9172,0.15,5.4706,15059.27
10595,-2.559,50,0,-3.8175,1.9213,0.15,5.2794,15064.55
10596,-3.7216,50,0,-3.8024,1.9161,0.15,5.4613,15070.01
10597,-5.2079,50,0,-3.8542,1.8831,0.14,5.7781,15075.79
10598,-4.9183,50,0,-3.8939,1.8632,0.13,5.5162,15081.31
10599,-3.9554,50,0,-3.8986,1.8627,0.13,5.5579,15086.87
10600,-5.5574,50,0,-3.9227,1.8684,0.13,5.3542,15092.22
10601,-4.1608,50,0,-3.9353,1.8658,0.13,5.3789,15097.6
10602,-3.2835,50,0,-3.9218,1.8656,0.13,5.4294,15103.03
10603,-3.3586,50,0,-3.889,1.8462,0.13,5.5586,15108.59
10604,-0.0362,1,1,-3.8232,1.865,0.14,0.1127,15108.7
10605,-0.0459,1,1,-3.7816,1.902,0.15,0.1222,15108.82
10606,-4.5892,50,0,-3.8272,1.8658,0.14,5.314,15114.14
10607,-4.0478,50,0,-3.8045,1.8491,0.14,5.4113,15119.55
10608,-4.6699,50,0,-3.7976,1.8446,0.14,5.4368,15124.98
10609,-4.6986,50,0,-3.7781,1.8246,0.14,5.31,15130.29
10610,-2.6862,50,0,-3.7403,1.8075,0.14,5.5867,15135.88
10611,-0.0439,1,1,-3.6993,1.844,0.15,0.1106,15135.99
10612,-2.7069,50,0,-3.7263,1.8093,0.14,5.4787,15141.47
10613,-5.5306,50,0,-3.7287,1.8116,0.14,5.3955,15146.87
10614,-3.7657,50,0,-3.728,1.8116,0.14,5.5067,15152.37
10615,-4.9149,50,0,-3.7368,1.8151,0.14,5.5567,15157.93
10616,-0.035,1,1,-3.6952,1.8515,0.15,0.1074,15158.04
10617,-5.4493,50,0,-3.7496,1.8222,0.14,5.5006,15163.54
10618,-1.9411,30,1,-3.7149,1.8233,0.15,3.2809,15166.82
10619,-0.0201,1,1,-3.6504,1.8387,0.16,0.112,15166.93
10620,-3.7453,50,0,-3.6327,1.8293,0.16,5.484,15172.41
10621,-0.0233,1,1,-3.5824,1.8584,0.17,0.1232,15172.54
10622,-0.0499,1,1,-3.5578,1.8885,0.18,0.1288,15172.67
10623,-4.2904,50,0,-3.5674,1.8898,0.18,5.4466,15178.11
10624,-5.5522,50,0,-3.5701,1.8925,0.18,5.4176,15183.53
10625,-6.5482,50,0,-3.582,1.9074,0.18,5.3664,15188.9
10626,-5.9981,50,0,-3.5986,1.921,0.18,5.3856,15194.28
10627,-5.9645,50,0,-3.6289,1.9342,0.18,5.4931,15199.77
10628,-4.7417,50,0,-3.6498,1.9348,0.18,5.5748,15205.35
10629,-0.0447,1,1,-3.5919,1.955,0.19,0.1184,15205.47
10630,-5.2553,50,0,-3.6094,1.962,0.19,5.5313,15211.0
10631,-4.5564,50,0,-3.6545,1.9312,0.18,5.4882,15216.49
10632,-3.3657,50,0,-3.6473,1.9309,0.18,5.3504,15221.84
10633,-4.245,50,0,-3.6508,1.9317,0.18,5.4878,15227.33
10634,-4.7015,50,0,-3.6488,1.9305,0.18,5.5075,15232.83
10635,-3.9688,50,0,-3.6621,1.9281,0.18,5.3961,15238.23
10636,-4.5742,50,0,-3.6675,1.9299,0.18,5.4656,15243.69
10637,-3.106,50,0,-3.6479,1.9255,0.18,5.832,15249.53
10638,-3.5744,50,0,-3.6351,1.9217,0.18,5.6095,15255.14
10639,-0.0027,1,1,-3.589,1.9528,0.19,0.1088,15255.25
10640,-3.5894,50,0,-3.5803,1.9508,0.19,5.7171,15260.96
10641,-0.0213,1,1,-3.5803,1.9509,0.19,0.1182,15261.08
10642,-4.7299,50,0,-3.5632,1.9333,0.19,5.7452,15266.83
10643,-0.0241,1,1,-3.5319,1.9647,0.2,0.1117,15266.94
10644,-3.2683,50,0,-3.5355,1.9639,0.2,5.6493,15272.59
10645,-3.2136,50,0,-3.5316,1.9642,0.2,5.4807,15278.07
10646,-5.6046,50,0,-3.5424,1.9726,0.2,5.3968,15283.46
10647,-4.1397,50,0,-3.5585,1.9708,0.2,5.371,15288.84
10648,-2.9602,50,0,-3.5448,1.9701,0.2,5.4208,15294.26
10649,-0.0135,1,1,-3.5033,2.0002,0.21,0.1188,15294.37
10650,-2.6175,50,0,-3.4676,1.9836,0.21,5.4825,15299.86
10651,-2.5405,50,0,-3.4528,1.985,0.21,5.3583,15305.22
10652,-3.996,50,0,-3.4925,1.9555,0.2,5.4191,15310.63
10653,-5.6247,50,0,-3.5201,1.9659,0.2,5.3394,15315.97
10654,-0.0253,1,1,-3.4745,1.9934,0.21,0.0976,15316.07
10655,-3.5309,50,0,-3.4622,1.9892,0.21,5.4128,15321.48
10656,-5.8538,50,0,-3.4721,1.9986,0.21,5.2581,15326.74
10657,-4.053,50,0,-3.4657,1.9957,0.21,5.1792,15331.92
10658,-6.0118,50,0,-3.5253,1.9817,0.2,5.1524,15337.07
10659,-2.9528,50,0,-3.5068,1.9783,0.2,5.3591,15342.43
10660,-5.635,50,0,-3.5063,1.9778,0.2,5.2727,15347.71
10661,-5.7392,50,0,-3.5635,1.9586,0.19,5.3282,15353.03
10662,-4.9838,50,0,-3.5724,1.963,0.19,5.3376,15358.37
10663,-4.4259,50,0,-3.5833,1.9647,0.19,5.3109,15363.68
10664,-0.03,1,1,-3.5336,1.9909,0.2,0.1057,15363.79
10665,-2.8195,50,0,-3.5315,1.9915,0.2,5.552,15369.34
10666,-3.671,50,0,-3.5366,1.9912,0.2,5.416,15374.76
10667,-5.2681,50,0,-3.5339,1.9888,0.2,5.3218,15380.08
10668,-5.6213,50,0,-3.5296,1.9838,0.2,5.3144,15385.39
10669,-4.3588,50,0,-3.5728,1.9542,0.19,5.5118,15390.9
10670,-3.9226,50,0,-3.5544,1.9422,0.19,5.4233,15396.33
10671,-4.0575,50,0,-3.5946,1.9103,0.18,5.3909,15401.72
10672,-5.4921,50,0,-3.6089,1.9191,0.18,5.5336,15407.25
10673,-0.0361,1,1,-3.5794,1.9508,0.19,0.1177,15407.37
10674,-6.4906,50,0,-3.6065,1.9722,0.19,5.3642,15412.73
10675,-5.6525,50,0,-3.6203,1.9816,0.19,5.3789,15418.11
10676,-4.4899,50,0,-3.6396,1.9805,0.19,5.4388,15423.55
10677,-5.0216,50,0,-3.6896,1.9515,0.18,5.376,15428.93
10678,-4.24,50,0,-3.6818,1.9478,0.18,5.1858,15434.11
10679,-4.7607,50,0,-3.697,1.9502,0.18,5.16,15439.27
10680,-3.8112,50,0,-3.6958,1.9501,0.18,5.4182,15444.69
10681,-0.0477,1,1,-3.6477,1.98,0.19,0.1215,15444.81
10682,-0.0473,1,1,-3.5873,1.9966,0.2,0.1108,15444.92
10683,-0.0443,1,1,-3.5349,2.0201,0.21,0.1083,15445.03
10684,-6.4154,50,0,-3.5511,2.0365,0.21,5.594,15450.63
10685,-3.1819,50,0,-3.5826,2.0059,0.2,5.5353,15456.16
10686,-3.2263,50,0,-3.589,2.0037,0.2,5.4161,15461.58
10687,-1.8985,36,1,-3.6075,1.9793,0.2,3.9572,15465.53
10688,-4.6526,50,0,-3.5899,1.962,0.2,5.3551,15470.89
10689,-5.0748,50,0,-3.6036,1.9676,0.2,5.4692,15476.36
10690,-3.776,50,0,-3.5822,1.9539,0.2,5.3597,15481.72
10691,-4.0478,50,0,-3.5846,1.9543,0.2,5.3487,15487.07
10692,-4.2195,50,0,-3.6014,1.9525,0.2,5.3192,15492.39
10693,-4.8414,50,0,-3.6,1.9515,0.2,5.5884,15497.98
10694,-5.7476,50,0,-3.5873,1.9333,0.2,5.8927,15503.87
10695,-3.3317,50,0,-3.595,1.9307,0.2,5.9308,15509.8
10696,-4.9454,50,0,-3.6073,1.9354,0.2,5.6953,15515.49
10697,-0.0231,1,1,-3.5554,1.9611,0.21,0.1333,15515.63
10698,-4.5836,50,0,-3.5521,1.959,0.21,5.7784,15521.41
10699,-5.2059,50,0,-3.5646,1.9656,0.21,5.4338,15526.84
10700,-3.8425,50,0,-3.5474,1.9555,0.21,5.3635,15532.2
10701,-6.685,50,0,-3.5727,1.9794,0.21,5.4266,15537.63
10702,-0.0397,1,1,-3.5402,2.0103,0.22,0.1101,15537.74
10703,-4.9462,50,0,-3.5561,2.015,0.22,5.5101,15543.25
10704,-6.0269,50,0,-3.616,1.9985,0.21,5.4339,15548.68
10705,-0.0369,1,1,-3.6159,1.9986,0.21,0.1144,15548.8
10706,-6.8724,50,0,-3.6388,2.0225,0.21,5.5995,15554.4
10707,-0.0139,1,1,-3.5984,2.0539,0.22,0.1212,15554.52
10708,-4.1562,50,0,-3.5933,2.0519,0.22,5.6255,15560.14
10709,-3.9623,50,0,-3.5859,2.0492,0.22,5.6226,15565.77
10710,-3.2773,50,0,-3.5918,2.0475,0.22,5.5476,15571.31
10711,-0.6667,12,1,-3.5981,2.0376,0.22,1.3171,15572.63
10712,-5.3739,50,0,-3.6247,2.0432,0.22,5.5476,15578.18
10713,-6.2945,50,0,-3.6324,2.0517,0.22,5.5025,15583.68
10714,-7.2386,50,0,-3.6671,2.0829,0.22,5.675,15589.36
10715,-5.2814,50,0,-3.6708,2.0854,0.22,3.5591,15592.92
10716,-8.3314,50,0,-3.7537,2.104,0.21,1.7194,15594.64
10717,-5.2394,50,0,-3.7516,2.1024,0.21,1.7576,15596.39
10718,-6.5375,50,0,-3.7976,2.1126,0.2,1.6904,15598.08
10719,-4.7756,50,0,-3.8452,2.0803,0.19,1.7636,15599.85
10720,-6.4592,50,0,-3.8723,2.0964,0.19,1.8994,15601.75
10721,-0.0258,1,1,-3.8723,2.0964,0.19,0.049,15601.79
10722,-7.9414,50,0,-3.9512,2.0995,0.18,2.3761,15604.17
10723,-4.5628,50,0,-3.954,2.1002,0.18,3.8178,15607.99
10724,-0.0163,1,1,-3.8986,2.13,0.19,0.0449,15608.03
10725,-0.0119,1,1,-3.8332,2.148,0.2,0.0394,15608.07
10726,-4.2321,50,0,-3.8156,2.1373,0.2,2.0407,15610.11
10727,-5.6388,50,0,-3.8123,2.1343,0.2,1.7917,15611.91
10728,-5.4736,50,0,-3.8196,2.1387,0.2,2.1361,15614.04
10729,-0.039,1,1,-3.8196,2.1388,0.2,0.0403,15614.08
10730,-3.6876,50,0,-3.8039,2.134,0.2,1.9029,15615.98
10731,-4.8471,50,0,-3.8068,2.1352,0.2,1.7044,15617.69
10732,-4.8444,50,0,-3.8216,2.1372,0.2,1.7195,15619.41
10733,-4.5354,50,0,-3.8245,2.138,0.2,1.7846,15621.19
10734,-4.8848,50,0,-3.8263,2.1388,0.2,1.7908,15622.98
10735,-5.032,50,0,-3.837,2.1421,0.2,1.7267,15624.71
10736,-2.7622,50,0,-3.8189,2.1435,0.2,1.7171,15626.43
10737,-5.8999,50,0,-3.8468,2.1522,0.2,1.6959,15628.12
10738,-0.0345,1,1,-3.8114,2.1852,0.21,0.0325,15628.16
10739,-3.461,50,0,-3.846,2.1518,0.2,1.7401,15629.9
10740,-0.0427,1,1,-3.8105,2.1847,0.21,0.0422,15629.94
10741,-0.0438,1,1,-3.8107,2.1843,0.21,0.0375,15629.98
10742,-5.4874,50,0,-3.8183,2.1888,0.21,1.7322,15631.71
10743,-3.1054,50,0,-3.8491,2.1566,0.2,2.0912,15633.8
10744,-9.2141,50,0,-3.9086,2.2208,0.2,2.1221,15635.92
10745,-0.0488,1,1,-3.8769,2.2528,0.21,0.0481,15635.97
10746,-2.6829,50,0,-3.8477,2.2491,0.21,2.5095,15638.48
10747,-4.433,50,0,-3.8506,2.2497,0.21,2.6213,15641.1
10748,-6.3334,50,0,-3.8844,2.2614,0.21,2.5272,15643.63
10749,-5.3077,50,0,-3.9373,2.2319,0.2,2.2582,15645.89
10750,-5.1156,50,0,-3.9623,2.231,0.2,2.1628,15648.05
10751,-4.7522,50,0,-3.9844,2.2277,0.2,2.2383,15650.29
10752,-6.646,50,0,-4.0109,2.2434,0.2,1.8042,15652.09
10753,-0.028,1,1,-3.9549,2.2721,0.21,0.0366,15652.13
10754,-0.0234,1,1,-3.9549,2.2721,0.21,0.0347,15652.16
10755,-6.214,50,0,-3.9818,2.2828,0.21,1.8452,15654.01
10756,-6.3852,50,0,-3.9871,2.2877,0.21,2.1753,15656.18
10757,-4.7705,50,0,-3.9943,2.2891,0.21,2.5489,15658.73
10758,-2.8377,50,0,-3.9625,2.2829,0.21,2.6532,15661.39
10759,-7.1852,50,0,-4.0048,2.3029,0.21,2.4501,15663.84
10760,-4.6416,50,0,-3.9949,2.298,0.21,2.2892,15666.12
10761,-4.7394,50,0,-3.9849,2.2925,0.21,2.5119,15668.64
10762,-5.7833,50,0,-3.9929,2.2974,0.21,2.3758,15671.01
10763,-5.6721,50,0,-4.0054,2.3031,0.21,2.2163,15673.23
10764,-0.0407,1,1,-4.0055,2.3029,0.21,0.0588,15673.29
10765,-0.0497,1,1,-3.9778,2.3335,0.22,0.0382,15673.33
10766,-6.5079,50,0,-4.0061,2.3468,0.22,1.8534,15675.18
10767,-6.6457,50,0,-4.0199,2.3581,0.22,2.1643,15677.34
10768,-5.5362,50,0,-4.0191,2.3576,0.22,2.1058,15679.45
10769,-0.0423,1,1,-3.9759,2.3903,0.23,0.0518,15679.5
10770,-6.2031,50,0,-3.9987,2.4005,0.23,2.0413,15681.54
10771,-6.0908,50,0,-4.019,2.4095,0.23,2.1318,15683.67
10772,-5.5557,50,0,-4.0197,2.4099,0.23,2.1195,15685.79
10773,-6.3952,50,0,-4.0833,2.3877,0.22,2.4404,15688.23
10774,-0.0499,1,1,-4.0189,2.4087,0.23,0.0505,15688.28
10775,-5.0484,50,0,-4.0128,2.4054,0.23,2.1984,15690.48
10776,-0.0425,1,1,-3.9683,2.437,0.24,0.0474,15690.53
10777,-4.4159,50,0,-3.9623,2.4352,0.24,1.9985,15692.53
10778,-4.3689,50,0,-3.9636,2.4353,0.24,2.3306,15694.86
10779,-5.2599,50,0,-3.9686,2.4375,0.24,2.4365,15697.3
10780,-4.6157,50,0,-3.9766,2.4383,0.24,2.3577,15699.65
10781,-4.49,50,0,-4.021,2.4066,0.23,2.7952,15702.45
10782,-7.1766,50,0,-4.0923,2.3933,0.22,2.5978,15705.05
10783,-2.5218,50,0,-4.1171,2.364,0.21,2.6129,15707.66
10784,-0.0334,1,1,-4.0533,2.3871,0.22,0.0426,15707.7
10785,-0.0425,1,1,-4.0219,2.4188,0.23,0.05,15707.75
10786,-4.1025,50,0,-4.0306,2.4175,0.23,2.3422,15710.09
10787,-0.0102,1,1,-4.0118,2.4413,0.23,0.0456,15710.14
10788,-0.045,1,1,-3.9657,2.472,0.24,0.0438,15710.18
10789,-3.4516,50,0,-3.9495,2.47,0.24,2.6234,15712.81
10790,-3.3742,50,0,-3.9454,2.4706,0.24,2.4226,15715.23
10791,-4.9585,50,0,-3.9545,2.4727,0.24,2.1669,15717.4
10792,-4.8063,50,0,-3.9604,2.474,0.24,2.1835,15719.58
10793,-5.4565,50,0,-3.9666,2.4769,0.24,2.1384,15721.72
10794,-0.0387,1,1,-3.9095,2.5009,0.25,0.0434,15721.76
10795,-3.4809,50,0,-3.911,2.5006,0.25,2.042,15723.8
10796,-5.5524,50,0,-3.917,2.5039,0.25,1.9509,15725.75
10797,-6.3068,50,0,-3.9799,2.4841,0.24,1.9321,15727.69
10798,-0.0463,1,1,-3.9345,2.5139,0.25,0.0363,15727.72
10799,-5.3414,50,0,-3.9359,2.5146,0.25,1.7101,15729.43
10800,-5.3304,50,0,-3.9507,2.5185,0.25,1.6727,15731.11
10801,-6.0637,50,0,-3.9445,2.5125,0.25,1.6833,15732.79
10802,-3.7511,50,0,-3.9816,2.4817,0.24,1.6968,15734.49
10803,-6.447,50,0,-3.9966,2.492,0.24,1.7461,15736.23
10804,-0.0347,1,1,-3.9367,2.5144,0.25,0.0328,15736.27
10805,-4.9249,50,0,-3.9856,2.4855,0.24,1.731,15738.0
10806,-3.8056,50,0,-3.9549,2.4685,0.24,1.7116,15739.71
10807,-4.5405,50,0,-4.0002,2.4372,0.23,1.681,15741.39
10808,-3.1205,50,0,-3.9898,2.4387,0.23,1.7448,15743.13
10809,-3.9694,50,0,-3.9899,2.4387,0.23,1.8497,15744.98
10810,-3.0947,50,0,-3.9881,2.4393,0.23,2.1842,15747.17
10811,-0.0106,1,1,-3.9815,2.4491,0.23,0.0463,15747.21
10812,-6.1091,50,0,-3.9889,2.4543,0.23,2.5267,15749.74
10813,-0.0073,1,1,-3.926,2.4749,0.24,0.0574,15749.8
10814,-4.5183,50,0,-3.8988,2.4532,0.24,2.1183,15751.92
10815,-0.0265,1,1,-3.8463,2.4792,0.25,0.0385,15751.95
10816,-7.2511,50,0,-3.8355,2.4619,0.25,1.9826,15753.94
10817,-2.7792,50,0,-3.8108,2.46,0.25,2.0613,15756.0
10818,-6.4073,50,0,-3.8095,2.4586,0.25,1.8816,15757.88
10819,-3.8696,50,0,-3.8005,2.4567,0.25,1.9097,15759.79
10820,-5.5875,50,0,-3.7918,2.4488,0.25,1.9967,15761.79
10821,-6.5737,50,0,-3.8572,2.4347,0.24,1.8223,15763.61
10822,-3.6384,50,0,-3.8142,2.3999,0.24,1.95,15765.56
10823,-3.443,50,0,-3.803,2.399,0.24,1.8553,15767.41
10824,-5.0103,50,0,-3.853,2.3715,0.23,1.7806,15769.19
10825,-4.0518,50,0,-3.8934,2.3399,0.22,1.9638,15771.16
10826,-6.1482,50,0,-3.9125,2.3505,0.22,2.3227,15773.48
10827,-4.8346,50,0,-3.9045,2.3459,0.22,2.3107,15775.79
10828,-2.5779,50,0,-3.8755,2.3442,0.22,1.9439,15777.74
10829,-5.2706,50,0,-3.9278,2.3162,0.21,1.839,15779.57
10830,-0.0443,1,1,-3.8914,2.3482,0.22,0.0315,15779.61
10831,-6.6525,50,0,-3.9095,2.3623,0.22,2.1031,15781.71
10832,-3.8299,50,0,-3.8993,2.3605,0.22,2.3011,15784.01
10833,-4.1657,50,0,-3.8956,2.3598,0.22,2.2861,15786.3
10834,-4.1099,50,0,-3.8879,2.3578,0.22,2.5148,15788.81
10835,-6.4043,50,0,-3.9016,2.3684,0.22,2.0991,15790.91
10836,-4.1372,50,0,-3.9153,2.3657,0.22,2.0245,15792.94
10837,-4.191,50,0,-3.8982,2.3575,0.22,2.196,15795.13
10838,-2.929,50,0,-3.9272,2.3274,0.21,2.1343,15797.27
10839,-3.1625,50,0,-3.9242,2.3282,0.21,1.9049,15799.17
10840,-4.5211,50,0,-3.969,2.296,0.2,1.7386,15800.91
10841,-0.0274,1,1,-3.9688,2.2962,0.2,0.0377,15800.95
10842,-4.0047,50,0,-3.954,2.2912,0.2,1.8291,15802.78
10843,-4.979,50,0,-3.9727,2.2918,0.2,1.6914,15804.47
10844,-3.5641,50,0,-3.9162,2.2307,0.2,1.7738,15806.24
10845,-3.3498,50,0,-3.9492,2.1974,0.19,1.7559,15808.0
10846,-4.9422,50,0,-3.9718,2.1959,0.19,1.7723,15809.77
10847,-6.6793,50,0,-3.9943,2.212,0.19,1.8128,15811.58
10848,-5.6892,50,0,-3.9879,2.2061,0.19,1.9234,15813.51
10849,-3.4314,50,0,-3.9691,2.2027,0.19,2.1849,15815.69
10850,-0.0354,1,1,-3.9183,2.2341,0.2,0.0391,15815.73
10851,-0.0058,1,1,-3.8708,2.266,0.21,0.0337,15815.76
10852,-4.3946,50,0,-3.8483,2.2495,0.21,2.146,15817.91
10853,-0.0463,1,1,-3.8485,2.2492,0.21,0.0515,15817.96
10854,-4.3426,50,0,-3.8917,2.2165,0.2,1.7879,15819.75
10855,-4.435,50,0,-3.8739,2.2049,0.2,1.7961,15821.54
10856,-4.7848,50,0,-3.8579,2.1924,0.2,2.0413,15823.59
10857,-4.554,50,0,-3.8557,2.1916,0.2,2.0743,15825.66
10858,-4.7982,50,0,-3.8753,2.1912,0.2,2.0488,15827.71
10859,-4.3641,50,0,-3.8471,2.1664,0.2,1.7899,15829.5
10860,-4.6154,50,0,-3.8469,2.1663,0.2,2.3299,15831.83
10861,-5.477,50,0,-3.8542,2.1706,0.2,2.1826,15834.01
10862,-4.5487,50,0,-3.8419,2.1631,0.2,2.0733,15836.08
10863,-0.0117,1,1,-3.7853,2.1884,0.21,0.0458,15836.13
10864,-6.7277,50,0,-3.8522,2.1751,0.2,2.1631,15838.29
10865,-0.0487,1,1,-3.8522,2.1751,0.2,0.0401,15838.33
10866,-5.6601,50,0,-3.8437,2.1663,0.2,2.0358,15840.37
10867,-4.2536,50,0,-3.8198,2.1484,0.2,1.731,15842.1
10868,-2.5351,50,0,-3.7897,2.1452,0.2,1.9397,15844.04
10869,-4.6142,50,0,-3.8355,2.1133,0.19,2.3922,15846.43
10870,-4.2401,50,0,-3.8158,2.1003,0.19,2.6456,15849.08
10871,-3.1559,50,0,-3.7865,2.0888,0.19,2.1465,15851.22
10872,-0.0363,1,1,-3.7313,2.1141,0.2,0.0339,15851.26
10873,-3.3604,50,0,-3.7009,2.0973,0.2,1.7532,15853.01
10874,-3.9608,50,0,-3.74,2.0651,0.19,2.4909,15855.5
10875,-5.4795,50,0,-3.7444,2.0683,0.19,2.3343,15857.84
10876,-0.0176,1,1,-3.7441,2.0687,0.19,0.0495,15857.89
10877,-0.0354,1,1,-3.7003,2.1002,0.2,0.0594,15857.95
10878,-0.0112,1,1,-3.6567,2.1308,0.21,0.0576,15858.0
10879,-4.9243,50,0,-3.6534,2.1286,0.21,2.172,15860.18
10880,-4.9861,50,0,-3.6571,2.1306,0.21,2.3397,15862.52
10881,-5.2876,50,0,-3.6651,2.1351,0.21,1.9372,15864.45
10882,-5.2508,50,0,-3.6458,2.1119,0.21,1.9096,15866.36
10883,-4.9929,50,0,-3.6705,2.1131,0.21,1.9695,15868.33
10884,-4.3966,50,0,-3.7141,2.0824,0.2,1.9919,15870.32
10885,-4.8061,50,0,-3.7618,2.0521,0.19,2.107,15872.43
10886,-3.8672,50,0,-3.7594,2.0518,0.19,1.8507,15874.28
10887,-4.7629,50,0,-3.8069,2.0192,0.18,1.7473,15876.03
10888,-0.0426,1,1,-3.8069,2.0193,0.18,0.0338,15876.06
10889,-3.0323,50,0,-3.8027,2.0205,0.18,2.0156,15878.08
10890,-6.1375,50,0,-3.8304,2.0333,0.18,2.1635,15880.24
10891,-3.1681,50,0,-3.8125,2.0311,0.18,2.0397,15882.28
10892,-2.8444,50,0,-3.7928,2.0309,0.18,1.8603,15884.14
10893,-5.2595,50,0,-3.7909,2.0294,0.18,2.0239,15886.17
10894,-3.791,50,0,-3.8284,1.994,0.17,2.0432,15888.21
10895,-3.9658,50,0,-3.8332,1.9938,0.17,2.0446,15890.25
10896,-4.213,50,0,-3.8199,1.9867,0.17,1.9161,15892.17
10897,-0.0477,1,1,-3.7573,2.0058,0.18,0.0377,15892.21
10898,-3.4392,50,0,-3.7912,1.9712,0.17,2.2515,15894.46
10899,-0.0315,1,1,-3.7381,2.0,0.18,0.043,15894.5
10900,-3.2864,50,0,-3.7176,1.9941,0.18,1.9378,15896.44
10901,-2.5509,50,0,-3.6825,1.9833,0.18,1.9742,15898.41
10902,-5.1187,50,0,-3.6962,1.9885,0.18,2.1383,15900.55
10903,-5.5179,50,0,-3.6869,1.9777,0.18,1.7396,15902.29
10904,-3.6742,50,0,-3.7233,1.9434,0.17,1.826,15904.12
10905,-2.9513,50,0,-3.7036,1.9411,0.17,1.8646,15905.98
10906,-5.7266,50,0,-3.7228,1.9515,0.17,1.9154,15907.9
10907,-3.3941,50,0,-3.7113,1.95,0.17,1.939,15909.84
10908,-5.8286,50,0,-3.7384,1.9604,0.17,2.1365,15911.97
10909,-3.9456,50,0,-3.7382,1.9604,0.17,2.0741,15914.05
10910,-6.1342,50,0,-3.7686,1.9737,0.17,2.054,15916.1
10911,-6.152,50,0,-3.83,1.9512,0.16,1.9887,15918.09
10912,-3.7132,50,0,-3.806,1.9378,0.16,2.0916,15920.18
10913,-0.0314,1,1,-3.8062,1.9373,0.16,0.0456,15920.23
10914,-4.3814,50,0,-3.8049,1.9368,0.16,2.3291,15922.56
10915,-4.5125,50,0,-3.8497,1.9004,0.15,2.3898,15924.95
10916,-3.6429,50,0,-3.8137,1.8695,0.15,2.1492,15927.09
10917,-4.7731,50,0,-3.8336,1.869,0.15,2.0829,15929.18
10918,-2.5295,50,0,-3.7948,1.8554,0.15,2.2256,15931.4
10919,-3.0378,50,0,-3.7865,1.8569,0.15,2.1852,15933.59
10920,-4.2902,50,0,-3.7735,1.8487,0.15,2.0614,15935.65
10921,-4.7079,50,0,-3.7549,1.8297,0.15,2.0191,15937.67
10922,-4.812,50,0,-3.7666,1.8327,0.15,1.9397,15939.61
10923,-6.181,50,0,-3.794,1.848,0.15,1.9629,15941.57
10924,-3.6857,50,0,-3.7807,1.844,0.15,2.0446,15943.62
10925,-4.7439,50,0,-3.7877,1.8463,0.15,1.8482,15945.46
10926,-4.399,50,0,-3.7702,1.8321,0.15,2.0788,15947.54
10927,-6.218,50,0,-3.784,1.8453,0.15,2.0996,15949.64
10928,-2.8805,50,0,-3.787,1.8435,0.15,2.0217,15951.66
10929,-0.025,1,1,-3.7346,1.8749,0.16,0.0451,15951.71
10930,-5.3513,50,0,-3.7876,1.8446,0.15,1.9808,15953.69
10931,-4.9742,50,0,-3.7709,1.826,0.15,2.2653,15955.96
10932,-6.0113,50,0,-3.7927,1.8395,0.15,2.218,15958.17
10933,-2.5844,50,0,-3.7769,1.8431,0.15,1.9725,15960.15
10934,-3.8348,50,0,-3.7741,1.8428,0.15,1.6983,15961.84
10935,-0.0419,1,1,-3.7105,1.8606,0.16,0.0344,15961.88
10936,-3.6653,50,0,-3.7058,1.8601,0.16,1.8023,15963.68
10937,-2.5894,50,0,-3.6898,1.8628,0.16,1.7555,15965.44
10938,-3.6942,50,0,-3.6974,1.8612,0.16,1.6701,15967.11
10939,-3.3753,50,0,-3.6995,1.8607,0.16,1.7558,15968.86
10940,-5.0097,50,0,-3.7044,1.8635,0.16,2.0651,15970.93
10941,-2.8529,50,0,-3.7327,1.8286,0.15,2.5707,15973.5
10942,-0.047,1,1,-3.6931,1.8648,0.16,0.054,15973.55
10943,-4.415,50,0,-3.6875,1.8617,0.16,2.6695,15976.22
10944,-4.5233,50,0,-3.697,1.8635,0.16,2.3245,15978.55
10945,-3.9624,50,0,-3.7032,1.8634,0.16,2.0399,15980.59
10946,-5.3241,50,0,-3.707,1.8663,0.16,1.8054,15982.39
10947,-0.0438,1,1,-3.6406,1.8774,0.17,0.0432,15982.43
10948,-3.4775,50,0,-3.6185,1.8661,0.17,1.9284,15984.36
10949,-0.0346,1,1,-3.5846,1.8998,0.18,0.0403,15984.4
10950,-3.7955,50,0,-3.6222,1.8661,0.17,1.8641,15986.27
10951,-0.0392,1,1,-3.6225,1.8655,0.17,0.0314,15986.3
10952,-0.0135,1,1,-3.5787,1.898,0.18,0.0403,15986.34
10953,-0.0351,1,1,-3.5786,1.8982,0.18,0.0493,15986.39
10954,-4.3868,50,0,-3.579,1.8984,0.18,1.8189,15988.21
10955,-4.3968,50,0,-3.5786,1.8982,0.18,1.73,15989.94
10956,-0.0334,1,1,-3.5311,1.9267,0.19,0.0401,15989.98
10957,-0.0249,1,1,-3.4858,1.9551,0.2,0.0483,15990.03
10958,-3.846,50,0,-3.4763,1.951,0.2,2.1495,15992.18
10959,-4.3477,50,0,-3.4761,1.9509,0.2,2.1975,15994.37
10960,-4.9124,50,0,-3.4791,1.9529,0.2,2.1671,15996.54
10961,-3.2198,50,0,-3.4565,1.9427,0.2,1.8077,15998.35
10962,-4.0441,50,0,-3.4515,1.9405,0.2,1.6199,15999.97
10963,-0.0439,1,1,-3.4518,1.9399,0.2,0.0336,16000.0
10964,-4.8811,50,0,-3.4333,1.9173,0.2,1.6743,16001.68
10965,-0.0251,1,1,-3.4331,1.9177,0.2,0.0475,16001.72
10966,-3.0739,50,0,-3.4072,1.9049,0.2,2.1478,16003.87
10967,-3.4785,50,0,-3.3995,1.9031,0.2,2.1612,16006.03
10968,-0.0475,1,1,-3.3746,1.9303,0.21,0.0391,16006.07
10969,-4.0842,50,0,-3.3693,1.9276,0.21,2.2232,16008.29
10970,-4.5557,50,0,-3.3725,1.9292,0.21,1.9791,16010.27
10971,-2.5189,50,0,-3.3661,1.931,0.21,2.0732,16012.35
10972,-6.3578,50,0,-3.4293,1.9244,0.2,1.8448,16014.19
10973,-5.9078,50,0,-3.4548,1.9401,0.2,1.885,16016.08
10974,-2.9119,50,0,-3.4443,1.9402,0.2,3.9206,16020.0
10975,-2.867,50,0,-3.4182,1.9302,0.2,1.8433,16021.84
10976,-0.0492,1,1,-3.4185,1.9296,0.2,0.034,16021.87
10977,-6.5046,50,0,-3.4832,1.9236,0.19,1.8253,16023.7
10978,-3.045,50,0,-3.5135,1.8922,0.18,1.8056,16025.51
10979,-5.079,50,0,-3.5151,1.8935,0.18,2.0949,16027.6
10980,-5.4051,50,0,-3.5193,1.8972,0.18,2.0096,16029.61
10981,-3.0267,50,0,-3.4966,1.8894,0.18,2.1155,16031.73
10982,-4.0163,50,0,-3.4843,1.8819,0.18,1.8743,16033.6
10983,-0.0455,1,1,-3.4348,1.9065,0.19,0.0347,16033.63
10984,-0.0389,1,1,-3.3913,1.9336,0.2,0.0426,16033.68
10985,-5.4418,50,0,-3.3976,1.9393,0.2,1.8726,16035.55
10986,-2.6045,50,0,-3.385,1.9403,0.2,1.983,16037.53
10987,-0.02,1,1,-3.3376,1.9639,0.21,0.0372,16037.57
10988,-4.7833,50,0,-3.385,1.9408,0.2,1.825,16039.39
10989,-5.0029,50,0,-3.4047,1.9472,0.2,1.862,16041.26
10990,-0.017,1,1,-3.3435,1.9565,0.21,0.0408,16041.3
10991,-4.4875,50,0,-3.3567,1.9597,0.21,1.8104,16043.11
10992,-4.0877,50,0,-3.3691,1.9603,0.21,1.8616,16044.97
10993,-0.0474,1,1,-3.317,1.9786,0.22,0.0459,16045.02
10994,-3.6305,50,0,-3.3154,1.9783,0.22,1.9951,16047.01
10995,-4.1194,50,0,-3.3169,1.9788,0.22,1.8362,16048.85
10996,-0.0296,1,1,-3.2751,2.0035,0.23,0.0373,16048.88
10997,-0.0451,1,1,-3.275,2.0036,0.23,0.0471,16048.93
10998,-0.0435,1,1,-3.2411,2.0291,0.24,0.0361,16048.97
10999,-5.6481,50,0,-3.2972,2.0172,0.23,1.8168,16050.78
11000,-5.4349,50,0,-3.3187,2.0284,0.23,1.799,16052.58
11001,-4.5543,50,0,-3.3388,2.0306,0.23,1.8408,16054.42
11002,-5.9302,50,0,-3.3469,2.0393,0.23,1.8204,16056.24
11003,-0.0405,1,1,-3.2921,2.0537,0.24,0.0352,16056.28
11004,-0.0204,1,1,-3.2556,2.079,0.25,0.035,16056.31
11005,-0.0458,1,1,-3.2265,2.1032,0.26,0.0433,16056.36
11006,-4.3779,50,0,-3.213,2.0914,0.26,1.8237,16058.18
11007,-5.1446,50,0,-3.2305,2.1001,0.26,1.8358,16060.02
11008,-2.5619,50,0,-3.1979,2.0848,0.26,1.8081,16061.82
11009,-0.0367,1,1,-3.1588,2.107,0.27,0.0413,16061.87
11010,-4.9234,50,0,-3.1467,2.0933,0.27,1.8645,16063.73
11011,-3.1158,50,0,-3.1163,2.0714,0.27,1.8781,16065.61
11012,-6.2707,50,0,-3.1419,2.0942,0.27,2.4112,16068.02
11013,-0.0464,1,1,-3.142,2.094,0.27,0.0587,16068.08
11014,-3.267,50,0,-3.1309,2.0903,0.27,2.2185,16070.3
11015,-7.826,50,0,-3.164,2.1377,0.27,2.176,16072.47
11016,-0.041,1,1,-3.128,2.1596,0.28,0.0427,16072.52
11017,-4.3595,50,0,-3.1239,2.1568,0.28,2.1715,16074.69
11018,-0.0434,1,1,-3.099,2.1777,0.29,0.0507,16074.74
11019,-5.7945,50,0,-3.1266,2.1942,0.29,2.1229,16076.86
11020,-3.726,50,0,-3.1209,2.1919,0.29,2.3054,16079.17
11021,-5.385,50,0,-3.1277,2.1978,0.29,2.5583,16081.72
11022,-2.6624,50,0,-3.1062,2.1918,0.29,2.1737,16083.9
11023,-3.2594,50,0,-3.077,2.1699,0.29,1.9837,16085.88
11024,-4.8895,50,0,-3.089,2.1766,0.29,2.0346,16087.92
11025,-5.7813,50,0,-3.0994,2.1869,0.29,2.1029,16090.02
11026,-4.5331,50,0,-3.1007,2.1878,0.29,2.2788,16092.3
11027,-4.6004,50,0,-3.0846,2.1706,0.29,2.1028,16094.4
11028,-4.3684,50,0,-3.0994,2.1742,0.29,2.0522,16096.45
11029,-4.4851,50,0,-3.144,2.1564,0.28,1.8891,16098.34
11030,-4.8353,50,0,-3.1389,2.1517,0.28,1.8833,16100.23
11031,-2.5891,50,0,-3.115,2.1444,0.28,1.842,16102.07
11032,-4.4435,50,0,-3.0994,2.1289,0.28,1.8513,16103.92
11033,-0.0187,1,1,-3.0737,2.1503,0.29,0.0422,16103.96
11034,-4.2937,50,0,-3.0783,2.1524,0.29,2.0883,16106.05
11035,-5.633,50,0,-3.1342,2.1454,0.28,1.9502,16108.0
11036,-3.9448,50,0,-3.137,2.1462,0.28,2.0166,16110.02
11037,-4.175,50,0,-3.1529,2.148,0.28,1.877,16111.89
11038,-0.0495,1,1,-3.1164,2.1693,0.29,0.0318,16111.93
11039,-6.2,50,0,-3.1447,2.1908,0.29,1.9163,16113.84
11040,-4.926,50,0,-3.1438,2.1901,0.29,1.8449,16115.69
11041,-0.0424,1,1,-3.1157,2.2116,0.3,0.0397,16115.73
11042,-3.5867,50,0,-3.1511,2.1904,0.29,1.8209,16117.55
11043,-5.6065,50,0,-3.163,2.2005,0.29,2.1898,16119.74
11044,-6.5375,50,0,-3.1832,2.2219,0.29,2.2786,16122.02
11045,-3.2509,50,0,-3.1761,2.2206,0.29,2.7298,16124.75
11046,-3.5431,50,0,-3.1582,2.2104,0.29,2.8492,16127.59
11047,-7.2658,50,0,-3.2305,2.2254,0.28,3.2598,16130.85
11048,-4.5252,50,0,-3.2409,2.229,0.28,2.7096,16133.56
11049,-2.9905,50,0,-3.2705,2.2057,0.27,2.3469,16135.91
11050,-0.0154,1,1,-3.2327,2.2287,0.28,0.0764,16135.99
11051,-4.1448,50,0,-3.2738,2.2072,0.27,2.7508,16138.74
11052,-5.1158,50,0,-3.3248,2.1902,0.26,2.0732,16140.81
11053,-5.4603,50,0,-3.379,2.1751,0.25,1.7234,16142.53
11054,-0.0368,1,1,-3.3355,2.1979,0.26,0.0327,16142.57
11055,-2.7845,50,0,-3.3194,2.196,0.26,1.7077,16144.28
11056,-3.6077,50,0,-3.3551,2.1712,0.25,1.7082,16145.98
11057,-0.0383,1,1,-3.3553,2.171,0.25,0.0387,16146.02
11058,-0.0294,1,1,-3.3171,2.1954,0.26,0.0357,16146.06
11059,-2.9725,50,0,-3.3034,2.1932,0.26,1.7225,16147.78
11060,-3.8304,50,0,-3.2925,2.1879,0.26,1.6875,16149.47
11061,-3.6599,50,0,-3.2969,2.1882,0.26,1.6816,16151.15
11062,-5.9827,50,0,-3.3163,2.2033,0.26,1.6976,16152.85
11063,-4.4145,50,0,-3.36,2.1812,0.25,1.7067,16154.55
11064,-3.3294,50,0,-3.3445,2.1758,0.25,2.0502,16156.6
11065,-7.849,50,0,-3.4228,2.1956,0.24,2.0704,16158.67
11066,-6.2609,50,0,-3.4546,2.2134,0.24,1.7507,16160.42
11067,-2.8159,50,0,-3.448,2.2143,0.24,1.7087,16162.13
11068,-4.4321,50,0,-3.4918,2.1898,0.23,1.7064,16163.84
11069,-0.0098,1,1,-3.4511,2.2161,0.24,0.0357,16163.88
11070,-4.6568,50,0,-3.4521,2.2167,0.24,1.6778,16165.55
11071,-2.7275,50,0,-3.4542,2.2159,0.24,1.6602,16167.21
11072,-6.9677,50,0,-3.4603,2.2247,0.24,1.6966,16168.91
11073,-0.0283,1,1,-3.4015,2.2369,0.25,0.0412,16168.95
11074,-8.8917,50,0,-3.4613,2.302,0.25,1.7374,16170.69
11075,-6.5413,50,0,-3.498,2.3214,0.25,1.6823,16172.37
11076,-0.0381,1,1,-3.4979,2.3216,0.25,0.0351,16172.41
11077,-5.1489,50,0,-3.4844,2.3079,0.25,1.6567,16174.06
11078,-6.8134,50,0,-3.5221,2.3311,0.25,1.729,16175.79
11079,-6.3517,50,0,-3.5348,2.343,0.25,1.6887,16177.48
11080,-6.6293,50,0,-3.547,2.3559,0.25,1.6925,16179.17
11081,-4.9061,50,0,-3.5658,2.3592,0.25,1.6724,16180.85
11082,-4.6585,50,0,-3.5722,2.3613,0.25,1.7258,16182.57
11083,-3.3606,50,0,-3.6054,2.3346,0.24,1.7066,16184.28
11084,-3.943,50,0,-3.6444,2.3072,0.23,1.6825,16185.96
11085,-5.8415,50,0,-3.6484,2.3106,0.23,1.6953,16187.66
11086,-5.8905,50,0,-3.6813,2.3189,0.23,1.6851,16189.34
11087,-4.2006,50,0,-3.7231,2.29,0.22,1.7631,16191.1
11088,-6.0535,50,0,-3.7358,2.2993,0.22,2.4418,16193.55
11089,-0.0219,1,1,-3.686,2.3252,0.23,0.0563,16193.6
11090,-5.6105,50,0,-3.7419,2.3034,0.22,2.3047,16195.91
11091,-3.1115,50,0,-3.7282,2.303,0.22,2.0399,16197.95
11092,-5.9451,50,0,-3.7467,2.3133,0.22,2.0365,16199.98
11093,-0.0489,1,1,-3.7468,2.3133,0.22,0.039,16200.02
11094,-3.7978,50,0,-3.7484,2.3133,0.22,1.9769,16202.0
11095,-7.4695,50,0,-3.7819,2.3425,0.22,1.8131,16203.81
11096,-6.2565,50,0,-3.8442,2.3246,0.21,1.9678,16205.78
11097,-5.4766,50,0,-3.8985,2.2985,0.2,1.8664,16207.65
11098,-4.2944,50,0,-3.941,2.2659,0.19,1.7769,16209.42
11099,-8.5358,50,0,-3.9699,2.3055,0.19,1.8888,16211.31
11100,-3.4856,50,0,-3.9504,2.3013,0.19,1.9206,16213.23
11101,-5.9991,50,0,-3.9649,2.3095,0.19,1.7719,16215.0
11102,-5.0262,50,0,-3.9558,2.3036,0.19,1.8974,16216.9
11103,-4.9055,50,0,-4.0045,2.2715,0.18,1.8785,16218.78
11104,-6.2025,50,0,-4.0663,2.2463,0.17,1.7867,16220.57
11105,-5.6466,50,0,-4.1223,2.2149,0.16,1.8342,16222.4
11106,-6.5735,50,0,-4.1442,2.2282,0.16,2.0282,16224.43
11107,-3.1242,50,0,-4.124,2.2282,0.16,1.945,16226.37
11108,-17.9185,50,0,-4.2776,2.6115,0.16,1.9598,16228.33
11109,-4.2691,50,0,-4.3199,2.5764,0.15,2.3607,16230.7
11110,-6.0637,50,0,-4.3313,2.5816,0.15,2.2973,16232.99
11111,-8.4968,50,0,-4.3851,2.6116,0.15,3.9737,16236.97
11112,-2.6474,50,0,-4.3489,2.6103,0.15,5.4794,16242.45
11113,-3.8926,50,0,-4.3874,2.5748,0.14,5.3366,16247.78
11114,-7.2559,50,0,-4.4273,2.5879,0.14,5.5866,16253.37
11115,-4.362,50,0,-4.3926,2.5653,0.14,5.4837,16258.85
11116,-4.6257,50,0,-4.4385,2.5278,0.13,5.433,16264.29
11117,-0.0262,1,1,-4.3951,2.5657,0.14,0.1168,16264.4
11118,-3.9373,50,0,-4.4341,2.5286,0.13,5.213,16269.62
11119,-5.4228,50,0,-4.4304,2.5269,0.13,5.4855,16275.1
11120,-4.2786,50,0,-4.4359,2.5259,0.13,5.4695,16280.57
11121,-5.5231,50,0,-4.4373,2.5265,0.13,5.4637,16286.03
11122,-5.6603,50,0,-4.4672,2.523,0.13,5.2841,16291.32
11123,-8.7427,50,0,-4.5221,2.5556,0.13,5.3599,16296.68
11124,-6.7542,50,0,-4.5407,2.565,0.13,5.5026,16302.18
11125,-5.0281,50,0,-4.5332,2.5624,0.13,5.3528,16307.53
11126,-6.4215,50,0,-4.5521,2.5693,0.13,5.492,16313.03
11127,-3.4488,50,0,-4.5406,2.5716,0.13,5.3022,16318.33
11128,-0.0015,1,1,-4.4969,2.611,0.14,0.0926,16318.42
11129,-3.0267,50,0,-4.4823,2.615,0.14,5.2494,16323.67
11130,-4.619,50,0,-4.4801,2.6148,0.14,5.271,16328.94
11131,-5.2319,50,0,-4.5066,2.6089,0.14,5.1945,16334.14
11132,-2.6346,50,0,-4.4885,2.6156,0.14,5.4421,16339.58
11133,-0.0378,1,1,-4.4887,2.6153,0.14,0.1227,16339.7
11134,-5.5536,50,0,-4.5013,2.6173,0.14,5.3342,16345.03
11135,-0.0328,1,1,-4.4453,2.6522,0.15,0.106,16345.14
11136,-6.0456,50,0,-4.4663,2.6565,0.15,5.2899,16350.43
11137,-4.5156,50,0,-4.4697,2.6563,0.15,5.206,16355.64
11138,-0.018,1,1,-4.4694,2.6568,0.15,0.1057,16355.74
11139,-5.0346,50,0,-4.4577,2.6518,0.15,5.2243,16360.97
11140,-5.4715,50,0,-4.4632,2.6533,0.15,3.6374,16364.6
11141,-3.5502,50,0,-4.4983,2.6176,0.14,1.3234,16365.93
11142,-4.9314,50,0,-4.5117,2.6163,0.14,1.2356,16367.16
11143,-6.0437,50,0,-4.5161,2.6185,0.14,1.2131,16368.38
11144,-6.0936,50,0,-4.5116,2.6154,0.14,1.3482,16369.72
11145,-4.3819,50,0,-4.5229,2.6124,0.14,1.4361,16371.16
11146,-0.0482,1,1,-4.488,2.6484,0.15,0.0231,16371.18
11147,-5.1886,50,0,-4.4672,2.6346,0.15,1.3993,16372.58
11148,-6.0533,50,0,-4.4825,2.6394,0.15,1.4936,16374.08
11149,-6.9234,50,0,-4.5218,2.6461,0.15,1.6224,16375.7
11150,-5.0191,50,0,-4.5719,2.6075,0.14,1.4653,16377.16
11151,-4.3563,50,0,-4.574,2.6072,0.14,1.8165,16378.98
11152,-0.0369,1,1,-4.5232,2.6453,0.15,0.0298,16379.01
11153,-4.4301,50,0,-4.5129,2.6437,0.15,1.3397,16380.35
11154,-4.6292,50,0,-4.5588,2.6051,0.14,1.3157,16381.67
11155,-3.8633,50,0,-4.5696,2.6,0.14,1.2282,16382.89
11156,-4.7228,50,0,-4.5808,2.5982,0.14,1.1902,16384.08
11157,-5.4925,50,0,-4.6353,2.5593,0.13,1.4119,16385.5
11158,-4.3575,50,0,-4.6786,2.5172,0.12,2.1101,16387.61
11159,-3.4774,50,0,-4.6836,2.5143,0.12,1.4727,16389.08
11160,-4.5036,50,0,-4.6904,2.5129,0.12,1.3466,16390.42
11161,-3.9339,50,0,-4.6931,2.512,0.12,1.2786,16391.7
11162,-5.7766,50,0,-4.691,2.511,0.12,1.187,16392.89
11163,-6.1118,50,0,-4.708,2.5148,0.12,1.3391,16394.23
11164,-4.6165,50,0,-4.7209,2.511,0.12,1.2324,16395.46
11165,-3.791,50,0,-4.6803,2.4928,0.12,1.3222,16396.78
11166,-6.3048,50,0,-4.6807,2.4931,0.12,1.31,16398.09
11167,-4.0763,50,0,-4.6933,2.4868,0.12,1.257,16399.35
11168,-6.0074,50,0,-4.7091,2.4901,0.12,1.3052,16400.66
11169,-5.7535,50,0,-4.7665,2.4469,0.11,1.2405,16401.9
11170,-0.0097,1,1,-4.7201,2.4923,0.12,0.0211,16401.92
11171,-5.6587,50,0,-4.7494,2.4859,0.12,1.1445,16403.06
11172,-4.4482,50,0,-4.7242,2.476,0.12,1.1306,16404.19
11173,-3.8267,50,0,-4.7622,2.4325,0.11,1.3014,16405.49
11174,-5.2752,50,0,-4.726,2.3974,0.11,1.4253,16406.92
11175,-5.7176,50,0,-4.7178,2.3926,0.11,1.3903,16408.31
11176,-7.3104,50,0,-4.7905,2.3595,0.1,1.1121,16409.42
11177,-0.0372,1,1,-4.7394,2.4061,0.11,0.0284,16409.45
11178,-4.5301,50,0,-4.7165,2.3972,0.11,1.0976,16410.55
11179,-3.789,50,0,-4.6909,2.3932,0.11,1.1928,16411.74
11180,-4.7683,50,0,-4.6723,2.3853,0.11,1.219,16412.96
11181,-4.7984,50,0,-4.6712,2.3852,0.11,1.3333,16414.29
11182,-4.5887,50,0,-4.6705,2.3852,0.11,1.1304,16415.42
11183,-4.1148,50,0,-4.6781,2.3823,0.11,1.173,16416.6
11184,-4.6079,50,0,-4.6847,2.3811,0.11,1.3121,16417.91
11185,-7.1493,50,0,-4.6978,2.391,0.11,1.1698,16419.08
11186,-4.4428,50,0,-4.6833,2.3882,0.11,1.2521,16420.33
11187,-8.2865,50,0,-4.7242,2.4144,0.11,1.4265,16421.76
11188,-0.0349,1,1,-4.664,2.4551,0.12,0.0252,16421.78
11189,-4.4578,50,0,-4.7083,2.4105,0.11,1.204,16422.99
11190,-8.5579,50,0,-4.7378,2.4392,0.11,1.1862,16424.17
11191,-5.0273,50,0,-4.757,2.4339,0.11,1.2272,16425.4
11192,-4.1808,50,0,-4.7393,2.4316,0.11,1.305,16426.7
11193,-0.047,1,1,-4.7393,2.4317,0.11,0.0265,16426.73
11194,-0.0374,1,1,-4.7017,2.4746,0.12,0.0222,16426.75
11195,-5.3585,50,0,-4.6806,2.4599,0.12,1.3291,16428.08
11196,-4.26,50,0,-4.6606,2.4551,0.12,1.3566,16429.44
11197,-0.0442,1,1,-4.6063,2.4962,0.13,0.0327,16429.47
11198,-3.3471,50,0,-4.5968,2.4992,0.13,1.3821,16430.85
11199,-8.1508,50,0,-4.593,2.4934,0.13,1.3729,16432.23
11200,-0.0204,1,1,-4.5583,2.5323,0.14,0.0201,16432.25
11201,-3.5903,50,0,-4.5343,2.5299,0.14,1.3108,16433.56
11202,-6.3824,50,0,-4.5478,2.5362,0.14,1.3111,16434.87
11203,-5.5216,50,0,-4.554,2.5378,0.14,1.3207,16436.19
11204,-0.024,1,1,-4.4922,2.5719,0.15,0.0263,16436.22
11205,-0.0417,1,1,-4.4361,2.6069,0.16,0.0386,16436.25
11206,-8.9748,50,0,-4.4602,2.6374,0.16,1.2944,16437.55
11207,-3.2227,50,0,-4.4611,2.6369,0.16,1.3096,16438.86
11208,-5.5865,50,0,-4.3378,2.2671,0.16,1.3368,16440.2
11209,-0.0379,1,1,-4.2955,2.3071,0.17,0.0279,16440.22
11210,-4.8545,50,0,-4.2834,2.301,0.17,1.305,16441.53
11211,-4.504,50,0,-4.2435,2.2618,0.17,1.3448,16442.87
11212,-0.0381,1,1,-4.2174,2.2949,0.18,0.026,16442.9
11213,-0.0395,1,1,-4.1789,2.3321,0.19,0.0298,16442.93
11214,-6.1329,50,0,-4.1676,2.3199,0.19,1.2656,16444.19
11215,-0.0233,1,1,-4.1242,2.3562,0.2,0.0237,16444.22
11216,-4.905,50,0,-4.127,2.3569,0.2,1.3773,16445.6
11217,-2.5638,50,0,-4.1524,2.3261,0.19,1.3159,16446.91
11218,-5.5788,50,0,-4.1688,2.3303,0.19,1.2852,16448.2
11219,-4.663,50,0,-4.1612,2.3274,0.19,1.3402,16449.54
11220,-9.2869,50,0,-4.2113,2.3827,0.19,1.3456,16450.88
11221,-2.7506,50,0,-4.1836,2.3834,0.19,2.1131,16453.0
11222,-4.3351,50,0,-4.1703,2.3788,0.19,1.2546,16454.25
11223,-6.4652,50,0,-4.1476,2.3456,0.19,1.209,16455.46
11224,-4.4987,50,0,-4.125,2.3312,0.19,1.1425,16456.6
11225,-7.2568,50,0,-4.1473,2.3503,0.19,1.3602,16457.96
11226,-6.5201,50,0,-4.1483,2.3513,0.19,1.1493,16459.11
11227,-4.4602,50,0,-4.1584,2.3504,0.19,1.2801,16460.39
11228,-2.6338,50,0,-4.1847,2.3182,0.18,1.1624,16461.55
11229,-2.6761,50,0,-4.1812,2.3203,0.18,1.2003,16462.75
11230,-19.9577,50,0,-4.3346,2.8013,0.18,1.1116,16463.87
11231,-4.8763,50,0,-4.331,2.8004,0.18,1.2753,16465.14
11232,-5.861,50,0,-4.3633,2.7992,0.18,1.0839,16466.22
11233,-5.0473,50,0,-4.4134,2.766,0.17,1.0845,16467.31
11234,-0.0286,1,1,-4.3582,2.7977,0.18,0.0226,16467.33
11235,-4.3337,50,0,-4.4012,2.7637,0.17,1.0869,16468.42
11236,-4.5361,50,0,-4.3861,2.7588,0.17,1.1081,16469.53
11237,-0.039,1,1,-4.3413,2.7924,0.18,0.0224,16469.55
11238,-4.1955,50,0,-4.3831,2.7585,0.17,1.0629,16470.61
11239,-5.4048,50,0,-4.3868,2.7596,0.17,1.0772,16471.69
11240,-4.7253,50,0,-4.3793,2.7577,0.17,1.0871,16472.78
11241,-3.6494,50,0,-4.3803,2.7574,0.17,1.093,16473.87
11242,-4.8934,50,0,-4.3799,2.7573,0.17,1.0498,16474.92
11243,-4.3389,50,0,-4.3629,2.7522,0.17,1.1077,16476.03
11244,-4.8288,50,0,-4.3502,2.7472,0.17,1.0832,16477.11
11245,-2.5958,50,0,-4.3324,2.7527,0.17,1.0889,16478.2
11246,-4.6398,50,0,-4.3783,2.7189,0.16,1.1001,16479.3
11247,-5.6278,50,0,-4.3827,2.7206,0.16,1.1242,16480.42
11248,-4.4336,50,0,-4.3665,2.7154,0.16,1.0898,16481.51
11249,-3.5382,50,0,-4.3326,2.7044,0.16,1.0806,16482.59
11250,-6.2601,50,0,-4.345,2.7104,0.16,1.1179,16483.71
11251,-0.0407,1,1,-4.3019,2.744,0.17,0.0228,16483.73
11252,-8.0093,50,0,-4.3816,2.7347,0.16,1.1564,16484.89
11253,-6.6713,50,0,-4.404,2.7442,0.16,1.1313,16486.02
11254,-5.1105,50,0,-4.4088,2.745,0.16,1.0988,16487.12
11255,-4.161,50,0,-4.4118,2.7446,0.16,1.1123,16488.23
11256,-4.1596,50,0,-4.4062,2.7445,0.16,1.0933,16489.33
11257,-3.6409,50,0,-4.3877,2.7434,0.16,1.1649,16490.49
11258,-4.6829,50,0,-4.3909,2.7435,0.16,1.1135,16491.6
11259,-4.5056,50,0,-4.4012,2.742,0.16,1.0898,16492.69
11260,-5.638,50,0,-4.4125,2.7447,0.16,1.1163,16493.81
11261,-2.9805,50,0,-4.403,2.748,0.16,1.0934,16494.9
11262,-5.2263,50,0,-4.3975,2.7458,0.16,1.1319,16496.04
11263,-0.0174,1,1,-4.3366,2.7746,0.17,0.0204,16496.06
11264,-8.9572,50,0,-4.38,2.8123,0.17,1.0954,16497.15
11265,-6.2124,50,0,-4.4042,2.8176,0.17,1.1086,16498.26
11266,-3.6557,50,0,-4.3777,2.812,0.17,1.1138,16499.37
11267,-7.4735,50,0,-4.4117,2.8287,0.17,1.1296,16500.5
11268,-8.3833,50,0,-4.4354,2.8518,0.17,1.1162,16501.62
11269,-6.4864,50,0,-4.4428,2.8562,0.17,1.1056,16502.73
11270,-4.1638,50,0,-4.4843,2.8214,0.16,1.1469,16503.87
11271,-0.0194,1,1,-4.4279,2.8535,0.17,0.0209,16503.89
11272,-6.5122,50,0,-4.4485,2.861,0.17,1.0858,16504.98
11273,-0.0147,1,1,-4.4104,2.8943,0.18,0.0262,16505.01
11274,-4.8976,50,0,-4.4066,2.8934,0.18,1.1317,16506.14
11275,-4.4022,50,0,-4.3935,2.8904,0.18,1.0734,16507.21
11276,-4.3988,50,0,-4.3644,2.8755,0.18,1.0839,16508.29
11277,-4.7838,50,0,-4.4118,2.8427,0.17,1.1414,16509.44
11278,-5.9774,50,0,-4.4263,2.8469,0.17,1.1034,16510.54
11279,-4.9335,50,0,-4.4378,2.8466,0.17,1.119,16511.66
11280,-6.4928,50,0,-4.455,2.8538,0.17,1.1338,16512.79
11281,-3.3132,50,0,-4.4402,2.8558,0.17,1.0912,16513.88
11282,-3.1932,50,0,-4.4262,2.8585,0.17,1.1194,16515.0
11283,-0.0458,1,1,-4.3855,2.8914,0.18,0.0241,16515.03
11284,-3.6133,50,0,-4.3756,2.8923,0.18,1.1834,16516.21
11285,-0.0496,1,1,-4.3046,2.9104,0.19,0.0248,16516.24
11286,-5.0492,50,0,-4.3106,2.9113,0.19,1.1079,16517.34
11287,-8.2703,50,0,-4.3105,2.9111,0.19,1.1058,16518.45
11288,-4.5438,50,0,-4.3556,2.8793,0.18,1.0964,16519.55
11289,-7.4069,50,0,-4.385,2.8953,0.18,1.1444,16520.69
11290,-4.1294,50,0,-4.3408,2.8648,0.18,1.1115,16521.8
11291,-5.0727,50,0,-4.3412,2.8649,0.18,1.1403,16522.94
11292,-3.7298,50,0,-4.3367,2.8655,0.18,1.1144,16524.06
11293,-7.0507,50,0,-4.4067,2.8453,0.17,1.0964,16525.15
11294,-4.7184,50,0,-4.4536,2.8114,0.16,1.0702,16526.22
11295,-7.1997,50,0,-4.472,2.8232,0.16,1.124,16527.35
11296,-4.2806,50,0,-4.4722,2.8232,0.16,1.0925,16528.44
11297,-8.9066,50,0,-4.5608,2.8219,0.15,1.1828,16529.62
11298,-6.5492,50,0,-4.5928,2.8261,0.15,1.114,16530.74
11299,-6.2594,50,0,-4.5739,2.8085,0.15,1.0811,16531.82
11300,-2.6773,36,1,-4.6005,2.7777,0.15,0.7794,16532.6
11301,-5.1977,50,0,-4.6165,2.7765,0.15,1.0945,16533.69
11302,-0.0474,1,1,-4.5532,2.8076,0.16,0.023,16533.71
11303,-4.4773,50,0,-4.5428,2.8059,0.16,1.0788,16534.79
11304,-0.0314,1,1,-4.5428,2.8058,0.16,0.025,16534.82
11305,-8.3345,50,0,-4.6258,2.794,0.15,1.1127,16535.93
11306,-0.0398,1,1,-4.5364,2.7964,0.16,0.02,16535.95
11307,-5.3207,50,0,-4.5574,2.7943,0.16,1.1067,16537.06
11308,-0.0476,1,1,-4.502,2.8281,0.17,0.0215,16537.08
11309,-5.9889,50,0,-4.5615,2.796,0.16,1.1541,16538.23
11310,-0.0447,1,1,-4.5134,2.8316,0.17,0.0206,16538.25
11311,-0.0302,1,1,-4.4687,2.8666,0.18,0.0197,16538.27
11312,-7.2622,50,0,-4.5409,2.8449,0.17,1.0883,16539.36
11313,-2.9033,50,0,-4.5695,2.8137,0.16,1.1428,16540.5
11314,-6.1321,50,0,-4.5695,2.8137,0.16,1.0934,16541.6
11315,-6.9396,50,0,-4.6387,2.786,0.15,1.1036,16542.7
11316,-5.9763,50,0,-4.6494,2.7891,0.15,1.1554,16543.86
11317,-3.0772,50,0,-4.6545,2.7857,0.15,1.1313,16544.99
11318,-0.0494,1,1,-4.5993,2.8214,0.16,0.0245,16545.01
11319,-5.1958,50,0,-4.6046,2.8221,0.16,1.1046,16546.12
11320,-4.8396,50,0,-4.5601,2.7827,0.16,1.126,16547.24
11321,-5.4728,50,0,-4.5873,2.7782,0.16,1.0866,16548.33
11322,-5.1021,50,0,-4.595,2.7785,0.16,1.1031,16549.43
11323,-0.009,1,1,-4.5304,2.8091,0.17,0.0214,16549.45
11324,-4.559,50,0,-4.531,2.8091,0.17,1.0866,16550.54
11325,-3.2976,50,0,-4.4915,2.7983,0.17,1.0945,16551.63
11326,-6.3698,50,0,-4.4899,2.7973,0.17,1.1221,16552.76
11327,-4.8496,50,0,-4.4938,2.7975,0.17,1.09,16553.85
11328,-5.2332,50,0,-4.5198,2.7922,0.17,1.0857,16554.93
11329,-5.0096,50,0,-4.5432,2.7864,0.17,1.1168,16556.05
11330,-0.0384,1,1,-4.344,2.3561,0.18,0.02,16556.07
11331,-4.3076,50,0,-4.3383,2.3555,0.18,1.1081,16557.18
11332,-4.93,50,0,-4.329,2.3513,0.18,1.1002,16558.28
11333,-0.0383,1,1,-4.2789,2.3885,0.19,0.027,16558.3
11334,-8.4839,50,0,-4.3634,2.3862,0.18,1.0958,16559.4
11335,-9.2573,50,0,-4.4127,2.4354,0.18,1.1381,16560.54
11336,-4.997,50,0,-4.4173,2.4361,0.18,1.1118,16561.65
11337,-6.1191,50,0,-4.4781,2.4017,0.17,1.1051,16562.76
11338,-0.2993,6,1,-4.4391,2.4373,0.18,0.1262,16562.88
11339,-25.542,50,0,-4.6405,3.2162,0.18,1.1329,16564.01
11340,-4.1269,50,0,-4.6345,3.2166,0.18,1.0824,16565.1
11341,-0.029,1,1,-4.5983,3.2477,0.19,0.0285,16565.13
11342,-4.8834,50,0,-4.5982,3.2477,0.19,1.0806,16566.21
11343,-0.0232,1,1,-4.5551,3.2793,0.2,0.0197,16566.23
11344,-3.0612,50,0,-4.5374,3.2826,0.2,1.0937,16567.32
11345,-6.2985,50,0,-4.5744,3.2814,0.2,1.0945,16568.41
11346,-4.5976,50,0,-4.574,3.2813,0.2,1.1433,16569.56
11347,-0.0159,1,1,-4.5179,3.3107,0.21,0.0219,16569.58
11348,-1.3008,24,1,-4.4865,3.3261,0.22,0.5118,16570.09
11349,-3.4379,50,0,-4.4855,3.3264,0.22,1.0882,16571.18
11350,-4.1204,50,0,-4.4641,3.3218,0.22,1.091,16572.27
11351,-5.7951,50,0,-4.5217,3.2944,0.21,1.1444,16573.41
11352,-0.0464,1,1,-4.4421,3.3054,0.22,0.0239,16573.44
11353,-7.454,50,0,-4.4499,3.3116,0.22,1.1249,16574.56
11354,-4.8143,50,0,-4.4469,3.3111,0.22,1.1104,16575.67
11355,-6.2069,50,0,-4.4674,3.3156,0.22,1.1606,16576.83
11356,-0.0341,1,1,-4.4261,3.3447,0.23,0.0208,16576.86
11357,-3.8522,50,0,-4.4282,3.3443,0.23,1.1161,16577.97
11358,-4.988,50,0,-4.4313,3.3447,0.23,1.1011,16579.07
11359,-3.0862,50,0,-4.4171,3.3473,0.23,1.085,16580.16
11360,-0.0364,1,1,-4.3611,3.3732,0.24,0.0218,16580.18
11361,-4.8586,50,0,-4.3799,3.3707,0.24,1.2106,16581.39
11362,-5.3226,50,0,-4.3808,3.3709,0.24,1.194,16582.58
11363,-5.0557,50,0,-4.4312,3.3429,0.23,1.1497,16583.73
11364,-4.8133,50,0,-4.3898,3.3121,0.23,1.1627,16584.9
11365,-0.0259,1,1,-4.3279,3.3351,0.24,0.0251,16584.92
11366,-8.3912,50,0,-4.3753,3.3588,0.24,1.1454,16586.07
11367,-3.2708,50,0,-4.3332,3.346,0.24,1.1234,16587.19
11368,-3.6913,50,0,-4.2863,3.3217,0.24,1.1092,16588.3
11369,-2.7432,50,0,-4.2489,3.3178,0.24,1.1393,16589.44
11370,-3.9427,50,0,-4.2467,3.3179,0.24,1.1385,16590.58
11371,-6.743,50,0,-4.3139,3.2997,0.23,1.1352,16591.71
11372,-4.7871,50,0,-4.2966,3.2926,0.23,1.1231,16592.84
11373,-4.6029,50,0,-4.3425,3.2645,0.22,1.1235,16593.96
11374,-3.5802,50,0,-4.3294,3.2649,0.22,1.1198,16595.08
11375,-6.381,50,0,-4.3491,3.2713,0.22,1.0829,16596.16
11376,-6.5803,50,0,-4.371,3.2788,0.22,1.0912,16597.25
11377,-5.4068,50,0,-4.3772,3.2801,0.22,1.0865,16598.34
11378,-0.046,1,1,-4.3179,3.3042,0.23,0.0216,16598.36
11379,-5.8855,50,0,-4.3274,3.3073,0.23,1.0922,16599.45
11380,-5.089,50,0,-4.3134,3.3011,0.23,1.1094,16600.56
11381,-0.0411,1,1,-4.2806,3.327,0.24,0.0256,16600.59
11382,-4.6913,50,0,-4.2956,3.3254,0.24,1.0792,16601.67
11383,-4.8881,50,0,-4.344,3.2983,0.23,1.1011,16602.77
11384,-4.833,50,0,-4.3562,3.2978,0.23,1.1073,16603.88
11385,-3.3606,50,0,-4.3893,3.271,0.22,1.1237,16605.0
11386,-6.2616,50,0,-4.4015,3.2756,0.22,1.1013,16606.1
11387,-7.8385,50,0,-4.3972,3.2708,0.22,1.1424,16607.24
11388,-3.3066,50,0,-4.3848,3.2726,0.22,1.1002,16608.34
11389,-5.7838,50,0,-4.3686,3.2615,0.22,1.25,16609.59
11390,-6.2856,50,0,-4.3901,3.267,0.22,1.3404,16610.93
11391,-0.0255,1,1,-4.3396,3.2949,0.23,0.0252,16610.96
11392,-0.0209,1,1,-4.3026,3.3224,0.24,0.0234,16610.98
11393,-7.5966,50,0,-4.308,3.3273,0.24,1.1427,16612.12
11394,-5.3254,50,0,-4.3141,3.3286,0.24,1.3308,16613.46
11395,-6.1397,50,0,-4.3035,3.3211,0.24,1.4999,16614.96
11396,-0.0404,1,1,-4.2611,3.3481,0.25,0.0286,16614.98
11397,-4.609,50,0,-4.2181,3.3156,0.25,1.4828,16616.47
11398,-4.9858,50,0,-4.2025,3.3082,0.25,1.5243,16617.99
11399,-2.6901,50,0,-4.1668,3.3051,0.25,1.4737,16619.47
11400,-0.0389,1,1,-4.1404,3.3273,0.25,0.0385,16619.5
11401,-0.5584,10,1,-4.094,3.3446,0.26,0.4245,16619.93
11402,-0.0455,1,1,-4.094,3.3446,0.26,0.0398,16619.97
11403,-3.5335,50,0,-4.0845,3.3448,0.26,1.8633,16621.83
11404,-3.2616,44,1,-4.1168,3.321,0.26,1.7474,16623.58
11405,-7.4446,50,0,-4.1079,3.3109,0.26,1.9407,16625.52
11406,-6.3435,50,0,-4.171,3.2928,0.25,1.8601,16627.38
11407,-5.0698,50,0,-4.1685,3.292,0.25,1.8425,16629.22
11408,-4.5775,50,0,-4.2138,3.2661,0.24,1.8426,16631.06
11409,-3.9567,50,0,-4.1935,3.2613,0.24,1.8806,16632.95
11410,-2.6448,50,0,-4.2195,3.2384,0.23,1.6771,16634.62
11411,-0.03,1,1,-4.2194,3.2384,0.23,0.0281,16634.65
11412,-8.4107,50,0,-4.2309,3.2512,0.23,1.3802,16636.03
11413,-4.8737,50,0,-4.2506,3.249,0.23,1.3381,16637.37
11414,-7.546,50,0,-4.2648,3.2603,0.23,1.3729,16638.74
11415,-3.3778,50,0,-4.2292,3.2503,0.23,1.2609,16640.0
11416,-8.0743,50,0,-4.2501,3.2682,0.23,1.2534,16641.26
11417,-3.6996,50,0,-4.2564,3.2666,0.23,1.3844,16642.64
11418,-0.0152,1,1,-4.256,3.267,0.23,0.0289,16642.67
11419,-8.098,50,0,-4.285,3.288,0.23,1.4385,16644.11
11420,-0.04,1,1,-4.237,3.3145,0.24,0.0307,16644.14
11421,-6.3069,50,0,-4.2454,3.3187,0.24,1.4009,16645.54
11422,-6.6823,50,0,-4.2612,3.3265,0.24,1.1815,16646.72
11423,-5.3475,50,0,-4.3146,3.3005,0.23,1.1564,16647.88
11424,-7.0217,50,0,-4.3392,3.3114,0.23,1.4667,16649.34
11425,-0.0408,1,1,-4.3066,3.3374,0.24,0.0396,16649.38
11426,-3.6486,50,0,-4.2794,3.3316,0.24,1.4809,16650.86
11427,-0.0407,1,1,-4.2313,3.3576,0.25,0.0401,16650.9
11428,-3.378,50,0,-4.2128,3.3572,0.25,1.6418,16652.55
11429,-5.4294,50,0,-4.217,3.3584,0.25,1.5052,16654.05
11430,-5.1279,50,0,-4.2679,3.3332,0.24,1.717,16655.77
11431,-6.4233,50,0,-4.289,3.3401,0.24,1.4402,16657.21
11432,-4.7488,50,0,-4.2872,3.3398,0.24,1.3007,16658.51
11433,-4.2961,50,0,-4.3298,3.3124,0.23,1.2207,16659.73
11434,-5.1881,50,0,-4.2968,3.2872,0.23,1.1975,16660.93
11435,-2.5833,50,0,-4.2301,3.2533,0.23,1.1701,16662.1
11436,-5.8193,50,0,-4.2383,3.2563,0.23,1.1616,16663.26
11437,-2.6674,50,0,-4.2038,3.2545,0.23,1.4327,16664.69
11438,-7.5442,50,0,-4.2763,3.2474,0.22,1.349,16666.04
11439,-4.2947,50,0,-4.0638,2.445,0.22,1.1187,16667.16
11440,-7.7681,50,0,-4.1002,2.4726,0.22,1.1506,16668.31
11441,-4.0881,50,0,-4.1408,2.4386,0.21,1.2572,16669.57
11442,-3.7947,50,0,-4.1299,2.4376,0.21,1.4201,16670.99
11443,-6.2921,50,0,-4.1926,2.4117,0.2,1.2099,16672.2
11444,-3.7029,50,0,-4.199,2.4095,0.2,1.292,16673.49
11445,-2.8594,50,0,-4.1646,2.4039,0.2,1.6561,16675.15
11446,-0.0351,1,1,-4.119,2.4383,0.21,0.0304,16675.18
11447,-0.0472,1,1,-4.1193,2.4377,0.21,0.0315,16675.21
11448,-3.1717,50,0,-4.138,2.4232,0.2,1.843,16677.05
11449,-7.2206,50,0,-4.1758,2.4414,0.2,1.6633,16678.71
11450,-8.6532,50,0,-4.2212,2.4817,0.2,1.2954,16680.01
11451,-5.2566,50,0,-4.2158,2.4789,0.2,1.2543,16681.26
11452,-6.7643,50,0,-4.283,2.4559,0.19,1.2787,16682.54
11453,-3.2377,50,0,-4.2408,2.4372,0.19,1.2532,16683.8
11454,-0.0164,1,1,-4.1928,2.4724,0.2,0.0206,16683.82
11455,-0.0357,1,1,-4.1311,2.4982,0.21,0.0233,16683.84
11456,-5.9871,50,0,-4.1906,2.4707,0.2,1.1874,16685.03
11457,-4.4564,50,0,-4.1967,2.4706,0.2,1.2498,16686.28
11458,-0.0289,1,1,-4.1471,2.5037,0.21,0.0232,16686.3
11459,-0.042,1,1,-4.1166,2.5348,0.22,0.0202,16686.32
11460,-7.373,50,0,-4.19,2.5218,0.21,1.1608,16687.48
11461,-5.5293,50,0,-4.1967,2.5244,0.21,1.1247,16688.61
11462,-0.0486,1,1,-4.144,2.5552,0.22,0.0201,16688.63
11463,-0.77,13,1,-4.1011,2.5755,0.23,0.2936,16688.92
11464,-0.0315,1,1,-4.0533,2.606,0.24,0.0215,16688.94
11465,-3.0821,31,1,-4.0839,2.5763,0.24,0.7442,16689.68
11466,-5.3198,50,0,-4.0532,2.5429,0.24,1.3519,16691.04
11467,-5.8817,50,0,-4.0793,2.5481,0.24,1.2721,16692.31
11468,-9.1684,50,0,-4.134,2.5976,0.24,1.3717,16693.68
11469,-2.8179,50,0,-4.1348,2.5972,0.24,2.4238,16696.1
11470,-2.9867,50,0,-4.1252,2.5996,0.24,1.3119,16697.42
11471,-6.5524,50,0,-4.1233,2.5978,0.24,1.2185,16698.63
11472,-0.0208,1,1,-4.0756,2.6287,0.25,0.0287,16698.66
11473,-0.0268,1,1,-4.0299,2.6588,0.26,0.0344,16698.7
11474,-6.3699,50,0,-4.0578,2.6686,0.26,1.4329,16700.13
11475,-0.0407,1,1,-3.9944,2.6879,0.27,0.0248,16700.16
11476,-6.9652,50,0,-3.9982,2.6918,0.27,1.347,16701.5
11477,-11.9591,50,0,-4.0637,2.8028,0.27,1.5598,16703.06
11478,-0.0376,1,1,-4.0637,2.8029,0.27,0.034,16703.1
11479,-9.4978,50,0,-4.0998,2.849,0.27,1.3739,16704.47
11480,-4.9115,50,0,-4.098,2.8485,0.27,1.1812,16705.65
11481,-0.0497,1,1,-4.0981,2.8484,0.27,0.0267,16705.68
11482,-5.5049,50,0,-4.1062,2.8512,0.27,1.2065,16706.88
11483,-4.6744,50,0,-4.1041,2.8507,0.27,1.2916,16708.18
11484,-4.3524,50,0,-4.0993,2.8499,0.27,1.2458,16709.42
11485,-4.3243,50,0,-4.1089,2.849,0.27,1.2735,16710.7
11486,-17.0346,50,0,-4.2167,3.1192,0.27,1.2796,16711.98
11487,-0.0467,1,1,-4.1387,3.1251,0.28,0.0245,16712.0
11488,-2.8374,50,0,-4.134,3.1267,0.28,1.2562,16713.26
11489,-7.9929,50,0,-4.1561,3.146,0.28,1.229,16714.48
11490,-4.8548,50,0,-4.1418,3.1395,0.28,1.2064,16715.69
11491,-0.0488,1,1,-4.1421,3.1392,0.28,0.028,16715.72
11492,-6.1328,50,0,-4.2032,3.1178,0.27,1.3642,16717.08
11493,-0.0473,1,1,-4.1277,3.1261,0.28,0.0295,16717.11
11494,-2.7967,50,0,-4.1024,3.1266,0.28,1.2398,16718.35
11495,-3.6545,50,0,-4.0776,3.1201,0.28,1.3669,16719.72
11496,-9.7198,50,0,-4.1743,3.1434,0.27,1.3673,16721.09
11497,-8.874,50,0,-4.217,3.1778,0.27,1.3213,16722.41
11498,-4.5782,50,0,-4.2129,3.1771,0.27,1.3077,16723.72
11499,-4.1779,50,0,-4.2278,3.1734,0.27,1.2226,16724.94
11500,-6.0357,50,0,-4.2878,3.1502,0.26,1.3546,16726.29
11501,-0.025,1,1,-4.2824,3.157,0.26,0.0341,16726.33
11502,-3.3498,50,0,-4.3155,3.1296,0.25,1.3751,16727.7
11503,-8.2262,50,0,-4.3624,3.1527,0.25,1.3041,16729.01
11504,-0.0466,1,1,-4.3303,3.18,0.25,0.0264,16729.03
11505,-5.0434,50,0,-4.3062,3.1654,0.25,1.2578,16730.29
11506,-4.0323,50,0,-4.2831,3.1589,0.25,1.2485,16731.54
11507,-8.1825,50,0,-4.3143,3.1818,0.25,1.4529,16732.99
11508,-6.026,50,0,-4.3287,3.1862,0.25,1.5243,16734.52
11509,-4.2058,50,0,-4.3312,3.186,0.25,1.1757,16735.69
11510,-6.2068,50,0,-4.3669,3.1869,0.25,1.3348,16737.03
11511,-5.1818,50,0,-4.4184,3.1579,0.24,1.2264,16738.25
11512,-8.5132,50,0,-4.4194,3.1592,0.24,1.1624,16739.42
11513,-5.1235,50,0,-4.4219,3.1596,0.24,1.1997,16740.62
11514,-7.7158,50,0,-4.4236,3.1614,0.24,1.172,16741.79
11515,-5.2752,50,0,-4.4426,3.1607,0.24,1.5595,16743.35
11516,-4.7179,50,0,-4.409,3.1397,0.24,1.2162,16744.56
11517,-4.1362,50,0,-4.4134,3.139,0.24,1.3547,16745.92
11518,-2.9356,50,0,-4.4426,3.1114,0.23,1.4577,16747.38
11519,-9.4552,50,0,-4.4561,3.1303,0.23,1.441,16748.82
11520,-0.0389,1,1,-4.4561,3.1303,0.23,0.0288,16748.84
11521,-10.3866,50,0,-4.4969,3.1803,0.23,1.2461,16750.09
11522,-7.4572,50,0,-4.5047,3.1866,0.23,1.2486,16751.34
11523,-6.606,50,0,-4.5173,3.1924,0.23,1.3059,16752.65
11524,-4.5276,50,0,-4.4923,3.1824,0.23,1.1696,16753.82
11525,-7.2876,50,0,-4.5648,3.1627,0.22,1.0989,16754.91
11526,-6.8549,50,0,-4.5969,3.1695,0.22,1.13,16756.04
11527,-0.0356,1,1,-4.5968,3.1695,0.22,0.0252,16756.07
11528,-0.0193,1,1,-4.5632,3.1999,0.23,0.0209,16756.09
11529,-8.9379,50,0,-4.5983,3.2283,0.23,1.1124,16757.2
11530,-6.4388,50,0,-4.6114,3.2331,0.23,1.1301,16758.33
11531,-7.6907,50,0,-4.6241,3.2427,0.23,1.1279,16759.46
11532,-3.3173,50,0,-4.6098,3.2452,0.23,1.1379,16760.6
11533,-0.0474,1,1,-4.5673,3.2767,0.24,0.027,16760.63
11534,-9.5722,50,0,-4.6111,3.3139,0.24,1.132,16761.76
11535,-3.4137,50,0,-4.6194,3.3098,0.24,1.1656,16762.92
11536,-0.0268,1,1,-4.5615,3.3389,0.25,0.0215,16762.94
11537,-3.9373,50,0,-4.5742,3.3341,0.25,1.23,16764.17
11538,-4.6663,50,0,-4.5454,3.3207,0.25,1.2971,16765.47
11539,-0.0317,1,1,-4.5028,3.3509,0.26,0.0208,16765.49
11540,-2.6451,50,0,-4.4516,3.3397,0.26,1.1805,16766.67
11541,-0.0386,1,1,-4.4111,3.3683,0.27,0.0267,16766.7
11542,-3.0712,50,0,-4.4038,3.3704,0.27,1.1515,16767.85
11543,-4.5005,50,0,-4.3859,3.365,0.27,1.1365,16768.99
11544,-4.9782,50,0,-4.3987,3.3648,0.27,1.1276,16770.12
11545,-7.4925,50,0,-4.445,3.3752,0.27,1.1305,16771.25
11546,-2.518,50,0,-4.4698,3.3517,0.26,1.1472,16772.39
11547,-3.1276,32,1,-4.5006,3.325,0.26,0.7279,16773.12
11548,-3.5562,50,0,-4.5045,3.3237,0.26,1.15,16774.27
11549,-4.2791,50,0,-4.4751,3.3125,0.26,1.0942,16775.37
11550,-0.0394,1,1,-4.3889,3.3147,0.27,0.0253,16775.39
11551,-0.0029,1,1,-4.3364,3.3421,0.28,0.0237,16775.41
11552,-5.6834,50,0,-4.3256,3.336,0.28,1.1331,16776.55
11553,-0.8707,11,1,-4.3019,3.352,0.29,0.2416,16776.79
11554,-0.0385,1,1,-4.3021,3.3517,0.29,0.0228,16776.81
11555,-9.6989,50,0,-4.3988,3.3665,0.28,1.1458,16777.96
11556,-5.5349,50,0,-4.3942,3.3647,0.28,1.1057,16779.06
11557,-11.3021,50,0,-4.4627,3.4342,0.28,1.333,16780.4
11558,-3.9396,50,0,-4.5018,3.4056,0.27,1.3357,16781.73
11559,-9.2141,50,0,-4.5935,3.4078,0.26,1.2728,16783.0
11560,-11.2659,50,0,-4.6325,3.4611,0.26,1.2092,16784.21
11561,-3.5642,50,0,-4.6128,3.4616,0.26,1.2136,16785.43
11562,-5.7277,50,0,-4.6696,3.4327,0.25,1.2621,16786.69
11563,-5.4785,50,0,-4.7167,3.4111,0.24,1.3026,16787.99
11564,-0.0417,1,1,-4.7168,3.411,0.24,0.0271,16788.02
11565,-0.023,1,1,-4.6862,3.4391,0.24,0.0273,16788.05
11566,-3.933,50,0,-4.6723,3.4393,0.24,1.3464,16789.39
11567,-5.0337,50,0,-4.6638,3.4374,0.24,1.4194,16790.81
11568,-4.6609,50,0,-4.6188,3.4074,0.24,1.349,16792.16
11569,-8.967,50,0,-4.6803,3.4298,0.24,1.4086,16793.57
11570,-3.997,50,0,-4.6904,3.4263,0.24,1.4305,16795.0
11571,-0.0404,1,1,-4.6252,3.452,0.25,0.0279,16795.03
11572,-6.4901,50,0,-4.6899,3.4257,0.24,1.3878,16796.42
11573,-0.0482,1,1,-4.6901,3.4254,0.24,0.0344,16796.45
11574,-0.0396,1,1,-4.6268,3.4521,0.25,0.025,16796.48
11575,-0.0389,1,1,-4.6268,3.4521,0.25,0.0289,16796.5
11576,-7.9461,50,0,-4.6366,3.4602,0.25,1.2378,16797.74
11577,-4.8142,50,0,-4.5652,3.3811,0.25,1.2664,16799.01
11578,-4.4723,50,0,-4.6095,3.3504,0.24,1.1823,16800.19
11579,-5.5718,50,0,-4.5703,3.3157,0.24,1.1025,16801.29
11580,-5.6902,50,0,-4.5781,3.3174,0.24,1.1077,16802.4
11581,-7.6188,50,0,-4.6538,3.2995,0.23,1.1782,16803.58
11582,-6.4771,50,0,-4.6635,3.3034,0.23,1.1041,16804.68
11583,-0.0388,1,1,-4.6171,3.3353,0.24,0.0203,16804.7
11584,-4.422,50,0,-4.6178,3.3353,0.24,1.1051,16805.81
11585,-7.634,50,0,-4.6509,3.3486,0.24,1.1251,16806.93
11586,-3.505,50,0,-4.5156,3.1103,0.24,1.0936,16808.03
11587,-4.8826,50,0,-4.564,3.0779,0.23,1.1032,16809.13
11588,-5.2315,50,0,-4.5879,3.0737,0.23,1.1276,16810.26
11589,-5.1117,50,0,-4.5591,3.0551,0.23,1.1428,16811.4
11590,-4.1951,50,0,-4.5525,3.0552,0.23,1.0963,16812.5
11591,-3.5032,50,0,-4.5871,3.0234,0.22,1.1311,16813.63
11592,-10.3055,50,0,-4.6288,3.0728,0.22,1.1276,16814.76
11593,-7.1087,50,0,-4.6994,3.0478,0.21,1.1192,16815.88
11594,-5.3826,50,0,-4.7253,3.0425,0.21,1.1221,16817.0
11595,-7.6525,50,0,-4.7652,3.0544,0.21,1.1086,16818.11
11596,-0.6626,9,1,-4.6747,3.0404,0.22,0.1986,16818.3
11597,-0.0461,1,1,-4.5864,3.0453,0.23,0.0265,16818.33
11598,-7.2209,50,0,-4.6128,3.0566,0.23,1.1207,16819.45
11599,-6.2494,50,0,-4.6335,3.0606,0.23,1.11,16820.56
11600,-4.3838,50,0,-4.617,3.0574,0.23,1.1014,16821.66
11601,-4.5984,50,0,-4.6627,3.0224,0.22,1.1766,16822.84
11602,-4.2365,50,0,-4.6716,3.0199,0.22,1.1371,16823.98
11603,-6.084,50,0,-4.6502,3.0021,0.22,1.1414,16825.12
11604,-3.4057,50,0,-4.6838,2.969,0.21,1.2902,16826.41
11605,-7.5755,50,0,-4.7091,2.9827,0.21,1.4019,16827.81
11606,-3.0666,50,0,-4.6994,2.9865,0.21,1.4938,16829.3
11607,-6.2973,50,0,-4.6806,2.9703,0.21,1.3908,16830.69
11608,-1.744,20,1,-4.6378,2.9815,0.22,0.5667,16831.26
11609,-3.8756,50,0,-4.6345,2.9821,0.22,1.1729,16832.43
11610,-4.9435,50,0,-4.6218,2.9781,0.22,1.1123,16833.55
11611,-0.029,1,1,-4.5703,3.0124,0.23,0.0228,16833.57
11612,-3.2931,50,0,-4.5181,2.9887,0.23,1.1266,16834.7
11613,-0.0471,1,1,-4.4673,3.021,0.24,0.0244,16834.72
11614,-4.3754,50,0,-4.4339,3.0033,0.24,1.2973,16836.02
11615,-5.2795,50,0,-4.434,3.0033,0.24,1.2574,16837.28
11616,-0.0103,1,1,-4.3869,3.0352,0.25,0.025,16837.3
11617,-7.2699,50,0,-4.4182,3.0486,0.25,1.4061,16838.71
11618,-5.1533,50,0,-4.4404,3.0458,0.25,1.6758,16840.38
11619,-0.0415,1,1,-4.3463,3.0348,0.26,0.0322,16840.41
11620,-0.0223,1,1,-4.3461,3.035,0.26,0.0326,16840.45
11621,-0.0329,1,1,-4.2426,3.0036,0.27,0.0391,16840.49
11622,-3.3071,50,0,-4.2011,2.9876,0.27,1.6473,16842.13
11623,-7.5163,50,0,-4.2102,2.9963,0.27,1.9123,16844.05
11624,-7.8414,50,0,-4.2433,3.0178,0.27,1.8584,16845.9
11625,-5.5809,50,0,-4.2262,3.0054,0.27,1.842,16847.75
11626,-4.0346,50,0,-4.198,2.9938,0.27,1.9913,16849.74
11627,-3.2613,50,0,-4.2303,2.966,0.26,1.8426,16851.58
11628,-5.2708,50,0,-4.2828,2.9373,0.25,1.7704,16853.35
11629,-1.9675,24,1,-4.2131,2.9086,0.26,0.9106,16854.26
11630,-0.0038,1,1,-4.1488,2.9298,0.27,0.0388,16854.3
11631,-23.3693,50,0,-4.3055,3.4825,0.27,1.4894,16855.79
11632,-0.0199,1,1,-4.2726,3.5072,0.28,0.0233,16855.81
11633,-8.1654,50,0,-4.3538,3.5024,0.27,1.2592,16857.07
11634,-4.3853,50,0,-4.3019,3.4629,0.27,1.3301,16858.4
11635,-23.3648,50,0,-4.5014,3.9469,0.27,1.2782,16859.68
11636,-6.5573,50,0,-4.5667,3.9263,0.26,1.1911,16860.87
11637,-5.0558,50,0,-4.5779,3.9261,0.26,1.1324,16862.0
11638,-3.5375,50,0,-4.5666,3.9275,0.26,1.1201,16863.12
11639,-0.0498,1,1,-4.5668,3.9272,0.26,0.0299,16863.15
11640,-10.3217,50,0,-4.6435,3.9638,0.26,1.2921,16864.45
11641,-7.5028,50,0,-4.7182,3.9466,0.25,1.2779,16865.72
11642,-0.039,1,1,-4.6879,3.9707,0.26,0.0263,16865.75
11643,-0.0258,1,1,-4.6431,3.9977,0.27,0.0238,16865.77
11644,-5.8004,50,0,-4.6513,3.9992,0.27,1.3622,16867.14
11645,-9.455,50,0,-4.671,4.0179,0.27,1.2858,16868.42
11646,-4.6099,50,0,-4.6919,4.0121,0.27,1.3368,16869.76
11647,-5.7292,50,0,-4.7179,4.0103,0.26,1.3103,16871.07
11648,-5.9869,50,0,-4.7422,4.0105,0.26,1.3002,16872.37
11649,-4.5471,50,0,-4.7449,4.0103,0.26,1.3197,16873.69
11650,-6.3392,50,0,-4.8079,3.9853,0.25,1.1468,16874.84
11651,-0.039,1,1,-4.8082,3.9849,0.25,0.0233,16874.86
11652,-0.017,1,1,-4.7516,4.0122,0.26,0.0216,16874.88
11653,-4.7421,50,0,-4.7903,3.9932,0.25,1.2164,16876.1
11654,-8.0895,50,0,-4.8708,3.9777,0.24,1.1516,16877.25
11655,-8.2812,50,0,-4.8566,3.963,0.24,1.3202,16878.57
11656,-6.3608,50,0,-4.8649,3.9653,0.24,1.3638,16879.93
11657,-6.5472,50,0,-4.8173,3.916,0.24,1.2196,16881.15
11658,-0.0348,1,1,-4.7783,3.9439,0.25,0.0224,16881.17
11659,-4.2826,50,0,-4.729,3.9189,0.25,1.4106,16882.58
11660,-0.0372,1,1,-4.6167,3.8907,0.26,0.038,16882.62
11661,-8.6865,50,0,-4.6679,3.9102,0.26,1.4245,16884.05
11662,-0.0184,1,1,-4.6108,3.9359,0.27,0.0284,16884.08
11663,-4.2693,50,0,-4.5987,3.9351,0.27,1.3162,16885.39
11664,-0.0423,1,1,-4.5987,3.9351,0.27,0.0245,16885.42
11665,-2.9477,50,0,-4.628,3.9118,0.26,1.1501,16886.57
11666,-7.2334,50,0,-4.661,3.9197,0.26,1.1049,16887.67
11667,-0.4096,7,1,-4.6147,3.9422,0.27,0.1555,16887.83
11668,-23.8052,50,0,-4.8062,4.3803,0.27,1.1038,16888.93
11669,-7.2288,50,0,-4.7888,4.3672,0.27,1.1247,16890.06
11670,-7.2838,50,0,-4.8217,4.3735,0.27,1.1292,16891.18
11671,-28.9364,50,0,-5.1106,4.9629,0.26,1.0975,16892.28
11672,-4.7479,50,0,-5.0932,4.9611,0.26,1.1107,16893.39
11673,-15.8864,50,0,-5.2516,5.0495,0.25,1.1586,16894.55
11674,-0.0249,1,1,-5.2514,5.0497,0.25,0.0248,16894.58
11675,-7.6526,50,0,-5.3276,5.0279,0.24,1.1058,16895.68
11676,-7.8279,50,0,-5.3264,5.0273,0.24,1.1346,16896.82
11677,-4.0922,50,0,-5.3192,5.0285,0.24,1.1232,16897.94
11678,-4.3051,50,0,-5.3175,5.0288,0.24,1.2056,16899.15
11679,-4.8435,50,0,-5.3102,5.029,0.24,1.1549,16900.3
11680,-8.9236,50,0,-5.3426,5.0417,0.24,1.2838,16901.58
11681,-3.5192,50,0,-5.3016,5.0397,0.24,1.2142,16902.8
11682,-6.6611,50,0,-5.3034,5.0402,0.24,1.2141,16904.01
11683,-4.273,50,0,-5.3457,5.0135,0.23,1.2655,16905.28
11684,-5.2557,50,0,-5.3541,5.0126,0.23,1.1265,16906.4
11685,-3.5983,50,0,-5.3137,5.0103,0.23,1.162,16907.57
11686,-6.163,50,0,-5.3403,5.0077,0.23,1.1524,16908.72
11687,-3.5762,50,0,-5.3272,5.0106,0.23,1.1543,16909.87
11688,-4.9262,50,0,-5.3242,5.0108,0.23,1.1588,16911.03
11689,-9.3503,50,0,-5.3666,5.0267,0.23,1.2055,16912.24
11690,-5.0404,50,0,-5.375,5.0254,0.23,1.3709,16913.61
11691,-5.8914,50,0,-5.3989,5.0221,0.23,1.4986,16915.11
11692,-0.0463,1,1,-5.2963,5.0256,0.24,0.0276,16915.13
11693,-7.5689,50,0,-5.3009,5.0275,0.24,1.2547,16916.39
11694,-6.7724,50,0,-5.3148,5.0296,0.24,1.1807,16917.57
11695,-7.0113,50,0,-5.3084,5.0271,0.24,1.3776,16918.95
11696,-0.0044,1,1,-5.3018,5.0336,0.24,0.0236,16918.97
11697,-0.0381,1,1,-5.3017,5.0336,0.24,0.0308,16919.0
11698,-0.0226,1,1,-5.2298,5.0571,0.25,0.0287,16919.03
11699,-5.6003,50,0,-5.2233,5.0562,0.25,1.5157,16920.55
11700,-3.3381,50,0,-5.2128,5.059,0.25,1.5195,16922.07
11701,-2.7761,50,0,-5.1946,5.0645,0.25,1.4887,16923.55
11702,-9.7225,50,0,-5.2494,5.0835,0.25,1.4471,16925.0
11703,-0.0382,1,1,-5.189,5.1091,0.26,0.03,16925.03
11704,-0.0138,1,1,-5.1551,5.132,0.27,0.0294,16925.06
11705,-4.1921,50,0,-5.1212,5.1271,0.27,1.4569,16926.52
11706,-2.7053,50,0,-5.1176,5.1287,0.27,1.4778,16928.0
11707,-0.0358,1,1,-5.055,5.152,0.28,0.0259,16928.02
11708,-2.9126,50,0,-5.0667,5.1458,0.27,1.479,16929.5
11709,-7.1154,50,0,-5.0991,5.1484,0.27,1.4776,16930.98
11710,-7.9208,50,0,-5.1289,5.1561,0.27,1.4048,16932.38
11711,-8.0602,50,0,-5.2092,5.1385,0.26,1.3574,16933.74
11712,-0.0489,1,1,-5.1767,5.1607,0.27,0.0247,16933.77
11713,-6.3626,50,0,-5.2399,5.1361,0.26,1.3845,16935.15
11714,-7.6502,50,0,-5.2726,5.141,0.26,1.4162,16936.57
11715,-0.0325,1,1,-5.2202,5.1673,0.27,0.0327,16936.6
11716,-5.5984,50,0,-5.276,5.1408,0.26,1.4991,16938.1
11717,-7.1929,50,0,-5.2753,5.1405,0.26,1.4312,16939.53
11718,-3.6142,50,0,-5.2599,5.1432,0.26,1.3979,16940.93
11719,-0.0489,1,1,-5.26,5.1431,0.26,0.0275,16940.95
11720,-4.502,50,0,-5.3048,5.1167,0.25,1.4564,16942.41
11721,-5.2057,50,0,-5.3565,5.0892,0.24,1.4307,16943.84
11722,-7.2325,50,0,-5.3957,5.0884,0.24,1.4349,16945.28
11723,-6.292,50,0,-5.3835,5.0848,0.24,1.3097,16946.59
11724,-4.7589,50,0,-5.3527,5.0791,0.24,1.2837,16947.87
11725,-3.447,50,0,-5.3313,5.0826,0.24,1.3965,16949.27
11726,-0.0274,1,1,-5.2913,5.1084,0.25,0.0324,16949.3
11727,-4.9022,50,0,-5.3077,5.1045,0.25,1.4193,16950.72
11728,-5.0225,50,0,-5.3052,5.1046,0.25,1.3454,16952.06
11729,-0.0393,1,1,-5.2859,5.1208,0.25,0.0285,16952.09
11730,-0.0468,1,1,-5.2863,5.1203,0.25,0.0235,16952.12
11731,-6.3894,50,0,-5.1165,4.7886,0.25,2.6243,16954.74
11732,-6.7368,50,0,-5.1837,4.7637,0.24,1.4254,16956.17
11733,-1.2286,23,1,-5.1143,4.7703,0.25,0.6195,16956.78
11734,-8.1672,50,0,-5.1522,4.7793,0.25,1.4965,16958.28
11735,-3.3267,50,0,-4.9518,4.418,0.25,1.329,16959.61
11736,-0.0493,1,1,-4.8867,4.4417,0.26,0.0272,16959.64
11737,-3.9358,50,0,-4.8755,4.4427,0.26,1.3364,16960.97
11738,-6.366,50,0,-4.9038,4.4431,0.26,1.3101,16962.28
11739,-4.1583,50,0,-4.9449,4.4169,0.25,1.3791,16963.66
11740,-4.7591,50,0,-4.8892,4.3837,0.25,1.3962,16965.06
11741,-13.1971,50,0,-4.9462,4.4537,0.25,1.2815,16966.34
11742,-4.1494,50,0,-4.9873,4.4272,0.24,1.4409,16967.78
11743,-3.2694,50,0,-5.0197,4.4025,0.23,1.4127,16969.19
11744,-4.6686,50,0,-5.0084,4.4019,0.23,1.4294,16970.62
11745,-5.2036,50,0,-4.9659,4.3793,0.23,1.4217,16972.05
11746,-6.1201,50,0,-4.981,4.3806,0.23,1.4396,16973.48
11747,-0.3022,6,1,-4.9267,4.4046,0.24,0.1748,16973.66
11748,-7.758,50,0,-4.9444,4.4123,0.24,1.3718,16975.03
11749,-0.0213,1,1,-4.8992,4.4393,0.25,0.0295,16975.06
11750,-4.5387,50,0,-4.8812,4.4371,0.25,1.2861,16976.35
11751,-3.2661,41,1,-4.9134,4.4134,0.25,1.0545,16977.4
11752,-0.0329,1,1,-4.9136,4.4132,0.25,0.0231,16977.42
11753,-5.2553,50,0,-4.9187,4.4133,0.25,1.2816,16978.71
11754,-3.2464,50,0,-4.8703,4.4048,0.25,1.2857,16979.99
11755,-3.9435,50,0,-4.8269,4.3924,0.25,1.3901,16981.38
11756,-5.6362,50,0,-4.8197,4.3904,0.25,1.4417,16982.82
11757,-6.7175,50,0,-4.8214,4.3911,0.25,1.4668,16984.29
11758,-6.7159,50,0,-4.8882,4.3686,0.24,1.4494,16985.74
11759,-12.3725,50,0,-4.9691,4.4311,0.24,1.479,16987.22
11760,-0.7049,13,1,-4.9758,4.4241,0.24,0.3745,16987.59
11761,-6.3344,50,0,-4.9522,4.4106,0.24,1.4888,16989.08
11762,-0.029,1,1,-4.9524,4.4105,0.24,0.0336,16989.12
11763,-6.2074,50,0,-4.9717,4.4117,0.24,1.5054,16990.62
11764,-5.0632,50,0,-5.0219,4.3838,0.23,1.4337,16992.05
11765,-0.0485,1,1,-4.993,4.4069,0.24,0.0339,16992.09
11766,-3.0687,50,0,-4.9513,4.4052,0.24,1.3445,16993.43
11767,-6.9398,50,0,-5.0166,4.3858,0.23,1.2928,16994.73
11768,-5.6582,50,0,-4.8351,3.9593,0.23,1.2758,16996.0
11769,-6.8878,50,0,-4.8317,3.9574,0.23,1.3573,16997.36
11770,-4.4745,50,0,-4.8036,3.9498,0.23,1.2457,16998.61
11771,-8.4326,50,0,-4.5986,3.1412,0.23,1.313,16999.92
11772,-0.0407,1,1,-4.5515,3.1737,0.24,0.0267,16999.94
11773,-5.7678,50,0,-4.4503,2.9651,0.24,1.4014,17001.35
11774,-3.2096,50,0,-4.4822,2.9344,0.23,1.4614,17002.81
11775,-2.5599,50,0,-4.4313,2.9231,0.23,1.4626,17004.27
11776,-3.0825,50,0,-4.3838,2.906,0.23,1.3859,17005.66
11777,-2.8002,29,1,-4.3709,2.9102,0.24,0.8136,17006.47
11778,-0.0298,1,1,-4.3281,2.942,0.25,0.0335,17006.5
11779,-6.0784,50,0,-4.3405,2.9468,0.25,1.3756,17007.88
11780,-5.1572,50,0,-4.3028,2.9118,0.25,1.3157,17009.19
11781,-3.4044,50,0,-4.3017,2.9121,0.25,1.4929,17010.69
11782,-2.7986,50,0,-4.263,2.9062,0.25,1.4558,17012.14
11783,-2.8524,50,0,-4.2488,2.9096,0.25,1.4588,17013.6
11784,-6.2557,50,0,-4.2588,2.9147,0.25,1.4178,17015.02
11785,-5.1308,50,0,-4.2742,2.9153,0.25,1.4447,17016.46
11786,-0.0206,1,1,-4.2127,2.9394,0.26,0.0301,17016.49
11787,-0.0126,1,1,-4.1771,2.9684,0.27,0.0242,17016.52
11788,-7.4835,50,0,-4.2027,2.9857,0.27,1.4362,17017.95
11789,-8.74,50,0,-4.1966,2.9758,0.27,1.4057,17019.36
11790,-7.552,50,0,-4.2217,2.9933,0.27,1.3173,17020.68
11791,-4.4611,50,0,-4.2074,2.9887,0.27,1.3877,17022.07
11792,-3.2779,50,0,-4.2397,2.9609,0.26,1.4041,17023.47
11793,-10.2945,50,0,-4.267,3.0037,0.26,1.447,17024.92
11794,-5.9821,50,0,-4.2591,2.9981,0.26,1.4116,17026.33
11795,-3.3596,50,0,-4.2225,2.9866,0.26,1.4272,17027.76
11796,-2.8734,50,0,-4.2512,2.9596,0.25,1.4346,17029.19
11797,-4.0756,50,0,-4.2916,2.9292,0.24,1.4646,17030.65
11798,-0.0392,1,1,-4.2918,2.929,0.24,0.0291,17030.68
11799,-3.1374,50,0,-4.2671,2.9282,0.24,1.4317,17032.12
11800,-3.2423,50,0,-4.2662,2.9285,0.24,1.4337,17033.55
11801,-7.3819,50,0,-4.3122,2.9409,0.24,1.408,17034.96
11802,-0.04,1,1,-4.2154,2.9205,0.25,0.0242,17034.98
11803,-0.0475,1,1,-4.2155,2.9204,0.25,0.0239,17035.01
11804,-5.152,50,0,-4.2669,2.8911,0.24,1.347,17036.35
11805,-4.4983,50,0,-4.27,2.8912,0.24,1.4325,17037.78
11806,-5.254,50,0,-4.2954,2.8885,0.24,1.3498,17039.13
11807,-5.8312,50,0,-4.3534,2.8604,0.23,1.3509,17040.49
11808,-5.2749,50,0,-4.377,2.8582,0.23,1.2466,17041.73
11809,-0.0399,1,1,-4.3063,2.877,0.24,0.0279,17041.76
11810,-0.0286,1,1,-4.2273,2.885,0.25,0.0363,17041.8
11811,-0.0254,1,1,-4.147,2.8891,0.26,0.0225,17041.82
11812,-0.0355,1,1,-4.1469,2.8893,0.26,0.0248,17041.84
11813,-4.2443,50,0,-4.1257,2.8807,0.26,1.2526,17043.1
11814,-5.4789,50,0,-4.104,2.8622,0.26,1.3089,17044.41
11815,-0.0264,1,1,-4.1039,2.8622,0.26,0.0245,17044.43
11816,-5.164,50,0,-4.0996,2.8603,0.26,1.2664,17045.7
11817,-0.0493,1,1,-4.0281,2.8713,0.27,0.0302,17045.73
11818,-4.112,46,1,-4.0331,2.871,0.28,1.168,17046.89
11819,-0.0484,1,1,-4.0331,2.8711,0.28,0.0216,17046.92
11820,-5.0587,50,0,-4.0387,2.8725,0.28,1.2826,17048.2
11821,-3.6203,50,0,-4.0228,2.8704,0.28,1.3056,17049.5
11822,-0.0453,1,1,-3.9509,2.8791,0.29,0.03,17049.53
11823,-4.5454,50,0,-3.9335,2.8701,0.29,1.2664,17050.8
11824,-5.0186,50,0,-3.9361,2.871,0.29,1.4192,17052.22
11825,-5.2812,50,0,-3.9544,2.8737,0.29,1.3692,17053.59
11826,-4.0732,50,0,-3.9949,2.8464,0.28,1.3227,17054.91
11827,-2.8072,50,0,-3.9739,2.8474,0.28,1.4098,17056.32
11828,-3.2329,50,0,-3.956,2.8464,0.28,1.3105,17057.63
11829,-3.8075,50,0,-3.9937,2.8191,0.27,1.3553,17058.99
11830,-4.955,50,0,-4.0428,2.7925,0.26,1.4302,17060.42
11831,-0.0354,1,1,-3.9792,2.8106,0.27,0.0261,17060.44
11832,-2.8668,50,0,-3.9405,2.799,0.27,1.6201,17062.06
11833,-0.0267,1,1,-3.9285,2.8132,0.27,0.0452,17062.11
11834,-2.9698,50,0,-3.8766,2.7822,0.27,1.4844,17063.59
11835,-4.165,50,0,-3.8849,2.7818,0.27,1.4569,17065.05
11836,-3.2016,50,0,-3.9165,2.7559,0.26,1.3537,17066.4
11837,-3.325,50,0,-3.9103,2.7566,0.26,1.3721,17067.78
11838,-3.4089,50,0,-3.8808,2.7459,0.26,1.5309,17069.31
11839,-0.0347,1,1,-3.8395,2.7723,0.27,0.0236,17069.33
11840,-3.3768,50,0,-3.8257,2.7711,0.27,1.4582,17070.79
11841,-5.386,50,0,-3.7476,2.6113,0.27,1.4078,17072.2
11842,-6.3582,50,0,-3.7697,2.6239,0.27,1.3578,17073.55
11843,-0.0205,1,1,-3.7372,2.6499,0.28,0.0279,17073.58
11844,-2.9082,50,0,-3.7196,2.6495,0.28,1.4034,17074.99
11845,-4.9503,50,0,-3.7171,2.6482,0.28,1.4048,17076.39
11846,-6.2929,50,0,-3.7188,2.6498,0.28,1.2592,17077.65
11847,-3.1483,50,0,-3.7473,2.6282,0.27,1.3397,17078.99
11848,-4.4152,50,0,-3.7138,2.598,0.27,1.2878,17080.28
11849,-2.8748,50,0,-3.7424,2.5729,0.26,1.3525,17081.63
11850,-4.4118,50,0,-3.7411,2.5725,0.26,1.3606,17082.99
11851,-3.1755,50,0,-3.7402,2.5727,0.25,1.3044,17084.29
11852,-5.6922,50,0,-3.7968,2.5527,0.24,1.3791,17085.67
11853,-3.3821,50,0,-3.7781,2.5488,0.24,1.4036,17087.08
11854,-0.0306,1,1,-3.7459,2.5754,0.25,0.0277,17087.1
11855,-4.6602,50,0,-3.7531,2.577,0.25,1.5465,17088.65
11856,-3.8527,50,0,-3.7352,2.57,0.25,1.4665,17090.12
11857,-3.9076,50,0,-3.7071,2.5526,0.25,1.3477,17091.47
11858,-3.4082,50,0,-3.6741,2.5347,0.25,1.4155,17092.88
11859,-6.1946,50,0,-3.6123,2.3933,0.25,1.459,17094.34
11860,-6.4687,50,0,-3.6699,2.392,0.24,1.4438,17095.78
11861,-0.0468,1,1,-3.607,2.4038,0.25,0.0313,17095.82
11862,-4.2223,50,0,-3.649,2.3774,0.24,1.4848,17097.3
11863,-3.2266,50,0,-3.6192,2.3638,0.24,1.4766,17098.78
11864,-0.0092,1,1,-3.5686,2.3863,0.25,0.0282,17098.8
11865,-3.4497,50,0,-3.6026,2.36,0.24,1.3879,17100.19
11866,-3.9017,50,0,-3.611,2.3596,0.24,1.3872,17101.58
11867,-0.0198,1,1,-3.5418,2.3624,0.25,0.0237,17101.6
11868,-0.0346,1,1,-3.4855,2.3782,0.26,0.0299,17101.63
11869,-5.1278,50,0,-3.4679,2.3594,0.26,1.4399,17103.07
11870,-0.0497,1,1,-3.4237,2.3815,0.27,0.0292,17103.1
11871,-6.2162,50,0,-3.4015,2.3448,0.27,1.4471,17104.55
11872,-4.8387,50,0,-3.4495,2.3246,0.26,1.4567,17106.01
11873,-6.9697,50,0,-3.4615,2.3396,0.26,1.4149,17107.42
11874,-3.7735,50,0,-3.4672,2.3396,0.26,1.4021,17108.82
11875,-4.7582,50,0,-3.4891,2.3413,0.26,1.4548,17110.28
11876,-3.0415,50,0,-3.4887,2.3414,0.26,1.3453,17111.62
11877,-3.5025,50,0,-3.4957,2.3404,0.25,1.6683,17113.29
11878,-4.0497,50,0,-3.5359,2.3149,0.24,1.4661,17114.76
11879,-0.0307,1,1,-3.4755,2.3267,0.25,0.0235,17114.78
11880,-0.0302,1,1,-3.4242,2.3454,0.26,0.0256,17114.81
11881,-0.041,1,1,-3.3906,2.3695,0.27,0.0306,17114.84
11882,-0.0469,1,1,-3.363,2.3921,0.28,0.0229,17114.86
11883,-0.0204,1,1,-3.3347,2.4146,0.29,0.0287,17114.89
11884,-0.0186,1,1,-3.2724,2.4189,0.3,0.0237,17114.91
11885,-4.9441,50,0,-3.2705,2.4175,0.3,1.3354,17116.25
11886,-4.9571,50,0,-3.3199,2.401,0.29,1.4958,17117.74
11887,-3.4056,50,0,-3.3538,2.3779,0.28,1.4469,17119.19
11888,-4.1299,50,0,-3.3202,2.3428,0.28,1.2045,17120.4
11889,-3.7911,50,0,-3.2708,2.2792,0.28,1.235,17121.63
11890,-0.041,1,1,-3.1956,2.2606,0.29,0.025,17121.66
11891,-5.1704,50,0,-3.2027,2.2656,0.29,1.3241,17122.98
11892,-4.0953,50,0,-3.2109,2.2674,0.29,1.3476,17124.33
11893,-3.1804,50,0,-3.1398,2.1527,0.29,1.3724,17125.7
11894,-4.8976,50,0,-3.1289,2.1411,0.29,1.259,17126.96
11895,-4.0008,50,0,-3.1353,2.1427,0.29,1.1495,17128.11
11896,-3.0409,50,0,-3.137,2.1426,0.29,1.1893,17129.3
11897,-4.4994,50,0,-3.1413,2.1448,0.29,1.157,17130.45
11898,-3.2298,50,0,-3.1732,2.1221,0.28,1.356,17131.81
11899,-5.5876,50,0,-3.1977,2.1356,0.28,1.4317,17133.24
11900,-4.9783,50,0,-3.215,2.1429,0.28,1.3591,17134.6
11901,-4.3826,50,0,-3.185,2.1051,0.28,1.2095,17135.81
11902,-4.9289,50,0,-3.2339,2.0882,0.27,1.4378,17137.25
11903,-0.0438,1,1,-3.2339,2.0882,0.27,0.0276,17137.28
11904,-4.243,50,0,-3.2248,2.0818,0.27,1.5204,17138.8
11905,-5.3277,50,0,-3.2331,2.0885,0.27,1.4869,17140.28
11906,-4.148,50,0,-3.222,2.0807,0.27,1.4026,17141.69
11907,-4.1379,50,0,-3.2051,2.0662,0.27,1.4623,17143.15
11908,-3.5117,50,0,-3.1875,2.056,0.27,1.4155,17144.56
11909,-3.9968,50,0,-3.227,2.033,0.26,1.1814,17145.74
11910,-3.0453,50,0,-3.2572,2.0075,0.25,1.2242,17146.97
11911,-4.051,50,0,-3.2974,1.9825,0.24,1.2245,17148.19
11912,-0.0231,1,1,-3.2973,1.9827,0.24,0.0288,17148.22
11913,-0.0399,1,1,-3.2553,2.0066,0.25,0.0344,17148.26
11914,-3.3159,50,0,-3.2336,1.9942,0.25,1.4235,17149.68
11915,-5.6275,50,0,-3.2897,1.9819,0.24,1.3285,17151.01
11916,-4.0865,50,0,-3.2789,1.9746,0.24,1.3424,17152.35
11917,-2.8951,50,0,-3.3073,1.9482,0.23,1.2498,17153.6
11918,-5.8429,50,0,-3.3247,1.9629,0.22,1.4976,17155.1
11919,-4.3434,50,0,-3.3676,1.9376,0.21,1.5271,17156.63
11920,-0.033,1,1,-3.3173,1.9581,0.22,0.0287,17156.65
11921,-5.2943,50,0,-3.3341,1.9678,0.22,1.4864,17158.14
11922,-3.9678,50,0,-3.3733,1.9407,0.21,1.5306,17159.67
11923,-2.7606,50,0,-3.3555,1.9381,0.21,2.0829,17161.75
11924,-3.8647,50,0,-3.3439,1.9316,0.21,1.7196,17163.47
11925,-3.8127,50,0,-3.3292,1.9223,0.21,1.657,17165.13
11926,-3.5926,50,0,-3.3244,1.9211,0.21,1.4678,17166.6
11927,-3.3796,50,0,-3.3302,1.9204,0.21,1.4735,17168.07
11928,-4.342,50,0,-3.3412,1.923,0.21,1.4507,17169.52
11929,-3.519,50,0,-3.3384,1.9225,0.21,1.4594,17170.98
11930,-3.1574,50,0,-3.3204,1.9157,0.21,1.4594,17172.44
11931,-6.2715,50,0,-3.3827,1.9092,0.2,1.4112,17173.85
11932,-14.2593,50,0,-3.4967,2.1937,0.2,1.691,17175.54
11933,-5.0394,50,0,-3.5468,2.171,0.19,1.7229,17177.27
11934,-3.6086,50,0,-3.5532,2.1703,0.19,1.6726,17178.94
11935,-5.4055,50,0,-3.5656,2.1773,0.19,1.6525,17180.59
11936,-0.0411,1,1,-3.534,2.2051,0.2,0.0398,17180.63
11937,-0.0241,1,1,-3.501,2.2325,0.21,0.0372,17180.67
11938,-5.3328,50,0,-3.5202,2.2399,0.21,1.765,17182.43
11939,-0.0496,1,1,-3.5204,2.2397,0.21,0.0296,17182.46
11940,-3.2789,50,0,-3.5194,2.2397,0.21,1.5533,17184.02
11941,-6.9232,50,0,-3.5348,2.2577,0.21,1.407,17185.42
11942,-3.6399,50,0,-3.5076,2.2398,0.21,1.4932,17186.92
11943,-4.999,50,0,-3.5574,2.217,0.2,1.4212,17188.34
11944,-4.9459,50,0,-3.5777,2.2203,0.2,1.5442,17189.88
11945,-5.2228,50,0,-3.5805,2.2221,0.2,1.6712,17191.55
11946,-3.3778,50,0,-3.5513,2.2054,0.2,1.578,17193.13
11947,-0.0185,1,1,-3.52,2.233,0.21,0.0382,17193.17
11948,-0.025,1,1,-3.4761,2.2579,0.22,0.0316,17193.2
11949,-0.031,1,1,-3.4477,2.2831,0.23,0.033,17193.23
11950,-4.4946,50,0,-3.4485,2.2835,0.23,1.5549,17194.79
11951,-2.8399,50,0,-3.4452,2.2841,0.23,1.5918,17196.38
11952,-7.5518,50,0,-3.4637,2.3098,0.23,1.4141,17197.8
11953,-0.0499,1,1,-3.4304,2.3346,0.24,0.027,17197.82
11954,-4.9332,50,0,-3.4795,2.3141,0.23,1.3718,17199.19
11955,-7.4392,50,0,-3.5072,2.3446,0.23,1.4406,17200.63
11956,-0.0353,1,1,-3.4691,2.3696,0.24,0.0274,17200.66
11957,-2.8093,50,0,-3.4581,2.3701,0.24,1.4803,17202.14
11958,-0.0299,1,1,-3.4243,2.3945,0.25,0.0307,17202.17
11959,-7.2744,50,0,-3.4351,2.4093,0.25,1.4492,17203.62
11960,-4.5107,50,0,-3.4155,2.3925,0.25,1.4778,17205.1
11961,-0.0183,1,1,-3.4152,2.3929,0.25,0.0318,17205.13
11962,-6.0804,50,0,-3.4338,2.4063,0.25,1.543,17206.67
11963,-4.2429,50,0,-3.444,2.4075,0.25,1.5521,17208.23
11964,-5.3575,50,0,-3.4975,2.39,0.24,1.6302,17209.86
11965,-0.0333,1,1,-3.4633,2.4147,0.25,0.0341,17209.89
11966,-10.2124,50,0,-3.5264,2.5061,0.25,1.5916,17211.48
11967,-2.7249,50,0,-3.5535,2.4826,0.24,1.5407,17213.02
11968,-3.7236,50,0,-3.5903,2.4573,0.23,1.7464,17214.77
11969,-4.4653,50,0,-3.5837,2.454,0.23,3.0451,17217.81
11970,-0.0472,1,1,-3.5837,2.4541,0.23,0.0351,17217.85
11971,-0.0394,1,1,-3.5219,2.4647,0.24,0.0409,17217.89
11972,-8.9609,50,0,-3.5632,2.5203,0.24,1.9254,17219.82
11973,-3.4767,50,0,-3.5282,2.4969,0.24,1.6695,17221.49
11974,-6.9102,50,0,-3.5596,2.5194,0.24,1.6373,17223.12
11975,-8.9412,50,0,-3.6014,2.5731,0.24,1.5783,17224.7
11976,-3.0479,50,0,-3.6015,2.5731,0.24,1.6068,17226.31
11977,-11.6689,50,0,-3.6831,2.6953,0.24,1.5358,17227.84
11978,-3.5159,50,0,-3.6778,2.6951,0.24,1.4757,17229.32
11979,-4.0709,50,0,-3.7182,2.6703,0.23,1.4457,17230.77
11980,-0.0105,1,1,-3.718,2.6706,0.23,0.0258,17230.79
11981,-10.9821,50,0,-3.8274,2.7409,0.22,1.4841,17232.28
11982,-0.0437,1,1,-3.8274,2.741,0.22,0.0265,17232.3
11983,-3.6849,50,0,-3.864,2.7142,0.21,1.4048,17233.71
11984,-0.0259,1,1,-3.8641,2.7141,0.21,0.0283,17233.73
11985,-4.766,50,0,-3.8623,2.7134,0.21,1.5665,17235.3
11986,-4.1798,50,0,-3.8546,2.7114,0.21,1.548,17236.85
11987,-0.0449,1,1,-3.821,2.7374,0.22,0.0281,17236.88
11988,-14.191,50,0,-3.9216,2.9254,0.22,1.4106,17238.29
11989,-0.0454,1,1,-3.8841,2.9507,0.23,0.0295,17238.32
11990,-4.3995,50,0,-3.9277,2.9257,0.22,1.3691,17239.69
11991,-11.208,50,0,-3.9881,3.0117,0.22,1.3884,17241.08
11992,-4.2202,50,0,-3.9893,3.0118,0.22,2.6832,17243.76
11993,-7.6775,50,0,-4.0343,3.0329,0.22,1.4464,17245.2
11994,-5.7924,50,0,-4.0432,3.0367,0.22,1.3887,17246.59
11995,-4.0233,50,0,-4.0435,3.0367,0.22,1.3333,17247.93
11996,-2.5903,50,0,-4.039,3.0386,0.22,1.3326,17249.26
11997,-4.7619,50,0,-4.0416,3.0391,0.22,1.2957,17250.56
11998,-5.7156,50,0,-4.0664,3.0425,0.22,1.3607,17251.92
11999,-4.0193,50,0,-4.0507,3.0387,0.22,1.4319,17253.35
12000,-3.2194,50,0,-4.0332,3.0383,0.22,1.3959,17254.74
12001,-7.5373,50,0,-4.0647,3.0581,0.22,1.4428,17256.19
12002,-2.503,50,0,-4.0404,3.0608,0.22,1.463,17257.65
12003,-4.7396,50,0,-4.0874,3.035,0.21,1.316,17258.97
12004,-2.9642,50,0,-4.0746,3.037,0.21,1.3614,17260.33
12005,-4.6003,50,0,-4.0673,3.0349,0.21,1.3809,17261.71
12006,-0.0386,1,1,-4.0263,3.0612,0.22,0.0251,17261.73
12007,-3.3368,50,0,-4.0182,3.062,0.22,1.4618,17263.19
12008,-5.2609,50,0,-4.0357,3.064,0.22,1.3964,17264.59
12009,-8.0546,50,0,-4.0763,3.09,0.22,1.4265,17266.02
12010,-6.0577,50,0,-4.1064,3.0945,0.22,1.4306,17267.45
12011,-4.1001,50,0,-4.1069,3.0945,0.22,1.401,17268.85
12012,-3.7837,50,0,-4.1445,3.0673,0.21,1.4116,17270.26
12013,-5.0773,50,0,-4.1949,3.0408,0.2,1.4063,17271.67
12014,-7.0082,50,0,-4.2318,3.0523,0.2,1.4161,17273.08
12015,-0.0391,1,1,-4.1759,3.0773,0.21,0.0314,17273.11
12016,-4.6361,50,0,-4.1814,3.0776,0.21,1.3547,17274.47
12017,-10.9206,50,0,-4.2617,3.1469,0.21,1.4333,17275.9
12018,-6.7582,50,0,-4.2708,3.1528,0.21,1.3421,17277.24
12019,-4.1576,50,0,-4.269,3.1528,0.21,1.4547,17278.7
12020,-4.0595,50,0,-4.3093,3.124,0.2,1.44,17280.14
12021,-8.4283,50,0,-4.3406,3.1493,0.2,1.4696,17281.61
12022,-4.6691,50,0,-4.3476,3.1493,0.2,1.4565,17283.07
12023,-0.0439,1,1,-4.3204,3.1745,0.21,0.0311,17283.1
12024,-4.3041,50,0,-4.3248,3.1741,0.21,1.4149,17284.51
12025,-6.4678,50,0,-4.3514,3.1808,0.21,1.3873,17285.9
12026,-6.2154,50,0,-4.3776,3.1853,0.21,1.3889,17287.29
12027,-3.9308,50,0,-4.3831,3.184,0.21,1.4984,17288.79
12028,-4.6741,50,0,-4.3864,3.1842,0.21,1.4005,17290.19
12029,-0.017,1,1,-4.3514,3.2126,0.22,0.0335,17290.22
12030,-4.5446,50,0,-4.3653,3.2105,0.22,1.4551,17291.67
12031,-0.0408,1,1,-4.303,3.2332,0.23,0.0272,17291.7
12032,-5.4662,50,0,-4.2151,3.0771,0.23,1.4605,17293.16
12033,-4.6204,50,0,-4.2109,3.0762,0.23,1.6116,17294.77
12034,-0.0455,1,1,-4.1752,3.1035,0.24,0.029,17294.8
12035,-4.5186,50,0,-4.1664,3.1012,0.24,1.4811,17296.28
12036,-3.6531,50,0,-4.2025,3.0739,0.23,1.3422,17297.63
12037,-6.4849,50,0,-4.2671,3.0532,0.22,1.492,17299.12
12038,-6.6963,50,0,-4.2807,3.061,0.22,1.5219,17300.64
12039,-3.1972,50,0,-4.3122,3.0334,0.21,1.4053,17302.05
12040,-5.4152,50,0,-4.3336,3.0336,0.21,1.3087,17303.35
12041,-3.3722,50,0,-4.2981,3.0238,0.21,1.3247,17304.68
12042,-9.2831,50,0,-4.3545,3.0634,0.21,1.3193,17306.0
12043,-4.5084,50,0,-4.3496,3.0627,0.21,1.3684,17307.37
12044,-5.6698,50,0,-4.3568,3.065,0.21,1.3546,17308.72
12045,-3.8166,50,0,-4.3428,3.0642,0.21,1.3502,17310.07
12046,-5.8775,50,0,-4.3678,3.0664,0.21,1.3783,17311.45
12047,-11.2204,50,0,-4.4798,3.1098,0.2,1.4581,17312.91
12048,-4.1402,50,0,-4.5209,3.0777,0.19,1.4409,17314.35
12049,-5.2033,50,0,-4.5727,3.0451,0.18,1.4327,17315.78
12050,-15.3247,50,0,-4.681,3.2275,0.18,1.4134,17317.19
12051,-7.1885,50,0,-4.7244,3.2317,0.18,1.3993,17318.59
12052,-5.189,50,0,-4.7008,3.2195,0.18,1.3149,17319.91
12053,-3.8493,50,0,-4.7388,3.1867,0.17,1.4509,17321.36
12054,-3.614,50,0,-4.7256,3.1886,0.17,1.6191,17322.98
12055,-4.4601,50,0,-4.6958,3.177,0.17,1.5264,17324.51
12056,-8.3202,50,0,-4.7787,3.1623,0.16,1.5061,17326.01
12057,-6.1754,50,0,-4.8123,3.1591,0.16,1.4652,17327.48
12058,-10.9641,50,0,-4.9217,3.1808,0.15,1.4241,17328.9
12059,-4.4132,50,0,-4.8931,3.1724,0.15,1.4149,17330.32
12060,-6.3789,50,0,-4.9118,3.1756,0.15,1.3785,17331.69
12061,-3.2414,50,0,-4.944,3.142,0.14,1.4907,17333.18
12062,-3.5142,50,0,-4.9183,3.143,0.14,1.518,17334.7
12063,-4.9474,50,0,-4.9254,3.1423,0.14,1.4384,17336.14
12064,-2.9687,50,0,-4.9015,3.148,0.14,1.3695,17337.51
12065,-6.5718,50,0,-4.9669,3.1139,0.13,1.3839,17338.89
12066,-3.9238,50,0,-4.904,3.0706,0.13,1.38,17340.27
12067,-7.3678,50,0,-4.9504,3.0724,0.13,1.473,17341.75
12068,-3.374,50,0,-4.9469,3.074,0.13,1.3901,17343.14
12069,-4.98,50,0,-4.9521,3.0736,0.13,1.4359,17344.57
12070,-4.6007,50,0,-4.9976,3.0341,0.12,1.4604,17346.03
12071,-5.801,50,0,-5.0552,2.9938,0.11,1.4343,17347.47
12072,-4.34,50,0,-5.009,2.9687,0.11,1.3203,17348.79
12073,-5.572,50,0,-5.0299,2.9652,0.11,1.3792,17350.17
12074,-5.22,50,0,-5.013,2.9593,0.11,1.3575,17351.53
12075,-4.0437,50,0,-4.9641,2.9343,0.11,1.3589,17352.88
12076,-0.0313,1,1,-4.9339,2.9691,0.12,0.0246,17352.91
12077,-0.0056,1,1,-4.8173,2.9311,0.13,0.0311,17352.94
12078,-5.4422,50,0,-4.8365,2.9288,0.13,1.3747,17354.32
12079,-13.2337,50,0,-4.9282,3.0445,0.13,1.3625,17355.68
12080,-11.5157,50,0,-5.0432,3.0737,0.12,1.3879,17357.07
12081,-3.1202,50,0,-4.9646,3.0209,0.12,1.3808,17358.45
12082,-4.9732,50,0,-5.0139,2.9801,0.11,1.4363,17359.88
12083,-4.9382,50,0,-5.0264,2.9771,0.11,1.4178,17361.3
12084,-6.7182,50,0,-5.0933,2.939,0.1,1.4303,17362.73
12085,-4.2929,50,0,-5.0886,2.9399,0.1,1.445,17364.18
12086,-0.0227,1,1,-5.047,2.9815,0.11,0.029,17364.2
12087,-3.8805,50,0,-5.0854,2.9413,0.1,1.4386,17365.64
12088,-1.8559,21,1,-4.9621,2.8127,0.11,0.6056,17366.25
12089,-0.0366,1,1,-4.962,2.8129,0.11,0.0293,17366.28
12090,-4.836,50,0,-4.9663,2.8123,0.11,1.3989,17367.68
12091,-7.9311,50,0,-4.9336,2.758,0.11,1.4223,17369.1
12092,-7.9066,50,0,-4.9704,2.7728,0.11,1.4921,17370.59
12093,-4.6153,50,0,-4.9398,2.7596,0.11,1.5184,17372.11
12094,-9.523,50,0,-4.9771,2.7959,0.11,1.3717,17373.48
12095,-5.7235,50,0,-4.9941,2.7952,0.11,1.365,17374.85
12096,-2.8066,50,0,-4.9963,2.7934,0.11,1.3665,17376.21
12097,-4.7952,50,0,-4.9966,2.7934,0.11,1.3503,17377.56
12098,-0.0112,1,1,-4.9396,2.836,0.12,0.0223,17377.59
12099,-5.4287,50,0,-4.9537,2.8349,0.12,1.4041,17378.99
12100,-24.3179,50,0,-5.1646,3.4223,0.12,1.4424,17380.43
12101,-4.0875,50,0,-5.1301,3.4156,0.12,1.4606,17381.89
12102,-0.0309,1,1,-5.1054,3.4433,0.13,0.0348,17381.93
12103,-5.6087,50,0,-5.1141,3.4435,0.13,1.4617,17383.39
12104,-4.5028,50,0,-5.1295,3.4373,0.13,1.5085,17384.9
12105,-3.9413,50,0,-5.1229,3.4389,0.13,1.5958,17386.49
12106,-8.1455,50,0,-5.204,3.4136,0.12,1.4411,17387.93
12107,-0.0437,1,1,-5.171,3.4471,0.13,0.0309,17387.97
12108,-3.3612,50,0,-5.152,3.4518,0.13,1.4405,17389.41
12109,-4.1482,50,0,-5.113,3.4408,0.13,1.3136,17390.72
12110,-4.3778,50,0,-5.0962,3.4403,0.13,1.347,17392.07
12111,-2.7587,50,0,-5.0828,3.4467,0.13,1.356,17393.42
12112,-0.0204,1,1,-5.0451,3.4811,0.14,0.0226,17393.45
12113,-0.0219,1,1,-4.9946,3.5168,0.15,0.0279,17393.47
12114,-6.1911,50,0,-4.9864,3.513,0.15,1.4016,17394.87
12115,-4.9402,50,0,-5.0354,3.4777,0.14,1.4808,17396.36
12116,-5.0217,50,0,-5.0393,3.4775,0.14,1.4305,17397.79
12117,-7.1334,50,0,-5.0014,3.4335,0.14,1.5039,17399.29
12118,-4.8355,50,0,-4.9822,3.429,0.14,1.4625,17400.75
12119,-7.4769,50,0,-5.0154,3.4369,0.14,1.4578,17402.21
12120,-4.3128,50,0,-5.0179,3.4363,0.14,1.3212,17403.53
12121,-2.6328,50,0,-4.96,3.4272,0.14,1.2856,17404.82
12122,-2.839,50,0,-4.9417,3.4336,0.14,1.2939,17406.11
12123,-0.0484,1,1,-4.9417,3.4335,0.14,0.024,17406.13
12124,-3.0757,50,0,-4.9294,3.438,0.14,1.3198,17407.45
12125,-4.1687,50,0,-4.9064,3.4353,0.14,1.2845,17408.74
12126,-6.3945,50,0,-4.9082,3.436,0.14,1.2984,17410.04
12127,-7.0336,50,0,-4.9392,3.4411,0.14,1.4768,17411.51
12128,-0.0228,1,1,-4.8927,3.4756,0.15,0.0288,17411.54
12129,-0.0194,1,1,-4.8928,3.4756,0.15,0.0324,17411.58
12130,-6.0181,50,0,-4.9075,3.4772,0.15,1.4203,17413.0
12131,-4.4981,50,0,-4.9521,3.4429,0.14,1.5,17414.5
12132,-5.1287,50,0,-4.9487,3.4426,0.14,1.4331,17415.93
12133,-6.0505,50,0,-4.963,3.4441,0.14,1.4168,17417.35
12134,-4.9662,50,0,-5.0122,3.4085,0.13,1.3873,17418.73
12135,-15.5017,50,0,-5.122,3.5642,0.13,1.3816,17420.11
12136,-4.7997,50,0,-5.1335,3.5613,0.13,1.3464,17421.46
12137,-5.4227,50,0,-5.1229,3.5588,0.13,1.3492,17422.81
12138,-4.5211,50,0,-5.1011,3.5558,0.13,1.3088,17424.12
12139,-4.1624,50,0,-5.1108,3.5519,0.13,1.3036,17425.42
12140,-5.5582,50,0,-5.1122,3.5521,0.13,1.2614,17426.68
12141,-0.0334,1,1,-5.0788,3.5838,0.14,0.0283,17426.71
12142,-4.3477,50,0,-5.0295,3.5595,0.14,1.2648,17427.98
12143,-3.3029,50,0,-5.0174,3.5633,0.14,1.2815,17429.26
12144,-3.9392,50,0,-5.0001,3.5643,0.14,1.2979,17430.56
12145,-3.6672,50,0,-4.9986,3.5648,0.14,1.2896,17431.85
12146,-0.0114,1,1,-4.9399,3.598,0.15,0.0275,17431.87
12147,-3.2115,50,0,-4.8598,3.546,0.15,1.3249,17433.2
12148,-5.2074,50,0,-4.8705,3.5455,0.15,1.3589,17434.56
12149,-0.0444,1,1,-4.8189,3.5776,0.16,0.034,17434.59
12150,-5.6611,50,0,-4.7223,3.4196,0.16,1.5732,17436.16
12151,-3.6995,50,0,-4.6874,3.412,0.16,1.5153,17437.68
12152,-2.9972,50,0,-4.6655,3.4158,0.16,1.4271,17439.11
12153,-3.7073,50,0,-4.6641,3.4161,0.16,1.3702,17440.48
12154,-5.6183,50,0,-4.6841,3.4158,0.16,1.3549,17441.83
12155,-4.9564,50,0,-4.6891,3.4158,0.16,1.4425,17443.27
12156,-3.2367,50,0,-4.6382,3.3992,0.16,1.3609,17444.64
12157,-0.0421,1,1,-4.5769,3.4261,0.17,0.0381,17444.67
12158,-4.5566,50,0,-4.5128,3.3655,0.17,1.4796,17446.15
12159,-2.6487,50,0,-4.4952,3.3706,0.17,1.3756,17447.53
12160,-2.9331,50,0,-4.4607,3.3687,0.17,1.3453,17448.87
12161,-4.44,50,0,-4.4727,3.3665,0.17,1.3908,17450.26
12162,-3.3294,50,0,-4.4709,3.3671,0.17,1.4713,17451.74
12163,-6.1402,50,0,-4.4828,3.3709,0.17,1.3621,17453.1
12164,-5.1584,50,0,-4.5047,3.3681,0.17,1.3401,17454.44
12165,-3.703,50,0,-4.476,3.3626,0.17,1.4808,17455.92
12166,-5.9582,50,0,-4.4963,3.3653,0.17,1.4362,17457.36
12167,-3.8237,50,0,-4.4609,3.3535,0.17,1.4218,17458.78
12168,-6.2196,50,0,-4.4894,3.3562,0.17,1.3435,17460.12
12169,-2.6338,50,0,-4.4659,3.3609,0.17,1.4413,17461.56
12170,-0.0399,1,1,-4.4203,3.3896,0.18,0.0271,17461.59
12171,-4.5302,50,0,-4.4076,3.3868,0.18,1.4746,17463.06
12172,-5.5623,50,0,-4.4198,3.3887,0.18,1.4645,17464.53
12173,-3.1466,50,0,-4.3956,3.3891,0.18,1.4159,17465.94
12174,-4.8229,50,0,-4.3916,3.3883,0.18,1.3324,17467.28
12175,-4.4066,50,0,-4.3952,3.3882,0.18,1.4267,17468.7
12176,-3.84,50,0,-4.4333,3.3602,0.17,1.4734,17470.18
12177,-4.6129,50,0,-4.4794,3.3306,0.16,1.4262,17471.6
12178,-2.8523,50,0,-4.4535,3.3331,0.16,1.4076,17473.01
12179,-5.6729,50,0,-4.3779,3.2168,0.16,1.4051,17474.42
12180,-8.7359,50,0,-4.3501,3.1666,0.16,1.3757,17475.79
12181,-3.6438,50,0,-4.3553,3.165,0.16,1.4367,17477.23
12182,-4.1641,50,0,-4.3472,3.1645,0.16,1.4057,17478.63
12183,-7.8916,50,0,-4.3767,3.1836,0.16,1.4736,17480.11
12184,-4.0926,50,0,-4.3505,3.175,0.16,1.4364,17481.54
12185,-3.5817,50,0,-4.3434,3.1759,0.16,1.4606,17483.0
12186,-3.4949,50,0,-4.3781,3.1473,0.15,1.4022,17484.41
12187,-0.0276,1,1,-4.3396,3.1766,0.16,0.0248,17484.43
12188,-4.4544,50,0,-4.3656,3.1668,0.15,1.4024,17485.83
12189,-0.0454,1,1,-4.3656,3.1667,0.15,0.0351,17485.87
12190,-0.0421,1,1,-4.3177,3.1953,0.16,0.0317,17485.9
12191,-4.1911,50,0,-4.2803,3.1746,0.16,1.3835,17487.28
12192,-5.7227,50,0,-4.2585,3.1571,0.16,1.3748,17488.66
12193,-2.8757,50,0,-4.2411,3.1599,0.16,1.5996,17490.26
12194,-5.0133,50,0,-4.196,3.116,0.16,1.6096,17491.87
12195,-6.5365,50,0,-4.2041,3.1211,0.16,1.6043,17493.47
12196,-4.4134,50,0,-4.2202,3.118,0.16,1.499,17494.97
12197,-4.3445,50,0,-4.2157,3.1175,0.16,1.4264,17496.4
12198,-3.1479,50,0,-4.247,3.0907,0.15,1.5131,17497.91
12199,-3.5098,50,0,-4.2278,3.0892,0.15,1.4824,17499.39
12200,-5.4855,50,0,-4.0395,2.3426,0.15,1.3407,17500.73
12201,-0.547,10,1,-4.0041,2.3682,0.16,0.2872,17501.02
12202,-2.9531,50,0,-4.0333,2.3368,0.15,1.3988,17502.42
12203,-0.0314,1,1,-3.9776,2.3649,0.16,0.0264,17502.45
12204,-4.9574,50,0,-3.9821,2.3664,0.16,1.4568,17503.9
12205,-5.4032,50,0,-3.9967,2.3706,0.16,1.4458,17505.35
12206,-0.0204,1,1,-3.9155,2.3662,0.17,0.0292,17505.38
12207,-4.6383,50,0,-3.9614,2.335,0.16,1.4014,17506.78
12208,-4.1032,50,0,-3.9688,2.3343,0.16,1.2924,17508.07
12209,-4.1496,50,0,-3.9689,2.3343,0.16,1.3497,17509.42
12210,-4.8145,50,0,-3.9732,2.3354,0.16,1.3056,17510.73
12211,-0.0163,1,1,-3.9458,2.3654,0.17,0.0272,17510.75
12212,-1.4015,25,1,-3.9596,2.3464,0.17,0.6524,17511.41
12213,-4.1824,50,0,-4.0012,2.3129,0.16,1.3538,17512.76
12214,-0.0311,1,1,-3.9396,2.3357,0.17,0.0296,17512.79
12215,-5.1521,50,0,-3.9417,2.3367,0.17,1.2669,17514.06
12216,-5.0697,50,0,-3.9422,2.3369,0.17,1.3153,17515.37
12217,-5.2325,50,0,-3.9232,2.3185,0.17,1.34,17516.71
12218,-4.1252,50,0,-3.9161,2.3168,0.17,1.2876,17518.0
12219,-2.7708,38,1,-3.869,2.2916,0.18,1.0164,17519.02
12220,-3.5547,50,0,-3.8615,2.2914,0.18,1.3386,17520.35
12221,-11.7405,50,0,-3.9525,2.4183,0.18,1.3529,17521.71
12222,-5.9695,50,0,-3.9838,2.4239,0.18,1.3333,17523.04
12223,-5.5727,50,0,-4.0391,2.3964,0.17,2.6797,17525.72
12224,-0.0363,1,1,-4.0087,2.4275,0.18,0.0237,17525.74
12225,-3.4244,50,0,-4.0013,2.4281,0.18,1.4642,17527.21
12226,-3.8722,50,0,-3.976,2.4162,0.18,1.3712,17528.58
12227,-5.6997,50,0,-3.9627,2.4029,0.18,1.3037,17529.88
12228,-3.914,50,0,-4.0016,2.3701,0.17,1.2708,17531.15
12229,-6.9895,50,0,-4.0713,2.3544,0.16,1.4136,17532.57
12230,-4.394,50,0,-4.0551,2.3465,0.16,1.3503,17533.92
12231,-5.1622,50,0,-4.0617,2.3487,0.16,1.3865,17535.3
12232,-6.4135,50,0,-4.0746,2.358,0.16,1.4833,17536.79
12233,-4.4009,50,0,-4.0581,2.3499,0.16,1.6361,17538.42
12234,-3.9367,50,0,-4.0478,2.3481,0.16,1.5126,17539.94
12235,-4.8466,50,0,-3.9412,2.0486,0.16,1.5161,17541.45
12236,-6.8333,50,0,-3.9615,2.067,0.16,1.5084,17542.96
12237,-0.0227,1,1,-3.9075,2.0984,0.17,0.0302,17542.99
12238,-4.3191,50,0,-3.9055,2.0979,0.17,1.5078,17544.5
12239,-3.6688,50,0,-3.9006,2.0979,0.17,1.4679,17545.97
12240,-3.0054,50,0,-3.8751,2.0931,0.17,1.513,17547.48
12241,-4.2037,50,0,-3.9168,2.0574,0.16,1.7381,17549.22
12242,-6.3215,50,0,-3.9365,2.0709,0.16,1.5228,17550.74
12243,-3.2092,50,0,-3.9356,2.0712,0.16,1.7181,17552.46
12244,-3.5406,50,0,-3.9316,2.0715,0.16,1.5158,17553.97
12245,-4.7885,50,0,-3.9428,2.0731,0.16,1.6228,17555.6
12246,-0.0274,1,1,-3.943,2.0728,0.16,0.027,17555.62
12247,-2.4475,28,1,-3.9353,2.0769,0.17,0.8593,17556.48
12248,-4.7506,50,0,-3.9307,2.0746,0.17,1.6858,17558.17
12249,-10.9889,50,0,-4.0402,2.1539,0.16,1.519,17559.69
12250,-2.979,50,0,-4.0134,2.1502,0.16,1.4089,17561.1
12251,-5.116,50,0,-4.0275,2.1528,0.16,1.5637,17562.66
12252,-3.7302,40,1,-4.0349,2.1505,0.17,1.4579,17564.12
12253,-9.8712,50,0,-4.0965,2.2272,0.17,1.5357,17565.65
12254,-9.7176,50,0,-4.1375,2.2916,0.17,1.4257,17567.08
12255,-5.2813,50,0,-4.1407,2.293,0.17,1.4002,17568.48
12256,-0.0222,1,1,-4.1086,2.3277,0.18,0.0296,17568.51
12257,-4.429,50,0,-4.1525,2.2917,0.17,1.4454,17569.96
12258,-0.4196,7,1,-4.1111,2.3212,0.18,0.2096,17570.17
12259,-7.3231,50,0,-4.1578,2.3383,0.18,1.4221,17571.59
12260,-4.9641,50,0,-4.1782,2.3364,0.18,1.4419,17573.03
12261,-6.2881,50,0,-4.1966,2.3457,0.18,1.4409,17574.47
12262,-0.046,1,1,-4.1638,2.3803,0.19,0.0286,17574.5
12263,-0.0112,1,1,-4.1025,2.4074,0.2,0.028,17574.53
12264,-4.4126,50,0,-4.0951,2.4052,0.2,1.3871,17575.91
12265,-0.0444,1,1,-4.0585,2.4385,0.21,0.035,17575.95
12266,-0.0116,1,1,-3.999,2.4638,0.22,0.0253,17575.97
12267,-5.0062,50,0,-4.0108,2.4658,0.22,1.4872,17577.46
12268,-0.015,1,1,-3.9488,2.4874,0.23,0.0319,17577.49
12269,-7.2971,50,0,-3.9954,2.506,0.23,1.5196,17579.01
12270,-4.886,50,0,-4.0439,2.4757,0.22,1.4873,17580.5
12271,-6.6459,50,0,-4.065,2.4888,0.22,1.6231,17582.12
12272,-7.4163,50,0,-4.0836,2.5067,0.22,1.5336,17583.66
12273,-1.1172,18,1,-4.0633,2.5224,0.23,0.5201,17584.18
12274,-6.4193,50,0,-4.0792,2.5321,0.23,1.5504,17585.73
12275,-7.2998,50,0,-4.1082,2.5522,0.23,1.9296,17587.66
12276,-2.9022,50,0,-4.0988,2.5549,0.23,1.4699,17589.13
12277,-1.0494,13,1,-4.0632,2.5722,0.24,0.347,17589.47
12278,-0.0382,1,1,-4.035,2.6006,0.25,0.0357,17589.51
12279,-5.0326,50,0,-4.0286,2.5973,0.25,1.4858,17591.0
12280,-9.0143,50,0,-4.0314,2.6025,0.25,1.6602,17592.66
12281,-4.1759,50,0,-4.0367,2.6022,0.25,1.4485,17594.1
12282,-4.3181,50,0,-4.0383,2.6024,0.25,1.4321,17595.54
12283,-0.5698,8,1,-3.965,2.5959,0.26,0.2362,17595.77
12284,-4.7308,50,0,-3.9714,2.597,0.26,1.5345,17597.31
12285,-4.712,50,0,-3.9827,2.5977,0.26,1.398,17598.7
12286,-5.5934,50,0,-4.0037,2.6022,0.26,1.4391,17600.14
12287,-3.0751,50,0,-4.0342,2.5731,0.25,1.4253,17601.57
12288,-4.7794,50,0,-4.0374,2.5739,0.25,1.4346,17603.0
12289,-8.7628,50,0,-4.1246,2.5848,0.24,1.4566,17604.46
12290,-0.0158,1,1,-4.1243,2.5852,0.24,0.0313,17604.49
12291,-2.7474,50,0,-4.1099,2.5888,0.24,1.3312,17605.82
12292,-3.5372,50,0,-4.0881,2.5843,0.24,1.3258,17607.15
12293,-4.479,50,0,-4.1041,2.5817,0.24,1.3555,17608.5
12294,-10.1682,50,0,-4.1556,2.6499,0.24,1.3205,17609.82
12295,-6.0953,50,0,-4.1512,2.6463,0.24,1.2771,17611.1
12296,-4.9683,50,0,-4.1568,2.6475,0.24,1.2632,17612.37
12297,-5.9241,50,0,-4.1726,2.6532,0.24,1.3401,17613.71
12298,-5.5219,50,0,-4.1963,2.6546,0.24,1.3371,17615.04
12299,-3.7531,50,0,-4.1987,2.6541,0.24,1.303,17616.35
12300,-0.0304,1,1,-4.1442,2.683,0.25,0.0277,17616.37
12301,-3.7908,48,1,-4.1766,2.6588,0.25,1.2626,17617.64
12302,-4.7212,50,0,-4.1943,2.6565,0.25,1.2669,17618.9
12303,-5.813,50,0,-4.2521,2.628,0.24,1.3723,17620.27
12304,-3.3952,48,1,-4.2365,2.6284,0.25,1.2534,17621.53
12305,-0.0276,1,1,-4.1827,2.6588,0.26,0.0302,17621.56
12306,-9.7533,50,0,-4.2801,2.6827,0.25,1.3039,17622.86
12307,-3.2954,50,0,-4.2666,2.6842,0.25,1.3447,17624.21
12308,-2.8524,50,0,-4.2541,2.6878,0.25,1.4205,17625.63
12309,-0.0259,1,1,-4.2129,2.7206,0.26,0.0359,17625.66
12310,-9.1471,50,0,-4.2562,2.764,0.26,1.4513,17627.11
12311,-10.1668,50,0,-4.3577,2.7926,0.25,1.6037,17628.72
12312,-6.1776,50,0,-4.4055,2.7825,0.24,1.5277,17630.25
12313,-3.8196,50,0,-4.4019,2.783,0.24,1.5046,17631.75
12314,-5.528,50,0,-4.4568,2.7502,0.23,1.4779,17633.23
12315,-5.2073,50,0,-4.4574,2.7504,0.23,1.3953,17634.62
12316,-4.8709,50,0,-4.4554,2.75,0.23,1.3874,17636.01
12317,-0.6748,10,1,-4.4098,2.7744,0.24,0.3038,17636.32
12318,-3.3213,50,0,-4.4018,2.7764,0.24,1.4463,17637.76
12319,-9.3368,50,0,-4.4674,2.8144,0.23,1.5339,17639.3
12320,-4.7054,50,0,-4.4789,2.813,0.23,1.4801,17640.78
12321,-3.0465,50,0,-4.392,2.72,0.23,1.4956,17642.27
12322,-2.8886,50,0,-4.3612,2.7194,0.23,1.4526,17643.72
12323,-9.6955,50,0,-4.4024,2.7683,0.23,1.6059,17645.33
12324,-5.2681,50,0,-4.4547,2.7345,0.22,1.4796,17646.81
12325,-2.8588,50,0,-4.4491,2.7372,0.22,1.6646,17648.47
12326,-0.6958,12,1,-4.4173,2.7621,0.23,0.3761,17648.85
12327,-4.2087,50,0,-4.4024,2.7591,0.23,1.4788,17650.33
12328,-0.9929,15,1,-4.3732,2.7795,0.24,0.4247,17650.75
12329,-3.1057,50,0,-4.3344,2.7698,0.24,1.4333,17652.19
12330,-0.7849,12,1,-4.2983,2.7922,0.25,0.345,17652.53
12331,-4.5011,50,0,-4.2917,2.791,0.25,1.373,17653.9
12332,-5.0333,50,0,-4.2779,2.7838,0.25,1.3994,17655.3
12333,-3.1297,50,0,-4.2652,2.7862,0.25,1.3402,17656.64
12334,-0.0207,1,1,-4.226,2.8178,0.26,0.0279,17656.67
12335,-0.0132,1,1,-4.1777,2.8481,0.27,0.0256,17656.7
12336,-7.6037,50,0,-4.1854,2.8563,0.27,1.4386,17658.14
12337,-4.8363,50,0,-4.2335,2.8261,0.26,1.5366,17659.67
12338,-7.5976,50,0,-4.2663,2.8459,0.26,1.6907,17661.36
12339,-8.1194,50,0,-4.3108,2.8709,0.26,1.5227,17662.89
12340,-4.3727,50,0,-4.3245,2.8679,0.26,1.4856,17664.37
12341,-0.0329,1,1,-4.2828,2.8995,0.27,0.0408,17664.41
12342,-0.6892,12,1,-4.2264,2.914,0.28,0.3885,17664.8
12343,-10.1244,50,0,-4.2956,2.9705,0.28,1.5664,17666.37
12344,-4.2809,50,0,-4.303,2.9696,0.28,1.5281,17667.9
12345,-4.9395,50,0,-4.3045,2.9699,0.28,1.6567,17669.55
12346,-0.0492,1,1,-4.3047,2.9695,0.28,0.0302,17669.58
12347,-0.0451,1,1,-4.2807,2.9941,0.28,0.0306,17669.61
12348,-4.3599,50,0,-4.2768,2.9937,0.28,1.5258,17671.14
12349,-0.0379,1,1,-4.1673,2.9461,0.29,0.0351,17671.17
12350,-3.5061,50,0,-4.1725,2.9444,0.29,1.6586,17672.83
12351,-16.961,50,0,-4.291,3.2066,0.29,1.5606,17674.39
12352,-7.2457,50,0,-4.3261,3.2195,0.28,1.4754,17675.87
12353,-11.1591,50,0,-4.339,3.2441,0.28,1.9186,17677.79
12354,-3.6449,50,0,-4.2783,3.1994,0.28,1.4693,17679.26
12355,-4.8695,50,0,-4.2742,3.1984,0.28,1.4805,17680.74
12356,-4.0058,50,0,-4.314,3.1699,0.27,1.5017,17682.24
12357,-2.8083,50,0,-4.2978,3.1734,0.27,1.4876,17683.73
12358,-10.6951,50,0,-4.4006,3.2123,0.26,1.4732,17685.2
12359,-5.5678,50,0,-4.383,3.201,0.26,1.4313,17686.63
12360,-5.3171,50,0,-4.3865,3.2018,0.26,1.4446,17688.08
12361,-7.971,50,0,-4.4034,3.2162,0.26,1.43,17689.51
12362,-6.2597,50,0,-4.4655,3.1913,0.25,1.3481,17690.85
12363,-4.1979,50,0,-4.5074,3.1599,0.24,1.4636,17692.32
12364,-4.6323,50,0,-4.5096,3.1599,0.24,1.4063,17693.72
12365,-4.0389,50,0,-4.5495,3.1283,0.23,1.3151,17695.04
12366,-4.2299,50,0,-4.5917,3.0951,0.22,1.3851,17696.42
12367,-5.113,50,0,-4.5928,3.0953,0.22,1.4204,17697.84
12368,-7.2037,50,0,-4.6647,3.0715,0.21,1.3771,17699.22
12369,-5.3624,50,0,-4.6453,3.061,0.21,1.3158,17700.54
12370,-10.8338,50,0,-4.7048,3.1222,0.21,1.3829,17701.92
12371,-3.9608,50,0,-4.6779,3.117,0.21,1.5257,17703.45
12372,-4.5023,50,0,-4.6488,3.1048,0.21,1.5572,17705.0
12373,-2.8869,50,0,-4.6665,3.0896,0.2,1.4545,17706.46
12374,-9.5764,50,0,-4.6981,3.1233,0.2,1.7971,17708.25
12375,-4.1512,50,0,-4.6666,3.1128,0.2,1.3854,17709.64
12376,-6.1913,50,0,-4.6995,3.1114,0.2,1.4546,17711.09
12377,-5.6096,50,0,-4.7451,3.0909,0.19,1.2952,17712.39
12378,-5.4995,50,0,-4.7997,3.0553,0.18,1.167,17713.56
12379,-4.9699,50,0,-4.7991,3.0552,0.18,1.1436,17714.7
12380,-5.0691,50,0,-4.7596,3.0259,0.18,1.1649,17715.86
12381,-11.4617,50,0,-4.8325,3.0978,0.18,1.2508,17717.12
12382,-4.978,50,0,-4.8391,3.0974,0.18,1.2717,17718.39
12383,-10.1894,50,0,-4.9353,3.1127,0.17,1.1919,17719.58
12384,-0.0393,1,1,-4.8883,3.1505,0.18,0.0254,17719.6
12385,-9.2318,50,0,-4.9335,3.18,0.18,1.3652,17720.97
12386,-0.0325,1,1,-4.8779,3.2163,0.19,0.0252,17721.0
12387,-0.0499,1,1,-4.8477,3.2472,0.2,0.0217,17721.02
12388,-4.6606,50,0,-4.8465,3.2473,0.2,1.1322,17722.15
12389,-4.9657,50,0,-4.8085,3.2234,0.2,1.1495,17723.3
12390,-4.1358,50,0,-4.8497,3.188,0.19,1.1358,17724.43
12391,-8.7721,50,0,-4.91,3.2046,0.19,1.1723,17725.61
12392,-0.0448,1,1,-4.875,3.2382,0.2,0.0254,17725.63
12393,-3.245,50,0,-4.8627,3.242,0.2,1.1399,17726.77
12394,-0.0234,1,1,-4.7613,3.2331,0.21,0.0228,17726.79
12395,-11.1174,50,0,-4.8115,3.2919,0.21,1.18,17727.97
12396,-3.1351,50,0,-4.7931,3.2961,0.21,1.1995,17729.17
12397,-5.2158,50,0,-4.7861,3.2944,0.21,1.2382,17730.41
12398,-3.5372,50,0,-4.7662,3.2959,0.21,1.226,17731.64
12399,-3.2519,50,0,-4.7612,3.2978,0.21,1.1474,17732.79
12400,-7.1415,50,0,-4.8323,3.2716,0.2,1.2207,17734.01
12401,-3.2673,50,0,-4.8271,3.2737,0.19,1.1552,17735.16
12402,-4.6304,50,0,-4.8262,3.2738,0.19,1.1662,17736.33
12403,-0.0086,1,1,-4.7681,3.307,0.2,0.0213,17736.35
12404,-0.0357,1,1,-4.7345,3.3377,0.2,0.0257,17736.37
12405,-3.3553,50,0,-4.7678,3.3071,0.19,1.1185,17737.49
12406,-2.5863,50,0,-4.6961,3.2758,0.19,1.1214,17738.61
12407,-4.5443,50,0,-4.7086,3.2728,0.19,1.1612,17739.78
12408,-2.5531,50,0,-4.7056,3.2746,0.19,1.1197,17740.9
12409,-2.8819,50,0,-4.7342,3.246,0.18,1.1131,17742.01
12410,-0.0313,1,1,-4.643,3.2488,0.19,0.023,17742.03
12411,-4.7285,50,0,-4.5887,3.201,0.19,1.1304,17743.16
12412,-4.1836,50,0,-4.5687,3.1973,0.19,1.1633,17744.33
12413,-4.2018,50,0,-4.5725,3.1966,0.19,1.1361,17745.46
12414,-7.3912,50,0,-4.5912,3.2076,0.19,1.1519,17746.61
12415,-4.4035,50,0,-4.5831,3.207,0.19,1.1925,17747.81
12416,-2.6941,50,0,-4.5614,3.2124,0.19,1.1615,17748.97
12417,-4.8637,50,0,-4.6033,3.1886,0.18,1.3496,17750.32
12418,-0.6696,12,1,-4.5767,3.2101,0.19,0.3447,17750.66
12419,-0.0473,1,1,-4.4838,3.2055,0.2,0.0262,17750.69
12420,-0.021,1,1,-4.437,3.236,0.21,0.0264,17750.71
12421,-3.1446,50,0,-4.438,3.2355,0.21,1.1529,17751.87
12422,-5.8271,50,0,-4.4674,3.2347,0.21,1.1775,17753.04
12423,-2.6477,50,0,-4.3969,3.1966,0.21,1.0911,17754.14
12424,-1.1104,19,1,-4.3553,3.212,0.22,0.4281,17754.56
12425,-4.512,50,0,-4.3718,3.2085,0.22,1.1385,17755.7
12426,-0.037,1,1,-4.3653,3.2167,0.22,0.0247,17755.73
12427,-2.5509,50,0,-4.3487,3.2217,0.22,1.1132,17756.84
12428,-3.6171,50,0,-4.3749,3.2049,0.21,1.1494,17757.99
12429,-4.2741,50,0,-4.3866,3.2024,0.21,1.1828,17759.17
12430,-5.0339,50,0,-4.4291,3.1825,0.2,1.1511,17760.32
12431,-11.227,50,0,-4.4963,3.2535,0.2,1.1531,17761.48
12432,-6.2508,50,0,-4.5085,3.2578,0.2,1.1667,17762.64
12433,-4.6511,50,0,-4.5237,3.2549,0.2,1.1403,17763.78
12434,-3.0709,50,0,-4.5542,3.2267,0.19,1.1367,17764.92
12435,-8.7284,50,0,-4.6414,3.2206,0.18,1.1569,17766.08
12436,-4.5741,50,0,-4.6111,3.2068,0.18,1.1397,17767.22
12437,-3.5764,50,0,-4.5985,3.2083,0.18,1.1475,17768.36
12438,-2.5385,50,0,-4.5479,3.2005,0.18,1.099,17769.46
12439,-4.926,50,0,-4.516,3.1806,0.18,1.1646,17770.63
12440,-0.0257,1,1,-4.4725,3.2118,0.19,0.0239,17770.65
12441,-3.0192,50,0,-4.5024,3.1842,0.18,1.1068,17771.76
12442,-4.7572,50,0,-4.543,3.1611,0.17,1.1329,17772.89
12443,-4.028,50,0,-4.4821,3.1113,0.17,1.129,17774.02
12444,-3.1476,50,0,-4.4707,3.114,0.17,1.1218,17775.14
12445,-2.8567,50,0,-4.4499,3.1178,0.17,1.1566,17776.3
12446,-0.0402,1,1,-4.4498,3.1179,0.17,0.0235,17776.32
12447,-4.4677,50,0,-4.4941,3.0863,0.16,1.1673,17777.49
12448,-4.5268,50,0,-4.4957,3.0863,0.16,1.1267,17778.62
12449,-7.3872,50,0,-4.5692,3.0667,0.15,1.2394,17779.86
12450,-0.032,1,1,-4.5345,3.0981,0.16,0.0239,17779.88
12451,-3.4844,50,0,-4.3997,2.8367,0.16,1.0958,17780.98
12452,-6.1254,50,0,-4.3885,2.8276,0.16,1.1912,17782.17
12453,-4.0036,50,0,-4.317,2.7447,0.16,1.151,17783.32
12454,-4.832,50,0,-4.3288,2.7443,0.16,1.1382,17784.46
12455,-0.0124,1,1,-4.2803,2.7771,0.17,0.0231,17784.48
12456,-2.1672,37,1,-4.2619,2.785,0.18,0.8333,17785.31
12457,-2.7935,50,0,-4.2617,2.785,0.18,1.162,17786.47
12458,-6.495,50,0,-4.2197,2.7186,0.18,1.1237,17787.6
12459,-0.0374,1,1,-4.1644,2.7467,0.19,0.0212,17787.62
12460,-0.0424,1,1,-4.1117,2.7746,0.2,0.0229,17787.64
12461,-5.1182,50,0,-4.0831,2.7493,0.2,1.159,17788.8
12462,-5.5471,50,0,-4.076,2.7446,0.2,1.229,17790.03
12463,-0.0383,1,1,-4.0344,2.7738,0.21,0.0222,17790.05
12464,-5.2312,50,0,-4.0404,2.7757,0.21,1.1666,17791.22
12465,-5.125,50,0,-4.0513,2.7778,0.21,1.1725,17792.39
12466,-0.0493,1,1,-4.0095,2.8061,0.22,0.0217,17792.41
12467,-2.185,28,1,-3.9802,2.8097,0.23,0.6315,17793.04
12468,-2.7252,50,0,-3.9354,2.7936,0.23,1.1365,17794.18
12469,-5.08,50,0,-3.9326,2.7923,0.23,1.1246,17795.31
12470,-6.2131,50,0,-3.8864,2.7149,0.23,1.1444,17796.45
12471,-3.0049,50,0,-3.8768,2.7163,0.23,2.1414,17798.59
12472,-4.8144,50,0,-3.8799,2.7172,0.23,1.1785,17799.77
12473,-4.6627,50,0,-3.8977,2.7164,0.23,1.1576,17800.93
12474,-3.6197,50,0,-3.8381,2.6559,0.23,1.3365,17802.26
12475,-5.5346,50,0,-3.852,2.6611,0.23,1.4055,17803.67
12476,-4.1199,50,0,-3.8312,2.6508,0.23,1.187,17804.86
12477,-3.2852,50,0,-3.808,2.6453,0.23,1.2595,17806.12
12478,-0.0142,1,1,-3.7531,2.6665,0.24,0.0216,17806.14
12479,-4.2671,50,0,-3.7461,2.6642,0.24,1.0966,17807.23
12480,-5.1585,50,0,-3.747,2.6646,0.24,1.2233,17808.46
12481,-0.0279,1,1,-3.6327,2.575,0.25,0.0261,17808.48
12482,-5.8779,50,0,-3.6417,2.5812,0.25,1.3455,17809.83
12483,-5.6316,50,0,-3.5961,2.5043,0.25,1.2736,17811.1
12484,-4.9289,50,0,-3.645,2.482,0.24,1.3104,17812.41
12485,-2.7151,50,0,-3.5798,2.4192,0.24,1.3471,17813.76
12486,-2.9078,50,0,-3.6086,2.3938,0.23,1.2924,17815.05
12487,-0.0089,1,1,-3.6082,2.3944,0.23,0.0295,17815.08
12488,-0.04,1,1,-3.562,2.4182,0.24,0.0246,17815.11
12489,-4.3345,50,0,-3.5556,2.4153,0.24,1.2932,17816.4
12490,-3.6267,50,0,-3.5506,2.4146,0.24,1.2843,17817.68
12491,-4.2836,50,0,-3.5057,2.3582,0.24,1.3177,17819.0
12492,-3.8687,50,0,-3.5439,2.3326,0.23,1.3191,17820.32
12493,-6.0309,50,0,-3.5718,2.3455,0.23,1.254,17821.57
12494,-4.6893,50,0,-3.6184,2.3207,0.22,1.2851,17822.86
12495,-4.7564,50,0,-3.5548,2.1982,0.22,1.4081,17824.27
12496,-4.7123,50,0,-3.5706,2.2008,0.22,1.4273,17825.7
12497,-6.8174,50,0,-3.5866,2.2185,0.22,1.3457,17827.04
12498,-3.5885,50,0,-3.5871,2.2185,0.22,1.4436,17828.48
12499,-4.9097,50,0,-3.6037,2.2221,0.22,1.4292,17829.91
12500,-4.9915,50,0,-3.5822,2.1981,0.22,1.4555,17831.37
12501,-2.3814,45,1,-3.5733,2.2011,0.23,1.3237,17832.69
12502,-3.1608,50,0,-3.5586,2.1989,0.23,1.4346,17834.13
12503,-0.047,1,1,-3.559,2.1983,0.23,0.0254,17834.15
12504,-0.0451,1,1,-3.5591,2.1981,0.23,0.0251,17834.18
12505,-5.2626,50,0,-3.5782,2.2045,0.23,1.4229,17835.6
12506,-3.1305,50,0,-3.5836,2.2028,0.23,1.4292,17837.03
12507,-0.0218,1,1,-3.5384,2.2288,0.24,0.0271,17837.06
12508,-4.3605,50,0,-3.5565,2.2281,0.24,1.4601,17838.52
12509,-5.2928,50,0,-3.5806,2.2337,0.24,1.39,17839.91
12510,-5.1721,50,0,-3.632,2.2105,0.23,1.3616,17841.27
12511,-3.3202,50,0,-3.6179,2.2079,0.23,1.3449,17842.61
12512,-3.6742,50,0,-3.6128,2.2072,0.23,1.313,17843.93
12513,-0.0292,1,1,-3.5711,2.2349,0.24,0.0304,17843.96
12514,-3.4747,50,0,-3.5319,2.2017,0.24,1.3468,17845.3
12515,-3.681,50,0,-3.5247,2.2,0.24,1.2931,17846.6
12516,-3.3117,50,0,-3.5309,2.1986,0.24,1.3251,17847.92
12517,-4.6563,50,0,-3.5288,2.1974,0.24,1.3489,17849.27
12518,-3.0263,50,0,-3.5524,2.1792,0.23,1.303,17850.57
12519,-3.8544,50,0,-3.5904,2.1507,0.22,1.3788,17851.95
12520,-4.4984,50,0,-3.6352,2.1223,0.21,1.2846,17853.24
12521,-4.4414,50,0,-3.6482,2.1232,0.21,1.3461,17854.58
12522,-4.8778,50,0,-3.6387,2.1156,0.21,1.3181,17855.9
12523,-5.4013,50,0,-3.6662,2.1204,0.21,1.3332,17857.24
12524,-3.7152,50,0,-3.6923,2.1048,0.2,1.3195,17858.55
12525,-6.5628,50,0,-3.7128,2.1226,0.2,1.2807,17859.84
12526,-3.2819,50,0,-3.7452,2.0907,0.19,1.2621,17861.1
12527,-4.9772,50,0,-3.7695,2.0908,0.19,1.3228,17862.42
12528,-4.8206,50,0,-3.7815,2.0934,0.19,1.2878,17863.71
12529,-0.0461,1,1,-3.7392,2.1254,0.2,0.0288,17863.74
12530,-5.5227,50,0,-3.7441,2.129,0.2,1.3444,17865.08
12531,-4.7333,50,0,-3.6792,1.9945,0.2,1.3832,17866.46
12532,-3.2141,50,0,-3.6488,1.9782,0.2,1.3509,17867.82
12533,-0.0053,1,1,-3.6024,2.0084,0.21,0.0282,17867.84
12534,-5.4687,50,0,-3.6264,2.0162,0.21,1.3411,17869.18
12535,-3.5219,50,0,-3.5743,1.9499,0.21,1.2894,17870.47
12536,-2.93,50,0,-3.5578,1.9484,0.21,1.2816,17871.76
12537,-5.6066,50,0,-3.5781,1.959,0.21,1.3564,17873.11
12538,-0.0324,1,1,-3.5531,1.988,0.22,0.0248,17873.14
12539,-3.0774,50,0,-3.5346,1.9837,0.22,1.2707,17874.41
12540,-4.9907,50,0,-3.5843,1.9572,0.21,1.3143,17875.72
12541,-3.0209,50,0,-3.5843,1.9572,0.21,1.3561,17877.08
12542,-2.6799,50,0,-3.5635,1.9557,0.21,1.2711,17878.35
12543,-5.5527,50,0,-3.5787,1.9652,0.21,1.3316,17879.68
12544,-5.4289,50,0,-3.6016,1.9732,0.21,1.3098,17880.99
12545,-4.5744,50,0,-3.6187,1.9742,0.21,1.3579,17882.35
12546,-5.0085,50,0,-3.6684,1.9458,0.2,1.4552,17883.8
12547,-5.9248,50,0,-3.683,1.9571,0.2,1.3709,17885.17
12548,-6.0606,50,0,-3.6983,1.9697,0.2,1.4287,17886.6
12549,-2.9319,50,0,-3.6538,1.9358,0.2,1.3458,17887.95
12550,-3.8119,50,0,-3.6916,1.9013,0.19,1.3768,17889.33
12551,-4.5242,50,0,-3.702,1.903,0.19,1.4231,17890.75
12552,-6.3547,50,0,-3.7043,1.9061,0.19,1.4818,17892.23
12553,-0.0441,1,1,-3.6647,1.9403,0.2,0.0326,17892.26
12554,-3.0754,50,0,-3.6471,1.9376,0.2,1.4424,17893.71
12555,-3.1005,50,0,-3.678,1.9037,0.19,1.4753,17895.18
12556,-0.0228,1,1,-3.6565,1.9324,0.19,0.0309,17895.21
12557,-6.6788,50,0,-3.6954,1.9536,0.19,1.4778,17896.69
12558,-4.3698,50,0,-3.6741,1.9345,0.19,1.4668,17898.16
12559,-5.7777,50,0,-3.7315,1.9108,0.18,1.496,17899.65
12560,-4.6801,50,0,-3.7779,1.8767,0.17,1.4072,17901.06
12561,-4.5582,50,0,-3.7723,1.8735,0.17,1.4414,17902.5
12562,-4.8118,50,0,-3.765,1.868,0.17,1.4183,17903.92
12563,-9.7164,50,0,-3.8617,1.9223,0.16,1.4033,17905.32
12564,-0.7465,12,1,-3.8169,1.942,0.17,0.5686,17905.89
12565,-4.5277,50,0,-3.8109,1.9389,0.17,1.4423,17907.33
12566,-0.02,1,1,-3.8106,1.9395,0.17,0.0278,17907.36
12567,-0.0289,1,1,-3.7891,1.9692,0.17,0.0341,17907.4
12568,-5.4255,50,0,-3.8161,1.9729,0.17,1.4221,17908.82
12569,-4.7564,50,0,-3.8128,1.9711,0.17,1.4146,17910.23
12570,-5.0064,50,0,-3.8008,1.96,0.17,1.2576,17911.49
12571,-4.1753,50,0,-3.8125,1.9588,0.17,1.2569,17912.75
12572,-3.8992,50,0,-3.8033,1.9562,0.17,1.1957,17913.94
12573,-2.6864,50,0,-3.7836,1.9574,0.17,1.3124,17915.25
12574,-4.0561,50,0,-3.7879,1.9575,0.17,1.2542,17916.51
12575,-0.0313,1,1,-3.7329,1.9848,0.18,0.0266,17916.54
12576,-4.7561,50,0,-3.7393,1.987,0.18,1.224,17917.76
12577,-4.5972,50,0,-3.7524,1.9883,0.18,1.4295,17919.19
12578,-5.4544,50,0,-3.8068,1.9595,0.17,1.3277,17920.52
12579,-4.4055,50,0,-3.8082,1.9599,0.17,1.2999,17921.82
12580,-0.0281,1,1,-3.7569,1.9908,0.18,0.0294,17921.85
12581,-3.6534,50,0,-3.7931,1.9552,0.17,1.3002,17923.15
12582,-3.5571,50,0,-3.7699,1.9441,0.17,1.3651,17924.51
12583,-3.2068,50,0,-3.7457,1.9358,0.17,1.4854,17926.0
12584,-3.5106,50,0,-3.7315,1.9323,0.17,1.3044,17927.3
12585,-3.3521,50,0,-3.7378,1.93,0.17,1.3637,17928.67
12586,-0.0163,1,1,-3.7089,1.9636,0.18,0.0237,17928.69
12587,-0.0184,1,1,-3.709,1.9634,0.18,0.0242,17928.71
12588,-3.5339,50,0,-3.744,1.9286,0.17,1.345,17930.06
12589,-3.1635,50,0,-3.7323,1.9285,0.17,1.4748,17931.53
12590,-3.8292,50,0,-3.7343,1.9285,0.17,1.346,17932.88
12591,-0.0241,1,1,-3.6917,1.9626,0.18,0.0255,17932.9
12592,-4.5149,50,0,-3.6981,1.9643,0.18,1.3494,17934.25
12593,-5.138,50,0,-3.6892,1.9557,0.18,1.3269,17935.58
12594,-3.8591,50,0,-3.6809,1.9532,0.18,1.4309,17937.01
12595,-2.7505,50,0,-3.6609,1.9523,0.18,1.381,17938.39
12596,-0.0146,1,1,-3.6139,1.9827,0.19,0.0305,17938.42
12597,-4.6016,50,0,-3.5917,1.959,0.19,1.3793,17939.8
12598,-5.7185,50,0,-3.613,1.9704,0.19,1.3321,17941.13
12599,-0.0457,1,1,-3.5644,1.9977,0.2,0.0257,17941.16
12600,-4.9011,50,0,-3.5635,1.997,0.2,1.3081,17942.47
12601,-0.6046,11,1,-3.5457,2.0153,0.2,0.326,17942.79
12602,-4.9406,50,0,-3.5635,2.0197,0.2,1.5856,17944.38
12603,-4.176,50,0,-3.6048,1.9893,0.19,1.5191,17945.9
12604,-3.2898,50,0,-3.6372,1.9572,0.18,1.4876,17947.39
12605,-5.0849,50,0,-3.6355,1.9558,0.18,1.4033,17948.79
12606,-3.4844,50,0,-3.639,1.9552,0.18,1.4153,17950.21
12607,-4.7683,50,0,-3.6865,1.9242,0.17,1.4208,17951.63
12608,-4.4649,50,0,-3.6875,1.9246,0.17,1.3952,17953.02
12609,-0.037,1,1,-3.635,1.9516,0.18,0.0299,17953.05
12610,-3.9608,50,0,-3.6228,1.9458,0.18,1.3505,17954.4
12611,-0.0408,1,1,-3.5901,1.978,0.19,0.0259,17954.43
12612,-2.5532,50,0,-3.5788,1.9807,0.19,1.4356,17955.86
12613,-1.0699,13,1,-3.5892,1.9647,0.19,0.3819,17956.25
12614,-3.3557,50,0,-3.5881,1.9648,0.19,1.4297,17957.67
12615,-6.0469,50,0,-3.6117,1.9799,0.19,1.3652,17959.04
12616,-5.9174,50,0,-3.6378,1.9929,0.19,1.4807,17960.52
12617,-6.002,50,0,-3.6512,2.0042,0.19,1.5133,17962.03
12618,-4.0138,50,0,-3.6611,2.0036,0.19,1.3015,17963.34
12619,-4.4844,50,0,-3.6674,2.0052,0.19,1.537,17964.87
12620,-1.2103,13,1,-3.6345,2.0182,0.2,0.4989,17965.37
12621,-20.957,50,0,-3.7997,2.6533,0.2,1.4949,17966.87
12622,-3.8018,50,0,-3.7889,2.6511,0.2,1.5429,17968.41
12623,-3.3669,50,0,-3.7686,2.6464,0.2,1.5871,17970.0
12624,-0.0068,1,1,-3.7315,2.6728,0.21,0.0311,17970.03
12625,-6.0861,50,0,-3.7267,2.6681,0.21,1.4894,17971.52
12626,-5.2016,50,0,-3.7459,2.6718,0.21,1.6292,17973.15
12627,-18.1163,50,0,-3.8773,3.0284,0.21,1.5174,17974.66
12628,-0.0416,1,1,-3.8295,3.0507,0.22,0.0355,17974.7
12629,-4.7559,50,0,-3.8766,3.0282,0.21,1.4482,17976.15
12630,-4.1691,50,0,-3.8631,3.0239,0.21,1.2809,17977.43
12631,-4.9013,50,0,-3.8648,3.0244,0.21,1.4258,17978.85
12632,-0.0194,1,1,-3.8328,3.0479,0.22,0.0307,17978.88
12633,-2.5759,50,0,-3.8585,3.0263,0.21,1.3044,17980.19
12634,-5.0959,50,0,-3.8548,3.0245,0.21,1.267,17981.46
12635,-0.0453,1,1,-3.82,3.048,0.22,0.0237,17981.48
12636,-5.151,50,0,-3.8422,3.0495,0.22,1.3286,17982.81
12637,-0.0468,1,1,-3.7866,3.0675,0.23,0.0357,17982.84
12638,-4.7596,50,0,-3.8339,3.0456,0.22,1.6176,17984.46
12639,-5.8681,50,0,-3.8618,3.0513,0.22,1.6345,17986.1
12640,-0.0136,1,1,-3.8121,3.073,0.23,0.0311,17986.13
12641,-0.7119,8,1,-3.789,3.0875,0.24,0.2945,17986.42
12642,-0.0331,1,1,-3.7625,3.1082,0.25,0.0394,17986.46
12643,-4.8624,50,0,-3.7556,3.105,0.25,1.3885,17987.85
12644,-3.9594,50,0,-3.7409,3.1005,0.25,1.2719,17989.12
12645,-5.2448,50,0,-3.7476,3.103,0.25,1.5995,17990.72
12646,-3.7531,50,0,-3.735,3.1004,0.25,1.3974,17992.12
12647,-3.3923,50,0,-3.7097,3.0928,0.25,1.4393,17993.56
12648,-3.2948,50,0,-3.6821,3.084,0.25,1.5864,17995.14
12649,-2.5691,50,0,-3.6784,3.0851,0.25,1.4245,17996.57
12650,-1.1592,15,1,-3.6519,3.0952,0.26,0.4792,17997.05
12651,-0.0498,1,1,-3.6072,3.1146,0.27,0.0312,17997.08
12652,-0.0206,1,1,-3.5438,3.1224,0.28,0.0333,17997.11
12653,-5.2993,50,0,-3.5964,3.1073,0.27,1.3952,17998.51
12654,-6.8455,50,0,-3.6341,3.1236,0.27,1.2974,17999.8
12655,-1.1985,16,1,-3.6151,3.1325,0.28,0.4836,18000.29
12656,-4.8184,50,0,-3.663,3.1138,0.27,1.388,18001.68
12657,-5.9789,50,0,-3.656,3.1078,0.27,1.2996,18002.98
12658,-4.8629,50,0,-3.6609,3.1093,0.27,1.2166,18004.19
12659,-0.3171,6,1,-3.6063,3.1196,0.28,0.1781,18004.37
12660,-5.4608,50,0,-3.6141,3.1233,0.28,1.3868,18005.76
12661,-4.7724,50,0,-3.6163,3.124,0.28,1.7834,18007.54
12662,-1.7695,19,1,-3.5859,3.127,0.29,0.6006,18008.14
12663,-0.4541,7,1,-3.4932,3.0809,0.3,0.2237,18008.36
12664,-6.009,50,0,-3.5459,3.0785,0.29,1.6838,18010.05
12665,-7.0022,50,0,-3.5706,3.0961,0.29,1.3021,18011.35
12666,-10.2726,50,0,-3.6731,3.1462,0.28,1.1966,18012.55
12667,-0.0474,1,1,-3.6733,3.146,0.28,0.0206,18012.57
12668,-24.0687,50,0,-3.8598,3.7405,0.28,1.1403,18013.71
12669,-3.4629,50,0,-3.8468,3.7396,0.28,1.1472,18014.86
12670,-0.041,1,1,-3.7972,3.7568,0.29,0.0232,18014.88
12671,-0.05,1,1,-3.7559,3.7751,0.3,0.0224,18014.9
12672,-3.5216,50,0,-3.7521,3.7751,0.3,1.0995,18016.0
12673,-2.7194,50,0,-3.7525,3.775,0.3,1.0958,18017.1
12674,-4.694,50,0,-3.7588,3.7761,0.3,1.1694,18018.27
12675,-22.3635,50,0,-3.9822,4.187,0.29,1.1324,18019.4
12676,-5.4594,50,0,-3.9892,4.1889,0.29,1.2312,18020.63
12677,-6.3524,50,0,-4.0068,4.1951,0.29,1.3357,18021.97
12678,-5.0357,50,0,-4.0026,4.1939,0.29,1.3526,18023.32
12679,-9.6342,50,0,-4.0549,4.231,0.29,1.6575,18024.98
12680,-5.2245,50,0,-4.1068,4.2131,0.28,1.5087,18026.48
12681,-6.52,50,0,-4.1355,4.2196,0.28,1.3819,18027.87
12682,-0.0354,1,1,-4.1003,4.239,0.29,0.0292,18027.9
12683,-0.0371,1,1,-4.0686,4.2574,0.3,0.0238,18027.92
12684,-0.5274,8,1,-4.0387,4.2716,0.31,0.1984,18028.12
12685,-0.0117,1,1,-4.0053,4.2898,0.32,0.0293,18028.15
12686,-2.7599,50,0,-4.0328,4.273,0.31,1.2082,18029.35
12687,-4.3153,50,0,-4.0757,4.254,0.3,1.1372,18030.49
12688,-3.9813,50,0,-4.0802,4.2536,0.3,1.154,18031.65
12689,-0.0298,1,1,-4.0489,4.2718,0.31,0.0394,18031.69
12690,-5.9428,50,0,-4.07,4.2759,0.31,1.5077,18033.19
12691,-4.5989,50,0,-4.1158,4.2568,0.3,1.4274,18034.62
12692,-2.5747,50,0,-4.0964,4.2593,0.3,1.3606,18035.98
12693,-2.6781,50,0,-4.0718,4.2603,0.3,1.3164,18037.3
12694,-4.2454,50,0,-4.0756,4.2603,0.3,1.4682,18038.77
12695,-5.3605,50,0,-4.1017,4.2601,0.3,1.3755,18040.14
12696,-4.9464,50,0,-4.151,4.241,0.29,1.4674,18041.61
12697,-8.7974,50,0,-4.193,4.2659,0.29,1.4974,18043.11
12698,-0.0403,1,1,-4.1362,4.283,0.3,0.0257,18043.13
12699,-0.0432,1,1,-4.1362,4.283,0.3,0.027,18043.16
12700,-5.6039,50,0,-4.1432,4.2849,0.3,1.4402,18044.6
12701,-7.0502,50,0,-4.2077,4.2796,0.29,1.474,18046.07
12702,-7.2158,50,0,-4.2304,4.2895,0.29,1.4139,18047.49
12703,-0.0186,1,1,-4.1888,4.3099,0.3,0.0313,18047.52
12704,-1.9489,23,1,-4.1754,4.3148,0.31,0.6208,18048.14
12705,-5.3756,50,0,-4.1783,4.3155,0.31,1.4581,18049.6
12706,-2.4594,24,1,-4.1681,4.3183,0.32,0.6776,18050.27
12707,-0.0195,1,1,-4.1206,4.3376,0.33,0.0267,18050.3
12708,-1.3302,17,1,-4.0893,4.3463,0.34,0.4956,18050.8
12709,-18.9207,50,0,-4.2781,4.5705,0.33,1.4681,18052.26
12710,-7.5961,50,0,-4.3145,4.5823,0.33,1.4215,18053.69
12711,-0.0389,1,1,-4.3144,4.5823,0.33,0.0298,18053.72
12712,-8.2833,50,0,-4.3717,4.5958,0.33,1.4968,18055.21
12713,-2.6603,50,0,-4.3876,4.5871,0.32,1.4395,18056.65
12714,-0.5063,7,1,-4.3591,4.6022,0.33,0.2311,18056.88
12715,-4.3564,50,0,-4.3422,4.5991,0.33,2.0443,18058.93
12716,-6.7408,50,0,-4.3505,4.6026,0.33,1.6148,18060.54
12717,-0.0446,1,1,-4.2909,4.6194,0.34,0.0408,18060.58
12718,-0.0297,1,1,-4.2511,4.6387,0.35,0.0312,18060.61
12719,-16.3205,50,0,-4.3694,4.7917,0.35,2.1841,18062.8
12720,-2.6576,50,0,-4.3839,4.7843,0.34,2.1093,18064.91
12721,-10.1832,50,0,-4.2762,4.5241,0.34,2.7663,18067.67
12722,-4.3062,50,0,-4.2812,4.5238,0.34,2.4224,18070.1
12723,-1.68,19,1,-4.2643,4.5304,0.35,0.6849,18070.78
12724,-7.9957,50,0,-4.3442,4.525,0.34,1.8485,18072.63
12725,-1.5939,18,1,-4.2993,4.5298,0.35,0.6974,18073.33
12726,-0.0135,1,1,-4.2474,4.5488,0.36,0.0365,18073.36
12727,-3.5256,50,0,-4.1015,4.3304,0.36,1.5461,18074.91
12728,-6.8666,50,0,-4.1698,4.3196,0.35,1.4297,18076.34
12729,-1.4583,18,1,-4.1368,4.3276,0.36,0.4927,18076.83
12730,-0.644,13,1,-4.1015,4.3416,0.37,0.3491,18077.18
12731,-1.7606,24,1,-4.0701,4.347,0.38,0.6812,18077.86
12732,-4.6096,50,0,-4.116,4.3282,0.37,3.3029,18081.17
12733,-3.7073,50,0,-4.1273,4.3256,0.37,1.3396,18082.51
12734,-0.0293,1,1,-4.0767,4.3436,0.38,0.0268,18082.53
12735,-7.5038,50,0,-4.1513,4.3378,0.37,1.3334,18083.87
12736,-6.7609,50,0,-4.1674,4.3444,0.37,1.2273,18085.09
12737,-0.0489,1,1,-4.1674,4.3444,0.37,0.0292,18085.12
12738,-3.4872,50,0,-4.1547,4.3445,0.37,1.4058,18086.53
12739,-2.9129,50,0,-4.1251,4.3428,0.37,1.6358,18088.16
12740,-2.8138,41,1,-4.1531,4.3252,0.37,1.2069,18089.37
12741,-20.4908,50,0,-4.3509,4.6064,0.36,1.1603,18090.53
12742,-4.633,50,0,-4.3969,4.586,0.35,1.15,18091.68
12743,-11.8279,50,0,-4.4665,4.6451,0.35,1.1515,18092.83
12744,-4.4238,50,0,-4.4712,4.6448,0.35,1.2263,18094.06
12745,-0.0499,1,1,-4.4192,4.6649,0.36,0.0262,18094.08
12746,-0.0265,1,1,-4.382,4.6849,0.37,0.0209,18094.11
12747,-0.9993,16,1,-4.358,4.696,0.38,0.3731,18094.48
12748,-1.37,15,1,-4.3388,4.7042,0.39,0.3373,18094.82
12749,-3.1541,50,0,-4.3446,4.7024,0.39,1.175,18095.99
12750,-1.4113,20,1,-4.3472,4.7007,0.39,0.4755,18096.47
12751,-0.0213,1,1,-4.3469,4.701,0.39,0.0231,18096.49
12752,-0.0343,1,1,-4.347,4.7009,0.39,0.0254,18096.52
12753,-7.0702,50,0,-4.3647,4.7078,0.39,1.1802,18097.7
12754,-6.6065,50,0,-4.3623,4.7066,0.39,1.1456,18098.84
12755,-0.0232,1,1,-4.3506,4.7159,0.39,0.0263,18098.87
12756,-0.0305,1,1,-4.3027,4.7352,0.4,0.028,18098.9
12757,-5.3223,50,0,-4.2961,4.7333,0.4,1.1633,18100.06
12758,-1.8606,23,1,-4.2661,4.7391,0.41,0.527,18100.59
12759,-4.8732,50,0,-4.3117,4.7228,0.4,1.1368,18101.72
12760,-5.1363,50,0,-4.3084,4.7221,0.4,1.149,18102.87
12761,-5.5172,50,0,-4.3159,4.7235,0.4,1.1703,18104.04
12762,-5.6719,50,0,-4.3549,4.7184,0.39,1.203,18105.24
12763,-20.2788,50,0,-4.5532,4.9606,0.38,1.252,18106.5
12764,-4.557,50,0,-4.5386,4.9584,0.38,1.4335,18107.93
12765,-4.427,50,0,-4.5129,4.9522,0.38,1.2913,18109.22
12766,-5.3152,50,0,-4.4633,4.919,0.38,1.1858,18110.41
12767,-2.1758,35,1,-4.4846,4.9045,0.38,0.7888,18111.2
12768,-0.0421,1,1,-4.2443,4.512,0.39,0.0226,18111.22
12769,-5.1009,50,0,-4.2607,4.5121,0.39,1.2408,18112.46
12770,-6.5483,50,0,-4.3258,4.4977,0.38,1.3689,18113.83
12771,-5.47,50,0,-4.38,4.4784,0.37,1.4596,18115.29
12772,-5.542,50,0,-4.4002,4.4791,0.37,1.4338,18116.72
12773,-4.0814,50,0,-4.4138,4.476,0.37,1.4451,18118.17
12774,-0.0459,1,1,-4.3673,4.4969,0.38,0.026,18118.19
12775,-0.6983,14,1,-4.1507,4.1318,0.39,0.3935,18118.59
12776,-5.643,50,0,-4.1525,4.1324,0.39,1.3511,18119.94
12777,-1.5659,20,1,-4.1046,4.1344,0.4,0.5729,18120.51
12778,-4.8765,50,0,-4.103,4.134,0.4,1.3864,18121.9
12779,-2.6259,32,1,-4.033,4.0989,0.41,0.9083,18122.81
12780,-4.2672,50,0,-4.0234,4.0972,0.41,1.4473,18124.25
12781,-4.6416,50,0,-4.0046,4.0901,0.41,1.4242,18125.68
12782,-1.1176,17,1,-4.0154,4.081,0.41,0.4891,18126.17
12783,-3.8172,50,0,-4.0532,4.0614,0.4,1.4105,18127.58
12784,-5.5395,50,0,-4.1034,4.0485,0.39,1.3879,18128.96
12785,-3.5859,50,0,-4.1391,4.0279,0.38,1.4589,18130.42
12786,-0.0408,1,1,-4.1119,4.0463,0.39,0.0308,18130.45
12787,-4.4316,50,0,-4.1131,4.0464,0.39,1.4549,18131.91
12788,-3.9321,50,0,-4.1126,4.0464,0.39,1.4585,18133.37
12789,-0.0328,1,1,-4.1126,4.0463,0.39,0.0323,18133.4
12790,-4.5022,50,0,-4.0982,4.0424,0.39,1.4175,18134.82
12791,-8.029,50,0,-4.1325,4.061,0.39,1.4047,18136.22
12792,-3.2938,50,0,-4.1397,4.0588,0.39,1.3447,18137.57
12793,-1.5936,16,1,-4.1288,4.0642,0.4,0.4411,18138.01
12794,-4.5701,50,0,-4.1321,4.0644,0.4,1.4356,18139.44
12795,-4.2168,50,0,-4.1207,4.0625,0.4,1.4781,18140.92
12796,-0.027,1,1,-4.0715,4.082,0.41,0.0275,18140.95
12797,-3.8582,50,0,-4.0221,4.0543,0.41,1.5973,18142.55
12798,-3.9956,50,0,-4.0616,4.0345,0.4,1.5843,18144.13
12799,-6.2277,50,0,-4.1235,4.0198,0.39,1.6324,18145.76
12800,-3.2714,50,0,-4.1001,4.0179,0.39,1.5903,18147.35
12801,-0.0403,1,1,-4.03,4.027,0.4,0.0326,18147.39
12802,-9.7602,50,0,-4.0555,4.055,0.4,1.2702,18148.66
12803,-16.2089,50,0,-4.2174,4.2108,0.39,1.4237,18150.08
12804,-5.3424,50,0,-4.2513,4.206,0.38,1.3969,18151.48
12805,-3.7445,50,0,-4.235,4.2048,0.38,1.3688,18152.85
12806,-4.4536,50,0,-4.255,4.201,0.37,1.6499,18154.5
12807,-3.2107,50,0,-4.2869,4.1808,0.36,1.6229,18156.12
12808,-0.0459,1,1,-4.274,4.1918,0.36,0.0329,18156.15
12809,-2.8542,50,0,-4.1134,3.9269,0.36,1.6793,18157.83
12810,-1.1625,22,1,-4.049,3.922,0.37,0.5655,18158.4
12811,-0.8118,14,1,-4.0568,3.9149,0.37,0.3363,18158.73
12812,-4.4039,50,0,-4.018,3.892,0.37,1.4203,18160.15
12813,-4.9232,50,0,-4.0406,3.8906,0.37,1.4695,18161.62
12814,-5.7904,50,0,-4.0934,3.8781,0.36,1.2834,18162.91
12815,-3.7871,50,0,-4.0877,3.8781,0.36,1.2059,18164.11
12816,-8.7155,50,0,-4.1075,3.8965,0.36,1.1815,18165.29
12817,-4.8652,50,0,-4.1557,3.8757,0.35,1.1843,18166.48
12818,-4.7479,50,0,-4.2029,3.8539,0.34,1.2698,18167.75
12819,-3.2441,50,0,-4.0721,3.6573,0.34,1.2017,18168.95
12820,-0.0294,1,1,-4.0458,3.6768,0.35,0.0234,18168.97
12821,-5.2616,50,0,-3.9966,3.6269,0.35,1.2055,18170.18
12822,-14.1585,50,0,-4.0951,3.7652,0.35,1.1325,18171.31
12823,-4.3488,50,0,-4.1218,3.7574,0.34,1.1435,18172.45
12824,-0.0134,1,1,-4.042,3.7591,0.35,0.0249,18172.48
12825,-0.0431,1,1,-4.0265,3.7723,0.35,0.0241,18172.5
12826,-0.0314,1,1,-4.0267,3.7721,0.35,0.0241,18172.53
12827,-22.1392,50,0,-4.2128,4.18,0.35,1.1341,18173.66
12828,-0.0231,1,1,-4.1444,4.192,0.36,0.0226,18173.68
12829,-8.1312,50,0,-4.2111,4.2018,0.35,1.1489,18174.83
12830,-1.223,14,1,-4.2169,4.1973,0.35,0.3138,18175.15
12831,-2.7385,50,0,-4.2267,4.1927,0.34,1.1489,18176.3
12832,-0.039,1,1,-4.181,4.2131,0.35,0.032,18176.33
12833,-0.0413,1,1,-4.1443,4.233,0.36,0.0405,18176.37
12834,-4.2882,50,0,-4.1869,4.2127,0.35,1.496,18177.86
12835,-6.9861,50,0,-4.1817,4.209,0.35,1.6121,18179.48
12836,-3.6551,50,0,-4.1507,4.2013,0.35,1.4892,18180.96
12837,-6.6948,50,0,-4.2171,4.1884,0.34,1.5559,18182.52
12838,-21.1327,50,0,-4.3936,4.5131,0.34,1.312,18183.83
12839,-3.5079,50,0,-4.3995,4.5115,0.34,1.2788,18185.11
12840,-5.9751,50,0,-4.4311,4.5113,0.33,1.3863,18186.5
12841,-2.5401,50,0,-4.2516,4.2162,0.33,1.3465,18187.84
12842,-19.3902,50,0,-4.3992,4.4772,0.33,1.2956,18189.14
12843,-5.4954,50,0,-4.3359,4.416,0.33,1.268,18190.41
12844,-3.1544,50,0,-4.3232,4.4176,0.33,1.2955,18191.7
12845,-0.0394,1,1,-4.3231,4.4177,0.33,0.0273,18191.73
12846,-3.5585,50,0,-4.3584,4.3973,0.32,1.3843,18193.11
12847,-10.4607,50,0,-4.453,4.4257,0.31,1.3297,18194.44
12848,-5.7772,50,0,-4.4971,4.4167,0.3,1.3651,18195.81
12849,-5.5643,50,0,-4.5212,4.4159,0.3,1.367,18197.18
12850,-0.0329,1,1,-4.5074,4.4277,0.3,0.0264,18197.2
12851,-5.8598,50,0,-4.5658,4.4066,0.29,1.3127,18198.52
12852,-3.8277,50,0,-4.6037,4.3837,0.28,1.3552,18199.87
12853,-4.9853,50,0,-4.5829,4.3769,0.28,1.2115,18201.08
12854,-0.0459,1,1,-4.5173,4.3952,0.29,0.0252,18201.11
12855,-19.2286,50,0,-4.7093,4.609,0.28,1.3454,18202.45
12856,-3.2778,50,0,-4.7418,4.5873,0.27,1.3173,18203.77
12857,-4.014,50,0,-4.7287,4.5875,0.27,1.3281,18205.1
12858,-0.0315,1,1,-4.7104,4.6025,0.27,0.0233,18205.12
12859,-0.035,1,1,-4.662,4.6259,0.28,0.0239,18205.15
12860,-0.0461,1,1,-4.6111,4.6484,0.29,0.0299,18205.18
12861,-5.4627,50,0,-4.6106,4.6483,0.29,1.2762,18206.45
12862,-4.847,50,0,-4.6023,4.6471,0.29,1.1907,18207.64
12863,-6.1633,50,0,-4.4612,4.3752,0.29,1.1986,18208.84
12864,-8.2865,50,0,-4.4985,4.3918,0.29,1.3417,18210.18
12865,-3.5392,50,0,-4.4896,4.3928,0.29,1.2728,18211.46
12866,-5.9226,50,0,-4.4957,4.3943,0.29,1.1961,18212.65
12867,-6.618,50,0,-4.5401,4.3931,0.28,1.3447,18214.0
12868,-6.161,50,0,-4.6013,4.3726,0.27,1.2297,18215.23
12869,-6.023,50,0,-4.6105,4.3746,0.27,1.3236,18216.55
12870,-7.7431,50,0,-4.6225,4.3815,0.27,1.313,18217.86
12871,-6.3462,50,0,-4.6312,4.3841,0.27,1.2104,18219.07
12872,-1.4575,19,1,-4.5904,4.3944,0.28,0.4927,18219.57
12873,-3.3421,35,1,-4.583,4.3959,0.29,0.9157,18220.48
12874,-2.981,50,0,-4.6123,4.3753,0.28,1.2083,18221.69
12875,-5.5463,50,0,-4.6608,4.3584,0.27,1.2452,18222.94
12876,-0.0444,1,1,-4.6048,4.3814,0.28,0.0302,18222.97
12877,-5.5812,50,0,-4.645,4.3717,0.27,1.319,18224.28
12878,-14.5764,50,0,-4.742,4.482,0.27,1.3063,18225.59
12879,-5.0868,50,0,-4.7666,4.4771,0.26,1.4105,18227.0
12880,-4.58,50,0,-4.7697,4.4768,0.26,1.3933,18228.39
12881,-0.0256,1,1,-4.7236,4.5016,0.27,0.0301,18228.42
12882,-6.5783,50,0,-4.7782,4.4907,0.26,1.4463,18229.87
12883,-3.3496,50,0,-4.7735,4.4919,0.26,1.6614,18231.53
12884,-7.6699,50,0,-4.7948,4.5005,0.26,1.6153,18233.15
12885,-3.1382,50,0,-4.7903,4.502,0.26,1.4909,18234.64
12886,-2.6915,50,0,-4.8168,4.4817,0.25,1.4806,18236.12
12887,-6.3782,50,0,-4.8363,4.4842,0.25,1.3369,18237.46
12888,-10.1664,50,0,-4.8986,4.5144,0.25,1.1482,18238.6
12889,-5.0035,50,0,-4.9483,4.4879,0.24,1.1569,18239.76
12890,-0.0302,1,1,-4.9036,4.5143,0.25,0.0345,18239.8
12891,-3.8567,50,0,-4.8619,4.5045,0.25,1.2818,18241.08
12892,-6.746,50,0,-4.8964,4.5056,0.25,1.1685,18242.25
12893,-6.5997,50,0,-4.9465,4.4964,0.24,1.1145,18243.36
12894,-5.3184,50,0,-4.954,4.4964,0.24,1.1432,18244.5
12895,-4.0318,50,0,-4.9521,4.4967,0.24,1.4552,18245.96
12896,-0.0144,1,1,-4.952,4.4968,0.24,0.029,18245.99
12897,-4.6524,50,0,-4.9599,4.4956,0.24,1.5237,18247.51
12898,-6.799,50,0,-4.988,4.4983,0.24,1.419,18248.93
12899,-4.6623,50,0,-4.9723,4.4966,0.24,1.3156,18250.25
12900,-0.5198,7,1,-4.9448,4.5153,0.25,0.1517,18250.4
12901,-5.0229,50,0,-4.9946,4.4884,0.24,1.1508,18251.55
12902,-2.7257,50,0,-4.9243,4.4682,0.24,1.118,18252.67
12903,-3.825,50,0,-4.8004,4.323,0.24,1.1546,18253.82
12904,-4.3344,50,0,-4.7904,4.3229,0.24,1.165,18254.99
12905,-6.9777,50,0,-4.8227,4.327,0.24,1.1543,18256.14
12906,-0.0308,1,1,-4.7785,4.3531,0.25,0.0202,18256.16
12907,-1.3834,16,1,-4.7602,4.3634,0.26,0.3501,18256.51
12908,-5.6926,50,0,-4.8167,4.3385,0.25,1.1715,18257.68
12909,-4.8623,50,0,-4.8367,4.3341,0.25,1.1661,18258.85
12910,-3.4765,50,0,-4.8599,4.3205,0.24,1.1117,18259.96
12911,-3.0246,50,0,-4.882,4.3054,0.23,1.1742,18261.13
12912,-0.0301,1,1,-4.8383,4.3322,0.24,0.0208,18261.16
12913,-5.1464,50,0,-4.8405,4.3323,0.24,1.1468,18262.3
12914,-4.2687,50,0,-4.8253,4.3316,0.24,1.1289,18263.43
12915,-0.047,1,1,-4.7879,4.3564,0.25,0.0223,18263.45
12916,-0.0384,1,1,-4.7011,4.3638,0.26,0.025,18263.48
12917,-0.3012,6,1,-4.6555,4.3856,0.27,0.1377,18263.62
12918,-5.3705,50,0,-4.6617,4.3862,0.27,1.0997,18264.72
12919,-2.94,50,0,-4.6586,4.3873,0.27,1.0729,18265.79
12920,-4.9107,50,0,-4.7075,4.3626,0.26,1.089,18266.88
12921,-0.0209,1,1,-4.6551,4.387,0.27,0.0254,18266.9
12922,-5.2099,50,0,-4.5656,4.2823,0.27,1.1014,18268.0
12923,-6.328,50,0,-4.5854,4.2858,0.27,1.1133,18269.12
12924,-0.8031,14,1,-4.5933,4.2781,0.27,0.3185,18269.44
12925,-5.3453,50,0,-4.6463,4.2541,0.26,1.1348,18270.57
12926,-9.2372,50,0,-4.7383,4.2529,0.25,1.0946,18271.67
12927,-0.0341,1,1,-4.5173,3.9028,0.26,0.0203,18271.69
12928,-8.5285,50,0,-4.6023,3.8966,0.25,1.1304,18272.82
12929,-0.0347,1,1,-4.5214,3.9065,0.26,0.0254,18272.84
12930,-4.4413,50,0,-4.5536,3.8924,0.25,1.1102,18273.95
12931,-5.3678,50,0,-4.5799,3.889,0.25,1.0907,18275.04
12932,-3.0332,50,0,-4.6098,3.8654,0.24,1.1311,18276.17
12933,-1.2938,25,1,-4.6223,3.8525,0.24,0.5589,18276.73
12934,-5.0059,50,0,-4.6295,3.8526,0.24,1.1074,18277.84
12935,-3.1154,50,0,-4.5908,3.8481,0.24,1.123,18278.96
12936,-4.4227,50,0,-4.5985,3.847,0.24,1.1166,18280.08
12937,-0.0376,1,1,-4.5319,3.8677,0.25,0.0236,18280.1
12938,-0.0367,1,1,-4.3209,3.5158,0.26,0.0251,18280.13
12939,-4.7235,50,0,-4.3331,3.5151,0.26,1.1467,18281.27
12940,-4.8576,50,0,-4.3219,3.5116,0.26,1.1163,18282.39
12941,-0.8996,12,1,-4.3055,3.5237,0.27,0.2609,18282.65
12942,-3.69,50,0,-4.1485,3.1812,0.27,1.1138,18283.77
12943,-1.5636,20,1,-4.1092,3.1886,0.28,0.4636,18284.23
12944,-2.7457,50,0,-4.1051,3.1901,0.28,1.1382,18285.37
12945,-4.68,50,0,-4.1515,3.1643,0.27,1.1315,18286.5
12946,-3.4347,50,0,-4.1503,3.1646,0.27,1.1448,18287.64
12947,-0.0085,1,1,-4.0457,3.1268,0.28,0.0241,18287.67
12948,-0.0258,1,1,-3.9882,3.1472,0.29,0.0239,18287.69
12949,-4.5417,50,0,-3.978,3.1438,0.29,1.1101,18288.8
12950,-4.0652,50,0,-4.0183,3.1187,0.28,1.1184,18289.92
12951,-4.0691,50,0,-4.0004,3.1132,0.28,1.1349,18291.06
12952,-4.3122,50,0,-4.0053,3.1133,0.28,1.1198,18292.18
12953,-5.1237,50,0,-4.0066,3.1137,0.28,1.133,18293.31
12954,-7.3274,50,0,-4.0795,3.1054,0.27,1.1192,18294.43
12955,-22.6681,50,0,-4.1139,3.2867,0.27,1.1017,18295.53
12956,-4.7703,50,0,-4.1288,3.2863,0.27,1.1154,18296.64
12957,-4.5496,50,0,-4.1341,3.2866,0.27,1.1367,18297.78
12958,-4.1419,50,0,-4.1752,3.2606,0.26,1.1084,18298.89
12959,-3.0136,50,0,-4.205,3.2361,0.25,1.1268,18300.02
12960,-6.2767,50,0,-4.2673,3.2154,0.24,1.1302,18301.15
12961,-4.2546,50,0,-4.2553,3.2131,0.24,1.0957,18302.24
12962,-3.4552,50,0,-4.2413,3.2136,0.24,1.0895,18303.33
12963,-0.0477,1,1,-4.1802,3.2345,0.25,0.0202,18303.35
12964,-5.1684,50,0,-4.149,3.2097,0.25,1.1061,18304.46
12965,-0.0456,1,1,-4.1141,3.2351,0.26,0.0236,18304.48
12966,-0.04,1,1,-4.0552,3.2551,0.27,0.0221,18304.5
12967,-19.2658,50,0,-4.1817,3.5815,0.27,1.0922,18305.6
12968,-0.0125,1,1,-4.1202,3.5998,0.28,0.024,18305.62
12969,-4.1082,50,0,-4.1011,3.5947,0.28,1.1094,18306.73
12970,-4.8822,50,0,-4.0725,3.5769,0.28,1.115,18307.84
12971,-0.0469,1,1,-4.0095,3.5918,0.29,0.0209,18307.87
12972,-0.0462,1,1,-3.9954,3.6045,0.29,0.0201,18307.89
12973,-0.0263,1,1,-3.9622,3.6256,0.29,0.0268,18307.91
12974,-4.076,50,0,-3.9732,3.6242,0.29,1.129,18309.04
12975,-4.8996,50,0,-3.9667,3.622,0.29,1.1213,18310.16
12976,-5.611,50,0,-4.0224,3.604,0.28,1.119,18311.28
12977,-5.359,50,0,-4.0201,3.6031,0.28,1.1023,18312.38
12978,-6.9253,50,0,-3.9436,3.4564,0.28,1.1471,18313.53
12979,-3.709,50,0,-3.9298,3.4546,0.28,1.2394,18314.77
12980,-0.0497,1,1,-3.8845,3.4754,0.29,0.0263,18314.8
12981,-0.0446,1,1,-3.8847,3.4752,0.29,0.0268,18314.82
12982,-4.1944,50,0,-3.8609,3.4648,0.29,1.1708,18315.99
12983,-0.0124,1,1,-3.8275,3.4856,0.3,0.0215,18316.02
12984,-4.2004,50,0,-3.7928,3.4643,0.3,1.1068,18317.12
12985,-3.7263,50,0,-3.7987,3.4637,0.3,1.1133,18318.24
12986,-5.7701,50,0,-3.8295,3.4674,0.3,1.1365,18319.37
12987,-4.0101,50,0,-3.8058,3.458,0.3,1.1338,18320.51
12988,-11.7356,50,0,-3.8215,3.4902,0.3,1.1369,18321.64
12989,-5.094,50,0,-3.8224,3.4906,0.3,1.1445,18322.79
12990,-4.4746,50,0,-3.8669,3.4702,0.29,1.1182,18323.91
12991,-2.9409,50,0,-3.8577,3.4715,0.29,1.1127,18325.02
12992,-4.2006,50,0,-3.8322,3.4595,0.29,1.1167,18326.13
12993,-2.6934,50,0,-3.7932,3.4501,0.29,1.1258,18327.26
12994,-3.8672,50,0,-3.7787,3.4467,0.29,1.122,18328.38
12995,-4.0191,50,0,-3.7785,3.4467,0.29,1.1023,18329.48
12996,-0.0288,1,1,-3.7787,3.4465,0.29,0.0248,18329.51
12997,-0.0492,1,1,-3.7327,3.4652,0.3,0.0239,18329.53
12998,-5.0342,50,0,-3.715,3.454,0.3,1.1324,18330.67
12999,-4.7824,50,0,-3.7162,3.4544,0.3,1.1253,18331.79
13000,-5.3796,50,0,-3.7648,3.4432,0.29,1.9685,18333.76
13001,-3.3394,50,0,-3.748,3.4412,0.29,1.12,18334.88
13002,-4.2575,50,0,-3.7633,3.44,0.29,1.1172,18336.0
13003,-3.6768,50,0,-3.7618,3.44,0.29,1.1074,18337.1
13004,-5.4406,50,0,-3.7729,3.4436,0.29,1.1264,18338.23
13005,-0.0274,1,1,-3.7034,3.4483,0.3,0.0242,18338.26
13006,-2.5695,50,0,-3.7287,3.4305,0.29,1.1066,18339.36
13007,-3.6034,50,0,-3.7509,3.4224,0.28,1.0976,18340.46
13008,-5.2967,50,0,-3.747,3.4204,0.28,1.106,18341.57
13009,-0.0262,1,1,-3.6986,3.4384,0.29,0.024,18341.59
13010,-2.7316,50,0,-3.6912,3.4397,0.29,1.1487,18342.74
13011,-3.9613,50,0,-3.7005,3.4392,0.29,1.0969,18343.83
13012,-2.6345,50,0,-3.7266,3.4211,0.28,1.1289,18344.96
13013,-2.9867,50,0,-3.705,3.4189,0.28,1.1136,18346.08
13014,-0.0255,1,1,-3.6626,3.4379,0.29,0.023,18346.1
13015,-0.0461,1,1,-3.6626,3.4379,0.29,0.0213,18346.12
13016,-0.029,1,1,-3.6625,3.438,0.29,0.0231,18346.14
13017,-4.9335,50,0,-3.7088,3.4236,0.28,1.1207,18347.27
13018,-3.9094,50,0,-3.6942,3.4196,0.28,1.1499,18348.42
13019,-3.7317,50,0,-3.7021,3.4187,0.28,1.139,18349.55
13020,-4.0645,50,0,-3.6936,3.4168,0.28,1.1084,18350.66
13021,-4.5811,50,0,-3.7392,3.3978,0.27,1.1338,18351.8
13022,-17.4785,50,0,-3.8619,3.6601,0.27,1.0911,18352.89
13023,-4.239,50,0,-3.841,3.6519,0.27,1.1215,18354.01
13024,-3.026,50,0,-3.8633,3.6401,0.26,1.1239,18355.13
13025,-7.5219,50,0,-3.885,3.6554,0.26,1.0863,18356.22
13026,-5.8608,50,0,-3.8513,3.6212,0.26,1.0937,18357.31
13027,-3.3648,50,0,-3.8846,3.6012,0.25,1.116,18358.43
13028,-0.0213,1,1,-3.7995,3.591,0.26,0.0205,18358.45
13029,-3.7439,50,0,-3.8366,3.571,0.25,1.137,18359.59
13030,-4.326,50,0,-3.8354,3.5708,0.25,1.1075,18360.69
13031,-5.336,50,0,-3.8351,3.5707,0.25,1.1314,18361.83
13032,-5.48,50,0,-3.8596,3.5735,0.25,1.1349,18362.96
13033,-4.7052,50,0,-3.8937,3.5651,0.24,1.0942,18364.05
13034,-0.014,1,1,-3.8438,3.5841,0.25,0.0237,18364.08
13035,-4.7086,50,0,-3.8597,3.5843,0.25,1.0881,18365.17
13036,-5.1271,50,0,-3.8667,3.5861,0.25,1.1247,18366.29
13037,-5.2839,50,0,-3.9192,3.5681,0.24,1.0942,18367.39
13038,-0.0451,1,1,-3.9193,3.568,0.24,0.0199,18367.41
13039,-12.9132,50,0,-4.0012,3.6778,0.24,1.1277,18368.53
13040,-2.6282,50,0,-3.9789,3.6793,0.24,1.1262,18369.66
13041,-5.0289,50,0,-4.0202,3.6677,0.23,1.1074,18370.77
13042,-0.0416,1,1,-3.9837,3.6888,0.24,0.0211,18370.79
13043,-0.0387,1,1,-3.9685,3.7019,0.24,0.0221,18370.81
13044,-3.8957,50,0,-3.98,3.6999,0.24,1.0986,18371.91
13045,-6.5628,50,0,-3.9988,3.7082,0.24,1.1914,18373.1
13046,-4.6893,50,0,-4.0113,3.7084,0.24,1.2607,18374.36
13047,-3.5354,50,0,-4.0466,3.6869,0.23,1.2227,18375.58
13048,-6.1475,50,0,-4.1078,3.6704,0.22,1.1569,18376.74
13049,-4.5246,50,0,-4.1076,3.6704,0.22,1.1388,18377.88
13050,-4.6061,50,0,-4.1131,3.6707,0.22,1.1269,18379.01
13051,-24.2315,50,0,-4.3147,4.181,0.22,1.1584,18380.16
13052,-3.8232,50,0,-4.3098,4.1813,0.22,1.2356,18381.4
13053,-2.6579,50,0,-4.2851,4.1837,0.22,1.3471,18382.75
13054,-4.7627,50,0,-4.2595,4.1728,0.22,1.1597,18383.91
13055,-7.2765,50,0,-4.1056,3.7538,0.22,1.1017,18385.01
13056,-2.6705,50,0,-4.0846,3.7559,0.22,1.1459,18386.15
13057,-0.0288,1,1,-4.0394,3.7772,0.23,0.0262,18386.18
13058,-3.3051,50,0,-4.031,3.7779,0.23,1.1055,18387.29
13059,-4.0846,50,0,-4.0417,3.7765,0.23,1.1357,18388.42
13060,-0.0368,1,1,-3.9793,3.7906,0.24,0.0229,18388.44
13061,-3.587,50,0,-3.9726,3.7907,0.24,1.1063,18389.55
13062,-2.8813,50,0,-3.9669,3.7919,0.24,1.1855,18390.74
13063,-4.5981,50,0,-4.0124,3.7718,0.23,1.18,18391.92
13064,-8.5018,50,0,-4.0457,3.7965,0.23,1.1672,18393.08
13065,-0.046,1,1,-4.0457,3.7965,0.23,0.0259,18393.11
13066,-8.0341,50,0,-4.1257,3.7955,0.22,1.1317,18394.24
13067,-5.6796,50,0,-3.9898,3.4813,0.22,1.1268,18395.37
13068,-4.1218,50,0,-4.0309,3.4583,0.21,1.1145,18396.48
13069,-4.7298,50,0,-4.0371,3.459,0.21,1.1441,18397.63
13070,-6.0169,50,0,-4.0485,3.4636,0.21,1.1754,18398.8
13071,-8.1089,50,0,-4.1291,3.4633,0.2,1.1107,18399.91
13072,-4.1904,50,0,-4.1705,3.4389,0.19,1.1292,18401.04
13073,-0.7738,13,1,-4.178,3.4307,0.19,0.2853,18401.33
13074,-6.5457,50,0,-4.2027,3.4388,0.19,1.1031,18402.43
13075,-0.0467,1,1,-4.1542,3.4627,0.2,0.0222,18402.45
13076,-5.1704,50,0,-4.1498,3.4612,0.2,1.1406,18403.59
13077,-4.6972,50,0,-4.1432,3.4595,0.2,1.1459,18404.74
13078,-5.3919,50,0,-4.1278,3.4505,0.2,1.0975,18405.84
13079,-3.6506,50,0,-4.1272,3.4506,0.2,1.1034,18406.94
13080,-4.8078,50,0,-4.1748,3.4267,0.19,1.1089,18408.05
13081,-0.0471,1,1,-4.1748,3.4267,0.19,0.0243,18408.07
13082,-4.7145,50,0,-4.18,3.4271,0.19,1.086,18409.16
13083,-8.6432,50,0,-4.2664,3.4298,0.18,1.1218,18410.28
13084,-19.933,50,0,-4.4237,3.7674,0.18,1.1088,18411.39
13085,-3.9684,50,0,-4.4261,3.767,0.18,1.1171,18412.51
13086,-6.2571,50,0,-4.431,3.769,0.18,1.089,18413.6
13087,-10.3157,50,0,-4.494,3.8139,0.18,1.089,18414.68
13088,-5.0433,50,0,-4.4271,3.7444,0.18,1.0767,18415.76
13089,-8.3217,50,0,-4.4594,3.7638,0.18,1.1387,18416.9
13090,-1.0017,20,1,-4.4246,3.7795,0.19,0.4372,18417.34
13091,-5.1377,50,0,-4.4466,3.7772,0.19,1.1137,18418.45
13092,-6.6421,50,0,-4.471,3.7834,0.19,1.0782,18419.53
13093,-4.1354,50,0,-4.4855,3.7794,0.19,1.0853,18420.61
13094,-5.5849,50,0,-4.5026,3.7804,0.19,1.1244,18421.74
13095,-0.0465,1,1,-4.4629,3.8061,0.2,0.0214,18421.76
13096,-7.1614,50,0,-4.5342,3.7891,0.19,1.0998,18422.86
13097,-4.9142,50,0,-4.5829,3.7624,0.18,1.1318,18423.99
13098,-2.0835,37,1,-4.5534,3.7703,0.19,0.8149,18424.81
13099,-0.026,1,1,-4.5058,3.797,0.2,0.0192,18424.83
13100,-5.5572,50,0,-4.5076,3.7974,0.2,1.1003,18425.93
13101,-0.5274,10,1,-4.4795,3.8164,0.21,0.226,18426.15
13102,-3.9125,50,0,-4.476,3.8167,0.21,1.0993,18427.25
13103,-0.0098,1,1,-4.4393,3.8417,0.22,0.0203,18427.27
13104,-2.9931,50,0,-4.4149,3.8431,0.22,1.0919,18428.36
13105,-3.0712,50,0,-4.4453,3.8202,0.21,1.1174,18429.48
13106,-3.3723,50,0,-4.4533,3.8171,0.21,1.1031,18430.58
13107,-6.0185,50,0,-4.4775,3.8193,0.21,1.1305,18431.71
13108,-4.9456,50,0,-4.474,3.8187,0.21,1.0974,18432.81
13109,-4.1995,50,0,-4.5157,3.7926,0.2,1.1232,18433.94
13110,-7.0019,50,0,-4.5584,3.7963,0.2,1.0943,18435.03
13111,-5.1806,50,0,-4.5706,3.7963,0.2,1.1354,18436.17
13112,-8.534,50,0,-4.6296,3.8116,0.2,1.0962,18437.26
13113,-3.0755,50,0,-4.6305,3.8112,0.2,1.1005,18438.36
13114,-2.5267,50,0,-4.6555,3.789,0.19,1.1092,18439.47
13115,-0.0416,1,1,-4.6555,3.7891,0.19,0.0234,18439.49
13116,-3.9557,50,0,-4.6947,3.7612,0.18,1.1535,18440.65
13117,-4.1587,50,0,-4.687,3.7615,0.18,1.109,18441.76
13118,-5.852,50,0,-4.7064,3.7624,0.18,1.1212,18442.88
13119,-3.8486,50,0,-4.7076,3.7621,0.18,1.1104,18443.99
13120,-4.1997,50,0,-4.7089,3.7619,0.18,1.0973,18445.09
13121,-4.8834,50,0,-4.7119,3.7619,0.18,1.0716,18446.16
13122,-5.6596,50,0,-4.5938,3.538,0.18,1.1034,18447.26
13123,-5.3761,50,0,-4.6051,3.5387,0.18,1.095,18448.36
13124,-7.5184,50,0,-4.6501,3.5468,0.18,1.0848,18449.44
13125,-5.3436,50,0,-4.6283,3.5358,0.18,1.1088,18450.55
13126,-4.4619,50,0,-4.6143,3.5337,0.18,1.1019,18451.65
13127,-5.092,50,0,-4.6316,3.5317,0.18,1.125,18452.78
13128,-4.9562,50,0,-4.6809,3.5013,0.17,1.117,18453.89
13129,-5.9755,50,0,-4.7032,3.5024,0.17,1.1176,18455.01
13130,-3.2075,50,0,-4.692,3.5054,0.17,1.0812,18456.09
13131,-4.9886,50,0,-4.6886,3.5049,0.17,1.0868,18457.18
13132,-5.3452,50,0,-4.6872,3.5046,0.17,1.1265,18458.31
13133,-2.7034,41,1,-4.6672,3.5102,0.18,0.9197,18459.23
13134,-4.425,50,0,-4.7113,3.479,0.17,1.1177,18460.34
13135,-3.803,50,0,-4.7022,3.4802,0.17,1.1085,18461.45
13136,-0.0165,1,1,-4.6511,3.5109,0.18,0.0202,18461.47
13137,-4.7809,50,0,-4.6461,3.5104,0.18,1.1105,18462.58
13138,-3.0045,50,0,-4.6757,3.4838,0.17,1.168,18463.75
13139,-4.2605,50,0,-4.5892,3.3842,0.17,1.0853,18464.84
13140,-0.0458,1,1,-4.5634,3.4088,0.18,0.0227,18464.86
13141,-4.6986,50,0,-4.56,3.4085,0.18,1.1149,18465.97
13142,-0.0383,1,1,-4.56,3.4086,0.18,0.0229,18466.0
13143,-2.5785,50,0,-4.5854,3.3842,0.17,1.1121,18467.11
13144,-2.7098,50,0,-4.5736,3.3887,0.17,1.1228,18468.23
13145,-5.36,50,0,-4.5615,3.3837,0.17,1.1311,18469.36
13146,-5.8077,50,0,-4.5727,3.386,0.17,1.1302,18470.49
13147,-0.0497,1,1,-4.5379,3.4143,0.18,0.0206,18470.51
13148,-5.8335,50,0,-4.5347,3.4129,0.18,1.1135,18471.63
13149,-5.0351,50,0,-4.5398,3.4133,0.18,1.1196,18472.75
13150,-0.0164,1,1,-4.4939,3.4428,0.19,0.0228,18472.77
13151,-5.3726,50,0,-4.3053,2.8159,0.19,1.0851,18473.85
13152,-3.1858,50,0,-4.299,2.8177,0.19,1.0912,18474.94
13153,-4.3085,50,0,-4.3155,2.8129,0.19,1.1075,18476.05
13154,-5.2561,50,0,-4.3204,2.8141,0.19,1.1274,18477.18
13155,-5.8966,50,0,-4.3066,2.803,0.19,1.1027,18478.28
13156,-4.7108,50,0,-4.327,2.7984,0.19,1.1371,18479.42
13157,-0.0438,1,1,-4.3272,2.7982,0.19,0.0263,18479.45
13158,-3.5694,50,0,-4.3298,2.7973,0.19,1.1051,18480.55
13159,-1.2155,19,1,-4.3011,2.8144,0.2,0.4248,18480.98
13160,-6.8826,50,0,-4.3696,2.793,0.19,1.104,18482.08
13161,-7.8877,50,0,-4.4126,2.8136,0.19,1.0933,18483.17
13162,-9.649,50,0,-4.4802,2.857,0.19,1.1079,18484.28
13163,-8.052,50,0,-4.5148,2.879,0.19,1.1287,18485.41
13164,-2.69,50,0,-4.4567,2.8565,0.19,1.0916,18486.5
13165,-7.1408,50,0,-4.5276,2.8341,0.18,1.1099,18487.61
13166,-5.3079,50,0,-4.5004,2.8133,0.18,1.131,18488.74
13167,-4.8069,50,0,-4.4916,2.811,0.18,1.0692,18489.81
13168,-4.1691,50,0,-4.4921,2.8109,0.18,1.0937,18490.91
13169,-6.91,50,0,-4.5139,2.8211,0.18,1.0933,18492.0
13170,-0.9263,14,1,-4.463,2.8394,0.19,0.314,18492.31
13171,-6.2351,50,0,-4.4443,2.8214,0.19,1.0741,18493.39
13172,-8.016,50,0,-4.4825,2.8436,0.19,1.1039,18494.49
13173,-5.256,50,0,-4.5273,2.82,0.18,1.1223,18495.61
13174,-5.6416,50,0,-4.5183,2.8149,0.18,1.4589,18497.07
13175,-5.8871,50,0,-4.5767,2.782,0.17,1.2686,18498.34
13176,-7.2708,50,0,-4.5977,2.7943,0.17,1.2767,18499.62
13177,-4.6082,50,0,-4.5968,2.7942,0.17,1.2623,18500.88
13178,-4.6239,50,0,-4.5891,2.7931,0.17,1.3261,18502.21
13179,-4.7473,50,0,-4.6001,2.7916,0.17,1.1705,18503.38
13180,-5.9427,50,0,-4.6114,2.7947,0.17,1.1709,18504.55
13181,-4.4451,50,0,-4.6554,2.7569,0.16,1.1678,18505.71
13182,-3.8349,50,0,-4.6466,2.7581,0.16,1.1493,18506.86
13183,-4.2572,50,0,-4.6028,2.7289,0.16,1.1649,18508.03
13184,-5.492,50,0,-4.4584,2.2547,0.16,1.1726,18509.2
13185,-4.056,50,0,-4.4592,2.2545,0.16,1.1495,18510.35
13186,-4.1802,50,0,-4.4385,2.2474,0.16,1.1858,18511.54
13187,-0.0294,1,1,-4.3356,2.2112,0.17,0.0269,18511.56
13188,-4.5222,50,0,-4.3304,2.2101,0.17,1.1616,18512.73
13189,-7.1657,50,0,-4.3188,2.1922,0.17,1.1603,18513.89
13190,-3.0029,50,0,-4.3388,2.1708,0.16,1.1572,18515.04
13191,-0.0277,1,1,-4.2877,2.2112,0.17,0.0203,18515.06
13192,-5.9481,50,0,-4.2808,2.2049,0.17,1.1704,18516.23
13193,-0.0388,1,1,-4.2398,2.2449,0.18,0.0275,18516.26
13194,-4.0957,50,0,-4.2249,2.2408,0.18,1.1912,18517.45
13195,-6.0271,50,0,-4.2848,2.2081,0.17,1.1876,18518.64
13196,-4.6631,50,0,-4.2598,2.1894,0.17,1.1787,18519.82
13197,-0.0302,1,1,-4.2109,2.2284,0.18,0.026,18519.84
13198,-0.025,1,1,-4.1903,2.2573,0.18,0.0284,18519.87
13199,-2.6933,50,0,-4.217,2.2234,0.17,1.1382,18521.01
13200,-5.609,50,0,-4.2175,2.2238,0.17,1.1625,18522.17
13201,-2.6802,50,0,-4.2391,2.1982,0.16,1.1868,18523.36
13202,-3.3649,50,0,-4.2336,2.1997,0.16,1.1695,18524.53
13203,-4.9178,50,0,-4.2827,2.1593,0.15,1.159,18525.69
13204,-0.0257,1,1,-4.253,2.1969,0.16,0.0212,18525.71
13205,-0.0348,1,1,-4.2226,2.2337,0.17,0.0272,18525.74
13206,-3.9734,50,0,-4.2286,2.2322,0.17,1.1916,18526.93
13207,-7.0934,50,0,-4.2394,2.2433,0.17,1.1795,18528.11
13208,-10.5055,50,0,-4.295,2.3275,0.17,1.1732,18529.28
13209,-6.0322,50,0,-4.3133,2.3339,0.17,1.1511,18530.43
13210,-0.0182,1,1,-4.2435,2.3567,0.18,0.0232,18530.46
13211,-8.0568,50,0,-4.2722,2.3854,0.18,1.1763,18531.63
13212,-4.4275,50,0,-4.2312,2.3467,0.18,1.1442,18532.78
13213,-2.529,50,0,-4.2257,2.35,0.18,1.1552,18533.93
13214,-3.4562,50,0,-4.235,2.3451,0.18,1.1903,18535.12
13215,-4.022,50,0,-4.2748,2.3071,0.17,1.1454,18536.27
13216,-3.4226,50,0,-4.2695,2.3084,0.17,1.1494,18537.42
13217,-2.9503,50,0,-4.2574,2.3121,0.17,1.1839,18538.6
13218,-5.1337,50,0,-4.2502,2.3083,0.17,1.1992,18539.8
13219,-2.8979,50,0,-4.2407,2.3119,0.17,1.2233,18541.02
13220,-3.7362,50,0,-4.2361,2.3124,0.17,1.1896,18542.21
13221,-4.3111,50,0,-4.2303,2.3115,0.17,1.164,18543.38
13222,-9.0888,50,0,-4.2646,2.3574,0.17,1.2015,18544.58
13223,-2.559,50,0,-4.2365,2.3608,0.17,1.1591,18545.74
13224,-4.7312,50,0,-4.2086,2.3382,0.17,1.2084,18546.95
13225,-5.0778,50,0,-4.2059,2.3371,0.17,1.1872,18548.13
13226,-0.0295,1,1,-4.1616,2.3736,0.18,0.0247,18548.16
13227,-4.6906,50,0,-4.1576,2.3723,0.18,1.1723,18549.33
13228,-5.3718,50,0,-4.1618,2.3741,0.18,1.1642,18550.49
13229,-4.8536,50,0,-4.1505,2.3681,0.18,1.2056,18551.7
13230,-4.4189,50,0,-4.1627,2.3664,0.18,1.2054,18552.9
13231,-6.9559,50,0,-4.1823,2.3813,0.18,1.1923,18554.1
13232,-2.7792,50,0,-4.1567,2.3824,0.18,1.1656,18555.26
13233,-4.8417,50,0,-4.178,2.3789,0.17,1.1821,18556.44
13234,-3.6917,50,0,-4.1707,2.3793,0.17,1.1853,18557.63
13235,-0.6021,9,1,-4.1387,2.4054,0.18,0.2102,18557.84
13236,-2.5282,50,0,-4.1638,2.3751,0.17,1.1787,18559.02
13237,-5.8293,50,0,-4.1743,2.3801,0.17,1.1864,18560.21
13238,-4.3617,50,0,-4.1879,2.3773,0.17,2.0002,18562.21
13239,-3.4213,50,0,-4.1795,2.3785,0.17,1.1615,18563.37
13240,-0.0235,1,1,-4.1793,2.3789,0.17,0.0278,18563.39
13241,-4.3469,50,0,-4.1757,2.3784,0.17,1.1418,18564.54
13242,-5.649,50,0,-4.2319,2.3461,0.16,1.1522,18565.69
13243,-4.1539,50,0,-4.2476,2.3402,0.16,1.137,18566.83
13244,-0.0394,1,1,-4.2209,2.3726,0.17,0.0263,18566.85
13245,-2.7005,50,0,-4.1943,2.3746,0.17,1.1885,18568.04
13246,-0.01,1,1,-4.1363,2.4051,0.18,0.0264,18568.07
13247,-6.1926,50,0,-4.1978,2.3782,0.17,1.1719,18569.24
13248,-0.006,1,1,-4.1395,2.4086,0.18,0.0254,18569.26
13249,-4.3838,50,0,-4.133,2.4071,0.18,1.2181,18570.48
13250,-4.0867,50,0,-4.1737,2.3713,0.17,1.1438,18571.63
13251,-6.1582,50,0,-4.1815,2.3765,0.17,1.1477,18572.77
13252,-7.2244,50,0,-4.2219,2.3935,0.17,1.1663,18573.94
13253,-1.0651,13,1,-4.1895,2.414,0.18,0.2948,18574.24
13254,-4.4238,50,0,-4.1812,2.4117,0.18,1.158,18575.39
13255,-5.2095,50,0,-4.1743,2.4078,0.18,1.1955,18576.59
13256,-5.5999,50,0,-4.1832,2.4114,0.18,1.1646,18577.75
13257,-6.023,50,0,-4.243,2.382,0.17,1.1624,18578.92
13258,-5.2273,50,0,-4.2596,2.383,0.17,1.1464,18580.06
13259,-3.8908,50,0,-4.2863,2.3636,0.16,1.1983,18581.26
13260,-21.8181,50,0,-4.4357,2.9276,0.16,1.1627,18582.42
13261,-4.0657,50,0,-4.3974,2.9071,0.16,1.1361,18583.56
13262,-3.9524,50,0,-4.3405,2.8591,0.16,1.2073,18584.77
13263,-4.6099,50,0,-4.3061,2.8348,0.16,1.1414,18585.91
13264,-4.1499,50,0,-4.3207,2.8302,0.16,1.1407,18587.05
13265,-3.7972,50,0,-4.2872,2.8164,0.16,1.1694,18588.22
13266,-0.0074,1,1,-4.2342,2.8464,0.17,0.0201,18588.24
13267,-3.3524,50,0,-4.2197,2.8472,0.17,1.1433,18589.38
13268,-11.4586,50,0,-4.2926,2.9369,0.17,1.1526,18590.53
13269,-4.8284,50,0,-4.2717,2.9256,0.17,1.1535,18591.69
13270,-4.8594,50,0,-4.3111,2.9067,0.16,1.1839,18592.87
13271,-4.3426,50,0,-4.2922,2.9003,0.16,1.1599,18594.03
13272,-0.0212,1,1,-4.2122,2.9067,0.17,0.0228,18594.05
13273,-5.0861,50,0,-4.2105,2.9062,0.17,1.1641,18595.22
13274,-6.7239,50,0,-4.2213,2.9135,0.17,1.1764,18596.39
13275,-0.0483,1,1,-4.1629,2.9379,0.18,0.023,18596.42
13276,-3.3389,50,0,-4.1236,2.9223,0.18,1.1405,18597.56
13277,-4.4605,50,0,-4.1221,2.9221,0.18,1.1484,18598.71
13278,-1.3089,21,1,-4.089,2.935,0.19,0.4886,18599.19
13279,-4.9622,50,0,-4.0911,2.9356,0.19,1.1632,18600.36
13280,-6.057,50,0,-4.0923,2.9363,0.19,1.2005,18601.56
13281,-7.0316,50,0,-4.1182,2.9507,0.19,1.1255,18602.68
13282,-9.1607,50,0,-4.1714,2.9928,0.19,1.1869,18603.87
13283,-3.872,50,0,-4.1676,2.993,0.19,1.1927,18605.06
13284,-1.7041,17,1,-4.1297,2.9999,0.2,0.3911,18605.45
13285,-0.0355,1,1,-4.0895,3.0275,0.21,0.0239,18605.48
13286,-8.1795,50,0,-4.1295,3.0547,0.21,1.1771,18606.66
13287,-4.6924,50,0,-4.1761,3.0272,0.2,1.193,18607.85
13288,-10.0435,50,0,-4.2313,3.0829,0.2,1.2321,18609.08
13289,-4.2906,50,0,-4.2026,3.0687,0.2,1.1694,18610.25
13290,-6.7678,50,0,-4.2402,3.0769,0.2,1.1917,18611.44
13291,-4.847,50,0,-4.2884,3.0481,0.19,1.1276,18612.57
13292,-3.4624,50,0,-4.2635,3.0446,0.19,1.1299,18613.7
13293,-11.0902,50,0,-4.3741,3.0895,0.18,1.1646,18614.86
13294,-12.9028,50,0,-4.4621,3.2037,0.18,1.1588,18616.02
13295,-7.1153,50,0,-4.473,3.2109,0.18,1.1798,18617.2
13296,-1.5333,20,1,-4.4417,3.2241,0.19,0.4753,18617.68
13297,-2.9702,50,0,-4.4711,3.197,0.18,1.1938,18618.87
13298,-3.4585,50,0,-4.5054,3.1674,0.17,1.193,18620.06
13299,-0.0374,1,1,-4.4789,3.1935,0.18,0.0249,18620.09
13300,-3.3964,50,0,-4.4568,3.1933,0.18,1.16,18621.25
13301,-3.8734,50,0,-4.4687,3.1888,0.18,1.1919,18622.44
13302,-5.8061,50,0,-4.4931,3.1896,0.18,1.1998,18623.64
13303,-5.0336,50,0,-4.4943,3.1898,0.18,1.1725,18624.81
13304,-3.4025,50,0,-4.528,3.16,0.17,1.1329,18625.95
13305,-4.4848,50,0,-4.5725,3.1276,0.16,1.1613,18627.11
13306,-4.8747,50,0,-4.5815,3.1272,0.16,1.1524,18628.26
13307,-9.7566,50,0,-4.6082,3.1596,0.16,1.1895,18629.45
13308,-5.2866,50,0,-4.556,3.1044,0.16,1.1944,18630.64
13309,-3.6836,50,0,-4.5325,3.102,0.16,1.1789,18631.82
13310,-5.1928,50,0,-4.5842,3.0693,0.15,1.1343,18632.96
13311,-4.1272,50,0,-4.545,3.0497,0.15,1.1668,18634.12
13312,-9.6014,50,0,-4.5967,3.0909,0.15,1.169,18635.29
13313,-0.0022,1,1,-4.5714,3.1179,0.16,0.0267,18635.32
13314,-0.0123,1,1,-4.537,3.1489,0.17,0.0237,18635.34
13315,-3.5779,50,0,-4.5325,3.1499,0.17,1.1747,18636.52
13316,-3.7997,50,0,-4.5363,3.1488,0.17,1.1374,18637.66
13317,-7.0466,50,0,-4.5773,3.1545,0.17,1.1722,18638.83
13318,-2.837,50,0,-4.5543,3.1588,0.17,1.1614,18639.99
13319,-0.0315,1,1,-4.5256,3.1865,0.18,0.0238,18640.01
13320,-6.3187,50,0,-4.5515,3.1905,0.18,1.1979,18641.21
13321,-3.7176,50,0,-4.5455,3.1915,0.18,1.1452,18642.36
13322,-2.6692,50,0,-4.4813,3.1639,0.18,1.1879,18643.54
13323,-9.2646,50,0,-4.5484,3.1934,0.18,1.2797,18644.82
13324,-3.6475,50,0,-4.5376,3.1946,0.18,1.2002,18646.02
13325,-4.6659,50,0,-4.5334,3.1941,0.18,1.2078,18647.23
13326,-0.0453,1,1,-4.5336,3.1939,0.18,0.0252,18647.26
13327,-0.0374,1,1,-4.4871,3.225,0.19,0.0241,18647.28
13328,-4.6639,50,0,-4.48,3.2239,0.19,1.2113,18648.49
13329,-3.873,50,0,-4.4702,3.2242,0.19,1.1802,18649.67
13330,-2.5731,50,0,-4.4517,3.2297,0.19,1.164,18650.84
13331,-3.9599,50,0,-4.4218,3.2202,0.19,1.182,18652.02
13332,-2.521,50,0,-4.4192,3.2217,0.19,1.1513,18653.17
13333,-8.2207,50,0,-4.453,3.2436,0.19,1.2107,18654.38
13334,-5.6297,50,0,-4.4723,3.2447,0.19,1.172,18655.55
13335,-7.0829,50,0,-4.5372,3.2315,0.18,1.148,18656.7
13336,-0.0314,1,1,-4.5122,3.2565,0.19,0.0264,18656.73
13337,-3.6209,50,0,-4.4901,3.2549,0.19,1.2205,18657.95
13338,-0.0398,1,1,-4.4469,3.2849,0.2,0.0234,18657.97
13339,-2.9179,50,0,-4.4419,3.2869,0.2,1.1688,18659.14
13340,-5.6914,50,0,-4.4985,3.2589,0.19,1.1993,18660.34
13341,-0.0405,1,1,-4.4555,3.289,0.2,0.0253,18660.36
13342,-4.1875,50,0,-4.4409,3.2869,0.2,1.1664,18661.53
13343,-8.234,50,0,-4.4817,3.3083,0.2,1.1587,18662.69
13344,-11.1141,50,0,-4.5924,3.3429,0.19,1.1891,18663.88
13345,-7.353,50,0,-4.6389,3.3487,0.19,1.1468,18665.03
13346,-0.0382,1,1,-4.6392,3.3483,0.19,0.0205,18665.05
13347,-7.5227,50,0,-4.6525,3.357,0.19,1.2173,18666.26
13348,-3.5053,50,0,-4.6875,3.3265,0.18,1.169,18667.43
13349,-0.0495,1,1,-4.6442,3.3583,0.19,0.0283,18667.46
13350,-4.7654,50,0,-4.6509,3.3578,0.19,1.1521,18668.61
13351,-5.7908,50,0,-4.6473,3.3564,0.19,1.1557,18669.77
13352,-5.3014,50,0,-4.628,3.3471,0.19,1.1962,18670.96
13353,-7.0121,50,0,-4.6875,3.336,0.18,1.1737,18672.14
13354,-5.5849,50,0,-4.6991,3.3371,0.18,1.1659,18673.3
13355,-4.4846,50,0,-4.6919,3.3368,0.18,1.1852,18674.49
13356,-0.0323,1,1,-4.6362,3.3675,0.19,0.0261,18674.52
13357,-2.908,50,0,-4.605,3.3689,0.19,1.1729,18675.69
13358,-12.3652,50,0,-4.6764,3.4558,0.19,1.1849,18676.87
13359,-4.175,50,0,-4.6793,3.4553,0.19,1.2146,18678.09
13360,-3.0543,50,0,-4.4916,2.9988,0.19,1.1613,18679.25
13361,-5.1071,50,0,-4.502,2.9991,0.19,1.2359,18680.48
13362,-3.8768,50,0,-4.5013,2.9993,0.19,1.1798,18681.66
13363,-4.6977,50,0,-4.5022,2.9993,0.19,1.2499,18682.91
13364,-3.4283,50,0,-4.4949,3.001,0.19,1.1945,18684.11
13365,-3.8238,50,0,-4.4952,3.001,0.19,1.1228,18685.23
13366,-3.3582,50,0,-4.5287,2.9692,0.18,1.1754,18686.41
13367,-3.8089,50,0,-4.5333,2.9678,0.18,1.1741,18687.58
13368,-5.3596,50,0,-4.4723,2.8864,0.18,1.2041,18688.79
13369,-2.7424,50,0,-4.4514,2.8913,0.18,1.2273,18690.01
13370,-0.0106,1,1,-4.403,2.9245,0.19,0.0286,18690.04
13371,-2.9938,50,0,-4.3895,2.9278,0.19,1.1483,18691.19
13372,-4.2905,50,0,-4.4322,2.8948,0.18,1.1735,18692.36
13373,-9.8879,50,0,-4.4802,2.9446,0.18,1.1879,18693.55
13374,-0.0052,1,1,-4.413,2.9692,0.19,0.0205,18693.57
13375,-0.0483,1,1,-4.413,2.9692,0.19,0.0218,18693.59
13376,-2.5012,50,0,-4.4046,2.9734,0.19,1.1807,18694.77
13377,-2.591,50,0,-4.3859,2.9789,0.19,1.1999,18695.97
13378,-6.7608,50,0,-4.4404,2.9719,0.18,1.1888,18697.16
13379,-5.088,50,0,-4.4417,2.9722,0.18,1.1476,18698.31
13380,-0.0195,1,1,-4.3813,2.9999,0.19,0.0235,18698.33
13381,-5.1126,50,0,-4.3621,2.989,0.19,1.1562,18699.49
13382,-4.8522,50,0,-4.319,2.9504,0.19,1.1271,18700.62
13383,-0.0499,1,1,-4.2808,2.9805,0.2,0.0235,18700.64
13384,-6.2825,50,0,-4.3266,2.9757,0.19,1.2024,18701.84
13385,-0.0424,1,1,-4.3267,2.9756,0.19,0.0262,18701.87
13386,-6.05,50,0,-4.3054,2.9555,0.19,1.1691,18703.04
13387,-9.4386,50,0,-4.3528,2.9992,0.19,1.1681,18704.21
13388,-2.54,50,0,-4.2778,2.9493,0.19,1.1315,18705.34
13389,-16.0916,50,0,-4.3958,3.1749,0.19,1.1622,18706.5
13390,-7.9693,50,0,-4.4078,3.1861,0.19,1.2039,18707.7
13391,-3.9667,50,0,-4.399,3.1861,0.19,1.1414,18708.85
13392,-8.1625,50,0,-4.446,3.2066,0.19,1.1903,18710.04
13393,-0.0158,1,1,-4.3353,3.1662,0.2,0.0257,18710.06
13394,-2.8347,50,0,-4.2346,3.0501,0.2,1.2069,18711.27
13395,-7.8433,50,0,-4.2419,3.0578,0.2,1.2293,18712.5
13396,-4.8183,50,0,-4.2747,3.0461,0.19,1.1575,18713.65
13397,-3.3977,50,0,-4.279,3.0446,0.19,1.212,18714.87
13398,-7.7439,50,0,-4.3219,3.0629,0.19,1.1888,18716.06
13399,-5.6841,50,0,-4.3783,3.0353,0.18,1.1758,18717.23
13400,-6.0453,50,0,-4.4048,3.0381,0.18,1.1494,18718.38
13401,-4.8898,50,0,-4.415,3.0381,0.18,1.086,18719.47
13402,-0.0295,1,1,-4.3572,3.0658,0.19,0.0216,18719.49
13403,-2.7892,50,0,-4.3348,3.069,0.19,1.106,18720.59
13404,-9.1955,50,0,-4.3927,3.1053,0.19,1.1138,18721.71
13405,-3.7841,50,0,-4.3857,3.1059,0.19,1.1912,18722.9
13406,-6.176,50,0,-4.3987,3.1107,0.19,1.3787,18724.28
13407,-7.191,50,0,-4.3731,3.0768,0.19,1.3456,18725.62
13408,-5.3509,50,0,-4.3737,3.077,0.19,1.3514,18726.98
13409,-8.8767,50,0,-4.4256,3.1085,0.19,1.2797,18728.25
13410,-5.9948,50,0,-4.4336,3.1115,0.19,1.149,18729.4
13411,-8.7841,50,0,-4.4802,3.1413,0.19,1.1319,18730.54
13412,-4.6341,50,0,-4.4305,3.0989,0.19,1.1673,18731.7
13413,-0.0194,1,1,-4.4307,3.0987,0.19,0.0275,18731.73
13414,-10.3453,50,0,-4.534,3.1218,0.18,1.4421,18733.17
13415,-0.0262,1,1,-4.4985,3.1525,0.19,0.0223,18733.19
13416,-3.2467,50,0,-4.493,3.1542,0.19,1.1287,18734.32
13417,-16.542,50,0,-4.588,3.3655,0.19,1.1159,18735.44
13418,-3.7536,50,0,-4.5971,3.362,0.19,1.1159,18736.56
13419,-6.9645,50,0,-4.6665,3.3385,0.18,1.1216,18737.68
13420,-5.1025,50,0,-4.6543,3.3347,0.18,1.156,18738.83
13421,-0.0472,1,1,-4.6176,3.3649,0.19,0.0257,18738.86
13422,-3.2248,50,0,-4.6231,3.3621,0.19,1.1179,18739.98
13423,-3.9768,50,0,-4.5703,3.3301,0.19,1.2134,18741.19
13424,-5.3649,50,0,-4.5874,3.3298,0.19,1.1215,18742.31
13425,-0.0158,1,1,-4.5409,3.3607,0.2,0.0241,18742.34
13426,-9.3235,50,0,-4.6337,3.3633,0.19,1.1396,18743.48
13427,-6.6726,50,0,-4.7001,3.3374,0.18,1.1151,18744.59
13428,-4.67,50,0,-4.7001,3.3374,0.18,1.3038,18745.89
13429,-7.101,50,0,-4.7324,3.3448,0.18,1.1746,18747.07
13430,-4.8133,50,0,-4.7548,3.3378,0.18,1.2966,18748.37
13431,-0.0263,1,1,-4.7155,3.3699,0.19,0.0228,18748.39
13432,-0.0317,1,1,-4.6906,3.3951,0.2,0.0247,18748.41
13433,-3.0566,50,0,-4.6389,3.3803,0.2,1.1479,18749.56
13434,-0.0283,1,1,-4.5829,3.4097,0.21,0.0203,18749.58
13435,-7.5755,50,0,-4.5879,3.4137,0.21,1.1488,18750.73
13436,-3.5166,50,0,-4.6227,3.3846,0.2,1.1959,18751.93
13437,-4.4386,50,0,-4.6309,3.3832,0.2,1.3709,18753.3
13438,-3.2845,50,0,-4.6633,3.3544,0.19,1.1382,18754.43
13439,-4.6578,50,0,-4.6807,3.3498,0.19,1.1299,18755.56
13440,-0.0316,1,1,-4.6241,3.38,0.2,0.0236,18755.59
13441,-3.7041,50,0,-4.6608,3.3498,0.19,1.1227,18756.71
13442,-4.3131,50,0,-4.662,3.3497,0.19,1.0956,18757.81
13443,-4.5907,50,0,-4.6256,3.3304,0.19,1.1347,18758.94
13444,-3.2381,50,0,-4.5468,3.2685,0.19,1.1017,18760.04
13445,-4.9006,50,0,-4.5223,3.2566,0.19,1.1877,18761.23
13446,-3.3138,50,0,-4.5551,3.2276,0.18,1.078,18762.31
13447,-4.8892,50,0,-4.5287,3.214,0.18,1.1291,18763.44
13448,-0.0448,1,1,-4.4941,3.2434,0.19,0.0222,18763.46
13449,-6.2637,50,0,-4.5563,3.217,0.18,1.136,18764.6
13450,-5.9261,50,0,-4.5679,3.2199,0.18,1.1138,18765.71
13451,-6.7623,50,0,-4.5776,3.225,0.18,1.1401,18766.85
13452,-6.4036,50,0,-4.5886,3.2293,0.18,1.1309,18767.98
13453,-2.5679,50,0,-4.5442,3.2263,0.18,1.112,18769.09
13454,-6.9151,50,0,-4.5575,3.2333,0.18,1.1503,18770.24
13455,-5.65,50,0,-4.5691,3.2351,0.18,1.1356,18771.38
13456,-3.3396,50,0,-4.6022,3.2053,0.17,1.095,18772.47
13457,-4.0153,50,0,-4.6133,3.2013,0.17,1.178,18773.65
13458,-3.7912,50,0,-4.5275,3.106,0.17,1.1593,18774.81
13459,-0.0463,1,1,-4.4862,3.1377,0.18,0.0228,18774.83
13460,-3.3735,50,0,-4.4894,3.1364,0.18,1.0855,18775.92
13461,-3.3494,50,0,-4.4719,3.1378,0.18,1.1026,18777.02
13462,-2.8758,50,0,-4.4618,3.1413,0.18,1.1615,18778.18
13463,-4.4016,50,0,-4.4589,3.1412,0.18,1.1313,18779.31
13464,-3.1302,50,0,-4.4559,3.1423,0.18,1.1392,18780.45
13465,-6.3867,50,0,-4.4815,3.1475,0.18,1.1031,18781.56
13466,-4.5189,50,0,-4.4931,3.1454,0.18,1.1362,18782.69
13467,-4.574,50,0,-4.5008,3.1447,0.18,1.1291,18783.82
13468,-4.9541,50,0,-4.4967,3.1439,0.18,1.0932,18784.92
13469,-5.7595,50,0,-4.5269,3.1414,0.18,1.1076,18786.02
13470,-10.5251,50,0,-4.6321,3.1643,0.17,1.1039,18787.13
13471,-0.0258,1,1,-4.6024,3.1933,0.18,0.0258,18787.15
13472,-4.9316,50,0,-4.6088,3.1933,0.18,1.1549,18788.31
13473,-0.0313,1,1,-4.5102,3.181,0.19,0.0245,18788.33
13474,-0.0437,1,1,-4.5106,3.1804,0.19,0.0238,18788.36
13475,-4.5627,50,0,-4.5557,3.1486,0.18,1.1329,18789.49
13476,-4.0653,50,0,-4.5714,3.1423,0.18,1.0935,18790.58
13477,-4.0886,50,0,-4.5864,3.1364,0.18,1.1113,18791.69
13478,-4.6887,50,0,-4.5656,3.1288,0.18,1.1134,18792.81
13479,-0.0107,1,1,-4.5149,3.1609,0.19,0.0199,18792.83
13480,-2.6604,50,0,-4.5413,3.1342,0.18,1.0929,18793.92
13481,-3.8252,50,0,-4.5284,3.1344,0.18,1.115,18795.03
13482,-3.8846,50,0,-4.5187,3.1349,0.18,2.2054,18797.24
13483,-0.0361,1,1,-4.5186,3.1351,0.18,0.0209,18797.26
13484,-5.9078,50,0,-4.5148,3.1332,0.18,1.1215,18798.38
13485,-5.0788,50,0,-4.5652,3.1012,0.17,1.1273,18799.51
13486,-2.8064,50,0,-4.5328,3.1025,0.17,1.1235,18800.63
13487,-3.649,50,0,-4.4749,3.0642,0.17,1.1348,18801.77
13488,-0.0425,1,1,-4.4499,3.0899,0.18,0.0283,18801.8
13489,-6.623,50,0,-4.3552,2.8689,0.18,1.1442,18802.94
13490,-2.9106,50,0,-4.3046,2.8493,0.18,1.0921,18804.03
13491,-4.705,50,0,-4.312,2.8493,0.18,1.1143,18805.15
13492,-6.6723,50,0,-4.2971,2.833,0.18,1.0985,18806.25
13493,-4.6567,50,0,-4.3435,2.8003,0.17,1.1171,18807.36
13494,-4.3529,50,0,-4.3587,2.7962,0.17,1.1301,18808.49
13495,-4.8954,50,0,-4.3292,2.7748,0.17,1.1113,18809.6
13496,-0.0453,1,1,-4.2815,2.8068,0.18,0.0225,18809.63
13497,-5.1635,50,0,-4.2992,2.8068,0.18,1.1397,18810.77
13498,-5.022,50,0,-4.2719,2.7863,0.18,1.1284,18811.89
13499,-5.0951,50,0,-4.266,2.784,0.18,1.1717,18813.07
13500,-4.5352,50,0,-4.2509,2.7784,0.18,1.1307,18814.2
13501,-4.8369,50,0,-4.2504,2.7783,0.18,1.111,18815.31
13502,-0.0379,1,1,-4.2505,2.7781,0.18,0.0197,18815.33
13503,-0.0292,1,1,-4.2229,2.8061,0.19,0.0227,18815.35
13504,-0.0159,1,1,-4.1311,2.792,0.2,0.0248,18815.38
13505,-4.7733,50,0,-4.141,2.7925,0.2,1.0693,18816.44
13506,-0.0209,1,1,-4.0794,2.8147,0.21,0.02,18816.46
13507,-4.9623,50,0,-4.0572,2.7988,0.21,1.1358,18817.6
13508,-0.044,1,1,-4.0041,2.824,0.22,0.0222,18817.62
13509,-4.442,50,0,-3.9597,2.7816,0.22,1.1133,18818.74
13510,-5.0786,50,0,-3.9506,2.7764,0.22,1.1291,18819.87
13511,-6.1357,50,0,-3.9241,2.7426,0.22,1.1064,18820.97
13512,-3.8417,50,0,-3.9162,2.7417,0.22,1.0997,18822.07
13513,-2.8197,50,0,-3.9442,2.7159,0.21,1.1068,18823.18
13514,-4.7389,50,0,-3.8881,2.64,0.21,1.1008,18824.28
13515,-4.8701,50,0,-3.9365,2.613,0.2,1.0968,18825.38
13516,-3.109,50,0,-3.9352,2.6134,0.2,1.1325,18826.51
13517,-4.9847,50,0,-3.8196,2.2887,0.2,1.1824,18827.69
13518,-4.3741,50,0,-3.8258,2.2893,0.2,1.1153,18828.81
13519,-2.8844,50,0,-3.785,2.2693,0.2,1.128,18829.93
13520,-4.6511,50,0,-3.7805,2.2671,0.2,1.2745,18831.21
13521,-4.0061,50,0,-3.8201,2.2359,0.19,1.4508,18832.66
13522,-0.025,1,1,-3.7881,2.2669,0.2,0.0393,18832.7
13523,-4.4298,50,0,-3.7926,2.2677,0.2,1.4053,18834.1
13524,-3.1116,50,0,-3.7701,2.2632,0.2,1.3931,18835.5
13525,-6.899,50,0,-3.8389,2.2526,0.19,1.247,18836.74
13526,-4.0556,50,0,-3.7862,2.1843,0.19,1.1718,18837.92
13527,-5.0175,50,0,-3.7697,2.1686,0.19,1.1599,18839.08
13528,-6.1716,50,0,-3.7847,2.1799,0.19,1.248,18840.32
13529,-2.9873,50,0,-3.7436,2.1556,0.19,1.4319,18841.76
13530,-3.9864,50,0,-3.7353,2.1531,0.19,1.4356,18843.19
13531,-3.5882,50,0,-3.7709,2.1207,0.18,1.4216,18844.61
13532,-3.2078,50,0,-3.8027,2.088,0.17,1.283,18845.9
13533,-4.2978,50,0,-3.8151,2.0872,0.17,1.5911,18847.49
13534,-5.1611,50,0,-3.8664,2.0563,0.16,1.6564,18849.14
13535,-0.0164,1,1,-3.7908,2.0575,0.17,0.0284,18849.17
13536,-0.0233,1,1,-3.7559,2.0912,0.18,0.0283,18849.2
13537,-4.525,50,0,-3.7567,2.0915,0.18,1.4295,18850.63
13538,-0.0487,1,1,-3.7244,2.1234,0.19,0.0257,18850.65
13539,-3.4096,50,0,-3.7119,2.1215,0.19,1.3926,18852.05
13540,-3.9635,50,0,-3.7512,2.0891,0.18,1.4634,18853.51
13541,-4.3625,50,0,-3.7578,2.09,0.18,1.4978,18855.01
13542,-2.9564,50,0,-3.7442,2.0908,0.18,1.2669,18856.28
13543,-4.2951,50,0,-3.7413,2.0898,0.18,1.3685,18857.64
13544,-5.2323,50,0,-3.7612,2.0944,0.18,1.2415,18858.89
13545,-0.0362,1,1,-3.7126,2.1237,0.19,0.0263,18858.91
13546,-0.009,1,1,-3.6795,2.1551,0.2,0.0241,18858.94
13547,-5.6572,50,0,-3.6872,2.1607,0.2,1.2136,18860.15
13548,-4.6994,50,0,-3.7338,2.1317,0.19,1.2036,18861.35
13549,-3.1114,50,0,-3.7022,2.1173,0.19,1.1536,18862.51
13550,-0.0493,1,1,-3.6435,2.1363,0.2,0.0247,18862.53
13551,-4.4822,50,0,-3.6207,2.1149,0.2,1.1927,18863.72
13552,-0.0433,1,1,-3.5571,2.1259,0.21,0.0204,18863.74
13553,-4.5691,50,0,-3.5771,2.1259,0.21,1.208,18864.95
13554,-5.1477,50,0,-3.5594,2.1053,0.21,1.2446,18866.2
13555,-3.7106,50,0,-3.54,2.0949,0.21,1.3958,18867.59
13556,-0.0323,1,1,-3.5069,2.1237,0.22,0.0264,18867.62
13557,-4.9682,50,0,-3.5165,2.1281,0.22,1.5468,18869.17
13558,-5.031,50,0,-3.5289,2.1332,0.22,1.4998,18870.67
13559,-5.091,50,0,-3.5793,2.1098,0.21,1.5639,18872.23
13560,-0.0119,1,1,-3.5457,2.1394,0.22,0.0339,18872.26
13561,-4.6759,50,0,-3.559,2.1422,0.22,1.6248,18873.89
13562,-6.479,50,0,-3.595,2.1607,0.22,1.4893,18875.38
13563,-3.7904,50,0,-3.5889,2.1592,0.22,1.5578,18876.94
13564,-4.7142,50,0,-3.6047,2.1616,0.22,1.5397,18878.48
13565,-4.5031,50,0,-3.5859,2.1455,0.22,1.6129,18880.09
13566,-4.5921,50,0,-3.5866,2.1458,0.22,1.4411,18881.53
13567,-3.3698,50,0,-3.5746,2.1436,0.22,1.4148,18882.94
13568,-5.3228,50,0,-3.5783,2.1463,0.22,1.3893,18884.33
13569,-4.2001,50,0,-3.5627,2.136,0.22,1.3896,18885.72
13570,-4.4928,50,0,-3.5023,2.0206,0.22,1.3874,18887.11
13571,-3.7245,50,0,-3.5393,1.9902,0.21,1.352,18888.46
13572,-0.006,1,1,-3.4901,2.016,0.22,0.0239,18888.49
13573,-0.0299,1,1,-3.4901,2.016,0.22,0.0296,18888.52
13574,-4.3494,50,0,-3.5331,1.9877,0.21,1.3717,18889.89
13575,-0.0123,1,1,-3.4876,2.0155,0.22,0.0287,18889.92
13576,-4.6405,50,0,-3.4934,2.018,0.22,1.5393,18891.46
13577,-6.369,50,0,-3.5162,2.0373,0.22,1.8957,18893.35
13578,-3.1183,50,0,-3.5005,2.0343,0.22,1.5673,18894.92
13579,-6.4906,50,0,-3.5653,2.0253,0.21,1.5408,18896.46
13580,-4.807,50,0,-3.5867,2.027,0.21,1.7085,18898.17
13581,-6.109,50,0,-3.6096,2.0423,0.21,1.6745,18899.84
13582,-4.4647,50,0,-3.6154,2.0439,0.21,1.5542,18901.4
13583,-5.2569,50,0,-3.6676,2.0183,0.2,1.3898,18902.79
13584,-1.0965,21,1,-3.6195,2.0217,0.21,0.591,18903.38
13585,-2.6275,50,0,-3.595,2.0187,0.21,1.4049,18904.78
13586,-2.9103,50,0,-3.596,2.0183,0.21,1.4638,18906.25
13587,-4.7682,50,0,-3.6072,2.0217,0.21,2.3411,18908.59
13588,-0.0181,1,1,-3.6069,2.0221,0.21,0.0389,18908.63
13589,-4.6205,50,0,-3.5869,2.002,0.21,1.832,18910.46
13590,-4.4735,49,1,-3.6025,2.0028,0.22,1.4388,18911.9
13591,-4.5683,50,0,-3.6012,2.002,0.22,1.5565,18913.45
13592,-5.5552,50,0,-3.59,1.9879,0.22,1.5463,18915.0
13593,-4.7305,50,0,-3.5907,1.9884,0.22,1.5181,18916.52
13594,-0.0315,1,1,-3.5475,2.0181,0.23,0.0331,18916.55
13595,-5.1152,50,0,-3.5497,2.0196,0.23,1.508,18918.06
13596,-5.5526,50,0,-3.6048,1.9983,0.22,1.347,18919.41
13597,-4.349,50,0,-3.5967,1.9936,0.22,1.3489,18920.76
13598,-2.985,50,0,-3.5763,1.9893,0.22,1.3515,18922.11
13599,-4.1075,50,0,-3.5664,1.9842,0.22,1.6375,18923.74
13600,-4.421,50,0,-3.5653,1.9837,0.22,1.517,18925.26
13601,-2.8761,50,0,-3.5457,1.9807,0.22,1.4156,18926.68
13602,-4.4249,50,0,-3.5895,1.9509,0.21,1.3681,18928.04
13603,-3.9044,50,0,-3.6283,1.918,0.2,1.5728,18929.62
13604,-4.7959,50,0,-3.6761,1.8867,0.19,1.2961,18930.91
13605,-4.6163,50,0,-3.6745,1.8858,0.19,1.478,18932.39
13606,-5.1111,50,0,-3.7254,1.855,0.18,1.2707,18933.66
13607,-5.6662,50,0,-3.7325,1.861,0.18,1.1304,18934.79
13608,-4.1191,50,0,-3.7732,1.824,0.17,1.2647,18936.06
13609,-5.3407,50,0,-3.7822,1.8295,0.17,1.2201,18937.28
13610,-2.9809,48,1,-3.7612,1.8265,0.18,1.1309,18938.41
13611,-3.6657,50,0,-3.7365,1.8109,0.18,1.2358,18939.64
13612,-4.6497,50,0,-3.7446,1.8131,0.18,1.4988,18941.14
13613,-0.039,1,1,-3.7168,1.8481,0.19,0.0369,18941.18
13614,-4.1938,50,0,-3.7113,1.8459,0.19,1.7157,18942.9
13615,-3.2895,50,0,-3.6955,1.8426,0.19,1.5479,18944.44
13616,-4.3604,50,0,-3.708,1.8429,0.19,1.4044,18945.85
13617,-0.0371,1,1,-3.6586,1.8741,0.2,0.0316,18945.88
13618,-6.354,50,0,-3.6784,1.8919,0.2,1.454,18947.33
13619,-5.3021,50,0,-3.7025,1.897,0.2,1.6953,18949.03
13620,-4.9808,50,0,-3.7058,1.899,0.2,1.5752,18950.6
13621,-5.2336,50,0,-3.7181,1.9048,0.2,1.9576,18952.56
13622,-4.7152,50,0,-3.765,1.8708,0.19,1.6737,18954.24
13623,-4.8229,50,0,-3.7689,1.8726,0.19,1.4598,18955.7
13624,-3.7496,50,0,-3.7753,1.8714,0.19,1.3171,18957.01
13625,-4.3946,50,0,-3.7503,1.846,0.19,1.5613,18958.57
13626,-5.6525,50,0,-3.7663,1.8555,0.19,1.317,18959.89
13627,-0.0331,1,1,-3.7164,1.8879,0.2,0.0261,18959.92
13628,-6.5408,50,0,-3.7201,1.893,0.2,1.4433,18961.36
13629,-0.0444,1,1,-3.6907,1.9268,0.21,0.0344,18961.39
13630,-4.1581,50,0,-3.6924,1.9271,0.21,1.429,18962.82
13631,-2.8254,50,0,-3.6848,1.929,0.21,1.4159,18964.24
13632,-5.5731,50,0,-3.7084,1.9375,0.21,1.3217,18965.56
13633,-5.0279,50,0,-3.7157,1.9411,0.21,1.3646,18966.93
13634,-4.115,50,0,-3.7053,1.9361,0.21,1.3657,18968.29
13635,-4.5996,50,0,-3.7511,1.9021,0.2,1.4436,18969.73
13636,-3.2916,50,0,-3.7838,1.8655,0.19,1.2378,18970.97
13637,-4.0571,50,0,-3.7791,1.8643,0.19,1.3145,18972.29
13638,-3.8731,50,0,-3.8173,1.8262,0.18,1.255,18973.54
13639,-3.2062,50,0,-3.8153,1.8267,0.18,1.1977,18974.74
13640,-3.5396,50,0,-3.8111,1.8269,0.18,1.2476,18975.99
13641,-4.3423,50,0,-3.8109,1.8268,0.18,1.368,18977.36
13642,-4.3553,50,0,-3.8248,1.8256,0.18,1.2618,18978.62
13643,-3.9734,50,0,-3.8216,1.825,0.18,1.2778,18979.9
13644,-3.1419,50,0,-3.8007,1.8207,0.18,1.1711,18981.07
13645,-0.0115,1,1,-3.8005,1.8212,0.18,0.0251,18981.09
13646,-0.0378,1,1,-3.8008,1.8206,0.18,0.021,18981.11
13647,-4.9815,50,0,-3.794,1.815,0.18,1.1844,18982.3
13648,-5.5173,50,0,-3.8022,1.8209,0.18,1.1947,18983.49
13649,-3.186,50,0,-3.8029,1.8206,0.18,1.1713,18984.66
13650,-3.532,50,0,-3.8378,1.7814,0.17,1.3134,18985.98
13651,-3.7273,50,0,-3.8302,1.7802,0.17,1.4441,18987.42
13652,-0.0468,1,1,-3.8302,1.7801,0.17,0.0259,18987.45
13653,-4.3468,50,0,-3.828,1.7794,0.17,1.3741,18988.82
13654,-4.6554,50,0,-3.8231,1.7764,0.17,1.608,18990.43
13655,-4.9236,50,0,-3.8352,1.7797,0.17,1.3427,18991.77
13656,-2.8271,50,0,-3.8632,1.7413,0.16,1.1674,18992.94
13657,-3.0018,50,0,-3.8435,1.7398,0.16,1.1363,18994.07
13658,-6.489,50,0,-3.8581,1.7557,0.16,1.198,18995.27
13659,-4.8638,50,0,-3.8558,1.7543,0.16,1.1862,18996.46
13660,-4.9502,50,0,-3.9052,1.7144,0.15,1.1005,18997.56
13661,-4.7912,50,0,-3.9064,1.715,0.15,1.1161,18998.68
13662,-4.6988,50,0,-3.8886,1.6974,0.15,1.1533,18999.83
13663,-5.4532,50,0,-3.9052,1.7044,0.15,1.1282,19000.96
13664,-5.2526,50,0,-3.9106,1.7078,0.15,1.1297,19002.09
13665,-5.5269,50,0,-3.9208,1.7144,0.15,1.1561,19003.24
13666,-2.664,50,0,-3.9015,1.7176,0.15,1.1234,19004.37
13667,-0.0482,1,1,-3.8683,1.7592,0.16,0.0209,19004.39
13668,-2.9633,44,1,-3.8447,1.7553,0.17,0.9861,19005.37
13669,-5.1271,50,0,-3.854,1.7596,0.17,1.1486,19006.52
13670,-0.0466,1,1,-3.8095,1.7987,0.18,0.024,19006.55
13671,-4.6668,50,0,-3.8189,1.8006,0.18,1.1187,19007.66
13672,-5.4634,50,0,-3.8735,1.7666,0.17,1.1497,19008.81
13673,-5.2055,50,0,-3.9253,1.7287,0.16,1.1164,19009.93
13674,-0.0304,1,1,-3.8821,1.771,0.17,0.0235,19009.95
13675,-0.0468,1,1,-3.8824,1.7702,0.17,0.0222,19009.98
13676,-2.8803,50,0,-3.8648,1.7714,0.17,1.1546,19011.13
13677,-6.6297,50,0,-3.8674,1.7752,0.17,1.1385,19012.27
13678,-0.0265,1,1,-3.8365,1.8145,0.18,0.0241,19012.29
13679,-3.8584,50,0,-3.8102,1.7948,0.18,1.1272,19013.42
13680,-3.045,50,0,-3.7926,1.7936,0.18,1.1018,19014.52
13681,-6.6865,50,0,-3.7984,1.8019,0.18,1.1039,19015.63
13682,-5.5716,50,0,-3.8094,1.8094,0.18,1.1344,19016.76
13683,-3.9187,50,0,-3.796,1.8036,0.18,1.1172,19017.88
13684,-5.4615,50,0,-3.8397,1.7905,0.17,1.1434,19019.02
13685,-0.0432,1,1,-3.8138,1.8261,0.18,0.0252,19019.05
13686,-5.1104,50,0,-3.8358,1.8283,0.18,1.1416,19020.19
13687,-0.0199,1,1,-3.7884,1.8648,0.19,0.0223,19020.21
13688,-4.0317,50,0,-3.8285,1.826,0.18,1.1164,19021.33
13689,-6.2019,50,0,-3.8443,1.8396,0.18,1.1036,19022.43
13690,-3.0685,50,0,-3.8303,1.8401,0.17,1.1473,19023.58
13691,-0.0078,1,1,-3.7847,1.8774,0.18,0.0223,19023.6
13692,-0.0432,1,1,-3.7295,1.9053,0.19,0.02,19023.62
13693,-3.5638,50,0,-3.7179,1.9027,0.19,1.1386,19024.76
13694,-2.6481,50,0,-3.744,1.8695,0.18,1.1359,19025.89
13695,-0.0482,1,1,-3.6934,1.9001,0.19,0.0201,19025.91
13696,-2.987,43,1,-3.6677,1.8921,0.2,0.9641,19026.88
13697,-0.035,1,1,-3.6246,1.925,0.21,0.0255,19026.9
13698,-5.3322,50,0,-3.648,1.9313,0.21,1.13,19028.03
13699,-0.0408,1,1,-3.6074,1.9638,0.22,0.0235,19028.06
13700,-4.5962,50,0,-3.6091,1.9646,0.22,1.1218,19029.18
13701,-5.2771,50,0,-3.6331,1.9701,0.22,1.112,19030.29
13702,-4.6148,50,0,-3.635,1.971,0.22,1.1168,19031.41
13703,-4.5997,50,0,-3.642,1.9731,0.22,1.1029,19032.51
13704,-4.6013,50,0,-3.64,1.9721,0.22,1.1401,19033.65
13705,-0.037,1,1,-3.5942,2.0018,0.23,0.0233,19033.67
13706,-11.3395,50,0,-3.6565,2.1402,0.23,1.1363,19034.81
13707,-0.0351,1,1,-3.6002,2.1605,0.24,0.0204,19034.83
13708,-5.8916,50,0,-3.6179,2.172,0.24,1.1226,19035.95
13709,-3.1248,50,0,-3.5958,2.1656,0.24,1.1205,19037.07
13710,-3.6194,50,0,-3.6022,2.1647,0.23,1.1601,19038.23
13711,-0.0292,1,1,-3.5658,2.1937,0.24,0.0237,19038.26
13712,-7.8457,50,0,-3.5978,2.2322,0.24,1.1514,19039.41
13713,-5.3021,50,0,-3.6504,2.2096,0.23,1.159,19040.57
13714,-0.038,1,1,-3.6088,2.2379,0.24,0.0201,19040.59
13715,-3.6197,50,0,-3.6121,2.2376,0.24,1.1384,19041.73
13716,-7.792,50,0,-3.6465,2.2749,0.24,1.136,19042.86
13717,-3.6256,50,0,-3.6823,2.2458,0.23,1.1352,19044.0
13718,-5.3075,50,0,-3.6719,2.2357,0.23,1.0906,19045.09
13719,-3.0064,50,0,-3.6489,2.2306,0.23,1.1136,19046.2
13720,-3.8248,50,0,-3.6374,2.2267,0.23,1.1616,19047.36
13721,-5.1176,50,0,-3.6362,2.2259,0.23,1.1041,19048.47
13722,-8.4235,50,0,-3.6733,2.2739,0.23,1.151,19049.62
13723,-6.1195,50,0,-3.6863,2.2841,0.23,1.1241,19050.74
13724,-2.7302,50,0,-3.6761,2.2861,0.23,1.1406,19051.88
13725,-5.3352,50,0,-3.6855,2.2909,0.23,1.1306,19053.01
13726,-1.3218,14,1,-3.6422,2.2943,0.24,0.309,19053.32
13727,-3.6695,50,0,-3.6785,2.2654,0.23,1.149,19054.47
13728,-7.958,50,0,-3.6927,2.2876,0.23,1.1695,19055.64
